{"title": "attentat déjoué : les pro-fillon encensent le \"courage\" de leur candidat", "newspaper": "NouvelObservateur", "author": ["L'Obs"], "date_publi": "2017-04-19", "theme": "Présidentielle 2017", "content": "\"François Fillon a refusé de porter un gilet pare-balles\" lors de son meeting de mardi soir, a dévoilé ce matin Fabienne Sintès sur France Info. Interrogé par la journaliste à ce propos, Jean-Pierre Diot, vice-président de la Fédération française de la garde rapprochée, a concédé que ce gilet peut \"être un inconvénient [...] cela sous-entend qu'on est vulnérable et qu'on n'est plus en position de force pour présenter un programme par exemple\". Ne pas être en \"position de force\" n'est pas une option pour les équipes du candidat, elles n'hésitent donc pas à utiliser cette possible menace pour héroïser l'ex-Premier ministre. Certains éléments laissent en effet penser que François Fillon pourrait avoir été choisi comme cible par les deux suspects arrêtés mardi matin, à Marseille. La découverte la semaine dernière d'un photomontage, montrant l'un des deux suspects, Mahiedine M., avec un fusil mitrailleur et tenant la une du journal \"le Monde\" du 16 mars, titrée \"François Fillon, une campagne à l'heure du soupçon\", a alerté les services de renseignement. Depuis, le candidat Les Républicains a été placé au niveau 2 des personnalités menacées, sur une échelle de 1 à 4 (le niveau 1 correspondant aux personnalités les plus menacées) par l'Uclat, l'Unité de coordination de la lutte anti-terroriste. Loin de vouloir montrer une image de lui  affaibli, François Fillon, lors d'un déplacement à Calais, mardi 18 avril, a ainsi affirmé à BFMTV que cette menace \"ne change strictement rien à l'organisation de [sa] campagne\". Faisant volontairement profil bas, il ajoute :  Un peu plus tôt dans la journée, il avait souligné via Twitter que \"la démocratie ne doit pas plier devant les menaces et les intimidations des terroristes. La campagne doit continuer jusqu'au bout.\" La démocratie ne doit pas plier devant les menaces et les intimidations des terroristes. pic.twitter.com/nznvKeLZ4D Pour ses troupes, ce sont ses positions contre ce qu'il appelle le \"totalitarisme islamiste\" qui font de lui une cible privilégiée. Valérie Boyer, députée LR des Bouches-du-Rhône en a fait l'éloge sur BFMTV :  Lydia Guirous, ex-porte-parole LR et soutien du candidat a, elle aussi, enfoncé le clou via un tweet : \"Les barbares savent qui est le plus déterminé à lutter contre le totalitarisme islamique.\" Les deux suspects comptaient attaquer @FrancoisFillon Les barbares savent qui est le plus déterminé à lutter contre totalitarisme islamique https://t.co/QTLPLuGNsT Questionné par BFMTV sur cette éventualité, François Fillon, intangible, a noté que \"si c'est le cas, cela ne [le] fera pas reculer d'un centimètre carré.\" Lors de son meeting à Lille, hier soir, qu'il \"n'était pas question d'annuler\" selon les organisateurs, le candidat de la droite décomplexée n'a donc pas hésité à mettre en avant ses mesures pour lutter contre le \"totalitarisme islamique\" : \"contrôle administratif serré\" du culte musulman, dissolution de \"tous les mouvements se  réclamant du salafisme ou des Frères musulmans\" ou encore augmentation de 12 milliards d'euros des moyens consacrés à la sécurité, la défense et la justice. Le culte musulman fera l'objet d'un contrôle administratif serré jusqu'à ce qu'il soit fermement ancré dans la République. #FillonLille pic.twitter.com/vAtV1NTbsn Un des référents de François Fillon dans les Bouches-du-Rhône et conseiller municipal LR à Saint-Mitre-les-Remparts a, pour sa part, profité de l'occasion pour attaquer les journalistes qui auraient critiqué \"l'intransigeance de son service de sécurité\". Bref, pendant que Fillon était sous la menace d'un attentat, certains journalistes critiquaient l'intransigeance de son service de sécurité. pic.twitter.com/0C3jg275TY Marlène Thomas ? L'Obs "}