{"title": "attentat de nice : 11 arrestations à nantes et nice", "newspaper": "NouvelObservateur", "author": ["L'Obs"], "date_publi": "2016-12-12", "theme": "Attaque de Nice", "content": "11 hommes ont été interpellés dans l'enquête sur l'attentat du 14 juillet à Nice. La première interpellation a eu lieu vendredi 9 décembre à Nantes, les dix autres ce lundi à Nice. Les personnes interpellées sont soupçonnées d'avoir aidé l'auteur de l'attaque, Mohamed Lahouaiej Bouhlel, à se procurer des armes. Parmi les personnes interpellées figurent notamment des Albanais. Ils pourraient n'avoir pas eu connaissance de l'attentat, mais \"font partie du milieu délictuel de droit commun, notamment des filières d'approvisionnement en armes\", explique une source proche du dossier à l'AFP. Cette même source détaille : Un couple d'Albanais, Artan Henaj et Enkeledja Zace, avait déjà été mis en examen et placés en détention provisoire. Ils étaient soupçonnés d'avoir participé à la fourniture du pistolet avec lequel Mohamed Lahouaiej Bouhlel a tiré sur des policiers avant d'être tué. L'attaque au camion sur la Promenade des anglais a fait 86 morts.  ? L'Obs "}