{"title": "benjamin, rescapé du 13-novembre : \"ce livre concerne mes filles\"", "newspaper": "NouvelObservateur", "author": ["Chloé Pilorget-Rezzouk"], "date_publi": "2017-11-12", "theme": "Nos vies intimes", "content": "Écrire faisait partie de sa reconstruction. Plus qu'une envie, c'était \"un besoin\". Survivant du Bataclan, Benjamin Vial s'est très vite donné pour projet de \"raconter l'après\". Jour après jour, ce Parisien a consigné ses émotions, l'allégement de l'angoisse et de la peur. A ses côtés, il a invité à dialoguer le philosophe Marc Crépon, le chroniqueur rock Philippe Manœuvre ou encore la cofondatrice de l'association Life for Paris, Maureen Roussel. Mais aussi sa psychothérapeute, Rina Nathan, ou son épouse Célia, qui l'accompagnait au concert des Eagles of Death Metal, le 13 novembre 2015.  Sorti jeudi dernier aux éditions Michalon, \"Fragments post-traumatiques\" est le récit, à la charpente originale, d'une reconstruction étape par étape. Nous avons rencontré son auteur autour d'un Perrier citron.\n Ce soir-là, au Bataclan, Benjamin n'a pas été blessé. Sa compagne depuis 13 ans, elle, l'a été légèrement. Dans l'horreur, le couple a pu s'échapper relativement rapidement avant d'être accueilli par des voisins. \"Pour moi, c'est dans l’après que ça a été compliqué\", nous confie l'homme de 45 ans.  Si \"chacun a sa recette pour se reconstruire\", la leur a été de retisser les liens qui s'étaient distendus avec le réel. Autrement dit renouer avec l'extérieur, les proches, recréer des repères et des habitudes. Benjamin est (beaucoup) sorti avec ses amis, a (beaucoup) fait la fête, s'est lancé des défis (petits et grands), s'est abreuvé de livres, de films, de musique et de l'énergie de ses filles... \"Se reconstruire, c'est aussi reconstruire son environnement\", écrit-il, à la fin du livre.  Dans ce chemin mouvementé vers un nouvel équilibre, les angoisses ne sont jamais bien loin. Comme cette fois où il ne monte pas dans le bus, paniqué par la présence d'une femme voilée d’un jilbab. Ou cette autre, où il rebrousse chemin après s'être engouffré dans une station de métro. Reconquérir cette confiance perdue s'accomplit donc pas à pas, \"petite victoire\" par \"petite victoire\". La première fois qu'on visite une exposition, la première fois qu’on retourne à un concert ou qu'on reprend le métro… Le 9 février 2016, Benjamin raconte : Attablé devant nous, cet architecte à l'optimisme inébranlable analyse : \"C'est ça qui m'a fait avancer, de me dire : 'Cette fois, j’ai réussi'. Il n'y pas eu une étape forte dans ma reconstruction. Le 'aller-bien' a été progressif. \" Un 'aller-bien' progressif et fragile, qu'un événement peut venir brutalement ébranler. Si l'attentat de Nice réveille des souvenirs terribles, c'est l’attaque terroriste ayant frappé Londres le 3 juin dernier, qui porte \"un énorme coup\" à Benjamin. Pour des raisons chronologiques, cet épisode ne figure pas dans son récit. Mais le couple, ayant prévu de longue date un week-end avec des amis, aurait dû se trouver ce soir-là dans un restaurant de Borough Market. \"C'était très très troublant\", glisse celui qui, par \"peur de rechuter\", a filé voir sa psy qu'il ne consultait plus.  Pour aller mieux, ce quadragénaire aux yeux clairs a cherché à comprendre ce qu'il avait traversé. Ses échanges avec d'autres victimes, comme les membres de Life for Paris, lui ont permis d'intégrer ce qu'il s'était passé. \"C’était très important pour moi de reconstruire le puzzle. J'avais besoin de me réapproprier ce moment-là, de maîtriser cette soirée-là, même si ce n'est pas possible\", développe-il. La visite du Bataclan, organisée par les associations de victimes le 7 octobre 2016, a participé de ce travail, comme il le décrit dans son ouvrage : Benjamin reconnaît que certaines réponses lui manquent encore : C'est aussi pour inscrire ce qu'il a vécu dans \"quelque chose de plus global, de plus universel\", que Benjamin a choisi de recenser dans son livre toute attaque ou information liée au terrorisme survenue pendant son parcours de reconstruction. A la lecture, l’effet est vertigineux. Il n'existe pas un jour, ou presque, sans qu'un événement soit mentionné. Pour ce Parisien dynamique et \"hyper-connecté\", cette actualité a constitué \"comme un bruit de fond\" dans cette période de sa vie.  Comme beaucoup de rescapés du 13-Novembre, Benjamin a aussi très vite ressenti l’envie de se faire tatouer. \"Pour marquer physiquement dans ma chair cette étape de ma vie que je sais immuable\", écrit-il dans ses \"Fragments post-traumatiques\". En février 2016, il se lance. Ce sera une boule de billard noire, marquée d’un 13 à la place d’un 8. Convoqué dans l’ouvrage à éclairer ce geste, le sociologue David Le Breton répond : De son côté, Benjamin précise : \"Je ne voulais pas oublier, mais je voulais aussi insister sur le côté 'chance'. Car, en un sens, ce soir-là, nous avons eu de la chance avec ma femme.\" La chance d'en sortir vivant, mais aussi de ne pas avoir traversé ça seul. \"Notre couple s'est renforcé parce qu'on a su s'épauler, mais ça aurait pû être l'inverse\", souffle, lucide, celui qui porte tatoué sur chacun de ses bras le prénom de leurs deux filles. Ses filles, justement. \"Ce livre, ça les concerne. C'est aussi l'histoire de leurs parents.\" Les jours suivants l'attaque du Bataclan, \"nous étions complètement déboussolés\", se souvient le père de famille. Alors âgées de 5 et 8 ans, les deux sœurs ont \"un peu été laissées en roue libre\". Dans la journée du 19 novembre, il décrit la réaction violente de la cadette, désemparée : Avec le recul, Benjamin dit : \"C’est un choc énorme pour des enfants de se rendre compte de cette manière que leurs parents sont mortels.\" Celui qui est aussi le fondateur du label Death of Proof Recordings leur a transmis sa passion de la musique. Les deux gamines veulent apprendre à jouer de la guitare électrique. Hier encore, elles le tannaient pour aller au concert de Royal Blood, un groupe de rock britannique. Aujourd'hui, Benjamin va bien. Il a arrêté les médicaments et la psy. Il prend le train sans souci, bien qu'il préfère privilégier la voiture quand c'est possible. Il n'a plus peur dans les cafés ou les salles de concert, et retrouve même ses amis dans les festivals. Avec sa femme, ils sortaient déjà beaucoup avant le 13-Novembre. Depuis, ils le font encore \"plus intensément\". Certains freins demeurent. Il évite l'avion et ne retournera \"jamais\" faire les grands magasins avant Noël, alors qu'il en avait l'habitude. \"Improviser avec des potes, genre : 'On se retrouve et on avise', ce n'est pas possible. J'ai besoin de savoir à l'avance où je vais\", reconnaît-il aussi. Mais quand il se sent d'humeur fragile, il a trouvé sa solution : il ne se force plus. Désormais, ce rescapé de la terreur s'en tient à ce qui lui paraît le plus important, \"prendre plaisir à faire les choses\". La vie, il l'épouse de façon positive. \"On ne peut pas s'arrêter de vivre et de faire ce dont on a envie.\" Encouragé par ses copains, il a d'ailleurs passé son permis moto. Avec ce livre, Benjamin espère échapper à un mot dont il ne supporte plus le poids, \"victime\". Il se voit plutôt comme le \"témoin\" d'un moment de notre histoire. Il veut transmettre \"pour ne pas oublier\", et surtout, être \"utile à quelque chose\" : Chloé Pilorget-Rezzouk Journaliste "}