{"title": "attentat des champs-elysées : xavier jugelé, un policier engagé qui \"protégeait les citoyens\"", "newspaper": "NouvelObservateur", "author": ["L'Obs"], "date_publi": "2017-04-25", "theme": "Terrorisme", "content": "C'était une soirée de travail, comme les autres. Jeudi 20 avril, Xavier Jugelé, jeune policier de 37 ans, était chargé d'effectuer des tours de sécurisation sur l'avenue des Champs-Elysées, pour protéger un centre culturel turc. Il était en pause, dans un fourgon de service avec ses collègues, lorsqu'un assaillant est sorti de son véhicule et les a attaqués. Peu après 21 heures, l'homme identifié comme Karim Cheurfi a ouvert le feu sur les agents, tuant Xavier Jugelé et blessant deux autres passagers.  Un hommage national, mené par le président de la République, François Hollande, lui a été rendu ce mardi 25 avril à la Préfecture de police. Au cours de cette cérémonie, son compagnon, Etienne Cardiles, très ému, s'est adressé directement au policier :  Le jeune homme a poursuivi :   Jeudi soir dernier, c'était l'une des dernières missions de Xavier Jugelé au sein de la 32e compagnie d'intervention de la direction de l'ordre public et de la circulation (DOPC). Le jeune gardien de la paix venait d'organiser son pot de départ et s'apprêtait à rejoindre la police judiciaire. Un poste qu'il avait obtenu grâce à sa maîtrise de l'anglais, qui correspondait aux attentes de la division des relations internationales. Sa mutation devait prendre effet le 2 mai, juste avant son 38e anniversaire. Né d'un père militaire, Xavier Jugelé avait grandi avec son frère et sa sœur dans la petite commune de Romorantin-Lanthenay, dans le Loir-et-Cher. Après avoir terminé sa scolarité à l'Ecole nationale de police de Nîmes, il monte à Paris, là où il effectuera toute sa carrière. Pendant cinq ans, il endosse l'uniforme de gendarme adjoint volontaire, avant de rejoindre la police nationale. Son courage s'était notamment illustré lors de la soirée des attentats du 13 novembre, durant laquelle il était intervenu pour sécuriser la zone du Bataclan, avec la 32e compagnie.  Au sein du service, \"l’ambiance est particulière\", raconte un policier au \"Monde\" .   Interrogés par \"Marianne\", ses collègues, encore sous le choc, parlent d'un policier \"volontaire\", \"serviable\" et \"bon vivant\". Engagé, aussi. Xavier était notamment parti deux fois en mission en Grèce, pour sécuriser les migrants, lors d'afflux migratoires importants en 2015 et 2016.  Pacsé et sans enfants, Xavier était également un membre actif de Flag !, une association de soutien et de défense des policiers et gendarmes LGBT (lesbiennes, gays, bisexuels et transgenres), depuis plusieurs années. Le président de l'association Michaël Bucheron avait partagé son émotion sur Facebook le lendemain de l'attaque, se disant \"bouleversé par la mort de [s]on collègue\". Suite au drame, Flag ! avait décidé d'annuler un de ses événements festifs, le \"Tea Dance Flag\", ajoutant que \"l'association n'avait pas le cœur à la fête\". Comme le relevait le magazine \"Têtu\", Flag ! avait reçu depuis jeudi soir \"beaucoup de messages de soutien, d'émotion et de condoléances\", adressés à l'association et au compagnon de Xavier, Etienne, diplomate au Quai d'Orsay et également membre de Flag !.  D'autres associations de défense des droits des homosexuels ont exprimé leur émotion, après la mort du policier : \"Nous sommes particulièrement émus, parce qu'il était un militant actif en faveur du mouvement LGBT, qu'il partageait nos valeurs et notre cause\", affirme Joël Deumier, le président SOS homophobie, auprès du \"Monde\"  Le président de l'Association des familles homoparentales, Alexandre Urwicz, qui avait rencontré Xavier Jugelé, parle dans le quotidien, d'un homme \"gentil, discret et avenant\". \"Sa mort nous rappelle qu'il y a des homosexuels chez les policiers, les gendarmes, les juges, les médecins\", rappelle le militant avant de souligner : Les syndicats de police avaient également rendu hommage à leur collègue, au lendemain de l'attaque. \"La famille police est une nouvelle fois en deuil, toutes nos pensées vont vers la famille et amis de notre collègue lâchement assassiné\", avait partagé sur Facebook le syndicat Unité SGP Police FO. Alternative Police CFDT avait appelé dans un communiqué, au \"dépôt symbolique d'une fleur sur le lieu de l'attentat\", vendredi matin. A Toulouse, un rassemblement de policiers avait été organisé vendredi soir, pour saluer la mémoire de Xavier.  Le gardien de la paix avait assisté à la réouverture du Bataclan, un an après les attentats du 13 novembre, à l'occasion du concert de Sting. Comme le note sur Twitter le journaliste Nicolas Henin, le policier avait été interrogé par le magazine américain \"People\". Il y déclarait à l'époque : \"Nous sommes heureux d'être là ce soir et de défendre nos valeurs. Ce concert est pour célébrer la vie. Pour dire non aux terroristes.\" Le nom de Xavier Jugele est désormais public. Voici l'extrait de l'article sur la réouverture du Bataclan qui le cite. pic.twitter.com/Mh33gWuIsp Des paroles dont la symbolique résonne plus fortement aujourd'hui. M.C L'Obs "}