{"title": "attentat au camion à stockholm : ce que l'on sait", "newspaper": "NouvelObservateur", "author": ["L'Obs"], "date_publi": "2017-04-07", "theme": "Monde", "content": "Il était un peu moins de 13 heures ce vendredi après-midi lorsqu'un camion a renversé des passants en plein centre de Stockholm. La scène s'est produite à proximité d'un magasin, au croisement d'une grande artère et de la rue piétonne la plus fréquentée de la capitale. Quatre personnes sont mortes et 15 ont été blessées, d'après le porte-parole de la police de Stockholm cité par l'AFP. Deux hommes ont été arrêtés, dont un placé en garde à vue. Présent sur place, un témoin raconte au journal suédois \"Aftonbladet\", qu'il se promenait sur la rue principale lorsqu'un gros camion est sorti de nulle part. \"J'ai alors couru aussi vite que possible pour lui échapper\", confie-t-il. \"J'ai vu des centaines de personnes courir\", abonde Anna, également témoin de cet incident.  Après avoir renversé plusieurs passants, le véhicule a terminé sa course dans un magasin. Des vidéos diffusées sur les réseaux sociaux montrent de nombreux passants tentant de fuir les lieux de l'attentat. Selon \"Aftonbladet\", des témoins auraient également entendu une forte détonation dans les rues.  Ekots reporter fångade kaoset efter att en lastbil kört in i folkmassa i centrala Stockholm https://t.co/i3Ij9rgcW7 pic.twitter.com/0saPOiWuCC Quatre personnes ont été tuées et 15 blessées dans l'attentat au camion bélier, a indiqué la police suédoise. \"Je peux confirmer que quatre personnes sont mortes et 15 ont été blessées\", a déclaré un porte-parole. Un homme arrêté en début de soirée à Märsta, ville du nord de l'agglomération de Stockholm, a été placé en garde à vue dans la nuit, soupçonné d'\"homicide à caractère terroriste\".  Un autre homme a été arrêté à Hjulsta, un quartier populaire de la capitale, mais la police se refuse à confirmer un lien avec l'attentat. Selon la presse, les deux hommes auraient une possible \"connexion\". Le chef du gouvernement suédois Stefan Löfven a réagi peu après l'attaque, affirmant que \"la Suède a été attaquée\" et tout indiquait \"qu'il s'agissait \"d'un acte terroriste\". Le roi de Suède, Carl XVI a également précisé dans un communiqué : \"Nous suivons attentivement l'évolution des événements. Nos pensées vont aux victimes et à leur famille\".  Le camion , à l'effigie de la marque de bière \"Norrlands Guld\" avait été volé \"à l'occasion d'une livraison à un restaurant\", confirme une porte-parole de l'entreprise de transports Spendrups, Rose-Marie Hertzman.   Comme lors de chaque incident majeur, Facebook a activé son Safety check afin que les utilisateurs du réseau social puisse avertir leurs proches qu'ils sont en sécurité. Facebook has activated the safety check for Stockholm: pic.twitter.com/seV6YXx43w La maire PS de Paris, Anne Hidalgo, a annoncé que la tour Eiffel serait éteinte à minuit en hommage aux victimes de l'attaque .@KWanngrd Ce soir, à minuit, la Ville de @Paris éteindra @LaTourEiffel en hommage aux victimes de cet attentat. #Stockholm #NouSommesUnis pic.twitter.com/sXSTUnodis \"Je condamne avec la plus grande fermeté ce nouvel acte terroriste d'une immense lâcheté, qui a une nouvelle fois frappé de façon totalement aveugle et arbitraire\", a déclaré la maire de Paris dans un communiqué. De son côté, le président François Hollande a fait part de \"son effroi et de son indignation\" après l'attaque, soulignant au passage que \"la lutte sans relâche contre le terrorisme doit être une priorité de la solidarité européenne\".  M. C. ? L'Obs "}