{"title": "une étudiante de 19 ans mise en examen pour un projet d'attentat à rennes", "newspaper": "NouvelObservateur", "author": ["L'Obs"], "date_publi": "2018-01-10", "theme": "Terrorisme", "content": "Elle voulait viser des lieux festifs à Rennes. Une jeune femme de 19 ans, étudiante à la Sorbonne à Paris, a été mise en examen le 21 décembre pour association de malfaiteurs terroristes \"en vue de la préparation d'un ou plusieurs crimes d'atteinte aux personnes\", révèle \"le Point\" ce mercredi 10 janvier. Elle a été placée en détention provisoire. Originaire de Toulouse et domiciliée à Epinay-sous-Sénart, dans l'Essonne, l'étudiante a été identifiée par les services antiterroristes alors qu'elle essayait de se procurer une kalachnikov via l'application de messagerie Telegram. Elle a été placée en garde à vue dans les locaux de la Direction générale de la sécurité intérieure, où elle a expliqué être une \"une islamiste convaincue, fière des attentats commis en France\" par le groupe Etat islamique, selon \"le Point\".  Une source proche de l'affaire détaille à l'hebdomadaire :\n\"Effectivement, cette jeune fille vivait en couple et sans signe extérieur de radicalisation, confie une source proche de l'affaire. Elle sortait et avait une vie sociale normale. Elle buvait de l'alcool et participait à des fêtes entre étudiants.\"\n Radicalisée depuis au moins \"deux ans\", la jeune femme aurait choisi de frapper Rennes en raison d'une présence \"moins importante de policiers\" que dans la capitale. Les forces de l'ordre n'ont pas retrouvé d'armes ou d'explosifs chez elle, mais un testament. L'Obs "}