{"title": "\"taskforce\", dgse... les 3 futurs patrons du renseignement français", "newspaper": "NouvelObservateur", "author": ["L'Obs"], "date_publi": "2017-06-07", "theme": "Terrorisme", "content": "La \"taskforce\" antiterroriste était un engagement de campagne d'Emmanuel Macron. Cette structure, dont la création a été annoncée ce mercredi matin par l'Elysée, sera placée au sein de la Coordination nationale du renseignement (CNR), structure déjà existante qui sera elle aussi dirigée par Pierre Bousquet de Florian, ex-numéro 1 de la DST. La nomination de cet ancien conseiller de Jacques Chirac sera actée en Conseil des ministres du 21 juin. L'Elysée a aussi annoncé que sont pressentis pour diriger la DGSI (Direction général de la sécurité intérieure) Laurent Nunez, actuel préfet de police des Bouches-du-Rhône, et Bernard Emié, ambassadeur à Alger, pour prendre la Direction générale des services extérieurs (DGSE).  \n Le nouveau Centre national du contre-terrorisme, au départ une équipe d'une vingtaine de personnes, surtout d'analystes, sera chargé du \"pilotage stratégique des services de renseignement\" pour notamment s'assurer de leur bonne coordination, mais \"en aucun cas de leur direction opérationnelle\", précise l'Elysée. Il devra aussi \"proposer au président des plans d'action concertés sur l'action des services de renseignement\" et \"rendra compte chaque semaine au conseil de défense, où s'élabore la stratégie de lutte contre le terrorisme\". Les trois hommes choisis pour diriger le CNR, la DGSE et la DGSI sont des \"spécialistes de la sécurité, pour certains d'entre eux du renseignement et ont eu l'occasion par le passé de travailler ensemble\", a précisé l'Elysée lors du briefing. \"Il y a une relation de confiance qui existe entre eux.\" Pierre de Bousquet de Florian : Conseil national du renseignement, Centre national de contre-terrorisme  Le \"centre national du contre-terrorisme\" (CNCT) sera dirigé par Pierre de Bousquet de Florian, ex-numéro 1 de la DST sous Jacques Chirac (2002-2007). Préfet proche de la chiraquie, sa carrière a décollé lors de son passage comme conseiller technique à l'Elysée auprès de Jacques Chirac entre 1995 et 1999. Né en 1954, il dirigeait depuis peu le Civipol, société de service et de conseil du ministère de l'Intérieur succède à Yann Jounot. Laurent Nunez : DGSI (Direction générale de la sécurité intérieure)  Bernard Emié : DGSE (Direction générale de la sécurité extérieure)  (FAROUK BATICHE / AFP) Bernard Emié, énarque né en 1958, ambassadeur de France en Algérie depuis 2014, a notamment été conseiller technique et diplomatique de Jacques Chirac à l'Elysée de 1995 à 1998. Il succède à Bernard Bajolet. T. V. L'Obs "}