{"title": "terrorisme : le plan de bernard cazeneuve pour en finir avec la guerre des polices", "newspaper": "NouvelObservateur", "author": ["L'Obs"], "date_publi": "2016-04-19", "theme": "Attentats terroristes à Paris", "content": "Pour être plus efficace en cas d'attentat de masse, Bernard Cazeneuve a un plan : et le ministre de l'Intérieur a présenté lui-même ce nouveau \"schéma national d'intervention\" ce mardi 19 avril, comme il l'avait annoncé lors d'une visite à Orléans vendredi dernier. L'objectif est de mieux coordonner l'action des unités d'élite de la police et de la gendarmerie, le GIGN, le Raid et la BRI et de faire cesser des rivalités mises en lumière après les attentats du 13 novembre à Paris.  Ce schéma, très attendu, a été travaillé ces dernières semaines par les directions respectives des forces de l'ordre. Tout a été fait, selon des sources internes à ces directions, pour \"ne pas froisser les susceptibilités\" et faire taire cette guerre des polices.\n\"L'heure n'est pas à la concurrence des forces, mais a l'unité\", a expliqué le ministre. \"Face à des ennemis déterminés à nous frapper en provoquant le plus de dommages possibles, sans volonté de négocier et dont la propre mort fait partie de la philosophie, de la stratégie, nous avons besoin de forces performantes [...] qui travaillent les unes avec les autres et qui poursuivent les mêmes objectifs\".\n   Après ces annonces place Beauvau, les trois forces devaient se livrer dans l'après-midi à un exercice inédit grandeur nature à la gare Montparnasse à Paris. Le plan de Bernard Cazeneuve prévoit avant tout de faire fi des frontières traditionnelles entre policiers et gendarmes, et donc de revoir leurs zones d'attribution : dans le cadre des opérations ayant trait à des attentats de masse, il n'y aura plus de zones de compétence. Le GIGN, qui compte quelque 400 membres et dépend de la gendarmerie, intervient traditionnellement dans les zones rurales ou semi-urbaines. Le Raid et la BRI (police) se déploient surtout dans les zones urbaines.  Le credo de Bernard Cazeneuve est répété à l'envi et simple sur le papier : les unités doivent être \"rapides\" et \"situées à 20 minutes de distance\" de n'importe quel point du territoire en cas de crise grave ou d'attentat. \"En cas de tuerie de masse, c'est durant les premières minutes que les terroristes font le plus grand nombre de victimes\", a en effet souligné le ministre de l'Intérieur. Pas moins de sept antennes devraient voir le jour : Les effectifs de la BRI (Brigade de recherche et d'intervention), \"l'antigang\" de la préfecture de Paris, seront par ailleurs doublés (passant d'environ 100 à 200). La décentralisation, une solution miracle ? Pour Jean-Louis Fiamenghi, ancien patron du Raid interrogé par RTL, cela risque au contraire d'\"alourdir le dispositif\". \"Avec les problèmes de permanence, vous allez avoir quatre fonctionnaires qui vont avoir pour mission d'intervenir alors qu'ils ne sont pas assez nombreux. Ça ne va pas régler le problème\", estime-t-il. Le schéma de Bernard Cazeneuve prévoit aussi que les compétences des uns et des autres seront prises en compte et actées comme celle, spécifique, du GIGN en matière d'explosifs. Manière de mettre tout le monde \"en ordre de bataille\", selon Beauvau, qui estime ce plan \"concret\" et \"réaliste\". A.R. et T.V. L'Obs "}