{"title": "l'élection présidentielle, cible de daech ?", "newspaper": "NouvelObservateur", "author": ["Renaud Février"], "date_publi": "2017-04-21", "theme": "Attentats terroristes à Paris", "content": "Sous le choc. Encore. Mais cette fois à moins de 72 heures du premier tour de la présidentielle. La France a de nouveau été frappée par une attaque, ce jeudi 20 avril sur les Champs-Elysées. Qualifiée de \"terroriste\" par le président de la République, elle a coûté la vie à un policier. Une version confirmée par le procureur de la République de Paris François Molins, qui a qualifié l'assaillant de \"terroriste\". La section antiterroriste du parquet de Paris s'est d'ailleurs saisie de l'enquête.  \n De son côté, l'organisation terroriste Etat islamique a presque immédiatement revendiqué l'attaque : La nisba (origine) \"al-Baljiki\" dans la revendication d'Amaq #EI n'exprime pas tjrs la nationalité, il a pu vivre en Belgique #ChampsElysees pic.twitter.com/2sXEkIvaq1 Or cette attaque intervient quelques jours seulement après l'arrestation de deux hommes, soupçonnés de préparer un attentat \"imminent\", une attaque d'ampleur, qui semblait viser la campagne présidentielle puisque la DGSI a récupéré une photo, qui aurait été prise par l'un des suspects, sur laquelle figure, aux côtés d'un fusil mitrailleur, d'un drapeau de l'Etat islamique et d'un lot de munitions formant les mots \"la loi du talion\", un exemplaire du journal \"le Monde\" avec une photo de François Fillon. La présidentielle est-elle alors une cible privilégiée pour Daech ?  \"Cela fait un moment qu'on est une cible pour l'Etat islamique. Mais là on observe une montée en puissance, renforcée par les élections, estime Anne Guidicelli, Fondatrice du cabinet de conseil opérationnel en intelligence stratégique TERR(o)RISC, jointe par \"l'Obs\". \"Et nous contribuons tous (médias, politiques, etc.) à cette montée en puissance, en mettant le même vernis 'terroriste' sur des actions qui ne sont pourtant que des actes individuels.\" Plus prudent, Alain Rodier, directeur adjoint du Centre Français de Recherche sur le Renseignement (CF2R), estime lui que la France n'est pas forcément \"plus visée\" qu'il y a quelques mois. Joint par \"l'Obs\", le spécialiste évoque par ailleurs avec beaucoup de précaution l'attaque sur les Champs-Elysées, qu'il ne met pas sur le même plan que l'attentat déjoué en début de semaine, pointant notamment l'étonnante revendication de Daech, très rapide, qui attribue l'attentat à \"Abu Yussef le Belge\", alors que le terroriste présumé était, selon les autorités françaises, un Français de 39 ans, connu des services de police pour des affaires de droit commun, et qui ne semble pas avoir, à première vue, de lien avec la Belgique. Le directeur adjoint du CF2R reconnaît toutefois que, symboliquement, les présidentielles sont évidemment une cible de choix :  \"Je ne crois pas non.\" Pour Alain Rodier, c'est peu probable. Pour lui, le principe même des élections est dénoncé par l'Etat islamique : \"C'est une 'méthode' à laquelle ils ne participent pas, au contraire des Frères musulmans.\" Aucune raison de vouloir l'influencer donc. Pour lui, jamais un attentat n'a influencé une élection : \"On parle souvent des attentats de Madrid de 2004, qui aurait entraîné un changement de gouvernement et, dans la foulée, le retrait des forces espagnoles d'Irak. Mais les électeurs avaient surtout sanctionné les réactions du gouvernement après l'attentat, qui avait violemment accusé… l'ETA.\" Anne Guidicelli ne partage pas cet avis : \"Les djihadistes de Daech considèrent que la démocratie est un truc de mécréants, certes, mais ils savent pertinemment comment on fonctionne, ils ont intégré notre manière de réagir. Et ils s'en servent.\" Alain Rodier n'est pas non plus convaincu qu'un candidat ait réellement été pris pour cible par Daech :  Que Daech cherche ou pas à influencer la campagne, ce qui est sûr c'est que plusieurs candidats tentent, eux, d'instrumentaliser l'attentat déjoué et l'attaque de jeudi soir. Dans un climat exacerbé de fin de campagne présidentielle, ces événements ont immédiatement entraîné des réactions contestables de la part de plusieurs candidats à la présidentielle, Marine Le Pen en tête. La candidate de l'extrême droite avait déjà créé la polémique, en assurant, en début de semaine, qu'avec elle, les attentats n'auraient pas eu lieu. Ce vendredi, elle a estimé que \"tout a été fait pour que nous perdions\" la \"guerre\" contre le terrorisme :  Quelques minutes plus tôt, Bernard Cazeneuve avait pourtant appelé à \"l'unité\"... \"Il nous appartient de ne pas céder à la peur, à la manipulation. Il nous appartient aussi de ne pas céder à la division, encore moins à l'outrance. L'unité, plus que jamais, doit prévaloir\", avait défendu le Premier ministre. Ces récupérations politiques étonnent d'ailleurs Alain Rodier, qui les juge profondément imprudentes : Mais pour Anne Guidicelli, ce n'est pas une surprise. C'est selon elle une manière pour les candidats \"d'afficher une envergure présidentielle\", mais également \"de se différencier\" par rapport à leur concurrent, voire de \"durcir leurs positions\" sur une question qui \"va forcément prendre de l'ampleur dans les jours à venir\". Jusqu'au soir du second tour... R.F.  Renaud Février Journaliste "}