{"title": "gilles kepel : \"le terrorisme, à terme, affaiblira daech\"", "newspaper": "NouvelObservateur", "author": ["L'Obs"], "date_publi": "2016-06-16", "theme": "Attentats terroristes à Paris", "content": "Gilles Kepel anime le séminaire \"Violence et dogme\" à l’École normale supérieure et enseigne à l’Institut d’études politiques de Paris. Il est l’auteur avec Antoine Jardin de \"Terreur dans l’Hexagone : genèse du djihad français\" aux Editions Gallimard.   Qui est Larossi Abballa ? Y a-t-il des points communs entre le meurtre des deux policiers de Magnanville et la fusillade d’Orlando ? La revendication de l’assassinat des deux policiers de Magnanville et celle de l’attentat d’Orlando sont issues de la même agence de presse de l’Etat islamique : A’maq al-Ikhbaria, qui veut dire en arabe \"au plus profond de l’information\". Elle fait référence au web noir, qui échappe à Google.  Mais Larossi Abballa, le meurtrier des deux policiers, était, contrairement à Omar Mateen, en contact avec les mouvements djihadistes. Il avait été emprisonné pour association de malfaiteurs et avait le projet de partir au Pakistan et en Syrie. Il est bien le produit de ce terrorisme réticulaire (en réseau), théorisé par Abou -Moussab al-Souri qui, en 2005, dans \"Appel à la résistance islamique mondiale\", incite les djihadistes à tuer dans un espace de proximité. Une consigne qui sera reprise par le porte-parole de l’EI, Abou Mohammed al-Adnani. L’assassinat du couple de policiers est une mise en œuvre exacte de ces consignes.   Mais avec c L'Obs "}