{"title": "thomas gallay, condamné pour djihadisme au maroc, clame son innocence", "newspaper": "NouvelObservateur", "author": ["Elsa Vigoureux"], "date_publi": "2016-11-18", "theme": "Société", "content": "Six ans de prison. C’est la peine dont a écopé Thomas Gallay, ressortissant français de 36 ans, interpellé en même temps que neuf autres personnes dans le cadre du démantèlement d’une cellule terroriste au Maroc en février. L’ingénieur a été condamné à Rabat le 14 juillet. Sans comprendre. Accusé de \"soutien financier à des personnes en vue de la commission d’actes de terrorisme\", il comparaîtra à nouveau mercredi en appel. Sa mère, Béatrice Gallay, espère alors sortir du \"cauchemar\", de \"toute cette affaire qui est en train de briser (sa) famille et qui ne tient pas debout\".  C’est vrai que les seuls éléments à charge avancés par les autorités marocaines contre Thomas Gallay ne pèsent pas bien lourd. Les autorités marocaines lui reprochent d’avoir donné en tout et pour tout la somme de 70 euros, en trois fois et sur un an, à deux Marocains membres présumés de la cellule terroriste.\n\"C’est vrai, il a aidé son ami qui avait besoin de consulter un dentiste, il l’a dépanné aussi pour finir de payer un loyer. Et à une connaissance de ce copain, il a acheté une planche de surf. C’est ça soutenir Daech ?\"\n L’avocat français de Thomas Gallay, Frank Berton, a alerté le ministre de la Justice Jean-Jacques Urvoas sur la situation de son client par courrier recommandé le 15 novembre : \"Monsieur Gallay a été condamné uniquement sur la base de déclarations devant les services de police judiciaire, bien que les procès-verbaux aient été rédigés en langue arabe, langue qu’il ne sait ni lire, ni écrire, et alors même qu’il les a réfutés devant le tribunal en les qualifiant de faux.\" Des documents qui font \"notamment état de sa conversion à l’Islam, ce qui est totalement faux\". Trois ONG, Amnesty International, Human Rights Watch, et la FIDH, ont pour leur part fait savoir en octobre dernier au chef du gouvernement marocain, Abdelilah Benkirane, et à son ministre de la Justice et des libertés, qu’elles sont \"vivement préoccupées par la question de la pertinence des preuves sur la base desquelles la Cour a prononcé la culpabilité de Thomas Gallay\". C’est à se demander si ce ressortissant français n’est pas plutôt un dégât collatéral des multiples coups de filet qu’enchaîne la police marocaine depuis plusieurs années... Avec 31 opérations depuis 2013, et 152 depuis 2002, le démantèlement des cellules terroristes dans le royaume est devenu le sport quotidien du Bureau central des investigations judiciaires (BCIJ), qui procède aux interpellations par dizaines. Finalement, Thomas Gallay, pris au piège d’un de ces lots, et emprisonné depuis neuf mois, ne paie-t-il pas le fait de \"s’être retrouvé au mauvais endroit, au mauvais moment, et la rencontre de mauvaises personnes ?\", interroge Frank Berton.  Thomas Gallay au mariage d'un ami, à Grenoble en juin 2015. (D.R.) Thomas Gallay est un garçon ordinaire, qui n’a jamais eu affaire à la justice. Un ingénieur en micro-électronique toujours très bien noté par son employeur, une société cotée en bourse, basée à Grenoble, qui compte près de 400 salariés. Il rêvait seulement de travailler à l’étranger, parce qu’il avait gardé la nostalgie de son enfance sur le continent africain, où travaillait son père. Il voulait voir le monde. Son employeur, qui tenait à lui, a accepté en 2014 qu’il travaille depuis l’étranger. Thomas Gallay a choisi le Maroc \"parce que cette destination lui permettait des allers-retours rapides pour le boulot et puis il n’y a pas de décalage horaire, c’était pratique\", raconte Béatrice Gallay. En décembre 2014, elle l’a accompagné. Le jeune homme a d’abord posé ses bagages dans une petite ville à une vingtaine de kilomètres de Casablanca, mais au bout de quatre jours, il était déçu. Il est reparti pour Essaouira. \"Il est allé voir une agence immobilière, où des gens gentils l’ont mis en contact avec un intermédiaire qui travaillait en indépendant, Maalaïne Lassir. Il lui avait dit que ce garçon l’aiderait s’il avait besoin de conseils ou de contacts pour se débrouiller.\" Thomas Gallay a sympathisé, mangé avec lui. La mère de Thomas Gallay raconte : La relation s’est distendue au début de l’année 2015, \"après les attentats en France de 'Charlie Hebdo' et de l’Hyper Cacher\", poursuit Béatrice Gallay. Et il ne l’a plus contacté ensuite qu’une seule fois, alors qu’il s’était mis en quête de l’achat d’une voiture. Le 18 février dernier, la police marocaine a débarqué dans l’appartement de Thomas Gallay, à 6h30 du matin. Perquisition. Garde à vue. Pas d’avocat. Pas de coup de fil pour prévenir la famille. Béatrice Gallay poursuit : Ils contenaient en réalité des aveux dont Thomas Gallay n’a découvert le contenu qu’au moment de sa présentation devant le tribunal. La constitution marocaine exige pourtant que \"toute personne détenue soit informée immédiatement, d’une façon qui lui soit compréhensible, des motifs de sa détention\". Les procès-verbaux révélés lors de la comparution de Thomas Gallay affirment qu’il s’est converti à l’islam en 2014, qu’il soutient l’organisation Etat islamique, qu’il a donné de l’argent à Lassir tout en sachant qu’il était sympathisant de l’EI, et qu’il l’a aidé à produire des vidéos djihadistes… \"Mais tout cela est entièrement faux\", proteste, désemparée, Béatrice Gallay : Incarcéré à la maison d’arrêt de Salé depuis février, Thomas Gallay a formulé trois demandes de libération provisoire. Toutes rejetées. \"Nous n’avons aucun compte à régler avec personne, nous demandons seulement justice, assène sa mère. J'espère aussi que l'Etat français se mobilisera pour le cas de mon fils.\" Et pour un procès équitable. C’est tout l’enjeu de l’audience à venir mercredi, devant la cour d’appel de Rabat. Elsa Vigoureux Elsa Vigoureux Journaliste "}