{"title": "la réussite de la cop21 serait aussi une réussite contre le terrorisme", "newspaper": "NouvelObservateur", "author": ["Pascal Riché"], "date_publi": "2015-11-24", "theme": "Edito", "content": "Les attentats ont-ils tué la COP21 ? L’intérêt de l’opinion publique et des médias pour la grande conférence internationale, qui se tient la semaine prochaine au Bourget était déjà assez modéré. Depuis les attentats, il semble s’être évanoui : à côté de ces massacres monstrueux, concrets, immédiats, tout devient dérisoire, y compris les efforts pour sauver l’avenir de la planète. Les rassemblements sont par ailleurs interdits, état d’urgence oblige. L'idée d'annuler la conférence a même été évoquée. Désintérêt du public, moindres pressions de la société civile, modification des priorités gouvernementales : tout semble se conjuguer pour desserrer la pression sur les dirigeants de la planète, dont on attend pourtant des engagements ambitieux et contraignants.  Car relâcher les efforts, aujourd’hui, serait une fatale erreur. Les chances de parvenir à un succès à Paris sont bien plus élevées qu’il y a 6 ans à Copenhague, pour différentes raisons :   Surtout, le terrorisme et les questions de sécurité en général ne sont pas sans lien avec les changements climatiques. Une grande partie des problèmes géopolitiques actuels découlent de ces derniers, du fait des déplacements de population qu’ils entraînent. Ainsi, on a pu entendre le secrétaire général de l’ONU, Ban Ki-Moon attribuer la crise au Darfour au réchauffement de la région, qui a entraîné une compétition entre nomades et pasteurs sédentaires.\n D’autres experts soulignent même que, parmi les facteurs ayant conduit au \"printemps syrien\" de 2011, la plus grave sécheresse jamais enregistrée dans la région a pu jouer un rôle… Elle a entraîné le déplacement d’un million et demi de personnes, du nord du pays vers le Sud-Est, ce qui n’a pas manquer de créer des tensions économiques, dans des villes déjà éprouvées par des flux de réfugiés palestiniens et irakiens, et de nourrir du même coup l’instabilité d’un pays mal préparé à de tels chocs. On n’en est qu’aux prémices de tels bouleversements : selon les Nations-Unies, des dizaines de millions de migrants chercheront dans les années à venir à fuir la sécheresse du Sahel. Si rien n’est fait sur le climat, le chaos que l’on vit actuellement ne manquera pas de s’aggraver. Et le ressentiment vis-à-vis du principal responsable de ces basculements climatiques, l'Occident, ne manquera pas de monter. Au-delà, la question à laquelle les leaders des pays du monde entier devront répondre la semaine prochaine au Bourget –comment agir pour l'avenir de l'humanité ? - s’applique aussi bien au climat qu’au terrorisme. Réussir la COP21 montrerait que, face à ces défis communs, la planète et ses dirigeants ne sont condamnés ni à la peur, ni à l’impuissance. Pascal Riché Pascal Riché Journaliste "}