{"title": "londres sous le choc de l'attentat : \"nous allons surmonter\"", "newspaper": "NouvelObservateur", "author": ["Marie-Hélène Martin"], "date_publi": "2017-06-04", "theme": "Terrorisme", "content": "D'abord, ce fut le choc. Une fois de plus. L’horreur transportée au coeur de Londres, dans une fourgonnette de location à la portée de tous. Des amis de l’étranger sont venus aux nouvelles par mail. La famille, les plus proches, ont voulu être rassurés tout de suite, via un SMS au milieu de la nuit : \"Tout va bien pour vous ?\". \"Oui, oui, on est chez nous\" \"merci!\". \"Tant mieux. Bonne nuit et bon courage\". Les moins anxieux ont attendu le petit matin pour appeler, le vertige au ventre, en apprenant que des Français – peut-être leurs amis ? – se trouvaient parmi les blessés. La nuit était encore jeune et ils goûtaient ce soir-là, vers Borough Market, le début des beaux jours. Sur London Bridge, des touristes prenaient des photos. Les amateurs de foot commentaient, la pinte à la main, la prestation de Ronaldo contre la Juve. Et soudain, un scénario, hélas trop connu, s'est accéléré.  Des clients de restaurants à plat ventre, des passants sommés de quitter les lieux sans attendre une minute, des policiers sur les dents et des sirènes qui hurlent... et un bilan – il risque encore de s’alourdir – de sept morts; près d'une cinquantaine de victimes soignées sur place puis dans divers hôpitaux.\n Des blessés au couteau, frappés parfois avec acharnement, au hasard, juste parce qu’ils étaient là, prenant du bon temps, un soir doux du début du mois juin. Le lendemain matin, quelques heures plus tard, le métro était à peine moins bondé. A Earl’s Court, il y avait plus de monde, comme à chaque fois que la Circle line fait des siennes. \"Nous sommes tristes, en colère, mais nous allons surmonter ça\", expliquent en coeur Jas et Gavin. Les deux jeunes rentrent d’une nuit arrosée à Camden, mais il leur arrive de sortir le samedi à Borough Market. Ça aurait pu être eux. La mauvaise nouvelle de la nuit les a dégrisé sec mais ils ne baissent pas la tête. \"Nous n’allons pas vivre dans la peur parce que des dingues fanatisés, des types à qui on a lavé le cerveau, ont commis un acte d’une grande lâcheté !\", dit Jas. Lui aimerait que l’on parle de \"crime\", plutôt que d'acte terroriste. \"Nous avons survécu au Blitz, aux attentats de l’IRA\", renchérit Hattie sur le quai du métro. \"La meilleure chose à faire\", dit cette femme d’une cinquantaine d’années, \"c’est de continuer de vivre sans rien céder à ce que nous sommes\". Cette institutrice raconte qu’elle travaille \"avec beaucoup de familles musulmanes, qui sont horrifiées par ce qui passe\".  \"Ça ne me laisse pas indifférente, bien sûr, mais on vit avec\", explique Lorraine, que l’on croise alors qu’elle part voter à vélo pour les législatives françaises – certaines circonscriptions de l’étranger votent plus tôt. Lorraine dit détenir une photo assez spéciale : des amis de France, en visite chez elle, posent devant Westminster avec le policier qui sera poignardé à mort, le 22 mars dernier. Elle raconte qu’elle a toujours beaucoup de visites d’amis venant de France. Après les attentats de juillet 2005, \"ceux qui devaient venir ont annulé\" – des Américains, notamment – \"mais là, non, même avec tout ce qui s’est passé ces derniers mois, ils continuent de vouloir venir\". C’est un peu, suggère-t-elle, comme si on s’habituait  à devoir vivre avec ces actes insensés. De retour de son devoir civique, Catherine, une Française mariée à un Anglais, pense d'ailleurs que \"ça y est, qu’on le veuille ou non, on est dans la banalisation\". Elle évoque un article du criminologue Alain Bauer. Les attaques de London Bridge et Borough Market interviennent à cinq jours des élections législatives; douze jours après celle de Manchester et à quelques semaines celle de Westminster, qui a fait cinq morts. Un autre témoin espère que cela ne va pas \"trop influer sur les élections\" et que \"ça ne va pas trop jouer en faveur de Theresa May\". Tous les Londoniens interrogés par \"l'Obs\" ce jour-là veulent se réjouir de la réactivité des forces de l’ordre. A peine huit minutes après le premier appel signalant la situation d’urgence, les trois assaillants ont été stoppés net par la police. Des arrestations ont eu lieu depuis. Le maire Sadiq Khan a voulu rappeler dans son allocution après les faits que Londres reste l’une des villes les plus sûres du monde, et que le présence policière armée allait être encore renforcée dans les jours à venir.   Par \"des initiatives qui font chaud au coeur\", les Londoniens ont montré leur résilience et combien ils étaient déterminés à ne rien céder à la terreur. Sous le hashtag #SofaForLondon, ils ont voulu offrir un abri et du réconfort à ceux touchés par l’attaque, des chauffeurs de taxis ont réduit le tarif de leurs courses pour raccompagner chez eux des personnes encore choquées par les événements. Comme à Manchester – ou à Paris, au moment de l’attaque du Bataclan –les londoniens ont ouvert leur porte, offert du thé ou un lit aux victimes de la tragédie de la nuit. A Londres, la vie continue : dimanche matin, rapporte la presse britannique, un client de l’un des restaurants visés par les terroristes a voulu traverser le cordon de sécurité pour aller régler sa dette : l’addition qu’il n’a pas pu payer la veille au soir, mais aussi un gros pourboire pour le personnel du Arabica Bar&Kitchen, à Borough Market, qui a tout entrepris pour protéger ses clients. Marie-Hélène Martin, correspondante à Londres Marie-Hélène Martin "}