{"title": "attentat de berlin : anis amri est aussi passé par bruxelles ", "newspaper": "NouvelObservateur", "author": ["L'Obs"], "date_publi": "2017-01-05", "theme": "Terrorisme", "content": "On en sait un peu plus sur la cavale d'Anis Amri, l'auteur présumé de l'attentat de Berlin, qui l'a emmené de Berlin à Milan où il a été tué par les policiers italiens. L'enquête internationale a réussi à préciser qu'Amri avait transité au cours de sa cavale par les Pays-Bas, la France et l'Italie, en empruntant cars et trains, mais aussi par la Belgique où les caméras de surveillance de la gare de Bruxelles-Nord l'ont filmé le 21 décembre vers 19 heures alors qu'il arrivait par train d'Amsterdam. Il serait resté à Bruxelles jusqu'à 21 heures selon le parquet belge, qui ne donne pas davantage de détails.   Ainsi, l'itinéraire se précise de cette manière : \n Peu après l'attentat, le 19 décembre, les enquêteurs allemands savent qu'Anis Amri est passé \"dans la zone de la gare de Zoologischer Garten\", à deux pas du marché de Noël, et qu'il a sciemment adressé à une caméra de vidéosurveillance \"un doigt de tawhid, l'index levé\", selon la porte-parole. Ce geste est devenu un signe largement repris par les adeptes du groupe Etat islamique (EI). On ne sait pas comment il a rejoint les Pays-Bas, mais le parquet néerlandais estime \"avoir un tableau clair des déplacements d'Amri aux Pays-Bas\" le 21 décembre, quand il est arrivé à Nimègue et a pris un train pour la gare centrale d'Amsterdam. \"Tard dans l'après-midi, il est monté à bord d'un train pour Bruxelles et s'est rendu en Belgique\", a-t-il précisé dans un communiqué. Deux jours après l'attaque donc, le 21 décembre toujours, le terroriste présumé est filmé par les caméras de surveillance à la gare de Bruxelles-Nord. Il est arrivé à 19 heures et est reparti vers 21 heures. Un temps, les enquêteurs ont pensé qu'il avait pris un car Flexibus directement d'Amsterdam à Lyon.  Anis Amri est ensuite repéré par les caméras de vidéosurveillance le 22 décembre à la gare de Lyon-Part-Dieu. De là, il gagne Chambéry par train, puis passe la frontière vers l'Italie en direction de Turin. Une source proche de l'enquête a indiqué aux médias français que le jeune homme, apparaissant seul sur les images de caméras de surveillance, a été repéré portant un bonnet et un sac à dos.   Selon les médias italiens, quand Anis Amri arrive en gare de Turin depuis Chambery, il est filmé à deux reprises par les caméras de surveillance alors qu'il cherchait au guichet automatique des renseignements sur les trains partant pour Rome ou Milan. \"Signe qu'il n'avait pas de projet de déplacement précis, il a finalement opté pour un train régional vers la Lombardie, parce qu'à cette heure tardive, il n'y avait plus de train pour la capitale\", a rapporté le quotidien milanais, le \"Corriere della Sera\".   Plusieurs journaux rapportent qu'une fois arrivé à Milan, le 23 décembre vers 2 heures du matin, Anis Amri a croisé un jeune Salvadorien à qui il a demandé \"où il pouvait prendre un train ou un bus pour Rome, Naples ou le Sud\". Sesto San Giovanni, la ville du nord de Milan où il a été tué, est le point de départ d'autocars à destination de l'Espagne, du Maroc, de l'Albanie ou du sud de l'Italie. C'est dans \"le Latium que probablement il avait les contacts les plus étroits\", poursuit le journal qui explique qu'Anis Amri a vécu plusieurs semaines à Aprilia, à une quarantaine de kilomètres au sud de Rome, chez un de ses compatriotes rencontré à Lampedusa et actuellement en prison. Par ailleurs, Anis Amri a blessé le policier à Milan avec la même arme que celle qui a tué le chauffeur polonais du camion utilisé pour l'attaque, a révélé mercredi la police italienne. Une enquête est en cours pour savoir si cette arme a été utilisée \"dans d'autres affaires criminelles, en Italie ou ailleurs\",  a indiqué la police scientifique dans un communiqué. Le Tunisien de 24 ans a donc traversé une partie de l'Europe avec cette arme pour finalement s'en servir et blesser à l'épaule un policier italien avant d'être abattu.  S.D. avec AFP L'Obs "}