{"title": "attentat de berlin : anis amri, un suspect aux visages multiples", "newspaper": "NouvelObservateur", "author": ["L'Obs"], "date_publi": "2016-12-23", "theme": "Terrorisme", "content": "Avant d'être abattu à Milan lors d'un banal contrôle d'identité, Anis Amri, 34 ans, le suspect tunisien de l'attentat au camion-bélier de Berlin le 19 décembre, a connu un parcours chaotique. De petit délinquant et immigré clandestin, il est passé djihadiste prêtant allégeance au groupe Etat islamique, et a fait de l'Allemagne sa cible. Le tout, en changeant de noms - son avis de recherche mentionnait pas moins de six alias - comme de visages. Quand la révolution tunisienne éclate et renverse en janvier 2011 le dictateur Zine el-Abidine Ben Ali, Anis a tout juste 18 ans. Sous le coup d'une condamnation par contumace de quatre ans de prison pour vol et cambriolage, il profite du désordre ambiant, comme des milliers de ses compatriotes, pour prendre la mer en mars et rejoindre la petite île italienne de Lampedusa. Il ment alors sur son âge pour être considéré comme mineur non accompagné et est transféré en Sicile.   L'un de ses frères, Walid, raconte à l' AFP :\n\"Il vivait comme tous les jeunes, il buvait (de l'alcool) (...) il ne faisait ni prière, ni rien du tout.\"\n Outre sa condamnation, \"Anis est aussi parti pour fuir la misère. Il n'avait aucun avenir en Tunisie et il voulait à tout prix améliorer la situation financière de notre famille qui vit en-dessous du seuil de pauvreté comme la majorité des habitants de Oueslatia\" dans le centre de la Tunisie, raconte Abdelkader, son frère. Mais en Italie, il bascule de nouveau dans la délinquance. Arrêté avec des amis pour avoir incendié une école, il écope de quatre ans de prison, au cours desquels il s'est radicalisé, comme le raconte son père - un phénomène classique en Europe.  Selon la \"Stampa\", il est incarcéré en juin 2012 à la prison de Enna. C'est loin d'être un détenu modèle : il fait l'objet de procédures disciplinaires pour abandon injustifié de poste, intimidation de codétenus et attitudes agressives. Il ne bénéficie donc d'aucune remise de peine et est transféré en décembre 2013 dans une autre prison, à Sciacca.  En janvier 2014, il est incarcéré à Agrigente. C'est sans doute dans ce pénitencier qu'il s'est radicalisé, se laissant pousser la barbe, copiant des versets du Coran... Il fait alors l'objet, selon le \"Stampa\", d'un suivi spécial et de nouvelles procédures disciplinaires. Puis il est de nouveau déplacé, en septembre 2014, dans la prison  Pagliarelli de Palerme. Et rebelote en juillet 2015, dans la prison Ucciardone de Palerme, pour \"raisons sérieuses de sécurité\".  A sa libération, la Tunisie refusant de le reprendre, l'Italie lui ordonne de quitter le territoire et il rejoint en juillet 2015 l'Allemagne qui est alors au début du pic de la crise migratoire et verra arriver près de 900.000 demandeurs d'asile fuyant la guerre et la misère. Très rapidement, policiers et procureurs remarquent cet homme de 1,78 m et 75 kilos qui gravite autour de militants djihadistes notoires. Lui-même se retrouve classé \"individu dangereux\" par les services spécialisés de la région de Rhénanie du Nord-Westphalie (ouest). Il est notamment en contact avec un ressortissant irakien de 32 ans, identifié comme Ahmad Abdulaziz Abdullah A. alias \"Abou Walaa\" et considéré par les autorités comme un prédicateur lié au groupe Etat islamique de la mosquée de Hildesheim, bastion pour les salafistes. Ce dernier a été arrêté en novembre avec quatre complices pour avoir monté un réseau de recrutement pour le compte de l'EI, selon le parquet fédéral. Le jeune Tunisien a aussi été observé par la police à plusieurs reprises, notamment le soir de l'attentat et quelques jours plus tôt, entrant et sortant d'une mosquée radicale du quartier de Alt-Moabit de Berlin, selon des médias. Anis Amri a été de mars à septembre l'objet d'une enquête confiée au parquet de Berlin pour \"préparation d'un acte criminel grave représentant un danger pour l'Etat\". Concrètement, il était soupçonné de préparer un braquage pour acheter des \"armes automatiques et probablement ensuite, avec l'aide de complices qu'il voulait trouver, de commettre un attentat\". Les autorités savaient aussi qu'il disposait d'au moins une demi-douzaine d'identités et qu'il circulait librement avec elles en Allemagne. Malgré les filatures de la police, les investigations n'ont pas \"pu confirmer les soupçons initiaux\". L'affaire fut donc classée faute d'éléments suffisants et la surveillance de Anis Amri a cessé en septembre. Selon le parquet de Berlin, rien ne permettait de croire après ces mois de surveillance constante qu'il préparait un attentat. Il considérait plutôt avoir à faire à un adepte de la bagarre et à un petit dealer du Görlitzer Park de Berlin, un espace vert connu des consommateurs de drogues cherchant à s'approvisionner. Mais en novembre la Rhénanie recroise son chemin et le signale de nouveau au centre antiterroriste fédéral. Peu après, il disparaît. Jusqu'au soir du 19 décembre lorsque, selon la police, au volant d'un camion polonais volé il fonce dans un marché de Noël du centre de Berlin, écrasant onze personnes et abattant le conducteur attitré du poids lourd. Une partie de sa famille refuse de croire à cette dérive : Une vidéo diffusée vendredi par l'agence de propagande de l'organisation djihadiste, Amaq, montre pourtant que Anis Mari avait fait allégeance au groupe Etat islamique (EI) L'enregistrement montre le Tunisien faire allégeance au chef de l'EI, Abou Bakr al-Baghdadi. L'homme, qui apparaît debout vêtu d'un manteau sur ce qui semble être une passerelle au dessus d'un fleuve, s'adresse directement à la caméra. Il dit son intention de venger les musulmans victimes de raids aériens et appelle à attaquer les \"croisés\". La date et le lieu de l'enregistrement, qui dure près de trois minutes, ne sont pas mentionnés. Un peu plus tôt vendredi, Amaq avait diffusé un communiqué affirmant que l'homme abattu à Milan par la police italienne était l'auteur de l'attaque de Berlin. Anne-Sophie Hojlo avec AFP L'Obs "}