{"title": "attentat de londres : khalid masood, un parcours semé de zones d'ombre", "newspaper": "NouvelObservateur", "author": ["Natacha Tatu"], "date_publi": "2017-03-26", "theme": "Terrorisme", "content": "A Birmingham, ses voisins du quartier paisible de Winson Green, où Khalid Masood vivait ces dernières années avec sa troisième compagne et un (ou deux) enfants, dans une belle maison de trois étages décrivent un homme religieux et réservé, courtois et serviable, qui s’occupait bien de son jardin. Loin de l'image de l'auteur d'un attentat revendiqué par l'EI. \"Il ne participait pas à la vie sociale du quartier, mais il était toujours très poli\", ajoute une autre.  A moins de cinq kilomètres de là, sur Hagley Road, la principale artère qui traverse Birmingham, séparant les quartiers aisés de la zone, l’appartement situé au dessus d’un petit restaurant iranien, et où Masood aurait passé ses dernières semaines donne sur une méchante cour des miracles. Derrière l’immeuble décrépi de briques rouges, le terrain vague est envahi par les rats. Dans les épaves de voitures abandonnées, des tapis de seringues, de cartons de pizzas, et de cadavres de bouteilles… Le lieu est connu pour servir de refuges à des prostituées, aux dealers et aux junkies. Le pub voisin, un pur concentré de désespoir et de misère sociale. Les stores de l'appartement sont baissés. Quelques minutes avant de foncer sur le pont de Westminster, Khalid Masood a passé un dernier appel vers ce deux pièces où la police a arrêté trois personnes, dont une femme. Tel Jawad, le logeur des tueurs du Bataclan, le patron, propriétaire du petit l’immeuble de deux étages, n’a rien vu et ne sait rien sur ses locataires… \"J’ai confié l’appartement à une agence, je ne m'occupe pas de mes locataires \", répète-il impassible, sous les sourires narquois des voisins. Alors, qui est vraiment Khalid Masood ? Un loup solitaire ou le bras armé d’un réseau organisé ? Un petit délinquant radicalisé ou un pur psychopathe ? Un redoutable expert de la Taqiya, cette pratique qui consiste à dissimuler ses convictions radicales pour tromper l’ennemi, ou un pauvre type qui a \"pété les plombs\" ? Côté face, c’est un professeur d’anglais, voisin modèle et bon père de famille. Côté pile, un ex-consommateur de drogues, dealer de ses heures, un délinquant qui a battu ses compagnes, condamné plusieurs fois pour des attaques au couteau… Les enquêteurs, qui ont lancé un appel à témoins pour tenter de comprendre l’itinéraire et les ressorts de ce terroriste qui s’est, semble-t-il, converti en prison, restent perplexes tant les zones d’ombres dans le parcours de cet islamiste de 52 ans sont nombreuses. Itinéraire de ce docteur Jeckyll et Mister Hyde du terrorisme low-cost. Masood est né dans le Kent le 24 décembre 1964 d’un couple mixte, sous le nom d’Adrian Russel Elms, d’un père non-identifié. Sa mère Janet Elms est une Anglaise de 17 ans, qui va se remarier deux ans plus tard avec Philip Ajao, un Anglais d’origine nigériane, dont le garçon va emprunter le nom. La famille s’installent dans un petit village du Sussex. Avec ses deux demi-frères, aujourd’hui cadres sans histoire, ce sont les seuls petits blacks du lycée. Adrian Elms ne cessera plus, tout au long de sa vie de caméléon, de changer d’identité. A 69ans, sa mère s’est lancée dans la fabrication artisanale de petits coussins ornés de cœurs et de broderies naïves. Son beau-père est gravement malade.     Première condamnation, à 19 ans, suivie de plusieurs autres. Dragueur, fêtard, sportif, Adrian Elms, est populaire, mais contrairement à ses frères, pas franchement bon élève. D’anciens copains cités dans la presse britannique se souviennent d’un garçon charismatique, egocentré, qui nourrit de grandes ambitions et a besoin d’être au centre de l’attention. Il boit, fume du cannabis, touche à la cocaïne, commence à dealer et perd facilement ses nerfs. Ce qui ne l’empêche pas de terminer tant bien que mal sa scolarité et d’obtenir un job de responsable des ventes dans une entreprise chimique de la région. C’est là qu’il rencontre sa première femme, Jane Harvey, qui occupe toujours un poste de responsabilité dans cette entreprise. Après 10 ans de vie commune émaillée de violence et la naissance de deux filles, le couple se sépare. Il n’y alors pas la moindre trace de religion dans son parcours. Mais il a déjà attaqué une victime à coups de couteau après une altercation dans un bar. Après plusieurs condamnations pour violence, troubles à l’ordre public, et actes de délinquances, il est emprisonné après avoir une nouvelle fois attaqué un homme à coups de couteau. C’est là qu’Adrian Elms, se serait radicalisé. Il ne cessera plus, dès lors, de changer de nom et de région. A sa sortie de prison, il s’installe dans le Kent vit avec une jeune musulmane, Farzana Malik, qui s’enfuit peu de temps après après des épisodes violents.   En 2005, doté, selon son CV, d’un diplôme d’apprentissage de l’anglais comme langue étrangère, il part enseigner l’anglais à Djeddah, en Arabie Saoudite à des jeunes ingénieurs de l’aviation Civile. Le séjour est entrecoupé de séjours sporadiques en Angleterre. En rentrant, il adopte le nom de Khalid Masood et continue à travailler comme prof d’anglais dans plusieurs quartiers de l’Est londoniens, avec Rohey Hydara, une troisième compagne originaire avec laquelle il aurait eu un -ou deux- enfants. En 2013, le couple s’installe à Luton, connu pour être un foyer d’islam radical. Masood y aurait notamment fréquente l’imam Anjem Choudary, aujourd’hui emprisonné pour apologie du terrorisme. Il s’installe à Birmingham avec une femme et un enfant. Il cherche du travail, comme enseignant. Sur son CV, il se présente comme \"amical, ouvert, convaincu que l’humour est le meilleur moyen d’encourager les étudiants à travailler\"… Le 21 mars 2017, Masood loue un SUV Hyundai à Spring Hill, pas loin de l’appartement de Hagley Road, où il se serait installé depuis le début de l’année. Il prend une chambre dans un hôtel bon marché de Brighton où il serait déjà passé une semaine plus tôt, et essaye, une nouvelle fois, d’obtenir une ristourne... Amical, il plaisante avec le personnel et des clients, regrettant, selon la presse britannique, que \"Londres ne soit plus ce qu’elle était\", évoque ses \"formidables enfants\" et son père malade. Selon \"The Sun\", sur sa fiche client, un employé note : \"Type sympa\". Le 22 mars, il fonce avec son SUV sur le pont bondé de Westminster, puis attaque au couteau un policier désarmé devant le Parlement : 4 morts et 40 blessés. C’est l’attaque la plus meurtrière à Londres depuis les attentats de 2005, qui avaient causé 52 victimes. Natacha Tatu, envoyée spéciale de \"L'Obs\" à Londres ? Natacha Tatu Journaliste "}