{"title": "bombe artisanale à paris : des suspects radicalisés, une cible surprenante... ce que l'on sait", "newspaper": "NouvelObservateur", "author": ["L'Obs"], "date_publi": "2017-10-03", "theme": "Terrorisme", "content": "Cinq personnes ont été interpellées par les services antiterroristes après la découverte, samedi 30 septembre, de plusieurs bonbonnes de gaz avec un dispositif de mise en feu dans le hall et à l'extérieur d'un immeuble du 16e arrondissement de Paris. Comment l'attentat a-t-il été évité ? Que sait-on des suspects ? Quelle était la cible ? \"L'Obs\" fait le point. L'engin explosif a été découvert pendant la nuit de vendredi 29 à samedi 30 septembre. C'est un résident de l'immeuble visé qui a alerté les secours après avoir aperçu, vers 4h30, deux bonbonnes dans le hall du bâtiment, situé dans le cossu 16e arrondissement de Paris, dans le secteur de la porte d'Auteuil.  Comme l'a indiqué \"le Point\", qui a révélé l'affaire lundi soir, plusieurs tentatives de déclenchement – vaines – auraient été effectuées sur l'engin, selon une source proche de l'enquête. \n Appelée sur place, la police a ensuite découvert deux autres bonbonnes disposées à l'extérieur de l'immeuble, sur le trottoir. Les enquêteurs ont également retrouvé sur place la présence d'hydrocarbures dispersés autour de bonbonnes ainsi qu'un téléphone portable relié à des fils s'apparentant à \"un dispositif de mise à feu\". Cinq personnes d'une trentaine d'années ont été interpellées par les services antiterroristes en région parisienne et notamment dans les communes de l'Essonne d'Arpajon et Draveil. Les suspects étaient toujours en garde à vue ce mardi à la mi-journée, selon une source proche de l'enquête. Parmi elles, \"certaines sont connues des services spécialisés pour leur appartenance à la mouvance radicale\", a-t-elle précisé, sans plus de détails.  Les enquêteurs s'interrogent sur le choix de cet immeuble d'habitation dans un quartier calme de la capitale comme cible éventuelle. Des analyses techniques doivent être réalisées. \"A ce stade, il n'y a aucun élément qui permette d'expliquer le choix de cette adresse\", relève une source proche de l'enquête. \"Est-ce que faire sauter un immeuble dans un quartier chic de Paris, c'était pas un signe que personne n'est en tranquillité et que cela ne se passe pas simplement dans la banlieue et les quartiers un peu populaires mais que cela peut se passer partout en France ?\", s'est demandé Gérard Collomb, peu rassurant. Dans le quartier où ont été découvertes les bonbonnes, les questions sont tout aussi nombreuses. \"C'est une chance inouïe\" que les bonbonnes n'aient pas explosé, a déclaré une habitante de l'immeuble, qui n'a \"pas dormi depuis samedi\". \"Evidemment ça m'étonne, c'est un quartier très calme\", souligne Alain, un habitant de l'immeuble visé. \"Il y avait de l'essence qui avait été répandue sur tous les escaliers\", raconte-t-il : \"Ça n'a pas explosé mais c'était fait pour que tout saute.\" La section antiterroriste du parquet de Paris a ouvert une enquête de flagrance pour \"association de malfaiteurs terroriste criminelle\", \"tentative de destruction par un moyen dangereux en relation avec une entreprise terroriste\" et \"tentatives d'assassinats en relation avec une entreprise terroriste\". Les investigations sont confiées à la section antiterroriste de la brigade criminelle de la préfecture de police de Paris et à la direction générale de la sécurité intérieure (DGSI). \"Les bonbonnes, l'essence, le dispositif de mise à feu, tout cela montre quelque chose de sophistiqué, d'abouti\", a souligné une source proche de l'enquête. R.F. (avec AFP) L'Obs "}