{"title": "attentat de nice : mohamed lahouaiej bouhlel ou le \"terrorisme de proximité\"", "newspaper": "NouvelObservateur", "author": ["Paul Laubacher"], "date_publi": "2016-07-18", "theme": "Attaque de Nice", "content": "Pour le procureur de Paris, François Molins, il n'y a pas de doute. Ce qu'il s'est passé à Nice, le 14 juillet, est un acte de terrorisme. Mais un acte d'un nouveau genre : le \"terrorisme de proximité\". Lors d'une conférence presse, lundi 18 juillet, le procureur de Paris a confirmé la préméditation de l'attentat qui a fait 84 victimes sur la Promenade des Anglais. François Molins a aussi levé une partie du voile sur la personnalité de Mohamed Lahouaiej Bouhlel, attiré par l'ultra-violence et l'organisation terroriste Etat islamique, dans les tous derniers jours de sa vie. François Molins a confirmé que Mohamed Lahouaiej Bouhlel avait prémédité son acte. Il y a d'abord l'historique de la location du camion frigorifique : Grâce à la vidéosurveillance de la ville de Nice, les enquêteurs ont pu retracer le parcours du tueur les jours précédents l'attentat. Le 12 juillet à 6 heures, Mohamed Lahouaiej Bouhlel au volant du véhicule traverse la ville de Nice. Les images des caméras permettent de voir qu'il s'est arrêté devant l'hôtel Negresco, en mettant les warning. Le tueur est à nouveau repéré le 13 juillet, en faisant le même parcours.  Mohamed Lahouaiej Bouhlel a bien pris soin de documenter ses repérages. Sur son téléphone, les enquêteurs ont retrouvé plusieurs photos et selfies de l'homme sur la Promenade des Anglais. Certaines datent du 12 juillet. Le 14 juillet, il a pris plusieurs seflies à 13h43, à 16h02, à 16h42. Mohamed Lahouaiej Bouhlel se prend une dernière fois en photo sur la Promenade des Anglais à 19h25. Une autre photo, qui n'est pas un selfie ni une photo de la Promenade des Anglais, a interpellé les enquêteurs. Mohamed Lahouaiej Bouhlel photographie un article de \"Nice-Matin\" datant du 1er janvier 2016 titré : \"Il fonce volontairement sur la terrasse d'un restaurant\". Le procureur de Paris a aussi révélé ce que les enquêteurs ont pu trouver en analysant les recherches internet du tueur de Nice.  Mohamed Lahouaiej Bouhlel a recherché des informations sur les festivités du 14-Juillet à Nice et l'organisation des feux d'artifice. Il a aussi fait des recherches avec les phrases suivantes : \"horrible accident\", \"terribles accident mortel\" et \"vidéo choc âmes sensibles s'abstenir\".  Mohamed Lahouaiej Bouhlel avait un \"intérêt certain\" mais \"récent\" pour la \"mouvance islamiste radicale\", déclare François Molins. C'est l'analyse de l'ordinateur du tueur qui a mené les enquêteurs à cette conclusion. Différents témoignages permettent de comprendre la personnalité de Mohamed Lahouaiej-Boulhel : il n'était pas religieux, était violent et avait une sexualité débridée. \"Il mangeait du porc et buvait de l'alcool\". Toutefois : François Molins précise que Mohamed Lahouaiej Bouhlel avait fait des \"recherches quasi quotidiennes de sourates du Coran\". Des photos de \"cadavres en lien avec l'islam radical\", sur les fusillades d'Orlando et de Dallas, l'attaque de Magnanville, de Ben Laden et de Mokhtar Belmokhtar, ont été retrouvées dans son ordinateur.   Pour l'instant, il n'y a pas de connexion directe entre Mohamed Lahouaiej Bouhlel et l'Etat islamique, ni aucune allégeance à l'organisation terroriste. Pour François Molins, il existe donc aujourd'hui deux types de terrorisme : celui où les attentats sont organisés par des personnes entraînés en Syrie et le \"terrorisme de proximité\". Les terroristes qui pratiquent ce dernier ne sont pas entraînés et n'ont jamais été en contact avec l'EI.  Selon le procureur de Paris, c'est la personnalité perturbé de Mohamed Lahouaiej Bouhlel, fasciné notamment par l'ultra-violence, qui a permis une radicalisation très rapide du tueur.  Mais François Molins veut être clair : \"Il y a bien une volonté de provoquer la terreur. C'est donc un acte terroriste.\" Paul Laubacher ? Paul Laubacher Journaliste "}