{"title": "le journaliste français loup bureau écroué en turquie : \"une volonté d'intimidation\"", "newspaper": "NouvelObservateur", "author": ["L'Obs"], "date_publi": "2017-08-03", "theme": "Monde", "content": "Depuis le 1er août, le journaliste français Loup Bureau est placé en détention dans une prison turque. Le jeune homme a été arrêté, la semaine dernière, à un poste frontière contrôlé par les miliciens kurdes syriens des Unités de protection du peuple (YPG). Après avoir passé cinq jours en garde à vue, il a été incarcéré dans la ville de Sirnak, dans le sud-est à majorité kurde de la Turquie. Ce journaliste collaborateur de TV5 Monde est accusé de \"terrorisme\" par le gouvernement turc pour avoir rencontré des Kurdes lors de ses reportages.   Lors de son arrestation, les autorités turques ont retrouvé dans les affaires du jeune homme, qui se présente sur son compte Twitter comme un étudiant en journalisme, des photographies et des interviews réalisées avec des combattants kurdes du PKK.  Selon l’agence de presse turque Anadolu, Loup Bureau détenait également une vidéo intitulée \"Liste de distribution d'armes\"...  \n Il y a trois ans, Loup Bureau avait également réalisé un un reportage consacré aux miliciens kurdes des YPG diffusé par TV5 Monde et reproduit sur sa page sur le site de partage de vidéo Vimeo.  Le 1er août, le journaliste a été présenté devant un tribunal de Sirnak, la capitale provinciale. Il a ensuite été placé en détention pour \"assistance présumée à une organisation terroriste\".  Le gouvernement turc voit les miliciens de l'YPG comme une extension des séparatistes du Parti des travailleurs du Kurdistan (PKK), qui opère dans le sud-est du pays. Ces combattants kurdes sont considérés par la Turquie, mais aussi par les Etats-Unis, comme une organisation terroriste. A la suite de l'annonce de la détention du journaliste, le ministère des Affaires étrangères français a déclaré à l'AFP :  \"On lui reproche d’avoir essayé de faire son travail, d’avoir couvert la question kurde qui est une question majeure au Proche-Orient\", explique Johann Bihr, responsable du bureau Europe de l'Est-Asie centrale de Reporters sans Frontières (RSF), au micro de France Info. \"C’est malheureusement quelque chose de courant, voire de systématique en Turquie, d’être accusé de terrorisme, lorsque l’on s’attache à ce genre de sujets\". \"Il y a une volonté d'intimidation\" des journalistes de la part des pouvoirs turcs. \"La Turquie est la plus grande prison du monde pour les journalistes, avec plus de 100 confrères derrière les barreaux\", ajoute-t-il. RSF \"appelle les autorités turques à le remettre en liberté au plus vite\" et \"attend de l’Union européenne et de ses pays membres une attitude beaucoup plus ferme et beaucoup plus claire sur la répression à laquelle on assiste en Turquie\". Détention du journaliste français @LoupBureau en Turquie : \"On lui reproche d’avoir essayé de faire son travail\" https://t.co/KmjRQOGlEB Une triste affaire qui n'est pas sans rappeler celle de Mathias Depardon. Ce photojournaliste français avait été arrêté dans le sud-est de la Turquie, en mai dernier. Les autorités turques le soupçonnaient également d'avoir fait de la \"propagande terroriste\" pour le compte du PKK pour avoir diffusé sur les réseaux sociaux des photos prises au cours d'un reportage. Une importante mobilisation avait permis au journaliste d'être libéré et expulsé du pays un mois après sa détention.   Les organisations de défense de la liberté de la presse dénoncent des atteintes régulières commises par les autorités turques à l'encontre des journalistes. Une situation alarmante, qui s'est aggravée depuis la tentative du coup d'Etat du 15 juillet 2016. La Turquie occupe la 155e place sur 180 au classement 2017 de la liberté de la presse établi par RSF. C.G (avec AFP) L'Obs "}