{"title": "allemagne : l'agent du renseignement préparait un attentat", "newspaper": "NouvelObservateur", "author": ["Jean-Frédéric Tronche"], "date_publi": "2016-11-30", "theme": "Monde", "content": "Le ver était dans le fruit. Amer constat pour les responsables de la sécurité intérieure en Allemagne avec la découverte d'un terroriste en puissance dans leurs rangs... L'homme préparait un attentat contre le siège des services de renseignement, dans l'Ouest de l'Allemagne (en Rhénanie-du-Nord-Westphalie) pour lesquels il travaillait, selon deux médias allemands. Des révélations très embarrassantes pour l'Office fédéral de protection de la Constitution - le renseignement intérieur allemand. Sise à Cologne, la centrale de cette entité, appelée en allemand \"Bundesamt für Verfassungsschutz\" (BfV), doit pourtant bien reconnaître qu'elle \"est parvenue à démasquer un islamiste présumé parmi ses collaborateurs.\"  Des aveux auquel le BfV pouvait difficilement échapper après les révélations de l'hebdomadaire \"Der Spiegel\" et du quotidien \"Die Welt\". Selon ce dernier, l'agent double présumé aurait mentionné lors de son interrogatoire un projet d'attentat  à l'explosif \"au nom d'Allah\" visant la centrale de renseignement. \"Die Welt\" précisant toutefois que ce coup dur destiné à toucher le système de sécurité intérieure en plein cœur, et donc à prouver leur faiblesse aux Européens, n'était pas entré dans sa phase préparatoire concrète.\n Installée dans le quartier de Volkhoven/Weiler à Cologne, la centrale admet dans un communiqué : Une porte-parole de l'Office précise qu'il lui est \"reproché d'avoir, sous un faux nom, tenu sur internet des propos islamistes et d'avoir proposé lors de tchats des informations internes\". Un comble, car cet homme était notamment chargé de surveiller la scène islamiste allemande, à savoir quelque 9.200 radicaux selon l'Office, avec un noyau dur de 1.200 personnes susceptibles de commettre des attentats. Le suspect aurait proposé via internet des \"informations sensibles sur l'Office\", qu'il aurait notamment noyauté dans ce but. L'agence de presse allemande DPA ajoute que l'individu a indiqué avoir aussi infiltré les renseignements afin de chercher \"à prévenir des coreligionnaires d'éventuelles enquêtes\" dirigées contre eux. Un homme presque ordinaire - ancien employé de banque et père de famille - qui avait échappé à la vigilance de son employeur censé être les oreilles et les yeux de l'Allemagne. Alors qu'il avait rejoint le renseignement en avril dernier, il a attiré l'attention de sa hiérarchie il y a environ un mois, selon \"Der Spiegel\".  Le magazine ajoute que sa famille n'était même pas au courant de sa conversion... alors qu'il aurait prêté allégeance au prédicateur salafiste berlinois Mohamed Mahmoud, qui a rejoint depuis les rangs de l'EI en Syrie. Si la porte-parole de l'Office a éludé les soupçons d'attaque, se bornant à indiquer qu'il n'y avait pour l'instant \"aucun élément attestant un danger concret pour la sécurité de l'Office ou pour ses collaborateurs\", un mandat d'arrêt a bel et bien été délivré à l'encontre du suspect. Lequel a été placé en détention. Le parquet de Düsseldorf a été chargé de l'enquête pour \"préparation d'un acte grave menaçant la sécurité de l'Etat\". Mais le parquet fédéral de Karlsruhe, compétent pour les affaires de terrorisme, n'était pas saisi mardi soir, signe que le suspect n'était pas considéré comme réellement dangereux. L'enquête se poursuit, même si pour l'heure rien n'étaye l'hypothèse d'un attentat, a déclaré son porte-parole, Ralf Herrenbrück, cité par DPA.   J.-F.T. (avec AFP) Jean-Frédéric Tronche Journaliste "}