{"title": "loi sur le renseignement : lutte contre le terrorisme ou surveillance des masses ?", "newspaper": "NouvelObservateur", "author": ["Boris Manenti"], "date_publi": "2015-04-14", "theme": "Politique", "content": "L'examen du projet de loi sur le renseignement a débuté, lundi 13 avril à l'Assemblée nationale. Tandis que les critiques ne faiblissent pas, le député socialiste Jean-Jacques Urvoas, rapporteur du texte, a adressé aux parlementaires de la majorité une notice, rapporte le site spécialisé Next Inpact.  Ce qu'on y trouve ? Une compilation des arguments en faveur du projet de loi, et autant d'éléments de langage fournis aux parlementaires pour convaincre leurs collègues. Exemple : face à l'argument de la mise en place d'une surveillance de masse, Jean-Jacques Urvoas affirme qu'il s'agira plutôt \"d'une surveillance limitée à quelques individus qui présentent une menace avérée au regard de motivations sérieuses\".  Qu'à cela ne tienne. \"L'Obs\" saisit l'occasion pour se pencher sur le langage utilisé dans le cadre de ce projet de loi. Grâce à l'outil d'analyse sémantique Tropes, il est possible de faire ressortir les notions phares des différents textes. Tous évoquent le terrorisme, la sécurité et l'insécurité. Mais pas dans les mêmes proportions. Au final, il apparaît que le projet de loi vise à encadrer l'ensemble des pratiques des services de renseignement, et pas seulement la lutte anti-terroriste.\n La note de Jean-Jacques Urvoas se penche particulièrement sur les \"conflits\" (19 occurrences liées), la \"sécurité\" (17 occurrences liées), le \"contrôle\" (16 occurrences liées) et l'\"agressivité\" (10 occurrences liées). Les termes employés exacerbent la \"violence\" (8 utilisations), mais aussi le \"terrorisme\", l'\"insécurité\" et la \"police\" (6 répétitions chacun). En matière d'adjectifs, le député insiste sur un projet de loi \"nécessaire\" (5 répétitions) et \"absolu\" (4 utilisations). De leur côté, les différents articles du projet de loi insistent sur les notions de \"contrôle\" (55 occurrences liées), de \"sécurité\" (52 occurrences liées), de \"renseignement\" (94 occurrences\") et de \"technique\" (76 occurrences). En revanche, le \"terrorisme\" n'est évoqué qu'à cinq reprises, tout comme la \"protection\". Côté verbes, \"collecter\" surpasse ainsi largement \"protéger\" avec 15 utilisations, contre 3. Même constat face à l'introduction du texte : la \"sécurité\" (44 occurrences liées) et le \"renseignement\" (50 occurrences) tiennent le haut du panier. Dans le détail, le \"terrorisme\" est évoqué à 8 reprises, tout comme l'\"insécurité\". \n\n L'étude d'impact du gouvernement, beaucoup plus longue, se positionne plutôt comme le projet de loi : les termes utilisés renvoient essentiellement à la \"sécurité\" (423 occurrences liées), au \"conflit\" (233 occurrences liées), et au contrôle (228 occurrences liées). Les termes \"surveillance\" et \"terrorisme\" sont respectivement répétés 87 et 56 fois. Pourquoi un tel écart entre l'évocation aussi importante du \"terrorisme\" dans les textes explicatifs du projet de loi, mais pas dans celui-ci directement ? Simplement parce que la lutte anti-terroriste ne constitue qu'un des sept volets de la loi : la sécurité nationale, les intérêts essentiels de la politique étrangère, les intérêts économiques ou scientifiques essentiels, la prévention du terrorisme, la prévention de la reconstitution ou du maintien de groupement dissous, la prévention de la criminalité organisée, et la prévention des violences collectives pouvant porter gravement atteinte à la paix publique. Pour plusieurs associations, plaider l'urgence de la menace terroriste ressort comme l'élément de langage central du gouvernement pour faire passer la pilule d'un texte qui ouvre le champ de la surveillance bien au-delà du seul terrorisme. Boris Manenti Boris Manenti Journaliste "}