{"title": "\"dialogue citoyen\" : qui sont les 4 français qui vont interroger françois hollande ?", "newspaper": "NouvelObservateur", "author": ["L'Obs"], "date_publi": "2016-04-14", "theme": "Politique", "content": "L'heure du grand oral a sonné pour François Hollande. A près d'un an de l'élection présidentielle, le chef de l'Etat se plie à l'exercice du face-à-face avec un panel de Français, en direct du musée de l'Homme. Lors de l'émission \"Dialogues citoyens\", diffusée jeudi 14 avril à partir de 20h15 sur France 2, le président de la République sera questionné, une heure durant, par quatre citoyens : un électeur du Front national, la mère d'un djihadiste décédé en Syrie, une patronne de PME et un étudiant adepte de \"Nuit Debout\". Quatre profils sélectionnés pour \"leur implication\" et leur \"capacité à représenter la société civile et les préoccupations des citoyens\", selon un porte-parole de France Télévisions. Portraits.    Antoine Demeyeur est chauffeur de car dans le Nord de la France. Ancien sympathisant socialiste, l'homme de 35 ans, désillusionné, décide il y a dix ans de porter son choix vers le Front national. Habitant Anor, dans l'Avesnois, ce père de famille est choqué par la désindustrialisation qui mine sa région et par l'impuissance des hommes politiques face à l'affluence de migrants qui peuplent la jungle de Calais. Selon lui, l'Union européenne est la principale responsable de ces maux.\n\"Aujourd'hui, j'ai l'impression que ce sont les autres pays qui décident. Ce que je voudrais faire comprendre [à François Hollande], c'est qu'on est en France, qu'on est la France, pas Bruxelles, pas la Grèce, pas les Etats-Unis\", s'indigne le chauffeur dans un reportage diffusé le 13 avril pendant le journal télévisé de France 2.\n Il juge François Hollande complice de Bruxelles et fustige l'immobilisme du chef de l'Etat : \"A chaque fois qu'il intervient, il nous dit 'je vous ai compris' mais il n'y a rien qui change et c'est de pire en pire.\" En décembre 2015, à l'occasion des élections régionales, Antoine Demeyeur avait déjà fait part de son exaspération des les colonnes de \"la Voix du Nord\" : \"On doit protéger la France. On est en train de tout faire pour la détruire. La France est malade. On a essayé tous les traitements, ça ne marche pas. Il faut en essayer de nouveaux.\"  Le fils de Véronique Roy, Quentin, a rejoint les troupes de l'Etat islamique en Syrie en septembre 2014. En janvier 2016, cette mère reçoit un SMS laconique : \"l'Etat islamique se construit avec le sang des martyrs\", signal que son enfant de 23 ans est décédé. Depuis ce drame, Véronique Roy n'a de cesse d'alerter sur les dangers de la radicalisation. Elle a participé à la campagne de lutte gouvernementale contre l'embrigadement islamiste : \"Stop djihadisme\".  En mars dernier, Véronique Roy et son mari ont adressé une lettre ouverte au maire de Sevran, la commune dans laquelle ils résident depuis 1991. Six jeunes de cette ville de Seine-Saint-Denis auraient trouvé la mort en Irak ou en Syrie. Les parents de Quentin se déclarent dans leur lettre \"indignés de l'immobilisme\" de l'édile face à la présence de \"recruteurs\" de Daech dans leur ville. Le couple a même menacé de porter plainte contre leur maire, Stéphane Gatignon, pour \"non-assistance à personne en danger\". \"Je ne prétends pas être une victime\", confie la mère de Quentin au journal suisse \"Le Temps\" :  Anne-Laure Constanza a fondé en 2006 Envie de fraise, la première boutique en ligne de vêtements pour femmes enceintes en France. Sa PME de 35 salariés prospère d'année en année. En 2015, l'entreprise a enregistré 50% de croissance par rapport à 2014. La chef d'entreprise a même exporté son concept au Royaume-Uni, en Allemagne, en Italie et en France. Mais malgré ces bons résultats, la patronne d'Envie de fraise affirme \"avoir l'impression de courir un marathon avec dix kilos aux pieds.\" Celle qui a voté pour Nicolas Sarkozy en 2012 dit ne pas se retrouver dans la politique de François Hollande malgré les aides proposées aux entreprises.  \"Aujourd'hui, la principale difficulté c'est de croître\", témoigne Anne-Laure Constanza dans un reportage diffusé par France 2. La jeune femme souhaite alerter le président sur la nécessité de \"libérer l'emploi\". \"Le rêve des employeurs, ce n'est pas de licencier, c'est de recruter facilement\", martèle-t-elle.  Etudiant en école de commerce, à Audencia, à Nantes, Marwen Belkaid se revendique \"de gauche\". Son profil Twitter le décrit d'ailleurs \"A bâbord\". Pour autant, ce participant de la première heure aux rassemblements de \"Nuit debout\" se montre très vindicatif vis-a-vis du gouvernement. \"La 'Nuit Debout' n'est qu'un début\", avertit l'étudiant sur son blog \"La plume d'un enfant du siècle\" le 1er avril. Marwen Belkaid se félicite de voir éclore un rassemblement qui condense \"toutes les luttes : des salariés précaires aux étudiants angoissés, des chômeurs embourbés dans la fange de la pauvreté aux retraités qui peinent à survivre\".  \"Plus rien ne sera comme avant\", met en garde le jeune homme, \"que les Hollande, Valls, Macron et tous les dirigeants de tous bords l'entendent bien.\" Sur son blog, Marwen Balkaid, qui se plaît à citer Camus, Hugo ou Jaurès, multiplie les commentaires acerbes contre la politique du gouvernement. Après avoir dénoncé l'\"insupportable paternalisme à propos du voile\" dans un post daté du 6 avril, l'étudiant publie cinq jours plus tard un \"plaidoyer pour des cours d'histoire des religions\".  Au lendemain des attentats du 13 novembre, le jeune homme de confession musulmane avait rédigé un texte, relayé par le \"Huffington Post\" dans lequel il se disait \"fatigué et apeuré\" :  François Hollande saura-t-il, face à ces attaques, raison garder ? Maïté Hellio L'Obs "}