{"title": "projet d'attentat déjoué : un homme de 33 ans mis en examen à paris", "newspaper": "NouvelObservateur", "author": ["L'Obs"], "date_publi": "2018-01-20", "theme": "Terrorisme", "content": "Un homme de 33 ans, soupçonné de préparer un attentat et qui avait prêté allégeance au groupe Etat islamique dans une vidéo, a été mis en examen samedi par un juge antiterroriste à Paris et écroué, indiquent des sources proches de l'enquête et judiciaires.   Inconnu des services, l'homme avait été interpellé mardi dans la région de Nîmes (Gard) par la Direction générale de la sécurité intérieure (DGSI). Des produits pouvant servir à confectionner des explosifs ont été retrouvés, mais aucune cible précise n'a été identifiée, selon ces sources.\n\"Il s'agit du premier attentat déjoué depuis le début de l'année par la DGSI, a déclaré une source proche de l'enquête.\n L'homme, a priori sans antécédents judiciaires, a été mis en examen samedi à Paris pour \"association de malfaiteurs terroriste criminelle\" et placé en détention provisoire, selon une source judiciaire. Selon \"les premiers éléments de l'enquête, il nourrissait le projet d'un passage à l'acte violent\", a-t-elle ajouté. Au cours des perquisitions, des \"produits pouvant servir à la confection d'explosifs, un engin potentiellement explosif (un tube rempli de poudre) et un système de mise à feu ont été saisis\", selon cette source. Plusieurs vidéos, tournées entre l'été et la fin de l'année, ont également été retrouvées. Dans l'une d'entre elles, le suspect prêtait allégeance au chef de l'EI Abou Bakr Al-Baghdadi, avec le drapeau noir de l'organisation en fond. En 2017, vingt attentats ont été déjoués en France, a affirmé début janvier le ministre de l'Intérieur, Gérard Collomb.   (avec AFP) L'Obs "}