{"title": "attaque de berlin : angela merkel à son tour en proie au doute", "newspaper": "NouvelObservateur", "author": ["Sarah Halifa-Legrand"], "date_publi": "2016-12-20", "theme": "Monde", "content": "Depuis lundi soir, tous les regards sont tournés vers Angela Merkel. Elle qui a ouvert les portes de l'Allemagne à près de 900.000 demandeurs d'asile en 2015. Elle qui, après les agressions sexuelles du 31 décembre à Cologne et après les premiers attentats revendiqués par l'Etat islamique qui ont frappé le pays au cœur de l'été, a toujours refusé d'établir un lien entre sa politique migratoire et ces terribles épisodes. Mais mardi matin, au lendemain de l'attentat terroriste qui a fait 12 morts et 48 blessés sur un marché de Noël de Berlin, la chancelière allemande a reconnu prudemment qu'il y avait peut-être un lien entre cette attaque et l'accueil des réfugiés. Tous les soupçons se portaient alors sur un demandeur d'asile pakistanais, rattrapé juste après le carnage alors qu'il semblait prendre la fuite, et entendu par la police.   Les mots sont forts, empreints d'amertume.  Problème : le suspect a finalement été remis en liberté dans la soirée de mardi. Mais les opposants à Angela Merkel n'ont pas attendu d'en avoir le coeur net pour monter au front contre la chancelière.   Pour la frange la plus dure de son parti, l’Union chrétienne-démocrate (CDU), et la formation de droite populiste Alternative pour l'Allemagne (AfD), qui estiment que la chancelière a mis en danger son pays en l'ouvrant aux réfugiés en 2015, ce douloureux constat est du pain bénit. \"Ce sont les morts de Merkel !\", a d'ailleurs commenté sur Twitter, avec une violence inouïe, l'un des responsables de l'AfD Marcus Pretzell. Aux yeux d'une bonne partie de la population allemande, la chancelière confirme aussi les doutes qui se sont immiscés peu à peu dans les esprits, même les moins susceptibles de tomber dans l'escarcelle de l'extrême droite, comme la grande féministe Alice Schwarzer, amie de la chancelière, qui cet été nous confiait son inquiétude : Qu'il est loin le temps où elle était célébrée comme \"la chancelière du monde libre\" par le \"Time magazine\", le temps où elle se posait en gardienne du temple européen, la seule à ouvrir généreusement ses bras aux réfugiés alors que tous les autres pays se repliaient sur eux-mêmes et se barricadaient derrière des murs. Il y aura certainement un avant et un après le 19 décembre. Mais en réalité, la chancelière a déjà depuis des mois abandonné ses appels lyriques aux valeurs humanitaires et entrepris de serrer la vis en matière migratoire. Après les violences sexuelles de Cologne, elle a fait adopter au pas de charge des lois limitant le droit d’asile, puis conclu un pacte faustien en mars avec la Turquie d’Erdogan pour réduire les flux de réfugiés.  Après les attaques terroristes de cet été, elle a annoncé une batterie de mesures musclées, dont l'interdiction de la burqa. Et après les scores impressionnants de la droite populiste AfD aux élections locales de septembre, elle a fini par reconnaître des erreurs : \"Nous n’avons pas tout fait comme il le fallait\", a-t-elle déclaré le 19 septembre. Et elle a renoncé à son fameux mantra \"Wir schaffen das\", \"Nous y arriverons\", qu’elle avait utilisé pour la première fois le 31 août 2015, et que lui reprochent les pourfendeurs de sa politique d’ouverture à l’égard des réfugiés. Allongement de la durée de rétention, diminution des aides sociales pour les demandeurs d'asile livrant de fausses informations, aide au retour pour ceux qui n'ont pas de perspective de rester en Allemagne : ces derniers mois, elle a confirmé ce tour de vis en s'engageant à ce que l'afflux massif de migrants de l'an dernier ne se reproduise plus. Cette politique lui a permis de faire remonter la cote de popularité de la CDU à quelque 37%. Forte de ce retour en grâce, après avoir dramatiquement perdu la confiance des Allemands cet été, Angela Merkel vient d'annoncer sa candidature aux élections législatives de l'automne 2017 pour un quatrième mandat. Prise en étau entre les problèmes d'intégration des réfugiés, la colère qui gronde dans les rangs de son parti, et la pression exercée par la montée de l'extrême droite (l'AfD est créditée de 13% d'intentions de vote), elle avait reconnu début décembre, au Congrès de la CDU, que la campagne électorale serait \"la plus difficile\" – ce sont ses mots – de toutes celles qu'elle a menées. A l'écouter ce mardi matin, il était plus que probable que l'attentat au camion de ce 19 décembre tournerait la dernière page de sa généreuse politique d'accueil des réfugiés. A moins que l'enquête fasse apparaître une autre réalité.   Sarah Halifa-Legrand Sarah Halifa-Legrand Journaliste "}