{"title": "présidentielle : l'attentat de paris bouleverse la fin de campagne", "newspaper": "NouvelObservateur", "author": ["L'Obs"], "date_publi": "2017-04-21", "theme": "Politique", "content": "Deux jours avant le premier tour de la présidentielle, cette dernière journée de campagne est bouleversée par l'attentat djihadiste qui a coûté la vie à un policier jeudi soir à Paris, plusieurs candidats - Marine Le Pen, François Fillon et Emmanuel Macron - annulant leurs déplacements. La campagne officielle s'achève ce vendredi à minuit, les médias n'ayant plus le droit de publier ou de diffuser ni sondages ni déclarations des candidats jusqu'à dimanche 20 heures, lorsque les premiers résultats seront annoncés.  Pour donner un dernier élan à une campagne riche en surprises et en rebondissements, dominée ces derniers jours par un match à quatre (Macron-Le Pen-Fillon-Mélenchon) à fort suspense, les onze candidats avaient tous prévu meeting, déplacement ou discours.\n Mais, depuis les locaux de France 2, où ils participaient tous à l'émission \"Quinze minutes pour convaincre\", ils ont appris qu'une fusillade sur les Champs-Élysées avait tué un policier à Paris et blessé deux autres, ainsi qu'une passante. Tous ont rendu hommage au policier tué et, plus généralement, aux forces de l'ordre mobilisées dans un pays touché depuis 2015 par une vague d'attentats terroristes qui ont fait 238 morts. François Fillon et Marine Le Pen ont, eux, annoncé dès jeudi soir qu'ils annulaient leurs déplacements, suivis dans la nuit par Emmanuel Macron. Sur le plateau de France 2, l'ex-Premier ministre de Nicolas Sarkozy a estimé que \"dans le contexte que nous vivons, il n'y a pas lieu de poursuivre [...] une campagne électorale parce que nous devons montrer la solidarité [...] aux victimes\". Pas de visite sur le terrain non plus pour Marine Le Pen, qui a décidé après la fusillade de faire une déclaration ce vendredi à 10 heures à son siège de campagne. Emmanuel Macron a annoncé, dans la nuit, l'annulation des deux meetings  programmés à Rouen (à midi) puis à Arras (à 18 heures). Il s'exprimera \"devant les Français\" ce vendredi à midi. Le candidat d'En Marche!, en tête dans les sondages, a exhorté les Français à ne \"pas céder à la peur\": \"Nous ne devons en aucune façon donner le sentiment à nos assaillants que nous nous divisons, que nous cédons en quelque sorte à leur diktat.\" Jean-Luc Mélenchon a, lui, souhaité \"ne pas interrompre le processus de notre démocratie de manière à bien démontrer que les violents n'auront pas le dernier mot contre les républicains\". Son entourage a confirmé le maintien de son programme pour ce vendredi.Il participera, notamment à 19 heures à Paris, à l'un des nombreux \"apéros insoumis\" organisés dans toute la France, accompagné notamment du leader de Podemos, l'Espagnol Pablo Iglesias. Le candidat PS Benoît Hamon a annulé un déplacement dans la matinée mais maintenu un discours à 17h30 à Carmaux, terre de Jaurès. \"Ce serait une grave erreur de tomber dans la peur et de mettre entre parenthèses le débat démocratique\", a-t-il déclaré à l'AFP. Le souverainiste Nicolas Dupont-Aignan a, lui, confirmé qu'il irait en Seine-Saint-Denis puis dans l'Essonne. Quant à Philippe Poutou (NPA), il maintient son dernier meeting à Annecy. Nathalie Arthaud (LO) a réservé sa dernière soirée à un passage sur BFMTV. François Hollande, qui s'est dit \"convaincu\" que la fusillade était \"d'ordre terroriste\", a lui aussi annulé un déplacement en Bretagne et présidera à 8 heures un conseil de défense. Le chef de l'Etat a promis que les services de l'Etat seraient \"d'une vigilance absolue\" pour sécuriser le scrutin, dimanche. En attendant le verdict des électeurs, dont un nombre record se disent encore indécis, les candidats ont mis en scène leurs dernières alliances. Soutenu par des artistes et des intellectuels américains, Jean-Luc Mélenchon a reçu l'appui du président bolivien Evo Morales. Selon des sources concordantes, des proches d'Arnaud Montebourg (PS) envisagent aussi d'appeler à voter pour lui. Tandis que François Fillon peut s’enorgueillir du soutien d'Alain Delon, Emmanuel Macron a, lui, reçu un coup de téléphone de l'ex-président américain Barack Obama. Après avoir rencontré le secrétaire général de la CFDT, Laurent Berger, il a enregistré jeudi soir le ralliement de Dominique de Villepin, ancien Premier ministre de Jacques Chirac. (Avec AFP) L'Obs "}