{"title": "catalogne : indépendantistes et islamistes, les liaisons dangereuses", "newspaper": "NouvelObservateur", "author": ["Natacha Tatu"], "date_publi": "2017-09-01", "theme": "Monde", "content": "C’est l’odeur de brûlé qui a réveillé Kamel au milieu de la nuit. Il est sorti à la hâte. Son garage était carbonisé. Et sur la façade de sa maison, en grosses lettres tracées à la hâte : \"Musulmans, dehors\" ; \"Terroriste\"… Installé dans un petit village de 300 habitants, ce commerçant qui tient un café-boulangerie à Vilafranca Del Penedès, à 60 kilomètres de Barcelone, en a encore les larmes aux yeux. Jamais jusqu’ici il n’avait senti la moindre hostilité. Aujourd’hui, il a peur. Et il n’est pas le seul. A l’Espirall, au cœur du quartier marocain de Vilafranca, l’inquiétude imprègne toutes les conversations. \"Regardez… En temps normal, c’est l’heure où les femmes font leurs courses…\", soupire Zina Bentaj en montrant les rues vides… Comme beaucoup de Marocaines, cette quinquagénaire énergique, qui milite pour l’indépendance de la Catalogne, redoute la rentrée scolaire : \"Comment vont être accueillis nos enfants ?\" Aujourd’hui, elle doute. Une rencontre lui a cependant mis du baume au cœur. La veille, elle est allée à une réunion organisée par l’Assemblée nationale catalane. \"Il y avait de la solidarité, de la chaleur. Au fond, je me sens plus catalane qu’espagnole\", dit Zina. A un mois du référendum, qui doit statuer sur l’indépendance de la Catalogne, la tension est à son Natacha Tatu Journaliste "}