{"title": "attentat déjoué : ce que l'on sait des 5 suspects et du projet d'attaques", "newspaper": "NouvelObservateur", "author": ["L'Obs"], "date_publi": "2016-11-25", "theme": "Terrorisme", "content": "Le procureur de la République de Paris, François Molins, a pris la parole vendredi 25 novembre pour détailler les avancées de l’enquête après l’interpellation de sept personnes ce week-end à Strasbourg et Marseille. Deux d’entre elles ont été relâchées.  Une information judiciaire a été ouverte à l’encontre des cinq autres, pour les chefs de \"participation à une association de malfaiteurs en vue d’atteinte à la personne, et acquisition, détention, transport et cession illégale d’armes, le tout en réunion et en relation avec une entreprise terroriste\". Ces cinq personnes ont été mises en examen et écrouées en fin de journée.   \n Yacine B., né le 22 octobre 1979, Français, animateur dans une école, aucune trace de condamnation. Hicham M., né le 17 septembre 1979, Français, manutentionnaire. Son casier judiciaire fait état de six condamnations. Samy B., né le 11 février 1980, de nationalité franco-tunisienne, travaillant dans une épicerie, en concubinage, trois enfants, sept condamnations. Zakaria M., né le 10 décembre 1980, Franco-Marocain, pas de condamnation. Selon le procureur, \"ces Strasbourgeois sont des amis de longue date, qui se voyaient régulièrement et communiquaient via une ligne dédiée 'en réseau fermé'\". Hicham E., né en 1970, est marocain. Son casier judiciaire en France est vide. Il était \"SDF en France\" et a été interpellé à Marseille.  L’interpellation de ces cinq hommes a permis, selon François Molins, \"d’éviter de nouveaux passages à l’acte mortifères sur notre sol\". Selon les éléments découverts lors des perquisitions et leur exploitation, \"les malfaiteurs étaient en possession ou en quête d’armes et de financements\". Des armes ont ainsi été saisies à Strasbourg chez Yacine B. (une arme de poing, un pistolet automatique Glock, des chargeurs et des cartouches) et Zakaria M. (un pistolet automatique, un pistolet mitrailleur, deux chargeurs et des cartouches). Le commando de Strasbourg et l’homme arrêté à Marseille bénéficiaient, a insisté le procureur, d'\"instructions communes communiquées par un donneur d’ordres en zone irako-syrienne\" pour se procurer des armes.  Par ailleurs, une clé USB retrouvée chez Yacine B. a également révélé aux enquêteurs, dans deux fichiers distincts, la possibilité de livraison d’une somme d’argent et des coordonnées GPS pour se fournir en armes et en argent.  Sur l’individu interpellé à Marseille, ont été retrouvés \"4.281 euros pour l’achat d’armes, et des instructions précises depuis la zone irako-syrienne pour se procurer des armes\". Mais il n'en possédait pas lors de son interpellation.  Les éléments saisis lors des perquisitions à Strasbourg chez Yacine B. et Hicham M. ont permis de découvrir des écrits d'allégeance à Daech. De plus, chez Yacine B., des \"instructions manuscrites sur lesquelles était évoqué le djihad armé et glorifiant la mort en martyr\" ont été retrouvées.  Chez Hicham M., des menaces \"contre l’intégrité de notre pays\" ont été découvertes. Par ailleurs, les mêmes Hicham M. et Yacine B. se sont rendus en mars 2015 à la frontière franco-syrienne via Chypre. Un troisième a effectué plusieurs déplacements en Europe avec de faux papiers. Il a été refoulé à la frontière turque à l’été 2015, alors qu’il tentait d’entrer en Turquie. \"Tous avaient des velléités de rejoindre des groupes terroristes en Syrie\", indique François Molins.  Plusieurs éléments indiquent que le passage à l’acte était \"imminent\" et a été déjoué grâce aux interpellations. En témoigne notamment la présence, dans le téléphone et l’ordinateur de Yacine B., de \"captures d’écran et de recherches via Google Maps relatives à plusieurs lieux\", qui montrent \"la volonté manifeste de trouver et de repérer des cibles pour passer à l'acte à très court terme\". Les exploitations techniques montrent également qu’une action était envisagée par le groupe strasbourgeois le 1er décembre, sans qu’il soit possible à ce jour d’en déterminer le lieu.  Enfin, le téléchargement de l’application Periscope sur le téléphone de Yacine B. \"est aussi de nature à établir l’imminence d’un passage à l’acte\" selon le procureur.  Point commun entre le commando de Strasbourg et l’homme de Marseille : leur \"téléguidage depuis la zone irako-syrienne\" et \"un même mode opératoire\". En revanche, \"aucun contact direct entre les groupes de Strasbourg et Marseille\" n’a été identifié. M.B. et L.T. L'Obs "}