{"title": "economie, terrorisme, migrations : les enjeux du g7 ", "newspaper": "NouvelObservateur", "author": ["L'Obs"], "date_publi": "2016-05-26", "theme": "Monde", "content": "L'agenda des sept chefs d'Etat s'annonce chargé. Les dirigeants du G7 ont entamé au Japon un sommet à l'ordre du jour chargé, entre les défis posés par une croissance mondiale atone, la lutte contre le terrorisme, les revendications maritimes disputées de la Chine ou les migrations. Les chefs d'Etat ou de gouvernement des Etats-Unis, de la France, de la Grande-Bretagne, d'Italie, de l'Allemagne, du Canada et du Japon se retrouvent à Ise-Shima, région côtière nichée au milieu de collines boisées, dans le centre du pays.  Avant d'entrer dans le dur de discussions qui seront suivies vendredi par une visite historique de Barack Obama à Hiroshima, ville bombardée à l'arme atomique par les Etats-Unis en 1945, les leaders du G7 ont visité le sanctuaire shintoïste Ise-Jingu, lieu sacré censé incarner \"l'âme de l'archipel\".\n Quelques jours seulement après la réunion des ministres des Finances et gouverneurs de banques centrales des sept à Sendai (nord-est), la faiblesse de la croissance mondiale pèsera lourd dans les discussions de ce club de pays industrialisés. \"L'économie mondiale sera le thème le plus important du sommet du G7 d'Ise-Shima\", a souligné Shinz? Abe, le Premier ministre japonais, mercredi soir au cours d'un point de presse avec Barack Obama : Tous invoquent l'équilibre qu'il faudrait trouver, entre politique monétaire, politique budgétaire et réformes structurelles, mais les divisions sur la façon dont il faudrait doser chacun de ces leviers ne devraient pas s'effacer pendant ce sommet. Le Japon comme l'Italie voudraient voir davantage de dépenses budgétaires mais l'Allemagne, qui exige plus de réformes structurelles, n'est pas d'accord, tout comme la Grande-Bretagne, qui suscite en parallèle les inquiétudes de ses pairs à l'approche du référendum du 23 juin sur un possible Brexit. Les mesures de sécurité ont été multipliées à travers l'archipel, avec des milliers de policiers supplémentaires déployés pour surveiller les gares et les terminaux maritimes. Tokyo ne veut prendre aucun risque après les attentats terroristes qui ont frappé Paris et Bruxelles ces derniers mois. Le terrorisme justement, dont François Hollande veut faire une priorité pour le G7 après les attaques revendiquées par l'organisation Etat islamique (EI). Ainsi le G7 planchera-t-il à l'initiative de Paris sur \"la préservation du patrimoine culturel face aux agressions terroristes\" après les destructions des trésors de Tombouctou, du musée de Mossoul, des vestiges de la cité de Nimrud ou des temples de Palmyre, selon la délégation française. Alors que l'Europe est confrontée à sa plus grave crise migratoire depuis la Seconde guerre mondiale, les migrations et les réfugiés figurent aussi au menu des pourparlers à \"l'initiative\" de l'Allemagne, qui a accueilli des centaines de milliers de migrants. Le président du Conseil européen Donald Tusk, présent à Ise-Shima, a appelé le G7 à \"reconnaître qu'il s'agit d'une crise mondiale\" malgré les raisons géographiques qui font peser une lourde charge sur les épaules de l'Union européenne. \"Nous demandons le soutien du G7\", en particulier \"qu'il s'engage à accroître l'aide mondiale pour satisfaire les besoins immédiats et à long terme des réfugiés et des pays hôtes\", a-t-il dit lors d'une conférence de presse. La Chine est absente du G7 mais l'ombre de la deuxième économie mondiale plane sur les discussions, Barack Obama rappelant que doivent prévaloir la \"liberté de navigation et la résolution pacifique des différends\". En cause notamment la situation en mer de Chine Orientale où Pékin et Tokyo se disputent âprement la souveraineté de territoires inhabités Pékin revendique aussi la quasi-totalité de la mer de Chine méridionale, au grand dam d'autres pays comme le Vietnam, les Philippines, la Malaisie et Brunei. Donald Tusk a appelé à cet égard le G7 à \"défendre ses valeurs communes. Il ne suffit pas aujourd'hui de seulement y croire. Nous devons être prêts à les protéger\", a-t-il dit, en référence aussi à l'annexion de la Crimée par la Russie. Vaste programme. L'Obs "}