{"title": "2015 : le grand échec des nihilistes", "newspaper": "NouvelObservateur", "author": ["Jean Daniel"], "date_publi": "2015-12-30", "theme": "Edito", "content": "L’année 2015 ? Elle a été si marquée par la terreur qu’on en est réduit à se féliciter que les terroristes n’aient pas réussi à fabriquer une minibombe atomique à uranium faiblement enrichi ou à saupoudrer de gaz asphyxiants quelques villages chiites ou yazidis. Ils veulent à terme détruire, détruire, détruire. Seulement voilà, ils ont échoué. Et quel échec ! Ils n’ont pas réussi à empêcher 195 nations – cent quatre-vingt-quinze – d’accepter l’invitation faite par François Hollande au nom de la France d’organiser le rassemblement de la COP21. Je ne cesse de trouver prodigieux le seul fait que cet événement ait pu avoir lieu. D’autant que c’est au moment où nous affirmons tous que les peuples commencent à ne plus croire en rien que les dirigeants se mettent à faire quelque chose. Longtemps ce fut le contraire. Il faut relire aujourd’hui les analyses de Gérard Horst (Michel Bosquet) et celles d’Edgar Morin, que \"le Nouvel Observateur\" avait publiées sur la question du réchauffement climatique et sur les possibilités pour notre planète de disparaître. Puisqu’il faut faire un choix, je le fais délibérément. Quoi qu’il arrive, et il peut arriver tant de choses, on ne pourra pas retirer à François Hollande et à Laurent Fabius le mérite d’une réalisation aussi spectaculaire. Faisons donc amende honorable par rapport à certaines critiques. François Hollande n’a pas l’autorité d’un empereur, mais il se trouve que la ténacité, le calme, la détermination sont réunis dans l’esprit et le comportement de cet homme déconcertant qui aura vaincu tous les outrages. Il représente la sérénité active. Que va-t-il en faire dès lors que la question se pose, comme cela avait été le cas pour Mitterrand et Rocard, de rassembler la gauche et une partie de la droite ? Terrible gageure. Cela dit, il n’est pas facile de parler d’un homme auquel on est tenté de refuser de la \"stature\". C’est une expression que l’on réserve aux \"grands\" hommes d’Etat. Encore faut-il aussi que ses réalisations actuelles ne se dégradent pas en catastrophe. Or je n’arrive pas à me persuader que l’intervention en Syrie était indispensable ni même opportune dans les conditions où elle a été exercée. François Hollande peut très bien avoir réussi la COP21 et avoir provoqué une très vicieuse intervention des Russes en Syrie. Je pensais au destin des grands hommes politiques en regardant certaines émissions, pour moi poignantes, consacrées à François Mitterrand, en particulier celle de Laurent Delahousse sur le silence organisé et respecté autour de sa maladie (\"François Mitterrand, la maladie au secret\", France 2), et tout de même aussi à l’extraordinaire capacité de résistance contre son cancer qu’il manifesta pendant deux mandats. L’hommage aurait pu être pathétique s’il n’avait été entouré de \"témoignages\" plus ou moins habiles, plus ou moins délicats et plus ou moins autorisés.  Il apparaît que cet homme héroïque, ce grand homme d’Etat pouvait être menteur, manoeuvrier, manipulateur, cruel, et qu’il avait caché aux Français pendant tout un mandat ses défauts et ses handicaps principaux. Françoise Giroud avait su résumer son parcours pendant l’Occupation : Une citation très délicate à côté d’autres que l’on a pu entendre ce soir-là. Un autre a ainsi suggéré que ce n’était pas un véritable homme d’Etat, qu’il n’avait pas de vision de l’avenir. Il n’avait pas dû lire le livre d’Hubert Védrine. De son côté, Jean-Pierre Chevènement, dont le président avait une très bonne opinion (il me l’a dit à la fin de sa vie), s’est demandé comment on pouvait être \"grand\" lorsqu’on avait tant de défauts. Mais il a tout de même conclu : \"Et pourtant c’était un grand homme.\" \"Le pire est toujours probable, mais comme on ne peut exclure le meilleur, il est permis d’espérer.\" C’est sur ce constat que vivent en réalité les économistes les plus sophistiqués. Une incertitude d’autant plus embarrassante que les mêmes experts ne savent pas dire si le problème le plus grave est la lutte contre le chômage ou la disparition possible de l’Europe. Et là, nous sombrons dans le tragique. Il ne s’agit plus seulement d’appréhensions mais de la vie quotidienne de nos compatriotes et de tous les Européens. Sur le chômage, François Mitterrand, lassé de tous les enseignements contradictoires qu’on lui donnait, avait fini par dire que c’était un problème sans solution. Il y avait toujours à ce moment-là quelqu’un pour rappeler le propos prêté à Henri Queuille : Rassurez-vous, le cynisme n’est pas mon fort, je suis, je reste et je demeure rocardien. Et tant que j’aurai une responsabilité comme c’est le cas, je veillerai à ce que ce journal, en continuité avec \"le Nouvel Observateur\", demeure dans la fidélité. Jean Daniel   ? Jean Daniel Journaliste "}