{"title": "qui est karim cheurfi, l'assaillant de l'attentat des champs-elysées ?", "newspaper": "NouvelObservateur", "author": ["Violette Lazard"], "date_publi": "2017-04-20", "theme": "Terrorisme", "content": "Lors d'une fusillade sur l'avenue des Champs-Elysées à Paris, dont l'auteur a été abattu, un policier a été tué et deux autres blessés, jeudi soir 20 avril. L'agresseur, arrivé en voiture, est sorti de son véhicule. Il a ouvert le feu à l'arme automatique sur le car de police. \"A tué l'un des policiers et à essayé de s'en prendre aux autres en courant\", a rapporté une source policière. L'homme n'est pas inconnu des services de police. Le point sur ce que l'on sait de l'assaillant.  Le propriétaire de la voiture dont est sorti l'assassin a été identifié. Il s'agit de Karim Cheurfi, un homme de 39 ans surtout connu des services de police pour des affaires de droit commun. D'après nos informations, il n'était pas fiché \"S\", mais avait récemment présenté des signes de radicalisation. Depuis mars, il faisait l'objet d'une enquête préliminaire diligentée par la section antiterroriste du parquet de Paris, une investigation confiée aux policiers de la Direction générale de la sécurité intérieure (DGSI), révèle \"Le Parisien\". En avril 2001, l'homme, alors âgé de 23 ans, avait tiré sur un policier au cours de sa garde à vue dans un commissariat de Melun et l'avait blessé. Il l'avait attiré dans sa cellule en réclamant des médicaments. Alors déjà connu des services de police pour vols avec violence, l'individu originaire de Livry-Gargan (Seine-Saint-Denis) avait grièvement blessé deux personnes après une course-poursuite deux jours plus tôt. Il avait sorti un revolver et tiré sur les conducteurs de la voiture qui le poursuivait. Il avait été condamné en février 2005, en appel, à 15 ans de réclusion par la cour d'assises du Val-de-Marne à Créteil. Dans la nuit, le procureur de la République de Paris, François Molins a annoncé : S'exprimant devant la presse près du lieu de l'attaque, il s'est refusé à confirmer l'identité de cet homme, en raison des nécessités de l'enquête. Des perquisitions et investigations sont en cours pour établir \"s'il a bénéficié ou pas de complicités\", a poursuivi François Molins, qui donnera un point presse ce vendredi à 17h45. Quelques heures après l'attaque, la police a effectué une perquisition au domicile de l'assaillant à Chelles (Seine-et-Marne), rapporte \"Le Parisien\", qui ajoute que des \"éléments de radicalisation\", dont un livret salafiste, ont été découverts chez la mère de Karim Cheurfi.    Les enquêteurs s'intéressent également à la voiture utilisée par l'assaillant pour se rendre sur les Champs-Elysées. D'après nos informations, un Coran a été découvert à l'intérieur. Selon France Info, un fusil à pompe avec des munitions de calibre 12, deux gros couteaux de cuisine et un sécateur ont également été retrouvés dans le véhicule qui a été passé au peigne fin par la police scientifique.    Le groupe Etat islamique a revendiqué la fusillade, dans un communiqué publié par son organe de propagande Amaq. La section antiterroriste du parquet de Paris s'est saisie de l'enquête. Violette Lazard (avec G.S.) ? Violette Lazard Journaliste "}