{"title": "attentat \"imminent\" déjoué : ce que l'on sait des deux suspects", "newspaper": "NouvelObservateur", "author": ["L'Obs"], "date_publi": "2017-04-19", "theme": "Terrorisme", "content": "Une traque de six jours, deux hommes connus pour leur radicalisation, une possible volonté de perpétrer une \"action violente\" et \"imminente\", mais des cibles encore floues à ce stade... le procureur de Paris, François Molins, a donné mardi 18 avril quelques éléments sur l'attentat déjoué à Marseille à quatre jours du scrutin présidentiel. Le point sur ce que l'on sait des deux suspects, tous deux de nationalité française et fichés S depuis 2016 et 2015.  Né à Ermont dans le Val-d'Oise, le jeune homme s'est converti à l'âge de 14 ans à l'islam en 2007 au contact de Tchétchènes alors qu'il se trouvait à Nice, selon le procureur de Paris François Molins. D'après \"le Figaro\", Clément Baur a vécu ces dernières années principalement à Liège, en Belgique. Il utilisait alors le nom d'un djihadiste tchétchène de la filière de Verviers démantelée en 2015. Selon le procureur, il \"n'a eu de cesse de changer de domiciliation et d'utiliser des alias\". Il se déplaçait en France, en Belgique et en Allemagne.\n Les autorités belges avaient ouvert une enquête pour ses liens avec la mouvance djihadiste. Deux inscriptions pour des faits de droit commun figurent à son casier judiciaire. Début 2015, ses proches signalent sa disparition et indiquent sur les réseaux sociaux qu'il a une pratique radicale de la religion et qu'il parle aussi l'arabe et le russe. Sa famille perd sa trace à Marseille, près de la gare Saint-Charles, le 4 janvier 2015, selon \"la Voix du Nord\". Le 19 janvier 2015, il est condamné à quatre mois de prison pour détention et usage de faux documents et incarcéré à la prison de Sequedin (Nord). Selon \"la Voix du Nord\", il est écroué sous un faux nom. \"La photo qui circule sur Internet le montrant avec une ardoise effaçable, dos à un mur gris, a été prise au greffe de Sequedin. Mais le numéro d’écrou ne correspond pas au détenu Clément Baur, mais à un certain 'Israël', son alias djihadiste. Ce qui explique qu’aucune trace de Clément Baur ne soit visible dans les fichiers pénitentiaires de Sequedin\", écrit le quotidien.  Il est libéré en mars 2015 et est fiché S, la même année. Les autorités le soupçonnent d'avoir effectué un séjour en Syrie à sa sortie de prison.   Originaire de Croix, près de Roubaix où il résidait depuis son enfance, Mahiedine Merabet a un casier judiciaire chargé : 12 condamnations entre 2004 - il n'a alors que 17 ans - et 2013 pour des faits de vol aggravé, violences, trafic de stupéfiants. En 2013, il est condamné (sa dernière condamnation connue) à quatre ans de prison dont un an avec sursis dans une affaire de trafic de stupéfiants, après la découverte d'un kilo et demi de cannabis et 7.000 euros en liquide, selon les informations de \"la Voix du Nord\". Sans emploi, il avait été interpellé alors qu'il dealait à Lille. Lors de son procès, il a expliqué avoir agi sous la menace. Il est incarcéré à la prison de Sequedin, avant un transfert en mai 2015 à Longuenesse, près de Saint-Omer, précise le quotidien du Nord. Il est libéré en 2016 et est fiché S la même année. Il est soupçonné d'avoir cherché à se procurer des armes à sa sortie de prison. C'est à la prison de Sequedin, en 2015, que les deux hommes se rencontrent alors qu'ils partagent la même cellule pendant deux mois. C'est au contact du plus jeune, qui a une pratique extrémiste de l'islam, que Mahiedine Merabet se radicalise. Selon une source pénitentiaire, interrogée par \"la Voix du Nord\", qui \"connaissait bien Merabet et moins Baur\" : Leurs parcours et leurs déplacements interrogent les enquêteurs. Selon \"la Voix du Nord\", Mahiedine Merabet revient vivre à Roubaix après sa libération. Le quotidien indique que son nom apparaît comme celui du \"gérant d'une société basée à Marcq-en-Baroel et spécialisée dans la vente au détail d'articles et d'ornements religieux\". Son domicile à Roubaix est perquisitionné, en son absence, le 7 décembre 2016. Un drapeau de l'Etat islamique et de la documentation djihadiste sur un ordinateur sont saisis. L'homme est alors assigné à résidence mais est introuvable. Sur place, le \"colocataire\" donne une fausse identité. Les enquêteurs découvriront plus tard qu'il s'agissait de Clément Baur. Le 4 avril dernier, Mahiedine Merabet envoie un pli au commissariat de Roubaix accompagné d'un message : \"Je vous donne ma pièce d'identité et ma carte (bancaire) car à cause de vous je n'en ai plus l'utilité. Je vais bientôt me rendre, on discutera. A vous les forces de l'ordre, que me voulez-vous ? Laissez-moi respirer. Je n'ai rien à vous dire, je vis d'amour et d'eau fraîche, je médite, laissez-moi tranquille, salut.\" Selon les enquêteurs, c'est Mahiedine Merabet qui a tenté d'entrer en contact avec l'EI pour leur transmettre une vidéo d'allégeance. Des réquisitions auprès d'une société de covoiturage apprennent aux enquêteurs que les deux suspects se sont rendus à Marseille séparément, depuis Nancy, à la fin du mois de mars, avec des cartes prépayées et sous de fausses identités. \"L'appartement conspiratif\" a été loué et payé en liquide par Clément Baur. A l'intérieur : trois kilos de TATP, plusieurs armes, des sacs de munitions, un drapeau de l'Etat islamique, une grenade artisanale contenant du TATP, un sac de boulons, des mèches, des produits chimiques de conditionnement mais aussi des bouteilles d'acétone et d'eau oxygénée. Dans cet appartement \"d'étudiant\", les enquêteurs ont également découvert un fusil mitrailleur, deux armes de poing, un pistolet automatique, des sacs et boîtes de munitions, un silencieux et un couteau de chasse.  Mahiedine est interpellé à la sortie d'un commerce et Clément Baur dans la cage d'escalier de l'immeuble. Sarah Diffalah L'Obs "}