{"title": "attentat de barcelone : \"le but est de faire le plus de victimes et de radicaliser l’opinion\"", "newspaper": "NouvelObservateur", "author": ["Emile Boutelier"], "date_publi": "2017-08-19", "theme": "Terrorisme", "content": "Relativement épargnée depuis l'attentat de Madrid du 11 mars 2004, qui avait fait 191 morts et 1.858 blessés, l'Espagne est de nouveau frappée par une série d'attentats à Barcelone et Cambrils qui ont fait 14 morts et une centaine de blessés. Pourtant l’Espagne n’est pas un acteur majeur de la coalition contre L’Etat islamique. Pourquoi cet attentat ? Y a-t-il une spécificité espagnole ou catalane dans la stratégie de Daech ? Wassim Nasr, journaliste à France 24 et auteur du livre \"L’Etat islamique, le fait accompli\" (éditions Plon), a répondu à nos questions.  Quel est le but de cet attentat ?\n Le but est de faire le plus de victimes parmi les ressortissants de pays membres de la coalition contre l’Etat islamique. Comme d’habitude, c’est destiné à faire peur, à nuire aux libertés publiques des Etats occidentaux, à radicaliser l’opinion. Il ne faut pas non plus sous-estimer les visées économiques : le coût de ces attentats pour l’Espagne, lié à leur impact sur le tourisme, sur les dépenses sécuritaires, sur les formations et les équipements octroyés aux forces de l’ordre, se chiffre en millions d’euros. C’est un moyen d’affaiblir les Etats démocratiques, de peser sur les opinions publiques, de mener une guerre d’usure. Ces attaques sont en cela très différentes de la série d’attaques qui avaient frappé l’Espagne en 2004 dans la gare d’Atocha, à Madrid. Al Qaida avait alors demandé explicitement à l’Espagne de retirer son soutien aux forces de la coalition anglo-américaine en Irak. Ici, le but s’inscrit dans une stratégie de long terme, dans laquelle aucun pays européen ne doit être épargné. L’Espagne n’est pas un acteur majeur dans la coalition contre L’Etat islamique. Alors que la France est un ennemi direct et déclaré de L’Etat islamique, l’Espagne ne mène que des opérations auxiliaires, telles que des missions de police et de maintien de l’ordre, de déminage ou de premier secours. L’Espagne ne bombarde pas. Elle a donc été touchée au même titre que tous les autres pays occidentaux. Y a-t-il une stratégie espagnole de L’Etat islamique ?  Non. La stratégie de L’Etat islamique a toujours été une stratégie d’opportunité. L’Espagne, comme la France ou la Belgique avant elle, n’est pour l’Etat islamique qu’un pays de la coalition, et Barcelone n’est qu’un lieu comme un autre où faire le plus de victimes occidentales. A chaque fois qu’il y a des attentats, on réactive le mythe de la \"base arrière\". C’est une manière de trouver une cause à une explication qui n’en a pas une seule. A la limite, il est vrai que dans l’eschatologie millénariste des militants de L’Etat islamique, frapper le sol d’\"Al Andalous\" [le nom de l’Espagne musulmane entre le 8e et le 15e siècle NDLR] est symbolique. Mais il ne faut pas prendre les dirigeants de ces attentats pour des idiots. Le but n’est pas de reconquérir \"Al Andalus\" ou de faire de Barcelone la nouvelle Raqqa. Ils mènent une guerre stratégique, et savent faire la différence entre la communication qu’ils mènent et leurs buts de guerre. Ils mènent la stratégie du talion : vous frappez chez nous, nous frappons chez vous. Il faut également cesser d’analyser le Jihad avec le prisme national : ils ne se battent pas pour la Palestine ou pour la liberté des Touaregs dans le Nord Mali. Ils se battent pour le pouvoir que leur apporte l’exploitation d'une idéologie transnationale. Y a-t-il cependant des spécificités liées à Barcelone ou à l’Espagne ? Barcelone est la plus grande base de recrutement des djihadistes en Espagne. Cosmopolite, très touristiques, elle est une ville de choix pour y tuer le plus de ressortissants occidentaux en un moins de temps. Depuis 2004, on estime à 700 le nombre d’arrestations liées au terrorisme dans la région. Il ne faut donc pas croire que c’est là où les services de renseignement espagnols sont le plus faible : ces derniers, qui travaillent d’ailleurs main dans la main avec les services de renseignement français, ont une très bonne expertise dans la lutte anti-terroriste grâce à leur longue lutte contre l’Eta. Jeter la faute sur les services secrets espagnols est un contre-sens. Quelles sont les causes de ces attaques ? La violence politique naît du croisement entre une idéologie potentiellement violente et des circonstances socio-économiques locales. Ici, l’idéologie est le djihadiste transnational inventé par Al Qaida et repris par L’Etat islamique. C'est aujourd’hui la seule idéologie révolutionnaire (au sens propre, comme le nazisme a pu être révolutionnaire) du marché des idéologies. La force de cette pensée est qu’elle est à la fois radicalement contestatrice et modulable à toutes formes d’organisations sociales : elle est transnationale et trans-ethnique (contrairement par exemple au suprémacisme racial, qui limite par définition son public potentiel). Les circonstances socio-économiques sont quant à elles la pauvreté, l’exclusion, la concentration urbaine, la présence d’immigrés victimes de tous ces fléaux ou malintentionnés. C’est toujours un mille-feuille de facteurs. Dans les années 2000, l’idéologie était là, mais elle avait encore du mal à prendre. Al Qaida, qui avait lancé les premiers appels à l’attaque à la voiture-bélier, n’avait été que très peu suivie. Aujourd’hui, les effets de la crise économique, le vide idéologique lié à un désenchantement du monde, les performances de la propagande de L’Etat islamique, ont permis une meilleure exploitation de cette idéologie. Le djihadisme est désormais un phénomène mondial et transnational : il faudra apprendre à vivre avec. Propos recueillis par Emile Boutelier  Emile Boutelier "}