{"title": "l'ei affirme avoir décapité l'otage japonais kenji goto", "newspaper": "NouvelObservateur", "author": ["L'Obs avec AFP"], "date_publi": "2015-01-31", "theme": "Guerre en Syrie", "content": "Le groupe Etat islamique (EI) a affirmé samedi 31 janvier avoir exécuté un otage japonais enlevé en Syrie, le second en une semaine, un acte qualifié d'\"ignoble\" par Tokyo et fermement condamné par Washington, Paris et Londres. Le Japon a juré dimanche qu'il ne céderait pas face au terrorisme, après la diffusion d'un enregistrement attribué à l'EI annonçant la décapitation d'un deuxième ressortissant japonais. Il a jugé \"hautement probable\" l'authenticité de la vidéo relatant l'exécution de l'homme identifié comme étant le journaliste Kenji Goto, enlevé l'automne dernier en Syrie.  L'EI avait déjà annoncé il y a une semaine avoir tué un premier otage japonais, Haruna Yukawa, capturé en août en Syrie, avant que Kenji Goto n'aille à sa recherche et ne soit enlevé à son tour fin octobre ou début novembre. \"Nous ne pardonnerons jamais aux terroristes\", a-t-il poursuivi. \"Le Japon est fermement résolu à prendre ses responsabilités en lien avec la communauté internationale pour combattre le terrorisme\" et pour que ceux qui en sont responsables \"soient traduits en justice\". Shinzo Abe a adressé ses regrets aux proches de l'otage et déploré que tous les efforts du gouvernement n'aient pas permis de le sauver. \"Je n'ai pas de mots pour dire la peine que la famille doit ressentir, le gouvernement a fait le maximum pour gérer cette crise, c'est très regrettable (qu'on en arrive à cette issue)\", a reconnu le Premier ministre. Né en 1967 et père de deux jeunes enfants, Kenji Goto était un journaliste indépendant qui fournissait des reportages sur le Moyen-Orient aux chaînes de télévision japonaises. Dans la nouvelle vidéo diffusée samedi sur Twitter, on voit Kenji Goto en tenue orange à genoux, à côté d'un homme debout, masqué et tout de noir vêtu, avec un couteau à la main. La dernière image présente un corps sans vie. Selon le centre de surveillance des sites islamistes SITE, le bourreau à l'accent britannique est le même que sur les précédentes vidéos de décapitation d'otages occidentaux par l'EI. Cet homme affirme que l'exécution de Kenji Goto punit la \"participation irresponsable\" du Japon à la guerre de la coalition internationale contre les djihadistes. Les réactions n'ont pas tardé : le président américain Barack Obama a condamné un \"meurtre odieux\" et \"barbare\". Son homologue français François Hollande a fait part de son indignation, soulignant que la France était \"solidaire du Japon dans cette nouvelle épreuve\". Le Premier ministre britannique, David Cameron, a qualifié cet acte de \"méprisable\" et \"effroyable\". \"C'est un rappel de plus que l'EI est l'incarnation du mal, sans égard pour la vie humaine\", a-t-il jugé. Outre les deux japonais, l'EI a revendiqué depuis la mi-août l'exécution de cinq otages occidentaux : les deux journalistes américains, James Foley et Steven Sotloff, ainsi qu'un troisième américain, l'humanitaire Peter Kassig, deux humanitaires britanniques, David Haines et Alan Henning, tous enlevés en Syrie. Les djihadistes ne font cette fois aucune mention du pilote jordanien Maaz al-Kassasbeh qui était aussi menacé de mort. Ils avaient fixé un ultimatum qui expirait jeudi soir, jurant de le tuer si la Jordanie ne relâchait pas une Irakienne condamnée à mort dans le royaume, en échange de Kenji Goto. Amman, placé en porte-à-faux, s'était dit prêt à libérer la prisonnière Sajida al-Rishawi, mais exigeait une preuve de vie de son pilote capturé en décembre après le crash de son F-16 en Syrie, où il menait un raid sur des positions de l'EI dans le cadre de la coalition internationale. Cette organisation, dont les actes suscitent une vague d'indignation internationale, est montée en puissance à la faveur de la guerre en Syrie et contrôle de vastes pans de territoire dans ce pays et en Irak voisin. Accusé de crimes contre l'Humanité, le groupe est la cible de frappes de la coalition dirigée par les Etats-Unis, à laquelle participe la Jordanie. Le Japon affirme sans cesse sa détermination à combattre \"le terrorisme\" même s'il ne peut agir militairement. L'Obs avec AFP Journaliste "}