{"title": "double attentat de barcelone et cambrils : \"nous pouvons dire que cette cellule djihadiste est démantelée\"", "newspaper": "NouvelObservateur", "author": ["L'Obs"], "date_publi": "2017-08-19", "theme": "Terrorisme", "content": "Deux jours après le double-attentat qui a fait 13 morts et une centaine de blessés, la police espagnole poursuit la traque d'un des derniers membres encore en fuite de la cellule terroriste qui a commis ces attaques, toutes deux revendiquées par Daech. Et cette recherche assidue... se poursuit jusqu'en France, où une Kangoo blanche a été signalée aux autorités françaises. Le gouvernement espagnol a par ailleurs choisi de maintenir le niveau d'alerte terroriste au niveau 4. Peu après 13 heures, le ministre de l'Intérieur espagnol, Juan Ignacio Zoido a déclaré que la cellule djihadiste était \"démantelée\" et que les forces de l'ordre poursuivent leur travail. Dans ce cadre, a-t-il ajouté, la coopération internationale \"est plus que jamais nécessaire\".   ÚLTIMA HORA | Zoido: \"La célula ha quedado totalmente desarticulada en Barcelona\" https://t.co/b9vWxLzc2y pic.twitter.com/PFRzjLJbaV\n— EL PAÍS (@el_pais) 19 août 2017 \n\nMais c'était compter sans Los Mossos, la police catalane... quelques minutes après les annonces du gouvernement, le porte-parole Albert Oliva explique dans une déclaration relayée par \"El Pais\":  Younès Abouyaaqoub, un Marocain de 22 ans dont la photo a été diffusée, est recherché par toutes les polices du pays. Il pourrait s'agir, selon les médias espagnols, du conducteur de la camionnette qui a fauché jeudi des passants sur las Ramblas, un attentat revendiqué par le groupe Etat islamique. C'est le principal suspect depuis que Moussa Oukabir, soupçonné dans un premier temps d'être ce chauffeur en fuite, a été identifié vendredi comme un des cinq assaillants abattus par les policiers à Cambrils, sur la côte catalane.  La police, elle, se refuse à confirmer cette information, déclarant que le conducteur de la camionnette qui a tué sur les Ramblas 13 personnes et en a blessé plus de 120, n'est toujours pas identifié. Quelques heures après la première attaque en plein coeur de Barcelone jeudi après-midi, une Audi A3 avait à son tour foncé sur la promenade du front de mer de Cambrils, une station balnéaire au sud de la capitale catalane, avant de percuter une voiture de police. S'en est suivie une fusillade au cours de laquelle les cinq occupants de l'Audi, qui étaient munis de fausses ceintures explosives, d'une hache et de couteaux, ont été tués. Clés de l'enquête : les trois fourgonnettes louées par les assaillants ont permis d'identifier assez rapidement la douzaine de membres de la cellule djihadiste, dont quatre ont été arrêtés jeudi et vendredi et sont toujours en garde à vue. Une autre voiture est recherchée. La police espagnole a transmis vendredi aux autorités françaises le signalement d'une Kangoo blanche qui serait liée aux attentats et pourrait avoir passé la frontière franco-espagnole, d'après une source policière française. Trois autres personnes également impliquées sont identifiées, mais n'ont pas été arrêtées. Deux d'entre elles pourraient avoir péri dans l'explosion d'une maison suivie d'un incendie à Alcanar, à 200 km au sud de Barcelone, où le groupe tentait de confectionner des engins explosifs. \"Des restes humains de deux personnes différentes\" ont été trouvés dans cette maison, selon la police catalane qui doit encore déterminer s'il s'agit de deux des des trois suspects recherchés. Avec la destruction d'une partie de leur arsenal dans cette explosion, le groupe a dû se réorganiser, selon la police, et a agi de manière précipitée et \"rudimentaire\" pour mener des attaques d'une moindre envergure et moins meurtrières que prévu. La plupart des membres de la cellule avaient des liens avec une seule petite ville de 10.000 habitants au pied des Pyrénées, Ripoll. C'est là que trois suspects ont été arrêtés et qu'habitaient trois des morts identifiés vendredi, Moussa Oukabir, 17 ans, Saïd Aallaa 18 ans, et Mohamed Hychami 24 ans. Los Mossos registran el domicilio del imán de Ripoll. La policía sospecha que murió en la explosión de Alcanar https://t.co/k2eaEsRLEa \n\n L'annonce de l'implication présumée de Moussa Oukabir et de son frère Driss (27 ans, arrêté jeudi) dans les attentats a suscité une onde de choc chez leurs proches, qui affirment ne pas les avoir vus se radicaliser. \"Ils ne montraient aucun signe de radicalisation. Ils vivaient comme les jeunes de leur âge, s'habillaient comme eux\", a juré les larmes aux yeux leur père Saïd à Melouiya, une bourgade sans histoire du Moyen Atlas au Maroc. Sur les Ramblas endeuillées, la vie a repris doucement. \"Les gens viennent comme pour chercher le regard des uns et des autres\", explique Sergio Lopez, 36 ans, le fils du gérant d'un kiosque de souvenirs. Au milieu des fleurs et des nounours déposés parmi d'innombrables bougies, une pancarte résume : C.C. avec AFP L'Obs "}