{"title": "londres : un homme suspecté de vouloir commettre un attentat arrêté près de westminster", "newspaper": "NouvelObservateur", "author": ["L'Obs"], "date_publi": "2017-04-27", "theme": "Monde", "content": "Un homme armé de couteaux et suspecté de vouloir commettre une attaque terroriste a été arrêté ce jeudi après-midi à Londres à proximité du parlement de Westminster, théâtre d'un attentat au mois de mars, a annoncé la police. Agé de 27 ans, l'homme a été arrêté \"pour suspicion de possession d'armes\" et \"suspicion de commission, préparation et commission d'actes de terrorisme\", a précisé Scotland Yard dans un communiqué. Il a été placé en garde à vue.  Un porte-parole de Scotland Yard a indiqué que personne n'avait été blessé au cours de l'incident qui ne présente \"plus de menace immédiate\".\n La police a indiqué que plusieurs couteaux avaient été retrouvés en possession du jeune homme arrêté. Des photos du journaliste de l'AFP Justin Tallis, montrent trois grands couteaux au sol sur le lieu de l'incident, autour desquels la police scientifique s'affaire.  ???? ALERTE #Londres ???????? - Un individu, en possession de couteaux, vient d'être interpellé près du Parlement, dans le quartier de Westminster. pic.twitter.com/wWqMW8xAMD L'arrestation a eu lieu à la jonction de Parlement Street et Parlement Square, à proximité immédiate du parlement de Westminster. Autour, la police a dressé un périmètre de sécurité, et interrompu la circulation dans un sens sur Parliament Street, en direction du 10 Downing Street, la résidence des Premiers ministres britanniques. Theresa May ne se trouvait pas à l'adresse la plus célèbre de Londres quand l'individu a été interpellé. Quelques policiers en gilet pare-balles étaient présents aux quatre coins du périmètre d'une centaine de mètres mis en place pour permettre le travail de la police scientifique. Les officiers de police scientifique ont méticuleusement examiné puis ouvert le sac a dos du suspect. Peu après 16 heure, ils ont achevé leur travail et s'apprêtaient à quitter les lieux. Le 22 mars, un homme avait foncé dans la foule avec son véhicule sur le pont de Westminster, qui enjambe la Tamise face à Big Ben, avant de poignarder mortellement un policier devant le Parlement. L'attaque avait fait cinq morts au total. Son auteur, Khalid Masood, un citoyen britannique converti à l'islam, avait été abattu. Douze personnes avaient été arrêtées dans la foulée mais avaient toutes été relâchées sans poursuites. (Avec AFP)  L'Obs "}