{"title": "métro de londres : ce que l'on sait de l'attentat revendiqué par l'etat islamique", "newspaper": "NouvelObservateur", "author": ["L'Obs avec AFP"], "date_publi": "2017-09-15", "theme": "Monde", "content": "Vendredi 15 septembre au matin, un attentat a eu lieu dans la station de métro Parsons Green, dans le sud-ouest de Londres, au Royaume-Uni. Vingt-neufs personnes ont été blessées dans l'explosion d'une bombe artisanale, un événement rapidement qualifié de \"terroriste\" par la police. Dans la soirée de vendredi, le groupe Etat islamique a revendiqué l'attaque via son agence de propagande. Voici ce que l'on sait sur ce cinquième attentat en six mois à frapper le Royaume-Uni.  Il est 8h20 quand les services de secours sont appelés pour intervenir à la station de métro Parsons Green, située dans un quartier aisé du sud-ouest de Londres. Plusieurs témoins font état d'une explosion dans une rame et de plusieurs personnes brûlées au visage.\n We have a number of resources on scene at #ParsonsGreen including @LAS_HART. More information will follow https://t.co/TciNtAa8dO pic.twitter.com/ZUWpHz7CTn Les environs de la station sont bouclés par la police, qui dresse un cordon de sécurité et poste des hommes équipés de fusils d'assaut. Les services d'ambulance et les pompiers sont dépêchés en nombre, avec du personnel entraîné à intervenir dans des conditions dangereuses. The Met’s Counter Terrorism Command are investigating after the incident at #ParsonsGreen tube station is declared a terrorist incident \n\n Deux heures après, la police britannique qualifie l'explosion d'acte \"terroriste\". Ce vendredi, dans la soirée, le groupe Etat islamique a revendiqué l'attaque. \"L'attentat à la bombe dans le métro de Londres a été mené par (...) l'Etat islamique\", a indiqué Amaq, l'organe de propagande du groupe djihadiste, dans un communiqué diffusé sur les réseaux sociaux. L'attentat a été perpétré à l'aide d'un \"engin explosif artisanal\", a déclaré le commandant de l'unité antiterroriste de la police londonienne, Mark Rowley. Selon Sky News, la police étudie la piste d'une bombe artisanale qui n'a pas totalement explosé. \"L'engin explosif était destiné à faire d'énormes dégâts\", a pour sa part déclaré la Première ministre Theresa May dans un message télévisé, à l'issue d'une réunion d'urgence de sécurité de son cabinet.  Des photos diffusées sur Twitter montraient ce qui pourrait être l'origine de l'attentat : un seau blanc en train de brûler dans un sac en plastique de supermarché à l'intérieur d'une rame de métro, à proximité des portes automatiques, et dont sortaient des fils électriques. Cela suggère que \"'l'explosion n'a que partiellement réussi\", confirme Hans Michels, professeur d'ingénierie chimique à l'Imperial College de Londres, dans un communiqué. \"Une grande partie du seau semble être encore intacte et aucune des victimes ne présente de blessures mortelles.\" ???????? LONDON: Incredible footage showing people stopping to look at a suspected explosive device. #ParsonsGreen pic.twitter.com/VVxUolvtIS Un témoin, Peter Crowley, a dit avoir vu \"une boule de feu\" lors de l'explosion, et posté sur son compte Twitter des photos montrant son front brûlé. 'The fireball singed all my hair,' says Peter Crowley caught up in Parsons Green fire. pic.twitter.com/WrlZ3qriih Vingt neuf personnes ont été blessées ont indiqué les services de santé mais aucun grièvement. Selon les services d'ambulances londoniens, les blessés ont été hospitalisés dans trois hôpitaux, \"principalement pour des blessures mineures\". Following the incident at #ParsonsGreen this morning we have taken 19 patients, mostly with minor injuries to three London hospitals. pic.twitter.com/1Y3dpTJifA \n\n \"Ça sentait le plastique brûlé\", a raconté Louis Hather, 21 ans, blessé à une jambe dans la bousculade qui a suivi l'explosion et qui a décrit \"une femme amenée sur un brancard dans une ambulance avec des brûlures sur tout le corps\".  La Première ministre Theresa May a adressé \"ses pensées\" aux blessés et aux services d'urgence qui \"une fois de plus, ont réagi rapidement et courageusement à un incident terroriste présumé\". PM: My thoughts are with those injured at Parsons Green and emergency services who are responding bravely to this terrorist incident. \n\n \"Nous ne nous laisserons jamais ni intimider ni battre par le terrorisme\", a assuré de son côté le maire de Londres Sadiq Khan, condamnant les \"individus infâmes qui ont tenté d'utiliser la terreur pour nous blesser, et détruire notre mode de vie\". The @metpoliceuk have confirmed that the explosion on a train at Parsons Green Station is being treated as terrorism https://t.co/4jRHedcBXt pic.twitter.com/Vbt5uCFpih \"Dans cette situation douloureuse, nous sommes aux côtés de nos amis britanniques\", a assuré un porte-parole de la diplomatie allemande, Martin Schäfer. \"Nous sommes très inquiets après ce qui s'est passé\". Cet attentat \"nous conforte dans le fait qu'il faille intensifier et améliorer au niveau international la lutte contre le terrorisme islamiste\", a réagi la chancelière allemande Angela Merkel en marge d'une rencontre avec le Premier ministre français Edouard Philippe. Ce dernier a adressé ses \"pensées aux blessés\". Le président américain Donald Trump a de son côté évoqué sur Twitter les \"terroristes ratés\", \"des gens malades et déments qui étaient dans la ligne de mire de Scotland Yard\". Ce qui a eu le don d'énerver son homologue britannique, les autorités n'ayant encore rien révélé de l'identité des auteurs de l'attaque. \"Je pense qu'il n'est d'aucune aide pour quelqu'un de spéculer sur une enquête en cours\", a affirmé Mme May. Another attack in London by a loser terrorist.These are sick and demented people who were in the sights of Scotland Yard. Must be proactive! \n\n \"Je vais appeler la Première ministre\", a ensuite prévenu Donald Trump. Cet attentat intervient après une série d'attaques, la plupart revendiquée par le groupe Etat islamique (EI), qui ont endeuillé le Royaume-Uni ces derniers mois, notamment à Manchester en juin (22 morts). A Londres en mars, un assaillant avait utilisé un véhicule pour percuter des passants sur le pont de Westminster avant de poignarder un policier, faisant 5 morts. Deux mois plus tard, des hommes à bord d'une camionnette avaient foncé contre des passants sur le London Bridge avant d'en poignarder plusieurs. En juin, un véhicule fonce sur une foule de fidèles qui sortent de la mosquée de Finsbury Park (nord de Londres), faisant un mort et une dizaine de blessés.  (avec AFP) L'Obs avec AFP Journaliste "}