{"title": "dans le monde, le terrorisme tue un peu moins mais s'étend à toujours plus de pays", "newspaper": "NouvelObservateur", "author": ["Timothée Vilars"], "date_publi": "2017-11-15", "theme": "Terrorisme", "content": "Moins de morts, mais toujours plus de pays touchés : en tout, 77 pays ont eu à déplorer une attaque sur leur sol en 2016, contre 65 l'année passée, montre le dernier rapport \"Global Terrorism Index\", publié ce mercredi 15 novembre par l'Institute for Economics & Peace (IEP), think tank basé à Sydney. Cette étude annuelle, l'une des plus ambitieuses sur le terrorisme international, se fonde sur plusieurs bases de données mondiales, notamment celle du Consortium national pour l'étude du terrorisme et des réponses au terrorisme (START). En un an, la France est passée de la 29e à la 23e place du classement des pays les plus touchés par le terrorisme. C'est le pays en paix et le membre de l'OCDE le plus touché par le terrorisme : 283 morts ces trois dernières années, et pas moins de 104 attaques dont 26 déjouées. Sur ces 104 attaques ou tentatives d'attaques recensées, presque la moitié (48) étaient liées à Daech d'une façon ou d'une autre.  Mais le terrorisme se concentre sur certaines zones bien précises : 94% de tous les décès liés au terrorisme sont constatés au Moyen-Orient, en Afrique du Nord, en Afrique subsaharienne et en Asie du Sud. En 2016, 16 attaques terroristes ont été plus meurtrières que l'attentat au camion du 14-Juillet à Nice (87 morts) : parmi elles, 11 ont eu lieu en Irak, toutes sont l'œuvre de Daech. L'Amérique centrale et les Caraïbes sont elles les régions les moins touchées, avec \"seulement\" 12 décès.\n  Pour autant, le nombre global de victimes du terrorisme (25.673) a baissé pour la deuxième année consécutive (-13%) : une statistique à laquelle le recul de Boko Haram, l'organisation salafiste qui ensanglante le Nigeria depuis 2009, n'est pas étranger. \"Quatre des cinq pays les plus touchés - la Syrie, le Pakistan, l'Afghanistan et le Nigéria - ont enregistré une baisse importante du nombre de décès\", note Steve Killelea, directeur exécutif de l'IEP. L'impact économique mondial du terrorisme s'élève à 84 milliards de dollars en 2016, un chiffre lui aussi en baisse (78 milliards de dollars en 2015).  Pour autant, rappelle le directeur du think tank australien, il subsiste de nombreux sujets de préoccupation. \"La stabilité future de la Syrie et celle de l'Irak joueront un rôle crucial dans l'évaluation de l'impact du terrorisme dans les années à venir\", souligne Steve Killelea. A elles seules, les attaques menées par Daech ont tué 9.132 personnes en 2016 (la majorité en Irak), 50% de plus qu'en 2015.  29e du classement en 2016, la France progresse de 6 places. (L'Obs/IEP) 2016 a été l'année la plus sanglante pour les pays de l'OCDE, depuis 2001 et les attentats du World Trade Center. Mais la réponse militaire à Daech dans la zone irako-syrienne, et les capacités décroissantes du groupe ont coïncidé avec une baisse significative du nombre de décès : 82 dans la première moitié de 2017, à comparer aux 265 morts de l'année 2016. \"Les améliorations des stratégies antiterroristes ont déjoué plus d'attaques que  les années précédentes. Ceci reflète en partie une allocation de ressources plus importantes à la lutte contre le terrorisme ainsi que des stratégies plus efficaces\", analyse l'IEP. \"Deux attaques sur dix ont été évitées en 2014 et 2015 tandis que trois attaques sur dix ont été déjouées en 2016.\"  Un constat qui fait malheureusement des émules. Depuis l'attentat de Nice, en juillet 2016, au moins 13 autres attaques utilisant des véhicules ont été menées dans les pays de l'OCDE, dont l'attentat du 31 octobre 2017 à Manhattan. Onze de ces attaques visaient explicitement des civils, et au moins six visaient la foule.  T. V. Timothée Vilars Journaliste "}