{"title": "\"on a été bercé d’illusions\" : une victime de l'attentat de nice conteste son indemnisation", "newspaper": "NouvelObservateur", "author": ["L'Obs"], "date_publi": "2017-02-27", "theme": "Terrorisme", "content": "Natacha Buchet a perdu sa mère, Jacqueline, 64 ans, dans l'attentat de Nice, le 14 juillet 2016. Début février, le Fonds de garantie des victimes des actes de terrorisme (FGTI), lui a proposé 37.000 euros, à elle, ainsi qu'à son frère. Son avocat,  Maître Morain, avait demandé 330.000 euros. Aujourd'hui, elle conteste le montant de cette indemnisation et devrait, selon les témoignages recueillis par France Info et Le Parisien, déposer une requête devant le tribunal de grande instance de Créteil pour un recours.  Jacqueline habitait à quelques kilomètres du domicile de sa fille et s'occupait de ses deux petites-filles pendant les vacances et les mercredis de chaque semaine car Natacha Buchet était célibataire. Sans sa mère, elle doit faire face seule à d'importantes difficultés sur le plan financier. Selon la radio, le FGTI n'a pas pris en compte le préjudice économique, ni le préjudice d'attente (Natacha Buchet n'a su que quatre jours après l'attentat que sa mère était décédée) et d'inquiétude, pour calculer l'indemnisation.   \"On a été bercé depuis plusieurs mois au travers des discours, des commémorations, de propos disant que tout serait fait par la nation pour réparer, autant que faire se peut, la douleur des victimes. Et ce tout devient un presque rien, d’où l’indignation\", a expliqué Maître Morain à France Info. Interrogé par \"Le Parisien\", il a ajouté que cette offre était \"contraire au principe de la réparation intégrale du préjudice\", qui suppose \"un véritable examen individuel\" de chaque situation. Juliette Méadel, la secrétaire d'Etat chargée de l'Aide aux victimes, a réagi sur France Info : \"Dans un cas comme celui-ci, quelle que soit la somme proposée, ce n'est jamais assez. Il n'y a pas d'indemnisation de la douleur qui corresponde à la douleur. On ne peut pas avec une réparation financière éponger et cautériser une blessure qui est celle que l’on a lorsque l'on a perdu un enfant ou un parent\" [...] \"Le débat financier est souvent un débat qui vient en réalité tenter de réparer une profonde blessure, mais ce n'est jamais complètement satisfaisant.\" Stéphane Gicquel, le délégué de la Fenvac (Fédération nationale des victimes d'attentats) estime, dans \"Le Parisien\" que \"cette galère-là, tout le monde s'en fiche...\" soulignant \"la froideur de la logique statistique\" du traitement des dossiers d'indemnisation. \"Il y a beaucoup d'incompréhension\", constate-t-il. \"Les gens reçoivent un courrier où leur est proposé le versement de 80 % d'une somme. Ils se sentent blessés que l'on ne s'intéresse pas à leur histoire\", dit-il encore.  L'Obs "}