{"title": "qui est robert mueller, le procureur spécial nommé sur l'enquête sur trump et la russie ?", "newspaper": "NouvelObservateur", "author": ["Charlotte Cieslinski"], "date_publi": "2017-05-18", "theme": "L'Amérique selon Trump", "content": "C'est un revers et une surprise pour la Maison-Blanche : dans une atmosphère plombée par les soupçons de pressions, un procureur spécial vient d'être désigné par le ministère de la Justice pour superviser et garantir l'indépendance de l'enquête sur les soupçons d'ingérence russe dans l'élection américaine. Cette mission, rare, incombe à Robert S. Mueller III, ex (et très respecté) patron du FBI, sous George W. Bush, puis Barack Obama.  Sa nomination, annoncée mercredi soir par Rod Rosenstein, n°2 du ministère de la Justice, a été applaudie outre-Atlantique... mais a fait grincer des dents Donald Trump, qui a fraîchement réagi, par communiqué : Très rare dans les sagas politico-judiciaires aux Etats-Unis, le procureur spécial est un super enquêteur aux pouvoirs élargis et à l'indépendance renforcée. Qui est donc Robert Muller et quelles seront ses prérogatives ?   Robert Mueller devient donc à 72 ans le chef de l'enquête sur les soupçons de collusion entre Donald Trump et le pouvoir russe. Il sera, grâce à ce statut de procureur spécial -\"special counsel\" en anglais -, beaucoup plus indépendant qu'un procureur normal ou que le patron du FBI, fonction qu'il a exercée pendant douze ans, pendant les présidences de Georges W. Bush et de Barack Obama.  Cet-ex grand patron de la police fédérale se retrouve chargé de mener les investigations sensibles sur l'ingérence russe dans l'élection présidentielle de 2016 et une possible collusion entre Moscou et des membres de l'équipe de campagne de Donald Trump.  Contrairement à un simple procureur fédéral, un procureur spécial (autrefois appelé \"indépendant\") dispose d'une plus grande latitude d'action. Il est nommé quand de fortes suspicions de conflit d'intérêt gangrènent une enquête touchant à des institutions clés du pouvoir, ou encore quand des \"circonstances extraordinaires\" le justifient au nom de \"l'intérêt du public\". Son périmètre d'investigations inclut \"tout lien et/ou coordination entre le gouvernement russe et des individus associés à la campagne du président Donald Trump\", mais aussi \"tout sujet\" découlant de ces investigations, ce qui lui donne de facto les coudées franches. L'opposition réclamait unanimement la nomination d'un procureur spécial depuis le limogeage soudain du directeur du FBI James Comey, le 9 mai, soupçonnant une tentative d'entrave à la justice.  Depuis cette éviction brutale, la presse a rapporté que Donald Trump aurait fait pression sur James Comey pour qu'il classe le volet de l'enquête concernant Michael Flynn, son éphémère conseiller à la Sécurité nationale soupçonné de jeux troubles avec les Russes. Le premier policier des Etats-Unis aurait refusé, mais consigné cette conversation dans des notes qui ont commencé à fuiter dans les médias. La nomination de Robert Mueller a donc été accueillie avec soulagement et applaudie chez les républicains comme chez les démocrates. Dianne Feinstein, sénatrice démocrate, a déclaré : Mueller is a great selection. Impeccable credentials. Should be widely accepted. \"Mueller est un superbe choix. Un CV impeccable. Il devrait être largement accepté\", a tweeté l'élu républicain Jason Chaffetz. \"Un choix excellent\", a abondé la sénatrice républicaine Susan Collins.  Désormais, Robert Mueller ne peut être démis que pour faute. Ou si Donald Trump ordonne à Rod Rosenstein, n°2 du ministère de la Justice, de le virer. Mais la dernière fois qu'un président a ordonné de démettre de ses fonctions un procureur spécial... c'était Richard Nixon, rappelle le \"New York Times\" dans son édito du jour, intitulé \"le Procureur spécial dont l'Amérique a besoin\".  Pour rappel, l'un des procureurs spéciaux les plus connus reste justement Archibald Cox, qui enquêtait sur l'espionnage du parti démocrate dans l'immeuble du Watergate, à Washington. Le président Richard Nixon l'avait sèchement limogé lors d'un épisode baptisé le \"Massacre du samedi soir\", au cours duquel le ministre de la Justice Elliot Richardson et son adjoint William Ruckelshaus avaient démissionné. L'affaire coûta finalement son poste au président Nixon.  C'est aussi un magistrat équipé de pouvoirs similaires, Kenneth Starr, qui avait failli faire tomber le président démocrate Bill Clinton dans l'affaire Whitewater, devenue affaire Monica Lewinsky, dans les années 1990.   Charlotte Cieslinski Journaliste "}