{"title": "attentat de londres : theresa may rattrapée par son bilan à l'intérieur", "newspaper": "NouvelObservateur", "author": ["L'Obs"], "date_publi": "2017-06-06", "theme": "Terrorisme", "content": "Déjà embarquée dans une campagne plus chahutée que prévue pour les législatives du 8 juin, la Première ministre britannique Theresa May est plus que jamais mise en difficulté par l'attentat commis samedi à Londres. Au centre de la polémique : ses six années passées au ministère de l'Intérieur, de 2010 à 2016, et la politique d'austérité qu'elle y a menée.  Près de 20.000 postes de policiers ont été supprimés durant cette période en Angleterre et au Pays de Galles, selon des données gouvernementales.\n La population ne peut pas se satisfaire d'une protection \"au rabais\", a lancé Jeremy Corbyn, leader de l'opposition travailliste, dans un discours à Carlisle lundi 5 juin.  Le maire travailliste de Londres Sadiq Khan a aussi mis en garde ce mardi sur la BBC contre le maintien au pouvoir des Tories. \"Nous aurions moins de policiers\", a-t-il dit. Pour Tim Farron, leader des libéraux-démocrates, également critique, \"Theresa May passe sous silence ses mauvais choix, en tant que ministre de l'Intérieur et Première ministre, et reste sur le mauvais chemin\". En guise de réponse, Theresa May a affirmé lundi que les conservateurs avaient \"préservé les budgets de la police, malgré le fait que le parti de Jeremy Corbyn ait réclamé d’importantes réductions budgétaires dans ce domaine\". Elle n'a toutefois pas répondu aux questions sur la baisse du nombre de policiers ou promis de nouveaux moyens. Robert Quick, ancien responsable de l’antiterrorisme de 2008 à 2009, assure que les baisses de financement ont affaibli la police de proximité, notamment à Londres. Il explique au \"Guardian\" :  Un des trois auteurs de l'attaque de Londres était connu des services de police et de renseignement et avait même participé à un documentaire de Channel 4 intitulé \"Mes voisins les djihadistes\". Plusieurs autres responsables de la police, également cités par le quotidien britannique, abondent : les mesures d'austérité ont, dit l'un d'eux, \"augmenté les risques\". Peter Kirkham, ancien responsable de la police de Londres, avait déjà estimé dimanche su Sky News que la police était \"en crise en raison des coupes budgétaires\" : A deux jours des législatives, le parti conservateur reste en tête des sondages, mais l'écart avec les travaillistes s'est nettement resserré. Selon une enquête Survation publiée mardi et réalisée auprès de 1.103 personnes, les Tories sont en baisse de 2 points à 42%, contre 40% pour le Labour, en hausse de 3 points. A.R. avec AFP L'Obs "}