{"title": "taubira défend un français condamné au maroc ", "newspaper": "NouvelObservateur", "author": ["Elsa Vigoureux"], "date_publi": "2017-02-01", "theme": "Société", "content": "Thomas Gallay comparaît ce mercredi à 12h30, en appel, devant la cour d'assises à Rabat. Son avocat Frank Berton doit plaider, mais le Maroc lui refuse le droit de plaider en français... Ce qui pose problème compte tenu de sa maîtrise de l'arabe.   Le 1er février, n'étant plus tenue par le devoir de réserve, Christiane Taubira avait alerté l'opinion dans \"l'Obs\" au sujet de la détention de cet homme. Condamné par la cour d’assises spéciale de Rabat à six ans de prison pour \"soutien financier à des personnes en vue de la commission d’actes terroristes\", cet expatrié français clame son innocence. Christiane Taubira revendique pour lui \"le droit à un procès équitable\". Elle déplore l'abandon, par la gauche, du combat pour les droits de l'Homme \"en net recul dans notre pays\"...\n  C’est la première fois qu’un ancien garde des Sceaux se mobilise pour une personne détenue. Pourquoi avez-vous été sensible à la situation de Thomas Gallay, retenu dans les geôles marocaines depuis bientôt un an ? Je me suis renseignée sur ce dossier en interrogeant son avocat. J’ai appris que ce ressortissant français avait été jugé et condamné sur le fondement de procès-verbaux qu’il a signés, alors qu’ils étaient rédigés en arabe, langue que Thomas Gallay ne parle ni n’écrit. Cela n’est pas acceptable. Thomas Gallay a droit, comme tout ressortissant français, aux protections fondamentales de l’Etat. Et au premier titre de celles-ci, quand bien même Thomas Gallay s’avérait coupable des faits qui lui sont reprochés, il a droit à un procès équitable. Qu’avez-vous entrepris pour l’aider dans ce sens ? Je me suis rapprochée de Jean-Marc Ayrault, ministre des Affaires étrangères. Je lui ai dit que la question de la langue est fondamentale. Toute personne doit avoir les moyens de comprendre ce dont on l’accuse, et doit pouvoir s’assurer que la retranscription de ses propos correspond bien aux déclarations qu’il signe. J’ai moi-même, en tant que garde des Sceaux, fait introduire la présence de l’avocat et d’un interprète dans le cadre de l’audition d’un suspect libre. Il s’agissait de la transposition d’une directive européenne. Cette disposition rappelle que la France prend au sérieux les droits de la défense. D'aucuns pourraient estimer que c'est s'ingérer dans la justice marocaine. Il ne s’agit aucunement d’ingérence, seulement de rappeler que le droit de se défendre est fondamental. La France et le Maroc, qui sont tous deux des Etats de droit, ne devraient pas avoir de divergence sur cette question. Les constitutions de nos deux pays exigent le respect des droits fondamentaux. L’exprimer ne constitue pas un impair diplomatique. Pourquoi, concernant le cas de Thomas Gallay, la France ne réagit-elle donc pas \"normalement\", selon vous ? Je pense que la pression est très forte concernant le risque terroriste et chacun craint d’être accusé de potentielle complaisance. Nous sommes tétanisés sur le sujet. Il faut rassembler beaucoup de courage pour affirmer le droit, rappeler que si quelqu’un a commis un acte terroriste, il faut établir les faits. On ne peut faire comme s’il n’y avait plus de présomption d’innocence, ni d’innocence même concevable. Il faut bien se rendre compte que les droits de l’homme sont en net recul dans notre pays. C’est un mouvement qui dépasse largement le cas de Thomas Gallay… Oui. Et toute la classe politique française en est responsable. Mais la gauche, par idéal, par doctrine, et par son histoire, plus encore. Elle s’est construite sur des valeurs humanistes, afin de veiller sur l’individu et au respect de ses droits, elle est donc dépositaire plus que tout autre parti des progrès en matière de droits de l’homme. Mais la gauche s’est laissée intimider, en se retranchant sur des positions défensives de façon à éviter le risque de la critique. Et ce repli l’affaiblit considérablement aujourd’hui. Pensez-vous que l’opinion publique adhère à cette triste évolution ? C’est toute l’ambiguïté. Les politiques sous-estiment la capacité des Français à renouer avec leurs valeurs. Le mariage pour tous et le débat sur la déchéance de nationalité l’ont montré. Les Français sont prêts à écouter les arguments qui leur sont présentés, mais il faut pour cela accepter de mettre les sujets au débat. C’est un risque, il faut le prendre, il peut se payer cher. Pour ma part, je n’ai jamais regretté d’en avoir pris. Comment cela vous en a-t-il coûté ? Les critiques se sont déchaînées sur plusieurs sujets. Sur l’individualisation des peines en supprimant les peines-plancher, sur la contrainte pénale, par exemple. Mais la défense des droits fondamentaux vaut que l’on prenne des risques sur soi. Il y a des élus capables de résister. Je pense au maire de Grande-Synthe, aux associations, aux personnes qui aident et défendent les migrants, nous voyons à quel discrédit systématique ils doivent faire face chaque jour. Ce grand mouvement de recul des droits de l’homme est une grande victoire de la droite. Pas seulement politique. Pis encore, il s’agit d’une victoire culturelle. Car même la gauche a renoncé. Propos recueillis par Elsa Vigoureux Elsa Vigoureux Journaliste "}