{"title": "terrorisme : menaces sur les magistrats belges ?", "newspaper": "NouvelObservateur", "author": ["Vincent Monnier"], "date_publi": "2016-01-30", "theme": "Société", "content": "À notre arrivée dans la salle d'audience, une avocate nous avait prévenu : \"Vous allez voir, ils sont en grande forme aujourd'hui !\", glissa-t-elle ironiquement en parlant des magistrats de la cour d'appel.  Quelques minutes plus tôt, alors que l'audience n'avait pas encore débuté, le président de la cour d'appel, Pierre Saint-Rémy avait soudainement quitté son fauteuil pour se diriger vers les photographes et les équipes de télévision qui, depuis l'extérieur de la salle, faisaient quelques images et clichés d'ambiance. Mais l'ambiance en question était des plus tendues vendredi matin au palais de justice de Bruxelles. \"J'avais dit pas d'images\", lança le magistrat, énervé, menaçant même d'éventuelles poursuites judiciaires les récalcitrants. Les policiers en prirent aussi pour leur grade : \"Je regrette que la police n'applique pas mes consignes\", pesta le juge. Une tension pas tout à fait anodine : le procès en appel de quatre membres de la filière Zerkani qui devait débuter ce vendredi 29 janvier était le plus gros dossier lié au djihadisme jugé depuis le 13 novembre. Il présentait en outre de nombreuses connexions avec les terroristes des attentats parisiens.   Entre 2012 et 2014, ce réseau bruxellois ayant à sa tête Khalid Zerkani, gourou d'une quarantaine d'années au charisme improbable, avec ses cheveux longs, son crâne dégarni, ses kilos en trop et son survêtement noir, aurait envoyé près d'une trentaine de personnes en Syrie entre 2012 et 2014. \n Autour de cette filière se finançant par des larcins gravitaient Abdelhamid Abaaoud et Chakib Akrouh, deux des terroristes du 13 novembre, mais aussi Gelel Attar, bras du gourou du groupe Khalid Zerkani et récemment arrêté au Maroc en raison ses liens avec Akrouh et Abaaoud. Tué en Syrie, Souleymane Abrini, le frère de Mohamed Abrini, soupçonné d'avoir participé aux attentats parisiens et aujourd'hui en fuite, évoluait lui aussi dans cette filière, particulièrement active sur la commune de Molenbeek. Initialement prévu pour le 28 janvier, le procès avait déjà connu un faux départ. Le même président estimait que les conditions de sécurité n'était pas requises. L'audience fut donc renvoyée au lendemain. Dans la foulée, le Centre de crise organisait une réunion en urgence pour recevoir les doléances des magistrats. Mais juste après l'incident avec les photographes et les équipes de télévision, les magistrats de la 12e décidèrent de se retirer. Pour revenir quelques minutes plus tard :  Une illustration du niveau d'angoisse qui traverse actuellement le plat pays ? \"La désorganisation belge dans toute sa splendeur\", tranchait plutôt après coup un avocat. Un peu plus tard dans la soirée, l'expert en terrorisme Claude Moniquet révélait sur le plateau de RTL Info que quatre djihadistes partis en Syrie via la filière Zerkani seraient revenus en France. Un avis de recherche les décrivant comme dangereux et potentiellement armés aurait été lancé la semaine dernière. Vendredi, le dispositif de sécurité autour du palais de justice de Bruxelles semblait pourtant important : camions de l'armée garés aux alentours, militaires quadrillant les abords du Palais de justice, double fouille pour accéder aux salles d'audience, policiers en nombre...  Cependant, selon la \"Libre Belgique\", des magistrats belges chargés de juger les affaires de terrorisme se plaindraient depuis quelques temps du manque de sécurité les entourant. Voici quelques années, ils disposaient d'une escorte policière, de voitures blindées et d'un gilet pare-balles pour se rendre au tribunal.  Ce ne serait plus le cas aujourd'hui alors que le niveau d'alerte du pays est passé au niveau 3 sur une échelle de quatre. En guise de compensation, un numéro de téléphone spécial aurait été mis à leur disposition, à composer en cas de danger. Selon la \"Libre Belgique\", un magistrat de la 12e chambre l'aurait récemment testé : il serait tombé sur un répondeur. Une anecdote digne d'une histoire belge.  Ce vendredi 29, au même palais de justice de Bruxelles, à la même heure où devait se tenir le procès Zerkani, mais un étage plus bas, le tribunal correctionnel rendait lui son verdict dans le procès d'une autre filière ayant pour figure de proue, Jean-Louis Denis, dit le Soumis, un converti très médiatique, devenu \"l'émir\" pour Bruxelles du groupe Sharia4Belgium avant de se servir des \"Restos du Tahwid\", une association de repas pour les plus pauvres, comme d'un alibi pour diffuser ses idées radicales et convaincre de jeunes belges de partir combattre pour la Syrie. À l'étage -1, les conditions de sécurité étaient visiblement davantage remplies qu'à l'étage supérieur : Jean-Louis Denis écopa de dix ans de prison. Ce prédicateur de rue tenait d'ailleurs de nombreuses réunions avec Khalid Zerkani. Lequel doit comparaître à la mi-février dans le procès d'une autre filière syrienne. Vu le nombre d'affaires qui se succèdent, la justice belge va devoir rapidement régler ses soucis de sécurité. Vincent Monnier Vincent Monnier Journaliste "}