{"title": "appel au djihad : un attaché parlementaire ps soupçonné d’apologie du terrorisme", "newspaper": "NouvelObservateur", "author": ["L'Obs"], "date_publi": "2017-02-22", "theme": "Terrorisme", "content": "C'est son profil Facebook qui a alerté une responsable associative. La page est tenue par l'attaché parlementaire d'un sénateur socialiste est parsemée d'images d'égorgements, d'appels au djihad ou bien de critiques des koufars (\"mécréants\", dans la propagande djihadiste). Il fait aujourd'hui l'objet d'une enquête pour apologie du terrorisme, révèle ce mercredi 22 février \"le Canard Enchaîné\". Interrogé par l'hebdomadaire satirique, le sénateur concerné confirme avec embarras l'existence de cette enquête, ouverte le 25 janvier dernier par le parquet de Paris. Les investigations ont été confiées à la brigade de répression de la délinquance contre la personne (BRDP).   Le sénateur socialiste précise au \"Canard\" qu'il savait que son collaborateur était musulman pratiquant. Et qu'il avait par le passé été condamné pour violences conjugales. Mais, \"il a payé pour ça\", estime son patron. Pour le reste, balaie-t-il...\n\"Je ne crois que ce que je vois.\"\n Dans un premier temps, la responsable associative qui a repéré ces contenus diffusés sur Facebook a alerté le sénateur pour lequel le collaborateur travaillait. La page a alors été un temps désactivée... avant de réapparaître en langue arabe, d'après l'hebdomadaire. C'est à ce moment que la responsable, dont \"le Canard\" précise qu'elle est \"militante du dialogue interreligieux\", a alerté les autorités policières. C.C. L'Obs "}