{"title": "une tuerie de masse par jour aux etats-unis, plus de morts que par le terrorisme", "newspaper": "NouvelObservateur", "author": ["Juliette Pousson"], "date_publi": "2015-10-02", "theme": "Monde", "content": "Dix morts sur un campus de l'Oregon ce jeudi, un double homicide en Virginie fin août, une fusillade dans un cinéma en Louisiane, fin juillet. Sans oublier la tuerie dans une église de Charleston en Caroline du sud, en juin. Les meurtres par armes à feu sont des drames quasi-quotidiens aux Etats-Unis et secouent presque tous les mois l’actualité internationale. \"Quelque part, c'est devenu une routine\", a déclaré Barack Obama lors de son discours post-fusillade ce jeudi soir. Le président des Etats-Unis a, une nouvelle fois, rappelé la nécessité de modifier la loi sur le port d'armes. Avant de lancer un défi aux médias : comparer le nombre de personnes tuées dans des attaques terroristes au cours de la décennie écoulée au nombre de citoyens américains tués par la violence par armes - même s'il est parfois difficile de faire le distinguo.  Aussitôt dit aussitôt fait. La chaîne de télévision NBC a dégainé les chiffres : 3.046 Américains sont morts dans des attaques terroristes entre 2001 et 2014. Plus de 153.000 personnes ont été victimes d'homicides par armes à feu entre 2001 et 2013, aux Etats-Unis. \n \n\n Les détenteurs d’armes à feu aux Etats-Unis provoquent donc davantage de ravages que les terroristes. Ils tuent aussi six fois plus qu’au Canada, 15 fois plus qu’en Allemagne et près de 50 fois plus qu’en France. Pas étonnant au regard de leur législation sur le port d’armes. Un droit protégé par la Constitution du pays et qui fait pleinement partie de la culture américaine.   Avec près de 30.000 morts par an, les Etats-Unis se situent en tête des pays développés dans le tragique classement établi par le \"Guardian\" en 2012. Sur l'ensemble des pays, ils se situent toutefois derrière le Salvador, la Jamaïque ou encore le Venezuela. Le site GunsAreCool est même allé jusqu’à relever toutes les \"fusillades de masse\". Terme employé quand au moins quatre personnes sont mortes, le tireur inclut. Le site indique qu’il y a eu 294 \"fusillades de masse\" aux Etats-Unis, depuis le début de l’année 2015. Entre la dernière tuerie très médiatisée qui avait causé la mort de deux journalistes le 26 août et celle du jeudi 1er octobre, 47 \"fusillades de masse\" se sont ainsi produites.   Les données ont notamment été reprises dans une carte créée par Vox, et ajoutées aux autres tueries qui se sont produites depuis décembre 2012. Date à laquelle un homme avait ouvert le feu dans l’école Sandy Hook de la ville de Newtown (nord-est). Il avait tué 20 enfants et 6 adultes. Depuis, 986 \"fusillades de masse\" ont blessé plus de 3.565 personnes et tué au moins 1.234 autres.  Les Etats-Unis, qui ne représentent que 4,4 % de la population mondiale, détiennent un peu moins de la moitié des armes possédées par des civils présentes dans le monde. Le lobby pro-armes à feu récolte d’ailleurs 8,5 milliards de dollars de recettes chaque année et ne compte pas restreindre ce marché fructueux.   Malgré les massacres perpétrés par des détenteurs d’armes, les \"pro-guns\" continuent d'imposer leur argument phare : \"Comment arrêter un homme mauvais armé d’un flingue ? Avec un homme bon armé d’un flingue\". Selon eux, il faudrait vendre davantage d’armes pour calmer la violence. Au lendemain de la tuerie de Charleston, Charles L. Cotton, membre du Conseil d’administration de la National Rifle Association (NRA) - qui a pour but de promouvoir les armes à feu - avait même remis en cause le pasteur Clementa Pinckney, l’une des victimes de la fusillade, et son discours anti-armes, rappelle \"Le Figaro\". D’après lui, le massacre aurait pu être évité si le pasteur avait autorisé les membres de son église à porter une arme pendant l’office… Pourtant, sur les 8.855 homicides \"criminels\" en 2012, seuls 258 étaient \"justifiables\" (quand l’arme est utilisée contre une personne en train de commettre un crime), relate le \"Washington Post\". Dans la plupart des cas, l’arme à feu sert à tuer son propre détenteur. En 2013, plus de 21.000 Américains se sont suicidés. Près de 11.000 personnes ont été coupables d'homicides la même année.   Juliette Pousson Juliette Pousson Journaliste "}