{"title": "terrorisme : l'italie craint d’être la cible d'un attentat", "newspaper": "NouvelObservateur", "author": ["Marcelle Padovani"], "date_publi": "2016-08-23", "theme": "Monde", "content": "Les infos s’accumulent, qui dessinent un djihad italien prêt à passer à l’acte. Les plus récentes, révélées par le Corriere della Sera des 14 et 15 août, évoquent une hypothèse suffisamment inquiétante pour que le Copasir (les services secrets italiens) les reprenne à son compte et avertisse de l’imminence du danger terroriste. Le Copasir a été averti par son homologue libyen et par le commandement italien des gardes-côtes que \"l’Etat islamique possède encore le contrôle du port commercial de Syrte. Qu’il y a dissimulé des rafiots semblables à ceux qu’utilisent les migrants, et qu’il pourrait expédier en Italie, la côte la plus proche, des dizaines voire des centaines de combattants contraints à l’exil en Europe\".  Les mêmes informateurs ont confirmé l’existence d’une cellule de militants djihadistes à Milan, qui serait associée au Tunisien Abou Nassim, 47 ans, qui a vécu en Lombardie pendant sa jeunesse avant d’aller combattre en Afghanistan, en Syrie puis en Libye. Cette cellule serait prête à commettre un attentat.\n Ce même Nassim, si l’on en croit le site en anglais Libya Herald, serait maintenant entre les mains de forces fidèles au général Khalifa Belqasim Haftar, chef de l’Armée nationale libyenne. Des arrestations récentes ne font qu’amplifier les appréhensions. Citons pour commencer le cas de Mahmoud Jirad, 23 ans, qui portait en toutes circonstances une djellaba blanche, récitait le Coran de manière obsessionnelle, enregistrant sa voix monocorde sur son téléphone portable, et envoyant sur What’s App des passages entiers des écrits du Prophète au \"Forum des salafistes\" en Syrie. Il appelait aussi à \"verser le sang\". \"Ma vie, c’est le djihad\", ajoutait volontiers ce Syrien arrêté le 3 août dernier à Varèse (Lombardie).  Accusé d’appartenir au groupe terroriste d’al-Nosra, il animait lui aussi, selon la Digos (l'antiterrorisme), un véritable réseau de recrutement. C’est l’un des mille petits signaux d’alarme récents qui font penser que l’Italie est en train de changer de statut par rapport au terrorisme djihadiste. Jusqu’ici miraculeusement épargnée, assignée au rôle d’observateur des attentats des autres (France, Belgique, Allemagne), l'Italie sent qu’elle est en train de basculer et de devenir elle-même une cible. Pas seulement parce que le Vatican et ses 44 hectares se trouvent sur son territoire, et que Daech, à travers son magazine officiel \"Dabiq\", a plusieurs fois appelé ses \"soldats\" à \"frapper Rome\", à \"hisser le drapeau noir sur la coupole de Saint-Pierre\" et conçu une vidéo qui proclame \"nous arriverons à Rome\" sur une photo de la Piazza Navona... Non, ce ne sont pas ces avertissements répétés et pour ainsi dire \"escomptés\", comme nous précise un membre de la Digos, qui inquiètent les responsables italiens, mais d’autres, qui font penser que la Péninsule a cessé d’être off limits pour le djihad.  Cent neuf sympathisants de Daech ont été expulsés depuis le début de l’année. Cinq cents enquêtes judiciaires contre des \"cellules islamistes\" et des \"loups solitaires\" sont en cours. Elles concernent des terroristes présumés qui avaient des contacts avec des foreign fighters, ou avec des milieux liés au fondamentalisme, qui glorifiaient l’Etat islamique, soit en fréquentant des sites internet spécialisés, soit en se faisant remarquer dans des mosquées, des centres culturels ou des prisons pour leur militantisme (le ministre de la Justice estime à 350 le nombre des sympathisants de la terreur actuellement en prison). On peut citer parmi les appréhendés le magasinier Aftab Farooq, ex champion de cricket ; le Macédonien Abdula Kurtishi ; le Marocain Abderrahim Moutaharrik, boxeur de niveau international ; Abdula Salih, ex-combattant peshmerga du Kurdistan. Mais l’arrestation qui a le plus frappé c’est celle, le 5 août, de Mohamed Khemiri, un Tunisien de 41 ans, résidant dans la province de Caserte, qui se faisait appeler \"Bin Laden\", invitait sur Facebook à \"tuer Obama\", et se disait également persuadé que l’attentat contre Charlie Hebdo était \"l’œuvre des Israéliens\". Mais s’il a fini en prison, ce n’est pas pour les raisons ci-dessus énumérées, mais parce qu’il est accusé d’être à la tête d’une organisation qui procurait des faux papiers aux immigrés, de s’être spécialisé dans l’organisation de \"mariages arrangés\" entre demandeurs d’asile et Italiennes, et enfin d’avoir proclamé haut et fort qu’il \"appartiendrait à l’EI jusqu’à sa mort\". Il a été écroué pour \"association terroriste\". Qu’est-ce qu’ils ont en commun, ces candidats au djihad ? Ils ne sont pas comme leurs homologues français et belges, des immigrés de la deuxième génération. Ils proviennent de pays très différents. Leur présence sur le territoire italien est récente puisque certains y résident depuis moins de deux ans. Ils ne cherchent donc pas à dénoncer une non-intégration injustifiable. S’ils \"adhèrent au Califat, c’est parce qu’ils veulent affirmer leur identité\", comme dit le magistrat antiterrorisme Stefano Dambruoso. Identité politique et religieuse, et identité tout court.  Mais indépendamment de la multiplication des arrestations, les politologues relèvent unanimes que ce sont les bouleversements du scénario politique international qui déclencheront tôt ou tard l’offensive terroriste dans la Péninsule. Le fait que le gouvernement de Matteo Renzi ait mis à la disposition de Barack Obama les bases militaires italiennes (celle de Sigonella, Sicile, en particulier) comme support pour les bombardements libyens, pourrait initier le compte à rebours. Autre facteur d’accélération : la présence sur le territoire libyen de militaires italiens qui, même s’ils ne sont pas des combattants, se retrouvent aujourd’hui à Syrte comme à Misrata, où ils sont employés essentiellement à des activités de déminage. C’est une source du ministère de la Défense qui confirme officieusement cette présence italienne dans la \"guerre des mines\". Mais les politologues soulignent aussi un autre facteur décisif qui pourrait être déclenchant : le nombre croissant d’immigrés - en moyenne de 600 à 3.000 par jour - qui débarquent dans la \"botte\" et qui y restent bloqués vu que toutes les frontières au nord de l’Italie sont fermées (Suisse, France, Autriche). Un chiffre qui pourrait augmenter vertigineusement si le premier ministre turc Erdogan devait dénoncer l’accord sur les réfugiés signé avec l’Union européenne, lâchant en Méditerranée les près de trois millions de Syriens qui se trouvent sur son territoire. Dans cette hypothèse, l’Italie serait le premier pays \"récepteur\" avec la Grèce. Et qui peut sérieusement distinguer parmi des centaines de milliers de candidats à l’expatriation, ceux qui sont des djihadistes, ou des foreign fighters qui rentrent en Europe après l’offensive anti-Daech en Libye et en Syrie, et ceux qui sont de simples réfugiés ? C’est le discours que tiennent les responsables du ministère de l’Intérieur. La menace est tellement prise au sérieux qu’une offensive \"préventive\" a été lancée, en demandant des comptes aux mosquées, qui ont reçu des dizaines de millions de financement du Qatar, de la Turquie et de l’Arabie saoudite. Par exemple, la Qatar Charity a versé en trois ans 25 millions d’euros à l’Union des communautés islamistes d’Italie, qui a ainsi construit 43 lieux de culte. On notera également les patrouilles dans les rues des grandes villes, avec des policiers, des carabiniers, et quelquefois des militaires ; on notera les 2.100 caméras de l’aéroport de Rome et les 2.400 de celui de Milan (Malpensa) ; on notera enfin l’activisme préventif du ministre de l’Intérieur Angelino Alfano qui a fait établir une carte des régions les plus exposées au terrorisme (la Lombardie vient en tête, suivie par le Latium). Le djihad italien est donc en pleine fermentation. L’anti-djihad aussi. Marcelle Padovani Marcelle Padovani Journaliste "}