{"title": "new york : pourquoi daech n'a pas revendiqué l'attentat", "newspaper": "NouvelObservateur", "author": ["L'Obs"], "date_publi": "2017-11-02", "theme": "Monde", "content": "Deux jours après l'attentat qui a frappé New York mardi 31 octobre, et qui a fait huit morts, on en sait un peu plus sur l'identité du suspect. Agé de 29 ans, Sayfullo Saipov est un ressortissant ouzbek arrivé aux Etats-Unis en 2010, et il a agi \"au nom de l'EI\", a annoncé mercredi John Miller, adjoint au chef de la police new-yorkaise en charge de la lutte contre le terrorisme.  \"Des notes manuscrites en arabe\" mentionnant l'EI, dont il semble \"avoir suivi\" les instructions, ont été retrouvées sur les lieux de l'attaque, dans le sud-ouest de Manhattan, ont révélé les autorités américaines.  Pourquoi cette attaque n'a-t-elle donc pas été revendiquée par l'EI ? L'Ouzbékistan est-il un foyer de l'islam radical ? Entretien avec Jean-Charles Brisard, président du Centre d'Analyse du Terrorisme. \n  Sayfullo Saipov, l'auteur de l'attentat de New York, a laissé un message manuscrit dans lequel il prête allégeance au groupe Etat islamique. Mais l'EI n'a pas, pour l'instant, revendiqué cet attentat. Pourquoi ? Cette absence de revendication s'explique par deux raisons principales. Une raison idéologique tout d'abord. Le martyr est au cœur de la doctrine de cette organisation, qui cultive une véritable \"martyrologie\". Une opération est donc totalement un succès quand son auteur meurt les armes à la main, après avoir fait un certain nombre de victimes. De ce point de vue, Sayfullo Saipov, puisqu'il a survécu à cet attentat, n'est pas allé au bout de sa démarche. La mission n'est pas entièrement remplie. Il portait d'ailleurs une arme factice, qui a pour fonction, chez les djihadistes qui commettent des attentats, d'engager une confrontation avec les forces de l'ordre. Ce n'est pas la première fois que l'EI ne revendique pas une attaque pourtant commise par des individus qui ont des liens avérés avec l'organisation. L'attentat du Musée juif de Belgique, en mai 2014, perpétré par Mehdi Nemmouche, ou encore l'attaque du Thalys d'août 2015 n'ont pas été revendiquées non plus par exemple. Et si ces deux attaques n'ont pas eu les mêmes résultats, dans ces deux cas, les deux djihadistes ont survécus à l'opération.   Quelle est l'autre raison ? L'autre explication de cette absence de revendication est davantage d'ordre opérationnel. Dans la mesure où le terroriste a réussi à faire un certain nombre de victimes mais qu'il n'est pas mort en martyr, et qu'il est désormais aux mains de la police, il s'agit aussi de le \"protéger\" autant que faire se peut. Même si tout, dans cette opération (mode opératoire, message d'allégeance...) porte la signature de l'organisation djihadiste. Sayfullo Saipov est un ressortissant ouzbek, comme plusieurs autres terroristes. Peut-on pour autant parler à propos de ce pays de foyer de l'islam radical ? Il y a un ancrage fort et ancien de l'islam radical en Asie centrale depuis plusieurs décennies maintenant. On compte actuellement en Syrie et en Irak plusieurs milliers de djihadistes originaires de cette région. Et ils étaient déjà nombreux en Afghanistan quelques années auparavant. Il y a donc, effectivement, un engagement massif pour l'islam radical de ressortissants de pays comme l'Ouzbékistan – qui est par ailleurs le plus peuplé de la région –, au sein de diverses organisations, et pas uniquement l'EI. Cela tient en partie à la nature autoritaire des régimes politiques de ce pays. La répression y est très forte, notamment sur le plan religieux, ce qui peut pousser un certain nombre d'individus dans les bras de groupes islamistes, à se radicaliser puis à s'exiler, par opposition politique au régime. Outre ces facteurs exogènes, il existe une dynamique de radicalisation endogène et propre aux diasporas de cette région aux Etats-Unis, où plusieurs individus provenant de ces pays ont été impliqués dans des actes de terrorisme. Propos recueillis par Sébastien Billard L'Obs "}