{"title": "fusillade à la grande mosquée de québec, 6 morts : ce que l'on sait", "newspaper": "NouvelObservateur", "author": ["L'Obs"], "date_publi": "2017-01-30", "theme": "Monde", "content": "Deux hommes ont tiré sur des fidèles rassemblés pour la prière du soir dimanche 29 janvier au Centre culturel islamique de Québec, dans le sud-est du Canada, faisant 6 morts et 8 blessés. Cet espace est également appelé Grande Mosquée de Québec, ou mosquée de Ste-Foy. Deux hommes ont été interpellés après la fusillade dont un qui a appelé la police pour se rendre. Mais un seul d'entre eux est considéré comme suspect, a fait savoir la police lundi.  Leur acte est un \"attentat terroriste\", selon le Premier ministre canadien Justin Trudeau. Dans un communiqué, il dit \"pleurer avec les gens de Ste-Foy et tous les Canadiens\". \n\"Nous condamnons cet attentat terroriste dirigé contre des musulmans se trouvant dans un lieu de culte et de refuge.\"\n Une cinquantaine de personnes étaient rassemblées dans la mosquée et les secours ont déploré six morts et huit blessés, a indiqué lundi Christine Coulombe, porte-parole de la sûreté du Québec lors d'un point de presse. \"Les deux hommes portaient une cagoule noire\" et l'un avait \"un fort accent québécois\", a expliqué un témoin interrogé par Radio-Canada. Quand les tirs ont commencé \"les hommes se sont jetés à terre\", a-t-il ajouté.  \"À travers cet acte, c'est quoi le message ? Qu'est-ce que vous voulez ?\", s'est indigné le président de ce Centre culturel islamique, dans une déclaration rapportée par\"La Presse\". \"On travaille ici, on paie nos taxes, on contribue positivement à la communauté. C'est incompréhensible !\" Une incompréhension vivement partagée par les témoins, sur place : \"Je ne comprends pas pourquoi ici, c'est une petite mosquée et Québec, ce n'est ni Montréal, ni Toronto\" (sud-est), a ainsi déclaré  à l'AFP un homme qui était à l'intérieur du centre au moment de l'attaque. La police a indiqué dans un premier temps que deux hommes suspectés d'avoir participé à l'attaque avaient été interpellés : La police québécoise a annoncé ce lundi qu'un seul de ces deux jeunes hommes était \"considéré comme suspect\", le second étant entendu \"comme témoin\". Ce soir, les Cdns pleurent les victimes de l'attaque lâche dans une mosquée de Québec. Mes pensées sont avec les victimes et leurs familles. \"Les Canadiens pleurent les victimes de l'attaque lâche dans une mosquée de Québec. Mes pensées sont avec les victimes et leurs familles\", a indiqué le Premier ministre canadien Justin Trudeau sur son compte Twitter. Il avait la veille promis d'accueillir les réfugiés \"indépendamment de leur foi\", au lendemain de la décision controversée de la Maison-Blanche d'interdire l'entrée des Etats-Unis aux ressortissants de sept pays musulmans. Unissons-nous contre la violence. Solidarité avec les Québécois de confession musulmane. Le chef du gouvernement de la province francophone Philippe Couillard a également condamné cette attaque contre des musulmans. Les larmes aux yeux, le maire Régis Labeaume apporté son soutien à la communauté musulmane de sa ville : \"Surtout, on veut leur dire que nous les aimons!\" Puis il a lancé :  Dans le même temps, le maire de New York, Bill de Blasio a adressé son soutien aux victimes de cette attaque. Puis il a ajouté dans un second tweet : \"Aux New-yorkais qui sont musulmans : la ville de New York vous protègera. Le NYPD [la police new-yorkaise] vous protègera. Nous combattrons la haine et les préjugés\". To my fellow New Yorkers who are Muslim: New York City will protect you. The NYPD will protect you. We will fight all hatred and bias. Un message non dissimulé au très controversé décret migratoire pris dans le week-end par Donald Trump et qui interdit aux ressortissants de sept pays musulmans d'entrer sur le sol américain. La maire de Paris Anne Hidalgo a par ailleurs fait savoir que la Tour Eiffel serait éteinte ce soir à minuit en hommage aux victimes.  Le Centre culturel islamique de Québec avait déjà été la cible d'un geste à caractère haineux : une tête de porc avait été déposée devant l'une de ses portes l'été dernier. Trois semaines plus tard, rappelle \"La Presse\", une lettre islamophobe intitulée \"Qu'est-ce qui est le plus grave: une tête de porc ou un génocide ?\" avait été distribuée dans les environs. Aujourd'hui, le président du centre dénonce :  D'autres mosquées au Canada ont également été la cible de graffitis à caractère raciste au cours des derniers mois. Dans son communiqué, le Premier ministre Justin Trudeau rappelle :  Interrogée par \"La Presse, Samar Ben-Romdha, fidèle de cette mosquée depuis plus d'une décennie, explique : \"La communauté musulmane de Québec est surdiplômée, qualifiée et rattachée presque dans son entier à l'Université Laval\". Elle poursuit : \"Je n'aime pas faire des analyses de cause à effet, mais je pense que les médias de Québec, le contexte international et les actions et les propos Donald Trump contribuent tous à un climat malsain...\" C.C. avec agences L'Obs "}