{"title": "video. apologie du terrorisme : ahmed, 8 ans, donne sa version", "newspaper": "NouvelObservateur", "author": ["L'Obs"], "date_publi": "2015-02-05", "theme": "Charlie Hebdo", "content": "L'affaire avait suscité une vive émotion. Ahmed, 8 ans, élève de CE2 dans une école de Nice, avait été entendu par la police avec son père pour avoir déclaré \"je suis avec les terroristes\" après l'attaque survenue la veille à \"Charlie Hebdo\". Dans une vidéo du Collectif contre l'islamophobie en France (CCIF) hébergée par la chaîne YouTube Islamotion et baptisée \"#Ahmed8ans, rien que la vérité !\", l'enfant, son père et l'avocat de ce dernier réitèrent leur version des faits.   \"On était entrés en classe et le maître il nous a parlé sur les 12 morts qu'il y avait\", raconte le jeune garçon. \"Il nous avait dit : est-ce que vous êtes pour 'Charlie' ou est-ce que vous êtes contre ? Moi j'avais dit que j'étais pour les... Que j'étais contre 'Charlie'\".\n Ahmed affirme avoir ensuite envoyé chez le directeur qui l'aurait pris par la joue et \"cogné trois fois la tête contre le tableau\" en lui demandant \"Qui t'avait dit ça ?\" \"Personne\", aurait répondu Ahmed, qui affirme que l'homme lui a alors mis des ciseaux dans les mains en lui disant : \"Tue qui ne te plaît pas\". D'après lui, on ne l'aurait pas laissé faire la minute de silence avec les autres enfants. Et on l'aurait enfin empêché d'utiliser son \"dextro\", l'appareil de mesure de la glycémie de cet enfant diabétique, en lui déclarant : \"Tu souhaites la mort aux autres, pourquoi pas toi tu meures ?\" \"Et moi j'avais pas souhaité la mort aux autres\", dit-il, toujours au plus-que-parfait. Le lendemain, il raconte qu'il \"joue à l'archéologue\", et que le directeur lui lance : \"Arrête de creuser, tu ne vas pas trouver de mitraillette\". \"Après le maître m'a dit : quand tu seras grand tu vas prendre des kalanichkov et tirer sur les fenêtres des autres\", poursuit-il. Et puis \"on est partis au polissariat\".  De son côté, l'avocat de la famille, Me Sefen Guez Guez, affirme que \"c'est l'enfant et l'enfant seul qui a été entendu pour apologie du terrorisme\" et que le père s'est introduit dans l'école \"sous le contrôle de l'équipe pédagogique dans un seul but : vérifier la glycémie de cet enfant atteint de diabète, pas plus.\" D'après la ministre de l'Education Najat Vallaud-Belkacem, la plainte avait été déposée à l'encontre du père qui avait eu \"une attitude brutale\", s'introduisant \"à plusieurs reprises sans autorisation dans l'établissement scolaire en menaçant le personnel\". Un signalement aurait en revanche été déposé à la protection de l'enfance du département à propos du jeune garçon. Le directeur de l'école n'était pour sa part pas joignable à la mi-journée. L.T. L'Obs "}