{"title": "terrorisme : une femme radicalisée arrêtée à montpellier avec un faux ventre", "newspaper": "NouvelObservateur", "author": ["Laura Thouny"], "date_publi": "2015-12-23", "theme": "Faits divers", "content": "Elle aurait fait de nombreuses recherches sur les femmes kamikazes et les dispositifs explosifs sur internet. Une Française de 25 ans convertie à l'islam et son compagnon de 35 ans, tous deux de Montpellier, sont en garde à vue depuis lundi soir dans une enquête antiterroriste menée à Paris. Selon une source proche du dossier, les enquêteurs ont découvert à leur domicile un faux ventre de femme enceinte qui pourrait servir à dissimuler des objets, recouvert d'une couche d'aluminium dont, selon \"Midi Libre\", qui a révélé l'affaire, la finalité pourrait être d'échapper aux portiques de détection.  Acheté sur le web, ce ventre factice, qui se sangle autour de l'abdomen, avait été totalement évidé et recouvert de papier aluminium, ce qui permet selon le quotidien d'éviter de faire sonner les portiques de sécurité. La jeune femme a expliqué aux enquêteurs vouloir s'en servir pour commettre du vol à l'étalage.\n Mais \"les policiers et les magistrats chargés de l'enquête n'en croient pas un mot\", affirme \"Midi Libre\". D'abord parce qu'elle a touché un héritage très important, qu'elle dilapide depuis plusieurs mois et n'a selon eux pas besoin de voler. Et puis parce que cette jeune convertie à l'islam avait \"totalement basculé dans le radicalisme\", ne sortant plus que \"voilée de pied en cap\". Camille passerait des heures à visionner des vidéos d'atrocités commises par l'Etat islamique, à lire les revues Inspire d'Al-Qaida et Dabiq de Daech, et à se renseigner sur les femmes kamikaze et la fabrication de bombes. Elle aurait enfin affirmé à ses proches vouloir partir en Syrie afin de mourir en martyr.  Le couple avait été initialement placé en garde à vue pour apologie de terrorisme dans une enquête menée localement, avant d'être relâché et assigné à résidence. Puis le parquet antiterroriste de Paris a repris le dossier et tous deux ont à nouveau été placés en garde à vue. Cette affaire vient s'ajouter à la dizaine d'attentats déjoués en France ces deux dernières années. L. T. Laura Thouny Journaliste "}