{"title": "\"les gens tombaient sur le quai\" : des témoins de l'attentat de londres racontent", "newspaper": "NouvelObservateur", "author": ["L'Obs"], "date_publi": "2017-09-15", "theme": "Monde", "content": "Une \"explosion\" entraînant une véritable \"panique\". Vers 8h30 vendredi matin, un attentat a eu lieu dans la station de métro Parsons Green, dans le sud-ouest de Londres, au Royaume-Uni, blessant au moins 22 personnes. Des photos et vidéos d'un seau, à l'intérieur d'un sac de courses en feu, sont présentées sur Twitter comme étant à l'origine de l'explosion. La police a indiqué travailler sur cet acte \"terroriste\", mais n'a pas confirmé la cause de l'incident. Tour d'horizon des témoignages publiés dans les médias britanniques.   Peter Crowley était dans le métro au moment de \"l'incident\". Il raconte à BBC News avoir entendu un grand \"bang\" puis avoir senti \"une boule de feu\" brûler \"tous [s]es cheveux\".\n 'The fireball singed all my hair,' says Peter Crowley caught up in Parsons Green fire. pic.twitter.com/WrlZ3qriih \n\n Effrayés, les passagers se ruent en dehors de la rame, provoquant des mouvements de foule. Louis Hather, 21 ans, se trouvait dans le métro en direction de son lieu travail. Il décrit à l'AFP une scène de panique : \"Des gens qui criaient et se précipitaient dans les escaliers.\" Blessé à la jambe dans la bousculade, il réussit à sortir dans la rue où \"des gens pleuraient. Ça sentait le plastique brûlé\". Il évoque aussi \"une femme amenée sur un brancard dans une ambulance avec des brûlures sur tout le corps\". Au moins 22 personnes ont été blessées, annoncent en fin de matinée les secours britanniques. Aaron Butterfield, qui tentait de rentrer dans la station de métro, raconte auprès de BBC News : \"Les gens n'étaient même pas en train de courir, ils rampaient littéralement les uns au-dessus des autres.\" \"C'était vraiment effrayant [...] spécialement parce que personne ne savait ce qui se passait.\" C'est aussi ce que confie une autre témoin, assise dans la rame, à la BBC : Elle raconte que les passagers \"criaient\", mais qu'elle ne \"pouvai[t] pas comprendre ce qu'ils disaient\". \"Les gens tombaient sur le quai\", se souvient-elle, expliquant elle aussi être \"tombée sur un mec qui tombait devant moi\". Rapidement, les secours, les pompiers et les forces de police arrivent sur place. Un hélicoptère survole la zone, la station est fermée et le trafic interrompu entre les stations Edgware Road et Wimbledon. Les habitations aux alentours sont évacuées et les rues fermées à la population. Les bus sont vidés de leurs passagers et sont garés sur le bord de la route, décrit BBC News. Kevin Fitzgerald vit près de Parsons Green. Il raconte au \"Guardian\" :  M.G. L'Obs "}