{"title": "terrorisme : après nice et berlin, sécurité renforcée dans le monde au nouvel an", "newspaper": "NouvelObservateur", "author": ["L'Obs"], "date_publi": "2016-12-30", "theme": "Terrorisme", "content": "En France, pour le week-end de la Saint-Sylvestre, en plus des 7.000 militaires de la mission Sentinelle, près de 90.000 policiers et gendarmes sont mobilisés, indique France Info : 52.600 policiers, dont 4.000 CRS et 5.600 policiers aux frontières, ainsi que 36.000 gendarmes. Après Nice, le 14 juillet dernier, et Berlin, le 19 décembre, où des camions ont foncé dans la foule, les forces de l'ordre ont prévu des dispositifs spéciaux, précise \"Le Figaro\". Autour des zones où le public se rassemblera, seront installées davantage de barrières, bien sûr, mais aussi des blocs de béton, des véhicules. Les commerçants ne vendront pas de pétards ni d'alcool dans les zones où c'est interdit. Les préfets ont attaché une attention particulière à l'enlèvement des voitures épaves.  Plusieurs lieux de rassemblement feront l'objet de mesures spécifiques, comme sur les Champs-Elysées, où il est attendu 600.000 personnes pour le feu d'artifice, à Nice, à Strasbourg ou Toulouse, mais aussi à Trappes, à Mantes-la-Jolie ou aux Mureaux, où l'on craint des violences urbaines.\n A Berlin, les effectifs de police ne seront pas davantage renforcés par rapport à l'an passé, mais ils seront équipés d'armes automatiques pour la nuit du Nouvel an. Des barrages seront aussi installés autour de la porte de Brandebourg. \"Cette année, ce qu'il y a de nouveau est que nous allons installer des blocs de béton et des véhicules blindés aux entrées\", a indiqué jeudi un porte-parole. Les sacs à dos, bagages, feux d'artifices et bouteilles en verre seront interdits. La police de New York a aussi annoncé le déploiement de camions, certains remplis de sable, le long des trottoirs. \"Nous avons fait très attention aux événements de Nice et de Berlin et nous avons adapté les mesures de sécurité\", a expliqué l'un des responsables de la police new-yorkaise. 65 camions de nettoyage et une centaine d'autres véhicules seront placés dans le centre de la ville, notamment autour de Times Square, où un million de personnes sont attendues. 7.000 policiers et forces anti-terroristes patrouilleront dans la ville. Les objets dangereux, l'alcool, les parapluies, les gros sacs sont interdits. L'Obs "}