{"title": "attentat de stockholm : le suspect est un ouzbek de 39 ans", "newspaper": "NouvelObservateur", "author": ["L'Obs"], "date_publi": "2017-04-08", "theme": "Terrorisme", "content": "Un homme soupçonné d'\"homicides à caractère terroriste\" a été placé en garde à vue samedi 8 avril à Stockholm, au lendemain de l'attaque au camion bélier qui a fait 4 morts et 15 blessés dans la capitale suédoise. Il serait passé aux aveux ce dimanche et se serait dit \"satisfait de ce qu'il a fait\" et \"avoir accompli ce qu'il voulait accomplir\", selon le quotidien \"Expressen\".   Selon d'autres sources citées samedi par \"Expressen\", l'homme avait déjà déclaré au moment de son arrestation quelques heures après la tragédie :  Les policiers se sont rapidement dits confiants d'avoir interpellé l'auteur de la tuerie. Et ce dimanche soir, un haut responsable de la police nationale, Jan Evensson, a indiqué à la télévision publique que les enquêteurs étaient \"assez sûrs qu'il passera(it) le reste de sa vie derrière les barreaux\". L'homme est un Ouzbek de 39 ans connu des services de renseignement, ont annoncé les autorités suédoises. \"Il a fait surface dans notre collecte de renseignement dans le passé\", a indiqué en conférence de presse Anders Thornberg, chef des services de renseignements, sans donner plus de détails. La police suédoise pense qu'il s'agit du chauffeur du camion qui a été lancé sur la foule.  Le parquet avait annoncé tôt dans la journée de samedi le placement en garde à vue d'un homme soupçonné d'\"homicides à caractère terroriste\". Il avait été interpellé vendredi soir à Märsta, une petite ville du nord de l'agglomération stockholmoise. Selon le quotidien \"Aftonbladet\", le suspect est un sympathisant de l'organisation Etat islamique. Un autre homme avait été interpellé plus tard dans la soirée de vendredi dans une banlieue de la capitale. Des sources policières citées par la télévision publique SVT ont évoqué une \"connexion\" possible entre les deux hommes. Si le mode opératoire – un camion lancé à pleine vitesse percutant des passants au cœur d'une grande ville – rappelle celui des attentats de Nice, Londres et Berlin, toutes revendiquées par l'organisation Etat islamique, l'attaque de Stockholm ne l'a pas été. \"La Suède a été attaquée\", a déclaré le Premier ministre suédois Stefan Löfven. \"Tout laisse penser à un attentat\", a-t-il ajouté. Revenu précipitamment à Stockholm, le dirigeant social-démocrate a déposé dans la soirée une gerbe de roses rouges à quelques pas de la tragédie. A.R. (avec AFP) ? L'Obs "}