{"title": "terrorisme islamiste : pourquoi il faut nommer le mal", "newspaper": "NouvelObservateur", "author": ["Matthieu Croissandeau"], "date_publi": "2017-11-15", "theme": "Edito", "content": "De quoi donc ont été victimes les 130 morts et les 413 blessés du 13 novembre 2015 ? Du \"terrorisme\" ou des \"attentats\", peut-on lire sur les plaques commémoratives apposées sur les différents lieux de la tragédie lors du premier anniversaire des attaques, il y a un an. Comme si ces martyrs avaient été les victimes d'un simple mode opératoire, d'une guerre asymétrique. Comme s'il n'y avait, derrière le geste ignoble des terroristes djihadistes, aucun agenda politique, aucune motivation. Comme si ces attentats avaient été l'expression d'une forme de fatalité, tout simplement.   Ecrire l'histoire d'un pays sur ses monuments suppose pourtant qu'on accepte de regarder la réalité en face. Au lendemain de la Seconde Guerre mondiale, de très nombreuses plaques ont été dévoilées à travers la France pour entretenir le souvenir des victimes de la \"barbarie nazie\" et non d'un terme générique, comme le totalitarisme par exemple.\n  On objectera que, dans le cas des attentats du 13-Novembre, tout le monde sait très bien de quoi on parle, sans qu'il soit besoin d'entrer plus avant dans les détails. On se souviendra aussi des pudeurs de François Hollande à employer à l'époque l'expression de \"terrorisme islamiste\", par peur de l'amalgame ou encore de la stigmatisation. Entendons-nous : ce sont là de réelles et salutaires préoccupations, en particulier dans un pays où le corps social a tenu le choc après les attaques, contrairement à ce qu'espéraient les terroristes. Et où, à l'exception de quelques extrémistes, personne ne s'est avisé de stigmatiser dans leur ensemble nos concitoyens musulmans. Mais s'il faut refuser le plus fermement possible de laisser naître toute confusion entre une religion, l'islam, et son dévoiement djihadiste, ne pas nommer le mal traduit une forme de gêne, sinon d'aveuglement. Cette gêne, cet aveuglement, on les retrouve aujourd'hui chez une partie de la classe politique à propos de l'épineuse question des \"revenants\". Que faire de ces Français partis faire le djihad en Syrie ou en Irak pour le compte de l'Etat islamique ? Souhaiter qu'ils soient le plus nombreux possible à se faire tuer sur place, comme l'a récemment déclaré la ministre de la Défense ? Les déchoir de leur nationalité au détriment des règles du droit international comme le propose la droite, pour leur interdire à jamais de retourner en France ? Faire comme si ces gens-là n'existaient pas ou n'avaient plus rien à voir avec nous maintenant ?  On comprend aisément qu'une opinion publique encore inquiète et meurtrie n'ait aucune envie de voir revenir de potentielles menaces sur notre sol. Mais là encore, se débarrasser du problème à bon compte ne réglera rien sur le fond. Il faut au contraire traquer les djihadistes français pour les ramener et les juger ici, comme on le fit naguère, hélas trop tardivement, pour les complices du nazisme. On ne parle pas là de rapatriement humanitaire évidemment, mais bien de poursuites judiciaires. Les soldats et les soutiens français de Daech doivent être jugés et condamnés à des sanctions pénales, plutôt qu'à l'oubli hors de nos frontières. Pour l'histoire. Et pour toutes les victimes du djihadisme en France. Matthieu Croissandeau Matthieu Croissandeau Journaliste "}