{"title": "attentat déjoué en russie : des \"milliers\" de vies sauvées selon trump", "newspaper": "NouvelObservateur", "author": ["L'Obs"], "date_publi": "2017-12-18", "theme": "Monde", "content": "Le président américain Donald Trump a estimé lundi que la coopération entre les services de renseignement russe et américain avait permis d'éviter des \"milliers\" de victimes en déjouant un projet d'attentat à Saint-Pétersbourg. \"Ils ont été capables d'arrêter ces terroristes sans la moindre perte de vie humaine\", a souligné Donald Trump lors d'un discours à Washington. \"Peut-être que des milliers de personnes auraient pu être tuées\", a-t-il ajouté. \"C'est comme cela que cela doit fonctionner\", a-t-il encore dit, louant la coopération sur ce thème avec son homologue russe Vladimir Poutine.  Ce dernier a appelé dimanche le milliardaire américain et l'a remercié pour \"les renseignements transmis par la CIA\" à la Russie qui ont permis, selon lui, de déjouer un projet d'attentat à Saint-Pétersbourg, dans le nord-ouest du pays.\n \"Les informations reçues par la CIA se sont avérées suffisantes pour la détection, la recherche et l'arrestation des criminels\", avait précisé le Kremlin dans un communiqué qui ajoutait que les organisateurs supposés de l'attentat prévoyaient \"des explosions dans la cathédrale Notre-Dame-de-Kazan et d'autres lieux très fréquentés de la ville\". Les services de renseignement russes (FSB) avaient annoncé en fin de semaine dernière avoir démantelé une cellule du groupe djihadiste Etat islamique (EI) qui s'apprêtait à commettre des attentats le 16 décembre à Saint-Pétersbourg. Au total, sept personnes ont été arrêtées mercredi et jeudi. L'Obs "}