{"title": "terrorisme : tatp, bonbonnes de gaz... le retour des engins explosifs ? ", "newspaper": "NouvelObservateur", "author": ["Vincent Monnier"], "date_publi": "2017-10-08", "theme": "Terrorisme", "content": "Une semaine après la découverte de plusieurs bonbonnes de gaz dans le hall d’un immeuble du 16e arrondissement de Paris, les enquêteurs s’interrogent toujours sur la cible visée par cette tentative d’attentat. Aucun doute, en revanche, sur les dégâts provoqués par l’explosion d’un tel engin explosif si l’une des trois tentatives des terroristes pour l’actionner à distance à l’aide d’un téléphone portable avait fonctionné : l’immeuble aurait, selon toute vraisemblance, été soufflé par la déflagration. Malgré cet échec, selon une source proche des services de renseignement, le système de mise à feu, relativement sophistiqué, laisse à penser que les terroristes ayant fabriqué l’engin ont pu bénéficier d’une formation ou de conseils de la part d’une personne disposant de bonnes connaissances en la matière.     Cet attentat avorté vient toutefois confirmer les craintes de plusieurs spécialistes sur un possible retour des explosifs dans l’arsenal des terroristes. Ces derniers mois, la multiplication des attaques au couteau ou des véhicules fonçant dans les foules témoignait de l’émergence d’un \"terrorisme low cost\", lequel ne nécessite ni grands moyens ni grands préparatifs ni réseaux très structurés. Un mode d’action très éloigné des opérations d’envergure planifiées sur plusieurs mois comme les attentats du 13-Novembre en France ou du 22 mars 2016 à Bruxelles ou bien des attaques revendiquées par le passé par Al Qaida. En juin dernier, Europol pointait cependant dans son rapport annuel sur les tendances en matière de terrorisme les risques de développement des attaques par le biais d’engins explosifs improvisés (EEI) dans les mois qui viennent.  Les inquiétudes d’Europol se fondent sur plusieurs signaux. Les différents services auraient constaté en 2016 une augmentation des échanges d’informations autour de la conception d'explosifs entre les djihadistes présents dans la zone de conflit irako-syrienne et les aspirants terroristes restés en Europe. Cette exportation du savoir-faire se ferait notamment par le biais des différents médias sociaux, les forums ou le dark web. Conséquence : des similitudes ont ainsi été constatées dans l’aspect et la construction des engins explosifs artisanaux récemment découverts en Europe et ceux utilisés par l’Etat islamique sur les champs de bataille. En outre, dans sa propagande, l’organisation terroriste inciterait désormais ses supporters à fabriquer des engins explosifs ou incendiaires des plus rudimentaires. \n\"Je ne parlerais pas de retour des explosifs car ils n’ont jamais vraiment été abandonnés, nuance Yves Trotignon, analyste et ancien cadre de la DGSE (Direction générale de la sécurité extérieure). Disons plutôt que tous les modes opératoires sont désormais utilisés\".\n Plusieurs récents attentats semblent confirmer les craintes d’Europol. En mars dernier, Salman Ramadan Abedi, un Britannique de 22 ans né de parents libyens, se faisait exploser à la sortie d’un concert d’Ariana Grande à Manchester. Bilan : 22 morts. Quelques semaines plus tard, Clément Baur et Mahiedine Merabet, deux jeunes Français résidant à Marseille, étaient arrêtés en possession d'armes à feu et d'une importante quantité d'explosif artisanal. Ils sont suspectés d’avoir voulu perpétrer une attaque à cinq jours du premier tour de la présidentielle. A la mi-août, deux des membres de la cellule djihadiste à l’origine des attentats de Barcelone trouvaient la mort dans l'explosion accidentelle de leur planque située à Alcanar, dans le sud de la Catalogne. Dans les décombres, les enquêteurs découvraient près de 120 bonbonnes de butane, 500 litres d’acétone, de l’eau oxygénée, du bicarbonate, des détonateurs ainsi qu’une grande quantité de clous. Les terroristes comptaient fabriquer près de 100 kilos du fameux TATP, un explosif artisanal surnommé la \"mère de Satan\" par les djihadistes en raison de son redoutable pouvoir de destruction, afin de faire exploser trois camionnettes à proximité de monuments. Début septembre, c’est un laboratoire clandestin qui était découvert par hasard dans un immeuble de Villejuif (Val-de-Marne). Là encore, les suspects avaient débuté la fabrication de TATP. Hormis le terroriste de Manchester, aucun des membres de ces différentes cellules ne semble avoir bénéficié d’une formation sur le terrain syrien pour confectionner les bombes. C’était pourtant l’une des grandes craintes des services de renseignement : des djihadistes qui, fort de leur savoir-faire acquis sur les champs de bataille, reviendraient sur le sol européen pour y perpétrer des attentats. Dans les cas récents évoqués, il semble que les assaillants aient plutôt bénéficié de conseils à distance. Une manière de télé-enseignement.  L’un des deux suspects de la cellule de Villejuif confiera ainsi avoir suivi des tutoriels via internet. L'exploration de l'ordinateur découvert dans l'appartement a permis de retrouver la trace de consultations internet sur des mots-clés  comme \"chimie\", \"explosifs\" ou encore \"Etat islamique\", tout comme des jeux vidéo de simulation de conduite, notamment de véhicules poids lourds. Le duo aurait même effectué deux essais d’explosion sur la terrasse de l'appartement conspiratif. Suffisant pour maîtriser l'art des explosifs ? Pas sûr. \"Les terroristes du métro et des bus de Londres en 2005 avaient appris à confectionner des bombes via Skype\", souligne toutefois Yves Trognon. Les commandos des attentats bruxellois avaient eux aussi été conseillés à distance. Après avoir confectionné les ceintures d'explosifs des attentats de Paris, Ahmad Alkhald, un Syrien à l'identité incertaine, avait réussi à rallier le territoire de l'Etat islamique en empruntant la route des migrants. Selon la diplomatie américaine, une fois revenu en Syrie, il aurait continué à conseiller l’autre artificier du groupe, Najim Laachraoui, l’un des kamikazes de l’aéroport de Zaventem.  Heureusement, le maniement des explosifs s’avère une science complexe. Les ratés sont nombreux. Difficile en outre pour les terroristes de procéder à des essais sans attirer l'attention de la police. Si la fabrication du TATP n'est pas des plus simples, son transport et sa conversation nécessitent également un savoir-faire certain. Résultat : il n’est pas rare que les engins explosifs se transforment au final en engins incendiaires. C’est ce qui s’est passé le 20 juin dernier à la gare centrale de Bruxelles où la valise remplie de TATP que transportait un terroriste a pris feu au moment où celui-ci activait son détonateur. Il sera finalement abattu. La veille, à Paris, Adam Djaziri mourrait après avoir inhalé les fumées de sa propre bombe. Circulant au bas des Champs-Elysées, il venait de percuter avec sa voiture un fourgon de gendarmerie sans parvenir à le faire exploser. Pour lutter contre l’usage du TATP par les terroristes, la France a décidé, fin août, de durcir sa législation. Désormais, tout acheteur de produits entrant dans la composition de cet explosif devra donner son identité et préciser l’utilisation qu’il compte en faire. Des informations que le commerçant est censé consigner dans un registre papier ou dans un fichier automatisé. Une mesure suffisante pour complexifier l'accès à ces produits ? \"Pour échapper aux radars, les membres du commando de Bruxelles avaient réuni les ingrédients du TATP nécessaires à la confection de six bombes en multipliant les achats en petite quantité, sous différentes identités et dans des magasins différents\", explique Claude Moniquet. Selon plusieurs sources, ces mesures, mais également la difficulté à maîtriser le TATP, pourraient également inciter certains terroristes à recourir plus fréquemment aux engins explosifs à base de bonbonnes de gaz. Une autre bombe à retardement.  Vincent Monnier Vincent Monnier Journaliste "}