{"title": "fuites, gardes à vue, visite d'elizabeth ii... où en est l'enquête sur l'attentat de manchester ? ", "newspaper": "NouvelObservateur", "author": ["L'Obs"], "date_publi": "2017-05-25", "theme": "Monde", "content": "L'enquête sur l'attentat de Manchester a progressé, ce jeudi, avec huit hommes au profil \"intéressant\" désormais en garde à vue, malgré une polémique sur des fuites de nature à avoir nui aux investigations. A Trafalgar Square dans le cœur de Londres, et dans tout Manchester (nord-ouest), les Britanniques ont observé une minute de silence à la mémoire des 22 morts, dont bon nombre d'enfants et adolescents. Place St Ann, la foule a entonné \"Don't Look Back in Anger\" (ne rumine pas la colère) du groupe mancunien Oasis.  Spine Tingling Rendition Of Dont Look Back In Anger,After Manchesters Minutes SilenceToday #Goosebumbs #Manchester pic.twitter.com/w2uI5vONnb\n— Jim Duncombe (@JimDuncombe) 25 mai 2017 \"C'est un deuil pour chacun d'entre nous. C'est comme si nos propres familles venaient de disparaître\", a dit à l'AFP Carmel McLaughlan, 69 ans, auprès d'un tapis de fleurs.  L'attentat à la fin du concert de la chanteuse pop américaine Ariana Grande lundi soir a également fait 75 blessés, selon un nouveau bilan. Son auteur, tué dans l'explosion, Salman Abedi, est un djihadiste britannique d'origine libyenne de 22 ans. L'attentat a été revendiqué par le groupe Etat islamique, qui a menacé d'en commettre d'autres. Sur la liste des personnes tuées dans l'attentat figure une policière qui était de repos, a précisé la police. Exaspérée par des fuites dans les médias américains, la Première ministre Theresa May a évoqué la question avec Donald Trump en marge du sommet de l'Otan à Bruxelles jeudi, afin que les informations échangées entre services de renseignement restent \"confidentielles\".  Le président américain a immédiatement fait savoir dans un communiqué qu'il voulait \"poursuivre\" les auteurs de ces fuites, réaffirmant la \"relation spéciale\" des Etats-Unis avec le Royaume-Uni. Et il a demandé, au cours du sommet, un \"moment de silence\" pour les victimes de l'attentat. Son secrétaire d'Etat Rex Tillerson fera sa première visite à Londres dès vendredi pour exprimer \"sa solidarité\" après l'attentat. La police antiterroriste a regretté la \"divulgation non autorisée\" d'informations notamment aux Etats-Unis sur l'attentat, jugeant que cela \"nuisait\" à l'enquête. Des images de la police britannique reproduites par le \"New York Times\" montrent un détonateur que le kamikaze aurait tenu dans sa main gauche, des morceaux de métal et des vis jonchant le sol taché de sang, ainsi que des fragments d'un sac à dos bleu déchiqueté. Ces éléments, analysés par des artificiers interrogés par le quotidien, permettent d'affirmer que la bombe était \"puissante, dotée d'une charge ultra-rapide, mais aussi que les morceaux de métal ont été disposés avec soin et méthodiquement\" pour faire un maximum de dégâts. Jeudi, la BBC a donc affirmé que la police de Manchester avait ainsi cessé de transmettre des informations sur l'enquête aux autorités américaines. Les enquêteurs poursuivaient, pendant ce temps, leur patient travail sur la piste d'un réseau qui aurait soutenu le kamikaze, arrêtant deux nouvelles personnes dans l'agglomération de Manchester. La police locale a assuré que le profil des huit hommes interpellés depuis mardi, pour la plupart dans cette métropole, était \"intéressant\" et que des perquisitions se poursuivaient jeudi. A Tripoli, le gouvernement d'Union nationale (GNA) a affirmé \"coopérer étroitement\" avec les autorités britanniques. Les services de sécurité libyens ont arrêté, mardi, un des frères du kamikaze, Hachem, puis son père, Ramadan Abedi, mercredi. Hachem, qui a revendiqué son appartenance à l'EI, \"était au courant du projet\" de son frère et a reconnu avoir été présent en Grande-Bretagne dans la phase de préparation de l'attentat, selon la Force de dissuasion, qui fait office en Libye de police loyale au GNA. L'enquête commence à lever le voile sur la personnalité de l'auteur de l'attentat. Selon ses proches, SalmanAbedi qui avait baigné dans un contexte familial djihadiste était animé par un désir de \"vengeance\". Né à Manchester de parents libyens ayant fui le régime de Mouammar Kadhafi, il s'était récemment rendu en Libye avant de regagner la Grande-Bretagne quatre jours avant. Il était \"plutôt à l'écart, tranquille et réservé\", a dit à l'AFP un porte-parole de la communauté libyenne à Manchester, Mohamed Fadil. \"Les gens savaient qu'il avait des problèmes de comportement, il n'était ni respectueux ni poli, plutôt introverti et très bizarre, on dit dans la communauté qu'il buvait de l'alcool et fumait de l'herbe\", a-t-il assuré. La reine Elisabeth s'est rendue au chevet des blessés jeudi matin, portant couleurs vives, manteau bleu roi et chapeau orange. Sur 64 blessés, une vingtaine restaient en soins intensifs. \"C'est horrible. Très mal de prendre pour cible ce genre de choses\", a-t-elle dit à Evie Mills, 14 ans, et à ses parents.  Peter Byrne / POOL / AFP Dans un élan de solidarité, les clubs de football Manchester City et Manchester United ont annoncé qu'ils allaient verser un million de livres (1,15 million d'euros) au fonds d'urgence mis en place pour venir en aide des victimes. C.C. avec agences L'Obs "}