{"title": "attentat de manchester : le \"massacre des innocents\" endeuille la presse", "newspaper": "NouvelObservateur", "author": ["Thierry Noisette"], "date_publi": "2017-05-24", "theme": "Monde", "content": "L'horreur des vies volées d'enfants et d'adolescents : c'est le point commun à la une de la plupart des quotidiens britanniques – presse \"sérieuse\" et tabloïds confondus –, où ce mercredi, on retrouve presque partout la photo de la petite Saffie Rose, 8 ans, la plus jeune des 22 victimes tuées par l'attentat. Revue de presse. Le \"Times\", s'étale ainsi en très grand la photo de Saffie. Le titre barre la page sur toute la largeur, \"Piste terroriste libyenne\" - en blanc sur fond noir, à la façon d'un faire-part de deuil, code graphique repris par la page, bordée d'un épais trait noir.   L'article principal explique que l'auteur de l'attentat-suicide était récemment revenu de Libye. Salman Abedi y serait resté quelques semaines. Y a-t-il suivi un entraînement djihadiste ? C'est ce que la police tente de déterminer, explique cet article cosigné par cinq journalistes. Sur une colonne à droite, un récit poignant sur les sauvetages, titré \"Je l'ai attrapée. Ses petits bras étaient cassés.\" Le \"Guardian\" titre, lui, sur \"Des jeunes vies volées par la terreur\", avec deux photos, celles de Saffie et de Georgina, 18 ans, une autre victime. L'article, cosigné par quatre journalistes, revient sur les réactions de la Première ministre – Theresa May a relevé au niveau maximal le niveau d'alerte – et l'enquête policière.  Un second article décrit le \"'tranquille' habitant de Manchester d'origine libyenne désigné comme le tueur\". Les journalistes y soulignent qu'avant même que le nom d'Abedi soit révélé, plusieurs membres de la communauté libyenne de Manchester se sont demandé si l'auteur de la tuerie était un des leurs, \"peut-être un de ces jeunes gens qui avaient combattu en Libye pendant la révolution de 2011, un de ceux revenus à la maison traumatisés et en colère\". Le \"Herald\" publie de son côté une grande photo de fleurs et de bougies déposées en hommage aux victimes, sous ce titre : \"Ils étaient couverts de sang. Ils étaient écrasés. Leurs jambes cassées\". Le chapeau souligne : \"Des jeunes filles ciblées par une attaque terroriste au concert\", au-dessus d'un reportage.  Il décrit la confusion initiale, mais aussi la \"solidarité instinctive hier à Manchester\", comme ces habitants hébergeant des familles qu'ils ne connaissaient pas ou ces nombreux taxis ramenant, gratuitement, chez eux des passagers désorientés. Le quotidien \"I\" – destiné surtout aux jeunes et à être lu dans les transports – reproduit, là encore, les photos de Saffie et Georgina, avec en gros titre \"Les filles qui ne rentreront jamais chez elles\".  Les tabloïds mettent tous sans exception la photo de la petite Saffie en une, et plusieurs utilisent dans leurs titres le terme \"evil\" (le mal) : \"Le pur mal\" pour le \"Sun\", qui met côte à côte la photo de Saffie et celle du terroriste, \"Des images de l'innocence tuée par le mal\" dans le \"Daily Mirror\", \"Un mal impossible à croire\" pour le \"Daily Express\"... Le \"Daily Star\" titre, quant à lui, sur le \"massacre des innocents\" avec les photos des victimes et la mention \"22 morts, 119 blessés, 15 manquants\". Et \"Metro\" (photo en haut de l'article) titre \"Et maintenant ils tuent nos petites filles\".  Thierry Noisette Journaliste "}