{"title": "trois soldats français blessés dans un attentat au mali", "newspaper": "NouvelObservateur", "author": ["L'Obs"], "date_publi": "2018-01-12", "theme": "Monde", "content": "Trois soldats français de la force Barkhane ont été blessés, dont un grièvement, jeudi 11 janvier dans l'est du Mali, lors d'un attentat contre leur convoi par un kamikaze, a annoncé ce vendredi l'état-major des armées à Paris. Cette attaque contre le convoi blindé français, qui circulait entre Ménaka et Indelimane, a eu lieu le jour anniversaire du déclenchement de l'opération Serval en 2013.  \n Selon Patrick Steiger, porte-parole de l'état-major, \"un véhicule s'est approché du convoi et s'est fait exploser à proximité d'un VAB [Véhicule de l'avant blindé]\". Le blessé grave a été évacué vers la France et admis dans un hôpital militaire de la région parisienne, les deux autres ont été soignés sur place, a-t-il précisé. La précédente attaque de ce type contre l'armée française remonte au 17 janvier 2017, à Gao (centre du Mali), toujours selon le porte-parole de l'Etat major. Selon un décompte de l'AFP, 18 militaires ont été tués au Mali depuis l'opération Serval en 2013, à laquelle a succédé Barkhane, étendue à cinq pays du Sahel, en août 2014. (Avec AFP) L'Obs "}