{"title": "attentat d’istanbul : \"l'ei réagit à la pression turque en syrie\"", "newspaper": "NouvelObservateur", "author": ["Ursula Gauthier"], "date_publi": "2017-01-03", "theme": "Terrorisme", "content": "L’attentat du 1er janvier à Istanbul n’est pas le premier commis par l’EI en Turquie. Mais c’est le premier que l’EI revendique. Pourquoi ? C’est une première en effet. Jusque-là, les attentats perpétrés par l’EI n’étaient pas revendiqués par souci de ne pas se mettre à dos le pouvoir et la population en Turquie où l’EI possède des bases. A défaut d’une alliance, l’EI voulait préserver une certaine neutralité du côté turc. Et de fait, par le passé, la Turquie a fermé les yeux sur certaines actions de Daech, sur des objectifs précis. Mais on entre dans une nouvelle phase, liée à l’évolution de la politique turque en Syrie. Il semble que l’EI soit maintenant dans une situation tellement désespérée qu’il ne compte plus sur la neutralité de la Turquie et ne cherche plus à la ménager. La Turquie est donc vraiment sortie de l’ambiguïté vis-à-vis de l’EI ? Sans aucun doute. Depuis l’été dernier, la Turquie est militairement présente en Syrie. Cela a un impact direct sur les activités de Daech, y compris le trafic de pétrole qui représentait une source importante de revenus. Il y a aussi des combats avec Daech, des affrontements quotidiens, qui ont coûté la vie à au moins une quarantaine de soldats turcs. C’est probablement à cette nouvelle donne que réagit Daech en commanditant des attentats sur le sol turc. Avec la chute d’Alep, il apparaît clairement qu’Ankara a abandonné ses alliés sunnites et a laissé la Russie les écraser. Comment l’EI réagit-il à l’alliance entre la Turquie et la Russie ? Daech n’était pas impliqué dans les combats d’Alep. Ceux que la Turquie a lâché à Alep, c’est l’opposition modérée, les rebelles islamistes modérés qui combattaient Bachar. Pour Daech, la chute d’Alep est probablement perçue comme positive, puisqu’elle signe la défaite de rebelles qui lui étaient opposés. Ils ont beau être tous salafistes, les divisions sont profondes entre l’EI et les factions islamistes modérées d’Alep. Pour la Turquie, il s’agit d’un dur retour au réalisme. Elle a dû tirer les leçons du fait que le monde entier avait abandonné Alep. Même l’Arabie saoudite et le Qatar se sont retirés, laissant la ville seule face aux bombardements russes et à l’armée de Bachar. La Turquie a donc fini par jeter l’éponge elle aussi, se rangeant derrière la Russie. Les milices sunnites d’Alep se sont évidemment senties trahies par ce revirement. L’opposition syrienne séculière (non-islamiste) est elle aussi profondément déçue. Même au sein des services turcs, certaines franges radicales sont furieuses. Mais Erdogan avait-il une autre option ? Après avoir soutenu l’opposition sunnite pendant quatre ans, il s’est retrouvé seul. Pendant ce temps, le conflit kurde s’était de nouveau enflammé, l’obligeant à se concentrer sur cette menace. C’est ainsi qu’il faut comprendre son deal avec la Russie : il abandonne ses alliés d’Alep, et en échange la Russie l’autorise à entrer à Al-Bab, au Nord d’Alep, afin de contenir les milices kurdes. La priorité d’Erdogan, ce n’est plus la cause des sunnites de Syrie, mais la sécurité de sa frontière turco-syrienne. Pourquoi la ville d’Al-Bab est-elle si importante pour Erdogan ? La Turquie veut depuis le début contrôler la ville d’Al-Bab, une enclave sunnite arabe qui divise en deux le territoire kurde du Nord de la Syrie limitrophe de la Turquie. Al-Bab est à ce jour occupée par l’EI. La Turquie pousse donc ses protégés à s’en emparer, dans l’espoir de faire d’une pierre deux coups : chasser Daech et prendre de vitesse les milices kurdes qui veulent elles aussi prendre Al-Bab afin de réaliser leur continuité territoriale.  Erdogan redoute en effet l’apparition d’un territoire kurde fonctionnel à ses frontières qui servirait de sanctuaire aux milices kurdes de Turquie. D’autre part, si Al-Bab tombait entre les mains des Kurdes, il est fort à craindre que la population majoritaire, arabe et sunnite, en soit expulsée. On se trouve donc dans une situation ubuesque, où un pays de l’Otan – la Turquie – s’oppose à un autre pays de l’Otan – les États-Unis – qui soutiennent militairement les milices kurdes syriennes. Les deux premières armées de l’Otan s’affrontent en Syrie. Devant la politique extrêmement brouillonne des États-Unis en Syrie, Erdogan a choisi de se rapprocher de la Russie et de l’Iran, dans l’espoir d’aboutir avec les puissances réellement impliquées dans la région à un règlement de la question syrienne. Pourquoi l’EI est-il si furieux de la pression turque à Al-Bab ? Que représente cette ville pour l’EI ? Al-Bab est stratégiquement importante. C’est un passage vers la Turquie par où transitent les flux de combattants ; c’est aussi un moyen de diviser les Kurdes. Or l’EI subit désormais des pertes si lourdes sous la pression turque qu’il réagit violemment : deux soldats turcs brûlés vifs, puis l’attentat de la discothèque d’Istanbul. La rupture est définitivement consommée. Que peut faire Erdogan dans ces conditions ? Il n’a pas de politique, il est totalement désemparé. Malgré l’accumulation des pouvoirs dans ses mains, Erdogan est en réalité extrêmement isolé. Il répare une brèche d’un côté, puis il doit s’en détourner pour s’occuper d’une autre qui vient de s’ouvrir. D’où l’aspect chaotique de ses actions. Les solutions qu’il préconise ne marchent pas. Le rapprochement avec la Russie permet peut-être de contenir les Kurdes pour l’instant. Mais au sein de son propre camp islamiste, il est lâché par des alliés choqués par ce rapprochement. Ces fractures internes sont beaucoup plus graves pour lui que l’hostilité de Daech. Elles risquent de dresser contre lui une partie de ses propres forces de sécurité, comme l’a démontré l’assassinat récent de l’ambassadeur russe à Istanbul aux mains d’un policier turc qui a clairement invoqué Alep. Aujourd’hui, Erdogan apparaît comme débordé par les défis, contesté par une partie de son propre appareil, isolé et faible. Propos recueillis par Ursula Gauthier ? Ursula Gauthier Journaliste "}