{"title": "a barcelone, la \"peur que l'attentat change la ville en profondeur\" ", "newspaper": "NouvelObservateur", "author": ["Sébastien Billard"], "date_publi": "2017-08-19", "theme": "Monde", "content": "La laisse de son chien dans une main, un sac en plastique dans l'autre, Luiz s'avance à petit pas. Face à lui, des fleurs, des peluches, des dessins, des messages de paix et de petites bougies formant l'un de ces nombreux mausolées qui se sont formés tout le long de la rambla, l'artère emblématique de Barcelone, frappée jeudi par une attaque terroriste à la voiture-bélier. Le jeune homme de 29 ans s'accroupit puis sort de son sac des cierges et les allume un à un méticuleusement. Depuis vendredi matin et la réouverture de la rambla aux piétons, nombreux sont ceux qui, comme Luiz, ont très vite réinvesti les lieux pour parcourir les 500 mètres qui séparent le début de la rambla de la mosaïque de Mirò, où la camionnette a terminé jeudi sa course et où se trouve le plus important de ces mausolées. \"Ni haine ni peur\", \"plus forts aujourd'hui qu'hier, et moins que demain\", lit-on sur plusieurs bouts de papier qui y ont été déposés par les Barcelonais et les nombreux touristes présents à cette époque de l'année dans la ville. ? Si les nombreux mausolées et la forte présence policière viennent sans cesse rappeler la meurtrière trajectoire de la camionnette des terroristes, moins de 48 heures après la tragédie, la rambla est aussi redevenue très vite un lieu de vie. Dans la journée de samedi, un flot ininterrompu de passants a défilé le long de cette rue qui s'étend sur près d'un kilomètre et dont on dit habituellement qu'elle ne dort jamais, tant elle fait figure de passage obligé pour tout touriste, avec ses boutiques et ses restaurants. Malgré la récente tragédie, on s'y promène de nouveau en famille, pour s'offrir une glace, grignoter, admirer les façades ou tout simplement rejoindre le front de mer.   Symbole de ce semblant de retour à la normale, le marché de la Boqueria, l’une des principales attractions de la rambla, célèbre pour ses étals de jus de fruits, de jambons et ses petits restaurants, a rouvert samedi, après avoir été fermé pendant 24 heures. Dès l'ouverture des portes, les touristes s'y sont pressés, et les commerçants ont reçu la visite de la maire de la ville. Une réouverture rapide qui témoigne de la volonté des autorités locales d'aller de l'avant, alors que le tourisme est un secteur crucial pour la ville et la Catalogne. Des autorités qui, dès vendredi, avaient d'ailleurs choisi de rouvrir la rambla à la circulation automobile.  \"Revenir ici après ce qui vient de s'y passer, c'est vraiment dur. Mais c'est la meilleure façon de ne pas laisser la peur s'emparer de chacun d'entre nous\", veut croire Laizus, un jeune Barcelonais travaillant dans l’une des échoppes du marché. Il ajoute : Cette volonté de ne pas se laisser gagner par la peur n'empêche pas les questionnements sur le dispositif de sécurité en vigueur sur la rambla au moment de l'attaque, et surtout sur l'avenir  de la ville, chez les quelques habitants croisés à proximité de l'artère touristique.  Une inquiétude partagée par Cesar Lopez, vendeur de fleurs sur la rambla. \"Barcelone est une ville ouverte, joyeuse, hospitalière. Il faut qu’elle le reste. Il va falloir que l'on se pose des questions sur le renforcement de la sécurité des lieux touristiques mais il faut faire attention à ce que l’état d’esprit de cette ville, lui, ne change pas et que la rage et la peine que l'on éprouve ne nous conduisent pas à prendre les mauvaises décisions\". Et de conclure :  Sébastien Billard, à Barcelone Sébastien Billard Journaliste "}