{"title": "turquie. 38 morts à istanbul dans un double attentat revendiqué par un groupe kurde", "newspaper": "NouvelObservateur", "author": ["L'Obs avec AFP"], "date_publi": "2016-12-11", "theme": "Monde", "content": "Au moins 38 personnes ont été tuées et 166 blessées samedi dans un double attentat qui a frappé le cœur d'Istanbul, ville déjà secouée cette année par plusieurs attaques liées à la rébellion kurde ou aux djihadistes. Une voiture piégée a frappé un car de transport de la police à proximité du stade de l'équipe de football de Besiktas, peu après la fin du match qui s'y déroulait, et une autre explosion, probablement déclenchée par un kamikaze, s'est produite dans un parc voisin, selon les autorités.  Selon un bilan du ministère de l’Intérieur, 38 personnes ont été tuées et 166 blessées dans cette double attaque.\nNous avons assisté, ce soir à Istanbul, à la manifestation la plus hideuse du terrorisme\", a réagi le président Recep Tayyip Erdogan dans un communiqué.\n Le double attentat a frappé un quartier touristique d'Istanbul, situé entre l'emblématique place Taksim et l'ancien palais de Dolmabahçe, sur la rive européenne de cette mégalopole dont l'attractivité avait déjà été entamée par plusieurs autres attentats cette année. Après les explosions, les autorités ont rapidement bouclé tous les accès au quartier du stade, aux abords duquel des dizaines de policiers, mitraillette en bandoulière ou arme au poing, empêchaient tout passage, tandis qu'un hélicoptère survolait le quartier. Des dizaines d'ambulances arrivaient sur place toutes sirènes hurlantes, pendant que d'autres s'éloignaient des lieux avec des blessés à leur bord. Un agent de sécurité en poste dans un immeuble situé à proximité du stade a raconté avoir entendu \"deux explosions à moins d'une minute d'intervalle\", suivies de \"coups de feu\". VIDEO: Footage of the second explosion in #Istanbul followed by heavy gunfire - @SHAWSHANK5 pic.twitter.com/JrvJEgmohY Ces explosions se sont produites dans un quartier très fréquenté de la rive européenne d'Istanbul, au croisement d'importants axes routiers et de lignes de transport en commun. Un bus municipal, utilisé pour transporter des policiers, a vu ses vitres voler en éclats. Les Faucons de la liberté du Kurdistan (TAK), un groupe radical proche du Parti des travailleurs du Kurdistan (PKK), ont revendiqué la double attaque, précisant dans un communiqué que ses deux auteurs étaient \"tombés en martyrs\". \"Nous lutterons jusqu'au bout contre cette malédiction qu'est le terrorisme\", a affirmé le président Recep Tayyip Erdogan après avoir rencontré des blessés dans un hôpital d'Istanbul. Les auteurs de la double attaque \"paieront un lourd tribut\", a-t-il ajouté.     Depuis le début de l'année, plus de 100 personnes ont été tuées à Istanbul dans des attentats liés à la rébellion kurde ou attribués au groupe Etat islamique qui ont gravement nui au secteur du tourisme. PKK et TAK s'en prennent régulièrement à des véhicules de la police. Deux précédents attentats contre des cars de la police ont fait des dizaines de morts cette année à Ankara. A Istanbul, quatre touristes ont été tués et 36 personnes blessées en mars sur la célèbre avenue Istiklal, dans un attentat-suicide revendiqué par l'EI. Les autorités ont également affirmé que les djihadistes étaient derrière l'attentat qui avait fait 47 morts en juin à l'aéroport Atatürk d'Istanbul. Membre de la coalition internationale qui combat l'EI en Syrie et en Irak, la Turquie a déclenché en août une offensive dans le nord de la Syrie pour repousser les djihadistes vers le sud. En réaction à ces opérations militaires, l'EI a à plusieurs reprises menacé d'attentats la Turquie, désormais une des principales cibles des djihadistes. Devant le risque d'attentats à Istanbul, les Etats-Unis ont ordonné en octobre l'évacuation des familles des employés de leur consulat dans la mégalopole turque. L'ambassade des Etats-Unis à Ankara a condamné sur Twitter une \"attaque lâche\" et assuré se tenir \"aux côtés du peuple turc contre le terrorisme\". Le premier ministre Bernard Cazeneuve a lui exprimé son \"soutien au peuple turc\". Attentat à #Istanbul. Tout mon soutien au peuple turc frappé une nouvelle fois ce soir par le terrorisme. L'Obs avec AFP Journaliste "}