{"title": "lutte anti-terroriste : la france renforce son budget, et son armée", "newspaper": "NouvelObservateur", "author": ["L'Obs"], "date_publi": "2015-03-26", "theme": "Société", "content": "Le gouvernement a présenté mercredi 25 mars au Parlement un \"décret d’avance\" qui lui permet de redéployer 308,3 millions d'euros pour financer son plan de lutte contre le terrorisme. Ce redéploiement concerne également le développement du service civique. Ces crédits, ajoutés à 150 millions financés en interne par le ministère de la Défense, participent aux 397 millions d'euros supplémentaires pour financer le plan de lutte contre le terrorisme et aux 61 millions supplémentaires consacrés au service civique.  Il ne s’agit donc pas d’un crédit supplémentaire alloué à la Défense mais d’un déplacement du budget de l’Etat. Un crédit du même montant est donc annulé par ailleurs. Le \"décret d’avance\" permet au gouvernement de ne pas passer par une loi de finances rectificative, une procédure longue.\n Le redéploiement des crédits de la lutte antiterroriste et du service civique se font sans toucher aux 9 milliards d'euros de la réserve de précaution destinée à financer des dépenses exceptionnelles. Des coupes sont toutefois prévues dans les autres ministères. La politique en direction des handicapés devra coûter sept millions de moins en 2015, l'aide juridictionnelle sera également réduite et l'Insee devra dépenser 600.000 euros de moins que prévu en 2015. Une telle mesure vise à répondre à une \"une urgence justifiée par l’actualité internationale\", selon un proche de Christian Eckert. Et cette \"urgence internationale\" concerne, en premier lieu, la sécurité en France. Le plan Vigipirate est renforcé sur tout le territoire français, et en \"alerte attentat\" en Ile-de-France et dans les Alpes-Maritimes, depuis les attentats de janvier et prolongé au moins jusqu'au 10 avril. 10.500 militaires protègent 830 \"sites sensibles\" en France dont 310, principalement juifs, en Ile-de-France pour cette \"opération Sentinelle\". L'UMP ne s'est pas opposé au décret présenté mercredi à la commission des Finances de l'Assemblée nationale. Celle-ci a donné un avis favorable. Le décret doit désormais être présenté à la commission des Finances du Sénat mardi prochain, puis au Conseil d'Etat pour une promulgation prévue \"avant la fin de la semaine prochaine\", assure Bercy. Par ailleurs, l'armée va recruter 11.000 soldats supplémentaires sur trois ans, révèle Le Figaro. Cette mesure doit être présenté par le ministre de la Défense, Jean-Yves Le Drian, le 1er avril prochain. Ce qui porterait les forces terrestres à 77.000 hommes en 2017. Ce serait la première fois depuis la guerre d'Algérie que \"les effectifs de l'armée devraient cesser de baisser\", commente le quotidien. (Avec AFP) L'Obs "}