{"title": "un exercice attentat fait bugger saip, le système d'alerte du gouvernement", "newspaper": "NouvelObservateur", "author": ["L'Obs"], "date_publi": "2017-12-12", "theme": "Société", "content": "L'application du ministère de l'Intérieur censée servir d'alerte en cas d'attentat, baptisée SAIP (Système d'alerte et d'information aux populations) vient de connaître un nouveau raté. Mardi 12 décembre, une notification pour le moins lapidaire a été envoyée à ceux qui y sont abonnés : \"Parc exposition\", était-il simplement écrit en guise message d'alerte. Aucune donnée géographique n'était précisée. Nul attentat n'a en réalité été perpétré mardi dans un quelconque parc des expositions. Ce message a été envoyé en raison d'un exercice \"attentat\" qui été mené au parc des expositions de Grand-Quevilly, près de Rouen. Un \"bug\" s'est produit lors de l'envoi du message d'alerte, a expliqué à BFMTV la préfecture de Seine-Maritime. Celui-ci devait mentionner qu'il ne s'agissait que d'\"un exercice\".   \"Aucun incident en cours. Un exercice de sécurité en Seine-Maritime a conduit au déclenchement de l’alerte smartphone dans certains secteurs\", a également rectifié le ministère de l'Intérieur.\n #SAIP : aucun incident en cours. Un exercice de #sécurité en #SeineMaritime a conduit au déclenchement de l’alerte smartphone dans certains secteurs. pic.twitter.com/6Dcx21kTMI Lancée par le ministère de l'Intérieur après les attaques djihadistes de novembre 2015, l'application enchaîne les loupés.  En juin dernier, un rapport du sénateur LR Jean-Pierre Vogel en soulignait déjà les multiples \"défaillances\". Son efficacité avait été notamment été mise en cause après l'attentat de Nice, le 14 juillet 2016. Le ministère de l'Intérieur avait reconnu que le premier message d'alerte avait été envoyé tardivement.  L'auteur du rapport reprochait par ailleurs au système d'alerte de n'être disponible que sur certains téléphones et aux autorités d'avoir privilégié le recours à un système d'alerte via \"un réseau de sirènes devenu totalement obsolète\", en y consacrant 80% des crédits prévus sur un financement de 44,7 millions échelonné de 2012 à 2019. Demandant que les défaillances de l'application soient \"rapidement corrigées\", Jean-Pierre Vogel recommandait qu'une évaluation soit menée d'ici fin 2019. (Avec AFP) L'Obs "}