{"title": "il griffonne une équation différentielle et se retrouve suspecté de terrorisme", "newspaper": "NouvelObservateur", "author": ["L'Obs"], "date_publi": "2016-05-08", "theme": "L'histoire du soir", "content": "La passagère d'un vol American Airlines reliant Philadelphie à Syracuse a réussi le 5 mai à faire empêcher le décollage de l'avion parce qu'elle suspectait son voisin de siège d'être un terroriste. Avant le décollage, le voisin en question, un quadragénaire à la peau mate et aux cheveux frisés, griffonnait sur un bout de papier des suites de chiffres et de lettres sans signification. Suspicieuse, la jeune femme a alors tenté d'en savoir plus sur son voisin en lui posant des questions banales (\"vous venez de Syracuse ?\"), auxquelles il a répondu sans s'épancher (\"non\"), raconte le \"Washington Post\".  Face à ce comportement qu'elle a jugé étrange, la passagère a conclu que son voisin était sans doute un terroriste qui écrivait le code d'une bombe ou d'une phrase dans un \"alphabet étranger\". Elle a alors fait passer un mot à un membre de l'équipage pour expliquer qu'elle se sentait mal et qu'il fallait qu'elle descende.\n L'avion a ensuite été cloué au sol durant plus d'une demi-heure sur le tarmac. L'homme à l'écriture étrange a été escorté à l'extérieur de l'appareil et informé qu'il était soupçonné de terrorisme... De terrorisme ? Interrogé par les agents de sécurité, le suspect a expliqué que son étrange écriture était en fait une équation différentielle. Ce professeur italien, Guido Menzio, lauréat l'an dernier de la médaille Carlo Alberto qui récompense le meilleur économiste italien de moins de 40 ans, est professeur à l'université de Pennsylvanie, sur la côte est des Etats-Unis. Tout en reconnaissant, dans le \"Washington Post\", avoir été traité tout à fait correctement par ceux qui l'ont interrogé, il a estimé qu'on pouvait \"reconnaître dans ce genre d'incident les émotions qui guident les électeurs de Donald Trump\", avec ses discours anti-migrants et anti-musulmans. Un porte-parole de la compagnie qui opérait le vol, American Airlines, n'a pas su dire si le nombre d'incidents de ce genre avait augmenté ces derniers mois. Le mois dernier, un étudiant avait été débarqué d'un vol de la compagnie américaine Southwest parce qu'il parlait au téléphone en arabe avant le décollage, et un scientifique irakien avait été expulsé d'un vol Easy Jet Vienne-Londres parce qu'il avait envoyé un texto en arabe à sa femme. En novembre, un Américain s'était vu refuser l'accès à un avion de la compagnie Southwest parce qu'il parlait arabe, mettant \"mal à l'aise\" un autre passager.  A.R. L'Obs "}