{"title": "attaque au couteau en finlande : l'assaillant voulait \"cibler en particulier les femmes\"", "newspaper": "NouvelObservateur", "author": ["L'Obs"], "date_publi": "2017-08-19", "theme": "Terrorisme", "content": "Le ressortissant marocain de 18 ans accusé d'avoir tué deux personnes et blessé huit autres en Finlande vendredi, était un demandeur d'asile qui voulait s'en prendre à des femmes, annonce samedi 19 aoûtla police. \"Nous pensons que l'assaillant ciblait en particulier les femmes, mais des hommes ont été blessés après avoir tenté de défendre ces femmes\", a déclaré la commissaire Christa Granroth, du Bureau national des enquêtes en Finlande, lors d'une conférence de presse.  Deux femmes finlandaises ont été tuées dans l'attaque survenue à Turku, dans le sud-ouest du pays. Huit autre personnes ont été blessées, parmi lesquelles les autorités ont comptabilisé six femmes et deux hommes.\n \"Un homme a été blessé en essayant d'aider une victime et un autre a tenté d'arrêter l'assaillant\", a indiqué la commissaire. Les autorités ont également précisé que parmi les huit blessés, il y avait un Italien, un Britannique et un Suédois, et non pas deux comme elles l'avaient annoncé plus tôt dans la journée. Les autorités finlandaises ont annoncé samedi au matin avoir identifié un ressortissant Marocain de 18 ans, demandeur d'asile, comme le principal suspect de l'attentat, qu'elles considèrent comme terroriste. La police a arrêté le suspect quelques minutes après l'attaque, le blessant par balles à la jambe. \"L'attaque a d'abord été qualifiée de meurtre, mais pendant la nuit, nous avons reçu des informations supplémentaires qui indiquent que les infractions pénales sont maintenant des meurtres et des tentatives de meutres avec intention terroriste\", a déclaré la police dans un communiqué. La police a également arrêté cinq personnes lors d'une perquisition dans un appartement de Turku dans la nuit. \"Nous avons maintenant six suspects en détention\", a déclaré à l'AFP le commissaire Markus Laine, du Bureau national d'enquête. \"Nous enquêtons sur le rôle de ces cinq autres personnes, mais nous ne sommes pas encore sûrs s'ils ont un lien (avec l'attaque) (...). Nous allons les interroger, et nous pourrons ensuite en dire plus (...). Mais ils ont été en contact avec le principal suspect\", a ajouté M. Laine. En juin, les services de sécurité finlandais (Supo) avaient relevé d'un cran leur évaluation du risque d'attaque terroriste, annonçant avoir repéré une activité du groupe Etat islamique qui pourrait viser la Finlande. Le risque, considéré jusque-là comme \"faible\", est désormais \"élevé\", soit le deuxième niveau sur une échelle de quatre. Les services de sécurité disaient surveiller particulièrement \"350 individus\", soit \"environ 80% de plus\" qu'en 2012. Le président finlandais Sauli Niinistö a participé à une cérémonie à la cathédrale de Turku vendredi soir, en l'honneur des victimes. \"Il faut garder son calme, la haine n'est pas la réponse à la colère\", a twitté le Premier minsitre Juha Sipilä. Les policiers n'ont pas confirmé la thèse d'un attentat lié au terrorisme islamiste. \"Mais si cela est lié, c'est dans la continuité des attaques faciles à perpétrer que l'Europe a déjà connues\", a déclaré à la radio-télévision publique YLE la chercheuse Leena Malkki, spécialiste du terrorisme à l'Université d'Helsinki. Plusieurs Marocains ont été identifiés parmi les auteurs des attentats de Barcelone et Cambrils cette semaine, revendiqués par le groupe Etat islamique, mais Leena Malkki a déclaré qu'il n'y avait pas encore de raison de croire qu'il y avait un lien entre les attentats de Turku et d'Espagne. L'Obs "}