{"title": "irak : début de la bataille de fallouja, des milliers d'irakiens affamés fuient ", "newspaper": "NouvelObservateur", "author": ["L'Obs"], "date_publi": "2016-05-30", "theme": "Guerre en Syrie", "content": "Les forces irakiennes ont, ce lundi 30 mai, donné l'assaut à Fallouja, marquant une nouvelle et périlleuse phase de combat urbain dans l'offensive lancée il y a une semaine pour reprendre la ville. Bastion du groupe Etat islamique (EI), la ville irakienne de Fallouja est située à seulement 50 kilomètres de Bagdad. Conduites par le service d'élite du contre-terrorisme (CTS), l'unité de combat la mieux entraînée d'Irak, les forces du gouvernement sont entrées dans la ville par trois directions, avant l'aube, ont indiqué des commandants de l'opération.  \"Les forces irakiennes sont entrées dans Fallouja avec le soutien aérien de la coalition internationale et de l'armée de l'air irakienne ainsi que l'appui de l'artillerie et des chars\", a indiqué le général Abdelwahab al-Saadi, commandant de l'opération.\n  \"Il y a une résistance de la part de Daech\", a-t-il le militaire. De son côté, le porte-parole du CTS Sabah al-Nomane a déclaré à l'AFP : \"Nous avons donné tôt ce matin l'assaut à Fallouja\". Les forces d'élite du CTS ont dirigé les assauts sur plusieurs villes d'Irak reprises aux djihadistes ces deux dernières années, avec le soutien aérien de la coalition internationale menée par les Etats-Unis. Leur implication marque une nouvelle phase dans l'offensive contre Fallouja, première ville à tomber aux mains de l'EI en janvier 2014 avant même la fulgurante offensive djihadiste lancée cinq mois plus tard. Celle-ci avait permis au groupe extrémiste de s'emparer de vastes régions d'Irak, dont Mossoul, la deuxième ville du pays, toujours sous son contrôle.  Environ 50.000 civils sont coincés à Fallouja et manquent de nourriture, d'eau potable et de médicaments. Les djihadistes sur place – dont le nombre est estimé à un millier – sont soupçonnés de vouloir utiliser ces civiles comme bouclier humain.  Depuis le début de l'offensive pour reconquérir cette ville il y a une semaine, environ 3.000 personnes ont pu sortir des banlieues \"épuisées, effrayées et affamées\", mais des milliers d'autres restent bloquées \"sans aide ni protection\", selon le Conseil norvégien pour les réfugiés (NRC). Ce dernier craint de nouvelles vagues de déplacés avec l'intensification des combats. A Amriyat al-Fallouja, une localité sous contrôle du gouvernement à une vingtaine de kilomètres au sud de Fallouja, les déplacés fuyant le bastion djihadiste arrivent affamés et épuisés, après des heures de marche dans la nuit.  (Avec AFP) L'Obs "}