{"title": "terrorisme : ce que contient le nouveau plan antidjihad de valls", "newspaper": "NouvelObservateur", "author": ["L'Obs"], "date_publi": "2016-05-09", "theme": "Société", "content": "Manuel Valls annonce lundi 9 mai un nouveau plan contre le terrorisme et contre la radicalisation. En fin de matinée, à l'issue d'un comité interministériel à Paris, le Premier ministre détaille \"80 mesures, dont 50 nouvelles\", certaines qui ont déjà été annoncées ou sont en voie d'être adoptées.  L'objectif affiché est de doubler les capacités de prise en charge de jeunes susceptibles de basculer dans le djihadisme, et d'impliquer touts les acteurs dans le dispositif.   Ce plan est doté d'une enveloppe de 40 millions d'euros supplémentaires d'ici 2018 : le fonds interministériel de prévention de la délinquance, déjà abondé de 20 millions d'euros supplémentaires en 2015 pour la lutte antiterroriste, recevra en effet 20 millions de plus par an en 2016 et en 2017.\n   Parmi les mesures destinées à renforcer les capacités de détection de la radicalisation de djihadistes, \"Le Parisien\" note :       D. H. L'Obs "}