{"title": "les notes secrètes de la dgsi sur un vieux projet d'attentat contre le bataclan", "newspaper": "NouvelObservateur", "author": ["L'Obs"], "date_publi": "2017-03-15", "theme": "Attentats terroristes à Paris", "content": "Des notes \"confidentiel défense\" de la DGSI, récemment déclassifiées dans le cadre du dossier des attentats du 13-Novembre, révèlent des détails intrigants sur un vieux projet d'attentat visant le Bataclan. L'attaque qui a tué 90 personnes au Bataclan le 13 novembre 2015 avait ravivé la question de la sécurité de la salle de spectacles parisienne, déjà ciblée dans un projet d'attentat, resté sans suite judiciaire.  Cette menace était apparue en 2009 dans l'enquête menée à Paris sur la mort d'une lycéenne française, le 22 février de la même année, dans un attentat au Caire, attribué par les autorités égyptiennes à un groupe palestinien djihadiste lié à Al-Qaïda, \"L'Armée de l'islam\".\n Les enquêteurs égyptiens avaient recueilli des informations selon lesquelles un Belge, Farouk Ben Abbes, proche des frères Fabien et Jean-Michel Clain, les voix de la revendication des attaques du 13-Novembre, projetait d'attaquer le Bataclan et \"une cible israélite\" en Seine-Saint-Denis, selon une source proche du dossier. Selon eux, il avait reçu par un proche du mouvement de \"L'Armée de l'islam\" des instructions pour agir en France avec deux complices. Ben Abbes avait été arrêté en avril 2009 en Egypte alors qu'il revenait clandestinement de la bande de Gaza après avoir séjourné dans les rangs de ce groupe, pour y suivre une formation à la confection d'explosifs. En juin 2009, la DGSI rapporte dans une note \"confidentiel défense\" qu'il aurait \"proposé le Bataclan comme objectif possible\", selon une source proche du dossier. Déjà connu des services antiterroristes français pour ses liens avec la mouvance radicale toulousaine, Ben Abbes avait été mis en examen en 2010 dans l'enquête menée en France sur ces projets d'attentats, avant de bénéficier d'un non-lieu le 14 septembre 2012. A l'époque, le juge Christophe Teissier, qui pilote désormais le dossier du 13-Novembre, estimait que l'enquête ne permettait pas de confirmer \"la réalité d'un projet d'attentat sur le territoire\", en mettant en cause \"l'inertie\" des autorités du Caire. Quelques semaines avant la décision du juge, les \"services\" rapportent de leur côté une conversation intrigante interceptée sur MSN le 10 janvier 2009 entre deux hommes. L'un d'eux, Mohamed A.B. apparaît en lien avec Ben Abbes, selon une note confidentielle de la DGSI, également révélée par \"le Point\". Les enquêteurs leur prêtent l'intention de \"tout faire pour savoir où la soirée aurait lieu\", suite à son annulation au Bataclan. Dans cet échange, Mohamed A. B. \"déclarait [...] qu'il allait faire un carnage et amener des cocktails Molotov\", selon la note. Puis en évoquant les \"juifs\", l'autre dit à Mohamed A.B. qu'\"il faut les frapper comme ils nous frappent\". De quelle soirée parlaient-ils ? A la même époque, des associations pro-palestiniennes s'étaient élevées contre l'organisation le 25 janvier 2009 dans le 5e arrondissement de Paris d'un gala de soutien à \"Magav\", la police des frontières israélienne, prévu initialement au Bataclan, comme l'avait indiqué \"le Monde\". La note, partiellement déclassifiée, n'évoque pas cette soirée, pas plus qu'elle ne permet de relier cette conversation au projet dont était suspecté Farouk Ben Abbes. Avant l'enquête sur le 13-Novembre, son contenu n'a jamais été remis à la justice. Innocenté sur le Bataclan, Ben Abbes est resté étroitement surveillé par la DGSI. Quelques semaines après les attentats parisiens, dans une note du 7 décembre 2015, les policiers affirment que Ben Abbes a projeté un attentat en France, avec trois hommes en lien avec la mouvance radicale de Toulouse. Puis changement de plan, il se serait ensuite consacré à la préparation d'un départ en Syrie pour début 2016. Pour cela, il communique avec les frères Clain, écrivent les enquêteurs. Contacté par l'AFP, son avocat n'a pas donné suite dans l'immédiat. Assigné à résidence à Toulouse dans le cadre de l'état d'urgence, Ben Abbes, 31 ans, reste mis en examen dans une enquête sur le forum pro-djihad Ansar-Al Haqq. Ces notes font partie des 84 documents de la DGSI déclassifiés le 20 décembre, après une requête des juges d'instruction de mars 2016, consécutive à une demande de l'avocat Olivier Morice, qui défend des victimes des attentats. (Avec AFP) L'Obs "}