{"title": "donald trump exhorte les pays musulmans à n'offrir aucun \"refuge aux terroristes\"", "newspaper": "NouvelObservateur", "author": ["L'Obs"], "date_publi": "2017-05-21", "theme": "Politique", "content": "Donald Trump était attendu au tournant. Le président américain, qui a entamé ce vendredi en Arabie saoudite sa première tournée à l'étranger, a prononcé un long discours sur l'islam ce dimanche 21 mai, à Riyad en Arabie saoudite. Après une première journée axée sur l'annonce de méga-contrats d'armements, il s'est adressé aux dirigeants musulmans dans un appel à lutter avec détermination contre \"l'extrémisme islamiste\". Face aux représentants d'une cinquantaine de nations musulmanes, dont 37 chefs d'Etat ou de gouvernement, il s'est déclaré porteur d'un message \"d'amitié, d'espoir et d'amour\", soulignant la symbolique de son déplacement – son premier en tant que président – \"au cœur du monde musulman\".   Donald Trump a exhorté les pays musulmans à n'offrir aucun \"refuge aux terroristes\", à les \"chasser\" de leurs communautés et de leurs lieux de culte. En lançant : \"C'est un choix que l'Amérique ne peut faire pour vous\". Il a également annoncé un accord avec les pays du Golfe pour lutter contre le financement du \"terrorisme\". \n Prenant ses distances avec une rhétorique de campagne, où il avait été accusé d'alimenter l'islamophobie, le président américain a longuement insisté sur le fait que ce combat n'était pas \"une bataille entre religions\". \"C'est une bataille entre des criminels barbares qui essaient d'anéantir la vie humaine et des gens bien de toutes religions qui cherchent à la protéger\", a-t-il lancé devant une trentaine de dirigeants de pays musulmans réunis dans la capitale saoudienne.  \"C'est une bataille entre le bien et le mal\", a ajouté le président républicain qui, au début de sa campagne électorale, avait proposé de fermer purement et simplement aux musulmans l'accès des Etats-Unis.  Donald Trump a appelé les dirigeants musulmans à \"faire face à la crise de l'extrémisme islamiste\". Une expression sensiblement différente de celle de \"terrorisme islamique radical\", qu'il avait largement utilisée jusqu'ici mais qui avait provoqué des grincements de dents dans le monde musulman :  Comme c'est le cas depuis son arrivée au pouvoir, Donald Trump s'est aussi gardé de toute critique sur la question des Droits de l'Homme, bafoués selon les organisations internationales dans plusieurs pays arabes, dont l'Arabie saoudite. Revendiquant un contraste marqué avec son prédécesseur démocrate Barack Obama sur ce thème, Donald Trump assure qu'il préfère agir dans la discrétion, gage, selon lui, d'une plus grande efficacité. Il a d'ailleurs lancé ce dimanche :  Mais Trump, qui a annoncé ce dimanche une conférence de presse d'ici deux semaines pour expliquer sa stratégie de lutte contre le groupe djihadiste Etat islamique, a aussi lancé un appel clair aux pays de la région à prendre leur pleine part dans le combat contre le terrorisme : L'ensemble du discours de Donald Trump était finalement plutôt attendu, puisque fidèle aux passages délivrés en amont par la Maison-Blanche. En revanche, il a créé un léger effet de surprise en s'en prenant violemment à l'Iran qu'il a accusé de \"soutenir le terrorisme\". Pour le grand plaisir des monarchies sunnites du Golfe dont l'Arabie saoudite, qui redoutent l'influence de leur grand rival chiite. Sur l'Iran, pays avec lequel les Etats-Unis sont en brouille depuis plusieurs décennies, Donald Trump a dénoncé un pays \"responsable de tant d'instabilité dans la région\". \"En attendant que le régime iranien montre sa volonté d'être un partenaire dans la paix, toutes les nations [...] doivent travailler ensemble pour l'isoler\", a-t-il dit, en accusant le régime iranien d'attiser \"les feux du conflit confessionnel et du terrorisme\". Quelques minutes avant lui, le roi Salmane d'Arabie saoudite, royaume sunnite, s'était livré à une attaque en règle contre l'Iran qu'il a qualifié de \"fer de lance du terrorisme mondial\". B. K. avec AFP L'Obs "}