{"title": "attentat de dortmund : l'enquête patine, une fausse piste islamiste ?", "newspaper": "NouvelObservateur", "author": ["L'Obs"], "date_publi": "2017-04-13", "theme": "Monde", "content": "Les autorités allemandes peinent à faire la lumière sur les événements survenus mardi soir à Dortmund. \"Il peut s'agir d'extrémistes de gauche, d'extrémistes de droite, de fans violents ou d'islamistes\", a déclaré Ralf Jäger, le ministre de l'Intérieur de la région de Dortmund, grande ville du nord-ouest de l’Allemagne. Quelques heures avant le début du quart de finale aller de Ligue des champions entre l’AS Monaco et le Borussia Dortmund, trois explosions ont visé le bus de l’équipe allemande sur le trajet le menant au stade. Les explosions ont blessé un joueur, l’international espagnol Marc Bartra, et un policier.  Si la nature terroriste de l’attentat ne fait pas de doute, la police n’a toujours pas identifié de suspect tangible. Les forces de l’ordre se sont d’abord tournées vers la piste islamiste, étayée par la découverte sur les lieux de l’attaque d’une lettre rédigée en trois exemplaires \"au nom d’Allah\". Deux suspects issus \"de la mouvance islamiste\" ont été identifiés dans la foulée par le parquet fédéral allemand. L’un d’eux, un Irakien de 26 ans a été interpellé avant que la police ne le libère jeudi. Les perquisitions et l’enquête n’ont pas permis jusqu’à présent \"de trouver des éléments montrant que le suspect a participé à l’attentat\". Le jeune Irakien a tout de même été placé en détention pour appartenance au groupe Etat islamique lors d’un ancien séjour en Irak en 2014-2015.\n La lettre de revendication retrouvée en trois exemplaires à proximité du bus visé a orienté la police vers la piste \"islamiste\". Mais son authenticité n'est toujours pas avérée et Ralf Jäger a prévenu qu'il pouvait s'agir d'une tentative de mettre la police sur une \"fausse piste\". Le texte appelle l’Allemagne à cesser de participer avec ses chasseurs Tornado à la lutte de la coalition internationale contre le groupe Etat islamique en Syrie, ainsi que la fermeture d’une base de l’Otan située en Rhénanie-Palatinat, faute de quoi, de nouveaux attentats seront commis. Pour le quotidien \"Die Welt\", cette lettre \"est en elle-même inhabituelle\" précisant que le groupe djihadiste revendique ses attaques par vidéo ou par communiqué. De plus, la lettre de revendication ne comprend \"ni logo, ni drapeau de l’EI\". L’orthographe prétendument soignée de la lettre et certains termes en allemand ne correspondent pas aux écrits usuels des djihadistes. \"Bild\" est également dubitatif quant au pedigree du ou des auteur(s) de cette lettre. Dans les colonnes du premier quotidien allemand, Peter Neumann, expert en terrorisme, relève que l’emploi du mot allemand pour parler du \"califat\" est surprenant. \"Les partisans de l'EI ne parlent que de Khilafa, c'est leur concept idéologique. Pour bien comprendre, c'est comme si l'on disait ordinateur-Pomme au lieu d'Apple\", explique-t-il. Autre piste soutenue par la police avant d'être également laissée de côté : le terrorisme d'extrême gauche. Un groupe d'antifascistes a revendiqué l'attaque, peu de temps après qu'elle ait eu lieu, mais le parquet fédéral allemand a rapidement écarté cette hypothèse jugée peu crédible.  Le patron de la police criminelle locale, Dieter Schürmann, a dès lors souligné que la \"situation était prise très au sérieux\" car aucune piste n'a jusqu'ici permis de déterminer qui sont les auteurs de l'attaque. \"On cherche des gens prêts à tuer\", a-t-il ajouté, selon l'agence DPA. (Avec AFP) L'Obs "}