{"title": "attentat à saint-pétersbourg : le kamikaze a été identifié", "newspaper": "NouvelObservateur", "author": ["L'Obs"], "date_publi": "2017-04-04", "theme": "Monde", "content": "Saint-Pétersbourg est en deuil et ses drapeaux en berne ce mardi 4 avril, au lendemain d'un attentat meurtrier dans le métro et d'un second déjoué de justesse dans une station du centre historique et touristique de la deuxième ville de Russie. Dans un dernier bilan publié mardi matin, les autorités russes ont fait état de 14 morts et 49 blessés.  L'attentat a été perpétré par un kamikaze, a annoncé le Comité d'enquête russe, confirmant une information des autorités kirghizes. Les enquêteurs du Comité d'enquête, des services secrets et du ministère de l'Intérieur \"ont établi que la bombe artisanale a pu être actionnée par un homme dont des restes ont été retrouvés dans le troisième wagon de la rame\", indique le Comité, en ajoutant que son identité a été établie. Il s'agit de Akbarjon Djalilov, 22 ans, qui selon les enquêteurs avait également déposé la seconde bombe désamorcée dans une autre station. Les autorités kirghizes avaient assuré plus tôt qu'un \"kamikaze\" originaire du Kirghizstan serait l'auteur de l'attentat : Dès lundi soir, le porte-parole de Vladimir Poutine avait affirmé que le drame présentait \"tous les signes d'un attentat\". Cet attentat, qui n'a pas été revendiqué, intervient alors que l'organisation Etat islamique (EI) avait appelé à frapper la Russie après son intervention en soutien aux forces de Bachar al-Assad en Syrie, fin septembre 2015.  \"L'enquête a été ouverte pour 'acte terroriste'\", avait indiqué de son côté le Comité d'enquête russe dans un communiqué, précisant toutefois que \"toutes les autres pistes\" seraient examinées. Les images diffusées sur les réseaux sociaux et par les télévisions russes ont montré une rame de métro soufflée, et de nombreux voyageurs tentant de sortir des victimes des décombres. Peu après, une autre bombe artisanale a été \"découverte et désamorcée à temps\" dans une autre station du centre-ville, Plochtchad Vosstaniïa. Le pays n'avait pas été aussi durement touché depuis l'explosion en plein vol le 31 octobre 2015 d'un vol reliant l'Egypte à la Russie avec 224 personnes à bord, un attentat revendiqué par l'EI. Depuis, plusieurs attaques ont touché les instables républiques russes du Caucase et les services de sécurité russes avaient annoncé à plusieurs reprises avoir démantelé des cellules djihadistes s'apprêtant à frapper Moscou et Saint-Pétersbourg. Deux mandats d'arrêt ont été émis lundi contre deux personnes potentiellement impliquées dans l'explosion, rapporte l'agence de presse Interfax, citant une source au sein des services de sécurité, relayée par Reuters.  \"Deux personnes sont recherchées en raison de soupçons de planification des explosions\", a déclaré cette source. Le premier suspect, a-t-il précisé, aurait déposé un engin explosif dans le wagon du métro où s'est produite l'explosion. L'exploitation des images de vidéosurveillance a révélé que l'explosion avait été provoquée par une bombe dissimulée dans une valise et un suspect a été filmé par les caméras de surveillance, indiquait Interfax dans l'après-midi. Ce suspect serait finalement donc le kamikaze. L'autre suspect aurait transporté et déposé la seconde bombe, découverte et neutralisée par des démineurs dans l'autre station de métro. En réaction à l'explosion, les autorités ont annoncé le renforcement des mesures de sécurité dans le métro de Moscou et les aéroports. Après plusieurs heures de fermeture complète, le réseau métropolitain de Saint-Pétersbourg a recommencé à fonctionner partiellement dans la soirée, à la veille de la première des trois journées de deuil décrétées dans l'ancienne capitale impériale. La cheffe de la diplomatie de l'Union européenne, Federica Mogherini, a envoyé ses condoléances à \"tous les Russes, en particulier ceux qui ont perdu leurs proches\". Le président français François Hollande a exprimé \"sa solidarité avec le peuple russe\", tandis que la chancelière allemande Angela Merkel a fait part de son \"effroi\" face à cet \"acte barbare\". François Hollande a quant à lui exprimé \"sa solidarité avec le peuple russe\", indiquant que la France se tenait \"prête à répondre à toute demande d’assistance qui pourrait être formulée par la Fédération de Russie\". Le président français a également adressé \"ses sincères condoléances aux familles et aux proches des victimes\".  Le Conseil de sécurité des Nations unies a lui aussi condamné fermement un \"attentat terroriste barbare et lâche\". Le président américain Donald Trump a pour sa part dénoncé un attentat \"absolument horrible\". Il a ensuite, lors d'un entretien téléphonique avec son homologue russe, assuré Vladimir Poutine du \"soutien total\" de Washington à la réponse qu'apportera Moscou à cette attaque, selon un communiqué de la Maison-Blanche publié lundi soir. Ils \"ont convenu que le terrorisme devait être définitivement et rapidement vaincu\", affirme le communiqué. La Russie a été à plusieurs reprises frappée par des attentats dans ses transports en commun. En 2013, deux attentats suicides à Volgograd avaient fait 34 morts, quelques semaines avant les jeux Olympiques d'hiver de Sotchi. (Avec agences) ? >> A voir aussi : Les habitants de Saint-Pétersbourg se réunissent devant la station de métro Sennaïa Plochtchad  L'Obs "}