{"title": "les belges ont-ils manqué abaaoud six mois avant les attentats ?", "newspaper": "NouvelObservateur", "author": ["Violette Lazard et Vincent Monnier"], "date_publi": "2016-07-05", "theme": "Attentats terroristes à Paris", "content": "C'est l'une des révélations issues des travaux menés par la commission d'enquête parlementaire sur les moyens de lutte contre le terrorisme. D'après nos informations, les députés ont découvert lors de leurs nombreux déplacements en Europe que les autorités belges avaient loupé l'occasion d'arrêter Abdelhamid Abaaoud (l'un des cerveaux des attentats du 13 novembre, mort lors de l'assaut de Saint-Denis) en janvier 2015.   A cette date, les autorités grecques affirment avoir prévenu leurs homologues belges de la présence sur leur sol du djihadiste, qui figurait déjà parmi les plus recherchés d'Europe. Abaaoud, découvriront plus tard les enquêteurs, était alors en Europe pour coordonner la \"cellule Verviers\", du nom de ces terroristes présumés qui s'apprêtaient à frapper Bruxelles.\n Ils seront arrêtés avant de passer à l'action par les Belges... qui oublieront de prévenir les Grecs de leur opération. Une source proche du dossier relate :  La commission d'enquête, qui préconise un renforcement de la coopération en Europe et se montre également très critique vis-à-vis du contre-terrorisme français, doit rendre son rapport d'environ 500 pages le 12 juillet. Avant cela, elle doit présenter ce mardi 5 juillet ses principales recommandations. V. L. et V. M. Violette Lazard et Vincent Monnier Journaliste "}