{"title": "ce que l’on sait de khalid masood, l'auteur de l'attentat de londres", "newspaper": "NouvelObservateur", "author": ["L'Obs"], "date_publi": "2017-03-23", "theme": "Terrorisme", "content": "L'auteur de l'attentat du mercredi 22 mars à Londres, qui a fait quatre morts était britannique, a confirmé la première ministre Theresa May. Son identité a été plus amplement dévoilée ce jeudi après-midi par la police métropolitaine : il s'appelait Khalid Masood et avait 52 ans. Khalid Masood has been formally identifed by police as the man responsible for the #WestminsterAttack in #London  L'homme vivait depuis peu dans les West Midlands, dans le centre de l'Angleterre, et \"ne faisait l'objet d'aucune enquête en cours\" mais avait été inculpé à plusieurs reprises notamment pour \"possession d'armes\", a précisé la police. \n Le terroriste présumé est né en 1964 au Royaume-Uni, dans le Kent (sud-est du pays), précise ce jeudi après-midi la police métropolitaine. Lors de l'attaque à Londres de mercredi, il était vêtu de noir et portait la barbe, selon les premiers témoignages et les photos prises sur les lieux. La BBC précise que la voiture de type 4x4 qu'il a utilisé pour faucher les piétons sur le pont de Westminster a été louée à Birmingham, deuxième ville du Royaume-Uni considérée comme un fief des islamistes britanniques. Alors qu'il tentait de s'attaquer à un deuxième policier, la police a fait feu et l'a tué.  La Première ministre a précisé que l'individu \"a fait l'objet d'une enquête du MI5 [service de renseignement responsable de la sécurité intérieure du Royaume-Uni, NDLR]\", il y a \"quelques années\". Il était alors en lien avec \"l'extrémisme violent\", mais n'était qu'\"un personnage périphérique\" de cette enquête. Le \"Guardian\" précise néanmoins que Masood ne figurait pas sur la liste du MI5 des 3.000 personnes les plus susceptibles de commettre un acte terroriste. L'attaquant aurait agi seul, mais la police enquête sur de possibles associés. Huit personnes ont été arrêtées en lien avec l'attentat à six adresses différentes, notamment à Londres et Birmingham, mais aussi ailleurs dans le pays selon Mark Rowley, le commandant de l'unité antiterroriste dans une déclaration  devant Scotland Yard, ce jeudi 23 mars. Selon les informations dévoilée ce jeudi après-midi par la police métropolitaine, Khalid Masood \"n'a jamais été condamné pour des délits terroristes\". Le groupe djihadiste Etat islamique a de son côté revendiqué l'attaque, plus tôt dans la journée, par le biais de son agence de propagande Amaq. \"L'auteur de l'attaque en face du Parlement britannique à Londres est un soldat de l'EI et l'opération a été menée en réponse à l'appel à frapper les pays de la coalition\" internationale antidjihadiste, a indiqué Amaq, citant \"une source de sécurité\". C'est la première fois que l'EI revendique une attaque en Grande-Bretagne, pays membre de la coalition internationale dirigée par les Etats-Unis. La Première ministre, qui a qualifié l'attentat \"d'attaque contre la liberté\", a précisé :  \"Nous n'avons pas peur et notre détermination ne faillira pas face au terrorisme.\" M.T., R.F. et C.C.                       L'Obs "}