{"title": "ce que l'on sait sur les deux islamistes radicaux arrêtés par la dgsi", "newspaper": "NouvelObservateur", "author": ["L'Obs"], "date_publi": "2017-12-29", "theme": "Terrorisme", "content": "Ils voulaient passer à l'action sur le territoire. Selon \"le Figaro\", un homme et une femme prévoyaient de commettre prochainement, chacun de leur côté, un attentat sur le sol français. Entre le 18 et le 24 décembre, ils ont été interpellés par la Direction générale de la sécurité intérieure (DGSI).  Les deux suspects de 19 et 21 ans, qui habitent respectivement près de Lyon et Paris, sont mis en examen pour \"association de malfaiteurs en relation avec une entreprise terroriste criminelle\" et ont été écroués.  Les deux suspects étaient surveillés de près par la DGSI, le service de renseignement intérieur français, qui craignait un passage à l’acte imminent. Selon une source citée par \"Le Figaro\", ils semblaient \"déterminés\" et avaient déjà réalisé des repérages. Leur cas a été rapidement transmis au parquet de Paris.\n Le quotidien national précise que les deux individus étaient actifs sur les réseaux sociaux et en contact avec des membres de l'État islamique dans la zone syro-irakienne. Leurs projets respectifs n'étaient cependant pas encore aboutis, selon le quotidien. Selon une source proche de l'enquête citée par \"Le Parisien\", la jeune femme de 19 ans a avoué, en garde à vue, jouer d'une stratégie de dissimulation. Dans l'Essonne où elle vivait, elle laissait croire qu'elle n'était pas radicalisée, et était même décrite comme une étudiante festive. Au-delà des apparences, elle cherchait à se procurer des armes à feu et avait débuté des repérages en province. D'après les informations du quotidien, elle prévoyait de commettre son attentat dans un lieux public comme des cafés, et en province, où les forces de l’ordre sont moins nombreuses selon elle. Elle a été arrêtée le 18 décembre en région parisienne.  L'homme de 21 ans a quant à lui été arrêté le 22 décembre dans l’agglomération lyonnaise où il habitait. L'homme affirme avoir voulu répondre aux appels de l'Etat Islamique et envisageait de s’en prendre avec un couteau à des forces de l’ordre, révèlent \"le Figaro\" et \"le Parisien\". Peu après leur arrestation, les deux suspects ont assumé leur volonté de passer à l’action. La première interpellée a affiché très clairement des idées radicales, plus affirmées que celles du second suspect. \"Le Parisien\" précise que, lors de perquisitions au domicile de la suspecte, les enquêteurs ont mis la main sur des écrits de type testamentaire. Selon \"le Parisien\", les enquêteurs considèrent cette radicalité comme la preuve que la menace \"endogène\" est toujours très présente en France. Cette menace est issue des personnes souhaitant passer à l’acte sur le territoire français faute de pouvoir se rendre en Syrie ou en Irak, ce qui semble être le cas pour ces deux islamistes radicaux.  B. A. L'Obs "}