{"title": "hommage national à xavier jugelé, le policier tué lors de l'attentat des champs-elysées", "newspaper": "NouvelObservateur", "author": ["L'Obs"], "date_publi": "2017-04-25", "theme": "Société", "content": "François Hollande rend un hommage national mardi, en présence d'Emmanuel Macron et de Marine Le Pen, à Xavier Jugelé, le policier tué jeudi lors de l'attentat sur les Champs-Elysées qui a bouleversé la fin de la campagne avant le premier tour de la présidentielle. Mes pensées vont à la famille du policier tué et aux proches des blessés. Un hommage national sera rendu.  L'hommage sera rendu dans la cour de la préfecture de police à partir de 11 heures en présence notamment des deux candidats qualifiés pour le second tour, Emmanuel Macron et Marine Le Pen, qui ont répondu favorablement à l'invitation de François Hollande.\n Xavier Jugelé, 37 ans, a été tué jeudi de deux balles dans la tête par Karim Cheurfi, qui a blessé deux autres policiers, dont l'un grièvement, ainsi qu'une touriste allemande, avant d'être abattu. Il était membre de la 32e compagnie de direction de l'ordre public et de la circulation (DOPC) de la préfecture de police de Paris. Il sera élevé à titre posthume au rang de capitaine et sera fait chevalier de la Légion d'honneur. Lors de la cérémonie, son compagnon avec lequel il était pacsé devrait prendre la parole.  Jeudi peu avant 21 heures, à trois jours du premier tour de l'élection présidentielle, une voiture s'arrête à la hauteur d'un car de police garé dans le haut de la célèbre avenue des Champs-Elysées, au cœur de Paris. Le conducteur, Karim Cheurfi, un Français de 39 ans, sort et tire à l'arme automatique de type kalachnikov contre le véhicule des forces de l'ordre, tuant Xavier Jugelé. L'assaillant, bien connu de la police et de la justice pour son intention de tuer les forces de l'ordre, tire à nouveau vers les policiers qui ripostent et l'abattent. L'attaque a été presque aussitôt revendiquée par l'EI, à l'origine de la plupart des attentats qui ont fait 238 autre morts depuis 2015 en France. Mais cette revendication intrigue, l'EI ayant donné une identité du tueur, \"Abu Yussef le Belge\", qui semble différer de celle de Karim Cheurfi. La fin de la campagne électorale pour le premier tour de l'élection présidentielle avait été bouleversée par cet attentat sur la plus célèbre avenue de Paris. Plusieurs candidats avaient annulé leurs déplacements, et l'attaque avait encore tendu l'atmosphère, alors qu'un attentat avait été déjoué le mardi précédent selon les autorités, avec l'arrestation à Marseille de deux hommes soupçonnés de préparer \"une action violente\" \"imminente\".  Au lendemain de l'attentat des Champs-Elysées, François Hollande s'était rendu à la préfecture de police de Paris pour rencontrer les policiers et les forces de sécurité. Il s'était également rendu au chevet du policier grièvement blessé, à l'Hôpital européen Georges-Pompidou. Le président François Hollande s'est rendu à la préfecture de police de Paris pic.twitter.com/cQCMwZZY0N Le chef de l'Etat a déjà rendu hommage dans cette cour de la préfecture à des policiers tués dans des attaques djihadistes. Le 13 janvier 2015, c'est là déjà qu'il avait salué devant leurs cercueils ceux qui sont \"morts pour que nous puissions vivre libres\": Clarissa Jean-Philippe, Franck Brinsolaro et Ahmed Merabet, tombés sous les balles d'Amedy Coulibaly et des frères Chérif et Saïd Kouachi. Avec AFP L'Obs "}