{"title": "\"daech a une diversité de revenus plus grande que certains pays !\"", "newspaper": "NouvelObservateur", "author": ["Céline Lussato"], "date_publi": "2015-03-15", "theme": "Guerre en Syrie", "content": "Au cœur de la crise syrienne, Daech, l'autoproclamé Etat islamique, a tissé solidement sa toile, amarré à la fois à l'Est et au Nord de la Syrie et à l'Ouest de l'Irak. Un territoire d'où il semble presque impossible de l'arracher tellement ses racines, profondément enfouies, le nourrissent désormais. Derrière le \"problème Daech\", il y a en effet \"l'argent de Daech\". Le groupe islamiste armé, qui s'emploie à constituer un Etat, un \"Califat\", construit ses structures étatiques : enseignement, justice, impôt… Il contrôle tout. Grâce à l'arme de la violence certes. Mais aussi d'un portefeuille bien garni qui lui permet de se fournir en armes mais également de payer ses troupes et d'entretenir ses réseaux.  Mais d'où vient cette manne ? Spécialiste des réseaux terroristes, Louise Shelley, professeur à George Mason University (Virginie), décrit des revenus \"extrêmement diversifiés\" :\nIls sont impliqués dans le trafic de cigarettes, de drogue, dans la contrefaçon, dans les faux papiers… Ils prélèvent également des taxes sur les trafics qui traversent leur territoire ce qui leur fournit un revenu notable. Ils sont aussi impliqués, évidemment, dans des extorsions, puisqu'ils prélèvent de force des taxes sur les populations locales. Enfin, n'oublions pas les kidnappings en vu de rançons\".\n Ajoutés à cela les nouveaux revenus issus de la vente d'antiquités syriennes et les sources de Daech, sans cesse renouvelées, semblent intarissables. Or, jusque-là, la seule arme employée pour couper court aux financements de l'organisation terroriste est celle des frappes contre les infrastructures pétrolières. Certes, selon la diplomatie américaine, le trafic de l'or noir a rapporté jusqu'à 2 millions de dollars par jour aux djihadistes. Les Américains, à la tête de la coalition internationale qui bombarde depuis septembre dernier les infrastructures pétrolières en Irak et Syrie, affirment donc viser les sites d'extraction, les infrastructures mobiles ou les camions citernes qui traversent les frontières dans le but de rendre le trafic moins lucratif. Cette stratégie est toutefois limitée. Pour Louise Shelley, \"cela peut sans doute amoindrir un peu ces revenus mais certainement pas les tarir\". Elle évoque un \"épineux problème\" : Et si l'experte admet que les revenus issus de ce trafic ont baissé, elle estime aussi que, grâce à la grande diversification de ses activités, l'Etat islamique a pu compenser ses pertes en réorientant ses activités liées aux réseaux criminels. Une stratégie qui leur permet de retomber sur leurs pieds financièrement. \"La baisse des revenus issus de la vente du pétrole est principalement compensée par ceux, en hausse, issus de la vente du Captagon\", cette drogue synthétique déjà présente dans la région bien avant l'EI. Utilisée par les combattants et fournie par les chefs de guerre locaux qui vivent donc également de son trafic, cette sorte d'amphétamine booste les capacités, accroit la résistance et fait tomber certaines barrières psychologiques qui pourraient freiner la barbarie de ces hommes de guerre. Selon l'Office des Nations Unies contre la drogue et le crime (ONUDC), en 2010, avant donc la révolution syrienne, les saisies de Captagon dans la région étaient déjà en hausse. L'ONUDC recensait alors 11 tonnes de cette drogue saisie en Arabie saoudite, 4 en Syrie, 4 en Jordanie voisine. Un commerce capté en partie au moins par le groupe djihadiste. Car, assure Louise Shelley, la guerre dans la région n'a pas mis fin à ce \"business entre la Syrie et les Etats du Golfe, en particulier à destination de l'Arabie saoudite mais aussi au Bahrein\". Elle alerte : Céline Lussato Céline Lussato Journaliste "}