{"title": "abdelkader merah devant la justice : ce qu'on retiendra de ce procès historique", "newspaper": "NouvelObservateur", "author": ["Doan Bui et Timothée Vilars"], "date_publi": "2017-11-02", "theme": "Justice", "content": "C’est le genre de procès où le soir, en vous endormant, vous repensez à toutes les phrases dites, où vous revoyez les yeux pleins de larmes de cette mère ou de ce frère, prostrés sur le banc des parties civiles, où s’invitent dans vos rêves les fantômes des morts, et aussi les haines de cette famille, la famille Merah. Tant d’encre, tant de sang, et un procès qui s’est achevé avec encore tant d’interrogations.  Tant de douleurs : on pense au vide que vont ressentir les frères, les sœurs, les pères, les mères, qui depuis cinq semaines, se rendaient tous les jours au Palais de Justice, pour s’asseoir sur le banc, se serrer les uns contre les autres. Parce qu’entre endeuillés, il existe cette terrible proximité, celle de ceux qui ont perdu un être cher, des amputés pour la vie. Pour eux, chaque jour fut une épreuve, mais il y avait le besoin inextinguible de venir tout de même, parce que ce procès, c’était aussi une façon de crier très haut les noms d’Imad Ibn Ziaten, d'Abel Chennouf, de Mohamed Farah Chems-Edddine Legouad, de Myriam Monsonego, de Jonathan, d'Arieh et Gabriel Sandler, pour qu’ils effacent un instant celui de l’assassin.  C’était le moment aussi pour les survivants comme Loïc Liber de dire la souffrance d’avoir survécu. Le procès, comme une étape dans le long et escarpé chemin du deuil. \"Tant que nous plaiderons, tant que vous délibérerez, ils ne seront pas tout à fait morts. Alors je vais essayer de les retenir un peu\", disait si bien Simon Cohen, avocat des Monsonego. Les derniers articles s'écrivent, comme une dernière façon de rendre hommage aux morts.\n Ce jeudi, les magistrats ont dit le droit. Prononcé le verdict : Abdelkader Merah, acquitté pour complicité d'assassinat mais coupable d'association de malfaiteurs en relation avec une entreprise terroriste, a été condamné à 20 ans de prison. Fettah Malki à 14 ans. Terrible responsabilité. Mais le verdict eût-il été différent, le procès Merah, historique et hors norme, aurait de toute façon marqué les esprits. Voici ce qu’on en retiendra. Pendant des semaines, on a disséqué cette famille. On a autopsié la haine et la violence, et tenté de comprendre comment on fabriquait un/des terroristes. Ils sont venus à la barre, Abdelghani le frère aîné, \"le mécréant\" Aïcha, la sœur qui jadis signala les enfants de Souad au procureur, car ils étaient déscolarisés, Anne, l’ex d’Abdelghani, la \"sale française\" ou \"sale juive\", c’était selon, et Théodore, leur fils, que les Merah appelaient \"le bâtard\" car il ne portait pas un prénom musulman. Une habitante des Izards évoquait les vidéos de décapitation que Mohamed Merah montrait aux jeunes du quartier, cette autre voisine se souvenait de son fils volontaire pour le djihad, elle l’en avait empêchée, était allée à la police, tandis qu’elle entendait Zoulikha Aziri, la mère des Merah, elle, se féliciter que son fils \"ait mis la France à genoux\". L’audition de la mère : ce fut peut-être l’un des moments les plus pénibles du procès. Elle, pourchassée par les caméras comme une bête de foire, têtue et agressive face aux magistrats, enferrée dans ses mensonges. Et toujours revenait la sinistre litanie des violences, des abandons, des haines. Les haines de la famille ont resurgi dans la salle d’audience, fraîches comme une plaie ouverte. Souvent dirigées contre Abdelghani, le frère aîné qui a dénoncé la radicalisation de sa famille. \"Ce chien\", disait de lui Abdelkader au parloir. Le menteur, le traître, la balance. Et la mère, spectacle terrible, qui, pour défendre son fils accusé, s’employait sans relâche à enfoncer l’autre fils, celui dont elle ne pardonnait pas la trahison.  Il y eut Yacov S., venu raconter ses souvenirs de l’attaque de l’école Ozar Hatorah. Ce jour-là, il était dans sa camionnette, son chemin a croisé celui du tueur, qui lui a tiré dessus, l’a raté... Il a vu Merah abattre Jonathan Sandler et ses fils, puis Myriam Monsonego. Cela fait cinq ans que la scène tourne en boucle dans sa tête, cinq ans qu’il se demande s’il aurait pu faire quelque chose. Naïma Rudloff, l’avocate générale, n’avait pas de questions à lui poser, elle lui a juste répété plusieurs fois :  Et son insistance, comme si elle tentait d’exorciser ses démons,  était un beau moment d’humanité. On a alors pensé à Riss, le rescapé de \"Charlie Hebdo\" qui est venu chaque jour de ce procès. Il dessinait, dessinait, sans dire un mot, déjeunait seul, repartait avec ses gardes de sécurité à la fin des audiences, comme un spectre, une statue du Commandeur dont le regard sombre planait sur la salle. A quoi pensait-il quand Abdelkader Merah a dit : \"Moi et mon petit frère, on n’est pas les frères Kouachi\" ? Quand les survivants évoquaient leur culpabilité d'être encore en vie et le traumatisme de revoir, sans cesse, les mêmes scènes ? Il était un visage sans voix.  Loïc Liber, lui, fut la voix sans visage. Le militaire n’a pas voulu apparaître en visioconférence, pour son témoignage, on a donc juste entendu sa voix et son souffle :  Il racontait la douleur d’être encore vivant, mais handicapé, cloué à son lit ou à son fauteuil, lui qui ne peut plus se tenir debout.   Elle était impossible à oublier, cette journée-là. Quand les frères, les sœurs, les mères, les pères, sont venus à la barre, raconter le deuil infini. Les sœurs de Mohamed Legouad qui n’avaient encore jamais parlé, racontant la douleur d’entendre sans cesse le nom de l’assassin et pas celui des victimes. Radia Legouad :  Les proches revivant le traumatisme, certains, comme les Legouad, apprenant, torture supplémentaire, les derniers instants de leur frère/fils militaire. \"Chems\", le soleil, comme on l’appelait, était à terre, touché par une première balle, a rampé, puis a été touché par une dernière salve. Il y eut aussi les mots si justes et si beaux des frères Ibn Ziaten, de leur mère, répétant à quel point ils étaient blessés que l’homme dans le box se réclame de l’islam.  Et les images d’horreur qui tournaient en boucle : Myriam qui avait demandé qu’on lui fasse des tresses le matin, son sac avec son tutu de danse, le cartable qui tombe et le tueur qui la rattrape ; Arie, la tétine à la bouche ; les adolescents qui dans l’école tentent de ranimer les petits corps. Le goût du sang et du vomi dans la bouche.  \"Lui, il vendrait de l’eau pour du vin à n’importe qui. Ce monsieur, il raconte du vent. Il ne dit pas \"ratages\", mais \"retards\". On l’écoute, et on a l’impression que c’est l’Académie française qui organise un débat entre Nabilla et Ribery !\". Il ne décolérait pas, Albert Chennouf, le père d’Abel Chennouf, assassiné le 15 mars, lui qui a assigné Bernard Squarcini pour \"mise en danger de la vie d’autrui\". Le procès Merah aura aussi été ça : la mise à nu brutale des ratages de l’ex-DCRI ; l’émotion et les regrets de Christian Balle-Andui, le responsable des renseignements de Toulouse, torturé de n’avoir pas pu arrêter le tueur, et l’absence de remords de Squarcini, alias le \"Squale\", droit dans ses bottes. Répétant qu’il n’avait commis aucune erreur. Qu’on avait mal compris sa théorie du \"loup solitaire\", puisqu'évidemment, il le redisait, Mohamed Merah n’était pas seul, mais soutenu par tout un groupe.  Pendant les cinq semaines de procès ont plané les ombres de tous les autres attentats. On a exploré le tout petit monde de la djihadosphère et ses innombrables connexions. La filière d'Artigat, dont étaient proches les Merah, avec les frères Clain ; la voix revendiquant le 13-Novembre, Sabri Essid, l’un des lieutenants de Daech. La filière égyptienne, puisque Abdelkader Merah avait rencontré Farouk Ben Abbes qui, dès 2007, évoquait la possibilité d’un attentat au Bataclan. Un homme lié au tout premier attentat du Caire qui coûterait la vie à Cécile Vannier.  Ils étaient une vingtaine, en permanence. Une foule de robes noires, représentant les parties civiles. Contre les cinq avocats de la défense. Comme en écho des soupirs sur le banc des parties civiles, on les entendait pester, souffler fort, à chaque algarade d’Eric Dupond-Moretti. Insulter aussi, élever la voix.  Il a fallu trois jours de plaidoiries pour que chacun puisse s’exprimer. Des mots sont restés, comme ceux de Maître Cohen évoquant ceux qui survivent à la mort et l’absence :   L’image de Maître Olivier Morice, affaibli – il se remet d’une grave maladie – se levant pourtant à la fin de sa plaidoirie pour, lui aussi, rendre hommage aux morts, puis sortant de la salle en tenant serrée la main de sa cliente, la mère de Mohamed Legouad, tandis que les accueillaient la lumière blanche des caméras et flash des photographes.  Au top de l’Audimat, il a tout explosé. Mardi 31, quand était prévue la plaidoirie d’Eric Dupond-Moretti, l’organisation du Palais de Justice, débordée, a dû refouler des journalistes, parqués devant un écran géant dans une autre salle, et, côté public, une longue queue s’étirait, piétinant pour rentrer dans la salle Voltaire. The place to be. Pendant une petite heure, en tout dernier, comme les stars, la vedette du barreau a plaidé, tandis que sur les bancs des parties civiles, on l’écoutait, les yeux pleins de larmes. Pendant tout ce procès, le ténor du barreau a multiplié les effets de manche : \"C’est insupportaaaable, laissez-moi parler\", tonnant de sa voix de baryton si reconnaissable, se castagnant perpétuellement avec Naïma Rudloff, l’avocate générale, provoquant des incidents quand les questions dérangeaient un peu trop son client. Pas une séance sans incident. Ça a gueulé, ça s’est insulté, tandis que le président, débordé, tentait de faire revenir le calme : \"S’il vous plaît, s’il vous plaît...\" Parfois, ce sont les parents des victimes qui craquaient. Comme lors de ce moment, poignant, où Naoufal Ibn Ziaten, petit frère d’Imad a explosé en entendant l’avocat d’Abdelkader Merah désigner la mère des Merah ainsi : \"C’est la mère d’un accusé et aussi la mère d’un mort.\" Là, le jeune homme s’est levé, a balbutié : \"Vous êtes méchant ! Vous n’avez pas honte ?\" Puis il s’est effondré en larmes, dans les bras de son frère, qui l’a sorti de la salle. Ce jour-là, Eric Dupond Moretti a-t-il senti qu’il était allé trop loin ? Les jours d’après, on a continué incident sur incident, mais lui avait baissé d’un ton. Il en était presque plus efficace encore, comme devant le juge d’instruction Christophe Teissier à qui il fait passer un mauvais quart d'heure. Sa stratégie : démontrer qu’il n’y avait pas assez d’éléments pour renvoyer son client aux assises. Le juge, acculé, répétait : \"Je ne vais pas répéter mon ordonnance.\" Mais malgré sa politique d’intimidation permanente, Eric Dupond-Moretti, lui aussi, a parfois semblé sincèrement ébranlé, comme en début de procès lorsqu’il raconte avoir reçu des menaces de mort visant ses enfants. Il ne pardonnera pas à l’avocate générale de ne pas avoir réagi. Mardi, lors du point d’orgue médiatique du procès, ce sont ses jeunes associés, Me Archibald Celeyron et Antoine Vey, qui lui ont, brillamment, ouvert la voie. Après quatre heures d’un impressionnant travail de sape du réquisitoire de Naïma Rudloff, on a senti, à l’atmosphère orageuse qui gagnait la salle surpeuplée, que les deux verrous de l’accusation devenaient vulnérables. Eric Dupond-Moretti, lui, a porté la dernière estocade. Condamnant le \"terrorisme qui nous a anesthésiés, a libéré les paroles populistes\", l’opinion publique, \"cette prostituée qui tire le juge par la manche\". Dénonçant un emballement, enfin, le combat personnel de sa vie face aux amalgames d’une justice à ses yeux idéologique et victimaire, avec une outrance confinant à l’agressivité et à l’argument ad hominem. Dupond-Moretti se redresse, virevolte, alpague, non sans se délecter de son propre panache. De sa propre solitude. Et puis il y eut ce très bref moment, jeudi matin. Comme un raccourci de ce procès. Appelé à s’exprimer une dernière fois, Fettah Malki, nerveux et comme rabougri dans son survêtement du Real Madrid, émet une récitation pénible de remords, d’horreur et d’empathie. Le gangster supplie de ne pas être traité \"comme un terroriste, un tueur d’enfants\".  Lorsque, après quelques minutes, c’est au tour de son voisin de s’exprimer, le contraste est absolu. Chemise blanche, fines lunettes, Abdelkader Merah décoche avec une sérénité lapidaire :  Dix-huit mots, c’est tout ce que les cinq ans d’instruction et les cinq semaines de procès ont inspiré au grand frère du tueur au scooter. Comme un parfait résumé de l’arrière-goût de frustration qu’aura laissé en bouche le premier procès des attentats djihadistes des années 2010. Doan Bui et Timothée Vilars Doan Bui et Timothée Vilars "}