{"title": "stress, planques, filatures : trois semaines avec les espions qui traquent les terroristes", "newspaper": "NouvelObservateur", "author": ["Violette Lazard"], "date_publi": "2016-12-04", "theme": "Justice", "content": "De loin, les schémas accrochés aux murs ressemblent à des arbres généalogiques avec des traits noirs, en pagaille, et des petites photos à chaque extrémité. De près, on y décrypte rapidement les noms des principaux terroristes qui ont frappé la France ces derniers mois. Abdelhamid Abaaoud. Salah Abdeslam. Fabien Clain. Il y a là l’organigramme du 13 novembre. Juste à côté, celui des principales filières françaises. Cette funeste décoration a été accrochée il y a quelques mois entre deux insignes de police et des décorations militaires dans les bureaux de la cellule chargée de l’évaluation de la radicalisation, dans ce service du renseignement territorial (le SCRT, ex-RG.) Pile à la hauteur du regard. Ce soir-là, la plupart des bureaux sont vides. Il est 19 heures. Marc a allumé une loupiote au-dessus du sien. Lui n’est pas près de rentrer. Il fait partie du groupe \"Rad\", comme on dit ici. \"Rad\" pour \"radicalisation\". Il est chargé, depuis les attentats de \"Charlie Hebdo\", de détecter tout signal, même faible. Et il vient justement de recevoir une jeune femme. Son ex-mari, lui a-t-elle confié, est venu chez elle la veille pour voir ses enfants et lui a emprunté sa tablette. Déjà connu des services pour sa pratique dure et radicale de l’islam, l’homme a cette fois effectué des recherches dénuées de toute ambiguïté. Il a tapé \"Etat islamique\", puis \"comment égorger un homme\".La mine soucieuse de Marc vieillit son visage juvénile. Elle s’obscurcit un peu plus face aux images de la vidéo consultée par le suspect. Elles sont insoutenables. [...] Les agents des services territoriaux sont chargés de surveiller le \"bas du spectre\", expression un brin ésotérique pour désigner ceux qui inquiètent mais n’affolent pas les services. La DGSI, elle, prend en charge le \"haut du panier\" (autre expression en vogue dans le monde du renseignement.)  \"C’est la routine\", constate en soupirant Christine, l'adjointe du service. Cette équipe d’espions du quotidien que \"l’Obs\" a pu suivre en exclusivité pendant plusieurs semaines est installée dans le couloir anonyme d’un grand commissariat de province. Leur nom ne figure nulle part, ils entrent par des portes dérobées. A leur demande, nous avons changé tous les prénoms et gardé le lieu secret. [...] Violette Lazard Journaliste "}