{"title": "video. attentat de manchester : l'hommage bouleversant du poète tony walsh", "newspaper": "NouvelObservateur", "author": ["Julien Bouisset"], "date_publi": "2017-05-24", "theme": "Vidéo", "content": "\"This is the place.\" Les mots de l'écrivain et poète Tony Walsh ont résonné sur la place de l'hôtel de ville de Manchester, ce mardi en fin de journée. Les visages sont tendus, les regards voilés, les coeurs en saudade moins de 24 heures après l'attentat revendiqué par l'Etat islamique, à l'issue du concert donné au Manchester Arena par la pop star américaine Ariana Grande. Les sirènes des ambulances sont se arrêtées. Les cloches du \"City Council\" raisonnent pour rendre hommage aux 22 personnes assassinées. Tony Walsh s'envole, lyriquement : (\"This is the place in the north-west of England. It's ace, it's the best and the songs that we sing from the stands, from our bands set the whole planet shaking. Our inventions are legends. There's nowt we can't make, and so we make brilliant music\")  Le poète relate pendant de longue minute l'histoire d'une ville qu'il porte au plus haut dans son coeur. Il évoque \"le cran des gens du Nord\" et surtout leur \"manière mancunienne de survivre\" face à l'horreur. Et de conclure :  (\"The fact that this is the place, we should give something back. Always remember, never forget, forever Manchester\"). La foule applaudie, avant d'entamer une minute de silence. Pour ne pas oublier. Julien Bouisset Journaliste "}