{"title": "union sacrée des syndicats contre la déchéance de nationalité", "newspaper": "NouvelObservateur", "author": ["Denis Demonpion"], "date_publi": "2016-01-08", "theme": "Etat d'urgence", "content": "Les syndicats ont formé une sorte d'union sacrée contre le projet de loi du gouvernement visant à la déchéance de nationalité des binationaux en matière de terrorisme. Une fois n'est pas coutume, étant donné leurs divergences habituelles en matière économique et sociale, mais ils étaient tous là : Philippe Martinez de la CGT, Laurent Berger de la CFDT, Jean-Claude Mailly de FO, Luc Bérille de l'Unsa et Joseph Thouvenel de la CFTC. A l'occasion de la semaine de commémoration du premier anniversaire des attentats djihadistes perpétrés contre Charlie Hebdo et L'Hyper cacher à Vincennes en janvier 2015, les organisations syndicales se sont retrouvées jeudi à la même tribune de la bourse du Travail à Paris, en présence de représentants d'organisations syndicales venus de plusieurs pays de l'Union européenne, mais aussi de Turquie et de Tunisie. Il y avait aussi Luca Visentini, le secrétaire général de la Confédération européenne des syndicats qui a souligné que les mesures de sécurité imposées au lendemain de la tuerie du 7 janvier et plus encore après celle du 13 novembre au Bataclan \"ne devaient pas limiter les libertés\". La CFDT est \"opposée\" à la réforme constitutionnelle sur la déchéance de nationalité, a déclaré son secrétaire général Laurent Berger. C'est une mesure qui \"ne se justifie pas\" car elle risque de \"fracturer\" encore un peu plus la société, at-il dit. Une préoccupation exprimée par les autres syndicats. Tous sont, à tour de rôle, revenus sur les \"attaques meurtrières commises à Paris sur des gens innocents\", sans toutefois mentionner une seule fois le djihad islamique au nom duquel elles ont été réalisées. Malgré l'union de circonstance, affichée au-dessus d'une banderole déployée en \"solidarité avec les salariés de Charlie Hebdo\", chacun y est allé de sa petite touche personnelle. Philippe Martinez de la CGT a ainsi jugé préférable les \"réponses diplomatiques plutôt que la guerre\", alors même que Daech, l'acronyme de l'Etat islamique, ne bénéficie d'aucune reconnaissance internationale et ne dispose donc pas d'ambassades. \"La CGT est attachée aux valeurs de paix\", a-t-il dit. Tandis que Laurent Berger de la CFDT dénonçait la \"barbarie de Daech\" et les \"attaques obscurantistes\" qui ont ensanglanté Paris, le secrétaire général de l'Union nationale des Syndicats autonomes (UNSA), Luc Bérille a tenu à clarifier les choses en déclarant qu'il n'y avait \"aucune excuse au terrorisme\". Ajoutant qu'il fallait chercher à comprendre \"l'embrigadement\" qui peut exister sur les lieux de travail ou à l'école. Pour lui comme pour certains de ses collègues, le terrorisme est \"idéologique\". Joseph Thouvenel de la CFTC a estimé que la \"levée en masse\" à laquelle on a assisté le 11 janvier 2015 place de la République à Paris où quatre millions de personnes se sont rassemblées pour témoigner de leur sidération après les assassinats commis contre Charlie Hebdo, l'Hyper Cacher et un policier abattu de sang-froid, aurait dû avoir lieu en mars 2012. Soit après la tuerie perpétrée par Mohamed Merah contre des militaires à Montauban, puis contre une école juive à Toulouse, faisant sept morts au total. \"Nous avons failli\", a déclaré le vice-président de l'organisation, avant de déplorer \"l'absence de projet collectif\" et de \"transcendance\" de la société contemporaine qui n'offre que le \"consumérisme\". \"Les organisations syndicales n'accepteront jamais d'être manipulées par les religions\", a conclu pour la Confédération syndicale internationale qui regroupe quelque 176 millions de travailleurs dans le monde, son secrétaire général adjoint, le Hollandais Jaap Wienen. Invitant à relever le défi \"culturel, social et économique\" qui dépasse les frontières, Jean-Claude Mailly a redit son attachement à la laïcité, précisant que la direction générale du Travail, qui dépend du ministère du même nom, confectionne une \"espèce de guide\" en la matière. Denis Demonpion ﻿ÈB; Denis Demonpion Journaliste "}