{"title": "\"je me sens charlie coulibaly\" : deux mois avec sursis pour dieudonné", "newspaper": "NouvelObservateur", "author": ["L'Obs avec AFP"], "date_publi": "2015-03-18", "theme": "Justice", "content": "Le polémiste Dieudonné a été condamné mercredi 18 mars à deux mois de prison avec sursis pour apologie d'actes de terrorisme par le tribunal correctionnel de Paris pour son message \"Je me sens Charlie Coulibaly\". Le parquet avait requis 200 jours amende à 150 euros, soit au total 30.000 euros. Une peine de jours amende implique que le condamné voit cette peine transformée en emprisonnement s'il ne s'acquitte pas de la totalité de l'amende. L'Obs avec AFP Journaliste "}