{"title": "système d'alerte attentat \"défaillant\" : \"la solution est déjà sous nos yeux\"", "newspaper": "NouvelObservateur", "author": ["Barbara Krief"], "date_publi": "2017-08-07", "theme": "Société", "content": "Le système d'alerte attentat doit être revu. C'est la conclusion d'un rapport du sénateur LR Jean-Pierre Vogel, qui souligne les \"défaillances\" de l'application SAIP pour smartphone, lancée par le ministère de l'Intérieur après les attaques djihadistes de novembre 2015. L'efficacité de l'application a notamment été mise en cause après l'attentat de Nice le 14 juillet 2016 qui a fait 86 morts. Outre le manque de réactivité, le système ne serait disponible que sur certains téléphones. Lors des dernières attaques à Paris, la communication officielle s'était d'ailleurs faite par des tweets de la préfecture de police.  Autre problème, les autorités ont privilégié un système d'alerte via \"un réseau de sirènes devenu totalement obsolète\", en y consacrant 80 % des crédits prévus sur un financement de 44,7 millions échelonné de 2012 à 2019. \"Ce choix est contestable, les sirènes, initialement installées pour répondre au risque de bombardement aérien pendant la Guerre froide, n'étant aujourd'hui quasiment jamais utilisées dans d'autres contextes que ceux des essais hebdomadaires\" (la fameuse sirène du premier mercredi du mois), écrit le sénateur.\n Gilles Martin, ancien militaire de la sécurité civile, conseiller en gestion de crise et membre du conseil d'administration de Hand (hackers against natural disaster) salue le rapport du sénateur. Contacté par \"l'Obs\", il développe ses conseils et solutions pour améliorer notre système d'alerte.  Peut-on se passer d'un système d'alerte ? Après tout, les médias et les réseaux sociaux délivrent l'information en temps réel. Non, c'est indispensable. Le rapport se concentre sur les attentats, mais il faut penser un système global d'alerte qui soit efficace pour prévenir la population en cas d'incendie, de tsunami, d'inondation... Je vais vous donner un exemple : le 3 octobre 2015, nous avons eu des inondations dans les Alpes-Maritimes. Nous n'avons pas pu prévenir immédiatement la population de la gravité de la situation ni leur donner les conseils de sécurité essentiels. Résultat : une vingtaine de personnes sont allées chercher leur voiture dans un parking sous-terrain et se sont retrouvées bloquées. Nous avons eu 20 morts. Je ne dis pas qu'une alerte efficace aurait permis un bilan de 0 mort, mais je pense sincèrement que des vies auraient pu être sauvées.  Pourquoi rénover le système des sirènes ne suffit-il pas ?  Aujourd'hui, lorsqu'une alarme sonne personne ne bouge. Et quand bien même les promeneurs s'alarmeraient, ils ne sauraient pas quoi faire. Comment comprendre si l'alarme signifie qu'il faut se confiner ou au contraire évacuer les lieux ? L'alarme n'est qu'un son, elle ne renseigne pas sur la distance à laquelle se situe le danger ou sur sa nature. C'est un message sans information. Il n'est pas à bannir pour autant. La Belgique l'utilise, mais en complément d'un système globale, dit de cross canal, qui est efficace. Qu'est-ce qui devrait être mis en place en France pour mieux alerter la population ? Je ne crois pas qu'il faille se concentrer sur une seule solution. Il faut être partout à la fois. Et il n'est pas non plus nécessaire d'inventer de nouvelles technologies, nous avons déjà beaucoup d'outils à notre portée. La solution est déjà sous nos yeux.  - Créer l'application SAIP partait d'une bonne intention, mais personne ne veut télécharger une application aussi anxiogène. Nous devrions plutôt miser sur le système API (application programming interface), utilisé en Amérique du nord. Le gouvernement se positionne en générateur d'information mais délègue son relais. C'est un peu comme un fil AFP de l'Etat relié aux services les plus utilisés par la population. L'alerte envoyée par le gouvernement via son canal dédié est captée en premier, par exemple, par Météo France, Facebook, Twitter, les applications bancaires, Allociné... qui, à leur tour, propagent l'information. Nous sommes beaucoup à avoir l'application de Météo France, ou un équivalent, sur notre smartphone. A l'inverse, combien de Français ont téléchargé et gardé SAIP ? [entre 5 et 10 millions d'utilisateurs sur Android pour l'application de prévisions météos, contre 100.000 à 500.000 pour le système d'alerte du gouvernement, NDLR]. C'est déjà bien si l'on peut atteindre 100.000 personnes, mais la question qu'il faut maintenant se poser c'est comment toucher tous ceux qui sont concernés ?  -Une autre solution serait de mettre en place un système de \"cell broadcast\" (diffusion cellulaire) semblable à celui utilisé par les opérateurs mobiles lorsque vous voyagez à l'étranger. A votre descente d'avion, par exemple, vous recevez un message vous indiquant que vous venez de changer de zone géographique et que par conséquent votre forfait évolue. Le message est envoyé à tous les abonnés de l'opérateur, peut importe leur identité ou leur localisation exacte, la seule chose qui est prise en compte c'est l'antenne téléphonique la plus proche. Il faudrait utiliser le même système pour les alertes. Concrètement : vous vous trouvez à la Tour Eiffel, que vous soyez touriste ou parisien, vous allez recevoir tous le même message par SMS, de type \"Attaque en cours, veuillez quitter les lieux\". Cela vous permet de vous protéger rapidement. La Belgique a déjà développé ce système. Le Chili l'utilise aussi, plutôt en cas de tsunami. Mais ne soyons pas trop modeste, en France nous avons déjà un système qui fonctionne bien, que nous pourrions adapter aux situations de crise, : les alertes enlèvement [inspirées de \"l'alerte Amber\", née au Texas, NDLR]. Tous les canaux sont mobilisés : services publics (radio, télévision), panneaux autoroutiers, courriels, banderoles sur des sites internet... Cela fait bientôt 50 ans que l'on a marché sur la lune, informer la population ne devrait plus être hors de notre portée.  Propos recueillis par Barbara Krief, lundi 7 août 2017. Barbara Krief Journaliste "}