{"title": "thomas gallay emprisonné au maroc : \"que font les ministres ?\"", "newspaper": "NouvelObservateur", "author": ["Elsa Vigoureux"], "date_publi": "2017-01-31", "theme": "Justice", "content": "Christiane Taubira a rejoint Frank Berton à \"L’aubergeade\", petit restaurant chaleureux et sans prétention du 12e arrondissement de Paris, mardi dernier. Elle est arrivée en vélo, à la nuit tombée, dans un froid glacial, son petit gilet réfléchissant sur le dos, bonnet et casque sur la tête.   L’ancienne garde des Sceaux avait peu de temps ce soir-là, mais elle est la seule personnalité politique française à en avoir pris autant pour s’inquiéter du sort de Thomas Gallay. Un ressortissant français de 36 ans, client de Frank Berton, retenu selon ce dernier \"à tort\" depuis bientôt un an dans les geôles marocaines. La cour d’assises spéciale de Rabat l’a condamné à six ans de prison pour \"soutien financier à des personnes en vue de la commission d’actes terroristes\". Thomas Gallay avait en effet donné, en plusieurs fois et sur un an, environ 70 euros à un Marocain qui l’avait aidé à s’installer à Essaouira, et qui est accusé d'être un membre présumé de Daech.\n\"Mais jamais il n’a eu quoi que ce soit à voir avec le djihad ou l’Etat islamique, d’autant que mon client est catholique\", conteste son avocat Frank Berton.\n C’est d’abord l’évêque de Cayenne, alerté par des proches de Thomas Gallay, qui a écrit à Christiane Taubira. L’ancienne garde des Sceaux n’a pas attendu, elle a contacté le conseil lillois de Thomas Gallay par SMS : Frank Berton lui a tout raconté, le combat épuisant qu’il mène depuis des mois, \"l’histoire du pot de terre contre le pot de fer\", où la France, déplore-t-il, \"n’est rien que le pot de terre\", les audiences qui se succèdent, quand elles ne sont pas reportées ou annulées, les procès-verbaux rédigés en arabe jamais traduits à Thomas Gallay, qui ne lit ni n’écrit la langue, les courriers d’appel à l’aide envoyés par des ONG et Frank Berton aux ministères des Affaires étrangères et de la Justice, qui se disent tout juste \"attentifs\" alors que l’avocat les espérait au moins \"actifs\", les voyages répétitifs et vains au Maroc, où l’on souhaite la bienvenue à l’avocat, qui se sent \"tout sauf bienvenu, puisque la justice marocaine refuse de m’entendre plaider en français dans cette affaire, alors que j’ai pu le faire par deux fois dans le passé\", le désarroi de la famille de son client, \"changé tout récemment de prison pour des raisons qu’on ignore, relégué au silence et à l’indifférence générale\"... La mère de Thomas Gallay, qui ne quitte pas le Maroc pour rester près de son fils, se dit elle dans l’impuissance et la stupéfaction : Béatrice Gallay se dit \"très inquiète\", non seulement pour son fils, \"mais aussi pour les quelque 50.000 Français qui vivent au Maroc, car ce qui nous est tombé dessus peut arriver à n’importe lequel d’entre eux demain\". Car Thomas Gallay \"fait bien de la prison sans justice au Maroc\", assène Frank Berton. Ce qui ajoute à l’indignation de l’avocat, c’est aussi de constater \"combien cette situation ne choque personne aujourd’hui, en 2017 ? Voilà des mois que le pays de Voltaire et Montesquieu ne sait plus, ne veut plus, exiger ce qui représente un droit fondamental : un procès équitable pour l’un de ses citoyens. Mais que font nos ministres ?\" Les relations entre les deux pays existent pourtant. En 2014, la France a contribué à hauteur de 35% à l’aide publique au développement pour le Maroc, soit environ 690 millions d’euros. L’avocat qui a défendu Florence Cassez, retenue sept ans au Mexique, se souvient qu’il y a peu encore \"notre pays se remuait pour ses ressortissants\" retenus dans des contrées bien plus lointaines. C’était un autre temps. Le président de la République Nicolas Sarkozy \"avait à l’époque même sabordé l’année du Mexique dans l’hexagone\". Aujourd’hui, l’affaire Thomas Gallay est médiatisée \"à petits bruits\". Frank Berton est en colère contre \"cette France qui se tait, prête à sacrifier l’un des siens, considérant que sa situation est un dommage collatéral légitime dans le cadre d’une lutte anti-terroriste nécessaire. C’est ça ?\" Christiane Taubira avait prévu de rester une heure avec Frank Berton ce soir-là. L’ancienne garde des Sceaux en aura finalement consacré trois de plus à l’avocat de Thomas Gallay. Pour que le jeune homme ait droit au minimum. Une défense. Elsa Vigoureux Elsa Vigoureux Journaliste "}