{"title": "attentat à berlin : un témoin anonyme a permis l'arrestation d'un présumé suspect", "newspaper": "NouvelObservateur", "author": ["L'Obs"], "date_publi": "2016-12-20", "theme": "Terrorisme", "content": "A 20h07 ce lundi 19 décembre, les signalements commencent à parvenir au centre d'appel d'urgence de Berlin. Un poids lourd vient de rentrer dans l'enceinte du marché de Noël de Breitscheidplatz, dans l'ouest de la capitale allemande, et fonce dans la foule. Au téléphone, les témoins décrivent la scène et évoquent des blessés. EDIT. Un temps présumé suspect, ce ressortissant pakistanais a été libéré mardi soir Ce sont finalement 12 personnes, selon un dernier bilan, qui sont mortes dans ce que le ministre allemand de l'Intérieur Thomas de Maizière a qualifié \"d'attentat\" ce mardi. 48 autres ont été blessées.  Après avoir immobilisé son camion à la sortie du marché de Noël, un homme affirme avoir vu le conducteur s'enfuir en courant dans la rue et en direction du Tiergarten, un grand parc berlinois. Plusieurs témoins préviennent alors la police de sa fuite.  Parmi les témoins, un a particulièrement aidé les autorités, comme le raconte le quotidien allemand \"Die Welt\". Il a en effet poursuivi un suspect présumé à travers le Tiergarten – en conservant une distance de sécurité. Il l'a suivi dans le noir sur une distance d'environ deux kilomètres, tout en restant en contact avec la police pour l'informer sur la position du fugitif. Celui-ci a finalement été intercepté au niveau de la Siegessäule, la colonne de la victoire qui s'élève au centre du parc. Winfried Wenzel, le porte-parole de la police, déclare au \"Welt\" : Petit hic : ce suspect n'était pas le bon. Il a été relâché dans la soirée par les autorités allemandes.  \"La personne suspectée (...) a été remise en liberté dans la soirée sur ordre du parquet fédéral. Les résultats de l'enquête n'ont à l'heure actuelle pas mis à jour d'éléments confirmant des soupçons concrets\" à son encontre, a indiqué le parquet.   A.R. ? L'Obs "}