{"title": "terrorisme : le renseignement prend ses quartiers dans les prisons", "newspaper": "NouvelObservateur", "author": ["Mathieu Delahousse"], "date_publi": "2017-10-15", "theme": "Justice", "content": "Il y a encore un an, le Bureau central du renseignement pénitentiaire (BCRP) n'existait pas. Il est devenu aujourd'hui, et par la force des choses, un interlocuteur incontournable pour la lutte contre le terrorisme djihadiste. \"Leurs agents sont au cœur d'une population qui évidemment nous intéresse. On peut avoir grâce à eux des informations très précises sur des parcours individuels, et jusqu'au financement du terrorisme\", résumait il y a peu un haut responsable du renseignement français.  Les apports de ce service, opérationnel depuis janvier 2017 et destiné à veiller sur l'ensemble des prisons françaises, sont essentiels. Cet été, une note soulignant que 1.150 détenus étaient aujourd'hui considérés comme des individus radicalisés, en plus des 500 personnes emprisonnées dans le cadre de dossiers terroristes, est ainsi remontée jusqu'au centre national du renseignement basé à l'Elysée – la fameuse \"task force\" d'Emmanuel Macron.  \n Plusieurs autres synthèses, outre les deux notes que l'administration pénitentiaire communique chaque jour à la chancellerie, sont par ailleurs remontées jusqu'à l'exécutif, pour information. Sont notés les incidents en lien avec des personnes radicalisées, les mouvements de violence organisés plus ou moins spontanément, ou encore des insultes à caractère djihadistes… La semaine dernière, la mise en examen par un juge antiterroriste, de deux détenus sur le point d'être libérés et soupçonnés d'avoir projeté un attentat depuis leur cellule à Fresnes, a soufflé dans les sphères de l'Etat comme une confirmation de la nécessité d'un renseignement pénitentiaire.  Les deux hommes, un Camerounais de 28 ans et un Français de 22 ans, avaient eu des échanges en détention, au cours desquels ils évoquaient un projet de passage à l'acte à l'extérieur de la prison, comme l'a révélé TF1. Différents mode d'action étaient envisagés : prendre pour cible des surveillants pénitentiaires ou des policiers, organiser une prise d'otage ou encore un mitraillage. Ces deux hommes, islamistes radicaux, voulaient manifestement monter un groupe de combattants. Le premier suspect était suivi depuis fin 2016 par les policiers de la Direction générale de la sécurité intérieure (DGSI). Son arrestation au sein même de la maison d'arrêt a eu lieu alors qu'arrivé au bout de sa peine, il devait sortir cette semaine. Le deuxième suspect était lui aussi dans les tous derniers jours de sa détention, d'où la volonté d'accélérer les investigations, sous l'égide du parquet de Paris. \"Cette affaire marque un signal très préoccupant, tout comme l'attaque de surveillants en septembre 2016 à Osny avait été un tournant\", commente une source pénitentiaire. A cette date, un détenu, avec la complicité de plusieurs autres, avait attaqué à l'arme blanche un surveillant pénitentiaire avant d'en blesser un second venu en renfort. Cet événement est considéré comme le premier attentat perpétré à l'intérieur même d'un établissement pénitentiaire. Les détenus dangereux susceptibles de passer à l'action sont depuis le cœur de cible du Bureau central du renseignement pénitentiaire. Avant que le système ne soit entièrement refondu, ils étaient auparavant suivis par l'état-major de sécurité de l'administration pénitentiaire, chargé également de surveiller les grands noms du banditisme ou les évadés potentiels. Le renseignement pénitentiaire appartient au deuxième cercle du renseignement - le premier est composé de la DCRI, de la DGSE, de la DRM, de la DRSD, de DNRED et de Tracfin. Il est aujourd'hui constitué de trois niveaux : un bureau central, 10 cellules interrégionales et des délégations locales dans les établissements. \"Il ne s'agit pas d'un espion par prison mais d'un référent par prison\", précise une source pénitentiaire. Les informations, dans un monde déjà très contrôlé, sont appelées à être collectées, analysées dans la durée, puis synthétisées. L'état d'esprit est de suivre le détenu au fil des mois, en lien avec les services judiciaires qui déjà sont chargés de noter l'évolution de chaque individu sur le terrain de la discipline, de la santé, de l'éducation, de la réinsertion… Avec une enveloppe de 4 millions d'euros en 2017, le service compte 250 agents, dont 50 au bureau central. Budget et effectifs doivent encore s'étoffer, a programmé le ministère de la Justice. Enfin, autre caractéristique du bureau central du renseignement pénitentiaire : il est à ce jour le seul dirigé par une femme : la magistrate Charlotte Hemmerdinger. La création du Bureau central du renseignement pénitentiaire a changé en partie la mission des agents de la pénitentiaire chargés de ces missions délicates. Auparavant par exemple, les seuls agents n'avaient aucune mission envisageable d'enquête. Directrice de l'administration pénitentiaire au moment de son audition en 2016 par la commission d'enquête parlementaire sur les attentats du 13-Novembre, la haut-magistrate Isabelle Gorce avait par exemple cité le cas des mobiles entrés en détention, déplorant : Elle expliquait qu'il leur était impossible de livrer même une première analyse de ce qu'ils contenaient. Dans certains cas, dit-on, les services de renseignement allaient jusqu'à supplier l'administration pénitentiaire pour qu'elle laisse aux détenus leurs portables pourtant interdits. Cela permettait de continuer à les surveiller, de connaître leurs relations à l'extérieur et éventuellement, comme dans les affaires récentes, de surprendre des projets d'attentats… Aujourd'hui, ce genre de bricolage a en théorie disparu. Le BCRP accueille des officiers de liaison des principaux services, notamment du renseignement territorial et de la DGSI, et des équipements nouveaux ont été attribués pour permettre l’exploitation des moyens de communication en détention (portables et ordinateurs). Des caméras et des micros peuvent également être installés en toute discrétion, exactement à la manière dont le font les services tous les jours pour surveiller des individus en liberté. De la même manière, on ne dément pas à l'administration pénitentiaire la possibilité d'une dotation future d'Imsi-catcher, ces instruments de captation des signaux téléphoniques qui permettent de localiser des téléphones, mêmes cachés, et éventuellement de les écouter.   Face à la menace, la priorité absolue du renseignement pénitentiaire ne fait plus de doute. Terminées, les réticences initiales qui rappelaient que la mission d'un surveillant n'était pas celle-ci. \"Ce qui a été révélé témoigne évidemment de l'urgence de cette situation\", estimait le 10 octobre dernier sur Europe 1 la garde des Sceaux Nicole Belloubet, faisant référence à l'affaire de Fresnes et soulignant que \"les surveillants sont les premiers agents de la lutte contre la radicalisation\". Son prédécesseur place Vendôme, Jean-Jacques Urvoas, ne disait pas autre chose et misait sur les même priorités. Inaugurant en avril 2017, les sécurisés bureaux qui abritent le renseignement pénitentiaire, il avait toutefois mis en garde les agents : \"Comme tous les services de renseignements, vous apprendrez l'ingratitude\". Une phrase empruntée à John Fitzgerald Kennedy, qui avait lancé en 1961 au siège de la CIA : \"Vos succès seront passés sous silence. Vos échecs, criés sur les toits.\" D'un avis partagé par tous, il faudrait encore quatre à cinq ans pour que le bureau soit véritablement opérationnel, avec la mémoire, l'expérience et la durée qui fondent les bonnes missions de renseignement. Mathieu Delahousse  Mathieu Delahousse Journaliste "}