{"title": "\"terroriste islamiste\" à nice : le gouvernement a-t-il parlé trop vite ?", "newspaper": "NouvelObservateur", "author": ["L'Obs"], "date_publi": "2016-07-18", "theme": "Attaque de Nice", "content": "Les liens entre le tueur de Nice et \"les réseaux terroristes ne sont pour l'instant pas établis par l'enquête\", a affirmé le ministre de l'Intérieur Bernard Cazeneuve, lundi 18 juillet. Mohamed Lahouaiej-Bouhlel ne serait donc pas affilié au groupe djihadiste Etat islamique (Daech) qui a revendiqué l'attaque ? Depuis le drame, les enquêteurs se montrent très prudents sur d'éventuels liens avec le conducteur du camion qui a tué 84 personnes et en a blessé 308 sur la promenade des Anglais de Nice le 14 juillet. Cette prudence ne semble toutefois pas de mise du côté du gouvernement qui a évoqué, dès la nuit de l'attentat un \"terroriste islamiste\". Retour en arrière. Des informations rapportent dès 23h20 qu'un véhicule a foncé dans la foule sur la Promenade des Anglais à Nice, au moment du feu d'artifice. La mairie de Nice affirme qu'il y a plusieurs victimes, tandis que la préfecture des Alpes-Maritimes conseille aux habitants de rester cloîtrés, évoquant \"un attentat\". Quelques minutes plus tard, le sous-préfet des Alpes-Maritimes déclare sur BFMTV qu'il s'agit d'une \"attaque criminelle de grande ampleur\" qui a fait \"plusieurs dizaines de morts\". Prévenu à 23h30, François Hollande, qui se trouvait à Avignon, rentre à Paris, à la cellule de crise mise en place au ministère de l'Intérieur, indique l'Elysée à 00h15. Dans la foulée, le Premier ministre Manuel Valls organise la cellule de crise place Beauveau, avec le ministre de l'Intérieur Bernard Cazeneuve et les directeurs de la gendarmerie, de la police, des services de renseignement et du Secrétariat général de la défense et de la sécurité nationale (SGDSN). Après avoir tenu une réunion de crise, François Hollande et Manuel Valls rejoignent l'Elysée à 2h40 . A 3h30, le président entame une allocution télévisée depuis le palais dans laquelle il affirme : Il poursuit : \"Après Paris au moins de janvier 2015, puis au moins de novembre de l'année dernière avec Saint-Denis, voilà que Nice est à son tour touchée. C'est toute la France qui est sous la menace du terrorisme islamiste.\"  Dans la foulée des déclarations de François Hollande, Manuel Valls fait part sur Twitter, à 3h52, de son \"immense\" douleur après que \"Nice [ait été] frappée par le terrorisme\", assurant que \"les Français feront face\". La ville de Nice frappée par le terrorisme le jour de notre Fête nationale. Immense douleur, le pays est en deuil. Les Français feront face. Dans une déclaration à l'AFP, le ministre des Affaires étrangères Jean-Marc Ayrault indique écourter son séjour en Mongolie après la \"tragédie\" de Nice. \"Chacun est bien conscient que la lutte contre le terrorisme n'est pas finie, loin de là, qu'elle doit se mener à la fois sur le terrain - contre Daech par des voies militaires -, mais qu'elle doit aussi se mener par toutes autres voies possibles, contre le financement du terrorisme et contre la radicalisation\", prévient-il encore. Au Sommet Europe-Asie à Oulan-Bator, 51 chefs d'Etat et de gouvernement m'assurent de leur totale solidarité avec la France et les Français Au terme d'un conseil de défense restreint présidé par François Hollande, Manuel Valls déclare dans la cour de l'Elysée, à 10h30 : Le Premier ministre poursuit : \"La seule réponse digne, responsable de la France, sera celle qui restera fidèle à l'esprit du 14-Juillet, c'est-à-dire celui d'une France unie et rassemblée autour de ses valeurs. Et nous ferons bloc, c'est la seule exigence qui vaille aujourd'hui.\"  Arrivé à Nice, François Hollande se rend au chevet de plusieurs victimes de l'attentat à 14 heures. Une heure plus tard, il avertit : Invité au journal télévisé de France 2, Manuel Valls assure que l'auteur de l'attentat de Nice est \"un terroriste sans doute lié à l'islamisme radical d'une manière ou d'une autre\". Et ce alors même que l'enquête antiterroriste débute et que le procureur François Molins a assuré que le tueur est \"totalement inconnu\" des services de renseignement.  Tandis que le Premier ministre est sur France 2, le ministre de l'Intérieur s'exprime au journal télévisé de TF1. Mais leurs réponses divergent. A la question \"Est-ce que ce soir vous êtes en mesure de nous dire qu'il est lié à l'islam radical ?\" Bernard Cazeneuve se montre prudent et répond simplement \"non\". De quoi laisser penser que François Hollande et Manuel Valls ne disposent d'aucun élément concret à l'appui de leurs précédentes affirmations.  L'agence Amaq, liée au groupe djihadiste Daech, diffuse sur ses réseaux, samedi vers 11 heures, une revendication de l'attaque : A la sortie d'une réunion à l'Elysée, Bernard Cazeneuve affirme que l'auteur de l'attentat de Nice, Mohamed Lahouaiej-Bouhlel, \"n'était pas connu des services de renseignement car il ne s'était pas distingué, au cours des années passées, soit par des condamnations soit par son activité, par une adhésion à l'idéologie islamiste radicale\".  \"C'est un attentat à caractère terroriste, cela est apparu clairement dès les premiers instants\", affirme Bernard Cazeneuve, lundi matin, sur RTL. \"L'enquête avance [et] les premiers éléments semblent révéler\" qu'il y a bien eu préméditation. Toutefois, il rappelle que le lien avec \"les réseaux terroristes ne sont pour l'instant pas établis par l'enquête\".  Malgré la revendication de Daech, les motivations Mohamed Lahouaiej-Bouhlel demeurent pour le moins troubles. François Hollande et Manuel Valls auraient-ils été un peu vite en besogne pour le désigner comme \"terroriste islamiste\" ? Le chef de l'Etat évoque ainsi le \"terrorisme islamiste\" dès la nuit du jeudi au vendredi, quelques heures après le drame, et avant même que l'enquête n'ait pu établir quoi que ce soit. Selon \"Le Monde\", le gouvernement base son argumentaire sur les témoignages recueillis pendant les gardes à vue de personnes liées à Mohamed Lahouaiej-Bouhlel. Or, si celles-ci évoquent un \"basculement récent vers l'islam radical\" de l'homme de 31 ans, elles n'ont débuté que vendredi à 11 heures. L'exécutif s'est d'ailleurs scindé lors des interventions simultanées de Manuel Valls et de Bernard Cazeneuve vendredi soir, lorsque le premier évoque sans ciller \"l'islamisme radical\" et que le second préfère prendre des précautions. Face au double discours, le conseiller communication du Premier ministre, Harold Hauzy, a assuré sur Twitter qu'il n'y a \"pas de divergence\", puisque \"[Bernard] Cazeneuve se réfère au passé du terroriste, [quand Manuel] Valls [se réfère] au mode opératoire\". Pas de divergence. Cazeneuve se réfère au passé du terroriste, Valls, au mode opératoire. enfin L'EI l'a revendiqué https://t.co/U3nPGoPe9S Dans un entretien au \"Journal du dimanche\", Manuel Valls s'est également expliqué : \"On a prétendu vendredi qu'il y avait une divergence entre Bernard Cazeneuve et moi, bien au contraire ! L'attaque terroriste du 14-Juillet est l'expression même de ces nouveaux modes opératoires.\" Avant de poursuivre : Sur le perron de l'Elysée lundi matin, Bernard Cazeneuve a renchérit : \"On ne peut obtenir la résilience dans un pays si durement frappé que si l'on dit la vérité aux Français et si l'on les prépare dans l'unité à faire face aux épreuves.\" B.M. ? L'Obs "}