{"title": "attentat déjoué à paris : \"mon frère n'a jamais été un extrémiste de l'islam\"", "newspaper": "NouvelObservateur", "author": ["L'Obs"], "date_publi": "2015-04-23", "theme": "Société", "content": "Un jeune homme \"toujours souriant\", voilà comment la sœur de Sid Ahmed Ghlam, Hind, le décrit. L'étudiant en électronique de 24 ans, placé en garde à vue depuis dimanche 19 avril, est soupçonné du meurtre d'Aurélie Châtelain, une Nordiste de 32 ans, à Villejuif (Val-de-Marne) et d'avoir projeté d'attaquer des églises. \"Mon frère n'a jamais été un extrémiste de l'islam. Il a toujours été droit. Il donnait des cours de langue arabe aux hommes et moi aux femmes, à la grande mosquée El-Fath [de Saint-Dizier]\", déclare la jeune femme de 22 ans. Elle habite à Saint-Dizier. C'est dans cette ville de la Haute-Marne que Sidi Ahmed est arrivé en 2001 avec sa mère. Il y reste deux ans et est contraint en 2003 de retourner en Algérie, pays dans lequel il est né, car il est sans-papiers. Le jeune homme rejoint Paris en 2010, après avoir obtenu son bac.  A Saint-Dizier, où il se rendait souvent le week-end, comme dans son appartement en résidence universitaire dans le 13e arrondissement de Paris, les enquêteurs ont mené lundi des perquisitions au domicile de la sœur et des parents du meurtrier présumé d'Aurélie Châtelain.\n \"On ne croit pas que des armes ont été retrouvées chez lui\", raconte Hind. Le ministre de l'Intérieur a annoncé que la police avait découvert dans le véhicule de Sid Ahmed Ghlam un \"arsenal composé notamment de plusieurs armes de guerre, d'armes de poing, de munitions, de gilets pare-balle\". Quant à un voyage en Syrie, sa sœur dit qu'il \"n'a jamais parlé d'aller là-bas\". A partir de 2014, les services renseignement l'avait mis sous surveillance car ils le soupçonnaient de vouloir aller en Syrie. Sid Ahmed Ghlam avait exprimé son désir de faire le djihad sur Facebook. Selon le procureur de Paris François Molins, Sid Ahmed Ghlam était \"en contact avec une autre personne pouvant se trouver en Syrie\", qui lui aurait demandé de \"cibler particulièrement une église\". \"Je l'ai eu au téléphone samedi, il m'a demandé des nouvelles des enfants et du quartier, déclare Hind. Je l'ai vu aussi mardi dernier, il était normal et joyeux. L'époux de Hind nuance les propos de sa femme, comme le rapporte \"Le Parisien\" du jeudi 23 avril. Une jeune femme de 25 ans, vivant à Saint-Dizier, a été placée mercredi 22 avril en garde à vue. Elle était \"régulièrement en contact avec Sid Ahmed, jusqu'à récemment\", selon \"Le Parisien\". \"Elle voulait se marier avec lui, mais ça ne marchait pas. Il n'a pas voulu\", répond Hind. Sid Ahmed Ghlam a été arrêté dimanche 19 avril, après avoir appelé le Samu pour une blessure à la jambe. Sa garde à vue peut durer jusqu'à six jours. La loi autorise ce délai en cas de \"risque sérieux de l'imminence d'une action terroriste\". (Avec AFP) L'Obs "}