{"title": "berlin - milan : ce que l'on sait du parcours d'anis amri depuis l'attentat", "newspaper": "NouvelObservateur", "author": ["L'Obs"], "date_publi": "2016-12-23", "theme": "Terrorisme", "content": "Quatre jours après la tuerie de Berlin, le ministre italien de l'Intérieur Marco Minniti a confirmé que le Tunisien de 24 ans Anis Amri, principal suspect de l'attentat, avait été abattu à Milan. Il reste de nombreuses zones d'ombre : on ignore notamment si le suspect, qui a prêté allégeance dans une vidéo au groupe Etat islamique, a bénéficié de complicités lors de sa cavale. Voici pour l'heure ce que l'on sait de son parcours depuis l'attaque.  Après avoir lancé son camion sur un marché de Noël très touristique de Berlin, Anis Amri prend la fuite. Il est poursuivi à pied par un témoin qui guide la police par téléphone… Mais qui perd sa trace, conduisant à l'arrestation d'un demandeur d'asile pakistanais qui est finalement mis hors de cause et remis en liberté mardi soir.  Le quotidien \"Bild\" publie ce vendredi en une de prétendues photos d'Anis Amri devant une mosquée salafiste berlinoise, située dans le quartier de Moabit.\n Polizei filmte Terror-Verdächtigen Anis Amri vor und nach dem Terror-Anschlag bei einer Berliner Moschee. https://t.co/UPHUCFeRwn pic.twitter.com/rckPt2Bgrf Les clichés ont été pris par des caméras de vidéosurveillance quelques heures après l'attentat. On semble y voir le suspect sortir de la mosquée dans laquelle il se serait réfugié.  Selon le quotidien, Anis Amri avait été photographié devant cette même mosquée les 14 et 15 décembre, quelques jours avant l'attentat. Il se serait emparé du camion à proximité de cette mosquée. On sait peu de choses pour l'heure de ce qu'a fait le suspect dans les jours qui ont suivi. Seule certitude, selon les informations de \"la Repubblica\", que \"l'Obs\" est en mesure de confirmer, on a retrouvé dans sa poche des billets de train français, qui ont permis de reconstituer la suite de son parcours.  Il a pris un train jeudi à Chambéry, en Savoie, pour gagner Turin. Trois heures de trajet. De là, il a pris un train pour Milan, où il est arrivé vers 1 heure du matin après 1h50 de route. Enfin, il a quitté la gare avant d'être arrêté à Sesto, dans la banlieue de la ville, à environ 3 heures du matin pour un contrôle d'identité au volant d'une voiture, avant d'être abattu. A.-S.H. L'Obs "}