{"title": "attentat de londres : sadiq khan vs donald trump, le clash en quatre actes", "newspaper": "NouvelObservateur", "author": ["L'Obs"], "date_publi": "2017-06-06", "theme": "Monde", "content": "Depuis la double-attaque de Londres qui a fait 7 morts et 48 blessés samedi 3 juin, le président américain a fait du maire de Londres sa cible favorite pour tenter de redorer le blason de son décret anti-immigration. Quitte à totalement déformer ses propos. Retour sur leurs échanges en quatre actes. Dimanche matin, le maire de Londres Sadiq Khan prévient les Londoniens d'une présence policière accrue dans la capitale, y compris de policiers \"armés\". Here's what @SadiqKhan actually said. He is right to provide reassurance. I'm standing with resilient London & him. pic.twitter.com/FlsP3n41cZ  \n\n Donald Trump déforme la déclaration du maire travailliste, et choisit d'y voir une sous-estimation de la menace terroriste. Dans une salve de tweets dimanche, le président américain vante les mérites de son décret anti-immigration (bloqué par la justice américaine) et s'insurge :  At least 7 dead and 48 wounded in terror attack and Mayor of London says there is \"no reason to be alarmed!\"  Dimanche, toujours, le maire de Londres choisit de ne pas répondre au tweet de Donald Trump. Son porte-parole explique qu'il est occupé à \"coordonner la réponse à cette horrible et lâche attaque terroriste\" ainsi qu'à \"rassurer les Londoniens et les visiteurs de notre ville\". Sadiq Khan has \"more important things to do\" than respond to Trump's tweets, says an aide pic.twitter.com/COH4kxikfM \"Certains se nourrissent de la querelle et la division. Nous ne laisserons pas Donald Trump diviser nos communautés\", a tout de même fini par rétorquer Sadiq Khan lundi soir sur la BBC. Plus tôt dans la journée, le maire avait demandé sur Channel 4 News l'annulation de la future visite d'Etat du président américain au Royaume-Uni. En privé, des diplomates britanniques ne cachent pas leur colère face aux propos du président américain. En public, la Première ministre britannique Theresa May a affiché sans détour son soutien au maire travailliste de Londres, opposant un démenti à peine masqué au président américain. \"Sadiq Khan fait du bon travail et c'est incorrect de dire le contraire\", a ainsi lancé la conservatrice lors d'une conférence de presse lundi.  Visiblement peu embarrassé par son erreur de la veille, Donald Trump attaque à nouveau Sadiq Khan sur Twitter lundi 5 juin : Pathetic excuse by London Mayor Sadiq Khan who had to think fast on his \"no reason to be alarmed\" statement. MSM is working hard to sell it! \n\n Le même jour, l'administration Trump a saisi la Cour suprême pour tenter de faire rétablir le décret interdisant temporairement l’arrivée sur le sol américain des ressortissants de six pays à majorité musulmane.  The Justice Dept. should ask for an expedited hearing of the watered down Travel Ban before the Supreme Court - & seek much tougher version! \n\n  M.G. L'Obs "}