{"title": "attentat à londres : le bilan s'alourdit, deux nouvelles arrestations", "newspaper": "NouvelObservateur", "author": ["L'Obs"], "date_publi": "2017-03-24", "theme": "Terrorisme", "content": "Le bilan s'est alourdi deux jours après l'attaque terroriste perpétrée sur le pont de Westminster à Londres. La police a annoncé jeudi soir, dans un communiqué, le décès d'une quatrième victime. Maintenu artificiellement en vie depuis mercredi, un homme de 75 ans a succombé à ses blessures, après l'arrêt des soins. Aucune autre information sur son identité n'a, pour l'heure, été communiquée. Au moins une autre victime se trouve entre la vie et la mort, et cinq sont dans un état grave, selon un dernier bilan de la police. Detectives investigating the terrorist attack in #Westminster can confirm that a 75yo man died tonight after his life support was withdrawn.  \n\nCette nouvelle victime porte désormais le bilan de l'attaque à quatre morts, outre celle de l'assaillant Khalid Masood. Un homme d'une cinquantaine d'années, Kurt Cochran et une enseignante britannique d'origine espagnole, Aysha Frade ont été tués mercredi sur le pont de Westminster. La quatrième victime, Keith Palmer, un policier de 48 ans, est mort après avoir subi plusieurs coups de couteau de l'assaillant.\n  La police a procédé à deux nouvelles arrestations \"importantes\" dans la nuit de jeudi à vendredi. Cela porte à neuf le nombre de personnes en garde à vue, a précisé le porte-parole de la police anti-terroriste. L'officier a donné le nom de naissance de l'auteur comme étant Adrian Russell, après avoir donné dans un premier temps l'un de ses nombreux noms, Khalid Masood.  Juste après l'attentat, la police londonienne a arrêté huit personnes âgées de 21 à 58 ans dans six endroits différents, sept à Birmingham, dans le centre de l'Angleterre et une à Londres. Ces individus, cinq hommes et trois femmes, sont tous soupçonnés de préparer des actes terroristes. Une femme a été libérée sous caution. Les policiers ont également mené des opérations à Brighton, dans le sud du pays et dans le Carmarthenshire, un comté du sud du pays de Galles. Des perquisitions ont été effectuées à seize adresses différentes et cinq étaient toujours en cours, selon le commandant de l'antiterrorisme Mark Rowley. L'enquête mobilise des centaines d'officiers et se concentre sur les motivations du tueur, sa préparation. Elle cherche aussi savoir s'il a agi seul, inspiré par la propagande islamiste, ou s'il a été aidé et commandité. L'Obs "}