{"title": "suspect de berlin en fuite : pourquoi les enquêteurs sont sous le feu des critiques", "newspaper": "NouvelObservateur", "author": ["L'Obs"], "date_publi": "2016-12-22", "theme": "Terrorisme", "content": "La polémique sur les dysfonctionnements des autorités prend de l'ampleur ce jeudi en Allemagne. La police allemande a lancé contre un Tunisien de 24 ans une chasse à l'homme à l'échelle européenne, 48 heures après l'attentat au camion, revendiqué par Daech, qui a fait douze morts sur un marché de Noël de Berlin. Or Anis Amri, considéré comme le principal suspect de l'attentat, n'avait jamais été arrêté alors même qu'il était identifié comme un islamiste potentiellement dangereux. Son portefeuille et ses papiers avaient pourtant été découverts dans le poids lourd qui a ravagé lundi soir le marché de la Breitscheidplatz. Mais les policiers ont perdu un temps précieux en se focalisant toute la journée en priorité sur un suspect pakistanais, finalement mis hors de cause et libéré.  Anis Amri était pourtant bien connu des policiers, du centre de lutte antiterroriste et du parquet. Selon nos informations, il était arrivé en Europe en 2012 via l'Italie, et était installé à Berlin depuis le mois de février. Il avait depuis été placé sous surveillance car suspecté de préparer un cambriolage pour financer l'achat d'armes automatiques et un attentat. L'enquête a été abandonnée en septembre faute d'éléments probants. Sa demande d'asile a par ailleurs aussi été rejetée mais son expulsion a été bloquée par son pays d'origine – la Tunisie émettant des doutes sur son identité. Malgré une longue liste de suspicions établie aussi bien au niveau fédéral que dans les Länder de Berlin et de Rhénanie du Nord-Westphalie, il a été laissé en liberté par manque de preuve. La presse se demande dès lors comment les policiers et les procureurs avaient pu rater autant de signaux d'alerte, l'individu ayant par ailleurs été lié des mois durant à la mouvance salafiste et à des prédicateurs du djihad bien connus. D'après nos informations, il serait lié à la mosquée de Hildesheim, considérée comme un \"hub salafiste\" de la région de Basse-Saxe, où des fidèles auraient été encouragés à partir combattre en Syrie. La mosquée et les domiciles de plusieurs membres de l'association gérant le lieu de culte avaient été perquisitionnés fin juillet. L'association a été récemment interdite et son leader Abou Waala incarcéré. En novembre encore, Anis Amri avait fait l'objet d'un signalement, avant de disparaître. Behörden hatten den mutmaßlichen Attentäter A. Amri seit langem im Visier. Wie konnte er trotzdem abtauchen? #Berlin https://t.co/Q08bEsSaCY Pour le journal local \"Darmstädter Echo\", l'un des problèmes est la multiplication dans un Etat fédéral des échelons de pouvoir et des autorités. \"Pourquoi une personne comme le suspect tunisien a pu jouer au chat et à la souris avec les autorités en charge de son expulsion ?\", se demande le quotidien. \"Car le fédéralisme, s'il n'est pas conscient de ses problèmes inhérents, représente un risque pour la sécurité.\" La \"Süddeutsche Zeitung\" relève aussi \"que des erreurs ont été commises\", \"la surveillance [d'Anis Amri] n'était ni adaptée ni suffisante\". Il souligne cependant qu'\"un Etat de droit a le droit d'en commettre, autrement c'est le risque d'une dérive autoritaire à la manière de la Russie ou de la Turquie\". Toujours est-il que plus de deux jours après l'attaque au camion-bélier, la police semble n'avoir aucune idée du lieu où peut se cacher le suspect. Une récompense à l'américaine, \"pouvant aller jusqu'à 100.000 euros\", est même proposée par le parquet antiterroriste.  Mercredi, environ 150 policiers ont perquisitionné un foyer de réfugiés dans l'ouest de l'Allemagne, à Emmerich, où l'homme a séjourné il y a quelques mois, selon des médias allemands. Faute de résultat, les autorités se sont résolues à publier un avis de recherche à l'échelle européenne. Ces dysfonctionnements ne font pas non plus les affaires de la chancelière Angela Merkel, accusée, en particulier par la droite populiste, d'avoir ouvert l'Allemagne à la menace terroriste en permettant l'arrivée de 900.000 réfugiés en 2015, puis de 300.000 autres cette année. Plus grave encore pour la chancelière, dans son parti, la CDU, des voix s'élèvent aussi pour dire que l'arrivée des migrants a mis l'Allemagne en danger. \"A l'échelle nationale, il y a un grand nombre de réfugiés dont on ne sait pas d'où ils viennent ni comment ils s'appellent. Et ça représente un potentiel d'insécurité important\", a jugé Klaus Bouillon (CDU), ministre de l'Intérieur de la Sarre. T.V. avec V.M. ? L'Obs "}