{"title": "ali benflis : \"face au terrorisme, l'algérie a besoin d'une riposte politique\"", "newspaper": "NouvelObservateur", "author": ["Céline Lussato"], "date_publi": "2015-07-28", "theme": "Monde", "content": "L'Algérie a connu, le 17 juillet, l'attaque la plus meurtrière en un an - une dizaine de morts parmi des soldats. Pourquoi cette recrudescence des violences ? - Que s'est-il vraiment passé lors de cette attaque d'Ain Defla ? A mon sens, l'inaptitude à la communication est le talon d'Achille de toutes les autocraties. Ces régimes vivent renfermés sur eux-mêmes, cultivant l'opacité, s'entourant de mystères. Et, manifestement, c'est le cas de notre régime en Algérie qui ne cherche pas à expliquer, à convaincre ou à sensibiliser. Ce régime politique est profondément convaincu qu'il n'est responsable devant personne et qu'il n'a aucun compte à rendre à personne.  C'est presque contraints et forcés que les pouvoirs publics ont fini par concéder le strict minimum concernant l'attaque d'Ain Defla : deux phrases dans un communiqué du Conseil des ministres et un tweet du Premier ministre. Le peuple algérien n'a eu aucune explication qu'il était pourtant en droit d'attendre et les malheureuses victimes n'ont reçu aucun hommage particulier. Même leurs familles ont été privées de l'expression solennelle de condoléances de la part des autorités publiques. Les victimes, leurs familles et le peuple algérien méritaient à mon sens bien plus que cela.\n Accroissement des violences, passage de groupuscules d'Aqmi vers Daech… Y-a-t-il une structuration des mouvements terroristes en Algérie avec le risque de la création d'un continuum des forces de l'Etat islamique entre la Libye, l'Algérie, la Tunisie et le Sahel ? - Le terrorisme menace toujours notre pays, on ne peut pas se le cacher. Certes, il ne peut frapper quand il veut et où il veut. Mais il sévit dès qu'il peut. Et cette menace ne peut plus être prise isolément de son contexte sahélo-maghrébin. Premièrement, nous avons affaire à un arc terroriste qui s'étend du Nigeria à la Somalie : l'Afrique de l'Ouest, une partie de l'Afrique centrale, le Sahel, le Maghreb, la corne de l'Afrique sont tous sous la menace terroriste. La constitution de cet arc est le fait géopolitique majeur des cinq dernières années. Deuxièmement, au début des années 2000, nous comptions une organisation terroriste dominante dans la région sahélo-maghrébine. Aujourd'hui nous en comptons une dizaine. Il y a donc eu une prolifération des organisations terroristes, sans que les digues pour les contenir n'aient été mises en place à temps. Troisièmement, non seulement il y a eu une prolifération mais ces organisations sont mieux nanties financièrement et militairement qu'elles ne l'ont jamais été auparavant. Elles ont bénéficié de l'arsenal libyen, ainsi que de l'argent du paiement des rançons, de la contrebande, du trafic de drogue et des dîmes qu'elles prélèvent localement. Enfin, quatrièmement, qui dit renforcement des capacités dit extension de la nuisance et c'est ainsi que des études américaines ont recensé 289 actions terroristes pour la seule région sahélo-maghrébine rien que pour l'année 2014. Oui, l'Algérie est désormais confrontée au terrorisme dans toute cette dimension régionale complexe. Vous avez le sentiment que ce constat n'est pas partagé à Alger ? - Non, il ne l'est pas. Or, il faut mettre un terme chez nous au discours politique triomphaliste et lénifiant sur la défaite du terrorisme, sur la sécurité totalement rétablie et la paix entièrement restaurée. Il faut avoir la franchise et le courage de dire aux Algériens que notre pays est toujours en guerre et qu'il ne faut pas baisser la garde. Nos forces armées et toutes nos forces de sécurités s'acquittent de manière admirable de leur mission de protection et de défense contre le terrorisme, mais cela ne suffit pas. Il nous faut un front intérieur, une ligne et une direction politique claire qui incitent les Algériens à la vigilance et à la mobilisation, qui convainquent la population qu'elle est partie prenante de cette lutte contre le terrorisme. Vous craignez que la population n'en vienne, par crainte, à abriter, comme dans les années 1990, les djihadistes dans les villages ? - Peut-être pas à ce niveau-là. Mais les démocraties sont plus fortes que les autocraties pour faire face au terrorisme. Contre le terrorisme, la riposte sécuritaire ne suffit pas. Il faut une riposte politique. Or, en Algérie, cette riposte politique est loin d'être assumée et encore moins organisée. La tendance chez nos concitoyens est de penser que le terrorisme est une affaire qui ne regarde que le régime en place et ses adversaires et qu'eux-mêmes ne sont pas concernés. Cette tendance est dangereuse et il est impératif qu'elle soit inversée. C'est là l'un des défis et l'un des enjeux démocratiques que nous revendiquons. Il faut pour ce pays un changement démocratique, une prise en charge du problème du terrorisme par les institutions et une prise en charge du terrorisme par les citoyens. Et ces derniers ne s'impliqueront à 100% dans la lutte contre le terrorisme qu'avec une légitimité du pouvoir en place. De violents affrontements ont eu lieu, par ailleurs, à Ghardaïa qui ont provoqué la mort de plus de 20 personnes. Là aussi, le régime algérien répond par une réponse sécuritaire… - Ghardaïa n'est pas un cas isolé. Comme l'ensemble du pays, le sud de notre territoire est dans une situation de profond malaise. Il ne se sent pas pris en considération, éprouve un sentiment de délaissement. Les populations de ces régions ont le sentiment d'être des citoyens de seconde zone, elles se jugent victimes de politiques de développement incohérentes et déséquilibrées. Ce qui est en cause dans ces régions, c'est un déni de citoyenneté, ce sont les représentations clientélistes qui se sont substituées aux représentations légitimes des populations, les droits et libertés ignorés et les décisions arbitraires des pouvoirs qui se sont imposés de manière autoritaire. Voilà les véritables causes du soulèvement de Ghardaïa, et il faut les traiter en tant que telles. A tort, nos pouvoirs publics ont opté pour un traitement sécuritaire. Le régime politique en place ne voit qu'un défi à son autorité.  Le président Bouteflika a opéré des changements à des postes clés des services de sécurité ces derniers jours, après d'autres changements à la tête de plusieurs ministères. Est-ce la prise de conscience de dysfonctionnements ? Ou bien une nouvelle salve de décisions sans concertation que vous dénoncez ? - Tout pouvoir politique a le droit d'opérer les changements qu'il souhaite en vue d'appliquer sa politique. Mais cette règle vaut dans les situations normales. Or, notre pays n'est pas dans une situation politique normale ! Le monde entier sait que notre pays souffre d'une vacance au sommet de l'Etat. Que du fait de cette vacance du pouvoir, toutes les institutions et même l'administration publique sont dans un état de quasi cessation d'activité et que toutes nos institutions, de la base au sommet, pâtissent lourdement d'un manque de légitimité. De ce fait, le pays est à l'arrêt. C'est le règne du statu quo et de l'immobilisme, alors que les problèmes politiques, économiques et sociaux s'accumulent. Par l'ampleur des changements de personnels civils et militaires qu'il vient de décider, le régime politique en place veut frapper les esprits. Il veut créer chez nos concitoyens la fausse impression qu'il y a du mouvement alors que nous savons tous que le pays fait face à une impasse très préoccupante. Il veut faire croire par cet artifice du changement de personnels, qu'il y a toujours un maître à bord, qu'il y a un cap et une carte de navigation, alors que tous les Algériens savent qu'il n'en est absolument rien. Dans l'exercice du pouvoir, ce qu'il y a de plus facile est de nommer et de relever de leurs fonctions des individus. Il est bien plus ardu de mettre en œuvre des politiques qui servent la société, règlent les problèmes et répondent à ses attentes. Le drame de la vacance du pouvoir dont nous sommes les témoins en Algérie est qu'il n'y a plus personne pour concevoir et conduire de telles politiques. La véritable impasse est là, et le jeu des chaises musicales est loin d'aider à la surmonter. Est-ce là donner raison à Nicolas Sarkozy, qui affirmait la semaine dernière en Tunisie que l'avenir de l'Algérie est \"un sujet qui doit être traité dans le cadre de l'Union pour la Méditerranée\" ? - Pas du tout. Il est du ressort des Algériens de traiter leurs problèmes. J'observe d'ailleurs que les déclarations de Nicolas Sarkozy en Tunisie ont choqué en Tunisie comme en Algérie. Pour ma part, je les ai trouvées tout simplement lamentables. Et je pèse mes mots. De la part d'un ancien chef d'Etat, président d'un grand parti politique, on était en droit d'attendre un plus grand sens de la mesure, une plus grande justesse dans le jugement et une plus grande finesse dans la réflexion et l'analyse. Le sujet est trop sérieux pour être traité avec cette ironie déplacée et cette désinvolture qui déprécie d'abord et surtout l'auteur des propos tenus sur l'Algérie de manière si peu courtoise et inamicale. Propos recueillis par Céline Lussato   Céline Lussato Journaliste "}