{"title": "norvege. des musulmans forment une \"chaîne de la paix\" autour de la synagogue d'oslo", "newspaper": "NouvelObservateur", "author": ["L'Obs avec AFP"], "date_publi": "2015-02-21", "theme": "Monde", "content": "Plus d'un millier de personnes ont participé samedi 21 février, à l'initiative de jeunes musulmans norvégiens, à un rassemblement pacifique autour de la synagogue d'Oslo en signe de solidarité avec les juifs visés à Copenhague. La foule a applaudi lorsqu'un groupe de jeunes musulmans, dont de nombreuses jeunes filles portant des foulards, ont formé une chaîne humaine symbolique devant la synagogue dans la capitale. \"Une chaîne de la paix.\"  Selon un responsable de la police, Steiner Hausvik, environ 1.300 personnes ont participé au rassemblement qui s'est déroulé dans le calme sous la surveillance de la police, après un appel sur Facebook.\nCela montre qu'il y a beaucoup plus d'artisans de la paix que de va-t-en guerre\", s'est félicité l'un des organisateurs, Atif Jamil, 26 ans. \"Tout va très bien dans notre pays. Il est important de battre en brèche ce préjugé\" selon lequel les musulmans détestent les Juifs.\n  (Larsen, Hakon Mosvold/AP/SIPA) \"Il y a encore de l'espoir pour les sentiments humains, la paix et l'amour au-delà des différences religieuses\", a-t-il ajouté avant la traditionnelle cérémonie du shabbat qui s'est déroulée en plein air. De nombreux manifestants ont joint leur voix aux chants hébreux.  (AFP PHOTO / FREDRIK VARFJELL) Le chef de la communauté juive de Norvège Ervin Kohn a souligné que c'était la première cérémonie du shabbat à se dérouler en présence d'une assistance aussi nombreuse. Le fait que \"des musulmans manifestent ainsi contre l'antisémitisme est unique et cela nous remplit d'espoir\", a-t-il ajouté en notant : \"Vous nous avez envoyé un signal très fort nous disant que nous ne sommes pas seuls.\" Ce projet de chaîne humaine rassemblant juifs et musulmans norvégiens émane d'un groupe de jeunes musulmans voulant dénoncer l'attaque qui a tué dimanche dernier un juif danois qui montait la garde devant la grande synagogue de Copenhague. \"Nous voulons manifester notre soutien aux juifs après ce qui est arrivé à Copenhague\", a déclaré Hibaq Farah, un étudiant d'origine somalienne. \"C'est la meilleure réponse que nous pouvons donner à la polarisation des débats à laquelle nous avons assisté après les attaques en France et au Danemark\", a expliqué Youssef Bartho Assidiq, un responsable d'un mouvement de jeunes musulmans.  (AFP PHOTO / FREDRIK VARFJELL) Un Juif danois de 37 ans qui montait la garde devant la grande synagogue de Copenhague dimanche a été abattu d'une balle dans la tête. Son meurtrier présumé, Omar El-Hussein, un Danois d'origine palestinienne, de 22 ans, avait, selon le témoignage, d'un ami professé sa haine des Juifs. La Norvège a été frappée en juillet 2011 par un attentat à la bombe à Oslo et le massacre des participants à un rassemblement de la jeunesse travailliste, sur une île proche de la capitale, qui ont fait au total 77 morts. L'auteur des faits, l'extrémiste de droite Anders Behring Breivik, a été condamné à la plus lourde peine de prison, 21 ans, qui peut être prolongée indéfiniment tant qu'il sera considéré comme dangereux. L'Obs avec AFP Journaliste "}