{"title": "affaire karachi : nicolas sarkozy entendu comme témoin par la justice", "newspaper": "NouvelObservateur", "author": ["L'Obs"], "date_publi": "2017-06-01", "theme": "Politique", "content": "Il n'a pas été poursuivi. C'est comme simple témoin que Nicolas Sarkozy a été entendu par la Cour de Justice de la République (CJR) dans le cadre de l'affaire Karachi le 2 mai, révèle ce jeudi 1er juin \"le Parisien\". Une information confirmée par l'AFP.  Quinze ans après l'attentat de Karachi, l'ancien Premier ministre Edouard Balladur, a lui été mis en examen le 30 mai dernier pour \"complicité d'abus de biens sociaux et recel\" par la même cour de justice saisie depuis juin 2014. Il est soupçonné d'avoir bénéficié d'un financement occulte pour sa campagne présidentielle de 1995 via des rétrocommissions sur des contrats d'armement.   \n Nicolas Sarkozy a donc été entendu dans cette affaire. Une source proche du dossier a expliqué à l'AFP : Confirmant une information du \"Parisien\", qui précise même que l'entretien a duré près de trois heures.  Le processus judiciaire, qui s'était engagé en juin 2014 suite à l'instruction rendue par les juges Renaud Van Ruymbeke et Roger Le Loire, ne fait que commencer. A l'époque, ils avaient estimé ne pas disposer de suffisamment de charges pour renvoyer devant un tribunal l'ancien président de la République, ministre du Budget d'Edouard Balladur de 1993 à 1995. Finalement, c'est donc en sa simple qualité de \"témoin\" qu'il a été entendu.  L'Obs "}