{"title": "c'est officiel, le pentagone désigne la chine comme adversaire des etats-unis", "newspaper": "NouvelObservateur", "author": ["Pierre Haski"], "date_publi": "2018-01-29", "theme": "L'Amérique selon Trump", "content": "La page du 11-Septembre et des menaces terroristes est tournée, retour aux affrontements classiques entre Etats. Sans crier gare, le Pentagone – le ministère de la Défense américain – a révisé la vision stratégique des Etats-Unis, officialisant une nouvelle guerre froide en désignant comme principaux adversaires la Chine et la Russie. Dans la chronique quasi-quotidienne des outrances de Donald Trump, la publication, la semaine dernière de la nouvelle \"Stratégie de défense nationale 2018\" du Pentagone – la précédente remonte à dix ans –est passée quasiment inaperçue à l'étranger. Elle marque pourtant un tournant.  \"La concurrence stratégique entre Etats, et pas le terrorisme, constitue désormais la principale inquiétude pour la sécurité nationale des Etats-Unis\", proclame d'entrée de jeu le résumé de 11 pages rendu public par le Pentagone.\n  Depuis les attentats du 11 septembre 2001, avec la chasse aux réseaux d'Al-Qaida et de son chef Oussama Ben Laden, finalement tué lors d'un raid au Pakistan en 2011, puis avec la montée en puissance de l'Etat islamique en Irak et en Syrie à partir de 2014, c'est le terrorisme qui était l'enjeu numéro un de sécurité nationale des Etats-Unis. Même si, sous l'administration Obama, la Russie est rapidement devenue un rival stratégique avec l'annexion de la Crimée puis l'intervention en Syrie. Pour Washington, ces deux pays sont des Etats \"révisionnistes\", c'est-à-dire qu'ils veulent changer l'ordre international. Avec Donald Trump, la liste est même plus large encore, avec le retour de la Corée du Nord et de l'Iran –l'\"axe du mal\" de l'époque Bush - qui retrouvent une place de choix dans la liste des menaces ; en particulier l'Iran avec lequel Barack Obama avait tenté une ouverture avec l'accord nucléaire de 2016 que son successeur veut remettre en cause. Il s'agit évidemment d'un document du Pentagone, qui cherche, comme à l'époque de la guerre froide avec l'Union soviétique, à justifier son budget, et cette fois l'importante augmentation des dépenses décidée par Donald Trump. Mais c'est aussi tout à fait cohérent avec l'approche plus globale des Etats-Unis depuis la victoire du candidat républicain. En particulier vis-à-vis de la Chine, cible de toutes les attaques de Donald Trump pendant sa campagne électorale, avec laquelle il souffle le chaud et le froid depuis un an, vantant sa relation personnelle avec le numéro un chinois Xi Jinping tout en dénonçant la duplicité chinoise sur la Corée du Nord ou en imposant des taxes sur les panneaux solaires chinois.  La semaine dernière, pas moins de trois documents importants ont été publiés à Washington, qui désignaient la Chine comme adversaire, relève l'analyste Bill Bishop, qui publie la lettre spécialisée Sinocism Outre cette \"Stratégie de défense nationale\", le Représentant américain au Commerce (United States Trade Representative), rattaché à la Maison -Blanche, et la Stratégie de sécurité nationale, ont également apporté leurs évaluations par rapport à la \"menace\" chinoise, accusant Pékin de \"vol massif\" de données, d'avoir établi l'armée \"la plus compétente et la mieux financée après la nôtre\", et de répandre certains aspects de son système autoritaire \"comme la surveillance\" (une accusation surprenante après les révélations d'Edward Snowden sur la surveillance de masse pratiquée par les Etats-Unis, mais cette ironie a échappé à l'administration US). Le document du Représentant au Commerce va très loin puisqu'il estime que les Etats-Unis se sont trompés en laissant la Chine entrer dans l'Organisation mondiale du Commerce (OMC) en 2001 : \"Il semble clair que les Etats-Unis ont commis une erreur en soutenant l'entrée de la Chine à l'OMC dans des conditions qui se sont révélées inefficaces pour garantir qu'elle adopte un régime commercial ouvert et lié au marché.\"  Lundi, le site américain Axios a révélé une proposition surprenante à l'étude au sein de l'administration Trump, visant à \"nationaliser\" le futur réseau de téléphonie mobile 5G, afin de le sécuriser face au défi sécuritaire chinois. L'Etat fédéral pourrait ainsi construire le réseau et le louer aux opérateurs télécoms, au lieu de les laisser créer chacun son réseau. Dans le même esprit, début janvier, l'opérateur américain ATT avait annulé à la dernière minute un contrat en cours de négociation avec le fabricant chinois Huawei pour vendre ses smartphones dans son réseau, en particulier le dernier modèle, le Huawei Mate 10 Pro, un appareil dopé à l'intelligence artificielle et concurrent des Iphone et autres Samsung. Ce sont vraisemblablement des pressions de l'administration qui ont fait renoncer ATT, Huawei étant mal vu à Washington en raison de ses liens supposés avec l'appareil sécuritaire chinois.  Ce climat de concurrence stratégique croissante laisse augurer de fortes tensions entre les deux pays dans les prochains mois. Pékin ne laissera pas sans réponse ces mesures protectionnistes aux Etats-Unis, qu'il s'agisse des panneaux solaires ou des smartphones. Le document du Pentagone affirme que l'objectif de cette révision stratégique est seulement de \"mettre la relation militaire sino-américaine sur le chemin de la transparence et de la non-agression\". Mais il fait ressurgir le célèbre \"piège de Thucydide\", un concept ancien remontant à la Grèce antique, portant sur le risque de guerre difficile à éviter entre une puissance émergente et une puissance régnante. Il s'agissait alors d'Athènes et de Sparte au Ve siècle avant Jésus-Christ, mais un auteur américain, Graham Allison, professeur à Harvard, l'a remis au goût du jour sino-américain dans un livre paru en 2017 : \"Destined for war : Can America and China escape Thucydydes's trap ?\" (\"Condamnés à la guerre. L'Amérique et la Chine peuvent-elles échapper au piège de Thucydide ?\"). L'histoire ne se répète pas nécessairement, surtout à 2.500 ans d'intervalle ; mais le climat à Washington révélé par ces révisions stratégiques ressemble au scénario décrit par Thucydide revu par Allison, la peur de la puissance régnante face au défi de la puissance émergente. Pierre Haski Pierre Haski Journaliste "}