{"title": "attentat à stockholm : 20 000 personnes à la \"manifestation pour l'amour\"", "newspaper": "NouvelObservateur", "author": ["L'Obs"], "date_publi": "2017-04-09", "theme": "Monde", "content": "\"Nous vaincrons\". Des milliers de personnes ont manifesté leur rejet du terrorisme ce dimanche à Stockholm, deux jours après un attentat meurtrier au camion bélier – un mode opératoire rappelant celui d'autres attaques revendiquées par le groupe Etat islamique – perpétré, selon la police, par un Ouzbek montrant un intérêt pour les groupes djihadistes. Selon la mairie de Stockholm, plus de 20.000 personnes ont participé à cette \"manifestation pour l'amour\" initiée sur Facebook après l'attaque.  Heja Stockholm! Heja Sverige ??????????#kärleksmanifestation #sergelstorg pic.twitter.com/sCWnmuDYtM\n— Malin Belfrage (@malinbelfrage) April 9, 2017 \"La peur ne peut régner, le terrorisme ne peut jamais gagner\", a lancé la maire de la ville, Karin Wanngård, avant d'ajouter : Bras dessus, bras dessous près de drapeaux suédois en berne, la foule a observé une minute de silence. Minute de silence à Stockholm. Les Suédois se serrent les coudes #Kaerleksmanifestation pic.twitter.com/wUrWRNn71X Sur un panneau, brandi par une femme voilée venue au rassemblement, on pouvait lire :  Manifestation, on initiative by a citizen, in central Stockholm earlier today. Thousands of people, no politics, just love. So beautiful <3 pic.twitter.com/rhS4DYBVLX \"Je trouve très important de rester fort ensemble contre tout ce qui veut changer notre société fondée sur la démocratie\", a confié à l'AFP Marianne, très émue, venue participer au rassemblement avec sa mère. Une cérémonie officielle d'hommage se tiendra lundi prochain, a annoncé le Premier ministre Stefan Löfven, qui a, par ailleurs, décidé un renforcement des contrôles aux frontières. B.K. avec AFP L'Obs "}