{"title": "procès du drugstore publicis : la perpétuité pour carlos", "newspaper": "NouvelObservateur", "author": ["L'Obs"], "date_publi": "2017-03-28", "theme": "Justice", "content": "Pour l'avocat général Rémi Crosson, \"tous les éléments accumulés de l'enquête convergeaient contre lui\". Ilich Ramirez Sanchez, dit Carlos, a été condamné par la cour d'assises de Paris, ce mardi 28 mars, à la réclusion criminelle à perpétuité pour l'attentat du Drugstore Publicis qui avait fait deux morts et 34 blessés à Paris en 1974.  Après quatre heures de délibéré, la cour a suivi les réquisitions de l'avocat général, qui déclarait lundi : La défense du Vénézuélien de 67 ans avait plaidé l'acquittement. Selon elle, rien dans le dossier ne permettait de conclure avec certitude à la culpabilité de l'accusé. Elle dénonce un \"procès politique perdu d'avance\" et qui relève de la \"paléontologie judiciaire\", l'affaire étant jugée 43 ans après les faits.   Incarcéré en France depuis 1994, Carlos a déjà été condamné à deux reprises à la perpétuité pour le meurtre de trois hommes, dont deux policiers en 1975 à Paris, et pour quatre attentats à l'explosif qui avaient fait onze morts et près de 150 blessés en 1982 et 1983, dans la capitale, à Marseille et dans deux trains. Dans sa dernière intervention, longue d'une demi-heure, Carlos a dénoncé \"un sabotage\" de l'enquête par ceux qu'il dénonce comme des tenants de \"l'anti-France\" et s'est dit prêt pour un deuxième procès en appel s'il était condamné. Le Vénézuélien et ses avocats disposent maintenant de dix jours pour faire appel du verdict.   A.R. et T.V. L'Obs "}