{"title": "attentat de barcelone : julian, 7 ans, est porté disparu, sa famille lance un appel à l'aide", "newspaper": "NouvelObservateur", "author": ["L'Obs"], "date_publi": "2017-08-18", "theme": "Terrorisme", "content": "Il se trouvait sur les Ramblas de Barcelone lors de l'attaque à la voiture-bélier ce jeudi 17 août. Mais, depuis hier après-midi, le petit Julian Cadman, âgé de 7 ans seulement, est introuvable. Sa famille, très inquiète, a lancé un appel à l'aide sur les réseaux sociaux pour retrouver le garçon.    Au lendemain de cette attaque, le grand-père de Julian Cadman a posté un message sur Facebook : \"Mon petit-fils a disparu. S'il vous plaît, partagez [ce message] si vous avez de la famille ou des amis à Barcelone.\"\n Le petit Julian Cadman, originaire de Sydney, est en effet porté disparu depuis hier, rapporte ABC News. Les membres de sa famille s'activent sur les réseaux sociaux pour retrouver le jeune garçon dont personne n'a de nouvelles depuis le drame.  Julian Cadman aurait été séparé de sa mère, actuellement grièvement blessée et hospitalisée, alors qu'il se trouvait avec elle sur les Ramblas au moment où le camion a foncé sur la foule.  Son père, Andrew Cadman, qui n'était pas présent lors de l'attaque, a expliqué avoir eu des nouvelles de sa femme et de son fils peu de temps avant l'attentat. C'était la dernière fois qu'il parlait à Julian. Il va prendre aujourd'hui un vol pour Barcelone et tenter de retrouver son enfant. Dans l'attente d'avoir plus d'informations, amis et membres de la famille se mobilisent donc en lançant un appel à l'aide, via les réseaux sociaux, en postant la photo de l'enfant.  C.G. L'Obs "}