{"title": "la france aurait exécuté une quarantaine de djihadistes clés sous hollande", "newspaper": "NouvelObservateur", "author": ["Sarah Diffalah"], "date_publi": "2017-01-04", "theme": "Monde", "content": "Macreme Abroughi, proche de Fabien Clain, l'un des principaux propagandistes de l'EI, a été tué dans un bombardement français sur un entrepôt de munitions en octobre 2016. Annoncé par des proches et des médias, son décès n'a jamais été confirmé par une source officielle. Lui et une quarantaine d'autres djihadistes tués entre 2013 et 2016, dont huit Français, ont figuré sur une liste de cibles à abattre soumise à l'aval du président, apprend-on dans \"Erreurs fatales\" (Editions Fayard), l'enquête du journaliste Vincent Nouzille dont \"le Monde\" publie les bonnes feuilles mercredi 4 janvier. A l'instar de la fameuse liste officielle américaine des personnes recherchées pour terrorisme, Rewards for Justice, on trouve au plus haut sommet de l'Etat, un fichier contenant des \"High Value Targets (HVT), des \"cibles de haute valeur\" nominatives. Mais au contraire des Etats-Unis, il n'y a ni récompense, ni transparence.  Ce nombre de personnes éliminées - ou \"neutralisées\" selon le vocabulaire officiel - montre surtout que jamais depuis la fin des années 1950 et de la guerre d'Algérie, la France n'avait eu autant recours à cette technique militaire. Vincent Nouzille assure que Nicolas Sarkozy et surtout Jacques Chirac \"étaient plus prudents sur ces sujets régaliens\".\n Dans un autre article, les journalistes du \"Monde\" Fabrice Lhomme et Gérard Davet, auteurs du livre \"Un président ne devrait pas dire ça\", qui évoquait déjà ces exécutions, écrivent, documents à l'appui : \"Dans la guerre au terrorisme islamique menée par la France au Sahel comme en Irak et en Syrie, c'est bien François Hollande, in fine, qui donne son accord pour 'neutraliser' les djihadistes soupçonnés de jouer un rôle-clé dans la menace contre les intérêts français.\" Et d'ajouter : \"Devant nous, le chef de l'Etat admettra avoir autorisé, au cours de son mandat, au moins quatre opérations\" ciblées.  Ces éliminations ciblées, appelées en France \"opérations homo\" (pour homicide), stratégie militaire qui compte autant d'adeptes que de détracteurs, sont réalisées en toute discrétion. Si sa légitimité est rarement mise en cause, sa légalité pose question. \"Ce 'permis de tuer' s'apparente parfois à de froides représailles et à des exécutions extrajudiciaires, y compris sous forme préventive\", souligne Vincent Nouzille. Classées secret-défense, ces opérations, qui souvent ne sont jamais communiquées, se passent de toute procédure judiciaire. \"Au risque de se heurter aux magistrats chargés d'enquêter sur les actes terroristes et désireux de pouvoir renvoyer un jour leurs auteurs devant les tribunaux\", raconte encore le journaliste.  L'Elysée assume. Selon les propos rapportés par \"le Monde\", François Hollande déclarait en août 2015 : \"L'idée, si l'on est menacé par un groupe extérieur, c'est qu'il faut y aller\". Et en septembre 2015 : \"Ce qu'on envisage, c'est qu'on repère les lieux et de faire des frappes - sans qu'on soit dans la coalition - ciblées.\" C'est ainsi que Abdelhamid Abaaoud, une des têtes pensantes des attentats de Paris et de Bruxelles, est ciblé prioritairement à la fin de l'été 2015. Faute de pouvoir éviter des dommages collatéraux parmi les civils, l'opération n'aura pas lieu.  Ces opérations, qui aux Etats-Unis, appelées \"stratégies de la décapitation\", sont devenus très fréquentes sous Barack Obama, sont aussi sujettes à critiques d'un point de vue de leur stricte efficacité. Interrogé par \"l'Obs\" après la mort du porte-parole de l'Etat islamique Abou Mohammed al-Adnani, Bruno Tertrais, politologue et maître de recherche à la Fondation pour la recherche stratégique considérait :  Sarah Diffalah Sarah Diffalah Journaliste "}