{"title": "qui sont les trois français tués dans l'attentat de londres ?", "newspaper": "NouvelObservateur", "author": ["L'Obs"], "date_publi": "2017-06-07", "theme": "Terrorisme", "content": "Trois Français ont été identifiés parmi les personnes tuées dans l'attentat de samedi à Londres, a annoncé ce mercredi Emmanuel Macron depuis le perron de l'Elysée. Huit Français ont également été blessés. La première victime identifiée, Alexandre Pigeard, 26 ans, était serveur au Boro Bistro, dans le quartier du Borough Market. Originaire de Caen, le jeune homme vivait à Londres depuis 9 mois. Vincent Le Berre, un Breton qui travaille aussi au Boro Bistro raconte au \"Telegramme\" qu'Alexandre a été attaqué au cou par un des assaillants alors qu'il se trouvait sur la terrasse du bar. \"Passionné de musique électronique\", un \"jeune homme lumineux\" selon son père, Alexandre Pigeard était parti à Londres pour \"améliorer son anglais et avoir de l'expérience\". Il comptait participer, à son retour, à l'ouverture d'un restaurant à Nantes. \"C'était un gamin qui en voulait, qui aimait la vie\", raconte à \"la Manche libre\" un habitant de Colleville-Montgomery, où vit la famille d'Alexandre Pigeard. La deuxième victime, Sébastien Belanger, était chef cuisinier dans un restaurant de la City. Le Quai-d'Orsay n'a pas confirmé son identité, mais les autorités britanniques ont informé sa famille qu'il avait été retrouvé, selon le \"Telegraph\". Âgé de 36 ans et originaire d'Angers, Sébastien Belanger s'était installé il y a sept ans dans la capitale britannique. Après avoir assisté au match de foot avec ses amis, il était venu au Boro Bistro pour boire un dernier verre. Sans nouvelles depuis samedi soir, ses proches avaient lancé de nombreux appels sur Internet et dans les rues de Londres pour tenter de le retrouver.  La police britannique à la recherche de Xavier Thomas, 45 ans, a repêché un corps mardi soir dans la Tamise, a-t-on appris ce mercredi. \"L'identification formelle doit encore avoir lieu\", a fait savoir la police britannique, qui a informé \"les proches de M. Thomas\". Xavier Thomas était porté disparu depuis samedi. Il se trouvait sur le London Bridge au moment où la camionnette y a fauché des passants. Sa petite amie Nathalie Cros Brohan, grièvement blessée, avait été conduite à l'hôpital à la suite de l'attaque. L'attaque de samedi, revendiquée par le groupe Etat islamique, a fait 8 morts et 48 blessés, dont 15 étaient toujours dans un état critique mardi. Les trois assaillants ont été abattus. A.R. avec AFP ? L'Obs "}