{"title": "49-3, chômage, terrorisme : sarkozy affiche son pessimisme", "newspaper": "NouvelObservateur", "author": ["L'Obs"], "date_publi": "2015-02-19", "theme": "Politique", "content": "Tout va mal : c'est en résumé ce qu'a déclaré Nicolas Sarkozy jeudi 19 février sur Europe 1, au micro de Jean-Pierre Elkabbach. Pour une de ses rares interventions médiatiques depuis son élection à la présidence de l'UMP, l'ancien chef de l'Etat a vivement critiqué la politique du gouvernement, tout en assurant que sa candidature à l'Elysée en 2017 n'est \"pas obligatoire\". Résumé point par point.   Nicolas Sarkozy estime que l'utilisation de l'article 49-3 de la Constitution par Manuel Valls pour l'adoption de la loi Macron, est \"la conséquence des mensonges répétés de François Hollande\". Pour l'ancien chef de l'Etat, c'est \"une preuve de la faiblesse du président de la République\". Nicolas Sarkozy affirme par ailleurs qu'\"à la fin 2015\", la France comptera encore \"beaucoup plus de chômeurs\". \"Quand on a expliqué pendant toute une campagne [en 2012, NDLR] qu'on ferait une politique de gauche, qu'il n'y avait pas de crise dans le pays, que tout était dû à un certain Nicolas Sarkozy\", \"on crée les conditions de la révolte\", accuse Nicolas Sarkozy, pour qui l'utilisation de \"l'arme nucléaire du 49-3\" pour \"la toute petite loi Macron\" prouve que l'exécutif \"n'a pas la force de convaincre sa majorité\". \n Nicolas Sarkozy ne manque pas de rappeler qu'il n'a jamais eu recours à cet article de la Constitution quand il était président. \"Parce que j'avais dit que je ne le ferai pas et que le mensonge ne crée pas des conditions de confiance.\"  \"J’ai été très frappé d’une chose. Quand il est arrivé ce drame au Danemark, j’ai vu l’omniprésence de  la ministre de la Justice danoise parce que c’est normal qu’elle soit omniprésente. Elle porte la réponse pénale, la réponse judiciaire\", explique Nicolas Sarkozy. \"Est-ce que vous avez remarqué le silence assourdissant de Madame Taubira ? Est-elle toujours ministre de la Justice ? A-t-elle des idées ?\", poursuit-il. Christiane Taubira s'est pourtant exprimée mercredi à l'Assemblée. Interrogé sur sa potentielle candidature à la présidentielle de 2017, Nicolas Sarkozy répond : \"Ce n’est pas obligatoire. [...] Je suis revenu pour remettre de l’ordre dans ma famille politique et créer les conditions de l’alternance. Préparer un programme pour l'avenir. [...] Et puis on verra bien en 2016, au moment des primaires, lequel sera le mieux placé pour la présidentielle.\" \"Si ce n'est pas moi, ce n'est pas moi\", dit-il, alors qu'Alain Juppé a d'ores et déjà fait part de son intention de concourir à la primaire.  Nicolas Sarkozy ne croit pas beaucoup aux chances d’Alexis Tsipras de réussir à relever la Grèce économiquement : \"Je dis à tous ceux qui ont voté ou sont tentés de voter FN de regarder ce qui se passe en Grèce ! L’extrême gauche et l’extrême droite, c’est la même chose. Il n’y a aucune chance que Tsipras réussisse !\"  Par ailleurs, il exclut toute alliance de l'UMP avec le Front national. \"Une voix pour Madame Le Pen est une voix pour la gauche\", martèle-t-il. \"Tout responsable UMP qui concluera un accord avec le Front national sera immédiatement exclu\". L'Obs "}