{"title": "zemmour \"respecte\" les djihadistes : \"oui, c'est de l'apologie du terrorisme\"", "newspaper": "NouvelObservateur", "author": ["Anne-Sophie Hojlo"], "date_publi": "2016-10-07", "theme": "Justice", "content": "Dans une interview donnée au mensuel \"Causeur\" en kiosque cette semaine, le polémiste Eric Zemmour dit \"respecter les djihadistes prêts à mourir pour ce en quoi ils croient\", puis affirme \"quand les gens agissent parce qu'ils pensent que leurs morts le leur demandent, il y a quelque chose de respectable\". Une enquête a été ouverte pour apologie du terrorisme, après que le parquet de Paris a été saisi par les victimes du 13-Novembre. Gaspard Benilan, avocat au barreau de Paris, les commente pour \"l'Obs\". Ces propos pour lesquels des familles de victimes du 13-Novembre ont saisi le parquet de Paris relèvent-il de l’apologie du terrorisme ?  - Oui, cela ne fait guère de doute, étant donné la jurisprudence qu’on connaît sur le sujet. L’apologie est constituée quand on justifie une infraction. Soutenir que les actes des terroristes sont respectables, c’est les justifier. Si on se réfère à la dernière condamnation pour apologie du terrorisme qui a fait du bruit, celle de Jean-Marc Rouillan, l'ancien leader d’Action directe, qui avait qualifié de \"courageux\" les terroristes du 13-Novembre, et qui a écopé de huit mois de prison, la phrase d’Eric Zemmour va peut-être encore plus loin. \"Courageux\", c’est un terme neutre, \"respectable\", cela implique davantage celui qui parle. D’après les éléments dont on dispose, la condamnation d’Eric Zemmour est probable.\n Quelle peine risque-t-il ? - Certainement une peine beaucoup plus clémente que Jean-Marc Rouillan. Pour fixer la peine en matière d’apologie du terrorisme, les juges s’intéressent aux conséquences des propos prononcés. Il s’agit d’une infraction publique, et la question du trouble à l’ordre public est très importante. Or Eric Zemmour ne peut pas être taxé de djihadisme notoire, son auditoire n'est pas susceptible de commettre des attentats au nom de Daech. Ses propos, même s'ils relèvent bien de l'apologie du terrorisme, n'auront pas les mêmes conséquences que ceux de Jean-Marc Rouillan. Ou ceux de Dieudonné quand il écrit \"Je me sens Charlie Coulibaly\".  Paradoxalement, ses condamnations pour provocation à la discrimination raciale, après avoir déclaré que \"la plupart des trafiquants sont noirs et arabes, c'est comme ça, c'est un fait\", et pour provocation à la haine envers les musulmans, pour avoir affirmé que les musulmans \"ont leur code civil, c'est le Coran\", qu'ils \"vivent entre eux, dans les banlieues. Les Français ont été obligés de s'en aller\" représenteraient donc plutôt une circonstance atténuante aux yeux des juges ? - Un casier judiciaire, ce n'est jamais bon. Mais le risque qu'il inspire des jeunes pour commettre des attentats djihadistes est d'autant plus limité. Propos recueillis par Anne-Sophie Hojlo Anne-Sophie Hojlo Journaliste "}