{"title": "\"no tinc por\" : barcelone marche pour dire non au terrorisme", "newspaper": "NouvelObservateur", "author": ["L'Obs"], "date_publi": "2017-08-26", "theme": "Monde", "content": "\"Emplissons les rues de paix et de liberté\", a demandé la mairie. Un peu plus d'une semaine après les attentats qui ont fait 15 morts et 126 blessés à Barcelone et dans la station balnéaire de Cambrils, une grande manifestation a lieu ce samedi pour dire non au terrorisme. Unies par le slogan \"No tinc por\", (\"je n'ai pas peur\" en catalan), plus de 100.000 personnes ont marché contre la violence jihadiste, en présence du roi d'Espagne, copieusement hué par une partie des manifestants porteurs de drapeaux indépendantistes catalans.  La police municipale a même avancé qu'\"un demi-million de personnes étaient sorties dans les rues\".\n Derrière la banderole de tête, le premier rang était réservé aux \"représentants des collectifs qui, dès la première minute, s'étaient occupés des victimes\", selon le souhait de la mairie: policiers, pompiers en uniformes, médecins en blouse blanche, chauffeurs de taxis, commerçants et habitants des Ramblas. Fait exceptionnel, le roi Felipe VI s'est joint aux manifestants, devenant ainsi le premier souverain espagnol à participer à une manifestation depuis le rétablissement de la monarchie en 1975. \"La meilleure réponse: la paix\", \"non à l'islamophobie\", pouvait-on lire sur quelques-unes des pancartes dans la foule. De nombreux manifestants s'étaient aussi munis de drapeaux indépendantistes catalans. Image of the head of the march in Barcelona. Full of Catalan separatist flags.Via @huyelobo pic.twitter.com/GDkivneBJn \"I'm not afraid\"- massive demonstration in Barcelona today to condemn terrorism pic.twitter.com/lGIvc5yb78   Alors que le torchon brûle entre le gouvernement espagnol et la région de Catalogne dirigée par des séparatistes, la marche unitaire de Barcelone a été l'occasion d'une trêve, le temps d'une journée. A leur arrivée, Felipe VI et et le chef du gouvernement Mariano Rajoy ont cependant dû essayer des huées et sifflets, répétés ailleurs dans le cortège quand ils apparaissaient sur écran géant. Un millier de Catalans indépendantistes ont notamment reproché à l'Etat espagnol de vendre des armes à des pays accusés de liens avec l'islamisme radical. \"Vos politiques, nos morts\", criaient-ils, en dénonçant le fait que l'Espagne espère vendre cinq navires de guerre à l'Arabie saoudite. Mais comme pour un jour de trêve, Mariano Rajoy marchait non loin du président catalan, Carles Puigdemont - toujours résolu à organiser un référendum d'autodétermination le 1er octobre malgré l'opposition catégorique de Madrid. Souvent accusé d'avoir jeté de l'huile sur le feu de ce conflit, Mariano Rajoy avait cependant parlé \"d'amour\" pour les Catalans et pour Barcelone, vendredi, à la veille de la manifestation. Il avait aussi fait l'éloge de la police catalane, \"la cellule terroriste ayant été complètement désarticulée cent heures à peine après l'attentat\". D'autres manifestations similaires avaient lieu dans le pays, à Madrid, Valence ou encore Vigo. (AFP) L'Obs "}