{"title": "pendant ce temps-là, la suède rejette la déchéance de nationalité", "newspaper": "NouvelObservateur", "author": ["L'Obs"], "date_publi": "2016-02-11", "theme": "Monde", "content": "Pour le même timing, des résultats opposés. Presque au même moment que l'Assemblée nationale française, le Parlement suédois se prononçait mercredi 10 février sur la déchéance de nationalité. A ceci près que la Suède a, elle, repoussé la mesure. Cette proposition de l'extrême droite prévoyait de déchoir de la nationalité suédoise toute personne condamnée pour un délit ou crime en lien avec le terrorisme. La proposition des Démocrates de Suède était un amendement à un projet de loi antiterroriste du gouvernement de gauche. Ce parti anti-immigration souhaitait introduire \"la possibilité de retirer la nationalité suédoise à une personne condamnée pour un délit en lien avec le terrorisme [...] même si cela la rend apatride\".   Seuls les 45 députés de ce parti ont voté pour. Les autres parlementaires ont voté contre (236) ou se sont abstenus (16 députés du Parti de gauche).\n Ironie du calendrier, le vote est intervenu le même jour que celui en France de l'Assemblée nationale pour adopter un projet de révision constitutionnelle qui doit introduire cette possibilité.  La déchéance de nationalité a provoqué depuis les attentats de novembre à Paris un débat passionné en France. C'est la mesure qui a abouti à la démission de Christiane Taubira. Qui va durablement diviser la gauche. Successivement pour les binationaux ou pour tous, inscrite dans la loi ou la Constitution, circonscrite aux crimes ou étendue aux délits, elle n'a pas cessé d'évoluer et divise toujours. Ce débat n'a pas eu d'équivalent en Suède. Dans ce pays, on ne perd sa nationalité que si on a fait de fausses déclarations ou corrompt un fonctionnaire pour être naturalisé. Le projet de loi antiterroriste du gouvernement suédois a été adopté par tranches, parfois avec l'aide de l'opposition de centre-droit, parfois sans. La nouvelle loi punit notamment de deux ans de prison un départ vers l'étranger afin de participer à une entreprise terroriste, texte qui vise les candidats au voyage en Syrie. S'alignant avec la pratique adoptée dans de nombreux pays européens, la Suède comble ainsi un vide dans son code pénal. Sont renforcées les peines pour divers délits en lien avec le terrorisme : six ans de prison pour avoir suivi un entraînement en vue d'un acte terroriste, deux ans pour le financement d'un groupe terroriste ou du voyage d'un tiers en vue de s'entraîner ou de commettre un acte terroriste. Les services de renseignement (Säpo) ont identifié 292 personnes ayant quitté la Suède depuis 2013 pour rejoindre l'organisation Etat islamique en Syrie et en Irak, dont 133 sont revenues. A.S. L'Obs "}