{"title": "possibles projets d'attentat à toulouse : ce que l'on sait", "newspaper": "NouvelObservateur", "author": ["L'Obs"], "date_publi": "2016-12-29", "theme": "Terrorisme", "content": "Trois personnes, dont l'une soupçonnée d'avoir projeté un attentat, ont été arrêtées mardi en Haute-Garonne dans le cadre de deux affaires distinctes, ont rapporté mercredi 28 décembre des sources policière et judiciaire. Ces trois individus étaient déjà dans les radars du renseignement intérieur. Les enquêteurs soupçonnent un homme arrêté par les policiers d'élite du Raid à son domicile à Cugnaux, près de Toulouse, d'avoir voulu commettre une attaque le 31 décembre.  Mais, de source judiciaire, on se contente d'évoquer \"une suspicion de possible passage à l'acte\", sans autre précision sur la nature de ses éventuelles intentions. \"La Dépêche du Midi\", à l'origine de ces informations, présente ce suspect comme \"proche des milieux liés à l'islam radical\".\n Déjà visé par une perquisition administrative il y a quelques mois, l'homme - considéré comme \"potentiellement dangereux\"- a été placé en garde à vue à Toulouse dans le cadre d'une enquête ouverte par le parquet antiterroriste. L'autre opération, dans un dossier distinct, concerne deux étrangers en situation irrégulière, arrêtés dans la nuit de lundi à mardi dans le quartier du Mirail à Toulouse, lors d'une perquisition administrative. Une carabine et des armes factices ont été découvertes à cette occasion. Les enquêteurs soupçonnent l'une de ces deux personnes d'avoir projeté de s'attaquer aux forces de l'ordre. Les deux individus ont été transférés à Paris. \"Il s'agit de profils inquiétants avec des risques de passage à l'acte\", explique auprès de \"La dépêche du Midi\" le préfet de Haute-Garonne et de la région Occitanie, Pascal Mailhos. Le patron de la police nationale Jean-Marc Falcone avait fait état samedi d'une menace terroriste toujours \"très élevée\" en France. Il a ajouté que ses services n'étaient toutefois pas en possession \"d'éléments formels\" concernant une menace spécifique pour les fêtes de fin d'année. Le gouvernement a renforcé les mesures de sécurité après l'attaque au camion sur un marché de Noël à Berlin, qui a fait 12 morts le 19 décembre. Cette attaque a été revendiquée par le groupe djihadiste Etat islamique, comme la plupart des attentats qui ont fait 238 morts depuis 2015 en France. G.S. avec agences L'Obs "}