{"title": "une famille soupçonnée de préparer un attentat à clichy-sous-bois : ce que l’on sait ", "newspaper": "NouvelObservateur", "author": ["L'Obs"], "date_publi": "2017-03-02", "theme": "Société", "content": "Quatre membres d’une même famille ont été interpellés et placés en garde à vue, par les policiers de la Direction générale de la sécurité intérieure (DGSI) ce mardi, selon une information du \"Parisien\" confirmée par LCI.  Mi-janvier, un flacon d’acétone, une bouteille d’acide sulfurique, une feuille d’aluminium et un thermomètre sont trouvés par hasard dans la gaine technique d’un immeuble de la cité des Bois du Temple, à Clichy-sous-Bois en Seine-Saint-Denis.  Ce matériel est connu pour permettre la confection d’explosifs, \"notamment le TAPT, un produit instable et très volatil retrouvé sur les kamikazes des attentats parisiens du 13 novembre 2015\", rappelle \"le Parisien\".  \n A la suite de cette découverte, une enquête préliminaire pour association de malfaiteurs en relation avec une entreprise terroriste a été ouverte. Deux gilets pare-balles ont également été retrouvés dans un autre bâtiment de la cité par des policiers qui surveillaient les lieux pour d’autres motifs. Autre fait qui a alerté : un homme fiché S. incarcéré dans un dossier qui le soupçonne d’être impliqué dans une filière djihadiste, était résidant de la tour où ont été retrouvées les substances chimiques. Après une analyse ADN des flacons, les enquêteurs ont pu identifier une femme et deux hommes, remontant ainsi jusqu’aux quatre membres de la famille, âgés de 42 ans, 22 ans pour deux d’entre eux et 20 ans. Ces résultats ont permis l’interpellation et le placement en garde à vue de ces individus soupçonnés de vouloir préparer un attentat, ce mardi. LCI, qui a contacté une source judiciaire, affirme par ailleurs que les individus interpellés, des cousins notamment, sont tous connus des services de renseignements et sont suivis pour radicalisation. B. K. L'Obs "}