{"title": "lutte contre le terrorisme : les candidats mettent le paquet", "newspaper": "NouvelObservateur", "author": ["L'Obs"], "date_publi": "2017-04-21", "theme": "Présidentielle 2017", "content": "Les 11 candidats à la présidentielle ont été unanimes, jeudi soir sur France 2, pour condamner le nouvel attentat qui a coûté la vie à un policier, au même moment, sur les Champs-Elysées. Au-delà des messages de fermeté et de soutien aux forces de l'ordre, que contiennent précisément leurs programmes ? En voici les principaux points. Les 6.000 recrutements au cours du quinquennat de François Hollande ont fait monter les effectifs à environ 145.000 policiers et 101.000 gendarmes. La plupart des candidats veulent recruter encore.  Jean-Luc Mélenchon (France insoumise) compte \"ramener les effectifs de policiers et gendarmes à ceux de 2007\", avant le quinquennat de Nicolas Sarkozy, soit encore 3.000. François Fillon veut recruter 5.000 agents et remettre sur le terrain 5.000 policiers et gendarmes affectés à des tâches administratives. Benoît Hamon (PS) veut créer 9.000 postes de policiers et de gendarmes. Emmanuel Macron annonce 7.500 policiers et 2.500 gendarmes, affectés aux zones de sécurité prioritaires et au renseignement. Marine Le Pen (FN) promet 15.000 nouveaux policiers et gendarmes. Nicolas Dupont-Aignan (DLF) promet plus encore : 10.000 policiers et gendarmes, 10.000 effectifs mobiles, destinés à remplacer les militaires de Sentinelle, et 10.000 personnels administratifs pour remettre les policiers sur le terrain.\n Nathalie Arthaud (LO) et Philippe Poutou (NPA) ne comptent pas augmenter les effectifs des forces de l'ordre. Hamon veut créer un coordinateur du renseignement rattaché au Premier ministre. Macron propose pour sa part la création d'une cellule spéciale anti-Daech de 100 agents, sous l'autorité du président de la République. Fillon estime nécessaire de revoir globalement l'organisation du renseignement face à la menace terroriste. Mélenchon compte revenir sur la fusion de la DST (Direction de la surveillance du territoire) et des renseignements généraux (RG). Tous s'accordent pour augmenter les moyens et effectifs du renseignement, sans toujours se montrer précis. Mélenchon prône la fin de l'opération \"Sentinelle\" – l'armée déployée sur le territoire. Il veut confier la sécurisation des lieux publics aux forces de police et de gendarmerie. Le candidat de la France insoumise veut aussi rétablir une police de proximité, mesure également défendue par Hamon et Macron. Mélenchon et Poutou se retrouvent pour demander la dissolution des brigades anti-criminalités (BAC). Le Pen évoque un \"réarmement massif\" des forces de l'ordre. Fillon veut armer les polices municipales. Tous deux durcissent l'arsenal pénal, mais ces mesures concernent davantage la lutte contre la criminalité que l'anti-terrorisme. Hamon veut créer un \"délit d’entreprise terroriste individuelle\". Il demande la fermeture \"des lieux de culte au sein desquels sont tenus des propos constituant une provocation à la haine ou à la violence\". Mélenchon cible au portefeuille, avec une peine de déchéance des droits civiques en cas \"d'activités illicites permettant le financement d'activités terroristes\". Macron propose la création de prisons dédiées aux personnes condamnées pour terrorisme avec un \"suivi individualisé\". Le Pen veut \"interdire et dissoudre les organismes de toute nature liés aux fondamentalistes islamistes\" et \"expulser tous les étrangers en lien avec le fondamentalisme islamiste\". Fillon veut faciliter la fermeture des mosquées radicales. Mélenchon veut sortir de l'état d'urgence, afin de sortir de la logique d'exception. Il souhaite que le Parlement puisse prendre l'initiative de lever l'Etat d'urgence. Arthaud, Asselineau, Cheminade, Lassalle et Poutou veulent aussi la fin de l'état d'urgence. Hamon demande un débat du Parlement pour réexaminer la situation. Pour Le Pen, l'état d'urgence \"est bidon\". Elle insiste sur d'autres mesures. Macron considère que l'état d'urgence doit être maintenu \"aussi longtemps que la sécurité de nos concitoyens le justifie\". Fillon, qui comme député a voté la reconduction de l'état d'urgence, souhaite non seulement le prolonger, mais le renforcer. Hamon et Macron évoquent tous deux la nécessité d'une stratégie européenne face au terrorisme, et veulent renforcer la surveillance des frontières extérieures de l'UE. Fillon veut associer les partenaires européens de la France au financement des opérations extérieures, notamment au Sahel et en Syrie. Hamon s'est opposé, avec les frondeurs, au projet de déchéance de nationalité porté par le gouvernement dont faisait alors partie Macron – l'ex-ministre de l'Economie a cependant dit son opposition. Mélenchon et Arthaud y sont également opposés, ainsi que Poutou, qui dénonce une mesure \"héritée de Pétain\". A l'inverse, Dupont-Aignan et Le Pen sont partisans de la déchéance de nationalité pour les Français binationaux condamnés pour terrorisme. De même que Fillon, qui veut aussi interdire aux Français partis combattre en Syrie de revenir dans l'Hexagone. B.L.  L'Obs "}