{"title": "7 figures de l'antiterrorisme alertent : \"le pen fait le jeu des djihadistes\"", "newspaper": "NouvelObservateur", "author": ["Mathieu Delahousse"], "date_publi": "2017-05-04", "theme": "Présidentielle 2017", "content": "Les propos tenus mercredi soir lors du débat d'entre-deux-tours entre Emmanuel Macron et Marine Le Pen ont achevé de les convaincre. Sept magistrats, préfets, policiers et diplomates, qui ont exercé de hautes responsabilités dans la lutte contre le terrorisme, sortent du silence, ce jeudi, pour dénoncer les dangers du programme de la candidate du Front national et, en conclusion, appeler explicitement à voter Emmanuel Macron. Ils signent ensemble un texte, rédigé la semaine dernière, pour mettre en avant leurs craintes politiques à un moment où \"Daech et les autres organisations djihadistes cherchent à ébranler notre société\". Leur cauchemar, exposé sèchement, est celui d'un pacte civil rompu, des Français qui s'opposent les uns aux autres, s'en prennent aux étrangers et finissent par \"détruire la démocratie\". Selon eux, \"en cédant aux sirènes de l'exception et de la démesure, le risque est grand de violer sans vergogne nos valeurs fondamentales et d'alimenter la propagande de Daech\" : \"L'amiral\" Jean-Louis Bruguière, ancien juge antiterroriste, est le signataire le plus connu du grand public de cette tribune. A ses côtés, on trouve Jean-Claude Cousseran, ancien directeur général de la Sécurité extérieure ; Michel Debacq, ancien procureur antiterroriste ; l'ancien patron du Raid Jean-Michel Fauvergue ; Jacques Fournet, ancien directeur de la surveillance du territoire (DST) ; Ange Mancini, célébrité de la police judiciaire qui fut coordonnateur national du renseignement auprès de François Hollande puis de Nicolas Sarkozy ; et le policier René-Georges Querry, ancien chef de l'Unité de coordination de la lutte antiterroriste (Uclat). Leur prise de position, inédite dans la forme, entend mettre en avant trois séries de propositions pour la lutte antiterroriste. Elle marque aussi un soutien revendiqué au candidat Emmanuel Macron.  Mathieu Delahousse  Voici l'intégralité du texte : \"C'est bien Emmanuel Macron qui montre une vraie détermination contre le terrorisme ! Parmi les Etats du monde, la France est un des plus exposés à la menace djihadiste. Il est donc légitime, à la veille du second tour des élections présidentielles, d'attendre des deux candidats encore présents qu'ils s'expriment sur ce point clairement et complètement, sur la défense de notre pays et sur sa riposte, tenue de se développer à l'extérieur et à l'intérieur de nos frontières, pour offrir, toujours et partout, une protection véritablement efficace de nos concitoyens et de nos intérêts. Or, à coup sûr, les surenchères sécuritaires font le jeu de Daech et des autres organisations djihadistes, qui cherchent à ébranler notre société, à rompre le pacte civil, à opposer les Français les uns aux autres, à les opposer aux étrangers, au final à détruire une démocratie qu'elles exècrent. Les spécialistes de la lutte contre le terrorisme le savent : en cédant aux sirènes de l'exception et de la démesure, le risque est grand de violer sans vergogne nos valeurs fondamentales et d'alimenter la propagande de Daech en faisant accroire que ces valeurs sont à ce point si peu importantes que nous serions prêts, les premiers, à les bafouer. Cette ligne rouge ne doit pas être franchie. En la franchissant, Madame Le Pen entre dans le jeu des organisations djihadistes, et c'est notre pays qu'elle met ainsi en péril ! Cibles de la riposte, ces organisations terroristes, leurs chefs, leurs bailleurs de fonds savent pertinemment que l'exactitude de l'analyse, une attitude responsable, une juste expression ne sont en rien antinomiques avec une détermination résolue dans cette riposte, la certitude de sa mise en œuvre effective, l'efficience du résultat recherché. Emmanuel Macron veut mettre en œuvre une stratégie globale de lutte contre le terrorisme, et c'est bien cette stratégie, dont il vient de rappeler les principaux axes, qui est la seule efficace. Un premier axe : réduire de partout les bases logistiques dont jouissent ces organisations, détruire leurs capacités de recrutement, d'entraînement, de combat, assécher ces marécages djihadistes au Moyen-Orient, en Afghanistan, en Afrique, qui alimentent le terrorisme sur notre sol. Et demander que chaque membre de la communauté internationale prenne sa part dans les coalitions nécessaires, qui ne se limitent pas d'ailleurs aux aspects militaires, diplomatiques et stratégiques, mais englobent aussi la mise en œuvre effective de capacités de sécurité et de bonne gouvernance, notamment en matière de justice, dans les États concernés. Un deuxième axe : mobiliser également l'Union européenne autour de coopérations renforcées, dans le domaine de la sécurité et de la justice, pour que soient mis en place de nouveaux outils, en particulier dans la lutte contre le cyberterrorisme et le financement du terrorisme.  Un troisième axe : assurer une fluidité constante des échanges de données et d'analyses qui vont permettre à chaque acteur du contre-terrorisme de remplir les missions que la loi lui assigne et, en même temps, d'y réussir dans le respect de celle de chacun des autres acteurs. Revoir l'articulation opérationnelle entre le renseignement, les services de police et l'appareil judiciaire pour mieux détecter, sur l'ensemble du territoire, le plus en amont possible, les \"signaux faibles\", assurer leur remontée par des canaux sûrs, faciliter leur analyse au niveau central, accélérer la transmission des informations exploitables par la justice spécialisée dans sa mission de coercition. Instaurer à cette fin une coordination nationale du renseignement placée sous la tutelle effective et exigeante du président de la République, pour en faire un instrument efficace dans la réflexion stratégique comme dans l'articulation opérationnelle entre tous les services engagés dans le contre-terrorisme, une véritable task force contre Daech et les autres groupes djihadistes, en relation avec le parquet spécialisé avec lequel elle puisse évoquer à tout moment ce qui, relatif à un projet terroriste, exige une action coercitive immédiate. Voilà une colonne vertébrale solide pour l'État ! Sur le contre-terrorisme, Madame Le Pen n'a que des propos excessifs et démagogiques, des propositions tout aussi dangereuses qu'inefficaces. Dans les siens, Emmanuel Macron expose des axes constituant pour nous, spécialistes de la lutte contre le terrorisme, le gage d'une action responsable et la marque d'une vraie détermination. C'est la raison pour laquelle nous lui apportons notre soutien.\" Signataires : - Jean-Louis BRUGUIÈRE, ancien juge antiterroriste - Jean-Claude COUSSERAN, ancien directeur général de la Sécurité extérieure - Michel DEBACQ, ancien procureur antiterroriste - Jean-Michel FAUVERGUE, ancien chef du Raid - Jacques FOURNET, ancien directeur de la Surveillance du territoire - Ange MANCINI, ancien coordonnateur national du Renseignement - René-Georges QUERRY, ancien chef de l'Unité de coordination de la lutte antiterroriste\" Mathieu Delahousse Journaliste "}