{"title": "merah, kouachi, amimour... comment la france a fabriqué ses terroristes", "newspaper": "NouvelObservateur", "author": ["L'Obs"], "date_publi": "2016-01-07", "theme": "Société", "content": "\"Djibril\", son fiancé, l'appelait \"Kinder\". Kinder, \"parce qu'une femme voilée, faut enlever le voile pour avoir la surprise et voir ce qu'il y a à l'intérieur\". Derrière son niqab, on ne voyait d'Emilie que ses yeux noisette. Aux policiers qui l'ont interrogée, Emilie, 25 ans, deux enfants, a assuré qu'elle ne savait rien des intentions de \"Djibril\", alias Sid Ahmed Ghlam, ce jeune homme de Saint-Dizier qui a avoué devant le juge s'être fait recruter par l'organisation Etat islamique pour commettre un attentat contre une église à Villejuif en avril 2015. \"Djibril\" voulait se marier avec Emilie, \"neuve en islam\", et partir avec elle faire le djihad. Cela aurait été la dernière étape de la radicalisation de cette jeune femme un peu paumée, qui avait commencé à Brest, dans le quartier de Pontanézen où elle habitait, désormais célèbre pour son imam controversé. Signe particulier de cette Bretonne convertie depuis trois ans ? Ses \"compagnons au profil un peu particulier\", comme l'ont souligné les policiers. Emilie a d'abord épousé Farid B., qui avait tenté de partir \"faire le djihad à Gaza\". Le couple ne s'entendait pas et a divorcé. Emilie a alors été présentée à \"Djibril\", l'apprenti terroriste de l'EI. Emilie et \"Djibril\", un petit couple au casier judiciaire vierge, radicalisé de façon express. Un cas parmi ces milliers d'\"égarés\" peuplant les dossiers \"djihad\" qui s'accumulent dorénavant dans les services antiterroristes. L'Obs "}