{"title": "terrorisme : \"le brexit ne doit pas être un jeu perdant-perdant pour la sécurité européenne\"", "newspaper": "NouvelObservateur", "author": ["Sarah Halifa-Legrand"], "date_publi": "2017-05-25", "theme": "Monde", "content": "François Heisbourg, conseiller spécial à la Fondation pour la recherche stratégique, a travaillé avec l'équipe d'Emmanuel Macron pendant la campagne sur les questions de défense et de lutte contre le terrorisme. Après l'attentat de Manchester qui vient d'ensanglanter une nouvelle fois l'Europe, il passe en revue les différents chantiers qui nous attendent pour améliorer notre sécurité à l'échelle nationale et européenne. Entretien. C'est la deuxième fois en deux mois que le Royaume-Uni est frappé par le terrorisme. Ce pays est-il devenu une cible privilégiée ?  Tous les Etats qui sont considérés par les djihadistes comme étant hostiles à leur cause sont ciblés. Le Royaume-Uni, la France,  la Belgique, l'Allemagne, mais aussi la Russie, la Turquie, les Etats-Unis, la Suède… la liste est assez longue. Le niveau d'alerte était d'ailleurs déjà au niveau dit \"sévère\" au Royaume-Uni ; il a été élevé d'un cran ce mercredi matin. C'est une situation assez comparable à celle que l'on vit de ce côté-ci de la Manche. Il n'y a pas de spécificité britannique à part le fait que c'est un carrefour, facile d'accès, et qui fait aussi bien sûr partie de l'histoire du Moyen-Orient. C'est une cible assez naturelle.\n Patrick Calvar, le directeur de la DGSI, avait dit en 2016 que la France était la cible numéro 1, est-ce toujours le cas aujourd'hui ? En 2016, c'était évidemment le cas. Aujourd'hui comme lors des années précédentes, la France fait partie des cibles privilégiées. C'est le cas depuis que le terrorisme djihadiste est devenu un phénomène transfrontières, depuis la création d'Al-Qaïda. Il y a eu les attentats du 11-Septembre, ceux de Madrid, de Londres, etc. La France se singularise-t-elle sur 20 ans dans un sens ou dans l'autre ? Il ne me semble pas. Mais il est vrai qu'en 2016, tous les capteurs français étaient au rouge vif. Quelles sont vos principales inquiétudes aujourd'hui ? Le retour en Europe des djihadistes partis en Irak et en Syrie ? La question des \"revenants\", comme on appelle ceux qui reviennent en Europe, est évidemment un objet d'inquiétude, d'autant qu'elle est très compliquée à gérer. Ce n'est pas seulement un problème terroriste, c'est aussi un problème humain, car il y a des enfants et même des bébés. Cependant, il est aussi important de noter que la plupart des actes terroristes djihadistes en Europe n'ont pas été commis par des revenants mais par des gens qui ne sont jamais partis.  Le kamikaze de Manchester serait apparemment allé en Libye, mais pour l'instant on n'a pas d'information selon laquelle il aurait passé des mois et des mois dans des camps d'entrainement d'Al-Qaïda ou de Daech en Irak ou en Syrie. Parmi les auteurs des attentats de 2015 à Paris, ceux qui revenaient du Levant étaient très minoritaires. Ceux qui ne sont jamais partis sont tout aussi dangereux que ceux qui reviennent de pays où ils ont acquis de l'expérience technique.  Il faut bien garder en tête qu'il n'y a pas de profil type. Il y a des terroristes qui ne sont jamais partis, d'autres qui reviennent, des hommes, des femmes, des jeunes, des vieux – l'attentat du pont de Westminster a été commis par un homme d'une cinquantaine d'années –, il y en a qui ont fait des études poussées, d'autres qui ne sont pas allés à l'école, certains étaient très bien intégrés, d'autres non, il y a des enfants de catholiques bretons et des enfants d'immigrés maghrébins. Pendant la campagne, vous avez conseillé Emmanuel Macron en matière de lutte contre le terrorisme. Qu'est-ce que la France doit encore améliorer ? Il y a deux grands chantiers : Voilà les deux grands chantiers qui nous attendent. Le premier, la \"task force\", peut être mis sur pied relativement rapidement, en l'espace de quelques mois. Quant au deuxième, le renseignement de proximité, compte tenu des dégâts à réparer, ce sera forcément plus long. Il y a eu par le passé des problèmes de coordination entre les services d'Etats membres de l'Union européenne. Cela a été le cas entre services belges et français au moment des attentats du 13-Novembre. Que manque-t-il à l'échelon européen pour mieux protéger les citoyens ?  L'affaire de la coordination européenne est en partie une tarte à la crème, c'est-à-dire à chaque fois qu'il y a un attentat européen, on ressort l'idée de créer un FBI européen. Mais l'Union européenne, contrairement aux Etats-Unis, n'est pas un Etat. Les acteurs principaux en matière de collecte et d'exploitation du renseignement restent et resteront les Etats membres. Il est vrai cependant que l'Europe est très importante en raison de ses compétences propres sur l'espace de Schengen. Elle travaille à renforcer les frontières extérieures de l'Union (on a désormais un véritable corps de gardes-côtes et gardes-frontières commun pour assurer la surveillance des frontières extérieures). Pour avoir une bonne visibilité sur les mouvements de population à l'intérieur de la zone Schengen et entre le monde extérieur et la zone Schengen, il serait nécessaire en outre qu'il y ait un standard unique pour les cartes d'identité des Etats membres et que les forces de sécurité et de police disposent des moyens de lecture adéquats. Il y a des pays sérieux en la matière, le Portugal, l'Estonie, l'Allemagne… La France n'en fait pas partie avec ses cartes d'identité qui remontent au milieu des années 90 et que l'on peut falsifier sans trop de difficulté... Donc, bien sûr, on peut mieux faire en matière d'échange de renseignement, de partage. Mais si faire plus et mieux à l'échelon européen pouvait être la solution, on aurait alors trouvé la recette miracle. Pourtant, lorsqu'on regarde les grands attentats de ces 20 dernières années, on constate qu'il y a, hélas, plus de problèmes de coordination intérieure que de problèmes de coopération européenne. Je crois que c'est en améliorant la coordination entre nos services au niveau national que cela fera la différence. L'année dernière, lors de la campagne sur le Brexit, des anciens responsables du renseignement britannique se sont divisés sur ce sujet : certains arguaient que sortir de l'Union européenne allait  améliorer la sécurité des Britanniques face au terrorisme, d'autres soutenaient le contraire. Qu'en est-il ? Les Britanniques ne sont pas dans Schengen, ils ont donc conservé les contrôles à leurs frontières nationales, sauf dans le cas spécifique des accords franco-britanniques du Touquet, où nous avons accepté que la frontière britannique se trouve sur le territoire français. Mais, sans être dans Schengen, ils sont dans le système d'information Schengen. C'est le système dans lequel sont partagées automatiquement entre Etats membres un certain nombre de données en matière de police et de justice. Les Britanniques avaient jusqu'à présent voix au chapitre dans la gestion de ce système. Maintenant qu'ils ont décidé de sortir de l'Union européenne, il va falloir négocier un nouveau modus vivendi. Et cela risque d'être très compliqué. Les Britanniques sont les premiers contributeurs d'Europol. Mais Europol est une politique de l'Union. Autre problème, les Britanniques ne veulent plus reconnaître la compétence de la Cour européenne de justice, etc. Donc, techniquement et juridiquement, il va falloir trouver un autre mode de fonctionnement.  Theresa May n'a pas été très maligne lorsqu'elle a fait entendre en mars qu'elle pourrait utiliser la coopération sur la sécurité comme un élément d'un chantage éventuel dans les négociations avec les Européens. Les services britanniques n'ont pas apprécié et elle a vite rétropédalé. Il est clairement dans l'intérêt commun des Britanniques et des Européens qu'il y ait un accord sur cette affaire. L'attentat de Manchester va le montrer une nouvelle fois. C'est aussi le sens des propos d'Emmanuel Macron hier à l'ambassade britannique. J'ose espérer que Mme May ne va pas mettre ces questions là dans le pot général des différents contentieux sur le Brexit. Pour le dire autrement, qu'elle ne va pas échanger la sécurité contre les normes sur les bananes. Mais la question se pose, l'affaire n'est pas réglée. Il est capital d'isoler ce sujet du reste des négociations. Sinon ce peut être un jeu perdant/perdant pour la sécurité des Britanniques et des Européens. Propos recueillis par Sarah Halifa-Legrand Sarah Halifa-Legrand Journaliste "}