{"title": "attaque à stockholm : ce que l'on sait du suspect principal", "newspaper": "NouvelObservateur", "author": ["L'Obs"], "date_publi": "2017-04-09", "theme": "Monde", "content": "Le profil de l'auteur présumé de l'attentat au camion bélier qui a fait quatre morts le vendredi 7 avril à Stockholm se précisait ce dimanche, notamment son intérêt pour les groupes djihadistes. Ce même jour, un second suspect a été arrêté et placé en garde à vue sous le même chef de poursuites.  Le premier suspect arrêté quelques heures après l'attaque est un Ouzbek de 39 ans. Si la police suédoise n'a toujours pas donné son nom, la presse l'a identifié comme étant Rakhmat Akilov, un ouvrier et père de famille.   Grâce à la diffusion de son signalement, il a été interpellé ce vendredi soir à Märsta, une petite ville du nord de l'agglomération stockholmoise, et placé en garde à vue samedi.\n L'homme serait ensuite passé aux aveux lors de sa garde à vue ce dimanche et se serait même dit \"satisfait de ce qu'il a fait\" et \"avoir accompli ce qu'il voulait accomplir\", selon le quotidien \"Expressen\". Selon d'autres sources citées par \"Expressen\", l'homme avait déjà déclaré au moment de son arrestation quelques heures après la tragédie : Cet homme devait être expulsé de Suède après le rejet en juin 2016 de sa demande d'un permis de séjour, a indiqué la police locale au cours d'une conférence de presse dimanche. Jonas Hysing, un chef de la police nationale, a précisé : Les autorités avaient perdu sa trace, jusqu'à l'attentat au camion bélier de ce vendredi. Le suspect principal montrait \"de l'intérêt pour des organisations extrémistes comme l'Etat islamique\", a ensuite déclaré Jonas Hysing, un chef de la police nationale, sans autre précision. Son mode opératoire – utiliser un poids lourd pour foncer dans la foule sur l'artère piétonne la plus fréquentée de la ville – rappelle d'ailleurs fortement celui des attentats de Nice, Berlin et Londres, revendiqués par le groupe Etat Islamique. Plusieurs médias le décrivent comme sympathisant de l'organisation Etat islamique.  Pierre Svensson, patron d'une entreprise d'assainissement et de dépollution, pour laquelle le suspect a brièvement travaillé l'automne dernier a de son côté affirmé : \"Son comportement n'était pas négatif\", a-t-il poursuivit, précisant que l'homme ne parlait que quelques mots de suédois. Des connaissances indiquaient dans la presse ce dimanche matin que l'homme ne semblait pas radicalisé. \"Il faisait la fête et buvait\", selon un proche.  Six personnes de son entourage ont été emmenées par la police samedi et dimanche pour être interrogées. \"Une seconde personne a été placée en garde à vue\" pour complicité d’acte terroriste, a indiqué la juge Helga Hullman du tribunal de Stockholm ce dimanche, sans préciser ses liens avec le suspect principal.   Au total, 500 personnes ont été interrogées depuis vendredi, jour de l'attentat au camion bélier.  B.K. (avec AFP) L'Obs "}