{"title": "après la \"françafrique\", \"l'africa-france\" de françois hollande", "newspaper": "NouvelObservateur", "author": ["Natacha Tatu"], "date_publi": "2015-07-11", "theme": "Monde", "content": "Converti ! François Hollande, qui n'y avait presque pas mis les pieds avant 2012, a su établir en Afrique des relations de confiance. Ses visites (il y a peu au Bénin, en Angola et au Cameroun) montrent qu'il s'est converti, au nom de l'antiterrorisme et des intérêts économiques, à la realpolitik. Quitte à oublier parfois les droits de l'homme.   (Miguel Medina/AFP)\n Ces deux-là se sont rencontrés par le biais de l'Internationale socialiste, dont le président guinéen est un vieux briscard. En 1997, déjà, alors dans l'opposition, il assiste au congrès de Brest du PS, dont \"le camarade François\" est premier secrétaire. En 2014, le président français est allé lui rendre visite, en pleine crise d'Ebola. Les deux hommes, qui se tutoyaient autrefois, échangeraient encore régulièrement des SMS.  (Cellou Binani/AFP) Régulièrement reçu à l'Elysée, IBK était au premier rang de la marche du 11 janvier après les attentats contre \"Charlie Hebdo\" et l'Hyper Cacher. Ce diplômé de la Sorbonne connaît bien Manuel Valls et Laurent Fabius. En 2013, François Hollande était présent à la \"cérémonie d'investiture internationale\" du nouveau président du Mali, dont il a fait un allié majeur dans la lutte antiterroriste.  (Niviere/Sipa) Autre \"camarade\" de l'Internationale socialiste, le Nigérien a joué un rôle clé dans la libération des otages français d'Arlit. Il a aussi contribué aux accords de paix pour le Mali signés en juin dernier.  (Mustafa Yalcin/Anadolu Agency/AFP) C'est le bon élève, selon François Hollande qui a salué à Cotonou le chef d'Etat en place depuis 2006 comme \"un exemple\" en matière de démocratie. La France bénéficie désormais dans le pays d'un relais de poids avec la nomination au poste de Premier ministre du banquier franco-béninois Lionel Zinsou, un ex-conseiller de Laurent Fabius, que beaucoup voient déjà candidat à la future présidentielle…  (Miguel Medina/AFP) Homme fort de l'Afrique subsaharienne, le président tchadien est à la tête d'une armée efficace et brutale. C'est à N'Djamena que l'état-major français a installé le QG de Barkhane, l'opération antiterroriste dans le Sahel. Pas évident de dénoncer la violation des droits de l'homme, l'affairisme, la corruption, l'autoritarisme du gouvernement… En quelques années, Déby est devenu un allié incontournable. Natacha Tatu Natacha Tatu Journaliste "}