{"title": "terrorisme : les \"tests idéologiques\", nouvelle lubie de trump", "newspaper": "NouvelObservateur", "author": ["L'Obs"], "date_publi": "2016-08-16", "theme": "Elections américaines", "content": "Le républicain Donald Trump a détaillé lundi 15 août son plan de lutte contre le terrorisme islamique international, promettant notamment un \"filtrage extrême\" des immigrants s'il devenait président, dans le but de protéger les Etats-Unis. Faisant à plusieurs reprises un parallèle avec l'époque de la Guerre froide, promettant de travailler avec l'Otan et les alliés des Etats-Unis au Moyen-Orient, Donald Trump insiste sur le besoin d'une \"nouvelle approche\" et promet de mettre immédiatement fin à la stratégie actuelle d'\"édification des nations\" s'il entrait à la Maison-Blanche. \"Mon administration poursuivra des opérations militaires conjointes et de coalition pour détruire l'Etat islamique\", affirme l'homme d'affaires, qui évoque également une \"coopération internationale pour couper le financement\" du groupe djihadiste, dans un discours à Youngstown (Ohio). \"Comme nous avons gagné la guerre froide en partie en exposant les maux du communisme et les vertus du marché libre, nous devons l'emporter sur l'idéologie de l'islam radical\", insiste le républicain, en baisse actuellement dans les sondages face à la démocrate Hillary Clinton. \"Nous travaillerons de très près avec l'Otan sur cette nouvelle mission [...] Je pense aussi que nous pouvons trouver un terrain commun avec la Russie dans la lutte contre l'EI.\" \"Et une nouvelle politique de l'immigration est immédiatement nécessaire\", poursuit Donald Trump, affirmant que le point commun des attentats commis aux Etats-Unis depuis le 11-Septembre était qu'ils avaient \"impliqué des immigrés ou des enfants d'immigrés\". \"Notre pays a assez de problèmes\", conclut-il.  Ce test idéologique voulu par Trump permettrait d’évaluer les positions d’un candidat au visa sur des questions comme la liberté de religion, l’égalité des sexes et le droit des homosexuels, selon Associated Press. A l’appui de questionnaires, en faisant des recherches sur les réseaux sociaux, en interviewant des amis et de la famille ou par d’autres biais, les candidats seraient évalués, histoire de voir s'ils soutiennent les valeurs américaines comme \"la tolérance et le pluralisme\".  Outre ces procédures de sélection \"extrême\", Donald Trump insiste sur la nécessité de \"suspendre temporairement l'immigration de certaines des régions les plus dangereuses et instables du monde qui ont une histoire d'exporter le terrorisme\". Il prêche aussi pour filtrer \"tous ceux qui ont une attitude hostile envers notre pays ou ses principes\". Mais les propositions de Donald Trump restent vagues et posent plus de questions qu’elles n’apportent de solutions. En premier lieu, les autorités américaines filtrent déjà les immigrants potentiels. Les candidats au visa doivent déjà répondre à des questions pour savoir s’il se sont déjà engagés, ou s’ils ont l’intention de s’engager dans une activité terroriste. Ils doivent aussi déclarer s'ils ont été mêlés à une activité qui impliquerait de \"limiter ou nier la capacité de toute personne à exercer des croyances religieuses\". De plus, on ne sait pas quelles zones vise en particulier Donald Trump, si ce n’est \"les régions les plus dangereuses et volatiles du monde qui ont un passif d’exportation du terrorisme\". Mais le magnat de l'immobilier assure qu'une fois à la Maison-Blanche, il demanderait une liste au département de Sécurité intérieure. En France, Geoffroy Didier, candidat à la primaire de droite, avait proposé la semaine dernière de mettre en place un \"test de radicalisation\" dans les collèges et les lycées. \"Ce 'test de radicalisation' prendrait la forme d'un entretien entre l'élève et un psychologue de la communauté éducative\" et comprendrait notamment des questions telles que : \"'Refusez-vous des activités sportives sous prétexte qu'elles sont mixtes ?, Comment qualifiez-vous les récents attentats en France ? Que pensez-vous du djihad ? Consultez-vous ou avez-vous déjà consulté des vidéos ou sites appelant au djihad ?'\". L'idée avait été fortement critiquée et détournée par les internautes.  Donald Trump dresse en outre un bilan très dur des \"décisions absolument désastreuses\" prises selon lui par le président Barack Obama et son ex-secrétaire d'Etat Hillary Clinton au Moyen-Orient.  \"Nous avons créé les vides qui permettent au terrorisme de se développer et de prospérer\", affirme-t-il. \"La politique d'Hillary Clinton a permis d'offrir une scène mondiale au groupe Etat islamique\". Trump propose aussi de mettre en place dès qu'il sera président une \"commission sur l'islam radical incluant des voix réformistes\", pour identifier les signes précoces de radicalisation et trouver les réseaux qui la soutiennent. L'équipe de campagne de Hillary Clinton a réagi au discours de Donald Trump en déclarant que tout programme prévoyant de soumettre les immigrants à des tests idéologiques était \"un subterfuge\". \"Cette prétendue 'politique' ne peut pas être prise au sérieux\", a déclaré dans un communiqué un conseiller politique d'Hillary Clinton, Jake Sullivan. \"C'est un subterfuge cynique pour échapper à l'examen de sa proposition scandaleuse d'interdire notre pays à une religion entière, et personne ne doit s'y laisser prendre.\" A. S. ? L'Obs "}