{"title": "attentat déjoué à marseille : 3 kilos d'explosif, des armes, un drapeau de l'ei retrouvés", "newspaper": "NouvelObservateur", "author": ["L'Obs"], "date_publi": "2017-04-18", "theme": "Terrorisme", "content": "Les deux hommes arrêtés par la DGSI dans le 3e arrondissement de Marseille ce mardi se préparaient à mener \"une action violente, de manière imminente sur le territoire français, sans qu'on puisse déterminer avec précision le jour, la ou les cibles visées\", a déclaré le procureur de Paris François Molins dans une conférence de presse.  L'interpellation des deux suspects, Mahiedine M. (29 ans) et Clément B. (23 ans), a pu se faire grâce au \"travail particulièrement tenace et remarquable\" des services de lutte antiterroriste, a tenu à préciser le procureur de Paris. Il a expliqué :  François Molins a poursuivi sa conférence de presse en établissant la liste du matériel incriminant retrouvé dans \"l'appartement conspiratif\", payé en liquide et loué par Clément B., qu'il partageait avec Mahiedine M..  A l'intérieur, trois kilos de TATP – un explosif artisanal prisé des djihadistes – \"en train de sécher dans un placard sur 3 étagères à 3 stades d’élaboration différentes dont un prêt à l’usage\", plusieurs armes, des sacs de munitions et un drapeau de l'Etat islamique ont été saisis. Ainsi qu'une grenade artisanale contenant du TATP, un sac de boulons, des mèches, des produits chimiques de conditionnement mais aussi des bouteilles d'acétone et d'eau oxygénée. Dans cet appartement \"d'étudiant\", les enquêteurs ont également découvert un fusil mitrailleur, deux armes de poing, un pistolet automatique, des sacs et boîtes de munitions, un silencieux et un couteau de chasse. Des appareils numériques ont également été saisis dans l'appartement du 3e arrondissement de Marseille. Une caméra GoPro avec harnais, un MP3, six téléphones et un ordinateur portable. Un drapeau de Daech, un Coran, un masque de type Anonymous, une perruque ainsi qu'un gilet tactique ont été retrouvés. Accrochés au mur, les enquêteurs ont découvert un plan de la ville de Marseille accompagné de photographies représentant des enfants morts, victimes de guerre ou d'exactions.  Selon des renseignements de la coopération internationale, Mahiedine M. \"était susceptible de préparer une action violente sur le territoire national\" et \"cherchait à entrer en contact et à transmettre à l'organisation terroriste Etat islamique une vidéo d'allégeance ou de revendication\", a déclaré le procureur. D'après lui, une \"vidéo interceptée le 12 avril dernier\" montre \"une table sur laquelle est posée un fusil mitrailleur de type UZI\", \"le drapeau noir de l'Etat islamique\", \"des dizaines de munitions disposées afin d'écrire 'la loi du talion'\" et \"la une d'un quotidien\" datée du 16 mars 2017 \"avec en couverture un candidat à l'élection présidentielle\". Il s'agirait de François Fillon.  Le 4 avril dernier, Mahiedine M. avait adressé au commissariat de Roubaix une enveloppe avec sa carte d’identité et une carte bancaire en déclarant : Le lendemain, une enquête préliminaire sur les agissements de de Mahiedine M. avait été ouverte par la section antiterroriste. Les deux ressortissants français, fichés S depuis 2016 et 2015, se seraient rencontrés en prison, où ils ont partagé une cellule pour des faits de droits commun : pour trafic de stupéfiants en 2013 pour Mahiedine M. et pour détention de faux documents administratifs en 2015 pour Clément B.. Le premier a fait l'objet de douze condamnations et le second de deux condamnations. Une première perquisition avait eu lieu au domicile de Mahiedine M. à Roubaix, en son absence, le 7 décembre 2016. Un drapeau du groupe Etat islamique, ainsi que de la documentation djihadiste sur un ordinateur y avaient été saisis. Suite à cette découverte, l'homme avait été assigné à résidence, mais il était devenu introuvable. \"Il y a eu un travail important de croisement téléphonique\", a précisé le procureur lors de sa conférence de presse. Les proches des deux suspects auraient confirmé les hypothèses des enquêteurs. Les proches de Clément B. avaient signalé, dès mars 2015, sa disparition inquiétante. Converti, il avait alors une pratique radicale de l'islam. C'est à son contact que Mahiedine M. se serait particulièrement radicalisé en 2015.  Et ce sont des réquisitions auprès d'une société de covoiturage qui ont permis d'apprendre que les deux suspects s'étaient rendus à Marseille, depuis Nancy, à la fin du mois de mars, avec des cartes prépayées et sous de fausses identités utilisées par Mahiedine M.  Barbara Krief L'Obs "}