{"title": "attentat de londres : trump fonce sur twitter, may le recadre", "newspaper": "NouvelObservateur", "author": ["L'Obs"], "date_publi": "2017-09-16", "theme": "Monde", "content": "Comme lors de chaque attaque terroriste, Donald Trump a réagi vite, très vite, à l'attentat perpétré vendredi 15 septembre dans le métro londonien, provoquant la colère de Theresa May et un nouvel accroc dans la \"relation spéciale\" entre Londres et Washington. Quelques heures à peine après l'explosion d'une bombe dans une station de métro du sud-ouest de Londres, et alors que les investigations débutaient à peine, le président américain a décoché une flèche à la police britannique à qui il a reproché un manque d'anticipation.  \"Une autre attaque à Londres par un terroriste raté. Ce sont des gens malades et déments qui étaient dans la ligne de mire de Scotland Yard. Il faut être proactif!\" a-t-il lancé.\n Another attack in London by a loser terrorist.These are sick and demented people who were in the sights of Scotland Yard. Must be proactive! La réponse de la dirigeante britannique a été cinglante: \"Je pense qu'il n'est d'aucune aide pour quelqu'un de spéculer sur une enquête en cours\", a-t-elle lancé dans un message télévisé à l'issue d'une réunion d'urgence de son cabinet.  Les autorités britanniques n'ont encore rien révélé de l'identité du ou des auteurs de l'attaque dans le métro de Londres, perpétrée à l'aide d'un engin explosif artisanal, selon l'unité antiterroriste de la police londonienne. Interrogé, lors d'une brève apparition dans les jardins de la Maison Blanche, sur le fait de savoir s'il avait été \"briefé\" par ses services, Trump a répondu \"oui\", sans qu'il soit possible de dire avec certitude s'il parlait spécifiquement de l'attentat de vendredi ou de la menace terroriste en général. \"Vrai ou pas - et je suis certain qu'il ne sait pas - ceci est vraiment malvenu de la part du dirigeant de notre allié et partenaire dans le renseignement\", a déploré Nick Timothy, ancien responsable du cabinet de Theresa May. Les tweets matinaux du locataire de la Maison-Blanche ont été d'autant plus mal accueillis de l'autre côté de l'Atlantique qu'il ne s'agit pas du premier incident. Le gouvernement britannique s'était montré furieux lorsque des fuites dans la presse américaine attribuées à des sources officielles avaient révélé des informations sur l'attentat meurtrier de Manchester, qui a fait 22 morts lors d'un concert en mai 2017. Preuve du courroux de Downing Street, Theresa May avait profité d'un sommet de l'OTAN à Bruxelles pour faire directement part au dirigeant américain de son agacement. La Maison-Blanche avait aussi provoqué un incident diplomatique en laissant entendre, sur la foi d'un reportage de la chaîne américaine Fox News, que le GCHQ, l'agence de surveillance britannique, avait mené des écoutes contre Trump. Le GCHQ avait, sur un ton auquel il n'est pas habitué, dénoncé des accusations \"absurdes\", Downing Street les jugeant \"profondément ridicules\". Début juin, au lendemain de nouveaux attentats meurtriers à Londres, M. Trump s'en était par ailleurs pris avec une incroyable virulence au maire de de Londres Sadiq Khan - premier maire musulman de cette capitale fière de son cosmopolitisme - l'accusant de minimiser la menace, de céder au \"politiquement correct\" et d'utiliser des explications \"pathétiques\". \"Nous ne laisserons pas Donald Trump diviser nos communautés\", avait rétorqué ce dernier, exaspéré, affirmant avoir des choses plus importantes à faire que de répondre aux salves de tweets du locataire de la Maison Blanche. Theresa May avait pris la défense du maire de Londres. La pilule était d'autant plus mal passée au Royaume-Uni que Donald Trump s'était servi de l'attentat de Londres pour défendre son décret migratoire très controversé, visant à bloquer l'entrée des Etats-Unis aux ressortissants de certains pays musulmans. Vendredi, alors que la capitale britannique était encore sous le choc, il a une nouvelle fois brandi le même argument, à des fins de politique interne, au moment où une partie du camp républicain l'accuse de manquer de fermeté sur l'immigration et de trop se rapprocher de ses adversaires démocrates. \"L'interdiction de voyager aux Etats-Unis devrait être bien plus large, plus dure et plus spécifique - mais bêtement, ça ne serait pas politiquement correct!\" a-t-il tweeté. The travel ban into the United States should be far larger, tougher and more specific-but stupidly, that would not be politically correct! Les comptes-rendus de l'échange téléphonique entre Trump et May diffusés par la Maison Blanche et Downing Street ne mentionnent à aucun moment la polémique. \"Le président s'est engagé à continuer à collaborer étroitement avec le Royaume-Uni pour mettre fin aux attaques visant des innocents à travers le monde et pour combattre l'extrémisme\", souligne le texte. (Avec AFP) L'Obs "}