{"title": "l'indignité nationale, alternative à la déchéance de la nationalité ?", "newspaper": "NouvelObservateur", "author": ["Donald Hebert"], "date_publi": "2015-12-23", "theme": "Société", "content": "Retour à la normale ? L'exécutif dévoile ce mercredi 23 décembre en Conseil des ministres son \"projet de loi constitutionnelle de protection de la nation\". Son objet principal est l'inscription de l'état d'urgence dans la Constitution. François Hollande l'avait annoncé devant le Parlement réuni en Congrès le 16 novembre, trois jours après les attentats ayant fait 130 morts à Paris et Saint-Denis. La droite pourrait ne pas la voter à l'Assemblée nationale. Car le gouvernement est tenté de renoncer à la déchéance de la nationalité pour les binationaux condamnés pour acte de terrorisme, annoncée par le président de la République, mais très critiquée à gauche. Cette mesure pose \"un problème de fond sur un principe fondamental qui est le droit du sol\", a indiqué la ministre de la Justice Christiane Taubira dans un entretien sur la radio algérienne Chaîne 3, diffusé mardi.  Le texte n'était toutefois pas encore bouclé mardi dans la soirée. L'inscription de l'Etat d'urgence dans la Constitution est également discutée. Et une mesure alternative à la déchéance de la nationalité pourrait bien voir le jour. Le président du groupe PS à l'Assemblée, Bruno Le Roux, a ainsi proposé de travailler \"sur la peine d'indignité nationale\".\n Depuis une semaine, l'exécutif prépare les esprits à un rétropédalage sur la déchéance de la nationalité. Vendredi, le Premier ministre Manuel Valls a souligné le caractère \"symbolique\" de cette disposition, qui n'est selon lui \"pas une arme pour lutter contre le terrorisme\", alors que les mesures anti-terroristes doivent être \"efficaces\". Outre la brèche dans la définition de la nationalité, le risque est que la déchéance soit utilisée par les djihadistes dans une logique de martyrisation. L'avocat Jean-Pierre Mignard estime de plus que la peine d'indignité nationale est elle aussi \"symbolique\", mais qu'elle \"poserait infiniment moins de problèmes\". Déjà utilisée après la Révolution française, elle a été mise en œuvre en 1944, avant d'être abrogée en 1951 par une loi d'amnistie, sanctionnant au passage 50.000 personnes ayant apporté leur soutien au régime de Vichy, à l'Allemagne et à ses alliés. \"La sanction la plus appliquée à la Libération ne fut pas la peine capitale mais une mort symbolique, la 'mort civique' pour crime d'indignité nationale\", explique dans son livre \"Le déshonneur dans la République\" la chercheuse Anne Simoni, relève le \"Huffington Post\". La peine d'indignité nationale a beaucoup de points communs avec la déchéance de la nationalité : Elle n'en a pas les inconvénients : Comme la déchéance de la nationalité, la mesure avait également été proposée par la droite après les attentats de janvier 2015. La proposer pourrait ainsi répondre aux critiques de certains parlementaires, comme Philippe Vigier, président du groupe UDI à l'Assemblée, qui a accusé François Hollande d'avoir \"pris la lourde responsabilité de briser l'union nationale pour préserver les intérêts de sa majorité\". Chez Les Républicains, Eric Ciotti a rappelé que son parti l'avait \"soutenue à l'Assemblée nationale\", mais que \"le gouvernement s'y était opposé avec la plus grande des énergies\". Reste à savoir si cette mesure sera mieux acceptée à gauche. Auteur d'un rapport sur l'indignité nationale présenté le 25 mars à l'Assemblée nationale, le député socialiste Jean-Jacques Urvoas, président de la Commission des lois, se prononce, plutôt que l'indignité nationale, pour \"la dégradation républicaine\". Puisque ce sujet semble revenir, ma suggestion : \"la dégradation républicaine\" plutôt que l'indignité nationale. https://t.co/nPYSrLUvCP Le rapport rappelle que l'indignité nationale a été prévue dans un contexte particulier, la Libération, bien différent de celui de la lutte contre le terrorisme. Dans son rapport, le député cite aussi l'historien du droit Jean-Louis Halpérin, qui suggère d'étendre au terrorisme la perpétuité incompressible, déjà prévue pour les meurtres avec viol ou torture sur mineur de moins de quinze ans ou en bande organisée, et de l'assortir d'une peine complémentaire privant de droits civiques, familiaux, et bannissant l'accès à certaines professions. Ainsi, dit l'élu du Finistère, cela \"marquerait l’attachement des Français à ces règles républicaines attaquées par le terrorisme\". DH avec AFP Donald Hebert Journaliste "}