{"title": "loi sur le renseignement : les terroristes bientôt fichés \"à vie\" ?", "newspaper": "NouvelObservateur", "author": ["Boris Manenti"], "date_publi": "2015-04-14", "theme": "Justice", "content": "L'examen du décrié projet de loi sur le renseignement a débuté à l'Assemblée nationale, lundi 13 avril. Fait rare, c'est le Premier ministre en personne qui est venu plaider pour le texte. Il a ainsi annoncé la création d'un fichier de suivi des terroristes où les données seront conservées pendant 40 ans, soit \"à vie\", selon le syndicat de la magistrature. Via un discret amendement, déposé le 9 avril, le gouvernement crée le \"fichier national automatisé des auteurs d'infractions terroristes\" (ou FIJAIT). Celui-ci recensera les noms et adresses des personnes condamnées pour terrorisme, sur décision express de la juridiction ou du procureur de la République. L'inscription pourrait intervenir dès la mise en examen, et les informations pourraient être effacées en cas de relaxe, de non-lieu ou d'acquittement.  L'ensemble des informations sur une personne est conservé pendant un délai de 40 ans (30 ans s'il s'agit d'un mineur) pour toutes les condamnations, même les \"non définitives\", c'est-à-dire qui peuvent encore faire l'objet d'une procédure d'appel ou d'un pourvoi en cassation. Et, pour les condamnés, il faudra attendre la sortie de prison pour que ce délai ne commence, et ce même si le casier judiciaire est effacé.\n Pour ceux qui seraient inscrits dans ce fichier, il faudra alors déclarer tout changement d'adresse et toute sortie du territoire 15 jours avant la date fatidique, sous peine de deux ans de prison et de 30.000 euros d'amende. Une obligation qui court pendant 20 ans (10 ans pour les mineurs). L'amendement, annoncé par Manuel Valls devant l'Assemblée, a toutefois fait tiquer certains députés. \"Le renseignement, c'est la CIA, le KGB et M. Poutine, pas des clubs de vacances où on pratique le Bisounours\", a taclé Alain Tourret (PRG), en référence au fichier. La mesure est également dénoncée par le Syndicat de la magistrature. Surtout que ce fichier devrait également concerner le délit d'apologie du terrorisme, qui a déclenché une pluie de condamnations après les attentats contre \"Charlie Hebdo\" et l'Hyper Cacher contre des personnes ayant exprimé un soutien publique aux attaques. Un délit pour lequel pourrait désormais être poursuivi le rappeur Booba qui a pointé la responsabilité du journal satirique dans l'attaque qu'il a subie. Devançant les critiques, Manuel Valls a affirmé à l'Assemblée qu'il pourra y avoir des discussions, notamment sur \"la durée de conservation des données\". Laurence Blisson, également juge d'application des peines, met toutefois en doute l'utilité du dispositif : Le Syndicat de la magistrature rappelle que, dans le cadre du fichier des délinquants sexuels, \"il y a énormément de gens qui se retrouvent devant le tribunal pour avoir oublié de noter un changement d'adresse, alors que ce n'est pas forcément le signe d'une récidive\". Le dernier rapport parlementaire, datant de 2009, affirme qu'il existe déjà pas moins de 58 fichiers de police et de gendarmerie. Boris Manenti Boris Manenti Journaliste "}