{"title": "attentat de berlin : l'auteur toujours en fuite, revendication de daech", "newspaper": "NouvelObservateur", "author": ["L'Obs"], "date_publi": "2016-12-20", "theme": "Société", "content": "\"Où est le coupable ?\", s'interroge mardi soir le \"Berliner Morgenpost\". Vingt-quatre heures après l'attentat au camion-bélier qui a fait douze morts sur un marché de Noël de Berlin, le groupe Etat islamique (EI) a fièrement revendiqué cette attaque. L'auteur de ce carnage est toujours en fuite et le seul suspect arrêté par les autorités allemandes a été relâché dans la soirée.  Anschlag: Polizei tappt offenbar weiter im Dunkeln: Wo ist der Täter? https://t.co/4lKucDgXt9 pic.twitter.com/mW8T4HQx04  Outre les 12 morts, 48 personnes ont été blessées, dont 24 restaient hospitalisées mardi soir.\n 14 de ces 48 blessés sont entre la vie et la mort, a indiqué dans la soirée de mardi le ministre de l'Intérieur allemand Thomas de Maizière. D'autres décès \"ne sont donc pas à exclure\", présume-t-il. Les autorités allemandes n'ont pas, pour le moment, authentifié la revendication de l'EI. Mais, selon le parquet antiterroriste, \"la cible choisie et le mode opératoire peuvent faire penser\" à une attaque islamiste. Amaq, l'agence de propagande du groupe djihadiste, a diffusé mardi soir un communiqué affirmant que c'était \"un soldat de l'EI\" qui \"a commis l'opération de Berlin en réponse aux appels à cibler les ressortissants des pays de la coalition internationale\" luttant contre l'Etat islamique.  L'Etat islamique revendique l'attentat au camion de Berlin qui a fait 12 morts et 48 blessés #Allemagne pic.twitter.com/4nsVavdEoE L'utilisation de véhicules, en particulier de camions, pour foncer dans des foules de \"mécréants\" est préconisée de longue date par des djihadistes, comme c'était déjà le cas à Nice, une attaque aussi revendiquée par le groupe Etat islamique. Parmi les personnes tuées, sept ont été identifiées dont six sont des Allemands, selon la police. Les identifications des autres corps se poursuivent. A Berlin, l'atmosphère reste tendue et les craintes demeurent grandes au lendemain de l'attentat. Les mesures de sécurité y ont été renforcées et des premières critiques à l'encontre d'Angela Merkel se sont fait entendre, sans attendre que l'enquête progresse. \"L'Allemagne n'est plus sûre\" face \"au terrorisme de l'islamisme radical\", a assuré la figure de proue du mouvement du parti de droite populiste Alternative pour l'Allemagne (AfD), Frauke Petry.   Si les populistes s'expriment ainsi, c'est que la plus grande confusion demeure du côté de l'enquête. Car après avoir annoncé dans un premier temps l'arrestation d'un suspect, un demandeur d'asile pakistanais, les autorités allemandes ont dû faire marche arrière. L'homme a été remis en liberté mardi soir, faute d'éléments à charge. \"Les résultats de l'enquête n'ont à l'heure actuelle pas mis au jour d'éléments confirmant des soupçons\" à son encontre, et notamment sa présence dans la cabine du poids lourd, a expliqué le parquet fédéral. #Thanks for prudence+trust. Without any fake messages+rumours our colleagues are able to concentrate on the investigation #Breitscheidplatz La police berlinoise a donc réitéré mardi soir son appel à éviter de propager des rumeurs, afin de permettre aux enquêteurs de se concentrer sur les faits. Le véritable auteur de l'attentat est toujours en fuite. Klaus Kandt, le chef de la police berlinoise a donc reconnu :  Il n'exclut pas que cette personne ait des complices. Il a ajouté dans la soirée sur une chaîne de télévision que le fugitif avait \"une arme\", sans doute celle qui a servi à tuer le chauffeur polonais en titre du camion utilisé pour foncer la foule. Bougies, fleurs, silence... Dans la soirée de mardi, Angela Merkel et une partie de son gouvernement ont participé à une cérémonie dans l'église voisine du marché de Noël. La porte de Brandebourg a été illuminée dans la soirée aux couleurs de l'Allemagne et de Berlin. Blumenmeer am Breitscheidplatz nach dem Anschlag...... pic.twitter.com/BdzDac7p1Y Une minute de silence sera observée mardi et mercredi dans tous les stades de la Bundesliga, le championnat de football. Le carnage s'est déroulé au pied de l'église du Souvenir, monument phare de l'ouest de la capitale allemande au clocher éventré par les bombardements de la Deuxième Guerre mondiale. Le camion, pare-brise détruit par les chocs, a été enlevé mardi matin. Enfin, de la France aux Etats-Unis, les réactions de solidarité se sont multipliées à un moment où l'Europe est régulièrement la cible d'attentats revendiqués par des groupes djihadistes. Angela Merkel s'est, entre autres, entretenue mardi avec les présidents français, turc et américain ainsi qu'avec ses homologues grec et espagnol. C.C. avec AFP   L'Obs "}