{"title": "julien coupat : \"on a tenté et on tente encore de nous détruire\"", "newspaper": "NouvelObservateur", "author": ["Aude Lancelin"], "date_publi": "2015-08-10", "theme": "Loi renseignement", "content": "Il ne s’était pas exprimé dans la presse depuis 2009. Après avoir été incarcéré six mois pour des accusations de \"terrorisme\", Julien Coupat était devenu à gauche un des plus puissants symboles d’une dérive autoritaire du pouvoir sarkozyste, accusé de monter en épingle une affaire de sabotage de caténaires SNCF pour créer un \"ennemi intérieur\". Leader intellectuel du groupe de gauche radicale dit \"de Tarnac\", il n’avait pas cessé depuis de dénoncer une manipulation policière, menant une rude bataille judiciaire aux côtés des autres inculpés. On le sait désormais, le quinquennat socialiste n’aura pas inversé la tendance. Deux jours après le vote par l’Assemblée de la loi sur le renseignement, Julien Coupat, 40 ans, s’est vu signifier, le 7 mai 2015, une demande de renvoi en correctionnelle pour \"association de malfaiteurs en relation avec une entreprise terroriste\", aux côtés de deux jeunes femmes, parmi lesquelles sa compagne Yildune Lévy [depuis, la juge d'instruction a annoncé qu'elle ne retenait pas la qualification de \"terroriste\" dans ce dossier]. Un certain François Hollande, alors président du conseil général de Corrèze, territoire sur lequel se trouve Tarnac, avait pourtant pris la plume au printemps 2009 pour ironiser sur la qualification des faits en \"terrorisme\" et dénoncer une \"affaire politique\".  \"Dans n’importe quel autre pays d’Europe, un dossier comme celui-ci aurait depuis longtemps donné lieu à relaxe avec de discrètes excuses des autorités\", commente Julien Coupat. \"Mais nous sommes en France, et, comme l’écrivait Alexandre Herzen, 'en France, quand on entre dans un tribunal, on recule de deux ou trois siècles'.\"\nLireL'intégralité de l'interview de Julien Coupat\n Vous n’êtes plus que trois, au sein du groupe de Tarnac, à faire l’objet de poursuites. Avez-vous eu à un moment donné l’espoir d’un abandon définitif des charges ? - Depuis le jour de nos arrestations, nous avons toujours trouvé hilarantes les charges qui pèsent contre nous. Et nous trouvons toujours aussi hilarant que le parquet s’appuie dans son réquisitoire, pour étayer l’accusation de \"terrorisme\", sur un livre en vente à la Fnac, \"L’Insurrection qui vient\", et le témoignage sous X d’un mythomane qui a reconnu au 20-heures de TF1 avoir été manipulé par la police antiterroriste. Les procureurs sont des écrivains de polars ratés. Leur littérature, pleine de \"structures à finalité subversive clandestine\", de \"plans terroristes\", de \"tentatives de déstabilisation de l’Etat par la destruction des infrastructures ferroviaires\", est manifestement le produit de l’imagination squelettique de gens qui regardent la vie depuis les fenêtres de leurs cabinets molletonnés. Leur mauvaise foi prête à rire. Mais, un peu comme pour le procès-verbal de filature D104, l’hilarité s’arrête quand vous prenez conscience que la magistrature a, dans son petit monde suspendu, le pouvoir de transformer, contre toute évidence, un faux grossier en \"vérité judiciaire\" – quand vous réalisez que tout cela est grotesque, mais que cela marche, et se dirige vers vous pour vous écraser. Nous ne nous sommes pas battus, et nous ne nous battons pas, pour faire reconnaître on ne sait quelle innocence ni pour que la justice, dans sa grande mansuétude, daigne abandonner ses poursuites infondées. Nous nous battons parce que l’on a tenté et que l’on tente encore de nous détruire, de rayer définitivement de la carte la possibilité politique dont l’Etat a fait de nous un exemple. Nous nous battons pour nous, pour nos proches, pour nos amis et pour tous ceux qui nous ont un jour exprimé leur sympathie, et ce malgré la disproportion massive des forces. Plutôt que de faire prudemment marche arrière, l’appareil antiterroriste, ivre de sa toute récente popularité, insiste pour avoir le dernier mot dans l’enceinte de ses petits tribunaux. Qu’il sache que nous ne sommes pas de ceux qui se laissent faire, que nous préférerons toujours déchaîner les feux de l’enfer plutôt que de nous laisser piétiner, et que nous ne sommes pas seuls. (...) Vos avocats ont réagi en disant que maintenir la qualification élargie de \"terrorisme\" au sujet de votre dossier ouvrait la voie à une \"hyper-criminalisation des mouvements sociaux\". Est-ce votre crainte, notamment suite à l’adoption de la loi sur le renseignement ? - Nous vivons dans un monde qui va dans le mur à tombeau ouvert, et qui le sait. Les faits l’attestent tout autant que la production hollywoodienne. Ceux qui tiennent les rênes de la machine préfèrent qu’il en soit ainsi plutôt que de renoncer à la moindre miette de leur pouvoir. Ils s’attachent simplement à distiller dans la population le sommeil nécessaire, quitte à le peupler de cauchemars terroristes. C’est ce dont témoigne exemplairement le vote sans états d’âme de la nouvelle loi scélérate dite \"sur le renseignement\". Que l’on en soit, quinze ans après le Patriot Act, après le rapport du Sénat américain sur la torture, après les révélations de Snowden, à adopter des mesures aussi exorbitantes dit à la fois le cynisme inoxydable et le pathétique mimétisme des gouvernants français. Ils croient vraiment qu’ils vont pouvoir refaire avec quinze ans de retard le coup du néo-conservatisme martial, et que nous sommes tous trop bêtes, trop lâches et trop passifs pour nous en insurger. Evidemment, le fait que le parquet, qui tenait son réquisitoire prêt depuis des mois, ait choisi le lendemain du vote de cette loi pour le faire fuiter dans \"Le Monde\" ajoute à l’impudence du geste. Le geste dit : \"Oui, nous allons tous vous mettre au pas par un contrôle de masse au nom de l’antiterrorisme, et vous allez voir quel traitement nous réservons à ceux qui nous résistent.\" Il est vrai que le seul espoir des gouvernants est de convaincre chacun qu’il n’y a pas d’autre choix que de les suivre, qu’il est vain de croire pouvoir construire d’autres mondes, insensé de s’organiser contre eux et suicidaire de les attaquer. C’est pourquoi Tarnac doit être décapité. C’est pourquoi les ZAD doivent être mises au pas, que ce soit par voie judiciaire ou avec l’aide de milices.  Votre seul entretien paru dans la presse remonte à 2009, soit trois ans avant l’élection de François Hollande. Il était commun alors, à gauche, de reprocher à Nicolas Sarkozy et à Michèle Alliot-Marie leur instrumentalisation d’un \"ennemi intérieur\", leur emploi flottant du concept de terrorisme, sans parler d’une sorte d’acharnement spécifique à votre égard.  Diriez-vous que l’arrivée du PS au pouvoir n’a rien changé à votre situation ni, plus largement, au traitement étatique réservé à l’\"ultragauche\" ? - Le régime social-démocrate actuel, chacun le constate, est en passe de réussir ce que Nicolas Sarkozy n’a pas réussi à faire, en matière d’\"austérité\" comme d’antiterrorisme, de droit du travail comme de répression de tout ce qui se trouve à sa gauche. Noske [homme politique allemand qui écrasa la révolte spartakiste, NDLR] a trouvé sa digne descendance postmoderne. Cela n’a, au reste, rien d’un phénomène spécifiquement français : Renzi en Italie, Obama aux Etats-Unis sont faits de la même pâte politique, qui n’a conservé de l’héritage des organisations de gauche que leur pente autoritaire et leur rhétorique saisissante d’hypocrisie. Les déçus du hollandisme s’ajoutant à ceux du jospinisme, du rocardisme et du mitterrandisme, il est peut-être temps d’entendre enfin ce que Mascolo a établi il y a des décennies déjà : le contraire d’être de gauche, ce n’est pas être de droite, c’est être révolutionnaire. Rémi Fraisse, le jeune manifestant mort en octobre dernier lors des manifestations contre le barrage de Sivens, est le premier manifestant tué par les forces de l’ordre depuis trente ans en France. Quel regard portez-vous sur cet événement ? - Précisément : seul un régime de gauche pouvait tuer un manifestant, mentir des jours durant sur les circonstances de sa mort, pour finalement expulser ses camarades de lutte grâce aux gros bras de la FNSEA, et tout cela sans déclencher une révolte de masse. (...) Suite aux attentats commis en France en janvier dernier, notamment à \"Charlie Hebdo\", craignez-vous que l’antiterrorisme ne devienne plus que jamais une politique de substitution, et même une vision du monde ? En voyez-vous déjà des signes ? - (...) Je crois que l’ensemble des manœuvres politiques qui ont suivi les attentats de janvier, et exemplairement la récente loi sur le renseignement, a achevé d’en apporter la démonstration : l’antiterrorisme est bien une technique de gouvernement des populations, un instrument de dépolitisation de masse. Les gens qui, comme nous, se font coffrer comme \"terroristes\" ne sont que le prétexte d’une offensive bien plus générale. Il faut être aveugle ou parfaitement insincère pour en douter à présent. Grâce au tour de passe-passe de l’antiterrorisme, le gouvernement se pose comme unique garant de ce qui est collectif, collectif qu’il réduit à une masse confuse d’atomes grelottants, à une série statistique d’individus apeurés, dotés d’une \"liberté\" illusoire et bientôt fatale. L’opération n’est pas bien compliquée : nous autres Occidentaux sommes confits de peurs sans nombre. L’Occident est entre toutes la civilisation de la peur. (...) Propos recueillis par Aude Lancelin Aude Lancelin Journaliste "}