{"title": "turquie : l'auteur de l'attentat du nouvel an arrêté à istanbul", "newspaper": "NouvelObservateur", "author": ["L'Obs"], "date_publi": "2017-01-17", "theme": "Monde", "content": "La chasse à l'homme aura duré plus de deux semaines. Le citoyen ouzbek Abdulgadir Masharipov, considéré par les autorités turques comme l'auteur de l'attaque meurtrière de la discothèque Reina la nuit du Nouvel An, a été arrêté mardi 17 janvier dans l'ouest d'Istanbul lors d'une vaste opération policière, selon les médias d'Etat. A quelques dizaines de kilomètres du lieu de l'attentat revendiqué par Daech, qui avait fait 39 morts dont 27 étrangers. L'agence de presse Dogan a indiqué que l'homme utilisait comme nom de code Abou Mohammad Khorassani au sein du groupe djihadiste Etat islamique. Il avait déjà été identifié sous ce nom par les services de renseignement et la police antiterroriste d'Istanbul comme un membre d'une cellule de Daech en Asie centrale. Il a avoué être l'auteur du carnage, selon le gouverneur de la ville.  L'homme a été retrouvé dans un appartement du quartier stambouliote d'Esenyurt lors d'une vaste opération policière, selon la chaîne TRT. La police et les services secrets turcs MIT ont mené le coup de filet peu après minuit heure locale. La police avait repéré la cache du suspect trois jours auparavant et l'avait suivi pour pouvoir identifier ses complices. L'agence de presse Dogan a publié une photo du suspect, le visage ensanglanté et vêtu d'un T-shirt, fermement maintenu au cou par un policier.  \n\n Les autorités avaient renforcé depuis l'attentat les contrôles aux frontières pour éviter que l'assaillant ne leur échappe et des informations laissaient entendre qu'il n'avait jamais quitté la ville. Selon la chaîne TRT, le suspect résidait dans un appartement loué par un ressortissant kirghize à Istanbul, qui a été également arrêté. Selon l'agence progouvernementale Anadolu, cinq personnes ont été appréhendées dans l'opération de lundi soir, dont trois femmes. Le fils du suspect a été confié aux services sociaux. Au moins 35 personnes avaient déjà été arrêtées en lien avec l'attentat avant cette opération policière, selon le décompte d'Anadolu.  L’auteur de l’attaque de la discothèque d’Istanbul arrêté https://t.co/x3v4DOYJhG pic.twitter.com/THTL5Fvk9V \n\n Le suspect a été conduit au siège de la police stambouliote pour y être interrogé et d'autres opérations policières ont eu lieu dans la ville, ajoute Anadolu. Selon les médias turcs, l'assaillant était un tireur très bien entraîné qui avait combattu pour Daech en Syrie et était devenu un expert en armes. Plusieurs médias avaient aussi affirmé qu'à son retour de Syrie, le tueur présumé s'était installé avec son épouse et leurs deux enfants à Konya, dans le centre du pays.  En revendiquant le carnage du Reina, Daech a reproché à la Turquie son intervention en Syrie et sa participation à la coalition menée par les Etats-Unis qui combat le groupe djihadiste en Syrie et en Irak. L'attentat avait marqué un début d'année sanglant pour la Turquie, déjà secouée en 2016 par une tentative de coup d'Etat et une vague d'attaques meurtrières commises par des djihadistes ou la rébellion kurde. T.V. ? L'Obs "}