{"title": "video. alejandro, rescapé du bataclan : \"un an après, j’y pense tous les jours\"", "newspaper": "NouvelObservateur", "author": ["Elena Brunet"], "date_publi": "2016-11-11", "theme": "Société", "content": "\"J’y pense tous les jours. Il n’y a pas un moment où je laisse ma soirée du 13 de côté.\" Un an après l’attentat, Alejandro, parisien de 39 ans d’origine argentine, n’a rien oublié de sa nuit tragique au Bataclan. Il avait échappé aux tirs des kalachnikovs, caché dans une caisse de rangement. D'abord il y a eu \"ce sentiment d’être vivant, d’avoir de la chance, et qu’il fallait en profiter\". Puis le contre coup. Au fil des mois, il \"essaye de reconstruire (sa) vie\". Le retour des Eagles of Death Metal à Paris, pour un concert à l’Olympia en février dernier, est une étape importante. Dans d’autres salles de concerts, ce passionné de musique dépasse \"la peur de ne plus réussir à se faire plaisir\". Aujourd’hui, il se \"sent bien, prêt à affronter la vie.\"  \"L’Obs\" avait rencontré Alejandro une semaine après l’attentat du Bataclan. Le rescapé jurait : \"Personne ne m’empêchera de vivre\". Il a tenu parole. Regardez le témoignage en vidéo.  Elena Brunet Journaliste "}