{"title": "attentat à barcelone : \"des zigzags pour atteindre un maximum de piétons\"", "newspaper": "NouvelObservateur", "author": ["L'Obs"], "date_publi": "2017-08-17", "theme": "Terrorisme", "content": "\"Tout à coup, j'ai entendu un bruit de collision et toute la rue s'est mise à courir en criant.\" Des touristes venus du monde entier se promenaient sur les célèbres Ramblas de Barcelone quand une camionnette a foncé dans la foule. Un attentat terroriste, selon les autorités, qui a d'ores et déjà fait un mort et 32 blessés – des chiffres encore provisoires et qui pourraient empirer, selon des témoins. Albert, un infirmier de 47 ans cité par \"El Pais\", raconte : Hamid Houat, un touriste français, raconte le chaos sur CNews : #Barcelone : \"On a entendu des hurlements, des gens qui se jetaient à gauche à droite\" raconte un témoin de l'attaque pic.twitter.com/lLxOM5MyiY   Un autre touriste français explique sur BFMTV que la fourgonnette \"a réalisé des zigzags pour atteindre un maximum de piétons\" : Attaque à #Barcelone: \"La fourgonnette réalisait des zigzags pour atteindre un maximum de piétons\", raconte un témoin pic.twitter.com/2jeieE1gsb Mechtilde a découvert la scène lorsqu'elle est sortie de la boutique Zara. \"On a constaté que tous les magasins étaient fermés. En lisant sur Twitter qu'il s'agissait d'un attentat\", dit-elle à \"l'Obs\". La solidarité est en œuvre puisqu'elle a pu trouver refuge dans l'hôtel de touristes suisses. Michael est lui aussi retranché dans un magasin. \"Nous ne pouvons pour le moment pas en sortir, la police refuse\", explique-t-il sur RTL.  R.D et B.L. L'Obs "}