{"title": "a saint-denis, \"les femmes savantes\", plus fortes que le terrorisme", "newspaper": "NouvelObservateur", "author": ["Raphaël de Gubernatis"], "date_publi": "2015-11-19", "theme": "Attentats terroristes à Paris", "content": "Lundi dernier, après deux jours de fermeture à la suite des attentats du vendredi 13 novembre, le Théâtre Gérard-Philipe de Saint-Denis rouvrait ses portes sur les représentations des \"Femmes savantes\" de Molière, dans la mise en scène de Macha Makeïeff. Depuis la première, le 11 novembre, les salles étaient combles. Les attentats du 13 ont fait aussitôt baisser le public de moitié, ne serait-ce qu’à cause de l’interdiction faite aux établissements scolaires d’y envoyer le jeune public qui devait y venir par classes entières. Et puis, patatras! L’assaut donné par le Raid à l’aube de ce 18 novembre, en plein coeur de Saint-Denis, à deux pas du théâtre, là où s’étaient retranchés des terroristes, en rajoute encore à l’angoisse qui étreint le public, à l'emprise des événements sur les consciences. Cependant, sitôt achevées les opérations de police, dans une ville encore tétanisée par ce qui vient de s’y dérouler, le directeur du Théâtre Gérard- Philipe, Jean Bellorini, se démène pour obtenir de la mairie la réouverture du théâtre, pour montrer que la vie culturelle ne courbe pas l'échine devant les forces les plus obscures et les plus sanguinaires.  Et quelques heures à peine après les fusillades, les premières répliques des \"Femmes savantes\" fusent devant une salle encore plus clairsemée que la veille. Effrayé par l’actualité, le public a déserté le théâtre en dépit des critiques élogieuses. Mais pour les quelque 140 spectateurs de ce mercredi soir, peut-être assez fiers d’avoir bravé le sort, sans grand risque toutefois dans une ville où les policiers sont désormais légion, être là est un défi à relever, un défi salué par un bref discours du directeur du théâtre.\n C’est aussi que pour accéder à sa salle, il a fallu faire preuve de quelque persévérance. En début de soirée, face à la basilique royale tout illuminée sur le parvis de laquelle s’agglutine une multitude de véhicules de chaînes télévisées accourues du monde entier, la rue de la République jusque là quasi-déserte, où toutes les boutiques ont baissé leur rideau de fer, la rue de la République donc, est noire de monde à mi-parcours. C’est là que les forces de police, lourdement armées, ont établi d'infranchissables barrières de sécurité qui cernent tout un quartier et empêchent la progression vers le théâtre.  Bloquée au barrage, une jeune femme enjouée nous propose de la suivre par une voie parallèle. Alors que de loin en loin on devine d’autres barrages de police en cheminant. Quand enfin l’on arrive au théâtre, on est subitement projeté dans un autre monde, chaud, lumineux, sécurisant, où chacun semble heureux de voir arriver des spectateurs et vous reçoit en conséquence. Le directeur appellera, avant que débute la pièce, à se dresser face à l’obscurantisme et à la barbarie.  Quand s’achèvent \"Les Femmes savantes\", la ville est déserte. On aperçoit les camionnettes des chaînes télévisées regagner Paris, les derniers journalistes plier bagages. Mais là-bas, tout près, la police est toujours sur le pied de guerre. Raphaël de Gubernatis Raphaël de Gubernatis Journaliste "}