{"title": "attentat déjoué : qui est sid ahmed ghlam, l'étudiant suspecté de terrorisme ?", "newspaper": "NouvelObservateur", "author": ["L'Obs avec AFP"], "date_publi": "2015-04-22", "theme": "Société", "content": "Un étudiant \"féru d'informatique\", actif sur les réseaux sociaux où il manifestait son attrait pour les terres de djihad : Sid Ahmed Ghlam était discret pour son voisinage, jusqu'à son arrestation dimanche 19 avril par la police, qui le soupçonne d'avoir planifié un attentat contre des églises et d'être lié à au meurtre d'une jeune femme. Ce boursier Algérien de 24 ans, qui étudie l'informatique, résidait dans la chambre 310, aujourd'hui sous scellés, d'un foyer étudiant ultra-moderne du 13e arrondissement de Paris, à quelques pas de là où il a été arrêté dimanche matin, blessé à une jambe.  Sid Ahmed Ghlam a partagé son adolescence entre la France et l'Algérie. Il arrive en 2001 à Saint-Dizier, où, avec sa mère, il rejoint son père. En 2003, sans papiers, il doit repartir en Algérie mais après son bac, il revient en France à l'âge de 19 ans pour faire des études d'électronique à Reims et à Paris.\nC'est la première fois qu'on entend parler de lui depuis qu'il a pris l'appartement, il n'y a eu aucun signalement, il payait son loyer normalement, dans les 200 euros par mois\", décrit une porte-parole du Crous, Constance Blanchard.\n Elle évoque une \"situation pas évidente\" pour les 70 étudiants et le personnel de cette résidence étudiante jaune et grise aux balcons orange, rue Julie-Victoire Daubié, dans un quartier entièrement rénové. \"Je suis un peu choqué d'apprendre ça comme ça\", témoigne un de ses voisins, Léo Coeur, étudiant de 18 ans en philosophie à Paris 1, qui a observé le déploiement policier dimanche. \"Je suis inquiet\", \"j'ai peur qu'il se passe quelque chose dans une fac parisienne\", soupire-t-il.  Dans la chambre 310, outre un arsenal d'armes et des documents établissant qu'il avait planifié, selon le gouvernement, un attentat \"imminent\" contre \"une ou deux églises\", les enquêteurs ont trouvé des éléments témoignant d'une préparation minutieuse. Il semble ainsi avoir chronométré le temps que mettraient les policiers à intervenir, selon les premiers éléments de l'enquête. Une préparation qui contraste avec les conditions de son arrestation, qui semblent montrer plutôt un certain amateurisme. C'est dans cette résidence étudiante du 13eme ard de #Paris où le présumé terroriste habitait. #attentat pic.twitter.com/o89qkFubO6 Sid Ahmed Ghlam avait exprimé sur Facebook, \"comme des dizaines voire centaines d'autres, son envie de partir en Syrie\" pour y mener le djihad, rapporte une source policière. Il était d'ailleurs connu des services de renseignement et faisait l'objet d'une \"fiche S\" de la direction générale de la sécurité intérieure (DGSI), qui implique une surveillance discrète au nom de la sûreté de l'Etat. Plusieurs membres de son entourage semblent aussi avoir basculé dans l'islam radical. Mais les \"vérifications sur l'environnement\" de l'étudiant réalisées en 2014 et 2015 n'ont pas révélé d'éléments justifiant une enquête judiciaire, assure le gouvernement. Or ce jeune célibataire sans enfant était \"en contact avec une autre personne pouvant se trouver en Syrie\", et qui lui aurait demandé de \"cibler particulièrement une église\", selon le procureur de Paris François Molins. Son casier judiciaire ne fait état d'\"aucune condamnation\", a-t-il précisé. Son nom figurait dans une seule procédure pour des faits de violence volontaires en août 2013, classée sans suite en raison du retrait de plainte de la victime. Après des \"déclarations fantaisistes\" lors de sa garde à vue, il s'est \"enfermé dans un mutisme complet\", a dit le procureur. A Saint-Dizier (Haute-Marne) où vit la famille, des opérations de police se sont déroulées dans la partie pavillonnaire du Vert-Bois, un quartier propret et arboré, avec des maisons d'un étage collées les unes aux autres. Mercredi matin, les policiers de la Brigade de recherches et d'intervention (BRI) ont arrêté sa compagne, habillée d'une burqa et vraisemblablement convertie à l'islam, selon des sources proches de l'enquête. Elle résidait depuis six ou sept mois dans un petit pavillon loué dans le quartier avec deux enfants en bas âge, les volets toujours fermés. Sid Ahmed Ghlam y venait le week-end. La femme de 25 ans est \"extrêmement discrète, ne faisant pas d'histoire\", on ne la voyait \"que lorsqu'elle allait chercher ses enfants à l'école\", selon une voisine. C'était la seule femme à porter la burqa dans le quartier, ajoute-t-on dans le voisinage. \"Elle n'a pas de petit ami\" et \"s'est convertie il y a environ deux ans à l'islam\", qu'elle pratique \"à fond et ne parle pas de terrorisme\", confie Angélique, soeur de la jeune femme interpellée. A ce stade, son lien précis avec le suspect n'est pas clair. L'Obs avec AFP Journaliste "}