{"title": "\"c’était un peu '15 minutes pour nous convaincre de voter blanc'\"", "newspaper": "NouvelObservateur", "author": ["Emilie Brouze, Audrey Cerdan, Nolwenn Le Blevennec, Rémi Noyon"], "date_publi": "2017-04-21", "theme": "Présidentielle 2017", "content": "Depuis le mois de février, Corinne, Léa, Guillaume et Henry vous parlent chaque semaine de leurs doutes quant à cette campagne dans une conversation Messenger. Comme beaucoup d'entre nous, ils hésitent sur leur vote de dimanche. Nous leur avons demandé ce qu'ils ont pensé de la soirée télé de ce jeudi soir (\"15 minutes pour convaincre\", sur France 2) qui a vu défiler les onze candidats au moment où un attentat ensanglantait les Champs-Elysées.   Léa, 25 ans, en recherche d'emploi en Dordogne (elle hésite maintenant entre Macron et Mélenchon) : \"J'ai lutté pour ne pas m'endormir. Il n'y a rien eu d'exceptionnel. Macron était flou. Lassalle parlait pour ne rien dire. Dupont-Aignan a fait son Calimero. Arthaud était agressive. Le Pen répétait en boucle 'Europe, Europe, immigration'. Et Benoît Hamon, j'avoue, je ne l'ai pas écouté, j'ai fait autre chose.\"\n Henry, 27 ans, community manager à Paris (après avoir hésité à voter blanc, il votera sûrement Fillon) : \"Ce débat ne m'a pas intéressé. Il y avait le foot sur W9, il se passait des trucs plus spectaculaires. Et je faisais des gâteaux parce qu'il y a un pot au bureau tout à l'heure. C'était un peu '15 minutes pour convaincre d'aller voter blanc'. J'ai franchement hâte que ça se termine.\" Guillaume, 33 ans, en recherche d'emploi à La Rochelle (il aime bien Hamon mais pense voter Mélenchon) : \"Je n'avais pas particulièrement prévu de regarder l'émission et puis j'ai finalement allumé la télé. J'ai loupé Mélenchon. Et j'ai coupé après Macron. C'était plus ou moins la même chose que d'habitude.\" Corinne, 44 ans, manageuse d'un salon de coiffure dans le Gard (elle a beaucoup hésité mais pense finalement voter Macron) : \"Je préfère vraiment les débats. Là, ils ont répété des choses qu'on avait déjà entendues. A part Nicolas Dupont-Aignan avec son échange SMS. Les trucs salaces comme ça, je pense qu'il a raison d'en parler, il faut que ça sorte. Mais bon, je regardais autre chose en même temps sur YouTube.\" Corinne : \"Cette émission m'a confortée dans mon choix. Je pense que je vais voter Macron. Je l'ai trouvé présidentiable hier : il a appris par rapport au début. Auparavant, je trouvais qu'il faisait acteur, qu'il travaillait trop ses postures. Là, il prend de la stature, un peu d'ampleur.\" Léa : \"Le seul que j'ai bien aimé, c'est Mélenchon. On a envie d'y croire. Son plan sur l'Europe - faire pression pour modifier les traités - me paraît plus intelligent que ceux qui veulent purement et simplement sortir de l'Union. L'idée de donner de l'argent aux petites personnes pour qu'elles consomment et que l'Etat fasse du chiffre d'affaires, ça pourrait marcher.\" Henry : \"J'ai trouvé que Fillon en faisait beaucoup sur le terrorisme islamiste, que ça tendait à le caricaturer. Finalement, pour ceux qui suivent sa campagne de loin, les deux sujets qui ressortent sont la dette et la lutte contre le terrorisme. C'est dommage parce qu'il est aussi compétent sur d'autres sujets.\" Corinne : \"Ils ont tous accusé le coup de façon assez digne. Mais j'ai trouvé Macron particulièrement calme, présidentiel dans sa réaction. Le Pen s'en est très bien sortie. Avant l'attentat, elle était sur ses vieilles ficelles, dure sur le terrorisme et les fichés S. Dans sa conclusion, elle était plus tempérée, dans la retenue, presque touchante. Le fait de ne pas avoir fait un tapage était malin.\" Guillaume : \"Je me demande à qui va profiter le crime. Marine Le Pen, sans doute, qui va grimper de un ou deux points. Je ne veux pas développer de théories complotistes mais, à trois jours du scrutin, je trouve ça bizarre. Il y a 10% de moi qui se questionne. Mais ça ne change rien à mon vote. La relance économique et l'emploi sont les thèmes qui m'intéressent, plus que la sécurité. Heureusement que Le Pen ne l'a pas appris sur le plateau, ça aurait été un boulevard pour elle. Elle avait dit en meeting un truc super démago et populiste : 'Avec moi, il n'y aurait pas eu d'attentats'. Elle veut faire quoi ? Mettre un flic derrière tous les Français ?\" Léa : \"Pour moi les attentats vont profiter à Marine Le Pen. Elle raconte qu'elle expulsera les étrangers fichés S et voilà que l'on entend qu'il y a une attaque à Paris... Cela dit, en y réfléchissant, je ne suis pas sûre que ça change grand-chose : on s'est habitué au terrorisme.\" Henry : \"Je trouve que la polémique sur l'allusion par Fillon à la grossesse de Léa Salamé est un peu ridicule. Ça partait d'un bon sentiment. On en rajoute quand même beaucoup sur Fillon. On lui reproche presque de mettre le lait avant les céréales.\" Guillaume : \"Quand Poutou a été questionné sur le désarmement des policiers. Je ne pense pas que ce soit une solution. C'est un peu trop Bisounours, pour le coup. Même sans attentats, ils en ont besoin pour faire face à la grande délinquance. Il faut une police armée, sinon ce serait la chienlit. Je ne suis pas pour la désarmer, même si je suis de gauche et que je n'ai pas été content de voir les gamins se faire taper dessus pendant la loi travail.\" Léa : \"Nicolas Dupont-Aignan a lu des SMS, supposément envoyés par un industriel patron de journal, pour montrer qu'il était victime de censure. C'est sûrement vrai et c'est dégueulasse, mais bon, plus rien ne m'étonne. Après, il a montré toutes les unes de magazines sur Macron. Il dit que les journaux sont pro-Macron. C'est sûrement vrai, j'en sais rien, je ne lis pas les journaux.\" Corinne : \"J'ai été frappée de voir à quel point Fillon jouait constamment sur la peur. La peur de la faillite, la peur du terrorisme, la peur de la guerre… Il a cette posture de sérieux, les gens écoutent. Mais je ne supporte plus ceux qui défendent Fillon. Le mec nous donne des leçons d'économie alors que, de son propre aveu, il n'arrive pas à mettre de l'argent de côté… J'en reviens pas.\" Guillaume : \"J'ai hâte d'être à dimanche soir pour qu'on sache enfin... ça devient long cette campagne.\" Léa : \"J'hésiterai jusqu'au dernier moment entre un vote Mélenchon et un vote 'utile' pour Macron. Tout dépendra des sondages. Ça ne devrait pas exister les sondages... Je ne veux pas d'un deuxième tour Fillon - Le Pen. Et pourtant ! J'ai répondu à un test en ligne et il paraît que je suis plus proche des idées de Fillon. Mais il a trop d'affaires. Au final, cette campagne me laisse l'impression d'un moment étrange qui a mis en lumière les magouilles politiques.\" Corinne : \"Ces dernières semaines j'ai eu envie de voter Mélenchon : j'étais séduite par l'orateur, par son discours assez cash. Du coup je me suis renseignée sur le fond, et j'ai pris un peu peur. Je ne veux pas que les riches partent : ils font tourner notre économie, je n'ai rien contre les gens qui réussissent. Et ma peur de Fillon et de Le Pen n'a fait que grandir. Ce sera donc Macron. Sans grande conviction, hein. Même si je dois quand même avouer que je suis contente de voter pour quelqu'un de jeune. Ça fait du bien.\" Henry :  \"Je me dis que je vais voter pour Fillon à 99% et que si j'ai un coup de folie, je voterai Lassalle pour la farce, pour le geste, parce que le type est sympa.\" Emilie Brouze, Audrey Cerdan, Nolwenn Le Blevennec, Rémi Noyon Journaliste "}