{"title": "opération antiterroriste à strasbourg et marseille : 7 hommes interpellés", "newspaper": "NouvelObservateur", "author": ["Virginie Grolleau"], "date_publi": "2016-11-21", "theme": "Société", "content": "Au terme de huit mois d'enquête, sept hommes ont été arrêtés dans la nuit de samedi à dimanche par des policiers de la Direction générale de la sécurité intérieure (DGSI), à Strasbourg et à Marseille, dans le cadre d'une enquête antiterroriste.  Selon nos informations, deux d'entre elles l'ont été à Marseille dans la journée de dimanche. Il s’agit d’un homme radicalisé connu des services de police et d'un de ses complices. Tous deux sont en lien avec les personnes interpellées à Strasbourg et font partie d'un même commando. Les quatre personnes interpellées à Strasbourg étaient toujours en garde à vue dimanche soir. \"Des éléments sérieux rendaient nécessaires ces interpellations\", précise une source proche de l'enquête à l'AFP.   Le ministre de l'Intérieur Bernard Cazeneuve a indiqué que les \"sept individus âgés de 29 à 37 ans\" sont de nationalités \"française, marocaine et afghane\". Six étaient inconnues des services de renseignement et un Marocain avait été signalé par un pays partenaire. Ils envisageaient de mener \"une attaque coordonnée\" visant \"plusieurs sites\".\n Le ministre a dressé le bilan : depuis le début de l'année, 418 interpellations pour délits liés au terrorisme ont eu lieu en France, dont 143 depuis le 1er septembre. Parmi elles, 52 personnes ont été écrouées et 21 placées sous contrôle judiciaire. Depuis le début du mois de novembre, 43 interpellations ont eu lieu, conduisant à déférer 28 personnes devant la Justice. \"Ces interpellations ont souvent représenté autant d’attentats et de drames évités\", a souligné le ministre.  Cinq hommes, présentés comme les financiers du commando, avaient été arrêtés par les policiers de la DGSI, et deux incarcérés, le 14 juin dernier, a confirmé Bernard Cazeneuve. Selon ITélé, les enquêteurs de la DGSI pensent qu’au moins trois de ces hommes voulaient frapper la France, notamment pendant l’Euro. Ces interpellations ont pu, selon une source proche de l’enquête, déstabiliser le commando susceptible de frapper pendant la compétition de football. Ces hommes avaient contacté des crédits à la consommation pour financer l’achat d’armes de guerre. Depuis, les policiers cherchaient à identifier le noyau dur du commando.  Les personnes arrêtées attendaient une livraison d'armes. Bernard Cazeneuve a indiqué qu'un attentat était \"imminent\" mais que les \"cibles n'avaient pas été identifiées\". L'enquête, conduite sous l'autorité du procureur de la République de Paris, François Molins, \"s'attachera à définir les rôles respectifs des personnes interpellées et établir si l'attentat ainsi déjoué était une attaque coordonnée visant à frapper simultanément plusieurs sites sur le territoire\". Saluant le travail \"de ces hommes et ses femmes de l'ombre\", le ministre de l'Intérieur a martelé que \"tous les moyens\" étaient mis en oeuvre, en termes budgétaires, d'effectifs et d'équipements, pour lutter contre le terrorisme, grâce à la mobilisation notamment des services de renseignement et de lutte contre le trafic d'armes, et la coopération avec les autres pays, notamment européens. Les arrestations de Strasbourg ont été conduites dans le cadre d'une enquête préliminaire ouverte il y a quelques jours au parquet antiterroriste. Elles surviennent moins d'une semaine avant l'ouverture, prévue vendredi, de la 446e édition du célèbre marché de Noël, qui attire chaque année une foule d'environ 2 millions de personnes dans les rues de la capitale alsacienne et doit se dérouler du 25 novembre au 24 décembre 2016. Première photo du sapin de #Noël Place Kléber avec une partie de ses décorations 2016 ;) ???? pic.twitter.com/yJDeAidzmz Le préfet d'Alsace, Stéphane Fratacci, a d'ailleurs précisé récemment qu'\"en cas d'informations précises et circonstanciées\" sur des menaces terroristes, le marché de Noël pourrait être \"suspendu ou annulé\". Interrogé par France 3 Alsace, Alain Fontanel, premier adjoint (PS) au maire de Strasbourg, avait souligné les conditions d’organisation et de sécurité autour du marché, en supprimant notamment tout stationnement dans le centre-ville et en attendant le concours de 300 CRS en plus des 150 policiers municipaux mobilisés. Interrogé par France Bleu, Robert Herrmann, président de l'Eurométropole, a indiqué hier soir que rien n'indique que les interpellations soient liées au marché de Noël\", \"même si l'état de la menace sur Strasbourg est réel\".  En 2000, le marché de Noël de Strasbourg avait fait l'objet d'un projet d'attentat à la bombe, qui aurait visé notamment la cathédrale. En mai 2014, une filière djihadiste avait été démantelée, avec l'interpellation de sept Alsaciens, qui s'étaient rendus en Syrie entre décembre 2013 et avril 2014. Ils ont été condamnés en juillet à Paris à des peines de six à neuf ans de prison ferme. La peine la plus lourde a été prononcée contre Karim Mohamed-Aggad dont le frère Foued, qui était du voyage en Syrie, a été identifié comme l'un des kamikazes du Bataclan lors des attentats du 13 novembre 2015. Virginie Grolleau Journaliste "}