{"title": "en direct. attentat à barcelone : la police abat 4 terroristes présumés à cambrils", "newspaper": "NouvelObservateur", "author": ["L'Obs"], "date_publi": "2017-08-17", "theme": "Monde", "content": "Une camionnette a foncé dans la foule ce jeudi 17 août après-midi sur les Ramblas, l'avenue la plus touristique de Barcelone, faisant au moins 13 morts et plus de 100 blessés, selon les chiffres provisoires communiqués par la police. Le véhicule a effectué \"des zigzags pour atteindre un maximum de piétons\", selon des témoins, qui racontent des scènes de panique. L'attaque a été revendiquée par le groupe Etat islamique.    Deux hommes ont été arrêtés. Le conducteur de la fourgonnette est lui toujours en fuite.\n Une autre attaque aurait également été déjouée à Cambrils, au sud de Barcelone. Quatre terroristes présumés ont été abattus, un blessé et arrêté.   3h20 - Six civils et un policier dans l'opération policière à Cambrils La situation est sous contrôle, indique la police catalane. Des équipes de déminage vérifient que les terroristes présumés ne portaient pas de ceintures d'explosifs. 2h10 - La police abat \"quatre terroristes présumés\" au sud de Barcelone Elle ajoute qu'un cinquième est blessé et arrêté et recommande aux habitants de rester à l'abri. Dans des vidéos amateur mise sen ligne par des médias locaux, on peut entendre plusieurs tirs d'armes à feu au milieu des sirènes de police. Police operation in #Cambrils for possible terrorist attack. If you are now in #Cambrils avoid going out. Stay home, stay safe La police régionale de Catalogne avait annoncé qu'une opération était en cours pour déjouer un \"possible attentat terroriste\" à Cambrils, station balnéaire à 120 km au sud-ouest de Barcelone. \"Opération policière en cours à Cambrils pour un possible attentat terroriste. Si vous êtes à Cambrils, ne sortez pas\", tweetait la police catalane, alors que le conducteur de la camionnette qui a foncé dans la foule à Barcelone jeudi après-midi est toujours en fuite. 23h35 - L'attentat de Barcelone serait lié à l'explosion d'un logement qui a fait deux morts, selon la police 23h30. Le conducteur est toujours en fuite D'après les autorités citées par l'AFP, les suspects arrêtés sont un Espagnol et un Marocain. Le conducteur de la fourgonnette, lui, est toujours en fuite. Selon la police catalane, les deux personnes arrêtées sont reliées à l'attentat, mais aucune des deux n'est le conducteur. The two detainees are related to the attack in #Barcelona, but they are not the driver of the van #MajorTrapero #barcelonaattack 22h40. Retrouvez les réactions politiques à l'attentat de Barcelone Dont celle, opportuniste, de Nicolas Dupont-Aignan :   22h30. Doutes sur l'identité d'un suspect D'après le principal syndicat de police espagnol, le SUP, un suspect aurait été identifié sous le nom de Driss Oukabir. Mais la prudence s'impose car aucune source officielle n'a confirmé, tandis que des médias espagnols démentent. Une page Facebook à ce nom était devenue inaccessible vers 20 heures. C'est à son nom qu'aurait été louée la camionnette utilisée pour foncer sur la foule. Cette Fiat de couleur blanche aurait été louée à Santa Perpetua de la Mogoda, à 25 km au nord de Barcelone, selon la RTVE (radiotélévision espagnole) qui cite des sources policières. Un témoin interrogé par la télévision espagnole TVE a dit avoir vu un suspect au moment de l'attentat. \"Il a une vingtaine d'années, il est très jeune, les cheveux foncés et un visage fin\", a-t-il dit. 22h20. Une minute de silence vendredi à midi La maire de Barcelone, Ada Colau, indique qu'une minute de silence sera observée ce vendredi midi en témoignage de solidarité avec les victimes et leurs familles. Une minute de silence sera aussi observée avant le début des matchs de la première journée de la Liga. 22h00. Comment donner son sang quand on est touriste à Barcelone ? Les hôpitaux et les autorités sanitaires de la ville signalent que des réserves de sang existent mais que tout don est le bienvenu, \"pour pallier de possibles pénuries\". Sur son compte Twitter @donarsang, la banque de sang catalane indique que les principaux hôpitaux de Catalogne sont ouverts pour recevoir des dons. L'état des réserves A+, A-, O+, O- et autres groupes sanguins peut être consulté en direct sur le site donarsang.gencat.cat, de même que la liste des points de collecte. Pour Barcelone, il s'agit de l'établissement Unitat Mòbil, situé au 39 Portal de l'Angel. 21h40. Un homme tente d'échapper à un contrôle policier Deux policiers ont été renversés dans la soirée lors d'un contrôle à la sortie de Barcelone, sans que l'on sache si l'incident était lié à l'attentat. Leur vie n'est pas en danger. Le véhicule a été localisé à Sant Just Desvern, dans la banlieue ouest de Barcelone. Un dispositif de déminage a été activé, selon les Mossos d'Esquadra, la police de Catalogne. 19:24 Un conductor ha atropellat a 2 mossos en un control d tancament d #Barcelona i el tenim localitzat a St Just Desvern.TEDAX comprovant pic.twitter.com/Tttcbk0AOC 21h30. Daech revendique l'attentat Daech revendique l'attentat et présente ses auteurs comme des \"soldats de l'Etat islamique\", annonce Site, média spécialisé sur l'activité des groupes terroristes (Isis est l'acronyme de Daech en anglais). Le message a été diffusé par son organe de presse Amaq. \"L'opération a été menée en réponse aux appels à cibler les Etats de la coalition\" internationale antijihadistes opérant en Syrie et en Irak, indique le communiqué. L'Espagne a déployé 300 soldats instructeurs en Irak en 2014. BREAKING: 'Amaq News Agency reported #ISIS responsibility for #Barcelona attack #Spain pic.twitter.com/W8FFz7qBz6 21h20. Un Belge parmi les morts Un ressortissant belge compte parmi les victimes de l'attaque, selon Didier Reynders, le ministre des Affaires Etrangères de Belgique.  21h15. Une deuxième arrestation Une deuxième personne a été arrêtée, annonce le président de la région Catalogne, sans plus de précision. On ignore si le conducteur de la fourgonnette est l'un des deux hommes. 20h50. Les ambulances toujours en action La nuit tombe sur Barcelone, où les ambulances sont toujours à l'œuvre en bas des Ramblas. Les hôpitaux de la ville ont lancé un appel à la population pour qu'elle donne son sang. 20h45. Le roi condamne l'attaque : \"Ils ne nous terroriseront pas\" \"Ils ne nous terroriseront pas. Toute l'Espagne est Barcelone. Les Ramblas appartiendront de nouveau à tous\", a écrit le palais royal de Felipe VI. \"Les terroristes ne vaincront jamais un peuple uni qui aime la liberté face à la barbarie\", a tweeté pour sa part le président du gouvernement, Mariano Rajoy. 20h25. Le bilan s'alourdit. D'après le gouvernement catalan, 13 personnes sont mortes et plus de 100 blessées.  \"Nous pouvons confirmer qu'il y a 13 morts et plus de 100 blessés\", écrit Joaquim Forn, le responsable de l'Intérieur du gouvernement régional catalan, sur Twitter. La meva més rotunda condemna a l'atemptat terrorista de Barcelona. Podem confirmar 13 morts i més de 50 ferits. @mossos @solercampins pic.twitter.com/va0IlQejb0 20h15. Un homme a été arrêté, pas de suspect retranché La police régionale de Catalogne (nord-est de l'Espagne) a annoncé l'arrestation d'un homme. \"Nous avons arrêté un homme et nous traitons cela comme une attaque terroriste\", annoncent les Mossos d'Esquadra ajoutant qu'il n'y avait \"aucune personne retranchée dans un bar du centre de Barcelone\", contrairement à ce qu'avaient avancé plus tôt des sources policières. 20h10. Donald Trump condamne \"l'attaque terroriste\" de Barcelone Le président américain promet l'aide des Etats-Unis aux autorités espagnoles. \"Les Etats-Unis condamnent l'attaque terroriste de Barcelone, en Espagne, et feront tout ce qui est nécessaire pour aider\", indique Donald Trump sur Twitter. \"Soyez courageux et forts, nous vous aimons!\" The United States condemns the terror attack in Barcelona, Spain, and will do whatever is necessary to help. Be tough & strong, we love you! 20h00. Le président français Emmanuel Macron exprime \"la solidarité de la France\" après une \"tragique attaque\"  Toutes mes pensées et la solidarité de la France pour les victimes de la tragique attaque à #Barcelone. Nous restons unis et déterminés. 19h55. \"La camionnette est passée sur des gens alors qu'ils traversaient au passage clouté\", raconte un témoin cité par \"El Pais\".  19h40. Christian Estrosi, maire LR de Nice : \"Effroi après l'attaque terroriste à Barcelone. La ville de Nice est solidaire des Barcelonais. Soutien aux victimes de cette attaque ignoble\".  Effroi après l'attaque terroriste à #Barcelone. @villedenice est solidaire des Barcelonais. Soutien aux victimes de cette attaque ignoble. 19h37. Washington propose son assistance aux autorités espagnoles Le secrétaire d'Etat américain Rex Tillerson a assuré que les Etats-Unis étaient \"prêts à assister\" les autorités espagnoles après l'attentat qui a frappé jeudi Barcelone. \"Les terroristes à travers le monde doivent savoir que les Etats-Unis et leurs alliés sont déterminés à les trouver et les traduire en justice\", a-t-il dit lors d'une conférence de presse avec son homologue japonais Taro Kono et les ministres de la Défense des deux pays. 19h35. \"On est enfermés à l'intérieur\" Hamid Houat, touriste français à Barcelone, raconte sur CNews la situation chaotique : #Barcelone : \"On a entendu des hurlements, des gens qui se jetaient à gauche à droite\" raconte un témoin de l'attaque pic.twitter.com/lLxOM5MyiY 19h30. Au moins 1 mort confirmé et 32 blessés, dont 10 graves. Une personne au moins a été tuée, et 32 blessées, dont 10 gravement, quand une camionnette a foncé dans la foule jeudi en fin d'après-midi à Barcelone, ont annoncé les autorités. Un bilan inférieur à ceux communiqués par de nombreux médias. Le bilan est \"d'une morte et 32 blessés dont plusieurs graves\", a annoncé à la presse le responsable de l'Intérieur du gouvernement catalan, Joaquim Forn, ajoutant que le bilan pourrait s'aggraver. La police catalane a précisé dans un tweet que dix des blessés étaient dans un état grave. L'administration régionale avait fait état peu avant d'au moins deux morts. Des médias locaux avait également évoqué le chiffre de treize victimes peu avant. De l'aveu du ministre de l'Intérieur régional, ce bilan devrait s'alourdir \"très probablement\" compte tenu des \"blessures très graves\" constatées chez de nombreux personnes touchées par la camionnette.  19h15. \"Des zigzags pour atteindre un maximum de piétons\" Un autre Français témoigne au téléphone sur BFMTV : Attaque à #Barcelone: \"La fourgonnette réalisait des zigzags pour atteindre un maximum de piétons\", raconte un témoin pic.twitter.com/2jeieE1gsb 19h15. La police catalane recommande aux habitants de Barcelone de ne sortir de leur domicile qu'en cas de \"nécessité\"  19h10. \"Très probable\" que le bilan augmente Selon Joaquim Forn, l'équivalent du ministre de l'Intérieur de la région de Catalogne, le bilan devrait \"très probablement\" s'alourdir compte tenu du nombre de personnes blessées \"très gravement\". 19h10. Un vacancier français témoin de l'attaque raconte la scène au \"Télégramme\" : 19h05. Un suspect est toujours retranché dans un bar, non loin des Ramblas \"Un des agresseurs s'est retranché dans un bar\", a indiqué une source policière. Deux personnes au moins sont recherchées, a-t-elle également ajouté. 19h02. On s'est réfugiés dans une boutique\" Sur \"RTL\", témoignage de Michael, un Français qui a pu se retrancher dans un magasin : 19 heures. Le FC Barcelone fait part de sa solidarité avec les victimes de l'attentat Con el corazón encogido por el ataque a nuestra ciudad. Toda la fuerza y estima para las víctimas, sus familiares y ciudadanos de Barcelona 19 heures. Les autorités espagnoles recherchent un homme d'environ 1m70 et portant un t-shirt blanc à rayures bleues, indique \"El Mundo\". 18H55. Un passeport espagnol aurait été retrouvé à l'intérieur de la camionnette  Selon \"El Pais\", les policiers ont retrouvé un passeport espagnol à l'intérieur de la camionnette qui a servi à l'attaque terroriste.  18h50. Les médias espagnols indiquent que le bilan ferait désormais état de 13 morts \"El Pais\" et plusieurs médias locaux rapportent de sources policières que le bilan pourrait être d'au moins 13 morts. 18h35. \"La priorité : soigner les blessés des Ramblas\", dit le président du gouvernement espagnol Mariano Rajoy En contacto con todas las administraciones. Prioridad: atender heridos en Las Ramblas y facilitar la labor de las Fuerzas de Seguridad. MR Le chef du gouvernement espagnol Mariano Rajoy a fait savoir qu'il était en contact avec tous les services. \"La priorité : soigner les blessés des Ramblas et faciliter le travail des forces de sécurité\". 18H30. L'administration régionale fait état d'un premier bilan officiel d'au moins deux morts 18h15. Les médias espagnols rapportent que deux hommes armés sont retranchés dans un restaurant.  Selon le quotidien espagnol \"El Mundo\" et \"El Periodico\", deux hommes armés seraient actuellement retranchés dans un restaurant du centre de Barcelone. Des unités spéciales de la police se seraient déployées autour de l'établissement en vue d'un éventuel assaut. 18h05. La Plaza Catalunya évacuée par la police La police a annoncé jeudi par mégaphones qu'une \"attaque terroriste\" était \"confirmée\", après qu'une camionnette a percuté la foule sur l'avenue la plus touristique de Barcelone, faisant plusieurs blessés, selon un premier bilan provisoire. Les policiers étaient en train d'évacuer la grande place voisine Plaza Catalunya, et les alentours sur un périmètre de 200 mètres. 17h55. Une vidéo montre le camion qui aurait servi à mener l'attaque terroriste immobilisé au niveau de la mosaïque de Juan Miro sur les Ramblas. Ramblas pic.twitter.com/9EQaCCog42 17h45. La police confirme qu'il s'agit d'une \"attaque terroriste\". 17h40. \"Les gens se sont mis à hurler, alors je suis sortie sur la terrasse\", témoigne une touriste mexicaine sur Franceinfo. 17h35. Un cordon de sécurité ferme la zone  La zone a été fermée par un cordon de sécurité et cinq ambulances et une vingtaine de voitures de police se trouvent sur place, a constaté le correspondant de l'AFP. 17h30. La police de Barcelone demande aux habitants d'éviter la zone des Ramblas pour ne pas gêner les opérations de secours Eviteu la zona de les Rambles per tal de no obstaculitzar les tasques dels serveis d'emergències. Seguiu només informació de fonts oficials La Protection civile a également demandé la fermeture des stations de métro et de train situées dans la zone des Ramblas. L'Obs "}