{"title": "attentat de londres : \"frapper westminster, c'est un triple symbole\"", "newspaper": "NouvelObservateur", "author": ["L'Obs"], "date_publi": "2017-03-23", "theme": "Terrorisme", "content": "Londres a été à son tour meurtri par un attentat revendiqué par Daech. L'attaque est survenue mercredi 22 mars sur le pont de Westminster et devant le Parlement. Quatre morts, dont l'assaillant, et une quarantaine de blessés sont à déplorer. L'auteur de l'attentat, Khalid Masood, 52 ans, est né en Angleterre. Il \"ne faisait l'objet d'aucune enquête en cours\" mais avait été inculpé à plusieurs reprises pour \"possessions d'armes\", a précisé la police. Alain Rodier, directeur chargé du terrorisme et de la criminalité au Centre français sur le renseignement (CF2R), explique à \"l'Obs\" pourquoi le pays, moins souvent visé que la France par des attaques de Daech, est malgré tout une cible de choix des terroristes.  Pourquoi Londres est-il devenu une cible de Daech ?\n Londres et plus largement la Grande-Bretagne est une cible parmi d'autres pour Daech car dès la création du mouvement, le défunt Abou Mohammed al-Adnani, porte-parole et chef des opérations extérieures, avait déclaré que tous les pays participant à la coalition devaient être attaqués sur leurs sols. Ces menaces ont été réitérées à plusieurs occasions. Les Britanniques, comme les Français, les Américains ou les Saoudiens sont donc des cibles directes. Cet attentat est le premier revendiqué par Daech sur le sol de la Grande-Bretagne. Pourquoi frapper maintenant ? A vrai dire, il y a déjà eu deux attaques, en 2013 et 2015, qui n'ont pas été revendiquées pour deux raisons. D'une part, Daech n'existe officiellement que depuis l'été 2014, ce qui explique l'absence de revendication en 2013. D'autre part, il faut savoir que l'Etat islamique revendique une action uniquement si l'individu a laissé une trace de son allégeance au chef Abou Bakr al-Baghdadi. S'il n'y a pas cette allégeance, ils ne prennent pas en compte l'opération. Il est probable que l'individu ayant mené l'action de Londres ait laissé quelque part une allégeance à Daech, ce qui n'était probablement pas le cas en 2015. La menace terroriste est aussi très forte en Grande-Bretagne, les Britanniques étaient au niveau 4 sur 5. Les chefs des renseignements intérieur et extérieur avaient fait savoir l'année dernière que la menace était même imminente. Ils étaient prévenus qu'il allait se passer quelque chose. Vous remarquerez qu'ils ont immédiatement suivi les Américains dans leur décision d'interdire de transporter des ordinateurs ou tablettes dans les avions. Quand on fait des alertes de ce type, c'est que l'on possède des renseignements recoupés et concordants qui montrent une menace. La date du 22 mars - un an, jour pour jour, après les attentats de Bruxelles - n'a sans doute pas non plus été choisie par hasard ?  Les analystes sont partagés sur ce sujet : certains estiment que ce n'est pas un facteur à prendre en compte puisque selon la doctrine de l'islam, qui est la base de l'idéologie de Daech, les musulmans n'ont pas le même calendrier. A titre personnel, je pense tout de même que pour un individu voulant mener une action de ce type, une date anniversaire d'un attentat peut être une des raisons de passer à l'action. Cela permet d'avoir un impact encore plus fort.   Le choix du lieu de l'attaque est lui aussi très symbolique…  Tout à fait, c'est un triple symbole. D'abord, un signe touristique car c'est un lieu phare pour les étrangers, ce que l'on a pu constater avec les lycéens français présents à ce moment-là. C'est aussi un symbole politique, attaquer le parlement d'un gouvernement impie est significatif. Enfin, cet attentat a été mené au pied du Big Ben qui représente la Grande-Bretagne. C'est comme s'il y avait une attaque en France sous la tour Eiffel et au Parlement en même temps. Ce choix n'est pas du tout anodin, il est tout à fait volontaire. Pour tous les mouvements terroristes, c'est extrêmement important d'attaquer des lieux symboliques. Ils auront ainsi un écho encore plus retentissant dans la presse. L'objectif est de marquer un maximum les esprits. La Grande-Bretagne a tout de même été moins visée que d'autres pays comme la France, pourquoi ?  La Grande-Bretagne est une île, cela pose donc un problème pour les \"returnees\" [personnes revenant de Syrie ou d'Irak, NDLR]. C'est moins facile pour un commando de s'infiltrer, ils doivent forcément passer par des aéroports, l'Eurostar ou par bateau... et à l'arrivée il y a un contrôle. Les Britanniques sont d'autant plus protégés qu'ils ne sont pas dans l'espace Schengen, c'est encore un autre obstacle pour se rendre dans le pays. Mais, concernant l'attentat de Londres, nous ne sommes pas dans ce cas de figure : l'individu mis en cause, natif du pays, semble être une personne qui n'était pas sortie de Grande-Bretagne. Le multiculturalisme anglais était-il également visé ? Bien sûr, il ne faut pas oublier qu'un des objectifs de Daech est de monter les communautés les unes contre les autres pour attirer un maximum de personnes de la communauté musulmane dans leurs rangs. Ils espèrent, par leurs attaques, provoquer des réactions en face. Pour le moment, ils n'y sont pas arrivés en Grande-Bretagne. Il faut être très vigilant là-dessus, il ne faut absolument pas que Daech réussisse à monter les communautés les unes contre les autres, cela serait une catastrophe. Je dois souligner que, jusqu'à aujourd'hui, cet objectif a été un échec complet, il n'y a pas eu d'actions importantes anti-musulmanes, il faut s'en féliciter et surtout féliciter les populations qui ont su garder leur sang-froid et leur résilience. Ils ne sont pas tombés dans le piège tendu par Daech. Propos recueillis par Marlène Thomas L'Obs "}