{"title": "“no gun, no james bond” : ma vie d'infiltré chez les seigneurs de la drogue", "newspaper": "NouvelObservateur", "author": ["Mathieu Delahousse"], "date_publi": "2015-10-22", "theme": "L'Obs du soir", "content": "L'habit ne fait pas l'agent spécial. Pour l'étiquette, Edward Follis, 50 ans, est un vétéran américain de la brigade des stups et une pièce maîtresse de plusieurs enquêtes récentes sur des réseaux mondiaux de trafiquants de drogue. Mais il est tellement avenant qu'on laisse percevoir un moment de recul en le rencontrant pour la première fois. Roux, cheveux mi-longs et yeux noirs perçants, il ne colle pas du tout avec l'image donnée à voir dans son livre, sorti ce mercredi en version française sous le titre “Infiltré au cœur du narcoterrorisme” (1). Alors, ce 6 octobre, au bar d'un hôtel parisien, il laisse soudain s'installer un silence. Et décide de montrer ses armes. Un doigt sur sa bouche, un autre sur sa tempe et un regard planté dans le nôtre : “No gun, no James Bond, only my mouth, only my mind” (“Pas de pistolet, pas de James Bond, seulement ma bouche et mon esprit”).  En Afghanistan, Ed Follis portait en permanence un Glock 9 mm contre la hanche droite ainsi que deux couteaux. (Jean-Philippe BALTEL/Flammarion) Sa dernière mission sur le terrain lui a laissé des souvenirs plus vigoureux et de vraies armes entre les mains. C'était en Afghanistan, à partir de 2006. Follis, attaché spécial de la DEA (Drug Enforcement Administration), dirigeait une quarantaine de personnes, sans compter les policiers locaux à former, et une kyrielle d'indicateurs. “Un beau matin de juin, raconte-t-il, deux de mes indics se sont infiltrés pour ache Mathieu Delahousse Journaliste "}