{"title": "saint-etienne-du-rouvray : ouverture d'une enquête après les accusations contre les renseignements", "newspaper": "NouvelObservateur", "author": ["L'Obs"], "date_publi": "2018-01-05", "theme": "Justice", "content": "La justice s'empare de l'affaire. Le parquet de Paris a ouvert ce vendredi 5 janvier une enquête pour \"faux et d'usage de faux\" après les accusations de Mediapart selon lesquelles les renseignements auraient négligé des messages menaçants d'un auteur de l'attentat de Saint-Etienne-du-Rouvray du 26 juillet 2016. Pire, dans son article publié jeudi soir, le site assure aussi les renseignements d'avoir, après coup, postdaté des documents pour se couvrir.   Selon le site d'information, un policier de la Direction du renseignement parisien (DRPP) a rédigé une note faisant état de messages d'Adel Kermiche évoquant une \"attaque dans une église\" et mentionnant Saint-Etienne-du-Rouvray le 21 juillet, soit cinq jours avant l'assassinat du père Hamel, égorgé le 26. Mais la note n'aurait jamais été transmise à la DGSI, compétente sur la région rouennaise où se situait la menace, explique Mediapart.\n Durant l'attaque dans l'église le 26 juillet, un paroissien de 87 ans qui assistait à la messe du père Hamel a été grièvement blessé. Son Mehana Mouhou a déposé plainte, demandant \"la déclassification totale des documents classés secret défense\" comme il l'avait expliqué à \"l'Express\".  L'enquête a été confiée à l'Inspection générale de la police nationale (IGPN).  (avec AFP) L'Obs "}