{"title": "attentat déjoué, 4 personnes arrêtées à montpellier : ce que l'on sait", "newspaper": "NouvelObservateur", "author": ["Renaud Février"], "date_publi": "2017-02-10", "theme": "Terrorisme", "content": "Quatre personnes, soupçonnées de préparer un attentat en France, ont été arrêtées ce vendredi 10 février au matin à Montpellier par la Sous-Direction antiterroriste, a-t-on appris de source policière, confirmant une information de M6. Qui sont les suspects ? Pourquoi ont-ils été arrêtés ? Comment les autorités ont repéré les suspects ? Qu'ont découvert les enquêteurs lors des perquisitions ? \"L'Obs\" fait le point.  Quatre personnes, âgées de 16, 20, 26 et 33 ans, ont été arrêtées ce vendredi à Montpellier, par la Sous-Direction antiterroriste. Parmi eux, un jeune homme de 20 ans et une jeune adolescente de 16 ans, qui était surveillée par la police.\n L'adolescente de 16 ans avait prêté allégeance au groupe Etat islamique dans une vidéo, ont indiqué à l'AFP des sources proches de l'enquête. Elle avait diffusé la vidéo sur les réseaux sociaux le 8 février. \"Les enquêteurs pensent qu'un passage à l'acte était prévu, mais on ne sait pas où et comment\", a rapidement expliqué une source proche du dossier. \"La volonté de passer à l'acte et de confectionner plusieurs engins explosifs semble matérialisée\", a précisé une source policière, se félicitant d'un \"projet d'attentat déjoué\". Le coup de filet \"a permis de déjouer un projet d'attentat imminent sur le sol français\", a confirmé le ministre de l'Intérieur, Bruno Le Roux. L'opération des policiers antiterroristes a permis \"l'interpellation de quatre individus, dont trois directement suspectés de préparer une action violente sur notre territoire\", à Montpellier, Clapiers et Marseillan, a détaillé le ministre dans un communiqué. Le Premier ministre Bernard Cazeneuve a rappelé de son côté que le \"niveau de menace terroriste extrêmement élevé\" dans le pays, après cette opération qui a permis de déjouer \"un projet d'attentat imminent\". \"Les quatre suspects [...] ont été arrêtés après qu'ils ont acheté de l'acétone\", pouvant servir à la confection d'un engin explosif, a expliqué une autre source policière. La jeune fille avait par ailleurs été repérée sur les réseaux sociaux, après avoir exprimé la volonté de partir en zone syro-irakienne ou sinon de frapper la France. \"L'un de ses mentors était un des objectifs de la Direction générale de la sécurité intérieure (DGSI)\", a ajouté cette source policière. Selon les premiers éléments dont disposent les enquêteurs, cet homme, âgé de 20 ans, projetait de \"se faire exploser\", a complété la source. Lors de la perquisition de l'appartement du jeune homme de 20 ans à Clapiers, à la périphérie de Montpellier, des produits rentrant dans la composition d'engins explosifs ont été découverts, assure \"l'Express\" : du TATP [un explosif artisanal puissant mais très instable, prisé des djihadistes, NDLR], un litre d'acétone et un litre d'acide sulfurique, mais également de l'eau oxygénée, des seringues et des gants de protection.  \"Plusieurs dizaines de grammes de TATP, à divers stade de fabrication\", ont également été retrouvés, a précisé une source policière. R.F. (avec AFP) Renaud Février Journaliste "}