{"title": "raids en libye : le qatar rappelle son ambassadeur en egypte", "newspaper": "NouvelObservateur", "author": ["L'Obs avec AFP"], "date_publi": "2015-02-19", "theme": "Monde", "content": "Le Qatar a rappelé jeudi 19 février son ambassadeur en Egypte à la suite d'un différend survenu lors d'une réunion de la Ligue arabe sur les raids aériens égyptiens contre des positions du groupe Etat islamique (EI) en Libye, a annoncé l'agence de presse officielle QNA. Selon un responsable du ministère des Affaires étrangères du Qatar, Doha a décidé de rappeler pour consultations son ambassadeur au Caire en raison d'une déclaration du délégué égyptien à la Ligue arabe, a indiqué QNA.  L'agence qatarienne n'a pas donné de précisions sur la teneur de la déclaration du délégué égyptien. Mais la chaîne de télévision qatarienne Al-Jazeera a affirmé que les Egyptiens avaient accusé le Qatar de soutenir le terrorisme.\n Des médias égyptiens ont eux aussi rapporté que le délégué égyptien à la Ligue arabe, Tariq Adel, avait accusé le Qatar de soutenir de terrorisme, au motif que le délégué qatarien avait exprimé des réserves sur une clause approuvant les raids aériens égyptiens contre les djihadistes. Le ministère qatarien des Affaires étrangères a confirmé dans un communiqué que le Qatar avait émis dans le cadre de la Ligue arabe des réserves sur une approbation des raids égyptiens en Libye, soulignant la nécessité de \"consultations avant toute action militaire unilatérale contre un autre Etat membre\" de l'organisation panarabe. Des appareils F-16 de l'armée de l'air égyptienne ont bombardé mardi des bases djihadistes à Derna, dans l'est de la Libye, à la suite de la publication par l'EI d'une vidéo montrant la décapitation de 21 coptes égyptiens qui se trouvaient en Libye à la recherche de travail et avaient été capturés par le groupe. L'Obs avec AFP Journaliste "}