{"title": "attentat de londres : tobias ellwood, le député britannique devenu héros malgré lui ", "newspaper": "NouvelObservateur", "author": ["L'Obs"], "date_publi": "2017-03-23", "theme": "Terrorisme", "content": "Cette image a fait le tour du monde : celle du député et ministre conservateur Tobias Ellwood le front taché de sang, tentant de sauver le policier poignardé, entouré par les secouristes. Le quotidien \"The Telegraph\" a relaté dans un article publié jeudi 23 mars l’attitude héroïque de l’homme politique. Ce dernier se trouvait au Parlement au moment de l’attaque terroriste qui a fait quatre morts (dont l'assaillant) et une quarantaine de blessés, selon le dernier bilan revu à la baisse. Tobias Ellwood n’a donc pas hésité à se joindre aux secouristes afin de prodiguer les premiers soins au policier mortellement poignardé : The only image worth sharing today: heroic minister @Tobias_Ellwood trying to resuscitate stabbed policeman pic.twitter.com/F4uze7z2lE   Traduction : \"La seule image qui mérite d'être partagée aujourd'hui : le ministre héroïque Tobias Ellwood tentant de réanimer le policier poignardé.\" Il a tenté en vain de pratiquer un massage cardiaque et de limiter l’hémorragie en exerçant des pressions sur les blessures de l'agent. L’élu a raconté au \"Sun\" :   Tobias Ellwood, 50 ans, a certainement appris ces gestes de premiers secours lorsqu’il était militaire du régiment d’infanterie de l’armée britannique de la Royal Green Jackets de 1991 à 1996. Il a notamment servi en Irlande du Nord, à Chypre, au Koweït, en Allemagne, en Bosnie et à Gibraltar. L'élu a d’ailleurs lui-même été touché par un attentat terroriste lorsqu’il a perdu son frère Jonathan dans la double attaque à la bombe à Bali (Indonésie), en 2002. Cet attentat avait fait 202 morts. Actuellement, l’élu fait partie des réservistes actifs de l’armée. L’homme politique a été nommé en 2014 par David Cameron, puis reconduit en 2016 dans le gouvernement de Theresa May comme sous-secrétaire d’Etat parlementaire au Bureau des Affaires étrangères et du Commonwealth. Il a également le titre de ministre du Moyen-Orient et de l’Afrique. Ces responsabilités comprennent également la lutte contre le terrorisme et l’extrémisme violent, la politique consulaire, le commerce illégal d’espèces sauvages et la surveillance du Fonds du ministère des Affaire étrangères.  Le député conservateur est né en août 1966 à New York où travaillaient alors ses parents. Il a grandi à Bonn en Allemagne et à Vienne en Autriche. Il est revenu au Royaume-Uni pour faire ses études à l’université de Loughborough, qu’il complète par un master en administration des affaires à la City University Business School. Avant d’être élu député pour la circonscription de Bournemouth East dans le Dorset en 2005, il a notamment œuvré deux ans comme haut responsable du développement des affaires à la Bourse de Londres, puis pour le cabinet d’avocats Allen et Overy. Selon la biographie de son site officiel, il est marié à une certaine Hannah et père de deux jeunes fils, Alexander et Oscar. Il est passionné de sport, un pilote qualifié et Eagle Scout (grade le plus élevé des Boy Scouts of America). Marlène Thomas ? L'Obs "}