{"title": "thalys : el khazzani est \"médusé\" par les accusations de terrorisme", "newspaper": "NouvelObservateur", "author": ["L'Obs"], "date_publi": "2015-08-23", "theme": "Société", "content": "Il nie en bloc toute motivation terroriste. Ayoub El Khazzani, maîtrisé par des passagers du Thalys Amsterdam-Paris vendredi 21 août, se dit même \"médusé\" par ces accusations selon l'avocate qui l'a assisté au début de sa garde à vue à Arras. Une défense qui, c'est le moins qu'on puisse dire, peine à convaincre les enquêteurs. Le profil d'islamiste radical du suspect, repéré par les services de renseignements de plusieurs pays, oriente en effet l'enquête sur la piste d'une attaque terroriste qui aurait pu conduire à un bain de sang, si trois jeunes Américains en vacances en Europe et un père de famille britannique n'étaient pas intervenus pour le désarmer.  La garde à vue du suspect, transféré samedi matin au siège de la sous-direction antiterroriste (SDAT) à Levallois-Perret (Hauts-de-Seine), peut s'étendre jusqu'à mardi soir.\n  Le suspect, dont le visage était tuméfié après avoir été neutralisé par les passagers du train, a affirmé aux enquêteurs avoir voulu \"faire un braquage\", explique l'avocate commise d'office qui a conseillé ce Marocain de 25 ans juste après son arrestation, Me Sophie David, interrogée ce dimanche sur BFM TV. \"Il avait déjà entendu parler de gens qui braquaient pour avoir de l'argent. Donc il a pris les armes et il est monté dans ce train pour effectivement rançonner les passagers\", raconte l'avocate, dressant le portrait d'un homme très affaibli, \"très maigre\" et \"très hagard\", qui vit à la rue. Il a pensé à ce braquage \"pour pouvoir se nourrir\".  \"Il ne ressemble pas du tout aux photos qu'on diffuse dans les médias, il a entre 10 et 20 kg de moins\", explique-t-elle à l'AFP. Elle décrit un homme \"pas très grand\" et \"ne portant pas de barbe\", \"peu instruit mais pas analphabète\". Ayant fait de nombreux petits boulots en Espagne, \"peintre en bâtiment, distributeur de publicités dans des boites à lettres\", il dit \"avoir vécu de trafic de stupéfiant et de vols de cartes bleues\", raconte Me David. Selon l'avocate, Ayoub El Khazzani, qui \"ne parle pas un mot de français\", a aussi assuré avoir trouvé les armes, ainsi qu'un téléphone portable, dans une \"valise cachée\" dans un jardin public près de la gare de Bruxelles-midi, \"là où il dort fréquemment avec d'autres SDF\". En effet, \"il est sans domicile fixe depuis qu’il s’est fait voler ses papiers à Bruxelles\", selon des informations du \"Parisien\". Mais une source proche du dossier a par ailleurs déclaré à l'AFP que le suspect \"avait des papiers délivrés en Espagne\" au moment de son interpellation. L'homme qui voyageait avec un sac à dos noir était lourdement armé : un fusil d'assaut kalachnikov avec neuf chargeurs, une arme de poing (de type Luger) et un cutter. En garde à vue, il a indiqué qu'il voulait, à l'issue du braquage, \"tirer dans une vitre du train et sauter par la vitre\" pour s'échapper. \"Paumé\", \"courtois \", \"posé\", il a répondu de manière correcte aux policiers, sans agressivité, lors de son audition à Arras, souligne Me David.  Quand l'avocate lui a expliqué qu'il y avait des blessés, son client est \"tombé des nues\", a-t-elle encore déclaré au micro de BFM TV. \"Pour lui il n'y a pas eu de coup de feu\", \"la kalachnikov n'a pas fonctionné\" et il a été maîtrisé \"immédiatement\". Citée cette fois par \"Le Parisien\", Sophie David raconte que son client a dit avoir, \"au cours des six derniers mois [...] voyagé en Espagne, à Andorre, en Belgique, en Autriche, en Allemagne et avoir fait un passage en France, mais sans préciser le lieu où il a séjourné. En revanche, il a contesté s’être rendu en Turquie et encore plus en Syrie\". Ayoub El Khazzani a vécu sept ans en Espagne, de 2007 à mars 2014. Il y était arrivé à 18 ans, s'installant d'abord à Madrid puis à Algésiras, en Andalousie, où il fréquentait une mosquée salafiste. Le jeune homme y a été détenu une fois pour trafic de drogue, selon une source des services antiterroristes espagnols. Il avait été repéré par les services de renseignement espagnols qui l'avaient signalé à leurs confrères français. Son signalement a conduit la DGSI à émettre une fiche \"S\" à son sujet, ce qui a permis de localiser El Khazzani en Allemagne, le 10 mai dernier, lorsqu'il embarque pour Istanbul en Turquie. Selon les renseignements espagnols, l'homme serait parti de France en Syrie, avant de revenir dans l'Hexagone. Le suspect a été transféré samedi matin au siège de la sous-direction antiterroriste (SDAT) à Levallois-Perret, en banlieue parisienne, où se poursuit sa garde à vue, qui peut durer jusqu'à mardi soir. T.V. L'Obs "}