{"title": "5 ans après fukushima : ce qui a changé (ou pas) dans nos centrales", "newspaper": "NouvelObservateur", "author": ["Arnaud Gonzague"], "date_publi": "2016-03-11", "theme": "Planète", "content": "\"Il faut imaginer qu’un accident de type Fukushima puisse survenir en Europe.\" Celui qui prononce ces mots dans les colonnes de \"Libération\" le 3 mars dernier n’est pas un activiste de Greenpeace, mais Pierre-Franck Chevet, président de l’Autorité de sûreté nucléaire (ASN). Oui, oui, l’autorité indépendante qui fait office de gendarme du nucléaire français. Que l’on ne nous accuse pas de sortir la phrase de son contexte : tout au long de l’interview, Chevet dit certes qu’\"on fait le maximum\", mais ne cesse de répéter combien le \"contexte en matière de sûreté nucléaire est particulièrement préoccupant\", s’inquiétant même d’une \"perte de mémoire collective\" sur ce sujet. Comprendre : une apathie généralisée vis-à-vis des menaces réelles que font peser les centrales nucléaires sur la sécurité du pays. Bref, la question est presque uniquement rhétorique : est-ce que Fukushima a créé un électrochoc en France ? Non. Pour autant, il serait hâtif d’écrire que rien ne s’est passé depuis la catastrophe nucléaire nippone. En 2011, l’ASN, pressée par le gouvernement, a réclamé aux entreprises responsables des centrales un passage en revue de la solidité de leurs équipements face à d’éventuelles catastrophes naturelles - inondations et séismes, principalement. Une fois ce passage en revue établi, l’ASN a affirmé que le \"niveau de sûreté\" des centrales était \"suffisant\". Mais (peut-être pour ne pas paraître se reposer sur ses lauriers), l’Autorité a quand même réclamé que soit partout mis en place un \"noyau dur\", un ensemble de dispositifs et d’équipements supplémentaires pour limiter les risques d’accidents, et y faire face s’ils survenaient.  D'ores et déjà, ont été installés auprès des réacteurs des groupes électrogènes capables, théoriquement, de suppléer l’alimentation électrique des salles de commande en cas de panne générale. Des circuits supplémentaires d’eau et d’air (pour refroidir les réacteurs et la piscine en cas de panne, donc éviter la surchauffe générale) ont eux aussi été mis sur pied. Des téléphones satellitaires, fonctionnant même après une panne générale, ont été placés dans les salles de commande. Dans une brochure intitulée \"EDF s’engage\", l’électricien vante aussi sa Force d’action rapide nucléaire (Farn). Une sorte de GIGN de l’atome, composé de 300 employés maison volontaires (qui ne font pas cela à plein-temps), armés de camions et de 4X4. La Farn est censée intervenir en urgence en cas d’accident pour, dixit EDF, \"retrouver une alimentation en eau, en électricité, (…) permettant de limiter la dégradation de la situation et éviter la fusion du cœur\". Autrement dit, la surchauffe au sein du réacteur, fatale à Fukushima.  En 2018, EDF promet d’édifier des \"Diesels d’ultime secours\", groupes électrogènes \"en dur\" antisismiques et résistants aux tornades. En 2020, ce sont des \"sources d’eau ultime\", de robustes pompes à eau qui devraient remplacer les circuits provisoires. Et à l’horizon 2030, l’électricien jure de mettre en œuvre des systèmes de refroidissement encore plus perfectionnés. Ce déploiement technologique n’impressionne pas Charlotte Mijeon, porte-parole de l’ONG Sortir du Nucléaire : Il est vrai que sur le plan économique, les exploitants de l’atome - EDF et Areva pour ne citer qu’eux – se trouvent (sans mauvais jeu de mot fukushimien) au creux de la vague. Après 2020, EDF devra déjà mettre la main à la poche (55 milliards selon ses propres estimations, cela pourrait être bien davantage) pour affronter le \"grand carénage\", les travaux de mise aux normes de ses centrales vétustes. Il pourrait bien être tenté de rogner sur les investissements de sûreté les moins pressants. Autre élément alarmant, selon Charlotte Mijeon : Un exemple : Areva a longtemps caché une anomalie dans la cuve de l’EPR de Flamanville. Pierre-Franck Chevet de l’ASN ne cache d’ailleurs pas qu’un \"bras de fer\" (le mot est de lui, dans \"Libération\") avec l’électricien s’est instauré… ce qui, sans excès de pessimisme, n’augure pas d’une franche collaboration en cas d’accident... Les catastrophes naturelles sont une chose, mais quid du terrorisme ? On se souvient de la centaine de drones survolant impunément nos centrales en 2014 et 2015. Imaginons les dégâts si un fanatique truffait l'un de ces insectes télécommandés d'explosif et le dirigeait tranquillement, grâce à son smartphone, par-delà le grillage d’une installation nucléaire. Or, normes post-Fukushima ou pas, nos centrales ne sont pas prêtes à affronter ces événements. C’est la mauvaise nouvelle annoncée par John Large, expert britannique reconnu en matière de sûreté nucléaire dans un rapport remis à Manuel Valls en novembre 2014.  Il n’est guère difficile, disait en substance ce rapport, de faire sauter les groupes électrogènes et pompes d’alimentation en eau, qui se trouvent à l’air libre. Pas difficile non plus d’empêcher les forces d’intervention – la Farn ou les autres – de livrer sur place des équipements de secours. Pas difficile encore, ajoutait Yannick Rousselet de Greenpeace, interviewé par \"L’Obs\" de faire exploser les bâtiments des piscines (là où repose le combustible radioactif après usage), de simples hangars pas le moins du monde pensés pour résister à des charge explosives. En un mot, il faut croiser les doigts pour que la phrase de Pierre-Franck Chevet qui ouvre cet article ne soit pas prophétique. Arnaud Gonzague >> VIDEO. Seriez-vous prêt à faire du tourisme à Fukushima ?  ? Arnaud Gonzague Journaliste "}