{"title": "terrorisme en allemagne : \"tolérants, mais jusqu'à quand ?\"", "newspaper": "NouvelObservateur", "author": ["Natacha Tatu"], "date_publi": "2016-07-30", "theme": "Monde", "content": "De notre envoyée spéciale à Munich et Ansbach, Natacha Tatu Esther doit partir travailler, mais elle reste là, sidérée, les yeux rivés sur le cordon de sécurité mis en place par la police au pied de la cathédrale. \"Comment cela a-t-il pu arriver chez nous ?\" L'attentat a eu lieu la veille, dimanche soir, peu après 22 heures, à moins de 100 mètres de chez elle. De sa fenêtre, elle a tout entendu, l'explosion, les sirènes, les ambulances et les hélicoptères qui ont tournoyé toute la nuit au-dessus de la ville, comme dans une série américaine. Comme tout le monde, elle n'a pas pensé toute de suite à un acte terroriste. Inconcevable dans cette petite cité touristique de Bavière de 40.000 habitants, avec son château, ses églises gothiques et ses jolies rues pavées bordées de terrasses et d'antiquaires. L'explosion a eu lieu chez Edgar, une petite winstub (restaurant traditionnel) ombragée au pied de la cathédrale. Le kamikaze s'y était replié après avoir été refoulé du festival de musique, parce qu'il n'avait pas de billet d'entrée. Entre les grandes tables en bois, la silhouette dessinée au sol à la craie par la police est encore visible. Il a été tué sur le coup. Sa bombe artisanale, bourrée de vis et de clous pour causer le plus de dégâts possible, a fait douze blessés, dont trois graves.  Natacha Tatu Journaliste "}