{"title": "trois français, une canadienne, des policiers... ils sont les victimes de l'attentat de londres", "newspaper": "NouvelObservateur", "author": ["L'Obs"], "date_publi": "2017-06-05", "theme": "Monde", "content": "Samedi 3 juin, à Londres, un attentat revendiqué par le groupe Etat islamique (EI) ôtait la vie à sept personnes. Lundi, 48 personnes étaient encore hospitalisées, dont 21 en état critique, dans différents hôpitaux de la capitale.  Peu avant 22 heures, samedi soir, une camionnette blanche a foncé sur le London Bridge, fauchant plusieurs piétons. Trois assaillants en sont ensuite sortis et ont poignardé plusieurs personnes dans le quartier central de Borough Market, avant d'être abattus par la police. Les victimes sont originaires de différents pays. Voici ce que l'on sait sur elles.   Alexandre Pigeard, Français de 26 ans, serveur dans un bar. Dimanche, dans la journée, le ministre français des Affaires étrangères Jean-Yves Le Drian a annoncé qu'un Français figurait parmi les victimes. Il s'appelle Alexandre, et était serveur dans un restaurant dirigé par un Breton près du quartier de Borough Market. \n Selon \"le Télégramme\", la victime travaillait au Boro Bistro, un établissement londonien dont le manager général s'appelle Vincent Le Berre. La famille de celui-ci vit à Kerfourn, petite commune près de Pontivy, dans le Morbihan, ont révélé \"le Télégramme\" et \"Ouest France\". Sébastien Bélanger, 36 ans, chef cuisinier français. Originaire d'Angers, il vivait à Londres depuis sept ans. Il buvait un verre au Boro Bistro, un bar du quartier du Borough Market lorsque l'attaque a eu lieu. Les amis de Sébastien Bélanger et sa compagne placardaient des affiches dans les rues de Londres et publiaient des messages sur les réseaux sociaux depuis samedi pour tenter de le retrouver. Xavier Thomas, 45 ans, probablement noyé dans la Tamise. La police a repêché mercredi un corps dans la Tamise, a-t-on appris ce mercredi. \"L'identification formelle doit encore avoir lieu\", a fait savoir la police britannique, qui a informé \"les proches de M. Thomas\". Mercredi après-midi, France Info annonçait avoir la confirmation de l'identité du troisième Français, après avoir parlé à la famille de Thomas. Xavier Thomas était porté disparu depuis samedi. Il se trouvait sur le London Bridge au moment où la camionnette y a fauché des passants. Sa petite amie Nathalie Cros Brohan, grièvement blessée, avait été conduite à l'hôpital à la suite de l'attaque. Christine Archibald, Canadienne, tuée sur le pont. Christine Archibald, une Canadienne de 30 ans, est décédée dans les bras de son fiancé Tyler Ferguson, après avoir été percutée par la camionnette blanche des agresseurs. \"Mon petit frère a perdu l'amour de sa vie sur le London Bridge\", a écrit Cassie Ferguson Rowe sur Facebook.  \"Nous pleurons la perte de notre magnifique fille et sœur\", a écrit la famille Archibald dans un communiqué. \"Elle n'aurait pas compris la cruauté sans nom qui a causé sa mort\", a ajouté la famille. Le Premier ministre canadien, Justin Trudeau, a dit avoir \"le cœur brisé\" en apprenant la nouvelle qu'une de ses compatriotes figurait parmi les victimes.  Kirsty Boden, Australienne, tuée alors qu'elle portait secours. La mort de Kirsty Boden, 28 ans, a été confirmée mardi. Selon la BBC, elle était originaire de Loxton, dans le sud de l'Australie, et travaillait comme infirmière à Londres.  Sa famille a indiqué qu'elle avait trouvé la mort \"dans un effort pour aider les gens sur le pont\". Kirsty Boden avait déménagé à Londres en 2013, et se décrivait sur son blog comme une voyageuse \"avec un travail à plein temps et un désir constant d'aller où je n'ai pas été\". Comme l'a rapporté \"The Age\", elle écrivait, exhortant les autres à voyager : Ignacio Echeverria, Espagnol de 39 ans. Ce spécialiste de la lutte contre le blanchiment chez HSBC à Londres s’était interposé avec son skateboard entre une femme et son assaillant. Plusieurs membres de sa famille et le ministère des Affaires étrangères espagnol ont confirmé sa mort mercredi.  \"Mon frère Ignacio a tenté d’arrêter des terroristes, et a perdu la vie en essayant d’en sauver d’autres\", a écrit sa sœur Isabel sur son profil Facebook. Un policier qui n'était pas en service. Un policier qui n'était pas armé et buvait un verre après sa journée de travail s'est précipité pour aider et a été blessé et hospitalisé dans un état grave, a indiqué la cheffe de la police londonienne Cressida Dick sur la BBC :  Un policier de la police des transports. Ce policier en uniforme a été l'un des premiers sur les lieux du drame après avoir répondu à des appels à l'aide de personnes sur place. Il a été blessé au couteau au visage, à la tête et à une jambe mais sa vie n'est pas en danger. Deux autres policiers. Un agent en civil a reçu des points de suture après une blessure à la tête tandis qu'un policier en uniforme a été blessé au bras. Geoff Ho, journaliste du \"Sunday Express\". Ce journaliste économique se trouvait devant le pub Southwark Tavern dans le quartier de Borough Market. Il a essayé d'aider une personne prise pour cible par les agresseurs mais a été lui-même poignardé à la gorge.  Sept Français. Sept Français ont été hospitalisés, dont quatre dans \"un état grave\", selon Jean-Yves Le Drian. Lundi, après avoir rencontré les familles de certains blessés, le ministre de l'Europe et des Affaires étrangères a expliqué que six Français étaient encore hospitalisés, dont quatre toujours dans un \"état critique\". Deux autres Français sont également portés disparus depuis l'attaque : Sébastien Bélanger, un chef cuisinier de 36 ans, originaire d'Angers et qui vit à Londres depuis sept ans, et Xavier Thomas, un trentenaire qui passait quelques jours à Londres avec sa petite amie, probablement noyé dans la Tamise. Oliver Dowling, un Néo-Zélandais de 32 ans. Cet habitant de Christchurch (est de la Nouvelle-Zélande) a été poignardé à l'estomac, au cou et au visage, selon la presse britannique. Il a été placé dans le coma pendant quatre heures, le temps de l'opérer. Son amie Marie Bondeville aurait également été blessée. Deux Australiens poignardés au cou. Candice Hedge, originaire de Brisbane, travaillait comme serveuse dans le quartier de Borough Market. Elle est hospitalisée tandis que Andrew Morrison, originaire de Darwin (nord de l'Australie), est en voie de rapatriement dans son pays après avoir reçu des points de suture, selon leurs familles. (Avec AFP) L'Obs "}