{"title": "droits des homosexuels, énergie, terrorisme : ce qu'a dit obama aux kényans", "newspaper": "NouvelObservateur", "author": ["L'Obs"], "date_publi": "2015-07-25", "theme": "Monde", "content": "Après une première soirée passée en famille sur le sol africain, le président américain Barack Obama a participé ce samedi à Nairobi à un important forum économique avant de s'entretenir de lutte antiterroriste avec son homologue kényan. C'est la première fois qu'un président américain en exercice se rend au Kenya et le pays a déployé plus de 10.000 policiers dans la capitale. Des parties entières de la ville sont interdites à la circulation et l'espace aérien, fermé lors de l'atterrissage de Barack Obama, le sera également lors de son départ dimanche soir pour l'Éthiopie voisine. Auparavant, le 44ème président américain a adressé des messages forts au pays-hôte et au continent africain. Le ton adopté durant ce sommet mondial sur l'entrepreunariat de ce samedi s'est voulu résolument optimiste. \"Je voulais être ici parce que l'Afrique est en marche, l'Afrique est l'une des régions du monde à la plus forte croissance\", a lancé Barack Obama. Barack Obama a profité de l'occasion pour promouvoir son programme \"Power Africa\", qui vise à doubler l'accès à l'électricité en Afrique subsaharienne. Une initiative qu'il avait lancée en 2013 à grands renforts de publicité mais qui n'a pour l'instant donné aucun résultat concret. Une question de temps selon le président américain, dont le gouvernement a déjà mis 7 milliards de dollars sur la table. \"Les transactions financières sont terminées, les projets ont déjà commencé et vous allez bientôt voir les résultats du travail accompli\", a-t-il assuré.  Proud to be the first American President to visit Kenya. Happy to see family, and to talk with young Kenyans about the future. \"Nous nous intéressons à l'Afrique car ce qui arrive en Afrique va avoir un impact sur le monde, les plus fortes croissances économiques sont en Afrique, tout comme certains de nos partenaires les plus proches\", déclarait-il plus tard dans la journée. Plus critique, il a alors fustigé la corruption, plus grave \"obstacle à une croissance plus rapide du Kenya\". Les gens sont \"systématiquement assommés par la corruption\" à tous les niveaux, a-t-il déploré, pointant du doigt les responsables se déplaçant au volant de voitures hors de prix ou se faisant construire des maisons bien au-dessus de leurs moyens. A l'issue de la réunion de travail avec le président kényan Uhuru Kenyatta, Barack Obama s'est également prononcé sur l'élection présidentielle burundaise, qui avait reconduit la veille au pouvoir Pierre Nkurunziza pour un troisième mandat controversé. \"Nous avons aussi discuté du Burundi, où les récentes élections n'ont pas été crédibles\", a déclaré le président américain à l'issue d'un entretien avec son homologue kényan Uhuru Kenyatta. \"Nous appelons le gouvernement et l'opposition à se retrouver pour un dialogue qui aboutira à une solution politique à la crise et évitera la perte de davantage de vies innocentes\". Dans un pays encore sous le choc de la sanglante attaque de l'université de Garissa en avril (148 morts), revendiquée par les insurgés islamistes somaliens shebab, Barack Obama a affirmé que les réseaux de ces derniers étaient \"affaiblis\" en Afrique de l'Est : Bien que le président kényan ait assuré que la question était \"un non-sujet\" dans son pays et qu'elle ne serait pas officiellement \"au programme\" des discussions, Barack Obama a réclamé \"l'égalité des droits\" pour les homosexuels en Afrique, en comparant l'homophobie à la discrimination raciale qu'ont connue les Etats-Unis. \"Quand un gouvernement prend l'habitude de traiter les gens différemment, ces habitudes peuvent s'étendre. En tant qu'afro-américain aux Etats-Unis, je suis douloureusement conscient de ce qu'il se passe quand les gens sont traités différemment devant la loi\", a ajouté le pensionnaire de la Maison Blanche. L'homosexualité reste illégale dans une grande majorité des pays d'Afrique, Kenya compris (même si les peines y sont rarement appliquées). Barack Obama avait déjà apporté son soutien aux homosexuels sur le continent, estimant depuis Dakar en 2013 que \"tout le monde doit avoir les mêmes droits\". Et à l'instar du président sénégalais Macky Sall à l'époque, Uhuru Kenyatta a répondu qu'il y avait des \"choses que, nous devons l'admettre, nous ne partageons pas\". Se disant personnellement touché par ce voyage, Barack Obama s'est engagé à s'investir personnellement dans la situation du Kenya après la fin de son mandat, en janvier 2017. \"Ce que je peux garantir, c'est que je reviendrai\", a-t-il lancé lors de la conférence de presse. \"La première fois que je suis venu, j'étais en jean et sac à dos\", a raconté Barack Obama. Il y a près de trente ans, ce jeune homme en quête de ses origines était venu découvrir le pays d'un père qu'il avait à peine connu, mort dans un accident de voiture à Nairobi en 1982. Cette fois, la sécurité autour de son déplacement était telle qu'il n'a même pas pu se rendre au village de sa famille paternelle, dans l'ouest du pays.  \"Je ne vais pas cesser de m'intéresser aux jeunes du Kenya et de l'Afrique, de développer des talents et des dirigeants et des entrepreneurs qui vont aider ce pays et le monde à prospérer\", a-t-il glissé. \"Vous pouvez vous attendre à ce que je continue à contribuer, là où je peux. Ce que je peux garantir, c'est que je reviendrai. Mais la prochaine fois que je reviendrai, je ne porterai peut-être pas de costume\", a-t-il plaisanté. T.V. ﻿ÈB; L'Obs "}