{"title": "pas-de-calais : trois surveillants de prison poignardés par un détenu radicalisé", "newspaper": "NouvelObservateur", "author": ["L'Obs"], "date_publi": "2018-01-11", "theme": "Société", "content": "Trois gardiens de la prison de Vendin-le-Vieil (Pas-de-Calais) ont été légèrement blessés au cours d'une agression commise par l'Allemand Christian Gantzarski, considéré comme le cerveau des attentats de Djerba en 2002. \"Un détenu, qui finit de purger une longue peine et qui risque de faire l'objet d'une extradition vers les Etats-Unis, a agressé légèrement trois agents à l'arme blanche\", a déclaré Alain Jégo, directeur interrégional des services pénitentiaires. Selon des informations obtenues par \"l'Obs\", ce détenu, qui est en réalité l'islamiste Christian Gantzarski, avait été informé de son extradition à venir. Il en parle dans une conversation téléphonique.  Condamné à 18 ans de réclusion criminelle pour des faits de complicité dans l'attentat de la synagogue de Djerba qui avait fait 21 mots en avril 2002, ce détenu était \"particulièrement surveillé\" selon la direction de l'administration pénitentiaire. Les Etats-Unis s'intéressent à lui dans le cadre de l'enquête sur les attentats du 11-Septembre 2001.   \n L'agression a eu lieu vers 16 heures, ont indiqué à \"l'Obs\" des sources syndicales. Christian Gantzarski, récemment placé en quartier disciplinaire / d'isolement, a profité de l'ouverture de la porte par les surveillants pour se jeter sur eux armé de ciseaux et couteau, en criant \"Allah Akbar !\". Alain Jégo a qualifié ces faits de \"totalement inadmissibles\" et n'a pas démenti les cris \"d'Allah Akbar\" proférés par le détenu. \"Il y avait une volonté d'agresser pour différer ou mettre en difficulté\" son extradition, a précisé Alain Jégo. Selon Alain Jégo, l'agresseur était armé d'un ciseau à bout rond et d'une lame de rasoir. Quatre agents ont tenté de le maîtriser et trois ont été blessés, l'un étant hospitalisé \"pour bien suturer la plaie\" au niveau du cuir chevelu, d'après la même source.  Il a ensuite été placé à l'isolement et un dispositif de prise en charge particulier a été déployé : 4 agents pour ouvrir la porte de sa cellule, avec un équipement d'intervention (casque, bouclier, pare-coup). De son coté, la section antiterroriste du parquet de Paris a annoncé se saisir de l'enquête. Les faits pourraient être qualifiés de tentative d'assassinat, selon une source judiciaire. L'Allemand converti à l'islam a été condamné en 2009 par la cour d'assises spéciale de Paris à 18 ans de réclusion pour complicité dans l'attentat contre la synagogue de Djerba. Il était considéré comme son organisateur. Christian Ganczarski est également ancien responsable d'Al-Qaïda, ancien responsable de la maintenance et du cryptage des réseaux de communication d'Al-Qaïda, et il a vécu aux côtés de Ben Laden en Afghanistan. Salah Abdeslam, seul membre encore en vie des commandos des attentats de Paris et Saint-Denis en novembre 2015, doit être incarcéré à Vendin-le-Vieil durant son procès à Bruxelles, en février. L'Obs "}