{"title": "retour à l'hyper cacher : \"les juifs ont encore peur du front national\"", "newspaper": "NouvelObservateur", "author": ["Doan Bui"], "date_publi": "2017-03-12", "theme": "Présidentielle 2017", "content": "A l’Hyper Cacher, porte de Vincennes, on les croise devant le magasin, panier de courses à la main. Il pleut, la pluie détrempe les fleurs et les photos des victimes de l’attentat de janvier 2015, toujours accrochées à des barrières de fortune, à 20 mètres du magasin.  Paul, 75 ans, tend le parapluie pour protéger son épouse, Josiane, 72 ans, emmitouflée dans sa parka. Pour la présidentielle, leur choix est fait, le même : \"Fillon !\"  \"Il est courageux. Fillon, ils veulent l’abattre. Comme DSK.\" [...] Doan Bui Journaliste "}