{"title": "qui est \"abz\", 27 ans, l'un des trois assaillants de l'attentat de londres ?", "newspaper": "NouvelObservateur", "author": ["Vincent Monnier"], "date_publi": "2017-06-05", "theme": "Terrorisme", "content": "Alors que la police anglaise vient, très tôt ce matin, de mener des perquisitions dans deux logements à New Ham et Barking, deux quartiers de l’est de Londres, quelques éléments commencent à filtrer dans les médias britanniques sur la personnalité de l’un des trois assaillants. Il s’agit de l’homme portant un maillot d’Arsenal et une fausse ceinture d’explosifs composée de canettes. Même si les policiers se refusent, pour le moment, à révéler l’identité des terroristes pour les besoins de l’enquête en cours, elle lui a donné le surnom de \"Abz\". Le raid mené hier dans le quartier de Barking au terme duquel cinq hommes et sept femmes ont été arrêtés semblait notamment concerner des membres de son entourage. Un des hommes aurait été relâché depuis, sans qu’aucune charge ne soit retenue contre lui.  \n Né à Watford et père de deux jeunes enfants, le terroriste qui serait âgé de 27 ans aurait un temps travaillé pour le métro londonien mais également pour la chaîne de restauration KFC d’après plusieurs médias. D’autres témoignages évoquent un travail à temps partiel qu’Abz aurait récemment occupé dans une salle de sports de Barking. Selon le \"Financial Times\", l’homme serait marié avec une femme d’origine algérienne, laquelle serait enceinte d’après plusieurs témoignages de voisins recueillis par le quotidien financier. Voici quelques mois, \"Abz\" aurait eu une altercation avec l’imam de la mosquée Jabir Bin Zayd après avoir interrompu un sermon pendant lequel ce dernier appelait les fidèles à aller voter lors des élections. Prié de quitter l’édifice religieux, il n’aurait plus été revu depuis l’incident. \"Nous pensons, jusqu’à ce que la police diffuse de plus amples informations, qu’il n’est pas approprié pour nous de parler d’une personne qui a peut-être ou peut-être pas prié ici\", a écrit dans un communiqué publié sur son site internet la mosquée.     Un ancien ami de l’intéressé racontait hier devant la caméra de la BBC que l’homme se serait radicalisée en regardant sur Youtube des vidéos d’Ahmad Musa Jibril, un prêcheur extrémiste basée au Michigan qui aurait exercé une certaine influence sur bon nombre de combattants étrangers partis combattre en Syrie : selon une analyse de l’International Centre for the Study of Radicalisation (ICSR) datée de 2014, près de 60 % des djihadistes étrangers ayant rejoint la Syrie suivaient le prêcheur sur twitter. L’ancien ami interviewé par la BBC aurait contacté les autorités anglaises pour les avertir de la radicalisation en cours de son ami. Un autre couple de voisins aurait également eu un différend avec l’intéressé en 2015. Dans plusieurs médias dont le \"Daily Telegraph\", Erica Gasparri, une mère de trois enfants, raconte avoir prévenu la police sur les agissements de l’individu : celui-ci aurait tenté d’endoctriner l’un des jeunes fils dans un des parcs de Barking. \"Maman je veux devenir musulman\", lui aurait-il un soir en rentrant à la maison après avoir eu une discussion avec l’homme en question. La mère de famille ne serait pas contentée de reporter ses agissements. Elle aurait également transmis des photos de l’intéressé aux autorités. Un porte-parole de la Metropolitan Police a confirmé que celle-ci était bel et bien au courant des plaintes, sans vouloir faire de plus amples commentaires en raison de l’enquête en cours.  Par ailleurs, selon les informations du \"Daily Mail\", l’assaillant serait apparu dans un documentaire diffusé sur la chaîne Channel 4, \"Les djihadistes de la porte d’à côté\" diffusé en janvier 2016. Pour les besoins du film, les journalistes avaient suivi pendant près de deux ans plusieurs groupes d’extrémistes et notamment celui d’un certain Abu Rumaysah, un père de quatre enfants vivant dans l’Est de Londres, suspecté par la suite d’apparaître dans une vidéo d’exécution de Daech. Sur les images de ce documentaire, on verrait \"Abz\" déployer le drapeau noir de Daech et improviser une prière en compagnie de plusieurs extrémistes dans un parc de Londres avant d’avoir une altercation avec des policiers. Vincent Monnier, à Londres  Vincent Monnier Journaliste "}