{"title": "7 questions sur le contrôle d'internet sous l'état d'urgence", "newspaper": "NouvelObservateur", "author": ["Boris Manenti"], "date_publi": "2015-11-27", "theme": "Etat d'urgence", "content": "\"Le gouvernement français a décidé de faire application de la loi relative à l'état d'urgence [...] nécessaire pour empêcher la perpétration de nouveaux attentats terroristes. Certaines mesures sont susceptibles d'impliquer une dérogation aux obligations résultant de la Convention de sauvegarde des droits de l'homme et des libertés fondamentales.\" Le gouvernement a ainsi notifié au Conseil de l'Europe que l'état d'urgence va déroger aux Droits de l'homme. Via cette procédure légale, le gouvernement peut désormais passer outre certains droits fondamentaux garantis par la Cour européen des droits de l'Homme (CEDH), notamment la liberté d'expression. Et la première expression de cette limitation sera le blocage des sites web faisant l'apologie du terrorisme.  Depuis la loi contre le terrorisme de novembre 2014, un blocage administratif des sites internet incitant à des actes de terrorisme ou en faisant l'apologie est autorisé. Il est entré en œuvre en février, après l'attaque contre \"Charlie Hebdo\".\n Concrètement, l'Office central de lutte contre la cybercriminalité (OCLCTIC), qui dépend de la Direction centrale de la Police judiciaire rattachée au ministère de l'Intérieur, dresse une liste des sites web litigieux. Celle-ci est directement adressée aux fournisseurs d'accès à internet, qui doivent s'exécuter sous 24 heures. L'Office peut également demander aux moteurs de recherche et aux annuaires de cesser le référencement de ces sites. Du côté de l'internaute, les sites litigieux se voient remplacés par une page d'information du ministère de l'Intérieur qui servira de rappel à la loi.  Quelques garde-fous ont été prévus : l'Unité de coordination de la lutte antiterroriste (UCLAT) qui valide la liste noire, et la Commission nationale de l'informatique et des libertés (CNIL) qui dispose d'un droit de contrôle sur le bon déroulement des opérations. En revanche, à aucun moment un représentant de l'autorité judiciaire n'est consulté. Depuis la publication du décret d'application, \"87 sites internet provoquant au terrorisme ont fait l'objet d'un blocage administratif\", a précisé le ministre de l'Intérieur, Bernard Cazeneuve, deux jours après les attentats de Paris et Saint-Denis. Interrogé dans l'émission Des paroles et des actes, le député socialiste Jean-Jacques Urvoas a lui évoqué \"89 sites bloqués\", avant de souligner :  Avec les récents attentats, faut-il anticiper une recrudescence des blocages des sites ? Certainement. La liste dressée par l'OCLCTIC se base notamment sur la plateforme Pharos, qui permet à n'importe quel internaute de signaler un site contentieux. Contacté par \"l'Obs\", l'Office ne souhaite pas communiquer de chiffres après les attentats, mais une hausse des signalements est à prévoir. La commissaire en charge de l'OCLCTIC, Valérie Maldonado, avait souligné à Rue89 qu'après les attentats de janvier \"les internautes se sont fortement mobilisés pour signaler des contenus. En moyenne, on a 130.000 signalements par an, c'est-à-dire environ 400 par jour. Entre le 7 et le 30 janvier 2015, nous avons enregistré 38.000 signalements, avec un pic à plus de 6.000 signalements sur la seule journée du 10 janvier...\" Et qui dit hausse des signalements, dit hausse des blocages de sites. Pour l'heure, seul le site complotiste américain WeAreChange a affirmé avoir \"été bloqué\" en France. Plusieurs internautes ont publié des captures d'écran du site inaccessible. Pourtant, ce jeudi 26 novembre, le site était bien accessible, a constaté \"L'Obs\". Dans une vidéo, le créateur du site explique cette \"censure\" par un article affirmant que \"les autorités françaises étaient bel et bien au courant des attaques à venir\". Avant d'enfoncer le clou :  La loi sur le blocage des sites a toutefois bien été modifiée. Ou du moins, adaptée. Dans le texte décrétant l'état d'urgence adopté par le Parlement, l'article 11 évoque une procédure de blocage des sites simplifiée : En somme, le gouvernement souhaite couper de manière beaucoup plus directe l'accès à un site internet. Interrogé sur ce point, la Cnil et l'OCLCTIC ne souhaitent pas faire de commentaire. Une source bien renseignée évoque simplement une \"phase d'adaptation\" au sein de l'OCLCTIC, sans donner plus de détails. Pour nos confrères de Rue89, pas de doute : \"la coupure internet est remise directement entre les mains du ministre de l'Intérieur.\" Difficile pour autant de comprendre ce que désignent les termes \"toute mesure\" du texte. Le député Jean-Jacques Urvoas a évoqué du bout des lèvres une possibilité : une arme secrète de la DGSE. Sur son site, la DGSE revendique \"une capacité d'entrave\", soit \"la formule politiquement correcte pour désigner les opérations clandestines\", selon \"Marianne\". Impossible d'en apprendre plus sur cette \"arme\". S'agit-il d'une cyber-arme qui, par une procédure informatique de piratage, permettrait de mettre H.S. un site web, même s'il est hébergé à l'étranger ? S'agit-il de pirater le serveur où est hébergé le site internet en question, même à l'international ? \"Vous me permettrez de ne pas en dire plus\", coupe Jean-Jacques Urvoas lors de \"Des Paroles et des Actes\". \"On peut couper internet de bien des manières, notamment en demandant à EDF de couper l'électricité d'une personne qui hébergerait chez elle son site\", souffle également \"un connaisseur du sujet\" à Rue89.  Demeure une constante : le blocage des sites \"risque d'être contreproductif\", selon les mots du Conseil national du numérique (CNNum). \"Les dispositifs de blocage sont facilement contournables par les recruteurs comme par les internautes puisqu'ils ne permettent pas de supprimer le contenu à la source\", a souligné le Conseil  dans un avis. Pis, bloquer un site risque de bloquer d'autres sites (potentiellement parfaitement légaux) hébergés au même endroit. \"Un même serveur pouvant héberger plusieurs sites ou contenus parfaitement légaux, leur blocage collatéral constitue une atteinte directe à la liberté d'expression et de communication\", a pointé le CNNum. Par exemple, aux Etats-Unis, le blocage de 10 sites pédopornographiques par les autorités avait causé le blocage de 84.000 sites légaux partageant le même fournisseur de nom de domaine. En plus de ce sur-blocage, bloquer \"l'apologie du terrorisme\" risque de faire glisser la procédure vers une censure, dénoncent les défenseurs des libertés sur internet. En janvier, la ministre de la Justice Christiane Taubira a défini l'apologie comme \"consistant à présenter ou commenter des actes de terrorisme en portant sur eux un jugement moral favorable\". Avant de préciser qu'un acte de terrorisme vise à \"troubler gravement l'ordre public par l'intimidation ou la terreur\". Dès lors, de nombreux propos peuvent tomber sous le coup de la loi, et donc de nombreux sites être bloqués. Adrienne Charmet a fait part de sa crainte de voir la pratique glisser de la prévention de la lutte contre le terrorisme à la lutte contre les troubles publics : L'interrogation sur l'efficacité du blocage peut également se poser sur la durée. Sur les cinq premiers sites bloqués pour apologie du terrorisme en mars dernier, deux sont de nouveau accessibles, a constaté \"l'Obs\". Pis, certains sites traqués ont créé des versions dissimulées pour continuer à demeurer accessibles aux internautes français. #Media \"isdarat \"site d'archives de l'#EI existe aujourd'hui en \"hidden servive\" via TOR pic.twitter.com/5vOxzBZjUE Du côté des autorités, le silence reste pour l'instant de mise.  Déjà, Manuel Valls pense à la prochaine étape : la pénalisation de la consultation des sites terroristes. Lors du vote de prolongation de l'état d'urgence, les députés ont rejeté un amendement proposé par Christian Estrosi des Républicains, proposant de pénaliser la visite de sites internet liés au terrorisme. Le député LR reprenait ainsi une mesure portée par Nicolas Sarkozy en 2012, et ré-évoquée par l'ex-président le 16 novembre sur TF1. Si l'amendement a été rejeté, Manuel Valls a assuré qu'il y aura \"très prochainement à reprendre ce débat\". Le gouvernement devra préciser sa pensée. La droite a, à plusieurs reprises, proposer de punir la consultation des sites appelant au djihad, sur le modèle de l'interdiction de consulter des sites pédopornographiques. Sauf que, plusieurs spécialistes ont démontré à plusieurs reprises la difficulté de mettre en place un tel délit qui se baserait sur une \"consultation habituelle\" des sites. \"Pour la loi contre la pédopornographie, c'est la protection de l'enfance qui a justifié une telle atteinte aux libertés individuelles\", explique Merav Griguer, avocate spécialiste du numérique. \"La sécurité publique justifie-t-elle également une telle atteinte aux libertés individuelles ?\" Se pose également la question de certaines professions (journalistes, universitaires...) qui peuvent être amenées à consulter ces sites. Une dérogation serait-elle suffisante ? Merav Griguer émet des réserves : \"M. Tout-le-Monde a aussi besoin de faire des recherches, on ne peut pas limiter cette exception aux détenteurs d'une carte de presse ou à ceux qui prouvent qu'ils travaillent dans une université. \"Ceux qui peuvent renoncer à une liberté fondamentale, au profit d'une petite sécurité temporaire, ne méritent ni la liberté ni la sécurité\", aurait dit Benjamin Franklin en 1755. D'après un sondage Ifop publié mardi 17 novembre, 84% des Français, \"pour mieux garantir [leur] sécurité, [sont prêts] à accepter davantage de contrôles et une certaine limitation de [leurs] libertés\". Boris Manenti Boris Manenti Journaliste "}