{"title": "attentat à ouagadougou : \"le burkina faso n'est pas dans l'intégrisme religieux\"", "newspaper": "NouvelObservateur", "author": ["Baptiste Legrand"], "date_publi": "2017-08-14", "theme": "Monde", "content": "Philippe Hugon est directeur de recherche à l'Iris, spécialiste de l'Afrique. Il est l'auteur de : \"Afriques. Entre puissance et vulnérabilité\" (Armand Collin, 2016)   L'attentat de Ouagadougou n'a pas été revendiqué. Mais l'attaque meurtrière contre le café-restaurant Istanbul rappelle un précédent attentat, début 2016, revendiquée par Aqmi. C'est la piste la plus probable ?\n Tout à fait. L'attaque de la nuit dernière fait énormément penser à l'attentat de janvier 2016 qui avait touché le café Cappuccino et l'hôtel Splendid. Le mode opératoire est extrêmement proche. La probabilité que l'attentat ait été perpétré par un groupe affilié à AQMI (Al-Qaida au Maghreb islamique) est très forte. Mais ce n'est pas une certitude absolue. Il peut s'agir d'un autre groupe terroriste, comme Al-Mourabitoune, lié à Al-Qaida. La région du Sahel est le terrain d'actions conduites par des groupes multiples, avec leurs histoires propres.  Pourquoi ce quartier de Ouagadougou a-t-il été pris pour cible ? Pour viser les étrangers ? L'avenue Kwame Nkrumah est une artère extrêmement vivante de la capitale – je m'y suis d'ailleurs rendu deux jours après les attentats de 2016. Il s'agit d'un lieu de rencontre pour les milieux aisés burkinabés et pour les occidentaux. S'en prendre à ce quartier, c'est l'assurance d'une publicité à travers le monde. N'oublions pas que le terrorisme vise à créer la terreur, par le moyen d'actions qui sont médiatisées mondialement. Le terrorisme gagne quand il fait peur. Lutter contre le terrorisme, c'est aussi relativiser sa portée. Il faut donc souligner qu'en matière de nombre de victimes comme de dégâts matériels, l'Afrique n'est pas durement touchée par le terrorisme.  Le Burkina a longtemps été épargné par les attentats qui déstabilisent le Sahel. Est-ce la chute du président Compaoré qui a tout changé ? Elle y a contribué. Rappelons que sous Blaise Compaoré, le Burkina Faso était une \"démocrature\". Le président tenait le pays en s'appuyant sur l'armée et les services de renseignement. Après la chute de Compaoré [en octobre 2014, NDLR], des militaires ont été laissés dans la nature, tandis que les services de renseignements dirigés par Gilbert Diendéré, l'homme fort du régime, ont été en partie démantelés. Mais aujourd'hui, ces services sont en cours de reconstruction. Le Burkina Faso peut aussi compter sur l'appui de la France et des Etats-Unis. Ouagadougou est d'ailleurs le centre névralgique de l'opération Barkhane, qui vise à lutter contre les groupes djihadistes du Sahel. Est-il vrai que Blaise Compaoré avait une sorte de pacte de \"non-agression\" avec les mouvances terroristes ? C'est tout à fait exact. Il y avait un double jeu de la part de Compaoré. Il imposait la paix intérieure par un pouvoir autoritaire, et il assurait la sécurité de son pays en étant lié aux divers trafics régionaux. C'est la raison pour laquelle il a pu exercer un rôle important lors de diverses négociations. Son départ du pouvoir a permis un \"printemps africain\", ce fut incontestablement un élément de démocratisation. Mais en même temps, il est vrai qu'il a laissé le champ libre aux mouvances terroristes – même si, bien sûr, on peut tout à fait être une démocratie et lutter efficacement contre le terrorisme. En frappant le Burkina Faso, les terroristes ont-ils voulu s'en prendre à une démocratie ? Je ne le crois pas – mais encore faut-il savoir qui va revendiquer l'attentat. Les réseaux djihadistes se sont étendus vers le sud, depuis la Libye et le Mali, vers le lac Tchad, le Burkina Faso, le Niger. La Côte d'Ivoire n'a pas été épargnée. Cette extension des réseaux djihadistes au niveau régional ne doit pas occulter que les conflits ont des racines locales – pour ce qui concerne le Burkina Faso, la tension entre éleveurs Peuls et agriculteurs, par exemple. Il y a des facteurs très localisés qui s'imbriquent à des facteurs régionaux d'allégeance et d'insertion dans des réseaux mafieux. Des réseaux mafieux ? C'est-à-dire ? Des trafics de drogues, de cigarettes, d'armes, des otages… Ces trafics sont souvent opérés par des personnes très jeunes. Leur insertion dans des réseaux idéologiques leur apporte à la fois des revenus et une valorisation sociale. Et le facteur religieux, est-il déterminant ? Une mouvance a besoin d'une idéologie mobilisatrice. Aujourd'hui, c'est l'islamisme. Mais s'agit-il de la radicalisation de l'islam ou de l'islamisation de la radicalité ? C'est tout le débat entre Gilles Kepel et Olivier Roy...  Pour ce qui concerne le Burkina Faso, j'ai tendance à dire qu'il s'agit plutôt d'une islamisation de la radicalité. Car il ne faut pas oublier les autres causes profondes. Ce pays est l'un des plus pauvres du monde, c'est un Etat enclavé, dont les principales richesses sont la culture du coton et l'extraction de l'or. Il n'y a pas de transition démographique pour une jeunesse qui manque de perspective d'avenir. C'est aussi un pays de très grandes disparités territoriales, avec des conflits ancestraux qui n'ont pas été réglés. Oui, il y a un djihadisme. La religion est l'un des référents idéologiques des groupes terroristes. Mais l'on aurait tort de réduire le terrorisme à cela, c'est plutôt une imbrication de facteurs.  \"Mal nommer les choses, c'est ajouter au malheur du monde\", a dit Camus. Quand on désigne ces mouvements uniquement par la religion, on est dans l'erreur, même si je ne nie pas du tout les tréfonds religieux de ces mouvements. On assiste depuis une vingtaine d'années dans la région au développement d'un intégrisme politique et religieux, financé par les monarchies pétrolières, qui propagent le salafisme et le wahhabisme. Ainsi, au Mali, la scolarisation des enfants a lieu à l'école coranique. C'est moins vrai au Burkina Faso, où l'on est plutôt dans des pratiques syncrétiques entre l'islam, le christianisme et la religion de l'oralité, qu'on appelle parfois animisme. Nous ne sommes pas dans l'intégrisme religieux, il n'y a pas de charia.  Propos recueillis par Baptiste Legrand Baptiste Legrand Journaliste "}