{"title": "attentat aux champs elysées : un symbole attaqué", "newspaper": "NouvelObservateur", "author": ["L'Obs"], "date_publi": "2017-04-21", "theme": "Terrorisme", "content": "La \"plus belle avenue du monde\" frappée en plein cœur, à trois jours du premier tour de la présidentielle française. Les images des Champs-Elysées bouclés par les véhicules de police et couverts de gyrophares après l'attentat dans lequel a péri un policier jeudi soir ont fait le tour du monde. Et pour cause : cette attaque survient sur un lieu hautement symbolique.  Avec ses boutiques de luxe, ses restaurants et ses grandes chaînes de magazins, cette artère mythique longue de 1,9 kilomètre, dont le nom signifie \"paradis\" dans la mythologie grecque et qui relie la place de la Concorde à l'Arc de Triomphe, attire à elle seule quelque 300.000 visiteurs par jour. La flambée des loyers commerciaux en a fait la troisième artère commerçante la plus chère au monde. Un passage obligé pour les touristes, bien que boudé par les Parisiens pour ses côtés consuméristes et bling-bling, ses prix, sa petite délinquance et sa foule. Avant de devenir le rendez-vous des shoppers, les Champs-Elysées ont été un marécage traversé par le Grand-Egout que Louis XIII décida d'assécher. Puis devinrent le lieu des élégances, comme le raconte Jacques Hillairet dans son \"dictionnaire historique des rues de Paris\". Sous les pavés se cache aussi l'histoire. Celle de Louis XVI, exhibé au peuple parisien après sa capture à Varennes. Ou encore celle du général de Gaulle défilant sur des Champs-Élysées libérés le 26 août 1944. C'est aussi un lieu de fête et de liesse, où l'on célèbre les victoires, comme celle de l'équipe de France lors de la Coupe du monde de football de 1998. C'est là que de nombreux fêtards de la Saint-Sylvestre se retrouvent pour changer d'année. Là aussi que l'armée parade le jour de la Fête nationale et que le soldat inconnu repose pour l'éternité.  Les Champs-Elysées concentrent aussi un nombre impressionnant de policiers et de militaires de l'opération Sentinelle, l'assurance de trouver une cible pour l'assaillant Karim Cheurfi, 39 ans, qui avait manifesté la volonté de s'en prendre à la police, comme l'Etat islamique le recommande à ses \"soldats du califat\". L'avenue se situe à deux pas de nombreuses ambassades, du ministère de l'Intérieur, du commissariat du 8e arrondissement de Paris et de l'Elysée. S'en prendre à cet emblème permet à Daech de mettre en place une stratégie de communication morbide, comme l'expliquait à l\"'Obs\" Alain Rodier, directeur chargé du terrorisme et de la criminalité au Centre français sur de recherche sur le renseignement (CF2R), à propos de l'attentat contre Westminster à Londres, le 22 mars dernier : Et l'organisation djihadiste ne s'y est pas trompée : l'Arc de Triomphe était ce matin en une des grands quotidiens internationaux. Les esprits retiendront cette image qui fait d'ors et déjà le tour du monde. Depuis deux ans, la France vit au rythme des attentats. L'hexagone est devenu une des cibles privilégiées de l'EI. Dès la création du mouvement, le défunt Abu Mohammed al-Adnani, porte-parole et chef des opérations extérieures, avait déclaré que tous les pays participant à la coalition devaient être attaqués sur leurs sols. \"Ces menaces ont été réitérées à plusieurs occasions. Les Français, comme les Britanniques récemment, les Américains ou les Saoudiens sont donc des cibles directes\", poursuit Alain Rodier. Un spécialiste du terrorisme indique dans le \"New York Times\", à quel point l'attaque sur les Champs-Elysées est \"un signe adressé à tous ses combattants et à ceux qu’il espère recruter, une façon de leur montrer qu'il est encore puissant\". Le quotidien américain relève évidemment la symbolique du lieu, \"l'avenue iconique de Paris\". G. R. et L. T. ? L'Obs "}