{"title": "attentat de saint-pétersbourg : où en est l'enquête ?", "newspaper": "NouvelObservateur", "author": ["L'Obs"], "date_publi": "2017-04-04", "theme": "Monde", "content": "L'attentat qui a fait 14 morts et 49 blessés lundi dans le métro de Saint-Pétersbourg a été attribué ce mardi 4 avril à un kamikaze de 22 ans né au Kirghizstan, qui aurait également déposé une deuxième bombe désamorcée à temps dans une autre station.  Si aucun groupe n'a revendiqué à ce jour l'attaque, le Comité d'enquête, qui a ouvert une enquête pour acte terroriste, a identifié ce mardi l'auteur présumé de l'attentat comme étant Akbarjon Djalilov. C'est également cet homme de 22 ans qui aurait déposé la seconde bombe désamorcée dans la station Plochtchad Vosstaniïa, a indiqué la même source, qui s'appuie sur des traces d'ADN et les images des caméras de surveillance.    Une photo non-datée issue d'un réseau social russe sur laquelle on peut voir Akbarjon Djalilov. (HO/AFP) Les services secrets du Kirghizstan, ex-république soviétique d'Asie centrale à majorité musulmane, avaient déjà identifié Akbarjon Djalilov comme le suspect. Né dans la région kirghize d'Och en 1995, une zone qui a fourni un fort contingent de djihadistes au groupe Etat islamique (EI), il avait \"probablement\" acquis la nationalité russe après avoir quitté le Kirghizstan en 2011, ont-ils précisé. Selon les services antiterroristes et d'enquête, l'explosion est survenue à 14h40 locales (13h40 en France) dans une rame circulant entre les stations Sennaïa Plochtchad et Tekhnologuitcheski Institout, dans le centre de la deuxième ville de Russie. Peu après, dans une autre station du centre historique, Plochtchad Vosstaniïa, un employé du métro a signalé la présence d'un sac abandonné, lequel contenait une bombe qui a été désamorcée à temps. Les services anti-terrroristes ont depuis renforcé les mesures de sécurité notamment dans les transports, les aéroports et les gares. Sans attendre une éventuelle revendication, la presse russe a interprété l'attentat de Saint-Pétersbourg comme un acte de représailles de l'organisation Etat islamique (EI), qui avait appelé à frapper la Russie pour son intervention militaire en soutien aux forces de Bachar al-Assad en Syrie, lancée fin septembre 2015. Le 31 octobre 2015, un Airbus A321 transportant des touristes russes s'était écrasé dans le Sinaï égyptien peu après son décollage de la station balnéaire de Charm el-Cheikh en direction de Saint-Pétersbourg, tuant ses 224 occupants. Le groupe EI avait alors revendiqué l'attaque. (Avec AFP) L'Obs "}