{"title": "attentat de manchester : où en est l'enquête ?", "newspaper": "NouvelObservateur", "author": ["L'Obs"], "date_publi": "2017-05-27", "theme": "Monde", "content": "Depuis ce samedi, onze personnes sont en garde à vue en Grande-Bretagne dans l'enquête sur l'attentat de Manchester qui a fait 22 morts à la sortie d'un concert pop et la police affirme avoir démantelé une \"bonne partie\" du réseau djihadiste autour du kamikaze, Salman Abedi. Les enquêteurs ont fait des progrès \"immenses\" dans l'enquête et continuent à explorer des pistes \"importantes\", a précisé dans l'après-midi de vendredi, Mark Rowley, le responsable de l'anti-terrorisme britannique, tout en annonçant que d'autres arrestations étaient \"probables\". Le point sur l'enquête.  Le chef de la police de Manchester, Ian Hopkins, avait très rapidement indiqué que l'enquête portait \"clairement\" sur un réseau autour du kamikaze, Salman Abedi, un Britannique d'origine libyenne.\n Au total, la police britannique a interpellé treize personnes, la plupart dans la région de Manchester : deux ont été relâchées sans poursuites, onze autres sont toujours en détention, dont deux hommes âgés de 20 et 22 ans arrêtés ce samedi dans la matinée. Parmi les gardés à vue figurent - Hachem - un frère et - Ramadan - le père du kamikaze, tous les deux  interpellés dès mardi en Libye, pays dont Salman Abedi est originaire.  Hachem Abedi, né en 1997 en Grande-Bretagne, a été appréhendé au moment où il recevait de l'argent envoyé par son frère. Il \"a indiqué qu'il appartenait à l'EI ainsi que son frère Salman Abedi\", selon la Force de dissuasion, qui fait office de police, loyale au gouvernement d'union nationale (GNA) en Libye. Né à Manchester en 1994 de parents libyens ayant fui le régime de Mouammar Kadhafi, Salman Abedi s'était rendu en Libye récemment avant de regagner la Grande-Bretagne quatre jours avant l'attentat. Il a baigné dans un contexte familial djihadiste et était animé d'un désir de \"vengeance\", d'après ses proches. Selon le \"Times\", Abedi aurait préparé l'attentat depuis au moins un an, achetant les composants de la bombe dans des magasins de Manchester.Après son retour de Libye, Abedi a été filmé par des caméras de vidéo-surveillance en train d'acheter un sac-à-dos à Manchester. Il aurait assemblé les composants de la bombe à deux adresses différentes, selon le \"Telegraph\". Le \"New York Times\" a publié huit photographies montrant différentes parties: détonateur, batterie, fragments d'un sac à dos bleu ou encore morceaux de métal et vis. Certains des composants \"sont accessibles et faciles à trouver\", a explique à l'AFP Will Geddes, patron d'une entreprise spécialisée dans la sécurité. Mais le \"détonateur lui-même\", une pièce métallique en forme de tube, \"est quelque chose sur lequel il n'est pas facile de mettre la main sans éveiller les soupçons\", dit-il. Selon le \"New York Times\", le détonateur contenait un petit circuit imprimé, et non pas un simple interrupteur comme c'est souvent le cas, suggérant un retardateur, voire même un récepteur pour un déclenchement à distance, ou une combinaison des deux. \"Il est clair que ça lui a été livré par un tiers\", estime Will Geddes. L'Obs "}