{"title": "\"on est ses frères\" : apologie du terrorisme face caméra au danemark", "newspaper": "NouvelObservateur", "author": ["L'Obs"], "date_publi": "2015-02-17", "theme": "Monde", "content": "Des habitants de Copenhague (Danemark) rendent hommage à l'auteur présumé des attaques qui ont fait deux morts le week-end du 14 et 15 février, en déposant de fleurs et en faisant l'apologie de son action. Des fleurs et des bougies ont été déposées au pied de l'immeuble devant lequel Omar El-Hussein, désigné comme l'auteur présumé des attaques meurtrières, a été abattu par la police. Selon les médias locaux, Omar El-Hussein était un Danois de 22 ans d'origine palestinienne. Il avait été remis en liberté depuis deux semaines après avoir purgé une peine de prison pour une agression au couteau. Le week-end du 14 et 15 février, il aurait tué deux personnes, un réalisateur de 55 ans qui participait à un débat sur la liberté d'expression et un juif de 37 ans, qui montait la garde devant la grande synagogue de Copenhague.  Sur France-2, un jeune homme a présenté Omar El-Hussein comme \"un martyr\" : \"Mais, il a tué des innocents ?\", interroge le journaliste. \"Je ne sais pas s'ils étaient innocents, je ne sais pas\", répond-t-il. Le même homme tient un discours similaire sur Canal+ : \"La plupart des gens qui viennent ici sont des musulmans\" a-t-il commenté, devant le parterre de fleurs. \"Ils viennent pour montrer leur soutien à ce jeune frère.\" Il ajoute : Un autre homme, interrogé par Canal+, va encore plus loin : Omar El-Hussein \"a un coeur en or. Cet homme en tant que musulman, on le soutient\". Avant d'ajouter : Les gerbes de fleurs déposées ont semé le malaise parmi les habitants. \"J'imagine que ces fleurs sont de la part des gens qui soutiennent ce qu'il a fait\", a expliqué un riverain \"choqué\" à France-24. \"Je pense que c'est dommage qu'il soit mort , mais il ne devrait pas y avoir de fleurs\", a confié un autre résident du quartier au journal suédois \"Aftonbladet\". Certains habitants sont sans voix. Ces fleurs ont bien été déposées pour rendre hommage au terroriste présumé. pic.twitter.com/tH1JOKDvEo Søren Pape Poulsen, président du parti conservateur danois, a condamné sur Twitter : \"Des fleurs déposées là où le terroriste a été tué . C'est stupide, irrespectueux et inhumain de lui rendre hommage.\" Blomster lægges hvor terroristen blev dræbt. Hvor dumt, respektløst og umenneskeligt at ære ham... #dkpol Même son de cloche pour Jakob Engel-Schmidt, figure de la gauche danoise, qui dit \"ne pas comprendre ceux qui déposent des fleurs [...] Chaque tige sur la terre contribue à nous diviser entre 'nous et eux', et il a agi seul. \" Forstår ikke de, der lægger blomster ved Svanevej. Hver stilk på jorden bidrager til at opdele i \"os og dem\", og han handlede alene #dkpol L'Obs "}