{"title": "opération franco-suisse : ce que l'on sait des 10 interpellés suspectés de préparer un attentat", "newspaper": "NouvelObservateur", "author": ["L'Obs"], "date_publi": "2017-11-10", "theme": "Société", "content": "Huit mises en examen, une remise en liberté... On en sait désormais un peu plus sur les dix arrêtées en début de semaine lors d'une vaste opération antiterroriste franco-suisse, en raison notamment des \"propos inquiétants\" qu'elles tenaient dans un groupe de discussion sur la messagerie cryptée Telegram.  Cette opération antiterroriste a été menée en France par la Sous-direction antiterroriste (Sdat) en cosaisine avec la Direction générale de la sécurité intérieure (DGSI).   Elle intervient dans le cadre d'une information judiciaire ouverte en France le 19 juillet pour des faits susceptibles d'être qualifiés d'\"association de malfaiteurs terroriste criminelle et provocation directe à la commission d'un acte de terrorisme par un moyen de communication au public en ligne\". Elle est, en effet, en lien avec l'arrestation, le 20 juin dernier à Vitry-sur-Seine dans le Val-de-Marne, d'un mineur de 13 ans soupçonné de projeter une attaque au couteau, comme le détaille \"l'Express\" dans un long article.\n Les 10 interpellés, neuf hommes et une femme, ont entre 18 et 65 ans. Le plus âgé est un ex-militaire converti, nous apprend \"le Parisien\". Selon le quotidien, cet homme arrêté à Menton dans les Alpes-Maritimes aurait servi deux ans dans l'armée de terre au tout début des années 1980, avant de déserter en 1983. Il avait, cette année-là, été condamné pour un incendie volontaire, déclenché pendant sa désertion.  Parmi les membres du groupe, se trouve également deux frères de 27 et 28 ans ; un imam suisse autoproclamé de 28 ans, soupçonné d'être \"le directeur religieux et opérationnel du groupe\" ; ainsi qu'une Colombienne de 23 ans présentée comme sa compagne.  Un \"prétendu imam\" selon Gérard Collomb : Les 10 suspects ont été interpellés mardi dans dans les Bouches-du-Rhône, les Alpes-Maritimes, la Seine-Saint-Denis et le Val-de-Marne et en Suisse. L'un d'entre eux, dont l'état de santé a été jugé \"incompatible avec son maintien en garde à vue\" fait depuis l'objet d'une hospitalisation d'office.   Sur Telegram, ce petit groupe parlait de \"projets d'actions violentes aux contours mal définis\", selon les enquêteurs. Mais c'est la ville de Nice qui était le plus souvent évoquée.  Il s'agissait \"d'un groupe d'individus qui correspondent sur des réseaux sécurisés (...) et qui tenaient des propos extrêmement violents\", a indiqué vendredi le procureur de Paris François Molins, évoquant \"un passage à l'acte dans les mois (à venir) en France avec des cibles, par contre, qui étaient plutôt indéterminées\". Selon les premiers éléments de l'enquête, aucune arme n'a été retrouvée au cours des perquisitions en France, dans le sud-est et en région parisienne, mais du matériel informatique a été saisi. Parmi les neuf hommes arrêtés, huit seront présentés à un juge en vue de leur mise en examen et le dernier a été remis en liberté, a indiqué vendredi une source judiciaire à l'AFP. Le parquet a requis le placement en détention provisoire de sept des huit individus déférés. Pour le huitième homme présenté à la justice, le parquet a demandé son placement sous contrôle judiciaire. Le Ministère public suisse a quant à lui a demandé à ce que la Colombienne de 23 ans soit placée en détention préventive. L'Obs "}