{"title": "attentat à new york : qui sont les victimes ?", "newspaper": "NouvelObservateur", "author": ["L'Obs"], "date_publi": "2017-11-02", "theme": "Monde", "content": "Parmi les huit personnes décédées, mardi 31 octobre, lors de l'attaque menée par Sayfullo Saipov à New York, figurent une majorité d'étrangers, notamment cinq touristes argentins et une Belge, ont annoncé les autorités de ces deux pays. Deux Américains ont également perdu la vie. Âgés de 48 à 50 ans, les cinq Argentins qui ont trouvé la mort dans les rues de Manhattan faisaient partie d'un groupe de dix personnes venues aux Etats-Unis fêter le 30e anniversaire de la fin de leurs études, menées à l'École polytechnique de Rosario. Quatre d'entre eux étaient architectes, et un autre chef d'entreprise dans le secteur de la sidérurgie, selon le journal argentin \"la Capital\". Tous étaient pères de famille. \"Leur voyage devait être une fête, et il s'est terminé dans la folie\", témoigne le frère de l'une des victimes.   Un sixième Argentin, membre de ce groupe, a également été blessé lors de l'attaque. Hospitalisé, cet homme également originaire de Rosario, mais résidant depuis quelques années à Boston, est désormais hors de danger.\n  Après la drame, \"la Capital\", le quotidien de la ville argentine dont étaient originaires les cinq victimes, a diffusé une photo des membres de ce groupe d'amis prise juste avant leur vol pour les États-Unis, le weekend dernier. Sur cette image, tous portaient un tee-shirt sur lequel était écrit \"Libre\".  ? ???????? ???????? #Atentado en #NuevaYork: un viaje de camaradería entre amigos #rosarinos que se convirtió en tragedia? https://t.co/RjYxCPRl8Q pic.twitter.com/qNKtNkrT5x La ville de Rosario a décrété trois jours de deuil en hommage aux cinq victimes. Plusieurs personnes ont déposé des bougies et des fleurs devant l'Ecole polytechnique de la ville. Maurico Macri, le président argentin, s'est quant à lui dit \"profondément affecté\".  En vacances à New York avec sa mère et ses deux sœurs, Ann-Laure Decadt, une belge de 31 ans, a elle aussi trouvé la mort de l'attaque, percutée par la camionnette alors qu'elle circulait à vélo, a annoncé Didier Reynders, le chef de la diplomatie belge. Nous devons malheureusement déplorer une victime belge à #Manhattan toutes nos condoléances à la famille. ???????????????? \"Elle était à vélo et a été visiblement surprise par le véhicule qui venait de l’arrière\", a expliqué son compagnon. Originaire de Staden, une ville située en Flandres, la jeune femme était mère de deux enfants, âgés de 3 ans et de trois mois.  Trois Belges figurent par ailleurs parmi les blessés, dont deux d’entre eux se trouvent dans un état critique. Selon la presse belge, les trois blessés appartiennent à la même famille. Il s’agirait d’un père, d’une mère et de leur enfant. Darren Drake est l'une des deux victimes américaines de l'attentat. Cet homme de 32 ans travaillait au sein de la société Moody’s Investors Services, qui se trouve au World Trade Center, à quelques mètres du lieu de l'attaque, écrit le \"Washington Post\". Originaire du New Jersey, Darren Brake avait décidé mardi après-midi de louer un vélo pour aller se balader le long de l'Hudson. La seconde victime américaine, Nicholas Cleves, était un jeune New-Yorkais de 23 ans. Ingénieur informatique, il vivait dans le quartier de West Village à Manhattan, à seulement quelques mètres du lieu du drame. Il a lui aussi été tué alors qu'il circulait à vélo. L'Obs "}