{"title": "attentat de manchester : stephen et chris, les deux héros sdf qui ont secouru des victimes", "newspaper": "NouvelObservateur", "author": ["L'Obs"], "date_publi": "2017-05-24", "theme": "Monde", "content": "Stephen Jones dormait près de la salle de concert de Manchester quand \"le boum\" de l'attentat suicide l'a réveillé. Chris Parker faisait la manche à proximité. Sans attendre, ces deux sans-abri se sont précipités pour aider, et sont devenus des héros sur les réseaux sociaux. \"C'était des enfants, beaucoup d'enfants avec du sang partout et qui criaient et pleuraient\", a expliqué mardi 23 mai sur la chaîne de télévision ITV, Stephen Jones, ce SDF de 35 ans au visage émacié, avec une moustache et un petit bouc. Cet ancien maçon, SDF depuis plus d'un an, ajoute : \"C'est pas parce que je suis sans-abri que je n'ai pas de cœur\", a-t-il fait valoir, expliquant : \"Ils avaient besoin d'aide\", \"c'est juste l'instinct d'aller aider\".   \"J'ai entendu un boum et, une seconde après, j'ai vu un éclair blanc puis de la fumée et j'ai entendu crier\", a quant à lui raconté à l'agence britannique Press Association Chris Parker, 33 ans, au bord des larmes. \"Ça m'a collé au sol. Ensuite, je me suis relevé et au lieu de m'enfuir, mon instinct m'a poussé à courir et à essayer d'aider\", a-t-il dit, décrivant \"des gens allongés par terre un peu partout\". \"J'ai vu une petite fille... elle n'avait plus de jambes. Je l'ai enveloppée dans un T-shirt et je lui ai demandé 'où est ta maman et ton papa'. Elle a répondu : 'Mon papa est au travail et ma maman est là-haut'\".  Chris Parker, qui dort dans les rues de Manchester depuis près d'un an, se rend régulièrement aux abords de la salle de concert pour faire la manche. Emu, il a également confié avoir tenté de réconforter une femme qui a fini par succomber à ses blessures : \"Elle est morte dans mes bras. Elle avait une soixantaine d'années et m'a dit qu'elle était venue avec sa famille.\" Il raconte : Mais \"ce sont les cris que je n'arrive pas à oublier et l'odeur... je n'aime pas le dire mais ça sentait la chair brûlée\". \"Nous n'avons presque pas dormi de la nuit à cause de ce qu'on a vu\", a confié Stephen Jones, évoquant les corps \"sans vie\" d'enfants allongés à même le sol et entourés par leurs mères \"hystériques\". La plus jeune victime identifiée était âgée de huit ans. L'attentat suicide, revendiqué par le groupe Etat islamique et qui a tué 22 personnes et en a blessé 59, a eu lieu lundi vers 22h30 (23h30 en France) à l'issue d'un concert de la chanteuse pop américaine Ariana Grande. Des collectes ont été lancées sur internet et avaient réuni, mercredi en fin de matinée, plus de 19.000 livres (plus de 22.000 euros) pour Stephen Jones et près de 28.000 livres (plus 32.000 euros) pour Chris. Michael Johns, à l'origine de la collecte pour Chris, sans le connaître, explique sur le site qu'il est nécessaire d'aider \"l'une des personnes les plus vulnérables dans notre société qui a fait preuve de beaucoup d'altruisme et de courage\". G.S. avec AFP L'Obs "}