{"title": "attentat à berlin : ce que l'on sait, ce que l'on ignore", "newspaper": "NouvelObservateur", "author": ["L'Obs"], "date_publi": "2016-12-21", "theme": "Terrorisme", "content": "La police allemande traque toujours, ce mercredi 21 décembre, l'auteur de l'attaque au camion qui a fait 12 morts et 48 blessés sur un marché de Noël berlinois lundi soir. L'attaque a été revendiquée par l'organisation Etat islamique, mais la revendication n'a pas été authentifiée. Où en est l'enquête et quelles zones d'ombres subsistent ? \"L'Obs\" fait le point. L'attentat a fait 12 morts et 48 blessés, selon le dernier bilan. 24 personnes étaient toujours hospitalisées mardi soir. Le poids lourd immatriculé en Pologne a foncé sur les petits chalets d'un marché de Noël installé dans un quartier fréquenté de Berlin, près de l'église du Souvenir.  Le groupe Etat islamique a revendiqué l'attaque mardi soir. L'agence de propagande du groupe djihadiste a affirmé qu'\"un soldat de l'EI a commis l'opération de Berlin en réponse aux appels à cibler les ressortissants des pays de la coalition internationale\". L'Etat islamique revendique l'attentat au camion de Berlin qui a fait 12 morts et 48 blessés #Allemagne pic.twitter.com/4nsVavdEoE La revendication n'a pas été authentifiée par les autorités allemandes, mais, selon le parquet antiterroriste, \"la cible choisie et le mode opératoire peuvent faire penser\" à une attaque islamiste. Un demandeur d'asile pakistanais de 23 ans interpellé lundi à deux kilomètres du lieu de l'attaque, un temps soupçonné par les enquêteurs d'en être l'auteur, a été remis en liberté mardi soir faute d'éléments à charge. \"Les résultats de l'enquête n'ont à l'heure actuelle pas mis au jour d'éléments confirmant des soupçons\" à son encontre et notamment sa présence dans la cabine du poids lourd, a expliqué le parquet fédéral. Le suspect interpellé lundi ayant été relâché, la police est toujours à la recherche de l'auteur de l'attaque. \"Une ou plusieurs personnes\" responsables de l'attentat \"sont en fuite [...] avec une arme\", a déclaré hier le chef de la police berlinoise Klaus Kandt. Le gouvernement allemand a fait savoir mercredi qu'un avis de recherche européen avait été émis pour retrouvé un nouveau suspect. Il s'agit d'un Tunisien de 21 à 23 ans, connu sous plusieurs identités et déjà suspecté de préparer une attaque.  Le chauffeur en titre du camion, un Polonais de 37 ans, a été retrouvé mort dans la cabine. D'après des informations du magazine \"Bild\", l'autopsie a montré qu'il était encore vivant au moment où le véhicule a été projeté sur le marché. Il portait des traces de lutte et des coups de couteau et a été abattu par balles dans la cabine. Après s'être fait voler le véhicule, il a vraisemblablement tenté de s'emparer du volant du camion pour éviter le carnage. A.R. (avec AFP) ? L'Obs "}