{"title": "en espagne, un pacte politique original contre le terrorisme", "newspaper": "NouvelObservateur", "author": ["Baptiste Legrand"], "date_publi": "2017-08-18", "theme": "Monde", "content": "La réponse du chef du gouvernement espagnol n'a pas tardé. Dès jeudi soir, quelques heures après l'attentat à la voiture-bélier à Barcelone, Mariano Rajoy rappelait la nécessité d'un pacte antiterrorisme entre les partis politiques. A quoi fait-il allusion ? Nous sommes en février 2015, quelques semaine après l'attentat de Charlie Hebdo et de l'hyper Cacher à Paris. Après avoir marché aux côtés de François Hollande et de nombreux chefs d'Etat et de gouvernement, Mariano Rajoy signe avec Pedro Sanchez, le patron de l'opposition socialiste (PSOE, gauche), un \"pacte d'Etat\" pour lutter contre le terrorisme djihadiste. Les deux principaux partis politiques espagnols s'entendent sur un document intitulé \"accord pour consolider l'unité pour défendre la liberté et lutter contre le terrorisme\". Mariano Rajoy (Parti populaire, PP, droite) salue alors un \"message clair\" adressé aux extrémistes, un signal que l'unité nationale est possible dès lors qu'il s'agit de faire face à la \"grande menace de nos jours\" qu'est le terrorisme. Au-delà du symbole, l'accord prévoit un renforcement des moyens de la justice et des services de renseignement. Et surtout, l'adoption d'un arsenal législatif de lutte antiterrorisme, telle que la pénalisation de la diffusion de messages sur Internet ou du financement d'activités criminelles. Mais il prévoit aussi l'introduction dans le code pénal espagnol d'une peine de \"prison permanente révisable\", c'est-à-dire le retour de la prison à perpétuité – même si cette peine peut être révisée au bout de vingt-cinq ou trente ans d'emprisonnement. Bien qu'opposés à cette mesure, les socialistes finissent par s'y résoudre, tout en promettant de modifier ce dispositif s'ils reviennent au pouvoir. Ce n'est pas la première fois que droite et gauche parviennent à un consensus. Mais jusqu'alors, il s'agissait de la lutte contre ETA, l'organisation indépendantiste basque. Le traumatisme de 2004 – 191 morts à Madrid dans un attentat revendiqué par Al-Qaïda –  contribue sans doute à cette forme d'\"union sacrée\". En novembre 2015, au lendemain des attentats de Paris contre le Bataclan, le Stade de France et des terrasses, Mariano Rajoy réunit le Conseil de sécurité national. Il consulte aussitôt son partenaire du pacte anti-djihadisme. Le pacte est alors élargi à une nouvelle formation politique, Ciudadanos (centre droit), en pleine ascension à l'approche des élections de décembre, indique le site spécialisé Euractiv.fr. Mais pas à Podemos. Pablo Iglesias, le leader du parti de la gauche radicale, décline la proposition. Les attaques de Barcelone et de Cambrils changent la donne. Podemos \"a demandé dès jeudi soir à participer en tant qu'observateur aux réunions ce pacte anti-terrorisme\", souligne Benoit Pellistrandi, historien spécialiste de l'Espagne, interrogé par France Info. Le rassemblement qui a eu lieu vendredi midi Place de la Catalogne est un autre symbole de la capacité de la classe politique espagnole à s'unir sur l'essentiel. Le roi Felipe VI, Mariano Rajoy, son adversaire indépendantiste Carles Puigdemont, président de la région de Catalogne, ainsi que la maire de Barcelone Ada Colau, élue avec le soutien de Podemos, se sont recueillis côte à côte. B.L. ? Baptiste Legrand Journaliste "}