{"title": "new york : l'auteur de l'attentat \"était lié\" à daech et s'est radicalisé aux etats-unis", "newspaper": "NouvelObservateur", "author": ["L'Obs"], "date_publi": "2017-11-01", "theme": "Monde", "content": "L'homme qui a foncé mardi 31 octobre sur des piétons et cyclistes à New York était un Ouzbek du nom de Sayfullo Saipov, qui planifiait l'attaque depuis des semaines \"au nom de l'Etat islamique\", a indiqué la police new-yorkaise ce mercredi. Le suspect, arrivé aux Etats-Unis en 2010, \"l'a fait au nom de l'EI\", a déclaré John Miller, adjoint au chef de la police new-yorkaise en charge de la lutte contre le terrorisme, lors d'une conférence de presse avec le maire de la ville et le gouverneur de l'Etat. \"Des notes manuscrites en arabe\" mentionnant l'EI, dont il semble \"avoir suivi\" les instructions, ont été retrouvées sur les lieux de l'attaque, dans le sud-ouest de Manhattan.  \n La police a précisé qu'elle avait pu interroger sur son lit d'hôpital le suspect de 29 ans, blessé au ventre par un policier, sans donner de détails. Elle n'a pas confirmé qu'il avait été opéré mardi soir, comme l'ont rapporté plusieurs médias américains. Les policiers tentent maintenant de reconstituer précisément l'itinéraire de ce résident de Paterson, à 60 km de New York dans le New Jersey, marié et père de plusieurs enfants. S'il était connu pour des infractions au code de la route, Sayfullo Saipov n'avait jusqu'ici \"jamais fait l'objet d'une enquête\" du FBI ou des services anti-terroristes de la police, a indiqué John Miller. Selon la police, il a loué la camionnette à Passaic, dans le New Jersey, juste après 14h00, ralliant rapidement Manhattan avant de foncer peu avant 15 heures sur la promenade qui longe la Hudson River, où se pressaient beaucoup de promeneurs et de cyclistes pour Halloween. Saipov, dont plusieurs médias ont rapporté qu'il fréquentait régulièrement la mosquée de Paterson, \"s'est radicalisé\" aux Etats-Unis, a souligné le gouverneur démocrate de l'Etat de New York, Andrew Cuomo, en le qualifiant de \"lâche perverti\". \"Tous les éléments dont nous disposons indiquent que nous avons un modèle de loup solitaire\", a souligné le gouverneur, alors que le maire Bill de Blasio soulignait qu'il n'y avait selon les enquêteurs \"aucune autre menace\" planant sur New York.  #NYCStrong #USA???????? pic.twitter.com/6K3Xw5P87d Les mesures de sécurité ont néanmoins été considérablement renforcées, avec une police plus visible que d'habitude dans cette ville pourtant déjà très surveillée. La police a indiqué avoir doublé ses effectifs déployés dans les lieux stratégiques, les gares et les aéroports, en prévision notamment du marathon de New York dimanche, qui attire chaque année plus de 50.000 coureurs et quelque 2,5 millions de spectateurs. \"Nous allons de l'avant et attendons avec impatience le marathon de dimanche\", a déclaré le maire, qui joue sa réélection mardi prochain. \"Il se déroulera comme prévu [...] Il sera protégé, comme il l'est toujours, et nous allons prendre des mesures de sécurité supplémentaires\", a-t-il ajouté, en se félicitant que le traditionnel défilé de Halloween mardi soir ait lui aussi été maintenu et attiré \"un million de participants\" malgré l'attentat. Les responsables ont mis en garde contre toute stigmatisation de la communauté musulmane et le gouverneur a vivement critiqué les tweets du président Donald Trump mardi soir. \"Ils n'ont vraiment pas aidé, et je pense qu'ils n'étaient pas exacts\", a déclaré le gouverneur, opposant notoire du président républicain. \"On fait le jeu des terroristes en divisant et en effrayant les gens\", a-t-il ajouté. Le président américain a appelé dès mardi soir à renforcer les contrôles des personnes souhaitant entrer aux Etats-Unis, invoquant la nécessité d'empêcher \"l'EI de revenir ou d'entrer dans notre pays\".  The terrorist came into our country through what is called the \"Diversity Visa Lottery Program,\" a Chuck Schumer beauty. I want merit based. Mercredi, il a aussi appelé à supprimer le système de loterie qui permet à certains étrangers d'obtenir un titre de séjour permanent, et a évoqué la possibilité d'envoyer le suspect à Guantanamo, la prison pour jihadistes présumés à la sinistre réputation que le président Barack Obama avait échoué à fermer. La police a confirmé que sur les huit personnes qui ont péri, six étaient des étrangers - cinq Argentins et un Belge - et deux des Américains. La Belge était originaire de Roulers, selon Bruxelles, et les Argentins étaient d'anciens camarades d'école qui fêtaient le 30e anniversaire de leur diplôme, originaires de la ville de Rosario. Douze personnes ont été blessés, selon les pompiers: neuf étaient toujours hospitalisées mercredi matin, dont quatre dans un état \"critique mais stable\", ont-ils précisé. Dans le quartier de TriBeCa où s'est déroulée l'attaque et où se trouvent de nombreuses écoles, plusieurs pâtés de maison étaient toujours bouclés et beaucoup de gens étaient encore sous le choc ce mercredi matin. T.V. et P.L. L'Obs "}