{"title": "perquisitions sous l'état d'urgence : \"qu'est-ce qu'on a fait pour mériter ça ?\"", "newspaper": "NouvelObservateur", "author": ["L'Obs"], "date_publi": "2015-12-22", "theme": "Etat d'urgence", "content": "Il a cru à un tremblement de terre, il a bondi de son lit. Le souffle de l'explosion a plié en deux la porte blindée de son appartement, des débris ont volé jusque sur les paliers du premier étage. Tenu en joue à 2 heures du matin par trois hommes casqués en tenue de combat et armés de fusils-mitrailleurs dans son salon étouffé de poussière, Youssef a été jeté au sol avec point de pression sur la nuque. Avant de s'évanouir, il a hurlé : \"Touchez pas à ma femme, elle est enceinte !\" A quelques rues de là, le maire de Crépy-en-Valois a lui aussi été tiré du sommeil par un SMS : \"Plusieurs perquisitions en cours, je vous attends à la gendarmerie\", signé : \"le préfet de l'Oise\". Bruno Fortier, hagard, a traversé sa ville comme si c'en était une autre, \"en état de siège\". Un hélicoptère tournoyait dans la nuit noire, des dizaines de cars de CRS, la BRI, le GIGN occupaient les rues d'ordinaire désertes, des projecteurs braqués sur les façades des immeubles de la rue Kennedy, où habite Youssef, ont sorti de la nuit tout un quartier. \"Je me demande ce qu'on a fait pour mériter ça ?\" dit le maire. Comme si un mauvais sort était tombé sur la commune et ses 15.000 habitants. Il y a moins d'un an déjà, Crépy-en- Valois était le théâtre de la même guerre avec les frères Kouachi, auteurs de l'attentat contre \"Charlie Hebdo\". Cette fois, le déploiement de forces n'a fait qu'\"accroître la panique\", confie Bruno Fortier, ému aux larmes. L'Obs "}