{"title": "voeux 2016. hollande aux français : \"je suis fier de vous\"", "newspaper": "NouvelObservateur", "author": ["Audrey Salor"], "date_publi": "2015-12-31", "theme": "Politique", "content": "Au terme d'une année 2015 ensanglantée par des attentats sur le sol français, les vœux de François Hollande aux Français étaient sans doute les plus attendus depuis le début de son quinquennat. Lors de sa traditionnelle allocution télévisée depuis l'Elysée, le président de la République s'est posé en protecteur de la nation face à la menace terroriste, qui a-t-il dit, \"reste à son plus haut niveau\".   Ce 31 décembre, François Hollande a confirmé que la lutte contre celle-ci demeurait la colonne vertébrale de son action : \"Mon premier devoir, c'est de vous protéger\". L'occasion, pour le chef de l'Etat, de légitimer une nouvelle fois l'engagement militaire de la France sur le terrain :\nVous protéger, c'est agir à la racine du mal : en Syrie, en Irak. C'est pourquoi nous avons intensifié nos frappes contre Daesh. Les coups portent, les djihadistes reculent, alors nous continuerons autant que nécessaire\".\n Sans surprise, le président de la République n'a pas hésité à jouer la carte de l'unité nationale, dont il s'est posé en garant, prônant une France soudée face à l'adversité : \"Françaises, Français, je suis fier de vous. Vous avez fait preuve dans ces circonstances de détermination, de solidarité et de sang-froid\", a-t-il jugé, avant de rendre hommage une nouvelle fois aux victimes du \"fanatisme\". C'est dans ce contexte que François Hollande a renvoyé les opposants à la déchéance de nationalité pour les binationaux nés Français coupables de terrorisme, nombreux dans son propre camp - et particulièrement bruyants ces derniers jours -, au rang d'adeptes des \"clivages partisans\". Alors que la révision de la Constitution, qui inclut cette mesure controversée, doit être débattue dès le 3 février à l'Assemblée nationale, \"il revient désormais au Parlement de prendre ses responsabilités\", a lancé le chef de l'Etat. Et d'ajouter : \"Le débat est légitime\". Mais la France Le thème de la lutte contre le terrorisme n'a pas pour autant éclipsé les questions économiques, et notamment la baisse du chômage, à laquelle Hollande avait lié une nouvelle candidature en 2017. \"La lutte contre le chômage reste ma première priorité\", a assuré le président, qui sur ce front, n'a pourtant essuyé que des échecs depuis le début de son quinquennat : avec 3,57 millions de personnes sans activité, le chômage demeure en France à un niveau record. François Hollande, qui a évoqué \"un état d'urgence économique et social\", a toutefois annoncé une formation pour \"500.000\" demandeurs d'emploi supplémentaires. La \"cause du climat\" doit devenir \"un grand chantier pour l'emploi et pour la qualité de la vie\" avec le lancement d'\"un programme de grands travaux pour la rénovation de nos bâtiments, pour le développement des énergies renouvelables et pour la croissance verte\". Le président a également annoncé de nouvelles aides à l'embauche dans les PME, \"dès le début de la nouvelle année\". \"Chacun sait que c'est dans les PME que les emplois se créent\", a-t-il fait valoir. En outre, a-t-il promis, Il a fixé \"l'objectif qu'aucun apprenti ne soit sans employeur et qu'aucun employeur ne demeure sans apprenti. Tout jeune doit être en formation ou en emploi, quelle qu'en soit la forme\", a-t-il insisté, en appelant à un \"devoir sacré\". Car ce soir, si Hollande s'est posé en protecteur de la nation, il n'ignore pas que c'est bien sur le terrain de l'emploi qu'il est attendu au tournant en 2016. Audrey Salor Audrey Salor Journaliste "}