{"title": "terrorisme : \"mamie djihad\" condamnée à 10 ans de prison ", "newspaper": "NouvelObservateur", "author": ["L'Obs"], "date_publi": "2017-10-06", "theme": "Justice", "content": "Elle a été renommée \"Mamie djihad\", le surnom d'une mère ayant \"pleinement adhéré\" à l'idéologie fanatique de son fils parti combattre en Syrie. Christine Rivière, 51 ans, a été condamnée, ce vendredi 6 octobre, à 10 ans de prison, assortis d'une période de sûreté des deux tiers - la peine maximale - par le tribunal correctionnel de Paris. La justice a suivi l'ensemble des réquisitions du parquet, relevant la \"détermination\" de cette mère de famille de 51 ans qui a \"contribué au départ de plusieurs jeunes femmes\" et s'est \"totalement épanouie dans cette idéologie\" mortifère.  Elle était poursuivie pour association de malfaiteurs en vue de la préparation d'actes de terrorisme. Elle avait notamment effectué, en 2013 et 2014, trois séjours en Syrie où elle a rejoint son fils Tyler Vilus, combattant d'un groupe djihadiste qui allait devenir l'Etat islamique (EI).\n \"Mamie djihad\" explique être partie rejoindre son fils en Syrie quand elle a \"compris qu'il ne reviendrait pas\". Un fils qu'elle ne voulait \"pas pousser à tomber en martyr, mais bon, ça pouvait arriver\". Il aurait gagné \"une place au paradis, proche d'Allah\", et une mère aimante ne \"s'oppose pas\" à la volonté de son fils. Christine Rivière sera interpellée le 2 juillet 2014, au domicile de son autre fils alors qu'elle s'apprêtait à repartir en Syrie. Son fils Tyler est arrêté un an plus tard, en Turquie, et extradé vers la France. Son dossier est toujours à l'instruction. Certes, c'est son fils qui l'a convertie, en 2012, mais elle serait venue à l'islam de toutes façons, a-t-elle dit jeudi lors de l'ouverture de son procès. Une religion qui l'a \"apaisée\": elle a mis le jilbad - voile couvrant tout le corps à l'exception de l'ovale du visage - \"tout de suite\". Durant le procès, \"Mamie djihad\", la doyenne de la trentaine de femmes revenues de Syrie et incarcérées en France, s'est bornée à répéter qu'elle n'a jamais combattu, ni aidé l'Etat islamique.  (Avec AFP)  L'Obs "}