{"title": "manchester : ce que l'on sait de l'attentat suicide au concert d'ariana grande", "newspaper": "NouvelObservateur", "author": ["L'Obs"], "date_publi": "2017-05-23", "theme": "Monde", "content": "Deux mois jour pour jour après l'attentat de Westminster, le Royaume-Uni est à nouveau la cible d'un acte terroriste. Un attentat-suicide a frappé le concert d'Ariana Grande lundi soir à Manchester, faisant au moins 22 morts et 59 blessés. L'explosion a provoqué des scènes de panique dans la salle de concert, mais aussi au-dehors, où des parents attendaient la sortie de leurs enfants. Le point sur ce que l'on sait. Un attentat suicide a fait au moins 22 morts, dont plusieurs enfants, et 59 blessés à l'issue du concert de la chanteuse américaine Ariana Grande, lundi soir 22 mai, à Manchester, dans le nord-ouest de l'Angleterre. Les victimes sont soignées dans huit hôpitaux à Manchester et ses environs.   (John SAEKI, Laurence CHU / AFP) L'auteur de l'attaque est mort en actionnant un engin explosif, a indiqué mardi matin la police, qui a rapidement évoqué un \"acte terroriste\". Selon la police des transports de Manchester, la puissante explosion a eu lieu dans le foyer de la Manchester Arena, une salle capable d’accueillir jusqu’à 20.000 personnes, à la fin du concert vers 22h30 (23h30 heure française) Il s'agit de l'attaque la plus meurtrière visant le Royaume-Uni depuis les attentats de Londres il y a douze ans. L'explosion a provoqué des scènes de panique dans la salle de concert, mais aussi au-dehors, où des parents attendaient la sortie de leurs enfants. \"Il y avait beaucoup d'enfants et d'adolescents comme ma fille au concert. C'est juste tragique\", a déclaré à l'AFP Stephanie Hill, venue assister au concert avec sa fille, Kennedy. \"Nous étions en train de quitter la salle après le concert d'Ariana Grande lorsqu'on a entendu un bang, comme une explosion, qui a paniqué tout le monde, et tout le monde essayait de fuir\", a raconté Majid Khan, 22 ans, à l'agence britannique Press Association. \"On a écouté la dernière chanson et soudain, il y a eu comme un flash avec un bang et puis de la fumée\", a précisé à la BBC Gary Walker, de Leeds, venu avec sa femme pour attendre leur fille à la sortie du concert. M. Walker a dit avoir été atteint au pied par un éclat de métal et sa femme a été blessée à l'estomac.  Elena Semino, qui attendait sa fille de 17 ans au guichet de vente des billets au moment de l'explosion et a elle-même été touchée, a raconté au \"Guardian\" : Interviewée par la BBC, Emma Johnson a précisé la localisation de l'explosion : Dans la salle, \"tout le monde paniquait, ça poussait dans les escaliers\", a déclaré Isabel Hodgins à la chaîne de télévision Sky News. \"Le couloir était plein de monde, il y avait une odeur de brûlé, il y avait beaucoup de fumée pendant qu'on sortait\", a-t-elle dit. \"Des gens hurlaient qu'ils avaient vu du sang, mais d'autres disaient que c'étaient des ballons qui avaient explosé ou une enceinte qui avait claqué\", a déclaré Robert Tempkin, 22 ans, à la BBC. D'après Cheryl McDonald, venue avec sa petite fille de 9 ans, la salle était \"pleine d'enfants\". \"Ma fille est très, très choquée\", a-t-elle dit à Sky. Ian Hopkins, chef de la police de Manchester, a établi un premier point sur l’enquête mardi matin aux alentours de 8 heures. \"Nous avons été appelés à 22h33 (23h33 heure française) pour faire état d’une explosion à l’Arena de Manchester à la fin d’un concert d’Ariana Grande\", a-t-il expliqué. \"Nous avons considéré cette affaire comme un acte terroriste et nous croyons, à ce stade, que l’attaque de la nuit dernière a été conduite par un homme. La priorité est d’établir s’il a agi seul ou s’il fait partie d’un réseau\", a-t-il poursuivi avant de préciser que l’individu était mort dans l'explosion. \"Nous pensons que l’assaillant portait un système explosif artisanal qu’il a actionné causant cette atrocité\". Plus de 400 officiers ont été déployés dans la nuit, a indiqué le chef de la police de Manchester, Ian Hopkins.  L'attaque n'a pas été revendiquée à ce stade.  La Première ministre britannique Theresa May a déclaré en fin de matinée que la police pensait connaître l'identité de l'auteur de l'attentat. Mardi matin, la zone était complètement bouclée et l'accès à la salle de concert barrée par un cordon de police jaune portant la mention \"scène de crime, défense d'entrer\". Des fans d'Ariana Grande quittaient un hôtel situé à proximité, choqués par l'attaque, a constaté l'AFP. Selon la police des transports de Manchester, l'explosion s'est produite dans le foyer du stade qui abrite la salle de concerts. Latest statement on incident at Manchester Arena @CCIanHopkins pic.twitter.com/LDG1wgX2sT La chanteuse Ariana Grande s'est dite \"brisée\" par l'attentat. \"Brisée. Du fond du cœur, je suis affreusement désolée. Je n'ai pas de mots\", a tweeté la chanteuse américaine, qui effectue actuellement une tournée en Grande-Bretagne. broken. from the bottom of my heart, i am so so sorry. i don't have words. Cette jeune chanteuse de 23 ans est une grande star auprès de nombreux pré-adolescents. Bien que son dernier album soit intitulé \"Dangerous Woman\", Ariana Grande a une réputation plutôt sage et n'est pas coutumière des polémiques et scandales. Née en Floride dans une famille d'origine italienne, elle a très jeune fait des débuts prometteurs en rejoignant les chanteurs d'une comédie musicale de Broadway, à New York. Un rôle dans le sitcom \"Victorious\" lui permet de cultiver un look adolescent, qu'elle garde en portant fréquemment des couettes ou un bandeau à oreilles de chat. \"Nous travaillons à établir tous les détails de ce qui est traité par la police comme une épouvantable attaque terroriste\", a réagi la Première ministre britannique Theresa May, en exprimant sa sympathie aux familles. \"Londres est aux côtés de Manchester, nos pensées vont aux morts et aux blessés\", a tweeté son maire Sadiq Khan. La ministre de l'Intérieur britannique Amber Rudd a dénoncé une \"attaque barbare visant délibérément parmi les plus vulnérables de notre société : des jeunes et des enfants sortis pour aller voir un concert pop\". \"Paris est cette nuit aux côtés de Manchester\", a tweeté en écho la maire de la capitale française Anne Hidalgo. #Paris est cette nuit aux côtés de #Manchester. Mes pensées vont aux victimes, à leurs familles et aux secours qui interviennent sur place. Le président du Conseil européen Donald Tusk a affirmé : \"Mon cœur est à Manchester cette nuit.\" Le président français Emmanuel Macron a fait part de son \"effroi\" et de sa \"consternation\". J'adresse mes pensées au peuple britannique, aux victimes et à leurs proches. Nous menons ensemble le combat contre le terrorisme. Le Premier ministre Edouard Philippe a également exprimé \"sa tristesse, la solidarité du peuple français et (son) amitié indéfectible\". La chancelière allemande Angela Merkel a fait part de sa \"tristesse\" et de son \"horreur\" : \"Cette attaque terroriste présumée ne fera que renforcer notre détermination à travailler avec nos amis britanniques contre ceux qui commettent des actes aussi inhumains\", a-t-elle ajouté. Theresa May et son rival travailliste Jeremy Corbyn ont décidé de \"suspendre jusqu'à nouvel ordre\" leur campagne en vue des élections législatives du 8 juin, a déclaré Jeremy Corbyn, cité par l'agence Press Association. L'attentat s'est déroulé deux mois jour pour jour après celui de Londres qui avait fait 5 morts. Près du Parlement, un homme avait foncé dans la foule avec un véhicule et poignardé un policier avant d'être abattu. En juillet 2005, une série d'attentats suicide avaient fait 56 morts, dont les quatre kamikazes, et 700 blessés dans les transports londoniens. Un groupe se réclamant d'Al-Qaïda avait revendiqué les attaques. L'Obs "}