{"title": "trump veut la fin de la loterie des cartes vertes : 3 questions pour comprendre le débat", "newspaper": "NouvelObservateur", "author": ["Renaud Février"], "date_publi": "2017-11-03", "theme": "L'Amérique selon Trump", "content": "La fin de la loterie des cartes vertes ? Avant même une confirmation des responsables de l'enquête, Donald Trump a annoncé mercredi 1er novembre vouloir mettre fin à la loterie d'attribution des cartes vertes, qui donnent droit de s'installer aux Etats-Unis, l'auteur de l'attentat meurtrier à New York ayant bénéficié de ce système. \"Le terroriste est entré dans notre pays grâce au programme de loterie de visas de diversité, une merveille de Chuck Schumer\" [le chef de l'opposition démocrate au Sénat, l'un des promoteurs de ce programme en vigueur depuis une vingtaine d'années, NDLR], a ironisé dans un tweet le président républicain, en ciblant le chef de l'opposition démocrate au Sénat.  The terrorist came into our country through what is called the \"Diversity Visa Lottery Program,\" a Chuck Schumer beauty. I want merit based.\n— Donald J. Trump (@realDonaldTrump) 1 novembre 2017 Et de poursuivre un peu plus tard à la Maison-Blanche : I am calling on Congress to TERMINATE the diversity visa lottery program that presents significant vulnerabilities to our national security. pic.twitter.com/tW4wOlI4vu Trois questions pour comprendre le débat. Le \"programme de loterie de visas de diversité\" est une loterie qui offre chaque année l'espoir du rêve américain à des millions d'étrangers qui y sont candidats, même si les heureux élus ne sont que 50.000. L'inscription est gratuite. Le prix ? Un précieux sésame : la carte verte, une carte de résident permanent, qui permet de s'installer et de travailler légalement aux Etats-Unis. Les gagnants doivent seulement justifier d'un niveau d'études équivalant au bac ou de deux années d'emploi à un poste nécessitant une formation. Les droits et les devoirs des porteurs de la carte sont identiques à ceux des citoyens américains, à l'exception du droit de vote et de celui de servir en tant que juré, expliquait Franceinfo début octobre. Il est ensuite possible de faire une demande de naturalisation, après avoir été détenteur de la carte verte depuis 5 ans au minimum. Le système d'attribution aléatoire des cartes vertes favorise les pays avec un taux d'émigration en Amérique relativement bas sur les cinq années précédentes. Certains pays sont même tout bonnement exclus de la loterie, car de trop immigrés issus de ces pays sont arrivés aux Etats-Unis dans les cinq dernières années. Pour la prochaine loterie (2019), il s'agit du Bangladesh, du Brésil, du Canada, de la Chine, la Colombie, la Corée du Sud, le Guatemala, Haïti, l'Inde, la Jamaïque, le Mexique, le Nigéria, le Pakistan, le Pérou, les Philippines, la République Dominicaine, le Royaume-Uni (sauf l'Irlande du Nord), le Salvador et le Vietnam. Une grosse moitié de ces visas sont, à l'inverse, attribués à des pays africains. En 2016, plus de 11 millions de personnes à travers le globe ont tenté leur chance pour obtenir le statut de résident permanent sur le territoire américain, précise France 24. De telles mesures existent depuis un demi-siècle, mais Donald Trump et ses alliés se déchaînent depuis ce mercredi contre le programme, adopté dans le cadre de l'Immigration Act de 1990, entré en vigueur en 1995. We are fighting hard for Merit Based immigration, no more Democrat Lottery Systems. We must get MUCH tougher (and smarter). @foxandfriends Le président a également cité un officier américain à la retraite qui a déclaré sur Fox News que Chuck Schumer favorisait \"l'importation de problèmes européens\" en Amérique. L'intéressé s'est défendu dans un communiqué : Même si Chuck Schumer a en effet beaucoup oeuvré pour cette mesure, la loi générale l'incluant a été votée par des démocrates et des républicains, puis signée par le président George Bush senior ! \"Le président Trump, plutôt que de politiser et de diviser les Etats-Unis, ce qu'il semble toujours faire en des temps de tragédie nationale, devrait se concentrer sur la véritable solution - le financement antiterroriste - qu'il a proposé de réduire dans son dernier budget\", a ajouté le ténor démocrate. Une étude officielle en 2007 n'a pas établi de menace particulière à la sécurité nationale émanant de bénéficiaires de ce programme censé élargir le métissage d'un pays fondé par des colons. Un rapport du Congrès de 2011 n'avait pas non plus tranché, citant simplement le cas d'un Egyptien qui avait tué deux personnes par balle en 2002 à l'aéroport de Los Angeles, après que sa femme eut reçu un permis de résidence à la loterie. Mais le système n'est pas laxiste pour autant, assure Carly Goodman, citée par France 24 :  \"Après avoir été sélectionnés, les candidats doivent prouver qu’ils disposent d’un niveau d’éducation équivalent au lycée et qu’ils ont déjà exercé un emploi requérant une formation. Leur état médical et leurs antécédents judiciaires sont aussi contrôlés. Il y en a beaucoup qui abandonnent. A l’issue de ces démarches, certaines peuvent toutefois être refusées, selon divers critères. Omettre de mentionner le nom de son épouse dans son dossier en est un.\" Reste que l'attentat de New York vient apporter de l'eau au moulin de Donald Trump, qui a remporté la Maison-Blanche sur des promesses de resserrement des frontières. Le président a depuis rencontré les plus grandes difficultés, signant trois versions successives de décrets anti-immigration suspendus tour à tour par des juges. En plus de se voir reprocher de cibler de façon discriminatoire les musulmans, les décrets présidentiels ont été critiqués sur leur efficacité voulue : depuis les attentats du 11-Septembre 2001, les attaques les plus graves aux Etats-Unis ont été commises soit par des Américains, soit par des ressortissants ne provenant pas des pays visés par ces décrets migratoires. L'Ouzbek de 29 ans qui a endeuillé Manhattan, identifié comme Sayfullo Saipov, est arrivé aux Etats-Unis en 2010. L'Ouzbekistan ne fait pas partie des pays ciblés par Donald Trump, qui a ordonné quelques heures après l'attaque un renforcement du filtrage aux frontières. R.F. Renaud Février Journaliste "}