{"title": "terrorisme, brexit... ce qui plombe vraiment la croissance française", "newspaper": "NouvelObservateur", "author": ["Donald Hebert"], "date_publi": "2016-10-07", "theme": "Economie", "content": "Mauvaise nouvelle. L'Insee revoit à la baisse sa prévision de croissance pour cette année. Alors qu'en juin elle anticipait encore une progression du Produit intérieur brut (PIB) de 1,5% en 2016, elle table désormais sur 1,3%. Cette révision à la baisse était prévisible au regard du consensus des économistes, entre 1,2% et 1,3%. Elle n'en demeure pas moins gênante pour le gouvernement, qui a notamment bâti son budget sans trop tenir compte des mises en garde du Haut conseil des finances publiques. Certains commentateurs se demandent du coup si le \"ça va mieux\" de François Hollande n'était pas vraiment prématuré. Au Trésor, on rappelle toutefois que la croissance a été révisée à la hausse de 0,4 point l'an passé après coup ; que l'erreur d'estimation est en moyenne de 0,1 ou 0,2 point, et qu'il vaut mieux bâtir un budget sans tenir compte des soubresauts des marchés à court terme. Bercy souligne : Circulez, il n'y a rien à voir ? Si les conséquences de cette révision restent limitées, c'est vers ses causes que se tournent les regards. Car de nombreuses planètes sont alignées pour soutenir la croissance : les taux d'intérêts, le prix du pétrole et l'euro sont à des niveaux très bas, ce qui a facilité l'activité. Les entreprises, grâce au Pacte de responsabilité, ont rétabli leurs marges. Le PIB de la zone euro devrait croître de 1,6%, et celui de l'Allemagne de 1,8%... Alors comment expliquer que la France n'enregistre pas une croissance supérieure ? Réponse de Bercy :  La révision de l'Insee s'explique d'abord par la conjoncture. \"En France, l'activité a calé au deuxième trimestre\", explique l'Institut, qui a enregistré une stagnation (-0,1%) sur cette période, alors qu'il anticipait une croissance de 0,3%. En cause : les grèves du printemps en réponse à la loi Travail. L'Insee explique : Le manque à gagner par Total avait été évalué à 40 millions d'euros par semaine de grève. Pour la SNCF, c'était 20 millions par jour. Pour Air France, une dizaine de millions d'euros. Le quotidien \"Les Echos\" arrivait à un bilan d'au moins 500 millions.  Les attaques qui ont lieu sur le sol français, en janvier contre \"Charlie Hebdo\" et l'Hyper Casher, puis le 13 novembre, ont aussi déprimé l'activité. D'abord pour l'industrie touristique : le nombre de nuitées de touristes étrangers en France a baissé en moyenne de 10% au cours des six premiers mois de 2016. L'Institut évoquait aussi la météo, très pluvieuse au printemps.  Ainsi, même pendant l'Euro 2016, on constatait une fréquentation relativement faible à Paris, les fans de foot se tournant vers les villes de province.    Ensuite, la consommation des ménages français a été impactée, avec une baisse de 0,1% au deuxième trimestre, selon l'Insee, alors qu'elle était très dynamique en début d'année.  Airbus a enregistré des retards de livraison, ce qui a ralenti les exportations d'un point de vue technique. De même, les céréaliers français vendent moins à l'étranger en raison de la récolte mauvaise cette année. La production de blé exportée en 2016 devrait se limiter à 4,7 millions de tonnes, contre 12,6 millions de tonnes en 2015 ! Et elle pourrait se vendre moins chère, compte tenu de la récolte record annoncée par la Russie. D'une manière générale, la dynamique des exportations est plutôt moins positive cette année qu'en 2015. L'Insee explique : Le Brexit, qui fait chuter la livre sterling, n'aide pas : le Royaume-Uni est la première destination des exportations françaises, et si les Britanniques ont moins de pouvoir d'achat, la France le paie…  Les exportations avaient progressé de 6% l'an dernier, elles ne devraient augmenter que de 0,7% cette année. Ça ne pourrait être qu'un simple retard à l'allumage, car beaucoup d'observateurs attendent que les entreprises françaises, qui ont reconstitué leurs marges grâce à la politique du gouvernement, recommencent enfin à investir aujourd'hui. L'avenir dira si elles le font correctement. Donald Hébert Donald Hebert Journaliste "}