{"title": "explosion à manhattan : \"une tentative d'attentat terroriste\", pour le maire de new york", "newspaper": "NouvelObservateur", "author": ["L'Obs"], "date_publi": "2017-12-11", "theme": "Monde", "content": "Un homme a déclenché une bombe artisanale dans un tunnel de correspondance près de Times Square lundi matin, peu avant 7h30, faisant trois blessés, nouvel attentat à New York après une attaque au camion-bélier fin octobre. \"C'est une tentative d'attentat terroriste\", a déclaré à la presse le maire de New York, Bill de Blasio.  L'explosion est survenue à l'heure de pointe, dans un tunnel reliant les grands noeuds de transport que sont Times Square et la gare routière de Port Authority, près de la 42e rue et de la 8e Avenue.\n L'explosion a été déclenchée par un homme de 27 ans, identifié comme Akayed Ullah, du quartier de Brooklyn, qui portait sur son corps \"un engin explosif rudimentaire\", a précisé le chef de la police, James O'Neill. Le suspect a été arrêté, avec des \"blessures et des brûlures au corps\", a ajouté M. O'Neill. Trois personnes qui se trouvaient à proximité immédiate ont également été blessées, même si \"aucune n'est en danger de mort\" selon les pompiers new-yorkais. La gare routière a été rapidement évacuée, le quartier bouclé, et plusieurs lignes de métro qui passent par le secteur ont été immédiatement arrêtées ou ne marquaient plus l'arrêt. Une grande partie du trafic avait cependant été rétabli peu avant 10 heures (15H00 GMT). L'évacuation s'est faite sans panique, dans le calme, selon des journalistes de l'AFP sur place. More video from #PortAuthorityBusTerminal after the incident. pic.twitter.com/sOcJlGNLUR   L'ancien chef de la police de New York, Bill Bratton, a dit à la chaîne MSNBC avoir été informé que le suspect était originaire du Bangladesh et avait agi au nom du groupe Etat islamique (EI). Ces informations n'ont pas été immédiatement confirmées par les autorités. Le président Donald Trump a été immédiatement informé, a indiqué la Maison Blanche. L'incident intervient à l'approche des fêtes de fin d'année, qui attirent des centaines de milliers de touristes dans la ville la plus peuplée des Etats-Unis. Times Square est un point particulièrement sensible, où près d'une million de personnes se retrouvent chaque année pour marquer la passage à la nouvelle année. New York est considérée comme une cible privilégiée des mouvements terroristes et fait l'objet d'une surveillance particulièrement étroite, avec des milliers de policiers en uniforme et en civil déployés en permanence dans de nombreux lieux touristiques. L'attentat de lundi intervient moins de six semaines après un attentat mortel à la pointe de Manhattan le 31 octobre dernier: le jour d'Halloween, une attaque au camion bélier avait fait huit morts et douze blessés à la pointe sud de Manhattan, constituant le premier attentat mortel à New York depuis les attentats du 11 septembre 2001. La capitale financière américaine a été le théâtre d'autres tentatives d'attentats ces dernières années, le plus souvent des \"loups solitaires\" se réclamant du djihadisme islamiste, qui n'avaient fait aucun mort jusqu'au 31 octobre. L'Obs "}