{"title": "qui était xavier jugelé, le policier tué lors de l'attentat sur les champs-elysées ?", "newspaper": "NouvelObservateur", "author": ["L'Obs"], "date_publi": "2017-04-21", "theme": "Terrorisme", "content": "Xavier Jugelé, 37 ans, était en pause, dans un fourgon de service avec ses collègues, lorsqu'un assaillant est sorti de son véhicule et les a attaqués jeudi soir, sur l'avenue des Champs-Elysées. Peu après 21 heures, l'homme identifié comme Karim Cheurfi a ouvert le feu sur les agents, tuant Xavier Jugelé et blessant deux autres passagers. Plus tôt dans la soirée, le policier était chargé d'effectuer des tours de sécurisation sur l'avenue pour protéger un centre culturel turc, comme le précise \"Le Figaro\". Xavier Jugelé venait d'organiser son pot de départ. Le gardien de la paix allait quitter la direction de l'ordre public et de la circulation (DOPC) pour rejoindre la police judiciaire. Il devait être muté le 2 mai, juste avant son 38e anniversaire. Originaire du Loir-et-Cher, plus précisément de la petite commune de Romorantin-Lanthenay, il avait effectué toute sa carrière à Paris. Interrogés par \"Marianne\", ses collègues, sous le choc, parlent d'un policier \"volontaire\", \"engagé\" et \"serviable\". Gardien de la paix depuis six ans, il était notamment parti deux fois en mission en Grèce, pour sécuriser les migrants, lors d'afflux migratoires importants en 2015 et 2016. Avant de rejoindre la police, il avait également travaillé en tant que gendarme, plusieurs années.  Pacsé et sans enfant, Xavier était également un membre actif de Flag !, une association de soutien et de défense des policiers et gendarmes LGBT (lesbiennes, gays, bisexuels et transgenres), depuis plusieurs années. Le président de l'association Michaël Bucheron a partagé son émotion sur Facebook, se disant \"bouleversé par la mort de [s]on collègue\". Suite au drame, Flag ! a décidé d'annuler un de ses événements festifs, le \"Tea Dance Flag\", ajoutant que \"l'association n'avait pas le cœur à la fête\". Selon le magazine \"Têtu\", Flag ! reçoit depuis jeudi soir \"beaucoup de messages de soutien, d'émotion et de condoléances\", adressés à l'association et au compagnon de Xavier (également membre de Falg !). \n  Les syndicats de police ont également rendu hommage à leur collègue. \"La famille police est une nouvelle fois en deuil, toutes nos pensées vont vers la famille et amis de notre collègue lâchement assassiné\", a partagé sur Facebook le syndicat Unité SGP Police FO. Alternative Police CFDT a  appelé dans un communiqué, au \"dépôt symbolique d'une fleur sur le lieu de l'attentat\", ce vendredi matin. A Toulouse, un rassemblement de policiers est également organisé ce vendredi soir, pour saluer la mémoire de Xavier.  François Hollande qui s'est exprimé jeudi soir a annoncé qu'un hommage national lui sera rendu. Le ministre de l'Intérieur Matthias Fekl a également salué la mémoire du policier, ajoutant lors d'une conférence de presse : \"Il avait l'avenir devant lui, il est mort parce qu'il a fait son devoir, c'est à dire assurer la protection des Français.\"  Xavier avait assisté à la réouverture du Bataclan, un an après les attentats du 13 novembre, à l'occasion du concert de Sting. Comme le note sur Twitter, le journaliste Nicolas Henin, le policier avait été interrogé par le magazine américain \"People\". Il y déclarait à l'époque : \"Nous sommes heureux d'être là ce soir et de défendre nos valeurs. Ce concert est pour célébrer la vie. Pour dire non aux terroristes.\" Le nom de Xavier Jugele est désormais public. Voici l'extrait de l'article sur la réouverture du Bataclan qui le cite. pic.twitter.com/Mh33gWuIsp M.C L'Obs "}