{"title": "attentat de barcelone : le conducteur en fuite, ce que l'on sait des suspects arrêtés", "newspaper": "NouvelObservateur", "author": ["L'Obs"], "date_publi": "2017-08-17", "theme": "Terrorisme", "content": "Un peu plus de six heures après, le flou demeure sur l'identité des auteurs de l'attentat à la fourgonnette revendiquée par le groupe Etat islamique qui a fait 13 morts et plus de 50 blessés, selon un bilan provisoire, ce jeudi 27 août sur les Ramblas de Barcelone.  Deux hommes ont été arrêtés. Mais le conducteur du véhicule qui a foncé sur la foule est toujours en fuite, précisent les autorités. L'homme aurait fui à pieds et ne semblait pas armé, selon le porte-parole de la police catalane. Le conducteur est descendu de la fourgonnette après avoir fauché les piétons sur les Ramblas, et s'est enfui en courant sans rien dire, a déclaré à la presse le porte-parole de la police catalane Josep Lluis Trapero. \"A notre connaissance il n'avait pas d'arme et plusieurs témoins ont dit qu'il n'était pas armé\", a-t-il dit.  Le premier suspect arrêté est un Espagnol né à Melilla, arrêté à Alcanar, dans l'extrême sud de la Catalogne, où la nuit précédente une explosion dans un logement a fait un mort. Les enquêteurs relient cette explosion à l'attentat de Barcelone. \"Nous soupçonnons qu'ils [les occupants] préparaient un engin explosif.\"\n Le second suspect arrêté est le Marocain Driss Oukabir. Oukabir est lié à la camionnette utilisée dans l'attentat. Il a été arrêté à Ripoll dans le nord de la Catalogne, poursuit la police. Peu après l'attaque, la photo de Driss Oukabir, présenté comme le premier suspect, a été diffusée par la police et les médias espagnols. Après avoir été inondée d'insultes, sa page Facebook a été désactivée. Mais on a appris en début de soirée qu'un homme se présentant comme Driss Oukabir, selon le journal \"La Vanguardia\", s'est rendu au commissariat de Ripoll, la ville où il réside, située à 100 kilomètres au Nord de Barcelone. Aux policiers, ce dernier a expliqué s'être fait dérober ses papiers d'identité et qu'à 17 heures, au moment de l'attaque survenue sur les Ramblas, il se trouvait quant à lui à Ripoll. Au journal \"La Vanguardia\", le maire de Ripoll, Jordin Munell, a précisé que l'homme s'était lui-même rendu au commissariat après avoir vu sa photo diffusée dans la presse. Il a également assuré que Driss Oukabir était une personne bien connue dans la ville. D'après l'élu, les policiers soupçonneraient son petit frère d'avoir volé ses papiers et d'être impliqué dans l'attaque à la fourgonnette. Moussa Oukabir, 18 ans, est quant à lui domicilié à Barcelone.  Le porte-parole de la police n'a en revanche pas voulu lier à l'attentat et à l'explosion l'incident d'une voiture qui a forcé un barrage de police dans une commune voisine de Barcelone, fauchant deux Mossos d'Esquadra, les policiers catalans. Le conducteur de la voiture, de nationalité espagnole, est mort. Il n'avait pas d'antécédents judiciaires, a-t-il précisé. L'Obs "}