{"title": "attentat des champs-elysées : un proche de karim cheurfi en garde à vue", "newspaper": "NouvelObservateur", "author": ["L'Obs"], "date_publi": "2017-05-16", "theme": "Justice", "content": "Un homme de 23 ans a été placé en garde à vue ce mardi 16 mai dans l'affaire de l'attentat des Champs-Elysées. Interpellé lundi en Seine-et-Marne, il aurait été en lien avec l'auteur présumé de l'attaque, Karim Cheurfi. L'attentat du 20 avril avait coûté la vie à Xavier Jugelé, un policier de 37 ans.   Un fusil à pompe, deux gros couteaux ainsi que des munitions avaient aussi été retrouvés dans le véhicule de Karim Cheurfi. Les enquêteurs cherchent à savoir d'où provient le fusil automatique de type kalachnikov utilisé par le tueur pour tirer sur les policiers.  Karim Cheurfi, un Français de 39 ans, avait un lourd passé judiciaire, avec notamment une condamnation pour tentatives de meurtres sur des policiers, mais n'avait pas présenté de \"signes de radicalisation\" en prison, d'après le procureur de la République de Paris, François Molins. Un message manuscrit défendant la cause de Daech, acronyme arabe du groupe djihadiste Etat islamique (EI), avait cependant été retrouvé sur un papier près de son corps.\n L'attaque avait été presque aussitôt revendiquée par l'EI, à l'origine de la plupart des attentats qui ont fait 239 autres morts depuis 2015 en France. Mais cette revendication continue à intriguer, l'organisation djihadiste ayant donné une identité du tueur, \"Abu Yussef le Belge\", qui ne correspond pas à Karim Cheurfi. \"Une erreur de revendication est plausible, mais les enquêteurs ne ferment encore aucune porte\", a relevé une source proche de l'enquête. Selon \"Le Parisien\", trois autres opérations antiterroristes ont été menées ce mardi, sans lien avec l'attentat des Champs-Elysées.  C.G. (avec AFP) L'Obs "}