{"title": "financement du terrorisme : le crowdfunding en ligne de mire", "newspaper": "NouvelObservateur", "author": ["Sarah Diffalah"], "date_publi": "2015-04-23", "theme": "Société", "content": "A la lecture du rapport du Sénat sur la lutte contre les réseaux djihadistes, Nicolas Lesur a bondi. Un paragraphe en particulier a retenu l'attention du président du Financement participatif France (FPF), association des professionnels du crowdfunding français. Il pointe \"les risques de financement d'activités terroristes liées à l'activité du financement participatif\" : La commission d'enquête recommande donc de revoir le cadre juridique de cette pratique de financement et d'accroître la surveillance des opérateurs.  Pour Nicolas Lesur, ces soupçons sont totalement infondés : \nDes sénateurs désignent le crowdfunding comme outil de radicalisation ! C'est de l'irresponsabilité ou de l'incompétence !\"\n Il rappelle pour convaincre qu'\"aucun acte terroriste n'a été financé par une plateforme de crowdfunding française\". Et rappelle : Pourtant, le rapporteur et sénateur PS, Jean-Pierre Sueur, persiste et signe auprès de \"L'Obs\" :  Alors qu'en est-il vraiment ? Le crowdfunding finance-t-il le djihad, en France ou ailleurs ? Vrai qu'aucune affaire de ce genre n'a été signalée en France. Mais vrai aussi que le boom du crowdfunding n'a pas échappé aux réseaux djihadistes. Face à l'arsenal déployé par les services de renseignement du monde entier pour lutter contre son financement, le terrorisme s'est rabattu sur des outils plus discrets, plus difficiles à surveiller par les autorités.  Dans un rapport publié en février 2015, le Gafi (Groupe d'action financière) montre que le financement du terrorisme (mais aussi des conflits armés en tout genre) via les réseaux de communication modernes et l'utilisation de techniques de crowdfunding, a considérablement augmenté au cours de la dernière décennie.  Le Gafi prend pour exemple le département médias de l'Etat islamique (EI), Al Hayat Media center, qui a lancé plusieurs campagnes sur Twitter, baptisées #AllEyesOnISIS, dans le but de recueillir des fonds sur une plateforme dédiée. A la manière des grandes entreprises de crowdfunding, cette plateforme a créé des statuts \"or\" ou \"argent\" pour valoriser et récompenser les contributeurs les plus généreux.  Le mélange des genres n'est jamais loin. En 2012, le site spécialisé américain Wired a révélé que la plateforme américaine Kickstarter avait relayé l'appel aux dons de Matthew VanDyke, ancien journaliste américain qui a combattu aux côtés des rebelles libyens, pour financer un film documentaire sur ces opposants au régime de Bachar al-Assad. Le texte de présentation du projet indiquait simplement : \"Deux combattants de la liberté de la révolution libyenne rejoignent le soulèvement syrien contre Assad et vont en faire un film.\" Wired s'interrogeait : Réponse de Matthew VanDyke :  \"Ils pourraient ne pas planifier de combattre. Mais ils pourraient avoir besoin de se battre si ça devait advenir\", pointait le journal qui s'interrogeait encore sur les questions juridiques et politiques que soulevaient un financement de ce type, sur un terrain où des groupes djihadistes comme l'EI ou Jabhat al-Nosra combattent aux côtés des rebelles. Le projet a été suspendu par Kickstarter après la publication de l'article de Wired.    L'ambiguïté sur la nature des causes financées a été soulignée en octobre 2014 par le directeur adjoint du service canadien du renseignement de sécurité (SCRS). Lors d'une audition devant le Sénat canadien, il a expliqué le fonctionnement de la collecte de fonds via le crowdfunding de candidats canadiens au djihad, sous le regard visiblement ahuri du sénateur qui l'interrogeait.  Comment la manoeuvre a-t-elle pu passer inaperçu ?  Your browser does not support frames. Click here to view the frameless video.. En France, à la différence des Etats-Unis où les plateformes comme Kikstarter, Indiegogo et Gofundme laissent tout partir en ligne, la régulation du crowdfunding impose de fortes contraintes pour les entreprises. La réglementation est identique à celles des établissements bancaires classiques, et les plateformes doivent savoir qui sont les porteurs de projet. L'ordonnance du 30 mai 2014 est venue renforcer la moralisation du secteur. C'est la raison pour laquelle Arnaud Burgot, directeur général de la plateforme participative Ulule, juge très sévèrement l'alerte lancée par les sénateurs : Les obligations sont les suivantes : Par ailleurs, les plateformes ont de nombreux outils et indicateurs à la disposition pour détecter une transaction anormale : croisement des adresses IP d'où sont effectuées les transactions, des pays d'où sont censées avoir été émises les cartes bleues, analyse des volumes et de la vélocité des sommes déposées. Si un cas semble suspect, un examen complet est effectué. En parallèle, ces contrôles se font aussi au niveau des établissements bancaires affiliés. Chez Tracfin, on admet bien volontiers que le crowdfunding n'est pas une zone de non-droit, contrairement à l'utilisation des bitcoins par exemple. Mais aussi que le risque est réel, tant la croissance du marché du crowdfunding est exponentielle. Pour le service de renseignements, des failles existent. Ainsi, les opérateurs des plateformes de financement participatif ne sont pas aussi bien entraînés à une connaissance fine de leur clientèle que les opérateurs financiers classiques. A ce jour, ils n'ont ni les moyens, ni la vigilance, ni la culture en la matière des banques traditionnelles. Quant au filet de sécurité que constitue la présence de banques adossées aux plateformes, il est considéré chez Tracfin comme insuffisant du fait de sa passivité :   Eric Vernier, professeur de finance et chercheur à l'Iris, a longtemps travaillé sur les techniques de blanchiment d'argent, souligne, pour sa part, une réglementation encore trop limitée : Dans ces conditions, et même si rien ne permet de mesurer l'ampleur du phénomène, le risque est pris très au sérieux. Eric Vernier :   C'est précisément ce financement individuel de candidats au djihad qui constitue la principale source d'inquiétudes pour Tracfin. Les collectes de fonds de nature communautaire ou religieuses, qui visent un public spécifique, sont surveillées de près. Tout comme les appels aux dons pour des causes humanitaires.  La tâche est ardue, admet-on chez Tracfin :  Le contrôle est d'autant plus complexe que le service de renseignement de Bercy tâtonne encore sur les schémas possibles des transactions... C'est un \"sujet en cours\", assure-t-on au sein de Tracfin : De leur côté, les plateformes participatives les plus connues se sont engagées à poursuivre leurs efforts pour limiter les risques. Nicolas Lesur affirme : L'association professionnelle qu'il préside a créé il y a deux ans \"une charte déontologique régulièrement enrichie de bonnes pratiques\", qui énonce des règles supplémentaires, \"indépendamment de celles auxquelles nous sommes soumis\". Un souci éthique qui a poussé les pouvoirs publics à créer un label \"plateforme de financement participatif régulée par les autorités françaises\". Une white list, en quelque sorte, à défaut de pouvoir dresser une black list. Sarah Diffalah Sarah Diffalah Journaliste "}