{"title": "cinq ans après merah, la france se souvient", "newspaper": "NouvelObservateur", "author": ["L'Obs"], "date_publi": "2017-03-11", "theme": "Terrorisme", "content": "Il y a cinq ans, les tueries de Mohamed Merah perpétrées en pleine campagne présidentielle plongeaient la France dans la terreur. Du 11 au 19 mars 2012, le visage camouflé sous un casque de motard, le djihadiste semait la terreur à bord d'un puissant scooter, prenant d'abord pour cibles les militaires, dont il a éliminé trois parachutistes, puis la communauté juive, dont il a abattu trois écoliers et un enseignant. En huit jours, à Toulouse et Montauban, le jeune homme qui se proclamait \"combattant d'Al-Qaïda\" tuait sept personnes au nom du djihad, avant d'être abattu.  François Hollande s'est adressé samedi aux familles des victimes pour leur dire que \"la France est toujours à leurs côtés\" et qu'elle \"poursuivra inlassablement sa lutte contre le terrorisme\".\n \"Il y a cinq ans, entre le 11 et le 22 mars 2012, sept de nos compatriotes sont morts à Toulouse et à Montauban, victimes de l'équipée meurtrière d'un terroriste inspiré par la haine\", a rappelé François Hollande dans un communiqué. Nommant les victimes mais pas leur meurtrier, le chef de l'Etat a souligné qu'\"Imad Ibn Ziaten, Abel Chennouf et Mohamed Legouad ont été assassinés parce qu'ils étaient des soldats français. Jonathan Sandler, ses deux fils Gabriel 3 ans, Arieh 6 ans ainsi que Myriam Monsonego, 8 ans, parce qu'ils étaient de confession juive\". \"En tuant des soldats, en s'en prenant à des enfants dans une école, c'est toute la France qui a été agressée\", a-t-il encore souligné. \"Je veux dire à leurs familles que la France est toujours à leurs côtés et que la démocratie sera toujours plus forte que la barbarie islamiste qui lui a déclaré la guerre. La République, qui fait face à l'adversité et est capable de préserver son unité et son attachement à la liberté, poursuivra inlassablement sa lutte contre le terrorisme\", a conclu François Hollande. Le candidat de la droite à la présidentielle François Fillon a écrit lui une lettre ouverte à Latifa Ibn Ziaten, la mère du sergent-chef Imad Ibn-Ziaten, 30 ans, abattu d'une balle dans la tête à Toulouse le 11 mars 2012. \"Permettez-moi de vous remercier pour le combat que vous menez, avec votre époux, à travers l'association 'Imad Ibn Ziaten pour la jeunesse et pour la paix' afin que notre jeunesse s'empare de sa liberté, ne désespère pas de l'égalité et vive en fraternité\", écrit François Fillon à Latifa Ibn Ziaten, engagée contre la radicalisation depuis l'assassinat de son fils.  \"En permettant à ces jeunes de réaliser qu'ils sont 'tous des enfants de la République', vous contribuez à retisser, témoignage après témoignage, la cohésion de notre pays\", ajoute le député de Paris. C'est le jour anniversaire de l'attaque contre l'école juive Ozar Hatorah, le 19 mars à Toulouse, que les autorités ont choisi pour commémorer le 5e anniversaire des attentats. Un moment de recueillement est prévu dans les jardins de l'école, en présence notamment de son directeur, qui a perdu sa fillette Myriam dans la fusillade, de la rectrice d'Académie, du rabbin et du maire de Toulouse. L'après-midi, une cérémonie du souvenir avec dépôt de gerbes aura lieu près du Capitole, au pied du magnolia planté en 2013 par François Hollande, en mémoire des sept victimes, y compris celle de Montauban. Le 15 mars, dans la préfecture du Tarn-et-Garonne, la maire Brigitte Barèges (LR) ira déposer une gerbe comme chaque année sur la stèle érigée devant le 17e régiment des parachutistes, à la mémoire des soldats tués. La famille d'Abel Chennouf, un des parachutistes abattus, viendra également pour une cérémonie qu'elle souhaite \"privée\", a indiqué à l'AFP le père Albert Chennouf. En plus de ces cérémonies, une rencontre-débat aura lieu le 19 mars à Toulouse \"pour dresser le bilan d'un quinquennat marqué par le terrorisme islamiste et aborder les perspectives et les défis qui attendent le prochain président de la République\". Les attentats de Merah \"ont tristement conclu le mandat présidentiel de Nicolas Sarkozy et inauguré celui de François Hollande, comme pour marquer violemment une ère nouvelle, celle de l'expansion du terrorisme islamiste\", écrit l'organisateur de la rencontre, le centre de réflexion Elnet, qui oeuvre à développer des partenariats entre des Etats européens et Israël. Selon Elnet, des candidats à la présidentielle 2017 devraient participer à ce débat mais aucun nom n'a été communiqué jusqu'à présent. (Avec AFP)     L'Obs "}