{"title": "\"vous n'aurez pas ma haine\" : l'hommage bouleversant du compagnon de xavier jugelé", "newspaper": "NouvelObservateur", "author": ["Laura Thouny"], "date_publi": "2017-04-25", "theme": "Société", "content": "Un discours juste et bouleversant. Etienne Cardiles, le compagnon de Xavier Jugelé, le policier de 37 ans tué jeudi 20 avril lors de l'attentat sur les Champs-Elysées, a témoigné ce mardi de sa \"douleur extrême\", et dit souffrir \"sans haine\", lors d'un hommage national au policier rendu à la préfecture de police de Paris. Voici son discours en intégralité, à visionner également en tête de cet article. \"Xavier. Jeudi matin comme de coutume, je suis parti travailler, et tu dormais encore. Nous avons échangé au fil de la journée sur notre projet de vacances dans un pays si lointain, que tu m'avais dit, très impatient, que tu n'avais jamais été aussi loin. Les détails de visa, nos préoccupations d'hébergement envahissaient nos messages. Une frénésie d'autant plus joyeuse que nos billets d'avion étaient réservés depuis mardi. Tu as pris ton service à 14 heures, dans cette tenue de maintien de l'ordre dont tu prenais tant soin, parce que ta présentation devait être irréprochable. Tes camarades et toi aviez reçu la mission de rejoindre le commissariat du 8e arrondissement. Vous deviez comme si souvent assurer la sécurité du public sur cette belle avenue des Champs-Elysées. On t'a désigné comme point de stationnement le 102, avenue des Champs-Elysées, devant l'institut culturel de Turquie.   Ce type de mission, je le sais, te plaisait. Parce que c'étaient les Champs, et l'image de la France. Parce que c'était aussi la culture que vous protégiez. A cet instant à cet endroit, le pire est arrivé. Pour toi, et tes camarades.\n Tes camarades ont été blessés, l'un d'eux gravement. Ils s'en remettent progressivement, et nous en sommes soulagés. Tous ont été choqués. Cette douleur m'a donné le sentiment d'être plus proche que jamais de tes camarades qui souffrent, comme toi silencieusement, comme moi silencieusement. J'emprunte cette formule à Antoine Leiris [dont la femme est morte lors de l'attentat du 13-Novembre au Bataclan, le laissant seul avec un fils de 17 mois, NDLR] dont l'immense sagesse face à la douleur a tant fait mon admiration que j'avais lu et relu ces lignes il y a quelques mois. C'est une leçon de vie qui m'avait fait tant grandir qu'elle me protège aujourd'hui.  Cette haine, Xavier, je ne l'ai pas parce qu'elle ne te ressemble pas, parce qu'elle ne correspond en rien à ce qui faisait battre ton cœur, ni ce qui avait fait de toi un gendarme puis un gardien de la paix. Parce que l'intérêt général, le service des autres et la protection de tous faisaient partie de ton éducation et de tes convictions. Et que la tolérance, le dialogue et la tempérance étaient tes meilleures armes. Parce derrière le policier, il y avait l'homme. Et qu'on ne devient policier ou gendarme que par choix. Le choix d'aider les autres, de protéger la société et de lutter contre les injustices. Cette mission noble que la police et la gendarmerie assurent et qui sont régulièrement mises à mal, moi en tant que citoyen, avant même de te connaître, je l'admirais déjà. Cette profession de policier est la seule à laquelle la déclaration des droits de l'homme et du citoyen fasse allusion. Dans son article 12, elle édicte cette évidence : la garantie des droits de l'homme et du citoyen nécessite une force publique. Avec une précision utile en cette période politiquement importante : cette force est instituée pour l'avantage de tous et non pour l'utilité particulière de ceux auxquels elle est confiée.  C'était la vision que nous partagions de cette profession. Mais une facette seulement de l'homme que tu étais. L'autre facette de l'homme était un monde de culture et de joie, où le cinéma et la musique prenaient une immense part. Cinq séances de cinéma dans une magnifique journée ensoleillée d'août ne te faisaient pas peur. Et bien entendu les versions originales étaient privilégiées, pour le puriste que tu étais, et pour cette langue, l'anglais, que tu voulais parler à la perfection. Tu enchaînais les concerts, suivant parfois les artistes sur une tournée complète. Céline Dion était ton étoile. Zazie, Madonna, ou Britney Spears et tant d'autres faisaient vibrer nos fenêtres. Le théâtre te transportait, et tu le vivais pleinement. Aucune expérience culturelle ne te faisait reculer. Le pire des films était vu le jour de sa sortie, jusqu'au bout, quelque soit sa qualité. Une vie de joie et d'immenses sourires, où l'amour et la tolérance régnaient en maîtres incontestés. Cette vie de star, tu la quittes comme une star. Je voudrais dire à tous tes camarades combien je suis proche d'eux. Je voudrais dire à ta hiérarchie policière combien j'ai vu la sincérité dans ses yeux et l'humanité dans ses gestes. Je voudrais dire à tous ceux qui luttent pour éviter que ces événements se produisent que je connais leur culpabilité et leur sentiment d'échec et qu'ils doivent continuer à lutter pour la paix.  Je voudrais dire à tous ceux qui nous ont témoigné leur affection, à ses parents et à moi, que nous y avons été profondément sensibles. Je voudrais dire à ta famille que nous sommes unis. Et à tous les plus proches qui ont été si soucieux de moi, qui ont été si soucieux de nous, qu'ils sont magnifiquement dignes de nous.  A toi, je voudrais dire que tu vas rester dans mon cœur pour toujours. Je t'aime. Restons tous dignes et veillons à la paix et gardons la paix.\" L.T. Laura Thouny Journaliste "}