{"title": "terrorisme, islam, sarkozy... ce qu'il faut retenir du discours de françois hollande", "newspaper": "NouvelObservateur", "author": ["L'Obs"], "date_publi": "2016-09-08", "theme": "Politique", "content": "Ce jeudi 8 septembre au matin, devant la fondation Jean-Jaurès et le think tank Terra Nova, François Hollande a officiellement prononcé un discours sur le terrorisme. Mais c’est un discours de candidat à la présidentielle de 2017 que l’on a entendu.  Répondant pied à pied aux positions défendues par Nicolas Sarkozy, le président en fin de mandat a défendu l’action gouvernementale et développé sa vision de l’Etat de droit et de la laïcité dans un contexte de menace terroriste exacerbée. Ce qu’il faut retenir.  François Hollande a assuré que \"la démocratie\" serait \"plus forte que la barbarie qui lui a déclaré la guerre\", même si \"le combat sera long, éprouvant, difficile\", en ouverture de son discours consacré à ce thème.\n\"Le terrorisme islamiste s'est érigé en faux Etat dirigé par de vrais assassins. Il dévoie une religion, l’islam, pour propager sa haine.\"\n Face à cet \"ennemi cruel\", qui \"interdit l’avenir et va jusqu’à nier l’Humanité\", le président a brandi la démocratie, \"qui incarne le contraire : liberté, tolérance, respect, égalité\". A commencer par \"la liberté\", \"une force qui rassemble les énergies et devient irrésistible\". \"Pour avoir conduit depuis plus de quatre ans le combat de la République contre un fanatisme meurtrier, je n'ai aucun doute, malgré les épreuves, les drames et les larmes, malgré la peur, l'angoisse et la souffrance, nous vaincrons. La démocratie sera plus forte que la barbarie qui lui a déclaré la guerre\", a déclaré François Hollande, pour qui, cependant, \"le combat sera long, difficile et éprouvant\". \"Le sang-froid, c'est une qualité. Ça ne veut pas dire qu'on n'a pas d'émotions, que l'on n'est pas à un moment à avoir une compassion qui parfois nous submerge. Mais ça veut dire que nous ne devons jamais nous laisser emporter par la déraison\", a également développé François Hollande, rappelant que c'est lui qui était à la manoeuvre lors des attentats qui ont frappé la France. Offensif, François Hollande a raillé les responsables de la droite qui \"pensent que le pouvoir est là, à portée de main\" et \"que l'élection [présidentielle], c'est la primaire\" organisée par Les Républicains (20-27 novembre).\"L'Etat social [...] lui-même est menacé. Et d'ailleurs souvent par ceux qui veulent mettre en cause l'Etat de droit\", a déclaré le chef de l'Etat. Pour François Hollande, les responsables de la droite \"pensent que le pouvoir est là, à portée de main. Ils y sont, ils s'y installent, ils s'organisent, ils pensent que l'élection, c'est la primaire, et que le reste n'a plus d'importance, que les Français viendront signer au bas de la page\". Il tacle dans la même phrase à la fois Nicolas Sarkozy et Alain Juppé : \"Notre identité est ni heureuse, ni malheureuse.\" D’après le chef de l’Etat, la France est davantage une \"idée\" qu'une \"identité\".  Réagissant à la polémique de l’été sur le burkini et aux propos de Nicolas Sarkozy, qui a réclamé une loi pour l’interdire, quitte à changer la Constitution, ainsi qu’une loi interdisant le port du voile à l'université, dans les administrations et les entreprises, le président a développé sa vision de la laïcité et de la place de l’islam en France.  A ce propos, il a averti une partie de la droite souhaitant interdire législativement le burkini ou élargir l'interdiction du port du voile : \"Je l'affirme ici, tant que je suis président de la République, il n'y aura pas de législation de circonstance, aussi inapplicable qu'inconstitutionnelle.\" Revenant sur la loi de 1905 de séparation de l'Eglise et de l'Etat, il a estimé que \"la question qui est posée aujourd'hui, c'est de savoir si les principes posés il y a un peu plus d'un siècle restent adaptés maintenant que l'islam est devenu la deuxième religion de France\". \"La question se pose aussi à la République : est-elle réellement prête à accueillir en son sein une religion qu'elle n'avait pas prévue avec cette ampleur il y a plus d'un siècle ?\", a encore questionné le chef de l'Etat, enchaînant : \"Là aussi je réponds oui, clairement oui.\" \"Rien dans l'idée de laïcité ne s'oppose à la pratique de l'islam en France pourvu qu'elle se conforme à la loi\", a certifié François Hollande, pour qui \"nos lois suffisent\". \"Il faut les appliquer dans toute leur vigueur et dans toute leur effectivité\", a-t-il poursuivi, soucieux de ne \"pas laisser les intégristes faire pression par des provocations pour tester les limites de la République\". Prenant une fois encore le contre-pied de Nicolas Sarkozy, François Hollande a rejeté l'idée d'un \"Etat d'exception\" qui \"suspendrait\" l'Etat de droit pour lutter contre le terrorisme, dénonçant les \"surenchères\" et les \"tours inquiétants\" des propositions de la droite et de l'extrême droite. \"Non, les principes constitutionnels ne sont pas des ‘arguties juridiques’\", a répliqué le chef de l'Etat à son prédécesseur Nicolas Sarkozy, dénonçant des \"reniements\" qui seraient \"autant de renoncements, sans nullement assurer la protection des Français\". François Hollande a dit vouloir \"limiter le cumul des mandats dans le temps\" pour les élus, parmi une série de \"réformes institutionnelles\" à mener afin que la démocratie soit \"renouvelée\".  Après la loi sur le non-cumul des mandats de parlementaire et d'un exécutif local votée en 2014, \"je veux que l'on aille plus loin encore, en réduisant le cumul des mandats dans le temps\", a déclaré le président. Encore un point de désaccord avec Nicolas Sarkozy défavorable à ces limitations.  Se gardant bien d’annoncer officiellement sa candidature, François Hollande a néanmoins répété qu'il pourrait \"laisser la France\" : \"Je ne laisserai pas la France être abîmée, réduite, son Etat de droit contesté, son éducation réduite et sa culture amputée. C'est le combat d'une vie\", a-t-il conclu au terme d’une longue anaphore.  Le président a déjà listé les thèmes qui seront, selon lui, au cœur de la campagne à venir : Alors, François Hollande déjà candidat ? Il faudra encore un peu patienter : \"J’ai annoncé que ce serait au début du mois de décembre et rien ne va changer\", aurait-il récemment confié, confirmant son intention de maintenir son calendrier. Et ce en dépit des appels du pied d’une partie de ses soutiens qui voudraient le voir se déclarer plus tôt. Pourtant si François Hollande a été très applaudi salle Wagram – face à un public certes acquis à sa cause –, la réalité de l’opinion le place face à des sondages catastrophiques. Selon deux enquêtes d’opinions publiées ce mercredi, 88% des Français ne souhaitent pas le voir se présenter pour un nouveau mandat à l’Elysée, un chiffre en augmentation de 4 points depuis le mois de juillet. Pire, il serait éliminé dès le 1er tour de l’élection présidentielle dans tous les cas avec des intentions de vote en sa faveur historiquement bas, à peine 11% à 15%. L.B. , M.B., L.T. et G.S. avec AFP L'Obs "}