{"title": "attentat de manchester : où en est l'enquête, trois jours après ?", "newspaper": "NouvelObservateur", "author": ["L'Obs"], "date_publi": "2017-05-25", "theme": "Terrorisme", "content": "Deux hommes ont été arrêtés jeudi matin dans la région de Manchester (nord-ouest de l'Angleterre), \"en lien\" avec l'attentat de lundi, a annoncé la police britannique. Une femme interpellée mercredi soir a elle été libérée sans inculpation. Ces nouvelles arrestations portent à huit le nombre d'hommes actuellement en garde à vue dans le cadre de l'enquête sur l'attentat perpétré lundi soir à la sortie d'un concert de la chanteuse Ariana Grande, a précisé la police. L'attentat-suicide, revendiqué par le groupe Etat islamique, a fait 22 morts et plusieurs dizaines de blessés. Son auteur a été identifié comme étant Salman Abedi, un Britannique d'origine libyenne de 22 ans.  L'une des arrestations de ce jeudi a eu lieu lors d'une perquisition à une adresse à Withington, dans le grand Manchester. L'autre a eu dans la ville. Six hommes avaient déjà été arrêtés mardi et mercredi dans le cadre de l'enquête. Par ailleurs, le frère et le père de Salman Abedi ont été arrêtés à Tripoli, la capitale libyenne. Son frère avait revendiqué son appartenance au groupe Etat islamique et  \"était au courant du projet d'attentat\" de Manchester, d'après un porte-parole d'une unité des services de sécurité libyens. Selon le chef de la police de Manchester, Ian Hopkins, l'enquête porte \"clairement\" sur un réseau autour du kamikaze, né à Manchester de parents libyens ayant fui le régime de Mouammar Kadhafi. Une vingtaine des 64 blessés hospitalisés – parmi lesquels douze ont moins de 16 ans – étaient toujours en soins intensifs mercredi soir. A.R. (avec AFP) ? L'Obs "}