{"title": "attentat de berlin : l'ei revendique, le ressortissant pakistanais remis en liberté", "newspaper": "NouvelObservateur", "author": ["L'Obs"], "date_publi": "2016-12-20", "theme": "Terrorisme", "content": "Voici toutes les révélations déjà officialisées de source gouvernementale ou policière sur l'attaque au camion survenue lundi 19 décembre au soir, dans le marché de Noël de Breitscheidplatz à Berlin.  Cet attentat a été revendiqué mardi soir par le groupe Etat islamique.  Le dernier bilan fait état d'au moins 12 morts et 48 blessés dont 18 graves. La police allemande a interpellé un suspect, ressortissant pakistanais, dans la foulée de l'attentat mais l'a finalement remis en liberté dans la soirée de mardi. \"La personne suspectée (...) a été remise en liberté dans la soirée sur ordre du parquet fédéral. Les résultats de l'enquête n'ont à l'heure actuelle pas mis à jour d'éléments confirmant des soupçons concrets\" à son encontre, a indiqué le parquet. Lundi soir vers 20h heures locales, un camion a traversé sur 50 à 80 mètres le marché de Noël de Breitscheidplatz, l'un des plus visités de Berlin, dans l'ouest de la capitale allemande. A quelques jours des fêtes, il était très fréquenté ce soir-là, notamment par les touristes.  Le dernier bilan de la police, encore provisoire, fait état de 12 morts et plusieurs dizaines de blessés, qui selon la presse locale souffrent de fractures diverses et hémorragies internes, causées par la violence du choc. Un témoin australien a indiqué que des enfants et personnes âgées figuraient parmi les personnes gisant au sol après le passage du camion. La chancelière allemande Angela Merkel a confirmé mardi matin qu'il s'agissait d'\"une attaque terroriste\". Mardi soir, le groupe Etat islamique (EI) s'est fendu d'un communiqué pour revendiquer cet attentat.  \"Un soldat de l'EI a commis l'opération de Berlin en réponse aux appels à cibler les ressortissants des pays de la coalition internationale\", précise Amaq, l'agende de propagande de l'organisation djihadiste.   La coalition internationale dirigée par les Etats-Unis et à laquelle participe l'Allemagne mène des raids aériens sur les positions de l'EI qui occupe des régions en Irak et en Syrie. Peu de temps avant cette annonce, le ministère de l'Intérieur avait déjà qualifié d'\"attentat\" la course folle du poids lourd dans la foule, même si aucune revendication ou information sur d'éventuelles motivations n'avait encore circulé.  L'enquête s'oriente à présent vers une attaque terroriste au camion-bélier similaire dans ses circonstances à celle de Nice, le jour de la fête nationale (86 morts et plusieurs centaines de blessés). Dans un premier temps, la police a interpellé un suspect, \"a priori pakistanais\", selon le ministre de l'Intérieur Thomas de Maizière. Mais celui-ci a finalement été libéré mardi soir, \"les résultats de l'enquête ne confirmant pas de soupçons concrets à son égard\", indique le parquet.  Plus tôt ce mardi, le ministre avait indiqué : En conférence de presse ce mardi, le patron de la police berlinoise avait de son côté déclaré : Le demandeur d'asile pakistanais a finalement été remis en liberté dans la soirée de mardi. Le poids lourd utilisé pour l'attentat, dont la police allemande pense qu'il a été volé, appartient à une société de transport polonaise, qui n'a plus de nouvelles de son chauffeur. Un corps sans vie a été retrouvé dans le camion après le drame. Il pourrait s'agir du routier. Selon le ministère de l'Intérieur du Brandebourg, l'Etat régional qui entoure Berlin, cette victime est un Polonais \"tué par balles\". \"L’enquête essaie de déterminer à quand remonte la blessure qui a causé la mort. Nous sommes en train d’étudier des traces ADN. Aucune piste n’est écartée\", a déclaré Thomas de Maizière. Le véhicule était chargé de 25 tonnes de produits métallurgiques en provenance d'Italie. Le routier se préparait à passer la nuit à Berlin, la société berlinoise qui devait prendre le chargement n'ayant pas pu le recevoir lundi. Le déchargement n'a jamais eu lieu. \"C'est mon cousin, je le connais depuis l'enfance. Je me porte garant de lui\", a dit à l'AFP le patron de l'entreprise, Ariel Zurawski. T.V. ? L'Obs "}