{"title": "terrorisme : entre sarkozy et hollande, juppé fait entendre sa petite musique", "newspaper": "NouvelObservateur", "author": ["Carole Barjon"], "date_publi": "2015-11-17", "theme": "Attentats terroristes à Paris", "content": "Pendant la guerre, la guérilla continue à droite. Deux jours après l'intervention de Nicolas Sarkozy au journal de 20h de TF1, Alain Juppé a une nouvelle fois affiché sa différence, mardi 17 novembre au micro de Jean-Jacques Bourdin sur RMC. Au moment même où le très sarkozyste Brice Hortefeux, invité de Radio Classique, dénonce le \"triple échec\" de François Hollande, le maire de Bordeaux salue, lui, son \"très bon discours\" et approuve sa décision de recruter 8.500 fonctionnaires dans la police, la gendarmerie et les douanes. Il ajoute : Mine de rien, il critique ainsi le quinquennat de Nicolas Sarkozy, avant de concéder du bout des lèvres que \"le contexte n'était pas le même\". Même satisfecit à Hollande concernant sa décision de demander l'avis du Conseil d'Etat sur la proposition de Nicolas Sarkozy de mettre en résidence surveillée les individus suspects de terrorisme fichés S, manière de renvoyer ce projet aux calendes grecques. \"Il a raison\" car \"on a peut-être intérêt à les surveiller en liberté pour remonter les filières\". Et Juppé, qui pensait très fort à Laurent Wauquiez, secrétaire général des Républicains, de moquer \"la surenchère d'imagination\"… Voilà pour Sarkozy et ses amis. S'il se félicite du \"changement de pied\" de Hollande sur la Syrie (\"Il a raison, il faut une coalition avec des troupes au sol issues des pays de la région\"), Alain Juppé se garde pourtant de donner un blanc-seing complet à Hollande. La réforme de la Constitution ? \"Cela prend un an…\", a-t-il observé, suggérant qu'il suffit peut-être de \"toiletter la loi de 1955\" sur l'état d'urgence. \"On annonce, on annonce. Maintenant, il faut passer à l'acte\", a-t-il taclé à l'adresse du pouvoir, remarquant : Donc, Hollande devra établir \"un bilan dans six mois\". Enfin, à propos des migrants, il a interrogé : \"Où sont les hot spots promis par François Hollande et Angela Merkel ? A ma connaissance, pas un seul n'a encore été créé\"… Manière pour le maire de Bordeaux, qui veut plus que jamais occuper une position centrale sur l'échiquier politique, de faire comprendre que ses critiques à l'encontre de Sarkozy ne le conduisent pas à être aligné sur Hollande. Notamment sur la question de l'immigration et de l'islam, sujets sur lesquels le président de la République est resté bien discret devant le Congrès des parlementaires. Etrangement, alors même que la question ne lui était pas posée par Jean-Jacques Bourdin, Juppé a en effet mis lui-même sur le tapis le sujet de l'islam en proposant d’interdire les prêches en arabe : \"Il faut obliger les imams à prêcher en français\", a-t-il insisté, arguant que la religion catholique avait abandonné la messe en latin. Malgré cette suggestion décoiffante, il a alors paradoxalement mis en garde contre tout risque d’\"amalgame\", en évoquant tout de même les \"Français musulmans\" qui\"doivent dire clairement qu’ils adhèrent aux valeurs de la France, liberté, fraternité, laïcité\".  Pas vraiment la ligne de François Hollande… Carole Barjon ﻿ÈB;   Carole Barjon Journaliste "}