{"title": "lutte contre le terrorisme : \"cazeneuve nous a fait venir pour boire un café !\"", "newspaper": "NouvelObservateur", "author": ["Violette Lazard"], "date_publi": "2016-07-15", "theme": "Attaque de Nice", "content": "Au lendemain de l'attaque au camion à Nice, qui a fait au moins 84 morts, le président de la commission d'enquête parlementaire sur les attentats de 2015, le député Les Républicains Georges Fenech, monte au créneau pour dénoncer \"l'inanité\" des mesures d'urgence annoncées par François Hollande face à la menace djihadiste.     Vous venez tout juste d'achever votre rapport sur les moyens de lutte contre le terrorisme et un nouvel attentat se produit. Quels sont les dysfonctionnements ?\n En dehors de la tristesse immense que je ressens, je suis aujourd’hui très amer. Nous avons remis notre rapport au président de l’Assemblée nationale cette semaine [le 5 juillet, NDLR] après six mois de travail intense et 200 heures d’audition. Nous avons pointé du doigt de nombreuses failles dans le dispositif de lutte contre le terrorisme et nous avons fait des préconisations. Or que s’est-il passé ? Bernard Cazeneuve nous a fait venir le lendemain de la remise de notre rapport pour boire un café, et nous expliquer que nos préconisations n’étaient pas réalistes et qu’il n’en tiendrait pas compte. Que faudrait-il faire selon vous ? Quand j’entends ce matin le président de la République parler des veilles recettes – augmenter les frappes, prolonger l’état d’urgence et le déploiement de la force Sentinelle – je suis atterré.  Ces trois propositions ont montré leur inanité dans l’instant. On a bien vu par exemple que la force Sentinelle n’avait même pas eu le droit d’intervenir au Bataclan… Nous avons des propositions concernant la refonte en profondeur des services de renseignement, une meilleure coordination des forces d’interventions qui n’ont rencontré aucun écho ! Selon les premiers éléments de l’enquête, l’auteur de l’attentat de Nice n’était pas fiché pour terrorisme... J’attends de voir les résultats de l’enquête. On sait que c’est un délinquant déjà condamné. Attendons de connaître son traitement pénal. Je ne dis pas que l’on peut tout arrêter, tout empêcher, mais notre enquête a montré que les auteurs des attentats du 13-Novembre étaient tous connus des services de police et par la justice, et que personne ne les a empêchés de passer à l'action. Il faut maintenant relever le braquet. Il faut passer à la vitesse supérieure concernant les 3.000 personnes fichées, et ceux qui vont revenir de Syrie. On en fait quoi ? Il faut des centres de rétention pour tous ceux qui reviennent et pas sur le mode du volontariat. Cela suppose peut-être une réforme constitutionnelle mais ça le mérite. Le mode opératoire, un camion projeté à pleine vitesse contre une foule rassemblée, comment l’éviter ? Patrick Calvar, le patron de la DGSI, nous a dit : il va y avoir des attentats avec des voitures piégées. Relisez son audition ! On est le 14-Juillet, en état d’urgence, à Nice, et on n’est pas capable d’empêcher un camion d’entrer dans cette zone piétonne ! Il va falloir s’expliquer ! Revenons à la commission d’enquête parlementaire. Toutes vos préconisations vont donc être jetées aux oubliettes ? Nous avons demandé avec mon rapporteur, Sébastien Pietrasanta, la constitution d’une mission d’information pour suivre, justement, le devenir de notre rapport. Le ministre de la Justice, Jean-Jacques Urvoas voulait nous voir pour en parler. Le rendez-vous devait se tenir en septembre. Compte tenu des événements, il va peut-être être avancé. Propos recueillis par Violette Lazard Violette Lazard Journaliste "}