{"title": "un nouveau plan vigipirate crée un niveau \"urgence attentat\"", "newspaper": "NouvelObservateur", "author": ["L'Obs"], "date_publi": "2016-12-01", "theme": "Société", "content": "Le plan Vigipirate a été renforcé. Selon une information du \"Figaro\", un Conseil de Défense réuni mercredi 30 novembre à l'Elysée, a validé \"Vigipirate plus\". La même réunion a aussi décidé de la mise en place de mesures spécifiquement adaptées aux fêtes de Noël.  Comme le souligne le quotidien, c’est la vingt-septième \"posture\" de sécurité pour l'année 2016, quand Vigipirate n'était adapté que trois ou quatre fois par an auparavant.  \"Le conseil a validé le nouveau plan Vigipirate adapté à l’évolution des menaces, qui viendra compléter les mesures prises depuis les attentats qui ont frappé notre pays\", affirme l’Elysée dans un communiqué. \"Vigirate plus\", qui entrera en vigueur ce jeudi 1er décembre, prévoit trois niveaux de menace.\n Jusqu'à présent, le système ne comprenait que deux niveaux (\"vigilance\", éventuellement renforcée et \"alerte attentat\"). Le gouvernement a jugé que le système manquait de souplesse, \"par exemple, pour faire évoluer les effectifs de l'opération Sentinelle, le maintien sur la longue durée de 10.000 militaires sur le territoire national apparaissant impossible\", écrit \"le Figaro\". \"Vigipirate plus\" vise également à renforcer la lutte contre de nouvelles menaces, comme les drones ou les cyberattaques. Des dispositifs spécifiques sont prévus dorénavant pour faire face aux différents modes opératoires terroristes (fusillade, explosifs, véhicule bélier comme à Nice, attaque chimique, biologique…). En outre, le maintien de l'état d'urgence, en vigueur depuis plus d'un an, fera l'objet d'un nouveau débat à l'Assemblée nationale le 21 décembre prochain. L'Obs "}