{"title": "attentat déjoué : soutien de mélenchon à fillon et macron, sécurité renforcée pour hamon...", "newspaper": "NouvelObservateur", "author": ["L'Obs"], "date_publi": "2017-04-18", "theme": "Terrorisme", "content": "Les deux hommes \"radicalisés\" arrêtés mardi 18 avril à Marseille sont soupçonnés d’avoir voulu perpétrer un attentat sur le sol français \"dans les tout prochains jours\", a indiqué le ministre de l’Intérieur Matthias Fekl, lors d’un point presse. Si leur cible demeure encore inconnue, selon les premiers éléments de l’enquête, les candidats à la présidentielle pourraient avoir été visés. Les équipes de campagne n’ont pas tardé à réagir à la nouvelle. Emmanuel Macron a été l’un des premiers à faire entendre sa voix via un communiqué de presse. Il a félicité \"l’ensemble des services de police et de renseignement\" qui ont permis de déjouer \"ce projet terroriste destiné à troubler gravement la campagne présidentielle en cours\".  Il ajoute que le terrorisme \"est une menace qui pèse sur notre pays depuis plusieurs années et particulièrement pendant l’exercice démocratique que nous vivons en ce moment. [...] C'est un défi qui appelle plus que tout autre au rassemblement, car les terroristes ne souhaitent rien d'autre que notre division.\"\n Il en profite pour rappeler les \"actions fortes\" qu’il estime \"nécessaire de prendre pour lutter contre le terrorisme\", qui avaient fait l’objet d’une conférence de presse lundi dernier : \"l'action militaire en Irak et en Syrie ; le renforcement marqué des moyens de renseignement intérieur ; l'association nécessaire des groupes de l'internet à la lutte contre le terrorisme et le renforcement de l'esprit civique de la nation.\" Le candidat d’En Marche ! n’a pas hésité à rappeler ses mesures via Twitter. #Macron : \"la liberté, c'est d'abord la sécurité ; celle de ne pas avoir peur. Le 1er de nos combats sera contre le terrorisme.\" #Attentat pic.twitter.com/2JHKWr1lmy François Fillon a également remercié les forces de l’ordre via un message publié sur son compte Twitter. \"La démocratie ne doit pas plier devant les menaces et les intimidations des terroristes. La campagne doit continuer jusqu’au bout\", a-t-il souligné. La démocratie ne doit pas plier devant les menaces et les intimidations des terroristes. pic.twitter.com/nznvKeLZ4D Marine Le Pen ne s’est pour le moment pas exprimée sur le sujet. Elle a simplement confirmé que son service de sécurité a reçu jeudi, comme ceux d’Emmanuel Macron et de François Fillon, les photos des deux hommes suspectés de préparer un attentat. Mais Florian Philippot, vice-président du Front national, a fait le service après-vente sur BFMTV. Alors que Marine Le Pen sera en meeting mercredi à Marseille, il affirme \"ne pas voir de menace sur ce meeting\", mais se désole de constater que la \"démocratie elle-même, les opérations de vote, les campagnes électorales sont menacées.\" Reprenant la traditionnelle rhétorique du FN, il ajoute : Il conclut en estimant que \"le politique ne fait pas son travail\", contrairement, dit-il, aux forces de l’ordre et aux services de renseignement.  Tandis que Benoît Hamon a félicité via un tweet \"les forces de police qui ont déjoué le projet d’attentat qui visait les candidats à l’élection présidentielle\", Jean-Luc Mélenchon a exprimé sa solidarité vis-à-vis de ses concurrents. Selon BFMTV, il a envoyé deux SMS de soutien à François Fillon et Emmanuel Macron. Au candidat des Républicains, il a écrit :  Emmanuel Macron a pour sa part reçu ce message :  Parmi les \"petits candidats\", seuls Nicolas Dupoint-Aignan et Nathalie Arthaud se sont exprimés. Le candidat de Debout la France a martelé : \"La menace n’est pas fantasmée, ils veulent abattre notre civilisation !\" Les 2 islamistes interpellés à Marseille visaient notre démocratie : la menace n'est pas fantasmée, ils veulent abattre notre civilisation ! La candidate de Lutte ouvrière a quant à elle soulignée ne pas avoir été mise au courant de ces risques imminents. \"La menace terroriste, c’est une réalité qui pèse sur la tête de tous et je ne me sens pas plus visée qu’un autre\", a-t-elle tout de même déclaré sur BFMTV.  Benoît Hamon sera ce soir au Zénith de Toulouse où 8.000 à 9.000 personnes sont attendues, Philippe Poutou sera en même temps à la salle Jean Mermoz de la ville rose. Les mesures de sécurité seront très strictes avec notamment des fouilles de participants et la présence de policiers en civil dans le public, rapporte France 3 Occitanie. Marlène Thomas L'Obs "}