{"title": "sara, 16 ans, projetait de faire \"sauter la tour eiffel\" avec son petit ami", "newspaper": "NouvelObservateur", "author": ["Elsa Vigoureux"], "date_publi": "2017-02-15", "theme": "Terrorisme", "content": "Ils y étaient presque. L’attentat devait viser la tour Eiffel ou, à défaut, la place de la Comédie à Montpellier. Associés à leur parrain Malik H., 33 ans, Sara et Thomas avaient fait allégeance à Daech. La jeune fille avait envoyé sa vidéo mercredi 8 février. Le lendemain, tous deux sont allés acheter un verre doseur, un litre d’acétone et un litre d’eau oxygénée, avant de s’enfermer dans l’appartement de Thomas. L’explosif était stabilisé, il fallait fabriquer une dizaine de ceintures. Tout était prêt. Le plan imaginé, c’était que Thomas, 20 ans, s’en allait mourir en martyr, Sara, 16 ans, devenant ainsi \"la veuve d’un homme qui allait entrer dans l’histoire en faisant sauter la tour Eiffel\", serait accueillie en Syrie comme une princesse, elle pourrait y refaire sa vie, avoir des enfants avec un autre.  C’est le père de Sara qui a signalé sa fille au numéro vert mis en place pour lutter contre le djihadisme. Thomas, fiché S, assigné à résidence à la suite d’une tentative de départ vers la Syrie, était lui déjà dans le viseur des policiers de la Sous-direction antiterroriste (Sdat).\n Vendredi dernier, le jeune couple et leur parrain, qui s’étaient tous connus sur le web, ont été interpellés dans l’Hérault, conduits dans les locaux de la Sdat à Levallois pour 96 heures de garde à vue, puis mis en examen mardi par un juge d’instruction antiterroriste à Paris. Sara est poursuivie pour \"association de malfaiteurs en vue de perpétrer un acte terroriste\". Elle sera conduite ce mercredi vers l’établissement pour mineurs du sud de la France, encadrée par un dispositif de déradicalisation. Sara n’a plus Thomas, ni ordinateur, ni téléphone, ni internet, plus rien qui l’emmène vers cet ailleurs qui transforme la terreur en rêve. Retour au monde réel, avec les barreaux pour horizon. Pour sa mère, Daniela, convertie à l’islam, \"parce que Sara me l’a demandé\", l’atterrissage ressemble encore à un grand vertige. Cette femme de 43 ans a passé une partie de son mardi après-midi dans une église à côté du Palais de Justice de Paris. Elle priait pour sa fille, dont elle n’a pas su apprécier la dérive : En réalité, Sara, usée, déçue trop tôt par la vie, s’était mise en quête d’un idéal. Elle avait décidé de se fabriquer un monde qui lui permettrait d’échapper à celui qu’elle n’avait pas choisi, issue ultime pour quitter une existence qui l’oppressait. La Toile géante du net, champ de tous les possibles, a été un gouffre pour Sara. Elle venait de redoubler sa troisième, n’avait plus d’amies autour d’elle. Elle a navigué à perte de vue sur les réseaux sociaux, à la recherche d’une âme sœur, quelqu'un qui l’aimerait, la comblerait. Il y a d’abord eu Medhi il y a moins d’un an. Un petit ami virtuel puisqu'elle ne l’a jamais rencontré. \"Mais il la touchait parce qu’il était malheureux\", se souvient sa mère Daniela. \"Il disait qu’il avait perdu ses deux parents, qu’il n’avait pas un sou.\" Sara a téléchargé un peu d’amour en quelques clics, photos de son ventre, et autres messages évoquant des positions pour des ébats imaginaires. Et l’a vite remplacé en se perdant encore sur Facebook. C’était il y a huit mois, elle a trouvé Thomas, habitant de Charleville-Mézières. Il était converti à l’islam, comme elle. Au bout de deux mois d’échanges, il décide de rejoindre Sara à Montpellier. Daniela n’accepte pas sa présence à la maison, il squatte dans l’escalier, puis dans la cave de l’immeuble. Il a des projets, \"parle beaucoup d’un départ en Syrie\", dit l’avocat de l’adolescente, Me Frank Berton. \"Ce qui inquiète peut-être Sara, puisqu'elle rompt avec lui en octobre dernier.\" En fait, c’est Daniela qui le rappelle, elle sent sa fille esseulée et triste. Et pour cause. Sara est née en 2001, dans un contexte familial pétri de souffrances. Celles de la guerre pour son père, Bosniaque devenu Croate, chrétien hanté par des \"pensées islamophobes\". Celles de l’emprise pour sa mère, Française d’origine croate qui a vécu cinq années avec cet homme. \"Il était violent\", raconte Daniela. \"Sara a eu une petite enfance difficile à cause de ça, avec des interventions fréquentes de la police à la maison. Elle a toujours été très protectrice envers moi.\" Tiraillée aussi entre ses parents qui ne se sont plus jamais entendus. Après le divorce, Sara a eu une petite sœur, \"avec le père de laquelle nous n’avons jamais vécu\". La petite famille vit alors en région parisienne, où Daniela ne se sent pas bien. Elle projette de partir pour le sud. Les pères de ses filles rejettent cet éloignement. La justice les confie chacune à leurs pères respectifs. \"Ça a été la descente aux enfers pour mes filles, et Sara en particulier qui avait alors à peine 10 ans parce qu’elle rêvait de ce nouveau départ\", confie la maman. Daniela dit s’être battue ensuite pour la récupérer, \"elle souffrait chez son père. A l’école, les petits se moquaient d’elle parce qu’elle avait des nœuds dans les cheveux, des vêtements qui sentaient fort la cigarette\". Retranchée à la maison, \"elle était connectée en permanence sur internet\". Daniela, qui a trouvé du travail dans la garde d'enfants, fait un signalement aux services sociaux, réussit à scolariser sa fille en CM2. Mais elle lui avait déjà échappé. Sara était triste, elle se couvrait de vêtements exclusivement noirs, faisant de sa peine une marque, son identité. \"Sa petite sœur a fait comme elle, elles se retrouvaient dans ce choix\", poursuit Daniela. Sara a fouillé sur le net, trouvant que le mot \"gothique\" correspondait bien à son élan mélancolique : Sara est convaincante, depuis toujours. \"Je lui accordais presque tout ce qu’elle voulait, c’est difficile de lui dire non pour moi\", confirme sa mère. Dès le cours moyen, quand la petite ne veut pas aller à l’école, Daniela cède. \"Elle s’ennuyait à l’école, à la maison elle écrivait beaucoup dans ses cahiers, c’était sa passion, je l’autorisais à rester parce que je savais qu’elle ne faisait pas rien.\" En juin 2015, Sara publie un livre : \"Ame\", quelques dizaines de pages mettant en scène un dialogue intérieur entre deux parties d’une même personne, l’une morte, l’autre vivante. Une expertise psychologique ordonnée dans le cadre du divorce de ses parents indique que \"Sara est, à 12 ans, une jeune fille particulièrement intelligente et bien structurée qui, si elle s’exprime peu notamment dans le milieu scolaire, a néanmoins des capacités d’élaboration et de réflexion conséquentes trahissant une maturité supérieure à son âge réel\". Elle comprend presque mieux que sa mère les conflits insolvables dans lesquels sa famille s’emmêle. Daniela partage sa vie avec le père de sa troisième petite fille, il a 14 ans de moins qu’elle, il est d’origine marocaine, et musulman. Ce qui ravive le différend presque ethnique entre les parents de Sara. Son père de foi catholique est \"taraudé par le soupçon ou la hantise que sa mère, également de confession catholique, ne devienne musulmane\", lit-on dans le rapport de la psychologue. Sara perçoit les \"fragilités et les tourments quasi identitaires de son père\", elle est cependant \"libre de penser par elle-même, ce qui doit d’ailleurs lui coûter un certain courage\". Au point qu’à l’âge de 13 ans, il lui en reste bien peu pour protéger ce qui lui reste d’équilibre, et résister à cette mélancolie qui menace. Sara rêve d’une famille unie. Sa mère lui a fait découvrir la passion du Christ, elle croit au paradis. Elle s’intéresse à son beau-père qui a 25 ans, \"fixe son attention sur sa religion musulmane, lit le Coran, lui pose des questions auxquelles il répond peu\", raconte sa mère Daniela. \"Elle est déçue.\" Encore une fois, internet la console : elle se convertit, elle le dira aux policiers de la Sdat, \"en récitant la Chahada dix fois sur le web et c’était bon\". Elle ne sait pas lire l’arabe, mais elle apprend sur internet, là où tout est accessible. En cinquième, elle commence à faire des prières à la maison. Le ramadan aussi, \"plus ou moins\". Elle cherche un petit ami, mais \"trouve ceux qu’elle rencontre au collège immatures et bêtes\", confie Daniela. \"Elle disait qu’elle ne voulait pas 'devenir une pute' comme certaines filles.\" Sara se sent seule. Elle convainc sa mère, qui a \"une très grande foi en Jésus\", que ce dernier est \"partout dans le Coran\". Sa mère lui laisse enfiler le hijab, \"mais je ne voulais pas qu’elle le mette pour l’école\". L’adolescente dit que c’est une protection pour elle, que les garçons la regardent moins comme ça. Elle sort avec. Daniela comprend que sa fille \"veut se démarquer des autres, être différente\". Et surtout ne plus se sentir si seule. Thomas est là. Elle tombe dans ses bras, \"comme ça pourrait être le cas de beaucoup de jeunes filles vulnérables, en crise, ou perdues\", commente son avocat Frank Berton. \"Nous devons tous être vigilants, car ce cas montre bien qu’il suffit aujourd’hui de se chercher, se perdre sur le net, pour se retrouver sous influence terroriste.\" Sara est amoureuse, elle veut des enfants, Thomas veut s’engager pour Daech. Ils font l’amour. Décident de se marier. Mais Sara n’a pas 16 ans, c’est impossible sans l’accord de ses parents. L’imam de la mosquée à Montpellier refuse de les unir. Sara se crée un profil pro-Daech pour trouver un tuteur radical qui pourrait les aider sur Facebook. Elle télécharge des vidéos de Daech, les partage, se félicite de l’attentat du Louvre. Ça marche. Malik H., 33 ans, père de deux enfants, en instance de divorce, repéré par les services de renseignements pour sa radicalisation sur les réseaux sociaux, où il a posté depuis 2015 plusieurs messages faisant l’apologie du terrorisme, rejoint Sara et Thomas. En janvier, Sara abandonne l’école. Son monde imaginaire a pris le dessus sur la réalité. Elle se retrouve engagée dans un projet terroriste. La honte. Sara n’a pas dénoncé Thomas, ni Malik, parce qu’elle avait peur pour sa réputation, pour son avenir. En garde à vue, elle l’a dit vite : \"J’ai été égoïste.\" Comme si son interpellation l’avait ramenée à elle. Elsa Vigoureux Elsa Vigoureux Journaliste "}