{"title": "après l'attentat : \"c'est londres, on continue, c'est tout !\"", "newspaper": "NouvelObservateur", "author": ["L'Obs"], "date_publi": "2017-03-23", "theme": "Monde", "content": "Le jour d’après, il a bien fallu reprendre le métro, son vélo, conduire les enfants à l’école. \"Keep calm and carry on.\" Restez calme et continuez, le grand slogan associé à Londres pendant la Seconde Guerre mondiale est revenu dans les esprits, tel un refrain connu. Le lendemain de l'attentat qui a fait 4 morts (outre l'assaillant) et une cinquantaine de blessés à Westminster, les Britanniques sont d'accord sur un point : ils ne changeront rien à leur façon de vivre. Le soir même, après l’attaque, les Londoniens se sont retrouvés comme d'habitude dans les cafés, au restaurant, dans les spectacles musicaux du West End.  \"Nous n'avons pas peur\", a lancé Theresa May. Après avoir observé une minute de silence, les députés sont revenus en séance ce jeudi. La Première ministre britannique a martelé : \"Notre détermination ne faillira pas face au terrorisme\", qualifiant l'attentat - que Daech a fini par revendiquer - \"d’attaque contre la liberté\". \n Même défiance du côté du maire de Londres, Sadiq Khan : \"Les Londoniens ne se laisseront jamais impressionner par le terrorisme\", rappelant que Londres, ville-monde de 8 millions d’habitants, est l’une des plus sûres du globe, grâce notamment son réseau de vidéosurveillance. Sur Parliament Square, une entreprise est venue déposer, depuis les événements, des blocs de ciment pour renforcer la sécurité du périmètre. Mais quelle est l’ambiance dans les rues ? \"On en vu d’autres\", disent les passants. Et c’est vrai : pendant le Blitz, les Londoniens ont vécu au rythme des sirènes. Dans les stations de métro, où ils se retrouvaient confinés, ils chantaient alors à tue-tête pour se donner du courage sous les bombes.  Certains, plus tard, se sont moqués de la paranoïa de Margaret Thatcher qui avait fait mettre des grilles à l’entrée de Downing Street. On a moins rit quand, en février 1991, un mortier de l’IRA (Armée républicaine irlandaise) a fait explosé les fenêtres, forçant John Major, le premier Ministre d'alors, à se réfugier sous la table.  Deux obus ont raté leur cible, le troisième a atterri dans les jardins à l’arrière de la résidence. Réaction de John Major  :  Douze ans auparavant, en mars 1979, le conservateur Airey Neave, farouchement anti-IRA, trouvait la mort dans une attaque à la voiture piégée dans le parking souterrain du palais de Westminster. \"C’est Londres, on continue, c’est tout. Si vous commencez à avoir peur, ils ont gagnés\", dit Alison. Hier soir, après le travail, cette employée du métro, qui vit tout près de Westminster, et renseigne les usagers dans la journée, est allée au cinéma, à Leicester Square. \"Londres est une ville résiliente, confirme Martyn Warwick, un spécialiste international des télécoms, quand je travaillais chez Thomson, l’IRA a posé trois fois des bombes, on a tous continué comme si de rien n’était. On a traversé le Blitz, et le message des Londoniens [aux ennemis de la liberté] sera toujours : allez vous faire voir !\" Comme d’autres, Warwick dit qu’il continuera de prendre le métro pour aller dans son building à l’angle de Pall Mall et de Haymarket. Pas question de changer ses habitudes. Le hasard, nous raconte-t-il, veut qu’il connaisse David Gardner, dont la vie a basculé un jour de juillet au métro Edgware Road. Gardner est l’un des survivants des attentats qui ont frappé Londres le 7 juillet 2005. Ses blessures étaient si graves qu’il a du être amputé au-dessus du genou. Trois heures sur la table d’opération, des tympans perforés, ablation de la rate nécessaire, rein gauche sauvé de justesse... malgré tout, quatre mois plus tard, il avait repris son travail de comptable en management et décliné l’offre de son employeur de mettre une voiture à sa disposition, préférant continuer de faire ses trajets en métro. \"Nous nous en relèverons, nous assure aussi Jerry, la cinquantaine, si les Parisiens l’ont fait, nous pouvons le faire !\", plaisante-t-il en promenant son chien. Au lycée français de Londres, le proviseur explique que \"la communauté britannique est soudée et une attention particulière nous a été portée ce matin\". Les familles sont bouleversées par l’attaque où trois élèves de Concarneau en voyage scolaire ont été blessés. Des policiers du borough (arrondissement) étaient présents au moment de l’arrivée des enfants à South Kensington, pour répondre aux questions. \"Pour autant, écrit Olivier Rauch, le proviseur, le Royaume-Uni n’a pas décidé ce matin d’augmenter le niveau de vigilance (qui reste à 4 sur une échelle de 5).\" \"On ne laissera pas tomber notre liberté, lance Rohtraut, 68 ans, une Allemande, mère de 4 enfants, en visite à Londres. En Allemagne, on n’a pas autant de caméras qu’ici, les gens ont peur\". Elle était à Berlin en décembre dernier, près du tristement célèbre marché de Noël quand douze personnes sont mortes écrasées par un camion. Elle raconte que sa fille et son gendre sont partis sans se poser de questions à leur travail près de Victoria.  Mais tout le monde n’a pas la même sérénité. Sharon, élégante eurasienne de 41 ans, observe, inquiète, deux voitures de pompier qui passent dans un quartier tranquille près d’Hammersmith, à l’ouest de la ville. Elle déplore \"la tournure très triste des événements d’hier, j’ai peur pour mes enfants, mais la vie doit continuer\". Elle avoue quand même avoir modifié ses plans pour la journée : elle devait aller voir l’exposition David Hockney à la Tate Britain. \"Nous avons reporté à la semaine prochaine, nous préférons éviter le centre de Londres aujourd’hui\". Marie-Hélène Martin, à Londres L'Obs "}