{"title": "le patron de l'onu demande le retrait du décret anti-musulmans de trump", "newspaper": "NouvelObservateur", "author": ["L'Obs"], "date_publi": "2017-02-01", "theme": "L'Amérique selon Trump", "content": "Le secrétaire général de l'ONU Antonio Guterres a demandé ce mercredi au président américain Donald Trump de retirer son décret qui ferme temporairement les frontières des Etats-Unis aux réfugiés et aux ressortissants de sept pays musulmans. \"Ces mesures devraient être retirées au plus vite\", a déclaré Antonio Guterres à des journalistes. Il a ajouté : Ce décret, qui suspend l'entrée aux Etats-Unis des réfugiés pendant trois mois et des ressortissants de sept pays à majorité mulsulmane (Iran, Irak, Libye, Somalie, Soudan, Syrie, Yémen) pendant quatre mois, a suscité un tollé à travers le monde. En ce qui concerne les Syriens, ils sont interdits d'entrer sans limitation de durée.  \"L'accueil et l'installation des réfugiés est un devoir\", a rappelé Antonio Guterres, qui aussi a dirigé l'agence de l'ONU chargée des réfugiés pendant dix ans. Il a par ailleurs estimé que le décret n'empêcherait pas des attaques terroristes aux Etats-Unis : \"Si une organisation terroriste mondiale veut attaquer un pays comme les Etats-Unis, elle ne viendra sans doute pas avec des gens porteurs de passeports de ces pays-là\", a-t-il expliqué. Lundi, le Haut-commissaire de l'ONU aux droits de l'Homme, le Jordanien Zeid Ra'ad Al Hussein, avait dénoncé lundi le \"manque de générosité\" du décret américain.  Avec AFP ?     L'Obs "}