{"title": "allemagne. un garçon de 12 ans soupçonné d'une tentative d'attentat", "newspaper": "NouvelObservateur", "author": ["L'Obs avec AFP"], "date_publi": "2016-12-17", "theme": "Monde", "content": "Un enfant germano-irakien de 12 ans, aux motivations semble-t-il djihadistes, a voulu faire exploser un engin sur un marché de Noël, ont annoncé les autorités allemandes, qui ont qualifié cette affaire d'\"effrayante\". L'enquête a conduit vers un garçon \"radicalisé\" qui \"a pu être incité ou se voir ordonner à distance\" par un membre de l'organisation Etat islamique (EI) de commettre un attentat à Ludwigshafen, après avoir envisagé cet été de rejoindre le groupe djihadiste en Syrie, rapporte vendredi 16 décembre le magazine allemand \"Focus\", citant une source judiciaire.   +++ Bundesanwaltschaft ermittelt - Zwölfjähriger plante Nagelbomben-Anschlag auf Weihnacht… https://t.co/PQZEhoXNaX pic.twitter.com/eOHly0HCKG\n— FOCUS Online (@focusonline) December 16, 2016 Le parquet général de Frankenthal, saisi à l'origine, a confirmé à l'AFP l'implication de l'enfant, né à Ludwigshafen. Interrogé sur son éventuel mobile islamiste, il a évoqué \"des indications\" justifiant la saisine du parquet fédéral de Karlsruhe (sud-ouest), compétent en matière de terrorisme. Qu'un suspect aussi jeune ait pu concevoir un tel projet a choqué jusqu'au gouvernement. La CSU, allié bavarois des chrétiens-démocrates d'Angela Merkel qui n'a eu de cesse ces derniers mois de réclamer des mesures fortes face au risque djihadiste, est aussi revenue à la charge. Il s'agit d'une \"radicalisation éclair\", a commenté sur la chaîne d'information n-tv le député Stephan Mayer. \"Ce phénomène (des jeunes radicalisés) s'amplifie chez nous, c'est une situation dangereuse\". \"Cela montre que nous devons avoir plus à l'oeil la question de l'islam politique\", a-t-il ajouté, estimant que \"l'islam politique est une perversion d'une religion\". Selon le parquet de Frankenthal, l'enfant aurait tenté en vain à deux reprises - les 26 novembre et 5 décembre -, d'activer le même engin de fabrication artisanale, d'abord sur un marché de Noël, puis sur la place de la mairie. D'après \"Focus\", un passant a retrouvé le 5 décembre dans un buisson proche de la mairie un sac à dos contenant un bocal rempli de poudre, surmonté d'une mèche et bardé de clous. Selon lui, \"le terme de 'bombe' est exagéré\" mais les enquêteurs ne savent pas encore comment le mélange \"était susceptible de se comporter\" dans son récipient en verre. L'enfant, trop jeune pour être poursuivi pénalement, a été confié aux services sociaux, d'après la même source. \"Il est dans un lieu sûr et ne présente pas de danger\", a indiqué lors d'une conférence de presse la maire de Ludwigshafen, Eva Lohse. Cette affaire survient quelques mois après celle de l'adolescente germano-marocaine de 15 ans qui avait poignardé au cou un policier dans la gare de Hanovre, le 26 février. L'agression n'a jamais été revendiquée mais selon l'accusation, l'adolescente, jugée depuis octobre à Celle (nord), a agi \"sur ordre\" de l'EI. L'Allemagne a été jusqu'ici épargnée par des attaques djihadistes d'ampleur, mais plusieurs attentats islamistes ont été récemment commis par des personnes isolées. L'EI a ainsi revendiqué en juillet un attentat commis par un Syrien de 27 ans, débouté de sa demande d'asile, qui a fait 15 blessés, et une attaque à la hache perpétrée aussi par un demandeur d'asile, probablement afghan, de 17 ans, qui a fait cinq blessés. En octobre, un Syrien s'est donné la mort en prison après avoir été arrêté alors que selon les enquêteurs il se préparait à commettre un attentat contre un aéroport de Berlin. L'Obs avec AFP Journaliste "}