{"title": "attentat de new york : 16 ans après, le choc sans la surprise", "newspaper": "NouvelObservateur", "author": ["Philippe Boulet-Gercourt"], "date_publi": "2017-11-01", "theme": "L'Amérique selon Trump", "content": "Tous les New-Yorkais de longue date se souviennent de l’endroit où ils se trouvaient le 11 septembre 2001, et de ce qu’ils faisaient. Et tous, hier, ont repensé à ces moments terribles.  C’est vrai pour l'auteur de ces lignes : il y a 16 ans, j'étais très exactement au coin de Chambers Street et West Street, en compagnie de pompiers, policiers et secouristes quand la deuxième tour du World Trade Center s’était effondrée.   C’est, au mètre près, l’endroit où le pickup loué par Sayfullo Saipov, le suspect interpellé, a fini hier sa course dans un bus scolaire, à l’heure où le lycée Stuyvesant, au coin de la rue, déversait ses centaines d’écoliers.\n Les New-Yorkais n’ont pas oublié. Mais ils se souviennent aussi de ce qui avait suivi : le choc inouï de la ville, du pays, du monde entier. Dans les jours qui avaient suivi, New York avait certes montré sa résilience, sa volonté de ne pas se laisser intimider, mais il y avait d’abord eu cette stupeur et cette douleur muettes qui restent elles aussi gravées à jamais dans les mémoires.  Rien de tout cela, hier : l’attaque du West Side Highway a choqué, révulsé, dévasté mais elle n’a surpris personne. Et il y avait une automaticité, presque dérangeante, dans la façon dont les hommes politiques, d’Andrew Cuomo (le gouverneur) à Barack Obama en passant par Bill de Blasio (le maire) ont vanté le côté \"coriace\" des New-Yorkais. Un empressement renforcé par la concomitance surréelle de cette attaque avec la fête de Halloween. Autre différence : la réaction des médias. Toutes les chaînes d'info ont bien entendu traité l'événement en boucle, mais la tonalité générale, ce matin, est très différente de celle d'il y a 16 ans. En début de journée, la page d'accueil du site Bloomberg – on ne fait pas plus new-yorkais – donnait par exemple la priorité à la réforme fiscale, suivie par un deuxième sujet sur l'enquête du procureur Mueller sur le \"Russiagate\". Tous ne sont pas aussi brutaux dans leurs choix, et le temps viendra des portraits individuels des victimes, qui rappellera qu'à côté des habitants coriaces il y a eu des New-Yorkais insouciants dont le seul péché était de remonter par un beau jour d'automne la piste cyclable la plus fréquentée des Etats-Unis. La surprise, en réalité, est qu'il ait fallu attendre 16 ans pour un attentat d'envergure dans ce New York qui a toujours constitué, pour les terroristes, le Grand Prix symbolique de l'Ouest décadent. La ville était prête, elle l'était d'autant plus que Boston, frappée en 2013 pendant son marathon, est une petite sœur voisine. Et depuis Nice, Londres ou Barcelone, la technique de l'attaque au camion n'a plus rien de neuf. Comme l'a rappelé hier Andrew Cuomo, \"Big Apple\" est peut-être la ville au monde la mieux protégée par les forces de l'ordre, avec des moyens en hommes et moyens de surveillance colossaux. On ne voit pas trop ce qu'elle pourrait faire en plus, si ce n'est, peut-être, de se demander pourquoi rien n'avait été fait pour barrer l'accès aux véhicules de cette piste cyclable tellement fameuse et assez facile à protéger (un mur la sépare du trafic automobile). Mais ce sera un débat pour plus tard, s'il a jamais lieu. Le pays? Là encore, on est loin du séisme de 9/11. Ceux qui imaginaient que l'attaque ferait disparaître l'énorme agitation autour des inculpations du procureur Mueller, comme par un coup de baguette tragique, se sont lourdement trompés. Même Donald Trump tweetait encore, hier soir, sur la réforme fiscale. Un autre de ses tweets, ce matin, indique certes qu'il a \"tout juste ordonné à la Sécurité intérieure de renforcer notre Programme Extrême de Vérification [des demandes d'immigration]. Être politiquement correct, d'accord, mais pas pour cela!\". D'autre tweets suivront, d'autres affichages de la volonté de réduire non seulement l'immigration illégale mais, comme ce fut le cas pour Sayfullo Saipov, arrivé d'Ouzbékistan en 2010 et titulaire d'une carte verte, l'immigration légale.  Plusieurs observateurs se sont légitimement demandés comment on pouvait \"renforcer\" un \"programme extrême\". D'autres notent que, comme avec Boston, l'attaquant ne vient pas du Moyen-Orient mais d'Asie centrale et que l'Ouzbékistan n'a jamais figuré dans la liste des pays dont les ressortissants sont interdits d'accès aux Etats-Unis. Sauf à élargir cette liste, avec tous les problèmes de légalité que cela pose, Donald Trump ne peut pas faire grand-chose de plus que sa politique actuelle. Il peut, en revanche, tenter d'exploiter la peur pour faire progresser l'idée d'une immigration encore plus restrictive, et on peut lui faire confiance pour attiser la peur ambiante.  Mais on a du mal à imaginer, par exemple, que cela l'aide à construire son mur à la frontière mexicaine, une frontière que les terroristes, en 2016 comme en 2001, ont le mauvais goût de délaisser quand ils fomentent leurs attentats. Philippe Boulet-Gercourt Philippe Boulet-Gercourt Journaliste "}