{"title": "attentats : le modèle anglais a-t-il atteint ses limites ?", "newspaper": "NouvelObservateur", "author": ["Vincent Monnier"], "date_publi": "2017-06-07", "theme": "Terrorisme", "content": "A l'époque, son récit avait été remarqué dans le monde anglo-saxon. Dans une longue interview publiée par le \"New York Times\", en août 2016, Harry Sarfo, un jeune homme d'origine ghanéenne ayant vécu à Londres puis à Brême avant de rejoindre les rangs de Daech en Syrie, racontait avec force détails comment l'Etat islamique avait essayé de l'enrôler pour commettre un attentat-suicide en Europe. Dans l'entretien donné depuis la prison de haute sécurité où il purgeait sa peine de trois ans de prison, Sarfo avait confié que Daech manquait de volontaires pour commettre des attaques en Angleterre et en Allemagne. Contrairement à la France. C'était, selon lui, l'une des raisons pour lesquelles il avait été approché avec insistance. \"Ils disaient toujours qu'ils voulaient monter quelque chose qui se passerait au même moment à plusieurs endroits. Ils voulaient plusieurs attaques simultanées en Angleterre, en Allemagne et en France\", expliquait-il. Daech semble avoir résolu ses problèmes de main-d'oeuvre en Angleterre. En moins de deux mois et demi, le pays vient de connaître trois attaques revendiquées par l'organisation terroriste. Le 22 mars dernier, Khalid Masood, un Britannique converti à l'islam, a foncé à bord d'une voiture dans la foule sur le pont de Westminster avant d'aller poignarder mortellement un policier et d'être lui-même abattu par la police. Bilan : 6 morts et une cinquantaine de blessés. Le 22 mai, Salman Abed Vincent Monnier Journaliste "}