{"title": "berlin : qui est abou walaa, la figure du djihad en allemagne ?", "newspaper": "NouvelObservateur", "author": ["Sarah Diffalah"], "date_publi": "2016-12-24", "theme": "Terrorisme", "content": "Avec la révélation de l'identité du principal suspect de l'attentat du marché de Noël à Berlin, Anis Amri, tué à Milan après trois jours de cavale, c'est un autre nom bien connu en Allemagne qui a refait surface : celui d'Abou Walaa, baptisé le \"prédicateur sans visage\" en raison d'une série de vidéos dans lesquelles il apparaissait toujours, tout de noir vêtu, dos à la caméra.  Selon plusieurs médias allemands, Anis Amri aurait entretenu des contacts avec ce ressortissant irakien de 32 ans, de son vrai nom Ahmad Abdulaziz Abdullah A., à la tête d'un réseau de recrutement de djihadistes entre janvier et juillet 2015 pour le compte du groupe Etat islamique (EI). Il a été arrêté avec quatre complices début novembre.  \n On ne sait pas encore quels liens les deux hommes ont pu entretenir ces derniers mois, mais la figure d'Abou Walaa pourrait ne pas être totalement étrangère à la mise en oeuvre de l'action d'Anis Amri. \"Abou Walaa était le pire\" en Allemagne, a confié au \"Süddeutsche Zeitung\", un responsable policier au moment de son arrestation.  Abou Walaa était considéré par certaines personnes qui ont approché de près le réseau, comme le numéro 1 de l'EI en Allemagne. Il offrait un soutien logistique aux candidats au départ en Syrie. Il opérait dans le nord et l'ouest du pays, et notamment à partir de la mosquée d'Hildesheim (près d'Hanovre en Basse-Saxe) où il prêchait et où une vingtaine de personnes auraient fréquenté l'établissement avant de partir pour la Syrie. Le ministre de l'Intérieur de Rhénanie du Nord-Westphalie, Ralf Jäger, a indiqué :  Placé sur écoute en août 2016, d'après nos informations, Anis Amri serait lié à la mosquée de Hildesheim, devenue ces dernières années un haut-lieu de l'islam radical. Une procédure a été enclenchée pour que soit fermé ce \"hub\" du salafisme allemand. Les autorités allemandes estiment à 900 le nombre d'Allemands ayant rejoint l'EI en Irak et en Syrie.  Abou Walaa défendait, en arabe et en allemand, un islam radical via des vidéos diffusées sur Internet (toujours en ligne sur YouTube). Sur ces images, il apparaissait toujours le visage masqué ou de dos, portait barbe et djellaba noire, cheveux toujours couverts par un turban. Parfois dans une voiture, dans un bureau, dans une mosquée. Le site allemand, Erasmus monitor, qui se dit spécialisé des réseaux djihadistes, rappelle qu'Abou Walaa a pris l'habitude de se vêtir ainsi à partir de 2014, pour se rapprocher de l'allure d'Abou Bakr al-Bagdhadi qui venait de s'auto-proclamer \"calife\" de l'EI.  Toujours selon Erasmus monitor, le nom de ce salafiste, est apparu à la fin des années 2000, quand il n'avait pas encore pris de \"nom de guerre\". Il serait arrivé en Allemagne alors qu'il était mineur. Il aurait acquis plusieurs magasins de textiles à Braunschweig et Wolfsburg (Basse-Saxe) et aurait deux femmes avec qui il aurait eu plusieurs enfants. Doté visiblement d'un charisme indéniable, son ascension dans la sphère djihadiste a été fulgurante.  L'une de ses cibles préférées étaient les prédicateurs salafistes qu'il considérait comme pas assez radical, comme Pierre Vogel, désigné comme une cible par l'EI car salafiste quiétiste.  Avec 25.000 fans sur sa page Facebook, où il se présentait comme le \"sheikh\", il ne cachait pas sa proximité avec l'EI et appelait à rejoindre ses rangs. Pour attirer les sympathisants, il a même développé une application mobile sur Iphone et Androïd. Il était surveillé depuis longtemps par les autorités allemandes qui craignaient également qu'il organise des attentats sur le sol allemand. Selon le tabloïd \"The Daily Beast\", il aurait planifié des attaques contre des postes de police en 2015. L'utilisation de camions chargés d'explosifs lancés dans une foule aurait également fait partie des projets de la cellule.  Une vaste perquisition a eu lieu en juillet à la mosquée d'Hildesheim, sans qu'aucune arrestation ne soit effectuée.  C'est le témoignage d'un jeune djihadiste de 22 ans de retour de Syrie, Anil O. qui a finalement conduit à l'interpellation d'Abou Walaa en novembre dans les environs d'Hildesheim. L'association qui gérait la mosquée, le Cercle de l'islam de langue allemande (DIK), a été récemment interdite.  Selon le magazine allemand \"Focus\", Anis Amri aurait été accompagné dans son projet d'attentat par deux disciples d'Abou Walaa : Boban S., de nationalité serbo-allemand et Hasan S de nationalité turque, arrêtés en même temps que leur mentor.  Selon le \"Süddeutsche Zeitung\", Anis Amri serait allé plusieurs fois en Basse-Saxe dans la seconde moitié de l'année 2015 pour se former physiquement, \"marchant 16 kilomètres avec un sac à dos lourd avec un groupe de partisans de l'EI\". Le chef de ce groupe aurait été dirigé par Abou Walaa lui-même. Selon CNN, Boban S. était en charge de ce groupe.  Faute de pouvoir se rendre en Syrie, Anis Amri aurait alors envisagé une attaque sur place. Boban S., toujours selon les documents de police que s'est procuré CNN, lui aurait fourni un soutien logistique, notamment pour lui trouver des endroits où se cacher.  Sarah Diffalah  Sarah Diffalah Journaliste "}