{"title": "les terroristes sont-ils des psychopathes ?", "newspaper": "NouvelObservateur", "author": ["L'Obs"], "date_publi": "2016-08-23", "theme": "Attentats terroristes à Paris", "content": "Les propos ayant servi à réaliser cette histoire ont été recueillis par Arthur Scheuer et Tancrède Chambraud au cours d’un entretien avec James Fallon. Les mots qui suivent sont les siens. Qu’est-ce qu’un psychopathe ? Le mot est employé à tort et à travers mais il recouvre un sens précis. Un psychopathe est avant tout un prédateur pour les autres êtres humains, ce qu’on appelle un prédateur intra-espèce. Comme un requin qui chasserait un autre requin.  Mais la psychopathie dite primaire n’est pas ce qu’on croit. On pense généralement qu’elle se rapporte à la violence et au sadisme, mais ce n’est pas nécessairement le cas, car un psychopathe est doté d’une certaine forme d’empathie. >> Lire l'intégralité de l'article gratuitement sur Ulyces On distingue quatre types d’empathies répartis sur deux axes. A une extrémité du premier axe, on trouve l’empathie émotionnelle. A l’autre bout, l’empathie cognitive.\n  L’empathie émotionnelle est ce qu’on ressent lorsqu’on est en présence de sa moitié ou de ses meilleurs amis. C’est ce qu’on ressent lorsqu’on est émotionnellement connecté avec une autre personne. Non seulement nous comprenons ce qu’elle ressent, mais on le ressent aussi. C’est comme si on pouvait lire dans ses pensées, ou plutôt dans ses émotions. On ressent soi-même les émotions qu’on perçoit chez l’autre. L’empathie cognitive, c’est lorsqu’on sait ce qu’une personne ressent mais sans le ressentir soi-même. Les gens dotés d’une forte empathie cognitive sont souvent attirés par la charité et l’altruisme. On pense à des gens comme Nelson Mandela, Gandhi ou Mère Teresa. Ils ont tous fait de grandes choses pour l’humanité. Pourtant, partager leur vie n’était pas une sinécure. Lors de la cérémonie funéraire de Nelson Mandela, sa fille à déclaré : \"C’était un grand homme, mais vous n’auriez pas aimé être sa fille.\" La femme de Gandhi a dit la même chose à propos de son mari, et être en relation directe avec Mère Teresa était semble-t-il difficile. Ces trois figures historiques étaient dotées d’une grande empathie cognitive mais d’une faible empathie émotionnelle. C’est également le cas des psychopathes. Ils ne ressentent pas votre douleur car ils n’ont que très peu d’empathie émotionnelle. Le second axe est celui de l’empathie ingroup (ou endogroupe) et outgroup (exogroupe). Elles vous permettent de sentir que vous appartenez à un groupe. Certains marxistes croient à une communauté humaine globale et internationale. Cet internationalisme est un genre particulier d’empathie : leur monde est un exogroupe, il englobe toute l’humanité. L’empathie endogroupe est l’opposé de ce sentiment et se caractérise par le fait de ne s’intéresser qu’à soi, sa famille ou son clan – la famille élargie.  Les psychopathes ont une empathie endogroupe très développée mais le groupe en question n’est composé que d’une personne : eux. C’est une forme extrême d’endogroupe. Cela nous permet déjà d’y voir plus clair : les tueurs de masse ne sont pas des psychopathes car ils ont la plupart du temps une grande empathie exogroupe. Ils croient à l’existence de grands groupes, qu’il s’agisse de la France, de l’Etat islamique ou des Américains. Un psychopathe est donc doté d’une faible empathie émotionnelle, d’une empathie cognitive très prégnante et de l’autre côté, d’une empathie endogroupe poussée à l’extrême et d’une absence d’empathie exogroupe. Chez un psychopathe, ce schéma empathique est bien plus déterminant que le fait d’être violent. Il faut ajouter à cela que les psychopathes font preuve d’une résistance hors du commun à l’anxiété et à la souffrance. Ils ne sont jamais inquiets, ce sont des gens très détendus. Rien ne les perturbe émotionnellement et surtout, ils n’ont aucune envie de mourir ! Les psychopathes n’ont pas de tendance suicidaire, ils cherchent avant toute chose à se préserver. Je suis moi-même atteint de psychopathie et c’est un des traits de personnalité les plus présents chez moi. Si ma femme me surprenait au lit avec une autre, je nierais avec aplomb. Je lui dirais : \"Tu préfères croire qui ? Moi ou tes yeux menteurs ?\" Et je serais très convaincant. Fort heureusement, je ne ferai jamais une telle chose, mon épouse est une Irlandaise très coriace ! Quand j’étais jeune et que j’avais des ennuis avec l’autorité (mes parents, mes professeurs, la police), je donnais toujours l’impression d’être innocent, j’étais très détendu. Je n’étais pas anxieux du tout. Si on m’informait soudainement que 5.000 personnes sont attroupées devant chez moi pour que je leur parle de la création des montants compensatoires monétaires, j’improviserais sans être intimidé le moins du monde. C’est une aptitude naturelle qu’on retrouve chez beaucoup de psychopathes – ils adorent ça. Les gens prennent ce trait de personnalité pour du charisme. On leur prête des talents innés pour le leadership car ils ne connaissent pas la peur. La plupart du temps, quand quelqu’un vous ment, il finit par s’arrêter. Pas eux. Ils mentent avec la plus grande désinvolture.  C’est mon cas. J’ai progressivement réalisé que je me moquais éperdument du fait de blesser les autres quand je leur parle. Je peux les froisser sans me poser de question. La plupart des gens se demandent s’ils sont en train de faire du mal à leur interlocuteur. C’est le signe d’une conscience morale innée. Les psychopathes n’ont aucun sens inné de la morale.  Cela s’explique car c’est la partie basse de leur cerveau qui est \"désactivée\", le système limbique – ou cerveau émotionnel. Les psychopathes ne ressentent donc aucune émotion mais ils peuvent les feindre. Ils n’ont pas l’air de s’ennuyer une seconde. Ils ont l’air très vivants et sont toujours enclins à vous parler, car ils savent qu’ils doivent le faire. C’est que pour être un bon escroc, il faut agir de la façon la plus naturelle possible et ne pas avoir l’air de mentir. Ils font ça très bien car aucune émotion ne vient les perturber. A tout cela, il faut parfois ajouter un haut degré d’agressivité. Mais l’agressivité ne signifie pas nécessairement que la personne est violente. Elle peut être agressive au sens compétitif du terme, dans ses paroles, dans sa façon de faire du sport… il faut toujours qu’ils gagnent. Ce tempérament agressif est une autre caractéristique clé de la psychopathie. Elle donne parfois lieu à des comportements violents, mais chez beaucoup de psychopathes ce n’est pas le cas. Cela fait d’eux des prédateurs sans cœur qui donnent l’impression d’être amicaux. Et ils le sont vraiment, c’est pour ça qu’ils réussissent. Ce sont là les caractéristiques principales de la psychopathie primaire, à laquelle on fait le plus souvent référence. >> Il vous reste 50% de l'histoire à lire ici  \"Les terroristes sont-ils des psychopathes ?\" a été traduit de l’anglais par Valentine Lebœuf et Nicolas Prouillac d’après l'interview d'Arthur Scheuer et Tancrède Chambraud. Découvrez sur Ulyces un portrait de James Fallon réalisé en Norvège, \"Le vrai Hannibal Lecter est sympa et n'a jamais tué personne\". L'Obs "}