{"title": "\"cumhuriyet\", un journal indépendant brisé par le sultan erdogan", "newspaper": "NouvelObservateur", "author": ["Justine Benoit"], "date_publi": "2017-07-25", "theme": "Monde", "content": "Leur procès s’est ouvert lundi 24 juillet en Turquie. Ils sont journalistes et employés du plus vieux quotidien turc, \"Cumhuriyet\", et risquent jusqu’à 43 ans de prison pour \"soutien au terrorisme\". Ce procès \"anti-presse\" est à l’image de la répression mise en place par le président turc Recep Tayyip Erdogan. Sur le banc des accusés, 19 personnes dont des grands noms du journalisme turc, comme l’éditorialiste Kadri Gürsei, le caricaturiste Musa Kart, le chroniqueur Aydin Engin et le journaliste d’investigation Ahmet Sik. Douze sont actuellement en prison – la plupart depuis leur arrestation dans la nuit du 31 octobre au 1er novembre 2016, six comparaissent libres et l’ancien rédacteur en chef Can Dündar, aujourd’hui réfugié en France, est le seul jugé par contumace.  Selon l’acte d’accusation, ils auraient soutenu à travers leur publication trois organisations terroristes, le mouvement de Fethullah Gülen (accusé d’avoir fomenté le putsch du 15 juillet 2016), le Parti des travailleurs du Kurdistan (PKK) et le groupuscule d’extrême gauche DHKP-C (Parti-Front révolutionnaire de libération du peuple). Accusations bancales, comme l’a souligné Aydin Engin lors de son interrogatoire par le substitut du procureur, dont des extraits ont été publiés lundi 24 juillet par \"Libération\" : \"Fetö et le PKK sont deux organisations antagonistes qui se haïssent ! On ne peut pas faire la propagande pour les deux à la fois… Si vous tenez absolument à m’accuser, choisissez au moins l’un des deux…\".\n Dans ces extraits de \"Libération\", les interrogatoires et les chefs d’accusations semblent montés de toutes pièces, tirés par les cheveux. Ce qui est par exemple reproché à Güray Öz, c’est d’avoir commandé une pizza sur un site internet. Or une personne qui possède l’application cryptologique By-Lock sur son téléphone avait également commandé une pizza au même magasin le même jour. Que répondre à ce genre d’accusations ? Plaider la coïncidence, certainement. Erdogan semble en tout cas avoir trouvé son trouvé son souffre-douleur, la presse libre et indépendante, qui ne soutient pas son parti l’AKP. Car jusqu’à présent, aucune preuve tangible ne figure dans le dossier. Ce procès de la presse est retentissant pour les médias du monde. Ces derniers ne cessent notamment de rappeler que cette nouvelle attaque envers les médias s’ajoute à l’atmosphère autoritaire et répressive qu’a instauré Ergodan depuis la mise en place de l’état d’urgence. Depuis ce moment-là, plus de 160 journalistes sont d’ailleurs en prison et 150 médias ont été fermés. Un miracle finalement que le journal Cumhuriyet soit encore debout. Dans son histoire, le journal a pourtant déjà fait face la justice d’Erdogan. Can Dündar, ancien rédacteur en chef du quotidien turc d’opposition, a fui le pays après avoir été condamné à cinq ans et dix mois de prison pour \"divulgation de secrets d’Etat\". Huit autres journalistes du titre ont été condamnés, dont Hikmet Cetinkaya et Ceyda Karan, pour \"incitation à la haine publique\" et \"insultes à des valeurs religieuses\" après avoir reproduit en 2015 des caricatures de Mahomet parues dans \"Charlie Hebdo\", après l’attentat à son encontre. Bien que des lois existent pour garantir la liberté de la presse depuis le début du XXe siècle en Turquie, la presse d’opposition au pouvoir fait l’objet d’une répression constante et croissante depuis 2007, date à laquelle Erdogan a, petit à petit, laissé tomber le masque du chef d’Etat modéré. Avant l’arrivée au pouvoir de l’AKP en 2002, parti islamo-conservateur d’Erdogan, la Turquie représentait pourtant une exception politique au Moyen-Orient, un modèle pour les pays voisins. Depuis, la situation s’est nettement dégradée. Dès 2007, Erdogan a essayé de museler la presse en passant par la \"justice\". Les médias d’opposition (kémalistes, gülenistes, kurdes) ont été victimes de procès jugés abusifs par les observateurs internationaux. Début 2013, le Comité pour la Protection des Journalistes a accusé Erdogan d’avoir lancé la plus violente campagne contre la liberté de la presse de toute l’histoire contemporaine de la Turquie. En 2014, Reporters Sans Frontières a classé le pays à la 154e place (sur 180) en termes de liberté de la presse. Les titres ont aussi subi des pressions économiques. Menacé de redressement fiscal, le journal \"Hürriyet\" a notamment été contraint de diminuer ses attaques envers l’AKP. La répression de la liberté de la presse en Turquie fait couler beaucoup d’encre dans les médias internationaux. Mais le peuple turc subit aussi les conséquences de la poigne de fer d’Erdogan. Depuis le putsch de juillet 2016, plus de 150.000 fonctionnaires ont été limogés par vagues successives, et près de 50.000 personnes emprisonnés, supposés gülenistes, militants de gauches, membre du PKK. Et pas plus tard que la semaine dernière, la Turquie a fait arrêter des membres d’Amnesty International, dont la présidente en Turquie, les accusant de soutenir l’ennemi politique déclaré du président turc, Fethullah Gülen. Dans sa course effrénée à la répression, Erdogan laisse des traces et cherche plus que jamais à imposer sa vision politique. L'islamiste modéré a depuis longtemps disparu. Aurait-il peur de terminer comme Mohammed Morsi, l’ancien dirigeant de l’Egypte, mis à la porte de son propre pays ? Son objectif d’intégrer l’Europe a en tout cas laissé place à une volonté ferme de récupérer une place dominante au Moyen-Orient, d’où la prise de position turque dans le conflit syrien. Erdogan ne risque donc plus de prendre avec autant de considérations les critiques de la communauté internationale et de l’Union européenne. Justine Benoit Justine Benoit "}