{"title": "fusillade de san bernardino : un \"acte de terrorisme\" lié à daech ?", "newspaper": "NouvelObservateur", "author": ["L'Obs"], "date_publi": "2015-12-04", "theme": "Monde", "content": "Un \"acte de terrorisme\". Les soupçons se confirment. L'enquête sur la fusillade de San Bernardino ayant coûté la vie à 14 personnes en Californie vient d'être requalifiée en \"acte de terrorisme\" par le FBI. \"Nous enquêtons désormais sur ces faits horribles dans l'hypothèse d'un acte terroriste. Nous avons des preuves montrant qu'(ils) avaient fait l'objet d'une minutieuse préparation\", a affirmé David Bowdich, un responsable de l'antenne du FBI à Los Angeles.  En effet, quelques heures plus tôt, CNN et NBC, ont révélé que la femme qui, avec son mari, a massacré 14 personnes mercredi en Californie a fait allégeance au chef autoproclamé de l'organisation djihadiste Etat islamique (EI) sur Facebook.\n Citant des sources proches de l'enquête, les deux chaînes américaines assurent que Tashfeen Malik a publié sur le réseau social un texte pour faire allégeance à Abou Bakr al-Bagdadi avec un compte qui n'était pas à son nom, sans préciser comment les autorités sont remontées jusqu'à la publication. CNN ajoute que la fusillade, qui a fait également 21 blessés, semble avoir été inspirée et non orchestrée par l'organisation Etat islamique, contrairement aux attaques qui ont fait 130 morts le 13 novembre à Paris et Saint-Denis et que l'EI a revendiquées dans un communiqué diffusé le lendemain. More: #SanBernardino attacker's pro-ISIS Facebook post made on account with a different name, U.S. official says. https://t.co/tTgScYeYMK Durant une conférence de presse, un journaliste a interrogé le responsable du FBI sur ce texte, faisant valoir que le réseau social aurait confirmé la publication du message. \"J'ai connaissance de cette publication (...) nous sommes en train d'élucider cela (...) il s'agit bien d'une déclaration d'allégeance\", a répondu David Bowdich. Syed Farook, qui a fait irruption avec sa femme Tashfeen Malik en tenue de commando dans un déjeuner de Noël des services de santé de San Bernardino pour lesquels il travaillait, \"s'était semble-t-il radicalisé\", toujours selon CNN, citant des sources policières. D'après le \"New York Times\", se référant à des parlementaires informés de l'enquête, Farook avait été en contact \"avec des extrémistes, aux Etats-Unis et à l'étranger il y a plusieurs années mais pas récemment\". Le jeune homme de 28 ans - tué avec sa femme, 27 ans, mercredi à l'issue d'un affrontement avec la police - avait été en contact avec cinq personnes sur lesquelles la police fédérale FBI avait enquêté pour des soupçons de terrorisme, dont l'une liée aux islamistes somaliens shebab et une autre au front Al-Nosra, branche syrienne d'Al-Qaïda.  Rien n'indique par contre que le couple de tueurs ait fait partie d'une cellule avec d'autres membres, a expliqué de son côté le directeur de la police fédérale américaine, James Comey. A ce stade de l'enquête, \"nous n'avons aucune indication que ces tueurs font partie d'une organisation plus large ou qu'ils font partie d'une cellule\", a indiqué James Comey. Si la piste terroriste est dorénavant privilégiée, une autre hypothèse a toutefois été évoquée pour expliquer cette fusillade, la pire aux Etats-Unis depuis trois ans : celle d'une dispute. En effet, Syed Farook, un expert sanitaire, avait quitté la fête des employés de l'agence pour laquelle il travaillait, après une altercation. Il y est revenu plus tard avec sa femme et a ouvert le feu. Le FBI, qui dirige l'enquête sur la tuerie a par ailleurs expliqué que vu l'arsenal et la préparation minutieuse du couple, ils semblaient \"en mission\". Les deux tueurs, parents d'un bébé de six mois, avaient loué quelques jours auparavant le 4x4 noir dans lequel ils ont tenté de s'échapper et où ils ont été tués par la police lors d'un échange de plus d'une centaine de tirs.Lors d'une conférence de presse jeudi, le chef de la police de San Bernardino, Jarrod Burguan, a indiqué que les agents ont tiré quelque 380 coups de feu et en ont subi plus de 75 de la part des suspects. Plus de 6.500 cartouches ont été retrouvées dans leur maison, la voiture et sur le couple, ainsi qu'une douzaine d'engins explosifs artisanaux. Syed Farook, de nationalité américaine mais d'origine pakistanaise, était un fervent musulman qui priait deux à trois fois par semaine à la mosquée, jusqu'à ce qu'il arrête de s'y rendre il y a quelques semaines, selon des fidèles qui le connaissaient, interrogés par l'AFP. Aucun d'eux n'a jamais discerné de signe d'extrémisme religieux chez lui, et ils le décrivent comme poli, discret. Malik, de nationalité pakistanaise, était voilée de noir des pieds à la tête, selon ces témoins. Les autorités s'intéressent à un pèlerinage à La Mecque à l'été 2014 au cours duquel ils se seraient mariés, après s'être rencontrés sur internet. Tandis que l'incertitude persiste encore sur les motifs du massacre, le lieutenant Mike Madden, l'un des premiers secouristes sur les lieux, a décrit lors d'une conférence de presse \"un carnage indescriptible, avec des gens blessés partout, d'autres déjà morts, la panique sur le visage de ceux qui cherchaient à se mettre à l'abri\". La police et les services d'urgences ont dû enjamber des corps et ignorer les cris des blessés parfois agonisants pour tenter de \"localiser le tireur\" encore en activité vu \"l'odeur de poudre encore fraîche\". Mike Madden a parlé, visiblement ému, du \"chaos\", du hurlement des sirènes d'alarme, de l'eau du système anti-incendies qui giclait, des cris des blessés \"qui souffraient\". Il a aussi évoqué le décor de cette scène \"surréaliste\": le sapin de Noël, les tables décorées pour ce repas de fête de fin d'année. Dans cette ville californienne aux portes du désert, des habitants se sont recueillis jeudi soir dans des veillées en hommage aux victimes, âgées de 26 à 60 ans. \"C'est une tragédie mais nous devons dire que nous n'avons pas peur\", a affirmé Dorothy Andrews, 74 ans, les larmes aux yeux et la voix tremblante tenant une bougie à la main, dans un stade où plusieurs milliers de personnes étaient réunies. (Avec agences) L'Obs "}