{"title": "terrorisme, cyber-attaque, vandalisme... ces menaces qui pèsent sur la présidentielle américaine", "newspaper": "NouvelObservateur", "author": ["Sarah Diffalah"], "date_publi": "2016-11-08", "theme": "Elections américaines", "content": "Jour J pour l'Amérique qui va voter ce mardi 8 novembre pour élire le successeur de Barack Obama, mettant ainsi un point final à une campagne électorale qui n’aura jamais été aussi tendue. Cette ultime journée de suspense est d'ailleurs marquée par de nombreuses alertes sur d’éventuelles violences, alertes qui se sont multipliées ces derniers jours. Les menaces sont de nature diverse, mais suffisamment inquiétantes pour que les autorités aient d’ores et déjà mis en place certaines mesures.   Le risque d’attentat est la menace la plus préoccupante. Ce week-end, CBS News a révélé que les autorités fédérales et les services de renseignement ont averti les autorités de New York, du Texas et de Virginie de menaces d’attaques sur leur sol la veille de l’élection, par Al-Qaïda. Un haut responsable du renseignement a confié à la chaîne américaine que ce risque était lié à la mort de  Farouq al-Qahtani, un des chefs du réseau terroriste, tué par une frappe de drone américaine dans l’est de l’Afghanistan, le 23 octobre dernier. Les autorités n’ont pas confirmé ces informations, aucun élément précis n'a été donné. Selon le \"New York Times\", qui cite un responsable fédéral, cette hypothèse ne serait pas fondée. \n La menace terroriste est intégrée par tous et à tous les niveaux depuis les attentats du 11-Septembre, et il n’est pas surprenant qu’autour d’événements majeurs organisés dans le pays, les alertes s’amplifient. A plus forte raison cette fois puisque le leader d’Al-Qaïda, Ayman al-Zawahiri, a appelé à attaquer les Etats-Unis, en septembre dernier. Même s'il est très difficile pour Al-Qaïda, complètement affaibli, de conduire des actions terroristes en dehors de ses bases d’Afghanistan et du Pakistan, les autorités locales sont fébriles. Samedi, dans le Nevada, Donald Trump a été brièvement évacué de la scène où il faisait un discours après une fausse alerte.  A New York, qui a vécu deux attentats ratés en septembre, le maire démocrate, Bill de Blasio, a déclaré qu’il avait prévu de renforcer les forces de sécurité, d’autant que les deux candidats, Hillary Clinton et Donald Trump, ont établi leur QG à Manhattan pour suivre les résultats. Le gouverneur de l’Etat, Andrew Cuomo, a précisé que des agents de police fédérale et des soldats de la garde nationale seraient déployés le jour du scrutin. Les Etats mentionnés par une possible attaque ont demandé à leurs habitants de rester vigilants.  L’autre menace prise au sérieux concerne l’éventualité d’une cyber-attaque le jour de l’élection. Plus que lors de n’importe élection dans le passé, les Etats-Unis craignent une attaque informatique visant les systèmes de vote électronique – les machines ne sont cependant pas reliées à internet – ou les bases de données électorales. La Maison-Blanche, le Department of Homeland Security, l'agence de sécurité nationale (NSA), la CIA et la Défense se sont mis en branle pour coordonner leurs efforts et éviter un tel scénario, explique NBC.  Selon les informations de Reuters, la majorité des Etats ont accepté l’aide du Department of Homeland Security pour rendre leurs systèmes électroniques moins vulnérables. Les craintes ont été nourries cette année par de nombreuses attaques lors de la campagne. Cet été, les bases de données de l'Arizona et de l'Illinois ont été piratés. La Russie est notamment soupçonnée par les autorités américaines d’avoir orchestré la série de piratages des ordinateurs du parti démocrate, dont les documents ont été publiés par WikiLeaks. En octobre, Washington a accusé Moscou, sans pouvoir le prouver, d’avoir piraté les systèmes électoraux avec pour but \"d’interférer dans le processus électoral américain\". La plupart des responsables américains et des experts qui se sont déjà exprimés sur le sujet estiment que le but de Moscou n'est pas d'influencer ou de modifier le résultat de l'élection, mais de semer la confusion dans la population et de saper la confiance dans les institutions démocratiques. Bien que la faisabilité technique d’une attaque d'ampleur mardi 8 novembre soit faible, il suffirait d’un soupçon pour que la controverse explose, que la confiance des électeurs s'érode, et que cela nuise au bon déroulement du vote. Donald Trump a déjà signalé qu’il n’hésiterait pas à contester l’élection au moindre doute. Et en cas de résultats serrés, il pourrait être d'autant plus tenté de remettre en cause la légitimité de l’élection. Le porte-parole de la Maison-Blanche, Josh Earnest, a cependant rassuré, déclarant qu’il n’avait aucune donnée sur le risque de menace le jour de l’élection. Les Américains sont également inquiets de possibles irruptions de violence et actes de vandalisme le jour du scrutin et lors de la proclamation des résultats. La violence de la campagne électorale entre les deux candidats a nourri un climat de tension qui s’est traduit par de nombreux incidents. Tout récemment, une église du Mississipi, fréquentée par des Africains-Américains, a été incendiée et vandalisée. Le slogan \"votez Trump\" a été inscrit sur la façade du bâtiment. Des actes de vandalisme ont été commis par des manifestants contre l’hôtel Trump International et le siège du FBI à Washington, rapporte \"le Figaro\". En Virginie, un supporter de Donald Trump, armé, a menacé une candidate démocrate au Congrès. La remise en cause, sans fondement, de l’intégrité du système électoral, par Donald Trump, sa logorrhée violente à l’égard de sa rivale, pourraient nourrir des velléités d’intimidations. Le candidat républicain, en appelant ses supporters à servir d’observateurs dans les bureaux de vote, risque de compliquer la situation sur le terrain. Dans les Etats où le port d’armes est autorisé, les responsables ont assuré qu’ils avaient pris des mesures policières et judiciaires pour éviter toute intimidation. Dans le Colorado, l’un des Etats les plus touchés par les fusillades de masse, les responsables des bureaux de vote ont expliqué au \"New York Times\" avoir préparé ceux qui tiendront les bureaux pour faire face à d’éventuelles violences. Certaines écoles qui accueilleront des bureaux de votes ont décidé de ne pas faire cours ce jour-là pour ne pas faire courir de risque aux enfants. Sarah Diffalah Sarah Diffalah Journaliste "}