{"title": "colombie : trois morts dont une française dans un attentat à la bombe", "newspaper": "NouvelObservateur", "author": ["L'Obs"], "date_publi": "2017-06-18", "theme": "Monde", "content": "Au moins trois personnes, dont une Française, ont été tuées et neuf blessées samedi après-midi dans un attentat à la bombe perpétré dans un centre commercial de Bogota. Selon la police, l'explosion s'est produite vers 17 heures (22 heures GMT) dans les toilettes des femmes du centre commercial, situé dans une zone très fréquentée par les étrangers. Une Française de 23 ans et deux Colombiennes âgées de 27 et 31 ans \"sont décédées de leurs blessures\", a indiqué dans un communiqué la clinique où les victimes ont été hospitalisées.  Parmi les blessés, dont quatre sont dans un état critique, figure également une Française de 48 ans, a précisé l'établissement. Le centre commercial Andino, l'un des principaux de la ville, a été évacué tandis que policiers, ambulanciers et pompiers ont rapidement boucler la zone. Le maire de la capitale colombienne Enrique Penalosa a dénoncé un \"attentat lâche au centre Andino\". Le président colombien Juan Manuel Santos a de son côté condamné l'explosion et aussitôt ordonné au chef de la police nationale d'ouvrir une enquête.  En France, la section antiterroriste du parquet de Paris a également ouvert une enquête pour \"assassinats et tentatives d'assassinats en relation avec une entreprise terroriste\". Les investigations ont été confiées à la Direction générale de la sécurité intérieure (DGSI), service coordinateur, à la Sous-Direction antiterroriste (SDAT) et à la Direction interrégionale de la police judiciaire de Rennes.\n La jeune Française était venue en Colombie pour \"fournir un service social dans un collège d'un quartier populaire de Bogota durant six mois\", a indiqué le maire à la presse. \"Effectivement, il s'agit d'une jeune Française de 23 ans, qui malheureusement est décédée dans l'attentat (...), elle était en visite dans le pays\", a déclaré de son côté à la radio Blueradio l'ambassadeur de France à Bogota, Gautier Mignot, selon qui \"la jeune femme était apparemment accompagnée de sa mère\". \"On s'occupait des clients quand on a entendu une explosion au deuxième étage\", a raconté Michael Montoya, qui travaille dans une boutique du troisième étage. \"Avec ma collègue Viviana, on est descendus voir ce qui s'était passé et on a vu des gens qui pleuraient et saignaient. C'était dans les toilettes, d'où sont sorties des femmes en pleurs. Il y avait beaucoup de fumée et la sécurité nous a dit d'évacuer\", a-t-il ajouté. Le président colombien, qui s'est rendu sur place, a adressé ses condoléances aux familles, ajoutant que \"la meilleure réponse à donner à ces attaques est de continuer à vivre normalement\". Colombianos, les pido unidad para perseguir a los responsables. La respuesta ante estos ataques es seguir la vida con normalidad. pic.twitter.com/fIpAXgivqb Selon la Clinica del Country, l'établissement hospitalier qui a reçu les victimes, une personne est \"dans un état critique de gravité maximum\". D'autres blessés souffrent de traumatismes acoustiques du fait de l'onde de choc. Le chef de la police nationale, Jorge Nieto a indiqué de son côté que l'explosion avait été provoquée par \"un engin\" déposé \"derrière un siège des toilettes pour femmes\". Une équipe d'enquêteurs est en charge des recherches préliminaires et \"des mesures préventives\" sont en cours, a-t-il encore indiqué. Le maire de Bogota a indiqué qu'il ne pouvait dire encore \"quel groupe pourrait être derrière cet attentat\". Arrivé sur place en fin de soirée, le président Santos a pour sa part déclaré qu'\"il n'y a pas d'indices clairs\" sur les responsables de l'attentat. La guérilla colombienne de l'ELN (Armée de libération nationale, guévariste), a fait savoir rapidement qu'elle \"condamnait\" cet attentat \"exécrable\", via son compte Twitter. 1.@ELN_Paz repudia ataque en Centro Comercial Andino contra civiles. Compartimos el dolor y nos solidarizamos con las víctimas. (sigue) En France, les messages de soutien et de condoléances se sont multipliés ce dimanche matin. Le ministre de l'Education, Jean-Michel Blanquer, a été l'un des premiers à réagir, adressant ce dimanche sur Twitter, sa \"profonde solidarité\" avec la famille de la jeune femme décédée. En solidarité profonde avec la famille de Julie Huynh, jeune française volontaire dans une école, tuée dans l'attentat de Bogotá. Le président Emmanuel Macron, en déplacement dans le Touquet pour voter au scrutin législatif, a également adressé sur Twitter ses \"condoléances\".  À 23 ans, engagée bénévolement à Bogota, une compatriote y a perdu la vie dans une explosion. Tristesse et condoléances pour ses proches. De son côté, la maire PS de Paris, Anne Hidalgo, a fait part de sa \"solidarité aux habitants de Bogota\" et a témoigné son \"soutien aux blessés et aux proches des victimes\".  Je condamne l'attentat survenu à #Bogotá, qui a fait 3 morts dont une Française. Tout mon soutien aux blessés et aux proches des victimes. L'Obs "}