{"title": "charlottesville : un à un, tous les grands patrons américains lâchent trump", "newspaper": "NouvelObservateur", "author": ["Timothée Vilars"], "date_publi": "2017-08-16", "theme": "L'Amérique selon Trump", "content": "La lune de miel entre Donald Trump et le monde de l'entreprise semble désormais bien loin. Il y a neuf mois, l'élection de l'homme d'affaires avait suscité l'enthousiasme des dirigeants de plusieurs grands groupes, dont certains avaient même rejoint les rangs de ses conseillers. Mais ses prises de position sur l'immigration, dès janvier, sur le climat, début juin, et sa réaction à l'attentat d'un suprémaciste à Charlottesville le 12 août ont refroidi plusieurs grands noms. En persistant à renvoyer dos à dos militants d'extrême droite et contre-manifestants antiracistes, Donald Trump s'est attiré les foudres de patrons emblématiques mais aussi d'industries très soucieuses des dégâts d'image. Lundi 14 août, le patron du géant pharmaceutique Merck, Kenneth Frazier, a pris la tête de la rébellion en claquant la porte du Conseil pour l'industrie américaine, où il conseillait Trump sur sa politique commerciale.  \n \"Les dirigeants américains doivent honorer nos valeurs fondamentales en rejetant clairement les manifestations de haine, de sectarisme et toute revendication de suprématie qui nient l'idéal américain voulant que tous les hommes ont été créés égaux\", écrit Kenneth Frazier, l'un des rares patrons noirs d'une grande entreprise américaine. Comme à l'accoutumée, Donald Trump s'est vengé sur Twitter en pointant, par deux fois, les délocalisations et les prix élevés pratiqués par le groupe pharmaceutique.  Now that Ken Frazier of Merck Pharma has resigned from President's Manufacturing Council,he will have more time to LOWER RIPOFF DRUG PRICES! .@Merck Pharma is a leader in higher & higher drug prices while at the same time taking jobs out of the U.S. Bring jobs back & LOWER PRICES! Le directeur général de l'équipementier sportif Under Armour, Kevin Plank, démissionnait dans la foulée du Conseil des entrepreneurs américains. \"Nous restons déterminés dans notre potentiel et notre capacité à améliorer l'industrie américaine\", écrit-il sur Twitter. \"Cependant, Under Armour est engagé dans l'innovation et le sport, pas la politique.\" Brian Krzanich, PDG du géant des puces informatiques Intel, a également annoncé quitter ce groupe. \"La politique et les agendas politiques ont mis de côté la mission importante qui consiste à reconstruire la base manufacturière de l'Amérique\", dit-il dans un communiqué soulignant son \"aversion\" pour les violences de Charlottesville. Scott Paul, président de l'Alliance pour l'industrie américaine, leur a emboîté le pas mardi 15 août en soulignant sur Twitter : \"C'est la bonne chose à faire.\"  I'm resigning from the Manufacturing Jobs Initiative because it's the right thing for me to do. Le monde syndical s'est aussi indigné, comme en témoigne la démission du président de la principale centrale du pays, l'AFL-CIO, Richard Trumka, qui siégeait également dans le groupe conseillant Donald Trump sur les questions industrielles. I cannot sit on a council for a President that tolerates bigotry and domestic terrorism; I resign, effective immediately. pic.twitter.com/ip6F2nsoog En janvier dernier, plusieurs dirigeants avaient déjà dénoncé le décret controversé (\"Muslim Ban\") restreignant l'immigration aux Etats-Unis, dont les patrons d'Apple, Tim Cook, et de Google, Sundar Pichai. Le 1er juin, c'est le médiatique fondateur du constructeur de voitures électriques Tesla, Elon Musk, bientôt suivi par celui de Disney, Bob Iger, qui claquait la porte de différents cénacles conseillant le président américain après sa décision de quitter l'accord de Paris sur le climat.  Am departing presidential councils. Climate change is real. Leaving Paris is not good for America or the world. As a matter of principle, I've resigned from the President's Council over the #ParisAgreement withdrawal. Les départs annoncés depuis lundi 14 août prennent un tour plus politique. Le groupe Under Armour dirigé par Kevin Plank est basé à Baltimore, cité portuaire de l'est du pays en proie à des problèmes liés à la pauvreté et aux tensions raciales et où il soutient de nombreux projets de réhabilitation.  Le président n'a guère apprécié ces camouflets. \"Ils ne prennent par leur travail sérieusement en ce qui concerne le pays\", a-t-il insisté au cours de sa conférence de presse, en avançant que \"certaines des personnes qui vont partir le font par gêne, parce qu'ils fabriquent leurs produits à l'étranger\".  For every CEO that drops out of the Manufacturing Council, I have many to take their place. Grandstanders should not have gone on. JOBS! Tous n'ont cependant pas suivi le mouvement. Le patron du numéro un mondial de la distribution Walmart, Doug McMillon, a certes regretté que le président n'ait pas \"saisi l'opportunité cruciale de rassembler notre pays en rejetant sans équivoque les actions horribles des suprémacistes blancs\". Mais sans quitter, pour l'heure, le Forum stratégique et politique auquel il siège :  T.V. Timothée Vilars Journaliste "}