{"title": "attentat de nice : ouverture d'une information judiciaire sur le dispositif de sécurité", "newspaper": "NouvelObservateur", "author": ["L'Obs"], "date_publi": "2017-04-05", "theme": "Attaque de Nice", "content": "Une information judiciaire a été ouverte ce mercredi 5 avril pour faire la lumière sur d'éventuelles failles dans le dispositif de sécurité mis en place pour les festivités du 14 juillet 2016 à Nice, frappées par un attentat, rapporte le procureur. \"Le président du tribunal a désigné deux magistrats instructeurs\", a déclaré le procureur Jean-Michel Prêtre, confirmant une information de France Bleu Azur. Une première plainte avait été classée sans suite, le 19 janvier, par ce même procureur.  La nouvelle procédure enclenchée mercredi fait suite au dépôt d'une seconde plainte, avec constitution de partie civile, par les parents de Yanis, 4 ans, tué lors de l'attentat qui avait fait 86 morts. Leur action vise la mairie et l'Etat, organisateurs de la sécurité le soir de la fête nationale. L’enquête devrait évaluer les mesures de sécurité mises en place pour la Prom Party, qui accompagnait les festivités du 14 juillet sur la Promenade des Anglais.\n Lors de l'enquête menée pour la première plainte classée sans suite, \"j'avais saisi deux services d'enquête, l'IGPN (Inspection générale de la police nationale) et la DCPJ (Direction centrale de la police judiciaire)\", a rappelé Jean-Michel Prêtre : \"C'est une question délicate et importante\", il n'y a \"pas trop de deux\" juges pour ce dossier. Les parents du petit Yanis ont aussi demandé le dépaysement du dossier loin de Nice, leur avocat Me Yassine Bouzrou estimant notamment que les liens de travail du parquet avec la mairie et la préfecture, notamment sa participation aux réunions préparatoires sur les risques d'attentat avant le 14 juillet, pourraient compromettre l'objectivité de l'enquête. La décision du parquet général d'Aix-en-Provence sur cette demande est attendue très prochainement. Ce sera ensuite à la Cour de cassation de nommer une éventuelle juridiction pour poursuivre l’instruction. Lors d'un point presse organisé lundi, le procureur avait rappelé que, selon son analyse du code pénal qui prévoit jusqu'à cinq ans d'emprisonnement pour mise en danger de la vie d'autrui, il n'y avait aucune infraction reprochable à quiconque. Il avait déjà expliqué en janvier : L'hypothèse d'un attentat avec un camion bélier avait été envisagée pour l'Euro 2016 de football, en particulier sur la partie dite de la \"Fan Walk\", mais pas pour le soir du 14 juillet. Or, c'est justement au volant d'un camion de location que Mohamed Lahouaiej Bouhlel, un Tunisien de 31 ans vivant en France depuis 2007, a foncé dans la foule de 30.000 personnes qui assistaient au feu d'artifice le soir de la fête nationale, faisant 86 morts et 450 blessés. Dès le lendemain, de nombreuses polémiques avaient éclaté sur les mesures de sécurité prises par les services de l’Etat et la ville de Nice. Le nombre de policiers nationaux, municipaux et de militaires présents ce soir-là était aussi pointé du doigt. M.T. (avec AFP) L'Obs "}