{"title": "attentat de saint-pétersbourg : ce que l’on sait de akbarjon djalilov, l’assaillant présumé", "newspaper": "NouvelObservateur", "author": ["L'Obs"], "date_publi": "2017-04-05", "theme": "Terrorisme", "content": "Le cliché capturé via les images de vidéosurveillance a fait le tour du monde. On y voit l’auteur présumé de l’attentat de Saint-Pétersbourg, bonnet bleu vissé sur le crâne et veste rouge sur le dos, déambulant dans les couloirs du métro. Les enquêteurs russes ont identifié mardi 4 avril, Akbarjon Djalilov comme étant celui qui s’est fait exploser lundi dans le métro de l’ancienne capitale impériale, faisant 14 morts et 49 blessés. La \"bombe artisanale\" a été actionnée entre les stations Sennaïa et Tekhnologuitcheski Institout. El presunto autor del atentado en Rusia es Akbarjon Djalilov https://t.co/Z2cdM4vnjf pic.twitter.com/mUBJnegeb7  Akbarjon Djalilov avait déposé avant cela une seconde bombe dans une autre station du centre-ville, Plochtchad Vosstaniïa. Elle a été désamorcée à temps par les services spécialisés. C’est en décelant des traces ADN sur le sac contenant cette autre bombe que les enquêteurs ont pu l’identifier.\n Ces analyses et l'étude des images de vidéosurveillance \"donnent des raisons de supposer\" que c'est le même homme qui s'est ensuite fait exploser. L’assaillant présumé, Akbarjon Djalilov, est un jeune homme de 22 ans, originaire du Kirghizstan. Selon les informations des Services secrets kirghizes (GKNB), il est né dans la région d’Och, dans cette ancienne république soviétique indépendante depuis 1991, située entre le Kazakhstan et la Chine, en Asie centrale. Le ministère a toutefois indiqué qu’il n’avait jamais eu de passeport kirghiz. \"Nous soulignons que A. Djalilov n'a jamais eu de passeport kirghiz, et qu’il a reçu en 2011 à l'âge de 16 ans un passeport russe, conformément aux demandes de son père de nationalité russe, et qu'il a résidé en permanence en Russie à partir de ce moment-là.\" Le ministère des Affaires étrangères a confirmé cette information et a souligné qu’il faisait partie de la minorité ouzbèque du pays, victime en juin 2010 de pogroms meurtriers. Ses parents seraient revenus vivre un an plus tard au Kirghizstan, note \"l’Express\" qui cite des informations d’une source sécuritaire à la \"Pravda\". Il était arrivé le 3 mars à Saint-Pétersbourg en provenance de chez ses parents. Ces derniers sont arrivés dans la nuit de mardi à mercredi, \"dans un état épouvantable\", a déclaré le porte-parole de la région d’Och, Zamir Sidikov. \"Une perquisition a eu lieu à son domicile\", a déclaré dans un communiqué le Comité d’enquête russe, sans préciser où se trouvait ce domicile. Toujours selon ce Comité, les caméras de surveillance le montrent \"sortant de chez lui avec un sac et un sac à dos\". Des recherches ont également été effectuées sur les réseaux sociaux. Les photos du compte Vkontakte (Facebook russe) du jeune homme le montrent souriant en compagnie d’amis en train de fumer la chicha, rapporte \"le Monde\", ce mercredi. Il suivait également des groupes de sports de combat. Mais, depuis le mois de mai 2014, il était inactif sur son compte. Il se serait, à ce moment-là, rapproché de groupes islamistes radicaux clandestins, selon des informations relayées par des médias russes qui n’ont pas été confirmées officiellement. L’attaque n’ayant pas encore été revendiquée, le doute plane toujours sur les motivations du kamikaze. Le Comité d'enquête a indiqué, ce mercredi, examiner les éventuels liens de Akbarjon Djalilov, avec l'organisation Etat islamique. C'est la première fois que les enquêteurs font mention de Daech. La presse russe avait de son côté déjà fait part de cette hypothèse, rappelant que le groupe djihadiste avait appelé à frapper la Russie pour son opération militaire en soutien de Bachar al-Assad en Syrie, depuis fin septembre 2015. En outre, les autorités kirghizes ont révélé, au mois d'août, que 600 de leurs ressortissants, notamment de la région d’Och, ont rejoint l'organisation Etat islamique en Syrie et en Irak. La Russie n'avait pas été aussi durement touchée depuis l'explosion en plein vol, le 31 octobre 2015, d'un avion reliant l'Egypte à la Russie avec 224 personnes à bord, un attentat revendiqué par Daech. Depuis, des attaques ont frappé les instables républiques russes du Caucase et les services de sécurité russes ont annoncé à plusieurs reprises avoir démantelé des cellules djihadistes s'apprêtant à frapper Moscou et Saint-Pétersbourg. Marlène Thomas (avec AFP) L'Obs "}