{"title": "attentat de manchester : qui sont les victimes ?", "newspaper": "NouvelObservateur", "author": ["L'Obs"], "date_publi": "2017-05-23", "theme": "Monde", "content": "Un attentat-suicide, revendiqué par l'Etat islamique, a fait au moins 22 morts ce lundi soir à l'issue d'un concert d'Ariana Grande, dans la salle Arena à Manchester, dans le nord-ouest de l'Angleterre.  De \"nombreux jeunes et enfants\" figurent parmi les personnes tuées dans cet attentat suicide, assurent les autorités. 59 personnes ont également été blessées dans l'attaque, dont douze enfants de moins de 16 ans, selon les chiffres de David Ratcliffe, le directeur médical dans le nord-ouest du service d'ambulance national.  Le bilan est susceptible de s'aggraver. De nombreux blessés, soignés dans les huit hôpitaux de la ville, sont toujours dans un état grave, selon Theresa May. C'est la première victime qui a été officiellement identifiée, au lendemain de l'attaque : Georgina Callander, une étudiante de 18 ans, a été tuée dans l'explosion. L'université Runshaw College (au nord-ouest de Manchester), où elle étudiait dans le département Santé et soins sociaux, a publié une déclaration : L'école a ensuite confirmé la nouvelle dans un second communiqué, invitant ses étudiants à se rassembler plus tard dans la journée de mardi pour \"un temps de prière\". La jeune femme était une fan inconditionnelle de la chanteuse Ariana Grande, qu'elle avait déjà croisée en 2015. Elle avait alors publié une photo de leur rencontre sur Instagram.   Sur les réseaux sociaux, plusieurs personnes se présentant comme des amis publient des photos de la jeune femme, accompagnées de messages de souvenir. To my beautiful best friend I hope you rest in peace my darling ???? I love you so much and will always miss you ???? #manchesterattack pic.twitter.com/4CNlkNxoC9 Rest in peace Gina. I love you so incredibly much, you deserved the world & more. I'm so lucky to have met you and known you ???? #manchester pic.twitter.com/sPrHq9I6M0  L'attentat a également coûté la vie à Saffie Rose Roussos, âgée de 8 ans. Le comté du Lancashire, où elle vivait, a annoncé sa mort ce mardi. La petite fille était venue assister au concert avec sa mère, Lisa et sa sœur, Ashlee. Selon plusieurs médias britanniques, les deux femmes seraient soignées dans deux hôpitaux différents. Chris Upton, le chef d'établissement de l'école primaire où était inscrite Saffie Rose, a déclaré dans un communiqué : L'école a assuré qu'elle aiderait le personnel et les élèves à faire face à la nouvelle. Sur les réseaux sociaux, beaucoup de familles tentent encore d'avoir des nouvelles de leurs proches, disparus depuis l'explosion. John Atkinson est la troisième victime identifiée. Il habitait Radcliffe, dans la banlieue nord-ouest de Manchester. Ses amis et sa famille lui ont rendu hommage en ligne, en le décrivant comme un \"jeune homme incroyable\". Sur Facebook, Jamie Thompson écrit : \"RIP John Atkinson, nous sommes honorés de t'avoir connu.\" Une école de danse près de Radcliffe a adressé un message de condoléances à la famille du jeune homme sur Facebook, indiquant qu'il était l'un de ses élèves : Un rassemblement en sa mémoire a eu lieu lundi soir à Radcliffe, où un lâcher de ballons en mémoire des victimes était organisé.  Une collecte de fonds a également été mise en place pour aider la famille, et plus de 4.000 livres ont déjà été levées.  La mort du jeune homme a été dévoilée mercredi par son \"âme sœur\", qui a tweeté : \"Nous avons appris la nuit dernière que notre merveilleux, iconique et magnifique Martyn n'avait pas survécu. Il quitte ce monde exactement comme il y aura vécu, en étant le centre de l'attention.\" Martyn Hett, qui travaillait dans la communication, était au concert avec un ami, qui a, lui, survécu. Il s'apprêtait à partir deux mois en vacances, pour faire le tour des Etats-Unis. Le jeune homme avait remporté en 2014 l'émission de télé-réalité \"Come Dine With me\", l'équivalent anglais d'\"Un dîner presque parfait\". LEAVING DO ?????????? pic.twitter.com/cS3DXVKxzz \n\n La trentenaire assistait au concert avec sa sœur et sa nièce, toutes deux blessées et hospitalisées, selon le \"Guardian\". Dans la nuit de mardi à mercredi, son compagnon a confirmé sa mort sur Facebook :  La mort de l'adolescente a été confirmée mercredi matin par sa mère, sur Facebook. Elle écrit :  Olivia Campbell avait assisté au mariage de son père dix jours avant le drame, et le remerciait sur Facebook de l'avoir fait demoiselle d'honneur. Recherchées comme beaucoup d'autres depuis lundi soir, les deux femmes ont été annoncées mortes par leur famille mercredi matin sur Facebook. Le frère de Lisa Lees s'est ainsi ému de sa disparition : Les deux amies d'une quarantaine d'années, résidentes dans la banlieue de Manchester, étaient venues retrouver leurs filles qui avaient assisté au concert. Elles se trouvaient dans le foyer où l'explosion a eu lieu. C'est le ministre polonais des Affaires étrangères Witold Waszczykowski qui a indiqué à la radio RMF FM qu'un couple de Polonais vivant en Grande-Bretagne avait péri dans l'attentat, sans les nommer. Ils étaient eux aussi venus chercher leurs filles à la fin du concert. Les enfants sont elles \"en sécurité\", a-t-il précisé. Selon les médias polonais, il s'agit d'Angelika et Marcin Klis, deux quadragénaires. Leur fille Alex avait lancé un appel désespéré sur les réseaux sociaux pour retrouver ses parents, diffusant une photo prise le jour-même du concert. La jeune fille était originaire de Goostrey, à une quarantaine de kilomètres au sud de Manchester. Le directeur de l'école d'Holmes Chapel, où Nell Jones étudiait, a confirmé mercredi au journal britannique l'\"Express\" la mort de son élève : La jeune fille s'était rendue au concert avec une amie, Freya, blessée lors de l'attentat. Des personnes présentes sur les lieux l'ont sauvée en lui administrant un massage cardiaque, affirme l'\"Express\". Opérée, ses jours ne sont pas en danger. Cette réceptionniste dans une école de Blackpool, au nord-ouest de Manchester, est également décédée, selon la BBC. Son compagnon décrit cette mère de trois enfants comme \"une femme charmante, appréciée de tous\". Jane Tweddle-Taylor accompagnait une amie venue récupérer sa fille au concert. Celles-ci ont survécu à l’attentat. Jane Bailey, principale de l’école où travaillait la victime l’a décrite comme une \"amie et collègue vraiment incroyable\". M.G. ? L'Obs "}