{"title": "attentat de londres : qui sont les deux français portés disparus ?", "newspaper": "NouvelObservateur", "author": ["L'Obs"], "date_publi": "2017-06-06", "theme": "Terrorisme", "content": "Les appels à témoins se multiplient pour tenter de retrouver les deux Français portés disparus depuis l'attentat qui a fait 7 morts samedi à Londres. Parmi ces disparus, Sébastien Bélanger, 36 ans, un chef cuisinier originaire d'Angers et qui vit à Londres depuis sept ans. Il buvait un verre au Boro Bistro, un bar du quartier du Borough Market lorsque l'attaque a eu lieu. Son ami Robin, 24 ans, raconte à Franceinfo : Alexandre, 27 ans, un autre Français, qui était serveur pour le Boro Bistro, a été tué sur place.  Dans sa fuite, Robin a perdu de vue son ami. \"On ne sait pas du tout dans quel sens il est parti ni ce qu’il s’est passé\", raconte le jeune homme, toujours au micro de Franceinfo. Il espère qu'il est à l'hôpital, blessé.  Depuis samedi, les amis de Sébastien Bélanger et sa compagne placardent des affiches dans les rues de Londres et publient des messages sur les réseaux sociaux.  \"On a passé la nuit de samedi à le chercher, on a passé la journée d'hier à le chercher et encore la journée d'aujourd'hui à le chercher\", assurait Damien, un autre ami de Sébastien, lundi soir sur France 2. Les proches de Xavier Thomas, qui passait quelques jours à Londres avec sa petite amie, partagent le même espoir de le retrouver dans un hôpital londonien. Xavier Thomas se trouvait sur le London Bridge au moment où la camionnette y a percuté des passants. Sa compagne a été conduite à l'hôpital, mais Xavier Thomas n'a pas été retrouvé. Le porte-parole du gouvernement Christophe Castaner évoquait une autre hypothèse sur Europe 1 lundi matin : \"On pense que cette personne aurait pu sauter dans la Tamise\", a-t-il avancé à l'antenne, sans confirmer l'identité de la personne recherchée. Français disparu à #Londres \"On pense que cette personne aurait pu sauter dans la Tamise\" @CCastaner #E1Matin pic.twitter.com/dji4qmwOmL 36 personnes étaient toujours hospitalisées lundi à la suite de l'attentat, qui a été revendiqué par le groupe Etat islamique. Ses trois auteurs ont été abattus sur place. Parmi les blessés figurent sept Français, dont quatre grièvement touchés. A.R. ? L'Obs "}