{"title": "pays-bas : une \"information concrète\" sur un projet d'attentat", "newspaper": "NouvelObservateur", "author": ["L'Obs"], "date_publi": "2017-08-24", "theme": "Monde", "content": "La police néerlandaise a libéré ce jeudi 24 août un des deux suspects arrêtés la veille après l'annulation du concert des Allah-Las à Rotterdam, a fait savoir la police de Rotterdam. D'après les autorités, qui ont dévoilé les premiers éléments de l'enquête, la décision d'annuler le concert a été prise sur la foi d'une information \"concrète\" reçue d'Espagne sur un projet d'attentat, mais la nature et les circonstances de cette \"menace terroriste\" restent floues.  L'un des deux hommes arrêtés, le conducteur espagnol d'une camionnette contenant des bonbonnes de gaz, \"a été relâché [jeudi] en début de soirée et n'est plus suspect dans l'enquête\", a annoncé la police de Rotterdam jeudi 24 août dans un communiqué.\n Toutefois, un jeune Néerlandais arrêté jeudi 24 août vers 2 heures dans une habitation du Brabant (sud) reste détenu.  La police néerlandaise a reçu de son homologue espagnole \"une information concrète qu'un attentat serait commis à cette date, à cet endroit, contre ce groupe de rock\", a déclaré jeudi 24 août à l'AFP le chef de la police de Rotterdam Frank Paauw.  C'est une \"combinaison de facteurs\" qui a poussé les autorités à annuler l'événement, a indiqué de son côté le ministre néerlandais de l'Intérieur et de la Justice Stef Blok à la radio privée BNR, faisant référence notamment au jeune Néerlandais interpellé. Cet homme de 22 ans avait \"envoyé un message de menace\", a-t-il précisé. Il aurait utilisé l'application de messagerie cryptée Telegram. Quant au conducteur espagnol de la camionnette, désormais libéré, il avait été interpellé à 100 mètres de la salle de concert. Ce technicien, qui portait une attestation pour le transport de bonbonnes de gaz et \"semblait en état d'ébriété\", a été entendu à plusieurs reprises mercredi 23 et jeudi 24 août. \"Durant ces interrogatoires, il a été confirmé qu'il n'y avait pas de lien entre le conducteur et la menace de la soirée\", a précisé la police.  Ces deux arrestations et l'annulation du concert surviennent dans un climat tendu après les attentats qui ont fait 15 morts en Espagne la semaine dernière et ont été revendiqués par l'organisation djihadiste Etat islamique.  A.R. (avec AFP) L'Obs "}