{"title": "brexit, terrorisme, libre-échange... notre europe, vue de nouvelle-zélande", "newspaper": "NouvelObservateur", "author": ["Donald Hebert"], "date_publi": "2016-07-18", "theme": "Brexit", "content": "En pleine crise du Brexit, John Key, Premier ministre de la Nouvelle-Zélande, a fait une visite en Europe. Le 14-Juillet, il assistait aux côtés de François Hollande au défilé sur les Champs-Elysées, pour commémorer le centième anniversaire de la Première guerre mondiale, à laquelle les troupes néo-zélandaises ont participé. Puis au lendemain de l'attaque de Nice, il a déclaré toute sa solidarité à la France : Pour \"l'Obs\", cet élu d'une nation à la fois éloignée géographiquement mais proche culturellement, revient sur les tourments que traverse le Vieux continent. Interview.   Quand vous avez rencontré David Cameron, avez-vous eu le sentiment de voir quelqu'un qui pense avoir commis une erreur historique ?\n Je connais très bien David Cameron, nous sommes amis depuis longtemps. Je ne pense pas qu'il considère que lancer le référendum était une erreur. Il y avait une très forte demande pour ce référendum au sein du parti conservateur. Je ne pense pas qu'il pouvait contrôler ce phénomène, même s'il pense fortement que le Royaume-Uni devrait rester dans l'Union européenne. Pour ce qui est du résultat, il est très déçu. Quand on quitte le poste de Premier ministre, on a le sentiment qu'il reste beaucoup à faire. Et il ne comptait pas laisser son poste si rapidement. Il y a donc naturellement beaucoup de frustration et de déception. Il pense vraiment que le Brexit va affaiblir le Royaume-Uni. Je ne pense pas qu'il soit content de partir. Pensez-vous que Theresa May soit la femme de la situation ?  Je ne l'ai rencontrée que deux fois. Elle est très compétente, très intelligente. Mais la question, ce n'est pas de savoir si elle a le bon profil, c'est de mesurer la difficulté de mettre en œuvre le Brexit tout en faisant ce que la majorité du peuple souhaite. Ceux qui ont voté pour le Brexit vont finir par exiger un arrêt de l'immigration, un changement des liens avec Bruxelles, et cela va décevoir toute une autre partie de la population. Elle est dans une position très compliquée. Que lui conseilleriez-vous ?  Il y a deux grands enjeux. D'abord, comment négocier le divorce avec l'UE. La Nouvelle-Zélande a été le premier pays à signer un accord de libre-échange avec la Chine et cela nous a pris cinq ans. J'ai été engagé avec le président Obama dans le partenariat trans-pacifique, et cela nous a pris huit ans. Ensuite, que se passe-t-il en termes d'investissements pendant tout ce temps ? Tout investissement lié à la situation du Royaume-Uni dans l'UE est gelé. C'est un problème énorme, notamment pour Londres. La Banque d'Angleterre a le sentiment que si le Brexit se fait entièrement, il pourrait y avoir une deuxième phase : après ce qu'il s'est déjà produit sur les marchés financiers, il y aurait d'autres ajustements économiques à venir. La question de l'indépendance de l'Ecosse et de l'Irlande du Nord se pose, désormais. Pensez-vous que le Royaume-Uni va survivre au Brexit ? L'Ecosse bénéficie largement des fonds d'aides européens. Theresa May devra décider si et comment elle va remplacer ces fonds. En théorie, une fois que le Royaume-Uni invoque l'article 50, il a deux ans pour divorcer. Mais en théorie, le Royaume-Uni ne peut pas définir quelles seront les futures règles avant que cette séparation ne soit effective. Négocier un accord de libre-échange peut prendre 5 ans. Donc la première chose que va essayer de faire le Royaume-Uni, c'est d'expliquer comment vont se dérouler ces étapes. S'il veut négocier avant de sortir de l'Union européenne, le Royaume-Uni pourrait ne sortir qu'en 2020 ou 2022. Durant cette période, les Européens excluront le Royaume-Uni de leurs décisions. Toutes ces étapes doivent être balisées. C'est la principale tâche de la Première ministre. Le Royaume-Uni doit-il renforcer ses liens avec le Commonwealth ? Le Commonwealth regroupe 53 pays qui sont à des niveaux de développement divers. Cela pourrait fonctionner avec ceux, disons, du Commonwealth historique : la Nouvelle-Zélande, l'Australie, le Canada, le Royaume-Uni, dont les économies reposent notamment sur la consommation d'une classe moyenne. Mais avec l'Inde ou de nombreux pays des Caraïbes ou d’Afrique, ce sera long. (…) S'il s'agit de trouver une organisation commerciale pour remplacer celle que le Royaume-Uni avait avec l'Europe, je ne pense pas que ce soit la bonne. Il semble plus approprié de nouer des accords de libre-échange, avec la Chine, ou de type partenariat trans-pacifique.  Les économistes annoncent une récession au Royaume-Uni. A quel point la Nouvelle-Zélande en souffrira ? Elle n'en souffrira pas beaucoup. Nos plus gros marchés sont la Chine et l'Australie. Le Royaume-Uni représente 4% de nos exportations. Nos exportations vers l'Union européenne sont bien plus significatives. Nous ne serions affectés que si l'Union européenne entrait en récession, et que cette récession menait à un ralentissement de la Chine. Donc très indirectement. Vous dites que le Royaume-Uni défendait les intérêts de la Nouvelle-Zélande à Bruxelles. Comment ? Nous avons toujours eu de bonnes relations à travers l'Europe, mais nous connaissons le Royaume-Uni depuis plus longtemps puisque nous sommes une ancienne colonie britannique. Depuis huit ans que je suis Premier ministre, nous nous sommes efforcés d'approfondir nos liens en Europe. J'ai souvent été à Berlin, Angela Merkel est venue en Nouvelle-Zélande, j'ai rencontré Nicolas Sarkozy et François Hollande de nombreuses fois, Manuel Valls était en Nouvelle-Zélande récemment. Nous essayons de trouver quelqu'un qui porte notre voix, car si le Royaume-Uni sort, nous aurons besoin d'un nouveau passeport en Europe. Comment comptez-vous défendre les intérêts néo-zélandais dans l'Union européenne désormais ? Nous avons déjà entamé des négociations sur un traité de libre-échange. Comme le Royaume-Uni ne peut pas commencer des négociations dès maintenant, nous l'aurons peut-être signé avant eux ! L'année dernière, la Commission européenne a annoncé officiellement le lancement de la procédure. Cette année, les Etats membres définissent leur degré d'implication. Nous avons obtenu le soutien de l'ancien gouvernement britannique et des gouvernements allemands, italiens, néerlandais et français. Des négociations plus détaillées commenceront l'année prochaine. Nous pourrions signer en 2017, ou, de manière plus réaliste, en 2018. Dans quel domaine la Nouvelle-Zélande et la France peuvent-elles renforcer leurs liens ? Un accord de libre-échange ne se traduit pas forcément par une intégration économique, mais il facilite les affaires, il encourage les entreprises à davantage profiter des opportunités que présentent les autres marchés. Des groupes comme Danone ou Airbus sont présentes en Nouvelle-Zélande depuis bien longtemps. Une bonne partie des équipements industriels lourds que nous utilisons viennent de France. Mais il ne s'agit pas uniquement d'ouvrir nos marchés l'un pour l'autre. Nous pouvons aussi atteindre d'autres marchés ensemble. Nous sommes dans une situation idéale pour exporter en Asie, car nous y avons signé des accords de libre-échange. Nous pourrions notamment collaborer dans tout ce qui est technologique. Tous les dirigeants européens savent qu'il y a un équivalent de Nigel Farage dans leurs propres pays. Et depuis que l'Union tente de redresser ses déficits publics, elle fait face au chômage de masse, notamment chez les jeunes, et notamment en Espagne et en Italie. Le développement technologique permettrait de relancer la production et de lutter contre le chômage. C'est dans ce sens que nous devons collaborer.   La France, aux côtés de laquelle la Nouvelle-Zélande s'est battue durant la Première guerre mondiale, est particulièrement active à l'étranger dans sa lutte contre le terrorisme. Soutenez-vous ces actions ? Nous soutenons ce que la France fait. Nous faisons partie d'une coalition d'une soixantaine de pays qui essaient de barrer la route à Daech. Nous ne sommes pas en Syrie mais, en Irak, nos troupes forment des soldats irakiens et des policiers, avec les Australiens. La coalition obtient des résultats en Irak. Ce qui est difficile, c’est de gérer à long terme la situation en Syrie. Car Bachar al-Assad refuse toujours d'admettre sa responsabilité dans les atrocités qui ont été commises. Pour des raisons géographiques, il est évidemment plus difficile d'atteindre la Nouvelle-Zélande pour un terroriste, mais nous voyons bien la menace à travers les réseaux sociaux. Une personne peut prêter allégeance à Daech partout dans le monde. Nous l’avons vu en Australie. En 2003, vous vous étiez prononcé en faveur de la guerre en Irak. Après coup, et après la récente publication du rapport Chilcot, pensez-vous que c'était une bonne décision ? A l'époque, j'étais moins expérimenté, et je n'étais pas Premier ministre. Le point de vue de mon parti reposait sur ce que l'on savait. L'idée était d'aller dans le sens du renseignement américain et vers la destitution de Saddam Hussein. Ce n'est pas la décision que le gouvernement néo-zélandais a prise. Si le Royaume-Uni et les Etats-Unis savaient que Saddam Hussein n'avaient pas d'armes de destruction massive, ils auraient procédé différemment, car ils n'auraient eu aucun soutien d'autres pays. Mais il est important de comprendre quel genre de personne était Saddam Hussein. Comme Bachar al-Assad, il a utilisé des armes chimiques contre son peuple. S'il y avait eu un printemps arabe en Irak, rien ne dit qu'il n'aurait pas recommencé. De toute manière, on ne peut pas réécrire l'histoire.  La Chine est parfois considérée comme une menace économique, mais aussi militaire, notamment par ses voisins, comme on l'a vu récemment avec les Philippines. Pensez-vous qu'elle puisse être un vecteur de déséquilibre dans la région ? Non. La Nouvelle-Zélande a une position neutre. Nous n'avons pas la prétention de dire ce qui est vrai ou non dans les diverses revendications régionales. Mais nous croyons qu'il est dans l'intérêt de toutes les parties de trouver une résolution amicale. La Chine connaît clairement une phase d'expansion économique et, comme pour d'autres pays, cela s'accompagne d'un renforcement de ses capacités militaires. La question est : quel est son objectif ? La réponse est : créer bien davantage d'emplois et apporter la prospérité à son peuple. La Chine se préoccupe de la vie de millions de gens pauvres. Je ne pense pas qu'elle développe ses capacités militaires pour s'en servir forcément. Propos recueillis jeudi 14 juillet par Donald Hebert   English version : Just after he met François Hollande for the 1st World war centenary on July the 14th, Prime minister of New Zealand John Key heard about the attack in Nice. Here is his reaction :   Before the attack, he shared his views on the challenges Europe has to face. You are meeting Européean leaders, what is the general feeling about the Brexit? - I met David Cameron on Monday, and Prime Minister Renzi in Rome yesterday. The general feeling in Europe is that there is a high degree of uncertainty about what will happen next. There is clearly no whoop about the Brexit. There is a very wide range of views among business people and politicians. Some people are for a hard exit, others say it would be a disaster, so it is very difficult to know today how this will happen. When you met David Cameron, were you under the feeling he thinks he has made a historic mistake ? - I know him really well, we have been friends for a long time. I don't think he considers that putting the referendum on the table was a mistake. There was a very strong will among the Tory Party to demand a referendum. I don't think he could control this process, even if he strongly believes that the UK should be staying in the European Union. In terms of the outcome, he is very disappointed. When leaving after being Prime Minister, there is the feeling that there was more to do. He was not planning on leaving so quickly. So there is naturally some frustration and disappointment. He really believes that the Brexit will put UK in a much weaker position. I don't think he is happy about leaving. Do you think Theresa May, as Prime Minister, is the right woman for the job ? - I only met her on a couple of occasions. She's very competent, intelligent. But the question is not if she's fit to be Prime Minister, the question is how difficult it will be to execute Brexit and at the same time do what the majority of people wants. Eventually, some people who voted for the Brexit will expect her to stop migration, stop having the same relationship the UK has with Brussels, and that is going to disappoint a whole other part of the population. So she's in a very difficult position. Which advice would you give her? - There are two main issues. First, how to negotiate the divorce with the EU. New Zealand was the first country to sign a free trade agreement with China and it took us 5 years. I was involved with President Obama in the Trans-Pacific partnership, and it took us 8 years. The second problem is : what happens to the investment in the UK in the meantime ? Any investment based on a European opportunity or passport is stopped until things are completely over. This is a major problem, for London particularly. The Bank of London is feeling that, if it is a hard Brexit, there could be a second phase: after what's already happening in the markets, there would be further economic adjustments. The independence of Scotland and Northern Ireland is now a subject. Will United Kingdom survive the Brexit ? - Scotland will probably want another referendum.  I am not sure if voters will be only in Scotland, and if the vote only takes place in Scotland. I don't know if it will be recognised by London. Scotland is a big beneficiary of European subsidies. Theresa May will have to decide if and how she is going to replace those subsidies. In theory, once the UK invokes Article 50, they have two years to divorce. And in theory, they can't say what will be the future rules before they have achieved the separation. Negotiating a free trade agreement can take as long as 5 years. So the first thing that the UK will do is to try to explain those steps. If they want to negotiate first, the UK might only leave in 2020 or 2022. But during this process, Europeans will not let the UK be involved in their decisions. So all these steps have to be explained. That is Prime Minister May's main difficult task. Should the United Kingdom strengthen the bonds between members of the Commonwealth? - The Commonwealth is 53 countries and they are at different stages of development. It could work with, let's say, the old historical Commonwealth: New Zealand, Australia, Canada and the UK, which are economies with middle income consumers. But for India, it could be a very long negotiation. And a lot of countries of the Commonwealth are Caribbean and African countries that are at different stages of development. They will eventually be significantly developed, but if we are looking for a trade organization that could replace what was previously done with Europe, I don't think the Commonwealth would necessarily be the good one. There could be some free trade agreements with China or like the Trans-Pacific Partnership. Economist are now pretty sure there will be a recession in the UK. How much will New Zealand's economy suffer from it ? - Not very much. The biggest markets for New Zealand are China and Australia. The UK is 4% of our exports. Our exports to Europe are far more significant than that. We would only be affected if there was a European recession, and then if this recession would lead to a slowdown in China. So very indirectly. You said the UK was defending New Zealand's interests in Brussels. How? - We've always had good relationships across Europe, but we've known the UK the longest because we are an ex-British colony. In the 8 years I've been Prime Minister, we have tried to build deeper relationships within Europe: I've been to Berlin on many occasions, Angela Merkel has come to New Zealand, I met both Nicolas Sarkozy and President Hollande on a number of occasions, Manuel Valls was in New Zealand recently. What we are trying to build is a strong voice for us in Europe. If the UK do leave, we will need a new passport to get inside the EU. How will you defend these interests now ? - We have already started negotiations for a free trade agreement with the EU. And because the UK cannot start its own now, the irony is that we could sign a free trade agreement with Europe before they do. Last year, the European Commission launched the process officially. This year, the member states are defining how they want to be involved. We have had a lot of support from the former British government, the German, Italian, Dutch and French governments. The more detailed negotiations could start next year. So we could sign an agreement in 2017, or more realistically, in 2018. In what field could New Zealand and France work to strengthen their relationship? - A free trade agreement doesn't guarantee economic integration, but it makes business easier, it encourages companies to exploit more business opportunities. French companies like Danone or Airbus have been involved in New Zealand for quite a while. A lot of very heavy industrial equipment we use in New Zealand comes from France. But not only could we open each other's markets for our companies, we could also reach other markets together. In New Zealand, we are in a particularly good place to export to Asia, because we have free trade agreements in Asia. We could do a lot concerning cooperation in technologies. What all Europeean leaders know is that there is an equivalent to Nigel Farage in all member states. While member states have been trying to get their fiscal situations back in shape, there have been significant problems like youth unemployment, especially in Italy and Spain. New Zealand has always thought that technological development can help relaunch production and fight unemployment. That is how New Zealand and Europe could become economic partners. France, with which you are now celebrating cooperation during the First World War, is particularly active abroad in its fight against terrorism. Do you support this policy? - We do support what France is doing. We've been part of a coalition among about 60 other countries trying to stand up to the threat from Da’esh/ISIL. We are not directly engaged in Syria but we are in Iraq. We have troops training Iraqi soldiers and the police with the Australians. I think the coalition is getting results in Iraq against Da’esh/ISIL. What is difficult is dealing with the long term situation in Syria. Because Bachar al-Assad still isn't  taking responsibility for human rights atrocities. Geographically speaking, it makes it harder for terrorist threats to reach New Zealand, but we can see the threats because of social media. And we've seen that it is possible that some people claim their association with Da’esh/ISIL everywhere in the world. We have seen it in Australia, so we know it is possible. In 2003, you said you were in favour of  western intervention in Iraq. Afterwards, and after the recent publication of the Chilcot report, do you think it was a good decision? - At the time, I was more junior, I was not Prime Minister. The parties view, based on what we knew at the time, was to be supportive of the US intelligence and to remove Saddam Hussein. That is not the decision the government took at the time. If the UK and the US knew that Saddam Hussein didn't have any weapons of mass destruction, they would have gone differently, they wouldn't have got any support. But I think it is important to understand what sort of person Saddam Hussein was. Like Bachar al-Assad, he was responsible for using chemical weapons against his own people. If there had been an Arab spring in Iraq, I am not sure he wouldn't have done it again. Anyway, we cannot rewrite history. A lot of people consider China both as a partner and as a threat on the economic side. A lot of its neighbours also consider it a strategic threat, as we have seen lately with the Philippine Islands. Do you think Chinese policy could unbalance the region? We don't. New Zealand has a position that we don't take sides. We don't pretend to understand the rights and wrongs of various regional claims. But what we do think is that it is in the interest of all the parties to find an amicable solution. The Chinese are clearly going through a significant economic expansion and it is not unlikely for countries in this situation to expand their military capabilities. The question is : what is China's objective ? And I think the answer is : to generate a lot more jobs and a lot of economic prosperity for its people. China is very concerned about the lives of millions of poor people. I don't think it is growing its military capacity to use it. In France, the caricature of New Zealand is a beautiful country where everyone is happy to live. What are every day top priority concerns for New Zealanders? - They are no different to those in other countries. The scenery is beautiful, we are very friendly people, we've reached quite a high standard of living compared to a lot of areas in the world, and a lot of people want to come and live in New Zealand. But in reality, we are also concerned about having more job opportunities for everyone, lift the level of our schools, ensure that people are wealthy. Our government has made some progress in those areas. But we still have crime, young people who drop out of school, like in other countries. We have a very solid economy: a low level of debt, a much lower level of youth unemployment than you see in Europe. We have quite a major support system, with redistribution.  Any particularity ? - One special thing about New Zealand is that it it a very egalitarian society. We don't believe in a class system, we don't believe some people are better than others, that you can't get the opportunities because you come from the wrong side of the tracks. I grew up in a very poor household but I became Prime Minister of New Zealand. In so many countries it is too expensive to run a campaign. There is almost no corruption in New Zealand, it has very high values and principles, and on that perspective, we could bring to the world the idea that people should be treated equally. That it is the attitude that counts and not the place you were born. Donald Hebert Journaliste "}