{"title": "eric zemmour voit \"quelque chose de respectable\" dans le terrorisme de daech", "newspaper": "NouvelObservateur", "author": ["L'Obs"], "date_publi": "2016-10-06", "theme": "Société", "content": "Après ses condamnations pour provocation à la haine raciale, Eric Zemmour sera-t-il jugé pour apologie du terrorisme ? Dans une interview qu'il donne au mensuel \"Causeur\" en kiosque ce jeudi 6 octobre, l'écrivain réfute la qualification \"d'esprits faibles\" des terroristes de Daech que donne le journaliste qui l'interroge, relèvent \"L’Express\" et le site Les Crises. \"Quelle condescendance ! Moi, je prends l'islam au sérieux, je ne le méprise pas !\", poursuit-il, avant de lâcher :     Quand le journaliste de \"Causeur\" lui demande s'il respecte \"des gens qui roulent en camion sur des enfants\", faisant ainsi référence à l'attentat de Nice, l'ancien journaliste précise : La réponse in extenso de #Zemmour dans le dernier Causeur. On frise l'apologie du terrorisme. https://t.co/DpPDAS2ESh pic.twitter.com/aaW3GrXOHY  Contacté par \"L'Express\", l'avocat pénaliste Manuel Abitbol estime que les affirmations d'Eric Zemmour \"entrent dans le champ de l'apologie du terrorisme\". \"Quand il dit respecter les djihadistes prêts à mourir pour ce en quoi ils croient, on retrouve tous les éléments\", affirme-t-il.  Jean-Marc Rouillan, l'ancien leader du groupe armé d'extrême gauche Action directe qui avait qualifié de \"courageux\" les auteurs des attentats djihadistes du 13 novembre, a été condamné le 7 septembre à huit mois de prison pour apologie du terrorisme.  Eric Zemmour a été condamné en 2011 pour provocation à la discrimination raciale après avoir déclaré à la télévision que \"la plupart des trafiquants sont noirs et arabes, c'est comme ça, c'est un fait\". Il a ensuite été condamné en 2015 à 3.000 euros d'amende pour provocation à la haine envers les musulmans, pour des propos au journal italien \"Corriere Della Sera\" en octobre 2014. Il y déclarait notamment que les musulmans \"ont leur code civil, c'est le Coran\", qu'ils \"vivent entre eux, dans les banlieues. Les Français ont été obligés de s'en aller\". A-S.H. L'Obs "}