{"title": "michel houellebecq : \"suis-je islamophobe ? probablement, oui\"", "newspaper": "NouvelObservateur", "author": ["L'Obs"], "date_publi": "2015-09-07", "theme": "Société", "content": "Le traitement de l'islam dans la littérature et les médias est devenu \"obsessionnel\" en Occident, assure l'écrivain français Michel Houellebecq dans une interview publiée dimanche 6 septembre par \"The Guardian\". Michel Houellebecq, 59 ans, y répond aux questions du quotidien britannique à l'occasion de la parution cette semaine de la traduction en langue anglaise de son dernier livre, \"Soumission\". Et il estime donc que le flot des livres et des couvertures de magazines évoquant la peur de l'islam \"est effectivement devenu obsessionnel\". Interrogé sur le fait de savoir si son dernier ouvrage participe à cette tendance, il répond :  En 2002, Michel Houellebecq a été accusé par des associations d'inciter à la haine raciale après avoir déclaré : \"La religion la plus con, c'est quand même l'islam. Quand on lit le Coran, on est effondré... effondré !\"   \"Soumission\", son dernier ouvrage, décrit une France islamisée en 2022 après l'élection à la présidence de la République du chef d'un parti musulman. Le \"Guardian\" ose alors la question : Michel Houellebecq est-il islamophobe ? Et l'écrivain de répondre : La peur \"du terrorisme\", précise-t-il, en réponse à une nouvelle question du journaliste. Même s'il admet que les terroristes sont très peu nombreux, il y voit un phénomène historique : Le \"Guardian\" rappelle dans son article que Michel Houellebecq, en raison de ses prises de position controversées sur l'islam, vit actuellement sous protection policière permanente. R.F. L'Obs "}