{"title": "un camion fonce sur le marché de noël à berlin : \"ça ressemblait à un remake de l'attentat de nice\"", "newspaper": "NouvelObservateur", "author": ["Charlotte Cieslinski"], "date_publi": "2016-12-19", "theme": "Monde", "content": "\"Des gens ont été écrasés ! Je vais bien, je vais bien...\", a tweeté Emma Rushton quelques minutes après l'attaque au camion qui a fait au moins 9 morts lundi soir en fonçant sur la foule d'un marché de Noël de Berlin. Cette jeune femme britannique a également partagé l'une des premières photos du camion, encastré dans des stands du marché de Noël.   Lorry just ploughed through Christmas market in #berlin. There is no road nearby. People crushed. I am safe. I am safe pic.twitter.com/63iWMmdSKr\n— Emma Rushton (@ERushton) 19 décembre 2016 Interrogée dans la soirée par CNN, elle a, avec du recul, estimé la vitesse du camion à environ 40 km/h. \"C'est impossible qu'il s'agisse d'un accident\", dit-elle, catégorique.  Les accès des lieux ont été immédiatement bloqués par les forces de l'ordre, mais des images du drame (attention, contenu choquant) diffusées par le site internet du quotidien local \"Berliner Morgenpost\" ont montré plusieurs stands du marché de Noël détruits par le passage du camion. Scènes de chaos, corps étendus sur le sol... le Tagesspiegel décrit une rue \"transformée en hôpital à ciel ouvert\". \"Un vrai traumatisme\", renchérit Jan Hollitzer, le rédacteur en chef adjoint du \"Berliner Morgenpost\". Sur CNN, ce journaliste raconte avoir d'abord \"entendu un grand bruit\". \"Je suis donc allé vers le marché de Noël, où j'ai vu de nombreuses personnes blessées.\"    Cet endroit se trouve en plein centre de la ville, à deux pas de l'église du Souvenir, une des principales attractions touristiques berlinoises, et d'une avenue très commerçante,le Kurfürstendamm.  \"C'était vraiment un acte délibéré\", affirme de con coté à AP Mike Fox, un touriste anglais originaire de Birmingham. Le camion l'a loupé d'à peine trois mètres, assure-t-il, encore sous le choc. Il est ensuite venu en aide à une personne qui semblait avoir des membres cassés. D'autres étaient cachés sous les stands, explique-t-il.  Des bruits d'explosion et \"des cris\"... C'est le seul souvenir auditif que conserve de la scène un vieil homme, interrogé par le \"Berliner Morgenpost\". Selon ce témoin, le camion roulait phares éteints, bien décidé à avancer délibérément sur la place.  \"Ça ressemblait à un remake de Nice\", ne peut s'empêcher de penser Julian Reichelt, le rédacteur en chef du tabloïd allemand \"Bild\". Interviewé par la télévision américaine, il a rappelé que ce marché de Noël était très fréquenté et qu'il était quasiment impossible de l'atteindre accidentellement.  Ce drame rappelle en effet par ses circonstances l'attentat du 14 juillet 2016 à Nice en France au camion-bélier le soir de la fête nationale sur la promenade des Anglais. Il avait été revendiqué par l'organisation Etat islamique et avait fait 86 morts et plus de 400 blessés. Après l'attaque, l'atmosphère était très tendue lundi soir aux abords du marché de Noël, avec un important dispositif policier déployé dans tout le quartier. Pour l'heure, la police allemande a appelé les résidents du quartier à rester chez eux et à ne pas propager de rumeurs.  Charlotte Cieslinski Journaliste "}