{"title": "terrorisme, migrants : hollande et merkel à la recherche d'un terrain d'entente", "newspaper": "NouvelObservateur", "author": ["Odile Benyahia-Kouider"], "date_publi": "2015-11-25", "theme": "Monde", "content": "Comme à chaque fois que l’Europe traverse une crise majeure, tous les regards seront tournés ce mercredi soir 25 novembre vers le couple franco-allemand. Sauf que cette fois, le président François Hollande et la Chancelière Angela Merkel, qui se retrouvent à l’Elysée pour un dîner de travail, sont, à leurs corps défendant, sur un pied d’égalité dans leur malheur. L’Allemagne est confrontée depuis l'été à l’arrivée massive de centaines de milliers de réfugiés tandis que la France est frappée par les attaques terroristes les plus meurtrières. La concomitance des deux situations est inédite dans l’histoire d’après-guerre. Les deux chefs d’Etat vont-ils être à la hauteur de ces enjeux ou bien vont-ils se contenter d’afficher une unité de façade pour mieux préserver leurs intérêts nationaux ? Officiellement, les dirigeants des deux pays n’ont que le mot \"Solidarité\" à la bouche. Mais dans le secret des ministères, chacun se plaint de l’absence de soutien de la part de l’autre. Ainsi lorsqu’en septembre dernier, François Hollande a annoncé que la France prendrait part à l’effort en recueillant …24 000 réfugiés supplémentaires. Les Allemands n’en ont pas cru leurs oreilles. 24 000 ! Une goutte d’eau par rapport au million de migrants attendus en Allemagne. Si la situation n’avait pas pris un tour aussi dramatique avec les attentats parisiens, ce sentiment d'\"abandon\" pourrait presque prêter à sourire. Les amis Outre-Rhin semblent de leur côté n'avoir aucune conscience des efforts déployés par la France pour tenter de contenir l’Etat islamique. \"Les Allemands ne se sentaient pas du tout concernés par la guerre au Mali, confirme Claire Demesmay. Pour eux, il s’agissait avant tout d’une manifestation de la grandeur de la France, désireuse de poursuivre sa politique africaine\".  Les attentats du 13 novembre changent un peu la donne. L’Allemagne a brutalement pris conscience qu’elle pouvait, elle aussi, et quand bien même elle n’a pas participé aux frappes en Syrie, être frappée par des attentats. Ou, à tout le moins, servir de bases arrière aux terroristes. On l’a oublié, mais la cellule de Mohammed Atta, le coordonnateur des attentats du 11-Septembre, a fait toutes ses études universitaires à Hambourg... Abdelhamid Abaaoud, le terroriste tué à Saint-Denis, était passé par l’aéroport de Bonn-Cologne, sans être inquiété. Non, les Allemands ne peuvent pas vivre dans leur bulle de prospérité. Avoir une économie forte sans se salir les mains. En raison de leur passé, les Allemands, devenus profondément pacifistes, ne supportent pas d’entendre prononcer le mot de \"guerre\". Mais le fantasme de transformer leur pays en une grosse Suisse s’est sérieusement lézardé cet été et a pris fin le 13 novembre. Pour le moment, la Chancelière a accepté d’augmenter à 650 le nombre de soldats supplémentaires au Mali afin de soulager la France. Wolfgang Schäuble, le ministre des Finances, qui sait dans sa chair ce qu’est un attentat (il en a été victime), ne va sûrement pas exiger de la France qu’elle tienne ses objectifs budgétaires. Il a lui-même réalisé que la crise des migrants allait coûter des milliards à l’Allemagne et que son fameux \"Schwarze Null\" (le zéro noir qui permet d’atteindre le sacro-saint équilibre budgétaire) risquait de voler en éclats. Mais Paris attend plus. Paris souhaite rallier l’Allemagne à la coalition anti-EI. Interrogé sur le sujet, Manuel Valls a répondu à la \"Süddeutsche Zeitung\" paru mercredi matin : Toute la question c’est quand et en échange de quoi sur les migrants ? La Chancelière n’a certainement pas apprécié le \"cavalier seul\" de François Hollande avec Vladimir Poutine. Elle comprend bien que François Hollande est en campagne électorale et qu’endosser le rôle de chef de guerre lui fait gagner des points dans les sondages. La Chancelière, au contraire, est assez chahutée dans son propre camp pour avoir ouvert les bras aux réfugiés. Mais que pouvait-elle faire ? Si elle avait fermé ses frontières cet été, l’Europe tout entière, Français en tête, l’auraient accusé de pratiquer des méthodes dignes d’Hitler ! En ouvrant les vannes, elle a effacé la mauvaise impression laissée par la séquence grecque où il lui avait été reproché de ruiner soixante ans de travail du passé allemand. L’Allemagne agissait solidairement et moralement. François Hollande va-t-il lui tendre la main ? Vont-ils réussir à sortir par le haut en proposant – pourquoi pas ? - de remettre sur le devant de la scène la création d’une armée européenne? Après tout, l’échec de la Communauté européenne de défense en 1954 n’est pas forcément une fatalité. Et puis les Allemands ont compris qu’ils ne pouvaient plus compter sur leur autre voisin, la Pologne. Issue du parti Droit et justice (PiS), Beata Szydlo, fraîchement élue Premier ministre, veut reconduire les réfugiés à la frontière. Dès lors, la France et l’Allemagne ne peuvent compter que sur l’alliance de leurs forces. Sigmar Gabriel et Emmanuel Macron, les ministres de l'Economie des deux pays, qui sont chacun à leur manière des outsiders dans leurs pays en attente de responsabilités plus importantes l’ont bien compris. Dans une lettre commune datée du 24 novembre, ils proposent de créer un fonds de 10 milliards sur trois ans avec une gouvernance assurée par les pays contributeurs pour : Evidemment, on pourra leur reprocher de sortir de leurs domaines de compétence, et de profiter de la crise pour renforcer leurs positions sur l’échiquier politique de leurs pays respectifs. Sigmar Gabriel, qui sera sans doute le candidat SPD aux prochaines élections législatives allemandes, espère profiter de l’affaiblissement d’Angela Merkel pour faire enfin décoller son parti dans les sondages. Et Emmanuel Macron se voit en futur Premier ministre de François Hollande ou en candidat à la présidentielle de 2022. Mais au moins, leurs propositions ont le mérite d’exister. Et elles ne se contentent pas de défendre des intérêts purement nationaux. Face aux terroristes, rien ne serait pire que la division des Européens. Odile Benyahia-Kouider Odile Benyahia-Kouider Journaliste "}