{"title": "attentat à barcelone : le petit julian cadman, 7 ans, est décédé", "newspaper": "NouvelObservateur", "author": ["L'Obs"], "date_publi": "2017-08-20", "theme": "Terrorisme", "content": "Après l'espoir, la tristesse. Julian Cadman, le petit garçon australo-britannique de sept ans qui se trouvait sur les Ramblas de Barcelone lors de l'attentat du jeudi 17 août et qui était soigné à l'hôpital depuis, est décédé ce dimanche, ont annoncé les services de protection civile de Catalogne.  Sa famille a confirmé le décès du jeune enfant dans un touchant communiqué : Julian Alessandro Cadman se trouvait sur les Ramblas avec sa mère ce jeudi quand une camionnette a foncé dans la foule vers 17 heures. Sa mère avait été hospitalisée dans un état grave et l'enfant avait fait l'objet d'un avis de recherche publié par son grand-père, Tony. L'homme, qui pensait son petit-fils disparu, avait posté un appel sur Facebook – devenu inaccessible – avec une photo de l'enfant souriant en pull vert. \"Si vous avez de la famille ou des amis à Barcelone, partagez s'il vous plaît\", implorait-il.  ???? DIFUSIÓN URGENTE | Sigue desaparecido después del Atentado en Barcelona Julián Cadman, un niño de 7 años.Si lo ves llama:???? 091???? 062 pic.twitter.com/RSSw8HRmoK Samedi 19 août, des médias espagnols rapportaient que l'enfant avait été retrouvé dans un hôpital après avoir disparu, sans préciser son état de santé. En réalité, l'enfant n'aurait jamais fait l'objet d'une disparition. Comme l'affirment les autorités espagnoles sur Twitter, \"toutes les victimes et tous les blessés ont été localisés\" :  15:00 Neither we were searching nor we have found any lost child in the barcelona attack. All the victims and injured have been located Ce que confirment plusieurs autres médias espagnols. La confusion serait née du grand-père de Julian Cadman, qui, ayant compris que l'enfant avait disparu lors de l'attaque, aurait lancé un appel spontané sur les réseaux sociaux.  Le décès de Julian Cadman porte à 12 le nombre de victimes formellement identifiées et communiquées aux familles par les services d'urgence. Parmi ces 12 victimes, quatre sont de nationalité espagnole, deux portugaises, deux italiennes, une américaine, une hispano-argentine, une belge et une australo-britannique, le petit Julian Cadman. Les services d'urgence ont précisé qu'un enfant de trois ans se trouvait également parmi les victimes espagnoles. Parmi les 126 blessés du double attentat, 51 étaient toujours hospitalisées dimanche, selon le dernier bilan du gouvernement régional, dont 10 dans un état \"critique\" et 13 dans un état \"grave\".  B.K.  L'Obs "}