{"title": "donald trump dit n'importe quoi sur la suède, qui lui répond aussitôt", "newspaper": "NouvelObservateur", "author": ["L'Obs"], "date_publi": "2017-02-20", "theme": "L'Amérique selon Trump", "content": "C'était du pur Trump : un discours un brin inquiétant sur l'immigration et le terrorisme, dans un langage simple, basé sur des faits imaginaires. Lors d'un discours prononcé en Floride, samedi 18 février, le président américain Donald Trump a lancé : Le chef de l'Etat sous-entend avec son énumération qu'un attentat similaire à ceux de Bruxelles, Nice et Paris a eu lieu en Suède vendredi. Ce n'est pas le cas. La remarque a laissé la Suède perplexe.  Carl Bildt, ancien Premier ministre suédois, a ouvert le feu sur Twitter : \"La Suède ? Un attentat ? Qu'est-ce qu'il a fumé ?\"\n Sweden? Terror attack? What has he been smoking? Questions abound. https://t.co/XWgw8Fz7tj Gunnar Hokmark, un eurodéputé suédois, a partagé le message d'un compatriote qui s'amusait : \"Mais comment [Trump] a-t-il pu le savoir ?\", se demandait le député dans son commentaire. Le compte officiel national @sweden, tenu chaque semaine par un citoyen suédois différent, a reçu quelque 800 questions en quatre heures, selon l'AFP. La semaine dernière, c'est une bibliothécaire de Borås qui était aux manettes du compte. Elle a répondu que \"non, il ne s'est rien passé ici en Suède. Il n'y a pas eu d'attaque terroriste. Du tout. L'actu principale du moment, c'est le Melfest [une compétition pour choisir le représentant suédois à l'Eurovision].\" No. Nothing has happened here in Sweden. There has not ben any terrorist attacks here. At all. The main news right now is about Melfest. ->  Le président des Etats-Unis a clarifié son propos dimanche. Il a écrit sur Twitter que sa déclaration \"faisait référence à un sujet diffusé sur Fox News sur les immigrés et la Suède\".  My statement as to what's happening in Sweden was in reference to a story that was broadcast on @FoxNews concerning immigrants & Sweden. On savait que Donald Trump adorait la télévision, on est désormais certain qu'il a du mal à faire la différence entre un événement qui s'est produit hier soir et un événement relaté dans une émission diffusée hier soir, ce qui est rassurant... Dans l'émission en question, \"Tucker Carlson Tonight\", l'animateur interviewait le documentariste Ami Horowitz et diffusait un extrait de son nouveau film. La thèse d'Horowitz : l'accueil de migrants a conduit à une augmentation de la criminalité en Suède – le taux de criminalité en Suède est pourtant resté relativement stable au cours de la dernière décennie, selon une enquête de 2016. L'explication de Donald Trump n'a pas calmé grand monde sur Twitter, où les blagues tournaient principalement autour des trésors suédois que sont aux yeux du monde Ikea et Abba, et des mots-clefs #LastnightinSweden, #SwedenIncident ou #JeSuisIkea After the terrible events #lastnightinSweden , IKEA have sold out of this: pic.twitter.com/Bs1XI7ffKG L'ambassade de Suède aux Etats-Unis a aussi réagi, expliquant sur Twitter qu'elle \"était impatiente d'expliquer à l'administration américaine l'immigration en Suède et les politiques d'intégration\". We look forward to informing the US administration about Swedish immigration and integration policies. https://t.co/x5G3euOWRh Et Chelsea Clinton, la fille d'Hillary et Bill, de demander : \"Que s'est-il passé en Suède vendredi soir ? Ont-ils attrapé les auteurs du massacre de Bowling Green ?\" What happened in Sweden Friday night? Did they catch the Bowling Green Massacre perpetrators? Le 2 février, la conseillère présidentielle Kellyanne Conway (celle des \"faits alternatifs\") justifiait sur MSNBC le décret anti-immigration de Trump en évoquant ce \"massacre\" dans le Kentucky qui... n'a jamais eu lieu. On ignore si l'idée lui est venue en regardant Fox News. A. R. L'Obs "}