{"title": "berlin, bruxelles, lyon... \"les terroristes se moquent de nos contrôles aux frontières !\"", "newspaper": "NouvelObservateur", "author": ["Sarah Diffalah"], "date_publi": "2016-12-23", "theme": "Terrorisme", "content": "Anis Amri, principal suspect de l'attentat du marché de Noël à Berlin a été abattu par la police le 23 décembre 2016 à Milan, en Italie, après trois jours de cavale. Passé d'Allemagne aux Pays-Bas, puis en Belgique, en France et finalement en Italie, son parcours l'a fait traverser quatre frontières sans être intercepté, ni même inquiété ! Et ce, alors qu'un mandat d'arrêt européen avait été lancé contre Anis Amri et que le contrôle des frontières avait été renforcé. De quoi relancer le débat sur la coopération entre les pays européens en matière de lutte contre le terrorisme... Interview de Pierre Berthelet, chercheur en sécurité intérieure européenne à l'université de Pau, ancien conseiller politique au cabinet du ministre de la Justice belge.  \n Anis Amri a visiblement réussi à déjouer les contrôles aux frontières qui avaient été renforcés juste après l'attentat...  Sans connaître encore l'itinéraire exact du suspect, on peut déjà déduire que l'idée du contrôle renforcé des frontières n'est pas efficace. Axer la sécurité uniquement sur le renforcement des contrôles aux frontières, comme le préconisent certains partis politiques [la présidente du Front national Marine Le Pen, notamment, a appelé de nouveau à l'enterrement de la libre-circulation ce vendredi, NDLR], est une mesure limitée. Après les attentats de novembre 2015 à Paris, il y a eu de vastes contrôles à la frontière entre la Belgique et la France, mais uniquement sur les grands axes, pas sur les routes secondaires... Un contrôle efficace réclamerait beaucoup de moyens, que nous n'avons pas. Il n'y a qu'à regarder les difficultés qui existent pour assurer seulement la sécurité sur le territoire national ! L'armée dit qu'elle n'a plus les moyens, les policiers, à bout de souffle, se mettent en grève... Le coût de la sécurité, si on la concentre uniquement sur les frontières, est disproportionné et le rapport sur l'efficacité n'est pas intéressant. On ne peut pas faire l'autruche, estimer que nos pays sont des îles entourées d'eau, de frontières infranchissables comme en Corée du Nord. Les terroristes se moquent de nos contrôles aux frontières : ils ont bien montré que s'ils veulent circuler, ils le peuvent. Pour autant, peut-on se passer de ces mesures, même de manière temporaire ? Puisque nous n'avons pas les moyens d'effectuer le contrôle des frontières partout avec la même ampleur, il peut être utile de le réaliser de façon ciblée, sur des segments identifiés comme vulnérables. Il est aussi très important d'insérer ces contrôles de sécurité dans un dispositif global : il ne faut surtout pas qu'ils deviennent la tête de gondole, l'unique produit qu'on a en magasin pour lutter contre le terrorisme sur le territoire européen. Et même, à supposer qu'on rétablisse les contrôles aux frontières de manière permanente et durable sur les routes et dans les trains : ceux qui paieront l'addition seront les honnêtes gens qui voyageront pour voir leur famille ou leurs amis, et qui devront patienter des heures à la frontière pour un niveau de sécurité qui n'en sera pas meilleur... A chaque attentat, l'Union européenne est dépeinte comme une passoire pour les terroristes. Comment on y remédie ?  Le point essentiel, c'est le renforcement de la coopération entre les services de renseignement des pays membres. Face à la lutte antiterroriste, c'est ce qui marche le mieux. Dans ce domaine, la marge de manœuvre est suffisamment grande pour faire des progrès. Historiquement, la coopération est bilatérale. Mais depuis les vagues d'attentats, nous changeons de paradigme. On passe de la transmission et de l'échange à un partage de l'information. Via Europol, on va pouvoir capitaliser l'information. Non seulement la stocker, la partager, mais aussi l'analyser en y apportant une valeur ajoutée. Europol fait ça depuis vingt ans, mais ça marchait mal. Il y a eu un vrai changement après les attentats de novembre.  Sauf que cela n'a pas empêché Anis Amri d'arriver jusqu'en Italie en trois jours...  Il y a encore des limites, avant tout politiques. Si Europol devenait complètement une agence européenne de renseignement, cela pourrait faire de l'ombre aux services de renseignement nationaux et aux hommes politiques, qui n'auraient plus la maîtrise de leurs agences. Par ailleurs, et la commission parlementaire qui a rendu son rapport en juillet l'avait bien expliqué pour la France, on a d'importants dysfonctionnements au sein des services dans chaque pays. En Allemagne, il y a eu des failles dans la communication entre les services des Länder et ceux de Berlin.  Or, du fait de notre approche collective de la sécurité, ces dysfonctionnements se répercutent forcément à l'échelle européenne. Il est nécessaire de parvenir à un mécanisme d'évaluation collectif de l'état de nos services de renseignement. C'est-à-dire qu'on puisse, au niveau européen, faire une évaluation globale. On en est loin car, souveraineté oblige, les Etats n'ont pas forcément envie de montrer aux autres leurs dysfonctionnements. Les terroristes ont fait l'Europe du terrorisme et nous, on peine encore à faire l'Europe de l'antiterrorisme. Mais la pression des attentats est telle qu'on va vers l'avant. Propos recueillis par Sarah Diffalah  Sarah Diffalah Journaliste "}