{"title": "attentat de nice : face au terrorisme spontané, l'impossible risque zéro", "newspaper": "NouvelObservateur", "author": ["Violette Lazard et Vincent Monnier"], "date_publi": "2016-07-21", "theme": "Attaque de Nice", "content": "Le 30 octobre 2015, Ousmane N. téléphone au Centre national d’Assistance et de Prévention de la Radicalisation (CNAPR). Il souhaite dénoncer un homme s’apprêtant à passer à l’acte : lui-même ! Il est arrêté – en plein délire – dans la foulée de son appel. Radicalisé au cours d’un séjour en prison, cet individu, impliqué par le passé dans des affaires de stupéfiants, projetait d’assassiner une députée parisienne. Deux mois plus tard, en décembre 2015, Nabil F., inconnu des services de police, défonce au volant d’une voiture de société la barrière d’accès à la cour d’honneur des Invalides. Il finit sa course un peu plus loin sans faire d’autres dommages. Placé en hôpital psychiatrique, il tient des propos incohérents pour expliquer son geste.    Enfin, trois mois plus tard, au petit matin, Amar T., un homme d’une trentaine d’années connu pour des faits de violence, fonce délibérément, avec la Laguna grise de sa mère, sur l’entrée du commissariat de police de Firminy, une petite ville du département de la Loire. Coup de folie relevant du droit commun ? C’est ainsi que sont présentés à l’époque ces trois faits divers dans la presse régionale. Pourtant, le rapport de la commission d’enquête parlementaire sur les moyens mis en œuvre par l’Etat pour lutter contre le terrorisme, publié à la mi-juillet, éclaire différemment ces événements. D’après les députés, Violette Lazard et Vincent Monnier Journaliste "}