{"title": "guy verhofstadt : \"2017 doit être l'année du sursaut européen\"", "newspaper": "NouvelObservateur", "author": ["Pascal Riché"], "date_publi": "2017-03-06", "theme": "Monde", "content": "Neuf mois après le vote pour le Brexit, le Royaume-Uni lance ce mercredi le processus historique de sortie de l'Union européenne. Certains annoncent dix ans de pourparlers tant les enjeux sont complexes et lourds pour tout le monde.   Guy Verhofstadt a été Premier ministre de Belgique pendant neuf ans (1999-2008). Député européen depuis lors, il préside le groupe parlementaire des libéraux (Alliance des démocrates et des libéraux pour l’Europe, qui accueille par exemple, pour ce qui est des Français, les élus du MoDem). Il vient de publier chez Plon \"Le mal européen\". Nous l'avions interviewé début mars sur ce saut dans l'inconnu. Selon lui, la seule façon de sortir l’Europe de l’ornière est un bond en avant fédéral. Extraits. [...] Quelles réformes doivent être menées en priorité ? Le Brexit nous ouvre une opportunité historique : celle de créer une union plus unie, plus intégrée et enfin capable de décider.  Pour commencer, il faut réduire le nombre de commissaires : 28 c’est beaucoup trop. Un petit gouvernement de 12 ou 15 personnes, comme ce qu’imaginaient les pères fondateurs, serait plus efficace. A côté du Parlement, qui représente les peuples, il faut un Sénat des Etats, plutôt qu’un conseil européen qui bloque sans cesse les projets politiques. Il faut un vrai gouvernement pour la zone euro, une gestion commune au moins partielle de la dette publique, une stratégie commune pour les finances publiques, pour l’investissement, pour la politique industrielle… Actuellement, tout cela n’existe pas. Il faut compléter le marché intérieur : il ne représente encore que 37% des échanges de biens et de services. Tous les secteurs de l’avenir n’y sont pas : numérique, télécoms, énergie, capitaux… Engageons enfin des politiques communes sur les taxations et en matière sociale. L’année 2017, à travers les diverses élections (France, Pays-Bas, Allemagne…), peut permettre ce sursaut. Visiblement, lors des élections, depuis quelque années, le thème de l’Europe intégrée n’est pas très porteur… Je n’en suis pas aussi sûr. Regardez Emmanuel Macron : sa percée est assez exceptionnelle, non ? Gerhard Schulz [chef de file SPD aux élections et ancien président du parlement européen, NDLR] tient des propos très pro-européen… En Espagne, c’est un grand parti centriste pro-européen \"Ciudadanos\" qui a été créé sous la direction d’Albert Rivera. Et regardez les manifestations de centaines de milliers de gens dans les rues de Pologne contre le gouvernement Kaczynski : ils brandissent des drapeaux européens. En Italie, que va-t-il se passer, on ne sait pas, mais je suis aussi optimiste. [Abonnez-vous pour lire l'article en intégralité] Pascal Riché Journaliste "}