{"title": "attentat à barcelone : les ramblas, un lieu hautement symbolique visé par daech", "newspaper": "NouvelObservateur", "author": ["L'Obs"], "date_publi": "2017-08-18", "theme": "Terrorisme", "content": "La dimension symbolique d'un attentat revêt une importance capitale pour Daech. Jeudi 17 août, l'organisation terroriste a frappé les Ramblas, une avenue emblématique de Barcelone. Pour l'instant, le bilan de l'attaque est d'au moins 13 morts et d'une centaine de blessés.   Cette artère, qui relie la place la plus importante de la ville, la plaça Catalunya (la place de Catalogne) et le vieux port, s'étend sur plus d'un kilomètre. Peu à peu délaissée par les locaux, elle accueille aujourd'hui essentiellement des touristes venus des quatre coins du monde.\n Des ressortissants d'au moins 34 nationalités figurent ainsi au nombre des morts et des blessés. Parmi eux des touristes venus de France, d'Allemagne, d'Algérie, mais aussi d'Irlande, de Cuba ou encore de Chine.  Les Ramblas sont occupées par des vendeurs de souvenirs, mais également de nombreux commerces ou restaurants. L'artère est un lieu de passage pour près de 78 millions de personnes chaque année, soit environ 200.000 par jour, affirme \"le Figaro\". Un lieu emblématique de la ville tel que la Sagrada Familia ou le parc Guëll. C'est aussi sur les Ramblas que sont historiquement célébrées les victoires du FC Barcelone, le mythique club de football de la ville. Une artère au cœur de laquelle la jeunesse se réunit, manifeste ou fait la fête.   Différents symboles jalonnent les Ramblas. On y trouve le théâtre du Liceu, le plus ancien de la ville. Non loin se dresse également le palais Guëll, une réalisation de l'architecte Antoni Gaudí, entrée en 1984 au patrimoine mondial de l'Unesco, ou encore la colonne Christophe Collomb, construite en 1888 en l'honneur du navigateur. Le marché de La Boqueria et ses célèbres étals de fruits et légumes, jouxte aussi l'avenue, un autre emblème de la ville. Sur les Ramblas figure enfin l'œuvre de l'artiste espagnol Miró : Le Pla de l'Os. Une allégorie à l'ouverture installée à même le sol en 1976. Hier, c'est précisément à cet endroit, que la camionnette a arrêté sa course folle. Els terroristes han baixat de la furgoneta al Pla de l'Os després d'atropellar molta gent dalt de la #Rambla. Commoció a tot Barcelona ???? pic.twitter.com/hwWOnIR3CE \n\n P.V. L'Obs "}