{"title": "attaque au camion à berlin : le choix d'un lieu hautement symbolique", "newspaper": "NouvelObservateur", "author": ["L'Obs"], "date_publi": "2016-12-20", "theme": "Terrorisme", "content": "Il s'agit bien d'un \"attentat\". Le ministère allemand de l'Intérieur Thomas de Maizière l'a confirmé ce mardi matin : le carnage provoqué par un camion sur un marché de Noël à Berlin, qui a fait au moins douze morts lundi, était un acte délibéré. Le choix du lieu et de la période de l'année à laquelle l'attaque s'est déroulée apparaît d'ailleurs hautement symbolique. Les marchés de Noël font l'objet de menaces récurrentes de la part de terroristes islamistes, en Allemagne (où ils sont particulièrement développés et fréquentés) comme en France. \"La tragédie qui s'est jouée hier soir ressemble à un cauchemar que toutes les polices occidentales redoutaient depuis des années. Le symbole du marché de Noël, un lieu qui mélange tradition chrétienne et festivités populaires, est ciblé de longue date par les terroristes islamistes\", écrit \"le Parisien\". \"Les terroristes ne pouvaient pas choisir d'endroit plus marquant pour signifier à l'Allemagne qu'ils sont en guerre contre elle. Les assaillants ont frappé un marché de Noël dans un pays, qui contrairement à la France a inscrit ses racines chrétiennes dans la loi fondamentale, sa Constitution\", souligne de son côté \"le Figaro\". Un marché de Noël à Berlin à quelques jours des fêtes, c'est l'équivalent de la promenade des Anglais le 14 Juillet en France, frappée par une attaque similaire, qui a fait 86 morts et plusieurs centaines de blessés. Ce marché, un des plus visités, notamment par les touristes, est situé en plein centre-ville, à deux pas de l'avenue Kurfürstendamm, une des plus commerçantes de la capitale allemande, comparée aux Champs-Elysées.  Le marché de Noël est également situé au pied de l'église du Souvenir de l'empereur Guillaume, la Gedächtniskirche, une des principales attractions touristiques berlinoises qui revêt une signification particulière. En grande partie détruite lors des bombardements de 1943, ses ruines ont été transformées en lieu de mémoire de la Seconde Guerre mondiale. \"Ce monument est aussi symbole de réconciliation, lui qui accueille en son sein deux croix emblématiques. L’une est russe, l’autre fabriquée avec des clous prélevés sur le site de la cathédrale de Coventry détruite par les nazis durant la Seconde Guerre mondiale. La réconciliation après la désunion. La paix après la guerre. L’espoir dans l’union\", relève le quotidien belge francophone \"l'Avenir\". ? L'Obs "}