{"title": "en direct. hommage national pour xavier jugelé, le policier tué sur les champs-elysées", "newspaper": "NouvelObservateur", "author": ["L'Obs"], "date_publi": "2017-04-25", "theme": "Société", "content": "Un hommage de la nation. François Hollande préside ce matin une cérémonie en l'honneur de Xavier Jugelé, le policier tué jeudi lors de l'attentat sur les Champs-Elysées. L'hommage est rendu dans la cour de la préfecture de police à partir de 11 heures en présence notamment des deux candidats qualifiés pour le second tour de l'élection présidentielle, Emmanuel Macron et Marine Le Pen, qui ont répondu favorablement à l'invitation de François Hollande.  Xavier Jugelé, 37 ans, a été tué jeudi de deux balles dans la tête par Karim Cheurfi, qui a blessé deux autres policiers, dont l'un grièvement, ainsi qu'une touriste allemande, avant d'être abattu. Il était membre de la 32e compagnie de direction de l'ordre public et de la circulation (DOPC) de la préfecture de police de Paris.\n Suivez en direct l'hommage national à Xavier JUGELE https://t.co/vKRjhchzA1 11h40 - François Hollande décore Xavier Jugelé à titre posthume François Hollande a déposé l'insigne de la Légion d'honneur sur le cercueil du policier.  11h30 - \"La République a perdu un de ses gardiens les plus valeureux\", regrette François Hollande \"De nouveau, la France a perdu un de ses fils, parmi ses plus braves. La République a perdu un de ses gardiens les plus valeureux\", a déclaré le président de la République. Le chef de l'Etat a apporté son soutien aux forces de l'ordre : François Hollande a par ailleurs appelé son successeur, forcément présent dans l'assistance puisque Emmanuel Macron et Marine Le Pen assistent tous deux à la cérémonie, à \"accorder les ressources budgétaires nécessaires\" aux forces de l'ordre. \"Je leur demande d'accorder les ressources budgétaires nécessaires pour recruter les personnels indispensables à la protection de nos concitoyens. Et pour leur fournir les moyens qui leur permettront d'agir encore plus efficacement\", a déclaré le chef de l'Etat. 11h15 - \"Vous n'aurez pas ma haine\", lance le compagnon de Xavier Jugelé, Etienne Cardiles  Le compagnon de Xavier Jugelé s'est exprimé, très ému, s'adressant directement au policier : \"Tu as pris ton service à 14 heures dans cette tenue du maintien de l'ordre dont tu prenais tant soin. [...] Ce type de mission, je le sais, te plaisait, parce que c'étaient les Champs et l'image de la France [...] que tu protégeais.\" \"Je suis rentré le soir sans toi\", poursuit le compagnon de Xavier Jugelé. Et le jeune homme de poursuivre, avec émotion : Avant de conclure : \"Restons tous dignes et veillons à la paix, gardons la paix.\"  10h30 - Son compagnon devrait prendre la parole Xavier Jugelé était pacsé et allait fêter ses 38 ans le 4 mai. Lors de la cérémonie, son compagnon devrait prendre la parole. Xavier Jugelé était adhérant à Flag !, l'association des policiers lesbiennes, gays, bi et trans (LGBT) et au syndicat Alliance. 10h - Le Pen et Macron invités Les deux finalistes de la présidentielle, Emmanuel Macron et Marine Le Pen, ont été conviés par François Hollande à assister à la cérémonie.   \"Je me rendrai bien sûr demain à la cérémonie en hommage à Xavier Jugelé, le policier tué lors de l'attentat des Champs-Elysées\", a déclaré lundi sur Twitter la présidente du Front national, répondant ainsi positivement à l'invitation du président de la République. Je me rendrai bien sûr demain à la cérémonie en hommage à Xavier Jugelé, le policier tué lors de l'attentat des Champs-Elysées. MLP  L'Obs "}