{"title": "contre-espionnage : \"on a perdu 15 ans dans la prévention du terrorisme\"", "newspaper": "NouvelObservateur", "author": ["Caroline Michel"], "date_publi": "2018-02-08", "theme": "Société", "content": "Paul-Louis Voger, ce n'est pas son vrai nom. Nous le rejoignons dans une grande ville où il a longtemps officié. Le regard bleu, les épaules et la mâchoire carrées, il a effectué toute sa carrière au contre-espionnage. D'abord au cabinet de plusieurs patrons de la Direction de la surveillance du territoire (DST), puis en tant que responsable régional des services secrets, chargé en particulier de la lutte contre le terrorisme.  Il publie le 14 février \"Je ne pouvais rien dire\", aux éditions de L'Archipel. Un témoignage exceptionnel sur les ratés de notre renseignement. Mais aussi un message d'espoir sur les chemins à suivre.  Qu'est-ce qui vous a décidé à rompre le silence propre à votre ancien métier ?\n C'est venu progressivement, quelques mois après ma retraite, lors de discussions avec mon coauteur Xavier Panon. Je ne suis pas un grand ponte. J'ai été un cadre intermédiaire, un maillon de la chaîne, et je peux apporter mon expérience de terrain. Je voulais témoigner de la colère et du blues de mes anciens collègues qui sont encore en service et ne peuvent pas parler. On n'a pas assez tiré les enseignements de nos échecs depuis Mohamed Merah et la fusion des anciens Renseignement généraux et de l'ex-DST en 2008 [en créant la DCRI puis en mai 2014 la DGSI, direction générale du renseignement intérieur, NDLR]. Je voudrais agir en lanceur d'alerte, signaleur d'expériences déficientes. Mon objectif n'est pas de reparler encore de la concurrence entre les services ou de régler des comptes. Mais de faire des propositions concrètes pour voir ce qu'on pourrait faire mieux. Après plusieurs lois antiterroristes et deux réformes du renseignement mal ficelées, les agents de terrain partagent les mêmes inquiétudes que l'ensemble des Français.    Pourquoi ce message d'inquiétude ? Il y a déjà eu une commission d'enquête après les attentats de 2015 pour évaluer les failles de nos services de renseignement.  Ma conviction est qu'on a perdu quinze ou vingt ans dans la prévention du terrorisme. Les services locaux et centraux de la DST ont vu monter la menace terroriste dès 1994. Nous avons envoyé nos notes à nos directions. Mais nous n'avons pas été suivis à l'échelon politique. Nous sommes passés pour des emmerdeurs, des gens qui voulaient faire peur. Quant à la fusion de 2008, la création de ce fameux FBI à la française, on n'a pas pris le temps d'infuser une culture du renseignement dans cette nouvelle direction centralisée. J'étais à l'époque le responsable du contre-espionnage dans ma région. On a fusionné nos services avec les Renseignements généraux, mais sans jamais définir les vraies limites de missions et les moyens à mettre en face. Quel rapport entre un spécialiste du suivi des mouvements sociaux, comme on pouvait en trouver aux RG, et un spécialiste du radicalisme combattant tchétchène ? Il y a eu une confusion dont on a vu le résultat quand on a traité le groupe de Tarnac comme un groupe terroriste. Depuis on essaie de rattraper le coup en créant des usines à gaz, des bureaux de liaison et de coordination au plus haut niveau [comme la fameuse Task Force anti Daech, placée à l'Elysée sous la houlette d'un ancien patron de la DST, Pierre de Bousquet de Florian, NDLR], alors qu'il faut repartir de la base, du travail de terrain.  Depuis, il y a quand même eu la création du Renseignement territorial, en janvier 2015, qui était censée remédier aux insuffisances de la DGSI … Mais encore une fois, on est allé très vite. Sans prendre le temps d'évaluer et de réfléchir. Je l'ai vu à mon niveau : j'ai été appelé à Paris à ce moment-là comme chargé de mission. J'ai eu 200 fonctionnaires à évaluer pour une habilitation au secret-défense. J'ai trouvé pas moins de dix profils douteux. Parce qu'on avait recruté en urgence des candidats de toute la police sans prendre le temps d'une enquête préalable. Tout a été comme ça. C'est pourquoi je propose la tenue d'Etats généraux du renseignement intérieur pour réfléchir sur trois axes : il faut redéfinir nos objectifs, une doctrine et la compétence des services ; politiquement face à l'islamisme, il faut relancer une vraie politique de la ville car tout se joue dans nos quartiers ; enfin, réfléchir tout de suite au post-pénal et à la question des revenants. On n'a pas le droit de refaire les erreurs qu'on a déjà faites avec Djamel Beghal [le mentor d'Amedy Coulibaly et de Chérif Kouachi, NDLR]. Le vrai problème des revenants, ce sont ceux qui seront passés entre les trous de la raquette en Syrie et en Irak, qui vont ou ont été exfiltrés via l'Arabie saoudite ou le Qatar. Ils peuvent passer par un \"SAS\" de complicité de quelques années en Algérie, au Maroc, en Grèce ou ailleurs. Et ils vont revenir en France en 2020/2021. Ce seront alors des jeunes gars d'une trentaine d'années, qui auront déjà dix années de combat djihadiste derrière eux. Que met-on en place pour les identifier et les empêcher de tout prosélytisme ? On a parlé des \"Afghans Arabes\" revenus en France dans les années 2000/2005, mais dans deux/trois ans je crains qu'on parle des \"Français de Daech\", si rien n'est fait en prévention. Que proposez-vous ? Il faut investir dans le suivi personnalisé des gros mais aussi des petits poissons de la radicalisation. Il y a d'abord le problème de la multiplication des fichiers et bases de données. Aujourd'hui, un agent du renseignement doit consulter une quinzaine de fichiers différents pour évaluer l'environnement d'un suspect. Il y a très peu de coordination entre les fiches S du Renseignement territorial et de la DGSI (visant a priori les profils les plus dangereux). Sans compter la déficience en sources humaines par rapport au \"technique\", car ce métier est difficile, c'est un métier de bénédictin, et la formation initiale des personnels ne peut qu'être longue.  Ensuite, il faut en finir avec la culture paranoïaque du secret et faire travailler ensemble différents services de l'Etat dans une confidentialité partagée, avec des référents sérieux qui joueront le rôle de coordinateur. On connaît maintenant le profil des gens capables de passer à l'acte. C'est un mélange de petite délinquance, de dérives psychiatriques dues souvent à la consommation du cannabis et de conviction idéologique et identitaire. Pourquoi ne pas faire travailler ensemble ces référents de services sociaux, qui suivent les délinquants, les unités psychiatriques qui voient arriver des gars avec des obsessions, et les services de renseignement qui surveillent les radicalisés ? Sans compter d'autres capteurs comme la protection judiciaire de la jeunesse, les polices municipales, les médiateurs de rue et les élus de terrain désemparés. Tous forment les réceptacles de signaux faibles qui peuvent avertir, si on les croise, d'un futur passage à l'acte. Bien sûr le passage à l'acte est toujours multifacteur et chaque cas est différent. Mais nous avons tous les outils juridiques pour agir. On attend toujours la vision d'Emmanuel Macron sur ces sujets régaliens et la manière dont il veut insérer la police de renseignement dans la police du quotidien. La gestion de l'extrémisme religieux est l'enjeu du XXIe siècle. Il ne faut pas rater le coche. C'est cette année que tout se joue. Propos recueillis par Caroline Michel Caroline Michel Journaliste "}