{"title": "mesure prise contre les tunisiennes : les emirats craignent un attentat", "newspaper": "NouvelObservateur", "author": ["L'Obs"], "date_publi": "2017-12-25", "theme": "Monde", "content": "La mesure prise par les Emirats arabes unis à l'encontre des voyageuses tunisiennes, à l'origine d'une vive controverse, est due à la crainte d'un attentat pouvant être commis par des femmes titulaires d'un passeport tunisien, a affirmé lundi la présidence.   Dimanche soir, la Tunisie a annoncé avoir suspendu les liaisons quotidiennes de la compagnie aérienne Emirates en raison de l'imbroglio persistant autour du droit des femmes tunisiennes à embarquer sur des vols à destination des Emirats.\n \"Il y a des informations sécuritaires sérieuses chez les autorités émiraties sur la possibilité d'attentats terroristes\", a dit la porte-parole de la présidence tunisienne, Saïda Garrach, sur les ondes de la radio Shems FM. \"Les données qu'elles ont, c'est que dans le cadre du retour des combattants (djihadistes) et leur sortie de Syrie essentiellement, et d'Irak\", il existe \"une possibilité d'attentat terroriste dans lequel seraient impliquées des femmes soit Tunisiennes soit porteuses d'un passeport tunisien\", a ajouté Saïda Garrach, laissant entendre que ces femmes pouvaient recourir à de fausses identités. De leur côté, les Emirats ont évoqué des questions de \"sécurité\", sans autre détail. Pour Saïda Garrach, si la Tunisie peut \"comprendre\" les craintes émiraties, elle ne peut \"accepter la manière dont les femmes tunisiennes ont été traitées\". Depuis vendredi, les voyageuses tunisiennes, adultes comme enfants, ont été temporairement empêchées d'embarquer sur des vols pour les Emirats arabes unis en Tunisie et ailleurs, sans qu'aucune explication ne leur soit fournie. Selon des témoignages de passagères, les employés de la compagnie Emirates leur ont seulement dit que les porteuses d'un passeport tunisien n'étaient pas autorisées à se rendre aux Emirats, même pour une correspondance. Les hommes, eux, n'ont connu aucune difficulté pour embarquer. L'affaire a enflammé médias et réseaux sociaux en Tunisie. Plusieurs ONG et partis politiques, qui ont notamment dénonce une mesure \"discriminatoire\", ont demandé aux autorités tunisiennes de se montrer \"fermes\". (avec AFP) L'Obs "}