{"title": "terrorisme : nicolas sarkozy répond à françois hollande (qui lui avait répondu)", "newspaper": "NouvelObservateur", "author": ["L'Obs"], "date_publi": "2016-09-11", "theme": "Politique", "content": "Dans une interview au \"Journal du dimanche\", Nicolas Sarkozy répond à François Hollande. Après l'attaque de Nice, l'ancien président avait vivement critiqué l'exécutif  sur ses réponses face à la menace djihadiste. Cette semaine, dans un discours sur la démocratie face au terrorisme, le chef de l'Etat avait mis en garde contre les propositions de son prédécesseur, lui reprochant de \"convoquer les peurs\" et de \"flatter les mauvais sentiments\". Il avait notamment expliqué pourquoi la réponse au terrorisme passait nécessairement par l'état de droit.  \n De nouveau, dimanche 11 septembre, Nicolas Sarkozy appelle à y déroger. Il demande toujours la création d'une cour spéciale antiterroriste comme l'avait fait De Gaulle avec l'OAS, d'un parquet national antiterroriste, que les spécialistes jugent inutiles, des juges des libertés et de la détention spécialisés, des quartiers spécifiques pour les terroristes dans les prisons. Mais surtout, Nicolas Sarkozy demande des rétentions administratives préventives pour les personnes fichées S, et la fin du regroupement familial. Il estime qu'ensuite, les personnes suspectes doivent être placées en centre de déradicalisation, puis relâchée lorsqu'il est estimé qu'elles sont déradicalisées. Il répond aussi plusieurs fois au chef de l'Etat :   Il s'en prend aussi brièvement à François Molins, le procureur de Paris, en pointe sur tous les attentats, et hostile à la rétention des fichés S : DH L'Obs "}