{"title": "la ministre de la justice nicole belloubet annonce la création d'un parquet antiterroriste autonome", "newspaper": "NouvelObservateur", "author": ["L'Obs"], "date_publi": "2017-12-18", "theme": "Terrorisme", "content": "La ministre de la Justice Nicole Belloubet a annoncé ce lundi 18 décembre la création future d'un parquet national antiterroriste, lors d'une réunion réunissant les procureurs généraux et les référents en matière de terrorisme. Alors que l'antiterrorisme était jusqu'à présent une compétence exclusive du parquet de Paris, la garde des Sceaux souhaite mettre en place une structure nationale autonome, tout en précisant qu'il ne s'agit pas de remettre en cause les axes majeurs de la lutte antiterroriste.  Terrorisme : La garde des Sceaux souhaite un parquet national anti-terroriste. \"Il ne s'agit nullement de créer une juridiction d'exception\"\n— Mathieu Delahousse (@Math_Delahousse) 18 décembre 2017 Nicole Belloubet a chargé la direction des affaires criminelles et des grâces (DACG) de travailler à la création et à l'organisation de cette nouvelle structure. \"Il ne s'agit nullement de créer une juridiction d'exception mais d'être plus efficace et plus lisible\", explique-t-elle. \"Il s'agit de renforcer l'action publique en matière terroriste et de créer une meilleure synergie avec les JIRS [juridictions interrégionales spécialisées, NDLR] au niveau local\", poursuit-elle, citée par \"le Figaro\". Le parquet de Paris serait ainsi dégagé de la lutte antiterroriste, \"ce qui lui rendrait toutes ses capacités de gestion des autres contentieux sensibles\", espère Nicole Belloubet. Quant au futur \"PNAT\" (Parquet national antiterroriste), il aurait lui \"toute la disponibilité pour recentrer son activité sur cette mission essentielle\". T.V. (avec M.D.) L'Obs "}