{"title": "attentat de barcelone : le conducteur présumé de la camionnette tué par la police", "newspaper": "NouvelObservateur", "author": ["L'Obs"], "date_publi": "2017-08-21", "theme": "Terrorisme", "content": "L'épilogue d'une inquiétante traque. L'auteur présumé de l'attentat du 17 août à Barcelone, Younès Abouyaaqoub, est bien l'homme abattu ce lundi à Subirats, à une cinquantaine de kilomètres de Barcelone, a confirmé la police catalane. \"Nous confirmons que l'homme abattu à Subirats est Younès Abouyaaqoub, auteur de l'attentat terroriste de Barcelone\", a-t-elle tweeté.  We confirm that the man shot down in #subirats is Younes Abouyaaqoub, author of the terrorist attack in #barcelona\n— Mossos (@mossos) 21 août 2017 La police avait indiqué plus tôt qu'un robot s'approchait de l'homme poru \"vérifier s'il [était] porteur ou non d'explosifs\". 17:23 TEDAX police officers (bomb tech) are using a robot to make an approach and check the scene Younès Abouyaaqoub, 22 ans, était recherché par toutes les polices d'Europe, pour avoir semé la terreur sur l'allée centrale des Ramblas à Barcelone, tuant 13 passants, puis un automobiliste à qui il a dérobé une voiture dans sa cavale. \n\n L'opération a eu lieu sur une route parsemée de virages entre les vignes tandis qu'un hélicoptère survolait lundi peu avant 18 heures la zone bouclée par la police, a constaté un journaliste de l'AFP sur place. La police catalane avait, dans un premier temps, prévenu sur Twitter qu'une opération était en cours et avait demandé aux internautes de ne partager que des informations officielles. Elle a ensuite indiqué qu'un homme avait été abattu et qu'il portait sur lui ce qui ressemblait à une ceinture d'explosifs. 16.39 Police operation in progress in Subirats. Spread only official information \n\n 17:05h La persona sospitosa de #Subirats porta adherit al cos el que sembla un cinturó d'explosius. L'individu ha estat abatut \n\n Ce lundi midi, la police catalane avait diffusé le profil du principal suspect de l'attentat des Ramblas, chauffeur présumé de la camionnette. He is dangerous and could be armed. He is sought as the alleged perpetrator of the Barcelona attack on August 17. He was the van driver pic.twitter.com/zKM5kV0RzM \"Il est dangereux et pourrait être armé\", avaient souligné les autorités. Ce Marocain de 22 ans, dont la photo avait été diffusée par la police, était depuis recherché dans tout le pays et au-delà des frontières espagnoles, sans que la police puisse dire s'il est encore en vie ou pas. Il serait né à Mrirt, au Maroc. L'Obs "}