{"title": "le fn récupère illico l'attentat de berlin, le vieux dossier de fillon", "newspaper": "NouvelObservateur", "author": ["Remy Dodet"], "date_publi": "2016-12-21", "theme": "Politique", "content": "A quoi bon attendre les faits, après tout ? Quelques heures à peine après l'attentat perpétré contre un marché de Noël à Berlin, et sans connaître l'identité de l'auteur, certains élus de droite et du Front national connaissaient déjà le coupable : Angela Merkel et sa politique d'accueil des réfugiés. C'est un élu de droite qui a ouvert le bal mardi matin aux aurores. A 4h39, Guillaume Larrivé a tout de suite dénoncé la chancelière allemande. \"Le 'wilkommen' de Mme Merkel a été une erreur historique. Sa politique migratoire absurde, hors de tout contrôle, est une tragédie.\"  Le \"wilkommen\" de Mme Merkel a été une erreur historique. Sa politique migratoire absurde, hors de tout contrôle, est une tragédie. #Berlin\n— Guillaume Larrivé (@GLarrive) 20 décembre 2016 Et puis les élus d'extrême droite lui ont emboîté le pas. Quelques minutes après, Robert Ménard, le maire de Béziers apparenté FN, a écrit cette phrase sur Twitter : \"La vague de migrants est une vague de mort. Les Européens sont en train de le comprendre.\" Avant de poster, et sans s'embarrasser d'un conditionnel superflu, une dizaine de tweets tout aussi catégoriques.  La vague de migrants est une vague de mort. Les européens sont en train de le comprendre...#BerlinAttack Le maire FN d'Hénin-Beaumont Steeve Briois a, quant à lui, tiré son épingle du jeu en faisant la promotion de sa politique locale anti-migrants via l'attaque de Berlin.  Plus que jamais après l'attentat de #Berlin commis par un #migrant, je demande l'arrêt de la répartition des #migrants dans nos communes. pic.twitter.com/DirGbmJngf A 9h26, Marion Maréchal-Le Pen s'est à son tour engouffrée dans la brèche, s'en prenant elle aussi à la chancelière allemande. \"Le terroriste islamiste est un migrant\", assène-t-elle. \"Merkel responsable.\" #Berlin : le terroriste islamiste est un migrant. #Merkel responsable. En France et en Europe, stoppons ces dirigeants inconscients ! Précision utile : mardi après-midi, la police allemande a libéré le réfugié pakistanais de 23 ans suspecté d'être le chauffeur du camion-bélier qui a foncé sur la foule lundi soir. Ce mercredi matin, l'auteur de l'attaque est toujours activement recherché, mais Guillaume Larrivé et les élus frontistes n'ont pas retiré leurs tweets. Ils attendent sûrement que les autorités allemandes valident leur thèses. Peut-être même croisent-ils les doigts.  Stéphane Le Foll n'est pas candidat à la primaire de la gauche. Mais il a quand même des idées. Dans un texte publié mardi par la Fondation Jean-Jaurès, le ministre de l'Agriculture défend le principe d'un patrimoine universel, avec une dotation à tous les jeunes de 25 ans. Et ce plutôt que le très en vogue revenu universel, proposé notamment par Benoît Hamon.  \"Dans ce monde qui change, dans cette France qui change, un fait est radicalement nouveau : la question de la constitution d'un patrimoine est devenue (...) déterminante pour garantir une ascension sociale, écrit Le Foll. Pourtant se constituer un patrimoine est devenu un objectif inaccessible pour trop de gens.\" Avant de renoncer à se représenter, François Hollande a songé faire sienne cette idée d'un patrimoine universel aujourd'hui avancée par son lieutenant. Fin novembre, \"l'Obs\" s'était intéressé à son origine.   C'est un \"document collector\" que publie \"le Canard Enchaîné\" sur son site internet. Rien d'autre que le vrai programme de François Fillon en matière de santé. Depuis que le candidat de la droite a publié, il y a sept jours, une tribune dans \"le Figaro\" pour \"préciser\" son projet, ce pdf de 16 pages avait carrément disparu de son site. L'hebdomadaire l'a retrouvé. Et on y retrouve toutes les mesures polémiques dont Fillon ne veut aujourd'hui plus parler. Et sur lesquelles il jure de ne pas avoir reculé.  Remy Dodet Journaliste "}