{"title": "opération anti-terrorisme à la réunion : 5 suspects interpellés", "newspaper": "NouvelObservateur", "author": ["Paul Tian"], "date_publi": "2015-06-02", "theme": "Faits divers", "content": "Mardi 2 juin à 6 heures (heure locale), cinq personnes ont été interpellées par les policiers de la Direction départementale de la sécurité intérieure (DDSI) et des membres du GIGN, à Saint-Denis (La Réunion), dans le cadre des enquêtes menées sur les réseaux islamistes dans ce département de l’Océan Indien. Les cinq suspects, âgées de 20 à 30 ans, ont été placés en garde à vue au commissariat de Saint-Denis, dans les locaux de la DDSI, rapporte le site \"linfo.re\".  Selon une source proche de l’enquête, ces cinq jeunes gens auraient été candidats pour partir mener le djihad en Syrie.\n Ces interpellations interviennent alors que, selon des chiffres du ministère de l’Intérieur publiés en mars dernier, 48 cas de radicalisation ont été signalés aux autorités à La Réunion, depuis le mois d’avril 2014, précise \"Imaz Press\". Tian - Blogueur invité de \"l'Obs  Paul Tian Journaliste "}