{"title": "syrie : la bouleversante image de ce photographe en pleurs après un attentat", "newspaper": "NouvelObservateur", "author": ["L'Obs"], "date_publi": "2017-04-17", "theme": "Guerre en Syrie", "content": "Une opération d'évacuation d'habitants de localités assiégées en Syrie a tourné au carnage avec la mort samedi 15 avril de 126 personnes, dont 68 enfants, dans un attentat suicide, l'une des attaques les plus meurtrières en six ans de guerre. Dans sa traditionnelle bénédiction Urbi et Orbi, le pape François dénoncé une \"ignoble attaque\" et appelé à la paix en Syrie, pays \"martyrisé\" et victime d'une guerre \"qui ne cesse de semer horreur et mort\".  Face à l'horreur, lui a craqué. Abd Alkader Habak, un photographe syrien, était sur place lors de l’attaque. Il avait tenté d'aider à évacuer des enfants des lieux de l’incident. Mais l’homme s'est effondré. \n Un autre photographe l'a alors pris en photo. Abd Alkader Habak est à genoux au sol, en pleurs. Au fond, des flammes s’échappent encore des voitures. Et près du photographe syrien un enfant est au sol. L'image est choquante. Nous avons décidé de couper la photo qui a été publiée en intégralité sur Twitter. Devastating photo @AbdHabak - Syrian videographer next to the charred body of a child. 39 children out of 70 killed by suicide bomber #syria pic.twitter.com/u3KTNo6vRl L'image a beaucoup fait réagir sur Twitter, comme le raconte le quotidien \"20 minutes\". Le photographe s’est également exprimé sur le réseau social après l’incident : What I and my colleagues have done today is what inspires our humanity to those who were partners in killing the children of #Khan_Sheikhan Samedi, un kamikaze à lancé sa camionnette piégée contre un convoi de bus transportant des milliers d'habitants évacués de Foua et Kafraya, deux localités prorégime assiégées par les insurgés dans la province d'Idleb (nord-ouest), selon l'Observatoire syrien des droits de l'Homme (OSDH). ??? ????? ???? ????? ?????? ??????? ????? ?? ????? ?????? ????? ?????? ?????? ????? ????? ???????? ?? #???????? ???? ??? ?????? ?? ?????. pic.twitter.com/Ov51D5cjlX L'attaque, qui n'a pas été revendiquée, est survenue à Rachidine, une banlieue rebelle de la ville d'Alep, plus au nord, où avait été bloqué pendant plusieurs heures le convoi en raison de désaccords entre belligérants. C'est à côté de ces dizaines de bus à l'arrêt à Rachidine que le kamikaze a fait exploser sa camionnette. Au moins 68 enfants figurent parmi les 126 personnes tuées dans l'attentat, a indiqué dimanche l'OSDH, précisant que le bilan ne cessait de s'alourdir, de nombreuses personnes succombant à leurs blessures. La grande majorité des morts sont des habitants de Foua et Kafraya. Les autres sont des rebelles qui gardaient les bus et des travailleurs humanitaires. Revenu sur le lieu de l'attentat dimanche, le correspondant de l'AFP a vu de nombreux cadavres jonchant encore le sol. A côté d'eux, des effets personnels qu'ils avaient emportés : télévisions, assiettes, vêtements. P.L. avec AFP L'Obs "}