{"title": "augmentation de la taxe attentat", "newspaper": "NouvelObservateur", "author": ["Assurland"], "date_publi": "2017-01-12", "theme": "Publicité", "content": "La menace terroriste très élevée en France  Depuis maintenant 2 ans, la France est la cible d’attentats ou de tentatives d’attentats répétés. Les forces de l’ordre sont sans cesse en alerte et considèrent que la menace d’attentats en France reste très élevée.  Au lendemain de l’attentat sur le marché de Noël de Berlin, le Président de la République, François Hollande, a rappelé que la France avait également un plan de mobilisation et de vigilance élevé également.\n A l’occasion des fêtes de fin d’année, près de 100 000 personnels faisant partie des forces de l’ordre (policiers, gendarmes et militaires) étaient déployés dans tout la France pour la Saint Sylvestre. Une présence d’uniformes qui dissuadent selon Patrice Ribeiro, secrétaire général du syndicat de policiers Synergie-Officiers, interrogé par franceinfo. Mais la menace reste présente et les assureurs qui doivent indemniser les victimes anticipent le risque. Hausse de la taxe « attentat » Si la taxe attentat existe depuis plus de 30 ans (créée en 1986), la menace terroriste en France pousse le Fonds de garantie des victimes du terrorisme (FGTI) à renflouer ses fonds. Avec une augmentation au 1er janvier 2016 (de 3,30 à 4,30 euros), le Fonds de garantie augmente une seconde fois la taxe de 4,30 à 5,90 euros au 1er janvier 2017. Le Fonds n’a jamais été autant sollicité depuis 2 ans, l’obligeant à indemniser 300 à 350 millions d’euros par attentat. L’objectif de cette nouvelle hausse, rapporter 140 millions d’euros au FGTI afin de lui éviter de puiser dans ses réserves de fonds. Cette taxe est collectée sur l’ensemble des contrats d’assurance auto et habitation des Français. Elle permet au FGTI d’indemniser les victimes des attentats ou leurs proches. Enfin, afin d’harmoniser les indemnisations, la secrétaire d’Etat a demandé au Fonds de garantie de publier « un référentiel sur l’indemnisation », afin d’établir un barème des montants perçus par victime et par préjudice. Stéphanie Robert, rédactrice de notre partenaire Assurland.com. Assurland Journaliste "}