{"title": "primaire à droite : impôts, terrorisme... ce qu'il faut retenir d'un premier débat policé", "newspaper": "NouvelObservateur", "author": ["Timothée Vilars"], "date_publi": "2016-10-13", "theme": "Primaire à droite", "content": "Juppé en favori, Sarkozy en challenger, et cinq concurrents qui rêvent de troubler le jeu : la droite disputait ce jeudi 13 octobre son premier débat télévisé de la primaire, sur TF1. Un show réglé au millimètre avec les conseillers des 7 candidats.   \n\n A quelques semaines des scrutins des 20-27 novembre, les hostilités sont donc ouvertes entre Jean-François Copé, François Fillon, Alain Juppé, Nathalie Kosciusko-Morizet, Bruno Le Maire, Frédéric Poisson et Nicolas Sarkozy. De l'économie à l'immigration, les candidats partagent beaucoup de points communs. Mais ils ne sont pas d'accord sur tout...  Les candidats ont commencé par expliquer les raisons de leur candidature, avant de promettre solennellement d'une seule voix qu'ils se rangeraient derrière le vainqueur de la primaire. \"J'ai décidé de reprendre le flambeau de la rupture\", '\"de ne plus reculer\", lance Jean-François Copé, qui compte \"gouverner par ordonnances comme de Gaulle en 1958\". Nicolas Sarkozy rappelle qu'il a gouverné la France dans un contexte particulier, \"la crise la plus grave que le monde ait connue depuis 1929\" et appelle à une \"alternance forte, énergique, immédiate, concrète\". Bruno Le Maire se montre offensif d'entrée de jeu : Plutôt qu'à une droite de \"conservatisme\", Nathalie Kosciusko-Morizet appelle elle à une \"droite de progrès\", \"alliée au centre, ouverte et qui rassemble\". Jean-Frédéric Poisson insiste sur le fait qu'il n'a pas participé aux \"renoncements\" de la droite et du centre ces dernières décennies et estime qu'\"en 2017, la France joue sans doute sa dernière chance tant le déclin est grand.\" François Fillon, enfin, veut porter \"une transformation profonde\" pour faire de la France, \"en moins de 10 ans, la principale puissance européenne\".  La première partie de l'émission, consacrée aux sujets économiques, ne suscite guère de conflits sur les grands principes. En ce qui concerne la durée du temps de travail en tout cas, les sept candidats sont unanimes. \"Sur les 35 heures, je veux la liberté\", déclare Nicolas Sarkozy qui en appelle à une absente : \"Les 35 heures ont fait perdre le sens du travail dans notre pays\", dénonce Bruno Le Maire, qui demande \"la liberté de négociation dans chaque entreprise\". François Fillon va lui plus loin : \"Pour que ça fonctionne, il faut que les fonctions publiques passent à 39 heures\", avance l'ex-Premier ministre. \"Sinon, la référence restera à 35 heures, il n’y aura pas d’accord dans les entreprises et tout ça restera un coup d’épée dans l’eau.\" Le problème, pour Jean-François Copé, porte un autre nom : la CGT. \"La question centrale, c’est d’empêcher les syndicats, et en particulier la CGT, de continuer à bloquer la vie des entreprises et du pays\", dit-il. \"Je ne vois qu’une solution : généraliser les référendums d’entreprise.\" \"Les Français sont très productifs mais travaillent moins que dans les grands pays autour de nous\", glisse Alain Juppé. \"Je veux dire aux entreprises : vous avez la liberté. Si vous voulez rester à 35 heures, vous pouvez rester à 35 heures. Mais si dans les deux ans il n’y a pas d’accord, l’entreprise peut passer aux 39 heures.\" Pour \"NKM\", \"il faut négocier beaucoup plus de choses au niveau de l’entreprise. Notre pays est trop centralisé, tout est décidé d’une manière uniforme pour tout le monde. Le rôle du politique, c’est plutôt de se mettre en retrait pour accompagner les transformations et les créateurs.\" Tous s'accordent également sur des baisses d'impôts - 10 milliards, 30 milliards, qui dit mieux ? - mais avec de nombreuses nuances. François Fillon veut une baisse de 10 milliards ciblée sur les familles ; Alain Juppé demande la suppression des charges patronales sur le Smic. Nathalie Kosciusko-Morizet ne veut pas supprimer l'ISF mais le transformer en \"obligation d'investissement\", à l'inverse de Jean-François Copé qui n'a jamais caché son rêve de torpiller l'impôt sur la fortune.  Nicolas Sarkozy, lui, reste totalement \"opposé à l’augmentation de la TVA... pour la bonne raison que François Hollande l’a fait\". Tous promettent en revanche des coupes sombres dans la fonction publique (voire \"la fin de l'emploi à vie\" pour Jean-François Copé) et un retour à l'équilibre budgétaire à la fin de leur hypothétique quinquennat... en soulignant comme un seul homme que le chiffre du gouvernement socialiste pour le déficit 2017 s'avérera naturellement \"bidon\". Après une courte mi-temps publicitaire, la situation s'est brusquement tendue sur le plateau alors que le débat déviait vers les questions de justice et de sécurité. A Bruno Le Maire qui défend une nouvelle fois la nécessité d'avoir un casier judiciaire vierge pour exercer une fonction d'Etat, Alain Juppé réplique :  \"Aujourd'hui, les Français ont la décision au bout de leur bulletin de vote. S'ils estiment que ma faute me disqualifie, ils ne m'éliront pas\", déclare le maire de Bordeaux.  Peu après, c'est Nicolas Sarkozy qui nous rassure : \"Mon casier judiciaire, après 37 ans de vie politique, est vierge. Je n'ai jamais été condamné\". Appelé à réagir sur la \"petite phrase\" de François Fillon il y a quelques semaines (\"Qui imagine le général de Gaulle mis en examen ?\"), l'ex-président lâchait : Mais Nicolas Sarkozy se détournait rapidement vers sa cible de prédilection : son successeur, en attaquant de façon virulente ses confidences aux journalistes Gérard Davet et Fabrice Lhomme, parues dans le livre \"Un président ne devrait pas dire ça\". Un autre candidat avait de quoi s'agacer à la lecture de l'ouvrage : François Fillon, de nouveau accusé, par François Hollande lui-même, d'avoir demandé au secrétaire général de l'Elysée Jean-Pierre Jouyet d'accélérer les poursuites judiciaires contre Nicolas Sarkozy.  \"J’ai déjà eu l’occasion de le dire : M. Jouyet est un menteur\", lâche alors François Fillon sous le regard souriant de Nicolas Sarkozy. \"Et je découvre que le président de la République française, non seulement est inefficace et incompétent, mais est aussi un manipulateur. J’ai honte pour mon pays que le président de la République française se prête à des accusations aussi médiocres.\"   Les candidats sont ensuite amenés à s'exprimer sur le thème de la menace terroriste. Bruno Le Maire appelle à une \"justice d'exception\" : que toutes les personnes qui ont un lien avec une activité terroriste, à travers une activité sur internet par exemple, soient interpellées avant de passer à l'acte. \"NKM\" veut que les maires aient le moyen de savoir si les maires recrutent ou pas des fichés S. Alain Juppé, lui, est plus nuancé : dans de nombreux cas, explique-t-il, on a intérêt à laisser les fichés S en circulation pour pouvoir remonter les filières. Alors quand arrive son tour, Jean-François Copé n'y tient plus : \"Je suis pour un tournant sécuritaire total et excusez-moi de vous dire que tout ce que j'entends n'est pas du tout à la hauteur\", attaque-t-il. Le maire de Meaux a ensuite eu tout loisir de développer son triptyque favori, \"pain au chocolat\" / burqa / cannabis. \"François Fillon a la mémoire qui flanche\", pointe-t-il. \"L'un et l'autre étaient défavorables à une loi sur la burqa et c'est nous les députés qui l'avons faite passer\", lance le député-maire. Un soutien inattendu vole alors au secours de François Fillon... Nicolas Sarkozy ! Probablement l'attaque personnelle la plus virulente d'un débat qui en aura été, contrairement aux attentes, curieusement dénué...  T.V. Timothée Vilars Journaliste "}