{"title": "pro-trump, pro-le pen... qui est le suspect de l'attentat de la mosquée de québec ?", "newspaper": "NouvelObservateur", "author": ["L'Obs"], "date_publi": "2017-01-31", "theme": "Terrorisme", "content": "Qui est Alexandre Bissonnette, ce jeune québequois soupçonné d'avoir abattu dimanche par balle six fidèles dans une mosquée de Québec. Chétif, troll, introverti... les témoignages de ceux qui l'ont connu dessinent le portrait d'un jeune étudiant solitaire, notoirement nationaliste. Il est l'unique suspect de cette tuerie, un deuxième homme ayant été accusé à tort dans un premier temps.   La SQ confirme qu’un seul des individus arrêté hier soir en lien avec l’#attentat de #Québec est considéré comme suspect.  Si la police avait d'abord fait état de deux suspects, la progression de l'enquête a permis de blanchir un autre étudiant d'origine marocaine interpellé alors qu'il sortait de la mosquée juste après la fusillade.\n  Lundi soir, le Canada a découvert le visage d'Alexandre Buissonnette au sortir de sa première audience au palais de justice de Québec. Penaud, en combinaison blanche, \"il regardait par terre durant le dépôt des accusations\", décrit Radio Canada.  Agé de 27 ans, Alexandre Bissonnette a été interpellé peu après le drame à bord de sa voiture. Sur sa page Facebook, à présent désactivée, il se présentait comme un étudiant en anthropologie et en science politique à l'université Laval, voisine de la mosquée ciblée. C'est le typique 'nerd' [geek] impopulaire\", explique au \"Journal du Québec\" un élève l'ayant côtoyé pendant le secondaire.  #AttentatQuebec ~ Il n'y a qu'un seul suspect pour le carnage à la mosquée : Alexandre Bissonnette qui est détenu https://t.co/uWRD5oxvXE pic.twitter.com/CjlXSpjmnj Pour l'instant, l'Université ne confirme pas qu'Alexandre Bissonnette était un de ses étudiants, précise Radio Canada qui a pu joindre la direction de l'établissement. Eric Bauce, qui en est le vice-recteur exécutif indique n'avoir aucune information quant à l'existence d'un réseau islamophobe actif sur le campus.  Le recteur, Denis Brière, ajoute :  Le suspect occupait aussi un emploi chez Héma-Québec. L'entreprise s'est dite consternée : \"Comme organisation dont la mission première est consacrée au don de vie, ces événements provoquent une onde de choc au sein des membres de l’organisation\".  Après l'attaque, lorsque des photos d'Alexandre Buissonnette ont commencé à circuler dans la presse ou sur les réseaux sociaux, François Deschamps, qui gère la page Facebook du groupe \"Bienvenue aux réfugiés\", l'a immédiatement reconnu. C'était, explique-t-il au quotidien \"La Presse\", un \"troll\" régulier (une personne faisant du harcèlement en ligne). \"Ça faisait un an qu'on le voyait aller\", ajoute-t-il. Il s'en prenait surtout aux groupes féministes, qu'il qualifiait de \"féminazi\".  Plus tard, le collectif \"Bienvenue aux réfugiés\" - Ville de Québec a dénoncé sur Facebook :\"C'est avec douleur et colère que nous apprenons l'identité du terroriste Alexandre Bissonnette, malheureusement connu de plusieurs militants à Québec pour ses prises de positions identitaires, pro-Le Pen et anti-féministes à l'université Laval et sur les réseaux sociaux\".  Relayant régulièrement des déclarations chocs de Donald Trump sur Facebook, Alexandre Bissonnette \"likait\" et redirigeait régulièrement vers le site de Marine Le Pen ou ceux de \"Génération Nationale\", ou d'\"Israeli Defense Forces\".   \"Quand ils [le suspect et son frère jumeau] avaient 14 ou 15 ans, ils se vantaient de créer des virus informatiques pour saboter des réseaux d'entreprises\", précise Stéphanie Guimond, une ancienne camarade de classe du secondaire contactée par le quotidien \"La Presse\". Elle se souvient d'un jeune homme à la \"personnalité antisociale\". \"Les deux frères ne sont pas allés à leur bal de finissants\", ajoute-t-elle. Tous deux vivaient à un kilomètre environ de la grande mosquée de Quebec. Le voisinage, interrogé par Radio Canada, décrit un garçon sage, très tranquille, introverti. Un voisin parle d'un \"jeune qui est renfermé énormément. […] C’était pas des gens [les deux frères] dérangeants, mais c’était pas des gens sociables\".  Aujourd'hui, Alexandre Bissonnette est visé par 11 chefs d'inculpation correspondant aux \"meurtres avec préméditation\" des six fidèles abattus pendant la prière et aux \"tentatives de meurtres avec arme à feu\" pour les cinq blessés graves lors de la fusillade. \"Le directeur des poursuites criminelles et pénales (DPCP) a porté 11 chefs d'accusation à l'encontre d'Alexandre Bissonnette\", a confirmé Jean-Pascal Boucher, porte-parole du DPCP. Les six personnes tuées étaient toutes des Canadiens binationaux, a indiqué Mohamed Labidi, vice-président du Centre culturel islamique de Québec. Un Marocain, deux Algériens, un Tunisien et deux Guinéens ont perdu la vie, a-t-on appris de sources officielles. Ils étaient âgés de 39 à 60 ans, a annoncé le médecin légiste. #AttentatQuebec ~ Les six victimes de l'attaque au Centre culturel islamique https://t.co/5kJXSKKdHh pic.twitter.com/95HLwCLPUA Avec 80 policiers sur place, l'enquête se poursuit afin de rassembler des éléments pouvant mener dans les prochains jours à une inculpation pour \"terrorisme\" et atteinte à la sécurité nationale, a précisé la Gendarmerie royale du Canada (GRC, police fédérale). Alexandre Bissonnette se présentera de nouveau à la cour de justice le 21 février. Il demeurera détenu d’ici là. C.C. L'Obs "}