{"title": "235 morts au sinaï : ce que l'on sait du pire attentat de l'histoire de l'egypte", "newspaper": "NouvelObservateur", "author": ["L'Obs"], "date_publi": "2017-11-24", "theme": "Monde", "content": "Les assaillants avaient visé la grande prière du vendredi. Ils ont fait irruption dans une mosquée fréquentée par plusieurs centaines de fidèles, où ils ont déclenché une explosion avant d'ouvrir le feu sur la foule qui fuyait : le bilan humain de la tuerie de la mosquée de Bir al-Abd, qui n'a cessé d'évoluer au cours de la journée, fait état d'au moins 235 morts et 109 blessés selon la télévision d'Etat égyptienne. Voici les dernières informations disponibles sur le pire attentat de l'histoire contemporaine de l'Egypte. Ce vendredi 24 novembre au matin, près de 500 personnes sont réunies comme chaque semaine dans la mosquée al-Rawdah, dans la ville de Bir al-Abd (40 kilomètres à l'ouest d'Al-Arich, capitale de la province du Nord-Sinaï), pour la grande prière hebdomadaire. Cette mosquée est tenue par des soufis, adeptes d'un courant mystique de l'islam (le soufisme) dénoncé comme hérétique par les djihadistes de Daech. Des conscrits de l'armée égyptienne, qui combat Daech dans la région, font également partie des fidèles.   Un groupe d'hommes armés arrivent à bord de véhicules tout-terrain et entreprennent de bloquer les routes aux alentours. Ils posent une puissante bombe aux abords de la mosquée : son explosion endommage partiellement le bâtiment. Les fidèles, paniqués, tentent de fuir en masse mais sont fauchés par les tirs des assaillants, qui incendient leurs véhicules pour entraver les voies d'accès.   Deadly explosion rips through a mosque in northern #Sinai in #Egypt, killing scores of people pic.twitter.com/52XKoTy4wu Selon certains témoignages, les terroristes ouvrent également le feu sur les ambulances qui arrivent pour emporter les blessés, avant de s'enfuir à l'arrivée des forces de sécurité. Ils sont actuellement recherchés. Au moins 235 personnes ont trouvé la mort, pour l'essentiel des civils, ce qui en fait l'attentat le plus meurtrier de l'histoire contemporaine de l'Egypte. L'attaque n'a pas été immédiatement revendiquée.  Le président égyptien Abdel Fattah al-Sissi, qui a décrété trois jours de deuil national, a promis lors d'un discours télévisé très ferme de répondre avec une \"force brutale\" : Le président américain Donald Trump a lui dénoncé une \"attaque terroriste horrible et lâche\" : \"Le monde ne peut pas tolérer le terrorisme, nous devons vaincre militairement (les terroristes) et discréditer l'idéologie extrémiste qui forme la base de leur existence !\", écrit-il dans un tweet. Dans un message envoyé à son homologue égyptien, le président russe Vladimir Poutine a évoqué une attaque frappante \"par sa cruauté et son cynisme\". Emmanuel Macron a également adressé via Twitter ses \"condoléances aux victimes\".  Égypte - Toutes mes condoléances aux victimes du terrible attentat contre la mosquée de Bir El-Abd dans le Sinaï. \n\n Depuis 2013 et la destitution par l'armée du président islamiste Mohamed Morsi, un groupe djihadiste qui est devenu la branche locale de Daech attaque régulièrement les forces de sécurité égyptiennes dans le nord du Sinaï. De nombreux policiers, soldats et civils ont été tués dans ces attaques. Les djihadistes se tournent de plus en plus vers des cibles civiles, attaquant non seulement des chrétiens et des soufis mais aussi des habitants bédouins du Sinaï accusés de collaborer avec l'armée. La précédente attaque la plus meurtrière en Egypte remontait à octobre 2015, lorsqu'un attentat à la bombe revendiqué par Daech avait coûté la vie aux 224 occupants d'un avion russe après son décollage de Charm el-Cheikh, station balnéaire du Sinaï. T.V. ? L'Obs "}