{"title": "attentat de londres : \"run ! run as fast as you can !\"", "newspaper": "NouvelObservateur", "author": ["Vincent Monnier"], "date_publi": "2017-06-05", "theme": "Terrorisme", "content": "De loin, on pense d’abord à un embouteillage sur le London Bridge. Les uns derrières les autres, six bus à impériale semblent au ralenti. Mais au fur et à mesure qu’on s’approche du pont, les bus, eux, n’ont toujours pas bougé. On comprend alors qu’ils sont en réalité vides et abandonnés, tout comme les véhicules autour, témoignages immobiles de la panique qui s’est emparée samedi soir de ce quartier de Londres. \"Les policiers ont demandé aux passagers et aux chauffeurs de descendre des bus et de courir aussi vite qu’ils pouvaient\", nous explique un badaud. \"Run ! Run as fast as you can !\". James répète la phrase plusieurs fois. Comme s’il s’attendait à tout moment à l’entendre de nouveau prononcer par un des policiers qui bloquent le haut de Borough High Street. Ce samedi, ce jeune vingtenaire à la rousseur toute british passait la soirée dans un pub près du pont, à proximité de l’endroit où les trois terroristes ont abandonné leur camionnette de location, profitant de cette douce soirée de printemps dans ce quartier animé en compagnie de sa fiancée et de deux amis. \"Soudainement, on a vu une femme couverte de sang entrer dans le pub en se tenant le cou avant de s’effondrer devant nous\", raconte-t-il. La clientèle du pub est alors saisie d’effroi.  \n D’après son témoignage, des policiers seraient arrivés presque aussitôt dans le sillage de la femme blessée : Geoff Ho non plus n’a pas vraiment compris ce qu’il se passait. Ce journaliste pour le \"Sunday Express\", par ailleurs expert en arts martiaux, boit tranquillement une bière au Southwark Tavern, un bar où il a ses habitudes, quand il aperçoit le videur de l’établissement ayant maille à partir avec deux individus. Alors qu’il sort lui prêter main forte, il reçoit des coups de couteau au niveau du cou. Même blessé, il pense alors à une simple bagarre. Il publie même un tweet sur son compte à propos de l’incident : Quelques minutes plus tard, il apparaît sur les images de télévision, torse nu, la main couverte de sang se tenant le cou, accompagné par un policier vers les secours. Ses amis s’inquiètent et postent des messages sur les réseaux sociaux. Toujours à l’hôpital, incapable de parler à cause de sa blessure, il fait partie des héros de la soirée. Un policier tentera d’arrêter les assaillants armé d’un simple bâton. Il a été gravement blessé. Un taxi londonien aurait tenté de renverser l’un d’entre eux. En vain. De nouveaux témoignages évoquent les verres, les chaises, les bouteilles lancées sur les terroristes.          Alors que nous sommes devant un barrage policier sur Borough High Street, un groupe d’une demi-douzaine de jeunes portant tous des sacs à dos surgit dans la partie bloquée de l’artère. Ils viennent d’évacuer le Saint-Christopher at the Inn, une auberge de jeunesse située à quelques encablures de London Bridge. Avant de les laisser passer, les policiers vérifient une nouvelle fois leur identité. On aborde alors une des membres du groupe, Breanna, une jeune canadienne de 27 ans, arborant piercing dans le nez et les oreilles, qui voyage en ce moment à travers l’Europe. Elle porte un sac dans le dos, un autre sur le ventre, ce qui donne, dans le contexte, l’air à la jeune backpacker de se balader avec une drôle d’armure. Des bruits de tirs qui déchirent soudainement la nuit. Voilà la première chose dont elle se souvient quand elle nous raconte sa soirée de samedi. Elle était au bar de l’auberge quand les détonations ont retenti. \"Le personnel nous a alors demandé de remonter dans nos chambres et de nous y enfermer, en nous assurant que nous y serions en sécurité\", raconte cette jeune. Quelques minutes plus tard, changement de programme. Le personnel leur ordonne de quitter l’établissement. Une fois dans la rue, ils tombent sur des policiers qui leur intiment l’ordre de déguerpir au plus vite. La jeune femme évoque alors un affolement indescriptible. \"Je n’avais rien. Pas de papier, pas d’argent. C’était la panique. Tout le monde courait, hurlait. J’ai fait comme tout le monde, j’ai couru droit devant moi, pendant près de cinq minutes, je pense, sans savoir où j’allais\".          Quand les terroristes dévalent Stoney Street, armés de leur couteau, Alex Nypels, un jeune serveur de 23 ans d’origine belge s’apprête à fermer la porte de Feng Sushi, le restaurant japonais où il officie. \"On a d’abord cru à une bagarre qui avait dégénéré. Puis en quelques secondes la pression est montée, on a juste eu le temps de fermer la façade du restaurant, de fermer la porte à clé et cinq secondes après, l’agresseur est passé devant nous avec un couteau ensanglanté. Il a tapé à la porte du restaurant en criant 'C’est pour Allah'. On voyait dans ses yeux qu’il voulait juste tuer tout le monde\" raconta-t-il à RTL Info. Ne pouvant pénétrer dans l’établissement, il passera son chemin. Alex Nypels lui éteindra les lumières, se réfugiera avec le reste du personnel et les deux dernières clientes dans les cuisinés, armé de couteaux au cas où. Au même moment, Richard Angell dîne en compagnie de trois amis à l’Arabica, un restaurant oriental, installé juste en face du Feng Sushi. Croisé dans le quartier de London Bridge, ce jeune homme de 33 ans habitant dans l’Est de Londres, chemise oxford bleu, crâne rasée, basket Nike aux pieds, accepte de nous parler à condition qu’on marche en même temps. Il est pressé. Il enchaîne les interviews et doit donner un autre entretien à une chaîne de télévision qui a installé ses caméras un peu plus loin sur Southwark Bridge Road Lui-aussi se souvient de cris dans la rue puis du videur de l’établissement hurlant soudainement à tous les clients de se ruer au fond du restaurant. Richard lève alors la tête de son assiette. \"J’ai vu dans le restaurant d’à côté, le Black and Blue, un client qui lançait des tables sur les assaillants pour empêcher qu’ils s’en prennent à une femme\", nous raconte-il. Il se souvient aussi d’un homme se tenant la poitrine, couvert de sang. Les serveurs de l’Arabica auraient ensuite fermé la porte puis placer des chaises et des tables derrière celle-ci pendant que les clients se repliaient vers l’arrière du restaurant. Après une quarantaine de minutes dans le restaurant, des policiers viendront libérer la trentaine de clients. \"Quand on est sorti dehors, c’était une scène de chaos. Il y avait des chaussures, des mallettes, des effets personnels éparpillés un peu partout sur la chaussée. Du sang, aussi. Des personnes blessées allongées sur le sol\". Lui et ses trois compagnons trouveront refuge chez un ami habitant le quartier. Directeur de Progress, un think tank lié au part travailliste, ce jeune homme ne compte rien changer à ses habitudes : \"Vous à Paris, vous avez continué comme avant. Eh bien moi je continuerai à sortir et à flirter avec des hommes\", nous assure-t-il. Il a même prévu de revenir au restaurant Arabica pour payer son addition. Et laisser un gros pourboire.  Vincent Monnier, à Londres. Vincent Monnier Journaliste "}