{"title": "champs-elysées : \"on se disait que la saison touristique allait redémarrer...\"", "newspaper": "NouvelObservateur", "author": ["Corinne Bouchouchi"], "date_publi": "2017-04-21", "theme": "Economie", "content": "Sur les Champs-Elysées, la pizza Pino est une institution. 500 places avec la terrasse, sur 2 étages. Ouverte tous les jours jusqu'à 5 heures du matin. Habituellement, les clients entrent et sortent dans un joyeux brouhaha. C'est festif, populaire et vivant. Mais ce vendredi 21 avril, au lendemain de l'attaque terroriste qui a frappé la plus belle avenue du monde, le cœur n'y est pas. \"Aujourd'hui, des touristes, on n'en a pas !\", assène, dépité, Imad Choueib, premier maître d'hôtel de la pizzeria. Jeudi soir, avec ses collègues, il a fermé l'établissement à 23 heures, après avoir évacué la clientèle par les issues de secours :  Il ajoute : \"On a perdu aujourd'hui 30 % de la clientèle par rapport à hier. Il n'y a que les gens de bureaux, ceux qui n'ont pas le choix. Et ils ne parlent que de ce qui s'est passé hier. Pourtant, depuis le mois de mars, on sentait que la reprise était là. Et pas seulement parce que c'était les vacances…\"  \n De fait, à Paris, tous les professionnels l'assurent, la reprise était bien là avec un taux d'occupation hôtelière moyen de 66, 6 % en janvier 2017, en hausse de 8,4 points par rapport à janvier 2016 ( source MKG Consulting/Olakala Destination) . Une tendance haussière qui avait l'air de durer. Au mois de mars, selon l'UMIH (Union des métiers et des industries de l'hôtellerie) , le taux d'occupation hôtelière atteignait à Paris 78,2 % (en hausse de 3,8 points par rapport à 2016). Et le moral des hôteliers était au beau fixe: Le nouvel attentat aura-t-il des incidences lourdes sur le secteur ? Personne ne peut l'avancer aujourd'hui. Cette hôtelière dont l'établissement est à deux pas de Notre-Dame espère que la presse étrangère ne présentera pas une nouvelle fois la capitale comme en état de siège: \"Pour l'instant, je n'ai pas d'annulation, mais c'est un peu tôt pour dire quoi que ce soit. Tout dépendra de la manière dont l'événement sera relayé par les médias à l'étranger. Il y a deux mois, une cliente m'a demandé si Le Marais était 'une no go zone'\", sourit-elle, rompue désormais à ce type de remarques: Aujourd'hui, tous les professionnels du secteur espèrent que cette fusillade mortelle ne ternira pas à nouveau l'image de la capitale. A l'office de tourisme de Paris, la consigne est claire : attendre, ne pas en rajouter...Même son de cloche à l'UMIH (Union des métiers et des industries de l'hôtellerie) : pas question de mettre de l'huile sur le feu, le secteur est encore fragile. \"Il est trop tôt pour chiffrer les éventuelles conséquences économiques de cette attaque sur l’activité touristique\", affirme à \"l'Obs\" Roland Heguy, président confédéral du syndicat hôtelier, en mettant en avant les dispositions de sécurité mises en place depuis 2015 par les forces de police et par les professionnels du tourisme, de mieux en mieux formés à ce type d'attaque. Une expérience chèrement acquise après le Bataclan. C'est ce qu'explique Gérard Siad, président du SNEG (syndicat national des entreprises gaies) et vice-président de la branche café, brasserie et établissement de nuit de l'UMIH, chargé des questions de sécurité: Corinne Bouchouchi Journaliste "}