{"title": "code du travail, terrorisme, merkel... les 5 urgences de macron président", "newspaper": "NouvelObservateur", "author": ["Remy Dodet"], "date_publi": "2017-05-07", "theme": "Présidentielle 2017", "content": "Les priorités sont déjà sur la table. Le nouveau président de la République Emmanuel Macron n'a pas encore nommé son Premier ministre, ni composé son premier gouvernement. Mais il a déjà fixé ces dernières semaines sa feuille de route. De sa réforme \"en profondeur\" du droit du travail au chantier de l'école, tour d'horizon des cinq urgences du président Emmanuel Macron.  Après une campagne polluée par les affaires, Emmanuel Macron a un boulevard devant lui pour insuffler davantage d'éthique dans les pratiques politiques. Le nouveau président a prévu de présenter un projet de loi de moralisation de la vie publique. Et ce, avant même les élections législatives, dont le premier tour aura lieu le dimanche 11 juin. Que contiendra-t-il ?Seules les personnes au casier judiciaire vierge pourront se présenter aux élections. Toutes les indemnités des parlementaires seront soumises à l'impôt. Et, mesure phare, il leur sera interdit d'exercer des activités de conseil et d'employer des membres de leur famille. François Fillon et Bruno Le Roux applaudissent déjà.  Frapper vite et fort. Dans la lignée de la loi El Khomri, le nouveau locataire de l'Elysée veut réformer \"en profondeur\" le marché du travail. Et, pour aller vite, Macron veut introduire, dès l'été, un projet de loi d'habilitation qui l'autoriserait, une fois adopté au Parlement, à légiférer par ordonnances. Son idée est de décentraliser les négociations sociales. Les 35 heures seraient conservées dans la loi, mais les entreprises ou les branches pourraient modifier le seuil de déclenchement des heures supplémentaires. Macron dit vouloir associer en amont patronat et syndicats. Mais le suivront-ils ? Le chantier est, dans tous les cas, semé d'embûches. Et constituera le premier test du libéral Macron. \n Surtout qu'une autre mesure, marquée à droite et honnie des syndicats, est déjà prête à sortir des cartons : le plafonnement des indemnités prud'homales en cas de licenciement abusif. Ce point figurait déjà dans la loi Travail au printemps dernier. Mais le Premier ministre d'alors, un certains Manuel Valls, avait dû l'en retirer sous la pression de la rue. Macron tiendra-t-il ? Emmanuel Macron aime beaucoup Angela Merkel. C'est à elle qu'il réserve son premier son coup de fil l'étranger. Et c'est à coup sûr à Berlin qu'il fera son premier voyage de chef d'Etat. Le candidat Emmanuel Macron n'a cessé durant la campagne de défendre l'Union européenne et ce fameux \"moteur\" qu'il entend relancer : le vieux couple franco-allemand. A terme, il rêve de créer un budget, un Parlement et un ministre des Finances de la zone euro. Mais s'il fait ce qu'il a dit qu'il ferait, il commencera, comme il l'a claironné dans \"le Parisien\", par \"remettre sur la table la directive sur les travailleurs détachés\". Et plaidera pour réserver 50% des marchés publics européens aux entreprises européennes. Miser sur l'école primaire et donner plus à ceux qui ont moins. Voilà la philosophie générale que compte appliquer Emmanuel Macron en matière scolaire. Et ce, dès la rentrée 2017. Dans le détail, le président souhaite limiter le nombre d'élèves à 12 dans les classes de CP et CE1 des zones d'éducation prioritaire. Sur le papier, cette réforme concerne 12.000 classes. Sa mise en place serait progressive et commencerait à partir de 2017. En parallèle, les enseignants exerçant dans ces établissements recevront une prime annuelle de 3.000 euros net.  Faire face à la menace. Tout de suite. Le nouveau président convoquera dès qu'il le pourra un conseil de défense. Et comme il l'a répété au lendemain de l'attentat des Champs-Elysées, le 20 avril dernier, Emmanuel Macron mettra sur pied, dès l'été, une \"task force\" contre le terrorisme islamiste qui lui sera directement rattachée. Et dès l'automne, le nouveau chef des armées voudra engager le recrutement de 10.000 policiers et gendarmes supplémentaires et la refonte du renseignement territorial.  Rémy Dodet Remy Dodet Journaliste "}