{"title": "attentat de londres : la piste de birmingham, fief islamiste présumé", "newspaper": "NouvelObservateur", "author": ["Natacha Tatu"], "date_publi": "2017-03-30", "theme": "Terrorisme", "content": "L’imam parle d’une voix forte, une voix brisée par l’émotion. \"J’ai consacré toute ma vie à étudier le Coran, et jamais, jamais, je n’ai lu que tuer des innocents puisse conduire quiconque au paradis. Ces terroristes n’obéissent à aucune religion\", martèle-t-il, adressant \"pensées et condoléances\" aux familles des victimes. \"Nous sommes des citoyens britanniques, nous faisons partie de ce pays. Ne laissons pas ces barbares nous diviser.\" Place Victoria, devant la mairie de Birmingham, ils sont des dizaines de représentants de la communauté musulmane, la mine grave, sous la large bannière \"NOT IN OUR NAME\" – pas d’innocents tués \"en notre nom\", au prétexte de l’islam. L’appel a été lancé par l’association des \"musulmans contre le terrorisme\" au lendemain de l’attentat de Westminster, qui a coûté la vie à quatre personnes, et en a blessé quarante autres, ce 22 mars. L’attaque revendiquée par Daech, via son agence de presse Amaq, est la plus meurtrière en Grande-Bretagne depuis les attentats du métro de Londres en 2005, qui avaient fait 52 morts.  Ce samedi midi, sous ce premier soleil printanier, femmes en hijab, hommes en kamis, beaucoup sont venus en famille dire leur peine et leur colère. \"Nous sommes dévastés\", soupire Nursat, 37 ans, originaire du Pakistan, venue avec sa fille Natacha Tatu Journaliste "}