{"title": "terrorisme, droits de l'homme, ue... ce qu'il faut retenir de la conférence de presse de macron et erdogan", "newspaper": "NouvelObservateur", "author": ["L'Obs"], "date_publi": "2018-01-05", "theme": "Monde", "content": "Ton cordial mais ambiance tendue. Emmanuel Macron et le président turc, Recep Tayyip Erdogan, se sont exprimés ensemble vendredi 5 janvier lors d'une conférence de presse commune. La visite du chef d'Etat turc en France – un tête-à-tête suivi d'un déjeuner – était la plus importante dans un pays de l'Union européenne depuis le putsch manqué du 15 juillet 2016 et la purge qui a suivi. Parmi les sujets abordés ce vendredi, la coopération en matière de terrorisme et de migrations, la candidature turque pour l'Union européenne, les échanges économiques et les droits de l'Homme. \"L'Obs\" fait le point sur ce qu'il faut en retenir.  \n Sujet à fort enjeu pour les deux présidents, la coopération franco-turque contre le terrorisme a été saluée de part et d'autre. \"Notre coopération [...] est à mes yeux exemplaire\", s'est ainsi réjoui le président français. Il a aussi assuré travailler pour démanteler \"financièrement\" le PKK (Parti des travailleurs du Kurdistan), considéré \"comme une organisation terroriste\" non seulement par la Turquie, mais aussi sur le sol français, a affirmé Emmanuel Macron. Sur la question de l'avenir de la Syrie, une fois la guerre contre Daech terminée – ce qui devrait intervenir \"dans quelques semaines\", a répété Emmanuel Macron – les deux présidents ont affirmé leur volonté d'aider à \"construire la paix et la stabilité en Syrie\" en fonction des souhaits du peuple syrien. Mais l'ambiance s'est singulièrement tendue durant plusieurs minutes lorsqu'un journaliste français a demandé à Recep Tayyip Erdogan s'il \"regrettait\" d'avoir livré des armes à des groupes islamiques en Syrie au début du conflit. Question du journaliste @laurentrichard0 sur les livraisons d'armes turques en Syrie. Réponse très agressive d'Erdo?an qui l'accuse de \"parler la langue de FETÖ\". #Turquie #France pic.twitter.com/pkX940zY9O Le président turc a aussi tenu à mettre en garde ses \"amis\" à propos des Kurdes syriens : les forces kurdes en Syrie, qui participent à la lutte contre Daech, sont \"une annexe PKK\" et ne doivent pas être considérées \"comme de [notre] côté\", a martelé le président turc. Recep Tayyip Erdogan a enfin regretté que l'UE ne participe pas plus à l'aide financière aux migrants en Turquie, où sont réfugiés plus de trois millions de Syriens.  Abordé en dernier par Emmanuel Macron, le sujet des droits de l'Homme était très attendu par les ONG françaises, notamment Reporters sans frontières. Si Emmanuel Macron s'est montré diplomatique avec le président turc, assurant comprendre et partager sa volonté de lutter contre le terrorisme, il a assumé avoir des \"divergences de vue sur les libertés individuelles\". Des \"listes de noms\" de journalistes menacés en Turquie et de terroristes présumés en France ont été échangées entre les deux présidents, ont reconnus les deux chefs d'Etat. Emmanuel Macron a néanmoins évoqué le \"dialogue fructueux\" qui a permis par le passé la libération du photo-reporter Mathias Depardon et celle de l'étudiant en journalisme Loup Bureau. De son côté, le président turc a accusé les journalistes d'être des \"jardiniers du terrorisme\", au lieu d'\"hommes de pensée\". Erdo?an évoque les \"jardiniers du terrorisme\", \"hommes d'idées qui écrivent dans leurs journaux et un jour se révèlent comme des terroristes\". #Turquie #France pic.twitter.com/Sx62SLfFes Ce qu'a démenti Emmanuel Macron, à l'invitation d'une journaliste de LCI/TF1 qui lui demandait de commenter cette expression. \"Les évolutions récentes et les choix [de la Turquie, NDLR] ne permettent aucune avancée sur la candidature engagée\", a assumé Emmanuel Macron sur la question de la candidature de la Turquie à l'Union européenne, déposée en 1987. Tout en reconnaissant qu'il fallait \"lister les sujets qui sont bloquants\". De son côté, le président Erdogan n'a pas semblé particulièrement attaché à la candidature européenne. Le président français a en revanche proposé une \"coopération, un partenariat\" avec la Turquie \"pour préserver l'ancrage de la Turquie et du peuple turc dans l'Europe\". Et a souhaité que la Turquie reste membre de la Cour européenne des droits de l'Homme (CEDH), qui regroupe notamment les membres de l'UE. Sur ce sujet là au moins, les deux présidents étaient au diapason. Emmanuel Macron et Recep Tayyip Erdogan se sont réjouis des liens économiques qui unissent leurs deux pays dans le domaine agricole ou aéronautique – des échanges à hauteur de 13,38 milliards de dollars en 2016, selon les chiffres d'Ankara.  Ils ont aussi souligné que ces derniers avaient \"encore un important potentiel de développement\", selon les mots d'Emmanuel Macron.  Avant leur allocution commune, la signature de plusieurs contrats a d'ailleurs été mise en scène pour les caméras. M.G. L'Obs "}