{"title": "tony walsh, poète de manchester : \"oui, notre ville est spéciale\"", "newspaper": "NouvelObservateur", "author": ["Lucas Burel"], "date_publi": "2017-05-24", "theme": "Monde", "content": "De l'autre côté de la Manche, les vers de Tony Walsh, récités mardi soir 23 mai face aux milliers de mancuniens, réunis au Albert Square, sont devenus le symbole de la résilience de la ville et de l'unité du pays autour d'elle, après l'attentat à l'Arena de Manchester qui a tué 22 personnes lundi soir. \"L'Obs\" a rencontré le poète mancunien Tony Walsh, auteur de l'ode \"This is the Place\" et amoureux de sa ville. Interview.  Votre poème \"This Is The Place\" résume parfaitement le \"fighting spirit\" de Manchester. L'avez-vous écrit spécialement après l'attaque terroriste de l'Arena ?\n Non, je l'ai écrit il y a trois ou quatre ans. A l'époque je voulais rendre hommage à l'œuvre de charité \"Forever Manchester\" et au travail de terrain qu'elle assure ici depuis tant d'années. J'avais essayé de résumer l'esprit de cet endroit, la résilience et l'attitude digne de ce peuple. Mais avec les derniers événements tragiques, certains vers ont pris une signification encore plus forte et sont entrés en résonance avec ce que vivent les Mancuniens depuis lundi soir. Vous avez évoqué la \"force\" et la \"solidarité\" des Mancuniens.  Quelle est la particularité de cette ville ? Nous aimons à penser que notre ville est spéciale. Manchester a donné au monde sa première grande ville moderne, le berceau de la révolution industrielle, le cœur du commerce du coton. La ville a abrité la première gare ferroviaire, c'est ici qu'ont été créés les premiers ordinateurs, etc. Nous avons tant donné, en termes d'art, de musique, d'innovation, de sciences. Nous sommes surtout une ville de diversité qui a toujours accueilli des gens du monde entier, chacun avec leur histoire – je suis moi-même à moitié irlandais. Nous sommes fiers de cette diversité, de cette tolérance, du fait d'être indépendants, d'être anticonformistes. La ville a déjà fait face à tant d'épreuves mais elle s'est à chaque fois relevée. C'est comme cela que nous allons vaincre cette nouvelle tragédie, comme des Mancuniens. En tant qu'artiste, vous avez fait le choix de lire votre poésie lors de la veillée mardi soir. Quel rôle l'art peut-il jouer dans de telles circonstances ? Malheureusement, comme à Paris avec le Bataclan, c'est l'art et la culture qui ont été attaqués à Manchester. Les terroristes visent ce que nous avons de meilleur, notre capacité à célébrer la culture, dans des concerts avec nos amis, dans des stades entourés d'inconnus, notre envie de profiter ensemble de ce que les artistes ont à offrir. S'attaquer à cela est un affront à la décence, parce que cela résume qui nous sommes. Propos recueillis par Lucas Burel, envoyé spécial à Manchester Lucas Burel Journaliste "}