{"title": "désormais, nous serons gouvernés par la peur et les bons sentiments", "newspaper": "NouvelObservateur", "author": ["Jacques Drillon"], "date_publi": "2016-07-15", "theme": "Idées", "content": "Ce n’est pas la fin du monde, mais peut-être la fin de la guerre. La guerre n’est plus nécessaire. Il suffit de tirer le plus vite possible, sur un maximum de gens, et au bon endroit. Une centaine de types déterminés, et la Belgique se bloque plusieurs jours, et la France, et la Tunisie, les alliances internationales se renversent, les chefs d’Etat s’agitent comme des malades, et le Malin ricane. Quand ces cent déments seront cent mille, demain, le monde entier sera en «état d’urgence», et le Malin se tordra de rire. Ce ne sont pas des islamistes radicaux qui ont tiré au Bataclan. Ceux-là, Al-Qaeda, on les connaît: ils détestent la musique, les femmes, l’alcool, la liberté. Ils savent le Coran par cœur, font de la politique, et se précipitent avec des avions sur des tours américaines pleines d’agents de change.  Ce n’est pas Daech non plus qui a tiré au Bataclan, mais une poignée de petits crétins qui n’ont jamais mis le nez dans le Coran, mangent du porc, écoutent du rap et fument des joints. Daech exploite leur rancoeur, leur honte et leur frustration; ils crient le nom d'Allah en défouraillant comme ils crieraient «mort aux vaches!» ou «Montjoie Saint-Denis!»\n Cela fait longtemps qu’ils n’ont plus de pays, ni Arabie Saoudite, ni Syrie, ni Califat. Ils sont de partout, de toute la planète, c’est la bêtise alliée au malheur, à l’ennui et à la pauvreté. La veille, ils écoutaient de la musique, au Bataclan, comme tout le monde. Hasna Aït Boulahcen, la jeune fille qui a explosé à Saint-Denis, ne rêvait pas de sourates, elle rêvait de faire la une de «Closer», et de partir «en turkie», comme on va aux Seychelles. Ils sont illettrés, ils n’ont pas de travail, ils sont inutiles, n’ont pas de chien à bastonner, pas de femme à battre, pas de patron dont ils pourraient déchirer la chemise. Ils ne servent à rien, et le savent. Alors toute la violence qui est en eux, pour peu qu’on leur dise quoi en faire, ne demande qu’à exploser, par exemple dans les rues de Paris. On leur a dit qu’Allah serait fier d’eux. Enfin quelqu’un qui les comprend ! Appelez-le Allah, qu’importe. Olivier Roy l’a dit dans une formule parfaite: «Il ne s’agit pas de la radicalisation de l’islam, mais de l’islamisation de la radicalité.» Alors qu’ils sont ici, là, partout, qu’ils sont des millions, des centaines de millions dans le monde, exaspérés par la succession hargneuse et méthodique des promesses non tenues et des espoirs piétinés, on est allé pilonner Daech. On ne pouvait pas ne pas pilonner Daech, même si l’on savait que cela ne ferait qu’aggraver les choses. Nous sommes condamnés à répondre à côté, à tirer à côté. C’est désormais notre destin. C’est sur cette damnation nouvelle que s’est construite Marine Le Pen, la réponse-à-tout. Elle ricane aussi, la Maligne. Je suis sans travail ? je vote pour elle. Je suis seul ? je vote pour elle. Ma femme me trompe ? je vote pour elle. Mon patron m’a humilié ? je vote pour elle. «Le Monde» titre: «Après les attentats, le FN en position de force.» On traitait les Arabes comme des chiens, les musulmans comme des chiens, les Beurs comme des chiens, les pauvres comme des chiens: on a eu le Bataclan ; il est clair que Marine Le Pen les traitera beaucoup mieux, avec amour, et saura calmer leur haine… Donc, des Français mitraillent le Bataclan ? je bombarde la Syrie. Les chefs d’Etat ne sont ni des imbéciles ni des salauds, seulement ils font ce qu’ils peuvent: le pire. Ils savent bombarder, voter des crédits, envoyer des porte-avions. Ils le font. Ils ont très bien compris, il n’en faut pas douter, que l’ennemi n’est pas à nos portes, mais dans nos villes: ils ferment donc les frontières ! Ils l’annoncent, le proclament sans honte. Ils sont graves et sérieux. Ils répondent à côté, mais ils répondent. Pour faire passer cette incohérence fatale, la rendre acceptable, il faut réaliser la Grande Unité Nationale. Grâce à elle, des citoyens libres réclameront de la police, de l’armée, du renseignement. Les citoyens libres seront surveillés. Création de fichiers, de bases de données connectées entre elles. (Depuis 2014, les Etats-Unis autorisent la pose de puces sous-cutanées radio-détectables. Pour les malades, officiellement; mais le Mexique en a déjà fait poser plusieurs centaines sur des fonctionnaires.) Internet, les réseaux sociaux, les téléphones, seront piratés par l’Etat, à la demande des citoyens libres. On sait que les terroristes évitent de passer par ces canaux, qu’ils ont des réseaux parallèles et sécurisés (le darknet): cela ne fait rien. Répondre à côté, mais répondre. On sait que trop de données circulent pour être analysées: rassemblons-les toujours. Organisons de grands rassemblements, organisons la solidarité, la commisération. Multiplions les «cellules de soutien psychologique», généralisons le bleu-blanc-rouge – au métro Cadet, les sièges sont bleu-blanc-rouge, sous les caméras de surveillance. Nous avions vu, après Charlie, comment les bons sentiments pouvaient désamorcer les bombes sociales. Nous avions acclamé les CRS qui, la veille encore, nous aspergeaient de gaz lacrymogène – et ont recommencé depuis. Nous savons coudre du bleu-blanc-rouge sur nos vêtements, faire des minutes de silence, baisser le ton le reste du temps. Il s’est présenté trop de volontaires aux dons de sang, et, l’apprenant, nous avons tous ressenti une chaude compassion nous envahir le cœur, un mélange dégoûtant de pitié et de fierté, comme lorsque nous faisons l’aumône à ceux qu’on n’ose plus appeler des mendiants, et en sont pourtant. Le président Hollande nous a exhortés: des drapeaux partout, à toutes les fenêtres! Et nous le faisons. Nous sommes devenus des virtuoses des bons sentiments. Personne sur la terre ne sait déposer un bouquet comme nous. Désormais, nous serons gouvernés par la peur et les bons sentiments. Ils sont comme tenon et mortaise, ils sont le bâton merdeux que la vie sera devenue. Nous devons l’empoigner résolument. Aujourd’hui, nous pouvons mettre une date sur le premier coup mortel porté à la civilisation: Treize Novembre Deux Mille Quinze. Tout ce qui a précédé, depuis trente ou quarante ans, n’était que préparatifs maladroits. Ce jour-là, il y a quelques semaines, nous avons signé sa condamnation: nous étions visés jusqu’alors comme citoyens, gouvernés plus ou moins bien; nous n’avions à supporter que le mensonge, la prévarication, l’incompétence. Aujourd’hui, c’est la vie humaine elle-même qui est en danger («danger potentiel», comme ils disent), en tant qu’elle s’est organisée en sociétés civilisées, et c’est tout simplement notre peau qu’il faudrait sauver, si nous le pouvions. Ces actes de violence gratuite, on les a nommés «attentats» pour pouvoir parler de guerre, et aller conséquemment bombarder quelqu’un quelque part. On truque le vocabulaire, on l’a toujours fait. Aux Etats-Unis, on nomme cela «tuerie», parce qu’il faut pouvoir incriminer la vente libre des armes à feu, comme s’il ne s’agissait que de cela. Et il y en a presque une par jour: 294 depuis le début de l'année ont fait plus de quatre morts. Elles vont se multiplier, ces «tueries» nommées attentats, c’est l’évidence, comme, sur fond de trafic de drogue intensif, se multiplieront les tempêtes et les alertes à la pollution, les migrations écologiques massives, les batailles pour l’eau. Incapables de nous entendre en Europe sur des questions extrêmement simples (la fiscalité, par exemple), comment pourrions-nous résoudre le problème du terrorisme, né de mille carences politiques, économiques et intellectuelles, où interviennent mille factions, et s’opposent autant d’intérêts divergents ? La presse, qui a emboîté le pas du gouvernement avec une désespérante unanimité, jouant un rôle fondamental dans l’instauration des bons sentiments obligatoires, et l’établissement d’un lexique militaire censé rendre compte d’une brutalité chimiquement pure et socialement compréhensible, a trouvé depuis Charlie et le Bataclan une formule de titre passe-partout: «Ce que l’on sait de…» De tel terroriste, de telle victime, de tel groupe actif… Qui osera créer une rubrique régulière qui aurait pour titre: «Ce que l’on sait de notre avenir»? Jacques Drillon  Rectificatif (2 décembre 2015, 23h17): A ce jour, 354 «tueries» aux USA depuis le début de l'année.  Jacques Drillon Journaliste "}