{"title": "terrorisme en europe : \"les services secrets doivent mieux coopérer\"", "newspaper": "NouvelObservateur", "author": ["Caroline Michel"], "date_publi": "2017-08-23", "theme": "Terrorisme", "content": "Gilles de Kerchove coordonne aussi les politiques européennes en matière de déradicalisation et de cybersécurité. Entretien. La coordination européenne contre le terrorisme a été créée en 2004, à la suite des attentats de Madrid. Treize ans après, quel chemin a été parcouru ?  Un chemin considérable. Quand j’ai été nommé, en 2007, la majorité des Etats n’était pas convaincue de la valeur ajoutée de l’Europe pour la prévention du terrorisme. Dans ce domaine, l’Union a toujours agi à chaud. L’attentat de Munich en 1972 a jeté les bases de la coopération policière en Europe, le détournement d’un avion d’Air France au départ d’Israël en 1976 a jeté celles de la coopération judiciaire, qui ont conduit plus tard à la création d’Europol et d’Eurojust. Avec les attentats de Paris et de Bruxelles, en 2015, cette coordination a pris une ampleur jamais atteinte. Manuel Valls et Bernard Cazeneuve ont joué à fond la carte européenne. Ils ont fourni des terabits de données informatiques à Europol. Cela dit, la communauté du renseignement éprouve encore des réticences à travailler étroitement avec Europol. C’est-à-dire ?  Europol est une plateforme d’échange et d’analyse d’informations pour les polices, les gendarmeries et les douanes. En théorie, Europol pourrait aussi recueillir des informations en provenance des services de renseignement. Ce n’est pas encore suffisamment le cas. Attention : je ne vous dis pas que Caroline Michel Journaliste "}