{"title": "attentat terroriste : \"ce soir, le monde entier supporte manchester\"", "newspaper": "NouvelObservateur", "author": ["Lucas Burel"], "date_publi": "2017-05-24", "theme": "Terrorisme", "content": "\"C’est terrible car normalement Albert Square, c’est l’endroit où la ville célèbre les titres de United et de City. Aujourd’hui c’est devenu un lieu de deuil où on vient pleurer nos morts\", résume Sean, la vingtaine, l'accent à couper au couteau et un maillot des Red Devils sur le dos. Comme des centaines de Mancuniens depuis lundi, il est venu déposer un bouquet ou un petit mot devant l’Hôtel de ville, où s’est improvisé un mémorial en hommage au 22 victimes de l’attentat terroriste qui a frappé l’Arena de Manchester. Dans ce nord de l’Angleterre où les fans de football choisissent leur club dès le berceau pour ne plus en changer, un hasard cruel – ou heureux, c’est selon – veut que Manchester United, un des deux clubs locaux, affronte l’Ajax Amsterdam ce soir en finale de Ligue Europa. S’il est impossible d’oublier la tragédie, la ville toute entière fait bloc derrière l’équipe.  Non loin d’Albert Square, le Old Nags Head se remplit doucement. Planqué dans une ruelle qui débouche sur la place envahie par les caméras de télévision, l’endroit se targue d’être le véritable QG des fanatiques de United. Chris, le chef de la sécurité, - 2 mètres, au moins 120 kilos sur la balance - espère que les Mancuniens seront au rendez-vous, en dépit du contexte : \"On ne peut pas s’arrêter de vivre car c’est ce que les terroristes veulent\", répète-t-il, accoudé au bar. Autour de lui, des photos de George Best, éternel numéro 7 du club, grand amateur de call girls et de picole.\n\"Bien sûr, il y a des larmes et de la colère, la communauté est touchée, nous avons tous des amis dont les enfants se trouvaient au concert. Mais plus que jamais, ce match et le sport seront une célébration de la vie\", dit-il.\n A Manchester, où l’impossibilité de supporter en même temps City et United fait loi, la tragédie de l’Arena a réuni les amateurs de football dans le même deuil, loin des querelles de maillots, entre les \"Blue\" et les \"Red\". Les supporters de City sont les bienvenus au Old Nags Head. \"On est Mancuniens avant d’être supporters\", assure Chris. Impensable dans des circonstances différentes. Autour de Cross Street, à quelques dizaines de mètres des barrages de police installés autour de la zone de l’attentat, les premiers buveurs de pintes de la journée s’affichent sur les terrasses, au pied des lourds murs de briques. Le crâne rasé, Sean, montre fièrement ses tatouages à la gloire de United et de son antre, le stade d’Old Trafford, situé au sud de la ville. \"J’ai roulé depuis Birmingham pour assister à la finale depuis Manchester. Pour montrer ma solidarité avec cette ville. Toute l’Angleterre fait front. Le monde entier supportera Manchester ce soir.\" A deux pas du \"City Council\", devant la statue de l’église Saint-Anne, les anonymes se relaient pour maintenir les flammes des bougies et s’avancent tour à tour pour se recueillir sans un mot. Un maillot de football a été placé au pied du monument, au milieu des fleurs et des dessins d’enfants. \"Ils doivent gagner, pour les victimes\", insiste Mickael, un étudiant basé à Liverpool, rivale du nord et ennemie jurée de l’ancien club d’Eric Cantona. Jann, la patronne du Grey Horse, fan de Manchester City, confirme : ce soir elle sera derrière les Red Devils : \"Juste pour une fois\", explique-t-elle, alors qu’en face de son pub, de l’autre côté de Portland Street, un écran géant lumineux affiche le message \"We Love Manchester\". A côté d’elle, son seul client consulte frénétiquement le site du \"Manchester Evening News\" pour suivre les derniers développements de l’enquête : \"Tu as vu, la police a fait une descente dans un appartement sur Granby Road. C’est seulement à deux rues…\" Les supporters feront-ils la fête si United est sacré ? Jann n’y croit pas vraiment. \"Peut-être, mais alors dans le calme. La police a suffisamment de boulot déjà. N’allons pas les déranger…\" De notre envoyé spécial Lucas Burel Lucas Burel Journaliste "}