{"title": "attentats : \"les services de renseignement rechignent à partager leurs sources\"", "newspaper": "NouvelObservateur", "author": ["L'Obs"], "date_publi": "2015-11-20", "theme": "Attentats terroristes à Paris", "content": "Pour Louis Caprioli, ex-patron de l’antiterrorisme à la DST de 1998 à 2004, la coopération des services de renseignement en Europe progressera si les mentalités changent. Interview.  A observer l’enquête en cours sur les attentats de Paris, on constate que la coopération entre les services de lutte antiterroriste de pays européens comme la France et la Belgique n’est pas parfaite… -Elle n’est pas parfaite, c’est vrai, mais il ne faut pas noircir le tableau. Elle fonctionne. Les échanges d’informations sont organisés par les accords qui lient les pays membres du club de Berne. Cette institution, créée en 1971, permet à 28 pays européens, mais aussi au Canada, aux Etats-Unis, à l’Australie ou encore à Israël, de partager leurs expériences et leurs données. En matière de recherche aussi, il existe des protocoles d’accord. Si la police d’un Etat suit un individu qui franchit une frontière, il peut alerter aussitôt le service de l’autre pays qui prend en charge le suivi de l’individu. Bref, la lutte contre le terrorisme n’est pas neuve, les services échangent depuis longtemps, et les hommes politiques qui promettent d’améliorer la coopération font de la communication, et même de la politique, pour rassurer leur population, mais ils n’inventent rien. A vous entendre, il n’y aurait rien à changer ? - Si, bien sûr. Le système peut être amélioré, même si les réformes ne peuvent être que limitées dès lors que l’Unio L'Obs "}