{"title": "manuel valls : \"ce que je dénonce, c’est le poison salafiste qui ronge l'islam\"", "newspaper": "NouvelObservateur", "author": ["Carole Barjon, Sara Daniel et Mathieu Delahousse"], "date_publi": "2017-10-28", "theme": "Politique", "content": "Vous êtes d’origine catalane. Comment réagissez-vous à ce qui se passe en Catalogne ?  Je suis inquiet car je sais la société catalane et chaque famille très divisées, alors que, pourtant, la Catalogne bénéficie d’un statut d’autonomie sans égal en Europe. Mais ni l’Espagne ni l’Europe ne peuvent accepter la violation d’une Constitution démocratique. L’indépendance est une impasse. On ne joue pas avec les frontières car tout est possible et l’histoire est tragique. Nous devons soutenir le gouvernement espagnol dans cette épreuve. J’espère que le dialogue et le bon sens l’emporteront. Emmanuel Macron a annoncé la semaine dernière son plan pour la sécurité. Est-il à la hauteur des enjeux de la situation française ?  Parce que j’ai dû faire face au terrorisme et que j’ai une haute conception de la République, je me dois de soutenir l’action d’un gouvernement qui est et qui sera malheureusement confronté aux mêmes défis que j’ai dû affronter : une menace terroriste toujours présente, la radicalisation de milliers de jeunes, une idéologie totalitaire toujours à l’œuvre. Malgré les lourdes défaites de l’Etat islamique au Levant, le djihadisme prendra d’autres formes, en Asie, en Afrique, en Europe… Et en France, il peut frapper à tout moment. La réponse du président est la bonne.  Que pensez-vous de la réaction du gouvernement après les dysfonc Carole Barjon, Sara Daniel et Mathieu Delahousse "}