{"title": "attentat dans le métro de londres : les autorités lancées dans une \"chasse à l'homme\"", "newspaper": "NouvelObservateur", "author": ["L'Obs"], "date_publi": "2017-09-15", "theme": "Terrorisme", "content": "Une \"chasse à l'homme\" était en cours vendredi après l'explosion d'une bombe artisanale dans une station du métro de Londres, un attentat revendiqué par l'Etat islamique qui a fait 29 blessés en libérant une \"boule de feu\" dans une rame à l'heure de pointe.   L'attentat - le cinquième en six mois au Royaume-Uni - s'est produit vers 08h20 (07h20 GMT), en pleine heure de pointe, dans la station de Parsons Green, située dans un quartier aisé du sud-ouest de Londres.\n Il a été revendiqué par le groupe Etat islamique (EI) dans un communiqué diffusé par son agence de propagande Amaq sur les réseaux sociaux. Le Royaume-Uni a relevé vendredi son niveau d'alerte terroriste au niveau maximum. Le groupe djihadiste s'était déjà attribué la paternité de plusieurs autres attaques commises ces derniers mois au Royaume-Uni et en Europe. \"Il y a eu une explosion\", a dit à la presse le commandant de l'unité antiterroriste de la police de la capitale, Mark Rowley. \"Nous considérons qu'il s'agit de la détonation d'un engin explosif artisanal\", a-t-il ajouté. \"Une chasse à l'homme est en cours\" pour retrouver le ou les auteurs de l'attentat, qualifié de \"terroriste\" par la police, a annoncé sur LBC Radio le maire de Londres, Sadiq Khan. La police a précisé dans un communiqué que son unité de contre-terrorisme procédait à des \"investigations rapides pour identifier les responsables\", ajoutant toutefois qu'\"aucune arrestation\" n'avait pour l'heure été effectuée. Dans un bilan actualisé, les services de santé ont fait savoir que 29 blessés, dont aucun grièvement atteint, avaient été traités à l'hôpital, \"la plupart\" pour des brûlures selon Mark Rowley. Le Royaume-Uni a relevé vendredi son niveau d'alerte terroriste au niveau maximum et annoncé le déploiement de militaires sur des sites clés, après l'attentat revendiqué par le groupe Etat islamique qui a fait 29 blessés dans le métro de Londres. Le niveau d'alerte a été relevé de \"grave\" à \"critique\", a indiqué la Première ministre britannique Theresa May dans un message télévisé, ce qui signifie qu'un attentat est \"imminent\". La même mesure avait été prise pendant plusieurs jours après l'attentat de Manchester le 22 mai dernier.  Ce niveau avait jusqu'ici été maintenu à \"grave\", signifiant qu'un attentat était \"hautement probable\". La cheffe du gouvernement britannique a aussi indiqué que des militaires seraient déployés \"sur certains sites protégés qui ne sont pas accessibles au public\". Plus de policiers seront par ailleurs mobilisés dans les transports publics. \"Le public verra plus de policiers armés dans le réseau de transport public et dans nos rues\", a assuré Theresa May. \"C'est une mesure proportionnée et sensée qui apportera davantage d'assurance et de protection pendant que l'enquête se poursuit\". Des photos diffusées sur Twitter montraient un seau blanc en train de brûler mais peu abîmé, dans un sac de congélation de supermarché LIDL à l'intérieur d'un wagon du métro, à proximité des portes automatiques, et dont sortaient des fils électriques. Cela suggère que \"'l'explosion' n'a que partiellement réussi\", a estimé Hans Michels, professeur d'ingénierie chimique à l'Imperial College de Londres, dans un communiqué. Louis Hather, 21 ans, qui se rendait à son travail et se trouvait dans la rame, a décrit à l'AFP \"des gens qui criaient et se précipitaient dans les escaliers\". Blessé à la jambe dans la bousculade, il a réussi à sortir dans la rue où \"des gens pleuraient. Ça sentait le plastique brûlé\", a-t-il raconté, très choqué, parlant aussi d'\"une femme amenée sur un brancard dans une ambulance avec des brûlures sur tout le corps\". Les environs de la station ont été bouclés par la police, qui a installé un cordon de sécurité et posté des hommes équipés de fusils d'assaut. Le maire de Londres a condamné les \"individus ignobles qui tentent d'utiliser le terrorisme pour nous toucher et détruire notre mode de vie\". Donald Trump a, quant à lui, dénoncé sur Twitter des terroristes \"ratés\", affirmant qu'ils avaient été repérés par Scotland Yard avant l'attaque. De quoi fâcher Theresa May, qui a dénoncé des conjectures \"d'aucune aide\". Another attack in London by a loser terrorist.These are sick and demented people who were in the sights of Scotland Yard. Must be proactive! Le président américain a ensuite appelé Theresa May pour lui présenter ses condoléances, selon Downing street. (avec AFP) L'Obs "}