{"title": "attentat des champs-elysées : \"chance\", \"bonne étoile\"... les gendarmes témoignent", "newspaper": "NouvelObservateur", "author": ["L'Obs"], "date_publi": "2017-06-23", "theme": "Terrorisme", "content": "Ce sont des paroles rares. Europe 1 a diffusé ce vendredi matin le témoignages d'un des gendarmes présents sur les Champs-Elysées lors de la tentative d'attentat opérée par Adam Dzaziri le 19 juin à Paris.    \"Je me dis clairement 'on a eu de la chance'\", résume, anonymement, le militaire, qui explique que le caractère terroriste de l'incident n'a pas tout de suite été détecté. Sur franceinfo, un autre gendarme, l'adjudant-chef David, explique que c'est lui qui a sorti Adam Dzaziri du véhicule en feu. Il se rappelle que tout s'est passé \"très rapidement\".\n  Depuis le fourgon, qui a été percuté par le véhicule du terroriste, le gendarme interrogé par Europe 1 a directement assisté à l'attentat raté : \"Il vient frapper le véhicule à mon niveau, je lui parle à travers la portière, je l'ai directement devant moi.\"  Mais dans un premier temps, le gendarme pense avoir affaire à \"un accident de voie publique\". \"Il y a un embrasement complet du véhicule. Je descends rapidement pour essayer de secourir la personne qui était à l'intérieur\", raconte le gendarme. \"Lors d'une vérification pour essayer d'identifier qui était cette personne, c'est à ce moment qu'il est découvert sur lui un pistolet automatique et donc on prend les dispositions nécessaires à la préservation de la zone et l'évacuation de la foule.\" \"Ça s'est passé très rapidement. On n'a pas eu le temps de réfléchir à quoi que ce soit d'autre\", confirme l'adjudant-chef David, au micro de franceinfo ce vendredi matin. \"J'ai fracturé la vitre à l'avant et j'ai essayé de rentrer dans la voiture\", témoigne-t-il, après avoir avoir vu la Renault Mégane blanche du terroriste taper son fourgon puis s'embraser :   Une hypothèse attestée par l'arsenal dont disposait le terroriste, au moment de l'attaque mais également à son domicile. \"L'arsenal découvert dans le véhicule atteste en effet de l'ampleur de l'action terroriste projetée qui, si elle avait abouti, aurait pu avoir des conséquences humaines dramatiques\", a assuré le procureur de Paris, François Molins, lors d'une conférence de presse jeudi.  Il a évoqué \"un passage à l'acte terroriste\" qui, s'il n'a pas fait d'autre victime que lui-même, n'en \"demeure pas moins mortifère\". Néanmoins de nombreuses zones d'ombres persistent sur le mode opératoire et la personnalité de l'assaillant.   L.B. L'Obs "}