{"title": "attentat dans le métro de londres : un suspect de 18 ans arrêté par la police", "newspaper": "NouvelObservateur", "author": ["L'Obs"], "date_publi": "2017-09-16", "theme": "Terrorisme", "content": "La police britannique a annoncé ce samedi avoir procédé à \"une arrestation importante\" en lien avec l'attentat à la bombe artisanale qui a fait 30 blessés dans une station de métro de Londres, la veille en pleine heure de pointe. \"Nous avons fait une arrestation importante dans notre enquête ce matin\", a indiqué la police dans un communiqué. Le suspect, un homme de 18 ans, a été arrêté samedi matin par la police du Kent (sud-est de l'Angleterre) \"dans la zone portuaire de Douvres\" en lien avec des faits \"terroristes\", a précisé la police.  Le port de Douvres est un point de transit vers l'autre rive de la Manche, notamment les ports français de Calais et belge d'Ostende.\n Le suspect était maintenu en garde à vue dans un poste de police local avant son transfert \"vers un poste de police du sud de Londres en temps utile\", a ajouté la police. Une \"chasse à l'homme\" était en cours depuis vendredi. L'attentat - le cinquième en six mois au Royaume-Uni - s'est produit vers 8h20 (07h20 GMT), en pleine heure de pointe, dans la station de Parsons Green, située dans un quartier aisé du sud-ouest de Londres. Il a été revendiqué par le groupe Etat islamique (EI) dans un communiqué diffusé par son agence de propagande Amaq sur les réseaux sociaux. Le groupe djihadiste s'était déjà attribué la paternité de plusieurs autres attaques commises ces derniers mois au Royaume-Uni et en Europe.  \"Il y a eu une explosion\", a dit à la presse le commandant de l'unité antiterroriste de la police de la capitale, Mark Rowley. \"Nous considérons qu'il s'agit de la détonation d'un engin explosif artisanal\", a-t-il ajouté. \"Une chasse à l'homme est en cours\" pour retrouver le ou les auteurs de l'attentat, qualifié de \"terroriste\" par la police, a annoncé sur LBC Radio le maire de Londres, Sadiq Khan. La police a précisé dans un communiqué que son unité de contre-terrorisme procédait à des \"investigations rapides pour identifier les responsables\". Dans un bilan actualisé, les services de santé ont fait savoir que 30 blessés, dont aucun grièvement atteint, avaient été traités à l'hôpital, \"la plupart\" pour des brûlures selon Mark Rowley. Le Royaume-Uni a relevé vendredi son niveau d'alerte terroriste au niveau maximum et annoncé le déploiement de militaires sur des sites clés, après l'attentat revendiqué par le groupe Etat islamique qui a fait 29 blessés dans le métro de Londres. Le niveau d'alerte a été relevé de \"grave\" à \"critique\", a indiqué la Première ministre britannique Theresa May dans un message télévisé, ce qui signifie qu'un attentat est \"imminent\". La même mesure avait été prise pendant plusieurs jours après l'attentat de Manchester le 22 mai dernier.  Ce niveau avait jusqu'ici été maintenu à \"grave\", signifiant qu'un attentat était \"hautement probable\". La cheffe du gouvernement britannique a aussi indiqué que des militaires seraient déployés \"sur certains sites protégés qui ne sont pas accessibles au public\". Plus de policiers seront par ailleurs mobilisés dans les transports publics. \"Le public verra plus de policiers armés dans le réseau de transport public et dans nos rues\", a assuré Theresa May. \"C'est une mesure proportionnée et sensée qui apportera davantage d'assurance et de protection pendant que l'enquête se poursuit\". Des photos diffusées sur Twitter montraient un seau blanc en train de brûler mais peu abîmé, dans un sac de congélation de supermarché LIDL à l'intérieur d'un wagon du métro, à proximité des portes automatiques, et dont sortaient des fils électriques. Cela suggère que \"'l'explosion' n'a que partiellement réussi\", a estimé Hans Michels, professeur d'ingénierie chimique à l'Imperial College de Londres, dans un communiqué.  Louis Hather, 21 ans, qui se rendait à son travail et se trouvait dans la rame, a décrit à l'AFP \"des gens qui criaient et se précipitaient dans les escaliers\". Blessé à la jambe dans la bousculade, il a réussi à sortir dans la rue où \"des gens pleuraient. Ça sentait le plastique brûlé\", a-t-il raconté, très choqué, parlant aussi d'\"une femme amenée sur un brancard dans une ambulance avec des brûlures sur tout le corps\". Vendredi soir, le commandant de l'unité antiterroriste de la police londonienne, Mark Rowley, avait assuré que l'enquête avait fait \"de bon progrès\". Neil Basu a toutefois rappelé que les mesures de sécurité supplémentaires décidées vendredi étaient pour l'heure maintenues et que l'enquête se poursuivait. \"Bien que nous soyons satisfaits des progrès accomplis, l'enquête se poursuit et le niveau de menace est maintenu à critique\", a-t-il indiqué. (Avec AFP) L'Obs "}