{"title": "projet de réforme pénale : \"l'etat policier s'instaure de manière pérenne\"", "newspaper": "NouvelObservateur", "author": ["Celine Rastello"], "date_publi": "2016-01-07", "theme": "Société", "content": "Policiers, parquets et préfets sont les grands bénéficiaires du projet de loi présenté ce mercredi 3 février en Conseil des ministres. Celui-ci vise à renforcer \"la lutte contre le crime organisé et son financement\" et à améliorer \"l'efficacité et les garanties de la procédure pénale\". Qu'en pensent les magistrats ? \"L'Obs\" a interrogé la secrétaire générale de l'USM (Union syndicale des magistrats, majoritaire) Céline Parisot.  Que pensez-vous, de ce que l’on sait, des grandes orientations de ce projet de loi ?\n - Il comporte deux volets. Le premier, que nous estimons tout à fait intéressant et positif, offre des outils nouveaux pour les enquêtes sous le contrôle du procureur ou du juge d'instruction. Le but, gagner en efficacité, paraît atteint. Le second est pour nous bien plus négatif : l'extension du pouvoir de l'autorité administrative - préfets et ministre de l'Intérieur - dans des mesures qui ne nous conviennent pas du tout.  Il comporte notamment un principe visant à assouplir les règles d'engagement armé des policiers et gendarmes. - Cela fait droit à une large revendication des policiers et gendarmes, qui estiment que le cadre de la légitime défense est bien trop restreint pour faire face à toutes les situations auxquelles ils doivent faire face. Nous ne sommes pas forcément opposés à une extension. Il faudra veiller, toutefois, à ce que le texte soit rédigé de manière claire et restrictive. On ne peut pas ouvrir la possibilité de tirer à n'importe quelle occasion.  Les retours de Syrie sont actuellement tous judiciarisés. Un autre point du projet de loi concerne la possibilité d’assigner à résidence pendant un mois ces personnes sur décision des préfets. Un contrôle judiciaire sans juge ? - En effet, ce qui n'est pas admissible pour nous. Soit il y a un soupçon d'infraction suffisant et on ouvre une information judiciaire, soit il n'y en a pas et le principe de la présomption d'innocence fait, qu'en dehors d'un état d'urgence, on n'a pas à priver quelqu'un de sa liberté sans motif particulier. Au risque d'être extrêmement attentatoire aux libertés, à la limite de l'arbitraire. Autre nouvelle possibilité : celle, sur seule demande des préfets, pour les policiers et gendarmes, de fouiller les bagages et les voitures et de faire des contrôles d’identité en cas de \"suspicion d’activité terroriste et pendant 12 heures.\" Comment cela se passe-t-il maintenant ? - Pour ce qui est des poursuites et recherches d'infractions, le procureur peut ordonner, sur un territoire déterminé et pour une durée déterminée plus longue que 12 heures -24-, des contrôles systématiques. On étend donc cette possibilité aux préfets, non seulement pour les contrôles d'identité mais aussi pour les fouilles des véhicules et bagages. C'est une mesure attentatoire à la vie privée et à la liberté, car on demande au conducteur ou au passager de rester sur place pendant la fouille de la voiture. Si elle est désossée, la personne peut rester plusieurs heures sur place. Le motif de la prévention ne tient pas. Ce type de mesure devrait ressortir uniquement de la compétence de l'autorité judiciaire. Rappelons que le contrôle n'est pas du tout le même. Le rôle de l'autorité judiciaire, constitutionnel, est de garantir les libertés du citoyen. Ce qui n'est pas du tout le rôle du préfet. Manuel Valls indique que ce projet de loi \"étend les pouvoirs conférés aux procureurs\", mais aussi aux magistrats instructeurs. Ces derniers ne sont-ils pas un peu les oubliés du projet de loi ? - Le procureur voit ses pouvoirs augmenter. Notamment par la possibilité d'utiliser des moyens d'enquête jusque-là réservés aux services de renseignement, comme les fameux \"Imsi-catchers\" [qui interceptent les communications dans un périmètre donné en imitant le fonctionnement d'un relais téléphonique mobile NDLR], la sonorisation des domiciles... Un certain nombre de choses peuvent être faites soit avec l'autorisation directe du procureur en cas d'urgence, soit avec l'autorisation du juge des libertés et de la détention, soit celle, directe, du juge d'instruction. C'est vrai, cela dit, que le juge d'instruction est un peu l'oublié. Ce dernier montre en tout cas une vraie défiance envers l'autorité judiciaire, dans la mesure où l'on étend à l'autorité administrative des pouvoirs qui ressortent normalement clairement du pouvoir judiciaire. Pour quelles raisons, selon vous ?  - On s'est toujours méfié de l'autorité judiciaire, mais là on arrive à un tel niveau de méfiance ! On la maintient délibérément avec des budgets indignes, on lui donne des moyens au compte-goutte, et on privilégie l'autorité administrative qui, de fait, est plus apte, plus encline à exécuter ce qu'on lui demande. Nous ne sommes pas franchement rassurés ni par les orientations, ni par la philosophie générale de ce projet de loi. Malgré la communication positive de Matignon, qui donne l'impression que le pouvoir judiciaire en sort renforcé. Il n'est malheureusement pas le seul. L'Etat policier s'instaure de manière pérenne. Avec pour principale conséquence, j'insiste, un risque d'atteinte aux libertés des citoyens sans véritable contrôle, pas seulement des personnes ayant commis des infractions ou des actes graves, mais de tous les citoyens.  Propos recueillis par Céline Rastello  (Article publié le 7 janvier 2016) Celine Rastello Journaliste "}