{"title": "qui est salman abedi, l'auteur présumé de l'attentat de manchester ?", "newspaper": "NouvelObservateur", "author": ["L'Obs"], "date_publi": "2017-05-23", "theme": "Monde", "content": "Son nom a été rendu public ce mardi 23 mai, dans l'après-midi. Salman Abedi, 22 ans, est suspecté d'être le kamikaze qui a fait exploser une bombe au Manchester Arena pendant un concert d'Ariana Grande, lundi soir, faisant au moins 22 morts. Un attentat revendiqué par le groupe Etat islamique. Mais que sait-on de ce jeune homme ?  Latest statement from @ccianhopkins in relation to last night's attack. pic.twitter.com/w1BdLp9nY4  \n Selon les médias britanniques, Salman Abedi est un Britannique d'origine libyenne né à Manchester en 1994. Le \"Daily Telegraph\" indique qu'il est le troisième d'une famille de quatre enfants. \"Je peux confirmer que l'homme soupçonné d'avoir commis l'atrocité de la nuit dernière a été identifié sous le nom de Salman Abedi\" et âgé de 22 ans, a affirmé le commissaire de police Ian Hopkins lors d'une déclaration à la presse.  Ses parents sont tous les deux nés en Libye et ont fui le régime de Mouammar Kadhafi pour trouver refuge au Royaume-Uni. D'abord à Londres, puis dans le quartier résidentiel de Fallowfield, au sud de Manchester, selon la presse. Salman Abedi avait entamé - puis abandonné - des études de commerce et de management à l'université de Salford, près de Manchester, a indiqué à l'agence Press Association Sam Grogan, un responsable de l'université.  Dans son quartier, les avis sont partagés sur sa personnalité et son niveau de radicalité. \"C'était un garçon tranquille, toujours très respectueux envers moi. Son frère Ismail est extraverti, mais Salman était très tranquille. Il est improbable que quelqu'un comme lui ait fait cela\", estime un membre de la communauté libyenne de Manchester interrogé par le \"Guardian\". Mohammed Saeed, une figure locale de la mosquée de Didsbury, que fréquentait Salman Abedi, se rappelle lui qu'Abedi l'avait regardé \"avec haine\" après un de ses sermons qui critiquait l'Etat islamique.  Plusieurs informations non confirmées circulent sur le processus de radicalisation de l'homme. Le ministre de l'Intérieur français, Gérard Collomb, a ainsi indiqué mercredi sur BFMTV : L'ancien maire de Lyon a également affirmé que des liens \"avérés\" existaient entre Salman Abedi et l'Etat islamique. La ministre de l'Intérieur britannique, Amber Rudd, a préféré, elle, ne pas confirmer ces déclarations à la presse. Elle a même souligné qu'il était \"irritant\" que des informations sur Abedi proviennent d'autres pays - son identité avait d'abord été révélée par les services de renseignement américains. Selon le \"Guardian\", l'homme était connu des services de sécurité britannique, mais \"ne faisait pas partie d'une enquête en cours, ou considéré comme un risque important\".  Mercredi, la ministre de l'Intérieur britannique a indiqué qu'il était \"possible\" que Salman Abedi n'ait pas agi seul.  Une information confirmée plus tard dans la journée par le commissaire Hopkins, qui a déclaré à la presse : Selon le correspondant de la BBC sur place, une hypothèse envisagée est que Salman Abedi n'ait été qu'une \"mule\", \"actionnant l'engin [explosif] fabriqué par quelqu'un d'autre\". #manchesterattack Bomber thought to have been a 'mule' using device built by someone else. More Govt announcements expected today. Selon le \"Guardian\", la police a perquisitionné mardi une maison dans ce quartier où l'auteur présumé avait résidé, procédant à une \"explosion contrôlée\" pour avoir accès à la maison. Les enquêteurs ont également perquisitionné le domicile du frère du suspect, toujours au sud de Manchester. Après l'arrestation de son frère, mardi, trois hommes ont été interpellés mercredi, a annoncé la police de Manchester. GMP statement - Three men arrested pic.twitter.com/ohuGs4iR8g \n\n Le groupe Etat islamique a revendiqué mardi l'attentat-suicide qui a fait 22 morts, dont une fillette de 8 ans et d'autres enfants, affirmant que l'un \"des soldats du califat a placé des bombes dans la foule\". C.C. et M.G. L'Obs "}