{"title": "terrorisme, sarkozy, trump... les confidences de hollande à la presse", "newspaper": "NouvelObservateur", "author": ["L'Obs"], "date_publi": "2016-08-03", "theme": "Politique", "content": "Avant de partir pour le Brésil, où il assistera à la cérémonie d'ouverture des Jeux olympiques 2016, François Hollande s'est laissé aller à quelques confidences, mardi 2 août, lors de la traditionnelle rencontre estivale avec les journalistes chargés du suivi de l’Elysée.  Terrorisme, Etat de droit, démocratie... Le président de la République dresse la liste des enjeux de la prochaine présidentielle, tout en se gardant bien d'annoncer sa candidature. Il en profite aussi pour adresser quelques piques à l'encontre de Nicolas Sarkozy, Alain Juppé... et Donald Trump.   A huit mois de l'élection présidentielle, et alors qu'une série d'attentats vient de frapper la France, François Hollande se pose d'abord en rempart de l'Etat de droit, face à la \"fuite en avant de la droite\" et à la \"tentation autoritaire que l'on voit surgir\".\n\"L’enjeu c’est la démocratie. Je suis d’une génération qui ne pensait pas qu’elle pourrait être mise en cause\", confie-t-il.\n Avant d'ajouter : \"Face au terrorisme, la démocratie doit avoir la force nécessaire pour prendre des dispositions\" dans le cadre de l'Etat de droit et non pas dans \"un Etat d'exception\", précise-t-il. Convaincu que \"c’est sur la France et la démocratie que l’élection 2017 va se jouer\", et que celle-ci \"va engager le pays pour longtemps\", François Hollande ne manque pas de marquer ses différences avec la droite, et de juger sévèrement son rival, Nicolas Sarkozy. Il est allé \"trop vite et trop loin\" dans ses critiques de l’exécutif sur la sécurité, estime-t-il. Le chef de l'Etat ne se gêne pas non plus pour railler les positions et les déclarations d'Alain Juppé, après les attentats de Nice et de Saint-Etienne-du-Rouvray. Alors que la polémique suscitée par les déclarations de Donald Trump à l'encontre des parents d'un soldat américain de confession musulmane tué en Irak continue d'enfler, François Hollande dénonce des propos \"blessants et humiliants\". Et de mettre en garde :  \"Ça peut conduire à une droitisation très forte ou, au contraire, à une correction\", analyse-t-il, observant que \"la campagne américaine indique des thèmes qui se retrouvent ensuite dans la campagne française\". Contrairement aux propositions faites par Manuel Valls, le chef de l'Etat a exclu, mardi soir, tout financement public pour les mosquées, en rappelant que ce serait une entorse à la loi de 1905. Le chef de l'Etat se dit favorable, en revanche, à ce que la Fondation pour l'islam de France, dédiée au financement des mosquées, soit réactivée. Créée en 2005, cette fondation s'était à l'époque enlisée dans des luttes intestines et n'avait jamais fonctionné. Pour la diriger, François Hollande envisage la nomination de Jean-Pierre Chevènement. Le nom d'Emmanuel Macron n'a pas été prononcé par François Hollande lors de cette rencontre avec la presse, rapporte \"Libération\". Mais le chef de l'Etat critique \"les politiques qui n'aiment pas la politiques\" et ceux qui \"veulent faire de la politique autrement\". Comme une mise en garde adressée à son ministre de l'Economie.  S. B. (avec AFP) L'Obs "}