{"title": "ankara ou berlin : \"nul n'est à l'abri\" du terrorisme, résume la presse", "newspaper": "NouvelObservateur", "author": ["L'Obs"], "date_publi": "2016-12-20", "theme": "Terrorisme", "content": "Cinq mois après l'attentat de Nice et ses 86 morts, un camion tueur fait de nouveau la une des journaux français ce mardi 20 décembre. Cette fois, \"l'horreur\" a frappé à Berlin, où un camion a foncé dans la foule d'un marché de Noël, lundi soir, faisant au moins 12 morts et 48 blessés. L'Europe pourrait avoir été la cible d'un nouvel attentat terroriste, piste privilégiée par la police allemande.   \"L'horreur au cœur de Berlin\", titre \"le Figaro\" pour qui, si la piste de l'attentat \"se confirmait, les terroristes ne pouvaient pas choisir d'endroit plus marquant pour signifier à l'Allemagne qu'ils sont en guerre contre elle\", écrit Patrick Saint-Paul. C'était la \"terreur à Berlin\" pour \"le Parisien\". Dans son éditorial, Stéphane Albouy souligne que \"le symbole du marché de Noël, un lieu qui mélange tradition chrétienne et festivités populaires, est ciblé de longue date par les terroristes islamistes\".   Le scénario de ce \"carnage sur un marché de Noël\" apparaît \"similaire à celui de l'attaque terroriste qui a visé la ville de Nice le 14 juillet dernier\", écrit \"Libération\". Quelques heures avant les événements de Berlin, l'ambassadeur de Russie en Turquie a été assassiné à Ankara par un policier turc, qui a affirmé agir pour venger le drame de la ville syrienne d'Alep, en passe d'être entièrement reprise par le régime syrien soutenu par Moscou.   En Espagne, le quotidien \"El Pais\" titre sur le camion fou de Berlin mais accorde une large place de sa une à la photo du meurtrier de l'ambassadeur. Un choix pour lequel ont également opté le \"Financial Times\" au Royaume-Uni et \"La Repubblica\" en Italie. Titre Berlin sans photo ambassadeur russe avec photo (Une El Pais, Madrid) pic.twitter.com/QqDCO6afQY Berlin + photo tueur ambassadeur (Une Financial Times) pic.twitter.com/CPwDLtPyzt Berlin et ambassadeur russe deux photos (Une La Repubblica, Italie) pic.twitter.com/gAfLUxuqO5 A la une de la presse allemande en revanche, ce sont bien les photos de la désolation de Breitscheidplatz, notamment celles représentant l'avant défoncé du camion, qui s'étalent à la une des quotidiens comme le \"Hamburger Morgenpost\" ou \"Bild\". Berlin (Une Hamburger Morgenpost, Allemagne) pic.twitter.com/z9ILouvmAl  Le drame de Berlin fait aussi largement la couverture de la presse régionale française. Dans \"le Républicain lorrain\", Michel Klekowicki voit dans \"le double message envoyé hier par les terroristes islamistes [...] un nouvel avertissement en lettres de sang aux pays occidentaux\" : T.V. L'Obs "}