{"title": "victimes du 13-novembre : \"ne restons pas suspendus aux faits et gestes d'abdeslam\"", "newspaper": "NouvelObservateur", "author": ["Jean-Frédéric Tronche"], "date_publi": "2016-10-12", "theme": "Attentats terroristes à Paris", "content": "Salah Abdeslam s'est, dans sa prison, enfermé entre d'autres murs : ceux de son mutisme qui, selon ses avocats, les aurait poussés à renoncer à le défendre. Contactée par \"l'Obs\", Aline Le Bail-Kremer, l'une des responsables de l'Association Française des Victimes du Terrorisme (AFVT), a accepté de livrer sa réaction personnelle à ce nouveau revirement. Quelle est votre sentiment après ce renoncement des avocats d'un Abdeslam résolu au silence ? Qu'il parle ou pas, qu'il ait un avocat ou non, ça n'empêchera pas la justice de faire son travail. Ce qui est important pour nous, c'est que l'enquête avance. Ce mutisme n'ajoutera-t-il pas des souffrances aux souffrances des familles de victimes et rescapés ?  D'une manière générale, l'écho médiatique donné à ces investigations est douloureux. Mais il y a de la douleur partout. Qu'Abdeslam parle ou non. Ce silence n'est pas le plus douloureux dans tout ce drame, même si c'est important pour les familles que l'enquête progresse. Il en a le droit et il prend ce droit-là. Il ne faut pas que nous restions suspendus à tous ses faits et gestes. On a rapidement compris que ça allait être compliqué, et ce dès la question de son extradition. Et on ne va pas commenter à chaque fois qu'il refuse un rab' de compote à la cantine ! Ses ex-défenseurs mettent ce repli sur le compte de ses conditions de détention... Nous ne sommes pas sur place. Il faudrait que ce soit avéré, prouvé. Si ce qu'ils disent est vrai, il y a un côté tordu. Si j'étais avocate et que mon client se trouvait incarcéré dans des conditions inacceptables, je ne le lâcherais pas, bien au contraire ! Il y a une étrangeté dans les déclarations de Sven Mary lorsqu'il disait que son client a \"l'intelligence d'un cendrier vide\". C'est très populiste : on dit du mal du bourreau. Et très vite, nous voyons bien se dessiner une stratégie de défense qui ne tient pas. Un type qui a réussi à disparaître quelques mois avec toutes les polices d'Europe à ses trousses n'est pas aussi idiot, non ? A partir de là, je crois que nous, familles de victimes et rescapés, avons été beaucoup à nous détacher de la théâtralité de la défense trahie par cette sortie. Et ça nous a renvoyés à chaque fois à son nom, à son image. Sans arrêt. Et ce matin, être encore réveillés avec Abdeslam, ça a été douloureux. Encore. Propos recueillis par Jean-Frédéric Tronche  ? Jean-Frédéric Tronche Journaliste "}