{"title": "les 45 fugitifs les plus recherchés d'europe sont sur ce site", "newspaper": "NouvelObservateur", "author": ["L'Obs"], "date_publi": "2016-01-29", "theme": "Société", "content": "Salah Abdeslam, Matteo Messina Denaro, Jean-Claude Lacote : les fiches des fugitifs les plus recherchés d'Europe sont désormais rassemblées sur un unique site internet, lancé ce vendredi 29 janvier par les polices européennes avec l'aide d'Europol. Le site, un peu saturé en plein lancement, répertorie 45 fugitifs (dont une fugitive) mais sera mis à jour de manière régulière, a assuré Europol, qui souligne qu'il s'agit de la \"première initiative à travers l'Europe pour présenter une liste de fugitifs recherchés sur une plateforme commune\". Parmi les 45 fugitifs recherchés figurent quatre Français : Salah Abdeslam, Jean-Claude Lacote, David Gras et Dominique Delattre.  Salah Abdeslam, recherché pour les attentats du 13 novembre à Paris et Saint-Denis, est qualifié par Europol d'\"individu armé et très dangereux\".  De son côté, Jean-Claude Lacote a été condamné par défaut en Belgique pour le meurtre d'un Britannique sur la côte belge. Il est recherché depuis qu'il s'est évadé d'une prison sud-africaine avec l'aide de deux policiers corrompus et de sa petite amie belge. David Gras et Dominique Delattre sont quant à eux recherchés pour des affaires de braquage. L'italien Matteo Messina Denaro est, lui, recherché pour le meurtre d'un garçon, fils d'un membre d'une organisation rivale à la sienne, la mafia italienne de la \"Cosa nostra\".  Le site internet, disponible dans 17 langues, a été lancé par ENFAST1, un réseau européen d'officiers de polices spécialisés dans la localisation et l'arrestation de fugitifs, avec l'aide d'Europol. Chaque police nationale, dont le numéro de téléphone se trouve sous chacune de ses fiches, peut publier un \"nombre limité\" de personnes, en fonction de ses priorités. L'Obs "}