{"title": "arrestation de trois hommes soupçonnés de projeter un attentat : ce que l'on sait", "newspaper": "NouvelObservateur", "author": ["L'Obs"], "date_publi": "2017-02-21", "theme": "Terrorisme", "content": "Trois personnes ont été arrêtées ce mardi matin à Marseille, en région parisienne puis à Clermont-Ferrand, dans le cadre d'une opération antiterroriste. Celle ci fait suite à une enquête préliminaire ouverte en janvier par la section antiterroriste du parquet de Paris. Pour l'heure, trois suspects ont été arrêtés dans différents lieux en France. Ils sont respectivement âgés de 18, 27 et 30 ans, précise France Bleu. Le plus jeune a été interpellé à Marseille, celui arrêté à Clermont-Ferrand en a 27 et celui de la région parisienne en a 30.  Proche de l'enquête, une source indique à l'AFP :\n\"Les suspects avaient un projet et ils étaient suffisamment avancés pour que les policiers de la Direction générale de la sécurité intérieure (DGSI) décident de leur interpellation.\"\n Plusieurs perquisitions sont toujours en cours à la mi-journée, selon cette même source. \"A ce stade, on ne sait pas s'il y avait une cible précise\", a seulement indiqué une autre source proche de l'enquête. Selon des sources concordantes, les trois suspects étaient très actifs sur les réseaux sociaux. Une opération de déminage a été menée à Clermont-Ferrand au domicile d'un des trois suspects, dans le quartier de la Fontaine du Bac, a précisé une des sources, confirmant une information du quotidien régional \"La Montagne\". #Auvergne #Exclusif Opération antiterroriste à Clermont-Ferrand : un homme interpellé https://t.co/Szn46siDGQ pic.twitter.com/BXxZb9TiKw Toujours selon le quotidien, le suspect arrêté a une trentaine d'années. Les équipes du Raid et de l'antiterrorisme ont investi son immeuble à l'aube, vers 6 heures du matin. Le logement de l'individu, au cinquième étage, ainsi que son garage, ont été perquisitionnés. Deux agents de déminage ont ensuite examiné les lieux, durant une opération qui s'est achevée à 11 heures.  La France, placée sous le régime d'état d'urgence depuis les attentats de djihadistes de novembre 2015, fait toujours face à une menace terroriste \"très élevée\". Le 3 février, un Egyptien de 29 ans avait attaqué, une machette dans chaque main, des militaires au carrousel du Louvre à Paris, en criant \"Allah Akbar\".  Une semaine après, les services antiterroristes avaient interpellé dans le sud du pays quatre personnes dont une adolescente, soupçonnées de vouloir commettre un attentat \"imminent\" en France. Du TATP, un explosif artisanal puissant prisé des djihadistes, avait été saisi par les enquêteurs. C.C. avec agences L'Obs "}