{"title": "alpes-maritimes : deux adolescentes soupçonnées de préparer un attentat mises en examen", "newspaper": "NouvelObservateur", "author": ["L'Obs"], "date_publi": "2017-04-03", "theme": "Justice", "content": "Deux adolescentes de 15 et 17 ans, soupçonnées de vouloir rejoindre la zone irako-syrienne, ont été mises en examen ce lundi. Les juges s'interrogent notamment sur une éventuelle volonté d'action violente en France, selon une source judiciaire. Aucune date, ni lieu, n'ont été communiqués par les autorités.  Elles ont été mises en examen lundi soir pour \"association de malfaiteurs en relation avec une entreprise terroriste criminelle\" et placées sous contrôle judiciaire avec obligation de placement, a précisé la source. Le parquet de Paris, qui a ouvert une information judiciaire, avait requis le placement en détention provisoire de la plus âgée.  Les deux jeunes filles avaient été arrêtées samedi matin à la suite de perquisitions administratives simultanées à leurs domiciles, à Nice et dans la commune voisine de Levens (Alpes-Maritimes). Lors de ces perquisitions, plusieurs téléphones avaient notamment été saisis et certains échanges, via la messagerie cryptée Telegram, \"mettaient en lumière une éventuelle volonté de passage à l'acte ce qui a justifié leurs interpellations\", selon une source proche de l'enquête. Aucune arme n'a été retrouvée. \n  Depuis les attaques djihadistes de janvier 2015, plusieurs jeunes filles ou jeunes garçons, parfois mineurs, ont été arrêtés en France, soupçonnés d'avoir voulu préparer des actions violentes, sous l'influence de membres de l'organisation Etat islamique (EI) basés en zone irako-syrienne. Parmi les derniers en date, trois mineures de 14 à 17 ans ont été interpellées fin février, soupçonnées de participer à une chaîne de discussion sur Telegram liée à celle du djihadiste français Rachid Kassim. Elles avaient été mises en examen par un juge antiterroriste début mars. L'Obs "}