{"title": "calvados : dans un foyer, des mineurs étaient encadrés par un fiché s ", "newspaper": "NouvelObservateur", "author": ["L'Obs"], "date_publi": "2016-11-08", "theme": "Société", "content": "De quoi faire froid dans le dos. Un homme de 24 ans fiché S, mis en examen après en séjour en Syrie, encadrait des jeunes la nuit dans un foyer du Calvados, rapporte France Bleu Normandie mardi 8 novembre.   Cet habitant d'Hérouville-Saint-Clair, près de Caen (Calvados), a travaillé de juillet 2015 à l'été 2016 en tant qu'encadrant éducatif de nuit dans un foyer de l'Association calvadosienne pour la Sauvegarde de l'enfance et de l'adolescence (ACSEA). Il était chargé de surveiller sept mineurs placés là par la justice ou la protection de l'enfance.\n N'ayant jamais été condamné, le jeune homme a pu fournir un extrait de casier judiciaire vierge à son employeur. Après deux entretiens, il est recruté pour effectuer des remplacements en CDD. Il avait pourtant été mis en examen avec son frère en décembre 2015 pour association de malfaiteurs en vue de préparer un acte de terrorisme, après un séjour en Syrie, alors qu'il était déjà fiché S. En août dernier, les deux frères ont été interpellés chez eux à Hérouville-Saint-Clair, pour non-respect de leur contrôle judiciaire. Le juge anti-terroriste parisien avait demandé leur placement en détention. Mais tous deux ont été remis en liberté. L'association affirme être \"tombée des nues\" après avoir découvert cette information dans la presse, mettant immédiatement fin au contrat. Elle a depuis appris que l'éducateur avait contacté des mineurs en dehors de ses heures de travail. Et reconnaît à présent ne pas être sûre à 100% qu'aucun autre de ses employés n'est fiché S. L. T. L'Obs "}