{"title": "françois hollande \"l'audacieux\" : ce qu'il faut retenir de l'interview du 14-juillet", "newspaper": "NouvelObservateur", "author": ["L'Obs"], "date_publi": "2015-07-14", "theme": "Politique", "content": "Le chef de l'Etat s'est livré au traditionnel exercice du 14 juillet, ce mardi à l'Elysée, en répondant aux questions des présentateurs de TF1 et France 2 Claire Chazal et David Pujadas. Voici ce qu'il faut en retenir :   \n François Hollande a relaté ses discussions avec le Premier ministre grec Alexis Tsipras juste après la victoire du non au référendum en Grèce, qui faisait planer la menace d'une sortie du pays de la zone euro. \"Je lui avais conseillé de ne pas faire ce référendum, alors même qu'il l'avait annoncé, parce qu'il pouvait trouver un accord sans cette procédure. Je lui ai dit : 'Maintenant, tu es plus fort dans ton pays, c'est sûr avec ce référendum, mais tu es plus faible en Europe. Est-ce que vous voulez rester ou pas dans la zone euro ? Si vous voulez rester, vous devez donner des preuves. La France vous soutiendra, mais vous devez donner des preuves'.\" Grèce : \"Le rôle de la France était de faire en sorte que l'Europe en sorte victorieuse\" @fhollande #DirectPR #14juillet La France a pris \"toute sa place\" et \"joué tout son rôle\" pour contribuer à maintenir la Grèce dans la zone euro. \"Je ne dis pas que c'est la France qui a gagné parce que ce n'est pas conforme à l'idée que je me fais. C'est l'Europe qui a gagné et la France qui a pris toute sa place et joué tout son rôle\". \"Je n'accepte pas qu'un peuple puisse être humilié\", a souligné François Hollande. L'humiliation, c'eût été de la chasser de la zone euro. Là, c'est la Grèce qui a proposé les réformes\" et \"le Premier ministre Tsipras a fait voter ces réformes avant même qu'il ne vienne à la table de la réunion\". Grèce : \"Je n'accepte pas qu'un peuple puisse être humilié\" @fhollande #DirectPR #14juillet Répondant aux accusations sur les divergences de lignes entre la France et l'Allemagne sur le dossier grec, le président de la République a affirmé qu'\"il n'y aurait pas eu d'accord\" sur la dette grecque à Bruxelles \"sans le couple franco-allemand\". La chancelière allemande Angela Merkel, qui \"avait des raisons d'être méfiante\", a \"été au rendez-vous de l'Europe\", a-t-il salué. La France, \"en cohérence\" avec son partenaire allemand, va faire des \"propositions\" pour la création d'un \"gouvernement économique européen\", annonce François Hollande. \"Depuis trois ans, il y a eu une intégration plus forte\" en Europe, avec une \"union bancaire\" et une \"discipline budgétaire\" accrue, a souligné le président français, jugeant toutefois qu'il \"faut aller plus loin\" dans la zone euro compte tenu de la persistance d'une crise économique. \"La Zone Euro est une garantie, une sécurité. Il faut que nous allions plus loin sur la gouvernance économique\" #DirectPR #14juillet François Hollande a annoncé que la France allait établir un \"document\", partagé avec les \"amis allemands\", pour poser les bases d'un \"gouvernement économique européen\". La zone euro, qui est une \"garantie\", une \"protection\", \"une sécurité\" pour les pays qui en sont membres, pourrait également être dotée d'un \"budget\" pour \"pouvoir agir en terme d'investissement\" et \"donner à l'Europe des bases plus solides, plus fortes, dans l'intérêt des peuples\", a-t-il ajouté. Le président français s'est beaucoup investi ces dernières semaines dans le dossier grec afin d'éviter qu'Athènes sorte de la zone euro.   Interrogé sur la \"guerre de civilisation\" dénoncée à la fin juin par son Premier ministre Manuel Valls, après des attentats sanglants en France, en Tunisie et au Koweït, François Hollande a précisé que les terroristes islamistes voulaient \"mettre en cause toutes les civilisations\", appelant les Français à rester \"unis\" et à ne \"jamais montrer\" leur peur face à cette menace. \"Ce que cherche ce groupe, c'est nous diviser, faire qu'il y ait une guerre de religion, faire que nous puissions entre Français nous soupçonner\" en faisant notamment l'amalgame entre musulmans et islamistes, a-t-il déclaré, appelant le peuple à \"être uni\" et à ne pas \"céder\" à la peur. \"Moi, je ne dois pas avoir peur, mais les Français ne doivent pas avoir peur. Nous sommes un peuple qui ne doit jamais céder face à la menace\", a-t-il martelé, invitant les Français à \"ne jamais montrer\" leurs angoisses, \"parce que montrer, c'est céder\". \"La patrie, ce n'est pas pour s'en prendre aux autres, c'est pour être sûr que nous portons les mêmes idéaux, les mêmes principes, les mêmes valeurs (...) Si nous renonçons à ce patrimoine-là, à cet idéal-là, alors nous nous perdons, c'est ce que cherchent les terroristes\", a-t-il fait valoir. \"Rien ne sera relâché\" en France concernant la sécurité, dans un contexte de forte menace terroriste six mois après les attentats de janvier, a affirmé le président. \"Ca peut durer et ça va durer, a-t-il dit. Pour l'année 2015, ça sera tout au long de ces prochains mois. Rien ne sera relâché. Nous sommes mobilisés et je ne veux pas que les Français puissent avoir le moindre doute sur le dispositif que nous avons mis en place.\" Terrorisme : \"La question du renseignement est majeure. Chaque semaine nous prévenons des actes terroristes\" @fhollande #DirectPR #14juillet \"Actuellement, il y a 30.000 policiers, gendarmes, militaires qui surveillent des sites. Pour être sûrs que notre dispositif sera assuré pour les prochains mois, j'ai dégagé avec le Parlement, qui va maintenant confirmer ce choix, les crédits indispensables. Il y aura 10.000 militaires qui seront en opération sur notre sol, qui le sont déjà pour faire ce travail de vigilance. 7.000 qui sont sur les sites, 3.000 qui sont mobilisables, en plus des policiers et des gendarmes.\" \"Maintenant que l'Iran va avoir des capacités plus grandes sur le plan financier puisqu'il n'y aura plus de sanctions, nous devons être extrêmement vigilants sur ce que va être l'Iran. L'Iran doit montrer (...) sur la Syrie que ce pays est prêt à nous aider à en finir avec ce conflit\", a déclaré le chef de l'Etat lors d'une interview télévisée à l'occasion de la fête nationale en France. #IranDeal : \"@LaurentFabius a mené cette négociation avec rigueur et fermeté\" @fhollande #DirectPR #14juillet \"L'Iran n'aura pas accès à l'arme nucléaire, nous pourrons vérifier et s'il y a des manquements, nous pourrons remettre des sanctions\", a résumé François Hollande. La France, si elle veut assurer la paix, elle doit parler avec tous mais avec les principes qui valent pour tous. Pour l'Iran, tant qu'il y avait cette menace nucléaire ce n'était pas possible. D'ailleurs l'Iran était sanctionnée sur le plan international; quand l'Iran soutient en plus un certain nombre de groupes armés qui déstabilisent les pays, ce n'est pas acceptable.\"   La croissance \"est là\" en France, mais elle est encore \"trop faible\", avec la prévision Insee d'une progression de 1,2% du produit intérieur brut (PIB) en 2015, a jugé mardi François Hollande, faisant vœu d'activer tous les \"facteurs de croissance\". \"La croissance est là mais elle est encore trop faible. Pour créer de l'emploi il faut un peu plus de croissance\" #DirectPR #14juillet A moins de deux ans de la fin de son quinquennat, le président Hollande a promis qu'il \"n'attendrait pas\" passivement l'échéance de 2017 en matière économique, confirmant les baisses de charges prévues par le pacte de responsabilité pour les deux prochaines années. Les décrets de la loi Macron, que le gouvernement veut décisive pour relancer l'économie, seront \"pris pour l'été\", ce qui va \"libérer un certain nombre d'activités\", a-t-il indiqué. Outre les baisses de cotisations sociales des entreprises et la future \"prime d'activité\" pour les petits salaires, François Hollande a insisté sur la future loi sur le numérique, qui doit arriver à l'Assemblée nationale à l'automne. \"En 2016 et en 2017 nous allons continuer d'alléger les charges pour faciliter l'embauche\" @fhollande #DirectPR #14juillet \"C'est maintenant qu'il faut investir. Des baisses d'impôts vont également favoriser le pouvoir d'achat des ménages\" #DirectPR #14juillet \"Je vais faire préparer une loi sur le numérique, tout ce qui est activités nouvelles, tout ce qui peut provoquer plus d'emplois\", a-t-il dit. \"Il faut qu'il n'y ait rien dans nos règles, dans nos formalités qui puisse entraver\" l'activité. Pour étayer son propos, le chef de l'Etat a insisté sur le \"pacte de responsabilité avec 40 milliards de baisse de charges pour les entreprises\" et la mise en place d'un \"nouveau dialogue social\", engagés depuis le début de son quinquennat. Économie : \"J'ai toujours fait les choix les plus audacieux mais aussi les plus protecteurs pour notre modèle social\" #DirectPR #14juillet La France peine-t-elle plus que certains de ses partenaires européens à endiguer la crise? \"Ils en font moins dans beaucoup de domaine, notamment dans l'innovation, et ils en font parfois plus pour détruire des droits sociaux, et ça je ne le veux pas\", s'est défendu François Hollande.   François Hollande a affirmé le Premier ministre Manuel Valls avait vocation à rester Premier ministre jusqu'en 2017. \"Nous avons un bon Premier ministre qui a pris des engagements, a déclaré le chef de l'Etat. Ce Premier ministre doit terminer le quinquennat avec moi.\" \"Si je pensais à l'élection présidentielle aujourd'hui, franchement je serais à côté du sujet, a par ailleurs dit le président. Nous sommes à près de deux ans de l'échéance. Vous avez vu les sujets qui sont les miens? La Grèce, l'Iran, la sécurité, l'emploi. Et je serais là en train de chercher à vouloir imposer une candidature ?\" \"Ce que nous devons porter c'est l'idée de la France. Un pays comme le notre doit être porté par un mouvement\" #DirectPR #14juillet \"Deuxièmement, j'ai une obligation de résultat, a-t-il souligné. Personne ne m'a demandé de venir à la place où je suis. Je l'ai voulu, donc je dois assumer cette tâche. Je serai jugé sur une obligation de résultat. S'il n'y a pas de baisse du chômage, je l'ai dit plusieurs fois, je ne serai pas candidat. Parce que si les Français, même s'ils pouvaient juger que je me suis donné autant qu'il était possible, que j'ai même pris de bonnes décisions, s'il n'y a pas de résultats, mais pourquoi ils me feraient confiance pour cinq ans de plus? C'est un principe de responsabilité. Je ne suis pas là pour fuir devant les responsabilités, pour m'accrocher.\" Une allusion au chef de l'opposition ? \"Je serai jugé sur une obligation de résultats, sur le chômage notamment, c'est un principe de responsabilité\" #DirectPR #14juillet L'ancien chef de l'Etat a multiplié ces derniers jours les attaques contre François Hollande, l'appelant dimanche à \"se ressaisir\" dans le dossier grec alors qu'un accord n'avait pas encore été trouvé avec Athènes. Le Premier ministre, Manuel Valls, avait rétorqué en lui demandant d'être \"à la hauteur de ses responsabilités\" plutôt que d'\"affaiblir la position de la France\". Alors qu'on lui demandait si Nicolas Sarkozy (Les Républicains) n'était pas, de par son côté clivant, le meilleur candidat pour la présidentielle de 2017 aux yeux de la gauche, François Hollande a répondu : \"J'ai suffisamment de sujets à traiter, celui-là n'est pas sur ma table de travail.\" D.H L'Obs "}