{"title": "en irak, la visite sous très haute sécurité du \"chef de guerre\" hollande", "newspaper": "NouvelObservateur", "author": ["L'Obs"], "date_publi": "2017-01-02", "theme": "Politique", "content": "Son avion a atterri à Bagdad aux premières lueurs du jour. François Hollande passe son lundi 2 janvier en Irak, aux cotés des troupes françaises déployées sur place. Il y a rappelé qu''agir contre le terrorisme ici en Irak, c'est aussi prévenir des actes terroristes en France.  Le président @fhollande vient d'atterrir à l'aéroport de Bagdad pic.twitter.com/56k9FA3Rmu  Président, et de fait chef des armées françaises, François Hollande a un agenda chargé. Il doit, en quelques heures, échanger avec les instructeurs militaires français qui forment les troupes d'élite du contre-terrorisme (CTS) irakiens, rencontrer le Premier ministre irakien puis se rendre à Erbil où sont stationnées les forces spéciales françaises qui conseillent les peshmergas kurdes. \n Placée sous très haute surveillance, la visite de François Hollande survient dans un contexte sécuritaire très dégradé. Quelques heures après son arrivée, un nouvel attentat à la voiture piégée a fait au moins 32 morts au nord de la capitale. Le 30 décembre, un autre attentat revendiqué par l'EI avait déjà provoqué la mort de 30 personnes sur un marché de Bagdad. Le président français s'est entretenu avec les trois composantes du pouvoir irakien : le président kurde de la République Fouad Massoum, le Premier ministre chiite Haider al-Abadi et le président sunnite du Parlement Salim Al-Joubouri. .@fhollande \"les résultats sont là : Daech est sur le recul et la bataille de Mossoul est engagée\" \"Les résultats sont là\", a-t-il martelé au sortir de son entrevue avec le président Fouad Massoum. \"Daech est sur le recul et la bataille de Mossoul est engagée\", a affirmé François Hollande.  Le Premier ministre irakien Haider al-Abadi, que François Hollande a rencontré dans un second temps, a jugé la semaine dernière que \"trois mois\" étaient encore nécessaires pour \"éliminer l'EI\". \"A Mossoul, on peut estimer qu'il reste trois mois, ça sera long, en particulier avec le souci quotidien de protéger des populations civiles et de ne pas faire de frappes inconsidérées\", a également estimé une source diplomatique française. Dès son arrivée à Bagdad, François Hollande a rencontré les instructeurs militaires français qui forment les troupes d'élite du contre-terrorisme (CTS) irakien. Il s'y est montré optimiste et a prédit que l'année 2017 serait une \"année de victoire contre le terrorisme\". \"Je sais que vos familles vous manquent.Merci pour le travail que vous faites & bonne année!\" @fhollande aux détachements Narvik & Monsabert Mais, a-t-il poursuivi, la \"victoire\" n'est rien sans la \"reconstruction\" de l'Irak, dont les forces armées sont engagées dans une lutte périlleuse pour tenter de reprendre les territoires conquis par les djihadistes en 2014. Dans le cadre de la coalition internationale antijihadistes, environ 500 soldats français assurent des missions de conseil, de formation et d'appui d'artillerie aux soldats irakiens dans leur lutte pour reprendre des territoires conquis par l'EI en 2014. Ils ne participent toutefois pas directement aux combats au sol. La France est le deuxième contributeur de la coalition internationale derrière les Etats-Unis. Depuis son engagement en septembre 2014, elle a effectué plus de 1.000 frappes et détruit environ 1.700 objectifs en Irak ou en Syrie, les deux pays où est implanté l'EI. Après Bagdad, le président français doit se rendre à Erbil au Kurdistan irakien (nord), où sont stationnées les forces spéciales françaises qui conseillent les peshmergas kurdes engagés dans la bataille de Mossoul.  Le président, qui a engagé les armées françaises dans la lutte antiterroriste depuis 2012, poursuit avec cette visite un quinquennat inédit de \"chef de guerre\" au plus près des opérations. C.C. avec Agences L'Obs "}