{"title": "qui est mamaye d., l'homme qui voulait \"commettre un attentat\" à la tour eiffel ?", "newspaper": "NouvelObservateur", "author": ["L'Obs"], "date_publi": "2017-08-07", "theme": "Terrorisme", "content": "Un déséquilibré en permission de son hôpital psychiatrique ou un djihadiste en puissance arrêté à temps ? Samedi 5 août, peu avant minuit, Mamaye D., 18 ans, a franchi un portique de la Tour Eiffel en bousculant un agent de sécurité d'un coup d'épaule. Il a sorti un couteau et crié \"Allah Akbar\". Des militaires de l'opération Sentinelle lui ont alors ordonné de poser son couteau à terre. Il s'est exécuté sans opposer de résistance et a été immédiatement interpellé puis placé en garde à vue, laquelle a été prolongée ce lundi 7 août.  Dans un premier temps, le parquet n'a pas jugé utile de retenir la piste terroriste contre ce Français de 18 ans né en Mauritanie. Mais c'était avant de connaître ses antécédents et qu'il affirme lors de sa garde à vue qu'\"il voulait commettre un attentat contre un militaire et était en lien avec un membre du groupe djihadiste Etat islamique (EI) qui l'aurait encouragé à passer à l'acte\".   Les premières investigations ont mis en lumière une personnalité très fragile. En permission de sortie du 4 au 6 août, Mamaye D. était hospitalisé dans un service psychiatrique depuis plusieurs mois et sa mesure d'hospitalisation avait été renouvelée le 27 juillet pour six mois, d'après une source proche de l'enquête. \n D'après un membre de sa famille, contacté par \"le Parisien\", Mamaye D. est suivi par un psychiatre depuis son arrivée en France lors de sa prime enfance. Et il ne bénéficiait que depuis peu de permissions de sortie. \"Je peux vous assurer qu'il n'est pas djihadiste\", assure son père à BFMTV. Et d'expliquer ses \"troubles psychiatriques\" :  Mais Mamaye D. n'était pas non plus un inconnu des services de police. Le jeune homme, indique \"le Monde\", avait déjà été condamné par un tribunal pour enfants, le 15 décembre 2016, à quatre mois de prison assortis d’un sursis de mise à l’épreuve de deux ans pour \"apologie du terrorisme\"et \"menaces de mort\". Les faits dataient de juillet 2015 : âgé de 16 ans, Mamaye D., avait alors menacé des agents SNCF avant de faire l'apologie du terrorisme, selon \"le Parisien\".  Des faits qui lui avaient aussi valu une inscription parmi les 15.000 noms du Ficher des signalements pour la prévention de la radicalisation à caractère terroriste (FSPRT). R.D. L'Obs "}