{"title": "berlin : une prime de 100.000 euros pour retrouver le suspect, exception en europe", "newspaper": "NouvelObservateur", "author": ["L'Obs"], "date_publi": "2016-12-22", "theme": "Terrorisme", "content": "100.000 euros : c'est la récompense offerte pour des renseignements qui conduiraient à l'arrestation d'Anis Amri. L'Allemagne a annoncé mercredi rechercher activement le demandeur d'asile tunisien de 24 ans, soupçonné d'être l'auteur de l'attentat qui a fait douze morts à Berlin, le plus grave jamais revendiqué par le groupe Etat islamique (EI) dans le pays. Dès mardi soir, les autorités allemandes se sont lancées à la recherche de ce Tunisien, officiellement identifié par la justice antiterroriste, après avoir relâché un premier suspect pakistanais mis finalement hors de cause dans l'attaque au camion-bélier sur un marché de Noël.   \n Ayant retrouvé des documents d'identité dans la cabine du camion qui a servi à l'attentat, la police a d'abord tenté de le retrouver sans alerter l'opinion. Mercredi soir, les enquêteurs, qui pensaient avoir localisé Amri à Berlin, ont perquisitionné deux appartements, sans résultat, rapporte le journal \"Die Welt\". Environ 150 policiers ont également perquisitionné un foyer de réfugiés dans l'ouest du pays, à Emmerich, où l'homme a séjourné il y a quelques mois, selon des médias allemands. Faute de résultat, les autorités se sont résolues à publier l'avis de recherche.  L'homme \"mesure 1,78 m, pèse environ 75 kg. Il a des cheveux noirs et des yeux bruns. Il peut être violent et armé !\", met en garde le parquet fédéral à l'attention de la population. Fait inhabituel en Europe, jusqu'à 100.000 euros de récompense sont proposés pour quiconque fournirait des informations. \"Une récompense allant jusqu’à 100.000 euros sera versée pour toute information menant à la capture du suspect\", écrit la Bundeskriminalamt (BKA), la police fédérale allemande, dans son avis de recherche, largement diffusé dans les gares, aéroports et commissariats. Evidemment, on pense aux affiches \"Wanted\" qui avaient cours au Far West. Aux Etats-Unis, le système, hérité du Commonwealth, est institutionnel, souligne \"20 minutes\", qui rappelle que la légitimité des chasseurs de prime a été validée par une décision de la Cour suprême de 1872. Les affiches en question étaient émises par les autorités locales ou fédérales, qui offraient 500 dollars pour la capture de Billy the Kid, 5.000 pour celle de Jesse James, ou jusqu’à 50.000 dollars pour l’assassin de Lincoln. Le FBI a par ailleurs mis en place sa fameuse liste des \"10 criminels les plus recherchés\", à l’initiative de son directeur, J. Edgar Hoover, en 1950, rappelle aussi \"20 minutes\". Une récompense de 100.000 dollars est offerte pour leur capture, le plus souvent dans des affaires de meurtres – personne n'a semble-t-il  touché la récompense de 25 millions de dollars pour la capture d'Oussama Ben Laden. En revanche, \"une telle mise à prix n’est pas dans la culture européenne\", pointe le directeur de recherche du Centre français de renseignement (CF2R), Alain Rodier, interrogé par le quotidien. En Allemagne, il est extrêmement rare que la police fasse appel à la population et offre une récompense pour la capture d'un suspect, écrit de son côté BFMTV. En France, la police rémunère ses indics, mais offrir une récompense reste une exception : en 1986, Charles Pasqua, alors ministre de l'Intérieur, promettait 1 million de francs pour toute information permettant d'arrêter les terroristes responsables de l'attentat de la rue de Rennes, qui avait fait sept morts, note le site de la chaîne. En Europe, parmi la quarantaine de fugitifs activement recherchés, pour deux d'entre eux une récompense de 2.900 et 10.000 euros est offerte. A.-S.H. L'Obs "}