{"title": "terrorisme : fous de dieu ou fous tout court ?", "newspaper": "NouvelObservateur", "author": ["Laura Thouny"], "date_publi": "2016-07-20", "theme": "Attaque de Nice", "content": "DANS NOS ARCHIVES. Tout l'été, nous republions certains de nos meilleurs articles. Aujourd'hui, la frontière ténue entre folie et fanatisme. Fou de Dieu ou fou tout court ? Le profil psychologique de Mohamed Lahouaiej-Bouhlel, qui a fauché 84 vies et blessé 303 personnes jeudi 14 juillet sur la Promenade des Anglais de Nice au volant d’un camion frigorifique, restera peut-être à jamais un mystère. D’un côté, l’Etat islamique a revendiqué l’attaque, qui correspond parfaitement à ses appels aux meurtres de masse avec les moyens du bord. Le chauffeur-routier tunisien de 31 ans, décrit comme \"alcoolique\", \"non religieux\" et \"dragueur\" se serait \"radicalisé très rapidement\" selon le ministre de l’Intérieur Bernard Cazeneuve – voire en l’espace de quatorze jours. L’enquête a établi le caractère \"prémédité\" du carnage, d'après le procureur de la République de Paris, François Molins. Ce dernier révèle que huit jours avant l’attentat, le Niçois s’était laissé pousser la barbe, s’étonnait auprès de témoins que Daech ne puisse prétendre à un territoire, montrait sa fascination pour les vidéos de décapitations. Depuis le 1er juillet, il se livrait sur son ordinateur à des recherches quasi-quotidiennes sur les sourates du Coran, les attentats d’Orlando et la fusillade de Dallas, consultait des photos de Ben Laden, de Mokhtar Belmokhtar…  Mais l’entourage de Bouhlel dessine aussi le portrait d’un homme souffrant de troubles psychotiques et de crises de violences, qui lui ont valu un divorce et une condamnation à six mois de prison avec sursis en mars dernier. A Msaken, en Tunisie, son père affirme que le terroriste avait fait une dépression dans les années 2000, ayant alors vu un psychiatre, il aurait pris un traitement et parfois souffrait de \"crises, où il cassait tout\". Un habitant de son ancien immeuble, \"Le Bretagne\" à Nice, où le tueur vivait avec son ex-épouse, avance lui aussi que le jeune père de famille \"faisait des crises. Quand il s’est séparé de sa femme, il a déféqué partout, trucidé le nounours de sa fille à coups de poignard et lacéré le matelas\", dit-il. \"J’ai eu l’impression d’un début de psychose\", raconte le psychiatre qui l’avait examiné à Sousse à l’âge de 19 ans au \"Journal du Dimanche\", le Dr Hamouda Chemceddine. \"Je lui ai prescrit du Haldol, un antipsychotique.\" De là à en faire un Andreas Lubitz, ce pilote allemand dépressif qui a entraîné dans son suicide 150 passagers d’un Airbus en mars 2015 ? Le médecin ignore si Bouhlel a été suivi. Mais pour lui \"même pour un psychotique, pour qu’il y ait un passage à l’acte d’une telle cruauté, c’est qu’il y a eu un endoctrinement quelque part, que ce soit le fait d’un groupe constitué ou d’une personne\". L'enquête doit permettre d’en s’avoir plus. Cette ambiguïté entre fanatisme et folie n’est pas nouvelle. Les deux tiers des radicalisées afficheraient un profil psychologique perturbé, voire des antécédents psychiatriques, confie une source bien informée à \"l’Obs\". Il n’existe cependant pas de statistiques officielles en la matière.  Déséquilibré ou terroriste affilié à Daech ? L’année dernière déjà, la question se posait pour Yassin Salhi, devenu un cas d’école. Le 26 juin 2015, le jeune homme avait décapité son patron, Hervé Cornara, chef d’entreprise de l’Isère, avant de tenter de faire exploser une usine classée Seveso. S’il a agi comme un djihadiste préparé, il fait aussi figure de total amateur : l’arme retrouvée dans sa voiture est... un jouet de son fils. On pense aux armes factices retrouvées dans le camion fou de Nice jeudi 14-Juillet. Juste après avoir décapité son employeur, Yassin envoie un macabre selfie avec son trophée à un proche parti en Syrie via l’application de messagerie WhatsApp. A l’image d’un Mohamed Lahouaiej-Bouhlel se prenant en photo sur la Promenade des Anglais juste avant le carnage. Radicalisation sans réseau structuré, fragilité psychologique et passage à l’acte soudain : sa personnalité n’est pas sans rappeler celle du terroriste de Nice. Le profil que redoutent les spécialistes de l’antiterrorisme pour son imprévisibilité. Mis en examen notamment pour assassinat en relation avec une entreprise terroriste, Yassin Salhi, repéré dès 2003 par les services de renseignement pour sa proximité avec la mouvance salafiste et qui ne présentait pas d’antécédents de troubles mentaux, avait fait l’objet d’une expertise psychiatrique. Daniel Zagury, l’expert mandaté par la justice, concluait dans son rapport que Yassin Salhi, qui se sentait humilié par ses supérieurs, avait d’abord agi \"dans un mouvement de vengeance personnelle\". Ce jour-là, c’est une \"explosivité émotionnelle\" qui se serait brutalement manifestée. Le crime de Salhi s’inspire selon l’expert-psychiatre de la \"martyrologie radicale islamiste\". Le jeune homme, qui s’était mis à porter la djellaba, à se laisser pousser la barbe, forçait sa mère à porter le voile, entendait \"laisser de lui une trace perçue comme héroïque\". Le rapport de l’expert est alors formel : pleinement responsable de ses actes, accessible à une sanction pénale, il peut être jugé. Mais le professeur recommandait d’autres expertises, et ses liens avec l’EI sont ténus. \"La population concernée est plus jeune, plus diverse et aussi plus imprévisible, avec des personnes qui sont à la limite de la psychopathie... mais qui auraient été dangereuses dans tous les cas, avec ou sans djihad.\" Seul terroriste s’inspirant des méthodes barbares de l’Etat islamique arrêté vivant avant Salah Abdeslam, mutique durant sa garde à vue, invoquant les problèmes personnels plutôt que la religion par la suite, Yassin Salhi se suicide en prison le 22 décembre 2015. Il n’apportera pas plus de réponses quant à ses motivations.  On se souvient également d'Alexandre Dhaussy, 24 ans, qui avait tenté d'assassiner le 25 mai 2013 un militaire en patrouille à La Défense \"à la demande de Dieu\", en lui portant deux coups de couteau au cou, le blessant grièvement – après avoir prié, agenouillé, dans la galerie commerciale des 4 Temps.  Alexandre, devenu \"Abdelhak\" après sa conversion, était fiché par la sous-direction de l’information générale (SDIG). Mais il souffre aussi d'importants troubles psychiques. Islamiste radical ou malade mental ? Quel degré de responsabilité pénale ? Durant l'instruction, les psychiatres ont eu le plus grand mal à s'accorder.  \"Attitude paranoïaque\", \"état dépressif grave\", \"distanciation avec le réel\", \"personnalité de structure psychotique\" : un premier rapport détecte déjà des troubles mentaux.  Devant la chambre d’instruction, le 24 septembre 2015, sont lus les travaux de trois autres experts-psychiatres. Deux d'entre eux défendent la thèse de l'abolition du discernement – l'un évoquant une bipolarité, l'autre une schizophrénie –, tandis qu'une de leur consœur penche elle pour une simple altération du discernement, qui aurait permis un procès, rapporte alors l’AFP. L’experte qui conclut à une simple altération du discernement, la psychiatre Arianne Casanova, affirme que son crime relève d’un \"choix idéologique construit et assumé\", et non d'un \"délire\". Contrairement à ses confrères, elle considère que, si Dhaussy souffre d'une \"psychose ancienne\", ses croyances religieuses ont contribué à son passage à l'acte.  L'expert qui concluait à \"une psychose schizophrénique\", là encore le psychiatre Daniel Zagury, fait lui valoir, lors du procès, le fait que des malades mentaux peuvent très bien \"surfer\" sur un phénomène dont on entend parler quotidiennement aux informations pour passer à l'acte : Trois jours avant l’agression de La Défense, deux terroristes, Michael Adebolajo et Michael Adebowale, avaient tué un soldat britannique à Londres au hachoir, filmant leur sinistre méfait. Un fait d’arme qui aurait pu inspirer une attaque \"copycat\" à Dhaussy. Le jeune homme avait finalement été déclaré pénalement irresponsable en raison d'un trouble psychiatrique \"ayant aboli son discernement\" par la justice et placé dans un service spécialisé en hôpital psychiatrique sans être jugé. Fethi Benslama, psychanalyste et professeur de psychopathologie à l’université Paris-Diderot, auteur d'essais importants comme \"Un furieux désir de sacrifice. Le surmusulman\" (Seuil, 2016), connaît bien la dimension psychopatologique des terroristes. Fin juin, il confiait à \"l’Obs\" :  Le psychanalyste dénonce notre \"aveuglement\" par peur de \"trouver des excuses\" aux enfants de Daech : Mais pour lui, \"il ne faut pas réduire les radicalisés à des fous. Si on traite les gens comme des fous, ils le deviennent encore plus\". Pour le Dr Marina Litinetskaia, psychiatre à l'hôpital psychiatrique de Maison-Blanche, experte près la Cour d'Appel de Paris et auteure d’un article sur la distinction entre fanatisme et folie, il est cependant aisé pour un expert de diagnostiquer un individu qui souffre de troubles psychiques et de \"bouffées délirantes\" et de le distinguer d’un \"simple\" fanatique : D’après elle, les cas de fanatiques \"délirants\" sont tout de même très rares. La psychiatre estime qu’il ne faut pas abuser du terme \"déséquilibré\". \"Quatre personnes sur dix ont déjà fait appel à un service de soins psychiatriques\", poursuit le médecin. \"Donc avoir des 'antécédents psychiatriques', ça ne veut rien dire, vous pouvez être alcoolique, toxicomane, dépressif...\" Dans le cas de Mohamed Lahouaiej-Bouhelel, tué au volant de son engin de mort, il n’y aura jamais d’expertise psychiatrique ordonnée par la justice, mais seulement des éléments de profil révélés par l’enquête. Le \"fou\" de Nice emporte avec lui ses secrets. Laura Thouny ? Laura Thouny Journaliste "}