{"title": "l'italie, point d'ancrage d'annis amri, se pose à son tour des questions", "newspaper": "NouvelObservateur", "author": ["Marcelle Padovani"], "date_publi": "2016-12-24", "theme": "Terrorisme", "content": "Les titres des journaux italiens ne laissent pas de place au doute : l’Italie est partagée entre deux sentiments contradictoires . D’un coté il y a la \"fierté\". Celle d’avoir éliminé le suspect numéro un de l'attentat de Berlin, qui a fait 12 morts et 48 blessés le 19 décembre sur un marché de Noël. Celle d'avoir reçu les félicitations de la chancelière Angela Merkel, ce qui n’arrive pas si souvent ! Celle aussi, d’avoir des policiers qui, en faisant leur travail normal, un contrôle de routine, sont devenus des \"héros\". \"La Repubblica\" a même déniché une migrante qui affirme : \"Moi musulmane, je suis fière de ces policiers\".   D’un autre coté, il y a l’inquiétude d'un pays qui se retrouve brutalement \"au cœur des interrogations\" venues du monde entier. Comment l’Italie a-t-elle pu \"fabriquer\" dans ses prisons et ses Centres d'identification des migrants (CIE) un terroriste aussi violent et dangereux ? En lui assurant qui plus est de probables arrières, puisque plusieurs éléments laissent penser qu'Anis Amri n’était pas revenu par hasard sur le territoire de sa radicalisation. Il semble qu'il y cherchait des appuis complices.\n  C’est ainsi que la modeste banlieue de Milan, appelée Sesto San Giovanni, autrefois forteresse ouvrière qui avait été baptisée \"la Stalingrad de l’Italie\", se retrouve désormais projetée \"au cœur de l’Europe\", comme le titre le \"Corriere della sera\". La Péninsule, miraculeusement épargnée jusqu’ici par les attentats terroristes, au point de se voir comme une sorte de\" zone franche\" - le terrorisme pour elle, c’était \"l’affaire des autres\" -, sent tout à coup passer le vent du boulet djihadiste. Mais elle se cherche aussi des excuses. \"Nous sommes aujourd’hui le seul pays européen contraint d'accueillir sur son territoire des centaines de milliers de migrants chaque année (plus de 170.000 en 2016). Les accords de Dublin sont un désastre qui nous obligent à les garder dans nos villes et villages, même s’ils ne sont pas des réfugiés politiques. Car en l’absence d’accords sérieux avec les pays d’origine, il est impossible d’expulser les indésirables\"... Tel est la tonalité des commentaires en ce très particulier samedi 24 décembre.  Autres excuses : la lutte contre le terrorisme fait son travail. Les organes chargés depuis 20 ans de l'antiterrorisme, les \"Ros\" des carabiniers et la \"Digos\" de la police nationale, rappellent ainsi leur dure mission et leurs faits d'armes. Ils sont sur les dents à Rome, Naples, Milan et Bologne. Ils ont découvert des centrales de fabrication de faux papiers, démantelé des trafics de téléphones portables, ou encore des réseaux financiers... Ils rappellent aussi qu’un Ethiopien nommé Osman Hussein, l’un des auteurs de l’attentat raté au métro de Londres en juillet 2005, avait été arrêté huit jours après la tentative dans l’appartement de son frère à Rome. L'Italie se sent donc assez tranquille sur le terrain de la lutte contre le djidadisme. Même si le cas d’Anis Amri s’avère un peu plus complexe. Comme le souligne le quotidien \"l’Unità\" : \"Essayez donc de partir de Lampedusa, de faire quatre ans en prison puis de remonter l’Italie sans papiers pour passer la frontière avec la France, pour atterrir en Allemagne, le tout dans la plus totale illégalité. Essayez de faire un voyage retour depuis Berlin, en passant par la Hollande et la France avant de débouler en Italie, toujours dans la plus totale illégalité... Essayez de le faire\", sans appuis, ni réseau, ni complices… Autrement dit, difficile de croire qu'Anis Amri soit un \"loup solitaire\". Même la père du djihadiste tunisien montre du doigt la Péninsule : \"Il s'est radicalisé en prison en Italie\". Les polémiques ont inévitablement gagné la classe politique. Tous les populistes, de Beppe Grillo, du Movimento5Stelle, à Matteo Salvini, de la Ligue, se sont jetés sur le \"Tunisien de Sesto San Giovanni\", une aubaine pour développer leurs arguments extrémistes. Un vrai festival. Grillo a ainsi publié un Manifeste anti-immigrés que l'on peut résumer par \"tous dehors\" et qui rappelle \"les propos antisémites du temps du fascisme\", observe un éditorialiste dans \"La Repubblica\". Quant à Salvini, il ne sauve de l’expulsion immédiate que \"les femmes et les enfants de réfugiés politiques\"... Les autres ? \"Dehors\", mais sans jamais dire où, ni comment. Les titres de la presse de droite ne font pas dans le détail : \"Anis tué ? Une bête de moins\" écrit \"La Verità\". Tandis que \"Libero\" publie la photo du cadavre du Tunisien avec ce commentaire : \"Le danger vient des clandestins\", blaguant même sur le fait que \"Angela Merkel ne nous a pas donné les 100.000 euros promis\"…  Une \"grillina\" enfin, Antonella Buscaglia, élue du M5S à Biella, s'est demandé sur sa page Facebook si on aurait pu ne pas tuer Anis Amri. \"Il n’y a pas de quoi jouir pour un homme assassiné\". C’est probablement la seule pro-Grillo qui se plaindra de l’élimination d’un immigré.  Marcelle Padovani Journaliste "}