{"title": "un groupe d'extrême gauche revendique l'attentat contre la cour d'appel d'athènes", "newspaper": "NouvelObservateur", "author": ["L'Obs"], "date_publi": "2017-12-28", "theme": "Monde", "content": "Le groupe grec d'extrême gauche OLA (Groupe des combattants populaires) a revendiqué mercredi 27 décembre, au nom de sa lutte contre la \"justice bourgeoise\", l'attentat à la bombe qui avait endommagé le 22 décembre la cour d'appel d'Athènes. Actif depuis 2013, ce groupe était le principal suspect désigné par la police après cette attaque, qui n'a pas fait de victimes. Il a posté sa revendication longue de plusieurs pages sur le site alternatif Indymedia.  Désignant la justice comme \"l'instrument du capitalisme\", OLA accuse cette institution d'avoir \"accentué son rôle réactionnaire et antisocial\" dans le cadre de la crise économique et sociale vécue par la Grèce depuis 2010.\n  L'explosion, dans la nuit, de l'engin à retardement placé devant la cour d'appel avait été précédée d'appels d'un inconnu à deux quotidiens grecs pour prévenir de son imminence. La déflagration a causé d'importants dommages à la façade du bâtiment, situé à quelques dizaines de mètres du siège de la sûreté d'Athènes. L'engin avait été déposé par deux inconnus sortis d'un van qui s'était garé devant l'édifice, et dont le chauffeur a tiré contre le gardien du tribunal. OLA a revendiqué plusieurs attaques ces dernières années, dont le dernier qui a visé, en mai, les bureaux de recouvrement de créances de la banque grecque Eurobank, dans le centre d'Athènes. En dépit de dizaines d'arrestations et condamnations pour \"terrorisme\", la Grèce est confrontée depuis des décennies à un activisme extrémiste se revendiquant anarchiste ou d'extrême gauche, visant des cibles économiques, politiques ou diplomatiques. Cette mouvance a regagné en pugnacité ces dernières années après une relative relâche, un phénomène imputable, selon un responsable policier s'exprimant sous le couvert de l'anonymat, aux \"conditions socio-économiques\" qui \"favorisent le recrutement\" extrémiste et la \"radicalisation\" des contestataires. (AFP) L'Obs "}