{"title": "indice mondial de la paix : la france perd 5 places à cause du terrorisme", "newspaper": "NouvelObservateur", "author": ["Justine Benoit"], "date_publi": "2017-06-16", "theme": "Monde", "content": "Contrairement à une idée reçue, le niveau global de la paix dans le monde s’est amélioré en 2017. C’est le premier constat de l'étude publiée par l’Institute for Economic and Peace, (l’Institut pour l’Economie et la Paix), un think tank international basé en Australie. Il est composé d’un jury d’experts qui appartiennent à divers instituts sur la paix, ainsi que du Centre for peace and conflict studies de l’Université de Sydney en Australie. Depuis onze ans, il mesure, dans 163 pays, le niveau de sécurité et l’impact de la violence sur l’économie de chaque Etat. Le classement est même appuyé par des personnalités telles que le Daïla Lama ou l’ancien président américain Jimmy Carter. Bilan : le monde est plus sûr en 2016 qu’il ne l’était un an plus tôt. Certes, la situation s'est dégradée dans 68 pays. Mais elle s’est améliorée dans 93 autres. Malgré tout, Steve Killelea, fondateur et président exécutif de l’Institut, reste prudent. \"Bien que le léger redressement de cette année soit rassurant, le monde est encore confronté à des troubles politiques aux Etats-Unis, aux flux de réfugiés et au terrorisme en Europe et à des conflits au Moyen-Orient.\" Sans surprise, la Syrie reste le pays le plus violent depuis 2011, après avoir chuté de 64 places depuis la création de l’indice, le plus grand déclin de la dernière décennie.  Le pays le plus sûr au monde? L’Islande ! La petite île de l’Atlantique nord, peuplée de 300.000 habitants, conserve sa première place du classement, qu’elle détient depuis 2008. Elle est suivie par la Nouvelle-Zélande et le Portugal, qui relèguent respectivement le Danemark et l’Autriche à la 4ème et 5ème place. Le Portugal a enregistré une reprise économique régulière depuis sa crise budgétaire, ce qui a permis au pays de retrouver une sérénité et une stabilité économique. Selon l’Indice, la perte de rang du Danemark est dû \"à l’impact du terrorisme et à la détérioration des indicateurs de ses relations avec ses voisins\".  En fin de classement, avec la Syrie, on retrouve aussi l’Afghanistan, l’Irak, le Soudan du Sud et le Yémen. \n Plus surprenant, on trouve parmi les mauvais élèves l’Amérique du Nord dont la situation s’est particulièrement dégradée, alors qu’elle s’est améliorée au Canada. Le terrorisme, l’instabilité politique due à l'élection présidentielle et la hausse de la criminalité ont fait chuter le pays de l’Oncle Sam de 11 places dans le classement. Il arrive 114ème sur 163 pays. Le rythme des homicides aux Etats-Unis est notamment reparti à la hausse depuis 2015 dans plusieurs grandes villes. A Chicago, plus de 500 homicides avaient été enregistré pour les six premiers mois de l’année 2016. En revanche, le niveau de sécurité s’est amélioré en Amérique centrale et aux Caraïbes, en Asie Pacifique et en Amérique du Sud, qui enregistre les plus grandes améliorations. L’Afrique sub-saharienne en revanche, voit son score se détériorer, notamment à cause de l’Ethiopie qui souffre de fortes tensions ethniques. En dernières positions, on retrouve l’Eurasie et la Russie, l’Asie du Sud et la région Moyen-Orient-Afrique du Nord (MENA). Engagée dans la lutte contre l’Etat islamique et les rebelles en Syrie, la Russie a dû, en effet, opérer une remilitarisation du pays et augmenté ses dépenses de défense, faisant chuter son score. Le niveau de sécurité reste globalement bon en Europe, même s’il s’est beaucoup dégradé, principalement à cause du terrorisme, qui a frappé 23 pays. La France, perd ainsi 5 places dans le classement, et n’arrive qu’en 51ème position. Elle n’est malheureusement pas la seule touchée. Le Danemark, la Suède, la Turquie, rétrogradées, ont également souffert. Selon l’étude, entre 2007 et 2016, le nombre de victimes du terrorisme dans les pays de l’OCDE a augmenté de 900%.  L’Institut a également chiffré le coût de cette violence dans le monde. Elle s’élève en 2016 à 12,6% du PIB mondial, soit 14.300 milliards de dollars (environ 12.800 milliards d’euros). En moyenne, les conflits violents représentent 37% du PIB dans les dix Etats les plus violents, contre seulement 3% dans les dix pays les plus sûrs. En France, la facture s’est élevée à  153 milliards de dollars en 2016, soit 2.369 dollars par habitant (2.125 euros). Justine Benoit "}