{"title": "tabac : face au terrorisme, la loi evin s'envole en fumée dans les lycées ", "newspaper": "NouvelObservateur", "author": ["L'Obs"], "date_publi": "2016-03-29", "theme": "Société", "content": "Avec l'état d'urgence, beaucoup de règles partent en fumée. L'association Alliance contre le tabac affirme que depuis sa proclamation, le 14 novembre dernier, plus de la moitié des lycées français contourneraient la loi Evin, qui bannit la clope des établissements scolaires. Un phénomène lié au risque d'attentats et aux alertes à la bombe. Des proviseurs reconnaissent avoir donné aux lycéens un permis de fumer dans la cour, plutôt que sur le trottoir. Car, attroupés en fumant leurs cigarettes devant le lycée, les jeunes constitueraient des cibles idéales pour des terroristes. Plusieurs missives de l'Etat islamique menacent directement l'école républicaine.   Nul doute, cette mesure d'exception divise. \"Soit disant c'est l'état d'urgence. On empêche nos enfants de se faire tuer devant les lycées et on les laisse se faire tuer à petit feu à l'intérieur ? C'est impossible. Comment est-ce qu'on peut ne pas respecter la loi ? C'est incroyable\", estime auprès de RTL la pneumologue Corinne Depagne. \n Les proviseurs contestent. \"C'est irresponsable de laisser mes élèves sur le trottoir\", commente auprès de RTL le proviseur Pascal Charpentier, du lycée du Parc à Lyon. \"C'est une question de prise de décision par rapport aux personnes qui sont sous ma responsabilité.\" La tolérance du gouvernement et des proviseurs suscite l'ire des organisations anti-tabac. Etat d'urgence ou pas, elles réclament le retour à l'interdiction pure et simple de la cigarette. En conséquence, deux plaintes ont été déposées contre le lycée Saint-Exupéry de Lyon et le rectorat de cette académie. A Paris, trois recours vont bientôt être déposés devant le tribunal administratif, contre trois établissements d'Ile-de-France, par l'association Droit des non-fumeurs (DNF). Sa directrice, Maria Cardenas, le confirme à \"L'Obs\" :  Ces recours ne sont pas sûrs d'aboutir. Via une circulaire, le 25 décembre, le ministère de l'Education nationale a autorisé la mise en place de \"zones spécifiques\" pour éviter que les élèves n'aillent dans la rue. A la discrétion des directeurs d'établissement... Un autre son de cloche a retenti du côté de son homologue de la Santé, pour qui \"en aucun cas [de telles zones] ne peuvent être aménagés au sein des établissements. Le contexte d'état d'urgence ne change en rien cette réglementation.\" En temps normal, les contrevenants aux dispositions de la loi Evin écopent d'une amende. \"Favoriser sciemment le non-respect de l'interdiction de fumer\", après procès-verbal, entraîne une amende de 750 euros pour le responsable du lieu - le proviseur. C'est le rectorat qui est chargé du contrôle. Mais, sollicité par DNF, il ferait la sourde oreille. \"Ils ne nous ont pas répondu. Aucun n'a fait la démarche de sanctionner la création de ces espaces\", s'agace Maria Cardenas.  Une surdité qui pourrait bien durer jusqu'à fin mai, date hypothétique de la fin de l'état d'exception. Ou au-delà... Paul Conge L'Obs "}