{"title": "attentat déjoué avant la présidentielle : ce que l'on sait ", "newspaper": "NouvelObservateur", "author": ["L'Obs"], "date_publi": "2017-04-18", "theme": "Terrorisme", "content": "Deux hommes de 23 et 29 ans, soupçonnés de préparer un attentat \"imminent\", ont été arrêtés ce mardi 18 avril, entre 10 heures et 11 heures, dans le 3e arrondissement de Marseille, à cinq jours du premier tour de l'élection présidentielle, a appris l'AFP de sources proches de l'enquête, confirmant ainsi les informations de BFMTV et d'Europe 1.  Les deux hommes sont \"soupçonnés d'un passage à l'acte imminent\", a précisé l'une de ces sources. Ils ont été arrêtés par la DGSI dans le cadre d'une enquête en flagrance ouverte à Paris pour association de malfaiteurs terroriste criminelle et infraction à la législation sur les armes en relation avec une entreprise terroriste.   Selon les informations de France-Info, les deux suspects, Mahiédine M. (29 ans) et Clément B. (23 ans), sont de nationalité française et originaires des Hauts-de-France. Le plus âgé, né à Croix (Nord), a été le premier à faire l'objet d'une enquête préliminaire le 5 avril.\n Selon \"la Voix du Nord\", qui a suivi son procès, il serait connu comme un \"petit délinquant\". En octobre 2013, il a été arrêté pour trafic de cannabis. 1.500 euros avaient été retrouvés dans sa voiture, tandis qu’un kilo et demi de cannabis et de l’argent liquide avaient été découverts dans son appartement. Il avait expliqué aux juges être \"menacé\" à cause de remboursements de dettes. Il est finalement condamné à trois ans de prison. Incarcéré à la prison de Sequedin, il y fera la connaissance de Clément B. Une deuxième enquête similaire a ensuite été ouverte le 10 avril contre ce dernier, né dans le Val-d’Oise à Ermont, indique BFMTV. Les deux hommes se seraient radicalisés à la prison de Sequedin (Nord).  Le ministre de l’Intérieur Matthias Fekl a confirmé, lors d’un point presse à la mi-journée, que les suspects arrêtés avaient l’intention de passer à l’acte \"dans les tout prochains jours\". L’interpellation a eu lieu dans un appartement qu'ils louaient où des perquisitions étaient toujours en cours à la mi-journée. Des \"armes de poing\" et \"des armes longues\" ainsi que du matériel rentrant dans la composition d'explosifs ont été retrouvés. Les deux hommes auraient essayé de confectionner des explosifs. Leurs cibles restent pour l'heure inconnues. Toutefois, France-Info révèle que la DGSI a récupéré une photo, qui aurait été prise par Mahiédine M.. Sur ce cliché, on perçoit un fusil mitrailleur avec la une du journal \"le Monde\" du 16 mars, sur laquelle se trouve François Fillon, un drapeau de l'Etat islamique et un lot de munitions formant les mots \"la loi du talion\". La sécurité autour du candidat des Républicains a été renforcée depuis vendredi, des tireurs d'élite sont présents lors de ses déplacements et meetings. Des sources concordantes des LR ont en effet indiqué à l'AFP que les officiers de sécurité de Fillon avaient été prévenus vendredi de \"risques avérés\" sur le candidat. Les photos des deux hommes avaient aussi été distribuées jeudi aux services de sécurité des candidats à l'élection présidentielle, ont déclaré à l'AFP Marine Le Pen et l'entourage d'Emmanuel Macron. \"Les photos ont été communiquées à mon service de sécurité dès jeudi\", a indiqué la candidate du Front national. L'entourage du candidat d'En Marche !, contacté également par l'AFP, a confirmé que l'équipe d’Emmanuel Macron avait reçu les mêmes photos ce jour-là. Selon le \"JDD\", la cible des deux suspects pourrait être le QG de campagne de l’un des candidats à la présidentielle.  \"Nous savions depuis quelques jours qu'il existait une menace précise et qu'un commando était recherché\", a aussi confirmé un proche de François Fillon. Lors de sa conférence de presse, le ministre de l’Intérieur a évoqué un \"risque terroriste plus élevé que jamais\" en assurant que \"tout est mis en œuvre pour assurer la sécurité de ce rendez-vous majeur\" qu’est l’élection présidentielle. \"50.000 policiers, gendarmes et militaires\" seront déployés lors des deux tours, notamment dans les 67.000 lieux de vote, a-t-il rappelé. Il note néanmoins qu’ \"aucune menace n’est écartée\". En début d’après-midi, François Hollande a réagi à ces arrestations : Emmanuel Macron a également félicité l’ensemble des services de police et a appelé au \"rassemblement\" contre le terrorisme. M.T. (avec AFP) L'Obs "}