{"title": "gaz, arsenal et couscoussière : le mystère de l'attentat raté des champs-elysées", "newspaper": "NouvelObservateur", "author": ["Timothée Vilars"], "date_publi": "2017-06-22", "theme": "Terrorisme", "content": "Si les circonstances de l'attaque du 19 juin près du rond-point des Champs-Elysées sont désormais bien connues, le flou demeure sur le mode opératoire et la personnalité de l'assaillant, Adam Dzaziri. Selon le procureur de la République de Paris, François Molins, qui tenait un point presse ce jeudi après-midi, les investigations n'ont ainsi pas permis pour l'heure d'établir l'origine de la détonation et du dégagement de fumée orange qui se sont produits à l'intérieur de la Renault Mégane du suspect au moment de sa collision avec un fourgon de gendarmerie. L'arsenal retrouvé dans la voiture \"atteste de l’ampleur de l’action terroriste projetée qui, si elle avait abouti, aurait pu avoir des conséquences humaines dramatiques\", déclare François Molins, qui s'est félicité de la situation \"très rapidement maîtrisée\", sans \"aucun tir de riposte\". Deux bouteilles de gaz de 13 kilos, dont le suspect avait fait l'acquisition la veille sur un site d'annonces sur internet, ont été retrouvées sur la banquette arrière, ainsi que des cartons contenant près de 7.000 cartouches, un grand sac contenant 28 chargeurs, plusieurs armes de poing, des couteaux et une carabine. Une \"inadéquation entre l’ampleur de l’arsenal et l’échec de l’entreprise terroriste\", s'étonne François Molins. L'attaque n'a fait aucune victime.  Une perquisition à son domicile, au Plessis-Pâté dans l'Essonne, a permis de découvrir, au sous-sol du pavillon, huit bidons vides de poudre de rechargement de munitions, une poudre pouvant \"servir à la confection d'un engin explosif artisanal\", ainsi qu'une \"couscoussière entourée de chatterton pouvant servir à cette fin\", selon François Molins. Ces découvertes laissent envisager la \"préparation indiscutable d’une action violente\" de la part de l'individu qui souhaitait, \"selon toute vraisemblance, faire de son véhicule un engin explosif\".  Attentat des Champs-Elysées : le détail de l'impressionnant arsenal retrouvé dans le véhicule de l'auteur (François Molins) pic.twitter.com/VElsb4vEZC L'impressionnant arsenal d'Adam Dzaziri ne se limitait pas à celui découvert dans son véhicule : cartouchières, étuis de chargeur, appareils à visée laser, machette, cran d'arrêt, couteau de chasse, matraque télescopique mais aussi un fusil à lunette ont été retrouvés lors de la perquisition. Dans une lettre testament expédiée le 19 juin à plusieurs de ses proches, l'individu de 31 ans déclarait avoir soutenu depuis des années les moudjahidines et avoir fait allégeance à Abou Bakr al-Baghdadi, calife autoproclamé du groupe Etat islamique. Il indiquait avoir voulu rejoindre la Syrie et déplorait en avoir été empêché par les \"apostats\". Adam Dzaziri expliquait son inscription à un club de tir non par adhésion aux idées du survivalisme, comme il le prétendait à l'époque, mais par sa volonté de se préparer au djihad. Inconnu du TAJ (fichier des antécédents judiciaires) et sans mention sur son casier judiciaire, il avait fait l'objet d'une fiche de recherche émise par les autorités tunisiennes en 2014, pour des suspicions de lien avec des entreprises terroristes. Natif d'Argenteuil, issu d'une famille salafiste, l'individu avait épousé une Tunisienne en 2009, avec qui il avait deux filles de 7 et 2 ans. Au printemps 2015, il avait été signalé \"par un service partenaire\" au poste-frontière gréco-turc de Kipi. Le 24 février, il avait franchi la frontière à bord d'une Jeep en compagnie de son épouse et de leurs deux filles, avant de revenir le 12 mars au même poste-frontière, \"sans autre précision\". Le 31 août 2015, il avait fait l'objet d'une fiche de la DGSI. Les services avaient repéré trois allers-retours en Turquie au cours de l'année 2016 (janvier, mars et août), qu'il avait tous justifiés comme entrant dans le cadre de son activité professionnelle de \"négoce de bijoux\". En mars, un contrôle douanier avait permis de découvrir qu'il était porteur d'une somme de 4.800 euros en numéraire, d'un lingot d'or et de bijoux. Adam Dzaziri avait en effet créé en 2014 une entreprise spécialisée dans l'achat et la revente de métaux et d'or, précise François Molins. Sa lettre-testament démontrait une \"volonté déterminée de rejoindre la zone irako-syrienne\", selon le procureur de la République. Malgré tout, ses trois permis de détention d'armes de catégorie B, accordés en juin 2015, ne lui ont jamais été retirés. T. V. ? Timothée Vilars Journaliste "}