{"title": "\"contre le terrorisme en europe, il faut renforcer la coopération judiciaire\"", "newspaper": "NouvelObservateur", "author": ["Marcelle Padovani"], "date_publi": "2016-04-01", "theme": "Monde", "content": "Armando Spataro, 67 ans, \"patron\" du Parquet de Turin, a affronté tous les terrorismes au cours de sa carrière : le terrorisme \"noir\" (néo-fasciste), le terrorisme \"rouge\" (Prima Linea, Brigades rouges), le terrorisme international (affaire Abu Omar) et le terrorisme mafioso. Il est l’auteur de \"Cela en valait la peine. Histoires de terrorisme\" (Editions Laterza). Ce procureur des \"années de plomb\" italiennes a ainsi obtenu pour la première fois la condamnation définitive de 25 membres de la CIA responsables en 2003 de la séquestration du citoyen égyptien Abu Omar, imam de Milan. Il est le magistrat le mieux placé pour exprimer une vision globale du phénomène djihadiste et une appréciation documentée de la manière d’y faire face au niveau européen.  Il est en tout cas fier, très fier, Armando Spataro, de la façon dont son pays a su battre les terrorismes \"sans lois spéciales ni tribunaux spéciaux\" . Et il aime répéter la phrase du président de la République Sandro Pertini : \"Nous avons défait le terrorisme dans les tribunaux , pas dans les stades\". Interview.\n    - Non. Les services de renseignement sont très utiles en Europe pour le travail de prévention des risques. C’est leur boulot. Et ils savent le faire dans la plupart des cas. Mais c’est la coopération judiciaire traditionnelle (police et magistrature) qui a la charge de la répression qu’il faudrait aujourd'hui renforcer. La bataille contre le terrorisme en Europe ne peut pas s’appuyer seulement sur le renforcement des pouvoirs du renseignement mais sur la coopération entre police, magistrature et services secrets. C’est elle qu’il importe de développer. Je voudrais m’attarder un peu sur ce qu’on a pu appeler \"l’exemple italien\". Et spécialement sur notre loi sur les services secrets qui prévoit que dès qu’ils sont en possession d’une nouvelle concernant un délit, ils doivent en informer aussitôt la police judiciaire. C’est une obligation ardente, qui fait partie de la loi. Ce n’est pas le cas dans d’autres pays. Une série de systèmes antagonistes existent dans le continent qui ne facilitent pas la coopération. En France, les services de renseignement font aussi un boulot de police judiciaire ; en Grande-Bretagne, il n’y a pas de parquet et les écoutes téléphoniques par exemple ne sont pas utilisables au cours d’un procès. Ce sont ces diversités qui posent problème et elles ne seraient pas résolues par un quelconque renforcement des pouvoirs des différents services secrets nationaux. La vraie question est la suivante : pourquoi l'Europe pense-t-elle prioritairement à privilégier l'\"intelligence\" ? Parce que l'\"intelligence\" est généralement régie par des règles secrètes, et dépend donc directement de la politique, de l’exécutif, du pouvoir. Et parce que les gouvernements européens ne sont pas tous prêts à déléguer à la magistrature la direction des enquêtes : en général, ce qui prévaut chez eux, c’est le culte de la propriété privée de la nouvelle. Qui endommage toute coopération judiciaire. Avez-vous des exemples concrets ? - Oui , je peux vous parler d’un exemple qui remonte à mai 1983, lors de l’affaire de la rue Trudaine à Paris lorsque deux gardiens de la paix sont abattus en pleine rue. Nous arrêtons en Italie un terroriste qui se met à table et donne des nouvelles importantes sur ce double homicide. Je fais aussitôt avertir la police et la magistrature françaises. Deux enquêteurs viennent interroger le détenu. La confession est si fructueuse qu’ils repartent pour Paris et arrêtent certains responsables, membres d’ailleurs d’Action directe. Une des personnes arrêtées décide de collaborer à son tour. Mais lorsque je demande à l’interroger, cela m’est refusé. Je n’ai toujours pas compris pourquoi. Un autre exemple ? Nous sommes en mars 2004, juste après l’attentat de Madrid. Grace à la collaboration avec la magistrature et la police espagnoles, nous mettons sous observation à Milan un Egyptien (nous contrôlons surtout son téléphone). Il apparaît vite que cet homme, que nous arrêterons dans les quinze jours, est en contact avec un complice à Paris. Mon bureau en informe la France qui met ce complice sous contrôle à son tour. Mais nous n’aurons des nouvelles sur les déclarations de cet homme que plusieurs mois après. Passons à la Grande-Bretagne. Même quand il y a un mandat d’arrêt européen (lequel devrait impliquer qu’on livre immédiatement la personne recherchée à la justice du pays qui la réclame), les Britanniques par exemple sont lents à devenir coopératifs. Si l’on ajoute qu’en Angleterre on ne peut pas utiliser les écoutes téléphoniques au cours d’un procès, on se rend compte que le problème aujourd'hui en Europe n’est pas tant d’augmenter les pouvoirs des services de renseignement que d’appliquer sérieusement des normes, des lois qui existent et qui ne sont pas respectées. Faut-il selon vous imaginer d’étendre au niveau européen les bénéfices que la loi italienne accorde par exemple aux \"repentis\" (les collaborateurs de la justice) ? Envisager un \"416 bis\" continental, cet article du code pénal qui permet de condamner un terroriste ou un mafieux même lorsqu'il n’a commis aucun délit, mais simplement parce qu’il est membre d’une \"association terroriste \" ? Faut-il promouvoir un parquet européen antiterrorisme ? - Ce n’est pas moi qui vous contredirai sur l’efficacité – prouvée du point de vue de la quantité de sentences et du démantèlement des réseaux terroristes – de l'\"exemple italien\" qui, grâce à des instruments efficaces et bien contrôlés, nous permet d'émettre des condamnations tout en respectant strictement les principes du droit. Mais je me sens autorisé à dire que nous n’avons pas besoin de nouvelles conventions, résolutions, lois internationales. Il suffirait que nous fassions marcher celles qui existent déjà. Le parquet européen ? On en parle depuis des décennies. Des ébauches, des projets ont été déposés. Il faudra beaucoup de temps avant d’y arriver. Parce les différences sont énormes entre les parquets des différents pays européens. En Italie, le procureur est indépendant de l’exécutif, en France non. En Angleterre, le parquet n’existe pas. Comment faire ? Nous avons déjà Schengen, Europol, Eurojust, Interpol… Qu’on les fasse fonctionner ! De nouvelles lois ? Nous n’avons aucunement besoin de tribunaux spéciaux européens, mais de magistrats qui se spécialisent, oui. Secteur par secteur. Et qui coopèrent. Une loi sur les repentis ? Oui, à condition que le témoignage du repenti ne soit considéré comme crédible que s’il est corroboré en audience devant la personne qu’il accuse. Il faut aussi, par des comportements concrets, savoir solliciter la collaboration d’un prévenu. Je me suis trouvé une fois devant un maghrébin agressif et presque insultant qui, à un moment donné de son interrogatoire, me dit : \"Basta. Il est 17 heures, je dois prier. Quelle est la direction de La Mecque ?\". Je n’ai pas su la lui indiquer, mais je lui ai trouvé un tapis et lui ai donné tout son temps pour sa prière. Il est devenu ensuite beaucoup plus coopératif, faisant même des déclarations importantes. Est-ce que Salah Abdeslam, si par hasard il veut vraiment collaborer, serait intéressé par les bénéfices d’une loi spéciale qui sanctionne son statut de \"mouchard\" ? Je serais curieux de le savoir. Il y a actuellement en Italie 7.000 détenus musulmans, dont 400, à ce qu’on dit, seraient à risque \"radicalisation\", et 18 djihadistes présumés. Deux Algériens, qui semblent être liés aux attentats du 22 mars, ont été arrêtés en Campanie. Mais le seul vrai attentat commis dans la Péninsule remonte à 2009 lorsqu’à Milan un candidat kamikaze s’est fait exploser, ne blessant ni ne tuant personne, et réussissant seulement à se rendre aveugle et à se sectionner une main. Cela signifie-t-il que ce pays est l’abri du terrorisme international ? - Que non ! Mais je ne suis pas prophète. Un psychopathe à la ceinture bourrée d’explosifs est possible dans n’importe quel pays. Un attentat contre les représentants de la religion catholique aussi. Un attentat \"politique\", par exemple contre la politique des gouvernements dans le Maghreb également. Mais je suis hostile aux alarmes préventives que l’exécutif de chaque pays européen est tenté de diffuser. Ces pays devraient éviter que soient répandues des fausses nouvelles, qu’on parle des immigrés sur les radeaux comme de \"foreign fighters\" prêts à commettre un acte de terrorisme, ou qu’on annonce que des attentats ont été \"évités\" sans que la véracité de ces affirmations puisse être contrôlée. Une chose est la conscience du fait que nous vivons une époque historique dont les débouchés sont incertains, et donc, la conscience de la nécessité de prendre des mesures adéquates ; une autre est la diffusion d’un état d’alerte généralisé qui finit par justifier toutes les lois d’exception. Comme il a été dit, \"les démocraties luttent contre le terrorisme avec un bras lié dans le dos, mais malgré cela, ce sont toujours elles au bout du compte qui l’emportent\". J’y crois fermement à cet aphorisme. Propos recueillis par Marcelle Padovani Marcelle Padovani Journaliste "}