{"title": "dupond-moretti demande l'acquittement : récit du dramatique point d'orgue du procès merah", "newspaper": "NouvelObservateur", "author": ["Timothée Vilars"], "date_publi": "2017-10-31", "theme": "Justice", "content": "\"Je vais être plus court que prévu, mais ils m'ont tout si bien ratissé...\" La plaidoirie d'Eric Dupond-Moretti, plat de résistance médiatique du procès d'Abdelkader Merah, avait causé une rare affluence de curieux, avocats et journalistes dans la salle Voltaire du Palais de Justice de Paris ce mardi 31 octobre. Elle aura pourtant été la plus brève de la journée : à peine une heure pendant laquelle, plein de fierté paternelle, Eric Dupond-Moretti n'a pas tari d'éloges envers ses deux jeunes comparses. Il faut dire qu'au cours de cet après-midi consacré à la défense de l'aîné du \"tueur au scooter\", ses deux prédécesseurs se sont livrés à un jeu de démolition en règle du réquisitoire livré la veille par l'avocate générale Naïma Rudloff. Archibald Celeyron d'abord, qui pendant plus de deux heures a minutieusement démantelé l'accusation de complicité d'assassinat en relation avec une entreprise terroriste, premier verrou de l'acquittement.  \n \"Une accusation est toujours une construction intellectuelle, mais rarement à ce point assumée\", assène le benjamin du trio (30 ans). Son objectif : reprendre à zéro les rencontres \"réelles, supposées, fantasmées\" des deux frères Merah dans les mois précédant l'attentat. Abdelkader et Mohamed étaient, on le sait, gravement brouillés après une dispute au sujet du mariage de leur mère, avant de se rabibocher dans les semaines précédant le triple-attentat. \"La réconciliation est difficile à dater\", admet-Me Celeyron. \"Mais la première rencontre qu'on peut dater avec précision, c'est le 6 mars\" : le vol d'opportunité du scooter T-Max, cinq jours avant la première attaque. Or le jeune pénaliste met en cause la véracité de la reconstitution, rappelant que si Abdelkader Merah était bien présent au moment du vol, il n'y a pas assisté, étant garé dans sa voiture à 160 mètres. Pour la première fois, l'accusé opine du chef dans son box. La veille, l'avocate générale a tenté de prouver la préméditation du vol du scooter, en démontrant le repérage et la filature. Hypothèse pulvérisée par Archibald Celeyron : \"Comment auraient-ils pu, en Clio, suivre un T-max un mardi à 16h à Toulouse, où la circulation est impossible ?\" Selon lui, les trois rencontres secrètes antérieures à la réconciliation, comme chez \"l'émir blanc d'Artigat\" Olivier Corel, ne reposent que sur des témoignages tardifs et contradictoires. Et de citer les écoutes de proches, en février : \"Abdelkader Merah n'apprend le divorce de son frère que des semaines après. Embêtant pour un 'référent religieux' !\"    Restent les deux rendez-vous de la période \"conspirative\" : le 11 mars, juste avant la première attaque, les deux frères se seraient croisés lors d'un match de football réunissant une centaine de spectateurs. Ils \"discutent sérieusement\", selon un témoin. Le 15, après la seconde attaque, ils se croisent par hasard avec leur sœur Aïcha et dînent dans un kebab. \"Une taqiya [dissimulation des idées radicales, NDLR] à géométrie variable\", raille Celeyron : pourquoi se donneraient-ils rendez-vous à la vue de tout le monde ?  Dupond-Moretti, souriant et détendu durant la suspension de séance, est satisfait de son élève : \"On a enfin parlé des faits ! Une démonstration époustouflante\", se rengorge-t-il. Mais au fur et à mesure que le château de cartes de l'accusation se lézarde, une atmosphère électrique commence à baigner la salle. Une altercation entre Samuel Sandler et une voisine avocate interrompt même la plaidoirie. L'introduction de Me Antoine Vey, qui n'hésite pas à citer Voltaire parlant du procès de Socrate, n'arrange rien. Le fidèle associé d'Eric Dupond-Moretti s'attache lui à faire tomber la deuxième muraille de l'accusation : l'association de malfaiteurs. \"On insiste sur le prétendu rôle d'Abdelkader Merah pour pallier l'absence d'éléments matériels\", attaque-t-il. \"Un 'groupement', mais quel groupement ? Cette association de malfaiteurs n'est dessinée que dans le but d'inculper Abdelkader Merah. Tout a été avancé : frères Clain, djihadistes de toutes natures... rien n'a été démontré.\" Ni ses voyages en Egypte, où il est censé apprendre l'arabe littéraire, ni un échange de mails stérile avec Mohamed alors en formation militaire au Pakistan, n'apportent la preuve d'une affiliation à Al-Qaida, démontre Antoine Vey, pour qui le dossier est \"rempli par le vide\". Quant à la détention de fichiers de propagande djihadiste, elle est pas non plus la preuve d'une affiliation, rappelle Antoine Vey, qui cite la récente jurisprudence de l'affaire Tarmac. \"Rien ne démontre une quelconque communication des fichiers, d'autant que Mohamed Merah ne lit pas l'arabe.\" \"Personne n'a jamais été condamné en France pour avoir été un référent religieux\", tacle-t-il, citant la jurisprudence de la Convention européenne des droits de l'homme sur la liberté religieuse, et notamment le \"droit à essayer de convaincre et de convertir son prochain\". \"Jamais une association de malfaiteurs n'a été établie sur des faits aussi fébriles\", assène Antoine Vey, qui réclame lui aussi l'acquittement pour Abdelkader Merah. La séance d'après-midi a commencé il y a plus de quatre heures, mais Eric Dupond-Moretti est prêt à monter sur le ring sans transition. C'est sur les bancs des parties civiles, où la tension est intense et les larmes visibles, que l'on demande une pause. C'est le moment si attendu, si redouté. \"Acquitator\", légèrement voûté sur son pupitre, n'a plus qu'à passer la troisième lame dans son style caractéristique. Un murmure, d'abord, lorsqu'il évoque \"l'horreur\" et le \"cortège de révolte, de peine, d'incompréhension\" qu'inspirent les crimes de Mohamed Merah. \"Le sang, les larmes sont les moyens choisis par les terroristes pour nous soumettre. Le chaos, l'effroi, sont là pour nous forcer à abandonner notre mode de vie, notre mode de penser. Notre mode de juger.\" Procès #Merah. Plaidoirie d'Éric Dupond-Moretti : \"J'affirme que si Abdelkader Merah est ici, c'est parce que son frère est mort\"Mon dessin pic.twitter.com/eAlsgZ6wNu On a promis que le procès Merah serait une \"catharsis nationale\", dénonce Dupond-Moretti, la voix modulée, rauque par instants. \"Il fallait un coupable\", dit-il. \"Pour les errements de la police. Pour l'image de la galerie Saint-Eloi [l'aile antiterroriste du palais de justice de Paris, NDLR]. Pour faire le deuil. [...] Abdelkader Merah incarne le mal par défaut.\" Et il va plus loin :  Et soudain, alors qu'il se fait plus politique, sa voix s'élève en un grondement. Brandissant ses copies-doubles d'écolier, s'éloignant du micro sans même devoir forcer ses cordes vocales, il s'emporte : \"Le terrorisme nous a anesthésiés. Il a libéré tous les populismes, toutes les paroles de café du commerce !\" \"Certaines affaires rendent fou\", lâche-t-il, avant de désigner son punching-ball en la personne de l'avocate générale, auteure selon lui d'une \"ratatouille\" où culmine la malhonnêteté. \"Vous dites : 'Ca n'est pas une preuve, mais...' Mais quoi ? C'est vertigineux ! Ce qui n'est pas prouvé, ça n'existe pas, ici comme à la 23e [chambre correctionnelle, où ont lieu les comparutions immédiates, NDLR] !\" Naïma Rudloff ne lève pas la tête, se contentant de hausser les sourcils de temps à autres. \"Vous êtes incapables d'apporter la preuve !\" tempête Dupond-Moretti. \"Tout ce que vous proposez, c'est le syllogisme de la taqiya !\", qu'il illustre par cette métaphore : Il y a eu \"acharnement\" contre son client, accuse Dupond-Moretti. \"Il fallait absolument qu'Abdelkader Merah soit jugé.\" \"Vous savez tout ce que font vos frères ? Croit-on impossible que Mohamed Merah ait voulu dépasser Abdelkader en religion ? Et qu'avant le passage à l'acte il ait voulu se réconcilier avec lui, avec la volonté de partir propre ?\" interroge-t-il. \"Ils ont parlé 'sérieusement' au football ? La belle affaire !\" Toujours friand de storytelling personnel, Eric Dupond-Moretti raconte être récemment tombé sur le site d'un \"avocat de victimes\" : \"Sans doute la gloire naissante de cette époque dans laquelle je ne me reconnaîtrai jamais\", lâche-t-il avec mépris. \"Les deux gamins qui sont venus avec moi, ce sont des vrais avocats. Ici, qu'est-ce qu'on risque ? Des crachats ? Pour un avocat, c'est mieux qu'une légion d'honneur.\" Le verdict sera rendu jeudi soir. T.V. Timothée Vilars Journaliste "}