{"title": "attentat d'istanbul : nombreuses zones d'ombre autour du terroriste", "newspaper": "NouvelObservateur", "author": ["L'Obs"], "date_publi": "2017-01-02", "theme": "Terrorisme", "content": "L'homme qui a ensanglanté la nuit du Nouvel an dans la discothèque Reina, sur la rive ouest du Bosphore à Istanbul, serait donc un \"soldat du califat\". C'est en tout cas la version du groupe Etat islamique, qui a revendiqué ce lundi 2 janvier l'attentat, qui a fait au moins 39 morts et 69 blessés, via un communiqué.  Quelque 600 personnes se trouvaient à l'intérieur de cette boîte de nuit huppée, dimanche vers 1h15, quand un homme armé d'un fusil d'assaut s'est introduit dans l'établissement après avoir tué un policier et un civil à l'entrée. Il a ensuite tiré au hasard sur la foule, faisant de nombreuses victimes étrangères, pour la plupart originaires de pays arabes (notamment 7 Saoudiens et 3 Libanais), avant de parvenir à s'enfuir. Une attaque qui suscite aujourd'hui de nombreuses questions dans les médias turcs, qui fournissent ce lundi de premiers éléments sur son identité. Huit personnes ont été interpellées et placées en garde à vue ce lundi dans le cadre de l'enquête. Selon la presse turque, l'attaque a été extrêmement brutale (entre 120 et 180 balles tirées) et relativement longue - environ 7 minutes - ce qui rend difficilement compréhensible le fait que l'assaillant ait parvenu à s'enfuir, dans un contexte de déploiement massif des forces de police (17.000 agents) à Istanbul. Le terroriste, qui serait arrivé sur place en taxi, aurait même pris le temps de changer de tenue avant de prendre la tangente. Le tout dans le quartier d'Ortaköy, à quelques centaines de mètres de l'endroit où se tenaient les célébrations officielles du Nouvel an. L'homme a profité de la confusion et laissé son arme sur place, selon le Premier ministre turc Binali Yildirim, qui a qualifié d'\"infondées\" les informations de presse, surgies très rapidement dans la nuit de l'attaque, selon lesquelles l'assaillant était déguisé en père Noël. Si ce genre de pratiques pourrait s'inscrire dans la logique de mises en scène macabres chère à Daech, les images de vidéosurveillance semblent indiquer que l'assaillant n'est pas costumé au moment de l'attaque - tout au plus coiffé d'un bonnet rouge. #Turquie l'assaillant d'#Istanbul à l'entrée, il n'est effectivement pas clair s'il a un simple bonnet ou celui d'un père Noël pic.twitter.com/mVToDslddf L'identité de l'assaillant n'est pas encore connue, mais le quotidien \"Hürriyet\" rapporte ce lundi que le tueur pourrait, fait relativement inédit au regard du profil habituel des terroristes de Daech, être originaire d'Asie centrale - du Kirghizistan ou d'Ouzbékistan, deux pays à majorité sunnite. Autre fait inhabituel : sa fuite, semble-t-il préméditée. Toutes les récentes tueries de masse en Turquie étaient des attaques-kamikazes qui se soldaient par la mort des assaillants. Des témoins cités par l'agence de presse Dogan ont déclaré avoir entendu le terroriste s'exprimer en arabe, mais cela n'a pas été confirmé par les autorités. Selon \"Hürriyet\", les enquêteurs estiment qu'il pourrait être lié à la cellule qui avait commis en juin dernier un triple attentat-suicide à l'aéroport Atatürk d'Istanbul (47 morts), imputé à l'EI par les autorités. Un peu plus tôt dans la journée de samedi, les autorités avaient annoncé l'arrestation de huit membres présumés de Daech à Ankara. Ils étaient soupçonnés de préparer une attaque imminente contre la capitale. Ce lundi, 8 autres personnes ont été interpellées par la police antiterroriste et placées en garde à vue à Istanbul dans le cadre de l'enquête. Dans son communiqué, Daech accuse la Turquie, également à majorité sunnite, de s'être alliée aux chrétiens : le communiqué, qui mentionne les bombardements turcs en Syrie, accuse le \"gouvernement turc apostat\" d'être \"protecteur de la croix\". Le texte \"parle d'une attaque contre 'les chrétiens célébrant leur fête païenne' : pourtant, la quasi-totalité des 39 tués sont des musulmans\", note le journaliste Nicolas Hénin, signe que Daech, qui revendique pour la première fois une attaque en Turquie, n'assume pas entièrement le fait de s'en prendre à des musulmans. Comme le notent plusieurs observateurs du djihadisme tels que le journaliste Wassim Nasr, la formulation utilisée, \"en réponse à l'injonction de l'émir des croyants\", indique cependant que l'attaque a été directement commandée par Daech et pas seulement inspirée.  Très bon point levé par @SimNasr: l'assaillant n'a pas répondu à \"l'appel\", mais à \"l'injonction\". Suppose un rapport hiérarchique. https://t.co/le9xTvi3jp Le nom du calife autoproclamé de Daech, Abou Bakr al-Baghdadi, est également mentionné, ce qui est interprété par plusieurs experts comme une déclaration de guerre. L'armée turque mène depuis quatre mois une incursion dans le nord de la Syrie, dont elle tente de déloger Daech et les milices kurdes. Des rebelles syriens appuyés par l'armée turque tentent notamment, depuis plusieurs semaines, de reprendre la ville d'Al-Bab, bastion de Daech dans le nord de la Syrie. L'état-major turc a indiqué ce lundi que des avions turcs et russes avaient bombardé des cibles de l'Etat islamique dans le secteur d'Al-Bab dans la nuit de dimanche à lundi. T. V. ? L'Obs "}