{"title": "hommage aux victimes de nice : emmanuel macron \"comprend la colère\" contre l'etat", "newspaper": "NouvelObservateur", "author": ["L'Obs"], "date_publi": "2017-07-14", "theme": "Société", "content": "Après le défilé militaire du 14-Juillet à Paris, le président Emmanuel Macron s'est rendu à Nice ce vendredi pour commémorer l'attentat qui a fait 86 morts et plusieurs centaines de blessés il y a un an. Un hommage officiel a débuté dès 16h30, en présence du président de la République, des membres du gouvernement, mais aussi des anciens présidents de la République François Hollande et Nicolas Sarkozy.   Des décorations ont été remises à des forces de l'ordre présentes le soir du drame par le ministre de l'Intérieur Gérard Collomb et la ministre de la justice, Nicole Belloubet. Après une série d'hommages aux 86 personnes décédées sur la Promenade des Anglais, Emmanuel Macron a pris la parole, assurant \"comprendre la colère\" ressentie contre l'Etat après le drame. \n Le chef de l'Etat a promis que \"tout sera[it] maintenu\" dans l'aide aux victimes du terrorisme. \"Je ne tairais pas ici ce soir les reproches qui se sont fait jour après l'attaque. La colère de beaucoup s'est concentrée sur la puissance publique. Et j'ose vous le dire comme chef de l'Etat : je comprends cette colère\", a-t-il déclaré. Une allusion à la polémique entre le maire de Nice Christian Estrosi et Bernard Cazeneuve autour des moyens pour sécuriser la Promenade des Anglais, et aux craintes des familles de victimes devant l'absence de secrétariat d'Etat dédié dans le nouveau gouvernement. Le chef de l'Etat a poursuivi : Emmanuel Macron a promis aux victimes et à leurs familles que \"l'Etat ne [les] abandonnera[it] jamais\". \"Pas plus qu'il n'abandonnera la recherche de la vérité, le châtiment des coupables mais aussi le soutien humain, juridique, financier qu'il doit aux victimes\".  Outre un défilé militaire, des artistes vont également se succéder pour lire des textes, dont les comédiens Michel Boujenah, Michèle Laroque et Patrick Timsit. La journée d’hommage s’achèvera par un concert de musique classique et l’illumination symbolique de 86 faisceaux lumineux sur la promenade des Anglais, peu après 22h30. La mairie a vu les choses en grand pour cette journée hommage, démarrée dès jeudi soir par une grand messe solennelle à la cathédrale, en présence des représentants de tous les cultes. Une grande partie du centre-ville est réservée aux piétons, la sécurité maximum, avec de nombreux policiers en civil. Les fleuristes de Nice se sont cotisés pour distribuer des roses blanches aux passants. Des télévisions du monde entier sont présentes. Depuis le début de la journée, les Niçois se sont succédé ce vendredi, dans le prolongement de l’avenue symbolique de Nice pour déposer 12.000 plaques bleu, blanc, rouge au sol formant le message \"Liberté, Egalité, Fraternité\", choisi par les familles de victimes. Toutes les plaques de l'hommage participatif ont été déposées quai des Etats-Unis https://t.co/3kiBijWQoo pic.twitter.com/Z9qyA5YmCI M.C. (Avec AFP) L'Obs "}