{"title": "attentat au camion de berlin : le premier suspect interpellé a été relaché", "newspaper": "NouvelObservateur", "author": ["L'Obs"], "date_publi": "2016-12-20", "theme": "Terrorisme", "content": "L'homme soupçonné d'avoir foncé dans la foule sur un marché de Noël berlinois lundi 19 décembre, un demandeur d'asile pakistanais, a été relâché par les autorités allemandes après son interrogatoire. Dès le départ, la police allemande avait émis des réserves sur l'implication dans l'attaque de cet homme. \"Il nie le crime. L'enquête se poursuit\", indiquait le ministre de l'Intérieur mardi en début de journée. Une source proche des services de sécurité a aussi fait savoir au journal \"Die Welt\" que la police n'avait \"pas le bon homme\". \"Il n'est effectivement pas sûr que ce soit le chauffeur\", avait aussi indiqué le patron de la police berlinoise, Klaus Kandt, lors d'une conférence de presse ce mardi.  Et les autorités allemandes ont effectivement fait marche arrière dans la soirée de mardi. L'homme a été remis en liberté mardi soir, faute d'éléments à charge. \"Les résultats de l'enquête n'ont à l'heure actuelle pas mis au jour d'éléments confirmant des soupçons\" à son encontre et notamment sa présence dans la cabine du poids lourd, a expliqué le parquet fédéral. Selon des informations du quotidien \"Die Welt\", ce suspect interpellé dans un premier temps par la police est connu sous les noms de David ou Naved B. – l'existence d'un alias pouvant être attribuée à une question de traduction. Ses papiers d'identité indiquent qu'il est né en janvier 1993 à Turbat, au Pakistan. Il a été enregistré le 31 décembre 2015 en Allemagne, selon Thomas de Maizière, qui précise que sa procédure de demande d'asile n'était pas encore terminée. Selon le \"Spiegel\", il était connu de la police pour des infractions sans lien avec le terrorisme. Le journal allemand indique qu'il vivait dans le camp de réfugiés installé à l'ancien aéroport berlinois de Tempelhof, où les forces spéciales allemandes sont intervenues dans la nuit de lundi à mardi. Quatre personnes y ont été interrogées, d'après le magazine \"Focus\", mais aucune interpellation n'a eu lieu. Du coup, le véritable auteur de l'attentat est en toujours fuite. Klaus Kandt, le chef de la police berlinoise a donc reconnu :  Il n'exclut pas que cette personne ait des complices. Il a ajouté dans la soirée sur une chaîne de télévision que le fugitif avait \"une arme\", sans doute celle qui a servi à tuer le chauffeur polonais en titre du camion utilisé pour foncer la foule.  A.R. ? L'Obs "}