{"title": "pourquoi erdogan et macron ont besoin l'un de l'autre", "newspaper": "NouvelObservateur", "author": ["L'Obs"], "date_publi": "2018-01-05", "theme": "Monde", "content": "Sa visite ne passe pas inaperçue. Vendredi 5 janvier, le président français Emmanuel Macron reçoit son homologue turc Recep Tayyip Erdogan pour un entretien suivi d'un déjeuner. Une première, depuis son accession à l'Elysée en 2017. Mais aussi la plus importante visite du chef de l'Etat turc dans un pays de l'Union européenne depuis le putsch manqué de juillet 2016. Les dossiers abordés seront principalement régionaux, comme le conflit syrien ou la question du statut de Jérusalem. Mais Paris assure que la question des droits de l'homme, y compris celle des journalistes emprisonnés, sera également au programme. Les deux chefs d'Etat devraient prendre la parole lors d'une conférence de presse à partir de 14h45.    \n Isolée diplomatiquement, Ankara semble vouloir rétablir ses relations avec l'Union européenne. Erdogan a ainsi déclaré la semaine dernière vouloir \"avoir de bonnes relations avec l'UE et avec les pays de l'UE\", dans le but de \"réduire le nombre d'ennemis et augmenter le nombre d'amis\". Il a notamment salué le soutien de Paris, mais aussi de Berlin, sur sa vive condamnation de la reconnaissance de Jérusalem comme capitale d'Israël par Washington : Selon Marc Pierini, ancien ambassadeur de l'UE en Turquie et chercheur à l'institut Carnegie du Moyen-Orient, contacté par \"l'Obs\" : Mais un nouvel élan de la candidature turque dans l'UE n'est pas pour demain, affirme-t-il. L'ampleur des purges menées par Ankara après la tentative de coup d'Etat lui a en effet valu de nombreuses critiques de ses partenaires européens, Berlin en première ligne.  Mais Emmanuel Macron, fidèle à sa ligne pragmatique en matière de diplomatie, a appelé à \"éviter les ruptures\" entre l'UE et la Turquie. Car la relation avec le pays est indispensable sur la lutte contre le terrorisme et la crise migratoire. Tout particulièrement à l'heure où les djihadistes français défaits en Syrie cherchent à regagner l'Hexagone – ils seraient \"une centaine en Turquie\", estime Marc Pierini. En dépit de sa promesse d'évoquer le sort des journalistes prisonniers, et de la crainte des associations, \"Emmanuel Macron ne sacrifiera pas [...] les relations turco-françaises sur l'autel de la défense des droits de l'homme\", estime Jana Jabbour, auteure de \"la Turquie, l'invention d'une diplomatie émergente\", auprès de l'AFP. Le ministère des Affaires étrangères Jean-Yves Le Drian a ainsi rappelé le 4 janvier que la visite d'Erdogan serait fondée sur \"des engagements que la Turquie a elle-même pris en matière de droits de l'homme\".  Sans compter que de belles paroles auront sans doute peu de poids, note Marc Pierini : Outre les questions politiques, les chefs d'Etat devraient aussi aborder des questions économiques, souhaitant renforcer leurs relations dans ce domaine. Le porte-parole de la présidence turque, Ibrahim Kalin, a ainsi déclaré dans un communiqué publié dimanche 31 décembre que la France est \"un important partenaire économique et commercial\". En 2016, les échanges entre les deux pays valaient 13,38 milliards de dollars, selon les chiffres d'Ankara. Par ailleurs, la Turquie a signé en novembre une lettre d'intention avec la France et l'Italie ouvrant la voie à l'achat par Ankara de missiles sol-air au consortium franco-italien Eurosam. M.G. (avec AFP) L'Obs "}