{"title": "attentat des champs-elysées : piste belge, daech... le point sur l'enquête", "newspaper": "NouvelObservateur", "author": ["L'Obs"], "date_publi": "2017-04-21", "theme": "Terrorisme", "content": "Daech s'est-il trompé dans sa revendication ? C'est ce que se demandent désormais les enquêteurs. Présenté comme \"Abu Yussef le Belge, soldat du califat\" par le communiqué de l'agence de propagande Amaq jeudi soir, l'homme qui a tiré sur un car de police sur les Champs-Elysées, tuant un agent et en blessant gravement un autre, semble à première vue ne pas avoir de lien avec la Belgique. L'assaillant, abattu par des tirs de riposte, est en effet un Français de 39 ans. Son \"identité est connue et a été vérifiée\", a indiqué le procureur de la République de Paris François Molins. Visé par une enquête antiterroriste pour avoir manifesté son intention de tuer des policiers, il avait été arrêté le 23 février dernier, avant d'être remis en liberté par la justice faute de preuves suffisantes, selon des sources proches de l'enquête.  Karim Cheurfi avait déjà été condamné en 2005 à 15 ans de réclusion pour tentatives d'homicide volontaire sur un policier, un élève gardien de la paix et le frère de celui-ci, en Seine-et-Marne. S'il compte une vingtaine de mentions à son casier judiciaire et était suivi par un juge d'application des peines dans le cadre d'un sursis avec mise à l'épreuve, il ne faisait en revanche, selon nos informations, pas l'objet d'une fiche \"S\". \n  L'homme semble avoir agi seul lors de l'agression, et des investigations sont en cours pour établir \"s'il a bénéficié ou pas de complicités\", a ajouté François Molins. Il était le titulaire de la carte grise du véhicule utilisé pour l'attaque. D'après nos informations, un Coran a été découvert à l'intérieur. Selon France Info, un fusil à pompe avec des munitions de calibre 12, deux gros couteaux de cuisine et un sécateur ont également été retrouvés dans le véhicule qui a été passé au peigne fin par la police scientifique. Un papier avec les adresses du commissariat de Lagny (Seine-et-Marne), de la Direction générale de la sécurité intérieure (DGSI) et des adresses d'armureries a aussi été découvert dans le véhicule, comme révélé par BFMTV. Un mot manuscrit défendant explicitement Daech a enfin été retrouvé près du tueur, selon une source proche de l'enquête auprès de l'AFP.  Attaque des Champs-Elysées : le propriétaire de la voiture était connu de la policehttps://t.co/jLjpfc8UVh Plusieurs perquisitions ont été menées jeudi soir en Seine-et-Marne, et notamment au domicile de Karim Cheurfi. Selon des informations du \"Parisien\", des \"éléments de radicalisation\", dont un livret salafiste, ont été retrouvés chez sa mère, à Chelles. Trois de ses proches, qui se trouvaient aux domiciles perquisitionnés dans la nuit, sont interrogés ce vendredi en garde à vue par les services antiterroristes, a appris l'AFP de source judiciaire. Depuis l'Elysée jeudi soir, François Hollande s'était dit \"convaincu\" que la fusillade était \"d'ordre terroriste\". Dans la foulée de la revendication-express du groupe Etat islamique jeudi soir, les services de renseignements belges ont signalé à leurs homologues français un individu soupçonné d'avoir voulu attaquer la France, et diffusé un avis de recherche. Selon une source proche de l'enquête sur l'attentat des Champs-Elysées, cet homme de 35 ans, présenté comme \"très dangereux\", devait être entendu dans un dossier belge. Lors d'une perquisition, les autorités belges avaient en effet trouvé un billet de Thalys pour la France en date du 20 avril 2017, des armes à feu et des cagoules. Il s'est spontanément présenté à la police. \"L'homme faisant l'objet d'un avis de recherche diffusé par les autorités belges s'est présenté dans un commissariat d'Anvers\", a déclaré ce vendredi matin à l'AFP le porte-parole du ministère de l'Intérieur, Pierre-Henry Brandet. Interviewé sur cette fiche de recherche au micro d'Europe 1, il s'était déjà interrogé sur le lien avec l'attentat commis jeudi soir sur les Champs-Elysées. L'homme signalé par les Belges \"est-il lié de près ou de loin à ce qui s'est passé sur les Champs-Elysées ? Je ne peux pas vous le dire et en tout cas, il est trop pour le dire, il y a un certain nombre d'informations à vérifier\", avait-il indiqué avant d'ajouter : Selon un porte-parole du parquet fédéral belge, interrogé par l'AFP, \"tout ce que qu'on peut dire, c'est qu'à l'heure actuelle, à 9h15 ce matin, il n'y a pas de lien entre cet événement [la fusillade à Paris, NDLR] et la Belgique\", même si \"l'enquête se poursuit activement en étroite collaboration avec les enquêteurs français\". T.V. avec V.L. L'Obs "}