{"title": "ce que contient le très inquiétant programme de donald trump", "newspaper": "NouvelObservateur", "author": ["Paul Laubacher"], "date_publi": "2016-11-09", "theme": "Elections américaines", "content": "Sa victoire était une énorme surprise. L'application du programme de Donald Trump, dont l'investiture a lieu ce vendredi 20 janvier,  en sera une autre. \"Make America Great Again\" : le slogan du candidat républicain a donné le ton. Isolationniste, ultra-conservateur, anti-immigration... Le programme de Donald Trump, parfois flou, souvent non-chiffré, donne des sueurs froides.  Le milliardaire populiste, à l'en croire, engagera le changement au pas de charge, durant ses 100 premiers jours. Il les a détaillés le 22 octobre à Gettysburg, en Pennsylvanie, lieu historique de la guerre de Sécession et d'un discours célèbre du président Abraham Lincoln en 1863.  Un mur de 1.600 kilomètres de long à la frontière mexicaine : c'est l'idée originelle de Donald Trump pour, dit-il, \"endiguer\" l'immigration. Le mur sera financé, et selon lui entièrement remboursé, par le Mexique.   Le milliardaire républicain a aussi promis d'\"expulser plus de 2 millions d'immigrants criminels\" dès son arrivée dans le bureau ovale, et d'\"annuler les visas de pays étrangers qui ne les reprendront pas\".  Donald Trump a également déclaré au cours de la campagne que dès son premier jour à la Maison-Blanche, il engagerait l'expulsion des 11 millions d'immigrants clandestins, ou encore la fin du programme d'accueil des réfugiés syriens. Ces mesures ne figuraient pas dans le discours de Gettysburg. Mais compte tenu de la légèreté de la parole du candidat républicain, rien n'indique qu'il ne passera pas à l'acte.  Autres promesses : revenir sur le droit du sol, qui permet à une personne née aux Etats-Unis d’obtenir la nationalité américaine ; tripler le nombre d’agents de l’immigration ; imposer une peine de prison fédérale de deux ans minimum à tous les immigrants clandestins expulsés qui reviendraient aux États-Unis.  Dès son premier jour, Donald Trump, qui a toujours défendu le protectionnisme, entend annoncer son \"intention de renégocier\" le traité de libre-échange nord-américain (Nafta) et le retrait des États-Unis du partenariat trans-pacifique (TPP). Pour Donald Trump, c'est simple : la Chine \"est responsable de près de la moitié de notre déficit commercial\". Le milliardaire s’est dit prêt à accuser officiellement Pékin de manipulation des taux de change. Il souhaite aussi imposer des droits compensatoires sur les produits \"made in China\". En 2011, Donald Trump disait déjà qu'il taxerait à hauteur de 25% les produits chinois s'il était élu président des États-Unis. En dépit de ses tensions avec son parti, pour l'instant majoritaire à la Chambre et au Sénat, Donald Trump promet aussi de travailler avec le Congrès pour introduire et pousser à l'adoption d'un plan économique créant 25 millions d'emplois sur dix ans, à travers notamment des baisses d'impôts substantielles pour la classe moyenne et les entreprises. Avec l'objectif d'une croissance de 4% par an. Concrètement : le projet économique du candidat républicain vise à relancer l'activité par le déficit et la déréglementation. Il promet 3,5% à 4% de croissance (contre 1,8% projeté pour 2016) en réduisant l'impôt sur les sociétés de 35% à 15%, ainsi que celui des contribuables les plus riches (la tranche la plus élevée passant de 39,6% à 33%) - ce qui gonflerait fortement le déficit budgétaire. A son programme également, 1.000 milliards de dollars d'investissements dans les infrastructures dans les dix ans, grâce à des partenariats public-privé et des investissements privés encouragés par des abattements fiscaux. Comment financera-t-il ce programme ? Que pourra-t-il vraiment accomplir ? De nombreux experts sont dubitatifs, d'autant que Donald Trump a souvent varié dans ses propos. Pour lutter contre le terrorisme, Donald Trump a des idées simples :  Il a aussi promis une forte hausse du budget de la Défense. L'armée a été tellement \"affaiblie\" qu'elle a besoin d'être renforcée à grande échelle, avec davantage de soldats, d'avions et de navires. Donald Trump souhaite que les alliés des Etats-Unis au sein de l’Alliance atlantique (Otan) payent plus pour assurer leur propre sécurité. Et si ils ne le font pas, il menace de sortir les Etats-Unis de l’organisation.   Il veut \"mettre KO\" l'organisation Etat islamique, avec notamment une coopération avec la Russie, sans donner davantage de détails.  Il évoque \"une guerre classique, mais aussi une guerre sur internet, une guerre financière et une guerre idéologique\". \"Ma priorité numéro un est de démanteler l’accord catastrophique avec l’Iran\", avait lancé Donald Trump en mars dernier devant la convention annuelle de l'Aipac, le groupe de pression juif américain favorable à Israël.  Après plusieurs volte-face, Donald Trump s’est finalement aligné sur les positions conservatrices du Parti républicain sur l'avortement. Il affirme donc que l’embryon \"a un droit fondamental à la vie qui ne peut être enfreint\". En ce qui concerne sa politique, il veut permettre aux familles de déduire de leurs impôts les coûts de garde d’enfants. Il propose d’accorder six semaines payées comme une indemnité chômage pour le congé maternité, qui n'existe pas au Etats-Unis.  Donald Trump travaillera aussi à l'abolition la plus rapide possible de la loi sur l'assurance maladie surnommée \"Obamacare\". Le programme du candidat républicain réaffirme que la détention d’armes à feu est \"un droit naturel et inaliénable\". Donald Trump a promis qu’il annulerait l’accord de Paris sur le climat et qu’il supprimerait l’Agence de protection de l’environnement (EPA).  Il lèvera aussi les restrictions à la production d'énergies fossiles et relancera le projet d'oléoduc Keystone XL auquel le président Barack Obama avait mis son veto en février 2015. Donald Trump entend aussi annuler des milliards de dollars de paiements prévus aux Nations unies pour les programmes visant à lutter contre le changement climatique. Paul Laubacher  ? Paul Laubacher Journaliste "}