{"title": "cop21 : black blocs, terrorisme... les menaces auxquelles l'etat se prépare", "newspaper": "NouvelObservateur", "author": ["L'Obs"], "date_publi": "2015-11-06", "theme": "COP21", "content": "Des dizaines de chefs d'Etats et de gouvernements, des milliers de délégués, des journalistes du monde entier, quelque 40.000 participants attendus : tout ce beau monde va se rassembler fin novembre à Paris pour la COP21. Une conférence de l'ONU sur le climat qui doit déjà commencer à empêcher les responsables de la sécurité de trouver le sommeil. Ce vendredi, Bernard Cazeneuve a d'ailleurs évoqué \"un contexte de menace terroriste ou de risque de trouble à l'ordre public\" au moment où toutes les caméras du globe seront braquées sur la capitale française. Le ministre de l'Intérieur a annoncé que la France va rétablir des contrôles aux frontières \"pendant quelques semaines\", rappelant que le Danemark en 2009 ou la Pologne en 2013 avaient fait de même lorsqu'ils étaient organisateurs de l'événement. Du 13 novembre au 13 décembre, les contrôles s'effectueront sur les points de passage routiers, ferroviaires, maritimes et aériens.  Dans une note confidentielle dont RTL a pris connaissance, la direction du renseignement territorial fait état de menaces en marge de la conférence.\n De grandes manifestations ont souvent lieu en marge d'événements internationaux exceptionnels comme la COP21. Des Black Blocs aux zadistes, les mouvements de l'ultra-gauche risquent fort de s'inviter à Paris. La note des policiers évoque notamment la possibilité d'installations de campements dans les environs du Bourget où aura lieu la conférence. La plus grande crainte pour la sécurité reste le déclenchement d'incidents lors des différentes manifestations avec des risques de mouvements de foule. La note met en avant une volonté de déstabilisation \"certaine\" portée par ces groupes. Entre 4.000 et 5.000 CRS et gendarmes seront mobilisés pour faire face aux militants qui tenteraient de perturber les deux grandes manifestations prévues pendant la conférence : la \"Marche mondiale pour le climat\", le 29 novembre et la \"Marche pour la justice climatique\" le 12 décembre.  L'alerte est maximale. \"Nous sommes dans un pays qui a été visé par le terrorisme\", soulignait Pierre-Henri Guignard, secrétaire général chargé de la préparation de la COP21 en septembre, \"donc nous savons très bien que le contexte est difficile\". Les services du Premier ministre ont déjà annoncé que 1.500 policiers, gendarmes et pompiers seront directement mobilisés juste sur le site de la conférence et ses abords afin d'assurer la sécurité. Alors que François Hollande espérait rassembler les 80 chefs d'Etats sur le perron de l'Elysée, ce projet pourrait être annulé pour des raisons de sécurité, selon la note consultée par RTL.  L.M. L'Obs "}