{"title": "l'étrange théorie de valérie m., \"dernière compagne de charb\"", "newspaper": "NouvelObservateur", "author": ["L'Obs"], "date_publi": "2015-10-19", "theme": "Charlie Hebdo", "content": "\"Je veux connaitre la vérité\", explique Valérie M., présentée comme dernière compagne de Charb. Cette femme avec qui il entretenait une relation depuis plusieurs année raconte au \"Parisien\" les dernières heures qu'elle a passé avec le directeur de \"Charlie Hebdo\", le matin de l'attentat du 7 janvier. Et s'interroge sur les raisons de l'attentat. Selon elle : Valérie M. évoque la quête de fonds que menait Charb pour renflouer les caisses du journal et sous-entend qu'elle pourrait avoir un lien avec l'attentat. \"Il a été mis en relation avec beaucoup de personnes différentes, parmi lesquels des hommes d'affaires, notamment du Proche-Orient, avec qui il passait des soirées\", raconte-t-elle. La vieille de l'attentat, Charb lui aurait dit qu'il avait par ce biais trouvé l'argent. \"Une coïncidence troublante\", estime Valérie M.   Patrick Pelloux, urgentiste et chroniqueur à \"Charlie Hebdo\", confirme au \"Parisien\" que Charb, dont il était un intime, cherchait à renflouer les caisses : \"Il m’avait dit qu’il manquait effectivement environ 200.000 euros dans les caisses. Je sais aussi qu’il se démenait pour trouver de l’argent, même s’il était très discret là-dessus. Il m’a dit qu’il voyait des gens riches, des banquiers, des hommes d’affaires, mais je n’ai pas su qui exactement. En tout cas, il m’avait dit une fois en riant que certaines personnes qu’il voyait n’étaient pas vraiment dans l’esprit du journal, mais ce qui lui importait, c’était de sauver 'Charlie'\".\n \"Ce qui est sûr, c’est que les derniers jours, il se félicitait que la campagne de dons aux lecteurs ait bien fonctionné, rapportant environ 170.000 euros\", rapporte un autre de ses proches. Un membre de \"Charlie\" également interrogé par \"Le Parisien est lui catégorique : \"Je n’y crois pas du tout, c’est n’importe quoi. Je vois mal un de ces riches hommes d’affaires mettre de l’argent dans une entreprise sans en attendre le moindre retour sur investissement.\" Elle rappelle également le cambriolage qui s'est déroulé selon elle au domicile de Charb quelques jours après le drame, durant lequel \"des dessins et son ordinateur portable\" auraient disparu. \"Il me paraît indispensable de retrouver cet ordinateur portable qui contient sûrement des informations utiles à l'enquête. Or je m'étonne que les policiers qui ont recueilli mon témoignage n'aient pas eu l'air intéressés par cet élément\", dit-elle. Et de conclure :  Le 7 janvier, les frères Kouachi ont tué 11 personnes dont 8 collaborateurs du journal.  L'Obs "}