{"title": "attentat déjoué avant la présidentielle : marine le pen était visée", "newspaper": "NouvelObservateur", "author": ["L'Obs"], "date_publi": "2017-06-16", "theme": "Terrorisme", "content": "Du nouveau dans l'affaire de l'attentat déjoué avant la présidentielle. Cinq jours avant le premier tour de l'élection, deux hommes, soupçonnés de préparer un attentat \"imminent\", étaient arrêtés à Marseille, Clément Baur et Mahiedine Merabet. Des documents saisis par la DGSI laissent alors penser que François Fillon était visé. Mais ce vendredi 16 juin, \"Libération\" affirme que \"les enquêteurs ont acquis [...] la conviction que Fillon n’était pas directement visé\".  Le quotidien assure, en revanche, que \"le meeting de la candidate du Front national qui se tenait le mercredi 19 avril à Marseille - à quatre jours du premier tour de l’élection présidentielle - figurait, lui, parmi les cibles de Baur et Merabet\".\n \"Libération\" explique aussi que des bars et des bureaux de vote auraient pu être attaqués : A la suite de l'arrestation des deux hommes, la protection du candidat LR, et celles d’Emmanuel Macron et de Marine Le Pen avaient été renforcées. M.G. L'Obs "}