{"title": "attentat de londres : un policier raconte sa lutte avec les trois terroristes", "newspaper": "NouvelObservateur", "author": ["L'Obs"], "date_publi": "2017-06-28", "theme": "Monde", "content": "\"Tout ce que j'ai essayé de faire, c'est de maintenir ces gens en vie.\" Wayne Marques, policier londonien de 38 ans, a été l'un des héros de l'attentat qui a visé le capitale britannique - London Bridge et Borough Market - le 3 juin dernier et qui a fait huit morts.   Il a livré son témoignage à la \"BBC\".\n Originaire de Birmingham, le policier a été blessé très gravement lors de son face à face avec les trois terroristes, Khuram Shazad Butt, Rachid Redouane et Youssef Zaghba.   Au début de l'attaque, Wayne Marques assure son service non loin du London Bridge. Il se détend pendant sa pause et regarde un match de football sur son smartphone. L'agent raconte avoir alors entendu des cris et a très rapidement compris qu'un événement grave était en cours. Pensant à une bagarre de rue, il descend la rue et est prévenu que quelqu'un a été poignardé. \"Une jeune femme criait et je l'ai vu se faire poignarder par un homme. Un autre passant s'est mis à courir vers moi et a trébuché. J'aperçois les couteaux et je les vois l'entourer et le frapper au sol\". Wayne Marques décide alors d'intervenir et de s'opposer aux trois terroristes. \"J'ai déplié ma matraque, pris une grande respiration et j'ai chargé\", se rappelle-t-il.  \"J'essaye de mettre hors d'état de nuire d'un seul coup le premier. Il faiblit et je parviens presque à le mettre au sol. A ce moment-là, je reçois une très grosse charge au flanc. Je sens le métal.\" Le policier vient d'être poignardé à l'oeil droit.  Entouré par deux, puis trois assaillants, Wayne Marques se bat pendant de longues secondes. \"Je me suis aperçu que j'avais un couteau planté dans la jambe droite [...] Une voix dans ma tête m'a dit 'ne tombe pas, ne tombe pas'. A ce moment-là, j'essayait simplement de résister, je ne me rendais pas à quel point j'étais blessé.\" Les trois terroristes s'éloignent du policier. \"Le plus petit d'entre eux a crié 'Allahu Akbar' plusieurs fois\", raconte l'agent, qui s'attend à être achevé : Le commando s'éloignent et les collègues de Wayne Marques arrivent sur les lieux de l'affrontement. \"Je leur ai dit 'allez les choper'\", raconte le policier. \"Je savais que j'étais blessé très gravement [...] J'ai réalisé que j'avais très peu de temps [...] Je crache le sang que j'ai dans la bouche [...] J'ai demandé au collègue qui me tenait la main de faire passer un message à ma famille et mon partenaire. Il m'a dit 'pas question, mec'. Je lui ai dit 'fais-le' et je me suis évanoui.\" Wayne Marques a subi de nombreuses opérations et prend plus de 20 pilules chaque jour pour se soigner depuis l'attentat. Il espère pouvoir guérir de ses blessures à la jambe mais n'a pas encore décidé s'il souhaitait reprendre son activité de policier. L.B. L'Obs "}