{"title": "l'aveu de hollande : \"ce n'est pas en enlevant la nationalité qu'on combat le terrorisme\" ", "newspaper": "NouvelObservateur", "author": ["L'Obs"], "date_publi": "2016-04-06", "theme": "Politique", "content": "C’est un aveu d’échec pour François Hollande. Dans une interview au journal allemand \"Bild\", le président français reconnaît l’inefficacité de la déchéance de nationalité, qui a pourtant occupé le débat français pendant quatre mois. Dans ce cas, comment remédier au terrorisme ? Selon le président, \"en luttant contre les racines mêmes de la radicalisation et de la haine. Et c’est en menant des politiques coordonnées à l’échelle de l’Europe pour appréhender les individus qui veulent nous frapper\".   Un point de vue qu'il défendait déjà en 2010, s'élevant fermement contre le projet de déchéance de nationalité de Nicolas Sarkozy.\n Pourtant, le 16 novembre 2015, trois jours après les attentats de Paris, François Hollande annonce devant le Congrès à Versailles que la déchéance de nationalité sera étendue aux binationaux \"nés Français\" condamnés pour terrorisme.  Le débat va déchirer la classe politique. Dès le 20 novembre, le défenseur des droits Jacques Toubon critique la mesure, qui va créer \"deux catégories de citoyens\". Elle sera contestée au sein même du parti de la majorité. Le 27 janvier, la garde des Sceaux Christiane Taubira démissionne en invoquant un \"désaccord politique majeur\" sur ce dossier.  Finalement, François Hollande se résout le 30 mars à abandonner cette réforme. En l'absence d'accord entre les deux chambres - qui rend très difficile l'organisation d'un Congrès pour voter la révision constitutionnelle -, il préfère capituler.  Désormais, le chef de l'Etat se tourne vers l'Union européenne pour prévenir la menace terroriste. \"Le groupe qui a perpétré les attentats de Paris et de Bruxelles était composé d’individus venant de plusieurs pays d’Europe. Récemment un complice a été arrêté en Italie, d’autres aux Pays-Bas. Les terroristes ne connaissent pas de frontières. Donc, la guerre contre ce fléau ne peut être menée et gagnée dans un seul pays\", dit-il à \"Bild\". A. S. L'Obs "}