{"title": "déchéance de nationalité : les approximations (gênantes) de valls", "newspaper": "NouvelObservateur", "author": ["Lucas Burel"], "date_publi": "2015-12-29", "theme": "Politique", "content": "Face aux critiques virulentes et au débat intense suscité dans sa propre majorité, Manuel Valls a - de nouveau - défendu lundi le projet d'élargir la déchéance de nationalité aux binationaux nés Français et condamnés pour terrorisme.  Dans une tribune publiée sur son compte Facebook, il s'en prend aux \"amalgames\" et aux \"arguments infondés\" qui renforcent, selon lui, la \"propagande\" du FN et des \"cercles identitaires\".  Sauf que la démonstration du Premier ministre souffre d'approximations. Ainsi, en s'appuyant notamment sur les exemples de \"pays démocratiques proches de la France\", Manuel Valls commet plusieurs erreurs factuelles.\n \"Je ne peux laisser tout dire sur la déchéance de nationalité : revenons aux faits !\", écrit-il en préambule de la tribune. Pour le coup, c'est raté. \"Comment peut-on dire que priver de la nationalité française des terroristes condamnés serait une idée d'extrême droite ? D'abord, parce que c'est strictement faux : ce principe existe dans de nombreux pays démocratiques proches de la France: en Grande-Bretagne, au Canada, en Suisse, aux Pays-Bas et d'autres encore, sans doute\", écrit Manuel Valls. Avant d'ajouter :   Problème : cette affirmation est fausse. La binationalité a toujours été autorisée en Allemagne pour les ressortissants de l'Union européenne et de Suisse.  De plus, depuis 2014, une nouvelle loi autorise les enfants nés en Allemagne de parents étrangers à devenir allemands sans avoir besoin de renoncer à leur première nationalité. Cette mesure est surtout destinée aux enfants d'immigrés turcs, très nombreux Outre-Rhin. Ce texte précise qu'ils peuvent avoir la double nationalité à condition d'avoir vécu huit ans dans le pays, d'y avoir étudié au moins six ans, passé un examen scolaire ou achevé une formation professionnelle avant leur 21e année. \"Il faut de toute urgence que Manuel Valls retourne à l'école\" ironise Daniel Cohn-Bendit, dans \"Libération\". Et pour cause, l'ex député européen a acquis la double nationalité franco - allemande en mai dernier. Pour la petite histoire, le Premier ministre aurait également été bien inspiré de regarder dans son propre gouvernement : Matthias Fekl, le secrétaire d'Etat au Commerce extérieur est... franco-allemand. Ni vu ni connu, l'équipe de communication de Manuel Valls a depuis retiré l'exemple allemand de la tribune sur Facebook.  Autre affirmation du locataire de Matignon sujette à critiques : Or, selon la presse belge, \"ce débat est \"tranché depuis belle lurette\".  La loi sur la déchéance de nationalité adoptée en Belgique en juillet 2015 est bien différente de celle soutenue par l'exécutif en France et concerne uniquement les personnes qui ne sont pas nés Belges, ou qui ont acquis la nationalité par naturalisation, rappelle \"La Libre\". Un détail d'importance, qui a visiblement échappé à Manuel Valls. Non sans humour, \"La Libre\" rappelle que même la N-VA (le parti nationaliste flamand classé par beaucoup à l'extrême-droite) avait fini par abandonner l'idée de pouvoir retirer la nationalité aux binationaux nés belges. Une disposition soutenue mordicus par le Premier ministre français. L.B. Erratum : contrairement à ce que nous écrivions dans une première version de l'article, Manuel Valls ne se trompe pas en affirmant que les esclavagistes ont été déchus de la nationalité française en 1848. L'historien Patrick Weil, spécialiste de la question, a indiqué à \"Libération\" que l'article 8 du décret du 27 avril 1848, qui dispose que le trafic d'êtres humains \"entraînera la perte de la qualité de citoyens français\", peut bel et bien s'interpréter comme une version primitive de la déchéance de nationalité. Lucas Burel Journaliste "}