{"title": "attentat dans le métro de londres : où en est l'enquête une semaine après ?", "newspaper": "NouvelObservateur", "author": ["L'Obs"], "date_publi": "2017-09-21", "theme": "Monde", "content": "Cela fera une semaine demain. Vendredi 15 septembre au matin, un attentat a été perpétré dans la station de métro Parsons Green, dans le sud-ouest de Londres.  Vingt-neufs personnes ont été blessées dans l'explosion d'une bombe artisanale, un événement rapidement revendiqué par le groupe Etat islamique. Six jours plus tard, que nous apprend l'enquête ?   Un homme a été interpellé dans la nuit de mercredi à jeudi, portant à six le nombre d'arrestations dans cette affaire, a annoncé ce jeudi matin la police britannique.\n 17-year-old male was arrested in Thornton Heath at 00:05 in connection with #ParsonsGreen attack - police have sealed off this property pic.twitter.com/sNUcQat1Z1 Le jeune homme, âgé de 17 ans, a été arrêté vers 23 heures, heure britannique, dans le cadre de la législation antiterroriste à Thornton Heath, dans la banlieue sud de Londres, où une perquisition est en cours ce jeudi, a précisé la police dans un communiqué.  \"L'enquête continue de progresser rapidement\", a déclaré Dean Haydon, un responsable de l'antiterrorisme à la Metropolitan Police, dans le communiqué.  Celles-ci, a-t-il précisé, devraient durer encore \"plusieurs jours\". A Londres, détaille le \"Guardian\", les enquêteurs continent de questionner Yahyah Farroukh, l'étudiant syrien âgé de 21 ans qui a été arrêté à Hounslow, dans l'ouest londonien, samedi soir. Selon les médias britanniques, il s'agit d'un orphelin irakien qui vivait dans une maison de Sunbury-on-Thames, à une vingtaine de kilomètres de la capitale britannique, appartenant à un couple âgé et respecté, faisant office de famille d'accueil. La police auditionne aussi l'homme de 18 ans, arrêté samedi matin dans la zone de départ du port de Douvres, ainsi que les trois hommes de 25, 30 et 48 ans, arrêtés à deux endroits de Newport, au Pays de Galles.  Les suspects sont tous détenus dans une station de police du sud de Londres. La législation antiterroriste britannique permet de les détenir 14 jours sans poursuites. Outre l'adresse à Thornton Heath, une perquisition a été menée dans un local commercial de Hounslow, où Yahyah Farroukh a été arrêté samedi. Elle est désormais terminée, selon la police. Deux autres opérations se déroulent dans le comté de Surrey, au sud-ouest de Londres, où vivaient les deux premiers suspects arrêtés. Des perquisitions se poursuivaient, en outre, dans deux lieux de Newport.  BREAK: Police cordon around poroperty in #ThorntonHeath relating to arrest of 17-year-old male over #ParsonGreen terror attack - @SkyNews pic.twitter.com/tpoWKANz3h L'attentat du métro de Londres est le cinquième à frapper le Royaume-Uni en six mois. Trente-cinq personnes ont été tuées dans les précédentes attaques. A Londres, en mars, un assaillant avait utilisé un véhicule pour percuter des passants sur le pont de Westminster avant de poignarder un policier, faisant 5 morts. Deux mois plus tard, des hommes à bord d'une camionnette avaient foncé contre des passants sur le London Bridge avant d'en poignarder plusieurs. En juin, enfin, un véhicule a foncé sur une foule de fidèles qui sortent de la mosquée de Finsbury Park (nord de Londres), faisant un mort et une dizaine de blessés. L'Obs "}