{"title": "attentat de new york : trump réclame la peine de mort pour l'auteur", "newspaper": "NouvelObservateur", "author": ["L'Obs"], "date_publi": "2017-11-02", "theme": "L'Amérique selon Trump", "content": "Le président américain Donald Trump a réclamé mercredi sur son compte Twitter que l'auteur de l'attentat de New York, qui a fait huit morts, se voit infliger la peine de mort. \"Le terroriste de NYC (pour New York city, ndlr) était satisfait et a demandé que le drapeau de l'EI soit accroché dans sa chambre d'hôpital. Il a tué 8 personnes et en a grièvement blessé 12. IL DEVRAIT ETRE CONDAMNE A MORT !\", a écrit Donald Trump sur Twitter.  NYC terrorist was happy as he asked to hang ISIS flag in his hospital room. He killed 8 people, badly injured 12. SHOULD GET DEATH PENALTY!\n— Donald J. Trump (@realDonaldTrump) 2 novembre 2017 Le président américain avait déjà évoqué la possibilité d'envoyer Sayfullo Saipov - un Ouzbek de 29 ans arrivé aux Etats-Unis en 2010 - à Guantanamo, la base américaine à Cuba qui sert de centre de détention controversé aux individus accusés d'avoir participé à des entreprises jihadistes.  Auteur présumé de l'attentat de New York mardi, Sayfullo Saipov, blessé lors de son arrestation et hospitalisé depuis, a déclaré aux enquêteurs être \"satisfait\" de son acte et demandé que soit déployé dans sa chambre d'hôpital le drapeau noir du groupe jihadiste Etat islamique (EI). Saipov a reconnu être l'auteur des écrits en arabe mentionnant l'EI retrouvés à proximité du camion par les enquêteurs. Inculpté pour terrorisme, il est déjà cité pour deux chefs d'inculpation fédérale - violence et destruction de véhicules et soutien à une organisation terroriste étrangère -, qui l'exposent à la prison à perpétuité. Le procureur de Manhattan, Joon Kim, a même évoqué une procédure qui permettrait de requérir la peine de mort. (Avec AFP) L'Obs "}