{"title": "qui sont les trois assaillants de l'attentat de londres ?", "newspaper": "NouvelObservateur", "author": ["L'Obs"], "date_publi": "2017-06-06", "theme": "Terrorisme", "content": "La police britannique a révélé lundi l'identité de deux des trois auteurs de l'attentat de Londres : Khuram Shazad Butt, 27 ans, un Britannique né au Pakistan connu des services de police, et Rachid Redouane, 30 ans, qui se présentait comme un binational marocain et libyen.   Le commandant de l'unité antiterroriste Mark Rowley a déclaré que les deux hommes avaient participé avec un troisième complice à l'attaque qui a fait 7 morts et une cinquantaine de blessés. Selon les médias italiens, il s'agirait d'un Italo-Marocain de 22 ans, une identité confirmée à la mi-journée par la police britannique.\n Le point sur ce que l'on sait des trois individus. Fan du club de football d'Arsenal et de musculation, mais aussi de provocations à caractère djihadiste : Khuram Shazad Butt avait été repéré par les services de sécurité mais jugé d'une dangerosité limitée. La police a fait savoir qu'elle ne disposait pas d'éléments laissant penser qu'il préparait un attentat. Le jeune homme, qui a grandi en Grande-Bretagne, avait attiré l'attention pour sa radicalisation dès 2015, date à laquelle les services de sécurité avaient ouvert une enquête à son sujet, alimentée notamment par un signalement sur une hotline antidjihadiste. Mais aucun signe de préparation d'un passage à l'acte n'avait été décelé et \"la priorité des enquêtes\" est allée à d'autres dossiers, a reconnu lundi Scotland Yard, qui précise suivre 3.000 personnes simultanément. D'après le \"Guardian\", Khuram Butt, qui se faisait aussi appeler Abu Zaitun, avait rejoint le groupe islamiste britannique interdit al-Muhajiroun, soupçonné d'avoir servi de plate-forme de recrutement pour une centaine de candidats au djihad. Il a également été déclaré persona non grata dans deux mosquées à Londres et Barking en raison de son activisme, selon ce journal. L'an passé, il était apparu dans un documentaire de la chaîne de télévision Channel 4 intitulé \"Mes voisins les djihadistes\", dans lequel on le voyait, en tenue de prière, se recueillir dans un jardin public avec un groupe d'hommes devant un drapeau noir évoquant celui de l'Etat islamique, l'organisation qui a revendiqué l'attentat de samedi. Le parcours de Rachid Redouane est moins connu. La télévision publique irlandaise RTE, citant des sources policières irlandaises, a révélé qu'il avait vécu à Dublin, où il s'est marié en 2011 avec une Britannique avant de gagner le Royaume-Uni. Selon cette source, il était également inconnu des services de police irlandais. Scotland Yard a précisé qu'il utilisait également une autre identité, se présentant sous le nom de Rachid Elkhdar, âgé de 25 ans. Selon le \"Gardian\", il était pâtissier de profession. Selon les quotidiens \"Corriere della Sera\" et \"Repubblica\", le troisième auteur était Youssef Zaghba, un Italo-Marocain de 22 ans repéré et signalé par les services de renseignement italiens. Lundi soir, les dix personnes encore détenues dans le cadre de l'enquête ont été relâchées. Ces quatre hommes et ces six femmes avaient été arrêtés dimanche à Barking, d'où étaient originaires Khuram Shazad Butt et Rachid Redouane. Deux autres personnes avaient déjà été libérées sans encourir de poursuites. (avec AFP) L'Obs "}