{"title": "attentat à londres : les lycéens de concarneau sous le choc", "newspaper": "NouvelObservateur", "author": ["Marie Campistron"], "date_publi": "2017-03-23", "theme": "Terrorisme", "content": "Ils étaient 92 élèves du lycée Saint-Joseph de Concarneau à partir pour quelques jours en voyage scolaire à Londres. Alors qu’une partie d’entre eux se rendaient mercredi après-midi, sur le pont de Westminster, une voiture a foncé à vive allure sur la foule, percutant au passage trois élèves. Aujourd’hui hospitalisés, deux des trois garçons en classe de seconde générale se trouvent dans un état grave et souffrent de lourdes fractures. Leur pronostic vital ne serait toutefois pas engagé, comme l’a souligné le sous-préfet de Châteaulin (Finistère), Bernard Musset.  \"La voiture a percuté trois garçons, on a tous eu le réflexe de reculer\", raconte à 'Ouest-France' Johan, un de leurs camarades de lycée, présent lors de l'attaque. Selon le quotidien régional, les trois classes ont été mises en sécurité, en rejoignant pour certains un bateau hôtel sur la Tamise et pour d’autres l’auberge de jeunesse où ils logeaient le temps de leur séjour.   Bouleversés, les élèves sont assistés par des psychologues francophones. Il doivent être rapatriés chez eux par avion dans la journée de jeudi, mais certains devraient également être entendus ou ré-entendus par la police britannique auparavant. Par ailleurs, les familles des élèves hospitalisés ont pu dès mercredi soir rejoindre la capitale anglaise, par avion de la flotte gouvernementale, selon \"Franceinfo\". \n En France, la petite commune de Concarneau est sous le choc. Malgré l'ambiance toujours pesante, les cours ont été maintenus ce jeudi matin dans le lycée Saint-Joseph où sont scolarisés les trois victimes de l'attaque. Victoire, élève en 1ère scientifique témoigne auprès de \"20 minutes\" :  L'établissement a également mis en place jeudi matin une cellule psychologique. Une ambulance est arrivée dans la matinée et a pris place dans la cour intérieure. Le maire de la ville André Fidelin, le préfet du Finistère, Pascal Lelarge  ainsi que l'évêque de Quimper, Mgr Laurent Dognin se sont rendus sur place auprès des élèves dès 9h.  Les professeurs \"ont tous pris un petit temps au début de leur cours pour échanger\" avec les élèves et ceux qui ont choisi de rencontrer les psychologues \" se sont exprimés sans stress particulier\" et \"n'étaient pas dans un esprit de haine\", a rapporté le prélat.  Dans la matinée, des parents préoccupés se sont également déplacés au lycée pour en savoir plus. Parmi eux, Marie-Christine, mère de Morgane, une jeune fille participant à ce voyage scolaire. Elle raconte à l'AFP que sa fille, avec qui elle a pu rentrer en contact mercredi soir, \"était sur le pont\".  Morgane fait partie des élèves qui devaient être interrogés ce jeudi par les enquêteurs, avant de reprendre l'avion pour rentrer en France.  Marie Campistron (avec AFP)  Marie Campistron Journaliste "}