{"title": "zemmour \"respecte les djihadistes\" : le parquet de paris saisi", "newspaper": "NouvelObservateur", "author": ["L'Obs"], "date_publi": "2016-10-07", "theme": "Société", "content": "Après les propos d'Eric Zemmour, qui a dit \"respecter les djihadistes prêts à mourir pour ce en quoi ils croient\", des familles de victimes du 13 novembre ont saisi le parquet de Paris par le biais de leur avocate et de l'association SOS Racisme pour apologie du terrorisme. Dans une interview donnée au mensuel \"Causeur\" en kiosque jeudi, l'écrivain réfute la qualification \"d'esprits faibles\" des terroristes de Daech que donne le journaliste qui l'interroge, ont relevé \"l’Express\" et le site Les Crises. \"Quelle condescendance ! Moi, je prends l'islam au sérieux, je ne le méprise pas !\", poursuit-il, avant de lâcher :     Quand le journaliste de \"Causeur\" lui demande s'il respecte \"des gens qui roulent en camion sur des enfants\", faisant ainsi référence à l'attentat de Nice, l'ancien journaliste précise :  La réponse in extenso de #Zemmour dans le dernier Causeur. On frise l'apologie du terrorisme. https://t.co/DpPDAS2ESh pic.twitter.com/aaW3GrXOHY Des propos insupportables pour les familles de victimes du 13 novembre. Pour l'avocate de certains d’entre eux, Samia Maktouf, Eric Zemmour valorise l'action des terroristes. Elle demande au parquet d'engager des poursuites pénales et le retrait immédiat des déclarations \"de tout emplacement où elles viendraient à se trouver sur Internet\", selon \"le Parisien\". \"Cela s'inscrit dans l'absence de respect des familles, et dans l'insulte de la mémoire des victimes\", a-t-elle dit sur BFMTV. \"Eric #Zemmour est dans la provocation la plus totale\" #terrorisme @samiamaktouf #GrandAngle @BFMTV Même discours pour SOS Racime qui juge les propos \"intolérables\" et déplore la présence du polémiste dans les médias, selon \"le Parisien\". De son côté, Olivier Pardo, l'avocat d'Eric Zemmour, plaide pour une erreur d'interprétation des propos de son client, selon BFMTV : \"il voulait dire que les membres de l'Etat islamique ne sont pas des faibles d'esprit, c'est une organisation forte. L'amalgame avec ceux qui soutiennent les terroristes, c'est stupéfiant, idiot et dangereux\". Jean-Marc Rouillan, l'ancien leader du groupe armé d'extrême gauche Action directe qui avait qualifié de \"courageux\" les auteurs des attentats djihadistes du 13 novembre, a été condamné le 7 septembre à huit mois de prison pour apologie du terrorisme.  Eric Zemmour a été condamné en 2011 pour provocation à la discrimination raciale après avoir déclaré à la télévision que \"la plupart des trafiquants sont noirs et arabes, c'est comme ça, c'est un fait\". Il a ensuite été condamné en 2015 à 3.000 euros d'amende pour provocation à la haine envers les musulmans, pour des propos au journal italien \"Corriere Della Sera\" en octobre 2014. Il y déclarait notamment que les musulmans \"ont leur code civil, c'est le Coran\", qu'ils \"vivent entre eux, dans les banlieues. Les Français ont été obligés de s'en aller\". L'Obs "}