{"title": "somalie : l'attentat de mogadiscio a fait plus de 137 morts", "newspaper": "NouvelObservateur", "author": ["L'Obs"], "date_publi": "2017-10-15", "theme": "Monde", "content": "Au moins 137 personnes ont été tuées dans l'attentat au camion piégé qui a eu lieu samedi dans le centre de Mogadiscio, la capitale somalienne, apprend-on ce dimanche de source policière. Il y a aussi 300 blessées. \"Nous obtenons différents chiffres pour les victimes de la part des centres médicaux, mais nous avons confirmé pour l'instant 137 (morts), la plupart brûlés au point de ne pas être reconnaissables. Le bilan des morts peut être encore plus élevé, car il y a plus de 300 blessés, pour certains d'entre eux grièvement\", a déclaré un responsable de la police, Ibrahim Mohamed.  \"Il est très difficile d'avoir un chiffre précis parce que les corps des morts ont été emmenés vers différents centres médicaux, et certains d'entre eux ont été enlevés directement par leurs proches pour être enterrés\", a-t-il ajouté.\n Selon lui, il s'agit du \"pire attentat\" ayant jamais frappé la Somalie. Le camion piégé a explosé samedi en milieu d'après-midi samedi sur le carrefour PK5 à Hodan, un quartier commercial très animé où l'on trouve de nombreux magasins et hôtels. L'attentat n'a pas encore été revendiqué, mais les attaques et attentats suicides sont fréquents de la part des shebab, des islamistes somaliens affiliés à Al-Qaïda. Ils ont juré la perte du fragile gouvernement central somalien, soutenu par la communauté internationale et par les 22.000 hommes de la force de l'Union africaine (Amisom). Les shebab ont été chassés de Mogadiscio en août 2011 et ont ensuite perdu l'essentiel de leurs bastions, mais ils contrôlent encore de vastes zones rurales d'où ils mènent des opérations de guérilla et des attentats-suicides, contre la capitale et contre des bases militaires, somaliennes ou étrangères.  Emmanuel Macron a assuré dimanche la Somalie et l'Union africaine de la \"solidarité\" et du \"soutien\" de la France face aux \"groupes terroristes islamistes\".  \"Solidarité avec la Somalie. Soutien à l'Union africaine contre les groupes terroristes islamistes. La France se tient à vos côtés\", a écrit le chef de l'Etat sur Twitter.   (AFP) L'Obs "}