{"title": "un an après l'attentat, le blues des blouses blanches de nice", "newspaper": "NouvelObservateur", "author": ["Charlotte Cieslinski"], "date_publi": "2017-07-14", "theme": "Terrorisme", "content": "Cette nuit du 14 juillet 2016, Eléonore a vaguement entendu le bourdonnement d’un ou deux hélicoptères. Mais elle s’est rendormie, pensant qu’il s’agissait d’un rêve. Infirmière à la retraite, elle vit sur les hauteurs de Nice, à 150 mètres du CHU Pasteur, l’hôpital qui, ce soir-là, a accueilli le plus gros contingent de victimes de l’attentat de la Promenade des Anglais. Les SMS de ses petits-enfants lui ont appris le drame au réveil et sa pensée a dérivé vers les innombrables blouses blanches s’affairant à quelques pas de là. Un an plus tard, ce CHU ultramoderne a encore bien des plaies à panser, y compris celles de ses propres soignants. \"L’élaboration des plannings du 14 juillet 2017 par exemple, ça a été quelque chose…\", nous souffle Karine Hamela, qui y dirige le pôle des ressources humaines. Infirmiers, médecins ou urgentistes, certains tiennent à tout prix à travailler en cette date anniversaire du carnage qui a fauché 86 vies. D’autres n’en sont tout simplement pas capables.  Il y a les gens qui disent \"Je vais bien\" pour couper court aux questions, ceux surtout, qui ne s'autorisent pas à aller mal. Brancards affluant par centaines, bips sonnant à tout va : visions et émotions resurgissent par bribes à l’approche des commémorations.\n \"Cette date est un facteur de réactivation du stress ressenti, inévitablement on repense à tout ça\", décrypte le Pr Michel Benoît, qui dirige le service psychiatrique du CHU de Nice et supervise le suivi psychologique post-attentat des équipes. \"Elles minorent leur mal-être\", observe-t-il. Et ce, qu’elles aient fait partie des 400 personnes engagées le soir même ou des 1.800 mobilisées les jours suivants. Une déformation propre à la profession, que décrivait déjà très justement l’urgentiste Patrick Pelloux, après l’attentat de Charlie Hebdo. Dans \"l'Instinct de Vie\" (Editions du Cherche-Midi), il écrit : Peut-être plus qu’ailleurs, le personnel hospitalier peine à admettre qu’il va mal. \"Près de 8.000 personnes travaillent au CHU, toutes professions confondues. Mais on n’a eu qu’une petite vingtaine d’arrêts de travail alors qu’on a énormément de personnes marquées à vie\", détaille Karine Hamela. \"Ce sont des personnes qui étaient soit en charge des patients ce soir-là, soit présentes ou blessées sur place – deux seulement–, soit des gens qui étaient tout simplement très choqués. Mais ces chiffres ne sont pas représentatifs de la réalité…\" A Paris, 20% des personnes (médecins, mais aussi pompiers et policiers) ayant du intervenir au cours des attentats de janvier 2015 ont développé des troubles somatiques, révèle l’étude IMPACTS. Taboue, cette réalité peine à être assumée par ceux qu’elle affecte. A Nice, tous ne sont pas encore retournés sur cette Prom sur laquelle a surgi un jour un camion fou. Et ceux qui y vont, ne s’y prélassent insouciamment plus sur ses iconiques chaises bleues. Symptômes de ces maux silencieux, le casse-tête de la constitution des plannings, ou même des listes pour aller représenter le CHU aux différentes cérémonies des commémorations. \"Au moment d’établir des listes pour savoir qui allait représenter le CHU à tel ou tel moment du 14, j’ai par exemple eu un professionnel qui s’est mis à pleurer, me disant être dans l’incapacité de le faire\", se souvient la DRH du CHU. \"Mais par définition, cette liste ne peut pas être bonne, puisque tout le monde ne peut être désigné...\"  Difficile de passer à l’après sans ressentiments, \"d’autant qu’il y a aussi cette polémique des médailles, qui a été difficile à avaler pour le personnel qui a travaillé dans des conditions très difficiles\", nous raconte, bavard, Michel Fuentes, secrétaire FO de la branche santé du syndicat dans les Alpes-Maritimes. Le 14 juillet, 4.000 médailles de la sécurité intérieure seront décernées. Dont 89 à des personnels hospitaliers. \"Mais certains d’entre eux n’étaient pas présents le soir du drame ! Et les autres ?\" s’indigne Michel Fuentes. Maladroite, cette polémique qui s’est étalée sur plusieurs semaines et dont s’est emparé Christian Estrosi, maire de Nice et de facto président du conseil de surveillance du CHU, a fini par se solder par un consensus. Dans un courrier que nous avons pu consulter, le préfet Georges-François Leclerc \"prend acte\" de l’émotion suscitée et propose une reconnaissance collective. \"Le plus jeune agent du CHU de Nice sera décoré sur le front des troupes le 14 juillet, lors de la journée d’hommage\", y écrit-il. Avant de poursuivre : S’il se satisfait de cette issue, Michel Fuentes évoque brièvement et pudiquement ses collègues \"qui s’expriment en larmes\", \"ceux qui n'ont pas le cœur à revenir travailler\". Après l’attentat, tous les hospitaliers, agents ou soignants confondus, se sont vus proposer des séances de débriefing, des suivis psychologiques, selon un protocole qui se rode de plus en plus attentat après attentat. \"A Nice, la majorité des équipes étaient formées au plan blanc\", précise le Dr Michel Benoît, qui coordonne le suivi psychologique des hospitaliers, avec une équipe de psychiatres et de psychologues. \"Sur le coup, toutes ont travaillé avec une efficacité remarquable. C’est après que ça se complique\", développe-t-il. \"Passé les premières heures, quand l’action collective baisse, les professionnels se retrouvent avec leurs pensées, leurs doutes, parfois même leur impression de n’avoir pas été assez efficace.\" Le stress, les séquelles psychologiques sont par exemple \"liées au fait que les personnels ont été amenés à gérer des situations dont ils n’ont pas l’habitude. Dans un plan blanc, vous êtes amenés à gérer des choses qui ne font pas partie de votre activité professionnelle normale : par exemple, accueillir beaucoup de familles endeuillées… La radiologie a été obligée de gérer les scanners des corps décédés, une activité qui n’est pas leur activité habituelle\".  Jérôme, urgentiste, se souvient par exemple avoir envoyé ce SMS à son épouse dans un moment d’accalmie : Comme lui, des centaines d’autres professionnels racontent dans \"Soigner\" (éditions First) de Marc Magro, comment ils se sont ce soir-là mis en \"pilotage automatique\". Chloé, infirmière en pédiatrie à l’hôpital Lenval confie : \"Je savais qu’en atterrissant, ce serait terrible.\" Car si \"Pasteur a récupéré la plus grande majorité des personnes blessées et mortes, adultes, Lenval, étant situé sur la Prom, a accueilli beaucoup d’enfants blessés, et d’adultes aussi. Idem pour d’autres cliniques ou hôpitaux des environs\", rappelle Michel Benoit.  Une difficulté subsiste : détecter les personnes qui vont mal. Un constat ancien, que faisait déjà un autre docteur en psychiatrie, Didier Cremniter, membre-fondateur de la cellule d’urgence médico-psychiatrique (Cump) lancé en 1995, au lendemain de l’attentat du RER à Saint-Michel à Paris. Déclenchées en cas de plan blanc, ces cellules composées d’équipes d’astreinte disponible 24 heures sur 24 \"ont été créées pour une raison prioritaire : prévenir le traumatisme des secouristes et des sauveteurs\", explique le psychiatre, qui observe qu’au début, \"la personne ne va rien demander, car elle est en état de retenue, d’inhibition voire de sidération\". \"Lorsque cette phase se transforme en angoisse, en souffrance, voire en stress traumatique, il peut alors y avoir une demande. La grande difficulté est d’entrer dans notre offre de soin. On ne peut pas obliger quelqu’un...\" Plus de vingt ans plus tard, cette question demeure criante d’actualité. Peut-on parler de PTSD (syndrome post-traumatique) comme on le fait dans d’autres corps de métier comme l’armée ou le journalisme ? Et surtout, comment accompagner et soutenir ces victimes muettes dans l’après ? A Nice, la cellule psychologique déployée il y a un an est toujours en place. Elle lance une enquête ECHOS Nice, inspirée par une autre, expérimentée par Santé Publique France après le 13-Novembre, pour proposer à nouveau une aide ou un soutien aux professionnels. Pour Karine Hamela,\"ce que les soignants, les hospitaliers ont pris en charge était tellement inédit, qu’à côté de ça, ils ont l’impression que leurs petits maux, leurs petits troubles, ne méritent pas qu’on y consacre du temps\". Cette enquête, conclut-elle, \"c’est donc une manière de les attraper, de faire en sorte que ceux qui étaient passés entre les mailles du filet puissent être aidés s’ils y sont prêts\". Charlotte Cieslinski Charlotte Cieslinski Journaliste "}