{"title": "attentat de manchester : la france veut \"continuer à vivre\"", "newspaper": "NouvelObservateur", "author": ["L'Obs"], "date_publi": "2017-05-23", "theme": "Monde", "content": "C'est un début de quinquennat douloureux pour Emmanuel Macron. L'attentat qui a eu lieu dans la nuit du lundi 22 mai à la fin du concert d'Ariana Grande à Manchester, qui a causé la mort de 22 personnes et une soixantaine de blessés, rappelle au président de la République que la menace terroriste est encore vive en Europe. Emmanuel Macron s'est rendu ce mardi après-midi à l'ambassade de Grande-Bretagne pour exprimer ses condoléances. Il a alors dit sa volonté de \"renforcer la coopération européenne en matière de lutte contre le terrorisme.\"    Nous avons pour volonté de renforcer la coopération européenne en matière de lutte contre le terrorisme. Nous serons déterminés et résolus.\n— Emmanuel Macron (@EmmanuelMacron) 23 mai 2017 \n\n Il a également annoncé la tenue d'un Conseil de défense ce mercredi. Une réunion qui devrait permettre \"d'avancer sur la constitution d'une force anti-Daech\", et de réfléchir à \"la plus grande coordination des services de renseignement et le renforcement des moyens qui sont d'ores et déjà déployés\". Quant à la sécurité nationale, le ministre de l'Intérieur Gérard Collomb a rappelé la mise en place de l'Etat d'urgence jusqu'à au moins la deuxième quinzaine de juillet : Le maire de Lyon a également annoncé l'envoi d'une circulaire aux préfets dès ce mardi. L'objectif est de rappeler les règles pour sécuriser les événements sportifs et culturels de plus en plus fréquents avec l'arrivée de la période estivale.  Des consignes ont été livrées aux organisateurs des événements sportifs et culturels. La sécurité sera partout assurée.#Manchester \n\n Malgré tout, aucun événement n'a encore été annulé. Tous les concerts et les manifestations prévues dans les prochains jours ont été maintenus, un choix assumé par la maire de Paris, Anne Hidalgo, sur Europe 1 :  Elle a également expliqué que chaque événement avait fait l'objet d'une analyse particulière et que les partenaires de ces manifestations \"travaillent de concert avec la préfecture de police\".  La ministre de la Culture, Françoise Nyssen, a également rappelé sa \"détermination à faire vivre la culture et à résister contre la terreur et ses assauts\". Le chef de file des Républicains pour les législatives, François Baroin, a également réagi, annonçant qu'il avait préparé pour juillet \"une loi d'organisation de la sécurité intérieure et de justice\". Les Républicains proposent \"la mise en place dès le début du mois de juillet d'une loi d'organisation de la sécurité intérieure et de justice qui visera d'une part à tourner le dos à la réponse pénale qui a affaibli l'autorité judiciaire sur un certain nombre de sujets, et des mesures très concrètes concernant le traitement des fichés S\".  \"Ceux qui sont étrangers doivent être expulsés et ceux qui sont connus et suivis par nos services comme susceptibles de passer à l'acte doivent être sous surveillance la plus étroite possible\", a détaillé le sénateur-maire de Troyes, rappelant aussi la proposition LR d'un bracelet électronique pour les fichés S. Chloé Gaborit avec AFP L'Obs "}