{"title": "mur pare-balles, patrouilles : comment paris compte protéger la tour eiffel", "newspaper": "NouvelObservateur", "author": ["L'Obs"], "date_publi": "2017-08-07", "theme": "Terrorisme", "content": "Samedi 5 août, peu avant minuit, Mamaye D., un jeune homme de 18 ans, a franchi un portique de la Tour Eiffel en bousculant un agent de sécurité d'un coup d'épaule. Il a sorti un couteau et crié \"Allah Akbar\". Des militaires de l'opération Sentinelle lui ont ordonné de poser son couteau à terre et il s'est exécuté sans opposer de résistance. Il a immédiatement été interpellé puis placé en garde à vue, laquelle a été prolongée ce lundi 7 août. Une tentative d’attentat déjouée grâce à l’intervention des militaires de l’opération Sentinelle, alors que le dispositif de sécurité de ce lieu hautement symbolique pour Paris, doit être renforcé. Les travaux de sécurisation de la Tour Eiffel, avec paroi de verre et nouveaux accès, commenceront en septembre, point de départ d'un vaste plan de réorganisation de l'accueil des visiteurs. L'occasion de faire le point sur ces nouvelles mesures de sécurité.  Le plan de réorganisation doit s'étaler, sans fermeture du site, sur la période 2017-2032, la plupart des objectifs devant être atteints avant 2024 dans la perspective maintenant très probable des jeux Olympiques de Paris. La partie la plus importante de ce futur lifting réside dans la construction d’une \"enceinte de verre\" pare-balles et transparente de trois mètres de haut. Ce mur en verre blanc \"extra clair\", implanté dans le sol, sera érigé côté Seine et côté Champ-de-Mars. Elle sera signée par l'architecte autrichien, Dietmar Feichtinger, déjà à l'origine de la passerelle Simone-de-Beauvoir à Paris et du pont-passerelle du Mont-Saint-Michel.\n Des deux autres côtés, sur les allées cavalières, ce sont des grilles métalliques, appelées \"clôtures Eiffel\", qui s’élèveront. C’est de ce côté-ci que se feront les entrées via des guérites vitrées et les contrôles de sorties qui passeront par une succession de tourniquets en verre. Comme aujourd'hui, un contrôle des sacs et des palpations, puis des dépistages au scanner et par portiques pour ceux qui entrent dans la tour, seront effectués. L’accès au parvis sera toujours libre et gratuit. La nouvelle enceinte englobera cinq hectares de jardins qui seront mis en valeur, paysagés par l’agence suisse Vogt Landscape pour \"offrir une promenade, retrouver l'esprit des jardins dessinés par leur créateur Jean-Charles Alphand\", avec des points de vue, une petite butte, etc. La sécurisation du monument, qui bénéficie déjà d'une présence policière permanente et d'un dispositif de contrôle depuis juillet 2016, va être ainsi renforcée par un dispositif de murs de verre et métal plus esthétique. L'accès, avec plusieurs points de contrôle, se fera par les jardins rénovés, et le périmètre des caméras de surveillance déjà présentes, sera élargi. En mai dernier la sécurité du site avait été renforcée après l'intrusion de militants de Greenpeace qui étaient parvenus à se suspendre du 1er étage de la Tour Eiffel. La préfecture de police, la mairie de Paris et la société d'exploitation du monument s'étaient alors mis d'accord pour renforcer les moyens humains au centre de supervision du monument. Les effectifs de police et le nombre de patrouilles avaient aussi été revus à la hausse.  P.V. avec AFP L'Obs "}