{"title": "ce que l'on sait de l'attentat qui a frappé londres samedi soir", "newspaper": "NouvelObservateur", "author": ["L'Obs"], "date_publi": "2017-06-04", "theme": "Monde", "content": "Au moins sept personnes ont été tuées et 48 blessées, dont 21 sont dans un état \"critique\", lors d'attentats dans la capitale britannique ce samedi 3 juin. Un Français a été tué dans l'attaque et sept autres sont hospitalisés, dont quatre dans un état grave. Et \"un compatriote est toujours porté disparu\", a déclaré le ministre des Affaires étrangères Jean-Yves Le Drian ce dimanche.  Samedi soir, trois assaillants dans une camionnette ont foncé dans la foule sur le London Bridge puis ont poignardé des passants, avant d'être abattus par la police.\n Met Police's Mark Rowley on what police know so far about London attack and how it happened https://t.co/q8D9rR1dUk pic.twitter.com/3E51GjBHKl L'attentat, revendiqué lundi matin par le groupe Etat islamique, s'est produit quelques minutes après la fin de la finale de la Ligue des champions, dans un quartier où beaucoup de spectateurs s'étaient rassemblés pour suivre le match dans les bars.  Voici ce que l'on sait de cette attaque qui intervient douze jours après un attentat suicide à Manchester, qui a fait 22 morts et plus de 100 blessés, et cinq jours avant des élections législatives au Royaume-Uni :  Les policiers ont été appelés à 22h08 locales (21h08 GMT) suite à des témoignages faisant état d'une camionnette fonçant contre la foule sur le pont de London Bridge. Très vite, d'autres témoignages ont fait état d'attaques au couteau dans le quartier voisin, très à la mode, de Borough Market, sur la rive sud de la Tamise.  La camionnette blanche a fini sa course dans la clôture entourant la cathédrale de Southwark. Les assaillants, armés de couteau, se sont alors précipités dans des bars proches, bondés le samedi soir. Van on #LondonBridge reportedly plowed close to 2 dozen people, also word of a knife attack. (Vid from @PieriKaine) pic.twitter.com/53WBXO3i09 La police armée est intervenue moins de dix minutes après le premier appel d'urgence et a tué les trois suspects, a indiqué un porte-parole de la police. \"Les suspects portaient ce qui ressemblait à des vestes explosives, qui se sont révélées fausses\", a-t-il précisé. Sept personnes ont été tuées, selon la police, dont un Français selon l'annonce ce dimanche du ministre français des Affaires étrangères Jean-Yves Le Drian. Plus de 48 blessés sont à signalés, dont 21 sont dans un état \"critique\" ont en outre été hospitalisés, ont annoncé les services ambulanciers,  qui ont soigné des blessés plus légers sur place. We have taken 48 patients to hospital following the incident at #LondonBridge https://t.co/hCiKVCBrnb pic.twitter.com/5ipl5vtcTB Ces blessés sont hospitalisés dans cinq établissements différents, précisent les services ambulanciers, qui ont aussi soigné des blessés plus légers sur place.  Un témoin a parlé de \"cinq ou six\" personnes renversées sur le pont. D'autres témoins ont évoqué plusieurs personnes attaquées au couteau à Borough Market. Sept Français figurent parmi les blessés et \"un compatriote est toujours porté disparu\", a annoncé Jean-Yves Le Drian. Le Quai d'Orsay a mis en place deux numéros d'urgence pour qui \"aurait des informations sur d'éventuelles victimes\" françaises : + 44.7887.768941 et 01.43.17.51.00. Si vous avez des info sur des victimes françaisesNo d’urgence de l’ambassade : + 44 7887 768941No du Centre de crise : 01 43 17 51 00 L'ambassade de France à Londres annonce également une sécurité renforcée pour les élections législatives françaises, qui se déroulent ce dimanche 4 juin pour les Français de l'étranger.  Le premier tour des #Electionslegislatives2017 à #Londres a lieu aujourd'hui. La sécurité sera renforcée (1/2) Le London Bridge est un des axes principaux desservant le quartier des affaires de Londres, la City. Borough Market, situé dans le prolongement du pont, sur la rive sud de la Tamise, est connu pour son marché alimentaire. C'est un lieu couru de la vie nocturne londonienne et ses cafés, bars et restaurants sont souvent remplis le samedi soir. Non loin se trouve la gare de London Bridge et le gratte-ciel The Shard, le plus haut de Grande-Bretagne. Le niveau d'alerte terroriste en Grande-Bretagne est au niveau \"critique\", soit celui d'un attentat \"hautement probable\". La police armée et les services de secours se sont rapidement rendus sur les lieux de l'attaque. La gare de London Bridge a été fermée et la police a rapidement bouclé la zone. #LondonBridge - all closures remain in place, including Southwark Bridge, Southwark Street, Borough High Street & Lower Thames Street. La Première ministre britannique, Theresa May, a déclaré que \"le terrible événement de Londres est traité comme un possible acte terroriste\". My statement on the cowardly terrorist attack in London tonight: https://t.co/7GYYdImIU8Please continue to follow @metpoliceuk for updates pic.twitter.com/xxTbH2o2JN Le maire de Londres Sadiq Khan a évoqué \"une attaque délibérée et lâche contre des Londoniens innocents et des visiteurs de notre ville qui profitaient d'un samedi soir\". Le président américain Donald Trump a offert \"le soutien total\" des Etats-Unis lors d'un appel téléphonique à Mme May. Le président de la Commission européenne, Jean-Claude Juncker, a dit suivre \"avec horreur les derniers événements de Londres\". Face à cette nouvelle tragédie, la France est plus que jamais aux côtés du Royaume-Uni. Mes pensées vont aux victimes et à leurs proches. Le nouveau président français Emmanuel Macron a assuré que \"la France est plus que jamais aux côtés du Royaume-Uni\". L'attentat à Londres samedi soir a été commis par \"une unité de combattants de l'Etat islamique\", a rapporté l'agence de propagande de l'EI, Amaq, dans un communiqué diffusé lundi. De son coté, la police londonienne a annoncé avoir arrêté 12 personnes  dimanche matin à Barking, dans l'est de Londres. Et \"des perquisitions sont en cours dans plusieurs lieux de Barking\", a poursuivi Scotland Yard dans un communiqué publié à la mi-journée. D'après la chaîne de télévision Sky News, des policiers lourdement armés se sont rendus notamment au domicile de l'un des trois suspects abattus lors de l'attentat. Un photographe de l'AFP a distingué sur place quatre femmes, qui étaient emmenées par la police. Elles se couvraient le visage de leur foulard. La patronne de la police londonienne, Cressida Dick, a expliqué plus tôt dans la matinée que la menace représentée par les trois auteurs de l'attaque avait été \"neutralisée\". \"Il est important qu'avant toute chose il n'y ait plus personne qui représente encore un danger. Nous ne pensons pas qu'il y ait quelqu'un d'autre, mais nous devons en être absolument certains\", a-t-elle précisé. C.C. avec agences L'Obs "}