{"title": "attentat de marseille : limogé, l'ex-préfet du rhône assure que son uniforme \"ira au feu\"", "newspaper": "NouvelObservateur", "author": ["L'Obs"], "date_publi": "2017-10-20", "theme": "Politique", "content": "\"Politiquement, il faut un responsable.\" C'est au bord des larmes et avec visiblement beaucoup de difficultés que l'ex-préfet de la région Auvergne-Rhône-Alpes, Henri-Michel Comet, a prononcé son discours d'adieu à Lyon, ce jeudi 19 octobre. Le gouvernement a \"mis fin\" mercredi 18 octobre aux fonctions de ce haut fonctionnaire après un rapport pointant de \"graves dysfonctionnements\" dans l'affaire des deux jeunes filles tuées le 1er octobre à Marseille. Interpellé deux jours avant, pour vol, dans un centre commercial de Lyon, leur agresseur, Ahmed Hanachi, avait été remis en liberté le lendemain, alors qu'il était en situation irrégulière. Et qu'une procédure d'expulsion avait été envisagée.  L'ancien préfet, qui finit ainsi sa carrière, a commencé son allocution en rendant hommage aux deux cousines tuées à Marseille :\n\"Ma première pensée va vers les victimes sauvagement assassinées. Je partage la douleur des parents, des proches et des amis.\"\n A l'occasion de leur départ, les préfets Comet et Inglebert ont rendu un vibrant hommage aux deux jeunes victimes de Marseille. pic.twitter.com/NjQIvSbaPg  Aucune faute personnelle de l'ancien préfet n'a été rapportée par l'enquête de l'inspection générale de l'administration (IGA), commandée par le ministre de l'Intérieur Gérard Collomb. Mais \"politiquement il faut un responsable\", a confié Henri-Michel Comet, qui a été remplacé par Stéphane Bouillon, préfet de la région Provence-Alpes-Côte d'Azur (Paca). S'il assure ne retenir \"aucune amertume\", Henri-Michel Comet a quand même profité de son discours pour asséner quelques tacles discrets, comme le remarque \"20 Minutes\".  M.G. L'Obs "}