{"title": "attentat de nice : christian estrosi, le selfie et la fuite en avant", "newspaper": "NouvelObservateur", "author": ["Baptiste Legrand"], "date_publi": "2016-12-26", "theme": "Politique", "content": "\"Si Paris avait disposé du même réseau de caméras que nous à Nice, jamais les frères Kouachi n'auraient passé trois carrefours sans être neutralisés et interpellés.\" Cette phrase prononcée par Christian Estrosi après les tueries de \"Charlie Hebdo\" et de l'Hyper Cacher n'a pas fini de le poursuivre. Le week-end de Noël en a apporté une nouvelle preuve, cinq mois après le terrible attentat qui a frappé Nice – 86 personnes tuées et 434 blessées par un camion-bélier le 14 juillet dernier. Vendredi, Mediapart a révélé de nouveaux éléments embarrassants pour l'ancien maire de Nice. Selon le site d'investigation, le terroriste a pu procéder avec son camion de 19 tonnes à onze repérages, dont trois sur la promenade des Anglais, durant une trentaine de minutes, tôt dans la matinée du 14 juillet. Le système de vidéo surveillance a filmé le camion, mais la police municipale n'a pas réagi. Les 1.257 caméras de vidéo-surveillance, dont Christian Estrosi est si fier, n'ont pas permis de prévenir l'attentat.  \n Ces révélations posent question sur les bénéfices et les limites de la vidéo-surveillance. Pourtant, Christian Estrosi n'a pas souhaité répondre aux questions de Mediapart. Lui qui est désormais premier adjoint de la ville de Nice – il a quitté, du moins sur le papier, le fauteuil de maire pour cause de cumul des mandats – a préféré lancer une contre-offensive médiatique.  Dès vendredi soir, Christian Estrosi dénonce un article \"à charge\" et fait savoir qu'il compte \"porter plainte en diffamation\" contre Mediapart. \"Christian Estrosi ne laissera pas remettre en cause la compétence de ses agents de police municipale\", indique son entourage à l'AFP. Je dépose plainte car je ne laisserai pas #Mediapart remettre en cause la compétence des agents de @PMdeNice qui font un travail remarquable Christian Estrosi s'élève en particulier contre la publication, par Mediapart, d'un selfie, une photo sur laquelle il apparaît en compagnie du terroriste, Mohamed Lahouaiej Bouhlel. Selon le site d'information, le cliché a été pris un an plus tôt, le 15 août 2015, sur la promenade des Anglais. Une source proche du dossier confirme à l'AFP que cette photo fait partie des éléments que les enquêteurs ont retrouvé sur le compte Facebook du tueur.  La photo ne veut évidemment rien dire : comme tout homme politique, Christian Estrosi répond aux sollicitations de parfaits inconnus. Mais ironie de l'histoire, l'image souligne l'impossibilité, pour un élu comme pour les policiers, de détecter un individu qui n'est pas fiché par les services de renseignements. Christian Estrosi ne se contente pas de l'habituelle menace de poursuites en diffamation - Edwy Plenel, directeur de Mediapart, a déclaré n'avoir \"reçu aucune plainte à ce jour\". Le président de la région Paca lance un deuxième contre-feu, cette fois dans \"Le Journal du Dimanche\". Il y annonce la publication fin janvier d'un livre, \"Il faut tout changer!\" (Albin Michel). \"Ce sera ma vérité sur le 14 juillet\", dit-il. Il ajoute : \"Il y aura des choses qui feront mal à Cazeneuve\", qui était ministre de l'Intérieur au moment de l'attentat. Comme il l'avait déjà fait immédiatement après l'attentat, Christian Estrosi préfère porter la polémique sur le rôle de la police… nationale.  Baptiste Legrand Baptiste Legrand Journaliste "}