{"title": "nos amis les saoudiens, ces alliés si encombrants", "newspaper": "NouvelObservateur", "author": ["L'Obs"], "date_publi": "2016-01-21", "theme": "Monde", "content": "Cocorico ! \"France-Arabie saoudite : 10 milliards d’euros de contrats ! Le gouvernement mobilisé pour ses entreprises et l’emploi. MV\", tweete le 13 octobre dernier le Premier ministre, à peine arrivé au pays de l’or noir. Dans la foulée, le VRP de la République loue le \"partenariat exceptionnel\" entre les deux pays, appelle ses hôtes voilés à \"investir\" davantage dans l’Hexagone et s’enflamme devant le \"nouveau monde\" qui s’offre aux entreprises tricolores. Pas un mot sur Raif Badawi, le blogueur libéral coupable d’avoir défendu sur son site la laïcité et condamné à 1.000 coups de fouet, plus dix ans de prison, pour blasphème. Rien non plus sur Ali al-Nimr, le jeune activiste chiite, frappé de la peine de mort pour avoir manifesté à 17 ans contre le régime et qui attend d’avoir la tête tranchée et le reste du corps crucifié, puis exposé en public jusqu’à son lent pourrissement, conformément au verdict d’une justice dite islamique. Silence sur le terrible bilan humanitaire des bombardements saoudiens au Yémen ou la hausse exponentielle des exécutions depuis cinq ans (27 en 2010, 87 en 2014, 153 en 2015) qui a contraint le royaume à recruter huit bourreaux supplémentaires. France-Arabie Saoudite : 10 milliards € de contrats ! Le Gouvernement mobilisé pour nos entreprises et l'emploi. MV pic.twitter.com/T7anHumCW3 Sur tous ces sujets qui fâchent, Manuel Valls reste muet. Du  L'Obs "}