{"title": "attentat meurtrier au camion à stockholm ", "newspaper": "NouvelObservateur", "author": ["L'Obs"], "date_publi": "2017-04-07", "theme": "Monde", "content": "Un camion a renversé ce vendredi 7 avril des passants en plein centre de Stockholm, faisant quatre mort et une quinzaine de blessés, selon un dernier bilan.  Quatre morts. Selon la police qui communiquait son dernier bilan ce vendredi soir, l'attentat a fait quatre morts et quinze blessés. De leur côté, les autorités sanitaires ont indiqué que neuf personnes se trouvaient dans un état grave.  Le bilan a été revu à la hausse. Plus tôt dans la journée, la radio publique Ekot faisait état de plusieurs morts, une information relayée peu avant 16 heures par les services de sécurité suédois.  Ekots reporter fångade kaoset efter att en lastbil kört in i folkmassa i centrala Stockholm https://t.co/i3Ij9rgcW7 pic.twitter.com/0saPOiWuCC L'incident s'est produit peu avant 13 heures GMT (15 heures en France) à proximité d'un grand magasin, au croisement d'une grande artère et de la rue piétonne la plus fréquentée de la capitale. Le véhicule a fini sa course dans un magasin et des blessés sont actuellement traités sur place par les secours. Une forte détonation entendue. \"Aftonbladet\" relate qu'une forte détonation a été entendue sur place. Et les images de la télévision suédoise montrent un camion encastré dans un bâtiment ainsi qu'une fumée épaisse s'élevant de ce lieu, désormais entouré par la police d'un périmètre de sécurité. Des hélicoptères survolent également le centre-ville.   Des cris et une scène de panique. Présent sur place, un témoin raconte à Aftonbladet qu'il se promenait sur la rue principale lorsqu'un gros camion est sorti de nulle part. \"J'ai alors couru aussi vite que possible pour lui échapper\", confie-t-il. \"J'ai vu des centaines de personnes courir\", abonde Anna, également témoin de cet incident.  Polisen uppmanar människor att stanna hemma och undvika city. Sprid detta till de ni känner. #stockholm Pour l'heure, la police suédoise conseille à la population d'éviter le centre-ville de Stockholm.  Selon les services de sécurité suédois (Säpo), le conducteur du camion qui a écrasé des passants dans le centre Stockholm vendredi après-midi a commis un \"attentat\". Le Premier ministre suédois Stefan Löfven, cité par l’agence de presse TT a déclaré vers 16 heures :  \"Il y a des morts, et beaucoup de blessés\", confirme à l'AFP une porte-parole de Säpo, qui disait dans un communiqué rechercher \"celui ou ceux qui sont derrière cet attentat\". Facebook a activé son \"Safety check\" pour Stockholm :  Facebook has activated the safety check for Stockholm: pic.twitter.com/seV6YXx43w Le camion avait été volé. Le camion, à l'effigie de la marque de bière \"Norrlands Guld\" avait été volé \"à l'occasion d'une livraison à un restaurant\", confirme une porte-parole de l'entreprise de transports Spendrups, Rose-Marie Hertzman.   Cet attentat rappelle les attaques revendiquées par le groupe Etat islamique menées à Londres, Berlin et dans le sud de la France à Nice, où des camions ont foncé dans la foule. C.C. ?   L'Obs "}