{"title": "attentat de la rue copernic : hassan diab, ce suspect qui risque d'être renvoyé aux assises", "newspaper": "NouvelObservateur", "author": ["L'Obs"], "date_publi": "2017-12-13", "theme": "Justice", "content": "Trente-sept ans après les faits. Le parquet a requis le renvoi aux assises de l'unique suspect de l'attentat à la bombe devant la synagogue de la rue Copernic à Paris, qui avait fait quatre morts et une quarantaine de blessés le 3 octobre 1980. Dans son réquisitoire, le parquet de Paris estime \"les charges suffisantes\" à l'encontre d'Hassan Diab, tout en relevant qu'il existe des \"doutes\" sur sa présence à Paris au moment des faits, selon des sources proches de l'enquête citées par l'AFP.  L'enquête, l'une des plus anciennes à Paris, a attribué l'attentat, non revendiqué, au Front populaire de libération de la Palestine-Opérations spéciales (FPLP-OS), un groupe né d'une scission du FPLP. Les renseignements français avaient en outre identifié Hassan Diab comme celui qui avait confectionné l'engin explosif, caché sur une moto.\n Extradé en novembre 2014 du Canada, le sociologue libano-canadien de 64 ans, qui a toujours clamé son innocence, avait fait l'objet, à l'époque, d'un mandat d'arrêt international rédigé par le juge antiterroriste Marc Trévidic. Interpellé six ans plus tôt au Canada, il avait donc été extradé, puis mis en examen et placé en détention provisoire en 2014. Les enquêteurs estimaient alors que Hassan Diab avait confectionné l'engin explosif avec une dizaine de kilos de penthrite, puis l'avait placé dans les sacoches d'une motocyclette achetée quelques jours plus tôt par un certain Alexandre Panadriyu, de nationalité chypriote. Le parquet relève aujourd'hui plusieurs éléments à charge dans sa demande de renvoi aux assises : \"des notes de renseignement convergentes et réitérées\", la ressemblance de Diab avec des portraits-robots réalisés à l'époque, et la découverte d'un passeport à son nom avec des tampons d'entrée et de sortie d'Espagne, d'où serait parti le commando. Il met aussi en avant les comparaisons faites entre l'écriture de Diab et celle sur une fiche d'hôtel remplie par l'homme qui a acheté la moto, ou encore le témoignage d'un couple mettant en cause le suspect comme appartenant aux groupes palestiniens au début des années 1980. Les arguments de la défense reposent, eux, sur le fait qu'Hassan Diab se trouvait à Beyrouth au moment de l'attentat. Il passait ses examens à l'Université. Deux femmes, qui ont révisé les épreuves avec lui, ont corroboré cette version.  Son ex-épouse, Nawal Copty, a également affirmé qu'il était au Liban le 28 septembre 1980, cinq jours avant l'attentat. Or, à cette date, le possesseur du passeport au nom d'Hassan Diab se trouvait déjà en Europe d'après les tampons. Hassan Diab avait-il alors un homonyme ? Tous ces éléments avaient en tout cas conduit le juge d'instruction à \"sérieusement douter\" que Diab \"soit le poseur de la bombe\". Il avait demandé à plusieurs reprises, ainsi qu'un juge des libertés et de la détention, sa remise en liberté, avec assignation à résidence et port d'un bracelet électronique. Mais à chaque fois, le parquet de Paris avait immédiatement fait appel et la cour d'appel avait décidé de prolonger la détention. A.R. (avec AFP) L'Obs "}