{"title": "attentat de nice : \"ce terrorisme imprévisible déborde désormais l'etat islamique\"", "newspaper": "NouvelObservateur", "author": ["Natacha Tatu"], "date_publi": "2016-07-16", "theme": "Attaque de Nice", "content": "Myriam Benraad, politologue, est chercheuse à l’Institut de recherches et d’études sur le monde Arabe et Musulman (IREMAM) et chercheuse associée à Fondation pour la Recherche Stratégique  (FRS) Elle est l'auteur d'\"Irak, la revanche de l'histoire. De l'occupation étrangère à l'Etat islamique\". (Paris, Vendémiaire, 2015). Interview. - Y a-t-il une corrélation entre le fait que l’Etat Islamique perde du terrain en Syrie et la multiplication des actes terroristes ?  - Il y a indéniablement une dimension réactive. L’Etat Islamique perd depuis plusieurs mois du terrain et des hommes au niveau de son commandement. Beaucoup de ses troupes ont également déserté. Elles ont été chassées de Fallouja, qui était leur bastion historique. Un coup dur, car c’est là que le groupe s'est formé; La ville leur a été reprise par l'entremise des milices chiites détestées, ce qui est pour eux plus insupportable encore.\n L’attentat du 3 juillet à Bagdad obéit à cette logique de représailles. Peu de temps avant le Ramadan, Abou Mohammed al-Adnani,  le principal recruteur de djihadistes étrangers au sein de Daech, encourageait tout musulman à conduire des actions contre les \"apostats\" et les \"mécréants\", là où ils se trouvent.   En 2014 déjà, Daech avait publié un communiqué établissant ce type de mode opératoire dans lequel il invitait ses sympathisants à tuer les mécréants à coups de pierre, à les poignarder à coup de couteau. Désormais on les dissuade même de faire leur hijra (émigration dans l'islam) et de rejoindre l’Etat islamique, pour mener des actions en Occident. Il s'agit là un aveu de faiblesse, la preuve qu’ils ne sont pas au mieux de leur forme.   - Cette faiblesse de l’Etat Islamique ne risque-t-elle pas de donner naissance à une sorte de \"diaspora du djihad\" ? - Voyant que le rêve d’Etat islamique se meurt sous leurs yeux, ses partisans reviennent en effet à une forme classique de terrorisme, avec des actions ciblées visant à semer la terreur. La vérité, c’est qu’ils n’ont pas de projet pour le monde musulman sunnite, pas d’alternative politique viable à proposer. Ils nourrissent une vision binaire du monde, articulée autour d'une logique de représailles et de vengeance devenue irrationnelle : Pour eux, il y a d’un côté, le Dar Al Islam, le \"domaine de l’Islam\", de l’autre, Dar al-Kufrle, le \"domaine de la mécréance\". Mais c’est un pur fantasme qui ne recoupe aucune réalité : il y a d'importantes communautés musulmanes en Occident, et eux mêmes sont modernes et occidentalisés. La vérité, c’est qu’ils sont entrés dans une logique de destruction massive, une logique apocalyptique se traduisant par une culture de la mort.   - En pilotant des attaques comme celle qui a eu lieu à Nice ?   - Leur intelligence machiavélique, c’est d’avoir activé ce terrorisme imprévisible en maniant un revanchisme exacerbé. N’importe lequel de leurs sympathisants, animé par cet esprit de revanche, est désormais invité à frapper autour de lui pour supposément \"venger l’islam\", y compris s’il ne fréquente pas l’Etat islamique et n’a aucun lien avec ses combattants. Ces actions imprévisibles peuvent même déborder l’EI. C’est là le principal danger de la situation actuelle : quand bien même l’Etat Islamique mourrait, ce revanchisme restera dans les esprits et se réincarnera. - La France est-elle ciblée à cause des frappes aériennes ? - Certes, les frappes de la coalition n'ont pas nécessairement amélioré les choses, notamment du fait des pertes civiles sunnites en Irak et en Syrie dont l'Etat islamique se sert pour alimenter sa propagande guerrière revancharde. Mais je suis convaincue que même si on cessait les bombardements, même si la guerre contre Daech prenait fin, les attentats ne s’arrêteraient pas pour autant. Une vidéo circule par exemple où l’on voit des djihadistes francophones expliquer que l’Espagne a fait le bon choix en se retirant de la coalition, raison pour laquelle elle serait épargnée par les attentats. Or tout cela, c’est de la propagande, un narratif pour justifier les attaques contre d'autres pays. En réalité, Daech vise tout un chacun, y compris ceux-là même qu’ils prétendent défendre. Contrairement à ce que ses partisans veulent nous faire croire, ils ne représentent pas les populations locales des territoires occupés. En vérité, leur seul projet, c’est la mort généralisée, y compris pour les populations sunnites qu’ils prétendent représenter, mais qu’ils tuent et décapitent sans discrimination si ces derniers ont le malheur de défier leur projet.  On ne parle pas suffisamment de cet aspect, mais dans les territoires reconquis en Irak et en Syrie, on a trouvé des charniers. A force de vouloir \"purifier\" l’islam, ils sont entrés dans une logique de génocide à grande échelle - L’occident n’a-t-il pas sa part de responsabilité dans la situation ? - En partie mais pas totalement.  Certes, nos sociétés subissent à présent les terribles répercussions des interventions militaires de la dernière décennie et de situations déliquescentes que l'on a contribué à créer ; les racines du fléau de l'Etat Islamique se trouvent notamment dans la guerre aveugle menée par l’administration Bush en 2003. Non seulement nous avons déstabilisé la région, mais nous n’avons pas pris la mesure des répercussions que ces interventions auraient chez nous… Pour autant,  on ne peut pas tout mettre sur le dos de l’Occident. Ce raisonnement est simpliste. Les Etats et les populations de la région ont aussi leur part de responsabilité aussi. Ainsi en Irak, la marginalisation des sunnites a favorisé l'émergence brutale de l’Etat Islamique. Or aujourd'hui, ce groupe est entré dans une logique de revanche d’autant plus aveugle qu’il se trouve dans une spirale d’échec : les civils fuient par milliers, les désertions se multiplient, les djihadistes accumulent les pertes. Ils savent que l’avenir de leur Etat est pour le moins compromis sur le long terme. - En annonçant que la France allait intensifier ces frappes, François Hollande ne risque-t-il pas de nourrir ce revanchisme ? L’Etat Islamique va évidemment s’en servir, comme il va se servir de la décision des Etats -Unis d’envoyer d’avantage de troupes sur le terrain. Je crains que cette déclaration ne contribue à alimenter le cercle vicieux. Ce sera une justification pour de nouveaux appels aux meurtres, la démonstration que l’islam est attaqué de toutes parts. Et la vérité, c’est que les grands perdants, en Syrie, en Irak, au Bangladesh, en France, ce sont les civils, tragiquement. Ceux qui sont favorables aux frappes aériennes rétorqueront qu'il s'agit là de la seule façon de freiner le terrorisme et ce n’est pas entièrement faux, mais elles ne régleront rien pour autant. Si derrière, il n’y pas un projet politique global et durable pour cette région, on va droit dans le mur. Comme l’avait dit Dominique de Villepin : \"Plus nous ferons la guerre dans ces régions, plus nous mettrons le doigt dans un engrenage sans fin qui conduira à davantage de catastrophes là-bas et davantage de catastrophes ici\".  Propos recueillis par Natacha Tatu Natacha Tatu Journaliste "}