{"title": "crime raciste à new york : un suprémaciste blanc accusé de \"terrorisme\"", "newspaper": "NouvelObservateur", "author": ["L'Obs"], "date_publi": "2017-03-28", "theme": "Terrorisme", "content": "Il s'était présenté de lui-même au commissariat de Times Square, le mercredi 22 mars, pour avouer son crime : un ancien militaire américain de 28 ans appartenant au mouvement suprémaciste blanc, James Jackson, originaire de Baltimore, était venu à New York \"pour s'en prendre à des hommes noirs\" et \"faire parler de lui\", selon le service enquête de la police de New York. Il avait tué, le 20 mars, un sexagénaire de plusieurs coups de couteau en pleine rue de Midtown, dans le centre de Manhattan. Fait exceptionnel, il est depuis lundi accusé d'acte de terrorisme en plus de son chef d'inculpation pour crime raciste, a annoncé le bureau du procureur de Manhattan.  James Jackson \"a rôdé dans les rues de New York pendant trois jours à la recherche d'une personne noire à assassiner, afin de lancer une campagne terroriste contre les habitants de Manhattan et les valeurs que nous portons\", se justifie le procureur Cyrus Vance, dans un communiqué. \"C'est avec toute sa présence d'esprit que la semaine dernière, il a mis son plan à exécution, sélectionnant au hasard un New-Yorkais sur la seule base de la couleur de sa peau, en le poignardant à plusieurs reprises et publiquement dans une rue de Midtown.\"\n\"Il voulait tuer des hommes noirs, a planifié le meurtre d'hommes noirs, et a tué un homme noir. Il a choisi Midtown pour scène de crime car Manhattan est la capitale médiatique du monde, un endroit où les gens de différentes races vivent ensemble.\"\n Now: @ManhattanDA charges James Jackson with first degree murder as an act of terrorism. #TimothyCaughman https://t.co/ZUdaVF6zoJ pic.twitter.com/6TBbRp2neq Le 20 mars au soir, dans le quartier de Port Authority, la gare des bus de Manhattan, il a selon la police frappé de plusieurs coups de couteau Timothy Caughman, 66 ans, qui vivait dans un refuge pour sans-abri à proximité. Ancien militaire de 2009 à 2012, avec notamment à son actif un séjour en Afghanistan, James Jackson se serait servi d'un immense couteau d'assaut dont la lame atteignait 45 cm. Sa victime a réussi à marcher jusqu'au commissariat de quartier à quelques dizaines de mètres, mais a été déclarée morte à son arrivée à l'hôpital. Le maire de New York, Bill de Blasio, avait qualifié cet acte \"d'attaque visant ce qui fait de cette ville la meilleure du monde : sa tolérance et sa diversité\". James Jackson gets terrorism charge for racist killing of Timothy Caughman https://t.co/ErrrWyea1Y pic.twitter.com/E22H72Qlaf Dans la foulée, les services du procureur avaient annoncé la semaine dernière le lancement d'une campagne de promotion intitulée \"Trop New York pour haïr\" (Too New York To Hate), pour inciter victimes et témoins d'actes visant une communauté, une religion ou une ethnie à témoigner. \"Nous ne devons jamais considérer la remarquable diversité de New York pour acquise\", écrit le procureur Cyrus Vance dans son communiqué. \"Nous devons la célébrer, la protéger, et refuser de laisser la violence et la haine miner les progrès que nous avons accomplis en tant que ville, Etat et nation.\" T. V. L'Obs "}