{"title": "découverte d'explosifs à villejuif : ce que l'on sait du projet d'attentat des suspects", "newspaper": "NouvelObservateur", "author": ["L'Obs"], "date_publi": "2017-09-10", "theme": "Terrorisme", "content": "Quatre jours après la découverte fortuite d'explosif TATP à Villejuif (Val-de-Marne), le propriétaire du logement, Ali M.R., 36 ans, qui abritait cet atelier clandestin, et un homme de 37 ans, Frédéric L., déjà connu pour sa radicalisation islamiste, ont été mis en examen. Une information judiciaire a été ouverte contre eux des chefs d'association de malfaiteurs terroriste en vue de la préparation d'un ou plusieurs crimes, d'atteinte aux personnes et de fabrication d'engins explosifs, détention et transport de substances ou produits explosifs, le tout en relation avec une entreprise terroriste. Un troisième homme âgé de 47 ans, Hichem L. arrêté en compagnie du propriétaire de l'appartement, a été libéré dimanche 10 septembre dans la matinée.  Le procureur de la République de Paris, François Molins a donné quelques éléments de l'enquête. Le point sur ce que l'on sait. \n Le procureur de la République a indiqué que les deux suspects voulaient confectionner une bombe en vue de commettre un attentat sur le territoire national. Ils ont reconnu avoir pensé à s'attaquer à des militaires de l'opération Sentinelle, sans toutefois que leur projet ne soit élaboré et établi à ce stade.  Dans le logement qui leur servait de laboratoire clandestin, les substances saisies auraient permis la fabrication de 3 à 4 kilos de TATP et des bombes artisanales. Cent grammes de TATP étaient déjà prêts à l'emploi et une dizaine de litres de produits chimiques entrant dans sa composition étaient stockés. Les enquêteurs ont également trouvé du matériel destiné à \"conditionner un colis piégé\" et des produits chimiques, ainsi que des feuillets en langue arabe. Selon le procureur, une bombe était en cours de fabrication à l'aide d'un réveil, d'ampoules de guirlandes de Noël, de piles électriques, de seringues en plastique, de têtes d'allumettes. Sur l'ordinateur des suspects, des sites djihadistes, des tutoriels de chimie, mais aussi un simulateur de conduite de poids-lourd ont été consultés. Des vidéos tournées sur cette terrasse mettant en scène des essais d'explosion ont également été retrouvées.  Les enquêteurs ont également saisi un poème manuscrit en langue arabe intitulé \"Dieu est grand\".  Ali M.R. a admis que l'intégralité des produits découverts à son domicile lui appartenait et qu'il les entreposaient dans le but de reproduire des tutoriels de confection de TATP comme ils apparaissent sur des vidéos diffusées par l'EI, a souligné François Molins. Il a expliqué avoir fait des tests et s'être filmé à ces occasions. Ce sont deux artisans qui ont fait cette découverte le 6 septembre dernier. \"Ils ont remarqué sur la terrasse de l'unique studio situé au troisième étage de ce bâtiment, une bâche bleue de 3X3 mètres sous laquelle régnait le plus grand désordre et où se trouvaient des bouteilles contenant des produits toxiques\", a précisé François Molins. Sur une table de camping, ils ont notamment vu un saladier contenant une pâte blanchâtre et à côté des seringues, une balance ainsi que des feuillets supportant des inscriptions en langue arabe. A l'intérieur de l'appartement, vide à ce moment-là, ils ont aperçu des composants électriques. \"Conscients de la dangerosité potentielle de leur découverte, ils ont immédiatement avisé les services de police\", a encore ajouté le procureur.  Ni Ali M.R., ni Frédéric M. n'ont déjà été condamnés par la justice. Seul le second était fiché S en raison de sa radicalisation.  C'est en inspectant le téléphone de Ali M.R., originaire d'Amiens, que les enquêteurs ont mis la main sur Frédéric L., domicilié au Kremlin-Bicêtre. Ce dernier a été interpellé le lendemain de la découverte du laboratoire. A son domicile, les enquêteurs ont saisi des clés USB, des disques durs, des cartes sim, des ordinateurs et des téléphones qui ont mis en évidence la présence de photographies de kalachnikov, de munitions et d'armes démontées, une photographie de son fils de 9 ans portant une réplique de fusil d'assaut et des vidéos de propagande de l'EI. L'analyse de son compte Instagram a révélé qu'il suivait de nombreuses chaînes de discussions pro-EI, a indiqué le procureur.  Frédéric L. était en recherche d'emploi depuis 2011, s'était converti à l'islam en 2008 et revendique une \"pratique assidue\" depuis 2015.  Les deux suspects ont admis \"avoir tenté de rejoindre ensemble l'EI en 2015\", a indiqué le procureur de la République. Un projet avorté faute de contacts au sein de l'EI et de moyens financiers.  Frédéric L. a admis lors de sa garde à vue avoir projeté un attentat pour se venger de la coalition internationale contre l'EI. Il était en contact direct avec Rachid Kassim, propagandiste francophone de l'EI –vraisemblablement tué depuis dans un bombardement de la coalition – en août 2016 via Facebook.  Par ailleurs Ali M.R. était locataire d'un box situé à Thiais (Val-de-Marne) où les enquêteurs ont trouvé 11 litres d'acétone, 4 bouteilles d'eau oxygénée, 2 litres d'acide sulfurique, 83 litres de déboucheurs industriels, 2 bonbonnes de gaz paraissaient vides et une plaque minéralogique allemande. Ce box a été régulièrement visité à partir de juillet 2017, et les deux suspects s'y sont rendus le 7 août 2017. L'homme interpellé avec Ali M.R. a raconté aux enquêteurs que celui avec qui il travaillait tenait des propos positifs à l'égard de l'EI.  \"Cette nouvelle affaire illustre la réalité et la persistance durable de la menace terroriste représentée en France par les sympathisants de Daech qui sont restés dans notre pays et qui sont pénétrés par la propagande de l'organisation terroriste\", a déclaré le procureur de la République.  L'Obs "}