{"title": "10 choses à savoir sur bernard cazeneuve, le nouveau premier ministre", "newspaper": "NouvelObservateur", "author": ["Paul Laubacher"], "date_publi": "2016-12-06", "theme": "Présidentielle 2017", "content": "Il est fidèle. Il est hollandais. Il a la peau dure. Bernard Cazeneuve a été nommé Premier ministre mardi 6 décembre. Révélé pendant la campagne présidentielle de 2012, et lors de l'enquête sur l'attentat de Karachi, l'ancien maire de Cherbourg a commencé le quinquennat de François Hollande au ministère des Affaires européennes. Fidèle parmi les fidèles, Bernard Cazeneuve va remplacer Manuel Valls à Matignon. Le 16 novembre 2011, il était encore inconnu du grand public. Pourtant, le candidat Hollande le nomme porte-parole de sa campagne. A ses côtés : Najat Vallaud-Belkacem, Delphine Batho et Bruno Le Roux. François Hollande récompense alors un ami qui deviendra un des derniers fidèles. Preuve de son attachement au chef de l'Etat, Bernard Cazeneuve déclare en octobre dernier au quotidien \"la Presse de la Manche\" :  Preuve de la confiance grandissante que lui accorde le chef de l'Etat : Bernard Cazeneuve est nommé ministre du Budget après l'affaire Cahuzac. Mais avant d'être un des derniers hollandais, Bernard Cazeneuve était proche de Laurent Fabius. Il avait rejoint les rangs de l'ancien plus jeune Premier ministre de France dans les années 1980. C'est Laurent Fabius qui lui a trouvé, au début des années 1990, une terre de mission à Octeville (Manche) où il deviendra conseiller municipal puis maire. C'est encore avec Laurent Fabius, ce \"grand frère\", que Bernard Cazeneuve fait la campagne du \"non\" au référendum de 2005. Avec son mentor, il avait dénoncé \"la pente libérale de l'Europe\".  C'est parce que François Hollande voulait tourner la page des déchirures socialistes de 2005 qu'il est nommé ministre des Affaires européennes. Commentaire de Bernard Cazeneuve :  Après l'annonce de François Hollande, la candidature de Manuel Valls était imminente. Elle passe aussi par son départ du gouvernement. C'est chose faite. Le Premier ministre a lancé lundi 5 décembre, à Evry, sa candidature à la présidence de la République au nom du \"rassemblement\". Et d'annoncer sa démission pour mardi. Le nom du successeur de Manuel Valls circulait déjà. Selon les informations de \"l'Obs\", François Hollande comptait le remplacer par Bernard Cazeneuve. Passé par les Affaires européennes et le Budget, l'actuel ministre de l'Intérieur, véritable \"couteau suisse\" du gouvernement, a prouvé à maintes reprises sa fidélité et sa solidité en ce contexte de lutte contre le terrorisme. Passer de Beauvau à Matignon ? Comme un certain Manuel Valls… A 53 ans, la consécration de Bernard Cazeneuve va battre un record. L'ancien maire de Cherbourg est à la tête d'un gouvernement à la durée de vie singulièrement limitée : cinq mois à tout casser. Le précédent record était tenu par la seule femme Premier ministre de la Ve République, de gauche elle aussi : Edith Cresson. Dix mois et dix-huit jours après sa nomination, elle sera remplacée par Pierre Bérégovoy, le 2 avril 1992.  Bernard Cazeneuve s'installe à Matignon. Mais ça pourrait s'arrêter là. La date limite du dépôt des candidatures à l'investiture socialiste pour les élections législatives de 2017 était fixée au vendredi 18 novembre à minuit. Qui voulait se présenter pour la première fois ? Briguer sa propre succession ? Jeter l'éponge ? Parmi les découvertes, il en est une de taille : Bernard Cazeneuve, député de la Manche entre 1997 et 2002, puis à nouveau depuis 2007, a décidé de ne pas se représenter.  Le ministre de l'Intérieur, qui ne devrait pas non plus redevenir maire de Cherbourg-Octeville, serait même dans l'optique de s'éloigner de la vie politique.  Selon \"l'Opinion\", Bernard Cazeneuve devrait redevenir avocat au cabinet parisien August et Debouzy, pour lequel il avait déjà travaillé dans les années 2000. Son entourage \"dément formellement\", mais \"l'affaire serait suffisamment engagée pour que August et Debouzy se préoccupe de lui trouver un bureau et une assistante\", croit savoir le quotidien..  Depuis deux ans et huit mois, Bernard Cazeneuve s'est installé Place-Beauvau. Il n'imite pas les coups de menton d'un certain Manuel Valls, mais impose son style de premier flic de France.  Attentats à \"Charlie Hebdo\", à l'HyperCacher, les attentats du 13-Novembre, l'Euro de football, l'attentat de Nice, Rémi Fraisse, les manifestations contre la loi Travail… Le ministre de l'Intérieur est sur tous les fronts. A la gauche de la gauche, on l'accuse d'autoritarisme. A droite, de laxisme. Mais cet homme-clé du quinquennat a tenu son cap malgré tout. Chaque personne interrogée à son sujet reconnaît d'ailleurs que \"jamais un ministre de l'Intérieur n'aura eu à affronter autant d'épreuves\". Le \"ministère des emmerdes\", lui, n'a jamais aussi bien porté son surnom.  C'est la dernière polémique en date. Et celle-ci pourrait faire tache dans le bilan du faux calme Bernard Cazeneuve. Objet d'un décret paru le 30 octobre au Journal officiel, le mégafichier TES, pour  \"titres électroniques sécurisés\", a provoqué une onde de choc.  Parlementaires, magistrats et membres de la société civile étaient réunis contre la création d'une seule base de données regroupant les informations (identité, couleur des yeux, domicile, photo, empreintes digitales...) des détenteurs d'un passeport et d'une carte d'identité. Un mégafichier qui concerne potentiellement près de 60 millions de Français. Bernard Cazeneuve, lui, a convenu qu'un débat parlementaire aurait dû avoir lieu \"en amont\".  S'il y a bien un combat que Bernard Cazeneuve a tenté de mener jusqu'au bout, c'est l'enquête sur l'attentat de Karachi. Pourquoi ? Parce que le nouveau Premier ministre était alors maire de Cherbroug, d'où sont originaires les 11 victimes de l'attentat.  Bernard Cazeneuve, alors député de la Manche, obtient la création d'une mission parlementaire. Il en sera le rapporteur entre novembre 2009 et mai 2010. Le travail de la commission se heurte aux manœuvres de Matignon. \"Les intérêts supérieurs de la Nation pouvaient justifier tous les sacrifices, la confiscation d'un deuil, l'occultation d'une vérité\", écrit-il dans un livre consacré à l'affaire, \"Karachi, l'enquête impossible\" (Calmann-Lévy, 2011). Il y a une date que Bernard Cazeneuve n'oubliera pas : chaque 8 mai, depuis treize ans, il participe à la commémoration du drame à Cherbourg.  Une chose au moins les rapproche. Christiane Taubira et Bernard Cazeneuve ont véritablement appris à s'apprécier lors des discussions budgétaires, au printemps 2013. A Bercy, entre deux lignes de comptes, le ministre du Budget s'adressait à la garde des Sceaux en créole, racontait \"l'Obs\" en janvier 2016. Leurs conseillers respectifs étaient étonnés, pas l'élue de Cayenne qui savait que Bernard Cazeneuve avait un parrain guyanais. Il n'était d'ailleurs pas rare qu'ils conversent dans la même langue en privé. Christiane Taubira n'oubliera pas ce point commun : à chaque retour d'une escapade à Cayenne, elle lui offrira tantôt un plat local, tantôt une bouteille de rhum. Aujourd'hui, Bernard Cazeneuve n'a plus beaucoup l'occasion de rire en créole. Christian Taubira a quitté le gouvernement en janvier. Et il est devenu Premier ministre.  Très discret, toujours tiré à quatre épingles, Bernard Cazeneuve est pourtant un grand blagueur. Une de ses qualités ? Ses imitations : en novembre 2013, lors d'un dîner chez Jean-Marc Ayrault, Bernard Cazeneuve avait imité son collègue Victorin Lurel, alors ministre des Outre-mer, \"l'implorant de ne pas lui couper ses crédits\". \"Imitation qui a fait hurler de rire l'assistance\", selon \"le JDD\". Sa meilleure cible reste... lui-même. Toujours en novembre 2013, lors d'une réunion à Matignon autour de Jean-Marc Ayrault, mais avant d'aborder le dossier austère de la réforme fiscale, Cazeneuve se lance dans une parodie de ministre parlant la novlangue de Bercy, quasi incompréhensible pour les profanes. Commentaire de l'audience, selon \"le Parisien\" : \"A mourir de rire…\" Paul Laubacher ? Paul Laubacher Journaliste "}