{"title": "enquête pour apologie du terrorisme au parlement : \"je n'ai jamais été un admirateur de daech !\"", "newspaper": "NouvelObservateur", "author": ["L'Obs avec AFP"], "date_publi": "2017-02-24", "theme": "Société", "content": "Yacine Chaouat, assistant parlementaire du sénateur PS Roger Madec, est visé par une enquête pour apologie du terrorisme par le parquet de Paris depuis le 25 janvier, a révélé \"le Canard enchaîné\" cette semaine. L'information a été confirmée par ledit sénateur. En réaction, il annonce qu'il va porter plainte en dénonciation calomnieuse, indique vendredi 24 février son avocat Me Antoine Casubolo-Ferro à l'AFP.  Il présente le même jour, dans une interview au \"Parisien\", une version complètement différente de celle qui a été évoquée jusqu'ici dans la presse.\n Dans \"le Canard enchaîné\", il est question d'une militante associative du dialogue inter-religieux, qui aurait alerté au sujet d'une page Facebook au nom du parlementaire où figureraient appel au djihad, égorgements et dénonciation des \"mécréants\". Page qui aurait disparu puis réapparu en arabe. Vendredi, dans \"le Parisien\", l'assistant parlementaire donne une autre version : L'assistant poursuit : Dans son interview au \"Parisien\", Yacine Chaouat fait mention de deux personnes qui, laisse-t-il entendre, pourraient chercher à lui nuire : Le sénateur, lui, déclare qu'il ne croit que ce qu'il voit. Les pièces transmises à la justice sont des copies d’écran, explique \"le Parisien\", et les enquêteurs n’auraient pas trouvé de vidéos pour l'instant. Selon son avocat, il n'a été trouvé \"aucune vidéo d'appel au djihad, aucune image d'égorgement\" sur la page Facebook de l'assistant. Pour traduire ce qui est inscrit sur ces pages, les enquêteurs ont bien fait appel à Farid Benyettou, confirme le quotidien, un homme qui travaille aujourd’hui dans une structure de déradicalisation, mais qui a été condamné pour terrorisme et qui est l'ex-mentor des frères Kouachi.   Yacine Chaouat avait dû démissionner en juin 2015 de son poste de secrétaire national adjoint du PS en charge de l'intégration, 24 heures seulement après sa nomination, en raison de la polémique provoquée par la révélation de sa condamnation passée pour violences conjugales. \"Il a payé pour ça\", a déclaré le sénateur qu'il assiste. L'Obs avec AFP Journaliste "}