{"title": "dieudonné joue les victimes à son procès pour apologie du terrorisme", "newspaper": "NouvelObservateur", "author": ["L'Obs"], "date_publi": "2015-02-04", "theme": "Justice", "content": "C’est son troisième procès en une semaine. Dieudonné a comparu, ce mercredi 4 février, devant le tribunal correctionnel de Paris pour apologie du terrorisme, après avoir écrit sur Facebook le 11 janvier qu'il se sentait \"Charlie Coulibaly\".  Une peine de 30.000 euros d'amende a été requise en milieu d'après-midi à l'encontre du polémiste. Peine qui, si elle n'est pas acquittée, peut se transformer en emprisonnement. La procureure a ainsi requis 200 jours amende à 150 euros contre Dieudonné, demandant au tribunal de considérer à la fois le propos lui-même, le contexte dans lequel il a été tenu et la personnalité de son auteur, condamné à plusieurs reprises pour des propos antisémites.  Le tribunal correctionnel de Paris a mis son jugement en délibéré au 18 mars.\n Comme il l'avait déjà fait devant les services de police lors de sa garde à vue, le polémiste a répété, au cours de l'audience, qu'il condamnait les attentats de Paris.  Le message litigieux avait été diffusé sur Facebook, alors que, le jour même, des millions de personnes à travers le pays venaient de rendre hommage aux 17 victimes des attentats ayant visé \"Charlie Hebdo\", des policiers et des juifs. Dans son message, il qualifiait aussi la marche républicaine d'\"instant magique égal au Big Bang qui créa l'Univers\". \"Sachez que ce soir, en ce qui me concerne, je me sens Charlie Coulibaly\", ajoutait-il, associant le slogan de soutien au journal satirique, \"Je suis Charlie\", au nom d'Amedy Coulibaly, le preneur d'otages qui a notamment tué quatre juifs dans un supermarché casher. Devant le tribunal correctionnel, il a raconté qu'il avait voulu participer à la marche de Paris. D'après lui, ses avocats s'étaient même rapprochés du ministère de l'Intérieur, mais ils n'auraient reçu aucune réponse. Il a finalement, assure-t-il, participé à une marche dans une commune près de son domicile, qui se trouve en Eure-et-Loir. Et d'ajouter :  Selon l'humoriste controversé, le message qui lui vaut ce procès est \"une parole de paix\". L'audience, qui a lieu devant la 16e chambre du tribunal correctionnel, a attiré de très nombreux journalistes et des dizaines de soutiens de Dieudonné.  L'audience de #dieudonne suit son cours et les journalistes s'amassent toujours sur les barrières à l'extérieur pic.twitter.com/lVvjh5xmDN Pour un délit d'apologie du terrorisme, le polémiste risque jusqu'à cinq ans de prison et 75.000 euros d'amende. Une peine qui peut être portée à sept ans et 100.000 euros si les faits ont été commis en utilisant un service de communication au public en ligne. Après les attentats, la ministre de la Justice, Christiane Taubira, avait donné instruction au parquet de faire preuve de \"réactivité\" et \"fermeté\" envers les auteurs d'\"apologie du terrorisme\" ou de \"propos et agissements racistes ou antisémites\". G. S. (avec AFP) L'Obs "}