{"title": "attentat de berlin : anis amri est bien passé par lyon ", "newspaper": "NouvelObservateur", "author": ["L'Obs"], "date_publi": "2016-12-26", "theme": "Terrorisme", "content": "Comment Anis Amri a-t-il bien pu gagner l'Italie depuis Berlin ? En passant par Lyon. L'exploitation des images de vidéosurveillance confirme que l'auteur présumé de l'attentat de Berlin, abattu vendredi dernier par la police italienne à Milan, a bien transité par la gare de Lyon-Part-Dieu, a indiqué ce lundi 26 décembre une source proche de l'enquête. \"Un homme qui correspond au tueur a été repéré le jeudi 22 décembre dans l'après-midi sur le quai de la gare, portant un bonnet et un sac à dos\", a déclaré la source, confirmant des informations de \"L'Express\" et BFMTV.  \"Il apparaît seul sur ces images\", a-t-elle ajouté, précisant que les investigations se poursuivaient pour déterminer comment ce Tunisien de 24 ans, soupçonné d'avoir tué 12 personnes à Berlin sur un marché de Noël, a quitté la capitale allemande pour rejoindre la France, puis l'Italie dans sa cavale.\n Des billets de train pour un trajet Lyon - Chambéry - Milan via Turin, réglés en liquide, avaient été retrouvés sur lui. L'analyse des caméras de la gare de Chambéry est toujours en cours d'exploitation. La confirmation du passage du terroriste par le territoire français risque d'alimenter la polémique, alors que la droite demande depuis la semaine dernière des explications au gouvernement.  En parallèle, les autorités allemandes recherchent toujours d'éventuels complices de l'auteur présumé de l'attentat de Berlin. Samedi, trois hommes ont été arrêtés en Tunisie. Ils sont membres d'une \"cellule terroriste [...] liée\" à Anis Amri. Parmi eux figure le neveu d'Amri qui, selon le ministère tunisien de l'Intérieur, a fait allégeance au groupe Etat islamique comme son oncle et a \"avoué être en contact\" avec ce dernier via \"l'application cryptée Telegram pour échapper à la surveillance policière\". Il a également affirmé, toujours selon Tunis, que son oncle était \"l'émir\" d'un groupe djihadiste en Allemagne connu sous le nom de brigade \"Abou al-Walaa\" et que ce dernier lui avait \"envoyé des sommes d'argent\", par voie postale sous une fausse identité, pour l'aider à le rejoindre.  (Avec AFP) L'Obs "}