{"title": "iran : ce que l'on sait du double attentat de l'etat islamique à téhéran", "newspaper": "NouvelObservateur", "author": ["L'Obs"], "date_publi": "2017-06-07", "theme": "Monde", "content": "Une double attaque meurtrière. Des hommes ont ouvert le feu ce mercredi 7 juin à l'intérieur du Parlement iranien et deux kamikazes se sont fait exploser au mausolée de l'imam Khomeini à Téhéran, faisant plusieurs victimes. Le dernier bilan officiel est de 12 morts et 39 blessés, selon le chef des urgences de Téhéran, cité par l'AFP. L'Etat islamique a revendiqué la double attaque. \"L'Obs\" fait le point sur ce que l'on sait. There are reports of a coordinated shooting at the Iranian parliament, and simultaneously at the shrine of Imam Khomeini in south Tehran.  Des hommes armés ont ouvert le feu dans l'enceinte du Parlement iranien. Un agent de sécurité a été tué et au moins huit personnes ont été blessées. Un député a déclaré à la radiotélévision iranienne Irib qu'au moins trois hommes armés d'un pistolet et de deux Kalachnikov avaient pénétré dans l'enceinte du Parlement. D'autres sources évoquent la présence de quatre assaillants.\n  L'un des assaillants est à un moment sorti dans l'avenue qui passe près de la chambre des députés et a tiré sur les passants. Les forces de sécurité ont tiré sur lui, le forçant à retourner à l'intérieur de l'enceinte du Parlement. Echange de tirs intense au Parlement iranien. #Iran #Teheran pic.twitter.com/WY08VjhBCc Selon certains médias iraniens, les forces de l'ordre ont donné l'assaut contre les \"terroristes\" retranchés dans les étages supérieurs d'un bâtiment du Parlement. L'un des assaillants s'est alors fait exploser. De leur côté, les députés ont poursuivi leur session malgré l'attaque. Une session menée par le président du Parlement Ali Larijani. Dans le même temps, des coups de feu ont également été tirés au mausolée de l'imam Khomeini où une femme s'est fait exploser, à l'extérieur du bâtiment situé à une vingtaine de km au sud de Téhéran, selon les agences de presse. Des photos de l'explosion ont été publiées par les agences de presse, notamment sur leurs réseaux sociaux. The moment of explosion at Imam Khomeini mausoleum #TehranShooting pic.twitter.com/cVQtgqteYr \n\n \"Trois ou quatre\" assaillants ont attaqué le mausolée où il y a eu au moins un mort, un jardinier, selon un responsable du mausolée. Dans un second temps, un deuxième \"terroriste\" s'est également fait exploser.  Autour des deux lieux des attaques, d'imposantes forces de sécurité étaient présentes et des stations de métro ont été fermées. Une réunion d'urgence du conseil national de sécurité a été convoquée par le ministre de l'Intérieur Abdolreza Rahmani Fazli, selon l'agence de presse Isna.  Selon le ministère des Renseignements, un autre groupe de \"terroristes\" a été neutralisé à Téhéran avant de pouvoir passer à l'action. L'Etat islamique a revendiqué la double attaque quelques heures plus tard, via leur agence de propagande Amaq qui a indiqué, en citant \"une source de sécurité\" : BREAKING: #ISIS claimed its first attack in #Iran, reporting through 'Amaq that its fighters hit the Khomeini shrine & parliament in #Tehran pic.twitter.com/wEzmclapTe L'EI avait publié en mars une vidéo en persan affirmant que le groupe allait \"conquérir l'Iran et le rendre à la nation musulmane sunnite\" et provoquer un bain de sang chez les chiites. L'Iran aide militairement le régime syrien face aux rebelles et au groupe djihadiste, qui, lui, a déjà revendiqué des actions en Iran près des frontières avec l'Irak et de l'Afghanistan. L'Iran est également engagé en Irak. Des attaques quasi simultanées sur des lieux hautement symboliques en Iran sont extrêmement rares, les derniers attentats ayant eu lieu après la révolution islamique de 1979, commis pour la plupart par l'organisation armée des Moudjahidines du peuple.  L.B. et R.F. (avec agences) L'Obs "}