{"title": "attentat de notre-dame : la mystérieuse bascule de \"l'homme au marteau\"", "newspaper": "NouvelObservateur", "author": ["Emilie Brouze"], "date_publi": "2017-06-12", "theme": "Terrorisme", "content": "En 2013, ses mots à la rédaction de Rue89 sont sages et posés. \"J'ai quitté l'Algérie pour la Suède en 2001 suite aux événements tragiques de Kabylie. J'ai suivi des études en journalisme à l'université de Stockholm et d'Uppsala en Suède entre 2006 et 2010, avant de rentrer en Algérie pour travailler\", expose Farid Ikken dans une lettre candidature. Il est alors thésard algérien, sur le point de s'inscrire à l'université de Lorraine à Metz. Polyglotte, il a déjà collaboré avec plusieurs médias algériens, scandinaves, et français. Ses propositions de piges s'appuient sur une exigence de justice sociale. Il veut écrire sur la pauvreté, la corruption en Algérie, l'insuffisante prise en charge gynécologique des Algériennes ou encore les minces chances de survie des malades du cancer quand ils n'ont pas de piston. Il était \"sérieux, impliqué socialement, soucieux de la cause féministe\", décrit même la rédactrice en chef de Rue89, qui avait longuement échangé avec lui ces années-là.  Tous ceux qui l'ont approché de près ou de loin étaient abasourdis lorsqu'ils ont appris, le mardi 6 juin, que Farid Ikken, désormais âgé de 40 ans, a agressé avec un marteau un policier en patrouille sur le parvis de Notre-Dame-de-Paris, en criant : \"C'est pour la Syrie !\". Blessé par des tirs de riposte, il est depuis placé en garde à vue dans le cadre de l'enq Emilie Brouze Journaliste "}