{"title": "attentat déjoué : ce que l’on sait des suspects arrêtés à marseille et strasbourg", "newspaper": "NouvelObservateur", "author": ["Virginie Grolleau"], "date_publi": "2016-11-23", "theme": "Société", "content": "Un réseau, téléguidé depuis la Syrie, est soupçonné d'avoir voulu commettre un ou plusieurs attentat(s) en France : après le coup de filet antiterroriste réalisé le week-end dernier à Strasbourg et Marseille, cinq hommes étaient toujours en garde à vue mercredi et les enquêteurs cherchent à identifier la ou les cibles envisagées. Le réseau paraît plus structuré que lors des derniers attentats ou projets d'attaques visant la France. La cellule était cloisonnée : certains membres n'ont jamais été en contact, uniquement reliés entre eux par un donneur d'ordre établi en Syrie, selon une source proche de l'enquête. Quatre Français, inconnus des services de renseignement, ont été interpellés dans la nuit de samedi à dimanche à Strasbourg. Deux armes de poing, un pistolet automatique, un pistolet mitrailleur ainsi que de la propagande djihadiste ont été trouvés lors des perquisitions. Yassine B., 37 ans, fonctionnaire dans une école primaire du quartier de la Meinau, et Hicham M., 37 ans également, sont soupçonnés d'avoir gagné la Syrie en 2015 en passant par Chypre. Sami B., 36 ans, et Zakaria M., 35 ans, ont également été placés en garde à vue.  \n Comme le révélait \"l'Obs\" lundi, Yassine B. était un employé périscolaire, en poste dans une école primaire de la Meinau. Deux des quatre pistolets automatiques ont été retrouvés chez lui. Son ordinateur professionnel a été saisi à l'école primaire. Il s'occupait des enfants à la pause du midi. Après la cantine, il jouait avec eux. Une réunion a eu lieu à l'école avec des représentants de la mairie et des psychologues. A la sortie, les parents étaient sidérés, comme ils le racontent dans ce reportage de France 2. Au même moment, à Marseille, la Direction générale de la sécurité intérieure (DGSI) interpellait trois suspects. Parmi eux, Hicham E., un Marocain de 46 ans, intéresse particulièrement les enquêteurs. Résidant au Portugal, il était surveillé depuis plusieurs mois par les services du pays après de nombreux voyages suspects en Europe. Il avait été signalé aux autorités françaises comme radicalisé. De l'argent a été saisi lors de son interpellation et les enquêteurs le soupçonnent d'avoir agi en tant que collecteur de fonds pour le réseau. Les deux autres hommes arrêtés, soupçonnés d'avoir eu un rôle dans son hébergement, ont été relâchés mardi soir. Les investigations, qui avaient débuté en février, avaient conduit à une première série d'interpellations le 14 juin dernier, en plein Euro de football. Deux Français, liés au réseau, avaient alors été mis en examen et écroués : Nasser B., 38 ans, et Lamary N., 40 ans. L'enquête a établi qu'ils avaient contracté des crédits à la consommation pour financer des activités terroristes, une pratique courante chez les djihadistes, à laquelle a notamment eu recours Amedy Coulibaly, le tueur de l'Hyper Cacher en janvier 2015. D'après la source proche de l'enquête, ces deux suspects communiquaient \"avec un donneur d'ordre établi en Syrie surveillé par les services de renseignement français\". Ces derniers décident alors de tendre un appât, mettant en place une cache d'armes dans le Val-d'Oise, en région parisienne, surveillée 24 heures sur 24 pendant plusieurs mois, pour tenter d'attirer les autres membres du réseau susceptibles de passer à l'attaque. Le 14 novembre, l'enquête s'accélère : la DGSI reçoit un renseignement laissant penser à un passage à l'acte imminent et organise, dans l'urgence, une opération qui conduit au vaste coup de filet du week-end dernier. La cellule semble avoir été téléguidée depuis la Syrie par un membre de l'organisation djihadiste Etat islamique (EI), selon les enquêteurs. Outre les soupçons de séjour en Syrie de Yassine B. et Hicham M., plusieurs messages cryptés ont été exhumés entre ce donneur d'ordre et certains membres du réseau. Et, alors que l'EI perd du terrain en Syrie et en Irak, \"les incitations à agir en France s'étaient récemment intensifiées\", selon la source. Selon les informations d'iTélé, un des cinq terroristes présumés strasbourgeois interpellés dans la nuit de samedi à dimanche a livré, lors de sa garde à vue, plusieurs cibles auxquelles le commando comptait s'attaquer, dont un haut lieu de la police. D'après BFMTV, il s'agirait du 36 quai des Orfèvres à Paris et du siège de la DGSI à Levallois-Perret. Par ailleurs les enquêteurs ont découvert lors des perquisitions dans des ordinateurs une liste de cibles potentielles, parmi lesquelles figure un parc d'attractions, non mentionné par le gardé à vue. Toujours selon BFMTV, un lieu de culte catholique figurerait aussi parmi les cibles. Virginie Grolleau Journaliste "}