{"title": "nouvel attentat à cambrils, au sud de barcelone : 5 terroristes présumés abattus", "newspaper": "NouvelObservateur", "author": ["L'Obs"], "date_publi": "2017-08-18", "theme": "Terrorisme", "content": "Quelques heures après l'attaque au fourgon qui a fait au moins 13 morts et 100 blessés à Barcelone jeudi 17 août, la police a annoncé dans la nuit avoir abattu cinq \"terroristes présumés\" à Cambrils, située à 120 km au sud de la deuxième ville d'Espagne. \"Les terroristes présumés circulaient dans une Audi A3 et ont apparemment renversé plusieurs personnes avant de se heurter à une patrouille des Mossos d'Esquadra et la fusillade a commencé\", a annoncé un porte-parole du gouvernement régional. La voiture des assaillants a commencé à faucher des piétons sur la promenade du bord de mer, vers minuit. Six civils et un policier ont été blessés. Un des civils blessés est dans un état critique, ont annoncé les services d'urgence de Catalogne sur Twitter.  Certains des assaillants portaient ce qui ressemblait à des ceintures d'explosifs, a ajouté un porte-parole de la police. Quatre des cinq \"terroristes présumés\" à bord du véhicule ont été tués sur le coup par la police, tandis que le dernier, grièvement blessé, est mort quelques minutes plus tard.\n Police operation in #Cambrils for possible terrorist attack. If you are now in #Cambrils avoid going out. Stay home, stay safe   Selon le correspondant de la radio Cadena Ser, plusieurs rues de la commune ont été barrées et les gens étaient confinés dans des restaurants et des lieux de divertissement. Dans des vidéos amateur mises en ligne par des médias locaux, on pouvait entendre plusieurs tirs d'armes à feu au milieu des sirènes de police. Des corps étendus sur la chaussée, présentés comme ceux des terroristes présumés, sont visibles sur l'une d'entre elles. \"URGENT: à cause d'une opération policière à Cambrils, évitez la rue, enfermez-vous chez vous !\", avait tweeté le service d'urgences régional. \"NE VOUS METTEZ PAS EN DANGER\", conseillait-il. La police a fait savoir sur son compte Twitter qu'elle considérait cette attaque comme liée à l'attentat de Barcelone.  Trabajamos con la hipótesis de que los terroristas abatidos estarían relacionados con los hechos registrados en #Barcelona y #Alcanar Deux personnes, un Espagnol et un Marocain, avaient été arrêtées plus tôt en lien avec l'attentat de Barcelone, revendiqué par les djihadistes du groupe Etat islamique. Mais le conducteur de la camionnette qui a foncé dans la foule sur une des artères les plus fréquentées de la capitale catalane avait lui réussi à s'enfuir. Un témoin affirme avoir vu \"un homme très jeune, d'une vingtaine d'années, au visage mince\". L'Espagnol, dont l'identité n'a pas été révélée, est né dans l'enclave de Melilla, ville sous administration espagnole dans le nord du Maroc. Il a été arrêté à Alcanar, à 200 km au sud de Barcelone, une localité où la nuit précédente une explosion dans un logement avait fait un mort et sept blessés. Les enquêteurs relient cette explosion à l'attentat de Barcelone, selon le porte-parole de la police : \"Nous soupçonnons qu'ils préparaient un engin explosif.\" Le Marocain est identifié comme Driss Oukabir, indique le porte-parole de la police catalane. Lié à la camionnette utilisée dans l'attentat, il a été arrêté à Ripoll, à une centaine de kilomètres au nord de Barcelone. Aucun des deux n'avait d'antécédent judiciaire. L.T. et T.V. L'Obs "}