{"title": "apologie du terrorisme : 6 personnes arrêtées en auvergne", "newspaper": "NouvelObservateur", "author": ["L'Obs"], "date_publi": "2015-03-17", "theme": "Faits divers", "content": "Six individus sont en garde à vue depuis mardi 17 mars au matin, notamment pour apologie du terrorisme, au commissariat du Puy-en-Velay, en Auvergne. Parmi eux, cinq seraient issus de la Haute-Loire, et le dernier de la région lyonnaise. D'après le quotidien local \"La Montagne\", ils sont accusés d'apologie de terrorisme et de trafic de stupéfiants. La gendarmerie a été alertée par des habitants qui leur ont fait part d'un cas de \"radicalisation\" et de consommation de cannabis. Après cette alerte, les gendarmes ont saisi dans la voiture d'un des suspects une arbalète, un coupe-coupe, une carabine 22-long rifle, des munitions et une dizaine d'armes blanches. Ils disposeraient aussi d'éléments sur un possible projet de départ en Indonésie. Un \"très important\" matériel informatique est aussi \"en cours d'exploitation\", ajoute le parquet.  En juin, des recherches sur une affaire de trafic de drogue avaient déjà débouché sur deux arrestations pour infraction à la loi sur le port d'arme au Puy-en-Velay. Cette fois, en plus de l'arsenal militaire, les six gardés à vue devront répondre des accusations de consommation, achat, vol et revente de cannabis, mais aussi d'apologie de terrorisme. Si les faits sont avérés, ils risquent jusqu'à sept ans de prison. A. F. L'Obs "}