{"title": "la france \"soutien du terrorisme\" : jean-yves le drian recadre sèchement bachar al-assad", "newspaper": "NouvelObservateur", "author": ["L'Obs"], "date_publi": "2017-12-19", "theme": "Monde", "content": "La réponse est cinglante. Le chef de la diplomatie française Jean-Yves Le Drian a sèchement répondu au président syrien qui s'en était pris à la France lundi 18 décembre. Bachar al-Assad avait alors accusé Paris de \"soutien au terrorisme\" et estimé que la France n'avait \"pas le droit de parler de paix\" en Syrie. Sa diatribe intervenait quelques jours après des déclarations de Paris accusant le régime de Damas de pratiquer une \"stratégie d'obstruction\" aux dernières négociations à Genève, qui ont échoué. De quoi faire monter le ton entre les deux pays.   Lundi, Bachar al-Assad a donc condamné le soutien apporté par la France aux rebelles – qu'il qualifie de \"terroristes\" –, qui se battent contre son régime depuis 2011. \n  \"Elle [la France] n'est pas en position de donner une évaluation d'une conférence de paix\", avait poursuivi le dirigeant. Assénant ensuite aux journalistes : En déplacement à Washington lundi, où il a rencontré les dirigeants américains, le ministre des Affaires étrangères Jean-Yves Le Drian en a profité pour répondre sans détour au dirigeant syrien, comme le rapporte \"le Figaro\" :  \"Ce qui est clair, c'est que la France a été dès le départ dans l'action de la coalition contre Daech, et qu'aujourd'hui c'est la coalition qui a permis la victoire. Mais Daech n'a pas encore complètement perdu la guerre, donc il faut continuer le combat\", a ajouté le chef de la diplomatie française.  Interviewé sur France 2 dimanche, Emmanuel Macron avait lui estimé que Daech serait totalement vaincu \"d'ici mi, fin-février\", et qu'\"il faudra parler à Bachar\". Il n'imaginait sans doute pas que ce serait dans ces termes. B.K. L'Obs "}