{"title": "attentat des champs-elysées : permis de port d'armes et fiche s, comment est-ce possible ?", "newspaper": "NouvelObservateur", "author": ["L'Obs"], "date_publi": "2017-06-20", "theme": "Politique", "content": "Le Premier ministre Edouard Philippe lui-même s'en étonne : \"personne ne peut se satisfaire\" que \"quelqu'un qui fait l'objet d'un signalement puisse continuer à bénéficier\" d'une autorisation de détention d'armes. Un constat évident au lendemain de la tentative d'attentat survenue ce lundi sur les Champs-Elysées.   Adam Dzaziri, un homme de 31 ans, islamiste radicalisé, a foncé avec sa voiture chargée d'une bonbonne de gaz sur un fourgon de gendarmerie, avant de mourir dans cet attentat raté, qui n'a pas fait d'autre victime. Une kalachnikov, deux armes de poing et un important stock de munitions ont été trouvés à l'intérieur de son véhicule.\n  L'assaillant bénéficiait d'un permis de détention d'arme alors qu'il faisait l'objet d'une fiche S. Comment l'expliquer ? \"On se rend compte qu'il est en effet assez possible que l'homme qui est décédé ait été à la fois objet d'un signalement, ce qu'on appelle trivialement la fiche S, et en même temps qu'il ait été détenteur d'une autorisation de détention\" d'armes, a constaté Edouard Philippe sur RMC et BFMTV. \"Ce que je sais à ce stade, c'est que la première autorisation de détention d'armes a été donnée avant le signalement de cet individu. Et après que la procédure normale ait été accomplie, c'est-à-dire la vérification d'antécédents judiciaires. Au moment où l'autorisation a été donnée, il n'y avait aucun antécédent judiciaire qui aurait justifié une décision de ne pas autoriser la détention d'armes\", a indiqué le Premier ministre. Reste qu'après son signalement et la création d'une fiche S en 2015, le permis de détention d'armes n'est pas retiré à Adam Dzaiziri. Une situation très compliquée à justifier, alors que le régime exceptionnel de l'état d'urgence est permanent depuis novembre 2015. \"Cela pose deux question\", a résumé Edouard Philippe : \"La première : quand le service compétent examine la situation de l'individu, est-ce qu'il peut accéder au fichier de la personne signalée ? Jusqu'à présent non, le texte réglementaire ne le permettait pas. Nous avons présenté à la fin du mois de mai, avant ces événements, un texte au Conseil d'Etat qui permet aux agents de préfectures qui sont compétents pour examiner les demandes, de consulter les éléments et notamment relatifs au signalement. C'est une avancée\", s'est-il félicité. A la question de savoir pourquoi le permis ne lui a pas été retiré après son signalement, le Premier ministre a évoqué un cas de figure compliqué, qui pourrait notamment compromettre une partie de la surveillance de l'individu : L'enquête a été confiée à la section antiterroriste de la police judiciaire parisienne et à la DGSI par le parquet de Paris. (Avec AFP) L'Obs "}