{"title": "attentat de new york : trump ordonne un renforcement du contrôle des étrangers", "newspaper": "NouvelObservateur", "author": ["L'Obs"], "date_publi": "2017-11-01", "theme": "Monde", "content": "Le président Donald Trump a annoncé mardi 31 octobre au soir avoir ordonné un renforcement du programme de vérification des étrangers voulant entrer aux Etats-Unis, quelques heures après un attentat qui a fait huit morts et onze blessés à New York. \"Je viens juste d'ordonner au (ministère) de la Sécurité intérieure de renforcer notre programme de vérification déjà extrême\", a tweeté Donald Trump.  \"Etre politiquement correct, c'est bien mais pas pour ça!\", a-t-il ajouté.\n I have just ordered Homeland Security to step up our already Extreme Vetting Program. Being politically correct is fine, but not for this! Les autorités n'ont pas identifié l'auteur de cet \"acte de terrorisme\", sauf à dire qu'il a 29 ans. Selon plusieurs médias, il s'agit d'un Ouzbek arrivé aux Etats-Unis en 2010 qui a crié \"Allah Akhbar\" (\"Dieu est grand\") en sortant de son véhicule. Mais aucun responsable n'a confirmé dans l'immédiat cette information. Donald Trump a aussi affirmé mardi que les Etats-Unis ne devaient pas permettre au groupe Etat islamique \"de revenir ou entrer\" dans le pays, quelques heures après l'attentat de New York. \"Nous ne devons pas permettre à l'EI de revenir ou entrer dans notre pays après les avoirs vaincus au Moyen-Orient et ailleurs. Assez!\", a tweeté le président américain. Les autorités new-yorkaises n'ont pour l'heure pas lié l'attentat à une organisation. Donald Trump a tenté à plusieurs reprises d'interdire par décret l'entrée aux Etats-Unis de ressortissants de plusieurs pays et de tous les réfugiés. Des décisions qui ont systématiquement été attaquées en justice. La Cour suprême avait finalement permis en juin une mise en place partielle, qui devait notamment laisser le temps aux responsables des services migratoires américains de revoir les procédures et méthodes de vérifications des antécédents des voyageurs. La semaine dernière, la Maison Blanche a fait savoir que le pays allait de nouveau accepter des réfugiés après quatre mois d'une suspension très controversée, à l'exception de ceux venant de onze pays considérés à \"haut risque\", la plupart à majorité musulmane. Selon des organisations s'occupant de réfugiés, il s'agirait de l'Egypte, l'Iran, l'Irak, la Libye, le Mali, la Corée du Nord, la Somalie, le Soudan du Sud, le Soudan, la Syrie et le Yémen. En dehors de ce décret migratoire qui a suscité de nombreuses controverses, les Etats-Unis demandent depuis la semaine dernière aux compagnies aériennes opérant des vols vers les Etats-Unis d'imposer des contrôles de sécurité plus stricts. Parmi ces mesures qui n'ont pas été détaillées par les autorités américaines figurent des interrogatoires plus approfondis pour les passagers, selon plusieurs transporteurs aériens. Avec AFP L'Obs "}