{"title": "\"les frappes françaises en syrie n'atteindront pas leur objectif\"", "newspaper": "NouvelObservateur", "author": ["Céline Lussato"], "date_publi": "2015-09-07", "theme": "Guerre en Syrie", "content": "Pourquoi François Hollande a-t-il décidé de frapper maintenant la Syrie, éreintée par la guerre depuis plus de quatre ans ? Pour François Heisbourg, président de l'International Institute for Strategic Studies (IISS) de Londres et conseiller spécial du président de la Fondation pour la recherche stratégique (FRS), le revirement du président de la République s'explique par un changement de l'opinion publique française. Car \"la situation en Syrie, elle, n'a pas changé\". Interview. Lors de sa conférence de presse, le chef de l'Etat a donc annoncé des vols de reconnaissance au-dessus de la Syrie. Cela augure-t-il de prochaines frappes ou pas nécessairement ?  - Pour l'instant, François Hollande nous offre un remake de la séquence irakienne. Lorsque la France a annoncé son intervention en Irak l'année dernière, elle avait commencé par procéder à plusieurs semaines de vols de reconnaissance. c'est la même séquence, à la suite de laquelle il y aura, ou non, des bombardements. Mais François Hollande a d'ores et déjà souligné que s'il devait y avoir de telles opérations, les moyens utilisés seraient ceux aujourd'hui dédiés aux opérations en Irak. Façon de dire que le scénario central est bien le même, des opérations de reconnaissance aux opérations de bombardement.\n Il a souligné les difficultés de mise en place de ces frappes : risques pour les civils, possibilité de favoriser Bachar al-Assad… Mais sans plus en faire des remparts contre des bombardement, comme en début d'année. Comment cela se fait-il ? - Ces arguments expliquaient pourquoi, en début d'année, nous avons décidé, contrairement aux Américains, de ne pas opérer avec les moyens aériens en Syrie. Et pourtant, le président de la République croit désormais nécessaire d'ordonner des vols de reconnaissance, prélude à d'éventuelles opérations de frappes. Pourquoi des arguments qui l'avaient conduit à une décision en début d'année ne jouent plus de la même façon ? La situation en Syrie n'a pas changé. Ce qui a changé, c'est l'opinion publique française, qui estime qu'il faut faire quelque chose face aux défis montants du terrorisme et de l'arrivée des réfugiés. Or, des frappes aériennes sont faciles à décider, relativement faciles à mettre en œuvre, médiatiquement extrêmement spectaculaires et ne posent pas les mêmes problèmes que d'accueillir un nombre de réfugiés comparable à celui accueilli par les Suédois qui en sont, rappelons-le, à plus de 50.000 à cette heure. L'un des nouveaux facteurs qui pourraient s'opposer à des frappes aériennes en Syrie est la possibilité d'une intervention russe aux côtés de Bachar al-Assad. Est-ce un facteur pris en compte par le chef de l'Etat ? - Sur la question des Russes en Syrie, une question très précise a été posée au chef de l'Etat durant la conférence de presse, à laquelle le président de la République a très clairement... pas répondu. Il n'a pas voulu s'engager sur ce terrain. Peut-être parce que la nature du déploiement russe n'est pas claire et son objectif encore moins. Reste que le déploiement a bel et bien lieu, même si nous n'avons pas pour le moment d'informations claires sur sa nature. Et quid du droit international ? Là encore, la France est en dehors des clous sans résolution des Nations unies… - L'argument est réel mais le précédent ayant été posé par les Américains, les Canadiens, les Emiriens et quelques autres pays du Golfe, au point où on en est, pas sûr que quiconque y prête vraiment attention. Là encore, c'était l'un des arguments utilisés pour expliquer pourquoi la France ne frappait pas jusque là. Et il demeure. Les arguments de la France étaient très forts. Nous avions raison de ne pas faire comme les Américains en la matière, car la politique américaine de frappes en Syrie n'a pas produit de bons résultats. On ne se plaindrait pas trop si elle n'avait produit aucun résultat. Le problème c'est que c'est probablement pire que cela : la population sunnite de Syrie, qui constitue plus des deux tiers du pays, se sent agressée à la fois par Bachar et par les frappes américaines. Et malgré tous les efforts américains mis en œuvre pour expliquer que ce n'est pas la même chose, une bombe de 200 kg reste une bombe de 200 kg, qu'elle appartienne à Bachar ou aux Américains. Je ne pense pas que des frappes françaises en Syrie atteindront l'objectif stratégique poursuivi, qui est d'amoindrir Daech et de réduire sa capacité à commettre des attentats en France. Propos recueillis par Céline Lussato Céline Lussato Journaliste "}