{"title": "attentat de manchester : \"il en faudrait plus pour nous faire baisser la tête\"", "newspaper": "NouvelObservateur", "author": ["Lucas Burel"], "date_publi": "2017-05-23", "theme": "Monde", "content": "Digne et uni, le peuple de Manchester s’est donné rendez-vous mardi soir 23 mai au Albert Square devant les arcades ensoleillées du \"City Council\", au cœur de la capitale du nord de l’Angleterre. Moins de vingt-quatre heures après l’attaque qui a fait 22 morts et 59 blessés, selon le dernier bilan, les habitants ne veulent pas céder et en appellent à la \"fierté mancunienne\". La foule se compose de nombreux étudiants venus pour beaucoup avec des fleurs et des bougies déposées au pied du bâtiment. La place observe une minute de silence. \"Manchester ! Manchester ! Manchester !\", scandent-ils ensuite par milliers après la prise de parole du maire Andy Burhnam et des officiels présents à la tribune.  Symbole de la cohésion de la ville, ce sont les représentants de la communauté Sikh qui ont reçu les premiers applaudissements de l’après-midi. Face à l’estrade, une  cinquantaine d’hommes coiffés de turbans ont entonné des prières.\n\"Nous sommes meurtris, chaque enfant touché par cette abomination est comme notre enfant\", nous explique Satwant.\n Dans ses mains, des bouquets de fleurs qu’il distribue à la volée. A quelques mètres de là, un petit groupe d’étudiants filme la scène et la partage en direct avec une amie. \"Elle était trop choquée pour venir mais tenait à vivre ce moment. Alors nous filmons pour qu’elle soit là avec nous\", expliquent-ils. Au Albert Square la communauté Sikh de #Manchester rend hommage aux victimes de l'attentat: \"nous sommes mancuniens et souffrons\" pic.twitter.com/mhgLS7S0Oq Pas question de se laisser abattre. On s’embrasse, on se prend par les épaules, alors que certains arborent des panneaux \"I love MCR (Manchester)\". \"On s’y attendait, la menace est réelle. On était préparé\", assurent  Zoé et Andrews, qui ont appris la nouvelle de l’attentat ce matin, après avoir reçu des textos de la part d'amis inquiets. Fin du rassemblement, des bougies sont déposées au Albert Square de #Manchester pic.twitter.com/eiyAX77mLo Mêmes appels à l’unité à la tribune. \"Nous avons raison de nous enorgueillir de notre diversité. Elle ne sera pas mise à mal par quelques individus\", lance Tony Lloyd, maire par interim de la ville et ancien commissaire divisionnaire, accueilli par des cris et des sifflets bienveillants, à la manière d’un stade de football . Après une demi-heure de veillée, c’est au tour du poète Tony Walsh de rendre hommage à Manchester , alors que les sirènes des ambulances semblent s’être stoppées et que les cloches du \"City Council\" se font entendre : (\"Because this is the place where we stand strong together, with a smile on our face\")   Lucas Burel, envoyé spécial à Manchester Lucas Burel Journaliste "}