{"title": "terrorisme : le système d’alerte attentat est \"défaillant\"", "newspaper": "NouvelObservateur", "author": ["L'Obs"], "date_publi": "2017-08-07", "theme": "Société", "content": "Un constat sans appel. Le système d'alerte attentat doit être revu, selon un rapport du sénateur LR Jean-Pierre Vogel, présenté fin juin à la commission des finances et publié ce lundi 7 août. Il souligne les \"défaillances\" de l'application SAIP (Système d'alerte et d'information aux populations) pour smartphone lancée par le ministère de l'Intérieur après les attaques djihadistes de novembre 2015. \"Des défaillances nuisant à la fiabilité et à l'ergonomie de l'application subsistent encore aujourd'hui\", souligne le sénateur dans ce rapport. Celle-ci a \"été conçue dans l'urgence\" à la suite des attentats du 13 novembre 2015 et mise en place avant l'Euro de football en juin 2016, \"ce qui a nui à la qualité du produit final\".  L'efficacité de l'application a notamment été mise en cause après l'attentat de Nice du 14 juillet 2016, qui avait fait 86 morts. Le ministère de l'Intérieur avait reconnu que le premier message d'alerte avait été envoyé tardivement. Lors des dernières attaques à Paris, la communication officielle s'est faite dans un premier temps par des tweets de la préfecture de police.\n  L'auteur du rapport reproche par ailleurs au système d'alerte de n'être disponible que sur certains téléphones : Il reproche également aux autorités d'avoir privilégié le recours à un système d'alerte via \"un réseau de sirènes devenu totalement obsolète\", en y consacrant 80% des crédits prévus sur un financement de 44,7 millions échelonné de 2012 à 2019 (36,8 millions d'euros doivent en outre être planifiés à partir de 2020).  Demandant que les défaillances de l'application soient \"rapidement corrigées\", Jean-Pierre Vogel recommande qu'une évaluation soit menée d'ici fin 2019, afin d'envisager un éventuel recours au système de SMS initialement envisagé via la technologie Cell Broadcast : P.V. avec AFP L'Obs "}