{"title": "sur twitter, ils sont \"toujours charlie\", mais pas à l'unisson", "newspaper": "NouvelObservateur", "author": ["L'Obs"], "date_publi": "2018-01-06", "theme": "Société", "content": "Dimanche, c'est le 3e anniversaire de l'attentat contre \"Charlie Hebdo\",et selon un sondage Ifop pour Europe 1 (auprès d'un échantillon de 1.010 personnes), 61% des sondés se sentent encore \"Charlie\". En janvier 2016, quand cette même question avait été posée par l'institut de sondage, 71% s'étaient dits \"Charlie\", soit dix points de plus qu'en janvier 2018. Sur les 61% déclarant se sentir \"Charlie\", 46% l'expliquent par le fait que la liberté d'expression est un droit absolu. 22% insistent au contraire sur les conséquences émotionnelles de l'attentat du 7 janvier. À l'inverse, 39% de ceux qui ne se considèrent plus comme \"Charlie\" avouent ne pas ou plus être marqués par le drame. Une part quasi égale (38%) estime qu'à travers ses caricatures, le journal satirique va trop loin.  Parmi les différents générations, ce sont les 25-34 ans qui adhèrent le moins à l'esprit du 11 janvier. Moins de la moitié (49%) se sentent encore \"Charlie\", contre 69% des 50 à 64 ans. Côté politique, ce sont les sympathisants d'EELV (83%), du PS (73%) et de La France insoumise (71%) qui se sentent toujours aussi en phase avec les valeurs affichées après la tuerie de Charlie Hebdo. Les électeurs du FN, eux, ne sont que 53% à y adhérer.\n A la veille de ce troisième anniversaire, les commentaires affluent en tout cas sur Twitter. Beaucoup de messages reprennent des dessins ou des couvertures de l'hebdomadaire, ou encore des hommages d'autres dessinateurs après le massacre du 7 janvier 2015. Florilège. J étais #Charlie #JeSuisCharlie #ToujoursCharlie et espère bien que mes petits-enfants seront fiers d apporter celui du 14/01/25 quand sera abordé le sujet de la #LibertéDOpinion #libertedexpression #libertedelapresse pic.twitter.com/soZFo92Y40 #ToujoursCharlie3 ans après il est plus que jamais nécessaire d'expliquer ce qu'est un dessin satiriqueDessin de Luz paru dans le #CharlieHebdo du 23 septembre 2015 - N° 1209 - #JeSuisToujoursCharlie pic.twitter.com/gqJ4IHVWPO Je suis Charlie, je suis #ToujoursCharlie d'hier et d'aujourd'hui ???? pic.twitter.com/Qk7wPS1dRL Un enseignant, historien de la presse, fait un thread (une série de tweets à lire à la suite) sur la tradition antireligieuse dans laquelle s'inscrit \"Charlie Hebdo\" : 1/5 Aujourd'hui plus que jamais, il faut rappeler que Charlie Hebdo n'est pas un journal islamophobe. Il est le dernier héritier d'une longue tradition journalistique, celle de la presse antireligieuse. Quelques exemples à suivre. #ToujoursCharlie Moi c'est ça que j'aime chez Charlie Hebdo, ce besoin de se moquer des fondamentalistes en tout genre qui ne comprennent rien au monde qui les entoure. #ToujoursCharlie pic.twitter.com/QzlnvU3xPL #CharlieHebdo toujours Charlie ! Et bonnes galettes des rois ! pic.twitter.com/RTxTUqC4TQ #Charlie, 100% old school, les vrais savent. #Pensées pour l'innocence perdue... pic.twitter.com/bXoKnVVaZa Cabu toujours vivant ! #ToujoursCharlie pic.twitter.com/kbcPQ0E73K  Mais la commémoration n'empêche pas les contradictions, voire les tensions, comme avec le débat autour de la réunion \"Toujours Charlie\" qui se tient ce samedi à Paris. Hé les petits fafs genre Damien Rieu qui pensent être Charlie mais qui crachent sur tous ce ui n'est pas blancs et chrétiens, vous êtes au courant que Charlie Hebdo se foutaient aussi de vos gueules? #Imposteurs pic.twitter.com/4RdczdZDTm Heureusement, le Charlie d'avant Val/Valls avait, par anticipation, commenté les délires récupérateurs.Gébé pic.twitter.com/RVk7fusy5b Reiser, par anticipation. pic.twitter.com/si8RWKLFJZ  Ces contradictions entre un \"toujours Charlie\" affiché mais loin d'être toujours pratiqué ou cohérent, elles sont bien résumées par le dessinateur Aurel : Pour l'article d'@AbelMestre sur la journée \"#ToujoursCharlie\" paru dans @lemondefr de cet après-midi. https://t.co/kqg8YYvBjZ pic.twitter.com/Jhl88nrwSh T. N. L'Obs "}