{"title": "strasbourg et marseille : l’incroyable enquête qui a permis de déjouer un nouvel attentat", "newspaper": "NouvelObservateur", "author": ["Violette Lazard"], "date_publi": "2016-11-21", "theme": "Attentats terroristes à Paris", "content": "Les interpellations menées ce week-end à Strasbourg et Marseille ont sans doute permis de déjouer plusieurs attentats d’ampleur à Paris et dans la cité phocéenne. D’après nos informations, les sept personnes arrêtées, qui se trouvent aujourd’hui en garde à vue dans les locaux de la DGSI (les renseignements intérieurs), étaient sur le point de passer à l’acte, même si aucune cible précise, à ce stade, n’a pu être mise au jour. D'après les premières investigations, un attentat à Strasbourg ne semble pas avoir été envisagé.  A Strasbourg, plusieurs armes ont été retrouvées lors des perquisitions, dont un pistolet-mitrailleur de type Uzi et quatre pistolets automatiques ainsi que des munitions. Des documents d’allégeance à l’organisation Etat islamique ont également été saisis. Comme l’a annoncé Bernard Cazeneuve ce lundi matin, ces sept interpellations sont en lien avec cinq arrestations remontant au mois de juin dernier, intervenues juste avant le début de l'Euro de football.   La véritable enquête sur ce commando à multiples facettes débute, elle, en février 2016. Elle a été menée par les enquêteurs de la DGSI, avec le soutien technique du Siat (Service interministériel d’assistance technique), spécialisé notamment dans l’infiltration.\n A cette date, les services de renseignement sont alertés d'un début de projet d’attentat contre l’Euro 2016. Les ordres semblent venir d’un homme basé en Syrie, dont l'identité reste mystérieuse. Un groupe de cinq personnes – des hommes résidant en région parisienne – est en contact avec ce cadre de l’Etat islamique. Ils sont identifiés par les services comme les \"financiers\" d'un projet de grande ampleur, qui pourrait viser les fan zones ou les matchs de foot. En effet, grâce à des prêts à la consommation, ils amassent de l’argent mais ne semblent pas faire partie du projet opérationnel. Tous sont connus pour des faits de droit commun – escroquerie, vols, stups… - mais aucun n’est fiché pour radicalisation ou terrorisme. L’idée des services de renseignement est alors d’attendre qu’ils entrent en contact avec le commando actif pour démanteler la totalité du réseau. A la veille de l’Euro, en juin 2016, aucun lien n’a été établi avec de possibles terroristes sur le territoire français. Seul le fil avec la Syrie reste avéré. Les services décident donc d’arrêter ce premier groupe pour ne faire courir aucun risque autour des matchs de football. Sur les cinq personnes interpellées, deux sont mises en examen, déférées, et se trouvent toujours en prison. Les autres n'auraient pas été avertis de la finalité de cette \"récolte de fonds\".... C’est alors que commence la phase B de cette enquête, sans doute l’opération de plus grande ampleur menée depuis le début de la vague d’attentats revendiqués par Daech il y a deux ans. Les agents de la DGSI, aidés par ceux du Siat, tendent un piège à celui que l’on appellera \"le Syrien\". Il est alerté que des armes sont disponibles dans une cache située en région parisienne. C’est un piège, un leurre pour essayer d’arrêter le commando, qui se trouve toujours dans la nature. La cache est ultra-surveillée. Pendant des mois, personne ne vient. Puis les choses bougent, enfin, au mois de novembre. Un brin elliptique, une source proche du dossier raconte : Un réseau est identifié à Strasbourg. Un relais à Marseille. Les services n’attendent pas qu’ils se rendent à la planque fictive pour les arrêter. Une enquête préliminaire est ouverte le 14 novembre dernier par la section antiterroriste du parquet de Paris, et sept personnes âgées de 29 à 37 ans et de nationalités française, marocaine et afghane sont donc interpellées.  La Meinau, à Strasbourg. (JOHANNA LEGUERRE / AFP) A Marseille, les enquêteurs pensent avoir arrêté les \"banquiers\". De l'argent a été saisi mais aucune arme n’a été retrouvée. Le groupe de Strasbourg était, lui, potentiellement opérationnel. \"On découvre leur profil en ce moment même\", explique une source policière : On en sait malgré tout un peu plus sur l’un de ces hommes. D’après nos informations, il s’agit d’un employé périscolaire, en poste dans une école primaire de la Meinau (un des quartier de Strasbourg). Deux des quatre pistolets automatiques ont été retrouvés chez lui. Son ordinateur professionnel a été saisi à l'école primaire. Françoise Buffet, l'adjointe au maire de Strasbourg en charge de l'éducation, confirme : Une réunion d'information est prévu demain avec les parents de l'école à la sortie des classes. Les enseignants ont eux été alertés dès aujourd'hui de cette interpellation. Les trois autres personnes arrêtées à Strasbourg ne résideraient pas dans cette ville. Deux des personnes interpelées à Strasbourg ce week-end sont soupçonnées de s’être rendus en Syrie, via Chypre. Parmi eux figure le fonctionnaire employé dans une école strasbourgeoise. D’après nos informations, deux des 4 individus arrêtés se sont en effet rendus en vacances sur cette île située non loin de la Turquie. Ils auraient pu ensuite rejoindre la Syrie. Ils n’étaient pas identifiés par les services de renseignements comme radicalisés. Aucune des personnes interpellées ce week-end ne figure dans les fichiers des services de renseignement français. Six étaient inconnus dans l’Hexagone, et l'homme de nationalité marocaine, résidant au Portugal et de passage à Marseille, était connu des services portugais. Violette Lazard Violette Lazard Journaliste "}