{"title": "manchester : 5 fois où salman abedi a été signalé aux autorités ", "newspaper": "NouvelObservateur", "author": ["L'Obs"], "date_publi": "2017-05-26", "theme": "Monde", "content": "La tragédie de la Manchester Arena aurait-elle pu être évitée ? C'est la question que pose, en filigrane, les révélations de la presse britannique. Salman Abedi aurait été signalé aux autorités à cinq reprises - au moins -, depuis 2012.   Selon une source de la \"BBC\", \"deux amis de Salman Abedi se sont inquiétés de sa radicalisation, au point qu'ils ont séparément appelé le numéro prévu par le contre-terrorisme [pour signaler les comportements suspects, NDLR] il y a cinq ans, puis à nouveau l'année dernière\".\n Selon cette source, \"ils craignaient qu'[Abedi] 'supporte le terrorisme'\". Ce dernier aurait assuré qu'\"être un kamikaze était ok\". Selon Mohammed Shafiq, dirigeant de la Ramadhan Foundation (Fondation du ramadan), une association musulmane basée à Manchester, \"des membres de la communauté ont exprimé leurs inquiétudes à propos de la manière dont cet homme [Salman Abedi] se comportait, et l'ont reporté en bonne et due forme, en utilisant les voies requises\". Cité par le \"Telegraph\", Mohammed Shafiq précise que ces musulmans pensaient \"qu'[Abedi] était lié à l'extrémisme et au terrorisme\". Selon le \"Telegraph\", qui cite Akram Ramadan, un Libyen musulman de 49 ans du sud de Manchester, Abedi avait été banni de la mosquée de Didsbury, qu'il fréquentait avec son frère. En cause : sa dispute avec un imam, dont le sermon condamnait l'extrémisme religieux.  Le \"Guardian\" rapportait cette anecdote voilà quelques jours. Mohammed Saeed, l'imam en question, se souvenait du regard de \"haine\" que lui avait lancé Salman Abedi.  Selon Akram Ramadan, Abedi avait été placé sur une \"liste de personnes à surveiller\" après avoir été signalé par la mosquée pour son idéologie extrémiste. Une source du \"Telegraph\" a confirmé au journal que la mosquée avait contacté le service de prévention de la radicalisation du ministère de l'Intérieur à propos d'Abedi. Aux dires des services de renseignement américains, la famille d'Abedi avait contacté la police britannique en affirmant qu'il était \"dangereux\", rapporte le \"Telegraph\".  Un ami de la famille a également assuré au journal que les parents du terroriste avaient brièvement confisqué le passeport de leur fils pour l'empêcher de rentrer en Angleterre. Ils lui auraient ordonné de vivre avec eux en Libye, en vain. Après l'attentat de Manchester, le père de Salman Abedi, Ramadan Abedi, qui vit à Tripoli en Libye, avait assuré qu'il avait été \"vraiment choqué quand [il] avait regardé les informations\".  En plus de ces cinq signalements, les services britanniques - qui connaissaient Salman Abedi avant qu'il ne passe à l'acte, selon la ministre de l'Intérieur britannique - auraient pu avoir la puce à l'oreille pour une autre raison : en Libye, son père était membre d'une organisation islamiste interdite en Angleterre, le Libyan Islamic Fighting Group (Groupe de lutte islamique libyenne), affirme le \"Telegraph\". Abedi avait aussi des liens avec plusieurs djihadistes basés en Angleterre, qui entretenaient des liens avec l'Etat islamique, selon le quotidien. M.G. L'Obs "}