{"title": "\"la mosquée n'est plus le lieu de la radicalisation\"", "newspaper": "NouvelObservateur", "author": ["Sarah Diffalah"], "date_publi": "2015-11-18", "theme": "Attentats terroristes à Paris", "content": "L'état d'urgence décidé par le chef de l'Etat, après les attentats de vendredi, a entraîné plusieurs mesures d'exceptions. Parmi elles, la probable fermeture de mosquées radicales. Le ministre de l'Intérieur Bernard Cazeneuve a annoncé dès dimanche avoir \"engagé des démarches\" pour dissoudre \"des mosquées dans lesquelles des acteurs profèrent la haine\". Et le Premier ministre, Manuel Valls, a confirmé sa détermination à \"fermer les mosquées, les associations\", qui \"s'en prennent aux valeurs de la République\". L'intention n'est pas nouvelle. Après l'attaque dans une usine en Isère, fin juin, Bernard Cazeneuve avait dit que deux dossiers de dissolution d'associations gestionnaires de mosquées étaient \"en cours d'examen\".  Décryptage de Samir Amghar, sociologue, spécialiste du salafisme et de l'orthodoxie en islam, chercheur à l'Université Libre de Bruxelles.   Comment définit-on une \"mosquée radicale\" et comment l'identifier ? \n - Une mosquée radicale est une mosquée qui va mettre en avant un discours haineux accompagnée d'une manifestation violente et qui va encourager des passages violents. Il faut distinguer deux formes de radicalité : religieuse dans le sens où l'on va affirmer le primat de la religion musulmane sur toutes autres valeurs de la société. Ses disciples préfèrent ne pas se mélanger avec cette société de peur d'être \"contaminer\". L'islam orthodoxe n'implique pas nécessairement de la violence.  D'autre part, il y a des individus qui se réclament d'une radicalité politico-religieuse qui considèrent qu'il faut commettre des attentats à partir d'un argumentaire religieux. Ceux qui défendent cette version de la radicalité ne sont pas toujours les plus pieux et ne fréquenteront pas forcément de manière assidue les mosquées. Où trouve-t-on ces mosquées ? - Jusqu'à preuve du contraire, il n'y en a plus depuis 2001. Le gouvernement Villepin a pris un certain nombre de décisions, après les attentats de Madrid et de Londres : un certain nombre d'imams considérés comme radicaux ont été expulsés.  Par ailleurs, un ménage a été fait, par les responsables religieux eux-mêmes, notamment, qui ne voulaient pas abriter ce type de personnes, voir leur mosquée fermée ou stigmatisée. Aujourd'hui, aucune mosquée ne peut prêcher un islam belliqueux.  Mais selon Manuel Valls, le salafisme, à lui seul, \"est souvent l'anti-chambre de la radicalisation\"...  - S'il s'agit de fermer des mosquées salafistes qui prônent un islam radical, alors le gouvernement a une lecture particulière de la radicalisation. La radicalisation n'est pas un processus linéaire avec différentes étapes qui vont jusqu'à la violence. Il y a des périodes d'intensification de la pratique et des moments où l'on prend des distances.  Par ailleurs, ceux qui pratiquent un islam très orthodoxe ont un regard très critique par rapport à la question du passage à la violence. Prenez l'exemple de Rachid Abou Houdeyfa (imam dans le quartier de Pontanézen à Brest, ndlr) ou de Nadar Abou Anas, (prédicateur qui enseigne le coran et l'arabe au sein de l'association d'clic à Bobigny, ndlr) qui ont défrayé la chronique il y a quelques semaines en organisant un colloque sur la femme à Pontoise : ils ont une lecture ultraorthodoxe, qui peut choquer. Mais cet islam ultraorthodoxe s'accompagne d'une critique  très forte de l'Etat islamique et des processus de radicalisation au nom de l'islam.  Mais il arrive que certains discours salafistes permettent un passage au djihad, on ne peut pas le nier...  - Le gouvernement explique que ces individus nourrissent la radicalisation et qu'il faut donc affaiblir le terreau idéologique. Selon lui, en coupant les têtes de ceux qui défendent un islam orthodoxe, on va endiguer les possibilités d'un passage à l'acte. Sur le papier, c'est séduisant. Mais je connais le terrain et cela ne marche pas comme ça. On s'attaque aux mauvaises personnes.  Aussi, on peut avoir une appétence pour le djihad ou l'envie de combattre le régime d'Assad par les armes... sans que cela n'entraîne un passage à l'acte.  Les mosquées peuvent-elles servir de lieu de rencontre, ou de recrutement de djihadistes, à l'abri du regard de l'imam ?  - Non, cela n'existe plus, même si certaines mosquées continuent d'être surveillées. Les responsables religieux veillent et surveillent leurs fidèles. Les prédicateurs sont invités à collaborer avec les services de renseignements, qui se reposent d'ailleurs beaucoup sur eux, pour signaler tout comportement suspect. Une personne qui tenterait d'influencer d'autres fidèles serait aussitôt repérée et marginalisée. Après je ne dis pas, il y a peut-être des exceptions.  Mais alors que fait-on des imams qui ne condamnent pas le djihad par exemple ? Faut-il les laisser prêcher ? - Il ne faut pas être dans l'idéologie mais dans le pragmatique. Finalement, qu'est-ce qui est le moindre mal ? Le laisser prêcher, même s'il ne condamne pas ouvertement une structure qui encourage le djihad ou le faire taire ? Je serais d'avis de le laisser prêcher parce que cela permettra aux services de renseignement de l'identifier et de le surveiller plus rapidement. Aussi, je pense que plus le verbe est violent, moins la tentation de passer à l'acte est importante. Cela peut être une forme de défouloir. A l'inverse, si on interdit ces discours, on aura tendance à davantage avoir envie de prendre les armes.  Vous allez avoir du mal à convaincre...  - Il y a quelques années, on était contre l'idée d'une réinsertion des radicalisés, ce qu'on appelle aujourd'hui la déradicalisation. On n'était pas prêt, ni les responsables politiques, ni l'opinion publique. Or on y est venu, finalement, après Charlie. Rien n'est impossible.  Fermer les mosquées les plus radicales ne fonctionnera donc pas ? -  Non, cela n'empêchera jamais les départs vers la Syrie, ni la possibilité de faire des attentats sur le sol européen. La mosquée n'est plus le lieu de la radicalisation. Si vous voulez partir en Syrie ou projeter un attentat, vous n'allez pas vous rendre dans une mosquée. On peut y épouser un islam orthodoxe, conservateur, traditionnel, mais pas un islam qui incite à poser des bombes. Une telle mesure pourrait être contreproductive. Ca peut favoriser des personnes à basculer plus rapidement, et donner du grain à moudre à l'argumentaire selon lequel la France ne respecte pas les musulmans. On est face à de l'affichage et de la communication politique. Ce sont des décisions symboliques.  Propos recueillis par Sarah Diffalah Sarah Diffalah Journaliste "}