{"title": "attentat de saint-pétersbourg : que sait-on du djihadisme kirghize ?", "newspaper": "NouvelObservateur", "author": ["Céline Lussato"], "date_publi": "2017-04-05", "theme": "Monde", "content": "Les autorités russes ont confirmé mardi 4 avril que l'auteur de l'attentat perpétré à Saint-Pétersbourg lundi est bien Akbarjon Djalilov, 22 ans, un ressortissant kirghize. Son identité avait été révélée un peu plus tôt par les services de sécurité kirghizes qui avaient précisé que le jeune homme était né dans la région d'Och, une zone qui a fourni un fort contingent de djihadistes à l'organisation Etat islamique (EI). Venait-il d'arriver dans la deuxième plus grande ville du pays ? Etait-il venu pour ses études ou dès son plus jeune âge ? Rien pour le moment n'est connu sur le court passé du jeune homme. En revanche, sur la piste \"kirghize\", on peut avancer quelques éléments. Il existe une tradition du djihad en Asie centrale qui était active dans les années 1990 et s'est exportée ensuite en Afghanistan et au Pakistan avec le phénomène taliban. Si aujourd'hui le djihad a perdu de son attrait sur place, Daech exerce en revanche une fascination certaine sur certains ressortissants d'Asie centrale et les migrants isolés issus de la région. La région de Och, d'où vient Akbarjon Djalilov selon les services sécuritaires kirghizes, aurait fourni plusieurs centaines de combattants à l'Etat islamique en Syrie, en particulier des membres de la minorité ouzbek. Marginalisée, exclue, cette forte minorité a été victime de pogroms en 2010 dans cette région du sud du Kirghizstan.  Du fait des liens historiques entre la Russie et ses anciens satellites d'Asie centrale, les ressortissants kirghizes, ouzbeks ou tadjiks sont relativement nombreux en Russie où ils occupent souvent des emplois subalternes. \"Ce jeune homme est peut-être un individu isolé en Russie, sans emploi, car ils sont nombreux de Centrasiatiques dans ce cas, qui aura été séduit sur internet par les discours extrémistes et sera tombé dans les griffes d'intégristes\", suggère Bayram Balci, spécialiste de l'Asie centrale.\n\"Il ne faut pas négliger la frustration acquise dans l'exil en Russie. Celle-ci peut se transformer en colère contre Poutine avec le prétexte syrien comme leitmotiv\".\n \"Je ne crois pas qu'on puisse parler d'une structure organisée de Daech en Russie car si tel était le cas il me semble qu'il y aurait eu beaucoup plus tôt des actions tant la Russie soutient le régime de Bachar al-Assad depuis longtemps et avec la force qu'on connaît\", estime le chercheur. On retrouve de plus en plus de Kirghizes et de ressortissants d'Asie centrale parmi les auteurs d'attaques à l'étranger et en particulier en Turquie. Le 28 juin 2016, une attaque est perpétrée contre l’aéroport d’Istanbul, faisant quarante-quatre morts. Parmi les dizaines d’arrestations qui suivent l’attentat on compte plusieurs Ouzbeks ou Kirghizes. Le 1erjanvier 2017, c'est un Ouzbek, Abdulkadir Masharipov, qui commet la tuerie de la discothèque Reina à Istanbul. Mais les actes terroristes perpétrés par des ressortissants d'Asie centrale n'ont quasiment pas d'impact sur la coopération entre la Russie et ses anciens satellites. \"Au contraire, cela les rapprochent davantage\", estime Bayram Balci. Une entraide que le Kirghizstan a souhaité mettre très rapidement en avant dans l'enquête sur l'attentat de Saint-Pétersbourg en livrant en premier le nom et la nationalité du principal suspect.  Céline Lussato Céline Lussato Journaliste "}