{"title": "valls : \"etre lucide face à la menace, ce n'est pas basculer dans le populisme\"", "newspaper": "NouvelObservateur", "author": ["L'Obs"], "date_publi": "2016-07-29", "theme": "Politique", "content": "Manuel Valls, entre contre-attaque et mea culpa. Dans un long entretien au \"Monde\" publié vendredi 29 juillet, le Premier ministre présente la stratégie du gouvernement dans la lutte contre le terrorisme et répond aux nombreuses mises en cause de la droite après les attaques de Nice et Saint-Etienne-du-Rouvray. \"Sur la sécurité, nous n’avons pas de leçons à recevoir\", assène Manuel Valls au lendemain des attaques de Nicolas Sarkozy dans \"Le Monde\". L’ancien président de la République et probable candidat à la primaire de la droite pour 2017 s’en est pris à une gauche \"tétanisée\" par \"la violence et la barbarie\", accusant le gouvernement de se réfugier derrière des \"arguties juridiques\" pour refuser ses propositions.   Réponse du Premier ministre : \nNicolas Sarkozy perd ses nerfs. Etre lucide face à la menace, ce n’est pas basculer dans le populisme.\"\n  Il réagit aussi aux attaques de l’opposition au lendemain de l'attentat de Nice, et à la polémique déclenchée par les déclarations de la policière municipale, Sandra Bertin, qui a affirmé avoir reçu des pressions du ministère de l’Intérieur.  Réponse du Premier ministre :   Déterminé, le chef du gouvernement admet pourtant un \"échec\" concernant la libération d’Adel Kermiche, l’un des deux assassins du père Jacques Hamel à Saint-Etienne-du-Rouvray.   Il affirme cependant qu’il ne sera pas \"celui qui, au mépris de tout équilibre des pouvoirs, tomberait dans la facilité de rendre ces juges responsables de cet acte de terrorisme\". Interrogé sur ce que peut faire l'Etat en matière de \"déradicalisation\", le Premier ministre est revenu sur  les \"centres de rétentions et de citoyenneté\" dont le premier devait initialement accueillir une trentaine de jeunes radicalisés avant l’été. A terme, le gouvernement souhaite la mise en place d’une dizaine de centres. Dans \"Le Monde\", Manuel Valls promet finalement l’ouverture du premier le 1er septembre. Manuel Valls estime qu’il faut \"inventer une nouvelle relation avec l’islam de France\". Dans ce cadre, il propose :  - L'interdiction, au moins temporaire, du financement étranger des mosquées :  \"Je suis favorable à ce que, pour une période à déterminer, il ne puisse plus y avoir de financement de l'étranger pour la construction des mosquées.\" - Une prise en charge de la formation des imams : \"Je souhaite, notamment, que les imams soient formés en France et pas ailleurs.\" Et  justifie ces propositions par une lutte nécessaire contre le \"discours fondamentaliste :  Manuel Valls met aussi en garde contre ceux qui voudraient transformer en \"boucs émissaires\" \"des millions de musulmans dans notre pays (qui) jouent loyalement le jeu démocratique et adhèrent à nos valeurs républicaines\". L.M. L'Obs "}