{"title": "un gouvernement d’union nationale est-il vraiment possible ?", "newspaper": "NouvelObservateur", "author": ["Arnaud Gonzague"], "date_publi": "2016-07-26", "theme": "Politique", "content": "On connaît la phrase d’Henri Rochefort : \"La France compte 36 millions de sujets, sans compter les sujets de mécontentement\". Et spontanément, les images de ruptures entre Français (la Révolution française, l’affaire Dreyfus, la séparation de l’Eglise et de l’Etat…) jalonnent plus la mémoire tricolore que les moments où ils sont tombés dans les bras les uns des autres – comme pendant l’union sacrée qui a précédé la Première Guerre mondiale. \"C’est le syndrome du ‘village d’Astérix’, rappelle l’historien Jean-Pierre Rioux, faisant référence aux bastons mémorables entre Gaulois qui émaillent la plupart des albums de Goscinny.   Pourtant, à en croire un sondage paru dans \"Le Journal du Dimanche\" du 24 juillet, plus de deux tiers (67%) des Français appellent de leur vœu un \"gouvernement d’union nationale\" pour lutter contre le terrorisme. En ces heures douloureuses, nos concitoyens seraient-ils devenus des adeptes de la coalition gauche-droite ? La question laisse dubitatif Christophe Le Digol, professeur de sciences politiques à Paris-10-Nanterre et codirecteur de \"Gauche-Droite, Genèse d’un clivage politique\" (PUF, 2012) :  Pour Christophe Le Digol, les moments où les gouvernements d’union nationale ont été tellement rares dans l’Histoire de France qu’ils ne peuvent pas faire figure de modèle auprès de nos concitoyens : le gouvernement Doumergue a ainsi bien fait travailler gauche et droite ensemble suite au 6 février 1934, une émeute portée par l’extrême-droite qui a bien failli emporter la IIIe République, mais il a duré… moins d’un an (février-novembre 1934). Les deux gouvernements De Gaulle qui ont mis mains dans la main les MRP (centre-droit), la SFIO (centre-gauche) et les communistes ont certes eu une espérance de vie plus longue (du 10 septembre 1944 au 20 janvier 1946), mais dans un contexte exceptionnel : la France sortait alors de l’apocalypse de la Seconde Guerre mondiale. Et puis, la IVe République était propice aux alliances gauche-droite… ce qui n’est pas du tout le cas la Ve : c’est au contraire un régime qui, par son mode de scrutin à la majorité absolue, a gravé dans le marbre le clivage gauche-droite et le bipartisme.  Mais la nature des institutions n’est pas tout. Une politique menée au centre ne correspond pas aux attentes profondes des Français, assure le professeur de sciences politiques : Bref, en lieu et place d’une grande coalition à l’allemande, et si c'était simplement une élite politique dotée d’un vrai pouvoir de décision que les Français appelaient de leurs vœux ? Arnaud Gonzague Arnaud Gonzague Journaliste "}