{"title": "sncf : après l'attentat de berlin, où en est la sécurité dans les trains ?", "newspaper": "NouvelObservateur", "author": ["L'Obs"], "date_publi": "2016-12-27", "theme": "Société", "content": "Un billet de TGV pour un trajet entre Chambéry et Turin a été retrouvé dans le sac à dos d'Anis Amri, le principal suspect de l'attentat de Berlin. Des images de vidéo-surveillance du 22 décembre le montrent sur un quai de la gare de Lyon-Part-Dieu. Le terroriste présumé est parvenu à voyager entre Berlin et Milan sans être inquiété. Un parcours qui pose question sur la sécurité dans les trains alors que l'état d'urgence a été prolongé dans une France qui reste en vigilance renforcée. Pour ce qui est du billet de TGV, il ne s'agit nullement d'une surprise pour le directeur de la SNCF : \"Ce n'est pas très étonnant car, lorsque vous voulez voyager en Europe sans vous faire remarquer, il vaut mieux être en règle. Un terroriste est rarement quelqu'un qui est un fraudeur\", a assuré Guillaume Pépy sur RTL. Au moment des fêtes de fin d'année, alors que la fréquentation des trains augmente fortement, la direction de la SNCF assure que tout est fait pour assurer la sécurité des voyageurs. Guillaume Pépy a ainsi confirmé que des agents de la SNCF, en civil et armés, sont désormais présents dans les trains. Pour la plupart, ces agents de sécurité sont d'anciens fonctionnaires de police ou de gendarmerie. Ils doivent être agréés individuellement par la préfecture du territoire dont ils dépendent. \"Depuis quelques semaines, ces 3.000 agents sont répartis sur le territoire ferroviaire national. Ils ont des prérogatives nouvelles, ils peuvent procéder à des palpations de sécurité, des fouilles de bagages. Ils ont également la possibilité de verbaliser en tenue civile et d'être armés\", a précisé Stéphane Volant, secrétaire général de la SNCF en charge de la sûreté sur France Info. Des chiens détecteurs d'explosifs ou d'armes renforcent le dispositif. Il s'agit en fait d'une des dispositions de la loi Savary, \"relative à la prévention et à la lutte contre les incivilités, contre les atteintes à la sécurités publique et contre les actes terroristes dans les transports collectifs de voyageurs\" adoptée en mars dernier. Cette loi avait été mise en place après la tentative d'attentat à bord d'un Thalys en août 2015, lorsqu'un terroriste avait voulu ouvrir le feu sur des passagers entre Amsterdam et Paris. L'homme avait alors été maîtrisé par des touristes américains. Depuis, de nouveaux portiques de sécurité ont été installés gare du Nord à Paris pour accéder aux quais du Thalys. D'autres portiques ont été testés à la gare Montparnasse mais aussi à la gare de Lille.  La loi prévoit aussi pour la SNCF la possibilité d'exiger des billets nominatifs. La direction a un moment envisagé d'étendre les réservations obligatoires à d'autres lignes que celles du TGV mais y a, pour le moment, renoncé face à la levée de bouclier des associations d'usagers. Il n'en reste pas moins vrai qu'en matière de sécurité, les gares sont des lieux extrêmement compliqués à gérer. Comme l'a expliqué Marc Ivaldi, chercheur à l'Institut d'économie de Toulouse à \"L'Obs\", elles sont \"anciennes, beaucoup plus ouvertes\" que les aéroports. En France, deux milliards de personnes prennent le train dans l'année, soit quelque cinq millions de voyageurs chaque jour. L. M. ? L'Obs "}