{"title": "attentats : hollande annonce une réforme du système d'indemnisation des victimes", "newspaper": "NouvelObservateur", "author": ["L'Obs"], "date_publi": "2016-09-19", "theme": "Société", "content": "Les politiques au chevet des victimes du terrorisme. François Hollande et de nombreux membres du gouvernement et de l'opposition, dont Nicolas Sarkozy, ont assisté ce lundi 19 septembre à la cérémonie d'hommage aux victimes du terrorisme, organisée depuis 18 ans par les associations. Sous une pluie fine, plusieurs centaines de personnes ont afflué peu avant 9 heures dans les jardins de l'Intendant aux Invalides à Paris, lieu de cette cérémonie, empreinte d'émotion. Des proches de victimes ou des rescapés ont pris la parole pour chacun des huit attentats commis depuis 1989. Pour celui du 13 novembre, outre Georges Salines, président de l'association 13 Novembre, un représentant de l'association \"Life for Paris\", qui a pris part à l'organisation de la cérémonie, a lu un texte citant différentes victimes débutant chaque fois par \"Je suis\", rappelant le fameux \"Je suis Charlie\". François Hollande a ensuite pris la parole pour, à son tour, rendre hommage aux victimes du terrorisme.   \"A travers vous c’était la France qui était visée, la France de la liberté, de la culture, des droits de l’Homme\", a-t-il poursuivi. François Hollande a profité de cette cérémonie pour annoncer une réforme du système d'indemnisation des victimes, indiquant que les ressources du Fonds de garantie seraient \"revues\" et que l'Etat \"s'en porterait garant dans la durée\". Le chef de l'Etat a également affirmé qu'il était du \"devoir de l'Etat de répondre à toutes les questions\" sur \"chaque attentat\", \"y compris sur son propre rôle\". \"Une fois le pire advenu, l'Etat doit être exemplaire dans ses réponses, dans ses procédures et dans ses réactions\", a-t-il déclaré.  Cette année, la cérémonie a pris une dimension particulière dans une France marquée par les attaques djihadistes. Et à quelques mois de la présidentielle... La lutte antiterroriste s'annonce en effet comme un des thèmes incontournables de la campagne et la classe politique sait qu'elle ne peut ignorer les attentes des victimes, tant en matière d'indemnisation que sur le travail de mémoire.  De nombreux membres du gouvernement et de l'opposition étaient présents ce matin, notamment l'ancien président Nicolas Sarkozy et l'ancien Premier ministre Alain Juppé, tous deux candidats à la primaire à droite en vue de 2017. \n\n Le 19 septembre 1989, un avion DC-10 français de la compagnie UTA effectuant la liaison Brazzaville-Paris explosait en vol au-dessus du Niger, tuant 170 personnes, dont 54 Français. Depuis 1998, l'Association française des victimes du terrorisme (AfVT) et la Fenvac se réunissent à cette date devant la statue-fontaine de \"La parole portée\" aux Invalides, seul monument parisien dédié aux victimes du terrorisme, pour rendre hommage aux tués durant l'année écoulée, et invitent des responsables politiques. Ce fut le cas de François Hollande en 2012. Mais, depuis l'an dernier, la France a basculé dans une nouvelle ère, avec \"un nombre inégalé de victimes du terrorisme\", souligne Stéphane Gicquel, président de l'AfVT. Le 13 novembre 2015 à Paris et Saint-Denis (130 morts), le 15 janvier 2016 à Ouagadougou (30 morts dont deux Français), le 13 mars à Grand-Bassam en Côte d'Ivoire (19 morts, quatre Français), le 22 mars à Bruxelles (32 morts, un Français), le 1er juin à Gao au Mali (quatre morts, un Français), le 13 juin un policier et sa compagne assassinés chez eux à Magnanville (Yvelines), le 14 juillet à Nice (86 personnes tuées sur la promenade des Anglais). Enfin, le 26 juillet, un prêtre est égorgé dans son église de Saint-Etienne-du-Rouvray, près de Rouen. Et si la menace reste \"maximale\" en France, comme le martèle notamment Manuel Valls et comme en témoigne la série d'arrestations menées ces derniers jours en lien avec des projets d'attaques djihadistes, le terrorisme est un sujet éminemment politique. Nicolas Sarkozy, qui s'est rendu samedi à Nice rencontrer des victimes de l'attentat du 14 juillet, a ainsi dit trouver \"insupportable de ne pas savoir ce qu'il s'est passé exactement\" lors de l'attaque du camion, réactivant les vives critiques lancées cet été par une partie de l'opposition contre le gouvernement. François Hollande, que les derniers sondages donnent éliminé au 1er tour de l'élection présidentielle de 2017 s'il était candidat, se pose de son côté en défenseur de l'Etat de droit, rejetant tout \"Etat d'exception\", en référence par exemple aux propositions de certains à droite visant les \"fichés S\". (Avec AFP) ? L'Obs "}