{"title": "egypte. \"la violence du président al-sissi fait le lit du terrorisme\"", "newspaper": "NouvelObservateur", "author": ["L'Obs"], "date_publi": "2016-04-26", "theme": "Monde", "content": "Près de 50 manifestants ont été arrêtés par la police égyptienne lundi 25 avril au Caire. Les manifestations, interdites depuis l’arrivée au pouvoir de Abdel Fattah al-Sissi, sont violemment réprimées par le régime. Stéphane Lacroix, chercheur au Centre d'études et de recherches internationales de Science-Po (Ceri), revient sur les politiques répressives égyptiennes et la place des islamistes dans le pays. Interview.  Les Frères musulmans égyptiens subissent une répression sans précédent du régime d’Abdel Fattah al-Sissi. Que reste t-il de ce mouvement ?  Entre 20.000 et 50.000 personnes seraient emprisonnées, principalement des membres de la confrérie, ainsi que quelques opposants d’autres obédiences. D’autres Frères musulmans ont pris la route de l’exil. Beaucoup sont à Istanbul, qui est aujourd'hui le centre de gravité du mouvement, au Qatar évidemment, ainsi qu'en Europe et aux Etats-Unis. \n L'Arabie saoudite, qui influence fortement la politique égyptienne, s'est dite favorable à une normalisation des relations avec les Frères musulmans dès l'arrivée du roi Salman au pouvoir [en février 2015, NDLR]. Malgré ce message, Al-Sissi continue de réprimer la confrérie avec beaucoup de violence. Riyad ne veut certainement pas voir les Frères au pouvoir en Egypte, mais l’ennemi numéro un étant devenu l’Iran, toutes les divisions au sein du monde sunnite sont considérées comme contre-productives. Les Saoudiens essayent d’utiliser le mouvement frériste au cas par cas. Au Yémen, par exemple, ils se battent aux cotés de la branche yéménite de la confrérie.   Que sont devenus les différents mouvements islamistes en Egypte ? Le parti salafiste Al-Nour, qui a soutenu le coup d’Etat de juillet 2013 contre le président Mohamed Morsi, est épargné par la répression. Ses dirigeants sont en liberté, ils continuent de tenir leurs mosquées et de jouer un rôle social, et même politique. Le gouvernement égyptien instrumentalise la religion, ce qui est assez typique des régimes autoritaires arabes. Il joue sur le conservatisme religieux quand il pense que ça peut lui servir politiquement, et utilise à sa guise ses amis salafistes d'Al-Nour tout en les maintenant sous pression. Le but du régime est de tout contrôler, la place donnée à ces mouvements est décidée par l’Etat. Qu’en est il de l’islamisme terroriste ? Dans le Sinaï, l’organisation djihadiste Wilayat Sinaï, anciennement Ansar Baït al-Maqdis (les partisans de Jérusalem), était active bien avant la chute de Mohamed Morsi. Ils ont fait allégeance à Daech en 2014 et ce sont eux qui ont commis l’attentat contre l’avion russe en octobre 2015. L’organisation résiste aux violentes opérations de l’armée au Sinaï, des opérations qui produisent souvent l’effet inverse de ce qui est recherché. Le Sinaï est une société tribale où les logiques de solidarité par le bas sont très fortes. La violence de l’armée sur ses habitants rend le terrain favorable au recrutement djihadiste. Par ailleurs, à mesure que la répression s’accentue, une petite partie de la population, notamment issue de la base des mouvements islamistes, voit comme légitime la violence contre le régime car elle considère que la période de transition démocratique a été un piège dans lequel les islamistes sont tombés. C'est ainsi que se constituent de petits groupes violents, en rupture avec la direction des Frères musulmans. Ils passent à l’action de manière autonome contre l’armée et la police, dans une logique qu'ils qualifient de \"révolutionnaire\". Un certain nombre des victimes ont été des policiers liés à la torture des militants ou au massacre de la place Rabia-El-Adaouïa d’août 2013, où plus de 1.000 personnes ont été tuées par les forces de sécurité. Les leaders historiques de la confrérie en exil, qui veulent apparaître comme plus pragmatiques que la base, se désolidarisent le plus souvent de ces actes de vengeance.  Le régime ne fait pas la différence entre Daech et ces groupes. Quand l'Etat islamique fait un attentat ou que les libéraux manifestent sans autorisation, on accuse les Frères musulmans. La situation est ubuesque.   Où sont recrutés les djihadistes égyptiens ? Les djihadistes ont d'abord recruté dans le Sinaï. Depuis le retour de ce territoire à l’Egypte en 1982, le pouvoir a délaissé cette région considérée comme suspecte. Les investissements se sont uniquement concentrés dans les zones touristiques. Les employés qui travaillent à Sharm El-Sheikh et autres lieux de tourisme sont des Egyptiens de l’intérieur, pas du Sinaï. Cette population tribale et parfois bédouine a été un terreau favorable depuis les années 2000. Ce n’est pas un fait nouveau, il y avait déjà eu des attentats en 2005. Mais avec la révolution, et la désorganisation de l’Etat ainsi que de l’appareil sécuritaire, au lendemain de la révolution de 2011, ces djihadistes ont vu une opportunité de grossir leurs rangs. Depuis la répression de 2013, on voit aussi affluer des gens qui viennent d’autres coins d’Egypte. Quelle est la place pour les laïcs dans la société égyptienne ? Le terme de laïc au sens français n'est peut-être pas le plus adapté, on dira plutôt séculier. Pendant la révolution, il y avait des hommes et femmes, conservateurs ou non, en lutte politique contre Moubarak - une lutte avec des revendications séculières. Ces opposants, personnellement pieux ou pas, n’avaient pas de revendication religieuse. Beaucoup ont d’abord soutenu le coup d’Etat contre les Frères musulmans, mais assez rapidement, un certain nombre s'en sont dissociés, notamment après le massacre de la place Rabia. Avec les nouvelles loi anti-manifestation et hostiles aux ONG, les jeunes instigateurs de la révolution ont été emprisonnés, d’autres sont interdits de sortie du territoire ou subissent des pressions. On a l’impression que le pouvoir égyptien essaye de solder les comptes de la révolution. Il s’en prend à tous ceux qu’il juge responsable de la révolution de 2011. Au début, c’était les Frères musulmans. Il cible désormais tous ceux qui étaient place Tahrir. Le pouvoir est dans une logique revancharde, il n'a pas digéré sa défaite temporaire en 2011. Peut-on donc s’attendre à un autre printemps égyptien dans les années à venir ? C’est possible, un esprit de contestation gronde. Pour le moment, le pouvoir est d'une brutalité extrême, il joue sur la peur et la répression violente. Mais il est en train de s’aliéner beaucoup de monde, y compris au sein des cercles du pouvoir. Sissi n’apparaît plus aux yeux d'une majorité de la population comme l’homme providentiel qu’il pouvait être à la fin 2013. Depuis quelques mois, on entend des critiques, le tabou tombe. L'affaire de la cession de deux îles égyptiennes à l'Arabie saoudite a récemment remis le feu aux poudres, suscitant une large mobilisation contre le régime. Cela dit, le pouvoir a tellement fait le ménage dans le champ politique qu’on ne voit pas qui pourrait aujourd'hui incarner une nouvelle contestation.  Comment expliquez-vous les soutiens des Occidentaux au président Al-Sissi, malgré toutes les violations des droits de l’homme que vous dénoncez ? Les Occidentaux soutiennent le gouvernement égyptien car ils considèrent Daech comme la menace numéro un. Tant pis pour les droits de l’homme : l’autoritarisme du régime est considéré comme un moindre mal et un rempart contre Daech. Mais il s’agit là d’une vision à court terme car cette violence fait le lit des mouvements terroristes. Propos recueillis par Sevin Rey-Sahin L'Obs "}