{"title": "attentat déjoué : 3 adolescentes interpellées par les services antiterroristes", "newspaper": "NouvelObservateur", "author": ["L'Obs"], "date_publi": "2017-02-28", "theme": "Terrorisme", "content": "Trois adolescentes soupçonnées d'être en lien \"avec des personnes impliquées dans des filières terroristes\" ont été interpellées ce mardi 28 février par les policiers de la Direction générale de la sécurité intérieure. Les interpellations de ces jeunes filles de 15 à 18 ans ont eu lieu dans l'Oise, en région parisienne et dans l'est de la France, ont indiqué des sources proches de l'enquête à l'AFP.  Selon France 3 Hauts-de-France, une de ces jeunes filles, scolarisée en terminale, a été interpellée à Creil (Oise) par les services antiterroristes. Elle était \"soupçonnée d'avoir préparé un attentat sur le sol français\".\n Ces adolescentes sont suspectées d'avoir été en lien, notamment via les réseaux sociaux, \"avec des personnes impliquées dans des filières terroristes\" présentes entre autres dans la zone irako-syrienne. L'enquête devra déterminer si ces jeunes femmes, qui présentent des \"profils à risque\", avaient la volonté de partir sur une zone de combat au Moyen-Orient ou si elles envisageaient de commettre un acte de nature terroriste en France. France 3 Hauts-de-France indiquait que la lycéenne interpellée à Creil était notamment en relation avec Rachid Kassim, propagandiste français du groupe Etat islamique basé dans la zone irako-syrienne et tué le 8 février dans la région de Mossoul. Suivi par plusieurs centaines de jeunes sympathisants français sur l'application Telegram, Rachid Kassim est soupçonné d'avoir inspiré et peut-être piloté plusieurs attentats commis ou préparés en France – notamment le commando de Saint-Etienne-du-Rouvray qui a assassiné le père Jacques Hamel, Larossi Abballa qui a tué un couple de policiers à Magnanville, le groupe de femmes djihadistes qui voulait faire exploser une voiture avec des bonbonnes de gaz près de Notre-Dame de Paris. A.R.  L'Obs "}