{"title": "le pentagone dit avoir tué boubaker el hakim, \"français le plus important de daech\"", "newspaper": "NouvelObservateur", "author": ["L'Obs"], "date_publi": "2016-12-10", "theme": "Guerre en Syrie", "content": "Il était le mentor des frères Kouachi : la mort de Boubaker El Hakim a d'abord été annoncée le 2 décembre sur le compte Twitter de \"Raqqa est massacrée en silence\", un collectif syrien d'opposants au régime de Bachar Al-Assad. Selon ce collectif, le Franco-Tunisien a été tué le 26 novembre par une frappe de drone près du stade de Raqqa, capitale autoproclamée de Daech. #EXCLUSIVE 1-Bo Baker AL-Hakim French Tunisian #ISIS leader have killed by Drone strike on NOV 26 Near The stadium in #Raqqa city #Syria pic.twitter.com/x0dZYAzLQw  \n\n Jusque-là, il était difficile de savoir quel crédit accorder à cette information. Mais des sources anonymes au sein du Pentagone ont confirmé vendredi aux agences Reuters et Associated Press que l'émir de Daech, figure bien connue de l'antiterrorisme, avait bien été éliminé par une frappe américaine. Né à Paris, Boubaker El Hakim a traversé 15 ans de djihadisme. Dès 2003, il combat dans les rangs d'Al-Qaida en Irak, après l'offensive américaine. Il y perd d'ailleurs son frère Redouane durant la bataille de Falloujah. Arrêté en Syrie, il est renvoyé en France et condamné en mai 2008 à 7 ans de prison ferme, avec une période de sûreté des deux tiers, dans le procès de la filière des \"Buttes-Chaumont\" qui envoyait de jeunes parisiens faire le djihad en Irak dans les années 2000. A sa sortie de prison en janvier 2011, il rejoint la Tunisie et se lance dans le trafic d'armes avec la Libye pour militariser le mouvement djihadiste tunisien. Au sein d'un commando, il participe à assassiner les deux opposants Chokri Belaïd et Mohamed Brahmi à l'été 2013, menaçant la transition démocratique tunisien, avant de revenir en Syrie. Il y prend le nom de guerre de Abou Mouqatel. Interviewé par le magazine de l'Etat islamique \"Dabiq\" en mars 2015, qui lui posait la question \"Pourquoi avez-vous tué Brahmi ?\", El Hakim répondait : \"Nous voulions créer le chaos.\"  Revendiqué par les tueurs de Charlie Hebdo, le nom d'El Hakim est aussi lié aux attentats du 13 novembre 2015 à Paris et du musée Bardo à Tunis en mars 2015, dont il aurait été le donneur d'ordre. Son nom a encore été cité ces derniers jours, notamment par \"L'Express\", cette fois-ci en lien avec la cellule démantelée à Strasbourg et Marseille à la fin du mois de novembre. Comme le souligne le journaliste spécialiste des mouvements djihadistes David Thomson, la mort de Boubaker El Hakim, de par son expérience, est une perte importante pour l'EI. Dans une interview à \"Libération\" au début du mois, il déclarait que le Franco-Tunisien était \"le Français le plus important de l'Etat islamique.\" Dans le même temps, l'AFP apprenait ce samedi que la sœur de Boubaker El Hakim a été mise en examen à Paris et incarcérée provisoirement. Cette mère de famille de 32 ans est suspectée d'être partie en 2015 en Syrie avec son enfant né en 2010 pour y rejoindre les zones contrôlées par Daech. T.V. L'Obs "}