{"title": "justin trudeau, l’anti-trump qui tient tête aux etats-unis", "newspaper": "NouvelObservateur", "author": ["Virginie Grolleau"], "date_publi": "2017-01-30", "theme": "L'Amérique selon Trump", "content": "Deux chefs d'Etat, deux styles très différents. Dimanche soir, alors qu'un attentat terroriste a fait au moins 6 morts à la Grande Mosquée de Québec, le Premier ministre canadien Justin Trudeau a pris le contre-pied des positions anti-immigration de Donald Trump. Ce soir, les Cdns pleurent les victimes de l'attaque lâche dans une mosquée de Québec. Mes pensées sont avec les victimes et leurs familles.  Ce n'est pas la première fois que Justin Trudeau prend à rebours les positions anti-islam de Trump. Suite à la signature samedi du décret anti-immigration par le président des Etats-Unis, le chef du gouvernement canadien avait lancé un message de rassemblement et d'unité en promettant d'accueillir les réfugiés \"indépendamment de leur foi\".\n\"La diversité est notre force et, en tant que Canadiens, la tolérance religieuse est une valeur qui nous est chère\", a souligné Justin Trudeau.\n Le Canada a annoncé qu’il accordera des permis de résidence temporaire aux ressortissants des 7 pays musulmans (Irak, Iran, Libye, Somalie, Soudan, Syrie et Yémen) visés par le décret américain qui seraient bloqués au Canada, a annoncé dimanche Ahmed Hussen, ministre canadien de l'immigration. Le ministre a confirmé que Washington avait assuré à Ottawa que le décret migratoire ne s'appliquera pas aux ressortissants canadiens ayant la double nationalité de l'un des 7 pays visés par l'interdiction américaine. Plus de 35.000 ressortissants canadiens binationaux possèdent aussi la nationalité d'un des 7 pays. Ahmed Hussen, qui est d'origine somalienne, a aussi indiqué que les ressortissants des 7 pays, disposant d'une carte valide de résident permanent canadien, pouvaient toujours entrer aux Etats-Unis. Le décret américain s'applique en revanche aux ressortissants des 7 pays visés qui seraient en transit au Canada. Le ministre de l’immigration a évité de condamner la mesure américaine, mais il a souligné que le Canada continuerait à mener une politique d'immigration basée sur la \"compassion\", tout en assurant la sécurité des Canadiens. \"Nous accueillons ceux qui fuient la persécution, la terreur et la guerre\", a-t-il dit en reprenant les termes d'un message sur Twitter de Justin Trudeau. Sur son compte Twitter, le Premier ministre martèle en effet depuis plusieurs jours les messages d’accueil et d'ouverture : À ceux qui fuient la persécution, la terreur et la guerre, sachez que le Canada vous accueillera... ...indépendamment de votre foi. La diversité fait notre force. #BienvenueAuCanada #BienvenueAuCanada pic.twitter.com/rUhrIXiFcR Dimanche, bravant la pluie, Justin Trudeau a participé aux festivités du Nouvel an célébré par les communautés asiatiques : Un peu de pluie n'a pas réussi à refroidir le défilé du Nouvel An chinois ici, à Vancouver - merci à tous ceux qui sont venus célébrer. pic.twitter.com/Qdw1j908Y9 Il a notamment présenté ses vœux en chinois, en coréen et en vietnamien : Chúc m?ng n?m m?i à ceux qui célèbrent le #T?t au Canada et dans le monde. #NouvelAnLunaire La semaine dernière, Justin Trudeau s’était fendu d’un message de soutien pour la Marche des femmes, immense protestation internationale contre Donald Trump : Bravo aux femmes et aux hommes qui ont manifesté leur appui aux droits des femmes hier, partout au Canada. Vous inspirez votre gouvernement. Suite à la signature par le président américain d’un décret interdisant le financement par les Etats-Unis des organisations non gouvernementales (ONG) soutenant l'avortement, Marie-Claude Bibeau, ministre canadienne du Développement international, a appelé la ministre néerlandaise en charge de la Coopération au développement Lilianne Ploumen : les Pays-Bas ont pris \"l'initiative d'un fonds international pour offrir aux femmes dans les pays en voie de développement l'accès à de bonnes informations, à des moyens contraceptifs et à l'avortement\".  Le gouvernement de Justin Trudeau doit prochainement présenter sa nouvelle politique d'aide au développement et \"les droits sexuels et génésiques (liés à la reproduction) seront au coeur\" de cette nouvelle approche, a relevé le cabinet de Marie-Claude Bibeau. Le financement de \"l'avortement sans gander\" s'inscrit dans cette approche, selon le gouvernement canadien. Les trois-quarts des exportations canadiennes sont à destination du voisin du sud et ont totalisé 358 milliards de dollars canadiens (251 milliards d'euros) sur les 11 premiers mois de 2016. Aussi, au lendemain de l'investiture de Donald Trump à la présidence américaine, celui-ci avait eu un échange téléphonique avec le Premier ministre canadien. Pour le Canada, le protectionnisme affiché du président Trump menace sa croissance économique et les nombreux emplois induits par les exportations de marchandises vers les Etats-Unis. Donald Trump veut rapatrier et protéger les emplois sur le sol américain. Pour cela, il prévoit de se retirer du traité de libre-échange transpacifique (TPP) et veut contraindre ses partenaires canadiens et mexicains à renégocier l'accord de libre-échange nord-américain (Aléna). We will bring back our jobs. We will bring back our borders. We will bring back our wealth - and we will bring back our dreams! Dès la prise de fonction officielle de Donald Trump, le site de la Maison-Blanche avait d'ailleurs affiché un message clair : \"Le président Trump s'est engagé à renégocier l'Aléna. Si nos partenaires refusent une renégociation qui donne aux travailleurs américains un accord équitable, le président adressera un préavis de retrait des Etats-Unis de l'Aléna\" aux deux autres pays. Se déclarant ouvert à la négociation, le chef du gouvernement canadien a dépêché de nombreux conseillers et ministres pour travailler avec la nouvelle administration américaine au cours des derniers mois. Virginie Grolleau Journaliste "}