{"title": "l'egypte en deuil pour trois jours après l'attentat contre une mosquée", "newspaper": "NouvelObservateur", "author": ["L'Obs"], "date_publi": "2017-11-25", "theme": "Monde", "content": "L'Egypte entame ce samedi  25 novembre trois jours de deuil national en hommage aux victimes de l'attaque de la veille contre la mosquée  al-Rawda de Bir al-Abed, la plus sanglante attaque de l'histoire récente du pays. Encore non revendiqué, même si tout pointe vers une opération djihadiste, l'attentat survenu lors de la prière du vendredi dans cette localité à 40km à l'ouest d'Al-Arich, capitale de la province du Nord-Sinaï, a fait 305 morts dont 27 enfants, selon un bilan communiqué ce samedi par le procureur général égyptien.  \n Le président Abdel Fattah al-Sissi a promis de répondre avec \"une force brutale\" à cet attentat. \"Les forces armées et la police vengeront nos martyrs\", a assuré le chef de l'Etat, tandis que ses services déclaraient trois jours de deuil national après cette attaque rarissime contre une mosquée. Quelques heures plus tard, l'armée annonçait avoir procédé à des frappes aériennes dans la région, où les forces de sécurité combattent la branche égyptienne du groupe djihadiste Etat islamique (EI). L'armée de l'air \"a détruit plusieurs véhicules utilisés dans l'attaque\" et \"ciblé plusieurs foyers terroristes contenant des armes et des munitions\", a annoncé dans la nuit le porte-parole de l'armée, Tamer el-Refaï. La mosquée al-Rawda est notamment fréquentée par des adeptes du soufisme, un courant mystique de l'islam honni par l'EI. Vendredi, des témoins ont déclaré que les assaillants avaient encerclé la mosquée avec des véhicules tout-terrain et qu'ils avaient ensuite posé une bombe à l'extérieur du bâtiment. Après qu'elle ait explosé, les hommes armés ont tiré sur les fidèles paniqués qui tentaient de fuir et mis le feu aux véhicules de ces derniers afin de bloquer les routes menant à la mosquée. Ils sont entés dans la mosquée, tuant plusieurs personnes. Depuis 2013 et la destitution par l'armée du président islamiste élu Mohamed Morsi, un groupe djihadiste qui est devenu la branche égyptienne de l'EI attaque régulièrement les forces de sécurité égyptiennes dans le nord du Sinaï. Des centaines de policiers et soldats, ainsi que des civils, ont été tués dans ces attaques. En plus de l'insurrection djihadiste de l'EI dans le Sinaï, l'Egypte est menacée par des djihadistes alignés sur Al-Qaïda opérant à partir de la Libye, à la frontière occidentale du pays. (Avec AFP) L'Obs "}