{"title": "attentat d'istanbul : les autorités ont identifié le terroriste", "newspaper": "NouvelObservateur", "author": ["L'Obs"], "date_publi": "2017-01-04", "theme": "Terrorisme", "content": "L'assaillant qui a tué 39 personnes dans une boîte de nuit d'Istanbul le 31 décembre 2016 a été identifié et son domicile fouillé, a fait savoir ce mercredi 4 janvier le chef de la diplomatie turque Mevlüt Cavusoglu, cité par l'agence progouvernementale Anadolu. Les autorités ont diffusé plusieurs images de l'auteur présumé de cet attentat contre la boîte de nuit Reina, revendiqué par l'organisation Etat islamique (EI). Au moins 20 personnes ont par ailleurs été arrêtées mercredi à Izmir, dans l'ouest de la Turquie, selon les médias. Toutes sont soupçonnées de liens avec l'EI. Les autorités tentent d'établir si l'homme recherché avait des complices. Anadolu a précisé que les 20 personnes interpellées ce mercredi sont originaires d'Asie centrale et de Syrie. Mardi, les médias turcs avaient rapporté que l'auteur de l'attentat pourrait être lui-même originaire du Kirghizstan ou d'Ouzbékistan. 36 personnes au total ont été placées en garde à vue dans le cadre de cette enquête, dont l'épouse de l'assaillant présumé d'après les médias turcs. Les autorités estiment que l'assaillant a suivi un entraînement poussé au maniement des armes, selon les médias turcs, soulignant qu'il avait par exemple utilisé des grenades aveuglantes pour désorienter ses cibles, et visé le haut du corps. Le quotidien \"Habertürk\" a affirmé mercredi qu'une fois le massacre commis, l'assaillant avait pris un taxi, payant la course avec de l'argent emprunté dans un restaurant ouïghour de Zeytinburnu, sur la rive européenne d'Istanbul. Plusieurs médias affirmaient en début de semaine que le tueur présumé s'était installé en novembre à Konya (sud) avec son épouse et leurs deux enfants afin de ne pas éveiller les soupçons.  A.R. (avec AFP) ? L'Obs "}