{"title": "attentat à barcelone, 13 morts, 100 blessés, un suspect en fuite : ce que l'on sait", "newspaper": "NouvelObservateur", "author": ["L'Obs"], "date_publi": "2017-08-17", "theme": "Monde", "content": "Une fourgonnette a percuté la foule ce jeudi 17 août après-midi à Barcelone, à la hauteur de la Ramblas, artère la plus touristique de cette ville catalane. Il s'agit d'un attentat terroriste, revendiqué dans la soirée par le groupe Etat islamique, qui a fait au moins 13 morts et 100 blessés, d'après un bilan encore non définitif. Deux suspects connectés à l'attentat ont été arrêtés, mais le conducteur de la camionnette est toujours en fuite ce jeudi soir. DIRECTO | Los dos sospechosos del atropello masivo están atrincherados en un bar del centro de Barcelona https://t.co/7GVta71l4U pic.twitter.com/BcbrqziwWt  Désireuse d'évacuer au plus vite les environs, la police a annoncé par mégaphones qu'une \"attaque terroriste\" était \"confirmée\", après qu'une camionnette a percuté la foule sur l'avenue la plus touristique de Barcelone, faisant plusieurs blessés. Selon \"El Pais\", cette fourgonnette serait arrivée sur La Rambla via l'immense place Catalunya, et aurait parcouru environ 500 mètres avant de foncer sur le trottoir. \n    Selon le responsable de l'Intérieur du gouvernement catalan, Joaquim Forn, au moins 13 personnes sont mortes et plus de 100 autres blessées. Le bilan pourrait s'aggraver.  La meva més rotunda condemna a l'atemptat terrorista de Barcelona. Podem confirmar 13 morts i més de 50 ferits. @mossos @solercampins pic.twitter.com/va0IlQejb0 \"Par respect pour les victimes et leurs familles, merci de ne pas partager d'images des blessés\", a tweeté la police espagnole. ????Por respeto a las víctimas y a sus familias, por favor, NO compartas imágenes de heridos en atropello de #Ramblas de Barcelona Pour l'heure, l'identité des victimes n'a pas encore été divulguée à l'exception de l'une d'elles, une femme de nationalité belge, a annoncé dans la soirée le ministre belge des Affaires étrangères Didier Reynders. Nous devons malheureusement déplorer une victime belge à #Barcelone J'adresse mes condoléances à sa famille et à ses proches. — didier reynders (@dreynders) 17 août 2017  \"Nous déplorons une victime belge, c'est une femme. Nous sommes en contact avec sa famille\", a-t-il déclaré au site internet de la chaîne publique flamande VRT. \"Il y a beaucoup de Belges à Barcelone en ce moment. Nous avons déjà contacté différentes familles. Dans la plupart des cas, les appels ont livré des informations positives, excepté cette mauvaise nouvelle\", a aussi dit Didier Reynders, cité par l'agence Belga. Un témoin a dit avoir vu dans la camionnette \"un homme très jeune, d'une vingtaine d'années, au visage mince\". Deux hommes ont été arrêtés dans les villes catalanes de Ripoll et Alcanar, selon Reuters. D'après les autorités citées par l'AFP, les suspects arrêtés sont un Espagnol et un Marocain. Le conducteur de la fourgonnette, lui, est toujours en fuite. L'attentat de Barcelone serait en lien avec une explosion dans un logement plus tôt dans la journée jeudi à Alcanar, qui a fait un mort, selon la police. Selon la police catalane, les deux personnes arrêtées sont reliées à l'attentat, mais aucune des deux n'est le conducteur.  Auparavant une source policière avait indiqué que deux personnes étaient recherchées. La police avait fait état d'une personne retranchée dans un bar, avant de démentir.  Dans la soirée, dans un message diffusé par son organe de presse Amaq, le groupe Etat islamique a revendiqué cet attentat.  \"Les assaillants de l'attaque de Barcelone étaient des soldats de l'Etat islamique\", indique le communiqué, ajoutant que \"l'opération a été menée en réponse aux appels à cibler les Etats de la coalition\" internationale antijihadistes opérant en Syrie et en Irak. Sur Facebook, le signalement \"Safety Check\" a été activé et la protection civile catalane appelle sur Twitter à \"libérer les lignes téléphoniques\" et privilégier \"les réseaux sociaux pour informer votre entourage\". Le consulat général de France à Barcelone a mis en place un numéro d'appel spécial pour les ressortissants français : (00.34) 93.270.30.35. #Barcelone : évitez la zone de l’événement et rassurez vos proches. Pour joindre le Consulat Général de France : (00 34) 93 270 30 35 pic.twitter.com/XFEtsoya0S    Selon \"El Pais\", Los Mossos d'Esquadra, la police catalane, contrôle actuellement chaque véhicule entrant ou sortant de la ville.  Deux policiers ont été renversés jeudi dans la soirée par un véhicule lors d'un contrôle, sans que l'on sache si l'incident était lié à l'attentat qui a frappé la ville. \"Leur vie n'est pas en danger\", a déclaré à l'AFP une porte-parole des Mossos d'Esquadra, ajoutant que des agents avaient tiré en direction du véhicule pour tenter de l'arrêter. Le véhicule a ensuite été localisé à Sant Just Desvern, commune voisine de Barcelone, et un dispositif de déminage activé, a-t-elle précisé, ajoutant que les policiers ne savaient pas si le conducteur se trouvait dans le véhicule ni s'il contenait des explosifs. Les policiers ont évacué le quartier et ses environs, et les emblématiques taxis noirs et jaunes de la ville offrent leurs courses pour évacuer les personnes du centre-ville.  Els taxistes de Barcelona ofereixen transport gratuït per evacuar a qui calgui del centre de #Barcelona https://t.co/eTPa7cznRO D'après l'office de tourisme, des hôtels du centre ville ont également ouvert leurs portes aux touristes qui n'étaient pas en mesure de regagner leur logement. Cette attaque a provoqué l'indignation en Espagne et dans le monde entier, du Palais royal espagnol à la Maison-Blanche. \"Les terroristes ne vaincront jamais un peuple uni qui aime la liberté face à la barbarie\", a tweeté Mariano Rajoy, tandis que le palais du roi Felipe VI a écrit: \"ils ne nous terroriseront pas. Toute l'Espagne est Barcelone. Les Ramblas appartiendront de nouveau à tous.\" Los terroristas nunca derrotarán a un pueblo unido que ama la libertad frente a la barbarie. Toda España está con las víctimas y familias MR Consternado com as notícias que chegam de Barcelona. Todo o apoio e solidariedade a família e amigos das vítimas.  Le joueur de football vedette du Real Madrid, le Portugais Christiano Ronaldo, s'est dit \"consterné par les nouvelles de Barcelone.\" Il a exprimé \"tout (son) soutien et (sa) solidarité à la famille et aux amis des victimes.\" Le président français Emmanuel Macron a lui exprimé \"la solidarité de la France\" après cette \"tragique attaque\". Le porte-parole de la chancelière allemande Angela Merkel a pour sa part dénoncé une attaque \"révoltante\". Toutes mes pensées et la solidarité de la France pour les victimes de la tragique attaque à #Barcelone. Nous restons unis et déterminés. The United States condemns the terror attack in Barcelona, Spain, and will do whatever is necessary to help. Be tough & strong, we love you! \"Les Etats-Unis condamnent l'attaque terroriste de Barcelone, en Espagne, et feront tout ce qui est nécessaire pour aider\", a indiqué Donald Trump sur Twitter. \"Soyez courageux et forts, nous vous aimons!\", a-t-il ajouté. Troisième destination touristique au monde, l'Espagne avait été pour l'heure épargnée par les attentats du groupe Etat islamique ayant touché d'autres capitales européennes, telles Londres, Paris, Bruxelles, Berlin. Mais c'est à Madrid qu'avaient eu lieu les attentats islamistes les plus meurtriers jamais commis en Europe : le 11 mars 2004, des bombes avaient explosé dans des trains, faisant 191 morts. C.C. L'Obs "}