{"title": "tentative d'attentat à new york : trump appelle à durcir le système d'immigration", "newspaper": "NouvelObservateur", "author": ["L'Obs"], "date_publi": "2017-12-12", "theme": "L'Amérique selon Trump", "content": "Quelques heures seulement après la tentative d'attentat ayant fait trois blessés à New York, le président américain Donald Trump a appelé lundi 11 décembre à réformer un système d'immigration \"laxiste\" qui \"permet à beaucoup trop de gens dangereux\" de rentrer aux Etats-Unis. La tentative d'attentat est survenue lundi à proximité d'une des places les plus fréquentées au monde à l'heure de pointe – 7h20 (12h20 GMT) – dans un tunnel reliant deux nœuds-clés des transports new-yorkais que sont Times Square et la gare routière de Port Authority, à l'ouest de Manhattan.  \n L'attaque n'a fait que trois blessés légers, la bombe n'ayant que partiellement explosé, a expliqué le gouverneur de New York, Andrew Cuomo, visiblement soulagé d'avoir évité \"un de nos pires cauchemars\". Blessé et brûlé à l'abdomen, l'unique suspect, un homme de 27 ans identifié comme Akayed Ullah, a été rapidement arrêté. Il portait attaché au corps \"un engin explosif rudimentaire\", a précisé le chef de la police, James O'Neill.  L'homme aurait ciblé un passage souterrain très fréquenté pour ses affiches liées à Noël, qui lui auraient rappelé les attaques perpétrées au nom de l'EI sur un marché de Noël en Allemagne.  Comme l'attaque au camion-bélier par un Ouzbek qui a fait 8 morts et 12 blessés à Manhattan le 31 octobre, l'attaque a été commise par un immigré, poussant Donald Trump à réclamer de nouvelles restrictions de la politique migratoire américaine. Cette attaque \"illustre une nouvelle fois l'urgente nécessité pour le Congrès de voter des réformes législatives pour protéger les Américains\", a déclaré le président, qui a déjà interdit l'entrée aux Etats-Unis aux ressortissants de sept pays, essentiellement musulmans, dont le Bangladesh ne fait pas partie. Soulignant que l'homme interpellé était entré aux Etats-Unis grâce à un système bénéficiant à la famille élargie de certains migrants, il a jugé que ce dernier était \"incompatible avec la sécurité nationale\". \"Le Congrès doit mettre fin aux migrations en chaîne\", a-t-il souligné, en référence au visa de regroupement familial qui aurait permis à Akayed Ullah de venir aux Etats-Unis. Selon plusieurs médias locaux, ce Bangladais aurait immigré aux Etats-Unis il y a sept ans. Bill De Blasio, maire démocrate de New York qui se pose en défenseur des migrants face à Donald Trump, a cependant indiqué que le suspect n'avait \"aucun passé criminel ni aucune indication de radicalisation préalable, sur la base de ce que nous savons à ce stade\", dans une interview télévisée. Il a aussi assuré que la coopération s'améliorait entre la police et les quartiers à forte population immigrée, comme celui de Brooklyn où habitait Ullah, sur les questions de radicalisation. Donald Trump a par ailleurs réaffirmé lundi que les auteurs d'actes terroristes méritaient \"les peines les plus lourdes\", y compris la peine de mort dans certains cas. (Avec AFP) L'Obs "}