{"title": "présidentielle : les 7 enjeux du premier tour", "newspaper": "NouvelObservateur", "author": ["Sébastien Billard"], "date_publi": "2017-04-23", "theme": "Présidentielle 2017", "content": "Rien ne se passe jamais vraiment comme prévu lors d'une campagne présidentielle. L'édition 2017 ne fait pas exception. Les surprises ont même été quasi permanentes ces derniers mois, de la chute des favoris lors des primaires de la droite et de la gauche, à l'émergence d'Emmanuel Macron, en passant par le renoncement de François Hollande, les déboires judiciaires de François Fillon et les divisions du Parti socialiste. Le premier tour, prévu ce dimanche, pourrait bien lui aussi apporter son lot de surprises. Pas moins de quatre candidats – dont Marine Le Pen – sont en mesure de se disputer la qualification pour le second tour, et de nombreuses inconnues entourent ce scrutin.   C'est le premier chiffre (d'une longue série) qui devrait tomber dimanche en fin de journée : celui de l'abstention. \n Quel sera le taux de participation cette année ? En France, le scrutin présidentiel est le plus mobilisateur de tous, avec en général un taux de participation avoisinant les 80%. Une exception notable : 2002. Dans l'histoire de la Ve République, c'est cette année-là que l'abstention fut la plus forte lors d'un premier tour. Seuls 71,6% des électeurs s'étaient déplacés, soit une abstention de 28,4%... Après ce traumatisme du 21-Avril, la participation était nettement repartie à la hausse en 2007 (83,8%). Il y a cinq ans, si l'abstention avait regagné du terrain, la participation était restée élevée (79,48%). Le triste record de 2002 est-il susceptible d'être battu dimanche ? Le risque d'une abstention forte est élevé, selon plusieurs études. À un peu plus de six semaines du premier tour, le niveau estimé de l'abstention se situait aux alentours de 32%. Depuis, la donne a quelque peu changé, mais l'indice de participation n'était encore que de 72% à une semaine du vote, selon une enquête du Cevipof réalisée avec Ipsos...  Depuis plus d'un an, les sondages promettent à Marine Le Pen une place au second tour de l'élection présidentielle et un score au-dessus de tous les autres candidats. A quelques heures du vote, elle demeure l'un des deux favoris, au coude à coude avec Emmanuel Macron, créditée de 22 à 24% d'intentions de vote. Une performance qui, si elle se confirmait dimanche, marquerait une nouvelle étape importante dans l'histoire récente du FN, qui a entamé en 2012 une séquence électorale extrêmement favorable. A défaut, une non qualification pour le second tour sonnerait comme un échec, et marquerait un vrai coup d'arrêt. Ce dernier scénario n'est pas totalement à exclure, selon plusieurs spécialistes du FN. Statut de favori qui l'a inhibée, propositions inaudibles, erreurs stratégiques en série... La campagne de la frontiste a un peu patiné. \"Marine Le Pen en 2017, c'est Lionel Jospin en 2002\", ose même l'historien Nicolas Lebourg. La \"fille de\" dispose toutefois d'un atout par rapport à ses principaux challengers pour franchir le cap du premier tour. Alors que les indécis sont nombreux, elle est la candidate qui bénéficie des intentions de vote les plus déterminées : 84% de ses électeurs se disent sûrs de leur choix.  Inconnu du grand public avant son arrivée au ministère de l'Economie, il y a trois ans, Emmanuel Macron a connu une ascension politique express. A tel point qu'il fait aujourd'hui figure de favori du scrutin. Avec aux alentours de 24% d'intentions de vote au premier tour, il pourrait même devancer Marine Le Pen, installée depuis plus d'un an en tête des sondages. L'ancien secrétaire adjoint de l'Elysée a mené campagne en faisant le pari d'une recomposition politique. Avec son mouvement En Marche !, Emmanuel Macron a investi l'espace du centre, affichant des convictions pro-européennes, libérales aussi bien sur l'économie que sur le plan sociétal, et s'alliant avec François Bayrou. Une stratégie pour l'instant payante, le candidat profitant notamment de la présence face à lui d'un candidat socialiste représentant l'aile gauche du PS, et d'un candidat de la droite au programme très conservateur, pour s'intercaler entre les deux, bousculer les clivages partisans traditionnels, et séduire à la fois des électeurs de gauche et de droite modérée. L'heure du centre a-t-elle enfin sonné ? La position de favori est toujours périlleuse. Tout comme son tropisme centriste. Cette force politique n'a jamais réussi à s’imposer sous la Ve République. Et ce positionnement l'expose aussi bien aux critiques de la gauche – qui le juge trop libéral et pro-entreprises –, et de la droite qui raille sa tempérance et le dépeint volontiers en héritier du \"hollandisme\".  Il est la surprise de la fin de la campagne. Longtemps annoncé comme le simple cinquième homme de l'élection, Jean-Luc Mélenchon pourrait bien en être finalement le troisième, voire être l'un des deux qualifiés pour le second tour. Ces deux dernières semaines, le candidat de La France insoumise a connu une progression spectaculaire. Avec près de 19% d'intentions de vote, il est pratiquement à égalité avec François Fillon, le candidat de la droite, et a clairement distancé Benoît Hamon. Débats télévisés réussis, inflexions stratégiques, communication travaillée... L'ancien socialiste a décidé cette année de faire campagne en mettant en avant une image et un ton plus rassurants qu'en 2012. Très critique à l'égard de l'Europe, apôtre du \"dégagisme\", gardant ses distances avec le PCF, il est parvenu à apparaître comme une vraie alternative aux yeux de nombre d'électeurs de gauche, face à un PS divisé et comptable du bilan du quinquennat.  Sera-ce suffisant pour viser le second tour ? Europe, politique internationale, Russie... Le candidat de La France insoumise a vu les critiques s'intensifier contre certains éléments de son programme, à mesure de sa montée en puissance. De quoi enrayer la machine, à l'image de François Bayrou en 2007 ? Star de la campagne, le centriste avait échoué à accéder au second tour, et il n'était pas parvenu à véritablement peser dans l'après-présidentielle.  5Hamon, Fillon... Le PS et LR hors course ? Et si c'étaient eux, le candidat des Républicains et celui du PS, les grands perdants du premier tour ? L'absence conjuguée des représentants des deux principaux partis dits de gouvernement au second tour est un scénario qui semblait, il y a quelques mois encore, inimaginable. Mais à quelques heures du scrutin, la probabilité n'a jamais été aussi forte de le voir se réaliser. Une situation qui serait exceptionnelle. Car si la gauche n'avait pas vu le second tour en 1969 et en 2002, la droite a elle toujours eu un représentant au second tour d’une présidentielle... La non qualification du candidat PS est l'hypothèse la plus probable. Pris en étau entre Jean-Luc Mélenchon sur sa gauche, et Emmanuel Macron sur sa droite, Benoît Hamon est passé il y a deux semaines sous la barre des 10% d'intentions de vote, et apparaît nettement décroché. Longtemps principal bénéficiaire du vote \"utile\", le PS risque d'en être cette année la principale victime, alors que l'électorat de gauche est écartelé entre trois candidats. La situation est un peu moins critique à droite. Si François Fillon a indéniablement été affaibli par ses démêlés judiciaires, il conserve des chances d'arracher une qualification pour le second tour : avec 19,5% des intentions de vote, il talonne toujours les deux favoris, et dispose d'un socle solide. Une bien maigre consolation cependant, alors que l'on disait ce scrutin imperdable il y a quatre mois pour Les Républicains. Signe de leurs faiblesses respectives, et de la recomposition politique à l'œuvre, à eux deux, Benoît Hamon et François Fillon, pourtant censés être portés par leur victoire à la primaire de leur camp, ne pèsent qu'aux alentours de 27% des intentions de vote selon la plupart des sondages... Il y a cinq ans, leurs prédécesseurs – François Hollande et Nicolas Sarkozy – avaient rassemblé au premier tour 54,1% des voix...  Cette année encore, les études d'opinion ont plus que jamais rythmé la campagne présidentielle, avec plus de 300 enquêtes commandées depuis janvier... Marine Le Pen face à Emmanuel Macron : c’est le duel annoncé depuis des semaines par les différents instituts de sondages, qui notent toutefois depuis dix jours une légère érosion des deux favoris, désormais talonnés par Jean-Luc Mélenchon et François Fillon. Du vote pour le Brexit à la victoire de Trump, en passant par les résultats des primaires – de la droite comme de la gauche –, les nombreuses surprises ayant échappé aux instituts de sondages récemment doivent plus que jamais inciter à la prudence. D’autant qu'à deux reprises déjà, en 1995 puis en 2002, les sondeurs ont connu deux accidents industriels majeurs. Et que la campagne 2017 se singularise par un taux d'indétermination inédit, et donc une marge d'incertitude importante.  A une semaine du premier tour, l'indice de participation n'était que de 72%, note ainsi le Cevipof dans sa dernière étude, et plus d'un quart des électeurs disaient encore hésiter quant à leur choix final... Des indécis susceptibles de déjouer les pronostics ? L'attentat perpétré sur les Champs-Elysées, jeudi soir, dans lequel un policier a été tué, est intervenu dans les dernières heures de la campagne électorale. Peut-il avoir un impact sur le choix de certains électeurs ? Et faire basculer l'élection ? La France en a connu à plusieurs reprises, dont en 2012 avec les attentats de Toulouse, un fait divers très médiatisé à quelques jours d'un scrutin. Mais leur impact est toujours difficile à évaluer. \"S'il y a un effet, c'est clairement Marine Le Pen qui peut en bénéficier\", explique le sondeur de l'Ifop Jérôme Fourquet, à propos de l'attentat des Champs-Elysées. \"Mais si on peut penser qu'il y aura une incidence, elle ne sera pas de nature à bouleverser le rapport de forces\", nuance le spécialiste.  D'ultimes sondages ont été publiés dans la journée de vendredi, une poignée d'heures avant la fin officielle de la campagne. La plupart, toutefois, ont été réalisés avant la tragédie, ils n’ont donc pas pu évaluer ses effets éventuels sur l'opinion. Une donnée que les sondeurs ne manqueront certainement pas de mettre en avant, si les résultats de dimanche s'avéraient différents de ceux qu'ils ont annoncés...  Sébastien Billard Sébastien Billard Journaliste "}