{"title": "attentat de barcelone : l'étrange tweet de donald trump sur le général pershing", "newspaper": "NouvelObservateur", "author": ["L'Obs"], "date_publi": "2017-08-17", "theme": "L'Amérique selon Trump", "content": "\"Etudiez ce que le Général Pershing des Etats-Unis a fait aux terroristes lorsqu'ils étaient attrapés. Il n'y a plus eu de terrorisme islamique radical pendant 35 ans ! [sic]\" Study what General Pershing of the United States did to terrorists when caught. There was no more Radical Islamic Terror for 35 years!  Publié quelques heures après l'attentat de Barcelone, qui a fait 13 morts et une centaine de blessés selon un bilan provisoire, ce tweet de Donald Trump fait référence au général Pershing, commandant du corps expéditionnaire américain (American Expeditionary Force) pendant la Première Guerre mondiale, qui avait débarqué en France en juin 1917 avec 14.000 soldats. \n Pendant un meeting en Caroline du Sud, celui qui était alors candidat à l'investiture républicaine avait en effet relayé une information totalement invérifiable, affirmant que le général Pershing avait utilisé des balles trempées dans du sang de porc contre les musulmans. Il aurait selon lui ainsi assassiné 49 terroristes islamistes, épargnant une cinquantième personne pour qu'elle raconte l'histoire autour d'elle. Les \"terroristes islamiques\" auraient été enterrés avec des cochons. Il lançait, changeant sa version au fil des meetings : Mais aucune preuve de cette histoire n'avait jamais été retrouvée par les médias américains, des historiens l'analysant comme étant une pure légende urbaine. En vérité Pershing aurait au contraire tenté de gagner les cœurs des rebelles musulmans et en aucun cas la technique du \"sang de cochon\" n'aurait permis de gagner la guerre. L. T. L'Obs "}