{"title": "ce qui fait polémique dans le projet de loi urvoas contre le terrorisme", "newspaper": "NouvelObservateur", "author": ["Donald Hebert"], "date_publi": "2016-03-03", "theme": "Politique", "content": "Le ministre de la Justice Jean-Jacques Urvoas a commencé à présenter mardi 1er mars à l'Assemblée nationale son projet de loi sur la réforme pénale post-attentats. Quelque 350 amendements restent à débattre mais les mesures les plus litigieuses ont été adoptées en première lecture mercredi 2 mars.  Le vote solennel est prévu le 8 mars, puis le Sénat devrait l'examiner à compter du 29 mars, en vue d'une adoption définitive dans la foulée.\n Plusieurs ONG, syndicats d'avocats et hauts magistrats critiquent le texte, qui est l'objet de vifs débats à gauche et à droite de l'hémicycle. Voici les principaux points : Les personnes qui se seraient rendus dans des pays comme la Syrie, théâtres d'opérations de groupes djihadistes, et donc soupçonnées de pouvoir porter atteinte à la sécurité publique sur le territoire français, mais sur lesquels ne reposent pas suffisamment de preuves pour une mise en examen, pourront être assignés à résidence durant un mois, obligés de signaler leurs déplacements. Par ailleurs, ils seront tenus de communiquer durant plusieurs mois les identifiants qu'ils utilisent sur internet : boîte mail, comptes Facebook, Twitter, Telegram, WhatsApp, etc. Les critiques. La surveillance de ces personnes suspectes découlera d'une décision administrative et non d'un \"juge judiciaire indépendant\", ce qui fait craindre des décisions arbitraires. Et selon la députée indépendante Isabelle Attard, la surveillance des identifiants \"serait une intrusion lourde dans la vie privée des individus, sans aucun contrôle.\" Une personne pourra être retenue durant quatre heures après un simple contrôle d'identité, à condition qu'il y ait des raisons sérieuses de penser qu'elle est \"liée à des activités terroristes\", qu'elle fasse l'objet d'une fiche S\", que le procureur ait été prévenu, et qu'il ait donné son accord si la personne est un mineur. Cela donnera le temps aux autorités de consulter les fichiers français et internationaux. Les critiques. La personne ne pourra pas être interrogée, comme on le regrette parfois à droite, mais elle ne pourra pas faire appel à un avocat, et il n'est pas encore dit qu'elle pourra prévenir quelqu'un de sa retenue, comme on le regrette parfois à gauche. Certains estiment que la durée de 4 heures est trop longue. Les règles limitant l'usage des armes par les forces de l'ordre vont être assouplies. Gendarmes, policiers et douaniers ne seront plus responsables pénalement s'ils font feu en cas de nécessité absolue. L'idée est d'autoriser les forces d'intervention à faire feu sur les auteurs d'une attaque terroriste, même s'ils ne sont pas en cas de légitime défense. Les critiques. Certains, notamment à gauche, craignent qu'il s'agisse d'un \"permis de tuer\", avec \"une présomption d'irresponsabilité\" pour les forces de l'ordre, et qui s'applique dans d'autres cas que les attaques terroristes. D'autres, à droite, voudrait une redéfinition plus globale de l'usage des armes par les forces de l'ordre. Le projet de loi d'Urvoas ne proposait rien sur l'obligation pour les forces de l'ordre de remettre un récépissé après avoir contrôlé un citoyen. Le gouvernement lui préfère la mise en avant du matricule sur l'uniforme, un nouveau code de déontologie et les pré-plaintes en ligne. Les critiques. Des députés socialistes ont proposé des amendements pour instaurer le récépissé, mentionné par François Hollande lors de sa campagne présidentielle en 2012. L'idée est de lutter contre le contrôle au faciès répétitif, forme d'harcèlement raciste. Ces amendements ont été rejetés. Le texte prévoit aussi de pérenniser certaines mesures propres à l'état d'urgence, dont l'effet devrait prendre fin en mai. Il est notamment discuté les perquisitions de nuit, ainsi que la possibilité d'enquêtes administratives sur les personnels des équipements comme les stades.   Les critiques. Le prolongement de l'Etat d'urgence et l'inscription dans le temps de long de certaines mesures sécuritaires font craindre une atteinte aux libertés individuelles. Les députés ont voté par amendement la possibilité pour une cour d'assises de prononcer une perpétuité dite \"incompressible\" aux auteurs de crimes terroristes. Elle porte la période de sûreté jusqu'à 30 ans contre 22 actuellement. La Cour d'assises peut aussi interdire toute mesure d'aménagement de peine. Par ailleurs, une période de sûreté obligatoire sera applicable pour tous les délits et crimes terroristes punis d'au moins dix ans de prison. Les critiques. Le député Gérard Sebaoun estime \"qu'un alourdissement indéfini de la peine n'a aucun sens par rapport à des individus qui veulent mourir\".   D. H. Donald Hebert Journaliste "}