{"title": "berlin : le suspect identifié se nomme anis amri, un tunisien de 24 ans", "newspaper": "NouvelObservateur", "author": ["L'Obs"], "date_publi": "2016-12-21", "theme": "Terrorisme", "content": "Les autorités allemandes ont confirmé ce mercredi 21 décembre qu'un nouveau suspect était recherché pour son rôle présumé dans l'attaque au camion qui a fait douze morts sur un marché de Noël de Berlin lundi soir. Il s'agit d'un Tunisien de 24 ans nommé Anis Amri.  Confirmant les informations de plusieurs médias, le ministre de l'Intérieur Thomas de Maizière a affirmé ce mercredi qu'un \"avis de recherche [avait] été émis à minuit pour l'Allemagne mais aussi pour l'espace Schengen, c'est-à-dire en Europe\".  Dans un  communiqué, le parquet antiterroriste allemand propose une récompense \"pouvant aller jusqu'à 100.000 euros\". \"Si vous voyez la personne recherchée, informez la police. Mais ne vous mettez pas vous-même en danger, cette personne pourrait être dangereuse et armée\", prévient le parquet. ? Le mandat d'arrêt européen indique que l'homme recherché, Anis Amri, est né en 1992 à Ghaza (Tunisie). Connu sous au moins six identités, il a été identifié grâce à des documents d'identité retrouvés dans le camion. \"Anis Amri mesure 1,78 m, pèse environ 75 kg. Il a des cheveux noirs et des yeux bruns. Il peut être violent et armé !\" met en garde le parquet fédéral à l'attention de la population. Déjà connu de la police, il était suspecté de préparer une attaque et avait été signalé en novembre au centre allemand de lutte contre le terrorisme, a indiqué ce mercredi Ralf Jäger, le ministre de l'Intérieur de la Rhénanie du Nord-Westphalie, Land dans lequel le suspect a résidé cette année.  Selon nos informations, Anis Amri était arrivé en Europe via l'Italie, où ses empreintes ont été prises en 2012. A l'époque, c'est sous l'identité d'Anis Bin Mustafa Bin Othman qu'il entre sur le territoire européen, précise \"la Repubblica\". Il est installé à Berlin depuis février 2016. C'est donc le parquet de la capitale \"qui menait les investigations\", d'après le ministre. Il avait déposé une demande d'asile rejetée en juin 2016, mais n'avait pas pu être renvoyé vers la Tunisie car le pays \"a d'abord nié que l'homme était tunisien\", refusant donc toute expulsion sur son territoire, toujours selon Ralf Jäger.  La police tunisienne a interrogé des membres de la famille du suspect en Tunisie, selon une source sécuritaire. \"Quand j'ai vu la photo de mon frère dans les médias, je n'en ai pas cru mes yeux. Je suis sous le choc et je ne peux croire que c'est lui qui a commis ce crime\", a réagi Abdelkader Amri, frère du suspect. Placé sur écoute en août 2016, d'après nos informations, Anis Amri serait lié à la mosquée de Hildesheim, considérée comme un \"hub salafiste\" de la région de Basse-Saxe et qui aurait encouragé des fidèles à partir combattre en Syrie. La mosquée et les domiciles de plusieurs membres de l'association gérant le lieu de culte avaient été perquisitionnés fin juillet. L'association, le Cercle de l'islam de langue allemande d'Hildesheim, a été récemment interdite et son leader Abou Waala incarcéré. \"Suspect ne veut pas dire qu'on est l'auteur\", a rappelé Thomas de Maizière. Les autorités allemandes restent prudentes, après avoir interpellé puis mis hors de cause, mardi, un Pakistanais présenté comme suspect. V.M. et A.R.  L'Obs "}