{"title": "attentat de manchester : comment l'effet de \"blast\" a semé la panique", "newspaper": "NouvelObservateur", "author": ["L'Obs"], "date_publi": "2017-05-23", "theme": "Monde", "content": "Il est 22h30 dans la salle de la Manchester Arena, en Angleterre. La lumière se rallume, des milliers de spectateurs - dont beaucoup d'enfants et d'adolescents - ramassent leurs affaires. D'autres sont déjà dehors. Pendant trois heures, ils ont assisté à un show de la chanteuse pop Ariana Grande. Certains avaient leur ticket depuis Noël. Pour sortir de la salle de concert, tout ce petit monde se fraye un chemin parmi les ballons roses qui flottent, lâchés par l'artiste quelques minutes auparavant.   A 22h33, un bruit assourdissant retentit. \"Pour certains, il semblait étouffé et lointain, comme si quelque part au loin une balle avait éclaté. Pour d'autres, la terreur était tout à fait apparente\", raconte le journal britannique \"The Guardian\".  \n Dans le foyer à l'extérieur du stade, zone située entre l'une des quatre sorties de la salle et la gare de Victoria, un homme vient d'actionner un \"engin explosif improvisé\" - selon la description qu'en fera la police locale -, provoquant un \"blast\" qui souffle des dizaines de personnes. Une vitre explose, projetant \"des écrous et des boulons partout dans le sol. Les gens avaient des trous dans leur dos\", raconte Chris Parker, 33 ans, venu mendier à la sortie du concert. Amelia Senior, 11 ans, vient de quitter la salle avec sa sœur lorsque l'explosion s'est déclenchée : Catherine Macfarlane, qui était elle aussi au concert, témoigne pour Reuters :  \"Il y a eu comme un flash avec un bang et puis de la fumée\", explique à la BBC Gary Walker, de Leeds, venu avec sa femme pour attendre leur fille à la sortie du concert. Interviewée par la BBC, Emma Johnson a elle aussi été témoin de l'explosion : ???????? Explosion took place, in the foyer area, leading towards Victoria railway station (infographie Daily Mail) #ManchesterArena pic.twitter.com/RO7zyu5la4 Dans la salle, plusieurs vidéos de spectateurs montrent d'abord un moment d'hébétement. Certains pensent que les ballons ont explosé, sans imaginer qu'il puisse s'agir d'un acte terroriste. Une ado témoigne au \"Guardian\" : Puis, la panique se répand. Majid Khan, 22 ans, raconte à l'agence britannique Press Association :  Une jeune femme explique au \"Guardian\" : Des services de police et de secours sont très rapidement dépêchés sur place, après de très nombreux appels. La police invite les habitants à éviter la zone, tandis que la gare de Manchester Victoria, à quelques mètres du stade, est évacuée. Mais ce soir-là à Manchester, au moins 22 personnes ont perdu la vie. M.G. L'Obs "}