{"title": "tentative d'attentat à new york : qui est akayed ullah, le principal suspect ?", "newspaper": "NouvelObservateur", "author": ["L'Obs"], "date_publi": "2017-12-11", "theme": "Monde", "content": "L'attaque aurait pu faire beaucoup plus de dégâts. Un homme a déclenché \"un engin explosif rudimentaire\" qu'il portait scotché autour de la taille avec des bandes Velcro dans un tunnel du métro de Times Square, ce lundi matin, faisant trois blessés. \"Une tentative d'attentat terroriste\", selon le maire de New de York, Bill de Blasio. L'explosion est survenue à l'heure de pointe, à 7h20 (13h20 heure française), dans un tunnel reliant deux noeuds-clés des transports new-yorkais que sont Times Square et la gare routière de Port Authority, près de la 42e rue et de la 8e Avenue.   Par chance, la ceinture d'explosifs artisanale aurait explosé prématurément, selon le chef de la police, James O'Neill. \"Dieu merci, l'auteur n'est pas parvenu à ses fins\", a déclaré Bill de Blasio.\n Le terroriste présumé a été blessé dans l'attentat manqué et transporté dans un état \"sérieux\" à l'hôpital. Il a été arrêté et hospitalisé avec des \"blessures et des brûlures au corps\". Des images du \"New York Post\" (que nous avons floutées) le montrent plié en deux à terre, avec des vêtements en lambeaux et des brûlures sur son torse.  L'homme a été identifié par la police comme étant Akayed Ullah, 27 ans, un habitant du quartier de Brooklyn. Le maire de New York, Bill de Blasio, a dit à la presse qu'il avait apparemment agi seul. Plusieurs médias new-yorkais ont indiqué que le suspect était originaire du Bangladesh, d'où il aurait émigré aux Etats-Unis il y a sept ans. Il n'avait pas de casier judiciaire et s'est rendu pour la dernière fois au Bangladesh le 8 septembre, a indiqué le chef de la police, selon Reuters.  D'après CNN, le suspect était un résident américain permanent légal, arrivé en 2011 avec un visa d'immigrant F43. D'après la chaîne, le titulaire d'un visa F43 est l'enfant du frère ou d'une sœur d'un citoyen américain.  Le quotidien \"New York Post\", qui cite des sources policières, a précisé qu'il s'agissait d'un ancien chauffeur de taxi. D'après la New York Taxi and Limousine Commission, son permis de conduire des taxis et limousines a expiré en 2015. Il n'était pas licencié pour conduire un taxi jaune à New York et ne conduisait pas pour Uber, a précisé un enquêteur à CNN. Il aurait fabriqué l'engin artisanal sur son lieu de travail, selon la même source. D'après le \"New York Post\", Akayed Ullah aurait déclaré aux policiers à l'hôpital avoir agi par vengeance en raison des \"bombardements dans son pays\", sans autre précision. Puis le quotidien a affirmé que Akayek Ullah a dit avoir agi par vengeance pour les attaques dans les territoires palestiniens après la décision de Trump de reconnaître Jérusalem comme capitale d'Israël. Une information corroborée par CNN, mais pas par la police. L'ancien chef de la police de New York, Bill Bratton, avait indiqué à la chaîne MSNBC avoir été informé que le suspect avait agi au nom du groupe Etat islamique (EI). Cette information n'a pas été immédiatement confirmée par les autorités, pas plus que les informations du \"New York Post\". Interrogé par CNN, un homme qui possède un immeuble résidentiel à côté de l'endroit où vivrait selon lui le suspect avec sa famille affirme que ses locataires lui ont dit qu'ils avaient entendu des cris et des bagarres les deux dernières nuits avant l'attentat. \"Il n'était pas du tout sympathique, a-t-il ajouté. La famille en elle-même était très calme, mais ils ne parlaient à personne, ils restaient juste là.\" L. T. L'Obs "}