{"title": "attentat d'istanbul : qui sont les victimes ?", "newspaper": "NouvelObservateur", "author": ["L'Obs"], "date_publi": "2017-01-01", "theme": "Monde", "content": "Alors que les autorités turques traquent toujours lundi 2 janvier au matin l'assaillant qui a semé le chaos et la mort dans l'une des boîtes de nuit les plus huppées d'Istanbul, les différents pays commencent à communiquer sur les 39 victimes. Le groupe Etat islamique a annoncé, via un communiqué lundi matin, revendiquer cet attentat. Le groupe djihadiste y indique que c'est \"un des soldats du califat\" qui a tué 39 personnes.   Parmi elles, de très nombreux Turcs, évidemment, mais également plusieurs ressortissants étrangers, notamment arabes. La France compte également une ressortissante parmi les victimes. \"L'Obs\" fait le point sur ce que l'on sait des victimes :\n - Une Franco-tunisienne et son mari, un Tunisien figure parmi les personnes tuées par le terroriste. C'est le ministre français des Affaires étrangères Jean-Marc Ayrault qui a annoncé la mort de cette femme possédant la double nationalité française et tunisienne. Selon Europe 1, elle était mariée à un chef d'entreprise tunisien de 41 ans. Le couple venait d'avoir un enfant, âgé de cinq mois. Les médias tunisiens ont confirmé la mort de deux Tunisiens, sans que l'on sache s'il s'agit des mêmes personnes. #Turquie - Jean-Marc Ayrault condamne l'odieuse attaque d’une discothèque à Istanbul qui a fait de nombreux morts https://t.co/WKDMhHqaJc - Un homme ayant la double nationalité belge et turque a été tué, selon le ministre belge des Affaires étrangères, Didier Reynders. - Trois Jordaniens ont aussi été tués et quatre blessés, selon le ministère des Affaires étrangères jordanien, cité par l'agence officielle Petra.- Trois Libanais ont été tués et quatre ont été blessés, a indiqué le ministère libanais des Affaires étrangères.- Un Koweïtien a été tué et cinq autres blessés, selon le vice-ministre koweïtien des Affaires étrangères, Khaled al-Jarallah, cité par l'agence officielle Kuna.- Trois Irakiens ont été tués, selon le ministère des Affaires étrangères irakien.- Plusieurs Saoudiens sont également morts dans l'attaque, selon le consulat saoudien à Istanbul, qui n'en précise pas le nombre. Selon le quotidien saoudien Asharq Al-Awsat, il y aurait cinq morts et 11 blessés parmi les ressortissants de ce pays.- Un Libyen a été tué et trois autres blessés dans l'attaque, selon le ministère libyen des Affaires étrangères.- Une Israélienne a été tuée et une autre blessée, selon le ministère israélien des Affaires étrangères.- Deux Indiens, un homme et une femme ont aussi péri, selon un tweet de la ministre des Affaires étrangères, Sushma Swaraj. I have a bad news from Turkey. We have lost two Indian nationals in the Istanbul attack. Indian Ambassador is on way to Istanbul. /1 \n\n - Une Canadienne a aussi été tuée, fait savoir le Premier ministre canadien Justin Trudeau.  Veuillez lire ma déclaration sur l’attentat terroriste lors duquel une Canadienne a perdu la vie à Istanbul : https://t.co/zvgTDKFCCD   R.F. et C.C. (avec AFP) L'Obs "}