{"title": "valls : face à l'ei, la réponse ne peut être la \"'trumpisation' des esprits\"", "newspaper": "NouvelObservateur", "author": ["L'Obs"], "date_publi": "2016-07-17", "theme": "Attaque de Nice", "content": "\"Soyons clairs : nous avons changé d'époque\", souligne le Premier ministre Manuel Valls dans le \"Journal du dimanche\". \"La menace terroriste est désormais une question centrale, durable\", prévient-il. A propos de l'attentat de Nice (84 morts), Manuel Valls affirme qu'\"on sait maintenant que le tueur s'est radicalisé très rapidement. \"Daech fait feu de tout bois et encourage aussi le passage à l'acte d'individus inconnus de nos services\", ajoute le Premier ministre, démentant toute \"divergence\" avec le ministre de l'Intérieur, Bernard Cazeneuve, à propos du caractère djihadiste de l'attaque de Nice.  Manuel Valls s'en prend aussi à l'opposition et à \"certains politiques irresponsables [qui] disent que cet attentat était évitable\". \"Je comprends les interrogations, les colères des proches des victimes [...] Mais je ne veux pas de polémiques inutiles\", prévient le chef du gouvernement.\n \"Les services de l'État et la ville de Nice avaient préparé ensemble ce 14-Juillet, comme ils avaient préparé le carnaval ou l'Euro\", rappelle Manuel Valls en réponse à Christian Estrosi, président LR de Paca qui a critiqué depuis jeudi soir les moyens engagés pour assurer la sécurité dans sa ville. Il met par ailleurs en garde contre toute surenchère : \"Je vois bien, aussi, dans l'escalade des propositions, monter la tentation de remettre en cause l'État de droit\". \"Chacun connaît ma détermination, l'autorité est pour moi une valeur essentielle. Mais remettre en cause l'État de droit, remettre en cause nos valeurs serait le plus grand renoncement\", fait-il valoir. L'Obs "}