{"title": "vendin-le-vieil : on est entrés dans la prison qui accueille les détenus les plus dangereux de france", "newspaper": "NouvelObservateur", "author": ["Mathieu Delahousse et Barbara Krief"], "date_publi": "2018-01-31", "theme": "Société", "content": "C'est ici que tout a commencé. Ici que, l'après-midi du 11 janvier, peu après 16 heures, le vétéran d'Al-Qaida Christian Ganczarski a blessé quatre surveillants au cri d'\"Allahou akbar\". Le point de départ à l'expression d'une colère pénitentiaire inédite, obligeant l'Etat à promettre un \"plan prisons\" dès février. Pourtant, au premier abord, le centre pénitentiaire de Vendin-le-Vieil (Pas-de-Calais) a tout de la prison \"techniquement parfaite\". \"Pour s'en évader, il faut tuer\", fait remarquer le surveillant Grégory Strzempek, délégué local de l'Ufap, le syndicat majoritaire.  \"C'est un bunker : ultra-neuf, ultra-sécurisé\", admet l'avocate Delphine Boesel, dont trois clients, tous condamnés dans des affaires de grand banditisme, y sont incarcérés. Mais celle qui préside aussi l'Observatoire international des Prisons (OIP) nuance aussitôt : \"C'est de la détention hypermoderne telle qu'on peut l'imaginer.\" Notre mission est d'accueillir les détenus les plus difficiles de France\", tranche de son côté le directeur adjoint Marc Ginguené, en poste depuis quatre mois (et sans pause depuis dix-neuf jours). Dans cette prison hors norme sont emprisonnés 86 détenus pour 204 places et 228 surveillants. Un luxe à  Mathieu Delahousse et Barbara Krief "}