{"title": "la mère d'un djihadiste français condamnée à deux ans de prison pour \"financement du terrorisme\"", "newspaper": "NouvelObservateur", "author": ["L'Obs"], "date_publi": "2017-09-28", "theme": "Justice", "content": "Deux ans de prison ferme. Le tribunal correctionnel de Paris a condamné ce jeudi 28 septembre la mère d'un jeune djihadiste français mort en Syrie à deux ans de prison ferme, pour \"financement du terrorisme\". Conseillère commerciale en Alsace, Nathalie Haddadi était accusée d'avoir financé le dessein djihadiste de son fils, en lui envoyant de l'argent, ce dont elle se défend. Le tribunal correctionnel n'a en revanche pas ordonné l'incarcération immédiate de Nathalie Haddadi, comme l'avait requis le procureur lors de l'audience. Cette peine est donc éventuellement aménageable.  Cette femme de 43 ans, qui était jusque-là placée sous contrôle judiciaire, entend faire appel, selon avocat, Me Hervé Denis.\n\"J'ai du mal à croire qu'on m'associe au financement du terrorisme. J'ai aidé mon fils\" notamment pour \"manger\", \"je n'ai jamais envoyé d'argent en Syrie ou en Turquie\", avait déclaré Nathalie Haddadi, \"très inquiète\" à son arrivée.\n Lors de l'audience, qui s'était déroulée jusqu'à 4 heures du matin le 5 septembre dans une atmosphère délétère, le procureur avait requis une peine sévère à l'encontre de Nathalie Haddadi : dix-huit mois d'emprisonnement assortis, donc, d'un mandat de dépôt, c'est-à-dire avec incarcération immédiate. Si ce type de procès est rare, \"ce n'est pas la première fois\" qu'un parent de djihadiste comparaît pour financement du terrorisme, avait précisé le représentant de l'accusation. Concrètement, Nathalie Haddadi est accusée d'avoir payé des billets d'avion pour l'Algérie à son fils Belabbas Bounaga, qui y avait rejoint son père début novembre 2015. Il était alors visé par une interdiction de sortie du territoire français à l'issue d'une peine d'emprisonnement. Il lui est aussi reproché d'avoir caché le passeport de son fils aux autorités et, surtout, de lui avoir ensuite payé d'autres billets d'avion et fait parvenir de l'argent alors qu'il voyageait en Malaisie. De Malaisie, il avait fini par rejoindre l'organisation Etat islamique en Syrie. En août 2016, elle avait reçu un appel lui annonçant sa mort, à 21 ans.  Devant la presse, cette musulmane non pratiquante, cheveux bruns et escarpins, avait dénoncé \"une double peine\", la perte d'un fils et ce procès. Quand cet enfant délinquant, radicalisé derrière les barreaux, était sorti de prison en juillet 2015, \"j'avais peur\" qu'il aille en Syrie, avait-elle expliqué à la barre. Elle a raconté l'avoir envoyé chez son père pour \"le sauver\" puis lui avoir adressé 2.800 euros, notamment pour l'aider après une agression en Malaisie, mais a affirmé n'avoir à \"aucun moment\" envoyé d'argent en Syrie ou financé son projet. Pour le procureur, qui a déploré les \"mensonges\" et revirements de Nathalie Haddadi dans ce dossier, \"elle était au courant des aspirations de son fils\" lorsqu'elle lui a envoyé l'argent, mais l'a aidé car \"tout ce qu'il faisait était nécessairement bien\". Un an d'emprisonnement, dont six mois avec sursis, avait en outre été requis à l'encontre de son fils cadet, accusé lui aussi de financement. Pour la même raison, trois ans d'emprisonnement avec mandat de dépôt ont été requis contre le meilleur ami du djihadiste. Contre Belabbas Bounaga, jugé par défaut en l'absence de certitude sur sa mort, le procureur avait demandé dix ans de prison et un mandat d'arrêt. (Avec AFP) L'Obs "}