{"title": "daech revendique l'attaque du nouvel an à istanbul, une première en turquie", "newspaper": "NouvelObservateur", "author": ["L'Obs"], "date_publi": "2017-01-02", "theme": "Terrorisme", "content": "Dans un communiqué officiel publié ce lundi 2 janvier sur les réseaux sociaux, le groupe Etat islamique revendique l'attentat qui a fait 39 morts dans la discothèque Reina, à Istanbul, lors de la nuit de samedi à dimanche. L'Etat islamique revendique l'attentat contre le club #Reina à Istanbul en #Turquie (39 morts) pic.twitter.com/CJHEYZquOR \"Dans la continuité des saintes opérations menées par l'Etat islamique contre le protecteur de la Croix, la Turquie, un soldat héroïque du califat a frappé une des discothèques les plus connues où les chrétiens célèbrent leur fête apostate\", lit-on dans le communiqué.  Quelque 600 personnes se trouvaient à l'intérieur du Reina, dimanche vers 1h15, quand un homme armé d'un fusil d'assaut s'est introduit dans l'établissement après avoir tué un policier et un civil à l'entrée. Il a ensuite tiré au hasard sur la foule, tuant au moins 39 personnes, dont 15 étrangers, et faisant 65 blessés selon un dernier bilan. Un jour et demi après la fusillade, l'homme est toujours recherché par les autorités, ayant manifestement réussi à fuir les lieux. Les médias turcs avaient dans un premier temps fait état d'\"au moins un\" tireur déguisé en père Nöel, mais cette information n'a pas été confirmée par les autorités. Sur des images de surveillance, dont des extraits ont été diffusés par les médias, il semble porter une tenue normale, mais avec un bonnet de Noël sur la tête. Il aurait de nouveau changé de vêtements après son attaque. Selon le quotidien \"Hürriyet\", la Turquie avait reçu une mise en garde des services de renseignement américains le 30 décembre à propos d'une attaque terroriste à Istanbul ou Ankara la nuit de la Saint-Sylvestre. Les autorités turques estiment que le terroriste pourrait être originaire d'Asie centrale, selon \"Hürriyet\" qui cite l'Ouzbékistan ou le Kirghizistan. Les enquêteurs estiment également possible qu'il soit lié à la cellule qui a commis le triple attentat-suicide de l'aéroport d'Istanbul qui a fait 47 morts en juin dernier. Si elle avait été imputée à Daech, l'attaque n'avait cependant pas été revendiquée par le groupe djihadiste, fidèle à sa stratégie dans le pays : en janvier 2016, l'attaque à proximité de la basilique Sainte-Sophie n'avait pas non plus été revendiquée, comme celles de Diyarbakir (juin 2015) et d'Ankara (octobre 2015). Comme le relevait Slate il y a un an, Daech semblait ne pas avoir adopté en Turquie la \"politique de communication\" dont elle use dans le reste du monde, du fait de ses liens très particuliers avec le pays, à majorité sunnite. Cette revendication tendrait donc à confirmer que le groupe terroriste \"entre dans une nouvelle phase de guerre ouverte\", où Daech se sent légitime à opérer de façon plus explicite sur le sol turc, comme le relève sur Twitter le spécialiste du proche-Orient Michael Horowitz. This confirms that we are in a new phase of \"open war\", where #ISIS feels it can operate more \"openly\" on Turkish soil T.V. ? L'Obs "}