{"title": "terrorisme : l'ex-interne en médecine radicalisé qui se faisait appeler \"albistouri\"", "newspaper": "NouvelObservateur", "author": ["L'Obs avec AFP"], "date_publi": "2016-12-30", "theme": "Terrorisme", "content": "Un ex-interne de l'hôpital de la Timone à Marseille, expulsé de Turquie le 25 décembre, a été mis en examen et écroué jeudi 29 décembre au soir. Il est soupçonné d'apologie du terrorisme et d'avoir voulu se rendre dans la zone irako-syrienne. Amine L., 29 ans, qui se faisait surnommer \"Albistouri\" ou \"Elbistouri\" sur internet, a été mis en examen pour \"association de malfaiteurs en relation avec une entreprise terroriste criminelle\" et placé en détention provisoire conformément aux réquisitions du parquet de Paris. Il avait été présenté à un juge antiterroriste jeudi dans la journée après avoir passé quatre jours en garde à vue dans les locaux de la Sous-direction antiterroriste (SDAT), à Levallois-Perret (Hauts-de-Seine).  L'ancien interne, qui travaillait depuis trois ans dans les services hospitaliers marseillais et avait effectué un stage en orthopédie à La Timone de mars à octobre, s'est radicalisé au contact de certains membres de la mouvance radicale, précise une source proche de l'enquête. \n\"Sa famille dit qu'il s'est fait retourner le cerveau par des mecs à Marseille, mais pour l'heure rien ne le prouve. Tout comme le fait que ses proches assurent qu'il avait un contact en Syrie...\", explique une source proche de l'enquête à \"la Provence\".\n Le jeune homme, qui vivait dans une chambre de la résidence des internes de La Timone, consultait régulièrement des sites djihadistes, des vidéos de décapitations, et menaçait sur Twitter de commettre des attentats. Ce qui lui avait valu d'être signalé à plusieurs reprises en 2015 aux autorités par des internautes sur la plateforme Pharos, mise en place pour dénoncer des contenus illicites sur les réseaux sociaux. D'après \"la Provence\", il devait entamer le 1er novembre un nouvel internat de six mois, toujours à La Timone. Mais ne s'y est jamais présenté. Et pour cause : il s'est rendu en Turquie en octobre, \"sous couvert d'une mission humanitaire\", selon un enquêteur cité par le journal. \"Il est revenu quelque temps, sans forcément passer par Marseille d'ailleurs, mais a fini par retourner là-bas\", où il a été interpellé quelques jours avant Noël. Les enquêteurs pensent qu'il souhaitait rejoindre la zone de combat irako-syrienne. Amine L. avait été fiché S. Le 25 décembre, il a été cueilli à la descente de l'avion par les enquêteurs de la sous-direction antiterroriste (SDAT). Selon \"La Provence\", décrit par ses collègues comme \"intelligent, passionné et professionnel\", mais \"solitaire\", Amine L. est pour l'instant resté silencieux. L'Obs avec AFP Journaliste "}