{"title": "carlos, le terroriste sanguinaire qui a perdu de sa superbe", "newspaper": "NouvelObservateur", "author": ["L'Obs"], "date_publi": "2017-03-13", "theme": "Justice", "content": "Ennemi public numéro un des gouvernements occidentaux dans les années 1970-1980, le Vénézuelien Ilich Ramirez Sanchez, alias Carlos, est emprisonné en France depuis 1994. Déjà condamné deux fois à la réclusion à perpétuité, il comparaît ce lundi devant une cour d’assises spéciale pour l’attentat du Drugstore Saint-Germain perpétré en 1974, qui avait fait deux morts et une dizaine de blessés. Un procès de trois semaines qui rouvre une page d’histoire, celle des \"années de plomb\", quand l’Europe était la cible d’attaques anti-impérialistes menées au nom de la cause palestinienne. Mais qui est \"El Chacal\", cet admirateur de Che Guevara, grand séducteur et théoricien fou de la révolution qui travaillait pour les pays de l’Est, les Palestiniens, les Syriens en organisant des attentats qui ont fait plus de 80 victimes ? Plongée dans les archives de \"l’Obs\"…  Par Serge Raffy\n     Carlos lors de son arrestation, à Khartoum, en 1994. Il a toujours sa fine moustache de danseur de tango. Ses sourcils épais et ombrageux. Et pourtant, on le reconnaît à peine. Ilich n'est plus le même homme. Il a pris de la bedaine, sa démarche s'est alourdie. A 44 ans, Ilich Ramirez Sanchez n'est plus que l'ombre de Carlos. Rappelez-vous cette image folle : à Alger, le 31 décembre 1975, sur une piste d'aéroport, un homme en béret noir, portant une drôle de barbichette, en veste de cuir, discute tranquillement avec des hommes des services secrets algériens. Il vient de tuer trois hommes et de prendre en otages dix ministres de l'Opep. Que fait-il ? Il négocie son départ pour Alger. Carlos à cette époque était au sommet de sa gloire. Quelques mois auparavant, en juin, il avait tué deux policiers de la DST en plein Paris. Carlos croyait alors qu'on pouvait changer le monde avec des bâtons de dynamite et des cercueils. Aujourd'hui, Ilich a des allures de terroriste à la retraite. Il est marié et a une petite fille, Rosa. Carlos le tueur est devenu un père de famille sans domicile fixe. Ce mardi 16 août, le juge Jean-Louis Bruguière est tout excité. Il mâchonne sa pipe avec un rare plaisir. Certes, l'homme qui lui fait face n'a pas grand-chose à voir avec l'image qu'il avait de lui. Mais c'est bien lui, Carlos la légende, Carlos le pistolero psychopathe, mercenaire de toutes les causes anti-impérialistes, traqué par toutes les polices occidentales, pourchassé depuis plus de 20 ans. Pour la France seule, Carlos est soupçonné d'être impliqué dans des attentats qui ont causé la mort de 15 personnes et qui ont fait près de 200 blessés. Attentats du Drugstore Saint-Germain et de la rue Marbeuf, à Paris. Attentat dans le train le Capitole. Attentat à la gare Saint-Charles à Marseille. C'est en enquêtant sur ces affaires que le juge Bruguière a retrouvé la trace de Carlos l'insaisissable. Le magistrat, vieux routier des dossiers de terrorisme, est un tenace. Depuis qu'il a enquêté sur Action directe, en France, et sur la Fraction Armée rouge, en Allemagne, il sait que ces groupes sont manipulés par certains services des pays de l'Est. L'argent, la logistique viennent souvent de Prague, Budapest ou Moscou. C'est à Budapest que le magistrat français va faire sa plus belle moisson. Depuis la chute du mur de Berlin, les archives des anciens pays communistes dévoilent leurs secrets. Ainsi Jean-Louis Bruguière découvre que Carlos, au cours des années 1980, utilisait la Hongrie comme base de repli, mais surtout qu'il entretenait des relations étroites et directes avec le chef des services secrets hongrois, Andreas Petresevics. Fin 1980, quelque part à Budapest. Une caméra cachée filme l'entretien clandestin entre Carlos et Andreas Petresevics. Carlos est nerveux. Comme toujours quand il est inquiet, il se mord la lèvre inférieure, se retourne sans arrêt, fourre ses mains dans ses poches. Il vient d'apprendre une sale nouvelle : les Hongrois lui demandent de déménager. Face à lui, Petresevics joue les diplomates : Le ton est ferme mais courtois. Le chef du contre-espionnage parle à Ilich comme à un chef d'Etat. Agacé, le terroriste lâche, en russe : \"Vous êtes en train de céder aux impérialistes. Nous avions des accords et vous ne les respectez pas\". Petresevics : \"Nous n'avons pas de contrat écrit. Nous vous proposons un arrangement. Vous videz vos bases de Hongrie et nous continuons à vous accorder un privilège de transit...\" Carlos, de plus en plus excédé, a du mal à se contenir. Il gigote sur son siège, regarde autour de lui comme un fauve en cage. \"Les contrats écrits, moi, je ne sais pas ce que c'est. Le seul papier que je possède, c'est ça !\", explose-t-il, en espagnol. Et, de sa main gauche, il soulève son veston et montre l'arme qu'il garde toujours sur lui. Cet entretien filmé, le juge Bruguière l'a vu et revu. Scène incroyable où l'on voit un tueur professionnel parler sans ménagement à un chef espion. Au cours de ses voyages sur les bords du Danube, Jean-Louis Bruguière a aussi obtenu de la justice hongroise une biographie détaillée du soldat Carlos.  Né en 1949 dans une riche famille de Caracas, il est le fils d'un avocat millionnaire et... marxiste orthodoxe. Le docteur Ramirez a trois fils. Il leur donne pour prénom Vladimir, Ilich et Lénine. Ilich Ramirez Sanchez mène une vie de gosse de riche entre Caracas, Mexico et les Caraïbes. Son père l'initie à l'histoire de l'Amérique latine. Ses héros sont Simon Bolivar, Zapata et les pistoleros de toutes les révolutions. A ses copains de lycée il répète : \"Seules les balles ont un sens.\" Il est fasciné par Fidel Castro et Che Guevara. Il rêve de guérilla et de maquis. Il aime les armes et la salsa. Son père, qui veut faire de lui un garçon bien élevé, l'envoie à Londres pour apprendre le bon goût et le raffinement. Mais Ilich, avec un prénom pareil, ne peut se contenter de futiles réceptions dans les ambassades londoniennes. Il veut être un vrai révolutionnaire. Il décide de suivre des cours de russe avec une vieille émigrée, Alexia Hachel. En 1969, Ilich réalise son rêve. Il part pour l'université Patrice-Lumumba, à Moscou. L'adepte des révolutions chaudes découvre le socialisme de glace. Ilich Ramirez à Moscou, c'est Zapata dans un sovkhoze de Sibérie. \"Viva la muerte\" au pays des bouleaux. C'est sans doute dans ces deux années moscovites que se trouve la clé de l'énigme Carlos. Le juge Bruguière en est persuadé, comme beaucoup d'autres spécialistes du terrorisme. Pendant deux ans, le jeune Vénézuélien venu de Londres est un étudiant plus que médiocre. Il fait la noce dans les restaurants de la rue Gorki, court les filles, provoque quelques bagarres, et disparaît pendant sept mois. Ses camarades d'alors se souviennent de ses longues absences. Où était Carlos ? Dans un centre de formation du KGB ? Aujourd'hui, on en est convaincu, à cause de la cassette vidéo hongroise où Carlos parle au chef des services secrets, en russe, comme à un agent traitant. L'homme au béret noir, alias Adolfo José Muller, alias Charles Clarke, alias Glenn H. Gebhard, alias Carlos Andres Martinez-Torres, simple jouet des hommes gris de la Place-Djerzinski. Quelques jours après son exclusion retentissante, Ilich Ramirez part dans un camp d'entraînement du FPLP (Front populaire de Libération de la Palestine), en Jordanie. Visiblement Georges Habache, patron de l'organisation terroriste palestinienne, alors totalement parrainée par Moscou, n'a pas tenu compte des mauvais points donnés par les Russes à ce turbulent Sud-Américain... Au contraire. Au cours de l'été 1970, Carlos apparaît comme un élève modèle. Il s'initie au maniement des armes. Kalachnikovs, sable chaud et peur au ventre. Au milieu des fedayins, Carlos se sent bien. La révolution est là, entre les monts du Yémen et les rives du Jourdain. C'est là, dans les camps du désert, qu'il rencontre la plupart des terroristes allemands. C'est là que naît le système Carlos. Celui que le juge Bruguière veut comprendre. Un système de troc entre VRP du terrorisme. Exemple ? Carlos et Ulrike Meinhof s'échangent des armes contre des passeports allemands. L'internationale du terrorisme existe bel et bien. Au coeur de la nébuleuse, il y a un pigeon voyageur qui s'appelle Carlos. On le retrouve partout. Pas seulement dans les attentats qu'il a officiellement revendiqués. Il prétend avoir causé la mort de 83 personnes ? Il a soutenu, logistiquement ou financièrement, bien d'autres entreprises de mort. Dans son bureau de la galerie Saint-Eloi, au Palais de Justice de Paris, le juge Bruguière, ancien rugbyman, pilote à ses heures perdues, s'interroge. Comment a bien pu fonctionner la machine Carlos pendant tant d'années ? Pour répondre à cette question il a un témoignage capital. Celui de Hans Joachim Klein, membre du commando Carlos à Vienne contre les ministres de l'Opep. Le jeune homme, membre de la Rote Armee Fraktion, engagé par le Vénézuélien dans cette équipée sanglante, aujourd'hui sorti de cette \"sale guerre\", se souvient : \"Au départ, je l'avais pris pour un mafieux. [...] Une fois que j'eus fait sa connaissance d'un peu plus près, c'était quasiment un James Bond. [...] J'étais fasciné par lui. Il parlait six langues couramment et se débrouillait dans quelques autres choses...\" Carlos avait plusieurs passions : les femmes, les explosifs, l'alcool et les récits de la Seconde Guerre mondiale. Ainsi, en 1975, au cours de la prise d'otages de Vienne, alors qu'il est encerclé par des dizaines de tireurs d'élite, il palabre avec un otage, Eric Hinterecker. Celui-ci, chauffeur de l'Opep, est un \"rescapé\" de la guerre de 1939-45. Membre d'un sous-marin touché au combat, Hinterecker réussit à remonter à la surface avec un appareil respiratoire. Mitraillé par les marins du croiseur qui l'avaient coulé, touché au ventre, il est finalement repêché. Au cours de la prise d'otages, Carlos ne se lasse pas de discuter avec ce \"héros\" et lui témoigne le plus grand respect. Il lui dit : \"Moi, je suis un soldat et je vis sous la tente.\" Carlos voulait ressembler à son idole, Che Guevara, assassiné dans la sierra bolivienne. Il n'aura été qu'un James Bond meurtrier, vivant dans la clandestinité. Depuis la chute du mur de Berlin, ses \"parrains\" l'ont lâché. Mais peut-on abandonner un agent si encombrant? Depuis 1990, il vivait en Syrie, avec sa femme Magdalena Kopp et leur fille Rosa, âgée de 8 ans, dans un quartier résidentiel, le quartier Mezzeh, où habitent de nombreux membres de la nomenklatura syrienne. Etait-il encore opérationnel ? Ou bien vivait-il comme un petit retraité en mal d'employeurs ? Selon les services qui ont suivi de près les traces du terroriste le plus connu de la planète, en particulier les Palestiniens, Carlos s'ennuyait ferme à Damas et buvait beaucoup. Il avait un faible de plus en plus prononcé pour le Johnnie Walker black label. Depuis deux ans, il était devenu un fardeau pour ses pays d'accueil. Ballotté entre la Syrie, l'Irak, la Libye et le Yémen, Carlos devenait de plus en plus indésirable. Carlos la légende n'était plus qu'un homme en sursis. Au cours d'un de ses derniers voyages, il se faisait appeler Abdurado al-Mohammad. Un pseudonyme islamique. Carlos, soldat perdu de la cause marxiste, était-il à la recherche de nouveaux patrons, quelque part du côté de Téhéran ou de Khartoum ? C'est l'une des énigmes que le juge Bruguière tentera d'élucider. Mais Ilich Ramirez Sanchez, alias al-Mohammad, ne l'y aidera sans doute pas. Par Marie-France Etchegoin                              Me Vergès, avocat de Carlos en 1996. Désormais dans sa geôle de la Santé, Carlos n'a plus que le temps à tuer. Alors l'ex-ennemi numéro 1 potasse les manuels de droit. Il fait des guerres de procédure. Récemment, par exemple, il y eut \"l'affaire du gnou\". Une sombre histoire. L'an dernier, Carlos avait traité un surveillant d'\"espèce de gnou\". Sanction : dix jours de mitard. Avec sursis. Mais, en novembre, Carlos a tout de même porté le contentieux devant le tribunal administratif de Paris. \"Selon le Petit Larousse, a plaidé Carlos, le gnou est 'une antilope d'Afrique, à tête épaisse et à cornes recourbées, pourvue d'une crinière et d'une barbe'.\" Ainsi, ce sympathique animal \" parfaitement inconnu des Européens est insusceptible de blesser l'amour-propre d'une personne\". D'ailleurs \"le \"Livre des jurons et des gros mots\" ne mentionne pas ce qualificatif\". En conséquence, le détenu réclame 10.000 francs de dommages et intérêts à l'administration pénitentaire. Ex-fan des seventies, où sont tes années folles ? Cet homme, qui se dispute avec ses surveillants comme à la récré, fut pendant 20 ans le poseur de bombes le plus redouté du monde. [...] Lors de son arrestation au Soudan en août 1994, on a découvert que le tueur romantique avait changé. Le Fantômas à la dégaine de pistolero s'était mué en quinquagénaire empâté. Le \"combattant\" qui avait fait rêver un temps quelques générations de gauchistes était devenu un mercenaire, un homme d'affaires et un trafiquant d'armes. On a constaté qu'il avait bradé les illusions castristes, dévoyé la cause palestinienne, fricoté avec le banquier nazi François Genoud. Qu'il portait des costumes de VRP et des pochettes de soie. Aujourd'hui, dans sa prison, il dépense des fortunes en frais de teinturerie. A l'isolement depuis plus de trois ans, il n'a droit qu'à une promenade par jour dans une cour minuscule en forme de part de camembert. Il n'a pas été autorisé à prendre des cours de français. Pour tromper son ennui de retraité, il s'est abonné à 150 revues françaises ou étrangères. Et il attend avec impatience ses rendez-vous avec le juge Bruguière. \"Ces auditions sont souvent surréalistes\", raconte un avocat. Quand le juge pose une question précise, Carlos rétorque : \"Je ne suis pas habilité à répondre à cette question. Adressez-vous au représentant du FPLP en France.\" Et puis, hors procès-verbal, l'interrogatoire se transforme en conversation de salon. Carlos refait le monde, parle géostratégie, raconte avec nostalgie ses aventures amoureuses...\" Dans les couloirs du palais, il badine avec les gendarmes (\"Nous aussi au Liban on avait des fusils d'assaut\"). Il drague les greffières. Ou les avocates. Un jour, au parloir, on retrouva l'une d'elles sur ses genoux.  De manière générale, Carlos s'amuse beaucoup avec ses avocats (qu'il traite dans l'un de ses courriers de \"porte-serviette\"). Il en a usé plusieurs dizaines. Puis les a licenciés sans ménagement, les traitant publiquement d'\"agents à la solde de la DST\" ou d'escrocs. Aux dernières nouvelles, Jacques Vergès, qui fut l'un de ses premiers défenseurs, serait toujours en disgrâce. Les deux hommes avaient pourtant l'air de s'entendre comme larrons en foire. Vergès donnait du \"Don Carlos\" à son client. Et le terroriste disait en rigolant au juge Bruguière : \"Vous devriez vous intéresser aux crimes commis par mon avocat avec son camarade Pol Pot !\"Quelque temps après, des documents de la Stasi publiés dans la presse révélaient que Jacques Vergès entretenait depuis longtemps des relations suivies avec le groupe Carlos. Qu'il avait même servi de petit télégraphiste pour des tentatives de tractations avec le gouvernement français. L'affaire Carlos devenait une affaire Vergès. Aux yeux de Carlos, l'avocat était \"plombé\". Car visiblement, pour se défendre, Carlos ne mise pas sur la \"stratégie de rupture\" chère à Vergès. Il ne veut pas d'esbroufe, pas de provocation, pas de coups tordus. Il veut du concret, du Code pénal et de l'alinéa bis. En septembre dernier, il a envoyé une longue missive au président de la cour d'assises de Paris, Yves Corneloup, pour protester contre les \"graves manquements de la procédure\", les \"atrabilaires procès-verbaux\", la \"partialité débridée des séances d'interrogatoire\". Carlos, qui se prétend toujours \"militant révolutionnaire dédié à la plus noble des causes, la libération de la Palestine dans le cadre de la révolution mondiale\", pinaille, tergiverse, refuse d'assumer même les actes qu'il revendiquait sans états d'âme. Autrefois. Le 12 décembre, il comparaîtra pour une seule affaire (les autres sont encore à l'instruction), déjà jugée par contumace en 1992. Un triple assassinat qui remonte à plus de 20 ans, au 27 juin 1975 exactement. A cette époque, Carlos n'est pas encore une vedette du terrorisme international (la prise en otages des ministres de l'Opep aura lieu quelques mois plus tard). Mais il est déjà recherché. Il vit à Paris chez une amie étudiante latino-américaine, rue Toullier. Trois policiers de la DST, accompagnés d'un informateur, Michel Moukharbal (un ancien complice de Carlos), se rendent dans la planque du terroriste. Carlos a raconté lui-même la suite de l'histoire dans une interview au journal arabe \"el Watan\", en 1979 : \"J'abattis les trois policiers [l'un d'eux sera seulement blessé, NDLR], les touchant tous à la tête. Il ne restait plus que Michel. Il s'approcha de moi, les mains sur les yeux. Il connaissait les règles du jeu : un traître est condamné à mourir. Je tirai dans ses yeux, il tomba sur le sol, je tirai encore une fois dans la tempe.\" Aujourd'hui, Carlos affirme que cette interview est un faux. Qu'il n'était pas rue Toullier ce jour-là. Que cette fusillade est une opération montée par les services spéciaux français et le Mossad. \"On poursuit Carlos sur un dossier incomplet et manipulé, dit son avocate Isabelle Coutant-Peyre. Nous n'accepterons pas un procès tronqué\". Carlos espère un supplément d'information sur un dossier où tout l'accuse. Une manière de poursuivre sa cavale. \"Ce procès symbolise justement la fin de l'impunité\", dit Francis Szpiner, partie civile et avocat de SOS-Attentats. \"Pendant trop longtemps, il y a eu une sorte de fatalisme face au terrorisme. Ce procès sera aussi celui de la démystification. La fin d'une légende romantique. Le dévoilement d'une réalité sordide et du cynisme des tueurs.\" Sous les pavés de la révolution mondiale, le \"jet terrorisme\", les palaces et le luxe. Les plaisirs de la vie auxquels Carlos s'accroche encore aujourd'hui derrière les barreaux. \"C'est un latino, un jouisseur\", plaide l'un de ses avocats, Eric Pariente. \"Il a la passion des marques\", confie l'un de ses amis, qui court dans tout Paris pour lui rapporter le bon café (\"Après de multiples essais, il s'est arrêté sur le Cap Colombie\"), les cigares idoines (cohibas), les chemises convoitées (Lacoste).  Carlos a toujours eu un pied dans le luxe et un autre dans la révolution. [...] \"C'était un viveur, claquant beaucoup d'argent\", raconte Hans-Joachim Klein, un activiste allemand aujourd'hui repenti et qui fréquenta Carlos dans un camp d'entraînement au Yémen. \"Il était très soucieux de son aspect physique. Il allait chez le pédicure, le manucure. S'achetait des vêtements dernier cri. Quand il entrait dans la salle de bains, ça durait des heures, il se poudrait comme LouisXIV, et quand il en sortait, il était parfumé à faire tomber les mouches du plafond. Un jour, Wadi Haddad [l'un des chefs du FPLP, NDLR] lui a conseillé d'aller en Suisse pour se faire changer le visage. Mais lui, la seule chose qui l'intéressait, c'était d'avoir l'adresse pour s'y faire opérer les seins, qu'il trouvait trop gros\". Cette coquetterie et aussi son tempérament de noceur ont peut-être contribué à sa perte. Quand il est arrêté à Khartoum, il vient d'être admis à l'hôpital. \"Pour une liposuccion destinée à éliminer un excès de graisse à la taille\", a affirmé un médecin soudanais. \"Je me suis fait opérer d'un varicocèle [opération du testicule, NDLR]\", a rectifié, ulcéré, l'intéressé depuis sa prison. Quoi qu'il en soit, Carlos, bien que converti à l'islam pour épouser sa seconde femme, une jeune Jordanienne, mène à Khartoum une vie de patachon dans les clubs occidentaux où l'alcool coule à flots. Et il a oublié les règles les plus élémentaires de la clandestinité. Son instinct d'homme traqué s'est émoussé. Sans doute parce qu'à Khartoum, où il s'est réfugié en 1993, il est quasiment au chômage depuis plus de dix ans. Avec la chute du mur de Berlin et le processus de paix au Proche-Orient, il a perdu la plupart de ses soutiens, essentiellement les anciens régimes du bloc soviétique. Mais aussi ses protecteurs arabes, qui l'ont lâché les uns après les autres. Même la Syrie et la Libye l'ont mis à la porte. Au début des années 1990, le terroriste est devenu un colis encombrant, que l'on se refile de capitale en capitale. De Damas à Tripoli, de Tripoli à Aden. Seul le Soudan, qui n'en est pas à ça près, acceptera de lui faire une petite place parmi tous les groupes islamistes qu'il héberge chez lui. Puis il finira par le livrer à la France pour redorer, à peu de frais, son image dans la communauté internationale. Carlos est une monnaie d'échange dévaluée, un homme du passé qui n'a même pas réussi à trouver un petit boulot dans un secteur qui reste pourtant florissant. Carlos est un terroriste abandonné. A-t-on entendu ses anciens amis protester lors de sa capture ? A-t-on vu un groupuscule menacer la France de représailles ? Même sa première femme, l'Allemande Magdalena Kopp, ne lui a pas donné signe de vie. Au moment du procès de l'ancienne terroriste de la Fraction Armée rouge, à Paris en 1982, Carlos avait pourtant exigé sa libération à coups de bombes. Parfois, lors de ses interrogatoires, Ilich Ramirez Sanchez retrouve pourtant les accents d'autrefois : \"Je pourrais engloutir dans les sables du désert certains régimes du Proche-Orient. Et aussi les anciens pays communistes.\" Mais les secrets qu'il prétend détenir intéressent surtout les historiens. Les archives de la Stasi et d'autres services secrets de l'Est ont déjà parlé. Que reste-t-il aujourd'hui à Carlos, hormis la certitude de finir ses jours dans une prison française ? L'espoir ténu d'être un jour expulsé vers le Venezuela, le seul pays où celui qu'on appelle \"El Chacal\" compte quelques admirateurs. Et puis aussi la satisfaction de constater que, quand il est extrait de sa cellule pour aller au palais de justice, il y a encore des tireurs d'élite sur les toits. Par Olivier Toscer                    Carlos, dans un fourgon de police, lors d'un transfert. Action, réaction ! Mardi 18 octobre à 8h35, l'animateur Nikos Aliagas, qui interviewe chaque matin \"une personnalité des arts et du spectacle\" (sic) sur Europe 1, diffuse un entretien clandestin d'un détenu pas comme les autres : Ilich Ramírez Sánchez, plus connu sous le nom de \"Carlos, le Chacal\". Le sexagénaire est l'une des dernières légendes vivantes du terrorisme international. Une demi-heure plus tard, à 9h10 tapantes, au quartier VIP de la Santé, Carlos est prié de rassembler quelques affaires. Et de descendre au quartier d'isolement. Son dernier \"crime\" aux yeux de l'administration pénitentiaire ? Avoir évoqué sur les ondes le nom de son nouveau camarade de cellule, l'ancien dictateur panaméen Manuel Noriega, 77 ans, condamné à Paris pour blanchiment provenant d'un trafic de drogue. \"Il convient, estime la directrice de la Santé, Sylvie Manaud-Bénazéraf, qui a prononcé la sanction disciplinaire, d'éviter tout contact avec le reste de la population pénale qui peut constituer un relais de sa volonté manifeste de violer la réglementation applicable en communiquant illégalement avec la presse.\" Verdict : trois mois à l'isolement. Un régime carcéral que Carlos connaît bien pour y avoir été assujetti les huit premières années de sa détention en France après sa capture au Soudan en 1994. Seulement, cette fois-ci, Carlos n'est pas prêt à accepter son sort. Il rue dans les brancards. \"La façon dont on le traite est répugnante, s'échauffe Me Francis Vuillemin, l'un de ses deux avocats. Tout est fait pour le détruire physiquement et mentalement avant son procès. A-t-on peur, en haut lieu, qu'il puisse se défendre ? Veut-on l'empêcher d'assister à son procès ?\" La sanction a finalement été levée dix jours plus tard. Ses avocats dénoncent une série d'atteintes aux droits de la défense. Carlos a bien récupéré les deux DVD de son dossier fleuve de 100.000 pages d'instruction ainsi que son ordinateur, mais avec trois mois de retard. Le vieux terroriste est donc reparti en guerre. Avec les moyens du bord. Détenu, le tueur déterminé de la rue Toullier en 1975 (deux policiers de la DST et leur indic sur le carreau), l'implacable preneur d'otages du siège de l'Opep à Vienne la même année, s'est résolu, malgré son diabète, à entamer une grève de la faim qu'il vient d'interrompre. Il a retrouvé les petites douceurs qui aident à supporter la vie de prisonnier : sa bouilloire électrique, son coupe-ongles, sa couette antiallergique et ses précieux foulards de soie. \"Je suis un garçon délicat\", a-t-il insisté lors de la dernière audience disciplinaire. Eternel provocateur, celui qui se vit en \" révolutionnaire perpétuel\" refuse de se laisser abattre, malgré la rareté des visites. Son père est décédé et son frère Lenin ainsi que sa mère Elba, sous le coup d'un mandat d'arrêt délivré par le juge Bruguière aujourd'hui retraité, ne peuvent voyager. Les parloirs se résument donc aux entretiens avec ses avocats et avec un curieux visiteur de prison, le très traditionaliste révérend père Michel Lelong, le dernier aumônier de Maurice Papon. Les émissaires de l'ambassade du Venezuela, son pays d'origine, se font, eux, de plus en plus discrets. Et de moins en moins généreux. L'argent n'arrive plus. \"La faute à des détournements d'employés d'ambassade corrompus\", assure Carlos. Ainsi qu'au nouveau cours politique en vigueur à Caracas, depuis que Hugo Chávez est rentré de ses séances de chimiothérapie à Cuba, moins kaki et moins rouge qu'avant. Le manque de fonds mine le dandy terroriste. Pas seulement parce qu'il est privé des havanes que l'ambassade avait l'habitude de lui faire livrer en prison. Carlos n'a plus les moyens d'assumer royalement les frais de sa défense. Et ses espoirs d'être transféré au pays s'amenuisent.  En 2002, lors d'une visite officielle à Paris, Chávez avait discrètement obtenu de Jacques Chirac l'assouplissement de ses conditions drastiques de détention, car la pénitentiaire l'avait transféré à la centrale de Saint-Maur (Indre), réservée aux criminels les plus endurcis. \"Que des dingues et des psychopathes\", se plaignait-il alors. Ce sera ensuite Clairvaux, dans l'Aube. Mais la prison, trop éloignée de Paris, rend malcommodes les visites de ses avocats. Dont celles de Me Isabelle Coutant-Peyre, avec qui il s'est marié religieusement, faute d'être civilement libre, le divorce avec son épouse et ex-complice allemande Magdalena Kopp n'ayant jamais été prononcé. Pour forcer la main de l'administration, Carlos intime à ses proches la grève des parloirs. Il a gain de cause et est rapatrié en région parisienne, à Poissy, il y a deux ans et demi. Mais pas question d'un retour à Caracas tant que la justice française n'en n'aura pas fini avec lui. Justement, elle s'ingénie à faire traîner en longueur l'instruction du dernier dossier le concernant, celui de l'attentat du Drugstore Saint- Germain, perpétré en... 1974.  Fin septembre, Carlos a donc regagné la prison de la Santé, à Paris, pour se rapprocher de la cour d'assises. Depuis, il donne des signes de fébrilité. Bien sûr, il s'est rapidement fait quelques amis au quartier VIP Noriega, avec lequel il a plaisir à parler espagnol. Mais également Dominique Gevrey, l'ancien directeur de la sécurité de Renault soupçonné d'escroquerie aux renseignements, ou le vicomte Amaury d'Harcourt, condamné pour complicité de meurtre dans l'affaire Bissonnet. Il leur prête des livres. Avec les surveillants, les relations sont beaucoup plus tendues. La dizaine de palpations de sécurité quotidiennes l'irrite. \"Tu vas téléphoner, on te tripote ; tu vas à la douche, on te tripote ; tu sors de la douche où tu étais tout seul, on te tripote. Tu es tout le temps tripoté\", se plaint-il. \"Mon client est un détenu digne mais pas un détenu modèle parce que très sourcilleux sur le respect de ses droits\", traduit Me Vuillemin. Un jour, il s'emporte contre une surveillante ayant un piercing sur la langue. \"Des trucs de lesbienne\", tranche-t-il. \"Propos à caractère homophobe\", note un agent dans un compte rendu d'incident. Une autre fois, bousculé par un surveillant, il prend à témoin ses collègues antillais. \"Propos à connotation raciste\", relève l'administration. Carlos s'étrangle : \"Moi, raciste ? un commandant fedayin, héros reconnu de la cause sacrée arabe, la libération de la Palestine ?\" Aux assises, les débats s'annoncent mouvementés. L'Obs "}