{"title": "dalia, lukasz, fabrizia... qui sont les victimes de l'attentat de berlin ?", "newspaper": "NouvelObservateur", "author": ["L'Obs"], "date_publi": "2016-12-24", "theme": "Terrorisme", "content": "Cinq jours après l'attaque meurtrière qui a fait 12 morts et 48 blessés sur un marché de Noël berlinois, des premières informations sur l'identité des victimes commencent à être dévoilées.  Sur les quatre premières victimes identifiées de ce drame, trois sont étrangères. Lukasz U., est un Polonais âgé de 37 ans. Il était le chauffeur d'origine du camion qui a servi à l'attaque.   Passager au moment du drame, il porte sur son corps des traces de luttes et de blessures. L'autopsie indique qu'il s'est opposé à cet attentat jusqu'à la dernière minute. Il a été tué par balle. Le camion appartenait à la société de transport de son cousin, Ariel Zurawski, qui a reçu de nombreux messages de soutien sur Facebook. \n  \"Nous avons reçu près de 1.200 messages et plus de 7.000 commentaires de soutien et de condoléances. Merci pour ces belles initiatives\", écrit Ariel Zurawski. Son cousin était marié et était père d'un garçon de 17 ans.  Trois autres femmes ont été identifiées. Dalia E. est une touriste israélienne de 60 ans. Elle était accompagnée de son mari, qui se trouve pour sa part à l'hopital, plongé dans un coma artificiel. Elle a été enterrée ce vendredi en Israël.  #Act - Berlin: le #Corps de Dalia Elyakim ... - https://t.co/v6gTHPn8IK#Blog_Feminin #Blog_Feminin_Juif #Feminin_Israël pic.twitter.com/zju7teWV24 Selon son frère qui a fait le voyage jusqu'à Berlin pour identifier sa dépouille, Dalia était une personne joyeuse qui \"ne s'arrêtait jamais, prévoyait toujours de nouveaux voyages\". \"Elle aimait l'atmosphère des marchés de Noël et était déjà allée à la Fête de la bière à Munich\", indique-t-il.  Fabrizia D., 31 ans, est une Italienne qui résidait à Berlin. Elle avait décidé de s'y installer après un séjour Erasmus effectué en 2007, et y travaillait en tant qu'employée dans une entreprise de transports. C'est grace à son portefeuille et son téléphone portable que la police est parvenue à l'identifier sur les lieux du drame.  Fabrizia Di Lorenzo, la ragazza italiana morta durante l'attentato a Berlino.R.I.P. Fabrizia pic.twitter.com/nfZKpuykeC Selon Le Figaro, Nada C., tchèque, fait aussi partie des victimes.  6 Allemands font partie des victimes. Leur identité précise n'a pas été révélée par la presse d'outre-Rhin, mais le parquet général de Karlsruhe a précisé que deux d'entre elles proviennent du Land de Brandenbourg, très près de Berlin. L'une avait 32 ans. La seconde en avait 53. On ne sait pas encore qui sont les quatre autres Allemands identifiés. Deux victimes ne sont à l'heure actuelle toujours pas identifiées. Selon \"Le Monde\", qui a pu joindre le service des affaires de santé de Berlin, 12 blessés graves se trouvent encore en soins intensifs.  C.C.  L'Obs "}