{"title": "attentat d'istanbul : flou autour de l'identité du principal suspect", "newspaper": "NouvelObservateur", "author": ["L'Obs"], "date_publi": "2017-01-03", "theme": "Monde", "content": "Le profil de l'auteur présumé de l'attentat contre une discothèque huppée d'Istanbul, toujours activement recherché, commence à se préciser ce mardi 3 janvier avec la diffusion de premières photos et d'informations selon lesquelles il aurait combattu pour l'EI en Syrie.  Après la diffusion de la copie d'un passeport par plusieurs médias turcs, le Kirghizistan a fait savoir par la voix d'un porte-parole de ses services spéciaux qu'il enquêtait sur la possible implication d'un de ses ressortissants dans l'attentat qui a fait 39 morts au Reina, et qui a été revendiquée par le groupe Etat islamique (EI). Le gouvernement turc, qui a évoqué une \"enquête difficile\", a indiqué lundi que des \"données relatives aux empreintes digitales et à l'apparence\" du tueur avaient été obtenues, sans plus de détails. Les enquêteurs estiment que le suspect est originaire d'un pays d'Asie centrale, selon \"Hürriyet\". Dans les colonnes de ce journal, un chroniqueur proche du pouvoir, Abdulkadir Selvi, affirme qu'il a combattu pour l'EI en Syrie. L'agence de presse Dogan a par ailleurs diffusé une vidéo qui montre l'assaillant présumé se filmant alors qu'il déambule, sourire en coin, sur l'emblématique place Taksim très fréquentée par les touristes. Ortaköy'deki bir gece kulübüne sald?ran teröristin, Taksim'deki Sahaflar Festivali'nde ke?if yapt??? anlara ait görüntüler ortaya ç?kt?! pic.twitter.com/o8Y7A7e8AX Un ressortissant kirghiz de 28 ans, Lakhe Machrapov, a été interpellé et interrogé à son retour de Turquie, après avoir été cité par plusieurs médias turcs comme un suspect potentiel de l'attentat. Des photos de son passeport avaient été diffusées. Rakhat Soulaïmov, porte-parole de ce service de renseignement kirghiz, a indiqué à l'AFP : Lakhe Machrapov, interrogé par AKIpress, une agence de presse kirghize, nie toute implication dans l'attaque. Il affirme s'être rendu à Istanbul le 1er janvier \"pour affaires\", et dit avoir été interrogé à l'aéroport d'Istanbul alors qu'il s'apprêtait à prendre son vol retour : Lakhe Machrapov a finalement pu embarquer. Le service de presse du ministère kirghiz des Affaires étrangères a pour sa part jugé \"improbable\" l'implication d'un citoyen kirghiz dans l'attaque. \"Selon les données préliminaires, cette information n'est pas fiable mais le ministère vérifie malgré tout\", a déclaré le ministère des Affaires étrangères à l'AFP. C.C. et A.R. avec AFP ? L'Obs "}