{"title": "attentat de londres : sur twitter, l'humour britannique lutte contre la terreur", "newspaper": "NouvelObservateur", "author": ["L'Obs"], "date_publi": "2017-06-05", "theme": "Société", "content": "Qui a revendiqué le rétrécissement des boîtes de bonbons Quality Street ? Le groupe Etat islamique. Qu'est-ce qui fait vaciller le Royaume-Uni ? Le lait versé dans la tasse avant le thé. Depuis samedi dernier, le Royaume-Uni se défoule sur les réseaux sociaux pour opposer son humour à la terreur des attentats. Déterminés à ne pas se laisser intimider, les Britanniques multiplient les hashtags pour se moquer du terrorisme djihadiste ou de la presse étrangère lorsqu'elle affirme que le pays a du mal à se relever de ces attaques à répétition. Le hashtag #IslamicStateClaims (le groupe Etat islamique revendique) réunit tous ceux qui raillent la propension, parfois contestée par les experts, du groupe djihadiste à revendiquer la plupart des attentats à travers le monde, dont les trois qui ont ensanglanté le Royaume-Uni depuis mars.  Pour se moquer de Daech, les internautes s'amusent à imaginer toutes ces autres choses que l'EI aimerait pouvoir revendiquer. De l'assassinat de l'activiste Martin Luther King à l'invention de la tondeuse pour poils de nez : \n #IslamicStateClaims they shot Martin Luther King Jnr. #islamicstateclaims that they invented nose hair trimmers #IslamicStateClaims to know KFC's secret mix of herbs and spices #l'Etatislamiquerevendique connaître le secret du mélange d'herbes et d'épices de KFC Un internaute gourmand reproche même à l'EI d'avoir fait diminuer la taille des boîtes de bonbons Quality Street au fil des décennies :  This was us. #IslamicStateClaims pic.twitter.com/6sVGjcLRTa Rayon confiseries toujours, un autre accuse le groupe terroriste d'avoir fait retirer le bonbon \"galaxy truffle\" des boîtes Celebrations :   They removed the galaxy truffle from Celebrations #IslamicStateClaims Selon un autre, c'est (encore) Daech qui a \"mangé toute les tartes\" :  #IslamicStateClaims it ate all the pies Plongé dans la pop culture grâce à l'humour britannique, c'est encore le groupe EI qui aurait poussé dans les escaliers un personnage de la série TV culte \"Coronation Street\" :  #IslamicStateClaims That they pushed Ken Barlow down the stairs. pic.twitter.com/rsCY5yG1in Et toujours lui qui aurait \"laisser sortir les chiens\", en référence à la chanson \"Who let the dogs out ?\" (qui a laissé sortir les chiens ?) des Baha Men :  Okay, okay. I need to get this off my chest: I let the dogs out. #IslamicStateClaims Un deuxième hashtag #ThingsThatLeaveBritainReeling (les choses qui font vaciller le Royaume-Uni) trouve son origine dans un article du \"New York Times\" qui titrait dimanche, lendemain de l'attentat de Londres : \"L'attentat de Londres a frappé une nation encore vacillante sous le choc de l'attaque à la bombe il y a deux semaines à Manchester.\" Depuis, le journal a changé son titre pour : \"Une nouvelle attaque terroriste frappe le cœur de Londres\". Trop tard. Les blagues déferlaient déjà sur le web.  Loin d'accepter cette position de \"nation vacillante sous le choc\", les internautes britanniques se sont levés sur Twitter, comme un seul homme, pour dire que, non, le pays ne vacillait pas. Ou du moins uniquement dans certaines conditions exceptionnelles.... Comme lorsque le rouleau de papier toilette est accroché à l'envers par exemple : People that don't put toilet roll the right way. #ThingsThatLeaveBritainReeling pic.twitter.com/WziWyBOvQF Ou qu'un grille-pain s'avère trop petit pour les toasts. Toasters that aren't big enough to fit in the whole slice of toast. What is the point? #ThingsThatLeaveBritainReeling pic.twitter.com/qj8OsaI2B1 Mais aussi lorsque quelqu'un verse du lait avant le thé dans sa tasse :  When you see someone making a cup of tea and they put milk in first ?????#ThingsThatLeaveBritainReeling Pire, pour déstabiliser le pays, rien de mieux qu'un passager dans les transports en commun qui prend la place de deux personnes :  #ThingsThatLeaveBritainReeling finding one passenger occupying more than one seat on the tube. pic.twitter.com/iZpnTkArSE Un humour grinçant et cynique qui n'est que la suite logique de l'emballement planétaire, survenu le lendemain de l'attaque, pour la photo de \"l'homme à la bière\" qui court en sortant d'un bar de Londres le soir de l'attentat.  B.K. L'Obs "}