{"title": "\"le 15h17 pour paris\" : l'héroïsme radical selon clint eastwood", "newspaper": "NouvelObservateur", "author": ["Guillaume Loison"], "date_publi": "2018-02-07", "theme": "Cinéma", "content": "Depuis la moitié des années 2000 et le triomphe de \"Million Dollar Baby\", la marge de manœuvre de Clint Eastwood est si vaste que ses choix de sujet, qu’ils soient touchy (\"American Sniper\"), archiconventionnels (\"Sully\") ou a priori trop loin de lui (\"Au-delà\", \"Invictus\"), laissent craindre l’accident de parcours à chaque nouveau film. A propos du \"15h17 pour Paris\", ce n’est pas tant le fait-divers lui-même – l'attentat déjoué par trois Américains dans le Thalys Amsterdam-Paris en 2015 –, que le personnage public Eastwood, votant républicain au temps de la présidence Trump (moins soutenue par adhésion totale que parce qu’il déteste Hillary Clinton, il l'a clairement expliqué), qui engendre des nœuds au ventre.  \"American Sniper\" ayant déjà pâti de procès en ultra-nationalisme dès sa première image de militaire en goguette, \"Sully\" étant qualifié de film trumpiste par une branche tourneboulée de la critique (true story), on s’énervait d’avance que le simple fait de reconstituer l’acte de bravoure de trois boys lui soit amèrement reproché.\n  Après la première demi-heure, long flash-back remontant à la pré-adolescence des trois héros, on constate pourtant qu’Eastwood, comme avec \"American Sniper\", se fait le ménestrel sacrément perfide d’un patriotisme d’un genre si zinzin qu'il apparaît compliqué d'épingler le cinéaste pour complaisance gaga. Sa caméra dépeint littéralement un pays de dingues, où il suffit d’un échange surréaliste entre une professeure et deux mères d’élèves pour fendiller l’apparente normalité d’une démocratie apaisée et sans nuage. Et hop, direction l’école catholique, où Eastwood, là encore, se montre impitoyable à l’égard de ce nouvel îlot de fondamentalisme détraqué, fait de goodies chrétiens tapissant les murs et les bureaux, de règlements rigoristes, idiots et asphyxiants, où l’amitié entre mauvais garnements, l’obsession névrotique de la guerre et les prières récitées chaque nuit, agitent et structurent la pensée des futurs héros.  Lesdits héros, au passage, s’avèrent croqués comme d’irréductibles médiocres, le plus souvent englués dans une banalité aliénante. A ce titre, leur voyage en Europe, à base de dragouille en auberge de jeunesse ou de selfies sur la place Saint-Marc, a les airs d’un parcours fléché de petit routard dénué de la moindre imagination.  Cette vision d’un radicalisme bonhomme et feutré, qui se poursuit avec la formation militaire de deux personnages, trouve un écho troublant à la première séquence du film, repris par la suite au moment où commence l’attentat. On y voit en gros plan, les chaussures, le jean et le sac à dos proéminent d’un jeune homme marchant dans une gare, dont on devine l’identité terroriste sans voir le visage. Mais ces images en évoquent aussi d’autres : celles des soldats en civil, vêtus, préparés et conditionnés de la même façon que leur ennemi, infiltrés comme lui dans une Europe qu’ils sillonnent en touristes et dans laquelle ils s’affronteront en guerriers, point culminant, inattendu et presque rêvé de leur voyage – ils veulent en découdre depuis qu’ils ont 12 ans, ne cesse de nous répéter Eastwood. Cet effet miroir, le cinéaste en a toujours été client. Se souvenir de l’alter ego syrien de Chris Kyle dans \"American Sniper\", et surtout du diptyque sur la bataille d’Iwo Jima, où le vieux sachem consacrait un film à chaque camp. Ici, Eastwood l’initie dès le casting, invitant les véritables héros à rejouer leur propre rôle, idée qui frôle le documentaire historique, du \"Shoah\" de Lanzmann, à \"S21\" de Rithy Panh. La bande-annonce de \"le 15h17 pour Paris\" La collusion entre réel et fiction atteint une acmé hallucinante lors de la remise de la Légion d’honneur des trois héros à l’Elysée. Le vrai François Hollande, sa doublure dos, les actrices jouant les mères des héros et les principaux intéressés s’y côtoient dans un espace-temps indéfini, patraque mais fascinant, à base d’images d'archives et de recréations de cinéma. Et lorsque Eastwood intègre à son film le discours chaleureux du président, un autre classique reflue illico : le finale de \"Taxi Driver\", dont Spencer Stone, Alek Skarlatos et Anthony Sadler semblent les petits neveux pas si éloignés. Guillaume Loison Guillaume Loison Journaliste "}