{"title": "anis amri, auteur présumé de l'attentat de berlin, a été abattu à milan", "newspaper": "NouvelObservateur", "author": ["L'Obs"], "date_publi": "2016-12-23", "theme": "Terrorisme", "content": "Le Tunisien Anis Amri, que les autorités considèrent comme le principal suspect de l'attentat au camion-bélier mené lundi soir sur un marché de Noël à Berlin, a été tué ce vendredi 23 décembre par la police dans la banlieue milanaise, a annoncé le ministre italien de l'Intérieur Marco Minniti, confirmant l'information de plusieurs médias italiens. Selon \"la Repubblica\", le terroriste présumé a été abattu près de la gare de Sesto San Giovanni, après un contrôle de police. Son sac à dos contenait un billet de train indiquant qu'il était passé par la France.  #Minniti: l’uomo ucciso a Milano nel conflitto a fuoco con la polizia è Anis Amri il terrorista di Berlino #BerlinoAttack #Breitscheidplatz pic.twitter.com/rwlE0bgtaU\n— Polizia di Stato (@poliziadistato) 23 décembre 2016 Selon le compte Twitter de la police nationale italienne, les faits ont eu lieu vers 3 heures du matin. Alors que deux agents de police lui demandaient ses papiers d'identité, l'individu a sorti de son sac à dos un pistolet de calibre 22 et a ouvert le feu. Il est mort dans la riposte policière. Le relevé de ses empreintes digitales a confirmé qu'il s'agissait bien d'Anis Amri.   Un policier a été blessé dans l'échange de coups de feu et envoyé à l'hôpital de Monza, mais ses jours ne sont pas en danger selon Marco Minniti.  Anis Amri était arrivé en Europe en février 2011, via l'île italienne de Lampedusa. Condamné pour avoir mis le feu à une école, il a passé près de quatre ans en prison en Italie, jusqu'en 2015, avant de se rendre en Allemagne. C'est lors de son incarcération qu'il s'est radicalisé.   Les polices européennes avaient lancé depuis deux jours une chasse à l'homme pour retrouver le Tunisien de 24 ans, dont les empreintes digitales et une pièce d'identité ont été retrouvées dans le camion qui a tué douze personnes et en a blessé des dizaines d'autres à Berlin. Mais en raison d'une série de dysfonctionnements, Anis Amri avait eu 30 heures pour se volatiliser entre son attentat, lundi soir, et le lancement d'un avis de recherche allemand et européen.  Des images d'une caméra de surveillance avaient montré un jeune homme lui ressemblant devant une mosquée de Berlin, présentée comme un lieu de rassemblement islamiste, quelques heures après le carnage, selon la chaîne publique allemande RBB. D'autres images montraient la même personne la semaine précédente, de nuit, devant la mosquée – pourtant fermée depuis longtemps par les autorités –, et qui a fait l'objet d'une perquisition jeudi matin. Le jeune Tunisien n'avait jamais réellement été inquiété par les autorités, alors que celles-ci le soupçonnaient de vouloir commettre un attentat en Allemagne. Elles le savaient en contact avec des salafistes connus et il circulait dans le pays en utilisant une demi-douzaine d'identités. T.V. L'Obs "}