{"title": "attentat déjoué : prolongation exceptionnelle des 5 gardes à vue", "newspaper": "NouvelObservateur", "author": ["L'Obs"], "date_publi": "2016-11-24", "theme": "Attentats terroristes à Paris", "content": "Une mesure exceptionnelle pour une menace d'attentat imminent. Telle est la raison pour laquelle les gardes à vue des cinq suspects dans l'enquête sur un attentat djihadiste déjoué ont été prolongées dans la nuit de mercredi à jeudi 24 novembre au-delà des 96 heures. Or, cette privation de liberté peut légalement atteindre une durée totale de 144 heures, soit six jours.  Cette prolongation intervient alors que les arrestations dans la nuit de samedi à dimanche, à Strasbourg et à Marseille, ont, selon le ministre de l'Intérieur Bernard Cazeneuve, permis de \"mettre en échec une action terroriste envisagée de longue date\" en France.  Comme le révélait \"l'Obs\" dès le 21 novembre, les personnes arrêtées, interrogées encore aujourd’hui dans les locaux de la DGSI (les renseignements intérieurs), étaient sur le point de passer à l’acte.\n Le 14 novembre, la Direction générale de la sécurité intérieure (DGSI) avait été mise en alerte via un renseignement sur un passage à l'acte imminent. Mais les investigations avaient débuté en février et débouché sur une première série d'interpellations à la mi-juin. Deux Français, liés au réseau, avaient été mis en examen et écroués, soupçonnés d'avoir contracté des crédits à la consommation pour financer des activités terroristes. A Strasbourg, quatre Français ont été arrêtés dans la nuit de samedi à dimanche tandis que les perquisitions ont permis aux enquêteurs de mettre la main sur un pistolet - mitrailleur de type Uzi et de la propagande djihadiste. Le profil de Yassine B., âgé de 37 ans, n'a pas manqué de surprendre, ce dernier étant fonctionnaire dans une école primaire du quartier de la Meinau. Avec Hicham M., même âge, ils sont suspectés d'avoir rejoint la Syrie via Chypre l'an dernier. Egalement placés en garde à vue : Sami B. et Zacaria M., 36 et 35 ans. A Marseille, la DGSI a interpellé trois autres hommes. L'un d'eux, un Marocain de 46 ans nommé Hicham E., étant plus particulièrement dans le collimateur des policiers depuis des mois, car potentiellement collecteur de fonds au service du réseau. Depuis, les deux autres suspects de la cité phocéenne ont été relâchés mardi soir. Ces derniers étaient soupçonnés d'avoir contribué à l'hébergement d'Hicham E. L'enquête avait établi qu'ils étaient en contact avec un donneur d'ordres basé en Syrie, d'où l'Etat islamique (EI) a téléguidé plusieurs attentats en France. Et au cours des gardes à vue, l'un des quatre suspects arrêtés à Strasbourg le week-end dernier a reconnu l'existence d'un projet d'attaque. Il a évoqué plusieurs cibles comme le 36, Quai des Orfèvres, siège de la PJ parisienne, sur l'île de la Cité, qui apparaissait déjà dans les investigations, ou la DGSI. En faisant parler téléphones et ordinateurs saisis chez les suspects, d'autres sites envisagés pour des actions terroristes sont apparus, comme des lieux de culte ou un parc d'attraction. \"Le Parisien\" ajoute à la liste d'objectifs des terroristes \"le marché de Noël des Champs-Elysées, des transports en commun ou des bars\" et donne même une date : le 1er décembre. Les djihadistes auraient prévu ce jeudi-là des \"attaques simultanées et coordonnées\". Mais d'après une source policière, rien n'établit que les suspects ont fait des repérages et :  J.-F.T. avec AFP L'Obs "}