{"title": "mogadiscio : 276 morts et 300 blessés dans l'attentat le plus meurtrier de somalie", "newspaper": "NouvelObservateur", "author": ["L'Obs"], "date_publi": "2017-10-16", "theme": "Monde", "content": "C'est l'attentat le plus meurtrier de l'histoire de la Somalie. Au moins 276 personnes ont été tuées et 300 blessées dans une attaque au camion piégé menée samedi 14 octobre dans le centre de Mogadiscio, la capitale du pays, selon le dernier bilan communiqué par le gouvernement ce lundi 16 octobre.  \"Il y a encore une opération nationale de secours en cours et nous partagerons toute nouvelle information\", a ajouté ce communiqué, laissant entendre que ce bilan pourrait encore augmenter.   Une attaque qui met fin au \"printemps somalien\", période de paix relative survenue après l'élection en février dernier du président Mohamed Abdullahi Mohamed, dit \"Farmajo\", très populaire dans son pays. Ni le don du sang du bien-aimé chef d'Etat, ni l'annonce d'un deuil national de trois jours ne suffiront à redonner espoir aux citoyens, qui désespèrent de voir la sécurité revenir dans la capitale somalienne. La trêve aura duré à peine plus de sept mois.\n Cet attentat au camion piégé est survenu en milieu d'après-midi samedi au carrefour PK5, situé dans le district de Hodan, un quartier commercial très animé de la capitale avec ses magasins et ses hôtels.  Les bâtiments et véhicules situés à proximité ont été fortement endommagés par la très forte explosion qui a fait des dizaines de morts.  Cette vidéo de Mogadiscio après l'attentat au camion piégé est absolument terrible. 200 morts de plus dans la longue liste de victimes du djihadisme, dans un pays martyr depuis trop longtemps. https://t.co/1GX53HdH21 Encore sous le choc, Ismaïl, un salarié d'un hôtel de la capitale joint par téléphone par \"le Monde\", témoigne :  Le précédent attentat le plus meurtrier en Somalie avait fait au moins 82 morts et 120 blessés en octobre 2011. Il avait déjà été mené par un camion piégé qui avait visé un complexe ministériel à Mogadiscio. La région tout entière n'a vraisemblablement jamais connu pareil attentat. Parmi les attaques les plus meurtrières qui y ont été perpétrées, celles contre les ambassades américaines de Nairobi et de Dar es-Salam en 1998 avaient fait 224 morts et celle de l’université de Garissa, au Kenya en 2015, 148 victimes.  Cet attentat n'a pas été revendiqué. Mais les islamistes somaliens shebabs, liés à Al-Qaïda, qui lancent fréquemment des attaques et attentats-suicides dans Mogadiscio et ses environs, ont été pointés du doigt par les autorités. \"Cent onze des corps morts ont été enterrés par leurs proches, alors que le gouvernement local à Mogadiscio a respectueusement enterré les autres. Il y aura un deuil national et des prières pour les victimes dans les jours à venir\", a ajouté le ministère dans son communiqué. B.K. L'Obs "}