{"id_art": "4caac2c597df4686c399059f39831c3a", "title": "24 heures a la tete d'une pme avec anne-charlotte fredenucci au salon du bourget (1/3)", "newspaper": "Le Monde", "author": "Margherita Nasi (Propos recueillis par)\n", "date_publi": "18/06/2015", "content": " Anne-Charlotte Fredenucci rejoint en 2001 le Groupe familial Deroure. Specialise dans le design mecanique et electrique avec sa filiale Ametra Ingenierie, ainsi que dans le cablage filaire, avec sa branche Anjou Electronique, le Groupe concoit et assemble divers produits industriels, notamment des equipements pour le Rafale ou la fusee Ariane.En 2009, alors que Mme Fredenucci reprend les renes de l'entreprise, la crise economique frappe de plein fouet le Groupe Deroure. Comment restaurer la sante de l'entreprise familiale et sauver ses emplois ? Il s'agit bien sur de reduire les couts, mais aussi de lancer une strategie offensive de croissance.Le Groupe mise sur l'innovation, opere son passage a l'ere du numerique et developpe des produits et services nouveaux en deployant une offre de << work packages >>, de l'etude du produit a la fabrication. Un choix qui se revele gagnant. Fin 2010, le Groupe Deroure enregistre un chiffre d'affaires de 26 millions d'euros, qui atteint quatre ans plus tard 32 millions. Pres d'une centaine d'emplois ont ete crees sur la meme periode, pour un effectif actuellement de plus de 500 collaborateurs.Je me leve a 7 heures 20. Avant de me plonger dans ma journee d'industrielle, je m'occupe, avec mon mari entrepreneur, de preparer nos trois garcons avant de les amener a l'ecole. Mon travail a toujours ete important pour moi mais je tiens a etre la plus presente possible dans la vie de mes enfants.Il est 8 heures 30 quand je les depose a l'entree de l'ecole. C'est alors le moment de changer de casquette et d'enchainer les coups de fils internes avec mes collaborateurs sur le chemin au bureau. Je suis toujours en kit main libre ; j'ai pris cette habitude pour pouvoir ecrire en meme temps sur mon ordinateur si besoin car je peux souvent passer plusieurs heures au telephone dans la meme journee. Sur le chemin, le directeur technique d'Ametra Ingenierie m'appelle pour discuter des projets innovants et de leur financement par le Credit d'impot recherche (CIR). Ametra est une societe d'ingenierie specialisee en conception mecanique, electrique et en calcul, autour de nouveaux produits industriels. Nous avons huit sites en France. L'entreprise accompagne de multiples clients dans le developpement de produits ou systemes innovants au sein des domaines d'activite tels que l'aeronautique, la defense et les industries de biens d'equipements.9 heures J'arrive au siege du Groupe Deroure. Je salue toute l'equipe puis me rends a mon bureau pour commencer une conference telephonique avec le directeur general d'Anjou Electronique et notre expatrie en Tunisie chez Anjou International. La societe Anjou Electronique est specialiste de la technologie filaire et execute des prestations de services packagees, de l'etude a la realisation de faisceaux et d'ensembles cables. Elle s'appuie alors sur les travaux de conception de sa societe soeur, Ametra Ingenierie. Nous avons un site de productions en France et proposons une offre offshore a travers Anjou International, notre branche tunisienne.La revolution du Jasmin n'a pas eu d'impact sur la production et la qualite du travail des employes. L'attentat du musee du Bardo, en mars, n'a pas non plus entache la motivation au travail. Les Tunisiens beneficient d'un systeme educatif performant, ce qui rend notre filiale tunisienne tres efficace. Anjou International est d'ailleurs un laboratoire avance du Lean management, pour notre groupe, avec un niveau qualitatif egal a celui de la France.Dans un marche concurrentiel, ou nos clients nous demandent de gagner en productivite, je dois passer une partie de mon temps sur ces sujets d'amelioration, qui feront nos succes commerciaux de demainDurant la conference telephonique, nous abordons un sujet important : comment gagner du temps dans la production par une plus grande maitrise des operations. Un objectif qui nous pousse a deployer avec l'un de nos grands clients un programme de sequencement des commandes de vol de son jet d'affaires. Certains produits requierent jusqu'a 300 heures de production, soit plus de deux mois d'un operateur.Le sequencement permet de decouper cette fabrication en cinq sequences de 60 heures, voire encore moins a terme. En diminuant la duree des sequences, nous reduisons le temps de fabrication ce qui nous permet d'avoir une meilleure gestion des goulots d'etranglement : nous pouvons affecter plus de ressources aux etapes qui le necessitent ou effectuer des operations, comme le controle, au fil de l'eau.Mais pour cela, il faut revoir les modes de fonctionnements etablis, comme les horaires flexibles : toutes les equipes doivent demarrent et terminer a une heure precise, pour assurer le passage de flambeau entre les etapes. Pour un bon resultat : sur les produits deja sequences, nous avons gagne 15 % sur le temps de fabrication et davantage en temps de cycle, par la fluidification des goulots d'etranglement dans l'atelier. Dans un marche toujours plus concurrentiel, ou nos clients nous demandent legitimement de gagner en productivite, je dois passer une partie de mon temps sur ces sujets d'amelioration, qui feront nos succes commerciaux de demain.Chargee des croissants10 heures 30 Je m'accorde deux heures sur le Salon du Bourget, l'evenement tant attendu par tous les industriels de l'aeronautique et pour tous les passionnes, qui comme moi, viennent admirer les presentations aeriennes. Ce salon a l'avantage d'attirer les industriels et le grand public, nous pouvons donc inviter des clients en dehors du secteur aeronautique. Le Groupe Deroure exposera les commandes du vol du Rafale et un drone a la conception duquel nous avons contribue. Le secteur des drones est en plein developpement et nous avons de nombreuses competences a apporter aux clients de ce domaine.Le salon est aussi l'occasion de depoussierer notre charte graphique avec une agence specialisee. Nous sommes quatre a preparer cet evenement : le directeur general d'Ametra, celui d'Anjou, mon assistante et moi-meme.Ensemble, nous validons le fond du stand et abordons par la suite la liste des clients que nous souhaitons rencontrer et les differentes invitations lancees. Nous prenons egalement le temps de resoudre une dizaine de petits problemes comme la puissance electrique du stand pour faire fonctionner la television ou encore les croissants a acheter. Dans une entreprise de taille intermediaire (ETI), chacun apporte sa pierre sur des sujets pratiques comme celui-ci : je serai chargee des croissants deux jours dans la semaine.Lorsque notre reunion est terminee, j'en profite pour preparer mon intervention, toujours au Salon du Bourget. Le president de la Republique, plusieurs ministres et delegations officielles vont visiter le salon ; je ferai partie des personnes intervenantes pour parler du secteur aeronautique et de la performance industrielle a la francaise.Nous sommes si peu de femmes dirigeantes dans ce secteur...13 heures Deja. j'ai rendez-vous avec un journaliste dans un restaurant a deux pas du siege de Deroure. Je retrouve mon attachee de presse, qui a coordonne le dejeuner et qui accueille le journaliste. Je presente mon entreprise, nous discutons de l'actualite du secteur aeronautique, des dernieres innovations sur les programmes en cours et de la question sur << comment une PME francaise arrive a s'imposer dans le secteur de l'aeronautique >>. Meme si je porte l'image du groupe, les directeurs d'Anjou et d'Ametra interviennent aussi souvent dans le cadre d'interviews.Mon apres-midi se passe dans les locaux d'un client aeronautique a Saint-Cloud. Je retrouve un membre du comite de direction pour discuter des programmes et des cadences. Depuis quelques semaines, les ventes de Rafale a l'export s'enchainent. A terme, il nous faudra donc doubler ou tripler la cadence et livrer a temps, tout en respectant les memes exigences qualite. Nous abordons egalement les axes de productivite industriels et comment mieux les accompagner a l'international.Lorsque je quitte notre client, j'appelle le DG d'Anjou Electronique, pour aborder les consequences de la montee en cadence du Rafale. Je profite du trajet en taxi pour repondre a quelques mails sur mon ordinateur portable. Je retourne au siege pour finir de travailler sur des dossiers et valider diverses demandes administratives. Il est 19 heures 30, lorsque je rentre chez moi et retrouve ma famille. Mais tres souvent, je reprends l'ordinateur pour traiter au calme des dossiers de fond le soir.Suite de ce temoignage: vendredi 26 juin sur lemonde.fr/emploi ", "theme": "Emploi"}