{"id_art": "5cd9925619174067be013d2165f9e330", "title": "les attentats, traumatisme pour les enfants et les adultes", "newspaper": "Le Monde", "author": "Gaëlle Dupont", "date_publi": "10/01/2015", "content": " Des enfants terrifies qui ne veulent pas dormir seuls, d'autres qui s'inventent temoins de la fusillade du mercredi 7 janvier a Charlie Hebdo a Paris, des adultes en etat de sideration, d'autres fondant en larmes... Les evenements violents qui se succedent depuis mercredi 7 janvier en France ont un impact psychologique sur toute la population. Le premier reflexe des adultes est de se preoccuper de ceux qui ont le moins de ressources pour apprehender la situation : les enfants. Faut-il parler des carnages, et pour dire quoi ? Les pedopsychiatres ne livrent pas de recettes toutes faites : dialoguer avec un adolescent ou avec un enfant de 5 ans n'a rien a voir ; des parents croyants ne diront pas la meme chose sur la mort que des athees... Ils donnent tout de meme quelques conseils. << Le premier, c'est une evidence, c'est de proteger les enfants des images tres traumatiques qui passent en boucle sur les chaines d'information >>, rappelle Thierry Baubet, pedopsychiatre a l'hopital Avicenne de Bobigny. Le deuxieme est de renoncer a la tentation de ne rien dire pour proteger. << Quand toute la communaute nationale est bouleversee, on ne peut pas imaginer que les enfants n'y participent pas >>, affirme Patrick Ben Soussan, psychiatre a l'institut Paoli-Calmettes de Marseille. Les enfants ont de toute facon forcement entendu parler des evenements, ne serait-ce qu'a l'occasion de la minute de silence nationale du jeudi 8 janvier. Or, ils peuvent vite fantasmer. << Ils sont capables d'imaginer des romans terrifiants a partir de bribes d'informations, explique la pedopsychiatre Claude Halmos. La parole des parents va donner un cadre. >> << Transmettre des valeurs >>Mieux vaut commencer par des questions : que savent-ils, que veulent-ils savoir ? Puis relater les faits sans entrer dans le detail, avec des mots adaptes a chaque age. << Par exemple : des gens sont venus dans un journal avec des armes... ", "theme": "Societe"}