{"id_art": "0655d19f95e0224305f9261aa3fdabc8", "title": "<< les attentats d'ankara vont sans doute desenclaver la question kurde >>", "newspaper": "Le Monde", "author": "Perrine Mouterde\n", "date_publi": "12/10/2015", "content": " Deux jours apres le double attentat qui a tue quatre-vingt-dix-sept personnes, samedi 10 octobre a Ankara, les autorites turques ont designe l'organisation Etat islamique comme << suspect numero un >> de cette attaque et ont dementi toute defaillance des services de securite. Elles ont egalement confirme la tenue des elections legislatives le 1er novembre.Dorothee Schmid, chercheuse et directrice du programme Turquie contemporaine a l'Institut francais des relations internationales (IFRI), revient sur les consequences de cet attentat pour la Turquie. Quel message ce double attentat envoie-t-il ?Dorothee Schmid : C'est un attentat destine a semer le chaos, a intimider la communaute kurde dans sa composante politique et legaliste, et a interrompre le processus electoral.Plusieurs suspects potentiels ont ete designes. Quelles pistes vous semblent les plus credibles ? Il est difficile de savoir qui est derriere cette attaque, car nous avons tres peu d'informations sur la facon dont elle s'est deroulee et sur l'avancee de l'enquete.L'idee que le Parti des travailleurs du Kurdistan (PKK) serait responsable de l'attaque n'est pas rationnelle. On voit mal le parti sacrifier une centaine de Kurdes et de sympathisants de gauche simplement pour semer le chaos. Et l'extreme gauche, qui agit en general a petite echelle, n'a sans doute pas les moyens de faire autant de victimes.L'organisation Etat islamique (EI) a la capacite logistique de perpetrer un tel attentat et peut avoir une justification politique a frapper la Turquie, qui dit combattre les djihadistes en Syrie. Mais en general, l'EI revendique ses attentats. Le gouvernement turc privilegie d'emblee cette piste, mais sans apporter de preuves convaincantes. Il veut surtout ecarter rapidement toute hypothese mettant en cause sa responsabilite, directe ou indirecte.C'etait la meme chose apres l'attentat de Suruc [trente-deux personnes avaient ete tuees le 20 juillet dans cette ville situee a la frontiere avec la Syrie], pour lequel il n'y a pas eu de revendication. Le gouvernement a fait porter la responsabilite a l'EI, mais il y avait la encore des incertitudes.Le gouvernement peut-il porter une part de responsabilite ? D'un point de vue general, oui, car il a maintenu un etat de tension extreme dans le pays. On sait que des militants du Parti de la justice et du developpement [AKP, le parti islamo-conservateur du president Erdogan] et des Foyers ottomans, une organisation de jeunesse liee au parti, sont impliques depuis des mois dans des actes de violence quasi quotidiens contre le Parti de la democratie des peuples [HDP, parti pro-kurde de gauche]. Et l'Etat n'est pas capable d'assurer la securite des manifestations.D'autres hypotheses pointent la responsabilite de << l'Etat profond >>, une nebuleuse d'acteurs extremistes ayant des relais au sein des institutions elles-memes. Le regime d'Erdogan s'est-il fait deborder par des elements radicaux qui lui seraient lies ? Il sera tres difficile de le savoir, car le gouvernement est obsede comme jamais par le controle de l'information.Quel impact cet attentat peut-il avoir au plan politique ? Il a un effet d'intimidation enorme et evident pour le HDP, le principal rival de l'AKP [ce parti pro-kurde a, pour la premiere fois lors du scrutin de juin, obtenu plus de 10 % des voix au Parlement, privant l'AKP de majorite]. Le HDP a annonce qu'il allait suspendre sa campagne, annuler ses meetings. Cela va mettre tous les partis sur la defensive, mais il n'est pas du tout evident que cela redistribue les voix. Dans tous les cas, contrairement au mois de mai dernier, ou la campagne etait tres visible, il n'y avait ces dernieres semaines quasiment pas de campagne en Turquie.Cette attaque va-t-elle durcir encore le conflit entre le pouvoir et les Kurdes ?Tant qu'il n'y aura pas de revendication, pas d'enquete bien menee, pas d'explication claire sur ce qui s'est passe a Diyarbakir, a Suruc et a Ankara, les Kurdes considereront que le gouvernement turc est responsable de ces attaques et qu'il mene une guerre contre les Kurdes -- et pas uniquement contre le PKK.Jusqu'a present, M. Erdogan avait reussi a controler l'information : a Istanbul et a Ankara, les Turcs savaient tres peu de chose sur ce qui se passait a l'est. Apres ce nouveau palier de violences, qui a frappe la capitale, le pouvoir va sans doute avoir plus de mal a cacher a la population cette sale guerre qu'il mene contre le PKK. Ces attentats vont sans doute desenclaver la question kurde. ", "theme": "Europe"}