{"id_art": "1da7d948c36311b9c68ca64cfe29c7ff", "title": "propos de zemmour sur les djihadistes : l'enquete classee sans suite", "newspaper": "Le Monde", "author": "", "date_publi": "17/01/2017", "content": " Le parquet de Paris a classe sans suite l'enquete pour apologie du terrorisme visant Eric Zemmour, ont annonce mardi 17 janvier ses avocats. Le chroniqueur avait declare << respecter >> les djihadistes dans une interview au magazine Causeur, en octobre. Mais le parquet a estime que l'infraction etait << insuffisamment caracterisee >>. Les avocats de M. Zemmour, Olivier Pardo et Laurence Dauxin ont fait part dans un communique de leur << satisfaction >> apres le classement de cette procedure qui visait, selon eux, << injustement >> leur client. Des propos denonces par une avocate de victimes d'attentats << Je ne pense pas que les djihadistes soient des abrutis ou des fous, expliquait M. Zemmour au magazine. Et je respecte des gens prets a mourir pour ce en quoi ils croient, ce dont nous ne sommes plus capables. >> Au journaliste qui lui demandait s'il respectait << des gens qui roulaient en camion sur des enfants >>, reference a l'attentat de Nice, il repondait : << Quand des gens agissent parce qu'ils pensent que leurs morts le leur demandent, il y a quelque chose de respectable (...). C'est ainsi, les humains sont complexes, donc combattons-les, mais arretons de les mepriser. >> A la suite de ces declarations, le parquet de Paris avait decide d'ouvrir une enquete pour apologie du terrorisme. Une avocate de victime d'attentats, Samia Maktouf, SOS Racisme et la Federation nationale des victimes et d'accidents collectifs avaient denonce ces propos aupres du procureur de la Republique de Paris. ", "theme": "Police et justice"}