{"id_art": "718b5272852931e3a50bd831026b7216", "title": "plongee dans l'info", "newspaper": "Le Monde", "author": "Cathy Remy", "date_publi": "07/05/2015", "content": " Vous marchez dans une rue animee d'Alep, en Syrie. Des enfants jouent, des vendeurs ambulants attendent le client quand, soudain, une roquette eclate. Des batiments detruits emergent dans un nuage de poussiere, un corps git, macule de sang. Dans vos oreilles resonnent encore les bribes d'une chanson. Vous etes dans la rue... et pourtant, vous etes a des milliers de kilometres du drame. Vous portez un casque et des lunettes equipees d'une camera et vous etes projete dans une realite alternative, enrichie de materiaux documentaires et d'elements virtuels. Vous etes plonge dans un monde cree de toutes pieces. C'est le but recherche par les nouvelles techniques d'immersion virtuelle : vous faire eprouver une sensation de reel. Le film Project Syria, dont l'objectif est de favoriser une prise de conscience des ravages de la guerre, repose sur ce concept essentiel, qui resume l'experience du spectateur : la presence. Malgre son graphisme plutot rudimentaire, le film, presente au Forum economique mondial de Davos en 2014, a secoue les esprits. Son auteure, Nonny de la Pena, qui etudie depuis huit ans la realite virtuelle dans le cadre du journalisme, souhaitait proposer un autre canal d'information a tous ceux qui suivent l'actualite sur les medias traditionnels. << En reconstruisant des evenements reels dans un environnement virtuel, nous pouvons vous donner l'impression que vous vivez une experience tangible sans en etre separe par un ecran ou une tele >>, explique-t-elle. Le site d'information Vice News s'est engouffre dans l'immersion. Le 14 decembre 2014, il a confie aux realisateurs Chris Milk et Spike Jonze un reportage, Vice News VR : Millions March, sur une manifestation new-yorkaise contre les violences policieres, filme a l'aide d'une camera 360 degres et retransmis en direct avec l'application mobile VRSE. Preuve de l'interet croissant des geants du Web pour cette nouvelle technologie, Vice News a egalement... ", "theme": ""}