{"id_art": "4e524531220446e2d6f891bacf1a1d46", "title": "attentats : un impact sans doute limite sur la croissance", "newspaper": "Le Monde", "author": "Audrey Tonnelier", "date_publi": "16/11/2015", "content": " Trois jours apres les plus terribles attentats que la France ait jamais connus, les economistes peinent encore a determiner leurs consequences, alors que le pays est reste englue dans une croissance poussive depuis le debut de l'annee. Vendredi 13 novembre au matin, l'Insee a annonce une hausse de 0,3 % du produit interieur brut (PIB) au troisieme trimestre, a peine meilleure qu'attendu. Une menace terroriste desormais tangible aura-t-elle un impact sur le comportement des menages et des entreprises ? << On est dans une zone inconnue, et les precedents ne nous aident guere. Malgre les attentats contre Charlie Hebdo et l'Hyper Casher de la Porte de Vincennes [en janvier], la croissance francaise avait vivement rebondi au premier trimestre 2015, a + 0,7 %. Mais les attaques visaient une population particuliere, a la difference des attentats du 13 novembre, bien plus massifs >>, explique Denis Ferrand, directeur general de l'institut de conjoncture Coe-Rexecode.<< Davantage de prudence >> cote entreprises<< Si Paris est de nouveau attaque, les consommateurs etrangers ne prendront pas le risque d'une escapade dans la capitale, ni meme peut-etre ailleurs en France. Les compagnies aeriennes, les groupes d'infrastructure de transports [ADP, Eurotunnel], les vendeurs de produits de luxe et l'hotellerie, c'est-a-dire des secteurs dependants du tourisme et de la consommation, seront les premiers touches >>, s'inquiete Tangi Le Liboux, strategiste chez Aurel BGC.<< Les attaques terroristes ont des effets negatifs a long terme sur la croissance economique. Elles rendent les finances publiques plus tendues et menent a une hausse des couts d'emprunt des Etats >>, indiquait l'agence de notation Moody's dans une etude, publiee le 5 octobre dernier, sur les effets du terrorisme. << L'etude des attaques terroristes dans les 10 pays les plus touches en 2013 [montre] que le PIB est affecte de 0,51 a 0,8 point de pourcentage a court terme [...] La croissance des investissements est reduite de 1,3 a 2,1 points dans l'annee des attaques terroristes >>, conclut l'etude, qui rappelle que pour l'annee 2013, les deux tiers des attentats concernent l'Irak, le Pakistan, l'Afghanistan et l'Inde.Il existe << un flou important sur la situation a venir. [Pour le] consommateur, il serait rationnel de reduire sa consommation aujourd'hui et d'epargner davantage pour faire face a une situation degradee dans le futur >>, juge Philippe Waechter, directeur de la recherche economique chez Natixis AM, dans une note publiee lundi. << Du cote des entreprises, on peut imaginer que l'incertitude puisse se traduire par davantage de prudence, notamment dans les decisions d'investissement. Pourtant, ce n'est pas si simple. Les episodes passes d'attentats n'ont pas plonge l'economie locale dans une phase de ralentissement marque >>, complete M. Waechter.Un retour en recession << peu probable >>De fait, l'observation des precedents en la matiere plaide plutot en faveur d'un impact limite sur l'economie. << Apres les attentats du 11-Septembre aux Etats-Unis, la consommation des menages a cru de 1,5 % au dernier trimestre 2001, contre 0,2 % a 0,3 % lors des trois trimestres precedents >>, rappelle M. Ferrand.<< En Espagne, apres l'attentat a la gare d'Atocha [de Madrid] en mars 2004, [la] croissance n'a pas ete affectee. L'expansion soutenue de l'Espagne n'a pas ete remise en question. Les attentats de Londres, en juillet 2005, n'ont pas modifie la tendance de l'economie britannique >>, complete M. Waechter, pour qui le retour en recession de l'economie francaise est peu probable. << Cela semble toujours difficile a imaginer au moment ou les evenements se passent, [mais] on note generalement dans ces periodes une dynamique collective forte pour faire face a l'adversite >>, ajoute-t-il.Par ailleurs, la reprise a l'oeuvre en zone euro et le renforcement attendu de la politique monetaire de la Banque centrale europeenne, par le biais d'achats plus massifs ou plus diversifies de dettes publiques, devraient constituer des soutiens non negligeables. << La macroeconomie a un impact plus important sur la croissance que des evenements comme celui du 13 novembre, si dramatique soit-il >>, conclut M. Ferrand. Lire aussi Mario Draghi determine a frapper fort pour soutenir la zone euro ", "theme": "Attentats du 13-Novembre"}