{"id_art": "0b9353803fc46132a757a420374e8842", "title": "attentat de berlin : anis amri a transite par lyon avant de rejoindre milan", "newspaper": "Le Monde", "author": "Simon Piel", "date_publi": "26/12/2016", "content": " Quelques heures avant d'etre abattu a Milan (Italie), dans la nuit du jeudi 22 au vendredi 23 decembre, Anis Amri, l'auteur presume de l'attentat du 19 decembre a Berlin, a transite par la ville de Lyon. C'est, d'apres les informations du Monde, ce que montrent les cameras de videosurveillance d'un quai de la gare Lyon-Part Dieu, confirmant les revelations publiees mardi 26 decembre par l'Agence France-presse (AFP). Le jeune Tunisien, tue par la police italienne, << apparait seul sur ces images >>, a precise une source citee par l'AFP. Selon les informations du Monde, c'est son sac a dos qui a permis de l'identifier. Correspondance probable a Chambery Les enqueteurs ne sont toutefois pas encore certains qu'il ait ensuite change de train a Chambery pour rejoindre Milan. Mais cette hypothese est privilegiee, selon nos informations, vu que le billet d'Anis Amri, paye en liquide, etait un Lyon-Milan avec une correspondance a Chambery. Les investigations se poursuivent desormais pour determiner comment l'auteur presume de l'attentat, qui a fait douze morts, a quitte Berlin pour rejoindre la France. ", "theme": "Attentat de Berlin"}