{"id_art": "0cbed1384623f97ad31f680d325ea119", "title": "attentat a istanbul, francois hollande en irak et mort de jean vuarnet... les informations a retenir a 19 heures", "newspaper": "Le Monde", "author": "", "date_publi": "02/01/2017", "content": " Attentat a Istanbul : << Elle avait 19 ans, elle voulait simplement s'amuser >> Lundi, la presse turque faisait le pied de grue devant la principale morgue d'Istanbul. Des proches des victimes passaient pour identifier les corps avant de les emporter. A la mosquee centrale de Gaziosmanpasa, une ceremonie honorait Busra Kose, 19 ans. Elle avait voulu sortir en ce Nouvel An maussade. Francois Hollande a Bagdad et a Erbil pour affirmer son soutien a l'Irak Le president s'est rendu lundi pres de Mossoul, en Irak. Il y a annonce que la reconquete de la << capitale >> autoproclamee du groupe terroriste Etat islamique (EI) etait << une question de semaines >>. L'ancien skieur Jean Vuarnet est mort Le champion olympique de descente en 1960 est decede a l'age de 83 ans des suites d'un accident vasculaire cerebral. Il a marque de son empreinte l'histoire du ski mondial le 22 fevrier 1960 en etant le premier champion olympique sacre sur des skis metalliques. Et aussi : Djihadisme. Le Francais Nicolas Moreau condamne a dix ans de prison Environnement. Alerte sur les microalgues toxiques Rattrapages. Ce que vous avez rate dans l'actu sportive pendant vos vacances ", "theme": "Les decodeurs"}