{"id_art": "d6f36ae298823c57e4aaba536fe989b1", "title": "saint-petersbourg, presidentielle et enquete du cevipof, cannabis... les infos a retenir a la mi-journee", "newspaper": "Le Monde", "author": "", "date_publi": "04/04/2017", "content": " L'auteur de l'attentat de Saint-Petersbourg identifie comme un homme d'origine kirghize Une enquete a ete ouverte lundi pour acte de terrorisme a la suite de l'attaque dans le metro, qui n'a toujours pas ete revendiquee. Le dernier bilan fait etat de 14 morts. Presidentielle : des electeurs interesses par la campagne mais toujours indecis Selon la derniere enquete du Cevipof pour Le Monde, 66 % des electeurs ne savent toujours pas pour qui ils vont voter, et Jean-Luc Melenchon perce. Cannabis : un debat de campagne inedit Jusqu'a present, seuls les << petits partis >> avaient fait cette proposition. Desormais, quatre des cinq principaux candidats proposent la contravention ou la legalisation. Et aussi : Disparition. La sociologue feministe Evelyne Sullerot est morte Economie. Creation d'un parquet europeen antifraude Facebook. Lancement d'un fonds contre les << fake news >> ", "theme": "En bref"}