{"id_art": "40e910cef5e547c9130541740474d5b5", "title": "farida belghoul mise en examen pour complicite de diffamation envers un fonctionnaire public", "newspaper": "Le Monde", "author": "Cyril Ouzoulias et Mattea Battaglia\n", "date_publi": "05/03/2015", "content": " Farida Belghoul, partie en croisade en 2013-2014 contre l'enseignement d'une supposee << theorie du genre >> en milieu scolaire, a ete mise en examen pour complicite de diffamation envers un fonctionnaire public. Elle avait ete convoquee mardi 3 mars par un juge du tribunal de Tours, dans le cadre d'une information judiciaire ouverte apres une campagne de calomnie lancee contre une professeure des ecoles de Joue-les-Tours (Indre-et-Loire), en mars 2014. Dans ce type de dossier, en cas de plainte avec constitution de partie civile pour diffamation envers un fonctionnaire public, la mise en examen est systematique.L'affaire remonte au 29 mars 2014. Celine (son prenom a ete change), une enseignante de maternelle de Joue-les-Tours decouvre une video de dix minutes, mise en ligne sur le site du collectif des Journees de retrait de l'ecole (JRE) qui l'accuse d'<< attentat a la pudeur >> sur un garconnet de 3 ans.Dalila Hassan, qui se presente comme << responsable de la JRE 37 300 >>, y livre un recit accablant : un garcon << a explique que la maitresse avait baisse son pantalon, qu'il y avait aussi (...) une petite fille a qui on a baisse le pantalon et (...) que la maitresse a demande a la petite fille de toucher ses parties genitales et au petit garcon de toucher les parties genitales de la petite fille et ensuite de se faire des bisous >>. Elle dit se faire l'echo des craintes d'une mere tchetchene. A la fin de la video, un slogan : << Vaincre ou mourir. >>Le temps d'un week-end, 54 000 personnes visionnent la video. YouTube la retire le 31 mars, elle reapparait le 9 avril. Le nom de Celine n'y est pas livre, mais celui de son ecole, ce qui rend l'enseignante identifiable.Lire aussi (abonnes) : << Theorie du genre >> : enquete sur la folle rumeur de Joue-les-Tours<< On a sans doute atteint l'apogee de la campagne de calomnie, avec des attaques personnelles, qui ont cible une ecole en particulier >>, estime a l'epoque l'inspecteur d'academie d'Indre-et-Loire, Antoine Destres. L'institutrice, la directrice de l'etablissement ainsi que le rectorat de l'academie de Tours-Orleans avaient alors porte plainte pour diffamation contre les JRE.<< La famille tchetchene, dont le fils etait en classe a la Blotterie, n'a jamais porte plainte, tient a rappeler Patrick Bourbon, porte-parole du reseau Education sans frontiere (RESF) en Indre-et-Loire. On l'avait cotoyee en parrainant ses enfants quand sa demande d'asile avait ete rejetee, puis on l'avait perdue de vue, explique l'ancien instituteur. Mais on ignore comment Farida Belghoul est entree en contact avec elle >>.Un an presque jour pour jour apres cet episode, le calme semble revenu au sein du groupe scolaire de la Blotterie, ou << Celine >> (son identite a ete modifiee a sa demande), l'enseignante incriminee, a enseigne six annees. << Apres une periode de latence ou il a fallu renouer la relation avec certains parents, on a retrouve un bon climat >>, temoigne Paul Agard, porte-parole du syndicat SNUipp-FSU et professeur en elementaire. Un collegue de << Celine >>, meme si l'enseignante chevronnee etait, elle, en charge d'enfants de maternelle. Depuis, celle-ci a demande - et obtenu - sa mutation dans une autre banlieue de Tours, << sans qu'il n'y ait necessairement de lien avec l'affaire >>, veut croire Paul Agard.C'est que l'episode a constitue un << vrai traumatisme >> pour la communaute educative, reconnait Antoine Destres, l'inspecteur d'academie d'Indre-et-Loire. << Depuis, l'atmosphere s'est rasserenee, comme si ces accusations, auxquelles nous n'avons jamais accorde le moindre credit, avaient constitue le paroxysme de la campagne des JRE >>, ces << Journees de retrait de l'ecole >> orchestrees par Mme Belghoul et qui, au moins a trois reprises entre janvier et mars 2014, avaient pousse des familles, ciblees dans la communaute musulmane, a ne pas amener leurs enfants en classe. Entre 70 et 100 ecoles et etablissements avaient ete concernes, a chaque nouvel appel diffuse sur les reseaux sociaux.Enseignante, Farida Belghoul a ete sanctionnee le 30 octobre 2014 d'un blame pour avoir notamment critique la ministre de l'education. Le 26 aout, sur le site jre2014.fr, un article publie sous le titre << Belkcacem versus Belghoul >>, elle avait compare la nomination de la ministre << chouchoute du lobby trans, bi et cie >> a << une declaration de guerre aux familles de France >>. Cette ancienne figure de proue de la jeunesse immigree, etait partie en guerre contre les << ABCD de l'egalite >>, un dispositif de lutte contre les inegalites filles-garcons experimente dans quelque 600 classes, avant d'etre interrompu avant l'ete 2014. Un nouveau << plan d'action pour l'egalite entre filles et garcons >> a ete divulgue, mardi 25 novembre 2014, par la ministre de l'education nationale, Najat Vallaud-Belkacem. Une centaine de << pistes pedagogiques >> ont ete rendues publiques, avec la volonte manifeste de rendre le sujet de l'egalite entre les sexes consensuel, en tout cas de dedramatiser au maximum l'enjeu apres des mois de crispations. Si les << JRE >> n'ont eu qu'un impact circonscrit, la campagne de calomnie a, elle, touche sa cible. C'est ce que confirme le rapport d'evaluation des inspections generale, divulgue le 30 juin, qui consacre 7 pages (sur 40) a l'impact de ce mouvement de contestation. Un << phenomene inedit, d'une reelle violence symbolique pour les enseignants et souvent generateur de doutes >>, ecrivent les inspecteurs. Et d'ajouter que << les enseignants ne souhaitent pas prendre le risque d'induire des conflits de valeurs chez les enfants dont elles/ils savent la fragilite et qu'elles/ils respectent >>.Lire aussi : Les anti-gender tentent de mettre un pied dans l'ecoleFarida Belghoul n'est pas tout a fait novice sur la scene publique. C'est en 1984, lors de la deuxieme Marche des beurs, qu'elle est sortie de l'anonymat. Un an apres la Marche pour l'egalite, le 1er decembre 1984, une cinquantaine de jeunes issus de l'immigration arrivaient en cyclomoteur a Paris avec le slogan : << La France, c'est comme une mobylette, pour avancer il lui faut du melange. >> Parmi eux, Farida Belghoul, 26 ans, fille d'un eboueur algerien et d'une femme de menage.Titulaire d'une maitrise d'economie, la jeune femme milite un temps. Puis s'efface du devant de la scene. Elle se marie, opere un virage religieux vers le soufisme, commence a enseigner, se desole du niveau des eleves en banlieue... En 2007, elle retire ses enfants de l'ecole pour leur faire cours a son domicile, a Bezons (Val-d'Oise). En 2013, elle reapparait sur Internet.Farida Belghoul s'affiche notamment aux cotes de l'essayiste d'extreme droite Alain Soral, avec qui elle se serait brouillee recemment mais qui n'en relaie par moins, sur le site de son reseau Egalite et Reconciliation, le lancement des << ABCD de la complementarite >>, sortes d'anti ABCD de l'egalite. Ce programme d'actions reposerait sur des ateliers de lecture proposes aux enfants. De << saines >> lectures : Frerot et soeurette, Raiponce, La gardeuse d'oies, La jouvencelle au roseau, Le prince grenouille...Lire aussi : Farida Belghoul, de l'extreme gauche anti-raciste a la croisade anti-genre ", "theme": "Education"}