{"id_art": "6236cf504decfd07cb59ca8ca4634fb7", "title": "un responsable d'al-qaida tue par une frappe americaine en afghanistan", "newspaper": "Le Monde", "author": "", "date_publi": "26/03/2017", "content": " Un important responsable d'Al-Qaida a ete tue le 19 mars par une frappe de drone americaine en Afghanistan, a annonce samedi 25 mars dans un communique le secretaire americain a la defense, Jim Mattis. Qari Yasin, un Pakistanais originaire de la province du Baloutchistan, dans le sud-ouest, etait accuse de nombreux attentats commis dans son pays natal. En particulier, l'attaque du 20 septembre 2008 contre l'hotel Marriott d'Islamabad, qui avait fait des dizaines de morts dont deux militaires americains. On lui attribue aussi la responsabilite d'une attaque commise en 2009 contre un autobus qui transportait l'equipe de cricket du Sri Lanka a Lahore, dans l'est du Pakistan, dans laquelle six policiers et deux civils avaient ete tues. Six membres de l'equipe avaient ete blesses. << La mort de Qari Yasin est une preuve que les terroristes qui defigurent l'islam et visent deliberement des innocents n'echappent pas a la justice >>, a declare M. Mattis. Le Pentagone a precise que l'homme avait ete tue dans la province de Paktika, situee dans l'est de l'Afghanistan et frontaliere du Pakistan. ", "theme": "Al-Qaida"}