{"id_art": "8f240b6ab604f8e38b8e6e5518b5a088", "title": "anis amri, dette publique, uber... les informations a retenir a la mi-journee", "newspaper": "Le Monde", "author": "", "date_publi": "23/12/2016", "content": " Attentat de Berlin : le suspect tunisien, Anis Amri, a ete abattu a Milan Le ministre de l'interieur italien a confirme vendredi que l'homme abattu a Milan cette nuit est << sans aucun doute >> le suspect de l'attentat qui a ensanglante Berlin lundi soir. La dette publique francaise en baisse de 0,9 point au troisieme trimestre Rapportee a la richesse nationale, cette dette de l'ensemble des administrations publiques atteint 97,6 % du produit interieur brut. Les << chauffeurs Uber >> demandent un meilleur partage des revenus A l'appel de plusieurs syndicats de VTC, depuis 4 heures du matin vendredi, des << chauffeurs Uber >> bloquent les acces aux aeroports parisiens. Et aussi : Syrie. Apres Alep, le desarroi de l'opposition Etats-Unis. Donald Trump herite d'une economie redevenue tonique Economie. Charcuterie et com, la recette des artisans bouchers contre la fermeture ", "theme": "Les decodeurs"}