{"id_art": "17f53f97d9e5721196266b8446af87a4", "title": "pakistan : 24 morts dans un attentat a la bombe sur un marche", "newspaper": "Le Monde", "author": "", "date_publi": "21/01/2017", "content": " Au moins vingt-quatre personnes ont ete tuees et 90 blessees, samedi 21 janvier, lorsqu'une bombe a explose dans un secteur majoritairement chiite des zones tribales du nord-ouest du Pakistan, a annonce un responsable regional. L'attentat s'est produit sur un marche aux legumes bonde a Parachinar, principale ville du district tribal de Kurram, pres de la frontiere avec l'Afghanistan. D'apres un haut responsable a Parachinar, l'explosion a ete provoquee par une bombe rudimentaire cachee dans une caisse de legumes. L'armee a annonce que des militaires etaient arrives sur place et avaient circonscrit le site de l'attentat. Attentat revendique par des talibans pakistanais Dans un appel telephonique a l'Agence France-Presse, la faction Hakimullah Mehsud des talibans pakistanais, Tehreek-e-Taliban Pakistan, a revendique l'attentat. << Il visait a venger la mort des notres tues par les forces de securite, et a donner une lecon aux chiites pour leur soutien a Bachar Al-Assad >>, le president syrien, a dit le porte-parole du groupe, Qari Saifullah. Cette faction sunnite porte le nom d'un commandant taliban tue par un drone americain en novembre 2013. Son porte-parole a prevenu qu'elle poursuivrait ses attaques contre des chiites s'ils continuent a soutenir Bachar Al-Assad en Syrie. Kurram est l'un des sept districts tribaux semi-autonomes du nord-ouest du Pakistan, qui sont gouvernes selon des lois et coutumes locales. ", "theme": "Asie-Pacifique"}