{"id_art": "de4c96f470b6676ff5767d43df682d7f", "title": "irak : quatre employes humanitaires et sept civils tues a l'est de mossoul", "newspaper": "Le Monde", "author": "", "date_publi": "22/12/2016", "content": " Quatre travailleurs humanitaires irakiens et au moins sept civils ont ete tues par des tirs de mortier cette semaine alors qu'ils distribuaient de l'aide dans deux regions a l'est de Mossoul, rapportent les Nations unies jeudi 22 decembre. Le communique de l'ONU ne designe aucun responsable pour ces attaques, mais le groupe Etat islamique (EI), contraint de se replier sur Mossoul, pilonne regulierement les zones qu'il a du abandonner aux forces gouvernementales. Lisa Grande, coordinatrice des actions d'aide de l'ONU en Irak, a condamne ces attaques comme des violations des principes humanitaires. << Les gens qui attendent de l'aide sont deja vulnerables et ont besoin d'aide. Ils doivent etre proteges et non attaques >>, a-t-elle dit. << Toutes les parties en conflit ont une obligation de respecter le droit humanitaire international et de garantir la survie et l'assistance necessaire des civils. >> Lire aussi : Autour de Mossoul, l'heure de la vengeance a sonne Triple attentat revendique par l'EI Par ailleurs, au moins 23 personnes, 15 civils et 8 policiers ont ete tues jeudi dans trois attentats simultanes a la voiture piegee contre un marche de Gogjali, pres de Mossoul, a annonce le centre de coordination des operations contre l'EI. Cette attaque a ete revendiquee dans la foulee par le groupe djihadiste. Mossoul, deuxieme ville d'Irak, est le theatre d'intenses combats depuis le lancement il y a deux mois d'une offensive visant a en deloger les djihadistes. Les forces armees irakiennes soutenues par la coalition internationale antidjihadistes ont reussi a prendre le controle de quartiers dans l'est de la ville, mais l'EI continue de controler l'ouest, et les combats de rue sont feroces. ", "theme": "Irak"}