{"id_art": "74935387adbe3ee632bd6138851eb9a3", "title": "attentat dejoue, tourisme en france, herrou condamne... les informations a retenir a 19 heures", "newspaper": "Le Monde", "author": "", "date_publi": "10/02/2017", "content": " << Un projet d'attentat imminent >> a ete dejoue, annonce Bruno Le Roux Les services antiterroristes ont interpelle, vendredi dans la region de Montpellier, quatre personnes - trois hommes et une adolescente de 16 ans -, a annonce le ministre de l'interieur, Bruno Le Roux. Cette operation << a permis de dejouer un projet d'attentat imminent sur le sol francais >>, a precise le ministre, sans autre detail. La France reste la premiere destination touristique mondiale Selon des estimations, entre 82,5 et 83 millions de touristes etrangers ont visite la France en 2016, a declare vendredi le ministre des affaires etrangeres, Jean-Marc Ayrault. Des chiffres en baisse par rapport au record de 85 millions enregistre en 2015 mais qui maintiennent le pays au rang de premiere destination touristique mondiale. Aide aux migrants : Cedric Herrou condamne a 3 000 euros d'amende avec sursis Poursuivi pour aide au sejour d'etrangers en situation irreguliere dans la vallee franco-italienne de la Roya, Cedric Herrou a ete condamne a 3 000 euros d'amende avec sursis par le tribunal correctionnel de Nice vendredi. La justice reproche a cet agriculteur d'avoir pris en charge des migrants sur le sol italien. Et aussi : Pollution. Gratuite du stationnement residentiel a Paris samedi. Edito. Entre jeunes et policiers, la machine a ressentiment. ", "theme": "Les decodeurs"}