{"id_art": "5070118727c67d6cf83cf21f849f6681", "title": "attentat de berlin : un suspect tunisien libere en allemagne", "newspaper": "Le Monde", "author": "", "date_publi": "29/12/2016", "content": " Un Tunisien de 40 ans interpelle mercredi en Allemagne dans le cadre de l'enquete sur l'attentat qui a fait douze morts et plus de cinquante blesses sur un marche de Noel a Berlin, le 19 decembre, a ete mis hors de cause et libere, a annonce, jeudi 29 decembre, une porte-parole du parquet federal. La suite des investigations a montre que cet homme << n'etait pas le possible contact d'Anis Amri >>, a dit cette porte-parole, le Tunisien de 24 ans considere par les autorites allemandes comme l'auteur de l'attentat, tue vendredi 23 decembre en Italie. Cet homme avait ete arrete mercredi, son numero ayant ete trouve dans le telephone mobile d'Anis Amri, avait explique le parquet. Les autorites allemandes recherchent d'eventuels complices de l'auteur presume de l'attentat de Berlin. Trois proches, dont son neveu qui a reconnu avoir ete en contact avec Anis Amri via la messagerie Telegram, ont ete interpelles samedi 24 decembre en Tunisie. Mercredi, des sources proches de l'enquete ont confirme au Monde que l'auteur presume de l'attentat << aurait voyage dans la nuit du 21 au 22 decembre par car de la gare routiere de Nimegue >>, aux Pays-Bas, pres de la frontiere allemande, << jusqu'a la gare ferroviaire de Lyon-Part-Dieu >>. ", "theme": "Europe"}