{"id_art": "b63ecb6088942531796f6e4cc06819ba", "title": "dans une video posthume, amedy coulibaly revendique l'attentat de montrouge", "newspaper": "Le Monde", "author": "", "date_publi": "11/01/2015", "content": " Une video postee dimanche 11 janvier sur Internet montre Amedy Coulibaly affirmant avoir coordonne son action << contre la police >> avec l'attaque menee, mercredi, par les freres Said et Cherif Kouachi contre Charlie Hebdo. Coulibaly se revendique de l'Etat islamique et dit avoir donne << plusieurs milliers d'euros >> aux freres Kouachi pour aider a la preparation de leur attentat. Nos informations, et la confirmation de son ancien avocat, Damien Brossier, nous permettent de certifier que l'homme qui s'exprime sur ces images est bien Amedy Coulibaly. Si la video a ete tournee apres les attaques a Montrouge et contre Charlie Hebdo, comme il semble que ce soit le cas, les enqueteurs devront rechercher les eventuelles complicites. Ces images (authentification, origine, auteur de la mise en ligne) sont en cours d'analyse. Des requisitions du parquet sont par ailleurs en cours pour faire cesser leur diffusion. << ON ARRIVE A SE SYNCHRONISER >> Jeudi, peu apres 7 heures, une jeune policiere de Montrouge (Hauts-de-Seine), Clarissa Jean-Philippe, avait ete abattue par un homme identifie, vendredi soir par le procureur de Paris, Francois Molins, comme etant Amedy Coulibaly. Dans ces images, il revendique son appartenance a l'Etat islamique, posant en tunique, un foulard sur la tete devant un drap blanc sur lequel est accroche un drapeau de l'EI. Puis, dans un second plan, vetu d'une veste militaire de combat a col rembourree, il detaille son affiliation avec les freres Kouachi. << Les freres de notre equipe, divisee en deux, ils ont fait Charlie Hebdo, moi je suis sorti un petit peu aussi contre la police >>, dit Coulibaly dans la video, qui dure sept minutes. << On arrive a se synchroniser pour sortir en meme temps >>, precise-t-il. << On a fait les choses un petit peu ensemble, un petit peu separes, pour que ca ait plus d'impact. >> En fond sonore, on peut entendre la voix d'une presentatrice de television ou de radio. << VOUS ATTAQUEZ LE CALIFAT, ON VOUS ATTAQUE >> Coulibaly explique par la suite ses actions par la participation de la France a la campagne de bombardements menee par les Etats-Unis contre l'Etat islamique. << Vous attaquez le califat, on vous attaque >>, indique-t-il. Il pose alors assis contre un mur blanc, en blouson de cuir, un fusil automatique a ses cotes. Il se change une quatrieme fois, endosse une longue tunique blanche, pour inciter fortement les musulmans a monter au combat. On peut noter dans ces images le souci du montage, de la mise en scene. Amedy Coulibaly y apparait calme, pose. Cette video est une revendication de ses actes, mais elle a egalement pour lui un but << pedagogique >>. Des questions ressortent sur fond noir, puis les reponses sont detaillees. Ce travail d'edition parait avoir ete fait par un complice apres la mort de Coulibaly, vendredi soir, au terme de sa prise d'otages au supermarche casher de la porte de Vincennes, a Paris. Cet episode est ainsi mentionne dans les panneaux noirs, des questions et des commentaires ecrits qui introduisent ses reponses. LA SECTION ANTI-TERRORISTE SE SAISIT DE L'ENQUETE A VILLEJUIF De la meme facon, l'un de ces premiers panneaux noirs indique : << Il a aussi pose une charge explosive sur le reservoir d'une voiture qui a explose dans une rue de Paris >>. Allusion a l'explosion de deux voitures a Villejuif, dans le Val-de-Marne, jeudi soir ? A la suite de ces declarations, selon les informations du Monde, la section anti-terroriste du parquet de Paris s'est saisie dimanche soir de l'enquete sur cette explosion qui n'avait fait aucun blesse afin de verifier si ce vehicule correspond a celui evoque par la video. Les expertises permettront notamment d'etablir si les explosifs utilises correspondent aux explosifs a usage civils retrouves dans l'hyper-casher ou a eu lieu la prise d'otage, vendredi. Amedy Coulibaly avait deja enonce l'essentiel de ces elements dans une interview a BFM-TV, qu'il avait contactee, selon la chaine, deux heures avant l'intervention policiere dans laquelle il a ete tue. ", "theme": "Societe"}