{"id_art": "2a6dc3bfece5cce345ed223355949e52", "title": "un groupe radical kurde revendique l'attentat contre des soldats a kayseri, en turquie", "newspaper": "Le Monde", "author": "", "date_publi": "20/12/2016", "content": " Un groupe radical kurde a revendique, mardi 20 decembre, l'attentat a la voiture piegee qui a tue samedi 14 soldats turcs a Kayseri, au centre de la Turquie, selon une agence de presse proche des separatistes kurdes. Les Faucons de la liberte du Kurdistan (TAK), un groupe radical proche du Parti des travailleurs du Kurdistan (PKK), affirment avoir mene une operation de << represailles >> contre les soldats accuses d'avoir << verse le sang de milliers des notres >>, selon l'agence de presse Firat. Au moins 14 soldats ont ete tues et des dizaines de personnes blessees lorsqu'une voiture a explose samedi a proximite d'un bus qui transportait les militaires en repos depuis leur base vers le centre-ville, selon le gouvernement turc. Apres cet attentat, les autorites ont lance de vastes coups de filet dans les milieux prokurdes, arretant des dizaines de responsables du Parti democratique des peuples (HDP, principal parti prokurde), dont des locaux ont par ailleurs ete saccages par des manifestants nationalistes. Serie d'attentats Les TAK avaient deja revendique un double attentat meurtrier le 10 decembre a Istanbul, a proximite du stade de l'equipe de football de Besiktas, qui a tue 44 personnes, majoritairement des policiers. Ce groupe est lie au PKK, considere comme une organisation << terroriste >> par Ankara, Washington et l'Union europeenne, et engage depuis 1984 dans une guerre contre l'Etat turc qui a fait plus de 40 000 morts. Apres une treve de deux ans, les combats entre les insurges et l'armee turque dans le sud-est de la Turquie a majorite kurde ont repris en 2015. La Turquie a ete frappee par une serie d'attentats ces derniers mois tantot attribues aux djihadistes du groupe Etat islamique (EI), tantot revendiques par la rebellion kurde. Les Faucons de la liberte du Kurdistan ont notamment revendique deux attentats a la voiture piegee a Ankara qui ont fait plus de 60 morts en fevrier et mars. ", "theme": "International"}