{"id_art": "decc1ba6d20cdfc8b5613cf7ba8f795e", "title": "qui sont les hackeurs ?", "newspaper": "Le Monde", "author": "Yves Eudes", "date_publi": "04/02/2015", "content": " Elle a deferle juste apres les attentats et prises d'otages de debut janvier en region parisienne. Une vague de piratage de sites francais tous azimuts. Des pages d'accueil d'associations et de PME ont ete remplacees par des messages menacants. Le compte Twitter du Monde a ete infiltre par l'Armee electronique syrienne, des jeunes proches du regime Assad : des hackeurs patriotes en quelque sorte, une categorie emergente dans la famille des pirates, issue des regimes dictatoriaux.... Mais c'est l'attaque contre Sony Pictures, en decembre 2014, qui a eu le plus de retentissement. Et surtout le plus d'impact. En quelques jours, une entreprise multinationale, qui brasse des milliards de dollars, a ete integralement mise a nu par un groupe de pirates se faisant appeler Guardians of Peace. Courriels entre collegues, fiches de paye, films pas encore sortis : le groupe a mis la main sur la quasi-totalite des fichiers de l'entreprise et en a publie une bonne partie sur le Web. Selon Washington, cette attaque tres elaboree est l'oeuvre de la Coree du Nord. Mais de nombreux experts independants, europeens notamment, sont sceptiques. Si ce piratage est une premiere par son echelle, il ne doit pas masquer tous les autres. Depuis 2014, on ne compte plus les affaires de hacking : vol d'informations personnelles concernant 2 millions de personnes sur le site de TF1, harcelement de journalistes et de medias par le pirate Ulcan, attaques contre Domino's Pizza, vol massif de photos intimes de stars americaines... Parmi les victimes les plus celebres, le departement de la sante de l'Etat du Montana, le service en ligne Evernote, les chaines de magasins americains Neiman Marcus, Target, Home Depot et Michaels, l'operateur de telecommunications francais Orange, la KCB (Korea Credit Bureau), la plateforme de vente aux encheres eBay, l'organisme de credit Experian... Contrairement aux idees recues, pour devenir hackeur, nul besoin d'etre un genie de l'informatique. Les outils de piratage sont disponibles sur Internet, gratuitement ou pour des sommes modiques. A chaque fois, les hackeurs ont reussi a voler les donnees personnelles et bancaires de millions d'internautes. Elles sont a present entre les mains d'escrocs, de vandales, d'espions - ou les trois a la fois - et continueront a circuler indefiniment dans des bases de donnees clandestines, hors de tout controle. L'art du hacking se repand ainsi sur tous les continents, y compris dans les pays les plus pauvres et les Etats en faillite, ou la police n'a ni l'envie ni les moyens de pourchasser ces delinquants d'un nouveau type, dont le nombre ne cesse de croitre. Car contrairement aux idees recues, pour devenir hackeur, nul besoin d'etre un genie de l'informatique. Les outils de piratage sont desormais disponibles sur Internet, gratuitement ou pour des sommes modiques. Parallelement, l'engouement generalise pour les appareils nomades rend les reseaux d'entreprise de plus en plus vastes et heterogenes, donc vulnerables. A defaut d'etre tous aussi sophistiques que l'attaque contre Sony, les recents actes de piratage en serie sont une aubaine pour les marchands de peur, qu'il s'agisse d'entreprises de securite informatique ou d'hommes politiques. La figure du hackeur, mysterieux, malfaisant, insaisissable, capable de s'introduire partout et de semer le chaos en toute impunite, s'est imposee a la television comme au cinema. En realite, les hackeurs ne sont pas des magiciens. Il y a des professionnels extremement efficaces, des autodidactes de genie, mais aussi des adolescents bricoleurs qui se font prendre facilement. Certains sont motives par l'appat du gain, d'autres poursuivent un ideal politiques. Selon le cas, ils travaillent sur commande ou de leur propre initiative. Ce sont donc bien des personnes de chair et d'os et non d'insaisissables creatures peuplant un monde virtuel. Ils sont europeens, russes, africains, americains, chinois, militaires ou activistes, idealistes ou escrocs. Le piratage crapuleux ne date pas d'hier, le hacking desinteresse est encore plus vieux. Mais avec le developpement du Web, du Smartphone et des reseaux sociaux, les opportunites se sont multipliees. Les risques egalement : se faire pirater son adresse electronique est aujourd'hui bien plus dommageable qu'il y a dix ans. Comptes bancaires, profils Facebook, documents professionnels et photos personnelles, tout est desormais enchevetre. Pour autant, ce n'est pas (encore) la cyberguerre. >> Voir la video : Djihadisme : peut-on parler d'une << cyberguerre >> ? Certes, dans les pays les plus avances, des equipes hautement qualifiees sont capables de penetrer les reseaux informatiques d'installations industrielles, de transport ou d'energie de pays ennemis et de provoquer des degats physiques. Les armees modernes considerent d'ailleurs officiellement le cyberespace comme le cinquieme theatre d'operation, apres la terre, la mer, l'air et l'espace. Reste que ces << hackeurs d'elite >> sont une minorite. Les autres, escrocs, mafieux, idealistes, ne sont pas tres differents de leurs homologues qui preferent les cheques en blanc, les revolvers ou les pancartes de revendication aux claviers. Mais quelles que soient sa specialite ou sa motivation, hackeur est un metier d'avenir. La preuve avec ces six portraits-robots... Hackeur ndeg1 : le justicier Sean, 22 ans, etudiant en litterature passionne d'informatique, se voit un peu comme l'honnete homme de la Renaissance, sachant marier les arts et les sciences. Son campus se trouve dans une ville du Midwest, agreable, mais un peu calme. Il a decouvert le hacking par hasard, a 15 ans, sur un forum pour ados rebelles consacre aux mangas, aux jeux video et aux photos trash. Comme personne ne signait ses messages, le serveur baptisait tout le monde << Anonymous >>, et le nom est reste. Sur le forum << BD pornos >>, Sean est tombe un jour sur un groupe de delures possedant des outils basiques de hacking - juste de quoi bloquer l'acces a un site, ou modifier une page Web. Il a appris a s'en servir en quelques jours. Ses premiers piratages etaient des canulars. Son prefere reste l'attaque du site de l'Association des epileptiques, ou il avait affiche des animations bigarrees et zigzagantes accompagnees de hurlements stridents - pouvant, esperait-il, declencher une crise d'epilepsie chez un sujet predispose. Militant de la liberte d'expression integrale sur le Net, Sean attaque des cibles symboliques : FMI, majors de Hollywood... En grandissant, Sean et ses copains Anonymous ont decouvert la politique, sans exces. Un peu ecolo, un peu altermondialiste, et surtout militant de la liberte d'expression integrale sur le Net. Pour participer aux grands mouvements de rebellion de son temps, du << printemps arabe >> a Occupy Wall Street, il attaque des cibles symboliques : le FMI, la police de l'Arizona, une compagnie miniere briseuse de greve, le ministere de la defense syrien, ou mexicain... Enigmatiques et sarcastiques, ses messages presentent les Anonymous comme une immense armee, cruelle et invincible. Il les fait lire par un logiciel de synthese vocale et colle la bande-son sur une video montrant un Anonymous affuble du fameux masque a la fois souriant et inquietant, signature universelle du mouvement. Pour lui, rien n'est sacre, sauf une regle qu'il ne transgresse jamais : le hacking, acte desinteresse, ne doit pas rapporter d'argent. Avec le temps, Sean s'est lance dans des actions plus radicales : le vol de documents secrets dans les serveurs de grandes entreprises, qu'il publie sur Internet pour exposer leurs turpitudes. Attention, cette fois, il s'agit d'un crime. Il sait que le FBI a infiltre les Anonymous, et que la justice americaine est feroce avec les hackeurs, mais les accidents, ca n'arrive qu'aux autres... Il connait peu de chose sur la France, mais l'attentat contre Charlie Hebdo l'a choque : la liberte de se moquer de tout est un droit humain fondamental. D'ou sa serie d'attaques contre des sites djihadistes, ou supposes tels. Mais cela se revele complique : nul ne parle arabe dans sa bande, et ces combats sont si lointains. Sean s'est lasse. Il revient vers ses ennemis intimes : les majors d'Hollywood, qui veulent envoyer au bagne tous ceux qui ont, ne serait-ce qu'une fois dans leur vie, telecharge une chanson sans payer. / Y. E. Hackeur ndeg2 : l'ado Kevin, 15 ans, fait le desespoir de sa prof de maths : cet ado est clairement malin, et s'il travaillait un peu plus, il pourrait reussir. Mais il dort en classe. Les cours lui semblent d'un ennui... Le soir, en revanche, Kevin s'eveille. Passionne de jeux video, comme la plupart des ados de son age, il ecume activement les forums et les reseaux sociaux. Sa deuxieme activite est plus secrete. Le soir, dans sa chambre, pendant que ses parents regardent la tele dans le salon d'un pavillon de banlieue parisienne, il traine sur des sites mal frequentes, heberges en Russie ou sur les serveurs clandestins du reseau informatique TOR, un outil qui permet de naviguer sur Internet de maniere totalement anonyme et d'acceder a des sites caches... Pour se faire un peu d'argent de poche, il vend contre des bitcoins, la monnaie virtuelle decentralisee et anonyme, des donnees qu'il a volees sur des sites mal proteges. Ses gains lui permettent d'acheter des programmes malveillants << cles en main >>, capables de reperer les sites vulnerables pour en exploiter les failles de securite. Kevin n'est ni un prodige ni un dangereux criminel, plutot un ado curieux. Pour epater ses copains, ou pour se venger de quelqu'un qui lui a mal parle au lycee, Kevin pirate aussi a l'occasion les profils Facebook de ses camarades. Il utilise pour cela des petits programmes-espions qu'il a achetes ou telecharges sur Internet. Leur utilisation n'est pas si compliquee : on trouve des tutoriels tres bien faits sur divers sites professionnels, et meme des videos sur YouTube. Dans le jargon des specialistes en securite informatique, les garcons comme Kevin ont un surnom : les << script kiddies >>, litteralement << les gamins a scripts >>, des pirates sans grande competence technique, souvent tres jeunes, qui se contentent d'utiliser des outils concus par d'autres. Kevin n'est ni un prodige ni un dangereux criminel, plutot un ado curieux, qui a acquis une expertise un peu particuliere. Le jeu auquel il se livre n'est pas sans risques : en France, l'intrusion dans un systeme informatique est severement punie par la loi. La plupart du temps, Kevin, se croyant en securite, utilise un VPN (reseau prive anonyme) pour brouiller les pistes de sa connexion Internet, et pour ses communications les plus sensibles, il passe par le reseau Tor. Precautions utiles, a la protection insuffisante. En fait, Kevin ne comprend pas le fonctionnement intime des outils qu'il utilise et, tot ou tard, il commettra une erreur. Certains soirs, apres un piratage un peu plus ose que d'habitude, il dort mal, a l'idee qu'un matin ses parents si confiants, qui ignorent tout de sa vie parallele, trouveront peut-etre la police sur le pas de leur porte. / Da. L. Hackeur ndeg3 : l'espion Officiellement, ce pirate age de 31 ans n'a pas de prenom, juste un matricule, 11 442. Chaque matin, il quitte sa banlieue cossue du Maryland, sur la Cote est des Etats-Unis, pour Fort Meade, au siege de la desormais celebre agence de securite americaine (NSA). Pour parvenir jusqu'a son poste de travail, il doit montrer patte blanche. Aux gardes armes stationnes devant la porte qui mene a son open space, d'abord. Puis au scanner retinien qui filtre les entrees. Il faut dire que l'unite d'elite dans laquelle travaille 11 442, TAO (Tailored Access Operations), est << the place to be >> pour les milliers d'employes civils et militaires de l'agence. Tous ne savent pas ce qui se trame dans cette unite tres discrete, qui fait des jaloux dans les autres services. N'y entrent que les meilleurs, capables de se procurer l'improcurable. 11 442 en fait partie. Il est diplome d'une des plus prestigieuses universites americaines, ou il a etudie l'informatique et les mathematiques. Gardes armes et protection biometrique mis a part, son quotidien fait penser a celui de ses anciens camarades de promotion. Il a des chefs, des objectifs, des primes de fin d'annee, des pauses cafe ennuyeuses, des rotations pour assurer une activite vingt-quatre heures sur vingt-quatre. Mais la ou eux travaillent dans de grandes banques de Wall Street ou chez les geants de la Silicon Valley, lui participe a la creation et a la mise en place de programmes de surveillance et d'espionnage ultrasophistiques. Officiellement, le matricule 11 442 travaille contre le terrorisme. En realite, sa cellule s'adonne volontiers a l'espionnage economique ou a l'espionnage tout court. Il sait decouvrir et exploiter des failles inconnues dans de grands logiciels commerciaux utilises dans le monde entier. S'immiscer dans les serveurs de ses cibles pour y ecouter ce qui s'y passe. Dejouer les << firewall >>, contourner les mots de passe. Il peut discretement mettre la main sur des donnees sensibles et les exfiltrer. Il scrute aussi Internet pour parer, et repliquer, a toute attaque d'envergure qui viserait son pays. Son champ d'action est vaste : officiellement, on s'occupe beaucoup de terrorisme. En realite, on s'adonne volontiers a l'espionnage economique ou a l'espionnage tout court. La NSA et les Etats-Unis ne sont pas les seuls a employer des hackeurs comme 11 442. De l'autre cote de la planete, il a ses equivalents a Moscou, Teheran ou Shanghai, bien sur, mais egalement a Paris, Ottawa, Tel-Aviv, Londres. Il lui arrive, bien sur, de travailler main dans la main avec ses homologues anglais, canadiens ou israeliens lorsque les interets de leurs pays coincident. Mais dans cette zone grise entre renseignement et attaques informatiques, il n'y a guere d'amis ou d'allies. Le matricule 11 442 ne travaille pas seul. Parfois, il n'est, en fin de compte, qu'une paire de mains parmi des centaines, sur une petite portion d'un vaste programme, et il ne sait pas forcement dans quel pays le programme qu'il developpe sera utilise. Grace a lui et a ses 600 collegues civils et militaires, son pays ecoute les ambassades amies et ennemies, infiltre les reseaux telephoniques, soutire des informations cruciales d'entreprises ou d'administrations, lutte contre le terrorisme. Ses collegues sont comme lui : des geeks brillants. Outre Fort Meade, ils sont bases au Texas, a Hawai, en Georgie ou au Colorado. Ils s'adonnent aux activites des espions d'antan, sauf qu'ils rentrent tous les soirs chez eux. Si on entend parler de son travail, c'est que 11 442 - ou un de ses collegues - a fait une erreur. Cela arrive parfois. Les Etats-Unis ont deja ete pris la main dans le sac ; ils seraient, avec leurs collegues israeliens, derriere Stuxnet, un programme qui a penetre au coeur des centrales nucleaires iraniennes a la fin des annees 2000. Avec la Grande-Bretagne, les Etats-Unis ont aussi cree le programme Regin, soupconne d'avoir infecte des institutions europeennes, via la compagnie belge Belgacom. Moscou est pointee du doigt pour avoir developpe le virus espion Epic Turla. Et les plaintes s'accumulent contre des pirates chinois de l'unite 61 398, soupconnes de nombreux vols de secrets industriels americains. Qu'en pense 11 442 ? Nul ne le sait. Il a des idees, mais elles ne comptent pas. Il attaque la ou le politique, souvent secretement, pointe le doigt. / M. U. Hackeurs ndeg4 : les mercenaires Volodia et Evgueni sont russes et ce n'est pas tout a fait un hasard. Les meilleurs hackeurs viennent souvent de Russie et d'Ukraine, deux pays qui, historiquement, possedent tous les ingredients necessaires, a commencer par la tradition sovietique d'excellence en mathematiques. Apres l'effondrement de l'URSS, des dizaines de milliers de jeunes scientifiques ont ete plonges dans la misere, et ont du faire tout et n'importe quoi pour survivre. Dans un monde ou tout etait devenu dangereux, ou la frontiere entre le legal et l'illegal s'etait estompee, le piratage informatique ne semblait pas plus risque qu'autre chose. Tant que les hackeurs ne s'attaquent pas aux reseaux locaux, la justice de leur pays les laisse tranquilles - et en cas de probleme avec les autorites, il y a toujours moyen de s'arranger... Leurs cibles de predilection sont les banques occidentales, mais ils peuvent attaquer n'importe quoi, sur commande. Ce sont des mercenaires. Les hackeurs russes travaillent en bandes, souvent autour d'un binome de deux profils complementaires. Les employeurs de Volodia sont des gangs americains, cubains, colombiens... Volodia, 32 ans, est toujours bronze. Il parle anglais et allemand couramment et sejourne souvent en Occident, pour le travail ou le plaisir. La vocation de pirate lui est venue tres tot. Malgre son diplome d'informatique, il n'a jamais essaye de travailler legalement. Ses arnaques lui permettent de mener la belle vie. Il possede des comptes en banque a Chypre et au Liechtenstein, un portefeuille de bitcoins (une monnaie virtuelle) et une villa en Floride, un lieu beni ou les mafias de tous les pays ont des succursales. Ses employeurs sont des gangs traditionnels - americains, cubains, colombiens, armeniens, jamaiquains - qui veulent moderniser et diversifier leurs activites : spam, gestion de botnets (reseaux d'ordinateurs clandestins), collecte de mots de passe et de numeros de compte, chantage, vol de documents, penetration de distributeurs de billets, detournement de bases de donnees, usurpation d'identite... Parmi ses nouveaux business, le placement de logiciels espions a l'interieur d'appareils medicaux installes dans les hopitaux, pour aspirer les dossiers de milliers de patients, et les vendre au plus offrant. Un jour, Volodia a du quitter les Etats-Unis en catastrophe, car le FBI etait sur ses traces. L'Amerique lui manque un peu, mais il se console entre la Crete et Courchevel. Un jour sans doute, il se fera prendre mais, si ca lui arrive en Europe occidentale, il s'en tirera probablement avec une peine legere. Evgueni est un \"uber hacker\", capable de creer en quelques nuits un logiciel espion inedit ou un virus sur mesure. Son ami Evgueni, 34 ans, n'a, lui, jamais quitte la Russie. En fait, il sort rarement du petit appartement neglige de la banlieue de Moscou, ou il vit seul avec ses chats. Cheveux longs, barbe mal taillee, vetements miserables, il travaille nuit et jour, sur une batterie de vieux ordinateurs Samsung eventres, qu'il a reconstruits a son gout, avec des pieces detachees trouvees ca et la. Autodidacte de genie, Evgueni est un uber hacker (terme invente par des Americains epris de culture germanique) : un authentique createur, capable de developper en quelques nuits un logiciel espion inedit, ou un virus sur mesure pour exploiter une faille decouverte la veille dans un systeme d'exploitation. L'uber hacker a le souci de l'elegance, mais uniquement pour le code qu'il ecrit : plus un programme est court et d'apparence simple, plus il est beau. Evgueni n'a pas envie de se servir des outils qu'il invente. Trop stressant, trop incertain. Il prefere les vendre sur Internet pour des sommes modiques - il sait qu'il se fait avoir, mais il a des gouts simples. Il cree aussi des outils sur mesure pour son ami Volodia, qui, en remerciement, lui rapporte des dollars et des cadeaux a chaque fois qu'il passe a Moscou. Quelques soirs par mois, Evgueni donne des cours particuliers d'informatique aux enfants de la haute bourgeoise moscovite, ou son look dostoievskien famelique fait fureur. Bien sur, les gamins veulent surtout apprendre l'art du piratage. Il leur enseigne les astuces de base : generation de numeros de cartes de credit valides, defacement de sites Web (modification de la presentation d'un site)... La releve est assuree. Evgueni travaille aussi de temps a autre pour une petite societe moscovite installee dans une caserne desaffectee, qui a change trois fois de nom en quatre ans. Elle lui passe commande de programmes capables de penetrer des logiciels americains. Evgueni ne sait pas qui sont les commanditaires - c'est mieux comme ca - mais espere que ce sont des Russes. Cela lui donne le sentiment de travailler pour la patrie. / Y. E. Hackeur ndeg5 : l'ingenieur Marc, 42 ans, s'interesse a l'informatique depuis les annees 1980, alors qu'il etait encore a l'ecole primaire. A 10 ans, il ecrivait deja ses petits programmes sur l'ordinateur familial. A l'epoque, Windows n'existait pas. Tout seul, dans des livres, il a appris le Basic, l'un des tout premiers langages de programmation grand public. Puis il s'est interesse a d'autres langages. Il demontait aussi les appareils electroniques, juste pour en saisir le fonctionnement. Et reussissait non seulement a les remonter, mais parfois a les ameliorer. << On en fera un ingenieur >>, pensaient fierement ses parents.Marc s'est toujours singularise. Il veut comprendre comment ca marche, parce que ca ne marche pas assez bien a son gout. Cette curiosite et un talent pour assimiler comment << pensent >> les machines ont fait de lui un informaticien brillant. A la fin de mois difficiles, Marc a vendu sur des forums louches des failles de securite qu'il avait decouvertes. A la fac, ses profs n'allaient pas assez vite pour lui, il menait en secret une deuxieme vie, en concevant des programmes et des sites. Ce faisant, il remarquait souvent les problemes dont souffrent les programmes existants utilises par les entreprises et les particuliers : defauts de conception, failles de securite. Il en avait signale certaines aux concepteurs, mais n'avait pas vraiment ete recompense pour cela. Une fois, l'entreprise qu'il a prevenue de l'existence d'un probleme majeur sur son site l'a meme menace de lui faire un proces... Tres a l'aise avec le code, Marc l'est moins avec son compte en banque. A la fin de mois difficiles, la tentation a parfois ete trop forte : il a vendu sur des forums louches des failles de securite qu'il avait decouvertes avant tout le monde. Puis il est passe aux programmes << cles en main >> concus pour detecter et pirater des serveurs Web mal proteges. De l'argent facile - pour quelqu'un d'aussi brillant que lui - mais qui l'avait mis en contact avec des gens peu recommandables. Un jour, il s'est fait peur. Il a raccroche, et a change de camp. Aujourd'hui, Marc est un pere de famille prospere. Chaque matin, il conduit sa berline de luxe jusqu'au siege d'une grande societe des Hauts-de-Seine, ou il est consultant en securite. Il est tres bien paye pour securiser l'entreprise contre des programmes similaires a ceux qu'il concevait dans sa jeunesse. Il aurait aussi pu choisir la fonction publique. Un soir, deux agents, qui n'ont pas voulu lui dire pour quel service ils travaillaient, l'attendaient en bas de chez lui, pour lui faire une proposition. Il a refuse, mais il suppose que certains de ses copains de la grande epoque ont accepte. Il les croise parfois dans les conferences internationales sur la securite qu'ils frequentaient deja ensemble il y a vingt ans - a cela pres qu'aujourd'hui tous portent la cravate. / Da. L. Hackeur ndeg6 : l'escroc Michael, 28 ans, vit dans une belle maison pres de Lagos, au Nigeria. C'est un scammeur : il utilise Internet pour pousser des gens qu'il ne connait pas a lui faire parvenir de l'argent. Son pays compte tellement de gens comme lui qu'on a donne a cette technique le nom de Fraude 4-1-9, le numero de l'article de la loi nigeriane qui punit ce genre d'activite. Il commence par envoyer un courriel, en vrac, a des milliers d'adresses recuperees au hasard sur Internet. A l'interieur, un texte vague qui demande de cliquer sur un lien si on veut eviter que sa boite mail soit desactivee. Tout est faux, bien sur. Ce lien mene vers une fausse page Google, ou Yahoo!, que Michael controle et dans laquelle la victime potentielle est sommee d'entrer son identifiant et son mot de passe. Si quelqu'un tombe dans ce piege assez grossier, Michael se rue alors sur le compte mail de la victime, y rentre le mot de passe et prend le controle de la boite electronique. Dans ses courriels, Michael demande de d'argent car il est \"dans une situation tres delicate dans un pays lointain\"... Place a la deuxieme phase : se faisant passer pour sa victime, il envoie a tout le carnet d'adresses une serie de courriels, plus personnalises, aux grosses ficelles et au message alarmiste : << Je suis dans une situation tres delicate, dans un pays lointain et exotique... >> Dans le cadre d'un voyage professionnel organise a la derniere minute, il a souvent perdu son portefeuille ou a ete victime d'une agression, et n'ose pas se rendre a l'ambassade ou au consulat. Bref, il presse lourdement sa proie, qu'il abandonne pour passer a une autre lorsque la combine ne fonctionne pas. Quand il ferre une prise, il envoie ses coordonnees Western Union. La seule information veridique qu'il transmettra. Ses concurrents, parfois a seulement quelques pates de maison, sont sur des creneaux un peu differents. Certains, par exemple, sont plus friands de l'escroquerie au site de rencontre : avec des photos d'inconnus recuperes sur Internet, ils se composent un profil des plus avenants, et rodent sur les sites de rencontre. Ils nouent des relations avec leurs cibles, puis evoquent, par exemple, une galere de billet d'avion, occasion de demander de l'argent a leur interlocuteur afin que leur rencontre puisse tout de meme avoir lieu... Le tout en esperant qu'au bout de la connexion Internet, la credulite sera au rendez-vous. Au debut, tout ca faisait rigoler Michael. C'etait amusant que des gens croient les droles d'histoires qu'il leur racontait. Voila plus de dix ans qu'il fait ca : avec le temps, c'est devenu mecanique, industriel. Son travail tres remunerateur - il gagne plusieurs milliers de dollars par mois - ne necessite aucune competence technique, ou presque. Pourtant, lui et ses homologues dans de nombreux pays, pas seulement en Afrique, n'en sont pas moins dangereux : ils n'exploitent pas les failles des logiciels, mais la confiance des gens. / M. U. Illustration d'ouverture : eBoy ", "theme": ""}