{"id_art": "b5648b736531bad97b66cb69682f1cb4", "title": "terrorisme : la police francaise prete a << une riposte quasi immediate >>", "newspaper": "Le Monde", "author": "", "date_publi": "24/12/2016", "content": " Si la menace terroriste << reste tres elevee >>, il n'y a << pas d'elements formels >> sur un eventuel attentat en France pour Noel declare Jean-Marc Falcone, le directeur general de la police nationale (DGPN), dans Le Journal du dimanche paru samedi 24 decembre. << Les fetes de Noel ont une dimension a la fois religieuse et festive, c'est-a-dire qu'elles presentent une dimension symbolique et en meme temps qu'elles occasionnent de grands rassemblements. Il y a donc evidemment un risque >>, previent toutefois M. Falcone. Retracer le parcours d'Aris Amri Le directeur general de la police assure par ailleurs que << pour les messes de Noel les plus frequentees, identifiees dans certaines grandes villes, nous aurons non seulement une presence policiere, mais une capacite de riposte quasi immediate >>. La menace est analysee quotidiennement par les services de renseignement, dit-il, et il ajoute que l'attaque de Berlin a oblige a reevaluer les conditions de securite. Il evoque entre autres << l'installation de plots et de barrieres, les controles des entrees pietons, les fouilles et les palpations par des agents prives de securite appuyes par la police >>. Les autorites francaises travaillent actuellement avec leurs homologues allemandes et italiennes afin d'etablir le parcours d'Aris Amri. L'auteur presume de l'attentat sur le marche de Noel de Berlin pourrait etre passe par Chambery avant d'arriver a Milan, ou il a ete tue dans la nuit de jeudi a vendredi lors d'un controle d'identite. Un billet de train aurait ete retrouve dans ses affaires. ", "theme": "Police et justice"}