{"id_art": "90813eab3ca8d00476afd1318b47224c", "title": "l'insaisissable menace de l'etat islamique en libye", "newspaper": "Le Monde", "author": "Jean-Philippe Rémy", "date_publi": "12/03/2015", "content": " Il s'agit, en germe, de la seule chance veritablement prometteuse d'enrayer, en Libye, l'expansion des groupes djihadistes. Reunis a Alger a l'initiative de l'envoye special des Nations unies pour la Libye, Bernardino Leon, des representants de partis politiques et de la societe civile libyens ont appele, mercredi 11 mars, a un << arret immediat >> des operations militaires entre les differentes factions qui se disputent le pays. Cet appel n'est pas adresse aux groupes de l'Etat islamique (EI) ou a d'autres tendances de la galaxie djihadiste : ces derniers parient au contraire sur une degradation plus poussee de la situation grace aux affrontements entre les deux coalitions. Ces coalitions, Fajr Libya (<< aube de la Libye >>) et ses ennemis regroupes autour du gouvernement << reconnu >> de Tobrouk, etendent leur reseau d'alliances a travers les trois grandes regions du pays. C'est a elles que les negociations en cours se fixent comme objectif de faire abandonner la guerre et de creer un gouvernement d'union nationale, << avec l'ambition de recuperer ceux [des responsables] qui sont recuperables >> dans les deux camps, selon une source francaise haut placee, afin de faire barrage aux groupes les plus extremes. Le temps joue en faveur de ces derniers. Depuis le serment d'allegeance au calife Abou Bakr Al-Baghdadi, chef de l'Etat islamique, d'un groupe qui comptait beaucoup d'anciens combattants de Syrie (la brigade Al-Bittar) a Derna en 2014, d'autres formations similaires se sont creees. Un second groupe s'est implante dans Syrte (avec son siege dans l'ancien centre de conferences dont Mouammar Kadhafi etait si fier). D'autres revendiquent des actions, comme l'attentat-suicide de l'hotel Corinthia, fin janvier a Tripoli, ou des attaques d'installations petrolieres au sud de Syrte.Transformer << la Libye en Syrie >>Sur cette base, Mohamed Dayri, le ministre des affaires etrangeres du... ", "theme": "Proche-Orient"}