{"id_art": "bbdd02454679cd8c72b91c53dad416ca", "title": "\"travailler avec lui fut une experience profondement troublante\"", "newspaper": "Le Monde", "author": "Philippe Mesmer", "date_publi": "16/01/2013", "content": " Les reactions ont ete nombreuses au Japon a l'annonce du deces, mardi 15 janvier, du realisateur Nagisa Oshima. Tatsuya Fuji, qui tint les roles principaux dans L'Empire des sens et de L'Empire de la passion, a fait part de son emotion. \"Cela fait trente-cinq ans que j'ai travaille avec Nagisa Oshima, a-t-il dit. Ce fut une experience profondement troublante, et son souvenir reste particulierement vif en moi. Nagisa Oshima etait un homme de grand talent et, au-dela, tres attachant.\" Un sentiment partage par le realisateur Takeshi Kitano, pour qui Oshima reste \"un cineaste immense, mais aussi un visionnaire\". L'auteur de L'Ete de Kikujiro (1999) connut sa premiere veritable experience d'acteur sur le tournage de Furyo (1983). Il accepta de jouer dans Tabou (Gohatto) (1999) apres avoir lance a Nagisa Oshima : \"Si vous gueulez trop fort, je quitte le plateau !\" Pour lui, Oshima reste \"comme un parent\". Dans Kitano par Kitano, de Michel Temman (Grasset, 2010), il en parle comme d'un des hommes \"les plus importants\". \"C'est lui qui m'a appris que cela pouvait etre merveilleux de realiser des films et d'etre acteur\", dit-il. \"Sans aucun tabou\" \"Quand je suis entre aux studios Shochiku, se souvient le realisateur de Promesse (1986), Yoshishige Yoshida, qui fut dans les annees 1960, avec Nagisa Oshima et Masahiro Shinoda, l'une des figures de la Nouvelle Vague japonaise, Oshima fut mon premier assistant. Meme si nous souhaitions devenir des realisateurs de la vie quotidienne, nos idees ont vite differe et au bout d'un an, nous nous sommes eloignes. Mais nous partagions un regard critique sur l'aspect mercantile du cinema des annees 1950 et 1960.\" \"C'etait quelqu'un qui provoquait la societe au travers d'oeuvres d'une grande force et d'une intensite incroyable,... ", "theme": "Disparitions"}