{"id_art": "49caf83876e2536045c6d3c35e7bdae3", "title": "attentat de berlin, brexit, sncf... les informations a retenir a la mi-journee", "newspaper": "Le Monde", "author": "", "date_publi": "21/12/2016", "content": " Attentat de Berlin : ce que l'on sait et ce que l'on ignore L'attaque sur un marche de Noel lundi soir a fait douze morts, dont le passager du camion, et 48 blesses. Les autorites recherchent toujours l'auteur de l'attentat. Brexit : l'Ecosse demande a rester dans le marche unique Pour obtenir gain de cause, la premiere ministre ecossaise, Nicola Sturgeon, est prete a organiser un deuxieme referendum sur l'independance. L'Etat promet 46 milliards d'euros pour renover le reseau SNCF Sur dix ans, l'effort portera sur les lignes les plus frequentees et sur le reseau regional. Ce plan de financement pluriannuel etait attendu. Et aussi : Societe. Police : une loi pour reformer l'emploi des armes a feu Presidentielle 2017. A un mois de la primaire a gauche, les candidats contraints a la treve Assassinat a Ankara. << Les purges ont casse l'esprit de corps dans l'Etat turc >> ", "theme": "Les decodeurs"}