{"id_art": "ea526ddbe0a4abbb99943c1d8f3cacad", "title": "attaque a londres, valls, fillon... l'essentiel de l'actualite a 8 heures", "newspaper": "Le Monde", "author": "", "date_publi": "23/03/2017", "content": " A Londres, une attaque touche un symbole de la democratie britannique Selon le bilan publie par Scotland Yard, l'attentat rapidement qualifie de << terroriste >> a cause la mort de quatre personnes dont le policier vise, et en a blesse quarante. Parmi ces derniers se trouvent trois eleves francais du lycee Saint-Joseph de Concarneau (Finistere). Manuel Valls epingle par la haute autorite de la primaire L'ancien premier ministre << contrevient gravement au principe de loyaute et a l'esprit meme des primaires >> auxquelles il a participe, selon la haute autorite des primaires citoyennes (HAPC). L'instance rappelle << l'engagement principal >> du scrutin, qui consiste << a soutenir sans reserve le candidat sorti vainqueur >>. Fillon declare 30 000 euros de << prets familiaux >> pour paiement de << dettes fiscales >> Francois Fillon a beneficie en septembre 2016 de << prets familiaux >> d'un montant total de 30 000 euros pour le << paiement de dettes fiscales >>, selon sa declaration de patrimoine a la Haute Autorite pour la transparence de la vie publique (HATVP), revelee mercredi en meme temps que celle des dix autres candidats a l'election presidentielle. Et aussi : Somalie. L'ONU peine a recueillir des fonds pour lutter contre la famine Bangladesh. La Coree du Nord accusee du piratage de la banque centrale La journee de Trump. << Force mondiale du mal >> et Power Rangers ", "theme": "En bref"}