{"id_art": "353cb29161f694a7bd614e641b0a32e8", "title": "les terroristes visent le secteur du tourisme, poumon de la tunisie", "newspaper": "Le Monde", "author": "Charlotte Bozonnet", "date_publi": "27/06/2015", "content": " L'attaque a frappe en plein coeur de la Tunisie touristique : la region de Sousse, ses plages, ses complexes touristiques, a quelques jours seulement du debut des vacances d'ete, periode durant laquelle le pays aurait du faire le plein de visiteurs. Trois mois apres l'attaque contre le Musee du Bardo a Tunis, qui avait fait 22 morts dont 21 touristes etrangers, le 18 mars, l'attaque du vendredi 26 juin contre l'hotel Imperial Marhaba risque de porter de nouveau un rude coup a un secteur-cle de l'economie tunisienne, deja fragilise. Pesant 7,3 % du PIB et quelque 470 000 emplois directs ou indirects, soit pres de 14 % de la population active, le secteur touristique est vital pour le pays. Il avait ete durement touche par l'attentat contre le Bardo. En avril, le secteur avait enregistre un recul de 25,7 % du nombre de touristes et de 26,3 % des recettes en devises, selon la Banque centrale du pays. Peu apres l'attaque contre le musee de Tunis, les autorites s'etaient efforcees de faire revenir les visiteurs en lancant une vaste campagne de sensibilisation et d'affichage. Des personnalites francaises, dont Claudia Cardinale, Michel Boujenah ou Bertrand Delanoe, y avaient participe, sous le slogan <<# Tunisie, moi j'y vais >>. Le taux d'occupation des chaines d'hotels tunisiennes avait enregistre un leger mieux, passant de 39,4 % en avril a 44,9 % en mai. L'image du pays mise a malIl en faudra cette fois beaucoup plus. La saison touristique est fortement compromise. Dans la nuit de vendredi a samedi, des centaines de touristes etrangers etaient evacues d'hotels de la region et conduits a l'aeroport pour y prendre leur avion de retour. Plusieurs tour-operateurs ont annule leurs voyages. En touchant de nombreuses nationalites - les victimes sont notamment belges, britanniques et allemandes -, l'attaque aura un impact europeen. Jusqu'ici, c'est la baisse du nombre de visiteurs francais, historiquement les plus nombreux, qui avait ete la plus notable.... ", "theme": "International"}