{"id_art": "856fd239dc88e986b1cef06d2fa4f1f5", "title": "projet d'attentat : les trois suspects interpelles dans l'herault mis en examen", "newspaper": "Le Monde", "author": "", "date_publi": "14/02/2017", "content": " Deux hommes et une adolescente de 16 ans, arretes vendredi 10 fevrier dans l'Herault dans le cadre d'une operation antiterroriste, ont ete mis en examen mardi soir et places en detention provisoire, a appris l'Agence France-Presse de source judiciaire. Ils sont soupconnes d'avoir voulu perpetrer un attentat << imminent >> en France. Thomas S., 20 ans, sa compagne Sarah, 16 ans, et Malik H., 33 ans, ont ete mis en examen pour << association de malfaiteurs en relation avec une entreprise terroriste criminelle >>. Les deux premiers ont egalement ete mis en examen pour << fabrication et detention d'explosifs en bande organisee >>, a precise la source judiciaire. Quelques dizaines de grammes de TATP, un explosif artisanal puissant mais tres instable, des notes manuscrites pour en fabriquer ainsi que les composants ou le materiel necessaire avaient notamment ete retrouves lors des perquisitions. Allegeance a l'EI Les suspects ont ete identifies en raison de leur activisme sur les reseaux sociaux, notamment sur la messagerie cryptee Telegram, prisee des djihadistes, et l'enquete s'est acceleree quand ils ont ete reperes le 9 fevrier en train de se procurer de l'acetone et de l'eau oxygenee. Une video diffusee sur les reseaux sociaux la veille, dans laquelle l'adolescente pretait allegeance a l'organisation djihadiste Etat islamique (EI), a egalement incite les services antiterroristes a agir rapidement. << Il y avait bien un acte terroriste imminent qui se preparait >> et << sur lequel nous essayons de faire toute la lumiere >>, avait souligne lundi le ministre de l'interieur, Bruno Le Roux. ", "theme": "Police et justice"}