{"id_art": "6a968bda9191a500628e0cd3f3a86c1e", "title": "en argentine, la presidence kirchner minee par l'affaire nisman", "newspaper": "Le Monde", "author": "Christine Legrand", "date_publi": "05/02/2015", "content": " Deux semaines apres la mort suspecte du procureur Alberto Nisman, et alors que l'enquete pietine, des milliers de personnes ont defile dans Buenos Aires, mercredi 4 fevrier, pour exiger << la fin de l'impunite >>. Parmi elles, des defenseurs des droits de l'homme, dont Adolfo Perez Esquivel, Prix Nobel de la paix, des parents de victimes de l'attentat antisemite de 1994 contre l'Association mutuelle israelite argentine (AMIA) et d'autres affaires recentes, jamais elucidees. Retrouve le 18 janvier avec une balle dans la tete, le procureur Nisman avait accuse publiquement, quatre jours avant sa mort, la presidente Cristina Kirchner d'entrave a l'enquete sur l'attentat contre l'AMIA, qui fit 85 morts et 300 blesses. Selon un recent sondage, 70 % des Argentins pensent que la mort du procureur ne sera jamais elucidee et que les responsables ne seront jamais punis. La sensation que l'impunite est de regle en Argentine a ete alimentee, ces dernieres annees, par une serie de tragedies sans coupables - l'incendie d'une discotheque en 2004 ou l'accident d'un train en 2012 - et par des scandales de corruption eclaboussant le pouvoir et qui n'ont jamais ete sanctionnes.<< Graves anomalies >>L'<< affaire Nisman >> entraine une crise politique qui renforce l'extreme polarisation de la societe entre partisans et detracteurs de Mme Kirchner. Reste a savoir si elle aura un impact sur le resultat de l'election presidentielle du 25 octobre. La Constitution ne permet pas a Mme Kirchner de briguer un troisieme mandat consecutif. << Il est clair que le cas Nisman cree une situation politique qui porte prejudice a tout candidat emanant du pouvoir et qui beneficie a l'opposition >>, note le politologue Rosendo Fraga. L'opposition, affaiblie par des divisions internes et l'absence de propositions concretes, a trouve la un cheval de bataille commun. A cela s'ajoutent un affrontement sans precedent entre le gouvernement et le pouvoir... ", "theme": "Ameriques"}