{"id_art": "a2dd5af82aad1bc353854f058e226398", "title": "les attentats a paris ? << meme pas peur >>, repondent les marches", "newspaper": "Le Monde", "author": "Audrey Tonnelier", "date_publi": "21/11/2015", "content": " Effroi, hebetude, peur, colere... Les attentats du vendredi 13 novembre ont bouleverse les Francais, et, au-dela, l'ensemble de la planete. Unies dans un meme hommage, de nombreuses capitales se sont parees des couleurs du drapeau tricolore tandis que des citoyens du monde entier exprimaient leur solidarite avec l'Hexagone. Et sur les marches ? Rien. Ou si peu... A Paris, lundi 16 novembre, le CAC 40 a ouvert en recul d'a peine 1 % et a termine la journee quasiment a l'equilibre (- 0,08 %). Meme atonie sur les autres places europeennes, tandis que de l'autre cote de l'Atlantique, le S&P 500 a cloture lundi en hausse de 1,5 %. Mardi, l'indice phare de la Bourse de Paris bondissait de 2,77 %. << C'est le contexte macroeconomique qui a prime >>Au final, sur la semaine, le CAC 40 a grimpe de 2,14 %, tandis que le Dax allemand s'arrogeait 3,84 % et que le Footsie britannique s'appreciait de 3,5 %. Aux Etats-Unis, le S&P 500 a cru de 3,27% cette semaine, et le Nasdaq, l'indice des valeurs technologiques, de 3,59%. Cynisme ? Inconscience ? Difficile de ne pas soupconner les investisseurs de l'un ou de l'autre, tant le decalage avec l'emotion, qui a marque toute la semaine ecoulee, semble important. Mais la planete finance ne tourne pas au meme rythme que celle des citoyens et des politiques. << C'est le contexte macroeconomique qui a prime >>, resume Sylvain Goyon, responsable de la strategie actions chez Natixis Global Research. Comprendre : abreuves aux liquidites qu'injecte depuis huit mois la Banque centrale europeenne (BCE), les investisseurs ont remarquablement encaisse l'onde de choc des attaques parisiennes.Accor et Air France dans le vertMeme les valeurs qui accusaient le coup lundi, tels l'hotelier Accor (- 4,7 %) ou Air France-KLM (- 5,6 %), ont termine la semaine dans le vert. Pourtant, les entreprises du tourisme, de l'hotellerie ou du luxe sont en premiere ligne apres les attentats. Dans... ", "theme": "Bourse"}