{"id_art": "a936802b03ca0d8e1acefaf1c24f3b5c", "title": "sept morts dans une explosion a lahore, au pakistan", "newspaper": "Le Monde", "author": "", "date_publi": "23/02/2017", "content": " Plusieurs personnes ont ete tuees jeudi par une explosion dans un quartier huppe de la capitale culturelle pakistanaise, Lahore. L'explosion n'est pas due a une bombe, comme annonce initialement par la police, mais a une fuite de gaz. << L'explosion d'hier est un accident. Elle n'a pas ete causee par des explosifs, elle n'est pas a attribuer au terrorisme >>, a declare vendredi Rana Sanaullah, ministre de la justice de la province du Pendjab dont Lahore est la capitale. Le bilan est desormais de sept morts et 28 blesses, a-t-il precise. Une deuxieme explosion a ete entendue a Lahore un peu plus tard, a rapporte la television pakistanaise. Lahore avait deja ete frappee par un attentat-suicide le 13 fevrier, au cours duquel 14 personnes avaient peri. Attaques revendiquees par les talibans et l'EI Depuis, le Pakistan a subi une serie d'autres attaques, qui ont fait plus de 100 morts, dont 90 lors de l'attaque d'un sanctuaire soufi dans la province du Sindh, dans le sud du pays. Elles ont ete revendiquees par les talibans pakistanais (TTP) et par l'organisation djihadiste Etat islamique (EI). L'attaque la plus recente au Pakistan remonte a lundi, lorsque trois kamikazes ont tente de forcer l'acces d'un tribunal pres de Charsadda, tuant sept personnes avant d'etre abattus. L'armee pakistanaise a annonce mercredi le lancement d'une operation antiterroriste dans l'ensemble du pays. ", "theme": "Asie-Pacifique"}