{"id_art": "aa783c7050090d0561c5ecd534823654", "title": "des debris epars sur la montagne couleur de cendre", "newspaper": "Le Monde", "author": "Ariane Chemin", "date_publi": "25/03/2015", "content": " D'ordinaire, par beau temps, les habitants de la vallee de la Blanche et de la Bleone, dans les Alpes-de-Haute-Provence, apercoivent dans le bleu du ciel de petits points noirs. Ils suivent les zebrures blanches qui fendent l'azur, signatures gaies et legeres, invitations moutonneuses aux voyages et aux reves d'ailleurs. Ce mardi 24 mars, c'est un avion etrangement gros, volant etrangement bas, que quelques-uns apercoivent avant midi. << Lui, il passe pas La Seche >>, l'un des sommets, lache a son ouvrier Jean-Pierre Roux, agriculteur a Chaudol, un hameau de La Javie, en observant devant sa bergerie le long-courrier qui les survole. Bucheron a Prads, dans le massif des Trois-Eveches, Sebastien Giroud se fait la meme reflexion. << Il passera pas >>, se dit-il entre ses troncs couches - autant de corps de bois mort auxquels il ne pense pourtant pas encore. Aucun des deux n'entend pourtant de choc ni d'explosion. Les guides, grimpeurs ou skieurs des contreforts de la Tete de l'Estrop, le sommet du massif qui culmine a 2 961 metres, ne reperent aucune fumee, ne respirent aucune odeur de kerosene. Jean-Pierre Roux reprend son travail, Sebastien Giroud son telephone. Ils ignorent qu'ils ont vu passer l'Airbus A320 de la Germanwings, filiale low cost de la compagnie allemande Lufthansa, attendu a 11 h 55 a l'aeroport de Dusseldorf et jamais arrive. Ils ont surpris sa longue, reguliere et inexplicable descente - 10 000 metres en 8 minutes. << C'est simple : c'est quelqu'un qui l'a entendu a la radio et m'a appele de Paris >>, raconte le maire de Saint-Pons, Michel Nicolao. Le vol 4U 9525 avait decolle de Barcelone a 10 h 01, un peu en retard. A son bord, 150 personnes, de diverses nationalites, dont une majorite d'Espagnols (quarante-cinq) et d'Allemands (soixante-sept). Parmi eux, seize lyceens d'Haltern, une commune de Rhenanie-du-Nord-Westphalie, et leurs deux professeures, ainsi que deux chanteurs de l'Opera de Dusseldorf. Deux... ", "theme": "Societe"}