{"id_art": "845d7c0bdada1140a9e7163a492c7359", "title": "le groupe etat islamique revendique un attentat meurtrier a bagdad", "newspaper": "Le Monde", "author": "", "date_publi": "02/01/2017", "content": " L'organisation Etat islamique (EI) a revendique, par son organe de propagande Aamaq, l'attentat a la voiture piegee sur un marche de Bagdad, lundi 2 janvier. Selon un bilan de la police irakienne, cette attaque a tue trente-deux personnes et fait soixante et un blesses. De nombreuses victimes sont des travailleurs journaliers qui attendaient d'etre embauches sur une place de Sadr City, un quartier situe dans le nord-est de la capitale, theatre de frequents attentats meurtriers. Cet attentat s'est produit quelques heures apres que le president Francois Hollande eut atterri a Bagdad dans le cadre d'une visite aux forces armees francaises. Malgre cette attaque meurtriere, M. Hollande a predit que 2017 serait << une annee de victoire contre le terrorisme >>. Un commissariat attaque L'EI a revendique, lundi soir, une autre attaque. Celle d'un commissariat de police, a Samarra, au nord de Bagdad. Des djihadistes equipes de vestes explosives ont attaque le batiment, provoquant une fusillade avec les forces de l'ordre, selon les autorites irakiennes. << Il y a eu une attaque terroriste contre le commissariat de Mutawakil et les forces irakiennes ont cerne >> les assaillants, a declare Saad Maan, porte-parole du ministere de l'interieur. Des coups de feu entre forces de l'ordre et assaillants se poursuivaient dans la soiree, selon la meme source. Un officier de police a toutefois affirme que cinq assaillants avaient ete tues et des renforts deployes. Samedi, un marche de Bagdad avait deja ete touche par une double explosion, egalement revendiquee par l'EI, qui a tue au moins vingt-sept personnes et en a blesse des dizaines d'autres. ", "theme": "Irak"}