{"id_art": "ae3d18762a16af399d13ac2f3c092ffe", "title": "les marches ont les yeux rives sur la bce", "newspaper": "Le Monde", "author": "Audrey Tonnelier", "date_publi": "10/01/2015", "content": " Bourse, ton univers impitoyable. Voila un slogan dont l'humour noir aurait pu plaire aux dessinateurs de Charlie Hebdo, froidement assassines, mercredi 7 janvier, pendant la conference de redaction de l'hebdomadaire satirique. Alors qu'une vague d'emotion mondiale submergeait citoyens, hommes politiques et medias, les grands indices mondiaux, eux, n'ont pas cille. Au contraire : jeudi, au lendemain de l'attaque, le CAC 40 a bondi de 3,59 %. Un score digne des seances les plus fastes de l'annee pour l'indice phare de la Bourse de Paris. Comme la veille, l'ensemble des grands indices boursiers mondiaux a termine dans le vert. Certes, les signes de solidarite du monde de la finance n'ont pas manque. Sur Times Square, a New York, l'immense panneau digital du Nasdaq, la Bourse des valeurs technologiques americaines, affichait en lettres blanches sur fond noir le slogan desormais repris sur tous les continents, en francais dans le texte : << Je suis Charlie >>. Lundi 12 janvier, Euronext, son homologue europeenne, a prevu de sonner sa cloche, d'ordinaire reservee a l'accueil des nouveaux entrants en Bourse, en memoire des victimes. Quant a l'hebdomadaire liberal britannique The Economist, son edition du 10 janvier arbore en << une >>, sur fond noir, un poing ensanglante qui brandit un crayon, avec la date du carnage, la encore dans la langue de Moliere. Mais sur les marches, point d'empathie. Certes, les indices ont recule vendredi, mais sous l'effet du recul de la production industrielle en Allemagne, en France et en Grande-Bretagne, ainsi que de la publication d'un rapport juge encourageant pour l'emploi americain, mais mitige sur les salaires. Pour autant a aucun moment, le CAC 40 n'a semble accuser le coup. Les precedentes attaques terroristes ont pourtant souvent fait trebucher les indices boursiers. Le 11 mars 2004, les attentats dans des trains de banlieue a Madrid avaient fait chuter la Bourse espagnole de plus de 2 %, et le... ", "theme": "Economie"}