{"id_art": "0fb5cb146a99a8bed06a5e744e0816ec", "title": "francois fillon, projet d'attentat, saint-valentin... les informations a retenir a la mi-journee", "newspaper": "Le Monde", "author": "", "date_publi": "14/02/2017", "content": " Des elus de droite estiment qu'il est << impossible de faire campagne >> pour Francois Fillon Un groupe de parlementaires Les Republicains (LR) s'est reuni lundi soir a Paris, inquiets de la tournure que prend la campagne de Francois Fillon apres les revelations sur l'emploi presume fictif de son epouse comme assistante parlementaire. Projet d'attentat : trois suspects, interpelles vendredi dans l'Herault, presentes a la justice Les trois suspects, deux hommes de 20 et 33 ans, connus des services de renseignement, et une jeune fille de 16 ans, ont ete interpelles vendredi dans l'Herault. Saint-Valentin : pourquoi tant de haine contre la journee de l'amour ? Mauvais gout, mievrerie... L'amour est cense etre exceptionnel tous les jours, mais c'etait quand la derniere fois qu'on a sorti le grand jeu ? Et aussi : Affaire d'Aulnay. Ce que proposent les candidats a l'Elysee pour ameliorer les relations entre police et population Etats-Unis. Depuis l'arrivee de Donald Trump, la Maison Blanche sous tension Internet. Comment les Americains s'informent, oublient et reagissent sur les reseaux sociaux ", "theme": "Les decodeurs"}