{"id_art": "55138e0d2f051e416b58eb96cd09e2ed", "title": "alain soral condamne a 2 000 euros d'amende pour diffamation d'un polemiste marseillais", "newspaper": "Le Monde", "author": "", "date_publi": "14/03/2017", "content": " L'essayiste d'extreme droite Alain Soral a ete condamne mardi 14 mars par le tribunal correctionnel de Marseille pour diffamation publique d'un dentiste blogueur, Salim Laibi, a une amende penale de 2 000 euros. Il etait poursuivi par un chirurgien-dentiste marseillais, blogueur polemiste ecrivant sous le pseudonyme << Le libre penseur >>, pour des propos tenus sur sa page Facebook en janvier 2015. M. Soral y ecrivait : << On ne l'entend plus le dentiste obese. Il n'appelle plus au djihad antigaulois. C'est pourtant sa ligne depuis des mois. >> << C'est une discussion entre polemistes, a declare Fabrice Castoldi, president du tribunal, neanmoins la liberte d'expression invoquee a des limites et elles ont ete depassees. >> Le tribunal a ainsi ecarte l'argument de l'avocat d'Alain Soral qui estimait que << les propos [incrimines] n'ont pas excede les limites de la liberte d'expression >>. Six condamnations En depit de trois commissions rogatoires et d'un mandat d'amener delivres par un juge d'instruction marseillais, Alain Soral n'avait pu etre mis en examen. A l'audience, le 24 janvier, Salim Laibi avait rappele que ces propos avaient ete tenus quelques jours apres l'attentat contre la redaction de Charlie Hebdo : << On est en etat d'urgence, il me met en danger, il me diffame et il est coutumier du fait. >> Reclamant une relaxe, l'avocat d'Alain Soral avait plaide que les deux hommes << se detestent cordialement, politiquement, ideologiquement et personnellement mais on est dans un domaine ou il y a des frictions >>. Six condamnations sont inscrites au casier judiciaire d'Alain Soral, principalement pour diffamation et injure. ", "theme": "Police et justice"}