{"id_art": "d3962cd3e5caf05672dac5cee9e4e7ef", "title": "l'armee egyptienne va raser rafah pour isoler gaza", "newspaper": "Le Monde", "author": "Hélène Sallon", "date_publi": "10/01/2015", "content": " Dans des camionnettes, des habitants de la ville egyptienne de Rafah ont charge les quelques biens qu'ils pouvaient emmener, sous l'oeil des soldats, avant de quitter leur maison promise a la destruction. Les autorites egyptiennes ont lance, jeudi 8 janvier, la seconde phase de l'etablissement d'une zone tampon a la frontiere avec la bande de Gaza. Cent maisons ont ete evacuees et douze dynamitees, vendredi. L'armee a prevu de detruire, en quelques jours, 1 220 habitations accueillant 2 044 familles dans l'une des zones les plus peuplees du nord de la peninsule du Sinai. Dans plusieurs mois, Rafah et certains villages alentours devraient etre rayes de la carte. Le gouverneur de la province du Nord-Sinai, le general Abdelfattah Harhour, l'a admis, mercredi, devant la presse et a annonce qu'<< une nouvelle ville de Rafah existera >> hors de la zone tampon. Les autorites egyptiennes avaient deja detruit, debut novembre 2014, 800 maisons pour etablir une zone tampon de 500 metres. Elle devrait, selon le plan du gouvernement, s'etendre jusqu'a 6,4 kilometres de largeur et 13,5 kilometres de longueur pour inclure 75 000 Egyptiens. Son objectif : lutter contre l'insurrection djihadiste dans le Sinai et empecher la contrebande par les tunnels reliant la bande de Gaza. << L'operation est presentee aux Egyptiens comme une repression contre les terroristes, les contrebandiers et les espions. Mais elle permet aussi de maintenir l'alliance avec Israel en les aidant a se debarrasser des tunnels du Hamas, de mettre la pression sur Washington pour qu'il ferme les yeux sur les violations des droits de l'homme en Egypte et de renforcer le regime militaire egyptien >>, estime Omar Achour, specialiste du Sinai a l'universite d'Exeter, au Royaume-Uni. Vecu comme une << punition collective >>La decision avait ete prise apres l'attaque du 24 octobre 2014, la plus meurtriere perpetree contre les forces de securite depuis la destitution du president islamiste... ", "theme": "Proche-Orient"}