{"id_art": "918f8adcbbe57c3213e7a7cd4ca16be3", "title": "la bourse de paris peu affectee par les attentats", "newspaper": "Le Monde", "author": "Audrey Tonnelier", "date_publi": "16/11/2015", "content": " La psychologie des marches financiers n'est pas celle des citoyens. Trois jours apres les plus terribles attentats qu'ait connus la France, le CAC 40 a ouvert en legere baisse de 1,06 %, lundi 16 novembre au matin. Francfort perdait 0,93 %, Londres glissait de 0,61 %... Loin, tres loin d'un seisme comparable a la monstruosite des attaques. Au sein du CAC 40, le groupe hotelier Accor plongeait tout de meme plus de 6 % lundi matin, suivi par les specialistes du luxe LVMH (- 2 %) et Kering (- 1,5 %). Air France-KLM perdait plus de 5 %. << Bien sur, la reaction a court terme des marches ne peut pas etre positive pour les valeurs en lien avec la consommation et le tourisme [chaines hotelieres, compagnies aeriennes, luxe, distribution...]. Mais je ne crois pas a une chute durable. De plus, avec Internet et l'essor de groupes comme Amazon, on dispose aujourd'hui de canaux nouveaux permettant de continuer a consommer, meme sans sortir de chez soi. Par ailleurs, on peut aussi avoir une reaction inverse, avec des personnes qui vont plutot desepargner et consommer afin de se rendre la vie plus douce, dans un monde incertain >>, detaille Sylvain Goyon, responsable de la strategie actions chez Natixis Global Research.Le 8 janvier dernier, au lendemain de l'attentat contre la redaction de Charlie Hebdo, le CAC 40 avait termine en forte hausse de 3,59 %. A l'epoque, les investisseurs pariaient - deja - sur une action forte de la Banque centrale europeenne (BCE) afin de soutenir l'economie du Vieux Continent. C'est ce qu'ils avaient pris en compte, davantage que les attentats francais. << Seule une deterioration marquee de la situation en France, avec l'instauration d'une psychose qui se propagerait aux pays voisins, pourrait vraiment affecter la Bourse. Pour l'heure, on voit plutot une population qui fait front, et cela est de nature a rassurer les investisseurs >>, indiquait alors un analyste au Monde.<< Environnement tres incertain >>Les precedentes attaques terroristes ont pourtant souvent fait trebucher les indices boursiers. Le 11 mars 2004, les attentats dans des trains de banlieue a Madrid avaient fait chuter la Bourse espagnole de plus de 2 %, et le CAC 40 de pres de 3 %.Le 7 juillet 2005, les bombes placees dans le metro et dans un autobus londonien avaient provoque un plongeon de plus de 3 % du Footsie britannique en seance, imite par les autres places europeennes et par la livre sterling.<< L'impact a moyen terme des attentats pourrait etre davantage visible dans les perspectives d'investissement des entreprises, deja poussives en France >>Sans parler du 11 septembre 2001 : apres l'effondrement des tours jumelles, Wall Street avait ete fermee quatre jours, et il avait fallu la mobilisation des operateurs financiers pour que le Dow Jones ne cede << que >> 7 % a la reouverture des marches, le 17 septembre.<< Plutot que sur la consommation, l'impact a moyen terme des attentats du 13 novembre pourrait etre davantage visible dans les perspectives d'investissement des entreprises, deja poussives en France. Les investisseurs risquent de reporter encore davantage leurs decisions d'investissement, dans un environnement tres incertain >> estime M. Goyon. Au-dela des consequences economiques, les investisseurs devraient s'interroger egalement sur les implications geopolitiques, alors que la France a riposte dimanche en bombardant un fief du groupe Etat islamique en Syrie. << La grande question est de savoir si nous assisterons a une escalade du conflit en Syrie et en Irak <<, a indique a l'AFP Angus Nicholson, analyste au sein du courtier britannique IG, rappelant que le president Francois Hollande a parle d' << acte de guerre >> au sujet des attentats.Les attaques interviennent toutefois dans un contexte de renforcement de l'action de la Banque centrale europeenne (BCE). Les observateurs attendaient deja un renforcement des mesures de rachats d'actifs (<< QE >>) de l'institution pour decembre. Il n'en devient que plus probable, ce qui devrait soutenir les marches. ", "theme": "Economie"}