{"id_art": "744a1ce309920292eb81998c951ffa47", "title": "jordanie : l'ei revendique l'attaque de karak", "newspaper": "Le Monde", "author": "", "date_publi": "20/12/2016", "content": " Le groupe Etat islamique (EI) a revendique l'attaque meurtriere ayant << vise policiers et touristes >> dimanche pres du site touristique de Karak en Jordanie, selon un communique diffuse mardi 20 decembre sur Internet. << Quatre soldats du califat - decedes - munis d'armes automatiques et de grenades ont attaque des rassemblements de la securite jordanienne et des ressortissants des Etats de la coalition croisee dans la ville de Karak, en Jordanie >>, affirme le texte faisant reference a la coalition internationale antidjihadistes qui lutte contre l'EI en Syrie et en Irak. L'attaque pres du site de Karak, a 120 kilometres au sud d'Amman, a fait dix morts - sept policiers, deux civils jordaniens et une touriste canadienne - et une trentaine de blesses, selon les autorites jordaniennes. Elle a vise un commissariat et une patrouille de police. Ceintures explosives et armes automatiques Apres plusieurs heures d'accrochages, les quatre assaillants ont ete abattus par les forces de securite dans la citadelle croisee, une des plus grandes de la region, ou ils s'etaient retranches. Une source de la securite interrogee par l'AFP avait indique qu'il s'agissait de << Jordaniens membres d'une cellule terroriste >> et << soupconnes d'etre lies a Daech [EI] >>. La surete generale a aussi affirme qu'une << grande quantite d'explosifs, des ceintures explosives et des armes automatiques [avaient] ete saisies >> dans une maison ou les quatre assaillants avaient prepare leur operation. Le ministre de l'interieur avait affirme qu'au vu de la quantite d'explosifs et d'armes saisis, les auteurs planifiaient des attentats a plus grande echelle. Par ailleurs, un policier jordanien a ete tue mardi au cours d'une operation de securite << contre des hommes armes >> dans la province meridionale de Karak, ou a eu lieu l'attaque de l'EI, a annonce une source de securite a l'Agence France-Presse. La Jordanie est membre de la coalition internationale antidjihadistes qui bombarde l'EI en Syrie et en Irak depuis 2014 et accueille sur son territoire des troupes de cette coalition. Quatre attaques << terroristes >> ont affecte le pays cette annee, dont un attentat-suicide en juin revendique par l'EI et qui a coute la vie a sept gardes-frontieres jordaniens pres de la frontiere avec la Syrie. ", "theme": "International"}