{"id_art": "aeab7e0e7159c30f0e67e2d652f461b3", "title": "berlin, vendee, << football leaks >>... les informations a retenir a la mi-journee", "newspaper": "Le Monde", "author": "", "date_publi": "20/12/2016", "content": " Berlin : les autorites confirment que le carnage etait un attentat C'est l'attentat que les Allemands redoutaient depuis des mois. Berlin a ete touche en plein coeur, lundi, par une attaque meurtriere. Peu apres 20 heures, sur Breitscheidplatz, une grande place centrale de l'ouest de la ville, un poids lourd a fonce sur la foule rassemblee au marche de Noel. Au moins cinq morts et de nombreux blesses dans un important carambolage en Vendee L'accident s'est produit sur la voie rapide entre Les Sables-d'Olonne et La Roche-sur-Yon, a hauteur de Sainte-Flaive-des-Loups. Plusieurs dizaines de vehicules seraient impliques. << Football Leaks >> : une enquete ouverte en France pour << blanchiment de fraudes fiscales aggravees >> Le parquet national financier a annonce mardi l'ouverture d'une enquete preliminaire pour << blanchiment de fraudes fiscales aggravees >>, faits susceptibles de concerner des residents fiscaux francais, a la suite des << Football Leaks >>, vaste enquete revelant des pratiques d'evasion fiscale de grands noms du football. Et aussi : Fusillade a Zurich. La police arrete la traque du tireur apres l'identification d'un cadavre. Justice. Le FMI renouvelle sa << confiance >> a sa directrice generale. Pollution. Les autocaristes defient la politique antidiesel de la Mairie de Paris. ", "theme": "Les decodeurs"}