{"id_art": "b5555f409e9f67012fce5170fb489ee5", "title": "affaire maelys : comment travaille la police scientifique", "newspaper": "Le Monde", "author": "Eléa Pommiers\n", "date_publi": "16/02/2018", "content": " C'est une petite trace de sang retrouvee au terme de six mois d'enquete qui a finalement pousse Nordahl Lelandais aux aveux, mercredi 14 fevrier. Apres des mois de denegation, le principal suspect dans cette affaire d'enlevement a reconnu avoir tue la petite Maelys, 9 ans, disparue dans la nuit du 26 et 27 aout 2017, en Isere. Lire aussi : Qui est Nordahl Lelandais, le suspect dans l'affaire Maelys ? Richard Marlet est commissaire divisionnaire honoraire, ancien chef du service regional d'identite judiciaire de Paris (1995-2005), et il enseigne la police technique et scientifique a l'Institut de criminologie de Paris. Pour lui, l'affaire Maelys montre bien l'<< importance de l'exploitation des traces >> et le role de la police scientifique. Diriez-vous que la police scientifique a joue un role central dans l'affaire Maelys ? Il y avait plusieurs elements au dossier, comme les traces d'ADN ou cette voiture lavee pendant des heures. Mais il est vrai que le mis en examen [Nordahl Lelandais] avait reponse a tout. C'est effectivement la mise en evidence de cette trace de sang qui a fissure sa defense et l'a fait passer aux aveux. Ce qui est interessant avec cette affaire, c'est que l'on voit tout du long l'importance de l'exploitation des traces. Celles-ci, qu'elles soient digitales, genetiques, numeriques, sont toujours le vestige d'une action ou d'une presence. L'ADN decouvert dans la voiture montrait par exemple la presence de Maelys. Mais il s'agissait probablement d'une trace de contact : elle pouvait avoir ete laissee par Maelys elle-meme, mais egalement par le mis en examen qui l'aurait touchee et aurait ensuite depose son ADN dans l'habitacle de la voiture. La trace de sang dans le coffre est beaucoup plus parlante. La presence de Maelys dans le coffre aurait egalement pu etre materialisee si on y avait retrouve des traces d'odeur. Mais le mis en examen avait voulu masquer ces traces d'odeur et avait lave sa voiture avec un produit qui a empeche la police de les recolter. Toutes ces traces doivent etre innombrables quand vous arrivez sur une scene de crime, comment procedez-vous pour les identifier, les trier, et les preserver ? En effet, les specialistes de la police technique et scientifique savent tres bien qu'une scene de crime est toujours polluee, d'autant qu'ils sont rarement les premiers intervenants. Les gardiens de la paix, les pompiers, ou toute personne etant passee sur la scene de crime ont logiquement laisse leurs traces. Donc les specialistes relevent les profils ADN et les empreintes digitales de toutes ces personnes, pour eliminer les traces non pertinentes. Ensuite, il ne faut pas oublier que nous n'avons pas de preuve, nous n'avons que des traces sans signification et qui ne deviendront des indices que si on leur fait dire quelque chose. Pour cela, nous devons leur garantir une securite juridique : tous les elements de la scene de crime doivent figurer dans les constatations ecrites faites par le procedurier. Nous devons aussi nous assurer de leur << qualite >> : elles doivent etre prelevees avec precaution et methode, et etre conditionnees de maniere a ne pas etre contaminees avant leur examen au laboratoire. On ne mettra pas, par exemple, un tissu tache de sang dans un sac plastique qui laisse passer la lumiere, l'humidite, et permet le developpement de bacteries. Ce doit etre un travail particulierement long... En effet, c'est un travail particulierement minutieux. Il faut absolument mettre en evidence toutes les traces qui mettent en lien l'auteur, la victime, l'arme etc. Nous devons donc faire attention a ne pas detruire des traces en en cherchant d'autres, et c'est pourquoi il existe de nombreux protocoles. Nous savons par exemple que si nous utilisons de la poudre pour mettre en evidence des empreintes digitales, nous aurons ensuite du mal a trouver de l'ADN. Nous disposons aussi de produits qui peuvent etre vaporises pour reveler les traces de sang meme quand elles ont ete lavees, mais si nous aspergeons toute une scene de crime nous risquons de polluer de futurs prelevements ; il faut donc preferer les lumieres monochromatiques. Il faut examiner l'endroit centimetre par centimetre, et c'est tres long. Dans le cas de Maelys, les specialistes de la police technique et scientifique ont abord realise tout cela dans l'habitacle de la voiture, avant de regarder ce qu'il y avait dessous. Et meme une fois la trace de sang decouverte, c'est tres complique. Il faut se demander s'il s'agit bien de sang, de sang humain, et si un profil genetique peut en etre extrait. Comment toutes ces techniques ont-elles evolue avec le temps ? Par exemple, pour l'attentat de 1995, je me souviens qu'a Orsay [17 octobre 1995, 26 blesses], on etaient restes sur la scene de crime quelques heures - sept, huit, dix peut-etre. Alors qu'a Port-Royal [3 decembre 1996, 4 morts et 96 blesses], on etait restes trois jours. Il ne s'est pas passe beaucoup de temps entre les deux, mais on avait appris a faire des choses, on avait appris qu'une scene de crime, c'etait plusieurs jours. C'est aussi ce qui est tres interessant dans l'affaire Maelys : l'importance des traces numeriques, que j'appelle la troisieme revolution en termes de police scientifique. La premiere etait les empreintes digitales, la deuxieme les empreintes genetiques. La on voit bien l'utilisation des traces laissees par les telephones, le bornage, mais aussi le traitement des images video. Avec l'exploitation de ces traces, les progres sont rapides et constants. Par exemple, si on recupere vingt-quatre heures d'images de la RATP, il faudrait des centaines d'enqueteurs pour les visionner. Mais maintenant avec les progres de l'intelligence artificielle, on est capable d'identifier qu'il ne se passe rien sur telle sequence, et donc de la passer, ou encore de dire aux ordinateurs de reconnaitre un visage. Cela s'est fait sur les cinq dernieres annees. Peut-on aujourd'hui resoudre une affaire sans avoir recours a la police scientifique ? C'est vrai qu'on nous demande beaucoup sur toutes les affaires mysterieuses, ou les liens entre victimes et auteurs ne sont pas clairs. Mais environ 80 % des homicides commis en France ne sollicitent pas la police scientifique de facon tres prolongee ! Un homme a tue sa femme, ou l'amant de sa femme, ou c'est une bagarre qui a mal fini... On demande juste a la police scientifique de verifier que les elements materiels correspondent bien a l'hypothese de base. D'autre part, la police scientifique sert surtout a la resolution des affaires de petite et de moyenne delinquance. C'est la qu'on identifie le plus de traces digitales. Dans le cas de Maelys, les enqueteurs pourront-ils encore trouver des traces a l'endroit ou le corps a ete retrouve ? C'est une nouvelle scene de crime, qu'il va falloir analyser a nouveau. Les traces d'odeur disparaissent au bout de 48 heures, mais pas les empreintes digitales ou genetiques. La, on a parle d'ossements decouverts. On pourrait retrouver des traces de fractures, ou des traces laissees par une arme qui aurait atteint les os et qui nous donneraient des indications sur les circonstances de la mort. ", "theme": "Police et justice"}