{"id_art": "e549ae0cb3f497b399823451571a60ae", "title": "attentat d'orlando : la femme du tireur inculpee", "newspaper": "Le Monde", "author": "", "date_publi": "17/01/2017", "content": " Au lendemain de son interpellation chez elle, en Floride, la femme de l'auteur de l'attentat dans une boite de nuit d'Orlando frequentee par des homosexuels, qui fit quarante-neuf morts en juin 2016, a ete formellement inculpee mardi 17 janvier. Elle est soupconnee d'aide indirecte a une organisation terroriste et d'obstruction a la justice, a annonce le bureau du procureur federal pour la region centrale de Floride sur Twitter : Indictment unsealed: Wife of Pulse Nightclub shooter charged w aiding & abetting his attack & obst. of justice. https://t.co/K7lyvvl1pV-- USAO_MDFL (@USAO Middle Florida) require([\"twitter/widgets\"]); D'apres l'acte d'accusation, Noor Zahi Salman, citoyenne americaine d'origine palestinienne, a << en connaissance de cause aide Omar Mateen >>, au moins entre la fin d'avril 2016 et l'attaque du 12 juin, dans sa << tentative d'apporter un \"soutien et des ressources substantiels\" >> a << une organisation etrangere terroriste, a savoir l'Etat islamique (EI) >>. Obstruction a la justice Noor Zahi Salman << s'est en connaissance de cause comportee de facon trompeuse >> envers des enqueteurs de la police de Floride et envers les agents speciaux du Bureau federal d'enquete (FBI), ajoute le document d'inculpation. Dans un entretien en novembre au New York Times, Noor Zahi Salman avait dit qu'elle << ignorait tout >> de l'attaque, << je n'approuve pas ce qu'il a fait >>, avait-elle ajoute. La fusillade du 12 juin 2016 dans le club Pulse a ete la pire attaque terroriste aux Etats-Unis depuis le 11 septembre 2001, faisant quarante-neuf morts et cinquante-trois blesses. L'auteur du massacre, Omar Mateen, a ete abattu par les forces de l'ordre. ", "theme": "Ameriques"}