{"id_art": "fee338e13593df5e8e1f2b06a1e0ba81", "title": "syrie : attentat dans la ville cotiere de jable, un fief du regime", "newspaper": "Le Monde", "author": "", "date_publi": "05/01/2017", "content": " Un attentat a la voiture piegee a ete perpetre jeudi 5 janvier dans la ville cotiere de Jable, un fief du regime dans l'ouest de la Syrie, au sud de Lattaquie. Au moins 14 personnes ont ete tuees, a rapporte l'Observatoire syrien des droits de l'homme (OSDH). La television d'Etat syrienne a donne un bilan de 9 morts et de 25 blesses, et a diffuse des images d'une voiture en flammes et de gens attroupes pres du lieu de l'attentat, a proximite du stade municipal, dans une rue tres frequentee. D'apres l'OSDH, il n'est pour le moment pas evident de dire si les morts sont des civils ou des soldats syriens en poste. Les services de securite ont boucle la zone. Le 23 mai, une serie d'attentats, dont des attaques-suicides, revendiques par l'organisation Etat islamique ont fait plus de 170 morts a Jable et Tartous, autre ville cotiere consideree comme un fief du regime en guerre contre les rebelles et les djihadistes dans le pays. Lire aussi : Syrie : les alaouites frappes par plusieurs attentats ", "theme": "Proche-Orient"}