{"id_art": "853b1be926b2b693a8c278adf6b319b7", "title": "arrestations antiterroristes du 21 fevrier : deux des trois suspects mis en examen", "newspaper": "Le Monde", "author": "Elise Vincent", "date_publi": "25/02/2017", "content": " Deux des trois suspects arretes mardi 21 fevrier a Clermont-Ferrand, a Marseille et dans le Val-de-Marne, soupconnes de vouloir commettre une action violente en France, ont ete deferes, samedi 25 fevrier, a appris Le Monde de source judiciaire. La garde a vue du troisieme a ete levee sans qu'aucune charge soit retenue. Ils ont ensuite ete mis en examen du chef d'association de malfaiteurs criminelle et detention d'armes en relation avec une entreprise terroriste. Les deux hommes ont ete places en detention provisoire, conformement aux requisitions du parquet de Paris. Actifs sur les reseaux sociaux Les trois suspects, ages de 19, 27 et 31 ans, ont ete interpelles onze jours apres un precedent coup de filet antiterroriste dans l'Herault. Deux hommes et une adolescente avaient ete arretes, le 10 fevrier, suspectes de preparer un attentat << imminent >>, selon le ministre de l'interieur, Bruno Le Roux qui s'etait alors exprime. Selon les premiers elements de l'enquete, les hommes mis en examen samedi avaient des velleites de depart en Syrie ainsi que des projets de passage a l'acte en France. << Aucun projet precis n'a toutefois ete mis au jour a ce stade >>, rapporte-t-on de source proche de l'enquete. L'un de ces suspects avait des liens avec le plus age des prevenus du dossier de l'Herault, Malik H., 33 ans. La nature de leur relation reste cependant encore a determiner. Tous ces hommes ont ete reperes pour leur activisme sur les reseaux sociaux. A la difference de l'Herault, aucun explosif n'a toutefois ete retrouve lors des perquisitions. ", "theme": "Police et justice"}