{"id_art": "fa99c106ffa7a04c0be05ddf0a2deda2", "title": "grandes et petites peurs des europeens", "newspaper": "Le Monde", "author": "", "date_publi": "05/02/2015", "content": " Que craignent par-dessus tout les citoyens europeens ? Au lendemain des attentats de Paris, et alors que le ton monte entre l'Ukraine et la Russie, petit tour d'horizon des phobies nationales.L'Allemagne tremble pour son argentL'expression German Angst, l'angoisse allemande, designe la tendance qu'auraient les Allemands a se comporter de maniere hesitante et anxieuse, ou a surreagir par angoisse. Exemple : la reserve dont ils font preuve en politique etrangere, leur aversion envers les interventions militaires, ou leur sortie du nucleaire operee juste apres l'accident de Fukushima au Japon. << Les Allemands ont tendance a etre angoisses. Cela s'est grave dans leur conscience depuis la fin du nazisme et de la guerre >>, affirme l'ancien chancelier Helmut Schmidt. Sur l'echelle de l'angoisse etablie par le groupe informatique Unisys, qui mesure entre autres le sentiment personnel de securite, l'Allemagne se situe a peu pres au milieu des treize pays etudies, avec 146 points sur un total potentiel de 300. Les Francais ont plus peur (174) et les Britanniques moins (103). Ce sont les Neerlandais qui se sentent le plus en securite (66) - peut-etre parce qu'ils depensent deux fois plus en assurances diverses que les Allemands. Selon la compagnie d'assurances R + V, c'est pour leur argent que les Allemands se font le plus de soucis : 58 % redoutent la hausse du cout de la vie. Suivent, avec 51 %, la crainte de tomber malade et de se retrouver a la charge d'autrui, ainsi que la peur des catastrophes naturelles. L'<< indice d'angoisse >>, la moyenne de toutes les angoisses personnelles, economiques et politiques, a atteint en 2014 sa valeur la plus basse en vingt ans.La France sous la menaceLe sentiment de menace n'a jamais ete aussi eleve en France : 93 % des Francais estiment que la menace est << plutot elevee >> ou << tres elevee >>, selon un sondage IFOP realise pour le site Atlantico quelques jours apres les attentats des 7, 8... ", "theme": "Europe"}