{"id_art": "1a8691db7856e3772b2fc7389724e724", "title": "le risque d'attaques chimiques, << reel mais tres faible >>", "newspaper": "Le Monde", "author": "Angela Bolis", "date_publi": "20/11/2015", "content": " - @ManuelValls : \"Il peut y avoir le risque d'armes chimiques ou bacteriologiques\" https://t.co/w5RglMQNgW #DirectAN https://t.co/yYFJYVIiuP-- LCPan (@LCP) require([\"twitter/widgets\"]); Au risque d'ajouter au climat d'anxiete qui regne depuis les attentats du 13 novembre, le premier ministre Manuel Valls a evoque, jeudi 19 novembre au detour du discours sur la prolongation de l'etat d'urgence a l'Assemblee nationale, le spectre d'une attaque terroriste chimique ou biologique. << Nous sommes en guerre >>, a-t-il souligne, evoquant de nouveaux << modes operatoires, facons de frapper, de tuer >>. << Il ne faut aujourd'hui rien exclure et je le dis avec toutes les precautions qui s'imposent, mais nous le savons et nous l'avons a l'esprit, il peut y avoir aussi le risque d'armes chimiques et bacteriologiques. >>Pourquoi Manuel Valls a-t-il fait cette declaration ?Matignon a assure au Monde que ces propos ne faisaient suite a aucune << nouvelle information sur l'etat de la menace, juste a un constat realiste >>. << Les specialistes du Proche-Orient savent que Daech cherche et utilise des armes chimiques. Ne pas envisager cette hypothese serait une faute >>, a precise Matignon.Pour l'etat-major, aucune alerte n'est a signaler et aucune mesure particuliere prevue. Mais, note-t-on au ministere de la defense, << certains tabous etant tombes >> avec les derniers attentats - premiers kamikazes, dont une femme, en France - << tout est possible >>.Interroge au JT de France 2, M. Valls a de nouveau precise ses propos jeudi soir, evoquant un risque << extremement limite >>, sans << indice >> particulier.Hasard du calendrier, le risque a ete rappele le 15 novembre, lors de la publication d'un arrete qui permet a la pharmacie centrale des armees d'approvisionner en grande quantite les SAMU en sulfate d'atropine - et ce en vue de la COP21, la grande conference des Nations unies sur le climat a Paris. Lire aussi Valls dramatise encore plus sa communication Ce produit jusque-la reserve aux militaires est un remede contre les neurotoxiques de la famille des organophospores, dont fait partie le gaz sarin, utilise comme arme chimique sur le theatre syrien.Le sarin - un gaz inodore, incolore et tres volatil, considere depuis 1991 par les Nations unies comme une arme de destruction massive - attaque le systeme nerveux apres inhalation ou simple contact. Il cause, notamment, des vomissements, diarrhees, convulsions musculaires, douleurs aux yeux et a la tete, paralysie, et peut provoquer un arret respiratoire en quelques minutes si la dose est importante. Que sait-on de la capacite de l'Etat islamique a utiliser des armes chimiques ?Parmi les armes prohibees, on sait que l'Etat islamique (EI) possede, au moins, du gaz moutarde. L'Organisation pour l'interdiction des armes chimiques (OIAC) a confirme son usage le 21 aout a Marea, dans le nord de la Syrie. Selon des militants sur place, plus de cinquante obus de mortier avaient ete lances ce jour-la sur la ville par l'EI.Ce gaz, egalement nomme Yperite, provoque de severes brulures chimiques et des detresses respiratoires, et tue lorsqu'il est utilise en tres grande quantite. C'est la substance qu'a utilise le regime de Sadam Hussein en 1988 contre les Kurdes du nord de l'Irak, lors du massacre de Halabja en 1988, qui a fait environ 5 000 morts.En Irak, les peshmergas kurdes ont aussi accuse l'EI a plusieurs reprises - en decembre 2014, en mars, en aout - d'attaques avec des obus chimiques. Depuis 2013, le stock d'armes chimiques du regime syrien << a ete detruit a 98 % >>, notait Ahmet Uzumcu, le directeur general de l'OIAC, en avril. Mais << compte tenu de la propension des terroristes a exploiter les vulnerabilites du systeme global de securite, la menace des armes chimiques doit etre une preoccupation pour tous les Etats >>.Au plan international, les armes chimiques ont ete interdites aux lendemains de la premiere guerre mondiale, premiere << guerre chimique >>, lors du protocole de Geneve de 1925. Une interdiction renforcee en 1993 par la Convention sur l'interdiction des armes chimiques, que l'OIAC est charge de faire respecter. Lire aussi (en abonnes) L'Etat islamique experimente la guerre chimique contre les Kurdes L'Etat islamique est-il en capacite de proceder a des attaques chimiques hors de son territoire ?Pour Olivier Lepick, chercheur associe a la Fondation pour la recherche strategique (FRS), << la menace >> d'utilisation d'armes chimiques sur des territoires exterieurs a la Syrie et a l'Irak << est reelle, mais elle reste tres faible, compte tenu des barrieres techniques et logistiques pour detenir ces produits en grande quantite, et pour les deplacer sur des milliers de kilometres >>.Toutefois, selon M. Lepick, << ce serait tout a fait dans la ligne de terreur de Daesh [l'EI] de s'interesser a ce type d'armes qui, meme en cas d'attentat rate, a un impact psychologique enorme >>.Une attaque au chlore, peu mortelle mais pouvant causer de nombreux blesses, reste en tout cas plus aisee a mener. Les gaz de chlore, des toxiques respiratoires, sont << des produits chimiques industriels tres communs >>, releve Patrice Binder, ancien medecin general inspecteur du service de sante des armees.Du cote des risques biologiques, << des agents pathogenes, comme celui de la maladie du charbon [responsable de cinq morts apres l'envoi d'enveloppes contaminees en septembre 2011 aux Etats-Unis], le bacille de la peste, ou le virus de la variole, sont tres surveilles. Mais ils pourraient, avec surtout d'autres agents plus accessibles, etre aussi a leur portee >>, estime-t-il. Comment la France est-elle preparee a d'eventuelles attaques chimiques et/ou biologiques ?La menace a ete integree au plan Vigipirate apres les attentats au sarin dans le metro de Tokyo en 1995. Le dispositif << Piratox >>, comprend des volets prevention, urgence et judiciaire face a une attaque chimique, et << Biotox >>, est dedie au biologique.Ces plans s'appuient surnotamment sur << un reseau de laboratoires specialises en microbiologie et chimie, qui s'entraine une fois par an sur ce type de risques, et peut etre mobilise en cas d'alerte >>, ajoute le medecin general Binder, qui a preside le comite scientifique du reseau national des laboratoires Biotox-Piratox depuis sa creation, en 2004 jusqu'en 2014.Hasard du calendrier encore, un Comite national consultatif pour la biosecurite (CNCB), qui sera charge de donner des avis scientifiques sur les risques de certaines recherches en microbiologie, doit etre officiellement installe par le secretaire general de la defense et de la securite nationale la semaine prochaine. ", "theme": "Attentats du 13-Novembre"}