{"id_art": "5acdb0580c809b9820393ebb95074ef4", "title": "plusieurs explosions font une quarantaine de blesses aux philippines", "newspaper": "Le Monde", "author": "", "date_publi": "29/12/2016", "content": " Au moins 39 personnes ont ete blessees dans plusieurs explosions, mercredi 28 decembre aux Philippines. Dans un premier temps, deux bombes ont blesse 33 personnes qui assistaient a un match de boxe amateur dans la ville de Hilongos, sur l'ile de Leyte, au centre de l'archipel. Un troisieme engin, qui n'a pas explose, a ete retrouve dans cette ville a 620 km au sud de Manille, selon son maire, Albert Villahermosa. La police precise qu'aucun suspect n'a ete identifie ni aucune revendication emise. Une heure plus tard, a des centaines de kilometres au sud, une bombe a explose sur une autoroute de l'ile de Mindanao, a Aleosan, blessant six personnes, a declare le lieutenant-colonel Edgar Delos Reyes, de l'armee philippine. Lire aussi : Le terrorisme philippin ravive sous la banniere de l'Etat islamique Une rebellion armee sevit a Mindanao Les attaques se multiplient sur l'archipel. La veille de Noel, une attaque contre une eglise ou des fideles arrivaient pour la messe de minuit a fait treize blesses, sur l'ile meridionale de Mindanao, non loin d'Aleosan. La police philippine a juge qu'il etait trop tot pour dire si les attentats de mercredi etaient lies. Mindanao, ou vit une importante minorite musulmane, est secouee depuis des decennies par une rebellion armee. Le groupe Maute, lie a l'organisation Etat islamique, est notamment soupconne d'une tentative d'attentat fin novembre contre l'ambassade des Etats-Unis. Quinze personnes avaient ete tuees en septembre dans un attentat a Davao, localite d'origine du president Rodrigo Duterte qu'il a longtemps dirigee et principale ville de Mindanao. ", "theme": "Asie-Pacifique"}