{"id_art": "5d9aed3ba7db87769f006542bb22edcc", "title": "le refugie syrien dont la photo avec merkel avait fait le tour du web en proces contre facebook", "newspaper": "Le Monde", "author": "", "date_publi": "06/02/2017", "content": " Un tribunal de Baviere accueille ce 6 fevrier le proces intente a Facebook par Anas Modamani, un refugie syrien vivant en Allemagne. M. Modamani avait pris en 2015 un selfie avec la chanceliere allemande, Angela Merkel, dont une photo avait ete largement diffusee dans la presse et sur les reseaux sociaux. Mais cette image a ete par la suite largement detournee, notamment par des troupes d'extreme droite, sur les reseaux sociaux, et notamment Facebook. M. Modamani a ainsi ete presente comme un suspect d'un incendie criminel a Berlin en decembre, puis comme le suspect de l'attentat du marche de Noel de Berlin. A chaque fois les messages tentaient de faire passer M. Modamani pour un criminel, pour attaquer Mme Merkel. M. Modamani a obtenu la suppression de plusieurs de ces messages, mais reproche au reseau social de ne pas agir de maniere proactive : Facebook supprime les messages individuellement. M. Modamani et son avocat demandent au tribunal d'ordonner a l'entreprise d'identifier et de supprimer proactivement les nouveaux messages similaires qui y seraient publies. En Allemagne, la moderation de Facebook, et notamment son traitement des messages racistes ou incitant a la haine, fait l'objet de vives critiques depuis deux ans. Le gouvernement d'Angela Merkel a deja menace Facebook de legiferer sur le sujet si le reseau social ne se montrait pas plus proactif. L'an dernier, Facebook s'etait engage a agir plus rapidement pour supprimer les messages racistes qui lui sont signales. ", "theme": ""}