{"id_art": "a6daf688ecc65a0e794efefe8acdc8d9", "title": "mossoul, fillon, attentats... l'essentiel de l'actualite a 8 heures", "newspaper": "Le Monde", "author": "", "date_publi": "13/03/2017", "content": " L'organisation Etat islamique (EI) << pris au piege >> a Mossoul, en Irak Selon l'envoye special americain aupres de la coalition internationale antidjihadiste, les forces irakiennes ont coupe tous les acces routiers a la partie ouest de la ville, le dernier grand bastion des combattants de l'organisation en Irak. Des responsables americains ont par ailleurs recemment evalue a 2 500 le nombre de djihadistes presents dans l'ouest de Mossoul et dans la ville de Tal Afar, a l'ouest. Francois Fillon precise les contours de son projet economique Francois Fillon presente, lundi, son << projet pour la France >> depuis son QG de campagne a Paris. Au cours de la campagne menee pour la primaire de la droite, le candidat avait notamment promis la fin des 35 heures, la retraite a 65 ans, la suppression de 500 000 postes de fonctionnaires et celle de l'impot de solidarite sur la fortune (ISF), la refonte du code du travail ou la reforme de l'Assurance-maladie. Deux fausses victimes des attentats de Paris bientot jugees pour avoir recidive apres Nice Un couple suspecte de s'etre fait passer pour des victimes de l'attentat de Nice sera juge le 19 avril par le tribunal correctionnel de Grasse (Alpes-Maritimes), qui les avait deja condamnes pour avoir pretendu etre victimes des attentats de Paris, a appris l'Agence France-Presse (AFP) dimanche de source judiciaire. Et aussi : << Ecoutes >> telephoniques. John McCain enjoint a Donald Trump de prouver ses accusations Hebron. Des colons israeliens saluent un soldat condamne pour meurtre Ligue 1. Un PSG convalescent l'emporte sans convaincre a Lorient ", "theme": "En bref"}