{"id_art": "cf1eb47041c930560a20498091ae515b", "title": "attaque dans l'isere : les motivations troubles de yassin salhi", "newspaper": "Le Monde", "author": "Soren Seelow", "date_publi": "28/06/2015", "content": " Yassin Salhi, le principal suspect du meurtre et de la decapitation de son employeur et d'une tentative d'attaque kamikaze contre une entreprise classee Seveso de l'Isere, vendredi 26 juin, etait-il anime par un sentiment de vengeance personnelle matine de pulsions suicidaires ou d'une veritable intention terroriste ? Apres avoir garde le silence en garde a vue pendant plus de vingt-quatre heures, ce pere de famille de 35 ans a fini par avouer les faits, samedi soir, tout en jetant le trouble sur ses motivations profondes. Oui, il a bien assassine Herve Cornara, le patron de son entreprise de transports, avec lequel il avait eu une dispute deux jours plus tot. Oui, il l'a bien decapite avant d'exposer sa tete sur un grillage de l'usine Air Products entouree de deux banderoles reprenant la profession de foi de l'islam. Oui, il a volontairement fonce a bord de son vehicule contre un hangar de l'usine rempli de bouteilles de gaz afin de tout faire exploser. Mais non, Yassin Salhi refuse d'etre considere comme un terroriste, puisqu'il affirme avoir simplement decapite son employeur avant de << jeter sa tete >> contre le grillage pour << frapper les esprits >>.Les declarations du suspect sont encore tres confuses. Apres avoir declare aux enqueteurs que son passeport etait chez lui, ou ces derniers n'ont rien trouve, il a fini par affirmer l'avoir << brule lors d'un sejour au Maroc >>. Plusieurs elements de l'enquete, dirigee par la section antiterroriste du parquet de Paris, sont cependant venus etayer la these du contentieux personnel. Un employe de la societe de transports ACT, ou Yassin Salhi travaillait depuis mars, a rapporte qu'une violente dispute avait eclate entre le suspect et son patron deux jours avant les faits. Yassin Salhi avait laisse tomber une palette de materiel informatique, ce qui lui avait valu de vifs reproches.Certains elements plaident en revanche pour un acte a dimension terroriste.En garde a vue, le jeune homme a par ailleurs fait etat d'une scene de menage avec sa femme la veille de son passage a l'acte, au cours de laquelle elle avait menace de divorcer. Selon une source proche de l'enquete, Yassin Salhi reprochait a son epouse de ne pas etre assez religieuse.Un << selfie >> pour la SyrieD'autres elements plaident en revanche pour un acte a dimension terroriste. Les hommes de la sous-direction antiterroriste (SDAT) de la police judiciaire et de la Direction generale de la securite interieure (DGSI), cosaisis de l'enquete, ont trouve deux photos dans le telephone portable de Yassin Salhi. La premiere represente la tete de la victime. La seconde est un << selfie >>, un autoportrait macabre pris a cote de la tete.C'est cette derniere photo que le jeune homme a envoyee avec l'application WhatsApp a un de ses contacts, un certain Sebastien Younes V., parce que c'est son << seul ami >> et pour laisser << une trace de son geste >>. Originaire de Besancon -- ou Yassin Salhi a vecu avant son demenagement dans le Rhone en 2014 -, cet individu s'est envole pour la Syrie a l'automne 2014 et serait en lien avec des aspirants au djihad de Vesoul, ou vivent ses parents. Les enqueteurs se sont rendus dimanche a leur domicile. Cette visite, ainsi que l'exploitation des ordinateurs et telephones du suspect permettront d'en savoir un peu plus sur le role de Sebastien Younes V. dans l'attaque de vendredi. Il en ressort deja que c'est aupres de cet individu que le suspect s'etait plaint du manque de religiosite de son epouse quelque temps avant la dispute conjugale.<< La question est de savoir si Yassin Salhi a envoye cette photo a la personne la plus proche des cercles djihadistes qu'il connaissait pour valoriser son acte criminel, ou s'il s'agissait d'une demarche de revendication reflechie, voire encouragee depuis l'etranger >>, explique une source proche de l'enquete.Le mobile personnel evoque par le suspect constitue-t-il une simple strategie de defense ou les aveux d'un desequilibre qui aurait << valorise >> son crime en lui donnant une coloration djihadiste ? Le fait qu'aucune organisation terroriste n'ait encore revendique l'attaque, dimanche soir, plaide en faveur d'une action non coordonnee. Tout comme sa logistique rudimentaire - un couteau, une arme a feu factice et un vehicule - et la proximite des cibles : son patron et l'usine qu'il avait coutume de livrer.<< Il faisait la guerre >>Le temoignage de son ancien professeur de free fight (sport de combat violent), rapporte par Le Parisien, dresse le portrait troublant d'un homme a la personnalite double, qui degageait << une douceur incroyable >> mais pouvait se montrer eruptif :<< Lors des combats en face a face, il se laissait taper sans reagir, sans meme proteger son visage. Et puis au bout de quelques minutes, il explosait de colere et frappait dans tous les sens avec une rage inouie. Il etait dangereux pour lui-meme et pour les autres. Il ne se battait pas : il faisait la guerre. >>La these du contentieux personnel sublime en attentat est un cas d'ecole pour les services de lutte contre le terrorisme. Une decapitation << decoree >> d'inscriptions religieuses suivie de la mise a feu d'une usine classee Seveso peut-elle etre consideree comme une demarche personnelle, depourvue de visees politiques ? C'est en tout cas au regard de ces elements que le procureur de Paris avait ouvert des vendredi une enquete en flagrance pour terrorisme.Selon le code penal, toute << atteinte a la vie >> humaine ou << degradation >> de biens ayant pour but de << troubler gravement l'ordre public par l'intimidation ou la terreur >> constitue un acte de terrorisme. A en juger par les reactions politiques et l'emballement mediatique de vendredi, l'action de Yassin Salhi a bel et bien seme la terreur dans le pays. Tout comme le crash volontaire dans les Alpes-de-Haute-Provence d'un avion de Germanwings le 24 mars. Mais a la difference de Yassin Salhi, le copilote allemand Andreas Lubitz n'avait propose aucune lecture politique ou religieuse de son acte.<< Processus irrationnel >>Yassin Salhi, lui, a mis en scene son crime en s'inspirant des methodes de l'Etat islamique. Il est par ailleurs connu des services de renseignement depuis une dizaine d'annees pour ses relations avec des elements radicalises, comme en atteste le profil du destinataire de son selfie. << En l'etat actuel de l'enquete, cela ressemble a un individu radicalise de longue date, chez qui une soudaine pulsion meurtriere declenche un processus irrationnel teinte de djihadisme. Comme si l'envie de meurtre avait precede l'intention terroriste >>, interprete un haut grade de la police nationale. Le fait que le suspect se soit procure les banderoles de sa mise en scene macabre peu de temps avant son passage a l'acte plaide cependant pour un geste premedite. << Il s'agit d'un profil hybride, un signal faible : radicalise mais pas juge dangereux, fragile psychologiquement, qui s'est peut-etre active tout seul >>, resume une source proche de l'enquete. Ce profil, s'il est confirme par l'enquete, n'est pas le moins inquietant. Les services de renseignement redoutent depuis de longs mois l'impact sur les esprits faibles des videos macabres de l'Etat islamique ; qu'elles n'incitent par exemple des desequilibres a legitimer leurs pulsions morbides sous la banniere du djihad. ", "theme": "Societe"}