{"id_art": "34566f3b7c4d1d454a7703e7c2d1b6a1", "title": "arrestation de trois hommes soupconnes de projeter un attentat", "newspaper": "Le Monde", "author": "", "date_publi": "21/02/2017", "content": " Trois hommes soupconnes de projeter un attentat ont ete arretes mardi 21 fevrier a Clermont-Ferrand, a Marseille et en region parisienne dans le cadre d'une enquete preliminaire ouverte en janvier par la section antiterroriste du parquet de Paris. << Les suspects avaient un projet et ils etaient suffisamment avances pour que les policiers de la Direction generale de la securite interieure (DGSI) decident de leur interpellation >>, a explique une source proche de l'enquete. D'autres perquisitions en cours Une operation de deminage a ete menee a Clermont-Ferrand au domicile d'un des suspects, age de 37 ans, dans le quartier de la Fontaine-du-Bac, ecrit le quotidien La Montagne. D'autres perquisitions etaient en cours a la mi-journee. La France, placee sous le regime d'etat d'urgence depuis les attentats djihadistes de novembre 2015, fait toujours face a une menace terroriste << tres elevee >>. Le 3 fevrier, un Egyptien de 29 ans avait attaque, une machette dans chaque main, des militaires au carrousel du Louvre a Paris, en criant << Allah Akbar >>. Une semaine plus tard, les services antiterroristes avaient interpelle dans le sud du pays trois personnes, dont une adolescente, soupconnees de vouloir commettre un attentat << imminent >> en France. Du TATP, un explosif artisanal puissant prise des djihadistes, avait ete saisi par les enqueteurs. ", "theme": "Police et justice"}