{"id_art": "98e916619d30804a54901381e1fe7dab", "title": "oscars, om-psg, etats-unis... l'essentiel de l'actualite a 8 heures", "newspaper": "Le Monde", "author": "", "date_publi": "27/02/2017", "content": " Oscars 2017 : << Moonlight >> sacre meilleur film, six statuettes pour << La La Land >> L'edition 2017 des Oscars, dimanche 26 fevrier, se terminera sur une note historique : l'acteur Warren Beatty venu annoncer le laureat du meilleur film ouvre l'enveloppe censee contenir le resultat, hesite, puis sacre La La Land, de Damien Chazelle... En lieu et place de Moonlight, de Barry Jenkins. Ligue 1 : l'Olympique de Marseille sombre face au PSG En un quart d'heure seulement, le nouveau proprietaire de l'Olympique de Marseille (OM), Frank McCourt, et le president du club, Jacques-Henri Eyraud, ont pu mesurer, dimanche, la distance qu'il reste a parcourir a leur projet << OM Champion >> pour rattraper le Paris-Saint-Germain (PSG), quadruple roi de France. Cinq cents tombes principalement juives profanees aux Etats-Unis Des vandales ont brise et retourne plus de 500 pierres tombales dans un cimetiere juif de Philadelphie, dernier evenement d'une serie de menaces et d'attaques visant des sites juifs a travers les Etats-Unis. Et aussi : Algerie. Tentative d'attentat-suicide a Constantine Cinema. L'acteur americain Bill Paxton est mort Oscars. Le tapis rouge en images ", "theme": "Les decodeurs"}