{"id_art": "f49bddf6d2ecc16a3dc8f2870ac74346", "title": "martin scorsese, l'homme qui respire le cinema", "newspaper": "Le Monde", "author": "Thomas Sotinel (New York, envoyé spécial)\n", "date_publi": "09/10/2015", "content": " C'est une grande piece lumineuse, a l'etage d'une maison pres de Central Park. La salle a manger de la famille Scorsese a ete transformee en salle de montage. Sur les deux murs perpendiculaires a la fenetre qui donne sur une rue calme et cossue, deux tableaux blancs se font face. Sur l'un, on peut lire le decoupage de Silence, le film que Martin Scorsese a tourne au printemps 2015 a Taiwan. Sur l'autre, encore une liste de sequences : il y est question de sorties de scene, de groupies et de musiciens. C'est le pilote de << Vinyl >>, la serie televisee situee dans le milieu du rock et coproduite avec Mick Jagger pour HBO, que Scorsese a realise. Il en supervisera les autres episodes. Martin Scorsese, 72 ans, monte donc deux films a la fois. On est en plein ete, au coeur de la canicule new-yorkaise, mais le cineaste n'en a cure, il ne sort presque plus de chez lui. << Je ne vais meme plus au bureau sur la 57e >>, dit-il. C'est la qu'est installee Sikelia (\"Sicile\", en grec), sa societe de production. << Tout se passe ici, les reunions de scenario, le travail de preservation des films anciens. Mais j'essaie de me concentrer sur les images. >> L'automne venu, il lui faudra pourtant s'eloigner de chez lui. A la mi-octobre, la Cinematheque francaise et le festival Lumiere rendent hommage a Martin Scorsese. A Paris, il presentera Taxi Driver, avec Serge Toubiana et Costa-Gavras, le directeur et le president de la Cinematheque ; a Lyon, il recevra le prix Lumiere des mains de Thierry Fremaux et de Bertrand Tavernier, les ordonnateurs du festival, et montrera quelques-uns de ses films favoris.<< Je ne suis pas vraiment du matin >>Voila plus d'un demi-siecle que Martin Scorsese fait du cinema, bientot trois quarts qu'il en respire. Au milieu des annees 1960, il realisait des courts-metrages a NYU, l'universite du sud de Manhattan, tout pres de Little Italy, ou il a grandi. Aujourd'hui, il vit quelques... ", "theme": "Cinema"}