{"id_art": "bf0120f7cf94288c9ee70f0723c83e97", "title": "<< charlie hebdo >> : chez les musulmans, la peur de l'amalgame", "newspaper": "Le Monde", "author": "Gaëlle Dupont", "date_publi": "09/01/2015", "content": " L'attentat contre l'equipe de Charlie Hebdo a profondement ebranle les musulmans de France. Mais chez eux, l'effroi ne va pas seul. Il s'accompagne souvent d'un sentiment d'inquietude pour eux-memes : cette agression ne va-t-elle pas aggraver les difficultes qu'ils rencontrent pour prendre leur place dans la communaute nationale ? Ne va-t-elle pas attiser une islamophobie dont ils denoncent l'extension ?Cette crainte a pousse des responsables religieux, associatifs, intellectuels a prendre la parole tres rapidement et a preparer des initiatives inedites dans le but de desserrer cet etau.Jeudi 8 janvier a midi, des musulmans, pratiquants ou non, sont presents dans la foule venue observer une minute de silence devant la mairie d'Aulnay-sous-Bois (Seine-Saint-Denis), a l'appel de la municipalite et de nombreuses organisations, notamment musulmanes. << En tant que musulman, je suis tres touche, affirme Abderrahim Aabid, 47 ans, gerant d'une societe de transports. Cela n'a rien a voir avec l'islam, c'est de la barbarie. >> Des << voyous >>, des << detraques >>, des << gens tres eloignes de la religion >> : c'est ainsi que les terroristes sont qualifies par les musulmans presents.<< Si on n'est pas d'accord avec un dessin, on doit repondre par la plume >>Ils n'etaient ni lecteurs ni admirateurs de Charlie Hebdo, mais qu'importe. << Si on n'est pas d'accord avec un dessin, on doit repondre par la plume, affirme M. Aabid. Dans ce pays on est libres. >><< Je ne me suis jamais senti aussi francais >><< On connait les dessinateurs assassines depuis qu'on est enfant, dit Karim, chef d'entreprise d'une quarantaine d'annees. Charlie, personne n'est oblige de l'acheter. Et ils tapaient aussi sur le pape, non ? >> Karim est musulman, non pratiquant, << mais surtout francais >>. << Je ne me suis jamais senti aussi francais, poursuit-il. C'est la premiere fois de ma vie que je chante La Marseillaise. >> Revolte, il veut faire bloc. << La seule reaction possible, c'est d'etre uni, pour que ca ne degenere pas >>, explique-t- il.Beaucoup redoutent des jours et des semaines difficiles. << Des amalgames vont avoir lieu, c'est evident >>, affirme Djamel, employe dans le secteur des transports. << Le Front national va y gagner >>, craint-il. << Il y a 6 millions de musulmans, et peut-etre 600 feles. Devons-nous payer pour eux ? >>, interroge M. Aabid. A Marseille, Foued A., 35 ans, salarie d'EDF, se pose la question de la mobilisation : << J'ai hesite a me rendre a la manifestation d'hier. Je me suis demande si c'etait ma place. Je ne voulais pas affronter les regards. Cet attentat va rendre la vie des musulmans de France encore plus compliquee. La discrimination, que nous subissons deja quotidiennement, va encore s'accentuer. >>L'amalgame entre le terrorisme et l'islam, c'est ce peril que sentent monter bien des musulmans et que voudraient dejouer des responsables cultuels, associatifs et des intellectuels. Immediatement apres l'attentat, l'islam << officiel >> a condamne l'agression. Toutes les federations qui assurent sa representation institutionnelle, reunies jeudi matin a la Grande Mosquee de Paris, ont appele les imams a condamner << la violence et le terrorisme >> lors de la priere, vendredi, et les fideles a se joindre aux rassemblements dimanche.<< Il va falloir etre ferme et clair >>Cette mobilisation de l'islam << officiel >> se retrouve dans la societe civile. << L'atmosphere est lourde, commente Samy Debah, president du Collectif contre l'islamophobie en France. On est atterre par ce qui s'est passe. La communaute musulmane sent qu'elle a une charge plus lourde sur les epaules. >> << Il y a une unanimite pour condamner mais aussi une veritable crainte que la stigmatisation soit a la mesure de l'impact de l'attentat >>, resume Said Branine, fondateur du site d'informations Oumma.com. << Le sentiment qui predomine est le choc et le degout, note Hanan Ben Rhouma, redactrice en chef du site Saphirnews.com. Tout de suite derriere, il y a la crainte d'un retour de baton violent. >> Sur le meme sujet Attaque contre << Charlie Hebdo >> : condamnations officielles dans les pays musulmans Quatre mosquees ou batiments en dependant ont ete pris pour cible depuis l'attentat contre Charlie Hebdo, au Mans (Sarthe), a Port-la-Nouvelle (Aude), a Villefranche-sur-Saone (Rhone) et a Poitiers. << Les musulmans sont partie prenante de cette emotion et de l'esprit de rassemblement. Mais va-t-on les accepter ? >>, se demande Said Branine.<< Il va falloir etre ferme et clair, affirme Hanan Ben Rhouma. Beaucoup d'actions sont en train d'etre mises en route. >> Des imams d'Ile-de-France ont appele les fideles, vendredi matin, a << participer massivement >> aux manifestations de dimanche. Ceux de Montpellier et sa region devaient mettre au point << un discours unanime de preche condamnant sans aucune ambiguite un acte barbare >>....<< On n'a pas besoin d'injonctions pour se mobiliser >><< La question est de savoir quelle est l'action la plus audible. On n'a pas besoin d'injonctions pour se mobiliser >>, observe la redactrice en chef de Saphirnews.com, qui ironise au passage sur les << contradictions de notre societe : on sollicite aujourd'hui notre islamite, mais le reste du temps, on nous oppose la laicite ! >>Pour Samy Debah, << il faut absolument que la communaute musulmane rebondisse avec un message fort et sur le long terme, en direction des musulmans et de la communaute nationale. >> ", "theme": "Societe"}