{"id_art": "cc203f24f544d238478b6457b6654c05", "title": "attentat d'istanbul, francois chereque, mosquee de stains... les informations a retenir a la mi-journee", "newspaper": "Le Monde", "author": "", "date_publi": "02/01/2017", "content": " L'organisation Etat islamique revendique l'attentat d'Istanbul du 31 decembre Trente-neuf personnes ont ete tuees dans l'attaque perpetree dans une discotheque lors du reveillon de la Saint-Sylvestre. L'assaillant est toujours recherche. Mort de Francois Chereque, ancien secretaire general de la CFDT Francois Chereque, ancien secretaire general de la CFDT, est mort lundi 2 janvier, a l'age de 60 ans, << a la suite d'une longue maladie >>, ont annonce un proche de la famille et la centrale syndicale dans des communiques separes. Le double visage de la mosquee de Stains Le 2 novembre, l'Etat a ferme une mosquee de Seine-Saint-Denis, soupconnee d'etre un foyer djihadiste. Or son president est un fervent defenseur du dialogue interreligieux, habitue a cotoyer les dirigeants politiques de tous bords. Et aussi : Hollande a Bagdad. Combattre l'EI en Irak, << c'est prevenir le terrorisme sur notre sol >> Irak. Un attentat a la voiture piegee fait plusieurs morts a Bagdad Israel. Netanyahou fait l'objet d'un enquete pour corruption ", "theme": "Les decodeurs"}