{"id_art": "8531c6440d6d481ac57abf0b1338d389", "title": "le retour de l'optimisme au pakistan", "newspaper": "Le Monde", "author": "Edouard Pflimlin", "date_publi": "13/03/2017", "content": " A l'image du retour pacifique de Nawaz Sharif au pouvoir en 2013, le Pakistan semble revenir a un Etat plus stable et prospere. Plusieurs signes - sportifs - le montrent, observe The Economist. La finale de la Super League de cricket pakistanaise s'est pour la premiere fois tenue le 5 mars a Lahore, lieu d'un terrible attentat en 2009. En fevrier, la premiere competition de ski depuis 2007 s'est tenue dans le << pays des purs >>. Sur le plan economique, la Bourse a progresse de 50 % depuis douze mois, plus vite que dans n'importe quel autre pays asiatique. La croissance est revenue sur sa tendance de long terme de + 5 % annuels. De lourds investissements dans les infrastructures electriques ont permis de reduire largement les coupures de courant si frequentes avant. Un recensement va permettre de compter la population de quelque 200 millions d'habitants et de redessiner les districts electoraux. Les zones tribales de l'ouest du pays, si instables et en proie a la misere, font l'objet d'une nouvelle priorite et seront integrees a la province de Khyber Pakhtunkhwa, ce qui facilitera leur controle. Neanmoins, ces progres demeurent precaires. Les attaques terroristes continuent, comme les meurtres, attentats a la bombe et enlevements auxquels l'Etat central replique brutalement. L'armee et les services secrets (ISI) demeurent tout-puissants. Et les opposants peuvent etre elimines, comme recemment des blogueurs au Pendjab. Mais, au moins, des espaces de debat democratiques se sont ouverts, ce qui est source d'optimisme. ", "theme": "Asie-Pacifique"}