{"id_art": "d2e86f3777821c7fdbded2530293856c", "title": "fusillade a grasse, colis piege au fmi, assignations a residence... les informations a retenir en fin de journee", "newspaper": "Le Monde", "author": "", "date_publi": "16/03/2017", "content": " Ce que l'on sait de la fusillade dans un lycee de Grasse Le gouvernement a declenche l'alerte attentat a la suite d'une fusillade qui a fait huit blesses, dont le proviseur, dans un lycee des Alpes-Maritimes. Un eleve a ete interpelle. Age de 17 ans et inconnu des services de police, il etait en possession d'un fusil, d'un pistolet, d'un revolver et de deux grenades. Explosion d'un colis piege au siege du FMI a Paris : Hollande denonce un << attentat >> Une assistante de direction a ete blessee, jeudi, lors de l'ouverture d'un courrier qui a explose au siege parisien du Fonds monetaire international. Une adresse en Grece figure sur le colis, a fait savoir le ministre de l'interieur grec, Nikos Toskas. Le Conseil constitutionnel censure le dispositif des assignations a residence Les gardiens de la Constitution retoquent la procedure par laquelle le ministre de l'interieur comptait demander l'accord pour prolonger au-dela d'un an des mesures d'assignation de l'etat d'urgence. Et aussi : Presidentielle. Macron assure avoir trouve des << convergences >> avec Merkel Loi. Une decision en demi-teinte du Conseil constitutionnel sur le delit d'entrave a l'IVG Economie. Regain d'optimisme pour la croissance francaise ", "theme": "En bref"}