{"id_art": "76ebe80b9964d0299f90908d0004f412", "title": "irak : au moins 15 morts dans un attentat a la voiture piegee a bagdad", "newspaper": "Le Monde", "author": "", "date_publi": "20/03/2017", "content": " Un attentat a la voiture piegee a fait au moins 15 morts et 33 blesses lundi 20 mars a Bagdad, a annonce un responsable du ministere de l'interieur. L'attentat, a-t-il precise, s'est produit vers 19 heures locales a Hay Al-Amel, un secteur commercant de l'ouest de la capitale irakienne habituellement tres frequente a cette heure de la journee. L'organisation Etat islamique (EI) a revendique cette attaque dans un message en ligne, selon le centre americain de surveillance des sites djihadistes SITE. L'EI a souvent recours a des kamikazes. Le groupe ultraradical sunnite fait actuellement face a une offensive des forces irakiennes a Mossoul, deuxieme ville du pays, dont il s'etait empare en juin 2014. Lire aussi : Le cauchemar des voitures-kamikazes a Mossoul Les djihadistes avaient aussi pris le controle de vastes pans de territoire au nord et a l'ouest de Bagdad. Les forces gouvernementales soutenues par la coalition internationale menee par les Etats-Unis ont depuis regagne beaucoup de terrain. Mais l'EI n'en demeure pas moins menacant et mene regulierement des attaques. Lire aussi : L'Etat islamique en recul sur tous les fronts Depuis plusieurs mois, l'EI intensifie ses offensives dans la capitale irakienne. Le 31 decembre, un double attentat au marche d'Al-Sinek au centre de Bagdad a fait une trentaine de morts. Le 8 janvier, deux nouvelles attaques ont ete perpetrees. La premiere au marche de Jamila, situe a Sadr City, et la seconde dans un marche dans le quartier Baladiyat. Puis mi-fevrier, la capitale a ete le theatre de trois attentats en trois jours. ", "theme": "Irak"}