{"id_art": "6b97c62e77dcd077c0863db2f9c2a888", "title": "alep, anis amri, ebola et uber... les informations a retenir a 8 heures", "newspaper": "Le Monde", "author": "", "date_publi": "23/12/2016", "content": " Syrie : l'armee de Bachar Al-Assad a repris le controle d'Alep Les derniers habitants et combattants ayant ete evacues d'Alep, l'armee syrienne a declare jeudi soir avoir repris la ville, mettant ainsi fin a une bataille longue de quatre ans. Bachar Al-Assad a declare que << la liberation >> d'Alep etait non seulement << une victoire >> pour la Syrie, mais aussi pour l'Iran et la Russie, soutiens indefectibles de son regime. Attentat de Berlin : qui est Anis Amri, petit delinquant devenu djihadiste ? L'homme recherche dans toute l'Europe comme un des terroristes les plus dangereux du continent, avait quitte la Tunisie en 2010 pour rejoindre l'Italie, via Lampedusa, puis l'Allemagne, ou les services de renseignement ont perdu sa trace. Anis Amri, s'il est encore en vie, a eu 24 ans jeudi. L'OMS annonce un vaccin ultra-efficace contre le virus Ebola L'Organisation mondiale de la sante (OMS) a presente jeudi << rVSV-Zebov >>, un vaccin efficace contre le virus qui a fait plus de 11 300 morts en Afrique de l'Ouest entre 2013 et 2015. Il s'agit d'une avancee majeure face a une maladie qui sevit depuis au moins 1976. Les << chauffeurs Uber >> bloquent les acces a Orly et Roissy A l'appel de plusieurs syndicats VTC, depuis 4 heures du matin vendredi, des << chauffeurs Uber >> bloquent les acces aux aeroports d'Orly et de Roissy pour protester contre la hausse des commissions prelevees sur leurs gains par la societe americaine. Et aussi : Carl Icahn. Un << loup >> de Wall Street au service de l'economie americaine Don d'organe. 40 ans apres la loi sur le consentement presume, ou en est-on ? Ile-de-France. Des grilles pour empecher les migrants de s'installer ", "theme": "Les decodeurs"}