{"id_art": "da4a5f1d99618aa657a49db152445d13", "title": "<< un cartooniste est comme un parachutiste >>", "newspaper": "Le Monde", "author": "Frédéric Potet", "date_publi": "29/01/2015", "content": " L'offense peut parfois se nicher la ou nul ne pense. En 2005, alors qu'il travaille pour le supplement jeunesse d'un quotidien de Teheran, l'illustrateur Mana Neyestani dessine une conversation entre un enfant et un cafard. Dans la bouche de la bestiole, l'auteur a glisse un mot anodin d'origine azerie, sans imaginer un seul instant qu'il puisse avoir commis un acte blessant. Se sentant insultee, la minorite azerie du nord du pays - opprimee par le pouvoir iranien - va alors manifester pendant une semaine, avant que le gouvernement ne tire sur la foule. Le dessinateur, ne en 1973,est, lui, arrete pour trouble a l'ordre public, puis jete en prison. Profitant d'une liberation provisoire, apres trois mois de geole, Mana Neyestani decide de fuir clandestinement l'Iran sans attendre son proces. Son periple le conduit a Dubai et en Turquie, puis en Malaisie, ou il passera quatre ans et demi avec une carte d'etudiant. Mana Neyestani a, depuis, rejoint Paris avec l'aide de Reporters sans frontieres et du Reseau international de villes refuges (ICOM), qui defend la liberte d'expression. Titulaire du statut de refugie politique, il dessine aujourd'hui pour plusieurs webzines d'Iraniens en exil et publie en France des albums de bande dessinee. Une metamorphose iranienne (Ca et la/Arte), dans lequel il raconte son histoire personnelle, a ete saluee par la critique en 2012.<< Ce job n'est pas risque uniquement dans les pays du Moyen-Orient >>Imaginait-il que le metier de caricaturiste, si dangereux dans son pays, puisse l'etre aussi en France ? << L'attentat contre Charlie Hebdo m'a profondement choque, confie-t-il. Mais c'est aussi la preuve que ce job n'est pas risque uniquement dans les pays du Moyen-Orient ou dans les dictatures. En touchant au coeur d'une democratie comme la France, ces terroristes ont envoye un message a tous les journalistes et a tous les dessinateurs du monde : \"Vous n'etes pas en securite.\" Ces gens-la vous... ", "theme": "Bande dessinee"}