{"id_art": "1510754cc2bee73307c55feba6027000", "title": "attentat a quebec, yemen, hamon... les informations a retenir a la mi-journee", "newspaper": "Le Monde", "author": "", "date_publi": "31/01/2017", "content": " Attentat dans une mosquee de Quebec, l'acte d'un etudiant d'extreme droite Un etudiant de 27 ans, affichant des idees d'extreme droite, s'est rendu a la police peu apres les faits et a ete presente a la justice lundi 30 janvier. Le premier ministre canadien, Justin Trudeau, a condamne cet << attentat terroriste >>. Les Etats-Unis menent un raid au sol contre Al-Qaida au Yemen Une rare operation commando menee par les forces speciales americaines contre Al-Qaida dans la peninsule Arabique (AQPA), la branche de l'organisation terroriste au Yemen, a eu lieu dans la nuit du samedi 28 au dimanche 29 janvier. Une partie de l'aile droite du PS prend ses distances avec Benoit Hamon Benoit Hamon le savait : au lendemain de sa victoire a la primaire a gauche, l'un de ses premiers defis serait de faire face a la division de son propre camp. Dans l'entre-deux-tours bruissaient des rumeurs de defection massive de deputes qui pourraient se tourner vers Emmanuel Macron. De departs massifs, il n'y a pas encore eus, mais, mardi 31 janvier, des elus socialistes de l'aile droite du PS ont annonce leur intention de lui tourner le dos. Et aussi : Economie. Notre revenu universel est-il vraiment universel ? par Thomas Piketty Environnement. Les parlementaires tentent de remodeler la loi littoral Internet. Le cout du plan tres haut debit va passer de 20 milliards a 35 milliards d'euros ", "theme": "Les decodeurs"}