{"id_art": "76043f376f9490519b85822e8a0e73a5", "title": "erri de luca n'est pas prophete en son pays", "newspaper": "Le Monde", "author": "Philippe Ridet", "date_publi": "17/03/2015", "content": " La deuxieme journee du proces intente a l'ecrivain Erri De Luca s'est ouverte, lundi 16 mars, devant le tribunal de Turin (Piemont). A la suite d'une plainte de la societe franco-italienne Lyon-Turin Ferroviaire (LTF), il est poursuivi pour << incitation a la delinquance >> apres avoir declare, lors d'un entretien a la version italienne du quotidien en ligne Huffington Post, en 2013, que << les sabotages sont necessaires pour faire comprendre que le TGV est une oeuvre nuisible et inutile >>. Erri De Luca risque une peine comprise entre un et cinq ans de prison. Il pourrait connaitre son sort le 20 mai. Chantier pharaonique, estime a 20 milliards d'euros, les travaux de construction de la ligne ferroviaire a grande vitesse entre la France et l'Italie font l'objet d'une vive contestation de ce cote-ci des Alpes, marquee par plusieurs episodes violents et une repression severe. Leur achevement est prevu a l'horizon 2028.150 ans de prison pour 47 militantsEn janvier, le tribunal de Turin s'est deja manifeste avec fermete en condamnant quarante-sept militants opposes aux travaux de construction de la TAV (Treno ad alta velocita) a un total de 150 annees de prison. Les prevenus etaient accuses de << violences, resistance a la force publique et degradations >> a la suite de nombreuses echauffourees avec la police les 27 juin et 1er juillet 2011 lorsqu'un chantier s'etait ouvert dans la vallee de Chiomonte (Piemont). Plusieurs centaines de blesses avaient ete deplores parmi les forces de l'ordre et les manifestants. Mais c'est du cote francais que se sont manifestes les temoignages de solidarite les plus vibrants envers l'ecrivain, recompense par le prix Femina etranger en 2002 pour son livre Montedidio (Gallimard). Le 2 mars, un comite de soutien a M. De Luca compose d'editeurs, de romanciers et de quelques personnalites politiques, dont quatre anciens ministres - la socialiste Aurelie Filippetti et les ecologistes... ", "theme": "Europe"}