{"id_art": "fd9b7d777d79e267e71b03fac67ccbc7", "title": "nouvel attentat contre les chiites pakistanais a parachinar", "newspaper": "Le Monde", "author": "", "date_publi": "31/03/2017", "content": " Un attentat revendique par les talibans pakistanais visant une mosquee chiite de Parachinar a fait 22 morts et 70 blesses, vendredi 31 mars, annoncent les autorites. Parachinar, ville situee au Pakistan tout pres de la frontiere afghane, avait deja ete endeuillee par une attaque a la bombe qui avait explose sur un autre marche de la ville, otant la vie a 24 personnes en janvier, et avait egalement ete revendiquee par des talibans. Les musulmans chiites, qui representent environ 20 % de la population pakistanaise, sont consideres comme des heretiques par nombre de groupes armes pakistanais d'obedience sunnite, qui les prennent regulierement pour cible. Cet attentat survient apres une vague d'attentats qui avaient fait plus de 130 morts en fevrier dans le pays, dont pres de 80 dans la communaute soufie. Le premier ministre, Nawaz Sharif, a condamne l'attaque, promettant l'<< annihilation complete >> du terrorisme au Pakistan. Le Parlement pakistanais a egalement prolonge l'existence des tribunaux militaires secrets jugeant les civils accuses de terrorisme. La loi encadrant ces tribunaux controverses, qui ont prononce des dizaines de condamnations a mort en l'espace de deux ans, avait expire en janvier. Mais des responsables chiites ont critique << l'echec >> des forces de securite, et certains ont spontanement manifeste a Parachinar pour exprimer leur colere. ", "theme": "Asie-Pacifique"}