{"id_art": "eb76374b2b572aaab10709ff5b9c593f", "title": "un autobus vise par un kamikaze a kaboul", "newspaper": "Le Monde", "author": "", "date_publi": "13/03/2017", "content": " Une explosion declenchee au passage d'un bus a fait au moins un mort, une femme, et 19 blesses, lundi 13 mars, en fin de journee dans le centre de Kaboul. L'operation n'a pas ete revendiquee et les raisons pour lesquelles ce bus a ete vise n'ont pas ete precisees, pas plus que le proprietaire du vehicule. Cet attentat survient moins d'une semaine apres l'attaque contre l'hopital militaire Sardar Mohammad Daud Khan de la capitale afghane. L'attentat, qui a fait 49 morts et des dizaines de blesses, avait ete revendique, mercredi 8 mars, par l'Etat islamique. ", "theme": "Asie-Pacifique"}