{"id_art": "2ba7e266616b74b000f3c4e524cd81d1", "title": "irak : double attentat-suicide a proximite de tikrit", "newspaper": "Le Monde", "author": "", "date_publi": "09/03/2017", "content": " Au moins 26 personnes ont ete tuees dans la nuit de mercredi a jeudi lorsque deux kamikazes ont fait detoner leur charge explosive lors d'une celebration precedant un mariage dans le secteur d'Al-Hajaj, a Tikrit, ville situee au nord de Bagdad. Un medecin d'un hopital local a confirme le bilan de 26 morts et fait etat de 25 blesses. Cet attentat n'a pas ete revendique dans l'immediat mais porte la marque de l'organisation djihadiste Etat islamique (EI), qui a souvent recours a des kamikazes dans ses attaques. Ce groupe radical sunnite est actuellement sous le coup d'une offensive des forces irakiennes a Mossoul, deuxieme ville du pays dont il s'etait empare en juin 2014. L'organisation avait egalement conquis, a cette occasion, de vastes pans de territoire au nord de Bagdad, comme Tikrit. Les forces irakiennes, soutenues par la coalition internationale antidjihadiste, menee par les Etats-Unis, ont repris depuis de nombreuses villes, notamment Tikrit. Mais si l'EI a perdu du terrain, il n'en demeure pas moins menacant, en menant regulierement des attaques. ", "theme": "Irak"}