{"id_art": "14826a2c038736041941b72b8ac0066a", "title": "doutes sur la securite du chef de l'etat", "newspaper": "Le Monde", "author": "David Revault d'Allonnes", "date_publi": "26/05/2015", "content": " On a tire un coup de feu a l'Elysee. Une balle de calibre 9 mm provenant d'un pistolet Glock, l'arme de service des hommes du Groupe de securite de la presidence de la Republique (GSPR). Le projectile, tire dans des toilettes situees au rez-de-chaussee du palais par l'un des policiers charges de proteger le president, a ricoche avant de se ficher dans le mur. C'est peu dire que la detonation, dans l'univers ouate du Chateau, aurait du faire du bruit. Elle a pourtant ete discretement etouffee, et l'impact de la balle promptement rebouche au mastic. A en croire certains, le commandement militaire, charge de la securite a l'interieur de l'Elysee, n'aurait pas ete directement avise de l'incident. Il se murmure meme que le president non plus, informe par un echo dans la presse, quelques jours plus tard. Son entourage dement. Mais le malaise demeure. << La honte >>, enrage un des membres du GSPR. << L'incident a ete minimise et meme camoufle >>, s'exaspere un autre, qui rappelle que << des sanctions ont ete prises pour moins que cela >>. Pas cette fois-ci. Et a ce jour, curieusement, nul n'est capable de fournir une explication convaincante a ce qui s'est exactement passe ce 10 avril, alors que Francois Hollande inaugurait le site prehistorique de la grotte Chauvet, en Ardeche. << Ce n'est pas un incident de tir, ni une erreur de manipulation, explique l'Elysee. Un fonctionnaire a fait tomber son arme et a tire en voulant la rattraper a 10 centimetres du sol, alors qu'il aurait du la laisser tomber. >> Mais certains rappellent que le fonctionnaire en question est repute pour avoir la gachette, sinon facile, du moins peu precise : << C'est un policier qui tire partout, dans les murs ou dans le sol, mais jamais dans la cible >>, resume un collegue.<< Les conditions ne sont pas remplies a 100 % >>Le chef de l'Etat est-il vraiment bien garde ? Sa securite est-elle a toute epreuve ? Pour la premiere fois et sous couvert... ", "theme": "Politique"}