{"id_art": "e56efa8aecbb0ec6aefd8ccf71e541a7", "title": "le chef d'etat-major des armees veut davantage de moyens pour contrer << les menaces >>", "newspaper": "Le Monde", "author": "", "date_publi": "21/12/2016", "content": " Au surlendemain de l'attentat au camion-belier qui a fait 12 morts lundi 19 decembre au soir a Berlin, le chef d'etat-major des armees, le general Pierre de Villiers, signe une tribune dans le quotidien economique Les Echos, dans laquelle il demande << une hausse progressive du budget de la defense >> pour atteindre 2 % du PIB, contre 1,77 % actuellement. Il s'agit de << rester capable d'assurer, dans la duree, la protection de la France et des Francais face au spectre complet des menaces >>, ecrit-il. << Il faut comprendre que le moindre decalage de coherence entre les menaces, les missions et les moyens s'apparente au grain de sable qui grippe le systeme et conduit a la defaite >>, ajoute le general Villiers, pour qui << on ne gagne pas une guerre sans effort de guerre >>. Saluant la fin de la << tendance baissiere des trente-cinq dernieres annees >>, rendant hommage au << volontarisme >> du ministre de la defense, Jean-Yves Le Drian, le general estime que << desormais, pour les armees, cet effort doit se traduire par une hausse progressive du budget de la defense pour rejoindre la cible de 2 % du PIB, avant la fin du prochain quinquennat >>. L'effort demande << ne pourra etre ni allege ni reporte, en depit de la complexite de l'equation budgetaire etatique previsionnelle >>, fait-il valoir en ajoutant en guise de conclusion : << Le prix de la paix, c'est l'effort de guerre. >> Le projet de budget de la defense pour 2017 s'eleve a 32,7 milliards d'euros, a 1,77 % du produit interieur brut (PIB), ce qui marque une stabilite par rapport a 2016. La France s'est engagee a le porter a 2 % du PIB d'ici a 2025 dans le cadre de l'OTAN. ", "theme": "Economie"}