{"id_art": "217c605861a374af40179601f2936aff", "title": "colis pieges : huit paquets << suspects >> decouverts a athenes", "newspaper": "Le Monde", "author": "", "date_publi": "20/03/2017", "content": " Avant qu'ils n'arrivent a destination, la police grecque a intercepte dans un centre d'expedition du nord d'Athenes huit paquets << suspects >> adresses a << des personnalites de pays europeens >>, a-t-elle annonce lundi 20 mars. La semaine derniere, des paquets explosifs avaient ete envoyes au ministere allemand des finances a Berlin et au bureau du FMI (Fonds monetaire international) a Paris. Celui de Paris avait legerement blesse l'employee qui l'avait ouvert, au visage et aux mains. La Conspiration des cellules de feu, un groupe anarchiste, a revendique l'envoi a Berlin, et les enqueteurs francais ont egalement attribue l'attentat de Paris a la mouvance anarchiste grecque. << Mecanisme similaire >> au colis du FMI La semaine derniere, une source proche de l'enquete a Paris avait precise que l'engin consistait en deux tubes contenant de la poudre noire avec un detonateur artisanal. Lundi soir, une source policiere grecque a fait savoir que les huit nouveaux paquets avaient ete passes aux rayons X et << contenaient un mecanisme similaire >>. Dans sa revendication, Conspiration des cellules de feu avait prevenu que l'envoi du colis au ministere allemand entrait dans le cadre du plan Nemesis (justice, en grec) visant << le systeme de pouvoir >>. La Conspiration des cellules de feu avait mis en etat d'alerte l'Europe en 2010 avec une serie d'envois de colis pieges, notamment a la chancellerie allemande et a des dirigeants europeens. Beaucoup de ses membres, tres jeunes, avaient ete condamnes en 2011. Le groupe avait fait quelques reapparitions depuis 2014. ", "theme": "Europe"}