{"id_art": "5a848bccb44f7ab6b1fb9c9e397810d3", "title": "bat ye'or, l'egerie des nouveaux croises", "newspaper": "Le Monde", "author": "Jean Birnbaum", "date_publi": "15/02/2018", "content": " Ici, la politique commence par la fiction et elle y retourne. Quelques heures avant l'attentat djihadiste du 7 janvier 2015 contre Charlie Hebdo, l'hebdomadaire Valeurs actuelles annoncait sa << une >> du lendemain : << Islam : et si Houellebecq avait raison ? >> Cette couverture venait saluer la sortie de Soumission, roman publie le meme jour chez Flammarion, dans lequel l'ecrivain depeint une France sous domination musulmane. Or, a la page 157, l'un des personnages de Houellebecq conclut : << Dans un sens la vieille Bat Ye'or n'a pas tort, avec son fantasme de complot Eurabia. >> Imposee par un sanglant telescopage entre l'actualite litteraire et l'evenement terroriste, l'interrogation allait desormais courir, souterrainement, a travers une partie de la presse de droite et, au-dela, dans toute une blogosphere identitaire : si Houellebecq avait raison, serait-ce que Bat Ye'or n'a pas tort ? Celle-ci etait deja tres influente, objectera-t-on, bien avant les attentats de janvier 2015. Des 2006, par exemple, le jeune historien Ivan Jablonka soulignait son aura internationale dans un riche dossier de La Vie des idees, revue fondee autour de Pierre Rosanvallon, professeur au College de France. Intitule << La peur de l'islam. Bat Ye'or et le spectre de l'\"Eurabie\" >>, le dossier presentait l'itineraire de cette auteure britannique, nee au Caire en 1933, qui a travaille sur le statut des dhimmis (minorites en terre d'islam) a l'epoque medievale, avant de signer en 2005 un pamphlet a l'echo sans frontieres, Eurabia (Jean-Cyrille Godefroy, 2006), ou elle accuse les elites europeennes contemporaines de renoncer a leurs racines judeo-chretiennes et de livrer leurs peuples a une nouvelle << dhimmitude >>. Obsessions pugnaces et angoisses virulentes Au tournant des annees 2000, ses textes ont recu un accueil enthousiaste du cote de celebres intellectuels neoconservateurs, comme... ", "theme": "Livres"}