{"id_art": "98cd91073776e246d13b15e952b582eb", "title": "un attentat a la voiture piegee fait au moins 52 morts a bagdad", "newspaper": "Le Monde", "author": "", "date_publi": "16/02/2017", "content": " Trois jours et trois attaques. Un marche de Bagdad a ete la cible d'un attentat a la voiture piegee, jeudi 16 fevrier, et a fait au moins 52 morts et des dizaines de blesses. L'attentat, revendique par l'organisation djihadiste Etat islamique (EI), s'est produit dans le quartier de Bayaa, dans le sud de la ville, ou quatre personnes avaient deja peri mardi dans un attentat a la voiture piegee. Mercredi, un kamikaze a fait exploser sa voiture piegee dans un quartier a majorite chiite du nord de Bagdad, tuant onze personnes. L'attentat avait egalement ete revendique par l'EI, responsable de plusieurs attaques ces derniers mois dans la capitale irakienne. Recrudescence des attentats dans Bagdad Au debut de janvier, une serie d'attentats-suicides avaient deja frappe des marches de la capitale irakienne. Le 2 janvier, l'EI avait revendique un attentat a la voiture piegee dans le marche de Sadr City. Trente-deux personnes avaient trouve la mort et 61 avaient ete blessees. Puis, le 8 janvier, une autre attaque dans ce meme marche avait de nouveau ete revendiquee par l'EI. Douze personnes avaient trouve la mort et 39 autres avaient ete blessees. La meme journee, un autre kamikaze s'etait fait exploser dans un marche du quartier Baladiyat, faisant au moins six morts et 16 blesses. Apres une periode de calme relatif, la capitale irakienne fait face a une recrudescence d'attentats de l'Etat islamique depuis le lancement, le 17 octobre, de l'offensive pour reconquerir Mossoul, la deuxieme ville du pays et le plus important bastion de l'organisation extremiste. ", "theme": "Irak"}