{"id_art": "b03fc443edb9bfd930bd1c47ce93b74f", "title": "des lieux de culte musulmans vises dans trois villes de france", "newspaper": "Le Monde", "author": "", "date_publi": "08/01/2015", "content": " Des lieux de culte musulmans ont ete vises par des tirs d'armes a feu ou d'autres projectiles, sans faire de victime, mercredi 7 et jeudi 8 janvier dans plusieurs villes de France, violences qui font suite a l'attentat contre Charlie Hebdo, a Paris, mercredi. Au Mans, dans la Sarthe Quatre grenades d'exercice, dites << grenades a platre >>, ont ete lancees dans la nuit de mercredi a jeudi, vers 0 h 30 contre une mosquee d'un quartier populaire, les Sablons, a precise le procureur lors d'un point presse jeudi apres-midi. Une seule a explose dans une petite cour sans faire de degats importants, avait precedemment annonce le parquet. Enquete sur la mosquee du Mans. \"Plusieurs tirs - 4 grenades et des temoins oculaires\" (point-presse procureur) pic.twitter.com/1Lv4MqiOo2-- Willy Colin (@Willy_Colin) 8 Janvier 2015 Selon Ouest France, les premieres constatations ont aussi permis de relever un impact de balle sur une fenetre. Un perimetre de securite a ete etabli et il n'y a pas eu d'interpellation. << Il s'agit clairement d'une provocation a l'encontre de la communaute musulmane, nourrie par un sentiment d'islamophobie. Dans le climat general, ce n'est pas un acte banal. Il faut le prendre au serieux. Mais la communaute musulmane ne repondra pas a la provocation >>, a souligne Mohamed Bentahar, responsable local de l'association des travailleurs maghrebins en France. Elu de la Sarthe, le porte-parole du gouvernement, Stephane Le Foll, est arrive sur place jeudi vers 16 heures pour s'entretenir avec les responsables de la mosquee des Sablons, avant de se rendre au commissariat, selon des temoins sur place. Le ministre @SLeFoll s'entretient avec les responsables de la mosquee visee par des tirs et grenades #LeMans pic.twitter.com/5q3R2FCvPq-- Willy Colin (@Willy_Colin) 8 Janvier 2015 A Port-la-Nouvelle, dans l'Aude A Port-la-Nouvelle, dans le departement de l'Aude, un ou plusieurs coups de feu ont ete tires en direction d'une salle de priere musulmane, vers 20 heures, une heure environ apres la fin de la priere, alors que la salle etait vide, a precise le parquet de Narbonne, ajoutant que l'arme utilisee etait un << pistolet a grenaille >>. << Un individu a tire a deux reprises sur la porte, brisant une vitre avec une arme de calibre faible >>, a declare le procureur de la Republique de Narbonne a Midi libre. La salle de priere n'est signalee par aucun panneau et accueille en moyenne trente a cinquante fideles. << Bien evidemment que c'est quelqu'un qui a cru bon de venger je ne sais quoi ou je ne sais qui >>, a declare a l'AFP, David Charmatz, interroge sur un possible lien avec l'attentat mercredi contre Charlie Hebdo. L'enquete a ete confiee a la brigade de recherche de la gendarmerie de Narbonne. Pour l'heure, aucune interpellation n'a encore ete effectuee. A Villefranche-sur-Saone, dans le Rhone Jeudi matin a l'aube, une explosion s'est produite a Villefranche-sur-Saone (Rhone) devant un snack kebab jouxtant la mosquee de la ville. << Un engin artisanal depose devant l'entree du snack, a quelques metres de la mosquee, a explose a 5 h 45. La facade a ete soufflee >>, a declare le procureur de la Republique de Villefranche-sur-Saone, Gregoire Dulin, lors d'un point de presse. << Aucune hypothese n'est privilegiee >> sur l'origine de cet acte, selon le magistrat, dans l'attente d'elements de la police scientifique. << Je suis choque, on a vise le snack mais c'etait la mosquee qui etait visee >>, a reagi Fayssal, 28 ans, habitant du quartier. << Il y a des gens qui melangent tout, il faut arreter de meler les musulmans aux cochonneries qui se sont passees a Paris >>, a-t-il ajoute, qualifiant les auteurs de l'attentat contre Charlie Hebdo << d'extraterrestres, de chiens >>. << Une telle situation est inquietante et bouleversante et m'amene a lancer un message de cohesion, d'unite et de respect dans cette periode douloureuse que traverse la France >>, a declare le depute-maire UMP de la ville, Bernard Perrut, qui a demande la protection de la mosquee. Selon le secretaire de la mosquee, Foued Medjoub, celle-ci n'avait jamais ete menacee. << Est-ce que ce sont des gens qui veulent allumer un conflit ou de petits idiots, on ne sait pas >>, a-t-il declare, desireux d'apaiser les esprits car << il y a deja douze morts, cela suffit >>. Les instances representatives de l'islam de France s'inquietent << Je suis inquiet que des actes anti-musulmans puissent se commettre. On en est a trois et la journee n'est pas terminee. J'ai peur que ces actes s'amplifient dans les jours a venir >>, a pour sa part declare Abdallah Zekri, president de l'Observatoire contre l'islamophobie, rattache au Conseil francais du culte musulman (CFCM), instance representative de l'islam de France, en demandant aux autorites d'<< assurer la securite >>. Dans un communique, les dirigeants du CFCM et de l'Union des organisations islamiques de France (UOIF, proche des Freres musulmans) ont appele << les citoyens de confession musulmane a rejoindre massivement la manifestation nationale >> prevue ce week-end. Le ministere de la justice centralise Le ministere de la justice, qui a fait etat egalement d'inscriptions a la peinture rouge << Islam on va vous niquer - Charlie >> le long d'une artere de Macon, a diffuse une circulaire demandant aux juridictions de faire remonter tout signalement d'actes islamophobes. Ces signalements seront centralises a la Direction des affaires criminelles et des graces (DACG). ", "theme": "Societe"}