{"id_art": "e49444093746a74563034851f04b7f84", "title": "attentat de berlin, comptes de campagne de la droite et sante des ados... les informations a retenir a 8 heures", "newspaper": "Le Monde", "author": "", "date_publi": "22/12/2016", "content": " Attentat de Berlin : avis de recherche europeen emis contre un suspect tunisien La police allemande etait engagee, mercredi 21 decembre, dans une chasse a l'homme pour retrouver l'auteur de l'attentat de Berlin revendique dans le pays par le groupe Etat islamique (EI). L'Allemagne a annonce rechercher activement un demandeur d'asile tunisien de 24 ans. Primaire a droite : de grandes disparites dans les comptes de campagne La Haute Autorite de la primaire de la droite a publie, mercredi 21 decembre, les comptes de campagne des sept postulants. Les documents montrent de grandes disparites entre les depenses de Francois Fillon, d'Alain Juppe, de Nicolas Sarkozy et celles des autres candidats. Sommeil, ecole, sexualite, famille... : les adolescents francais ne vont pas si mal Une vaste etude internationale montre qu'une majorite de collegiens ont une perception positive de leur vie. Mais les filles affirment se sentir globalement moins bien que les garcons : elles souffrent de stress a l'ecole, et 13 % font des regimes. Et aussi : Terrorisme. La politique de revendication de l'EI evolue au gre des circonstances Syrie. L'evacuation d'Alep se poursuit au compte-gouttes Planete. En Normandie, une route solaire au banc d'essai ", "theme": "International"}