{"id_art": "b2669c33667a01a6dfb30dbe9704068b", "title": "attentat de berlin, fn, grippe aviaire... les informations a retenir en fin de journee", "newspaper": "Le Monde", "author": "", "date_publi": "04/01/2017", "content": " Attentat de Berlin : un Tunisien arrete en Allemagne Un ressortissant tunisien a ete interpelle par la police allemande, mardi, dans le cadre de l'enquete sur l'attentat contre un marche de Noel le 19 decembre a Berlin, qui a fait 12 morts et 56 blesses. La police a perquisitionne mardi soir la chambre du suspect, age de 26 ans, qui a dine avec Anis Amri la veille de l'attaque. La justice russe saisie sur le pret bancaire consenti au Front national La nouvelle ne pouvait plus mal tomber, a l'heure ou le Front national est lance dans une quete tous azimuts de financements pour ses campagnes electorales du printemps 2017. L'Agence d'assurance des depots bancaires russes reclame au parti de Marine Le Pen le remboursement du pret de 9 millions d'euros accorde en septembre 2014 par la First Czech-Russian Bank. Grippe aviaire : un million de canards d'elevage vont etre abattus dans le Sud-Ouest Aux grands maux les grands remedes. Le ministere de l'agriculture a annonce, mercredi 4 janvier, une campagne d'abattage massif de canards eleves a l'air libre dans 42 communes du Sud-Ouest. Celle-ci doit debuter des jeudi dans l'espoir d'endiguer la grippe aviaire dans les departements du Gers, des Landes et des Hautes-Pyrenees. Lire aussi : Athletisme. Ashton Eaton, le roi du decathlon, prend sa retraite. Justice. Le siege du parti centriste UDI perquisitionne. Birmanie. Exactions filmees contre des Rohingya, des policiers arretes. Allemagne. Hitler fait encore vendre. ", "theme": "Les decodeurs"}