{"id_art": "ea4558e5b02ba07c193abe1779aba11e", "title": "migrants, assemblee, football et eleveurs : la semaine des decodeurs", "newspaper": "Le Monde", "author": "Les Décodeurs\n", "date_publi": "04/09/2015", "content": " En cette rentree, nous inaugurons un nouveau format et vous proposons un resume de l'actualite de la semaine vue par les Decodeurs.LundiAlors que pendant le week-end, les autorites europeennes ont fait part de leur volonte de renforcer la securite dans les transports suite a la tentative d'attentat dans le Thalys Amsterdam-Paris, plusieurs politiques francais, droite et extreme droite essentiellement, font assaut de propositions pour << encadrer >> les personnes fichees par les services de renseignement. On en profite pour vous expliquer ce qu'est la fiche S. MardiPetite revolution pour les Franciliens, la carte de transport Navigo adopte un tarif unique de 70 euros. Qui y gagne ? Qui y perd ? On fait le point. Autre point, chez nos elus cette fois : les parlementaires sont souvent accuses de faire passer des lois en douce, pendant la torpeur estivale. On vous les resume pour que vous puissiez vous faire une idee. Sur les reseaux sociaux, une rumeur court : le Costa Rica aurait ouvert ses zoos et libere ses animaux ! On a verifie et... Non. MercrediUn chiffre vient defrayer la fin de la periode des transferts dans le monde du football : Manchester United debourse 80 millions d'euros pour s'attacher les services du jeune (19 ans) et prometteur monegasque Anthony Martial. JeudiLes agriculteurs entrent dans Paris pour manifester : on revient sur les raisons de leur colere. La photo d'un enfant mort noye, son corps echoue sur le sable d'une plage turque commence a faire la une des journaux (elle a ete prise mercredi) et indigne la classe politique, y compris les moins empathiques sur la question. VendrediL'impact de la photo du petit garcon syrien, Aylan Kurdi, est immense dans l'opinion publique et les engagements citoyens et politiques se multiplient. Le tour des differents aspects de la question dans ce contenu recapitulatif : Dans un tout autre domaine, apres le nouveau delai annonce pour le reacteur de 3e generation a Flamanville, nous nous demandons si le prix de l'electricite issue du nucleaire est toujours competitif, notamment face au solaire. Enfin, alors que le patron de la CFDT brocarde la complexite du code du travail, nous vous avons concocte un quiz sur vos droits et vos devoirs au bureau. Ailleurs sur le webSur les reseaux sociaux, les internautes ont beaucoup reagi au parachute dore du patron d'Alcatel-Lucent et notamment a cette mini-infographie : Le parachute dore du patron d'#Alcatel-Lucent : 218 annees de travail d'un employe du groupe http://t.co/LzV3bwnz05-- decodeurs (@Les Decodeurs) require([\"twitter/widgets\"]); On a aime cette infographie realisee pour les 300 ans de la mort de Louis XIV (mardi) : Louis XIV est mort il y a 300 ans : comment sont morts les dirigeants francais ? http://t.co/cHsagBJcUb #Infographie http://t.co/9aqsLgMnpa-- GoumProd (@Goum Prod) require([\"twitter/widgets\"]); Une datavisualisation qui nous a marques, celle (composee de diagrammes alluviaux) de l'hebdomadaire britannique The Economist sur les parcours des migrants : Where do European asylum seekers end up http://t.co/1e3bMU4hwr http://t.co/suTzwANzjU-- ECONdailycharts (@The Economist) require([\"twitter/widgets\"]); ", "theme": "Les decodeurs"}