{"id_art": "e2ecfc26e989a1a67ccfad4bce3087c5", "title": "syrie : double attentat contre des pelerins chiites a damas, plus de 70 morts", "newspaper": "Le Monde", "author": "", "date_publi": "11/03/2017", "content": " Un double attentat-suicide a coute la vie a au moins 74 personnes et en a blesse plus de 120 autres, samedi 11 mars dans la capitale syrienne de Damas, selon l'Observatoire syrien des droits de l'homme (OSDH), organisme installe a Londres et en contact avec de nombreuses sources sur le terrain. Un precedent bilan des autorites syriennes et des responsables medicaux etait de 40 morts. Les victimes de cette attaque terroriste sont des pelerins chiites, des Irakiens en grande majorite, selon le gouvernement de ce pays, qui etaient venus visiter et se recueillir au cimetiere de Bab Al-Saghir et la mosquee de Sayeda Zeinab, la petite-fille du prophete Mahomet, deux de leurs lieux saints. Selon la chaine du Hezbollah, Al-Manar, les pelerins ont d'abord ete vises alors qu'ils descendaient des bus qui les emmenaient au cimetiere. La seconde attaque a eu lieu dix minutes plus tard faisant plusieurs victimes parmi les membres de la protection civile qui etaient venus porter secours aux personnes touchees par la premiere explosion. Selon la television syrienne, qui parle de bombes et pas d'attaques suicide, une moto piegee a ete decouverte dans le meme secteur, pres du cimetiere. Au cours des dernieres annees de guerre en Syrie, plusieurs attentats sanglants ont vise un haut lieu de pelerinage chiite pres de Damas. La plupart ont ete revendiques par des groupes djihadistes hostiles a l'Iran et au Hezbollah chiites, principaux allies du regime de Bachar Al-Assad. Cette derniere attaque n'a pas encore ete revendiquee. ", "theme": "Syrie"}