{"id_art": "f0ef6caccbeb3b20f84c33e315f94838", "title": "la conjuration des credules", "newspaper": "Le Monde", "author": "Frédéric Joignot", "date_publi": "12/03/2015", "content": " L'interpretation biaisee, voire farfelue, des images et des photos est un des passe-temps favoris des esprits complotistes - ceux qui voient d'odieuses conspirations derriere chaque evenement marquant, comme lors de l'attentat contre John Fitzgerald Kennedy, ou le 11 septembre 2001. On l'a encore vu pendant le drame de Charlie Hebdo. Pour ces suspicieux, une simple difference dans la couleur des retroviseurs de la Citroen C3 utilisee par les freres Kouachi, sur deux cliches pris pendant et apres l'attentat, prouverait ainsi qu'il ne s'agit pas de la meme voiture. Alors que le metal chrome produit, selon l'angle de prise de vue, des reflets plus ou moins sombres - ce qui explique la dissemblance des photos -, certains y ont vu la preuve d'une manipulation politique : les Kouachi n'auraient pas attaque le journal, mais servi de gibier a la police dans << la seconde C3 >>, celle aux retroviseurs sombres. Pendant ce temps, de mysterieux occupants de << la premiere C3 >> decimaient l'equipe du journal. Pour certains complotistes, jeunes tweetos enerves ou emules de Dieudonne, c'etait des hommes des services secrets israeliens decides a discrediter les musulmans. Pour d'autres, des agents francais voulant creer une situation de guerre civile en France.Tous ceux qui refusent de croire aux versions officiellesUne autre << preuve >> photographique de ces manoeuvres serait l'absence de sang repandu lors de l'execution par les terroristes, a bout portant, du policier Ahmed Merabet. La video serait << truquee >>, disent des centaines de tweets, et le gardien de la paix n'a pas ete tue par les deux freres. D'apres la police scientifique pourtant, un tel tir peut ne pas faire jaillir de sang. Mais pas tous ceux qui refusent de croire aux versions officielles et s'improvisent experts sur Internet, alors meme qu'ils n'ont aucune connaissance balistique. << Le propagateur d'une rumeur negatrice interprete la realite en fonction de... ", "theme": "Societe"}