{"id_art": "1ee876d07dfe3d62f3bf21723a0f0ad7", "title": "afghanistan : double attentat contre la police a kaboul", "newspaper": "Le Monde", "author": "", "date_publi": "01/03/2017", "content": " La capitale afghane a ete secouee, mercredi 1er mars a la mi-journee, par une forte explosion suivie par l'attaque d'un kamikaze, a annonce le porte-parole du ministere de l'interieur afghan. Selon le dernier bilan, ces attaques ont fait 16 morts et 44 blesses. A 12 h 30, heure locale, une voiture piegee conduite par un kamikaze a explose a proximite d'un poste de police dans l'ouest de Kaboul. La deuxieme attaque, perpetree a 12 h 35 par un kamikaze a pied, visait, elle, un centre des renseignements dans le sud-est de la ville, a precise le porte-parole du ministere, qui a fait etat de << tirs >>. Le rythme des attaques s'accelere Dans un message poste sur Twitter, le porte-parole des talibans, Zabibullah Mujahid, a revendique cette double attaque. Il a precise qu'un site appartenant aux services de renseignement, de meme qu'un batiment de la police et un centre de recrutement de l'armee avaient ete vises. Depuis la fin de l'annee 2016, le rythme des attaques dans la capitale afghane s'accelere. Les institutions et les forces de securite en sont les cibles regulieres. Debut fevrier, un attentat-suicide visant la Cour supreme a cause la mort d'une vingtaine de personnes. Fin decembre, un depute avait ete la cible d'une explosion dans une zone tres frequentee de Kaboul. Blesse aux cotes de deux autres personnes, il s'en etait sorti. Debut septembre, enfin, une serie de trois attentats-suicides en moins de vingt-quatre heures, revendiquee par les talibans a fait au moins quarante et un morts et cent dix blesses pres du ministere de la defense. ", "theme": "Asie-Pacifique"}