{"id_art": "f59e749687a447bc93a17ec7cff9c5c5", "title": "arrestation a istanbul, succession a bruxelles, froid... les infos a retenir a 8 heures", "newspaper": "Le Monde", "author": "", "date_publi": "17/01/2017", "content": " Arrestation de l'auteur presume de l'attentat du Nouvel An a Istanbul Plusieurs medias turcs, dont la television d'Etat TRT et le journal Hurriyet, ont annonce dans la nuit de lundi a mardi que l'assaillant presume de l'attaque de la discotheque le Reina le soir du Nouvel An avait ete capture a Istanbul. Les services de renseignement et la police antiterroriste l'auraient identifie comme un Ouzbek de 34 ans, faisant partie d'une cellule de l'organisation Etat islamique en Asie. Martin Schulz, l'un des principaux visages de l'Europe, quitte Strasbourg Le Parlement europeen doit elire mardi un successeur au social-democrate allemand (SPD) Martin Schulz qui quitte la presidence de l'institution apres deux mandats. Cet ancien libraire natif de Rhenanie-du-Nord-Westphalie aura reussi a transformer l'hemicycle en arene de la democratie europeenne. La vague de froid s'intensifie Mardi, des minimales de - 6 degC sont annoncees a Strasbourg, - 8 a Langres (en Haute-Marne, ou a ete declenche le niveau 3 << froid extreme >>). A Paris, - 3 a - 4 degC sont prevus mardi et mercredi. En journee, le thermometre aura du mal a franchir 1 degC. Le gestionnaire du reseau de transport d'electricite (RTE) a assure que les besoins de la France seraient assures mardi, mais qu'il pourrait etre amene a declencher des mesures exceptionnelles mercredi. Et aussi : Economie. A Davos, le rendez-vous d'un monde a l'envers Europe. Theresa May et le Brexit, l'heure de verite Espace. Eugene Cernan, le dernier astronaute a avoir foule la Lune, est mort ", "theme": "Les decodeurs"}