{"id_art": "da720b750ba3f4d19d0cffe12c52325c", "title": "les terroristes qui ont frappe la france ne se sont pas radicalises << en ligne >>", "newspaper": "Le Monde", "author": "Damien Leloup", "date_publi": "26/08/2015", "content": " Invite de la matinale de France Inter, mercredi 26 aout, le ministre de l'interieur l'a reaffirme : << 90 % de ceux qui basculent dans le terrorisme le font sur Internet >>. C'est loin d'etre la premiere fois que Bernard Cazeneuve utilise ce chiffre.Comme le rappelle le site NextInpact, le ministre s'est appuye une bonne douzaine de fois sur cette statistique, principalement pour defendre des mesures de la controversee loi sur le renseignement, adoptee en juin. Un echantillon peu representatifD'ou proviennent ces << 90 % >> ? Comme le notait Liberation, il est tire d'un rapport du Centre de prevention contre les derives sectaires liees a l'islam (.pdf). Fonde sur des entretiens realises avec 160 familles, ce texte repose sur un echantillon statistique peu representatif.D'une part, parce que le nombre de cas etudies est limite, et aussi parce que les cas etudies se font sur la base des proches qui ont contacte un numero d'aide aux familles de personnes en cours de radicalisation. L'echantillon etudie ne comprend pas, par exemple, de personnes qui se sont radicalisees sans que leurs proches s'en rendent compte, ou de personnes isolees. Il est difficile d'en tirer des conclusions generales sur l'ensemble des personnes qui se tournent vers le terrorisme.Par ailleurs, la presentation de ce seul chiffre est tendancieuse. Comme le montre la meme etude, une bonne partie de l'endoctrinement se fait aussi par SMS. Et la rencontre avec un interlocuteur physique est, en derniere etape, le prealable a la quasi-totalite des departs vers la Syrie.En realite, M. Cazeneuve met surtout en avant la technologie utilisee pour communiquer plus que le fond de la communication elle-meme et de son impact sur ses destinataires. En utilisant le meme raisonnement, on pourrait par exemple dire que 100 % des departs pour le djihad utilisent, a un moment de leur processus de radicalisation, un telephone ou une voiture... Echanges d'informationsIl est bien sur indeniable que les reseaux djihadistes utilisent le Web et les reseaux sociaux pour diffuser leur propagande, ou approcher des sympathisants pour leur fournir des contacts et renseignements. Plusieurs medias (par exemple Rue89 et France TV Info) ont demontre comment Facebook pouvait servir de lieux d'echanges d'informations sur le djihad pour des personnes deja convaincues. Au point que les grandes plateformes (Youtube, Facebook...) font avec plus ou moins d'efficacite la chasse aux videos de propagande, parfois composees d'images truquees ou meme appelant les musulmans europeens a commettre des attentats dans leurs pays. Les principaux reseaux sociaux ont annonce cette annee la mise en place de plusieurs mesures pour favoriser l'emergence de << contre-discours >> face a une propagande djihadiste diffusee par de petits groupes tres actifs, et qu'il est difficile de supprimer totalement.Pour autant, la diffusion de ces videos joue, selon la plupart des experts, un role minime dans le processus de recrutement des djihadistes. << L'idee qu'en regardant des videos, on decide soudain de partir pour la Syrie ne correspond pas a la realite. Ce sont des groupes de jeunes qui se rencontrent dans une mosquee ou dans un kebab et se radicalisent ensemble >>, expliquait au Monde en decembre 2014 Peter Neumann, qui dirige le Centre international pour l'etude de la radicalisation (ICSR). Lire aussi Propagande, djihad et video Des terroristes radicalises en prison ou dans des mosquees radicalesCes dernieres annees, les principaux attentats qui ont touche la France et la Belgique ont ainsi surtout ete le fait de terroristes qui ne se sont pas radicalises sur le Web, comme le montrent les enquetes des services de renseignement, de police et de gendarmerie.Ayoub El-Khazzani, le principal suspect de l'attaque contre le Thalys, a regarde une video de propagande djihadiste sur son telephone avant de sortir des toilettes du train arme d'un fusil d'assaut. Mais selon les informations du Monde, c'est dans une mosquee radicale d'Algesiras, en Espagne, qu'a eu lieu sa radicalisation. Meme chose pour Sid Ahmed Ghlam, l'etudiant qui projetait un attentat contre une eglise de Villejuif. Plusieurs de ses proches, dont son frere et sa belle-soeur, appartiendraient a la mouvance Tabligh, un mouvement de predication litteraliste. Les freres Kouachi, auteurs de la tuerie a Charlie Hebdo, avaient des profils tres eloignes du jeune autoradicalise en ligne.Au contraire : Cherif Kouachi faisait partie de la filiere dite << des Buttes-Chaumont >>, du nom de ce quartier de Paris ou il a frequente plusieurs mentors salafistes, dont Farid Benyettou. Arrete en 2005 alors qu'il tente de rejoindre l'Irak pour y faire le djihad, il fait la connaissance a la maison d'arret de Fleury-Merogis d'un nouveau pere spirituel, Djamel Beghal. Sa seule utilisation connue d'Internet dans le cadre de ses activites terroristes se limite a la consultation de sites Web sur le maniement des armes. Amedy Coulibably, auteur de l'attaque contre l'Hyper Casher, avait fait la connaissance de Cherif Kouachi a Fleury-Merogis. Decrit par une connaissance comme << quelqu'un qui a glisse progressivement de la petite a la grande criminalite, puis vers l'islamisme >>, il etait sorti de prison en 2007. Sa seule utilisation connue d'Internet concerne des sites de poker en ligne. Il avait enregistre une video de revendication, editee apres sa mort et mise en ligne dimanche, vraisemblablement par un complice. Mehdi Nemmouche, l'auteur presume de la tuerie du Musee juif de Belgique s'est lui aussi radicalise en prison, entre 2008 et 2009, alors qu'il purge une peine pour vol aggrave et pour le braquage d'une superette a Tourcoing commis en 2006. On ne lui connait aucune activite islamiste ou terroriste en ligne. La these initiale des services de renseignement etait que Mohammed Merah, l'auteur des tueries de Toulouse ayant touche des militaires et des juifs, s'etait << autoradicalise en prison [en 2009], tout seul, en lisant le Coran >>. L'enquete a montre que Mohammed Merah etait cependant en contact telephonique avec de tres nombreux interlocuteurs radicaux, dans 20 pays. Il n'avait pas d'utilisation connue d'Internet pour ses activites terroristes. ", "theme": ""}