{"id_art": "6dfd443355a6f1fefce159ee3e804a78", "title": "armel le cleac'h remporte le vendee globe, psa et la gambie... les informations a retenir a 19 heures", "newspaper": "Le Monde", "author": "", "date_publi": "19/01/2017", "content": " Armel Le Cleac'h remporte son premier Vendee Globe en un temps record La troisieme fois est la bonne ! En franchissant la ligne d'arrivee a 16 h 37, aux Sables-d'Olonne, Armel Le Cleac'h remporte son premier Vendee Globe. En 74 jours 3 heures 35 minutes et 46 secondes, il ameliore de pres de quatre jours le record etabli par Francois Gabart lors de l'edition precedente. Francois Hollande promet que l'Etat gardera << sa part au capital de PSA >> << Ici, je reaffirme que l'Etat gardera sa part au capital de PSA parce que c'est a la fois notre responsabilite et c'est votre garantie >>, a promis le president lors de la visite a Charleville-Mezieres du site du constructeur automobile dont l'Etat detient 14 % du capital. Adama Barrow prete serment comme nouveau president de Gambie La date est respectee pour l'investiture du nouveau president Adama Barrow, vainqueur de la presidentielle. Mais le lieu est insolite. Comme le president sortant Yahya Jammeh a refuse de ceder le pouvoir, la ceremonie s'est tenue a l'ambassade de Gambie a Dakar. Et aussi : Lafarge. Bercy a saisi la justice au sujet des activites de Lafarge en Syrie Bygmalion. Cinq mois de prison avec sursis pour Patrick de Carolis et Bastien Millot Fraude fiscale. Cinq ans d'ineligibilite, prison avec sursis et 9 millions d'euros d'amende requis contre Dassault Attentat de Nice. Les plaintes contestant le dispositif de securite classees sans suite ", "theme": "Les decodeurs"}