{"id_art": "ae612b7af990d10a512545300359e858", "title": "rechauffement climatique, tromelin, investiture de trump... les informations a retenir a 19 heures", "newspaper": "Le Monde", "author": "", "date_publi": "18/01/2017", "content": " Le record de chaleur sur terre battu pour la troisieme annee d'affilee L'annee 2016 a ete la plus chaude sur la planete depuis le debut des releves de temperatures, en 1880, marquant le troisieme record annuel d'affilee de chaleur, a annonce mercredi l'Agence americaine oceanique et atmospherique (NOAA). Depuis 2000, la planete a enregistre cinq annees records : 2005, 2010, 2014, 2015 et 2016. Qu'est-ce que cette ile Tromelin qui fait autant reagir ? Bout de terre situe a 520 kilometres au nord de La Reunion, l'ile Tromelin suscite de nombreux debats, et un recent texte de loi la concernant a fait reagir plusieurs responsables politiques, notamment de l'UDI et du FN. Le territoire, actuellement gere par l'administration des terres australes et antarctiques francaises, est revendique par l'ile Maurice depuis 1976. Investiture de Trump : un cauchemar logistique et securitaire Des centaines de milliers d'Americains devraient se masser le 20 janvier sur le National Mall, la grande artere verdoyante qui traverse Washington, pour assister a l'investiture du president elu americain, Donald Trump. Dans la crainte d'un attentat, et alors que les presidents sortant et elu participeront a la prestation de serment, environ 28 000 agents du Secret Service (qui assure la securite du president et de personnalites) et des forces de securite seront deployes dans la capitale. Et aussi : Cinema. Roman Polanski presidera la 42e ceremonie des Cesars Mali. Un attentat-suicide tue pres de 50 soldats de la future armee malienne unitaire Planete. Vers une agriculture bio << a deux vitesses >> ", "theme": "Les decodeurs"}