{"id_art": "7085670f33a5652fab7f95958a180563", "title": "en irak, un double attentat fait une trentaine de morts dans un marche de bagdad", "newspaper": "Le Monde", "author": "", "date_publi": "31/12/2016", "content": " Au moins 27 personnes sont mortes et plusieurs dizaines d'autres ont ete blessees, samedi 31 decembre, dans une double explosion qui s'est produite dans le marche de demi-gros d'Al-Sinek, un endroit tres frequente du centre de Bagdad, ont rapporte des sources policieres. L'attentat a ete revendique par la suite par l'organisation djihadiste Etat islamique (EI). Deux kamikazes se sont fait exploser quasi simultanement a une heure matinale ou vendeurs et acheteurs sont tres nombreux. Les devantures et les etals ont ete souffles par les deflagrations. << Il y a 27 morts et 53 blesses >>, a declare un colonel de la police. Un haut responsable du ministere de l'interieur et une source hospitaliere ont confirme ce bilan. Ibrahim Mohammed Ali, un commercant, a precise : << De nombreuses victimes etaient des employes de magasins qui vendent des pieces detachees. Ils s'etaient reunis autour d'un etal pour prendre le petit dejeuner quand les explosions ont eu lieu. >> Theatre recurrent d'attentats Bagdad est le theatre recurrent d'attentats, notamment perpetres par l'EI, qui affronte les forces irakiennes a Mossoul depuis le 17 octobre. Le dernier attentat d'envergure dans la capitale s'etait produit a la mi-octobre lorsqu'un kamikaze s'etait fait exploser au milieu d'une ceremonie de condoleances dans un quartier chiite, tuant au moins 34 personnes. Le 3 juillet dernier, l'attaque la plus meurtriere de l'annee dans la ville, revendiquee par l'EI, a fait au moins 324 morts. ", "theme": "Irak"}