{"id_art": "5a2db77a74ab5affe6d4b651c3915753", "title": "trump, equateur, melenchon... l'essentiel du 20 fevrier a 8 heures", "newspaper": "Le Monde", "author": "", "date_publi": "20/02/2017", "content": " Donald Trump invente un acte terroriste en Suede Il est dangereux d'accueillir des refugies : la preuve, la Suede, pays accueillant, vient de subir un attentat, a explique samedi soir le president americain a ses supporteurs. Presidentielle en Equateur : ballottage entre les candidats socialiste et conservateur Selon les resultats partiels, Lenin Moreno, candidat d'Alianza PAIS, a recueilli 38,87 % des voix. Quat au conservateur Guillermo Lasso, il est credite de 28,50 %. Melenchon presente sa strategie de relance economique Le candidat de La France insoumise a consacre une emission au chiffrage de son projet, retransmise sur YouTube et Facebook. Et aussi Mossoul. Les forces irakiennes lancent l'offensive sur l'ouest de Mossoul. Amazon. Creation de 1 500 emplois en France. Italie. Renzi demissionne de la tete de son parti pour reprendre la main. ", "theme": "Les decodeurs"}