{"id_art": "3994b3dfb0cc03471070f101edecde67", "title": "deux attentats-suicides dans des marches de bagdad", "newspaper": "Le Monde", "author": "", "date_publi": "08/01/2017", "content": " Deux attaques survenues dimanche 8 janvier dans des marches de Bagdad ont tue au moins 18 personnes. La premiere attaque, revendiquee par l'organisation Etat islamique (EI), a vise le marche de Jamila, situe a Sadr City, un vaste quartier habite essentiellement par des musulmans chiites que le groupe terroriste sunnite prend frequemment pour cible. Douze personnes ont ete tuees et 39 blessees dans l'attentat, selon un bilan fourni par des sources hospitalieres. Le kamikaze etait un Irakien ayant pris pour cible des chiites, juges heretiques par l'EI, est-il precise dans la revendication. Recrudescence des attentats Dans la meme journee, un autre kamikaze s'est fait exploser sur un marche dans le quartier Baladiyat, dans l'est de la capitale, faisant au moins six morts et 16 blesses, ont indique des responsables. Mais cette derniere attaque n'a pour l'heure pas ete revendiquee. Apres une periode de calme relatif, la capitale irakienne fait face a une recrudescence d'attentats de l'EI depuis le lancement, le 17 octobre, de l'offensive pour reconquerir Mossoul, la deuxieme ville du pays et plus grand bastion du groupe extremiste. Lundi 2 janvier, l'organisation Etat islamique avait revendique un attentat a la voiture piegee sur le meme marche de Sadr City a Bagdad. Selon un bilan de la police irakienne, cette attaque avait tue 32 personnes et fait 61 blesses. ", "theme": "Irak"}