{"id_art": "f5976b57e341ce10dd5c7372c107b24c", "title": "berlin, ong fantome et alep... les informations a retenir en fin de journee", "newspaper": "Le Monde", "author": "", "date_publi": "21/12/2016", "content": " Attentat de Berlin : avis de recherche europeen emis contre un suspect tunisien Le ministre de l'interieur allemand a confirme en debut d'apres-midi qu'un nouveau suspect, un Tunisien de 24 ans, etait recherche, soulignant le fait qu'il n'etait << pas forcement l'auteur de l'attentat >>. Comment une ONG fantome a tente d'espionner Amnesty International Une ONG factice a tente d'espionner Amnesty et plusieurs autres organisations enquetant sur les droits des travailleurs de la Coupe du monde de football 2022 au Qatar. L'evacuation d'Alep se poursuit au compte-gouttes Plusieurs milliers de personnes attendent encore d'etre evacuees, selon le CICR, alors qu'une tempete de neige complique la sortie de la ville. Et aussi : Attentats. La politique de revendication de l'EI evolue au gre des circonstances Buzz russe. Le fabuleux bestiaire marin photographie par un matelot de Mourmansk ", "theme": "Les decodeurs"}