{"id_art": "0d260bddbfc61eb3e65c610725c41722", "title": "les officiers de police judiciaire autorises a fouiller les bagages dans les transports parisiens", "newspaper": "Le Monde", "author": "", "date_publi": "05/04/2017", "content": " Le prefet de police de Paris, Michel Cadot, a autorise, mercredi 5 avril, les officiers de police judiciaire a inspecter et fouiller les bagages dans les transports en commun, selon un arrete publie sur le site de la prefecture. Cet arrete, pris mardi soir, autorise les officiers de police judiciaire << a proceder a des controles d'identite, a l'inspection visuelle et la fouille des bagages dans les transports en commun de voyageurs par voie ferree de Paris >> mercredi, << entre 7 heures et 22 heures >>. Mesure reconductible Cette mesure, qui peut etre reconduite jour par jour, fait suite a l'annonce lundi par le ministre de l'interieur, Matthias Fekl, d'un redeploiement de moyens de securite dans les transports en commun apres l'attentat qui a fait 14 morts dans le metro de Saint-Petersbourg. L'arrete precise que les officiers de police judiciaire sont egalement autorises a << visiter les vehicules circulant, arretes ou stationnant sur la voie publique ou dans les lieux accessibles au public sur les lignes, stations, gares, arrets et couloirs des transports en commun >>. De telles mesures ont deja ete prises dans le cadre de l'etat d'urgence, notamment lors de l'arrivee du Tour de France sur les Champs-Elysees en juillet. ", "theme": "Societe"}