{"id_art": "4196d36fee64d5ee4cd958632ba2a163", "title": "en france, le plan vigipirate et ses trois niveaux d'alerte", "newspaper": "Le Monde", "author": "Lucas Wicky\n", "date_publi": "20/12/2016", "content": " Il etait pense a l'origine comme un dispositif exceptionnel. A la suite des vagues d'attentats qui ont fait 236 morts en France en 2015 et 2016, le plan Vigipirate s'est installe comme un instrument permanent de lutte contre le terrorisme. Des les attentats de Charlie hebdo, en janvier 2015, l'ensemble du territoire national a ete place en << vigilance renforcee >>. Le niveau << alerte attentat >> a quant a lui ete declenche en Ile-de-France (ou il est toujours en vigueur), en Alpes-Maritimes (en fevrier 2015 puis depuis juillet 2016) et l'a ete ponctuellement en Picardie entre le 8 et le 26 janvier et en Rhone-Alpes apres l'attaque d'un site classe Seveso en juin 2015. Ce maintien du niveau d'alerte maximal dans deux regions pendant une si longue periode provoquait un manque de flexibilite. Pour le gouvernement, une revision du plan Vigipirate etait necessaire. Trois niveaux d'alertes Depuis le 1er decembre 2016, le niveau << urgence attentat >> est ajoute aux deux niveaux de protection preexistant. Le plan << Vigipirate plus >> actuel comporte donc trois niveaux pouvant etre actives en fonction de l'intensite de la menace. Le niveau de << vigilance >> represente une << posture permanente de securite >>, selon une brochure du Secretariat general de la defense et de la securite nationale (SGDSN). Ce niveau implique la mise en place d'un socle de cent mesures, parmi lesquelles la surveillance des transports et des lieux publics ou encore le controle des acces aux sites publics. Elles s'appliquent tous les jours et sur l'ensemble du territoire national. Le niveau << securite renforcee - risque attentat >> repond a une menace terroriste elevee. Il permet d'activer quelque 216 mesures additionnelles allant de la prevention (port de badges ou verification des pieces d'identite) a l'organisation de patrouilles, d'operations de filtrage et de fouilles. Contrairement au niveau << alerte attentat >> qu'il remplace de fait, il << n'a pas de limite de temps definie >>. Le troisieme niveau, intitule << urgence attentat >> repond a un attentat ou a une menace immediate d'attaque terroriste. En cas d'activation, des mesures d'exception sont prevues comme la fermeture des routes, du metro, l'arret des deplacements scolaires. Celles-ci s'accompagnent d'un dispositif d'information du grand public, grace a l'application SAIP (lancee en juin 2016) et << les differents sites Internet institutionnels, la television ou encore la radio >>. Concu pour etre de courte duree, le niveau << urgence attentat >> est restreint au temps de << gestion de la crise >>. Une question demeure : comment determiner l'imminence d'une action terroriste ? Une note de la brochure detaille : << La definition de l'imminence reste subjective. L'objectiver revient, sur la base d'informations issues de la communaute du renseignement, a repondre avec precision a au moins deux des quatre questions : qui ? ou ? quand ? et comment ? >> Quels moyens pour << Vigipirate plus >> ? Au total, le plan << Vigipirate plus >> compte plus de 300 mesures - dont certaines sont confidentielles. Elles sont reparties en 13 domaines d'actions tels que la sante, la cybersecurite, la protection des batiments ou les dispositifs d'alerte et de mobilisation. Ces mesures peuvent notamment etre mises en oeuvre lors des << grands evenements nationaux >>, precise le document du SGDSN. Ce fut le cas pendant la COP21 et l'Euro 2016. Pour securiser le match de cloture de la competition sportive, 3 400 policiers et gendarmes etaient ainsi mobilises. Les rassemblements publics etaient par ailleurs limites. En parallele de ce dispositif, l'operation << Sentinelle >> mobilise en France 7 000 soldats. Auxquels s'ajoutent 3 000 militaires en alerte. C'est presque cinq fois plus que l'ancien Vigipirate, qui prevoyait une mobilisation de 1 500 militaires, principalement concentres en Ile-de-France. L'operation prevoit desormais de repartir les militaires a 50-50 entre Paris et le reste du territoire national, selon une information du Figaro. Ces mesures completent celles de l'etat d'urgence, instaure lors des attaques terroristes visant le Bataclan et le Stade de France, en novembre 2015. Prolonge pour la cinquieme fois par l'Assemblee nationale dans la nuit du 13 au 14 decembre 2016, il devrait s'appliquer au moins jusqu'au 15 juillet 2017. D'ou vient le plan Vigipirate ? L'origine du plan Vigipirate remonte a 1978, quand la France et l'Europe << etaient confrontees aux premieres vagues d'attentats terroristes menes par des organisations extremistes, separatistes ou soutenus par des Etats etrangers >>, comme il est justifie sur le site du gouvernement. Il s'agit alors d'une simple circulaire interministerielle relative << a la mise en oeuvre des vigilances en cas de menaces des cas d'agressions terroristes >>. Declenche une premiere fois dans le cadre de la guerre du Golfe, entre janvier et avril 1991, il est instaure de facon formelle apres les attentats de 1995 a Paris. En 2003 sont adoptes les 4 niveaux d'alerte repertories par couleur (jaune, orange, rouge et ecarlate). En mars 2012, lors des attaques perpetrees par Mohamed Merah, l'alerte ecarlate est activee pour la premiere et unique occasion. Neanmoins, le pays se trouvait continuellement en alerte rouge depuis les attentats de Londres en 2005, et regulierement en rouge renforce lors des fetes de fin d'annee. Ce classement juge << obsolete >> par l'executif en 2014, qui presente alors un nouveau dispositif. Il contient deux niveaux d'alertes : << vigilance >> et << alerte attentat >>. Le code couleur est remplace par un triangle rouge borde de bords noirs, desormais affiche dans l'espace public. Ce niveau a ainsi ete complete en decembre par le troisieme niveau << urgence attentat >>. ", "theme": "Les decodeurs"}