{"id_art": "5a86c6863fe889b50b6ac3013bcd737d", "title": "debat presidentiel, syrie, << dieselgate >>... les informations a retenir a la mi-journee", "newspaper": "Le Monde", "author": "", "date_publi": "05/04/2017", "content": " Propositions et passes d'armes : recit et decryptage du debat presidentiel a onze A moins de vingt jours du premier tour de l'election presidentielle, les onze candidats a l'election presidentielle se sont affrontes durant pres de quatre heures durant, lundi 4 avril, sur le plateau de BFM-TV et CNews. Passes d'armes, idees fortes, moments cles, intox : voici ce qu'il fallait retenir du deuxieme grand debat de la campagne. Accusations d'attaque chimique en Syrie : une reunion d'urgence du Conseil de securite Un projet de texte, presente mardi par la France, le Royaume-Uni et les Etats-Unis, condamne l'attaque, qui a fait au moins 100 morts a Khan Cheikhoun. Les timides avancees europeennes pour eviter un nouveau << dieselgate >> Les parlementaires ont vote les recommandations de la commission chargee d'enqueter sur les defaillances des tests d'homologation nationaux des vehicules diesel. Et aussi : Ameriques. La coulee de boue en Colombie a fait au moins 290 morts Europe. Attentat de Saint-Petersbourg : la piste de l'islamisme en Asie centrale Web. Contenus haineux sur Internet : Berlin adoucit son projet de loi ", "theme": "En bref"}