{"id_art": "ea30b869f72a2e9b40bcee357475bfa7", "title": "juliette meadel veut creer un << centre de resilience >> pour les victimes d'attentats", "newspaper": "Le Monde", "author": "", "date_publi": "07/03/2017", "content": " Apres avoir rendu ses conclusions dans un rapport lundi 6 mars, la secretaire d'Etat a l'aide aux victimes, Juliette Meadel, a annonce mardi matin la creation d'un << centre de resilience >> et une reserve citoyenne pour aider les victimes d'attentats et leurs familles, en particulier les enfants. Mme Meadel a declare au micro d'Europe 1 avoir << pris la decision de creer ce centre >> apres avoir recu un rapport sur le sujet de Francoise Rudetzki, fondatrice de SOS attentats, et en accord avec le president de la Republique. Il s'agira, a -t-elle precise, d'un << lieu d'accueil avec des psychologues formes, des pedopsychiatres, parce qu'en France nous sommes sous-dotes en pedopsychiatres, et encore plus en pedopsychiatres formes aux psychotraumatismes. Et c'est grave de ne pas aider un enfant qui a vu un attentat parce que les sequelles risquent d'etre considerables pour la suite de son existence >>. Juliette Meadel souhaite egalement creer une reserve volontaire citoyenne, a l'image de ce qui se fait en Israel, ou elle s'est rendue il y a quelques jours. << Ce sont des benevoles qui viennent pour aider les victimes dans l'urgence au moment des attentats mais aussi apres et sur le long terme >>, a-t-elle rapporte. ", "theme": "Attentats du 13-Novembre"}