{"id_art": "7afde8a09ba5b8c22cbc6a2ba691b6f6", "title": "un attentat fait au moins un mort dans le sud-est de la turquie", "newspaper": "Le Monde", "author": "", "date_publi": "17/02/2017", "content": " Un attentat a la voiture piegee a fait au moins un mort - un enfant de trois ans - et quinze blesses vendredi 17 fevrier au soir dans une ville du sud-est de la Turquie, rapporte l'agence progouvernementale Anatolie, citant le gouverneur provincial, Gungor Azim Tuna. L'explosion s'est produite apres le declenchement a distance d'une voiture chargee d'explosifs pres d'un immeuble ou logent des procureurs a Viransehir, pres de la frontiere syrienne, a ajoute le gouverneur. La voiture avait ete garee a proximite du batiment plus tot dans la soiree. << Notre combat contre le terrorisme va se poursuivre >> << Aucune attaque ou organisation terroriste ne peut affaiblir la lutte de la Turquie contre le terrorisme >>, a tweete le ministre de la justice turc, Bekir Bozdag. Notre combat actif et determine contre le terrorisme va se poursuivre. >> L'agence d'information privee Dogan a annonce que des batiments environnants avaient ete endommages par l'explosion. Lire aussi : La Turquie a l'offensive contre l'Etat islamique La Turquie a ete frappee depuis plus d'un an et demi par une vague d'attentats meurtriers, lies aux djihadistes de l'organisation Etat islamique (EI) ou a la rebellion kurde. ", "theme": "Europe"}