{"id_art": "4f1a7915bb01659a0c4d815ed92033f3", "title": "l'islamophobie << s'installe >> en france, selon le ccif", "newspaper": "Le Monde", "author": "Cécile Chambraud", "date_publi": "11/02/2015", "content": " L'islamophobie progresse et << s'installe >> dans la societe francaise, a affirme le Collectif contre l'islamophobie en France (CCIF), mercredi 11 fevrier, en presentant un resume de son << etat des lieux >> annuel. Le CCIF, qui collecte les faits delictueux commis contre des musulmans - ou presumes tels - en raison de leur religion, a recense 764 actes islamophobes en 2014, soit 10,6 % de plus qu'en 2013.Contrairement au ministere de l'interieur, qui ne comptabilise que les agressions verbales ou physiques et les menaces, le CCIF inclut dans son decompte les faits de discrimination, qu'ils soient commis par des institutions publiques, des entreprises ou des particuliers. Ce sont ces faits de discrimination qui constituent la tres grande majorite (77 %, soit 586 cas) des affaires dont l'association a ete saisie par les victimes ou dont elle a eu connaissance par la presse. Les discours ou propos islamophobes (103), agressions verbales (28), agressions physiques (22) et degradations-profanations (25) arrivent loin derriere.Quatre victimes sur cinq sont des femmesLes femmes sont de loin des victimes les plus nombreuses (81,5 %). << Une musulmane, surtout si elle porte le foulard, peut potentiellement rencontrer a chaque etape de sa vie des discriminations >>, a declare la porte-parole du CCIF, Elsa Ray. L'association souligne qu'une majorite des discriminations (420) sont relevees dans des institutions publiques (etablissements de l'enseignement public, mairies, prefectures, commissariats), ce qui traduirait le fait, selon le CCIF, que << l'islamophobie se developpe et s'enracine au sein meme des institutions >>.Dans le mois qui a suivi les attentats des 7, 8 et 9 janvier, l'association a enregistre un bond de 70 % des actes islamophobes par rapport a la meme periode de 2014. Elle a en particulier releve 33 attaques contre des lieux de culte, soit davantage que pour toute l'annee 2014. Lila Charef, responsable du service juridique du CCIF, a souligne l'impact des cas concernant des eleves, dont au moins deux ecoliers ont ete conduits au commissariat, comme Ahmed, 8 ans, a Nice, en raison de propos tenus apres l'attentat contre Charlie Hebdo. Elle a deplore que les ministeres de l'education nationale et de la justice n'aient pas au moins questionne les methodes employees envers ces enfants, methodes que le directeur de la police avait defendues.Le CCIF a enfin comptabilise comme crime islamophobe l'assassinat, dans la nuit du 13 au 14 janvier, de Mohamed El Makouli, 48 ans, tue de dix-sept coups de couteau par l'un de ses voisins au Beaucet, dans le Vaucluse. Sur le meme sujet Mohamed El Makouli, tue de 17 coups de couteau, a-t-il ete victime d'un crime raciste ? ", "theme": "Societe"}