{"id_art": "4eee3ea473444bead35e82fcb1ddb585", "title": "projet d'attentat dejoue a venise", "newspaper": "Le Monde", "author": "", "date_publi": "30/03/2017", "content": " La police italienne a annonce, jeudi, l'arrestation a Venise de trois personnes originaires du Kosovo et soupconnees de vouloir commettre un attentat dans la cite des Doges. Apres avoir etabli << la radicalisation religieuse >> des suspects, les forces de l'ordre ont reuni suffisamment d'elements sur leurs activites pour arreter trois personnes et interpeller un mineur, << tous originaires du Kosovo >>, a explique la police dans un communique. Le ministre de l'interieur, Marco Minniti, a salue ces arrestations. Lors d'une conference de presse, le procureur Adelchi d'Ippolito, en charge de l'enquete, a precise que le groupe envisageait un attentat sur le celebre pont du Rialto a Venise. << Avec Venise, tu gagnes tout de suite le paradis, vu le nombre de mecreants qu'il y a, a mettre une bombe au Rialto >>, a declare l'un des hommes, le suspect mineur identifie par ses seules initiales, dans une conversation telephonique enregistree par les enqueteurs. Surveilles depuis plusieurs mois << Si je prete serment demain >> a l'organisation Etat islamique (EI) << et qu'ils me donnent l'ordre, je suis oblige >> de tuer les << mecreants >>, a insiste Babaj Arian, considere comme le chef du groupe, dans une autre conversation enregistree le 22 mars, apres l'attentat de Londres. Les enqueteurs qui les avaient places sur ecoute depuis plusieurs mois les ont d'ailleurs entendus << exulter >> au telephone apres l'attentat qui a fait quatre morts pres du Parlement de Westminster, revendique par l'EI. Les suspects, dont deux travaillaient comme serveurs a Venise, s'entrainaient en regardant des videos de propagande de l'EI et simulaient la fabrication d'engins explosifs. Certains d'entre eux avaient aussi exprime leur volonte d'aller combattre en Syrie avec les milices islamistes. ", "theme": "Europe"}