{"id_art": "01fb7610926e3b722c3c5f4f15404eb9", "title": "yemen : un attentat et des combats font plus de quarante morts", "newspaper": "Le Monde", "author": "", "date_publi": "24/02/2017", "content": " Plus de quarante personnes sont mortes vendredi 24 fevrier au Yemen dans des attaques distinctes. Huit soldats ont ete tues dans un attentat-suicide dans le sud du pays et trente-cinq rebelles et combattants tribaux ont trouve la mort dans des combats plus au nord, selon des sources de securite et un responsable local. Les affrontements se sont deroules dans la province centrale de Baida, entre des membres de tribus progouvernementales et des rebelles chiites houthistes. Conflit entre forces gouvernementales et rebelles houthistes L'attentat s'est produit a l'entree du Camp Najda a Zinjibar, chef-lieu de la province d'Abyane, ont precise des sources de securite sous le couvert de l'anonymat. Le vehicule, une camionnette tout-terrain, etait charge de bois de chauffage pour donner l'impression d'etre un camion de livraison, selon ces sources. L'attentat n'a pas ete revendique, mais par le passe Al-Qaida a deja fait usage de cette methode contre des militaires dans cette region. Al-Qaida et l'organisation djihadiste Etat islamique ont profite de l'instabilite au Yemen, theatre d'un conflit opposant les rebelles houthistes au gouvernement, pour renforcer leur presence dans le sud et le sud-est du pays. ", "theme": "International"}