{"id_art": "7dacca8c5f9f972479f14338eeaebb82", "title": "les menottes, une entrave a l'information ?", "newspaper": "Le Monde", "author": "Emeline Cazi", "date_publi": "15/10/2015", "content": " L'homme menotte et vetu d'un pyjama d'hopital sort pieds nus de la voiture stationnee quai de l'Horloge. Il est 14 h 10, ce mardi 25 aout, a Paris. Des policiers cagoules et armes conduisent Ayoub El-Khazzani chez le juge d'instruction. Une equipe d'iTele saisit cet instant. Quatre jours plus tot, l'homme semait la terreur dans le train Amsterdam-Paris, un fusil-mitrailleur a la main. Ces images d'un detenu amene au tribunal sont un classique de la chronique judiciaire, mais, fin aout, celles du tireur de Thalys ont suscite un vif debat.La maniere dont il fut presente a heurte. << Quelles que soit la nature et la gravite des faits reproches a un homme, notre Etat de droit ne peut pas accepter que cet individu soit traite d'une maniere degradante et inhumaine >>, a deplore l'avocate du jeune homme. Le procureur a reagi en rappelant que ces images n'avaient pas a etre diffusees. La loi du 15 juin 2000 sur la presomption d'innocence interdit de montrer une personne menottes aux poignets. Les journalistes ont demande des explications au parquet de Paris. Ce bandeau sur le visage, l'absence de chaussures... << Tous les suspects terroristes, lorsqu'ils sont transferes, ont les yeux bandes pour qu'ils ne reconnaissent pas les personnes qui les escortent ni les lieux >>, a repondu le parquet. Les pieds nus ? << Ayoub El-Khazzani a refuse d'enfiler ses chaussures. >> Le fait que cet homme soit montre menotte n'a, semble-t-il, choque personne. C'est pourtant contraire a la loi. Le lendemain, le procureur de la Republique de Paris adressait une lettre a la direction d'iTele. Tres solennellement, Francois Molins rappelait que, depuis 2000, la loi de 1881 sur la liberte de la presse, dans son article 35 ter, interdit << la diffusion, par quelque moyen que ce soit (...), de l'image d'une personne identifiee ou identifiable mise en cause a l'occasion d'une procedure penale (...), soit que cette personne porte des... ", "theme": "Idees"}