{"id_art": "f05096fcfd907e9a3c3de6ca7a07e34e", "title": "la garde a vue se poursuit pour les trois hommes soupconnes d'un projet d'attentat", "newspaper": "Le Monde", "author": "", "date_publi": "22/02/2017", "content": " Les trois suspects arretes mardi 22 fevrier, soupconnes de vouloir commettre une action violente, etaient toujours entendus par les enqueteurs qui tentent de connaitre leurs motivations, selon des sources judiciaires. Les trois hommes, ages de 19, 27 et 31 ans, ont ete arretes mardi a Marseille, Clermont-Ferrand et dans le Val-de-Marne, onze jours apres un coup de filet antiterroriste dans l'Herault. Deux hommes et une adolescente avaient en effet ete arretes le 10 fevrier, suspectes de preparer un attentat << imminent >>, selon le ministre de l'interieur, Bruno Le Roux. Les enqueteurs avaient retrouve lors des perquisitions quelques dizaines de grammes de TATP, un explosif artisanal prise des djihadistes, et du materiel utilise pour la fabrication d'engins explosifs. Selon les premiers elements de l'enquete, le jeune homme de 19 ans, domicilie a Marseille, etait en lien avec le plus age des suspects interpelles dans l'Herault, sans que soit precisee la nature de leurs contacts. Conversations en ligne Les trois hommes arretes mardi, tres actifs sur les reseaux sociaux, etaient surveilles par les services antiterroristes. Selon plusieurs sources proches de l'enquete, ils avaient evoque dans des conversations en ligne des projets d'actions violentes. Une enquete preliminaire avait ete ouverte debut janvier par le parquet de Paris. Ils avaient fait part de leur volonte << de partir en Syrie ou a defaut de commettre une attaque en France >>, sans pour autant qu'une cible precise n'ait pu etre determinee a ce stade, selon l'une des sources. Les trois hommes, qui avaient fait connaissance sur les reseaux sociaux, s'etaient rencontres a Marseille fin janvier. Deux d'entre eux, les suspects domicilies a Marseille et a Clermont-Ferrand, etaient connus des services specialises pour leur appartenance a la sphere salafiste djihadiste, selon la meme source. L'enquete s'est acceleree le 10 fevrier, dans la foulee du coup de filet dans l'Herault lorsque les policiers ont repere un message du suspect arrete a Marseille preconisant a ses deux amis de << se mettre au vert >>, a relate la source proche de l'enquete. Lors des perquisitions menees mardi, aucun explosif n'a ete retrouve. Les enqueteurs ont saisi deux gilets tactiques, une grenade d'exercice, un couteau et deux armes Airsoft (kalachnikov et fusil a pompe), de la documentation liee a l'organisation djihadiste Etat islamique et des supports numeriques, toujours en cours d'exploitation, selon la meme source. ", "theme": "Police et justice"}