{"id_art": "e75d65e62fcfe9aac5d6f738b6a2410e", "title": "attentat de nice : ouverture d'une information judiciaire sur les failles du dispositif de securite", "newspaper": "Le Monde", "author": "", "date_publi": "05/04/2017", "content": " Une information judiciaire sur d'eventuelles failles du dispositif de securite mis en place le soir de l'attentat de Nice, qui a fait 86 morts le 14 juillet 2016, a ete ouverte, a annonce le procureur de Nice, Jean-Michel Pretre, mercredi 5 avril. Le magistrat confirme une information de France Bleu Azur. Les plaignants, parents d'un enfant de quatre ans tue lors de l'attaque au camion-belier, estiment que la securite prevue par l'Etat et la mairie sur la promenade des Anglais << etait manifestement insuffisante >>. Le 19 janvier, le magistrat avait classe leur plainte sans suite, considerant qu'aucun element ne pouvait constituer une infraction penale. Les parents avaient alors depose un recours contre cette decision en s'adressant directement au doyen des juges d'instruction et en se constituant partie civile. Lire aussi : Attentat de Nice : des victimes demandent un depaysement << Dans ce cadre, j'ai du verifier que leur plainte etait legitime. Il n'y a aucune raison pour que le parquet s'y oppose >>, avait estime Jean-Michel Pretre, lundi. Deux juges d'instruction ont ete nommes par le tribunal de grande instance de Nice pour mener l'information judiciaire. ", "theme": "Societe"}