{"id_art": "f54709bb37e7a87cb1dc9e598051f623", "title": "les femen vont-elles trop loin ?", "newspaper": "Le Monde", "author": "Catherine Vincent", "date_publi": "01/10/2015", "content": " Qui ne les a jamais vues, a la television, dans les journaux, sur les reseaux sociaux ? Seins nus barres d'un slogan, les Femen s'imposent la ou on ne les attend pas. Le 12 septembre, c'etait a Pontoise (Val-d'Oise), ou se tenait un Salon musulman consacre cette annee a la femme. Deux militantes ont fait irruption a la tribune, avec, peint sur leurs torses : << Personne ne me soumet, personne ne me possede, je suis mon propre prophete >>, avant d'etre violemment evacuees de la scene. Tres mediatise, l'evenement etait en coherence avec le combat de ces activistes contre le patriarcat et les religions, qu'elles estiment constituer << un formidable outil de domination >> masculine. Etait-il pour autant efficace ? En s'attaquant frontalement a la religion musulmane, les Femen n'attisent-elles pas la flamme xenophobe du Front national ? Plus globalement, la radicalite << sextremiste >> des Femen sert-elle le feminisme, ou peut-elle devenir contre-productive ? En termes de visibilite, leur succes est indeniable. Depuis 2009, date de leur premiere manifestation seins nus, en Ukraine, contre la pornographie en ligne, les Femen n'ont cesse de grandir. Le mouvement regrouperait aujourd'hui quelque 300 activistes dans le monde (une soixantaine en France) et un millier de membres sympathisants. Au Maroc, au Quebec, en France ou en Egypte, elles sont sur tous les fronts. Leurs actions sont une prise d'espace : elles provoquent un impact visuel, une rupture dans le flux mediatique. Comme le mouvement feministe francais La Barbe, dont la methode consiste a envahir, en silence et avec des postiches pileux, les lieux domines par les hommes. Mais les ressemblances s'arretent la. << Quand les Barbes investissent les spheres de pouvoir masculin par le cynisme et la derision, les Femen agissent tous azimuts, avec un vocabulaire guerrier et sur le principe de l'agression visuelle >>, resume Claire Serre-Combe, porte-parole du reseau associatif Osez le feminisme !.... ", "theme": "Societe"}