{"id_art": "4232f875f45c90507e44346741b0d228", "title": "<< cabinet noir >>, deficit, attentat de londres... les informations a retenir a la mi-journee", "newspaper": "Le Monde", "author": "", "date_publi": "24/03/2017", "content": " Selon l'Elysee, << l'executif n'est jamais intervenu dans aucune procedure judiciaire >> Francois Hollande a << condamne avec la plus grande fermete les allegations mensongeres >> de Francois Fillon, qui accuse le chef de l'Etat d'animer un << cabinet noir >>. Le deficit public s'etablit a 3,4 % du PIB en 2016, en baisse de 0,2 point par rapport a 2015 La loi de finances tablait sur un deficit de 3,3 %. L'objectif n'est donc pas totalement tenu, en raison, notamment, de recettes inferieures aux previsions. Attentat de Londres : deux nouvelles arrestations << importantes >> Cela porte a neuf le nombre de personnes en garde a vue, deux jours apres l'attentat qui a fait quatre morts mercredi a Londres. Et aussi : Egypte. L'ancien president Hosni Moubarak sort de prison Biodiversite. Abeilles et pesticides : les acrobaties statistiques du ministere de l'agriculture #FaceAuChomage. << Il existe une alternative au modele francais >> A un mois du premier tour de l'election presidentielle, l'emploi reste l'une des preoccupations majeures des Francais. Tout au long de la journee, retrouvez temoignages et analyses dans notre live. Et posez vos questions a nos invites. ", "theme": "En bref"}