{"id_art": "16071278933add427ba4dbfe7ab0b6f7", "title": "durcissement de la legislation sur les armes a feu", "newspaper": "Le Monde", "author": "Martin Untersinger", "date_publi": "15/02/2018", "content": " Un projet de loi concernant la securite et passe relativement inapercu jusque-la, a ete adopte, mercredi 14 fevrier, par le Senat. Ce texte vient notamment muscler le dispositif francais en matiere de cybersecurite et encadrer la circulation des armes a feu en France. Depose en novembre 2017 par le ministere de l'interieur, il s'agit pour l'essentiel de transpositions en droit francais de plusieurs directives europeennes. Mais en matiere d'armes, le projet de loi est particulierement symbolique pour la France : c'est elle qui avait impulse la renegociation de la directive afferente, vieille de 2008, au lendemain des attentats du 13 novembre 2015. Le nouveau texte se concentre sur le marche legal des armes civiles et ne concerne pas les armes de guerre. Mais il complete ainsi le renforcement des moyens d'enquete et la legislation sur les armes deja opere par la loi de juin 2016, ainsi que le decret publie en mai 2017, quelques jours apres l'attaque de Karim Cheurfi sur les Champs-Elysees. L'une des principales mesures du projet de loi concerne l'achat d'armes sur Internet. Jusqu'a present, il etait autorise, entre particuliers, de vendre et d'acheter des armes, si elles etaient << neutralisees >> ou demontees. Dans ce cadre, il etait ainsi parfaitement possible de se faire livrer a domicile sans controle. C'est de cette facon qu'Amedy Coulibaly, l'auteur de la tuerie de l'Hyper Cacher et probable fournisseur des armes aux freres Kouachi, auteurs de l'attentat contre Charlie Hebdo, en janvier 2015, avait notamment pu s'equiper. Il etait passe par un intermediaire qui s'etait lui-meme fourni aupres d'un revendeur d'armes demilitarisees ayant pignon sur rue. Une nouvelle infraction penale Avec ce texte, qui devait etre vote par l'Assemblee nationale jeudi, il faudra desormais passer par un armurier. Ces derniers se verront deleguer la responsabilite de verifier l'identite de l'acheteur ainsi que ses autorisations d'acquisition et de detention.... ", "theme": "Societe"}