{"id_art": "a3aafc94caaa4e2f092fbd1b1c033c81", "title": "apres l'explosion de saint-petersbourg, paris renforce ses mesures de securite", "newspaper": "Le Monde", "author": "", "date_publi": "03/04/2017", "content": " Apres l'attentat survenu dans le metro de Saint-Petersbourg, lundi 3 avril, la France annonce le << redeploiement >>, par mesure de precaution, des moyens de securite dans les metros et gares SNCF franciliens. Dans un communique, Matthias Fekl, le ministre de l'interieur, affirme : << Dans le contexte de menace terroriste tres elevee, le gouvernement continue de prendre toutes les mesures qui s'imposent pour proteger les Francais. Notre vigilance est maximale, et la mobilisation des forces de l'ordre est totale. >> << Une intensification des patrouilles a ete immediatement mise en oeuvre afin d'assurer une presence toujours plus visible et dissuasive des policiers, gendarmes et militaires dans les transports en commun d'Ile-de-France. >> Ce redeploiement concerne sept escadrons de gendarmerie mobile et la sous-direction regionale de la police des transports. ", "theme": "Police et justice"}