{"id_art": "852ef3fd9e112a98ee979c975bb1596c", "title": "#prayforberlin : le triste rituel des reseaux sociaux apres un attentat", "newspaper": "Le Monde", "author": "Luc Vinogradoff", "date_publi": "20/12/2016", "content": " A force de repetition, les reseaux sociaux commencent a etre ritualises apres chaque attentat d'envergure dans une ville surconnectee, comme cela a encore ete le cas a Berlin le 19 decembre, ou douze personnes sont mortes dans une attaque menee au camion contre un marche de Noel. Pendant et apres les faits, les reseaux sociaux servent d'abord a essayer de s'informer dans l'instantaneite en fonction des sources que l'on a definies, dans le flot de fausses informations, de rumeurs et de hoax. Ensuite, a s'organiser, a faire connaitre aux habitants les lieux a eviter, comme l'a fait le compte Twitter de la police de Berlin, les lieux ou s'abriter, comme l'ont fait les hashtags #PorteOuverte a Paris en novembre 2015 ou a Nice en juillet, ou simplement a permettre de dire qu'on est vivant, comme le Safety Check mis (le plus souvent) en place par Facebook. Ils servent, enfin, de soupape pour partager son emotion, sa solidarite, sa colere, son effroi, en 140 caracteres et un hashtag, avec une photo ou un dessin, en passant son image de profil aux couleurs du pays frappe, en rajoutant un petit bandeau noir a son avatar. Ralliement en ligne Apres l'attentat a Berlin, c'est la phrase prononcee par John F. Kennedy en 1963, #IchbineinBerliner (<< Je suis un Berlinois >>) qui est devenue a la fois slogan et hashtag de ralliement en ligne. #IchBinEinBerliner. https://t.co/EhSs1M7Fpq-- BILD (@BILD) require([\"twitter/widgets\"]); Des messages plus complexes, comme celui de l'humoriste allemand Jan Bohmermann, ont moins resonne hors des frontieres allemandes : Keine Angst. Kein Hass. Keine Angst. Kein Hass. Lasst uns zusammen halten. Habt einen sicheren, guten Abend. #tempodrom #janolli-- janboehm (@Jan Bohmermann) require([\"twitter/widgets\"]); << Pas de peur. Pas de haine. Pas de peur. Pas de haine. Soyons rassembles. Passez une bonne soiree en securite. >> Des dessins, montages, croquis de solidarite et appels a l'unite ont egalement circule sur Twitter et Facebook, comme avant pour les autres villes meurtries par le terrorisme islamiste, Paris, Bruxelles, Istanbul, Nice, Beyrouth, Bagdad, Dacca. Du rituel a l'habitude Ce << rituel >> numerique, apparu apres les attentats contre Charlie Hebdo et l'Hyper Cacher en janvier 2015 avec #JeSuisCharlie, a notamment ete etudie par Nicolas Vanderbiest, assistant chercheur a l'universite de Louvain, en Belgique. Son travail avait ete decrit dans un article publie par Liberation apres l'attentat de Nice. C'etait << comme si, avec la multiplication des attentats, chacun connaissait desormais la procedure a suivre >>. Au lendemain de l'attentat a Berlin, Nicolas Vanderbiest a regarde de pres l'utilisation des differents hashtags : celui utilise lors de la << phase informationnelle >>, qui permet de savoir ce qu'il s'est passe rapidement (le simple hashtag #Berlin) ;celui de la << phase de transition >>, decrite par Libe comme << la phase ou les messages oscillent la entre information et reaction >> (le hashtag du lieu, #Breitscheidplatz) ;celui de << la phase organisationnelle >>, avec le hashtag #PrayForBerlin. Les phases se tiennent toujours (Informationnelle, transition et organisation) Par contre, le hashtag d'organisatio... https://t.co/eLaE8t4rd3-- Nico_VanderB (@Nicolas Vanderbiest) require([\"twitter/widgets\"]); Sa conclusion : << les phases se tiennent toujours >> dans le meme ordre, avec cependant l'apparition bien plus rapide de la phase organisationnelle. Signe que c'est desormais une habitude chez ceux qui reagissent aux attentats en ligne. << Tout le monde sait que le hashtag sera \"PrayForX\". C'est devenu une pratique reguliere >>, constate Nicolas Vanderbiest. Dans Liberation en juillet, il presentait une derniere phase sur les reseaux sociaux, celle de la << desorganisation >> qui << vient briser le semblant d'union nationale qui a semble poindre face a l'horreur des images et au bilan >>, comme << l'emergence du message \"Je ne suis pas Charlie\" >>. A Berlin, ou le principal suspect arrete le 20 decembre nie toute implication, nous n'en sommes pas encore la. ", "theme": ""}