{"id_art": "f2359e9b256857099e5b959143ba8ae9", "title": "le groupe djihadiste tahrir al-cham revendique l'attentat ayant tue 74 pelerins chiites a damas", "newspaper": "Le Monde", "author": "", "date_publi": "12/03/2017", "content": " Tahrir Al-Cham, une coalition de groupe djihadistes formee autour du Front Fatah Al-Cham (ex-branche d'Al-Qaida en Syrie connue sous le nom de Front Al-Nosra), a revendique le double attentat contre des pelerins chiites qui a fait 74 morts samedi a Damas. Ils affirment avoir vise des<< milices iraniennes >> pour se venger du soutien de l'Iran au << regime tyrannique >> de Bachar Al-Assad, selon leur communique. Selon les autorites syriennes, irakiennes, ainsi que l'Observatoire syrien des droits de l'homme (OSDH), les victimes etaient des pelerins chiites venus a Damas pour visiter des lieux saints du chiisme, le cimetiere de Bab Al-Saghir et la mosquee de Sayeda Zeinab. Au moins 74 personnes ont ete tuees et 120 autres blessees, selon l'OSDH. Parmi les victimes figurent 43 ressortissants irakiens. Des lieux saints deja cibles Selon la chaine du Hezbollah, Al-Manar, les pelerins ont d'abord ete vises alors qu'ils descendaient des bus qui les emmenaient au cimetiere. La seconde attaque a eu lieu dix minutes plus tard faisant plusieurs victimes parmi les membres de la protection civile qui etaient venus porter secours aux personnes touchees par la premiere explosion. Ces dernieres annees, plusieurs attentats sanglants ont vise la mosquee de Sayeda Zeinab, haut lieu de pelerinage chiite. La plupart de ces attaques avaient ete revendiquees par des groupes djihadistes hostiles a l'Iran et au mouvement chiite libanais Hezbollah, principaux allies du regime de Bachar Al-Assad. ", "theme": "Syrie"}