{"id_art": "cbc2ca7235904b40cd315007494698eb", "title": "un jeune homme soupconne de preparer un attentat arrete dans la metropole lilloise", "newspaper": "Le Monde", "author": "", "date_publi": "15/02/2017", "content": " Un homme de 18 ans soupconne d'avoir un projet terroriste a Lille a ete interpelle, mardi 15 fevrier au matin a Wattignies, dans le Nord. Il a ete place en garde a vue dans les locaux de la Direction generale de la securite interieure (DGSI) a Paris. Selon France 3 Hauts-de-France, le suspect etait soupconne de preparer un attentat dans la metropole lilloise, sans doute dans le metro ou dans un centre commercial. Des elements probants de ses projets terroristes auraient ete trouves dans son ordinateur. Trois arrestations pres de Montpellier Cette arrestation intervient apres celle de trois personnes, vendredi, pres de Montpellier, dans l'Herault, soupconnees de preparer un attentat en France. Des explosifs ont ete retrouves mais la cible reste floue pour les enqueteurs. Les trois personnes - une adolescente de 16 ans, son petit ami age de 20 ans, connus pour leur radicalisation, et un homme de 33 ans considere comme leur << mentor >> - ont ete placees en detention provisoire conformement aux requisitions du parquet. ", "theme": "Police et justice"}