{"id_art": "b8203096d237fff3f86ab904f188aa7f", "title": "<< il y aura d'autres attaques en france ou dans d'autres pays occidentaux >>", "newspaper": "Le Monde", "author": "Philippe Bernard", "date_publi": "10/01/2015", "content": " Peter Neumann, directeur du Centre international pour l'etude de la radicalisation (ICSR) de l'universite King's College de Londres, affirme qu'Al-Qaida ou l'Etat islamique (EI) ne veulent plus reiterer des attaques de type 11-Septembre, mais plutot des attentats de petite echelle << impliquant peu de gens et ne necessitant pas beaucoup de preparation >>, comme les attaques qui ont frappe Paris du 7 au 9 janvier. L'attaque contre << Charlie Hebdo >> et les evenements en France marquent-ils un tournant dans la strategie du terrorisme islamiste visant le monde occidental ?Oui, j'en suis convaincu. Les groupes islamistes, que ce soit Al-Qaida ou l'Etat islamique (EI), perpetrent desormais des attentats de plus petite ampleur. Depuis 2001, nous avions d'une certaine maniere de la chance, car les djihadistes cherchaient absolument a commettre des attaques complexes et ambitieuses qui supposaient beaucoup de preparation et un grand nombre de participants. C'etait beaucoup plus facile pour la police de les detecter, car ils etaient obsedes par l'idee de reiterer un 11-Septembre. L'an dernier, ils ont compris qu'il n'y avait pas besoin de s'attaquer au World Trade Center pour causer la terreur et exacerber les tensions dans nos societes. Un attentat de petite echelle impliquant peu de gens et ne necessitant pas beaucoup de preparation peut creer un choc identique. C'est ce que nous avons commence a voir l'an dernier a Ottawa et a Sydney.Cette nouvelle strategie marque-t-elle une derive ou procede-t-elle d'une decision ?Le 22 septembre 2014 a ete diffusee sur les reseaux sociaux une declaration d'un porte-parole de l'Etat islamique qui disait en substance : << Allez-y, faites tout ce que vous pouvez ! >> Le message visait les Occidentaux et explicitement les Francais. En constatant l'impact en Europe des executions comme celle du journaliste americain James Foley, les djihadistes se sont rendu compte qu'il suffisait de poster sur Internet la video d'une execution pour mettre le monde entier en emoi. Il n'y a pas besoin de lancer des avions contre le World Trade Center : en tuant une personne on peut faire reagir le president des Etats-Unis. Ils ont constate que c'etait plus efficace que les attaques d'ampleur qui ont d'ailleurs parfois echoue. Ce message a eu un grand impact chez les djihadistes d'Europe : ils ont compris que, pour devenir celebre, il n'y avait pas besoin de faire comme a New York ou Madrid et qu'une attaque individuelle pouvait apporter la meme renommee.Pensez-vous que le type de situation que connait la France peut se repeter ailleurs dans le monde occidental ?Je ne fais pas que le penser, j'en suis absolument certain. Il y aura d'autres attaques en France ou dans d'autres pays occidentaux. Il s'agit d'un nouveau modus operandi et je crois qu'a la fin de 2015 on se dira que cette annee aura ete celle des attaques de faible ampleur et d'enorme impact. Les societes occidentales comptent beaucoup de gens radicalises, non seulement des djihadistes qui sont rentres apres avoir combattu en Syrie, mais aussi des partisans d'Al-Qaida et de l'EI qui n'ont jamais ete la-bas. Donc, le potentiel est vaste pour de nouvelles attaques, car ces personnes comprennent l'ampleur du choc que peut produire un acte isole.Vous parlez de << tournant >>. Mais l'idee d'attentats perpetres par des individus n'est pas nouvelle... C'est vrai, l'idee n'est pas nouvelle, evidemment. Elle est aussi vieille que le terrorisme lui-meme. C'etait la strategie des anarchistes au XIXe siecle. Mais c'est nouveau si l'on se refere aux annees 2001-2010 ou l'ensemble des mouvements djihadistes etait tellement fascine par le 11-Septembre que leur ambition etait de recommencer.Ce nouveau type d'attentats moins ambitieux est-il plus difficile a prevenir ?Oui, et c'est le grand defi d'aujourd'hui pour les polices et les services secrets europeens : trouver de nouvelles methodes pour les detecter et les empecher de passer a l'acte.L'attentat contre << Charlie Hebdo >> reflete-t-il la rivalite entre Al-Qaida et l'Etat islamique ? Oui, car Al-Qaida, confronte aux succes de l'EI, est sur la defensive. Nous savons qu'Al-Qaida pense que la seule facon de reprendre l'avantage est de perpetrer des attentats spectaculaires dans le monde occidental. En fait, il y aura deux faits marquants de 2015 : d'une part les attaques de faible ampleur et d'autre part la rivalite entre Al-Qaida et l'EI pour exercer la suprematie sur le mouvement.Pour vous, les evenements de France portent-ils la signature d'Al-Qaida ?Oui, je le pense. Al-Qaida estime que ce type d'attaque est celui ou ils excellent : spectaculaire, relativement coordonnee et impliquant des gens entraines.L'emotion mais aussi la mobilisation sont impressionnantes dans la societe francaise. Les manifestations en faveur de la defense des libertes et les demonstrations de cohesion peuvent-elles changer les choses ?Cela ne changera pas ce que les djihadistes ont en tete : ils manifestent beaucoup d'enthousiasme a l'egard de ce qui vient de se passer et ne seront surement pas impressionnes. Mais c'est une bonne chose que la societe francaise reagisse de cette facon, notamment parce que cela mobilise les musulmans moderes contre les djihadistes. Mais les personnes qui sont deja radicalisees ou attirees par le djihad se moquent du nombre de personnes qui defilent. ", "theme": "International"}