{"id_art": "3a69a17b0fdde9640fbdcf054ad79bd2", "title": "attentat de londres, francais enleve au tchad, anvers... les informations a retenir a 19 heures", "newspaper": "Le Monde", "author": "", "date_publi": "23/03/2017", "content": " Le terroriste de l'attentat de Londres identifie Khalid Masood, 52 ans, a ete identifie par la police britannique comme etant l'auteur de l'attentat perpetre mercredi a Londres devant le Parlement britannique. L'homme, qui a ete abattu, << ne faisait l'objet d'aucune enquete en cours >> et la police ne disposait pas de renseignements concernant une eventuelle intention de commettre un attentat. Un Francais enleve au Tchad Le ministere des affaires etrangeres francais a confirme l'enlevement d'un Francais au Tchad, sans donner de precisions sur son identite. << Nous sommes mobilises avec les autorites tchadiennes pour parvenir a la liberation de notre compatriote >>, a ecrit le Quai d'Orsay dans un communique. Anvers : l'homme qui a tente de foncer dans la foule etait fortement alcoolise Un homme a ete arrete apres avoir tente de foncer dans la foule sur la principale artere commercante d'Anvers, la capitale de la Flandre, avec un vehicule immatricule en France. Selon une source francaise proche de l'enquete, il est de nationalite tunisienne et etait sous l'empire de l'alcool. Et aussi : Etats-Unis. Vote crucial sur l'Obamacare Presidentielle. Au sein du gouvernement, qui soutient Hamon, qui soutient Macron ? Ukraine. Un ex-depute russe abattu a Kiev ", "theme": "En bref"}