{"id_art": "0ecc2a11eb898d5ad1fa6ad102358a27", "title": "afghanistan : un depute blesse dans l'explosion de sa voiture a kaboul", "newspaper": "Le Monde", "author": "", "date_publi": "28/12/2016", "content": " Un depute afghan a ete blesse, ainsi qu'au moins deux autres personnes, par l'explosion d'une bombe mercredi 28 decembre au passage de sa voiture, dans une zone tres frequentee de Kaboul, la capitale afghane. L'attentat a vise Fakuri Behishti, un elu de la province centrale de Bamiyan, alors qu'il se rendait au Parlement. Il n'a pas ete revendique dans l'immediat. << La bombe etait placee sous un pont et a explose lorsque la voiture du depute est passee >>, a indique un porte-parole du ministere de l'interieur, Najib Danish. << Trois personnes, dont le depute, ont ete blessees >>, a-t-il ajoute. Selon un porte-parole du Parlement, Abdul Raouf Ibrahimi, un membre de la famille du depute a ete tue lors de l'explosion. Les attentats a l'encontre d'elus afghans se sont multiplies ces derniers temps dans le pays. Le 21 decembre, au moins huit personnes ont ete tuees dans l'attaque de kamikazes talibans au domicile d'un depute a Kaboul. Mir Wali, depute du Helmand, province du Sud largement sous controle taliban, a survecu a l'attaque, mais deux de ses petits-fils et des gardes du corps ont ete tues. ", "theme": "International"}