{"id_art": "b336798c61089c59a8a8be6ba9c1fc8f", "title": "luigi di maio : << le mouvement 5 etoiles est pro-europeen >>", "newspaper": "Le Monde", "author": "Jérôme Gautheret", "date_publi": "15/02/2018", "content": " Le Mouvement 5 etoiles (M5S) n'a pas modifie le cours de sa campagne pour les legislatives italiennes du 4 mars, apres l'attentat raciste de Macerata, qu'il n'a pas cherche a exploiter. Un militant de la Ligue du Nord, Luca Traini, avait ouvert le feu dans les rues de la ville, le 3 fevrier, blessant six migrants africains, en represailles contre le meurtre d'une jeune femme de 18 ans, pour lequel trois Nigerians sont soupconnes. Les 11 et 12 fevrier, Luigi Di Maio, 31 ans, dirigeant du mouvement fonde par Beppe Grillo, etait de retour dans sa region, en Campanie, pour une serie de rencontres. C'est la qu'il a accorde un entretien au Monde, a Pomigliano d'Arco, dans la maison de ses parents. Apres l'attaque de Macerata, le Mouvement 5 etoiles a semble vouloir rester a l'ecart de la polemique. Pourquoi ? Ce qui s'est passe est une tragedie, pour cette jeune fille qui a ete tuee et pour ce qu'a commis ensuite Luca Traini. Bien sur qu'il fallait condamner ces actes, et nous l'avons fait, mais ensuite, il y a eu tant de speculations politiques... La gauche et la droite ont cherche a faire campagne sur cette affaire. Pourquoi ? Parce que ces coalitions, aujourd'hui, ne representent plus ni la gauche ni la droite. La droite a massacre les entreprises quand elle gouvernait, et la gauche a massacre les ouvriers quand elle etait aux affaires. Alors il ne leur reste que ce genre d'histoires pour rassembler. De notre cote, nous avons appele a rejeter les instrumentalisations, et nous en sommes restes la. Que pensez-vous des alarmes en Italie sur le risque d'un retour du fascisme ? Ce que je vois, c'est surtout le risque qu'il puisse y avoir des initiatives personnelles tragiques. Ce qui s'est passe a Macerata ne peut pas etre justifie. Mais nous devons tenir compte du fait que le tissu social italien se desagrege, parce que l'immigration, comme la criminalite disons << italienne >> et tous les problemes... ", "theme": "Europe"}