{"id_art": "57a3a59eac9b0f4a5644d71cb85ac8fc", "title": "deux mineures arretees dans les alpes-maritimes dans le cadre d'une enquete antiterroriste", "newspaper": "Le Monde", "author": "", "date_publi": "01/04/2017", "content": " Deux mineures de 14 et 17 ans ont ete interpellees par les services antiterroristes a Nice et dans la commune voisine de Levens, samedi 1er avril, selon des sources judiciaires et proches de l'enquete citees par l'AFP. Elles sont soupconnees de projeter une attaque meme si, selon cette meme source, << on ignore le degre de preparation de ce projet >>. Ce sont des elements decouverts lors de perquisitions administratives aux domiciles des deux adolescentes qui peuvent << laisser supposer >> un projet d'attentat, a indique cette meme source. Aucune arme n'a ete retrouvee sur place. Plusieurs jeunes filles ou jeunes garcons, parfois mineurs, ont ete arretes depuis 2015, soupconnes d'avoir prepare des actions violentes sous l'influence de membres de l'organisation Etat islamique (EI) bases en zone irako-syrienne. Lire aussi : Rachid Kassim, le gourou des jeunes apprentis terroristes Parmi les derniers en date, trois adolescentes mises en examen en mars par un juge antiterroriste parisien. Ces jeunes filles sont soupconnees d'appartenir a un groupe de discussion sur la messagerie cryptee Telegram, chaine qui a ete en lien avec celle du jihadiste francais Rachid Kassim, selon la source judiciaire. Membre de l'organisation Etat islamique (EI) et considere comme l'inspirateur de plusieurs attentats en France, Kassim a ete vraisemblablement tue courant fevrier a Mossoul. ", "theme": "Police et justice"}