{"id_art": "77466ea3def92878ae4c4b3bb254a4dc", "title": "affaire de karachi : les principaux protagonistes renvoyes devant le tribunal", "newspaper": "Le Monde", "author": "", "date_publi": "20/01/2017", "content": " La chambre de l'instruction de la cour d'appel de Lyon a renvoye devant le tribunal correctionnel, vendredi 20 janvier, les six personnes mises en cause dans le volet financier de l'affaire Karachi. Selon plusieurs avocats, la cour a assorti sa decision de prescriptions et de non-lieux partiels, dont ils n'avaient pas encore le detail. Elle a egalement declare irrecevable la constitution de partie civile des familles de victimes de l'attentat, lequel avait fait quinze morts, dont onze ouvriers francais de la Direction des constructions navales (DCN), le 8 mai 2002. Dans ce dossier d'abus de biens sociaux et de recel, d'abord examine a Paris, puis renvoye a Lyon, six personnes sont poursuivies. Elles sont soupconnees de financement occulte pour la campagne d'Edouard Balladur par l'intermediaire de possibles retrocommissions sur des contrats d'armement avec le Pakistan et l'Arabie saoudite dans les annees 1990. Il s'agit de Nicolas Bazire, ex-directeur de campagne d'Edouard Balladur et aujourd'hui dirigeant du groupe de luxe LVMH ; Renaud Donnedieu de Vabres, ex-conseiller du ministre de la defense Francois Leotard ; Thierry Gaubert, alors membre du cabinet du ministre du budget Nicolas Sarkozy ; Dominique Castellan, ancien patron de la branche internationale de la DCN ; l'homme d'affaires franco-libanais Ziad Takieddine et l'intermediaire Abdul Rahman Al-Assir. Les cas d'Edouard Balladur et de Francois Leotard ont ete disjoints de la procedure. Saisie en juin 2014, la Cour de justice de la Republique (CJR), seule habilitee a juger des delits commis par des ministres dans l'exercice de leur fonction, avait estime dans un arret du 28 septembre que les faits les concernant n'etaient pas prescrits. ", "theme": "Police et justice"}