{"id_art": "e347a3ad3ee41bd8945154692fdfe9c6", "title": "en france, la securite renforcee sur les marches de noel", "newspaper": "Le Monde", "author": "", "date_publi": "20/12/2016", "content": " Apres l'attentat de Berlin, << la securisation des marches de Noel a ete immediatement renforcee >>, a fait savoir le ministre de l'interieur, Bruno Le Roux, par communique, quelques heures apres l'attaque meurtriere dans la capitale allemande. Une annonce quelque peu temperee par Francois Hollande, mardi 20 decembre : le chef de l'Etat a declare qu'<< en France, toutes les consignes avaient deja ete donnees pour que nous puissions securiser autant qu'il est possible tous les lieux et notamment les marches de Noel et autres rassemblements >>. Davantage de militaires mobilises M. Le Roux a annonce lundi un renforcement de la mobilisation militaire. Pendant la periode des fetes de fin d'annee, le ministre de l'interieur avait d'ores et deja prevu << une mobilisation accrue des forces mobiles et du dispositif Sentinelle >>, mis en place apres la tuerie de Charlie Hebdo, en juin 2015. << Le nombre de militaires mobilises devrait passer de 7 000 actuellement a environ 8 500 sur les dix derniers jours de l'annee >>, expliquait ainsi le ministre de l'interieur au Monde, en marge d'un deplacement a Berlin effectue avant l'attentat. La mobilisation vise << tous les lieux de rassemblement >> et plus specifiquement << les lieux de culte chretiens le 24 et le 25 decembre >>, avec l'engagement de patrouilles dynamiques. M. Le Roux insiste : << J'ai demande aux prefets de piloter eux-memes les dispositifs de securisation, pour etre en mesure d'arbitrer. >> Une consigne qui rappelle les critiques apparues apres l'attentat de Nice sur le dispositif de securite et le fait que les reunions preparatoires aux festivites du 14 juillet s'etaient tenues en l'absence du prefet et du maire de la ville. Des mesures de securite specifiques sur les marches de Noel A Strasbourg, le dispositif de securite autour du fameux marche de Noel a ete renforce cette annee. Le maire de la ville, Roland Ries, a rappele sur RTL les mesures mises en place : << On a notamment prevu d'empecher tout vehicule d'integrer la \"grande ile\" [le centre-ville de Strasbourg], la ou est concentre le marche de Noel, avec des obstacles physiques, avec des camions-bennes, avec des plots retractables, avec des fosses pour le tramway, parce qu'on craint que l'itineraire du tramway soit utilise eventuellement par un terroriste et un camion. >> Le marche de Noel sera maintenu, comme prevu, jusqu'au 24 decembre, 18 heures. Bruno Le Roux s'est rendu sur place en fin de matinee. Il a juge satisfaisantes les mesures mises en place : << Le dispositif n'a pas a etre renforce. Il y a eu un tres haut niveau d'anticipation et de preparation. Mais il doit etre adapte au jour le jour en fonction des presences. >> Quatre personnes avaient ete arretees a Strasbourg dans la nuit du 19 au 20 novembre, suspectees d'avoir projete un attentat en France. A Nice, cinq mois apres l'attentat de la promenade des Anglais, le village de Noel est l'objet de << mesures exceptionnelles >>, a explique le president de la region Provence-Alpes-Cote d'Azur, Christian Estrosi, sur RTL. Il << n'est pas dans un espace public ouvert a tous >> mais << dans le perimetre de la \"fanzone\" que nous avions experimente pour l'Euro 2016, avec des portiques de securite electroniques, des fouilles >>. Un plan de vigilance << particulierement eleve >> en France La France connait << un haut niveau de menace >> terroriste, mais a un plan de vigilance << particulierement eleve aussi >>, a declare mardi Francois Hollande. Un nouveau plan Vigipirate a ete mis en place a la fin du mois de novembre, qui integre un niveau << urgence attentat >>. Active en reponse a un attentat ou face a la menace immediate d'une action terroriste, il comprend des mesures d'exception comme la fermeture des routes, du metro, l'arret des deplacements scolaires. Actuellement, la France est en niveau de << securite renforcee >>. Il permet d'activer quelque 216 mesures additionnelles au stade dit de << vigilance >>, allant de la prevention (port de badges ou verification des pieces d'identite) a l'organisation de patrouilles, d'operations de filtrage et de fouilles. ", "theme": "Societe"}