{"id_art": "5812125bae95b2211ae9994377da80aa", "title": "<< frappes ciblees >>, istanbul, hamon... les informations a retenir a la mi-journee", "newspaper": "Le Monde", "author": "", "date_publi": "04/01/2017", "content": " Comment la France traque et tue les djihadistes en Syrie, en Irak et au Sahel Le Monde devoile comment Francois Hollande autorise la Direction generale de la securite exterieure et les forces speciales de l'armee francaise a << neutraliser >> des terroristes. Une note confidentielle explique comment << harmoniser la communication >> pour << eviter les debats >> sur ces operations. L'auteur de l'attentat du Nouvel An a Istanbul identifie, mais toujours recherche Mevlut Cavusoglu, le ministre des affaires etrangeres de la Turquie, n'a pas devoile l'identite du suspect, qui etait toujours en fuite mercredi. Benoit Hamon : << Le revenu universel est la nouvelle protection sociale >> Candidat a la primaire de la gauche, l'ancien ministre defend le principe d'un revenu universel, finance par un prelevement unique fusionnant impot de solidarite sur la fortune et taxe fonciere. Et aussi : Birmanie. << Jamais nous n'avions vu un tel niveau de cruaute >> : le supplice des Rohingya. Sport. Les 17 rendez-vous a ne pas manquer en 2017. France. Le soutien aux migrants devant le tribunal de Nice. ", "theme": "Les decodeurs"}