{"id_art": "d1d5bc4d8bdb885a72dec58ee58b4c1d", "title": "stress post-traumatique : de la prevention au soin", "newspaper": "Le Monde", "author": "Sandrine Cabut", "date_publi": "19/01/2015", "content": " Quels sont les risques de troubles psychiques a moyen et long terme chez ceux qui ont vecu de pres les attentats recents qui ont touche la France ? Les etats de stress post-traumatique peuvent-ils etre prevenus ? Comment les traiter ? Tour d'horizon des connaissances sur ce syndrome meconnu.Des symptomes caracteristiquesLe tableau clinique complet associe trois types de signes : des reviviscences repetees de l'evenement traumatisant, avec flash-back et cauchemars ; des conduites d'evitement des situations pouvant rappeler le traumatisme et une << anesthesie psychique >> ; enfin, une hypertonie neurovegetative, avec hypervigilance, etat de tension, d'anxiete, etc. Le diagnostic d'etat de stress post-traumatique (ESPT) ne peut etre porte qu'au moins un mois apres le traumatisme. << Les symptomes peuvent se manifester apres un temps de latence beaucoup plus long, plusieurs annees voire plusieurs decennies, souvent reactives par un autre evenement traumatisant >>, precise le docteur Francois Ducrocq, psychiatre au CHRU de Lille. Ce specialiste insiste sur les troubles frequemment associes : depression (chez un patient sur deux), addiction a des substances. Le risque de suicide, lie ou non a un etat depressif, est majore.Un risque qui varie selon le contexteAgression physique ou sexuelle, guerre, catastrophe naturelle, attentat, accident de la route... Au cours de leur existence, 30 % a 40 % des individus sont exposes a un evenement traumatisant, mais seulement une minorite declarent un ESPT. Le risque est fonction de parametres, une quinzaine au total, pre-, peri- et post-traumatiques. << La survenue d'ESPT est deux fois plus frequente lors d'evenements d'origine humaine qu'apres une catastrophe naturelle, meme pour un evenement terrible comme un tsunami, detaille Francois Ducrocq. Pour les attentats recents, avec ce niveau de violence et d'impact societal, on est dans les niveaux de risque les... ", "theme": "Sciences"}