{"id_art": "59582478b69131b7090954c479124c49", "title": "trois adolescentes interpellees par la dgsi", "newspaper": "Le Monde", "author": "", "date_publi": "28/02/2017", "content": " Trois adolescentes, agees de 15 a 18 ans, soupconnees d'etre en lien << avec des personnes impliquees dans des filieres terroristes >>, presentes entre autres dans la zone irako-syrienne, ont ete interpellees, mardi 28 fevrier, par des policiers de la direction generale de la securite interieure (DGSI), a-t-on appris de sources proches de l'enquete. Selon Le Parisien, les interpellations ont eu lieu a Creil (Oise), a Noisiel (Seine-et-Marne) et a Mulhouse (Haut-Rhin) et les jeunes femmes etaient abonnees a la chaine de discussion du djihadiste Rachid Kassim. Commanditaire d'une quinzaine de projets d'attentat visant la France au cours de l'ete 2016, notamment de celui de Saint-Etienne-du-Rouvray, celui-ci a sans doute ete tue dans une attaque de drone americain le 8 fevrier, pres de Mossoul, en Irak. L'enquete devra determiner si ces jeunes femmes, qui presentent des << profils a risque >>, avaient la volonte de rejoindre une zone de combat au Moyen-Orient ou si elles envisageaient de commettre un acte terroriste en France. Le 21 fevrier, trois hommes ont ete interpelles a Clermont-Ferrand, a Marseille et dans le Val-de-Marne. Ils semblaient avoir des liens avec les deux hommes et une adolescente soupconnes de preparer un attentat << imminent >> arretes le 10 fevrier dans l'Herault. Le 14 fevrier, un etudiant de 18 ans, soupconne de vouloir commettre un attentat, a ete interpelle a Wattignies, dans la banlieue de Lille, par laDGSI. ", "theme": "Societe"}