{"id_art": "70fea4f66b1576c49fcfa2cb4b40b8ac", "title": "attentat de berlin, explosion au mexique, conflit en syrie... les informations a retenir a 8 heures", "newspaper": "Le Monde", "author": "", "date_publi": "21/12/2016", "content": " Attentat de Berlin : les autorites recherchent l'auteur de l'attaque Alors qu'au moins douze personnes sont mortes dans l'attaque contre le marche de Noel de Breitscheidplatz a Berlin, lundi 19 decembre, les autorites cherchent toujours a determiner precisement l'identite de l'auteur de l'acte, qualifie d'attentat terroriste par la chanceliere allemande, Angela Merkel. Le seul suspect, un ressortissant pakistanais un temps suspecte d'etre le chauffeur du camion par la police, a ete remis en liberte mardi soir. L'organisation djihadiste Etat islamique (EI) a revendique l'attentat. Explosion mortelle dans le plus grand marche de feux d'artifice du Mexique Une explosion sur le plus grand marche de feux d'artifice du Mexique a fait au moins 31 morts et 70 blesses, mardi a Tultepec, pres de Mexico. L'explosion s'est produite peu avant 15 heures heure locale (22 heures en France) sur ce marche specialise en produits pyrotechniques, qui accueille traditionnellement de nombreux visiteurs a l'approche des fetes de Noel. Ce qu'a fait le Conseil de securite de l'ONU depuis le debut du conflit syrien Le Conseil de securite de l'Organisation des Nations unies a adopte, lundi, a l'unanimite, l'envoi d'observateurs pour garantir le bon deroulement des evacuations des civils et rebelles des quartiers est d'Alep. Depuis le debut du conflit syrien, le 15 mars 2011, l'ONU a multiplie les projets de resolutions devant le Conseil de securite, pour des resultats tres aleatoires. Et aussi : Planete. Obama sanctuarise des millions d'hectares maritimes Coree du Sud. Le parti au pouvoir menace de scission ", "theme": "Les decodeurs"}