{"id_art": "d8324460b387437c4ccab552b7371fcc", "title": "victoire d'hamon, attentat a quebec, trump... les informations a retenir a 8 heures", "newspaper": "Le Monde", "author": "", "date_publi": "30/01/2017", "content": " Primaire a gauche : les trois defis qui attendent Benoit Hamon Apres sa victoire a la primaire de la gauche, dimanche soir, le candidat socialiste doit rassembler son camp, parler avec ses adversaires a gauche et convaincre sur son programme. Attaque d'une mosquee de Quebec : Trudeau denonce un << attentat terroriste >> Deux hommes ont tire sur des fideles rassembles pour la priere du soir dimanche au Centre culturel islamique de Quebec, faisant six morts et huit blesses. Le point sur les reactions contre le decret anti-immigration de Trump La decision de fermer la frontiere aux ressortissants de sept pays musulmans a declenche cafouillages et reactions virulentes a travers le monde. Et aussi Handball. La France sacree championne du monde. Miss Univers. La Francaise Iris Mittenaere couronnee. Syrie. Le regime s'empare d'une region strategique proche de Damas. ", "theme": "Les decodeurs"}