{"id_art": "345c353b748fe6cc00f363179d032003", "title": "berlin, philippot et alep... le point sur l'actualite en fin de journee", "newspaper": "Le Monde", "author": "", "date_publi": "22/12/2016", "content": " Berlin : le Tunisien recherche est bien l'auteur de l'attentat Des empreintes digitales du suspect ont en effet ete retrouvees dans la cabine du camion ayant servi a commettre l'attaque sur un marche de la capitale allemande lundi. Damien Philippot rejoint l'equipe de campagne de Marine Le Pen Le frere du vice-president du FN avait demissionne en novembre de son poste de directeur adjoint du departement opinion de l'institut de sondages Ifop. Alep en images : la ville avant et apres la guerre En l'espace de quatre ans de conflit, la ville multimillenaire a vu une partie de son riche patrimoine historique s'effriter, voire disparaitre, sous les bombes. Et aussi : Football. Thiago Silva prolonge au PSG jusqu'en 2020 Palestine. En Cisjordanie, la microfinance aide les femmes a s'emanciper ", "theme": "Les decodeurs"}