{"id_art": "32fd12181c4bb9b470dc93e2d142a055", "title": "allemagne : deux hommes soupconnes de preparer un attentat arretes", "newspaper": "Le Monde", "author": "", "date_publi": "23/12/2016", "content": " La police d'Essen en Allemagne a annonce, vendredi 23 decembre, avoir interpelle deux hommes qu'elle soupconne d'avoir prepare un attentat visant un centre commercial tres frequente a la periode de Noel. Les deux hommes sont des freres de 28 et 31 ans d'origine kosovare. L'arrestation a eu lieu dans la nuit de jeudi a vendredi. Les enqueteurs tentent actuellement de determiner quel etait le stade de preparation de cette attaque et si d'autres personnes sont impliquees dans le projet, a precise la police d'Essen dans un communique. Securite renforcee a Oberhausen La police, alertee par les services de renseignement, avait deploye dans la soiree de jeudi des forces de l'ordre aux alentours du centre commercial et sur un marche de Noel tout proche, selon la meme source. Le centre commercial vise, le Centro, est l'un des plus grands d'Allemagne et compte 250 boutiques particulierement visitees lors des achats de Noel. Il se situe dans une ancienne acierie d'Oberhausen, une ville proche d'Essen, dans l'ancien bassin industriel de la Ruhr. Lundi soir, sur l'un des marches de Noel les plus frequentes de Berlin, un camion conduit par un Tunisien de 24 ans avait fonce sur la foule. Douze personnes ont ete tuees et 48 blessees. L'assaillant est toujours en fuite. Il s'agit du plus grave attentat commis en Allemagne par l'EI qui a revendique l'attaque. ", "theme": "Europe"}