{"id_art": "d059c706c92393572cabd1736401b6ab", "title": "une explosion tue au moins quatre policiers a diyarbakir, en turquie", "newspaper": "Le Monde", "author": "", "date_publi": "16/01/2017", "content": " Au moins quatre policiers ont ete tues et trois autres blesses lundi 16 janvier dans une explosion, ont explique dans un communique les services du gouverneur de Diyarbakir, une ville du sud-est de la Turquie. Un precedent bilan faisait etat de trois policiers tues, et trois blesses dont deux grievement. L'attaque a eu lieu << lorsque des explosifs (...) ont ete declenches au passage d'un vehicule blinde qui transportait notre police antiemeute >>, indique le communique. L'explosion a ete causee par une bombe artisanale, annonce l'agence privee Dogan, qui met en cause << des terroristes du PKK >>. Elle ajoute qu'un bus municipal et d'autres vehicules qui se trouvaient non loin ont ete endommages. Vives tensions a Diyarbakir Diyarbakir, << capitale >> du sud-est a majorite kurde, est la cible d'une intense campagne du gouvernement contre le Parti des travailleurs du Kurdistan (PKK), classe organisation << terroriste >> par la Turquie, les Etats-Unis et l'Union europeenne. Fin octobre, Gultan Kisanak et Firat Anli, les deux maires de Diyarbakir, ont ete interpelles. Ils etaient accuses par Ankara d'avoir soutenu le PKK quand de violents affrontements ont commence a l'automne 2015. Le PKK est engage depuis 1984 dans une guerre contre l'Etat turc qui a fait plus de 40 000 morts. La Turquie a ete la cible depuis un an et demi d'une serie d'attentats meurtriers lies a la rebellion kurde ou aux djihadistes du groupe Etat islamique. Les forces de l'ordre de Diyarbakir sont souvent les cibles de ces attaques, comme en mai 2016, quand sept policiers ont ete tues dans un attentat a la bombe. ", "theme": "Europe"}