{"id_art": "1b7dcde12a35aecfe89932fb37f9bde8", "title": "attentat de berlin, rdc, donald trump... les informations a retenir a la mi-journee", "newspaper": "Le Monde", "author": "", "date_publi": "22/12/2016", "content": " Berlin : la traque du suspect revele les failles des autorites allemandes Repere comme islamiste dangereux, l'auteur presume de l'attaque de lundi avait vu sa demande d'asile rejetee en juin. Il avait pourtant pu rester dans le pays. Pourquoi la RDC se retrouve dans une impasse politique La Republique democratique du Congo (RDC) s'enfonce dans une impasse politique. Alors que son mandat est arrive a son terme, mardi, le president congolais, Joseph Kabila, a reporte les elections a une date indeterminee, au risque de voir le pays s'embraser. Donald Trump choisit un milliardaire pour reformer la regulation de l'economie Carl Icahn s'est rendu celebre en faisant pression sur les entreprises dans lesquelles il a des participations afin d'augmenter la remuneration des actionnaires. Et aussi : Environnement. En Normandie, une route solaire au banc d'essai Economie. Le Royaume-Uni affecte par une serie de mouvements sociaux Primaire a droite. De grandes disparites dans les comptes de campagne ", "theme": "Les decodeurs"}