{"id_art": "78178860e8c7609fd76e1c806d15e1b3", "title": "madere, ceta, trump et netanyahou... les informations a retenir a la mi-journee", "newspaper": "Le Monde", "author": "", "date_publi": "15/02/2017", "content": " Madere, la petite ile aux tresors fiscaux oubliee par l'Europe << Le Monde >> s'est plonge avec plusieurs medias internationaux dans les secrets de Madere. Depuis quarante ans, sous l'oeil accommodant de Bruxelles, l'ile portugaise permet a des footballeurs, des milliardaires et des multinationales d'optimiser leurs impots. Alimentant, parfois, des soupcons de corruption et de blanchiment. Les deputes europeens ratifient le CETA Opposants, manifestants, Wallons... le traite de libre-echange entre l'Union europeenne et le Canada aura rencontre de nombreux obstacles avant d'arriver mercredi 15 fevrier devant un Parlement europeen divise. A midi, les eurodeputes ont vote pour la ratification de cet accord. Le conflit israelo-palestinien au centre de la rencontre entre Trump et Netanyahou Le president americain et le premier ministre israelien doivent se rencontrer mercredi. La Maison Blanche a dit, la veille, ne plus etre arc-boutee sur la solution a deux Etats. Et aussi : Turquie. L'un des cerveaux de l'attentat du Reina arrete Syrie. De nouveaux elements accusent la Russie et Damas de bombardements d'hopitaux PSG-Barca. Unai Emery remporte le match qu'il fallait... et ca change tout ", "theme": "Les decodeurs"}