{"id_art": "51699aac0498ab24f8abfa9e22944542", "title": "apres les attentats, panser les esprits", "newspaper": "Le Monde", "author": "Pascale Santi", "date_publi": "19/01/2015", "content": " Certains pensent avoir vecu un film d'horreur. Aneantis, hebetes, les salaries de Charlie Hebdo, mercredi 7 janvier, ont vu leurs amis proches abattus devant eux. Deux jours plus tard, des otages du supermarche Hyper Cacher, porte de Vincennes, ont aussi ete temoins de meurtres et ont ete eux-memes pris au piege durant quatre heures, convaincus qu'ils allaient mourir. Aussitot apres l'attaque de Charlie Hebdo, les survivants ont ete conduits dans un theatre proche de la rue Nicolas-Appert, siege de l'hebdomadaire, avec les familles endeuillees. C'est dans une banque proche du supermarche casher qu'ont ete pris en charge la vingtaine d'otages. Ensuite, les uns comme les autres ont presque tous ete transferes a l'Hotel-Dieu, ou se situent les urgences medico-legales. Car, au meme titre que les blesses physiques, ces << blesses psychiques >> doivent eux aussi etre soignes. Specificite francaise, un dispositif d'urgence medico-psychologique a ete constitue en juillet 1995, a la suite de l'attentat terroriste a la station de RER Saint-Michel, puis renforce en 2013. Des cellules d'urgences medico-psychologiques (CUMP) ont ete creees dans chaque departement. Celle de Paris travaille en lien avec le SAMU de la capitale. Elle vise a apporter des soins d'urgence aux victimes de blessures psychiques lors de catastrophes, d'accidents, d'attentats...Intervenir viteCes personnes sont prises en charge par des medecins, psychiatres, psychologues, infirmiers psychiatriques volontaires prealablement formes. << Il est important d'intervenir vite, pour ecouter, reperer l'importance des symptomes >>, explique le professeur Didier Cremniter, responsable du reseau national des CUMP et psychiatre referent. Dans les heures qui ont suivi les drames, la plupart des victimes, siderees, ne parviennent pas a parler. Alors qu'elles s'appretaient a aller dejeuner joyeusement apres une conference de redaction a Charlie Hebdo,... ", "theme": "Sciences"}