{"id_art": "35535882dd72c0387bc35a4f20c8fdf2", "title": "ecosse, guyane et carlos... les informations a retenir a 19 heures", "newspaper": "Le Monde", "author": "", "date_publi": "28/03/2017", "content": " Ecosse : le Parlement ouvre la voie a des negociations avec Londres sur un nouveau referendum d'independance Ce vote survient la veille du declenchement par la premiere ministre britannique, Theresa May, de l'article 50 du traite de Lisbonne qui marque le divorce avec l'Union europeenne. Guyane : << Nous sommes en France mais pas vraiment consideres comme francais >> Des Guyanais racontent leur sentiment d'abandon par les autorites, ainsi que les difficultes qui plombent ce territoire d'outre-mer, mine par l'insecurite et le chomage. Une mobilisation massive a reuni les Guyanais mardi pour les manifestations de la << journee morte >>. Carlos condamne a perpetuite pour l'attentat du Drugstore Publicis en 1974 Age de 67 ans, celui qu'on surnommait << le Chacal >> a deja ete condamne deux fois a perpetuite, en 1997 puis en 2011. L'attentat du Drugstore avait fait deux morts en 1974. Et aussi : Politique. A Berlin, Benoit Hamon rencontre Angela Merkel et recoit le soutien de Martin Schulz Etats-Unis. Trump veut detricoter les mesures d'Obama sur l'environnement Famine en Afrique et au Yemen. << Mourir de faim aujourd'hui, c'est mourir des consequences de la guerre >> ", "theme": "En bref"}