{"id_art": "2f6c549bdaf3282625c962d74feed63c", "title": "les generations du djihad mondial", "newspaper": "Le Monde", "author": "Christophe Ayad", "date_publi": "13/01/2015", "content": " En attendant le resultat des enquetes en cours, qui pourraient comporter encore nombre de revelations sur la galaxie djihadiste en France, les premiers enseignements de l'equipee meurtriere des freres Kouachi et d'Amedy Coulibaly peuvent etre tires.Al-Qaida, plus dangereux que l'Etat islamiqueObnubilees par la montee en puissance et le bruit mediatique de l'Etat islamique (EI), les autorites - pas forcement les services de renseignement - ont minimise la menace posee par Al-Qaida, installee de plus longue date dans le paysage et soucieuse de se faire oublier. Or la difference de << niveau >> entre les actions terroristes perpetrees par les freres Kouachi et par Amedy Coulibaly revele le fosse entre les deux organisations. Les freres Kouachi, qui se sont a plusieurs reprises reclames verbalement d'Al-Qaida dans la peninsule Arabique (AQPA) avant qu'un haut cadre de l'organisation, basee au Yemen, ne les adoube, ont mene le carnage de Charlie Hebdo avec une determination et un << professionnalisme >> contrastant nettement avec l'agitation fanfaronne d'Amedy Coulibaly, qui s'est presente dans une video post mortem, comme un adepte du << califat >> de l'EI. Pour mener a bien leur projet, les freres Kouachi ont du dejouer la surveillance policiere liee a leurs antecedents judiciaires dans la filiere des Buttes-Chaumont. Au moins l'un deux a sejourne au Yemen, ou il a pu suivre, semble-t-il, un entrainement au tir. Pendant longtemps encore, Al-Qaida, dont la strategie consiste a selectionner une elite pour porter la guerre chez << l'ennemi lointain >> (l'Occident), constituera la menace la plus serieuse. Amedy Coulibaly, lui, n'a jamais rejoint de groupe djihadiste : il s'est radicalise en prison puis sur Internet. Son entrainement semble plus sommaire, son comportement plus brouillon. Ce qui est inquietant, en revanche, c'est sa capacite a collecter des armes puis a passer a l'action sans jamais etre passe par une experience au sein de l'EI, en Syrie... ", "theme": "Al-Qaida"}