{"id_art": "b85c94a7077705c7520891e915d75c17", "title": "apres le 13 novembre, tous n'etaient pas traumatises, mais tous etaient atteints", "newspaper": "Le Monde", "author": "Anne Rodier", "date_publi": "20/11/2015", "content": " La cellule d'ecoute psychologique a La Poste a enregistre une centaine d'appels depuis les attentats, le double de l'usage ordinaire. Une equipe de psychologues specialises est a disposition chez L'Oreal, un numero d'appel chez Allianz global assistance, et les medecins du travail accompagnent les salaries d'EDF qui sont sous le choc, apres la perte de leur collegue, Juan Alberto Gonzalez Garrido, 29 ans, vendredi 13 novembre au Bataclan. La majorite des grandes entreprises ont un dispositif d'accompagnement psychologique interne ou en partenariat avec des cabinets prives, qu'elles ont active ces derniers jours.<< Les militaires nous ont appris qu'on ne peut pas vivre normalement apres avoir vu mourir quelqu'un sous ses yeux >>, explique Xavier ALas Luquetas, president du cabinet Eleas, specialise dans la prevention des risques psychosociaux. Mais surtout l'employeur est legalement responsable de la sante de ses salaries. Selon l'article L. 4121-1, << l'employeur prend les mesures necessaires pour (...) proteger la sante physique et mentale des travailleurs >>.La responsabilite des employeursHistoriquement, ce sont les entreprises privees de securite qui, les premieres, se sont dotees de << cellules de soutien >> pour leur personnel a la suite d'un choc psychologique, suivies des entreprises victimes d'attaques a mains armees (banques, commerces).Puis la jurisprudence a renforce la responsabilite des employeurs, lorsque en 2002 l'obligation de moyens exigee de l'employeur pour assurer la sante des salaries est devenue une obligation de resultat. Enfin en reaction a la crise des suicides chez France Telecom en 2008, le ministre du travail Xavier Darcos a reaffirme que toutes les grandes entreprises devaient evaluer les risques et mettre en place un plan d'action. Ce fut le debut de l'essor des cellules de soutien.Elles sont organisees d'une part au sein des grandes entreprises (avec les assistantes sociales et le medecin du travail, s'il est psychologue clinicien) et d'autre part en faisant appel a des cabinets prives qui mettent a disposition des psychologues en consultation telephonique ou en intervenant dans les etablissements. Les cabinets pionniers, crees a la fin des annees 1990, sont Stimulus, Eleas et Psya. Puis de nombreux autres ont ete crees reunis depuis 2011 en federation (la Federation des intervenants en risques psychosociaux).Des mutuelles pour les PMEEnfin, de leur cote, les mutuelles, comme Malakoff Mederic ou Audiens, proposent des services d'accompagnement par leurs equipes de psychologues aux salaries des PME et aux intermittents. << Il y a le temps de l'urgence immediate, puis le suivi des salaries dans la duree, expose Stephane Lecoq, responsable des relations clients entreprise chez Audiens, qui vient d'ouvrir un dispositif de soutien aux collaborateurs du Bataclan. Certaines populations sont particulierement en risque, souligne-t-il. 40 des 129 deces ont touche les metiers de la culture >>Les cabinets prives et les mutuelles ont enregistre une augmentation des demandes depuis le 13 novembre, comme ce fut le cas en janvier, apres l'attaque contre Charlie Hebdo. << 50 % de nos clients nous avaient appeles des samedi pour savoir comment reagir aupres de leurs salaries >>, indique M. Alas Luquetas, dont la premiere recommandation a ete de rappeler aux salaries les dispositifs deja en place dans l'entreprise << pour rappeler la dimension protectrice de l'organisation >>.Bilan de la premiere semaine post-attentat, le cabinet Psya a, de son cote, effectue 40 jours d'intervention par ses psychologues au sein d'une trentaine d'entreprises, alors que le volume annuel moyen du cabinet est de 200 a 250 jours. Psya a fait intervenir sa vingtaine de psychologues salaries. Mais il a aussi du faire appel a des professionnels externes, compte tenu de l'afflux de demandes. Enfin, << Audiens a recu une demande d'accompagnement psychologique d'une soixantaine de salaries et d'intervention de psychologues sur site de la part de huit entreprises >>, precise M. Lecoq.Phenomene de resonanceTous les salaries d'Ile-de-France n'ont pas exprime un besoin de soutien psychologique depuis les attentats. Mais la population a risque va bien au-dela des quelques centaines de salaries qui ont ete temoins directs des attaques. Car un phenomene de resonance reactive les traumatismes des attentats precedents : << une salariee m'a appele aujourd'hui pour me parler de l'attaque de Toulouse, qu'elle revivait depuis vendredi >>, temoigne M. Alas Luquetas.D'autres situations plus personnelles de confrontation avec l'idee de mort (un suicide ou la mort brutale d'un proche) prennent une ampleur particuliere. << C'est important que les entreprises puissent proposer cette aide, dans la mesure ou ces situations que vivent leurs salaries ont un impact sur le quotidien de travail, l'etat psychologique des salaries, la motivation >>, estime Emmanuel Charlot, directeur associe chez Psya.Les entreprises sont confrontees a trois cas de figure. Soit elles comptent un salarie decede ou grievement blesse dans leur effectif, et sont amenees a organiser des groupes de parole et adapter le management. Soit les salaries sont concernes indirectement, auquel cas la cellule d'ecoute telephonique par des psychologues accessibles 24 heures sur 24 et 7 jours sur 7 permet de soutenir les gens qui ne vont pas bien.<< Les salaries d'Allianz Global assistance ont recu dimanche un mail leur indiquant un numero de telephone pour pouvoir parler en francais ou en anglais a un des six psychologues de la societe de teleassistance GTS >>, indique Candice Bosson, responsable RH chez Allianz Global Assistance. << Si les demandes de salaries devaient depasser 5 % de l'effectif, on aurait besoin de faire venir des psychologues sur site >>, ajoute Mme Bosson.Enfin, le troisieme cas de figure concerne les salaries qui sont affectes par l'evenement, a savoir potentiellement tous les salaries francais. << En janvier, ce sont des journalistes qui etaient vises, aujourd'hui c'est tout le monde >>, constate M. Alas Luquetas. Les cabinets d'accompagnement seront probablement mieux connus apres ce vendredi 13, mais toutes les entreprises n'auront pas besoin de faire appel a des psychologues. ", "theme": "Emploi"}