{"id_art": "56f32ac1d21b80f06fd87e4e5c54d22e", "title": "attentat en turquie : le club reina, haut lieu de la vie nocturne a istanbul", "newspaper": "Le Monde", "author": "", "date_publi": "01/01/2017", "content": " Theatre d'un sanglant attentat qui a fait au moins 39 morts et 69 blesses lors des celebrations du Nouvel An, la Reina, une boite de nuit cossue au bord du Bosphore, est un haut lieu de la vie nocturne a Istanbul, prise de la jeunesse branchee, des celebrites et des touristes etrangers. Situe dans la partie europeenne de la ville, le club, qui a ouvert en 2002, est aussi accessible par bateau directement depuis le detroit. Pour y passer la soiree, il faut generalement trouver grace aux yeux des videurs, qui ne laissent entrer que des clients tries sur le volet. Repaire incontournable de la jet-set turque En depit de l'islamisation croissante de la societe dont se plaignent les detracteurs du president, Recep Tayyip Erdogan, le club Reina est reste l'un des repaires incontournables de la jet-set turque et des fetards pas trop regardants sur la depense. Au fil des ans, la boite de nuit est devenue un lieu de rencontres pour les vedettes des equipes de football stambouliotes et celles des series televisees tres suivies en Turquie. Les rejouissances ne s'achevent en general qu'au petit matin. Les soirees commencent souvent bien apres minuit dans ce club jusqu'ici synonyme de fete, dote de plusieurs restaurants, pistes de danse et d'un bar central. La vue depuis la terrasse est spectaculaire avec l'un des trois imposants ponts qui enjambent le Bosphore situe juste au-dessus et les lumieres de la rive asiatique qui scintillent au loin. L'histoire de ce pont est deja associee a l'un des episodes les plus violents qu'ait vecu la Turquie, puisqu'il a ete le theatre d'affrontements entre soldats factieux et manifestants pendant la tentative de putsch le 15 juillet. Cette date est d'ailleurs devenue depuis le nom officiel du pont. ", "theme": "Europe"}