{"id_art": "5f7a34be1c4963db48159246a75b3b09", "title": "crash dans le sinai : << une immense tragedie >>, selon vladimir poutine", "newspaper": "Le Monde", "author": "Isabelle Mandraud", "date_publi": "02/11/2015", "content": " En debut d'apres-midi, lundi 2 novembre, Vladimir Poutine est sorti brievement du silence qu'il avait jusqu'ici observe. << C'est une immense tragedie >>, a-t-il declare de sa residence de Novo Ogarevo, non loin de Moscou, en marge d'une reunion avec le ministre des transports, Maxime Sokolov, responsable de l'enquete sur le crash de l'avion russe dans le Sinai.Devant une << pareille tragedie et dans de telles heures, il est tres important de sentir l'epaule d'un proche, l'empathie de tout le pays au sujet de cette terrible catastrophe, a ajoute le president russe. Tout doit etre fait pour elucider ce qui s'est passe, et pour que l'on reagisse de maniere appropriee >>.Le chef du Kremlin ne s'est pas avance plus sur les raisons du crash de l'Airbus A321 de la compagnie charter Kogalimavia, qui devait relier, samedi, la station balneaire de Charm el-Cheikh, en Egypte, a la deuxieme plus grande ville de Russie. Les corps de 144 passagers ont commence a etre rapatries et sont arrives tres tot, lundi, a Saint-Petersbourg. Quelques instants plus tot, dans la soiree, plusieurs centaines de personnes se sont reunies spontanement devant le celebre musee de l'Ermitage, munies de bougies et de ballons pour rendre hommage aux 224 victimes de la plus grande catastrophe aerienne pour la Russie.En dehors de l'annonce d'un jour de deuil national, decrete pour la journee de dimanche, durant lequel les drapeaux ont ete mis en berne, le Kremlin n'avait jusqu'ici fait aucun commentaire, au point que ce silence a suscite parfois des commentaires peu amenes sur les reseaux sociaux. En vingt-cinq ans, jamais un tel accident n'avait touche la Russie. Depuis 1991, date de la chute de l'URSS, 167 accidents aeriens, y compris d'helicoptere, ont ete recenses, dont 41 faisant au moins un mort. Au total, selon le site airdisaster.ru, les catastrophes aeriennes ont provoque la mort de 1 752 personnes. La disparition brutale de 217 personnes, dont 17 enfants, et de 7 membres d'equipage dans le terrible accident survenu samedi est bien la pire. Aucune hypothese, celle d'un incident technique ou d'un attentat, n'est, pour l'heure, ecartee. << Il est trop tot pour tirer des conclusions >>, ont souligne a plusieurs reprises les autorites russes. De son cote, un responsable de la compagnie aerienne russe Metrojet, Alexandre Smirnov, a affirme lundi que la << seule cause possible du crash [etait] une action exterieure >>. Nous excluons une defaillance technique ou une erreur de pilotage >>, a-t-il ajoute, assurant que << l'avion etait en excellent etat technique >>, malgre des rumeurs sur le delabrement de certains appareils de la flotte a bas cout. << L'avion etait incontrolable, il ne volait pas mais tombait, et le passage d'une situation de vol a une situation de chute s'explique apparemment par le fait que l'avion a subi un degat important de sa structure. >>Des corps, dont celui d'une fillette, ont ete retrouves a 8 kilometres du principal point d'impact de l'appareil avec le solArrive a Charm El-Cheikh a 5 h 30 du matin le 30 octobre, le vol 9268 de la compagnie Kogalymavia, sous pavillon Metrojet, a tres vite embarque ses passagers, et a redecolle a 5 h 58. Moins de vingt-trois minutes plus tard, l'avion disparaissait des ecrans radars alors qu'il volait a 30 000 pieds (9 144 metres). La carcasse de l'appareil a ete retrouvee peu apres dans le nord du desert du Sinai, sans aucun survivant. Sur place, les enqueteurs ont eu tot fait de dresser un premier constat : l'Airbus A321 n'a tente aucun atterrissage en catastrophe, il s'est disloque en vol. << Les fragments se sont eparpilles sur une grande surface d'environ 20 kilometres carres >>, a affirme au Caire Viktor Sorotchenko, le directeur du Comite intergouvernemental d'aviation (MAK), autorite de controle creee en 1991 qui reunit onze pays de l'ex-URSS, arrive tres vite sur les lieux. Cette dislocation a eu lieu << a haute altitude >>, a de son cote precise a la television russe le directeur de l'agence russe chargee du transport aerien, Alexandre Neradko, s'exprimant d'Egypte. Lire aussi L'Airbus de la Metrojet s'est desintegre en vol Des corps, dont celui d'une fillette, ont ete retrouves a 8 kilometres du principal point d'impact de l'appareil avec le sol, apres que la zone de recherches a ete elargie a 15 kilometres. Tout indique donc que le charter s'est desintegre en l'air, bien avant de heurter le sol. Dimanche soir, la television russe a diffuse des images prises par des drones du lieu du drame. On y voit des morceaux noircis de la carlingue dans un perimetre assez large. Reunis par les secours egyptiens, des valises et des bagages des passagers paraissent etrangement intacts. Les deux boites noires ont ete retrouvees et doivent etre analysees. Mais, des samedi, un communique d'une branche egyptienne de l'organisation Etat islamique (EI) a revendique sur l'un de ses comptes Twitter un attentat. << Les soldats du califat ont reussi a provoquer le crash d'un avion russe en Egypte, dans la region du Sinai... >>Province du Sinai de l'Etat islamiqueCette revendication a ete minimisee par les autorites aussi bien russes qu'egyptiennes. La Russie, qui mene depuis un mois des frappes aeriennes en Syrie contre l'EI et d'autres groupes de combattants, a pourtant ete a plusieurs reprises, ces derniers temps, la cible de menaces. Encore recemment, le chef d'Al-Qaida, l'Egyptien Ayman Al-Zawahiri, a appele, dans un message sonore, les mouvements djihadistes a s'unir pour combattre l'Occident et la Russie en Syrie et en Irak, selon l'agence Reuters. Et la zone dans laquelle a ete retrouve l'avion parti de Charm El-Cheikh correspond bien au territoire ou est implante le groupe Ansar Beit Al-Makdis, rallie a l'EI sous le nom de << Province du Sinai >> depuis novembre 2014. Mais il semble peu probable, cependant, que l'avion, a l'altitude ou il volait, ait pu etre touche par un missile. Selon Charles Lister, expert en mouvements djihadistes, affilie au centre Brookings a Doha, le missile antiaerien le plus puissant dont dispose l'EI est un Manpads d'une portee maximale de 10 000 pieds (3 kilometres). Reste l'hypothese d'une bombe placee a l'interieur de l'appareil ou d'un grave incident technique. Des perquisitions et des inspections ont ete entreprises en Russie au siege de la compagnie Kogalymavia, qui n'a cependant pas interrompu son activite. Dans un entretien a la radio Kommersant FM, dimanche, Viktor Gorbatchev, le directeur general de l'aviation civile, a indique que les conditions climatiques, selon le centre meteorologique russe, etaient bonnes et que la visibilite etait alors de 10 kilometres. Sur la meme antenne, Magomed Tolboiev, pilote d'essai et president honoraire du MAK, a souligne qu'il avait du mal a croire a un manque d'entretien technique de l'appareil. Meme avec une panne de moteur, l'avion aurait pu continuer a voler, a-t-il affirme, ou l'equipage aurait contacte les services terrestres : << Cela montre qu'un imprevu s'est produit a bord de l'avion. >> Contrairement a ce qui avait ete annonce par les services de securite egyptiens dans un premier temps, le pilote n'aurait en effet emis aucune alerte. Lundi, apres Air France, Lufthansa et Emirates, la compagnie russe Oural Airlines a annonce qu'elle suspendait egalement ses vols au-dessus du territoire du Sinai. ", "theme": "International"}