{"id_art": "a38c9a682dad03c748434fdeb700069b", "title": "interview de penelope fillon, attentat de quebec et jo 2024... les informations a retenir a 8 heures", "newspaper": "Le Monde", "author": "", "date_publi": "03/02/2017", "content": " << Je n'ai jamais ete son assistante >> : l'interview de Penelope Fillon France Televisions a diffuse hier soir dans << Envoye special >> des extraits d'un entretien que Penelope Fillon a accorde au Daily Telegraph en 2007 dans lequel la femme du candidat de la droite declare n'avoir << jamais ete son assistante ou quoi que ce soit de ce genre >>. Une mosquee vandalisee a Montreal pendant les funerailles a Quebec Quelques heures avant que les responsables politiques et des milliers de personnes affichent, lors des funerailles de musulmans tues dimanche a Quebec, l'unite du Canada face a l'intolerance, une vitre a ete brisee et des oeufs jetes sur la facade de la mosquee Khadijah, au sud-ouest de Montreal. JO 2024 : Paris veut convaincre le reste du monde Les organisateurs de Paris 2024 remettent aujourd'hui au Comite international olympique (CIO) le dossier final de candidature. La date marque le debut de la phase de promotion internationale, alors que Los Angeles et Budapest connaissent des difficultes. Et aussi : Intemperies. Neuf departements de l'Ouest places en vigilance orange Coupe Davis. La France mene 1 a 0 contre le Japon Etats-Unis. La journee de Donald Trump : Australie, Iran et Schwarzenegger ", "theme": "Les decodeurs"}