{"id_art": "4b9ca7c14b412b38d15075b6d71ea4ca", "title": "des milliers de manifestants anti-islam a dresde", "newspaper": "Le Monde", "author": "", "date_publi": "25/01/2015", "content": " Plusieurs milliers de manifestants anti-islam affluaient, dimanche 25 janvier a Dresde, pour le premier rassemblement du mouvement Pegida depuis la revelation de menaces d'attentat sur le cortege et la demission de son leader. << Pour un pays souverain >>, << Honnetes gens, soulevez-vous enfin ! >> ou << Merci Pegida >> figuraient sur les pancartes brandies pour cette 13e reunion des << Patriotes europeens contre l'islamisation de l'Occident >>. RISQUE D'ATTENTAT VISANT SON PRINCIPAL LEADER Ne le 20 octobre dernier dans cette ville bourgeoise et conservatrice d'ex-RDA, Pegida s'est reuni chaque lundi soir, par reference aux mouvements spontanes qui avaient precede la chute du mur de Berlin fin 1989, jusqu'a rassembler un record de 25 000 personnes le 12 janvier. Mais le mouvement, qui a essaime dans la plupart des grandes villes allemandes et suscite une vaste mobilisation contre lui, s'est vu interdire toute manifestation lundi dernier en raison d'un risque d'attentat visant son principal leader, Lutz Bachmann, 41 ans. Deux jours plus tard, M. Bachmann a annonce sa demission apres la publication dans la presse d'une photo le montrant grime en Adolf Hitler, et la revelation de propos outranciers sur les refugies, laissant aux commandes Kathrin Oertel, 37 ans. HAUSSE DES ATTAQUES ISLAMOPHOBES Le ministre allemand des affaires etrangeres, Frank-Walter Steinmeier, s'est inquiete dimanche de l'impact de Pegida sur l'image de l'Allemagne a l'etranger, dans une interview au quotidien Bild. Samedi, le president du Conseil central des musulmans (ZMD), Aiman Mazyek, denoncait sur le site Internet de l'hebdomadaire Focus une hausse des attaques islamophobes en Allemagne, evoquant des << insultes >> visant souvent les femmes voilees, du << vandalisme >> contre les mosquees et des << violences >> envers les imams. ", "theme": "Europe"}