{"id_art": "01de5d99c3862e0487798b934c8a2f02", "title": "le 11-septembre, un casse-tete pour les createurs", "newspaper": "Le Monde", "author": "Philippe Dagen\n", "date_publi": "10/09/2015", "content": " Le 18 septembre 2001, la Frankfurter Allgemeine Zeitung rapportait les propos tenus deux jours plus tot lors d'une conference de presse par le compositeur Karlheinz Stockhausen (1928-2007). Il avait declare voir dans les attaques du 11-Septembre << la plus grande oeuvre d'art jamais realisee >>. Quatre de ses concerts furent aussitot annules et ses dernieres annees furent obscurcies par ces declarations. On les traita de monstrueuses et, en effet, la legerete avec laquelle Stockhausen mentionnait les victimes etait insoutenable. A son insu peut-etre, il posait neanmoins une question : que peut une oeuvre d'art face a un evenement d'une ampleur et d'une violence extreme ? A laquelle s'ajoute une deuxieme, qui interesse les arts visuels : que faire quand les images du desastre sont d'une puissance tragique paroxystique ? Plus de dix ans apres, et alors que d'autres carnages ne cessent d'etre commis contre des populations civiles au nom de la religion dont se reclamaient les instigateurs et les auteurs du 11-Septembre, ces interrogations demeurent aigues, et les reponses peu nombreuses. A preuve, le raccrochage des collections du Whitney Museum of American Art, concu pour l'inauguration du nouveau batiment du musee new-yorkais au mois de mai. Il se nomme << America is Hard to See >>, et cette phrase s'applique particulierement au chapitre << Course of Empire >>, qui concerne la place et l'image des Etats-Unis dans le monde depuis une vingtaine d'annees. Le 11-Septembre n'en est pas absent, ni ses consequences - mais de facon parcimonieuse et contradictoire. D'une part, deux grands dessins d'Aleksandra Mir executes en 2007 reproduisent les << unes >> du New York Post et du Daily News ou Oussama Ben Laden, en 1998, avertissait les Etats-Unis que le pire etait << a venir >> et que la guerre ne faisait que commencer. De l'autre, une lithographie de Richard Serra datant de 2004 rappelle l'image scandaleuse du prisonnier irakien... ", "theme": "Culture"}