{"title": "Comment Anne, fille du miraculé, a apaisé sa « haine »", "newspaper": "leparisien", "author": "Geoffroy Tomasovitch", "date_publi": "02/10/2016", "theme": "Faits divers", "content": " Cet attentat dans l'église, Anne, 54 ans, y pense tout le temps. Son père, Guy, forcé de filmer la lâche  qui s'éteint en criant « Va-t-en, Satan ! » Son père, égorgé à son tour par le terroriste le jour de son 87e anniversaire sous les yeux horrifiés de son épouse, et qui dans un réflexe salutaire improvise un point de compression au cou. « Il a ensuite fait le mort alors qu'il souffrait beaucoup. Les terroristes l'ont cru décédé. Mon père a prié tous les saints qu'il connaît jusqu'à l'assaut de la police, une heure après  », confie Anne, qui n'arrive toujours pas à « imaginer » qu'une telle scène d'horreur ait pu se jouer en pleine messe.\r\nAprès les faits, cette catholique pratiquante fut assaillie par un ressentiment qui lui est étranger. « Je n'avais pas encore revu mes parents, j'étais en état de choc, relate Anne. En ville, j'ai vu deux Maghrébins et j'ai eu une brève montée de haine. Je me suis aussitôt reprise, je faisais un amalgame stupide. Il fallait que je rencontre des musulmans pour chasser cette pensée.  » La fille de Guy se rend à la mosquée de Saint-Etienne, séparée de la nouvelle église par un simple portillon. « Quand l'imam a su qui j'étais, on s'est pris dans les bras, un moment d'émotion et de fraternité. Il m'a consolée et m'a expliqué que toute la communauté musulmane était opposée à ces actes de barbarie, qu'elle était touchée et traumatisée.  » Anne repart, le coeur allégé de cette pointe de haine. Une autre rencontre va contribuer à l'apaiser. Le 24 septembre, Me Méhana Mouhou, avocat de la famille du paroissien et qui défend de nombreuses victimes du terrorisme, emmène Anne et l'un de ses frères à Rome, où le pape va recevoir les proches des personnes tuées dans l'attentat du 14 juillet à Nice et des survivants. « Une cérémonie très solennelle et émouvante. Le pape s'est entretenu avec chacun. J'avais préparé une enveloppe avec la photo de mes parents, je la lui ai donnée  », poursuit Anne. Au Vatican, elle échange avec une femme de confession musulmane. « Elle souffrait de la perte d'un être cher à Nice et, en plus, de racisme depuis. Je lui ai dit  : Je vous aime, mots qu'elle avait besoin d'entendre  », ajoute la fille de Guy. Qui n'oubliera jamais les paroles de François. « Il a dit qu'on ne peut répondre aux assauts du démon que par les oeuvres de Dieu, qui sont pardon, amour et respect du prochain, même s'il est différent. Je partage cela à 100 %... »\r\nQuant à Guy, trop faible pour effectuer ce voyage à Rome, il se rendra ce dimanche avec un de ses fils à l'église de Saint-Etienne. Là même où, selon ses mots, « le Seigneur a permis qu'[il] survive pour témoigner de sa miséricorde  ».  EN SAVOIR PLUS >>>>  \r\nVIDEO. Prêtre égorgé. Emouvant hommage à Saint-Etienne-du-Rouvray  "}