{"title": "Légitime défense : faut-il accorder aux policiers les mêmes droits qu'aux gendarmes ?", "newspaper": "leparisien", "author": "Le Parisien", "date_publi": "07/11/2016", "theme": "Faits divers", "content": "Légitime défense : le terme définit un , qui permet à un policier, comme à tout citoyen, de se défendre de manière proportionnelle à l'attaque dont il est victime ou si elle concerne autrui.Les gendarmes, qui sont des militaires, peuvent - eux - faire usage de leurs armes après des sommations s'ils l'estiment nécessaires, et donc sans attendre d'être directement menacés comme les policiers.Alors que  dans les rangs de la police, notamment depuis l', des syndicats comme Alliance  et que les policiers puissent eux-aussi faire usage de leurs armes sans attendre de se voir tirer dessus, par exemple.Selon vous, en matière de légitime défense, faut-il accorder aux policiers les mêmes droits qu'aux gendarmes ? "}