{"title": "Terrorisme : accord de la Belgique pour remettre Mehdi Nemmouche à la France", "newspaper": "leparisien", "author": "Le Parisien", "date_publi": "03/11/2016", "theme": "Faits divers", "content": ". Mehdi Nemmouche pourrait être bientôt poursuivi en France. La chambre du conseil de Bruxelles (Belgique) a rendu exécutoire ce jeudi le mandat européen lancé par la France à son encontre, annonce le parquet fédéral.\r\nLa date de remise n'est pas encore déterminée, précise l'agence de presse , mais il pourrait rester en Belgique jusqu'à son procès pour l'attaque du musée juif en mai 2014. Cette remise pourrait donc avoir lieu courant 2017. \r\nMehdi Nemmouche, 31 ans, est un Français d'origine algérienne. Il est soupçonné par la justice française d'avoir été Dans le cadre de cette enquête, la France avait réclamé la remise de Nemmouche le 25 août dernier.   "}