{"title": "Attentat à Stockholm : la police croit tenir le chauffeur, un Ouzbek de 39 ans", "newspaper": "leparisien", "author": "Le Parisien", "date_publi": "08/04/2017", "theme": "Faits divers", "content": " Un homme de 39 ans né en Ouzbékistan a été interpellé vendredi et placé en garde à vue ce samedi à Stockholm (Suède). Il est soupçonné d'homicides à caractère terroriste. Selon la police, ce suspect pourrait être  de la capitale suédoise dans l'après-midi de vendredi.\r\nVers 15 heures, vendredi, . Selon un dernier bilan, les autorités suédoises font état de 4 morts et de 15 blessés, dont plusieurs enfants. Ce samedi, six blessés ont pu sortir de l'hôpital tandis que huit adultes et un enfant sont toujours pris en charge, détaille .   La «sympathie pour l'EI» du gardé à vue\r\nAlors que les autorités ont rapidement évoqué l'hypothèse d'un attentat, un individu a été interpellé vendredi soir à Märsta, une petite ville située à 40 kilomètres au nord de la capitale. L'homme n'est pas inconnu des autorités. «Il a fait surface dans notre collecte de renseignement dans le passé», a déclaré samedi midi le chef des services de renseignement, Anders Thornberg, sans indiquer pour quels faits.  Peu de choses ont filtré à ce stade sur le suspect, entendu sous le régime de suspicion le plus élevé du code de procédure pénale suédois. «Rien n'indique que nous ayons le mauvais homme. Au contraire, nos soupçons se sont renforcés», a toutefois estimé M. Eliasson, le chef de la police. Un avocat très réputé en Suède lui a été assigné. «J'ai défendu de nombreuses personnes ayant commis de très graves crimes, sans qu'il s'agisse de défendre l'acte en tant que tel», a confié Johan Eriksson au quotidien Aftonbladet. Plusieurs médias locaux le décrivent comme sympathisant de l'organisation État islamique. «Sa page Facebook trahit une sympathie pour l'EI», a notamment noté le directeur de recherche au Centre d'études des menaces asymétriques du Collège de la défense nationale suédoise (CATS), Magnus Ranstorp. , son nom était apparu dans une affaire de blanchiment d'argent visant à financer l'EI, mais aucun lien n'aurait pu être démontré entre les milieux extrémistes et lui. Les enquêteurs ont retrouvé sa trace grâce à son nom affilié à une adresse dans le nord de Stockholm en 2015. «Quelqu'un de discret, un peu en marge» D'après ces médias, il est père de famille et travaillait dans le bâtiment. «C'était quelqu'un de discret, un peu en marge, qui ne se faisait pas remarquer. Il faisait le job», a indiqué Pierre Svensson, patron d'une entreprise d'assainissement et de dépollution, pour laquelle le suspect a brièvement travaillé l'automne dernier. «Son comportement n'était pas négatif», a-t-il dit, précisant que l'homme ne parlait que quelques mots de suédois. L'homme est le seul mis en cause à ce stade, même si la police enquête sur d'éventuelles complicités. Son signalement correspond à celui d', vêtu d'une veste kaki à capuche noire, et pour lequel un avis de recherche avait été émis. Ce suspect pourrait être présenté à un tribunal ce samedi, puis placé en détention mardi.  L'homme aurait été aperçu par des témoins en sortant du camion qui a servi à foncer sur la foule. Des explosifs trouvés dans le camion \r\nSelon la télévision publique , qui cite plusieurs sources policières, des explosifs de fabrication artisanale ont été trouvés dans le camion. Ils étaient rangés dans un sac et n'ont pas été déclenchés. Toujours selon ces sources, l'auteur de l'attaque se serait brûlé en les manipulant. «Nous avons trouvé dans le véhicule un engin qui n'y a pas sa place», a expliqué un peu plus tard le porte-parole de la police suédoise. «Nous ne pouvons pas dire ce que c'est à ce stade ... si c'est une bombe ou un engin inflammable», a-t-il ajouté. Vendredi 7 avril au soir, à Stockholm (Suède). Le camion volé, qui a fauché plusieurs personnes dans une rue commerçante, a été remorqué. Son chauffeur aurait été arrêté.  "}