{"title": "Antiterrorisme : l'ex-directeur de la police en conférence", "newspaper": "leparisien", "author": "Le Parisien", "date_publi": "09/11/2016", "theme": "Val-de-Marne", "content": "Après Sucy-en-Brie le mois dernier, Frédéric Péchenard, ancien directeur général de la police nationale, tient une conférence sur le terrorisme ce soir à Vitry, à l'invitation de la section locale des Républicains. Le thème ? « Face à la menace terroriste, la France peut-elle faire mieux ? » Cet ancien chef de la section antiterroriste de la brigade criminelle et ami de Nicolas Sarkozy a entamé en 2013 une carrière politique chez Les Républicains, dont il est directeur général. Il est aussi vice-président du conseil régional chargé de la sécurité. Aujourd'hui à 19 h 30, Salle Robespierre, allée du Petit-Tonneau. "}