{"title": "Attentats du 13 novembre : l'irrésistible retour à la vie sur les terrasses parisiennes", "newspaper": "leparisien", "author": "Cécile Chevallier, Julien Duffé, Anissa Hammadi et Elsa Marnette", "date_publi": "13/11/2016", "theme": "Paris", "content": " Au croisement des rues Bichat et Alibert, le ballet des habitués a repris. On passe commande au Petit Cambodge, et en attendant qu'elle soit prête, on va boire un coup au Carillon, juste en face. Le 13 novembre dernier, quinze personnes présentes dans ces établissements sont tombées sous les balles de terroristes. « Quand le resto a rouvert en mars, je ne suis pas revenue tout de suite, concède Elodie, une étudiante, mais le bo bun spécial crevettes me manquait trop. J'ai retrouvé mes marques. » Elodie admet qu'elle pense « parfois » aux attentats, mais ce n'est plus systématique. « Je passe surtout de bons moments ici . » Un sentiment partagé par la majorité des clients. Un soir de cette semaine, une des serveuses casse malencontreusement plusieurs verres. Malgré le bruit tonitruant, la salle comble reste stoïque. « Ce n'est pas de l'insouciance, estime Didier. Ce n'est pas non plus une façon de dire : on n'a pas peur. C'est juste la vie, manger dans son restaurant préféré avec ses enfants. » Côté direction ou personnel du Petit Cambodge, pas de commentaire. « Seule une prise de parole avait été faite lors de la réouverture en mars, explique Christian Gallois, l'un des propriétaires. Quinze petits carreaux blancs forment une mosaïque d'hommage aux victimes. « Je trouve ça bizarre de voir des gens qui mangent tranquillement ou qui trinquent dans des lieux où il y a eu un tel carnage », lance une jeune passante à ses copines. « Ce qui aurait été bizarre, c'est de tout arrêter, rétorque Thomas, un riverain. Depuis qu'ils ont rouvert, que les clients sont revenus, le quartier revit. On n'oubliera jamais, mais on essaye de tourner la page. » A quelques encablures, Manon, Margaux et Ambre prennent comme tous les jours leur pause à la terrasse de la Bonne Bière, là où cinq personnes ont perdu la vie. « C'était important pour nous d'y retourner dès l'ouverture. Même l'hiver, on s'installe à l'extérieur », souligne Manon, 21 ans. Erwan, lui, revient pour la première fois. « Je ne savais pas si j'allais m'asseoir en terrasse. Mon ami m'a dit : Bien sûr que si ». Une bière plus tard, la pilule est passée.  Paris (XIe), vendredi. Le Petit Cambodge a rouvert, les clients sont revenus, la vie a repris. (LP/ Yann Foreix.)  Décoration, mobilier... Un an après, il ne reste aucun stigmate physique de l'attaque. « Il fallait créer un nouvel élan, insiste Audrey Bily, la gérante. On n'est plus seulement le 32, rue du Faubourg-du-Temple, on fait partie de la vie du quartier et on a tissé des liens avec les voisins. Cet événement sera toujours ancré en nous, mais les gens veulent aller de l'avant. Les éclats de rire de mes clients sont la plus belle victoire. » A la Belle Equipe, seule une discrète peinture sur verre rappelle qu'ici 19 personnes sont tombées sous les balles. « Tout péter pour tout reconstruire, c'était fondamental, confie le patron Grégory Reibenberg, qui a perdu la mère de sa fille et une dizaine d'amis dans l'attaque. Il fallait recommencer en plus beau, en plus chouette... pour eux. » «On s'est fait attaquer par les armes et on a répondu par l'amour» La renaissance a eu lieu au début du printemps. « Les débuts ont été durs car les gens venaient nous raconter qu'ils avaient perdu des amis ici, reconnaît Fabien, 28 ans, derrière le zinc. Et puis, ils sont revenus pour l'ambiance, la musique, les cocktails, les rires... C'est une guerre où on s'est fait attaquer par les armes et on a répondu par l'amour. » Dans le voisinage, on salue cette volonté de résilience. « C'est toujours aussi blindé, voire plus qu'avant, se félicite Charlie, 26 ans. Et dans son sillage, le quartier s'est relevé. » Zoé, 46 ans, reste une fidèle indéfectible. « L'atmosphère n'a pas changé : ici, on t'appelle par ton prénom, on sait si tu prends du sucre dans ton café et les serveurs deviennent des amis. » Seule Vanessa, 44 ans, reconnaît une fêlure. « La fête, j'ai encore du mal à la faire ici », admet-elle. Patron de quatre autres bistrots dans Paris, Grégory Reibenberg, confesse des « sentiments confus ». « Ce sera toujours une affaire un peu à part, reconnaît-il. Que ça gagne ou pas de l'argent je m'en fous : il faut que cela reste un lieu de vie. » Excepté ce dimanche où le rideau sera baissé. « Je fermerai tous les 13 novembre, souffle le patron. C'est mon deuil à moi. » Au Comptoir Voltaire, dernier bar frappé, Brahim Abdeslam n'a tué que lui-même en déclenchant sa ceinture explosive. La façade a été refaite à l'identique et les clients sont revenus malgré le traumatisme. « Tout le bâtiment aurait sauté si son explosif avait complètement fonctionné », frémit encore une riveraine. Antoinette a mis un peu de temps à y retourner : « Je revivais la scène. Maintenant, la routine a repris le dessus. » « Peut-être que, dans la tête des gens, ça ne va toujours pas bien, mais on en parle moins », ajoute un de ses collègues. « Tout a changé, soupire une employée de la boulangerie voisine, en retenant ses larmes. Mais je ne veux plus évoquer cette tragédie. » EN SAVOIR PLUS.     http://charts.dwalp.org/HcgNy/\"  scrolling=\"no\" frameborder=\"0\"  allowtransparency=\"true\"  allowfullscreen=\"allowfullscreen\" webkitallowfullscreen=\"webkitallowfullscreen\" mozallowfullscreen=\"mozallowfullscreen\" oallowfullscreen=\"oallowfullscreen\" msallowfullscreen=\"msallowfullscreen\" width=\"100%\" height=\"750\"> "}