{"title": "Terrorisme : dans les coulisses de l'opération Sentinelle", "newspaper": "leparisien", "author": "Timothée Boutry", "date_publi": "17/04/2017", "theme": "Faits divers", "content": " La menace terroriste constante et  nous les ont rendus familiers. Les militaires de , leurs treillis et leurs armes de guerre, se sont presque fondus dans le paysage sécuritaire français. Dimanche prochain, ils renforceront le vaste dispositif de 50 000 policiers et gendarmes mobilisés pour encadrer et protéger le scrutin du 1er tour de l'élection présidentielle. Immersion avec ces soldats en mission dans la capitale. La nuit a été courte après un départ de Belfort (Territoire de Belfort) à 5 heures. Six heures trente plus tard, 88 soldats du 35e régiment d'infanterie (RI) étirent leurs muscles et posent leurs fusils d'assaut sur le tarmac de la base aérienne désaffectée de Brétigny-sur-Orge (Essonne). «Je vous demande cinq minutes d'attention les gaillards», embraye un homme du service du commissariat des armées (SCA), qui assure le soutien logistique des troupes. «D'abord, vous prenez les gilets pare-balles et ensuite les casques. Vous vérifiez tout, vous êtes responsables du matériel», poursuit l'homme qui fait face aux unités arrivées ce matin-là.  \r\nD’abord les gilets pare-balles, puis les casques… les militaires doivent tout vérifier, ils sont responsables de leur paquetage. (LP/ARNAUD DUMONTIER)\r\n    Huit titres restaurant et quatre places de cinéma«Pendant une semaine de relève comme celle-ci, entre les montants et les descendants, on voit passer de 3 000 à 4 000 personnels, souligne le commissaire principal Gennaro, du SCA. On doit être parfaitement organisés parce qu'on ne peut pas se rater.» A peine débarqués, voici donc les nouveaux effectifs de Sentinelle directement plongés dans le bain. En colonne — les petits d'abord, les grands derrière —, les militaires pénètrent dans un gigantesque hangar et suivent le parcours qui les mène de conteneur en conteneur pour percevoir leur matériel. La dernière étape n'est pas la plus désagréable puisqu'il s'agit de prendre possession du pack welfare» («bien-être» en anglais) avec huit titres restaurant et quatre places de cinéma, histoire de profiter (un peu) de ce séjour parisien. Un food truck avec café, barre de céréales et muffin permet d'agrémenter l'attente. En car, les soldats sont ensuite emmenés vers leur camp de base pour les deux mois à venir. Pour les unités du 35e RI — une majorité d'hommes plutôt jeunes —, ce sera l'îlot Saint-Germain, l'ancien site du ministère de la Défense, à deux pas de l'Assemblée nationale, reconverti en lieu de vie. L'adjudant Garry, arrivé en repérage la veille, fait la visite aux chefs de groupe.  \r\nIlot Saint-Germain (Paris VIIe). Les soldats rejoignent ensuite leur nouveau lieu de vie, à deux pas de l’Assemblée nationale. (LP/ARNAUD DUMONTIER) Ici, quatre pièces transformées en salle de musculation, matériel neuf à la clé. Là, au bout d'un couloir à la moquette élimée, une salle de lessive. A l'étage, les anciens bureaux transformés en dortoirs avec vue imprenable sur le boulevard Saint-Germain. Pour de nombreux soldats rompus à Sentinelle, le lieu est déjà familier : c'est là qu'ils s'étaient installés l'an dernier pour leur précédente mission. Pas pour le 1re classe Pierre-Marie, 20 ans, rentré dans l'armée il y a moins d'un an. «C'est ma première manœuvre. Ça me permet de sortir du régiment, je suis pressé de commencer», confie-t-il dans la cour du bâtiment, prêt à décharger les cantines de matériel.  \r\nIlot Saint-Germain (Paris VIIe), le 5 avril. Les anciens bureaux de ce site du ministère de la Défense ont été reconvertis en dortoirs. Les militaires resteront deux mois dans ce nouveau lieu de vie. (LP/ARNAUD DUMONTIER)  En contact radio permanent avec la policeJeudi matin, après une nouvelle nuit écourtée et un croissant, place à la mission, la vraie. Celle pour laquelle, rappelle le sergent Pierre qui en est à sa 5e, les soldats ont au préalable rafraîchi leur formation sur le secours au combat, les techniques de légitime défense, le tir et le droit. Dès 6 h 30, les soldats du 35e RI investissent les rues du IXe arrondissement de Paris, l'un des trois secteurs qui leur ont été attribués avec le IIIe et le IVe. A 9 h 30, le quatuor du sergent Pierre s'extrait du local de repos mis à disposition par la mairie. Rue Drouot, boulevard Haussmann, rue Laffitte... les soldats, l'œil vif et le fusil-mitrailleur à la main, déambulent dans les rues de cet arrondissement fréquenté. Un contact radio est établi en permanence avec la police.  \r\nParis (IXe), le 6 avril. Le sergent Pierre en est à sa cinquième mission. En patrouille, le circuit est libre et aléatoire mais compte certains points fixes, notamment très fréquentés. (LP/ARNAUD DUMONTIER)   «On passe par plusieurs points fixes comme les écoles ou les lieux de la communauté israélite, mais on est libres de notre circuit, indique-t-il. Le parcours est aléatoire et change tous les jours pour qu'on ne soit pas prévisibles.» Un itinéraire dynamique qui permet de lutter contre la routine et l'ennui. «C'est important car les soldats ont besoin de conserver l'esprit chasseur, de toujours être sur le qui-vive», appuie le capitaine Henri, le commandant de l'unité. . Protéger, rassurer, mais aussi dissuaderDe l'avis de tous les militaires, la tension est moindre pour Sentinelle que lors d'une opération extérieure, en Centrafrique ou en Afghanistan par exemple. Les agressions du Louvre et d'Orly n'ont, semble-t-il, pas modifié cette perception. «On est là pour protéger et rassurer la population mais aussi pour dissuader les ennemis. S'il se passe quelque chose, on est entraînés pour réagir en conséquence», rappelle sobrement le 1re classe Maxime tandis que la patrouille stationne devant la synagogue de la rue Saulnier.  \r\nParis (IXe), le 6 avril. C’est l’heure de la première patrouille. Le caporal-chef Christian se tient dans un passage couvert du touristique IXe arrondissement de la capitale. (LP/ARNAUD DUMONTIER)  A 10 heures,  crépite sur les téléphones et rappelle que le danger est — surtout — ailleurs. «Ça fait vraiment mal», souffle le caporal-chef Christian. Sans jamais quitter des yeux les rues du IXe arrondissement. VIDEO. Sentinelle face à la menace terroriste Un réservoir de 10 000 hommes\r\n L'opération Sentinelle est une mission strictement militaire. Elle correspond à l'engagement des forces armées dans la lutte antiterroriste. Son objectif est triple : protéger, dissuader et rassurer. Sentinelle dispose d'un réservoir de 10 000 hommes, dont 7 000 sont actuellement déployés. La moitié (3 500) à Paris et en région parisienne, l'autre moitié (3 500) en province. Les soldats de Sentinelle ont déjà été la cible de quatre attaques. Le 3 février 2015, trois militaires en faction devant un centre communautaire juif de Nice (Alpes-Maritimes) sont agressés au couteau. L'assaillant est interpellé. Le 1er janvier 2016, un automobiliste fonce sur quatre soldats qui surveillent la mosquée de Valence (Drôme). Ils ne sont que légèrement atteints. L'agresseur, lui, est blessé au bras et à la jambe par des tirs de sommation. Le 3 février 2017,  au Carrousel du Louvre à Paris. Cet Egyptien de 29 ans est grièvement blessé dans la riposte. Le 18 mars 2017, , 39 ans, prend en otage une aviatrice de Sentinelle à l'aéroport d'Orly au terme d'une dérive criminelle. Il est abattu. "}