{"title": "Attaque du Thalys en 2015 : un complice de l'assaillant mis en examen et écroué ", "newspaper": "leparisien", "author": "V.F. avec AFP.", "date_publi": "16/05/2017", "theme": "Faits divers", "content": " Un Algérien  a été mis en examen et écroué dans l'enquête menée en France.  en juillet 2016, Bilal Chatra, 21 ans, a été remis le 21 avril à la France où il a été mis en examen pour complicité de tentatives d'assassinats terroristes et association de malfaiteurs terroriste criminelle, selon une source judiciaire. D'après une source proche du dossier, il aurait été chargé par  et acteur-clé , de partir en reconnaissance sur la route des migrants entre la Syrie et l'Europe.\r\n En juin 2015, Bilal Chatra aurait été contacté par Abdelhamid Abaaoud pour une mission de reconnaissance sur la route des Balkans, de la Turquie à l'Europe de l'Ouest. (Photo : DR.) Une mission de repérage Bilal Chatra était parti d'Algérie pour la Syrie fin 2014. D'après une source proche du dossier, Abaaoud aurait chargé Bilal Chatra de «repérer les points de contrôle (et de passage) des différents pays à travers la route des migrants» depuis la zone irako-syrienne jusqu'à Cologne (Allemagne). Au cours de sa mission qui l'a conduit en Grèce, en Serbie et en Autriche, «il rendait ainsi compte de ces repérages à Abdelhamid Abaaoud mais également sur prescription de celui-ci à Ayoub El Khazzani», ce que conteste ce dernier. Ces échanges, via Facebook, ont notamment été confirmés par l'étude de leurs conversations et de la géolocalisation. Sur ordre d'Abaaoud, El Khazzani, muni d'une kalachnikov, avait ouvert le feu le 21 avril dans un train Amsterdam-Paris, peu après son entrée en France, blessant grièvement un passager. L'intervention de militaires américains en vacances, qui l'avaient maîtrisé, avait permis d'éviter un potentiel carnage, sept mois après les attentats en France à Charlie Hebdo, Montrouge et à l'Hyper Cacher.\r\nEntendu par le juge le 14 décembre, El Khazzani a reconnu pour la première fois son implication dans ce projet djihadiste, rompant avec dix-huit mois de silence. Il a réfuté avoir voulu commettre un massacre de masse ce jour-là.    "}