{"title": "Syrie : au moins 34 morts dans un attentat suicide visant un mariage", "newspaper": "leparisien", "author": "Le Parisien", "date_publi": "04/10/2016", "theme": "International", "content": "Un mariage dans le nord-est de la Syrie s'est transformé ce lundi soir en « noces de sang  » avec au moins 34 civils tués lorsqu', d'après une source médicale et une ONG. Le groupe djihadiste Etat islamique, a revendiqué l'attaque. Une centaine de personnes ont été blessées.\r\nHassaké, ou s'est déroulé le drame, est contrôlée par les forces kurdes, bête noire de Daech qui combat le groupe depuis deux ans et . \r\n Beaucoup de blessés dans un état grave\r\nDans un communiqué tard en soirée, l'organisation terroriste a affirmé qu'un de ses membres a tiré sur un « grand rassemblement » de combattants kurdes à la périphérie de la ville de Hassaké, avant de faire détonner sa veste explosive. Cette revendication, qui ne fait pas référence à un mariage, évoque un bilan de « plus de 40 morts ». \r\n« Un kamikaze s'est fait exploser à l'intérieur d'une salle dans le village de Tall Tawil, au nord de Hassaké, où se déroulait le mariage d'un combattant des Forces démocratiques syriennes (FDS) », a indiqué le directeur de l'Observatoire syrien des droits de l'Homme (OSDH), faisant référence à la coalition arabo-kurde qui combat l'EI avec l'appui des Etats-Unis. VIDEO. Syrie : Nombreuses victimes dans un attentat suicide visant un mariage Hauts parleurs carbonisés et flaques de sang\r\nL'OSDH et l'administration semi-autonome kurde ont rapporté que le marié figurait parmi les morts. Mais un de ses cousins a indiqué que « les mariés étaient sains et saufs ». « Au moment où les mariés s'échangeaient les alliances, j'ai vu un homme vêtu d'une épaisse veste noire passer à côté de moi », a raconté Ahmad, blessé à la tête. Les médias n'ont pas été autorisés à filmer les lieux. Le correspondant de l'AFP a pu voir depuis l'entrée l'enseigne de la salle effondrée, des flaques de sang, et les hauts parleurs carbonisés ou détruits. Dans l'un des hôpitaux d'Hassaké, il a vu de nombreux blessés, la tête ensanglantée avec des pansements autour du visage.\r\nDéclenchée en 2011, la révolte en Syrie contre le régime de Bachar al-Assad s'est transformée en guerre dévastatrice dans laquelle sont maintenant impliqués une multitude d'acteurs locaux, régionaux et internationaux dont des groupes djihadistes redoutés comme l'organisation Etat islamique. En cinq ans, le conflit a fait plus de 300 000 morts et des millions de déplacés.   "}