{"title": "Attaque sur les Champs-Elysées : perquisition et arrestations en Essonne ", "newspaper": "leparisien", "author": "Nicolas Goinard (avec Geoffroy Tomasovitch)", "date_publi": "19/06/2017", "theme": "Faits divers", "content": " Lundi dès 17 heures un périmètre de sécurité a été mis en place autour d'un pavillon au Plessis-Pâté (Essonne) où aurait séjourné Adam D., 31 ans, l'automobiliste qui a percuté un véhicule de gendarmerie au volant d'une Mégane à l'intérieur de laquelle on a retrouvé deux bonbonnes de gaz et au moins un fusil d'assaut, . Les enquêteurs ont emmené un grand nombre de scellés et ont notamment saisi un ordinateur de bureau. Les gendarmes bloquent le tronçon de rue passant devant le pavillon jusqu'à 8 heures ce mardi matin.  \r\nSelon nos informations, dans la nuit de lundi à mardi, à 2 h 50, le père et l'épouse d'Adam D. ont été placés en garde à vue. L'oncle du terroriste présumé qui s'est présenté spontanément au domicile familial est convoqué ce mardi dans les locaux de la police judiciaire pour être entendu.  LIRE AUSSI\r\n>Ce pavillon de banlieue, au Plessis-Pâté (Essonne), avec un étage et un garage en sous-sol serait fréquenté par des membres de la famille - notamment le père - de l'auteur de la tentative d'attentat, fiché S. et mort malgré l'intervention des gendarmes qui l'ont extrait de sa Megane en feu. L'auteur était fiché pour appartenance à la «mouvance islamiste radicale». Une équipe de la BRI a investi cette habitation.  A LIRE AUSSI\r\n>  "}