{"title": "Attentats : la soeur de Fabien Clain arrêtée mardi soir à Roissy-CDG", "newspaper": "leparisien", "author": "Eric Pelletier (avec Timothée Boutry", "date_publi": "21/09/2016", "theme": "Faits divers", "content": "Chez les Clain, on pratique le djihad en famille. Selon nos informations, l’une des soeurs de Fabien et Jean-Michel Clain - deux vétérans du djihad qui ont renvendiqué les attentats du 13 novembre au nom de Daech - a été interpellée mardi soir à l’aéroport de Roissy-Charles De Gaulle. Elle a été arrêtée en compagnie de son mari et de leurs quatre enfants. La famille avait été arrêtée en Turquie le 1er juillet. Elle avait quitté la France à l'été 2015 pour, très vraisemblablement séjourner en Syrie.  La mère de famille et le fils aîné, âgé de 16 ans, ont été placés en garde à vue dès leur arrivée en France mardi soir. Le mari, qui faisait l'objet d'un mandat d'arrêt, devrait être présenté directement à un juge dans la journée de mercredi. Les trois plus jeunes enfants ont fait l'objet d'une ordonnance de placement provisoire, la justice les confiant aux services sociaux.  Une famille connue des services anti-terroristes La famille Clain, originaire de l’île de La Réunion, est une vieille connaissance des services anti-terroristes. Elevés à Alençon (Orne) puis à Toulouse, les quatre membres de la fratrie - deux garçons et deux filles - se convertissent à l’islam. Les deux frères, Fabien et Jean-Michel, épousent des converties entièrement voilées. Dans le quartier du Mirail, à Toulouse, la présence du «clan des Belphégor» ne passe pas inaperçue. Leur prosélytisme non plus. Fabien, 38 ans, l’aîné des garçons, est repéré par les services spécialisés au début des années 2000. Il est considéré comme le cerveau d’une filière d’acheminement de combattants en Irak. Cette filière, dite d’Artigat, au sein de laquelle gravitera Mohamed Merah, le tueur au scooter de Toulouse et Montauban, est démantelée à la fin des années 2000. En 2009, Fabien Clain écope d’une peine de cinq ans de prison. Il ressort en 2012. S’installe d’abord à Alençon puis à Toulouse, avant de gagner la Syrie en mars 2015 avec son frère Jean-Michel, où tous deux deviennent des piliers de l’organisation Etat islamique. . Ce départ en Syrie ne concernait donc pas les seuls garçons de la famille. En témoigne l’interpellation de leur soeur, mardi soir, à Roissy. En famille elle aussi.   "}