{"title": "Australie : un «complot terroriste» déjoué à Melbourne avant les fêtes de Noël ", "newspaper": "leparisien", "author": "Le Parisien", "date_publi": "23/12/2016", "theme": "Faits divers", "content": " La police australienne a annoncé avoir déjoué un «complot terroriste inspiré par (le groupe) État islamique» qui projetait plusieurs attentats le jour de Noël dans le centre de Melbourne. Sept personnes ont été arrêtées lors d'une série de rafles. Une gare, une place et la cathédrale visées Le chef de la police de l'État de Victoria, Graham Ashton, a précisé que les personnes interpellées projetaient de s'attaquer à des lieux emblématiques de la capitale, comme la gare Flinders St, la Place de la Fédération et la cathédrale Saint-Paul. «Ces deux dernières semaines, (...) nous avons du mener une enquête criminelle relative à la formation de ce que nous pensons avoir été un complot terroriste», a-t-il indiqué devant la presse. «Nous pensons qu'il y avait l'intention de mener une attaque aux modes multiples, probablement le jour de Noël. L'attaque devait comprendre une explosion, l'utilisation d'explosifs et nous en avons des preuves pour le soutenir», a-t-il poursuivi. Des suspects probablement auto-radicalisés Sur les sept personnes interpellées, cinq restent incarcérées. Les deux autres ont été libérées. Sur les cinq suspects sous les barreaux, quatre sont nés en Australie, originaires du Liban, et le cinquième est un citoyen australien né égyptien. Tous sont âgés d'une vingtaine d'années. «Nous considérons qu'ils se sont certainement auto-radicalisés, mais inspirés par (le groupe) État islamique et la propagande de l'EI», a conclu Graham Ashton. Ce n’est pas la première fois l’Australie est confrontée aux menaces de Daech. Rien qu'en 2016, l'île a été confrontée à plusieurs reprises à des actes ou des suspicions d'attentats. En mai, , suspecté d'avoir planifié un acte terroriste à Sydney. En septembre, c'est , toujours à Sidney. Enfin, un mois plus tard, en octobre, deux adolescents de 16 ans étaient inculpés pour avoir planifié un attentat au nom de l’EI qu’ils comptaient mener au moyen de couteaux de type baïonnettes.  "}