{"title": "A bord du Charles-de-Gaulle, Hollande vante les résultats de l'armée contre Daech", "newspaper": "leparisien", "author": "Le Parisien", "date_publi": "09/12/2016", "theme": "International", "content": " François Hollande est arrivé ce vendredi à bord du porte-avions Charles-de-Gaulle, sur le point de mettre fin à  où il constitue l'une des pièces maîtresses de Le bateau, qui a été déployé trois fois sur le front irako-syrien depuis début 2015, s’apprête pourtant à regagner, «dans quelques jours»   Lors de cette visite de deux heures à bord du navire amiral de la flotte française, , le chef de l'Etat et des armées a vanté devant l'équipage, les résultats «impressionnants» de la campagne militaire contre les djihadistes de Daech. «Aujourd'hui Daech, l'État islamique, en Syrie, en Irak, recule», a déclaré le président. «Depuis le début de l'opération, nos avions ont conduit au-dessus de l'Irak et de la Syrie plus de 5.000 sorties et neutralisé 1.600 objectifs», a-t-il précisé. «Les résultats sont impressionnants, des villes ont été reconquises en Irak. En Syrie, les forces démocratiques se rapprochent de Raqqa». Il assistait aussi à un briefing sur les opérations en Irak et en Syrie et devait s'entretenir avec les pilotes.  Vidéo. Le «Charles-de-Gaulle» prêt à intervenir contre Daech  Le «Charles de Gaulle», arme de communication militaire  Une semaine , le chef de l'Etat, désormais replié sur ses fonctions régaliennes, endosse ainsi son costume de chef de guerre et des armées. A cinq mois de l'issue de son mandat, François Hollande s'est donné pour mission première la «protection» des «plus fragiles» et notamment des «populations civiles menacées par les guerres ou le terrorisme».  >> Lire aussi :   Cette quatrième visite présidentielle intervient alors La Russie, alliée du régime de Damas, a martelé ce vendredi que l'offensive syrienne sur cette ville ne cesserait qu'après le départ de tous les rebelles, qui sont assiégés dans leur dernier carré avec des dizaines de milliers de civils sous un déluge de feu. «La France, au Conseil de sécurité des Nations unies, agit pour faire cesser le massacre», a souligné François Hollande, notant que «cette ville est écrasée sous les obus et les bombes. La population est prise en otage». Vidéo. Sur le «Charles-de-Gaulle», les soldats plus que jamais motivés pour frapper Daech  le porte-avions Charles-de-Gaulle est aussi un outil de communication apprécié du chef de l'État, permettant de mettre en scène la solidarité européenne avec le déploiement de navires allemands, britanniques ou belges pour l'escorter suite aux attentats du 13 novembre. Ou encore le lien diplomatico-militaire entre la France et les États-Unis. Pas plus tard que jeudi, le commandant de la coalition internationale menée par les États-Unis, était à bord du porte-avions pour remercier et souhaiter (en français) «bon voyage !» aux militaires : \"Vive le grand Charles !\"\r\nLe commandant de la coalition contre Daech sur le porte-avions Charles de Gaulle. \r\n— État-Major Armées (@EtatMajorFR)  \r\n   "}