{"title": "Attentats du 13 Novembre : une cicatrice dans l'histoire", "newspaper": "leparisien", "author": "Vincent Mongaillard et Éric pelletier", "date_publi": "13/11/2016", "theme": "Faits divers", "content": " Comme une balafre. Le 13 novembre 2015 a entaillé le visage de la France. Un simple regard suffit à réaliser la profondeur de ce bouleversement. Des bérets verts patrouillant dans le béton des villes, des vigiles fouillant les sacs à l'entrée des centres commerciaux, des drapeaux tricolores aux fenêtres de pavillons : la lutte et la résistance contre le terrorisme s'inscrivent désormais dans le paysage et transforment nos habitudes. A l'heure de Sentinelle, les parents n'ont plus le droit d'accompagner leur petit de maternelle jusque dans la classe quand leur grand, lui, a vu fondre le nombre de ses sorties scolaires. Les questions de sécurité comptent autant que les incertitudes sur l'avenir économique. En 2010, dans un sondage Ifop pour la Croix-Rouge, 38 % des Français se disaient inquiets à l'idée d'être confrontés, dans leur vie de tous les jours, à un danger. Six ans plus tard, cette proportion atteint 55 %, signe que le risque d'attentat fait partie des préoccupations du quotidien. Blessure invisible « La pluie de demain lavera les taches mais il restera toujours quelque chose dans nos âmes », prévenait Sting dans « Fragile », chanson écrite au lendemain du 11 septembre 2001. Hier soir, au Bataclan, il a rendu hommage aux victimes (lire page 10). Oui, il restera toujours quelque chose dans nos âmes... L'essentiel des conséquences des attentats se niche dans les consciences. Les suites du 13 Novembre se jugeront aussi à l'aune des résultats de la présidentielle, tant les programmes des candidats définiront des choix de société. En attendant, ces attaques, mais aussi celles qui ont précédé — « Charlie Hebdo », Montrouge, l'Hyper Cacher, notamment — et celles qui ont suivi — Magnanville, Nice, Saint-Etienne-du-Rouvray —, forcent à se regarder en face. Les djihadistes, qui ont grandi sur le sol européen mais ont été formés à l'étranger, ont frappé par haine des valeurs de liberté, d'égalité et de fraternité. La France est visée parce qu'elle est la France. Mais qu'est-ce qu'être français aujourd'hui ? L'idée même de nation, addition de convictions intimes qui se rejoignent en un destin commun, suppose l'adhésion à des valeurs partagées. Dans le débat sur l'identité s'invite désormais la religion, au point de cristalliser les passions.  Une bougie à la fenêtre Alors, sommes-nous plus forts ou plus fragiles aujourd'hui qu'il y a un an ? Certains cèdent à la peur, au repli sur soi, à l'islamophobie, mais d'autres affrontent la menace en face. La médecine d'urgence a progressé, les initiations aux premiers secours ne désemplissent pas. Après le choc et le deuil, la nation s'est remise debout, à l'image de cette « Marseillaise » presque criée vendredi, le cœur sur la main, au Stade de France, là où il y a un an tout a commencé par une déflagration en plein match de foot. Le chant guerrier est devenu communion. Entre deux vagues de crispations, la générosité à l'égard des victimes ne s'est jamais démentie. Bon nombre de jeunes s'engagent dans une association avec l'espoir de changer la société ou effectuent un service civique pour la protéger. Certes, les touristes hésitent à visiter Paris mais on n'a jamais cessé de trinquer en terrasses. Les djihadistes aiment la mort ? Les Français, invités à allumer aujourd'hui une bougie à leur fenêtre, continuent à chérir la vie. Ils sont différents, et pourtant ils n'ont jamais cessé d'être eux-mêmes. QUESTION DU JOUR.  EN SAVOIR PLUS.      "}