{"title": "L'immeuble de l'assaut reste vide", "newspaper": "leparisien", "author": "Le Parisien", "date_publi": "31/12/2016", "theme": "Seine-Saint-Denis", "content": "Les fils de protection installés sur la façade rappellent aux passants l'assaut du RAID qui a eu lieu le 18 novembre 2015. Treize mois plus tard, l'immeuble où le terroriste Abdelhamid Abaaoud et ses complices avaient trouvé refuge reste vide. Le bâtiment a été rendu inaccessible à la suite d'un arrêté de péril imminent pris par la mairie de Saint-Denis le 1er décembre 2015. Depuis, les propriétaires de l'immeuble ont entamé des démarches pour être indemnisés. Sauf que le sinistre n'est pas couvert par les assurances car il a été causé par les forces de l'ordre. Le ministère de la Justice a cependant reconnu la « responsabilité sans faute de l'Etat » et s'est engagé à prendre en charge la réparation du préjudice. Reste à savoir quand. "}