{"title": "Toulouse : l'islamiste radical Farouk Ben Abbes perçoit le RSA", "newspaper": "leparisien", "author": "Thibault Raisse", "date_publi": "07/10/2016", "theme": "Faits divers", "content": " Légalement bordé, certes, mais moralement discutable. Selon nos informations, l'islamiste radical Farouk Ben Abbes perçoit le RSA (revenu de solidarité active) depuis le 1 er juillet dernier. Déjà bénéficiaire du RSA avant , il bénéficie à nouveau du dispositif depuis cet été, après une interruption entre mars et mai due à son incarcération... pour manquement à ses obligations d'assigné à résidence. Ce Belge de 31 ans, qui vit dans le quartier de la Reynerie à Toulouse (Haute-Garonne), a bouclé fin juillet son dossier de demande de RSA auprès de la Caisse d'allocations familiales de Haute-Garonne. Constatant la régularité de sa demande, le conseil départemental lui a signifié mi-septembre l'octroi du RSA, avec effet rétroactif au 1 er juillet. Proche de Fabien Clain « Il remplissait toutes les conditions, notamment celle d'être ressortissant de l'Union européenne. Sa dangerosité supposée ne fait pas partie des critères prévus par les textes », constate une source proche du dossier. Figure de l'islamisme radical, le nom de Farouk Ben Abbes est cité une première fois  qui a coûté la vie à une lycéenne française, Cécile Vannier. Son nom apparaît un an plus tard dans . Le Bataclan, déjà. Mais en 2012, il bénéficie d'un non-lieu. Il est par ailleurs proche de Fabien Clain, converti français qui a revendiqué la tuerie du 13 Novembre au nom de Daech dans une vidéo. Il est assigné à résidence dans la foulée des attentats de Paris et de Saint-Denis. En mars dernier, , en percevant 21 650 € de l'Etat à la suite de deux mois d'incarcération jugée abusive par la cour d'appel de Paris, décision confirmée par la Cour de cassation. Une somme qui comportait un trop-perçu de près de 15 000 €. La chancellerie en a engagé le recouvrement auprès du Trésor public local.  "}