{"title": "Burkina Faso : un otage roumain des djihadistes d'Aqmi demande sa libération", "newspaper": "leparisien", "author": "Le Parisien", "date_publi": "01/11/2016", "theme": "International", "content": "Un Roumain retenu en otage depuis plus d'un an par le groupe djihadiste Al-Mourabitoune est apparu dans une vidéo publiée lundi. Sur ces images, l'otage demande à son gouvernement de tout mettre en oeuvre pour sa libération. Al-Mourabitoune est commandé par l'islamiste algérien , rallié depuis décembre 2015 Al-Qaïda au Maghreb islamique.(Aqmi). Iulian Ghergut était officier de sécurité dans une mine de manganèse de Tambao, dans le nord du Burkina Faso, près de la frontière avec le Niger et le Mali, quand il a été enlevé le 4 avril 2015 par cinq hommes armés. Son rapt avait été revendiqué par Al-Mourabitoune. Dans la vidéo, il porte une barbe très fournie, parle un français marqué d'un fort accent et affirme que la séquence est enregistrée le 21 septembre. Il dit être en bonne santé. L'otage assure penser à sa famille et lui demande, ainsi qu'au gouvernement roumain de tout faire pour qu'il soit libéré. La vidéo a été distribuée par SITE, centre américain de surveillance des sites djihadistes. et du Mouvement pour l'unicité et le djihad en Afrique de l'Ouest (Mujao), une des formations djihadistes du nord du Mali visées par l'opération française Serval, lancée en janvier 2013. Longtemps préservé, le Burkina Faso, pays sahélien pauvre d'Afrique, est entré depuis 2015 dans un cycle d'enlèvements et d'attaques terroristes surtout dans sa région septentrionale. Après le rapt de Iulian Ghergut, un couple de médecins australiens, dont l'épouse a depuis été libérée, avait été enlevé en janvier 2016 à Djibo, dans le nord du Burkina Faso. "}