{"title": "Etats-Unis : le fils préféré de Ben Laden sur liste noire", "newspaper": "leparisien", "author": "Le Parisien", "date_publi": "05/01/2017", "theme": "Ben Laden tué après 10 ans de traque", "content": " Le fils préféré d'Oussama Ben Laden, Hamza, figure désormais sur la liste noire américaine des «terroristes internationaux», le jeune homme étant considéré comme l'héritier du par ses appels à l'unité djihadiste et aux attentats contre l'Occident. Ce type d'inscriptions administratives accusatoires, que les Etats-Unis prennent régulièrement contre des organisations et individus jugés «terroristes», déclenche des sanctions financières et juridiques contre les intéressés. Dans le cas de Hamza Ben Laden, visé jeudi par des mesures du département d'Etat, il s'agit d'un homme d'environ 25 ans qui brûlait de devenir djihadiste aux côtés de son père, ex-ennemi N°1 de l'Amérique eten 2011, . Un message audio de «revanche» La désignation de Hamza Ben Laden comme «terroriste international» se fonde sur deux éléments factuels: le fait qu'Al-Qaïda avait proclamé en août 2015 l'appartenance du jeune homme au groupe djihadiste et le fait que Hamza Ben Laden avait lui-même menacé les Etats-Unis et leurs ressortissants dans un message audio de «revanche» diffusé en juillet dernier. En 2015 déjà, le fils d'Oussama Ben Laden, dont on ne sait pas aujourd'hui où il se trouve, avait appelé à attaquer des «intérêts américains, français et israéliens à Washington, Paris et Tel-Aviv» et, l'an passé, il avait exhorté «des tribus d'Arabie saoudite à s'unir avec la branche d'Al-Qaïda au Yémen pour mener la guerre contre le royaume saoudien». En août dernier, Hamza Ben Laden encourageait encore les Saoudiens à «renverser» le régime de Ryad et à «libérer» la monarchie sunnite de l'influence des Etats-Unis. Toujours dans un message audio, en mai, le fils d'Oussama Ben Laden avait appelé les ». «Prince héritier de la terreur» Hamza Ben Laden, qu'un parlementaire britannique avait surnommé un jour le «prince héritier de la terreur», avait écrit à son père en 2009, reclus à l'époque dans sa résidence repaire d'Abbottabad (Pakistan) avant qu'il ne soit tué en mai 2011 par des militaires américains. Dans ces lettres déclassifiées par la CIA et consultées par la presse en 2015, le fils Ben Laden assurait son père de sa détermination à mener le djihad. Le courrier révélait un jeune homme se décrivant comme «forgé dans l'acier prêt à rejoindre Oussama Ben Laden dans un voyage «vers la victoire ou le martyr». «Ce qui me rend vraiment triste, c'est que les légions de moudjahidine marchent et que je ne les ai pas rejointes», avait-il déploré en juillet 2009, alors qu'il était assigné à résidence en Iran. D'après le Trésor américain, Hamza Ben Laden est né entre le 1er janvier et le 31 décembre 1989, à Jeddah, en Arabie saoudite. La presse lui donne plutôt 25 ans. Le renseignement américain le considère comme le fils préféré d'Oussama Ben Laden, lequel voulait en faire son héritier à la tête d'Al-Qaïda. En sanctionnant Hamza Ben Laden, le département d'Etat a également annoncé des mesures punitives contre un autre «terroriste international», l'Egyptien Ibrahim al-Banna, dirigeant d'Al-Qaïda dans la péninsule arabique (Aqpa). Des sanctions financières et juridiquesLa procédure administrative en la matière impose des «sanctions» financières et juridiques sur des ressortissants étrangers «dont on a déterminé qu'ils ont perpétré des actes de terrorisme ou qu'ils représentent un risque grave d'en commettre», a expliqué la diplomatie américaine dans son communiqué. En conséquence, tous les éventuels avoirs, biens et comptes détenus par Hamza Ben Laden et Ibrahim al-Banna aux Etats-Unis sont gelés et aucun Américain n'a le droit de commercer avec eux.   "}