{"title": "Menace terroriste : l'état d'urgence prolongé jusqu'au 15 juillet", "newspaper": "leparisien", "author": "Le Parisien", "date_publi": "15/12/2016", "theme": "Politique", "content": " Les sénateurs ont imité les députés. , le Sénat a voté la prolongation de l'état d'urgence jusqu'au 15 juillet. Il s'agit de la cinquième prolongation . La France connaîtra donc sa plus longue période d'état d'urgence ininterrompue (20 mois) depuis la création de ce régime d'exception pendant la guerre d'Algérie.\r\n306 sénateurs ont voté en faveur de la prolongation, 28 s'y sont opposés. Parmi ces derniers, figurent notamment l'ensemble du groupe Communiste, républicain et citoyen (CRC), 5 écologistes et un centriste.\r\n Le ministre de l'Intérieur Bruno Le Roux a rappelé la nécessité de voter dès à présent cette prolongation afin d'éviter une interruption automatique de l'état d'urgence le 22 décembre,  «Nous avons considéré qu'il y avait urgence et que la sécurité des Français ne pouvait souffrir que l'on temporise», a-t-il déclaré.\r\n Un risque accru en «intense période électorale»\r\nL'ancien chef de file des députés socialistes a ajouté que «la menace n'a pas baissé d'intensité, et nous commettrions une grave erreur si nous devions baisser la garde». Il a aussi souligné que «l'intense période électorale dans laquelle nous entrons accroît encore le risque de passage à l'acte des terroristes».\r\n «La menace terroriste a atteint un niveau sans précédent depuis la guerre d'Algérie», a jugé le président de la commission des lois Philippe Bas (LR), pour qui «il faut sortir du terrorisme» avant de songer à «sortir de l'état d'urgence». Durci par le Parlement depuis un an, le régime permet des assignations à résidence, perquisitions administratives, interdictions de cortèges, contrôles d'identité, et fouilles de bagages et de véhicules ou bien encore les fermetures de lieux de réunion. "}