{"title": "Attentat déjoué : les deux suspects arrêtés à Marseille mis en examen", "newspaper": "leparisien", "author": "E.P. et M.L. avec AFP", "date_publi": "23/04/2017", "theme": "Faits divers", "content": " Les deux suspects arrêtés à Marseille et soupçonnés de  ont été mis en examen et écroués ce dimanche.\r\nArrêtés mardi à Marseille,  ont été mis en examen notamment pour association de malfaiteurs terroriste en vue de la préparation d'un ou plusieurs crimes d'atteintes aux personnes, acquisition, détention, transport d'armes et d'explosifs. Des armes et trois kilos d'explosifs de type TATP, dont une partie prête à l'emploi, avaient été découverts lors de leur interpellation.\r\n > LIRE AUSSI.  Le chef de détention de substance ou de produit incendiaire ou d'explosif ou d'éléments composant un engin incendiaire ou explosif pour préparer une destruction dégradation ou une atteinte aux personnes en relation avec une entreprise terroriste, a aussi été retenu. Ainsi que celui de fabrication non autorisée d'engin explosif ou incendiaire ou d'élément ou substance destinée à entrer dans la composition de produit explosif en relation avec une entreprise terroriste. Le Parquet avait requis leur mis en examen et leur placement en détention provisoire. Pendant leur garde à vue, de plus de 96 heures, Clément Baur et Mahiedine Merabet étaient restés silencieux.\r\n  "}