{"title": "Cinq ans après les attentats de Merah, «la République n'oublie pas»", "newspaper": "leparisien", "author": "Le Parisien", "date_publi": "19/03/2017", "theme": "Société", "content": " «La République n'oublie pas»: cinq ans après les attentats de Mohamed Merah,  ont été rendus dimanche à Toulouse aux victimes, les sept vies fauchées, dont trois enfants juifs, et les blessés, du «tueur au scooter». «Aujourd'hui, cinq ans après, la douleur et l'effroi demeurent en nous. Ils n'ont pas disparu, ils ne se sont pas apaisés avec le temps. Cinq ans après la tragédie, il nous est impossible d'oublier», a déclaré le ministre de l'Intérieur lors de la cérémonie d'hommages à l'école juive Ozar Hatorah, rebaptisée Ohr Torah.  A l'ecole  de  pour rendre un hommage solennel aux victimes de la barbarie terroriste. Nous ne les oublions pas. \r\n— Bruno Le Roux (@BrunoLeRoux)    «Comme vous, la République n'oublie pas. Elle se souvient de ses enfants emportés dans la nuit du terrorisme à Toulouse et Montauban», a ajouté Bruno Le Roux, sans jamais prononcer dans son discours le nom du djihadiste. «Jamais, jamais il n'y aura de refuge sur le sol national pour les terroristes qui s'en prennent à nos enfants, à nos proches, à nos amis, à nos policiers et à nos soldats. Jusqu'au dernier, nous les traquerons. Jusqu'au dernier, nous les jugerons», a insisté Bruno Le Roux. «De même, quiconque se rend coupable d'actes antisémites ou racistes sera inlassablement recherché, arrêté et traduit en justice», a-t-il dit. Les hommages à l'école, marqués par des prières et des chants, ont rassemblé plus d'un millier de personnes. L'arbre de vie, une sculpture offerte par l'artiste Charles Stratos, a été dévoilée.  L'arbre de vie, une sculpture offerte par l'artiste Charles Stratos, a été dévoilée. (AFP)  , à chaque fois que l'on s'en prend aux juifs, on finit toujours par s'en prendre à l'humanité toute entière. Quand un juif est pris pour cible, chacun d'entre nous doit craindre pour sa vie. l'antisémitisme n'est pas un problème juif, il est notre problème à tous», a-t-il souligné. Un moment de recueillement avec énoncé de toutes les victimes et dépôt de gerbes a ensuite eu lieu près du Capitole. Le 11 mars, à Toulouse, Merah a tué le maréchal des logis chef Imad Ibn Ziaten, 30 ans. Le 15 mars, à Montauban, le jihadiste a assassiné le caporal Abel Chennouf, 25 ans, et le 1ère classe Mohamed Legouad, 23 ans. Grièvement blessé, le 1re classe Loïc Liber, 27 ans, est depuis tétraplégique. Enfin, le 19 mars, le jeune homme au scooter a attaqué l'école confessionnelle toulousaine, où était scolarisé la fille d'un de ses avocats. Le premier épisode d'une vague de «barbarie terroriste» Le visage caché par son casque de motard, il a exécuté le «rav» (professeur de religion) Jonathan Sandler, 30 ans, ses deux fils Arieh, 5 ans, et Gabriel, 4 ans, ainsi que Myriam Monsonégo, 7 ans, la fille du directeur. Aaron Bryan Bijaoui, 15 ans, avait été blessé. Merah, qui se proclamait «combattant d'Al-Qaïda» et filmait ses actes avec une GoPro, a été abattu par les forces de l'ordre le 22 mars à Toulouse. «Il y a cinq ans, la France pour la première fois depuis longtemps, était à nouveau frappée par la barbarie terroriste. Pour la première fois depuis longtemps, nous étions confrontés à la terreur. c'est à Toulouse et à Montauban que tout a commencé», a rappelé le ministre. «Comme bien souvent dans l'Histoire, les premières cibles furent des juifs et des soldats. Des Français juifs assasinés parce qu'ils étaient juifs. Des militaires français, tombant sous les balles parce qu'ils portaient l'uniforme». Et face à cette «barbarie», le ministre de l'Intérieur s'est félicité de la «fermeté absolue avec laquelle les Français ont refusé d'entrer dans la spirale de la division, comme l'auraient souhaité nos ennemis». La commémoration dans l'école juive est une première. Auparavant, il n'y avait eu qu'une rencontre d'élèves avec François Hollande accompagné du Premier ministre israélien Benjamin Netanyahu, en novembre 2012.  "}