{"title": "Crainte d'attentat en Allemagne : un homme toujours interrogé à Essen", "newspaper": "leparisien", "author": "Le Parisien", "date_publi": "12/03/2017", "theme": "Faits divers", "content": " La police allemande a annoncé dimanche avoir relâché l'un des deux hommes arrêtés la veille, en lien avec , une ville de la région industrielle de la Ruhr à l'ouest du pays. Le deuxième homme était toujours interrogé. Les autorités examinaient «des objets qui étaient en sa possession». Il avait été appréhendé à une quinzaine de kilomètres d'Essen, dans la ville d'Oberhausen, où des appartements avaient été perquisitionnés. Aucune saisie d'armes ou d'explosifs n'a jusqu'ici été annoncée. Les autorités allemandes sont sur le qui-vive en raison de la menace djihadiste pesant sur le pays, particulièrement depuis un attentat au camion-bélier qui avait fait  et avait été revendiqué par Daech. Daech impliqué, selon des médias Selon le quotidien «Bild», les services de renseignement allemands ont eu connaissance d'un projet «d'attaque à la bombe du centre commercial par plusieurs kamikazes». D'après la chaîne allemande WDR, un salafiste d'Oberhausen, qui s'était rendu en Syrie et est connu des autorités allemandes, aurait planifié l'attaque. L'homme est un Allemand membre de Daech, selon «Bild», et a tenté via les services de messagerie de recruter plusieurs personnes pour l'attaque d'Essen, comme il a fourni des instructions sur les moyens de fabriquer une bombe.* Le centre commercial d'Essen rouvrira lundi. Les forces de l'ordre resteront vigilantes,   Alerte levée à Offenbourg Un important dispositif policier s'est déployé tard samedi soir dans la ville d'Offenbourg, à seulement 27 kilomètres de Strasbourg (Bas-Rhin), après une «possible menace d'attaque» visant une discothèque locale.L'alerte a été levée dimanche.   "}