{"title": "Belgique : sept arrestations lors d'une nouvelle opération antiterroriste", "newspaper": "leparisien", "author": "Le Parisien", "date_publi": "25/01/2017", "theme": "Faits divers", "content": " La police judiciaire belge a conduit tôt mercredi huit perquisitions dans la région de Bruxelles,qui a débouché sur sept interpellations. Ces perquisitions, effectuées à Laeken, Anderlecht, Molenbeek et Schaerbeek, ne sont pas liées a (130 morts)  (32 morts), revendiqués par Daech. Mais elle s'inscrivent dans une instruction en cours liée à «la problématique de combattants éventuellement de retour de Syrie», selon un communiqué du parquet fédéral. «Au total, sept personnes ont été emmenées pour audition», est-il ajouté. Le juge d'instruction décidera dans le courant de la journée de leur éventuel maintien en détention. «Aucune arme ni explosif n'ont été trouvés», précise aussi le parquet fédéral, compétent pour les dossiers de terrorisme en Belgique. La Belgique est le pays de l'Union européenne qui fournit le plus de djihadistes en Irak et en Syrie proportionnellement à sa population, avec un nombre estimé de 465 combattants.  et Bruxelles, la Belgique a renforcé les mesures de sécurité et multiplié les opérations et descentes de police à mesure que se poursuivaient les enquêtes. "}