{"title": "Attentat de Nice : la fille d'une victime conteste le montant de l'indemnisation de l'Etat", "newspaper": "leparisien", "author": "Pascale Égré", "date_publi": "26/02/2017", "theme": "Faits divers", "content": " Après des heures à harceler les hôpitaux de Nice et de sa région, un coup de fil les avait rassurés : Jacqueline Wurtlin, 64 ans, leur mère et grand-mère, ne figurait pas parmi les victimes de l'attentat de Nice. Mais un autre appel, près de quatre jours après, a tout fait basculer... « Elle était avec une amie sur le trottoir face à la mer. Elles ont trouvé qu'il y avait trop de monde et ont traversé la route. Son amie est montée sur le terre-plein. Ma mère n'a pas eu le temps d'y mettre le pied... Elle a été emportée par le camion... » Au téléphone depuis Toulon (Var), où elle élève seule ses filles de 8 et 14 ans, Natacha Buchet, 45 ans, fond en larmes : « Tout, chaque jour, me ramène à ce 14 juillet. L'absence de ma mère a tout brisé. » Comme des milliers d'autres victimes, Natacha Buchet, dont nous révélons le témoignage avec Franceinfo, a déposé un dossier de demande d'indemnisation, pour elle, ses filles et l'un de ses frères, auprès du Fonds de garantie des victimes des actes de terrorisme (FGTI). Une requête « en liquidation de son préjudice » argumentée, étayée de sa constitution de partie civile et d'attestations. Son avocat, Me Eric Morain, y rappelait « la souffrance morale » engendrée par les circonstances du décès de sa mère et de sa confirmation. Il y avait joint les arrêts de travail de Natacha, les témoignages de voisines attestant de ses difficultés pour gérer son emploi du temps avec ses filles, la lettre de licenciement de son frère, dont l'employeur n'a pas toléré les absences après l'attentat. Il y sollicitait également réparation d'un préjudice d'angoisse pour Jacqueline Wurtlin, grièvement blessée avant de succomber. 1 137 personnes indemnisées sur 2 011 dossiers La réponse du FGTI est tombée, froide, début février. Au titre du seul « préjudice d'affection » (préjudice moral dû à la perte d'un proche), abondé des 7 500 EUR du préjudice exceptionnel spécifique des victimes du terrorisme, Natacha Buchet et ses filles se voient proposer 37 500 EUR (provision comprise). Point. Son frère, exactement la même somme. Pour Me Eric Morain, cette offre « formatée », que sa cliente refuse et entend contester devant le tribunal, est « contraire au principe de la réparation intégrale du préjudice », qui suppose « un véritable examen individuel » de chaque situation. Natacha Buchet, elle, fait part de sa colère : « On m'a demandé de constituer un dossier pour prouver que ma mère faisait partie de ma vie ! Maintenant, on me dit : Prenez ça et taisez-vous. Je trouve cela injuste... Je préfère leur rendre cet argent. » Désemparée, Natacha Buchet rappelle à quel point sa mère, « jeune retraitée » qui vivait « à un quart d'heure » de chez elle, faisait partie de son quotidien. « Elle dormait à la maison tous les mardis et s'occupait de ses petites-filles le mercredi. On se voyait tous les week-ends... On s'appelait tout le temps. » Outre ce deuil brutal, cette femme fragile et isolée jongle désormais pour gérer leurs vies. « Cette galère-là, tout le monde s'en fiche... » Stéphane Gicquel, délégué de la Fenvac (Fédération nationale des victimes d'attentats), souligne à quel point « la froideur de la logique statistique » du traitement des dossiers d'indemnisation, notamment pour la perte d'un proche, se heurte « au besoin renforcé d'individualisation en matière de terrorisme ». «Il y a beaucoup d'incompréhension, constate-t-il. Les gens reçoivent un courrier où leur est proposé le versement de 80 % d'une somme. Ils se sentent blessés que l'on ne s'intéresse pas à leur histoire. » Interrogé, le FGTI rappelle que 1 137 personnes victimes de l'attentat de Nice (sur 2 011 dossiers) « ont reçu une première indemnisation », soit 16,2 MEUR versés au total. Il assure qu'« un examen au cas par cas », conforme au principe de la réparation intégrale du préjudice, est préalable à toute offre d'indemnisation définitive. Et que les sommes proposées s'appuient sur la jurisprudence. « Nous cherchons la juste indemnisation », défend-il.    "}