{"title": "Quand une traductrice du FBI tombe amoureuse d'un djihadiste de Daech", "newspaper": "leparisien", "author": "Le Parisien", "date_publi": "02/05/2017", "theme": "Faits divers", "content": " L'histoire est digne d'une série hollywoodienne. En 2014, une traductrice du FBI est tombée amoureuse du djihadiste qu'elle devait surveiller, l'a rejoint en Syrie et s'est mariée avec lui avant de rentrer aux Etats-Unis, comme le raconte  dans un reportage diffusé ce mardi.\r\n Daniela Greene avait prévenu elle-même son amant qu'il faisait l'objet d'une enquête sans que l'on sache, à ce stade, comment leur rapprochement s'était opéré. Des témoignages devant le juge suggèrent que les mariés auraient communiqué en privé par le biais d'un compte Skype utilisé par Denis Cuspert et dont Daniela Greene n'a jamais évoqué l'existence au FBI. Denis Cuspert, rappeur allemand reconverti en prédicateur de Daech, recrutait notamment des aspirants djihadistes sur Internet.  Vidéos de cadavres Née en ex-Tchécoslovaquie et mariée à un soldat américain, la jeune femme a commencé à collaborer avec le FBI en 2011, sans encombre jusqu'à sa mystérieuse disparition en juin 2014. Mais, arrivée en Syrie, la traductrice a semblé changer de regard sur son second époux au bout de quelques semaines seulement. Dans des vidéos de propagande, celui-ci apparaissait notamment au milieu de cadavres, tenant par exemple une tête à bout de bras.  Rentrée en urgence aux Etats-Unis, Daniela Green a d'emblée accepté de coopérer avec les autorités, plaidant coupable pour fausses déclarations dans une affaire de terrorisme international. Elle a été condamnée à deux ans de prison. Elle travaille désormais en tant qu'hôtesse d'accueil dans un hôtel, toujours aux Etats-Unis.  "}