{"title": "Débat Macron-Le Pen : sur le terrorisme, deux visions se font face ", "newspaper": "leparisien", "author": "Eric Pelletier ", "date_publi": "03/05/2017", "theme": "Election présidentielle", "content": " C’est elle qui ouvre le feu, d’entrée, sans sommation. Dès les premières minutes du débat, Marine Le Pen évoque la lutte contre le terrorisme. Elle s’érige en unique recours «face à la montée en puissance du fondamentalisme islamiste». Emmanuel Macron riposte, ironisant sur le supposé «esprit de défaite» de son adversaire en la matière. Après une longue joute parfois brouillonne consacrée à l’économie, le dossier de la sécurité revient au cœur des préoccupations. LIRE AUSSI\r\n> Il est 21h57. Un nouveau temps fort du débat. Marine Le Pen cogne. «Vous avez une complaisance pour le fondamentalisme islamiste !», avance-t-elle. Avec un argument répété en boucle ces derniers jours : . «Ils vous tiennent», lâche la candidate du Front national, sans craindre de grossir le trait. Emmanuel Macron a préparé sa réponse, reprenant les arguments de l’actuel gouvernement face aux attaques récurrentes de l’extrême droite après chaque attentat : Le piège qu’ils nous tendent c’est celui que vous portez : c’est la guerre civile !».Il se défend de toute faiblesse, de toute mollesse, tout en revendiquant un «examen de conscience» face à la fascination morbide de Daech sur de jeunes Français. Recréer les frontières contre renforcer le renseignement «Les terroristes», il promet de les «éradiquer». Le sort des fichés S, «11 000 personnes» selon les évaluations de Marine Le Pen, représente un cas d’école. Elle veut expulser ces personnes placées sous surveillance, avant tout jugement, du moins celles qui ne sont pas françaises. Emmanuel Macron n’exclut pas des expulsions, mais de manière «chirurgicale». On comprend qu’au fond deux visions opposées se font face. Marine Le Pen veut protéger la France à l’intérieur de ses frontières, érigées en barrières. A l’inverse, Emmanuel Macron mise sur la coopération européenne pour lutter contre un mal qui frappe l’ensemble des démocraties occidentales. Mais ce débat essentiel, programme contre programme, tourne court une nouvelle fois devant les attaques personnelles. Le terrorisme ? «Ne plaisantez pas avec ça», prévient Marine Le Pen. «Ne mentez pas…», rétorque Emmanuel Macron. Les invectives ont pollué le débat sur ce thème majeur qui mobilisera le prochain quinquennat. "}