{"title": "Un arsenal de l'ETA découvert dans l’Oise", "newspaper": "leparisien", "author": "S.C.", "date_publi": "12/10/2016", "theme": "Faits divers", "content": " indique ce mercredi que des agents de la Guardia Civil et de la Direction générale de la Sécurité intérieure (DGSI) ont saisi dans l’Oise «un arsenal qui pourrait correspondre au groupe terroriste basque ETA». D’après les mêmes sources antiterroristes, l’arsenal aurait été retrouvé dans une forêt près de Compiègne. L'agence EFE ne précise pas de quel type d'équipement militaire il s'agit. De son côté, rappelle que l’organisation terroriste basque prétend disposer d’armes et d’explosifs sur le sol français. Aitor Elizaran, un membre d'ETA cité par El Mundo, affirme que le groupe aurait dissimulé en France «des pistolets, du matériel explosif et trois missiles». Le matériel découvert dans l'Oise pourrait servir de moyen de pression pour «négocier avec les gouvernement français et espagnols», explique le quotidien.  Il y a un an, le travail conjoint des servives antiterroristes espagnols et français avaient permis , Iratxe Sorzabal et David Pla, à Saint-Etienne-de-Baïgorry (Pyrénées-Atlantiques).  "}