{"title": "Attentat de Berlin : Anis Amri filmé aussi dans la gare de Bruxelles", "newspaper": "leparisien", "author": "Le Parisien", "date_publi": "04/01/2017", "theme": "Faits divers", "content": " C'est une nouvelle étape dans la compréhension du parcours d', celui qui l'a mené du marché de Noël de Berlin, où il est suspecté d'avoir , jusqu'à Milan, son étape finale , lors d'un contrôle policier. Comme le relève , le parquet fédéral belge indique ce mercredi que le terroriste présumé a été aperçu dans la gare de Bruxelles-Nord le 21 décembre, deux jours après l’attaque. L'analyse des vidéos dans cette gare a permis à la police ferroviaire belge de repérer Anis Amri, dont le train provenait d'Amsterdam. Lire.  Précédemment, l'enquête avait déjà démontré que le Tunisien avait pu emprunter un train qui reliait Nimègue, aux Pays-Bas, à la capitale néerlandaise. Mais l'état des investigations laissait jusqu'alors penser que le fugitif , où il a également été repéré par la vidéosurveillance, le 22 décembre. Selon le parquet belge, aucune autre information ne peut être donnée pour le moment, «dans l'intérêt des enquêtes en cours». "}