{"title": "Saint-Denis : des poèmes contre la terreur au théâtre Gérard Philipe", "newspaper": "leparisien", "author": "Le Parisien", "date_publi": "08/12/2016", "theme": "Saint-Denis", "content": "Ils liront des poèmes pour résister à la terreur. Ce vendredi au Théâtre Gérard Philipe de Saint-Denis, une douzaine d’écrivains montent sur scène pour une œuvre collective intitulée « Nous aimons la vie plus que vous n’aimez la mort ». Constitués en collectif depuis le printemps 2016, juste après les attentats terroristes de Bruxelles qui ont suivi eux-mêmes ceux de novembre 2015 à Paris, ils marquent ainsi leur « refus de plier devant la terreur d’où qu’elle vienne ». Figurent parmi eux le romancier dyonisien Mohamed Hmoudane ou la romancière et chanteuse de rock Sapho. La lecture sera accompagnée en musique par Arnaud Delpoux (piano et guitare).Ce vendredi à 20h30 au théâtre Gérard Philippe de Saint-Denis (59, boulevard Jules Guesde). Entrée libre sur réservation au 01.48.13.70.00. ou par mail à info@theatregerardphilipe.com. "}