{"title": "L'Iran affirme avoir tué le cerveau des attentats de Téhéran", "newspaper": "leparisien", "author": "S.C. avec AFP", "date_publi": "11/06/2017", "theme": "International", "content": " Selon , l'agence d'information officielle de la République islamique d'Iran, le chef du groupe terroriste à l'origine  a été tué. Le ministre du Renseignement, Mahmoud Alevi, affirme que l'homme, en fuite dans un pays voisin, «a été expédié en enfer». Le ministre n'a pas donné davantage de détails. Cinq hommes armés ont pris d'assaut mercredi le Parlement iranien et le mausolée de l'ayatollah Khomenei à Téhéran. 17 personnes sont mortes dans cette double attaque, revendiquée par l'Etat islamique. Selon les autorités iraniennes,  (groupe Etat islamique ou EI) et «ont participé à des crimes commis par ce groupe terroriste à Mossoul et Raqa». Ils étaient revenus une première fois en Iran à l'été 2016 «avec l'intention de mener des opérations terroristes dans des villes religieuses», a précisé le ministère, sous la direction d'Abou Aisha, «un haut commandant» de Daech. Ils avaient été contraints de quitter l'Iran après qu'Abou Aisha y eut été tué, avant de revenir pour y commettre les attaques à Téhéran. VIDEO. Foule immense aux funérailles des victimes des attentats en Iran "}