{"title": "Iran : au moins 13 morts dans des attentats à Téhéran revendiqués par Daech", "newspaper": "leparisien", "author": "Le Parisien", "date_publi": "07/06/2017", "theme": "International", "content": " Deux fusillades quasi-simultanées suivies d'explosions ont éclaté à Téhéran, la capitale iranienne, ce mercredi, l'une à l'intérieur du Parlement, l'autre au mausolée de l'imam Khomeiny, faisant au moins 13 morts et 46 blessés. Ce sont les premiers attentats à être revendiquées par Daech en Iran. Le guide suprême iranien Ali Khamenei a minimisé ces attaques. Ces «pétards n'auront aucun effet sur la détermination du peuple iranien», a estimé le guide sur son site officiel. Le président iranien Hassan Rohani a appelé à «l'unité et à la coopération régionale et internationale» contre le terrorisme. Les Gardiens de la Révolution, l'armée d'élite du régime, ont eux dénoncé l'«implication» de l'Arabie Saoudite et des Etats-Unis dans les attentats. Les Etats-Unis, qui n'ont pas de relations diplomatiques avec Téhéran accusé de soutenir le terrorisme, ont néanmoins condamné ces «attaques terroristes» en présentant leurs «condoléances aux victimes et à leurs familles».  Des attentats revendiqués par Daech. Ces attentats ont été revendiqués par le groupe Etat islamique, via son agence de propagande Amaq : «Des combattants de l'EI ont attaqué le mausolée de Khomeiny et le siège du Parlement à Téhéran», dit le communiqué. Amaq a diffusé dans le même temps une vidéo que nous avons pu visionner, mais qui n'a pas été authentifiée. Les images montrent un homme à terre, ensanglanté et probablement sans vie, à l'intérieur d'un édifice. On y entend une alarme et la voix de personnes s'exprimant en arabe. Si la responsabilité de Daech est confirmée, il s'agirait des premiers attentats du groupe terroriste sunnite sur le territoire chiite.  Le Parlement pris d'assaut. Quatre assaillants ont mené l'attaque contre le Parlement. Deux se sont fait exploser et deux autres ont tués par les forces de sécurité. Les assaillants du Parlement étaient «âgés de 20 à 25 ans», a déclaré à l'agence Fars Mohammad Hossein Nejat, chef adjoint des services de renseignement des Gardiens de la révolution, l'armée d'élite d'Iran. «J'étais à l'intérieur du Parlement quand la fusillade est arrivée. Tout le monde était choqué et apeuré. J'ai vu deux hommes tirer au hasard», a raconté un journaliste présent à Reuters. Sur Twitter, une vidéo montre un mouvement de panique dans les rues adjacentes au Parlement iranien.  Gunmen entered in 's parliament building, news of people injured & hostages taken. Video of People running in panic outside Parliament. \r\n— Battle Analytics (@BattleAnalytics)   Attentat-suicide au mausolée. Le mausolée de l'imam Khomeiny est un lieu chargé de symboles qui abrite la dépouille du premier guide de la Révolution islamique iranienne.Le groupe qui a attaqué le mausolée «était composé de deux personnes: la première s'est fait exploser dans les jardins du mausolée et la seconde a été tuée par les forces de l'ordre», selon le ministère de l'Intérieur.    nullnullفوری/ لحظه انفجار انتحاری در  خمینی(ره) \r\n— خبرگزاری فارس (@FarsNews_Agency)   nullتصاویر جدید از حادثه انفجار مهاجم انتحاری در بیرون  خمینی/ گفته‌میشود فرد انتحاری یک زن بوده است! \r\n— خبرگزاری فارس (@FarsNews_Agency)   Une troisième cellule «démantelée». Autour des lieux des deux attaques, d'imposantes forces de sécurité étaient présentes mercredi. Des stations de métro ont été fermées et les autorités ont demandé aux habitants de Téhéran d'éviter ce mode de transport. Une réunion d'urgence du conseil national de sécurité a été convoquée par le ministre de l'Intérieur Abdolreza Rahmani Fazli, selon Isna. , le ministère du renseignement indique que trois opérations terroristes avaient été prévues ce matin à Téhéran mais qu'une équipe «a été démantelée avant de passer à l'acte».  Les Gardiens de la révolution accusent l'Arabie Saoudite et les Etats-Unis. Les Gardiens de la révolution, l'armée d'élite du régime iranien, ont accusé les Etats-Unis et l'Arabie saoudite d'être «impliqués» dans les attentats. «Les Gardiens de la révolution ont toujours prouvé qu'ils ne laissent jamais sans vengeance le sang d'innocents versés», affirment-ils encore dans un communiqué.\r\nSéparément, Mohammad Hossein Nejat, chef adjoint des services de renseignement des Gardiens de la révolution, a également accusé l'Arabie saoudite et les Etats-Unis en affirmant que ces deux pays avaient «ordonné à leurs marionnettes» de mener ces attentats, a rapporté l'agence Fars. Condamnations de la Russie et du Qatar La Russie, alliée de l'Iran au Proche-Orient, a condamné ces attentats, estimant qu'ils prouvaient une nouvelle fois la «nécessité de coordonner la lutte antiterroriste, notamment contre l'Etat islamique». «Ces actes de terrorisme méritent la plus dure des condamnations», a déclaré à la presse le porte-parole du Kremlin Dmitri Peskov.\r\nSoumis depuis quelques jours à une forte pression des autres Etats du Golfe, qui l'accusent de soutenir le terrorisme, le Qatar a a également condamné et dénoncé ces deux attaques dans un communiqué du ministère des Affaires étrangères.    "}