{"title": "À Clichy, un quartier incrédule après l’opération du Raid et de la DGSI", "newspaper": "leparisien", "author": "A.l. (avec V.M.)", "date_publi": "02/10/2016", "theme": "Clichy", "content": "Une barre d’immeuble comme il en existe tant, en région parisienne. Un quartier marqué par divers trafics de stupéfiants, et qui avait connu plusieurs nuits de violences urbaines, au milieu des années 2000. Mais ce vendredi après-midi, à Clichy, la cité Sanzillon a plongé dans une autre dimension. Avec l’arrestation d’un jeune homme de 19 ans à son domicile, dans le cadre d’une opération menée de front par la Direction générale de la sécurité intérieure (DGSI) et le Raid.Peu avant 17 heures, c’est un dispositif de sécurité spectaculaire qui a été mis en place dans le quartier. La rue Madame de Sanzillon a immédiatement été coupée. « On a vu des policiers lourdement armés. Certains étaient cagoulés, les gens ont eu peur, relate un restaurateur. Quand on a vu ça, on a tout de suite compris qu’il se passait quelque chose de grave. » Et pour de nombreux habitants de la barre Sanzillon, impossible de regagner leur hall d’immeuble avant 19 heures. Rapidement, les rumeurs faisant état d’une « menace d’attentat » parcourent le quartier. « C’était impressionnant, raconte ce riverain. Je n’avais jamais vu autant de policiers. Le jeune (NDLR : le suspect) a été sorti de l’immeuble menotté. Il avait le visage masqué. »D’après diverses sources citées par l’Agence France presse, celui-ci aurait été interpellé dans le cadre d’une enquête ouverte pour « association de malfaiteurs en relation avec une entreprise terroriste criminelle ». Il est soupçonné « de s’être radicalisé », et d’avoir voulu passer à l’acte.Dans la cité, beaucoup évoquent un habitant « discret », qui vivrait ici avec sa mère et des petits frères, mais qui « ne traînait pas avec les autres jeunes du quartier. »De son côté, le maire (LR) de la commune, Rémi Muzeau, ne se dit « qu’à moitié surpris » par cette arrestation. « On sait qu’il existe à Clichy un certain nombre d’individus qui sont radicalisés », confie-t-il. Bien qu’il admette n’avoir jamais eu de « signalement particulier » concernant cette petite cité. L’élu dénonce surtout un repli sur la religion de plus en plus important dans sa ville. « Il y a de nombreuses femmes qui se voilent, et beaucoup plus de signes ostentatoires que l’on en voyait avant », explique-t-il. "}