{"title": "Attentats du 13 novembre : Sting redonne vie à la scène du Bataclan", "newspaper": "leparisien", "author": "Le Parisien", "date_publi": "12/11/2016", "theme": "Paris", "content": "«Ce soir nous avons deux tâches à concilier: d'abord se souvenir de ceux qui ont perdu la vie dans l'attaque, ensuite célébrer la vie, la musique dans ce lieu historique», a déclaré en français le chanteur britannique Sting sur la scène du Bataclan. Avant la minute de silence, suivie du morceau «Fragile», accompagné du trompettiste franco-libanais Ibrahim Maalouf. Fermées depuis l'attentat du 13 novembre 2015, les portes du Bataclan se sont enfin rouvertes samedi soir : «Ce n'est pas une nouvelle ère, c'est la vie qui continue», avait lancé une spectatrice, avant d'entrer dans la salle parisienne qui affichait complet pour applaudir Sting. La direction a refoulé des membres des Eagles of Death Metal qui souhaitaient assister au concert de Sting, selon le codirecteur du Bataclan. «Nous ne les oublierons pas», a lancé le chanteur britannique en mémoire aux 90 personnes qui sont mortes voilà un an dans la salle. Un instant filmé et twitté par Juliette Méadel, la secrétaire d’État auprès du Premier ministre, chargée de l’Aide aux victimes.  nous ne les oublierons pas. Jamais. \n\n                            \r\n— Juliette Méadel (@juliettemeadel)     \"Et maintenant rock'n Roll\", dit Sting qui envoie les watts... \r\n— Daniel Psenny (@psenny)    Sting avec le trompettiste Ibrahim Maalouf.\r\n(LP/Boris Allin).   De nombreuses personnalités étaient présentes : la maire de Paris Anne Hidalgo, la ministre de la Culture Audrey Azoulay, les chanteuses Patricia Kaas, Jeanne Cherhal et Lou Doillon. «C'est juste important d'être là», a glissé cette dernière avant le concert. «Ce n'est pas que le public qui va rouvrir le Bataclan c'est la France entière», a estimé sur place l'urgentiste et ex-chroniqueur de «Charlie Hebdo» Patrick Pelloux. «Tous les restaurants ont rouvert, les bars ont rouvert. Charlie continue (...) Ils (les terroristes islamistes, ndlr) ne gagneront jamais, a-t-il ajouté. Des spectateurs émus «Je pense que je vais être émue ce soir. C'est bien que le Bataclan soit refait à l'identique, il n'y a pas de raison que ça change», poursuit cette spectatrice âgée de 48 ans, Claire Veyssière, une Parisienne amatrice de petites salles, arrivée plus de deux heures en avance. «On est venus pour la symbolique, pour Sting, pour l'hommage à la vie parce qu'on est Parisiens et pour l'hommage à toutes les victimes», a-t-elle expliqué. «Sting, c'est un chanteur engagé, on serait peut être venus si ça avait été quelqu'un d'autre mais le fait que ce soit lui, c'est un plus», confie l'ami avec qui elle est venue, Marc Brevet, 54 ans, alors que Sting est déjà à l'intérieur pour préparer ce concert à part. Sting présente \"Inch'allah\", nouveau morceau sur le sort des migrants en Méditerranée. Ac I.Malouf de retour sur scène \r\n— Jules de Kiss (@JulesDeKiss)  Pour Aurélien, survivant de l'attaque pendant le concert des Eagles of Death Metal le 13 novembre 2015, l'émotion est particulièrement vive avant de retrouver la salle. «C'est la première fois que je vais dans un lieu public depuis un an. Je ne suis pas allé au cinéma, à un concert, je me faisais livrer mes courses , je suis tout le temps resté chez moi...», raconte ce trentenaire, qui ne souhaite pas communiquer son nom de famille. «C'est ce soir que je reprends ma vie comme elle était avant. C'est un devoir, c'est une obligation d'être là car il y a 90 personnes qui ne peuvent plus venir», ajoute-t-il, ému, la main tremblante. Mercredi prochain, le Bataclan reprendra le cours de sa nouvelle vie, avec Pete Doherty. Plus de vingt concerts sont annoncés jusqu'au printemps.   La salle du Bataclan est bondée pour ce premier concert depuis le 13 novembre 2015.\r\nAFP.  Devant la salle de concert, bouquets de fleurs, bougies et messages rendent hommage aux victimes des trois djihadistes qui avaient fait irruption dans le Bataclan un an auparavant. Plusieurs spectateurs sont venus avec des roses. Mercredi prochain, le Bataclan reprendra le cours de sa nouvelle vie, avec Pete Doherty. Plus de vingt concerts sont annoncés jusqu'au printemps.   : notre journaliste a pu assister au début du concert de , \"une ouverture élégante et respectueuse\" \r\n— BFMTV (@BFMTV)    - "}