{"title": "Des vestiges de l'assaut des frères Kouachi au musée", "newspaper": "leparisien", "author": "Sylvain Deleuze", "date_publi": "09/01/2017", "theme": "Seine-et-Marne", "content": " C'était le 9 janvier 2015. Les gendarmes sont prévenus par un coup de téléphone de Michel Catalano, le gérant de l'imprimerie CTD, que les frères Kouachi se sont retranchés chez lui. Un équipage de la compagnie de Meaux arrive en premier sur place. Les deux militaires ont juste le temps de se cacher derrière un mur avant que leur voiture ne soit criblée de balles des deux tueurs de « Charlie Hebdo ». L'un des militaires réussi à en toucher un au cou lors d'un tir de riposte. S'en suit une prise d'otage qui s'est terminée par la mort des deux assassins.\r\nDeux ans après, l'un des seuls vestiges restants se trouve être la portière de cette première voiture de gendarmerie arrivée sur les lieux. Cette dernière est visible au musée de la Gendarmerie nationale de Melun dans le cadre d'une exposition temporaire, Les sciences du crime, jusqu'au 30 juin. « Tous les ateliers, très fréquentés par les scolaires, sont remplis à craquer. Nous avons donc décidé de prolonger cette exposition, qui devait initialement se terminer le 17 avril », précise la capitaine Elinor Boularand, la directrice du musée.\r\nQuatre impacts de balles, bien visibles, sur la portière de la première voiture sérigraphiée de gendarmes arrivés devant l'imprimerie témoignent de la violence des faits. « On l'a mise là pour illustrer le travail des experts en balistique », souligne la capitaine. Cette exposition temporaire permet de suivre le travail des enquêteurs sur une scène de crime et les nombreux corps de métiers nécessaires pour l'exploitation des indices. Cela passe par la médecine légale en passant par la recherche d'empreintes papillaires et génétiques, les experts en balistique...\r\nLes visiteurs pourront également découvrir l'histoire de la gendarmerie dans le musée, riche de plus de 30 000 objets et documents.Musée de la gendarmerie, 1-3 rue Emile-Leclerc. Plein Tarif 7 €. Renseignement : www.gendarmerie.interieur.gouv.fr. Tél. 01.64.15.54.64. "}