{"title": "Sucy : l’ex-directeur de la police en conférence", "newspaper": "leparisien", "author": "Le Parisien", "date_publi": "17/10/2016", "theme": "Sucy-en-Brie", "content": "L’ancien directeur général de la police nationale Frédéric Péchenard donne une conférence ce mardi sur le thème « Face à la menace terroriste, la France peut-elle faire mieux ? ». Ancien chef de la section antiterroriste de la brigade criminelle, cet ami de Nicolas Sarkozy va grimper les échelons de la police avant d’entamer en 2013 une carrière politique chez Les Républicains. Il est aujourd’hui vice-président du conseil régional en charge de la sécurité. Marie-Carole Ciuntu, maire (LR) de Sucy-en-Brie et vice-présidente du conseil régional, sera présente.Ce mardi, à 20 h 30 à l’espace Jean-Marie-Poirier à Sucy. "}