{"title": "Trump signe un décret pour stopper les «terroristes islamiques radicaux»", "newspaper": "leparisien", "author": "Le Parisien", "date_publi": "28/01/2017", "theme": "International", "content": " Donald Trump n'a toujours pas lâché son stylo. Après avoir signé des décrets , le projet de  ou la construction des , le président des États-Unis, Donald Trump, a pris, vendredi, un nouvel «executive order» en matière d'immigration. Il prévoit des contrôles renforcés aux frontières destinés à stopper l'entrée éventuelle de «terroristes islamiques radicaux». «Je mets sur pied de nouvelles mesures de contrôle pour maintenir hors des États-Unis les terroristes islamiques radicaux. Nous ne les voulons pas ici», a martelé le président américain lors de la cérémonie d'investiture de son secrétaire à la Défense, James Mattis, au Pentagone.Ce décret intitulé «Protection de la nation contre l'entrée de terroristes étrangers aux États-Unis», était attendu depuis mercredi soir . «C'est du lourd», s'est exclamé le 45e président des États-Unis devant des hiérarques militaires.«Nous voulons être sûrs que nous ne laissons pas entrer pas dans notre pays les mêmes menaces que celles que nos soldats combattent à l'étranger (...) Nous n'oublierons jamais les leçons du 11-Septembre 2001», a proclamé Donald Trump.\r\n L'arrivée des ressortissants de sept pays bloquée\r\nDans le détail et d'après , mais que la Maison Blanche n'avait pas rendu public vendredi soir, les autorités américaines bloqueraient pendant un mois l'arrivée de ressortissants de sept pays musulmans : Irak, Iran, Libye, Somalie, Soudan, Syrie et Yémen.\r\n Ce texte prévoirait aussi l'arrêt complet pendant quatre mois du programme fédéral d'admission et de réinstallation de réfugiés de pays en guerre. Un programme humanitaire ambitieux créé par une loi du Congrès en 1980. Les réfugiés syriens, qui ont fui par millions le conflit dans leur pays, mais dont seulement 18 000 ont été acceptés aux États-Unis depuis 2011, seraient, eux, définitivement interdits d'entrer.Pour l'année budgétaire 2016 (du 1er octobre 2015 au 30 septembre 2016), les États-Unis, à l'époque gouvernés par Barack Obama, avaient admis précisément sur leur territoire 84 994 réfugiés, toutes nationalités confondues, dont un peu plus de 10 000 Syriens.L'administration Obama, qui avait reconnu en septembre 2015 qu'elle pouvait faire davantage, s'était donnée l'objectif de 110 000 réfugiés acceptés pour l'année budgétaire 2017. L'administration Trump en viserait dorénavant seulement 50 000, toutes nationalités confondues, selon le projet de décret.\r\n Malala a «le coeur brisé»\r\n«J'ai le coeur brisé de voir le président Trump fermer aujourd'hui la porte à des enfants, des mères et des pères qui fuient la violence et la guerre». Ce sont les mots de la jeune Malala Yousafzai, prix Nobel de la paix en 2014, selon un communiqué  «J'ai le coeur brisé de voir l'Amérique tourner le dos à son fier passé d'accueil de réfugiés et de migrants», ajoute-t-elle.\r\n «J'ai le coeur brisé de voir des enfants réfugiés syriens, qui souffrent depuis six ans d'une guerre dont ils ne sont pas responsables, cibles de discrimination. «En ces temps d'incertitude et de troubles dans le monde», Malala «demande au président Trump de ne pas tourner le dos aux enfants et familles les plus vulnérables du monde».   "}