{"title": "Etats-Unis :  l'interdiction des ordinateurs en vol probablement étendue", "newspaper": "leparisien", "author": "Le Parisien", "date_publi": "17/05/2017", "theme": "International", "content": " Les restrictions vont être étendues. L'interdiction des ordinateurs et des appareils électroniques en cabine, sur les vols à destination des Etats-Unis, sera «probablement» élargie non seulement à l'Europe, mais également à d'autres régions du monde, a annoncé mardi un responsable américain.En mars, les autorités américaines avaient interdit aux passagers en provenance de dix aéroports dans huit pays arabes et en Turquie de transporter en cabine ordinateurs portables, tablettes et autres appareils électroniques d'une taille supérieure à celle d'un téléphone portable.Il est «probable que les restrictions mises en place en mars puissent être étendues à d'autres régions», a déclaré David Lapan, le porte-parole du ministère de la Sécurité intérieure (DHS). «Mais pas seulement l'Europe - étendu à des régions supplémentaires», a-t-il ajouté, sans donner de précisions.La ministre adjointe du DHS, Elaine Duke, est attendue mercredi à Bruxelles pour des pourparlers avec les partenaires européens. Ces discussions porteront sur «l'ampleur et la portée» de cette interdiction et de ses conséquences, selon M. Lapan.3250 vols par semaineUne interdiction américaine sur les ordinateurs portables pourrait semer la pagaille dans les aéroports européens, avec plus de 3.250 vols par semaine prévus cet été entre les pays de l'Union européenne et les États-Unis, selon des chiffres de l'industrie aérienne.Certains experts estiment que les ordinateurs placés dans des bagages enregistrés présentent également un risque en raison de la possibilité que leurs batteries prennent feu.David Lapan a défendu cette possible interdiction, affirmant que les autorités doivent suivre la nature changeante des menaces terroristes.«Combien de tentatives de détruire un avion commercial avons-nous vu -- sous-vêtements piégés, utilisation de liquides, utilisation de cartouches (d'imprimante)», a-t-il énuméré. «C'est à nous de toujours déterminer ce que ceux qui veulent du mal vont faire et d'essayer de les arrêter».Le président Donald Trump fait face à une crise politique après les révélations lundi du Washington Post, selon lequel il aurait partagé avec des diplomates russes des informations sur une menace terroriste du groupe Etat islamique, liée à l'utilisation d'ordinateurs portables dans les avions. "}