{"title": "Hommages à Sevran et Tremblay", "newspaper": "leparisien", "author": "Le Parisien", "date_publi": "12/11/2016", "theme": "Seine-Saint-Denis", "content": "Dans le cadredes commémorations, Tremblay et Sevran organisent aussi des cérémonies d'hommage. aujourd'hui, la ville rend hommage aux victimes des attentats du 13 novembre et se souviendra tout particulièrement de Patricia San Martin, employée de la ville, et de sa fille, Elsa Delplace, tuées au Bataclan. Annick Girardin, ministre de la Fonction publique, sera présente. A 14 heures, parvis du centre administratif Paul-Eluard, 26, avenue du Général-Leclerc.  lundi, la municipalité rend hommage « à toutes celles et ceux qui ont disparu » lors des attentats. Le moment de recueillement sera suivi d'un récital musical des professeurs du conservatoire. Lundi à 11 heures, à l'hôtel de ville, 18, boulevard de l'Hôtel-de-Ville. "}