{"title": "Roanne : interpellation du père du djihadiste Rachid Kassim", "newspaper": "leparisien", "author": "Le Parisien", "date_publi": "20/10/2016", "theme": "Faits divers", "content": "Le père du jihadiste français Rachid Kassim a été interpellé jeudi matin à Roanne (Loire). Mohamed Kassim a été arrêté par la police «à proximité de son domicile et a placé en garde à vue dans un lieu non précisé, indique une source proche de l'enquête, confirmant une information de France Inter. Son appartement a également été perquisitionné. La justice le soupçonne d'avoir adressé une lettre de «menaces visant plusieurs personnes» au quotidien Le Progrès, dans laquelle il se rallierait à l'idéologie de son fils, un cadre de Daech. Cette interpellation intervient dans le cadre d'une enquête de droit commun - et non pour fait de terrorisme - confiée par le parquet de Roanne à la police judiciaire de Lyon. Rachid Kassim, considéré comme l'un des propagandistes francophones les plus dangereux de l'oraganisation Etat islamique (Daech selon son acronyme en arabe), est soupçonné de téléguider des attentats en France depuis la zone irako-syrienne où il s'est réfugié. Selon les enquêteurs, il a inspiré, de manière plus ou moins directe, les attaques de Magnanville (Yvelines), où Larossi Abballa a tué un policier et sa compagne le 13 juin, et de Saint-Étienne-du-Rouvray (Seine-Maritime), où Adel Kermiche et Abdel Malik Petitjean ont tué un prêtre dans une église le 26 juillet. "}