{"title": "La mosquée ne rouvrira pas", "newspaper": "leparisien", "author": "Marion Kremp", "date_publi": "01/10/2016", "theme": "Seine-et-Marne", "content": "L'association des musulmans de Lagny-sur-Marne, dissoute en conseil des ministres en janvier dernier, multiplie les requêtes. Mais la mosquée fermée par le préfet le 2 décembre 2015 ne rouvrira pas. Le tribunal administratif de Melun a de nouveau tranché hier et a confirmé les décisions précédentes du Conseil d'Etat. Le juge administratif s'est fondé sur les éléments qui avaient conduit le préfet de Seine-et-Marne à fermer la mosquée. Le jugement rappelle ainsi « les notes blanches » des services de renseignements et l'historique de la mosquée de Lagny et de son ancien imam, Mohammed Hammoumi. Soupçonné de diriger une cellule d'endoctrinement envoyant ses fidèles combattre en Syrie, l'imam qui a fui en Egypte fin décembre 2014 et dont les avoirs ont été gelés en avril dernier pourrait bien, selon le ministère de l'Intérieur, continuer de tirer les ficelles du lieu de culte.  La préfecture de Paris a noté des allers-retours en Syrie et en Egypte de fidèles et l'incarcération le 17 décembre 2015 d'un des lieutenants d'Hammoumi, Marc Le Hénaff, mis en examen pour association de malfaiteurs en lien avec une entreprise terroriste. Ainsi que le rôle de Nabil A., présenté comme le directeur de l'école coranique de la mosquée chez qui ont été découverts une école coranique clandestine et des chants pour enfants à la gloire des combattants. Depuis l'Aïd, le 12 septembre, une trentaine de fidèles de la mosquée fermée prie en plein air, dans le quartier d'Orly-Parc. "}