{"title": "Trappes : trois hommes interpellés, suspectés d'avoir financé un cadre de Daech", "newspaper": "leparisien", "author": "Le Parisien", "date_publi": "19/01/2017", "theme": "Faits divers", "content": " L'enquête préliminaire, pour «association de malfaiteurs en relation avec une entreprise terroriste» et «financement du terrorisme», avait été ouverte en mai 2016. Trois hommes ont été interpellés à Trappes (Yvelines) mardi, soupçonnés, selon une source proche de l'enquête deux jours plus tard, d'avoir participé au financement des activités de Walid Hamman, un cadre français du groupe Etat islamique (EI) mort en décembre. Lire.  Les suspects, âgés de 28 à 32 ans, ont été arrêtés par la DGSI. «L'enquête cherche notamment à établir s'ils ont pu, depuis la France, participer au financement des activités de Walid Hamman ou d'autres protagonistes», selon cette source. Leurs gardes à vue peuvent durer 96 heures, soit jusqu'à samedi.  «Mettre au point des attentats en Occident» Walid Hamman, 32 ans, originaire de Trappes et membre d'une filière d'acheminement de combattants vers la Syrie, a été tué le 4 décembre par une frappe de la coalition internationale luttant contre l'EI, avec deux autres cadres de l'organisation djihadiste, Salah Gourmat et Sammy Djedou, selon le département de la Défense américain. D'après le Pentagone, les trois hommes, qui travaillaient ensemble «pour mettre au point des attentats en Occident», faisaient partie du réseau . Lire aussi.   Proche d'Abdelhamid Abaaoud, coordinateur présumé des attentats du 13 novembre 2015, Walid Hamman, avait été condamné par défaut en Belgique à cinq ans de prison en juillet 2016 . "}