{"title": "Attentats du 13 novembre : le médecin partage son expérience hors des frontières", "newspaper": "leparisien", "author": "Fl.M.", "date_publi": "13/11/2016", "theme": "Attentats à Paris", "content": " Avant de s'envoler pour Israël, où les nombreux attentats obligent la médecine à évoluer, Mathieu Raux s'est accordé ce week-end prolongé « au vert », en famille. Depuis un an, l'anesthésiste-réanimateur qui a coordonné à la Pitié-Salpêtrière (AP-HP) la prise en charge de 52 blessés le 13 Novembre, est sur tous les fronts... et dans beaucoup de trains. Paris, Lille, Bruxelles, Londres, Marseille... « Nous avons fait un nombre incroyable de colloques et de visites de centres pour partager les expériences, former et être formés », explique le docteur coordinateur du centre d'accueil des polytraumatisés de l'hôpital parisien, où il exerce depuis 2008. Même s'il a aidé à faire tourner dix blocs opératoires pour sauver des dizaines de vie, Mathieu Raux n'aime pas beaucoup parler de ce soir-là. « Il n'y a rien d'héroïque à faire son travail, vraiment rien », répète-t-il. Et il ne s'épargne rien : « Si je fais une analyse objective, il y a des choses qui ont bien marché, mais on a aussi fait des conneries. » Mathieu Raux n'arrive pas à oublier l'erreur faite lors de l'identification d'une jeune victime. « Nous avons présenté nos excuses à la famille mais avons-nous été pardonnés ? s'interroge-t-il. Nous étions cette nuit-là comme dans un sous-marin et pensions que l'urgence absolue n'était pas là. Elle l'était, évidemment ! On a beaucoup travaillé depuis sur la reconnaissance des victimes et la communication avec les proches, insiste-t-il. Lors d'événements exceptionnels, un cadre de soins est désormais dédié à cette mission », reprend ce père de deux enfants. En plus d'être aux quatre coins de la France, Mathieu Raux travaille à l'élaboration de nouveaux process pour le diagnostic et la prise en charge des patients. Ce qu'il en garde personnellement ? « Bien sûr, j'ai eu des nuits sans sommeil, mais ce n'est rien par rapport aux victimes. Continuer à être acteur, avoir l'impression d'aider est ma résilience à moi, mon support psychologique. » QUESTION DU JOUR.  EN SAVOIR PLUS.       "}