{"title": "Syrie : début des opérations visant à libérer Raqqa, fief de Daech", "newspaper": "leparisien", "author": "Le Parisien", "date_publi": "06/11/2016", "theme": "International", "content": "La deuxième grande bataille contre Daech a commencé. La force arabo-kurde soutenue par les Etats-Unis a lancé dimanche une offensive mobilisant 30.000 combattants pour reprendre . Cette annonce très attendue intervient au moment où . «La grande bataille pour la libération de Raqqa et de sa province a commencé», a annoncé Jihan Cheikh Ahmad, une porte-parole de l'offensive, à Aïn Issa, la ville la plus proche de Raqqa, située à une cinquantaine de km au sud. Cette opération baptisée «Colère de l'Euphrate» a débuté sur le terrain samedi soir, selon Mme Ahmad. Le correspondant de l'AFP présent à la conférence de presse a vu des dizaines de combattants armés à bord de véhicules se dirigeant vers le front. «Raqqa sera libéré grâce à ses fils»«Raqqa sera libéré grâce à ses fils et ses factions arabes, kurdes et turkmènes, des héros combattant sous la bannière des Forces démocratiques syriennes (FDS), avec la participation active des Unités de protection du peuple kurde (YPG) (...) en coordination avec la coalition internationale» dirigée par les Etats-Unis, indique le communiqué. Mossoul et Raqqa sont les deux dernières grandes villes encore contrôlées par Daech, qui a perdu une grande partie des territoires conquis en 2014 en Syrie et en Irak. Talal Sello, porte-parole des FDS basé à Hassaké (nord-est) a affirmé par téléphone que l'opération allait se dérouler «en deux étapes: libérer la province de Raqqa pour isoler la ville, puis contrôler la ville». «La coalition a fourni une première livraison d'arsenal et d'équipements, dont des armes anti-char», a-t-il ajouté. Plusieurs hauts responsables Occidentaux ont récemment fait savoir que Raqqa serait le prochain objectif de la coalition internationale antidjihadiste, à l'issue de l'offensive lancée il y a trois semaines contre  Ce dimanche matin encore, Jean-Yves Le Drian, ministre français de la Défense, évoquait sur Europe 1 l'offensive à venir sur Raqqa, notamment via un soutien aérien de la coalition à laquelle la France participe mais sans troupes au sol. VIDEO. Au coeur de la bataille pour Mossoul : la riposte de Daech Dominés par les YPG, les FDS avaient chassé le groupe Etat islamique de plusieurs fiefs dans le nord de la Syrie, notamment Minbej, carrefour clé par laquelle le groupe faisait transiter armes et hommes à partir de la Turquie. D'après les responsables américains, les FDS sont formés de 30.000 combattants dont les deux-tiers sont des Kurdes et le reste des Arabes. Les FDS ont été promus par Washington comme un allié clé dans la lutte contre Daech, mais cette alliance est compliquée par l'opposition féroce des Turcs aux YPG. La coalition arabo-kurde a d'ailleurs annoncé dimanche s'être mise d'accord avec les Etats-Unis sur le fait «qu'il n'y aura aucun rôle turc ou des rebelles qui leur sont alliés dans l'offensive» de Raqqa. VIDEO. Sur le front de Mossoul avec les peshmergas "}