{"title": "Attentat de Berlin : le terroriste Anis Amri est passé par Lyon", "newspaper": "leparisien", "author": "Stéphane Sellami", "date_publi": "23/12/2016", "theme": "Faits divers", "content": " Le «fantôme» est finalement réapparu trois jours plus tard. Anis Amri, l’auteur présumé de l’attentat au camion-bélier sur un marché de Noël à Berlin en Allemagne, lundi soir, , en Italie. Un pays où il avait été incarcéré entre 2011 et 2015 après avoir incendié une école, et où il s’est radicalisé en prison. Vendredi, de nombreux services de police antiterroristes s’interrogeaient sur la manière dont ce Tunisien de 24 ans -  diffusée, dans la journée par l’agence de propagande de l’organisation djihadiste - a réussi à parcourir les 900 km séparant le théâtre des faits et la capitale de la Lombardie. «C’était un fantôme», a déclaré, quelques heures après sa mort, le préfet de police de Milan, Antonio de Iesu, alors que l’homme le plus recherché d’Europe ne portait sur lui aucun papier d’identité.VIDEO. Attentat de Berlin : l'assaillant avait fait allégeance à l'EI Il avait deux billets de train sur lui Abordé entre 3 et 4 heures du matin par deux policiers qui souhaitaient le contrôler, Anis Amri a fait mine de chercher ses papiers dans un petit sac à dos, avant d’en extirper une arme de poing et de tirer dans leur direction. Un des carabiniers a été blessé à l'épaule, tandis que son collègue a riposté et a abattu le terroriste.\r\n«Il n’avait pas sur lui d’autre arme que le pistolet avec lequel il a fait feu, ni de téléphone, seulement un petit couteau et quelques centaines d’euros», a encore indiqué le préfet de police de Milan. Les policiers . Le premier pour un premier voyage, jeudi en début d’après-midi, entre Lyon (Rhône) et Chambéry (Savoie) ; le second, au départ de cette même ville et à l’arrivée à Milan. Deux billets achetés jeudi.VIDEO. Le suspect de l'attentat de Berlin abattu à Milan par la policeAnis Amri est parvenu à monter dans un train à Chambéry, peu avant 18 heures, sans attirer l’attention. Il est ensuite arrivé, un peu avant 22 heures, à Milan. Selon plusieurs sources, le terroriste aurait pu vouloir gagner la Sicile. Une île où il avait purgé une peine de quatre ans de prison jusqu’à l’été 2015, avant de rejoindre l’Allemagne. La vidéosurveillance lyonnaise en cours d'exploitation Vendredi soir, les enquêteurs de la Direction générale de la sécurité intérieure (DGSI) et de la sous-direction antiterroriste (SDAT) s’échinaient à retracer le parcours en France de l’auteur de l’attaque qui a fait 12 morts et 50 blessés. De nombreux enregistrements de caméras de vidéoprotection des villes de Lyon et de Chambéry, notamment celles déployées autour des gares, étaient en cours d’exploitation. «Il s’agit de déterminer à quel moment et par quel moyen il est entré sur le territoire français, confie une source proche de l’enquête. De multiples vérifications sont en cours, mais c’est un peu comme chercher une aiguille dans une botte de foin…»\r\nUn «passage» par la France . À commencer par Thierry Solère, porte-parole de François Fillon, et député LR des Hauts-de-Seine. «C’est quand même incroyable qu’un terroriste recherché par toutes les polices d’Europe ait pu entrer sur le territoire national, manifestement armé, puis en ressortir, sans être inquiété, alors que nous sommes en plein état d’urgence, s’est insurgé le parlementaire. Nous demandons à Bruno Le Roux des explications sur cette défaillance majeure de notre chaîne de sécurité.»\r\nPlusieurs sources indiquaient que, après avoir été filmé à proximité d’une mosquée de Berlin, dans la nuit de lundi à mardi, Anis Amri se serait rendu à Bruxelles, en Belgique, avant de prendre la direction de la France. Pour l’heure, aucun élément tangible n’a permis de confirmer un tel parcours emprunté par le tueur de Berlin.  "}