{"title": "Attentat de Berlin : comment Anis Amri s'est joué des frontières", "newspaper": "leparisien", "author": "Damien Delseny", "date_publi": "29/12/2016", "theme": "Faits divers", "content": " Une cavale sans précipitation. Avec même un certain sens de la dissimulation et du brouillage des pistes. En quelques heures, alors qu'il était recherché par toutes les polices d'Europe, Anis Amri a pu prendre des bus, des trains, et franchir au moins quatre frontières avec pour seul bagage un sac à dos lesté d'une arme de poing. Depuis qu'il a été abattu, vendredi à Milan, les enquêteurs italiens, français et allemands cherchent à remonter la piste de la cavale d'Anis Amri, façon Petit Poucet. Après son carnage du lundi 19 décembre au soir au coeur du marché de Noël de Berlin, Amri réapparaît le mercredi 21 à Nimègue, aux Pays-Bas, tout près de la frontière allemande. Sur place, il récupère une carte SIM de téléphone portable qui semble provenir d'un lot promotionnel distribué dans plusieurs villes hollandaises à cette période. Encore des zones d'ombre En fin d'après-midi, il embarque dans un autocar FlixBus à destination de Lyon. Il règle son billet en liquide. Le trajet classique de cette ligne quotidienne implique un arrêt à Düsseldorf, en Allemagne, pour prendre une correspondance vers Lyon. Après plusieurs passages de frontière, la silhouette d'Anis Amri se dessine ensuite en fin de matinée le jeudi 22 devant les caméras de vidéosurveillance de la gare de la Part-Dieu en plein centre de Lyon (Rhône). Amri, enserré dans une doudoune, capuche sur la tête, achète un billet de TGV à destination de Milan via Chambéry (Savoie) et Turin, en Italie. Il embarque dans l'après-midi. Mais une fois la frontière avec l'Italie passée, Amri descend du TGV en gare de Bardonnèche. Là, il achète un nouveau billet pour Turin mais décide d'emprunter une ligne régionale. Sans doute une stratégie de sa part. Ce ne sera pas sa dernière escale avant l'arrivée à Milan puisque, d'après les enquêteurs italiens, il aurait ensuite à nouveau changé de moyen de transport pour finir son trajet en bus, après avoir été filmé une nouvelle fois dans la gare centrale de Milan juste avant 1 heure du matin vendredi 23. Il sera abattu deux heures plus tard devant une autre gare milanaise après avoir été aperçu par une patrouille de police étonnée de voir cet homme seul en pleine nuit devant une station fermée. Cette cavale à multiples escales comporte encore des zones d'ombre. La principale restant sa volonté de rejoindre l'Italie. On le sait, Anis Amri a vécu dans la péninsule lors de son arrivée en Europe en 2011, ou plus exactement dans les prisons italiennes. Avait-il gardé des contacts sur place ? La police italienne a perquisitionné deux logements dans la ville d'Aprilia, au sud-est de Rome, où Amri aurait séjourné il y a un an. On sait aussi depuis hier qu'un homme de 40 ans, tunisien lui aussi, est interrogé par la police allemande. Le numéro de cet homme figurait dans le répertoire du téléphone d'Amri. L'enquête européenne sur le terroriste du marché de Noël de Berlin n'a donc pas livré tous ses secrets. Sur toutes les vidéos disponibles, il apparaît seul. Une solitude qui ne l'a pas empêché de garder son sang-froid et de mener pendant un peu plus de trois jours une cavale de plusieurs milliers de kilomètres, sans panique apparente.    "}