{"title": "Marseille : un jeune médecin suspecté de djihadisme arrêté en Turquie ", "newspaper": "leparisien", "author": "Le Parisien", "date_publi": "28/12/2016", "theme": "Faits divers", "content": " Un interne en médecine marseillais, soupçonné de djihadisme, a été arrêté un peu avant Noël en Turquie et expulsé, révèle ce mercredi le journal . L'homme, âgé de 29 ans, est interne en chirurgie orthopédique au sein de l'hôpital de la Timone, à Marseille, où il exerce depuis trois ans. Il n'avait plus donné signé de vie depuis la fin du mois d'octobre. Remis à la France par les autorités turques, le suspect était toujours, mercredi soir, interrogé dans les locaux de la sous-direction antiterroriste (SDAT), à Levallois-Perret. Les enquêteurs pensent qu'il souhaitait rejoindre la zone de combat irako-syrienne. L'homme «menaçait notamment souvent de commettre des attentats» Soupçonné de faire l'apologie du terrorisme, le suspect aurait régulièrement consulté des sites djihadistes et tenu des propos inquiétants sur Twitter. Selon La Provence, son comportement sur le réseau social aurait été signalé par des internautes sur «Pharos», la Plateforme d'Harmonisation, d'Analyse, de Recoupement et d'Orientation des Signalements. L'homme «menaçait notamment souvent de commettre des attentats, c'est un type très inquiétant», a confié une source proche du dossier au quotidien. Il aurait également exprimé son désir de rejoindre la Syrie. Malgré l'anonymat du compte Twitter, les signalements ont permis aux enquêteurs de la direction du Renseignement de la Préfecture de police de Paris (DRPP) de remonter jusqu'au suspect. La brigade criminelle de la PJ de Marseille et les agents du renseignement territorial ont ensuite été chargés de pister le suspect tandis que la section antiterroriste du parquet de Paris était saisie. Sa chambre d'interne perquisitionnée Ne donnant plus signe de vie depuis la fin du mois d'octobre, l'homme a fini un peu avant Noël entre les mains de la police turque, pour une raison néanmoins encore inconnue. Selon La Provence, qui cite une source policière, les enquêteurs français l'auraient maintenu sur écoute et projetaient de l'arrêter dès son retour en France. La perquisition de sa chambre d'interne à l'hôpital de la Timone n'aurait rien donné. De nature solitaire et taciturne, selon certains de ses collègues interrogés, le suspect est connu pour être un bon professionnel qui ne laissait rien transparaître de son éventuelle radicalisation. «Lorsqu'on évoquait les attentats dans des discussions, (il) était plutôt dans la condamnation de ces actes», confie notamment un agent de la Timone.  De source proche de l'hôpital, on indique qu'il «avait effectué un stage d'internat de 6 mois en orthopédie» à la Timone, qui s'était terminé le 31 octobre et qu'il ne faisait dès lors plus partie du personnel. Pendant sa période de travail à l'hôpital, il n'avait posé «apparement aucun problème», ajoute cette source.  "}