{"title": "Egypte : au moins 28 morts dans l'attaque d'un bus transportant des chrétiens", "newspaper": "leparisien", "author": "Le Parisien avec AFP", "date_publi": "26/05/2017", "theme": "International", "content": " Nouvel attentat anti-chrétiens en Egypte. Des hommes armés ont attaqué un bus transportant des chrétiens ce vendredi au sud du Caire. Selon le porte-parole du ministère de la Santé, Khaled Megahed, on dénombre 28 morts et une vingtaine de blessés. Des hommes masqués ont ouvert le feu «à l'arme automatique» sur le bus qui amenait les passagers au monastère de Saint-Samuel, à plus de 200 km de la capital égyptienne, a indiqué à la télévision d'Etat le gouverneur de la province de Minya, Essam el-Bedawi. Les assaillants ont ensuite pris la fuite. Cette attaque intervient un mois et demi après  (le nom donné aux chrétiens en Egypte), qui ont fait 45 morts et ont été revendiqués par le groupe djihadiste de l'Etat islamique (EI). Les attaques se multiplient ces derniers mois Daech, l'acronyme arabe de l'EI, qui a également revendiqué un attentat contre une église copte du Caire en décembre 2016 (29 morts), a multiplié ces derniers mois les attaques contre la minorité copte, qui représente environ 10% des 90 millions d'habitants d'Egypte. La communauté chrétienne égyptienne a reçu le mois dernier Lors d'une visite de deux jours sous haute sécurité, il a plaidé pour la tolérance et le dialogue entre musulmans et chrétiens. La justice égyptienne a annoncé la semaine dernière avoir déféré devant la justice militaire 48 personnes soupçonnées d'être impliquées dans des attaques contre des églises coptes depuis décembre. Une branche de Daech sévit dans le Nord de la péninsule du Sinaï où elle attaque régulièrement les forces de sécurité. Elle y a également procédé à des attaques ciblées contre des chrétiens, poussant des dizaines de familles à fuir.   Les coptes marginalisés depuis la chute de MoubarakL'existence des coptes remonte à l'aube du christianisme. Il s'agit de l'époque où l'Egypte est intégrée aux empires romain puis byzantin après la disparition de la dernière dynastie pharaonique des Ptolémées, d'origine grecque. Le mot «copte» a d'ailleurs la même racine que le terme «Égyptien» en grec ancien. Le déclin des coptes commence avec les invasions arabes du VIIe siècle et l'islamisation progressive du pays.\r\n Les coptes égyptiens sont présents dans tout le pays, avec des concentrations plus fortes en Moyenne-Egypte (centre). On les trouve également dans toutes les catégories sociales, des éboueurs du Caire («zabbaline») aux grandes familles comme les Boutros-Ghali.\r\n Faiblement représentés au gouvernement, les coptes s'estiment tenus à l'écart de nombreux postes de la justice, des universités ou encore de la police. Ils déplorent aussi une législation très contraignante pour l'édification des églises, alors que le régime est beaucoup plus libéral pour les mosquées.\r\n Les islamistes radicaux leur reprochent l'éviction du président Morsi\r\nLa montée d'un islam rigoriste en Egypte a aggravé leur sentiment de marginalisation, surtout depuis la chute du président Hosni Moubarak le 11 février 2011. Le 8 mars, 13 personnes ont été tuées lors d'affrontements entre musulmans et coptes dans le quartier déshérité de Moqattam, au Caire. Deux mois plus tard, d'autres heurts ont fait 15 morts, également dans la capitale.\r\n La minorité chrétienne a subi les représailles d'islamistes radicaux qui lui ont reproché d'avoir soutenu l'éviction par l'armée, en juillet 2013, de l'islamiste Mohamed Morsi, le seul président élu démocratiquement d'Egypte, un an après son accession au pouvoir.\r\n Depuis, plus de 40 églises ont été incendiées ou endommagées, ainsi que des dizaines d'écoles, de maisons et de commerces appartenant à des coptes, selon l'organisation de défense des droits de l'Homme Human Rights Watch. Elle accuse les forces de l'ordre d'avoir été absentes lors de ces attaques confessionnelles.   "}