{"title": "Le 93 se tourne vers le Canada pour lutter contre la radicalisation", "newspaper": "leparisien", "author": "Carole Sterlé", "date_publi": "25/10/2016", "theme": "Seine-Saint-Denis", "content": " Ils ont scellé leur partenariat, en tout petit comité. Le rendez-vous a eu lieu à Pantin, dans un bureau de la Sauvegarde de l'enfance de Seine-Saint-Denis. Le sujet est épineux et tout le monde avance sur la pointe des pieds. « Nous ne sommes pas des experts, il faut rester humbles et modestes », justifie Xavier Bombard, le directeur général de la Sauvegarde 93. Depuis un an, la structure s'est vu confier par la préfecture de Seine-Saint-Denis le soin d'accompagner les personnes dont la radicalisation islamique préoccupe. Un sujet que connaît bien aussi le Canadien Herman Deparice-Okomba. Cet ancien haut fonctionnaire de police est le directeur général du centre de prévention de la radicalisation menant à la violence, créé en 2015 à Montréal. Par ce protocole, les partenaires s'engagent à partager leurs observations afin de mieux faire face à ce phénomène qui conduit certains à se sacrifier au nom d'une idéologie mortifère. « L'approche ultra-sécuritaire ne suffit pas pour vaincre le terrorisme, on ne peut pas faire l'économie de la prévention », insiste Herman Deparice-Okomba, de passage en France. « Voyez, les attentats ont continué à faire toujours plus de victimes alors que l'arsenal sécuritaire avait été renforcé. Et en un an, le nombre de fiches S en France a doublé, passant de 7 000 à 14 000. »  Le centre de prévention du Canada est l'équivalent du secrétariat général pour la prévention de la délinquance et de la radicalisation (SG-CIPD), qui existe en France et gère le numéro vert*. L'un des rares en Amérique du Nord. En un an, le centre a signalé à la police une quinzaine de cas de terrorisme potentiel. Deux pays à six heures d'avion, deux cultures différentes... et cette même conviction que le partage d'observations peut nourrir une démarche commune. « Il n'y a pas de profil type, mais il y a des récurrences dans les trajectoires », notent des professionnels de la Sauvegarde, qui ont mis en exergue des dénominateurs communs. Sur la vingtaine de mineurs actuellement suivis, tous sont déjà passés auparavant au tribunal, soit pour une mesure éducative, soit pour une sanction pénale. Si bien que la Sauvegarde a initié une formation des juges pour enfants et un juge des enfants va rejoindre le dispositif. « Ils sont visionnaires », encense Herman Deparice-Okomba, bien décidé à partager les bonnes pratiques d'un côté et de l'autre de l'Atlantique. * Numéro vert : 0.800.00.56.96. "}