{"title": "Attentat de Manchester : Daech revendique l'attaque qui a fait au moins 22 morts ", "newspaper": "leparisien", "author": "Le Parisien", "date_publi": "23/05/2017", "theme": "Faits divers", "content": " Le groupe Etat islamique (EI) a revendiqué mardi , dans l'ouest de l'Angleterre. Le communiqué, publié par l'EI via l'un de ses canaux de communication sur les réseaux sociaux, Amaq, précise qu'un «des soldats du califat a placé une bombe dans la foule» lors du concert. Le groupe jihadiste menace également de commettre d'autres attaques. EN DIRECT \r\n>   La tuerie du Bataclan, à Paris, en novembre 2015, la fusillade dans un club gay d'Orlando, aux Etats-Unis, en juin 2016, ou encore le carnage perpétré à Istanbul dans la nuit du jour de l'an ont tous été revendiqués par l'organisation terroriste. Réagissant à l'attaque de Manchester, . LIRE AUSSI\r\n>  "}