{"title": "Attentat de Nice : un djihadiste français derrière la revendication", "newspaper": "leparisien", "author": "Le Parisien", "date_publi": "01/10/2016", "theme": "Faits divers", "content": "Le groupe terroriste Etat islamique (EI) a revendiqué deux jours après. En arabe puis en français, par des fichiers sonores via la messagerie électronique Telegram. Le 16 juillet à 11 h 3, un message diffusé par un canal habituel de l'EI a revendiqué l'acte d'un « soldat du califat » qui a « mené une opération spéciale en utilisant un poids lourd » contre les citoyens de la « France croisée » sans que ce terroriste n'ait fait une déclaration d'allégeance.Une première. A 15 h 5, ils diffusent la traduction en français de la précédente. Selon les enquêteurs, l'élément marquant tient au locuteur de cette publication. Ainsi, ils ont identifié un djihadiste français, Adrien Guihal, alias Abou Oussama, 31 ans. Ancien « émir » d'un forum Internet radical, ce Parisien est connu pour son implication au sein des organes médiatiques de l'EI. Début 2012, Adrien Guihal, détenu depuis avril 2010, a été condamné à trois ans de prison ferme pour avoir fomenté, en 2008, un attentat visant les locaux des renseignements généraux à Paris. Elargi en juin 2012 et placé sous contrôle judiciaire, il a depuis rallié les rangs de l'EI.  EN SAVOIR PLUS>>>>       VIDEO. 14 juillet : l'horreur à Nice VIDEO. Attentat de Nice : les parents de Yanis se raccrochent à la vie  "}