{"title": "Evreux : l'ex-soldat radicalisé mis en examen", "newspaper": "leparisien", "author": "Le Parisien avec AFP. ", "date_publi": "08/05/2017", "theme": "Faits divers", "content": " L'ancien militaire radicalisé a été présenté lundi à un juge antiterroriste puis mis en examen et écroué, a indiqué une source judiciaire. Arrêté vendredi aux abords de la base aérienne d'Evreux (Eure), Alain F. estPar ailleurs, le parquet de Paris a ouvert ce lundi une information judiciaire pour «entreprise individuelle terroriste» et «tentative d'intrusion sur un terrain militaire». » a reconnu en garde à vue avoir envisagé de commettre un attentat e, faute de pouvoir rejoindre ses rangs en Syrie. LIRE AUSSI\r\n>  \r\n  Devant les enquêteurs, le suspect a tenu des propos décousus mais pas incohérents et son état a été jugé compatible avec sa garde à vue. Rien ne permet d'affirmer à ce stade que cet homme a réussi à pénétrer dans l'enceinte militaire et les enquêteurs cherchent encore à déterminer s'il était sur le point de commettre une action violente ou s'il faisait des repérages. Il semble néanmoins, à ce stade des investigations, avoir mené son projet de manière solitaire, sans complicité ni lien établi avec l'organisation djihadiste. D'où le recours à la rare qualification d'«entreprise individuelle terroriste». \r\n Pas fiché S mais étroitement surveillé \r\nAlain F. avait quitté l'armée en 2013 après 10 années de service. L'ex-soldat s'était converti à l'islam et était surveillé depuis 2014 pour sa radicalisation. En 2015 et 2017, son domicile avait fait l'objet de deux perquisitions administratives. Cet habitant de Veulette-sur-Mer (Seine-Maritime) avait aussi été visé par une enquête judiciaire, soupçonné d'avoir cherché à se procurer des armes, mais les investigations n'avaient pas abouti.Sans être fiché S, cet homme né à Melun (Seine-et-Marne) en février 1983 était en revanche inscrit au Fichier des signalements pour la prévention de la radicalisation à caractère terroriste (FSPRT). L'enquête a été confiée principalement à la Sous-direction antiterroriste de la police judiciaire (Sdat). "}