{"title": "308 personnes signalées comme radicalisées", "newspaper": "leparisien", "author": "F.L.", "date_publi": "26/01/2017", "theme": "Essonne", "content": "Dans le département, 308 personnes sont aujourd'hui inscrites au fichier des signalements pour la prévention de la radicalisation à caractère terroriste. Selon des chiffres confidentiels révélés hier dans notre Fait du Jour, 17 d'entre eux exercent un métier dans le secteur des transports, six dans la sécurité et quatre dans une administration. Face à ce risque nouveau, la préfecture de l'Essonne a engagé une psychologue qui analyse et accompagne les familles ou les jeunes « face à ce danger », indique Josiane Chevalier, la préfète de l'Essonne. Par ailleurs, cette année, 350 travailleurs sociaux ont suivi une formation pour être sensibilisés à la radicalisation. « On essaye d'avoir un suivi dès qu'une personne est en dérive, sans forcément qu'il soit encore radicalisé », appuie Eric Lallement, le procureur d'Évry. « Une vingtaine de réunions thématiques autour de la prévention ont eu lieu en 2016 avec les différents partenaires et acteurs publics, car les maires et leurs agents sont ceux qui connaissent le mieux les habitants », reprend Josiane Chevalier. Une cellule de prévention de la radicalisation va être créée cette année entre le parquet, la préfecture et différents acteurs. "}