{"title": "Attentat de Manchester : à Lyon, la musique plus forte que la peur", "newspaper": "leparisien", "author": "Catherine Lagrange à Lyon (Rhône)", "date_publi": "24/05/2017", "theme": "Faits divers", "content": " Devant la halle Tony-Garnier, dans le quartier de Gerland à Lyon, les fans de M. Pokora, pour la plupart des familles avec des enfants, affichent sourires et patience. Et ce malgré la longue file d'attente qui serpente derrière les barrières métalliques jusqu'au poste de sécurité. Pourtant, tous ont en tête les  qui a causé 22 morts et fait des dizaines de blessés à la sortie du concert d'Ariana Grande. A Lyon, même public, très jeune. Sébastien, 40 ans, est là avec sa femme, sa soeur et leurs quatre enfants, âgées de 6 à 12 ans. «Ce soir, on ressent une petite angoisse, reconnaît le père de famille, mais on a choisi de venir quand même au concert, sinon ils (NDLR : les terroristes) ont gagné.» Sa fille Clara, collégienne de 12 ans, va assister à son premier concert et fait preuve d'une impressionnante maturité : «On en a beaucoup parlé entre nous au collège, de cet attentat, et avec ce qu'on a vu à la télé, on a peur, mais on s'est dit qu'il ne fallait pas s'arrêter de vivre.» «Résister»Shirley, également la quarantaine, attend elle aussi sagement la fouille des services de sécurité : «C'est normal, c'est même plutôt rassurant», estime cette mère de famille qui ne cache pas malgré tout son angoisse. «C'est vrai, j'ai peur et je pense que ce genre de choses n'arrive pas qu'aux autres.» Shirley a décidé de surmonter sa peur pour venir applaudir son idole sur scène. Marylou, sa fille de 12 ans qui s'apprête, elle aussi, à assister à son premier concert, n'est pas rassurée. «Moi, je ne voulais pas venir parce que j'ai peur», confie la jeune fille, manifestement embarrassée. Sa mère tente de faire oeuvre de pédagogie : «Il ne faut pas se laisser faire ! C'est ce que je veux montrer à ma fille ce soir. C'est une façon de résister, explique Shirley. Les Français sont des résistants.» QUESTION DU JOUR.  Angélique et Julien, même génération, enfants du même âge, partagent les mêmes sentiments. «Evidemment, on s'est posé la question de venir ce soir, reconnaît Julien, mais on a vite tranché en faveur du oui.» «Là, on a une petite crainte, on pense à Manchester, et malgré la présence des soldats, on sait très bien que le risque zéro n'existe pas», note sa femme. Devant la halle Tony-Garnier, qui peut accueillir entre 3 000 et 17 000 spectateurs, 60 agents de sécurité sont déployés en plus des forces de police et du dispositif Vigipirate. La direction de la salle de concert a également répété dans la journée différents scénarios permettant de confiner en un temps record le public à l'intérieur du bâtiment, ou au contraire de l'évacuer en une vingtaine de minutes. «Le niveau de vigilance est déjà au maximum, indique la préfecture de police, mais on a effectivement demandé aux organisateurs d'être particulièrement vigilants dans les opérations de fouille.» La préfecture se veut rassurante : «Avec l'état d'urgence, le niveau de protection est plus poussé en France qu'en Grande-Bretagne, explique-t-on au cabinet du préfet, et nous bénéficions .» Sécurité accrue mercredi soir à l'AccorHotels ArenaLa maire de Paris, Anne Hidalgo, dans les prochains jours à Paris, estimant que «continuer à vivre est la meilleure recette contre le terrorisme», tout en rehaussant le niveau de sécurité dans les salles. Ce sera particulièrement le cas ce mercredi soir à l'AccorHotels Arena (ex-Palais omnisports de Paris-Bercy) pour accueillir le chanteur canadien Shawn Mendes, 18 ans, dont le public ressemble à celui d'Ariana Grande : des jeunes filles, des enfants et des ados. En deux ans et un album, «Illuminate» -- disque d'or en France -- la jeune popstar est passée de la Boule Noire, salle de 300 places à Pigalle, à l'AccorHotels Arena (en version basse). Une réunion de crise a eu lieu mardi soir à Bercy entre le management de l'artiste, le producteur français du concert, Gérard Drouot, et la direction de la salle pour renforcer la sécurité des 12 000 fans et de leurs parents attendus ce mercredi soir à Paris. Les organisateurs «espèrent maintenant que le public viendra».Eric Bureau   "}