{"title": "L'ex-militaire radicalisé arrêté à Evreux avait envisagé une attaque en France", "newspaper": "leparisien", "author": "Le Parisien", "date_publi": "06/05/2017", "theme": "Faits divers", "content": "  à l'aube aux abords de la base aérienne d'Evreux (Eure) a reconnu en garde à vue avoir envisagé de commettre une attaque au nom du groupe djihadiste Etat islamique. selon des sources proches de l'enquête, tient des «propos décousus mais pas incohérents» devant les enquêteurs et son état a été jugée compatible avec sa garde à vue. Dix ans dans l'armée de TerreConformément à ses premières réponses aux enquêteurs, une déclaration d'allégeance à l'organisation djihadiste de l'EI a été retrouvée sur la clé USB saisie dans sa voiture. Cet ancien militaire, qui a quitté l'armée de Terre en 2013 au bout de 10 ans, s'était converti à l'islam et faisait l'objet d'une étroite surveillance depuis 2014 en raison de sa radicalisation. Imprégné de l'idéologie de l'Etat islamique, il a expliqué aux enquêteurs avoir envisagé, faute de pouvoir se rendre en Syrie, de passer à l'acte en France.  "}