{"title": "Attentats de Paris : les occasions manquées de la police belge", "newspaper": "leparisien", "author": "Le Parisien", "date_publi": "08/10/2016", "theme": "Attentats à Paris", "content": "Selon des extraits d'un rapport confidentiel de la police des polices d'outre-Quiévrain publiés samedi dans un journal flamand, la police belge est passée à côté de treize occasions de démasquer les auteurs des attentats de Paris avant que ,Dès février 2015, la police belge était en possession d'écoutes téléphoniques liant des personnes soupçonnées de terrorisme avec , l'unique membre encore vivant des , selon le rapport cité par le quotidien . Faute de personnel disponible, la police n'avait pas donné suite. Sur ces treize occasions manquées, six sont dues à des manques de personnel. Des informations inexploitées La police belge avait également ignoré une requête des autorités espagnoles concernant le frère aîné de Salah Abdeslam, , après qu'il se fut rendu dans la péninsule ibérique en mars 2015. Huit mois après ce voyage,  La réponse belge n'est parvenue qu'après les attentats.Des informations sur le kamikaze  sont aussi restées inexploitées durant six mois, toujours en raison du manque d'enquêteurs. Enfin, des informations secrètes sur des attaques en Europe de l'Ouest sous la direction d' ont aussi longtemps été conservées sans être exploitées par le parquet fédéral.Ce rapport émanant du «Comité P, la police des polices, dont des extraits avaient déjà fuité, pointe les failles dans la manière dont l'enquête sur les auteurs des attentats qui ont fait 130 morts le 13 novembre à Paris avait été menée en Belgique. Le rapport, désormais finalisé, devrait être transmis à une commission spéciale du parlement belge, selon le quotidien flamand.\r\nEn mai dernier,   "}