{"title": "L'ex-directeur de la police parle de terrorisme", "newspaper": "leparisien", "author": "Le Parisien", "date_publi": "18/10/2016", "theme": "Val-de-Marne", "content": "Frédéric Péchenard,ancien directeur général de la police nationale donne une conférence sur le thème « Face à la menace terroriste, la France peut-elle faire mieux ? ». Ancien chef de la section antiterroriste de la brigade criminelle, cet ami de Nicolas Sarkozy va grimper les échelons de la police avant d'entamer en 2013 une carrière politique chez Les Républicains. Il est aujourd'hui vice-président du conseil régional chargé de la sécurité. Marie-Carole Ciuntu, maire (LR) de Sucy-en-Brie et vice-présidente du conseil régional, sera présente. Ce soir, à 20 h 30 à l'espace Jean-Marie-Poirier, esplanade du 18-Juin-1940. "}