{"title": "France-Angleterre : Macron et May au Stade de France en hommage aux victimes des attentats", "newspaper": "leparisien", "author": "Le Parisien", "date_publi": "12/06/2017", "theme": "International", "content": " Le président français Emmanuel Macron et la Première ministre britannique Theresa May sont attendus au Stade de France mardi soir pour assister à l'hommage rendu aux victimes des  et , survenus respectivement le 22 mai et le 3 juin.  Une minute de silence sera observée et le protocole habituel, qui voit l'équipe visiteuse entonner son hymne avant celui de l'équipe à domicile, sera bouleversé. God Save The Queen, l'hymne anglais, sera en effet joué après La Marseillaise, , pour marquer l'hommage aux victimes . Les paroles seront diffusées sur les écrans géants du stade pour permettre au public de reprendre en choeur. «Une histoire d'amitié» «J'étais là lors du match à Wembley, et aujourd'hui je suis reconnaissant de voir que les Français vont nous rendre la pareille. C'est un honneur pour nous Anglais de voir que notre rivalité ne s'arrête pas là mais que nous avons également une histoire d'amitié», a réagi lundi le sélectionneur anglais Gareth Southgate. «Si l'hymne de l'Angleterre est chanté, que tout le monde puisse l'accompagner, avait souhaité le milieu de terrain Blaise Matuidi, dimanche lors d'un point-presse à Clairefontaine. «Ca serait sympa, mais ce n'est pas essentiel, a souligné Southgate. Nous voulions soutenir la France lors du match qui avait suivi l'attentat de Paris, mais si le public ne se sent pas à l'aise pour chanter notre hymne, ce n'est pas un problème, nous comprendrons». Avant la minute de silence, les joueurs des deux équipes seront mêlés les uns aux autres en signe de fraternité. "}