{"title": "Terrorisme : l'Allemagne extrade un Tunisien  «en relation» avec Anis Amri", "newspaper": "leparisien", "author": "Le Parisien", "date_publi": "03/02/2017", "theme": "Faits divers", "content": " Un ressortissant tunisien «en relation avec , a été extradé mercredi vers son pays d'origine par l'Allemagne, a indiqué jeudi le porte-parole du Parquet tunisien, Sofiène Sliti. Ce Tunisien, dont l'identité n'est pas connue, «n'est pas impliqué dans l'attaque de Berlin» mais «le pôle judiciaire antiterroriste a décidé de le mettre en détention provisoire et de le poursuivre pour appartenance à un groupe terroriste», a-t-il ajouté. Selon les éléments en possession des autorités judiciaires tunisiennes, il est accusé d'avoir voulu rejoindre les rangs de groupes djihadistes en Syrie. Interpellé pour fraude à l'aide sociale Cet homme âgé de 26 ans avait été arrêté à Berlin début janvier parce qu'il était soupçonné de fraude à l'aide sociale, . Par la suite, les enquêteurs ont découvert qu'il aurait été en contact avec Anis Amri peu de temps avant l'attentat. Anis Amri, 24 ans, est accusé d'avoir tué le 19 décembre douze personnes et blessé des dizaines d'autres à Berlin sur un marché de Noël (infographie ci-dessous). Il avait fait allégeance au groupe extrémiste Etat islamique (EI) l. Quatre jours plus tard, Un contentieux entre l'Allemagne et la Tunisie sur les expulsions L'enquête a toutefois fait naître des tensions, en faisant apparaître que la Tunisie n'avait pas donné suite durant des mois à une demande de l'Allemagne de renvoyer Anis Amri dans son pays. Berlin souhaite depuis accélérer l'expulsion des ressortissants des pays du Maghreb déboutés de leur demande d'asile. Certains responsables ont même réclamé de réduire l'aide au développement aux Etats concernés s'ils ne se montrent pas plus coopératifs. Dans ce contexte, l'Allemagne a annoncé mercredi avoir arrêté un Tunisien pour avoir fondé une cellule du groupe EI dans le but de commettre un attentat. Elle a précisé qu'il était aussi recherché dans son pays  et de et de la ville de Ben Guerdane en Tunisie. Le 12 janvier, en réponse aux critiques allemandes, le président Béji Caïd Essebsi a assuré que la Tunisie comptait assumer ses responsabilités». Sur l'immigration illégale, «nous avons des accords bilatéraux avec certains pays y compris l'Allemagne, ce sont de bons accords et ils vont être appliqués», a-t-il dit. Peu après l'attentat de Berlin,  avant de conclure qu'ils n'avaient «aucun lien» avec l'attaque. Le neveu d'Anis Amri est toutefois toujours détenu car soupçonné d'avoir lui aussi eu l'intention de rejoindre des organisations djihadistes.   "}