{"title": "Attentat de Londres : un impact sur les législatives britanniques ?", "newspaper": "leparisien", "author": "PH.M.", "date_publi": "05/06/2017", "theme": "Faits divers", "content": " À quelques jours des législatives du 8 juin - dont Theresa May a annoncé dimanche matin qu'elles se tiendront à la date prévue -,  aura-t-il une incidence sur le vote ? Après avoir créé la surprise en provoquant des élections pour conforter sa majorité (qui n'est que de 10 sièges), la Première ministre britannique avait d'abord été donnée largement gagnante. Mais ces dernières semaines, l'écart avec les travaillistes a fondu. EN DIRECT\r\n> Dimanche, les politiques de tous bords au Royaume-Uni ont condamné la dernière attaque et appelé les Britanniques à faire bloc. Mais après une journée d'interruption de la campagne observée par tous les partis, le débat sur la sécurité sera sans doute de retour dès ce lundi. Les adversaires de Theresa May ne manqueront pas de rappeler que durant ses six ans à la tête du ministère de l'Intérieur (2010-2016) 13 % des postes de policiers ont été supprimés et que le budget de la police a diminué de 20 % de 2010 à 2015. Même si le budget de la lutte antiterroriste a ensuite été augmenté de 30 %, les électeurs pourraient vouloir sanctionner celle qui est depuis arrivée au 10 Downing Street, au profit du Labour de Jeremy Corbyn. A moins que, face à la gravité de la situation, ils préfèrent conforter l'exécutif en place.  "}