{"title": "Mayenne : l'ex-terroriste du GIA en cavale, Merouane Benahmed, arrêté en Suisse", "newspaper": "leparisien", "author": "Julien Muller (@Julien__Mlr)", "date_publi": "22/09/2016", "theme": "Faits divers", "content": "L'ex-terroriste du GIA Merouane Benahmed, en cavale depuis deux semaines, a été arrêté en Suisse, . Une information confirmée par l'Office fédéral suisse de la Justice. L'homme de 42 ans a fait une demande d'asile politique à la Suisse. Merouane Benahmed , où il était assigné à résidence depuis décembre 2015, à Evron (Mayenne). Plus précisément, c'est dans la commune de Vallorbe (canton suisse de Vaud), que l'ex terroriste a été interpellé,  L'homme serait accompagné de sa femme et de ses enfants. Vallorbe située à quelques kilomètres à peine du Doubs et de la frontière avec la France. Merouane Benahmed s'est en fait présenté lui-même «dans le centre d'enregistrement» de demandeurs d'asile à Vallorbe, a expliqué le chef Information et communication, Gieri Cavelty. Après avoir demandé l'asile à la Suisse, Merouane Benahmed s'oppose à son extradition vers la France où il est recherché pour non respect de l'assignation à résidence, a annoncé la police cantonale vaudoise. Concrètement, cela signifie que la Suisse va devoir désormais demander aux autorités françaises d'envoyer à Berne une demande formelle d'extradition, explique Folco Galli, porte-parole de l'OFJ. L'ancien membre du Groupe islamique armé algérien (GIA) ne s'était pas présenté à la gendarmerie le 8 septembre dernier, pour l'un de ses quatre pointages quotidiens. Personne à 9h30, ni à 11h30. Merouane Benahmed avait été condamné à dix ans de prison en 2006, soupçonné de préparer des attentats à Paris. En 2011, à sa sortie de prison, interdit de séjour en France, ce dernier n'avait pas pu être extradé vers son pays d'origine, l'Algérie, où il risque la peine de mort. "}