{"title": "Oise : condamné pour avoir consulté des sites en lien avec les terroristes", "newspaper": "leparisien", "author": "Le Parisien", "date_publi": "01/12/2016", "theme": "Méru", "content": "Le tribunal correctionnel de Beauvais (Oise) a condamné, ce mercredi, un Méruvien âgé de 22 ans à huit mois de prison avec sursis et à 1 000 € d’amende pour consultation habituelle de sites de propagande en lien avec une organisation terroriste. 206 images relatives à Daech ainsi qu’une application permettant notamment de communiquer de manière cryptée avec des combattants en Syrie et en Irak avaient été retrouvées sur le téléphone portable de l’opérateur sur chaîne en intérim, dans le cadre d’une perquisition administrative menée lundi sur réquisition du préfet de l’Oise. « J’entends beaucoup de choses à la télé mais en tant que musulman, j’aime bien rechercher par moi-même les informations », a argumenté le jeune homme sans casier judiciaire, prétendant se « documenter » quand la substitut du procureur voyait en ce garçon « intelligent », « le profil type du candidat au djihad qu’il faut mettre hors d’état de nuire ». "}