{"title": "Attentats de Paris: les avocats de Salah Abdeslam renoncent à le défendre", "newspaper": "leparisien", "author": "J.Cl.", "date_publi": "12/10/2016", "theme": "Attentats à Paris", "content": "Il était « désireux de s'expliquer au plus vite devant la justice française », affirmait son avocat belge. Était. Car Salah Abdeslam, seul membre connu des , ne veut plus parler. Et ses avocats, le Français Frank Berton et le Belge Sven Mary, renoncent désormais à défendre leur client. Le premier lui a téléphoné jeudi dernier pour l'avertir. « Nous savons et nous avons la conviction, et il nous l’a dit, qu’il ne s’exprimera pas et qu’il appliquera le droit au silence. Qu’est-ce que vous voulez qu’on fasse? Nous avons prévenu, je l’ai dit depuis le premier jour, si mon client reste muet, nous quitterons sa défense », a expliqué Me Berton  mardi lors d'un entretien conjoint à Bruxelles. « Ce dossier était pourtant une affaire à laquelle je tenais parce qu'elle est inédite. Ma rencontre avec cet homme a été unique : Salah Abdeslam était sur une civière, attaché, menotté, encadré de huit policiers cagoulés. Il sortait du bloc opératoire, encore anesthésié, où l'on venait de lui retirer une balle de la jambe suite à son arrestation », raconte le conseil bruxellois .  Selon eux, , qu'ils ont contesté en vain en justice, expliquerait que le Français de 27 ans,  par la justice française, se mure dans le silence.\r\n « J'ai le sentiment d'un immense gâchis », explique Franck Berton, qui poursuit, dans L'Obs, que « un médecin sans patient ne guérit personne. Il en va de même de la défense d'un avocat, elle n'existe pas sans le client ». « J'ai vu Salah Abdeslam sombrer de mois en mois. Lorsque chacun scrute même la nuit vos faits et gestes, vous devenez dingue. Et ça c’est une . Ce n’est pas une décision de la justice », insiste-t-il sur BFM. Et son confrère de déplorer : « on crée un mutisme chez Salah Abdeslam mais les vraies victimes sont celles des attentats de Paris, parce qu’elles ont droit à cette vérité et elles ont droit à tenter de comprendre l’incompréhensible », déplore encore le conseil. Selon les deux avocats, Abdeslam ne souhaite pas être représenté par quelqu'un d'autre pour le moment et va écrire au juge d'instruction pour lui signifier cette décision. Pendant toute la durée de l'instruction, la présence d'un avocat à ses côtés n'est pas obligatoire. Elle le sera en revanche au moment du procès. Et Franck Berton d'insister : « on était persuadés qu'il avait des choses à dire et qu'il allait les dire. Il ne dira plus rien. Mais quel dommage ». Salah Abdeslam a refusé deux fois de parler aux juges d'instruction parisiens Au lendemain de son arrestation, le 18 mars à Bruxelles, Salah Abdeslam avait parlé aux enquêteurs belges. . Il accusait , qui s'est fait exploser à la terrasse du Comptoir Voltaire, et  d'être , lui n'étant que la petite main de son frère. Il avait aussi dit que dix personnes, avec lui, avaient participé aux attaques cette nuit là. Et il affirmait n'avoir vu Abaaoud qu'une seule fois, dans la nuit du 11 au 12 novembre, à Charleroi. Des déclarations bien minces au regard d'une amitié de jeunesse à Molenbeek. Abdeslam avait encore affirmé qu'il était destiné à se faire sauter au Stade de France, où il avait déposé «  et  », mais avait renoncé et avait ensuite roulé au hasard. Il disait aussi souhaiter rentrer en France. Et puis... Abdeslam aurait été fâché que le procureur de la République français, François Molins, révèle des éléments de ce premier interrogatoire. Sven Mary avait d'ailleurs déposé une plainte contre lui, avec constitution de partie civile, pour violation du secret de l'instruction. , Salah Abdeslam a refusé à deux reprises de parler dans le bureaux des juges d'instruction du pôle antiterroriste,  et . Il leur a écrit pour leur signifier son choix de ne plus être représenté. Le droit l'autorise à ne pas avoir d'avocat tout le temps de l'instruction. Il lui en faudra un au moment du procès. Abdeslam devait être auditionné une nouvelle fois en novembre.  « Je pense qu'il n'aura pas d'autre d'avocat. Il n'en a plus envie. Salah Abdeslam abandonne. C'est comme un suicide », confie encore Franck Berton à L'Obs. L'avocat décrit un homme traité en « bête sauvage » pour, selon lui, répondre « à une attente populiste ». « Sa fenêtre est obstruée par un plexiglass, il n'a pas accès à l'air. Il voit sa famille derrière une vitre, il n'a plus le moindre contact physique avec quiconque, hormis les fouilles au corps. (…) Salah Abdeslam ne s'appartient plus. Il ne lui reste plus que son silence ». Le terroriste peu convaincu par la guerre fondamentaliste, à l'en croire, se serait maintenant « radicalisé à l'extrême ». \r\n  b>VIDEO. Me Frank Berton : Salah Abdeslam est mis en examen et placé en détention provisoire  "}