{"title": "Marne-la-Vallée : année noire et pertes records pour Euro Disney", "newspaper": "leparisien", "author": "Hendrik Delaireet Sébastien Roselé", "date_publi": "13/11/2016", "theme": "Chessy", "content": "C’est une année noire que vient de connaître Euro Disney. Le groupe, qui emploie quelque 15000 salariés dans les parcs et hôtels Disneyland Paris à Marne-la-Vallée,  a présenté ses résultats pour l’exercice 2015-2016, clos le 30 septembre dernier. Une année durant laquelle le groupe a enregistré un recul de son chiffre d’affaires de 7 % et une perte d’exploitation de 242 M€, contre 57 M€ lors de l’exercice précédent. Compte tenu de la dépréciation d’actifs, la perte nette consolidée atteint 858 M€, contre 102 M€ l’an dernier. A la clôture de la bourse de Paris, jeudi soir, l’action Euro Disney perdait - 1,75 % par rapport à la veille, cotant 1,12 €.Ces pertes records s’expliquent principalement par une diminution de la fréquentation de 10 % des parcs d’attractions de Marne-la-Vallée atteignant 13, 4 millions de visiteurs. Une fréquentation également en berne dans les commerces du Disney Village et dans les hôtels du groupe qui ont vu leurs réservations baisser de 79 % à 77 %.« Cette année a été exceptionnellement difficile pour Disneyland Paris. Nous avons été touchés par plusieurs facteurs externes qui ont fortement affecté l’industrie du tourisme dans la région parisienne », explique la présidente du groupe, Catherine Powell. La dirigeante évoque sans les citer les attentats de Paris, Bruxelles et Nice et les fréquentes alertes dans plusieurs pays d’Europe. Par respect du deuil national, les parcs avaient d’ailleurs fermé leurs portes pendant quatre jours, une première dans leur histoire, juste après les attentats du 13 novembre 2015.Preuve de l’efficacité du dispositif de sécurité du complexe de loisirs, l’arrestation d’un homme armé, détecté par les portiques à rayons X à l’entrée de l’hôtel New York, le 28 janvier. Il transportait dans une valise deux pistolets automatiques et deux chargeurs approvisionnés. Il a été condamné au port d’un bracelet électronique pendant six mois.Le terrorisme n’est pas la seule explication de la baisse de fréquentation. Les restrictions de circulation lors de la Cop 21 en décembre, les mouvements sociaux du printemps contre la loi Travail et les mauvaises conditions météo de mai et juin ont aussi dissuadé la clientèle.« Un environnement défavorable » auquel se sont ajoutés l’augmentation des coûts liés à la sécurité, la rénovation et le lancement de nouvelles attractions, selon la présidente du groupe. Catherine Powell compte sur les festivités du 25e anniversaire de Disneyland Paris, dès la fin mars 2017. Ainsi que sur le lancement de nouvelles attractions et spectacles pour relancer l’activité du groupe. De nouvelles attractions qui plongeront notamment les visiteurs dans l’univers de la saga Star Wars.« On n’a pas si mal résisté même si cela reste difficile », conclut-on en interne à Euro Disney. « On reste confiant. » Et aucun risque de licenciements, assure-t-on. « Ce n’est pas du tout envisagé. Avec ce 25e anniversaire, il faut maintenir le personnel pour accueillir le public. »« Je ne vais pas changer mes habitudes pour des fanatiques », se convainc Yannick, 47 ans, de Douvrin (Pas-de-Calais)Chessy, ce dimanche après-midi. Comme Yannick, Cyrille et leur fille Anne-Laure, les visiteurs ont décidé de ne pas laisser la peur limiter leurs sorties. LP/S. R. Bien sûr, il y a le risque d’attentat qui plane. « Ce n’est pas pour ça qu’il faut arrêter de vivre. Je ne vais pas changer mes habitudes pour des fanatiques », scande Yannick, 47 ans, qui est venu de Douvrin (Pas-de-Calais) avec son épouse Cyrille et leur fille de 10 ans. « On est même venus un week-end juste après Charlie Hebdo. Je ne dirais pas qu’on fait de la résistance mais… »A l’instar de ce couple, et même si la fréquentation à Disney a baissé, beaucoup ont décidé de continuer à venir. « Sinon on ne fait plus rien ! », lance Audrey, 36 ans, de Frontignan (Hérault). « Nous, on vient de Nice en plus ! », ajoute de son côté Sonia, 39 ans, comme pour dire qu’ils ont conscience de ce qu’est le danger. « Le risque est partout, de toute façon », soupire son compagnon, Christophe, un brin résigné.Côté dépenses dans le parc, tous affirment ne pas se limiter. « De toute façon, c’est impossible, on est toujours tentés ! », s’exclame Sonia. Seul, Kévin, 30 ans, de Notre-Dame-de-Gravenchon (Seine-Maritime) se restreint. « C’est 200 € de budget pour nous cinq, sans les repas et les entrées. C’est que pour les souvenirs. » "}