{"title": " Belgique : quatre personnes inculpées après le coup de filet antiterroriste", "newspaper": "leparisien", "author": "Le Parisien", "date_publi": "18/10/2016", "theme": "Faits divers", "content": "Après les 15 perquisitions et arrestations menées mardi matin dans plusieurs villes du nord de la Belgique, dont Anvers et Gand, quatre personnes ont été finalement inculpées pour participation aux activités d'un groupe terroriste, a annoncé le parquet fédéral belge. Parmi les inculpés, certains sont «suspectés d'avoir voulu recruter des personnes pour qu'elles se rendent en Syrie en vue d'y rejoindre l'EI (l'organisation Etat islamique)», souligne le parquet, précisant dans un communiqué que les arrestations ont eu lieu «notamment» à Gand, Deinze et Anvers.  Le coup de filet avait eu lieu dans le cadre d'un dossier de terrorisme du parquet fédéral, «à la demande du juge d'instruction de Flandre orientale spécialisé en matière de terrorisme». Il n'y a «pour le moment aucun lien» avec les enquêtes ouvertes après et à la station de métro Maelbeek, est-il aussi souligné dans le communiqué. «Ni arme, ni explosif n'ont été retrouvés» lors des 15 perquisitions, est-il indiqué. La Belgique,victime d'attentats revendiqués par l'EI Les perquisitions ont été exécutées sous la direction de la police judiciaire fédérale de Flandre orientale (la province de Gand, ndlr) avec l'assistance d'Europol et d'équipes de la PJ fédérale d'Anvers. La Belgique, qui a été la cible le 22 mars d'attentats revendiqués par l'organisation Etat islamique (EI), reste sous la menace terroriste, comme les pays voisins. Des policiers ont été également visés dans des (sud) et le 6 octobre dans la commune bruxelloise de Schaerbeek, où un ancien militaire de 43 ans avait agressé au couteau et blessé un couple de fonctionnaires en pleine rue.   "}