{"title": "Paris : panique au lycée Louis-le-Grand à cause… d’une mitraillette en plastique !", "newspaper": "leparisien", "author": "Céline Carez", "date_publi": "13/01/2017", "theme": "Paris V", "content": "C’était une réplique de fusil d’assaut qui a fait son petit effet ! Un jeune homme de 19 ans, place du Panthéon (Ve), qui se promenait ce vendredi après-midi en plein Paris, flanqué d’un Famas, a semé une belle panique. La scène s’est déroulée au cœur du quartier latin, autour des grandes écoles, les lycées Louis-le-Grand (LLL) (Ve), rue Saint-Jacques (Ve), Henri IV (H4) et l’université de la Sorbonne. Ce sont des riverains qui ont appelé la police s’inquiétant de voir ce jeune homme armé déambuler tranquillement. En plein Etat d’urgence, la menace terroriste a été prise au sérieux. Il a été décidé de confiner 5 000 élèves dans les deux lycées H4 et LLL et de placer la Sorbonne en alerte ! Le rectorat de Paris a été avisé. « A Henri IV, certains élèves dans les classes ne se sont aperçus de rien !, ironise une source éducative. On n’a pas été leur dire ! ». L’alerte a été levée en fin d’après-midi. A Louis-le-Grand, en revanche, ça a été moins discret… « Nous avons reçu des SMS de l’administration nous indiquant que nos enfants étaient confinés, relate une maman d’élève. Quand nous sommes venus les chercher, il y avait des policiers et des soldats partout et des voitures police devant le lycée ». « En guise de menace terroriste, s’agace une source policière, c’est un jeune qui s’adonne aux jeux de guerre air soft qui se baladait dans la rue en toute innocence ! ». Le militaire en herbe s’est d’ailleurs présenté de lui-même à la police. Il n’a pas été placé en garde à vue mais juste a entendu au commissariat du 5-6, rue de la Montagne Sainte-Geneviève (Ve). Les policiers ont cependant voulu se rendre au domicile du jeune. Ils y ont découvert d’autres joujous… dont un revolver et une carabine. "}