{"title": "Attentat de Londres : ce que l'on sait de Khuram Butt, l'un des terroristes présumés", "newspaper": "leparisien", "author": "Z.L.", "date_publi": "05/06/2017", "theme": "Faits divers", "content": " Il est l'Surnommé «Abz», par la police britannique, Khuram Butt, 27 ans, d'origine pakistanaise a un temps été employé par la chaîne de fast-food KFC et par le métro londonien, rapporte ce lundi la presse britannique. Il est considéré par la police comme étant le meneur du trio qui a semé la terreur ce soir-là. LIRE AUSSI\r\n> \r\nLorsqu'il a été abattu par des policiers samedi soir près du London Bridge, «Abz» portait un tee-shirt de l'équipe de football londonienne Arsenal. Autour de sa taille était attachée une fausse ceinture d'explosifs composée de canettes. . Il venait de se faire abattre par la police. \r\nMarié et près de deux enfants\r\nDans un documentaire diffusé par Channel 4 intitulé «Mon voisin le djihadiste», Khuram Butt apparaissait se disputant avec la police parce qu'il avait brandi un drapeau de Daech dans Regent's Park, dans le centre de Londres. \r\nLe jeune homme serait marié et père de deux jeunes enfants. Selon la presse, ses parents ont été des demandeurs d'asile pakistanais. Son père vit à Londres et sa mère est décédée. \r\nSes voisins, cités par les médias, le décrivent comme un fan de football, qui aime faire de la musculation dans une salle. Ils assurent également que la semaine dernière encore, «Abz» avait organisé un barbecue auquel il avait convié le voisinage.   Banni de sa mosquée\r\nIl semblerait que certains aient remarqué sa radicalisation. Selon le, deux plaintes pour prosélytisme visaient déjà «Abz». Un ancien ami avait en effet fait un signalement à la police car il l'avait vu se radicaliser en regardant des vidéos sur Youtube diffusées par un prêcheur américain de Daech. Une voisine de l'assaillant avait également signalé que Khuram Butt avait tenté de convertir ses enfants et de les radicaliser.  \r\nIl est également rapporté qu'«Abz» a été banni de sa mosquée après s'être disputé avec son imam qu'il avait interrompu durant le prêche car il ne supportait pas les encouragements de l'homme de foi à aller voter.  VIDEO. Attentat de Londres : «Ils ont encerclé les suspects, et les ont abattus»\r\n  "}