{"title": "Val-d'Oise : un proche de la soeur de Mohamed Abrini interpellé avant d'être relâché", "newspaper": "leparisien", "author": "Julien Muller (@Julien__Mlr)", "date_publi": "22/11/2016", "theme": "Faits divers", "content": "Un homme proche de l'entourage de , , a été interpellé samedi dans le Val-d'Oise, avant d'être finalement relâché, . L'homme, un proche de la soeur de Mohamed Abrini, se serait rendu dans un hôtel de Roissy-en-France (Val-d'Oise) le 19 novembre aux alentours d'1h30 du matin. Selon les enquêteurs, il s'agirait d'un Belge âgé de 27 ans, et originaire du quartier de Molenbeek-Saint-Jean (Bruxelles). Ce dernier aurait payé en liquide une chambre pour la nuit. Plus tard, il serait redescendu pour interroger le réceptionniste de l'hôtel. Le mystérieux pensionnaire souhaitait savoir où se trouvait le centre commercial le plus proche et son horaire d'ouverture, avant de remonter dans sa chambre, explique M6. Pas de traces d'explosifs Alerté par le comportement suspect de son client, qui plus est nerveux, le réceptionniste a alerté la gendarmerie. Si ce mystérieux Belge est inconnu des autorités françaises, il possède déjà un casier bien étoffé de l'autre côté de la frontière avec une condamnation à de la prison pour trafic d'armes. Au vu de ce profil suspect, les gendarmes ont donc procédé à son arrestation au matin, avant de le placer en garde à vue. Lors de leur fouille, les autorités n'ont trouvé aucun explosifs ni armes, mais mis la main sur du haschich et des plaquettes d'amphétamines. Cependant, faute d'éléments probants, les gendarmes ont été contraints de relâcher ce proche de Mohamed Abrini.  "}