{"title": "Attentats du 13 novembre : mandats d'arrêts contre deux hommes, dont un commanditaire des attaques", "newspaper": "leparisien", "author": "Le Parisien", "date_publi": "09/03/2017", "theme": "Attentats à Paris", "content": " Les juges d'instruction français en charge de l'enquête sur les attentats du 13-Novembre à Paris ont délivré fin décembre deux nouveaux mandats d'arrêt, dont l'un visant  depuis la Syrie, a-t-on appris jeudi de source proche du dossier. En comptant ces deux hommes, quatorze suspects sont désormais visés par la justice en France dans le dossier des , perpétrés par trois commandos venus de Belgique. Neuf djihadistes, passés par les rangs du groupe Etat islamique (EI) en Syrie et rentrés en Europe par la route des migrants, avaient trouvé la mort, tués dans les assauts des forces de la police ou par leur ceinture d'explosifs. Atar missionnait des kamikazes depuis Raqqa  Proche des , kamikazes des attentats de Bruxelles du 22 mars (32 morts), Oussama Atar, Belgo-Marocain né le 4 mai 1984, est l'un des protagonistes faisant le lien entre les deux groupes qui ont frappé Paris puis la capitale belge. Son rôle ressort notamment à travers le récit de deux hommes arrêtés en décembre 2015 dans un centre de réfugiés, Adel Haddadi et Muhammed Usman, tous deux écroués en France. Devant les enquêteurs, ils ont raconté qu'à Raqqa, en Syrie, un donneur d'ordre nommé «Abou Ahmed» les avait missionnés pour participer à un attentat-suicide et leur avait remis 3 000 € chacun. Lors d'une audition, Adel Haddadi a identifié «Abou Ahmed» sur une photo correspondant à Oussama Atar, selon une source proche du dossier.  Le second mandat d'arrêt vise un autre acteur présumé de la cellule, Sofien Ayari, Tunisien né le 9 août 1993, détenu en Belgique. Il a été arrêté le 18 mars 2016 à Molenbeek (Bruxelles) en même temps que , dernier membre des commandos parisiens toujours en vie. L'ADN et les empreintes de Sofien Ayari ont été retrouvés dans la plupart des planques utilisées par la cellule djihadiste pour préparer les attentats du 13 novembre, selon une source proche du dossier. A LIRE.  Recruté par l'EI lors de son séjour en Syrie, il était entré en Europe en profitant de la crise migratoire en compagnie de deux autres membres de la cellule, Osama Krayem et Ahmad Alkhald. Les trois hommes avaient été récupérés par Salah Abdeslam dans la nuit du 2 au 3 octobre 2015 à Ulm, en Allemagne.  "}