{"title": "Préfecture et villes des Hauts-de-Seine ensemble contre la radicalisation", "newspaper": "leparisien", "author": "V.M.", "date_publi": "27/01/2017", "theme": "Antony", "content": "Les trente-six communes du département s’engagent au côté de la préfecture pour essayer de mieux lutter plus activement contre la radicalisation.  Concrètement, les mairies des Hauts-de-Seine ont désigné deux référents « prévention de la radicalisation », qui deviennent les interlocuteurs de la préfecture en la matière. Ce vendredi, avec Jacques Gautier, président des maires du 92, les référents se sont réunis autour du préfet Pierre Soubelet pour lancer cette coopération « innovante » puisque les Hauts-de-Seine serait le premier département à impliquer autant les communes. L’idée, c’est de se tourner vers le réseau communal, et notamment ses travailleurs sociaux, pour le suivi de personnes laissant apparaître des signes de radicalisation. « Quand nous repérons des signes inquiétants chez certains jeunes, nous en informons les communes pour leur proposer de les suivre. » Un travail à mener « tout en finesse », tant auprès des familles que des enseignants. «Il faudra faire du sur mesure », annonce Jacques Gautier. Aujourd’hui, le Fichier des signalements pour la prévention de la radicalisation et du terrorisme (FSPRT) contient, dans les Hauts-de-Seine, le nom de 900 personnes, dont un peu plus de la moitié sont des cas à surveiller. "}