{"title": "Rouen : le fiché S de la fac interpellé sur la route de la Turquie", "newspaper": "leparisien", "author": "Zoé Lauwereys (@zlauwereys)", "date_publi": "28/09/2016", "theme": "Faits divers", "content": " Finalement mis examen pour consultation de sites djihadistes puis remis en liberté sous contrôle judiciaire, le fiché S de 19 ans a été de nouveau interpellé ce mercredi en milieu de journée en Bulgarie, révèle . Il comptait se rendre en Turquie. Le jeune homme faisait l'objet d'un interdiction de sortie du département de l'Eure, dont il est originaire.  \r\nDans la matinée, le jeune converti à l'islam a été contrôlé alors qu'il arrivait de Serbie au volant de sa voiture. Les policiers bulgares ont fouillé sa voiture mais n'ont trouvé aucun objet suspect, raconte RTL. C'est lorsque le jeune homme a indiqué être franco-canadien et vouloir se rendre en Turquie pour s'y faire naturaliser que les Bulgares ont alerté les autorités françaises. «Il dit qu’il voulait aller en Turquie. Mais tout laisse à penser qu’il voulait rejoindre les rangs de Daech» en Syrie, confie une source judiciaire à «».  Le jeune homme s'est enfui la nuit dernière\r\nLa France a émis un mandat d'arrêt et le jeune homme est depuis maintenu en rétention par la Bulgarie. \r\n«Il s'est enfui la nuit dernière et a été arrêté en Bulgarie», a confirmé le parquet d'Evreux (Eure) à l'AFP. Selon les informations de «Paris-Normandie», un mandat d'arrêt européen devrait être délivré dans les prochaines heures pour permettre son transfèrement en France.Le 23 septembre, il avait été mis en examen par le parquet d'Evreux et faisait l'objet d'un contrôle judiciaire «strict», avec interdiction de quitter le département. RTL rappelle qu'il a mis moins d'une semaine à violer ce contrôle judiciaire.  "}