{"title": "Fontainebleau. Le château contient la baisse de sa fréquentation à moins de 1 %", "newspaper": "leparisien", "author": "Sylvain Deleuze", "date_publi": "20/01/2017", "theme": "Fontainebleau", "content": "Les chiffres restent encore loin des résultats de 2014, avec 515 000 entrées, mais l’année 2016 a permis de limiter la baisse pour le château de Fontainebleau, avec 466 000 visiteurs, contre 470 000 l’année précédente. « On est assez content », résume la direction.Les attentats de 2015 puis ceux de 2016 ont fortement perturbé le secteur touristique avec une baisse assez vertigineuse du nombre de visiteurs étrangers. « En 2014, ils représentaient 49 % des visites, contre 24 % l’année dernière », détaille la direction. Le public français représente 76 % des entrées et les Franciliens 82 %. « Des événements comme l’exposition Louis XV, le premier salon Impérial Chocolat… ont attiré du monde », se félicite la direction qui espère multiplier ce type d’initiative. Autre bonne nouvelle, le nombre de scolaires, soit 50 000 visiteurs, est égal à celui de l’année 2014. "}