{"title": "Attentats du 13-Novembre : un an de prison ferme pour une fausse victime", "newspaper": "leparisien", "author": "Le Parisien", "date_publi": "21/11/2016", "theme": "Attentats à Paris", "content": "Une jeune femme qui avait prétendu , a été condamnée lundi à un an de prison par le tribunal correctionnel de Versailles. Le ministère public avait requis 30 mois d'emprisonnement. Laura Ouandjli, mère de famille de 24 ans au chômage, devra également verser un euro symbolique de dommages et intérêts au Fonds d'indemnisation des victimes du terrorisme (FGTI). Jugée pour «faux» et «escroquerie», la jeune femme s'était présentée le 22 décembre 2015 au commissariat des Mureaux (Yvelines) pour porter plainte, prétendant faire partie des victimes d'une des attaques terroristes qui ont frappé la capitale , au bar Le Carillon. Un récit incohérent Elle affirme alors avoir été «gravement blessée à un bras» et porte d'ailleurs un bras en écharpe, présente des certificats médicaux montrant qu'elle doi subir une greffe de peau, produit une photo de son bras prétendument blessé et ajoute qu'elle a perdu ce soir-là téléphone, carte bleue et autres effets personnels. Mais la jeune femme prétend «avoir été soufflée par une explosion», alors que la terrasse du Carillon a été attaquée au fusil d'assaut. La police judiciaire versaillaise se met alors en relation avec la sous-direction antiterroriste (SDAT) qui ne tarde pas à souligner de nombreuses «incohérences» dans le récit de la jeune femme, ainsi que dans les pièces produites. Le médecin prétendument à l'origine de son certificat médical ne l'a en réalité jamais reçue. Le nom de la jeune femme ne figure sur aucune liste de victimes admises à l'hôpital le soir du drame. Et la photo de bras blessé est retrouvée sur internet, mais il ne s'agit pas du sien. Le mari complice Brièvement placée en garde à vue en février, alors qu'elle était enceinte de six mois, la jeune femme a reconnu les faits. Dans une autre affaire également jugée lundi, la prévenue a été condamnée à trois ans de prison, dont 18 mois avec sursis, pour exercice illégal de la pharmacie. Son mari, chauffeur à la RATP, jugé dans ce même cadre pour «faux, fausse déclaration et recel de bien obtenu à l'aide d'une escroquerie» pour s'être fait délivrer des médicaments par son épouse par des moyens frauduleux, a été condamné à huit mois ferme. "}