{"title": "Menace terroriste : un lycéen de 15 ans en lien avec Rachid Kassim présenté à un juge", "newspaper": "leparisien", "author": "Victor Fortunato ", "date_publi": "30/09/2016", "theme": "Faits divers", "content": "Un lycéen de 15 ans, originaire de Domont (Val d'Oise), soupçonné de vouloir mener une attaque djihadiste, a été présenté à un juge antiterroriste ce vendredi matin en vue de sa mise en examen, rapporte la chaîne d'informations. L'adolescent de 15 ans avait été arrêté mercredi matin au domicile de ses parents à Domont. Il était inconnu des services de police. Il a été entendu ces dernières 48 heures par les policiers de la section antiterroriste lors de sa garde à vue dans les locaux de la DGSI à Levallois Perret (Hauts-de-Seine). Selon les informations de i>Télé, le jeune homme était en lien, via l'application Telegram, avec. Il était également en relation, également soupçonné de vouloir mener une attaque. L'exploitation de son téléphone a fait ressortir des éléments montrant qu'il était prêt à passer à l'acte. Ce dernier avait été après sa mise en examen pour «association de malfaiteurs en relation avec une entreprise terroriste criminelle».  Les arrestations se multiplient depuis début septembre Au moins deux autres adolescents ont été écroués depuis le début du mois de septembre pour des menaces similaires, inspirées par les appels au meurtre de Rachid Kassim. Au total, trente-sept mineurs sont actuellement mis en examen dans des enquêtes antiterroristes, dont 14 sont détenus (11 garçons et 3 filles). Selon les enquêteurs, Rachid Kassim a inspiré, de manière plus ou moins directe,  le 13 juin, et dans une église le 26 juillet. Il aurait également piloté les projets d'attentats  en plein coeur de Paris.    "}