{"title": "Fêtes : Le Roux invite chacun à adresser «un sourire» aux forces de sécurité", "newspaper": "leparisien", "author": "Le Parisien", "date_publi": "11/12/2016", "theme": "Politique", "content": " Le a invité dimanche la population à adresser «un mot», «un sourire, un remerciement» aux forces de l'ordre en cette période de fêtes de fin d'année. «Chacun doit avoir bien conscience que toutes les forces de sécurité ne sont là que pour un unique objectif : assurer la capacité de chacun de nos concitoyens à pouvoir être libre de ses mouvements, pouvoir s'amuser, pouvoir se rencontrer, pouvoir sortir», a-t-il déclaré lors d'un déplacement sur le marché de Noël des Champs-Élysées, dans le VIIIe arrondissement de Paris. Décrivant les forces de l'ordre comme «des facilitateurs de rencontres, des créateurs de sécurité», il a appelé à leur témoigner de la reconnaissance : «Qu'un mot leur soit adressé, qu'un sourire leur soit adressé, qu'un remerciement leur soit adressé parce que le travail qu'elles font toutes est un travail remarquable, particulièrement organisé». «Derrière chaque professionnel, il y a un citoyen mobilisé pour la sécurité de nos concitoyens», a-t-il insisté.Contexte élevé de menace terroristeAprès (Essonne), le gouvernement a été confronté à une grogne inédite de policiers de base, exprimant leur «ras-le-bol». Une nouvelle manifestation de «policiers en colère» est prévue mardi à Paris. Dans le contexte de menace terroriste très élevée, Bruno Le Roux a assuré que «toutes les mesures sont prises pour que les fêtes de fin d'année soient un moment de rencontre, de partage, de solidarité entre nos concitoyens».  en région parisienne ont été arrêtés ces dernières semaines. Ils avaient fait des recherches sur Internet concernant une dizaine de sites, autant de cibles potentielles, parmi lesquelles le marché de Noël des Champs-Élysées. "}