{"title": "Djihad : un homme arrêté à Asnières-sur-Seine mis en examen et écroué", "newspaper": "leparisien", "author": "Le Parisien", "date_publi": "02/04/2017", "theme": "Faits divers", "content": " Il avait été arrêté mardi à Asnières-sur-Seine (Hauts-de-Seine). Un homme de 21 ans a été mis en examen pour association de malfaiteurs terroriste criminelle et placé en détention provisoire, selon une source judiciaire dimanche. Il avait été interpellé dans le cadre d'un  (DGSI). Deux autres hommes, tous deux âgés de 20 ans, avaient été interpellés le même jour à Agen (Lot-et-Garonne) et Bobigny (Seine-Saint-Denis). Lire aussi.  Ces arrestations ont eu lieu dans le cadre d'une commission rogatoire de juges d'instruction antiterroristes qui enquêtent depuis 2016 sur la constitution d'un groupe djihadiste en France. Dans ce dossier, un homme de 20 ans a déjà été mis en examen en août 2016 et écroué. Le groupe était né sur les réseaux sociaux Les trois jeunes hommes arrêtés cette semaine avaient fait connaissance sur les réseaux sociaux. Ils sont soupçonnés d'avoir nourri un «projet commun», qui était soit de partir en Syrie, soit de commettre une attaque djihadiste en France ou en Syrie, selon une source proche de l'enquête. Deux des trois hommes n'ont cependant pas été mis en examen à l'issue de leur garde à vue.  Les investigations doivent permettre de déterminer quelles étaient leurs réelles intentions dans ces projets qui ont pu être «abordés lors de réunions», selon la même source. Confrontée à une série d'attentats djihadistes sans précédent qui ont fait 238 morts en 2015 et 2016, la France a été placée sous le régime d'état d'urgence - en vigueur jusqu'au 15 juillet - après les attaques du 13 novembre 2015 (130 morts). "}