{"title": "Attentat de Manchester : des parents rongés d'inquiétude à la recherche de leurs enfants", "newspaper": "leparisien", "author": "Delphine Perez", "date_publi": "23/05/2017", "theme": "Faits divers", "content": " « Ma nièce de 6 ans était à Manchester ce soir (ndlr. lundi) pour le concert. Nous n’avons plus de nouvelles d’elle ni de la personne qui l’accompagnait et nous sommes fous d’inquiétude.» Sur Twitter, les messages paniqués se sont multipliés dans la nuit de lundi à mardi, diffusés par des parents ou des proches de spectateurs du concert d’Ariana Grande, inquiets de ne plus avoir de nouvelles après l’explosion qui a fait au moins 22 morts et 60 blessés. Des témoins ont dit avoir vu des éclats métalliques qui ont déchiqueté les victimes, laissant des dizaines de corps à terre. L'atroce explosion s'est produite aux alentours de 22H40, juste après la dernière chanson. Selon la presse britannique,la première victime de cette attaque suicide a été identifiée : il s'agit d'une jeune fille de 16 ans, qui avait twitté la veille à son idole: «Tellement heureuse de te voir demain». > A LIRE AUSSI. «S'il vous plaît tout le monde, partagez ça, ma petite soeur Emma était au concert d'Ariana Grande cette nuit, elle ne répond pas au téléphone, s'il vous plaît aidez-moi», écrit une internaute en accompagnant le message de la photo d'une petite blonde avec des fleurs dans les cheveux. 'Pls help me...': Frantic parents hunt for missing kids after UK concert blast \r\n— Reuters Top News (@Reuters)  Parents and children with police escort leaving the scene here at the Arena. Now confirmed 19 dead, 50 injured. \r\n— Charlotte Cox (@ccoxmenmedia) Charlotte Campbell fait partie des nombreux parents encore. Elle a posté une photo de sa fille Olivia. «Anyone seen my daughter Olivia Campbell», écrit-elle. \"#manchester\". Comme des centaines d'autres, ce message a été largement relayé. This is Olivia Campbell she was at Manchester arena last night - her mum Charlotte can't find her - her phone not answering. \r\n— Kate Garraway (@kategarraway)  SHE HAS BEEN IN CONTACT AND SHE IS SAFE. Thank you for all your help null \r\n— Madsnullnull (@_maddisonallen)  La police du Nottinghamshire, rappelle qu'il est «important de faire preuve de sensibilité envers les victimes» alors que des photos de l'Arena commençaient à émerger sur les réseaux sociaus. «S'il vous plaît, évitez de partager», précisent les autorités.As pictures begin to emerge from the , it's important to show sensitivty towards victims. Pls avoid sharing \r\n— NottsPolice Specials (@NottsSpecials)     "}