{"title": "Attaque au Louvre : El-Hamahmy a visité les lieux cinq jours avant", "newspaper": "leparisien", "author": "Stéphane Sellami", "date_publi": "09/02/2017", "theme": "Faits divers", "content": " Il a passé trois heures avec le terroriste du Louvre. Un employé d'une société assurant des visites guidées au sein du musée le plus visité au monde a été entendu mardi comme témoin par les enquêteurs de la section antiterroriste (SAT) de la brigade criminelle de Paris. Ce jeune guide touristique a expliqué avoir accompagné, cinq jours avant les faits, Abdallah El-Hamahmy au fil des allées. Un précieux témoignage corroboré par les différentes investigations et l'exploitation de la carte bancaire du suspect. Auteur présumé de l'attaque à grand renfort de machettes contre des militaires de l'opération Sentinelle, le 3 février au matin, cet Egyptien de 29 ans a été grièvement blessé par des tirs de riposte d'un des soldats pris pour cible. Opéré d'urgence puis placé en garde à vue, le suspect a confirmé son identité avant de voir son état de santé se dégrader fortement. Il a assuré hier ne pas avoir été « téléguidé par Daech ». Il a posé des questions « Je l'ai reconnu après avoir vu son visage dans les médias, nous confie Pierre*. Ça m'a vraiment fait drôle après coup, car c'était l'un des plus souriants du groupe... » Le 29 janvier au matin, une dizaine de personnes venues du monde entier se présentent au pied de l'arc de triomphe du Carrousel, à quelques dizaines de mètres de la Pyramide du Louvre. Abdallah El-Hamahmy a réservé sa place sous sa véritable identité pour cette visite guidée de trois heures début janvier sur Internet, grâce à un tour-opérateur. Le jour de la visite, il est au téléphone quand Pierre l'aperçoit. « Je me souviens très bien lui avoir demandé d'où il venait. Il m'a répondu qu'il était égyptien. » Le groupe pénètre ensuite dans le musée par l'entrée même où l'attentat aura lieu quelques jours plus tard. « Il a semblé très intéressé par la visite, notamment par le département des antiquités égyptiennes, poursuit Pierre. Il a posé des questions sur le Sphynx. C'était vraiment l'un des plus sympathiques du groupe. Il était vraiment insoupçonnable... »* Le prénom du témoin a été changé. VIDEO. Militaire agressé au Louvre : « On a entendu les sirènes et on a été confiné » VIDEO. Militaires agressés au Louvre : elle a passé plusieurs heures confinée au LouvreVIDEO. L'attaque au Carrousel du Louvre a semé la panique "}