{"title": "Attaque au Louvre : l'assaillant reste muet face aux enquêteurs", "newspaper": "leparisien", "author": "Le Parisien", "date_publi": "05/02/2017", "theme": "Faits divers", "content": " Le suspect de , grièvement blessé, a été entendu pour la première fois dimanche matin à l'hôpital, mais il reste muet face aux enquêteurs.\r\n L'homme «refuse pour le moment de parler aux enquêteurs», a indiqué une source judiciaire, précisant qu'il devait être réentendu dans l'après-midi. Les enquêteurs cherchent toujours à déterminer formellement l'identité de l'assaillant, , un Egyptien de 29 ans arrivé en France il y a une semaine avec un visa touristique. Soigné à l'hôpital européen Georges-Pompidou pour des blessures sérieuses à l'abdomen après avoir été touché par les tirs de riposte d'un militaire, son état s'est nettement amélioré samedi. Le corps médical a considéré que les auditions étaient «possibles».  samedi à 18h45 à l'hôpital. Une garde à vue qui peut durer 96 heures, le délai prévu dans les affaires de terrorisme. François Hollande évoque «un acte dont le caractère terroriste ne fait guère de doute» Vendredi matin, ce jeune Egyptien de 29 ans armé de deux machettes a attaqué un militaire dans la galerie marchande du Carrousel du Louvre en criant «Allah Akbar». Le jeune homme s'en est d'abord pris à un premier soldat qui a pu le repousser avant de s'en prendre à un de ses collègues qui a chuté au sol. Après avoir vainement tenté de l'écarter, ce dernier a d'abord fait feu dans le bas de l'abdomen de son assaillant avant de tirer à nouveau à trois reprises. Samedi, le père du suspect, un général de police à la retraite, , qu'il ne trouve «pas logique» : «il fait 1m65 et il a attaqué quatre gardes ? Et au bout du compte, ils n'ont rien trouvé dans ses sacs», a dit le père du suspect, assurant qu'il n'avait montré aucun signe de radicalisation. François Hollande, au contraire, a parlé d'«un acte dont le caractère terroriste ne fait guère de doute». VIDEO. Militaires agressés au Louvre : elle a passé plusieurs heures confinée au Louvre "}