{"title": "Menaces d'attentat : l'homme arrêté près de Toulouse mis en examen et écroué", "newspaper": "leparisien", "author": "Le Parisien", "date_publi": "01/01/2017", "theme": "Toulouse", "content": " Il avait été à son domicile de Cugnaux (Haute-Garonne). Soupçonné d'avoir menacé de commettre un attentat l'homme de 29 ans, a été mis en examen samedi et écroué. Déjà connu des services de renseignement pour ses liens avec la mouvance islamiste radicale, il a été mis en examen pour «association de malfaiteurs en relation avec une entreprise terroriste criminelle» et «apologie du terrorisme» et placé en détention provisoire conformément aux réquisitions du parquet de Paris. Interpellé dans la nuit de lundi à mardi lors d'une opération menée par les policiers d'élite du Raid à son domicile à Cugnaux, une commune de 16.000 habitants située à une quinzaine de kilomètres au sud-ouest de Toulouse, il est resté quatre jours en garde à vue avant d'être présenté samedi à un juge antiterroriste. Il s'était félicité de l'attentat de Berlin Déjà visé par une perquisition administrative il y a quelques mois, le suspect «s'était félicité» sur Facebook de l' qui a fait 12 morts le 19 décembre, un attentat revendiqué par le groupe djihadiste État islamique. Par ailleurs, «certains des messages postés ont fait craindre un passage à l'acte imminent», conduisant à son interpellation, selon une source judiciaire. Le réveillon de la Saint-Sylvestre s'est «particulièrement bien passé», sans «problème majeur», après qu, dont , et une soixantaine de blessés. La menace terroriste est «toujours forte» en France, avait souligné le ministre à la veille des célébrations du jour de l'An. "}