{"title": "Attentats du 13 novembre : 20 victimes encore hospitalisées, 600 suivies psychologiquement", "newspaper": "leparisien", "author": "Le Parisien", "date_publi": "08/11/2016", "theme": "Attentats à Paris", "content": "Juliette Méadel, la secrétaire d'Etat chargée de l'Aide aux victimes, est revenue ce mardi, un an après , sur le suivi des personnes blessées ou traumatisées lors des attaques. «Il y a aujourd'hui une vingtaine de personnes qui sont encore hospitalisées», a-t-elle détaillé sur France 2. «Sur ces 20, il y en a onze qui sont en hôpital de jour, c'est-à-dire qu'elles ne dorment pas à l'hôpital mais viennent effectuer des soins, et neuf qui y sont encore à temps plein». «Et il y a 600 personnes encore suivies pour des troubles psychologiques. Les troubles psychologiques sont profonds et parfois invisibles mais peuvent produire des conséquences dramatiques en termes de santé», a-t-elle ajouté. Revendiqués par Daech, et plusieurs centaines de blessés. Après une polémique fin octobre autour d'une indemnisation définie par un barème, Juliette Méadel a répété qu'«on ne remettra pas en cause en France l'indemnisation intégrale du préjudice». Les associations de victimes réclament une indemnisation au cas par cas, craignant qu'une «barèmisation» ne limite leur accès à une «réparation juste». Mais «le préjudice n'est pas le même en fonction des personnes», souligne la secrétaire d'Etat : «Il y a des personnes que ça choque un peu, d'autres beaucoup, d'autres encore pour qui c'est beaucoup plus important. Si vous êtes blessé physiquement, que vous perdez une jambe, si vous êtes coureur cycliste, le préjudice sera plus important que si vous êtes violoniste.» VIDEO. Un an après, Juliette Méadel, secrétaire d'Etat chargée de l'Aide aux victimes, fait le point sur les attentats (France 2) Selon Juliette Méadel, «il y a 1.774 victimes directes» des attentats du 13 novembre. Au total, 2.800 dossiers de demande d'indemnisation ont été déposés devant le Fonds de garantie des victimes d'actes de terrorisme et d'autres infractions (FGTI). «Sur ces 2.800 dossiers, 90% ont reçu des débuts d'indemnisation et 280 un règlement définitif», a-t-elle encore ajouté. VIDEO. Attaques à Paris : la prise en charge des victimes filmée par les pompiersVIDEO. Les victimes des attentats créent l'association «13 Novembre : Fraternité et Vérité»VIDEO. Attentats du 13 Novembre. Deschamps : « Le temps passe mais on n'oublie pas »    "}