{"title": "Lutte anti-terroriste : quatre adolescentes interpellées", "newspaper": "leparisien", "author": "V.G. avec Eric Pelletier", "date_publi": "28/02/2017", "theme": "Faits divers", "content": " Elles se surnommaient «Les Lionnes». Quatre adolescentes âgées entre 14 et 18 ans ont été interpellées ce mardi à Creil (Oise), en banlieue parisienne et à Mulhouse (Haut-Rhin). Elles sont soupçonnées d'avoir eu des liens avec des personnes impliquées dans des filières terroristes.\r\n L’interpellation de la jeune Creilloise, âgée de 18 ans, s’est déroulée dans le quartier du Plateau. Elle a été menée par des enquêteurs de la direction générale de la sécurité intérieure (DGSI). La lycéenne a été placée en garde à vue. Son audition devrait permettre aux policiers d’en savoir plus sur sa réelle dangerosité. Les auditions de la lycéenne, qui ont débuté ce mardi matin, peuvent durer jusqu'à 96 heures.\r\n Les trois filles étaient abonnées à un groupe de discussion sur la messagerie Telegram, en lien avec la chaîne du djihadiste Rachid Kassim. , ce dernier serait le commanditaire d’une quinzaine de projets d’attentats visant la France. Ces échanges peuvent laisser supposer la possibilité qu'elles envisageaient la préparation d'actions violentes, a indiqué de source proche de l'enquête.\r\n Réalisées sur commission rogatoire d'un juge d'instruction antiterroriste, ces interpellations ont eu lieu dans le cadre d'une information judiciaire sur une autre mineure, . Elle avait été interpellée alors qu'elle se disait prête à commettre une action violente au nom du djihad, dans les messages qu'elle envoyait sur le compte qu'elle administrait sur Telegram.  "}