{"title": "Femmes du djihad : «Je sortais avec un kalachnikov», se souvient l'ex-recruteuse ", "newspaper": "leparisien", "author": "Stéphane Sellami", "date_publi": "06/04/2017", "theme": "Faits divers", "content": " Manon (le prénom a été changé), 21 ans, est partie en Syrie au printemps 2014, avant de revenir à l'été 2015. Elle est aussi soupçonnée d'avoir joué le rôle  (EI) et d'avoir facilité la venue de nombreuses mineures françaises en Syrie. A sa descente d'avion en provenance de Turquie, en juillet 2015 à l'aéroport Roissy-Charles-de-Gaulle, cette ex-apprentie en restauration, inconnue de la police avant son départ, est attendue par des agents de la Direction générale de la sécurité intérieure (DGSI). Née à Nice (Alpes-Maritimes) et domiciliée dans le Var, Manon est parvenue à quitter les rangs de Daech après que son mari — un jeune Français, originaire comme elle de Nice et qu'elle ne connaissait pas avant son arrivée en Syrie — eut réussi à négocier ce retour auprès des autorités du califat. «J'avais l'impression d'être une secrétaire»Au fil de sa garde à vue, la jeune femme, qui a grandi dans une famille catholique et s'est «convertie à l'islam en 2010», a relaté son quotidien dans les rangs de l'EI en débutant . «A la fin, en Syrie, j'avais tellement peur que ma pratique et mon engagement s'en sont amoindris, dit-elle d'emblée. J'étais plus religieuse en France, parce que j'étais plus sereine. Et puis, là-bas, il n'y avait finalement pas beaucoup de gens pieux.» Manon assure avoir voulu rejoindre «la terre de Shâm» (une région allant de la Syrie au Liban en passant par Israël, la Jordanie et les régions arabes frontalières de la Turquie) pour vivre «pleinement sa religion et s'investir au niveau humanitaire notamment après avoir vu les bombardements sur Alep». La jeune femme, qui se fait appeler Yasmine, relate avoir surtout renseigné des . «Je les aidais à venir, tandis que mon mari aidait les hommes, précise-t-elle. J'ai commencé à faire ça en septembre 2014. A cette époque, j'avais l'impression d'être une secrétaire. Je parlais à tellement de sœurs sur Internet !» Elle légitime les attentatsA la question de savoir combien de jeunes Françaises ont été «conseillées» par ses soins, la djihadiste affirme qu'il y en «avait beaucoup». «Je ne sais pas . Mais on ne parlait pas d'âge, se dédouane-t-elle. Je leur conseillais de prendre l'avion jusqu'à Istanbul, en Turquie, puis le bus jusqu'à Gaziantep et après je pouvais leur fournir un numéro de passeur que j'avais eu par mon mari, détaille-t-elle encore. Je leur disais comment s'habiller, comment ruser pour passer la frontière.» Pour finir de les convaincre, Manon-Yasmine confie que «sur le quotidien, je leur disais qu'il y avait des écoles, comment on faisait pour vivre. De toute façon, s'il n'y avait pas de bombardement ou d'exaction, c'était la vie normale (sic)». Dans le même temps, la jeune femme avoue avoir été «témoin de la décapitation d'hommes» depuis la fenêtre de sa maison alors qu'elle loge à Al-Bab, dans le nord de la Syrie, mais elle affirme n'avoir jamais «pris les armes». «J'appartenais à l'Etat islamique comme mon mari, sans toutefois avoir prêté allégeance parce que les femmes ne le font pas, poursuit-elle. Les femmes ne combattent pas. Je sortais avec une arme, un fusil d'assaut kalachnikov, quand je suis arrivée. Je savais le démonter et le laver mais je n'ai jamais tiré avec. J'avais trop peur. Mon mari avait deux kalachnikovs et un autre flingue. Après, cela a été interdit aux femmes par le chef de la région d'Alep. Je pense que c'était pour l'image de l'EI.» «Ceux qui pratiquent un islam modéré ne pratiquent pas bien»A propos de son mari, elle concède qu'il a été enrôlé, un temps, au sein de la brigade francophone d'«Omar Omsen» — alias Omar Diaby, un des principaux recruteurs de djihadistes français — avant d'être employé «dans la police». «Il avait un salaire de 100 $, 50 pour lui et 50 pour moi, ajoute-t-elle. Au début, on vivait bien. Après,.»  La djihadiste explique aussi avoir été opérée de «kystes» en Syrie. «A Manbidj, il y a un très grand hôpital qui s'appelle Aïcha, il est dirigé par l'El, témoigne-t-elle. Ce sont des civils qui y travaillent. Tout le monde peut y aller, c'est gratuit. Il n'y avait pas de Français dans le personnel médical.» «J'applique la charia, insiste-t-elle quand on l'interroge sur son observance de la religion. Ceux qui pratiquent un islam modéré ne pratiquent pas bien. Pour moi, ma pratique de l'islam n'était pas compatible avec ma présence en France.»  A LIRE AUSSI \r\n>\r\n>\r\n>  Manon-Yasmine légitime aussi les attentats s'il s'agit de «se défendre», tout en précisant qu'il ne faut pas viser des «civils». Pourtant, au fil de ses conversations avec de jeunes candidates au djihad, elle leur conseille de se faire  en France au cas où elles ne pourraient pas rejoindre la Syrie... Manon-Yasmine a été placée en détention provisoire pendant plusieurs mois avant d'être finalement libérée dans l'attente de son procès. "}