{"title": "Pyrénées-Atlantiques : arrestation de Mikel Irastorza, le plus haut dirigeant de l'ETA", "newspaper": "leparisien", "author": "Le Parisien", "date_publi": "05/11/2016", "theme": "Faits divers", "content": "Le ministère de l'Intérieur espagnol le présente comme «le plus haut dirigeant actuel ». Mikel Irastorza, un des principaux chefs de l'organisation séparatiste basque, a été arrêté samedi en France à Ascain (Pyrénées-Atlantiques), selon un communiqué du ministère espagnol de l'Intérieur. Le couple qui l'hébergeait a également été placé en garde à vue. Des agents de  (DGSI) ont arrêté cet homme en fuite dans le cadre d'une opération qui vise «la structure dirigeante de l'ETA», menée en collaboration avec la Garde civile espagnole. Le ministère a évoqué la possibilité d'autres arrestations, durant l'opération «toujours en cours» samedi matin. L'ETA, fondée en 1959, est tenue pour responsable de la mort de plus de 800 personnes en plus de 40 années de lutte armée pour l'indépendance du Pays basque et de la Navarre. Elle a renoncé à la violence il y a cinq ans mais refuse de rendre les armes et de se dissoudre, comme l'exigent Madrid et Paris. Le 12 octobre, la France et l'Espagne avaient annoncé  (Oise), à 120 km au nord de Paris. A lire :  Dans un communiqué du 18 octobre, l'ETA avait ensuite accusé l'Espagne et la France de ne pas vouloir «rechercher des solutions raisonnables» pour la paix au Pays basque. La capacité opérationnelle de l'organisation est très réduite, après des années d'actions policières et la perte de soutiens dans la société basque. La grande majorité de ses membres sont en prison et seule une vingtaine seraient encore dans la clandestinité, selon des forces antiterroristes espagnoles et françaises.  "}