{"title": "EN IMAGES. Explosion dans une gare de Bruxelles : le centre-ville sous contrôle ", "newspaper": "leparisien", "author": "Le Parisien avec AFP", "date_publi": "20/06/2017", "theme": "Faits divers", "content": " Policiers, militaires, cordons de sécurité : le centre-ville de Bruxelles était sous contrôle policier ce mardi soir, alors qu'une explosion  et l'auteur présumé abattu.  A LIRE AUSSI\r\n>  A la suite de l'explosion, un mouvement de panique a éclaté dans la gare, l'une des principales de Bruxelles, et sur les voies. La gare a ensuite été évacuée et le trafic ferroviaire interrompu. Toutes les rues autour sont bloquées par de nombreux véhicules de police et militaires armés. Des policiers en arme avec gilet pare-balles sont également postés. Cet incident survient dans un contexte d'attaques terroristes djihadistes en Europe, en particulier au Royaume-Uni et en France. Le 22 mars 2016, des membres de l'organisation Etat islamique (EI) s'était fait exploser dans le métro et à l'aéroport de Bruxelles, faisant 32 morts. "}