{"title": "L'ombre du terrorisme à la Réunion", "newspaper": "leparisien", "author": "De notre correspondant Sébastien Gignoux, à La Réunion", "date_publi": "28/04/2017", "theme": "Faits divers", "content": " Depuis juin 2015 et le démantèlement d'une petite filière de prétendants au djihad en Syrie, l'île de l'océan Indien connue comme un havre du multiculturalisme et du vivre-ensemble savait qu'elle n'était plus à l'abri du phénomène de radicalisation islamiste.  qui avait récemment été repéré pour apologie du terrorisme sur Internet.\r\n Vers 6 heures du matin, les policiers d'élite pénètrent dans l'appartement où Jérôme Lebeau, 22 ans, réside avec sa mère. Le jeune homme ouvre la porte de sa chambre et tire au jugé à deux reprises en direction des policiers avec un fusil à pompe de calibre 12 Brenneke, une redoutable munition de chasse. Deux fonctionnaires sont blessés, l'un au bras, l'autre à la main, par l'onde de choc sur le bouclier. Des tirs de riposte s'ensuivent, blessant le suspect à l'abdomen. L'assaillant, dont le pronostic vital n'est pas engagé, est évacué au CHU de Saint-Denis sous haute surveillance.\r\n D'importants renforts sont déployés dans le quartier, tandis que les hommes de la sûreté investissent les lieux. Présente dans l'appartement, la mère du tireur est interpellée. Bientôt rejointe en garde à vue par la sœur et le beau-frère du suspect, toujours hospitalisé jeudi soir.\r\n Des munitions et des produits chimiques\r\nDans le quartier, c'est la stupeur. Décrit comme un jeune homme «calme et discret», même s'il s'était « rasé le crâne et laissé poussé la barbe», le récemment converti Jérôme Lebeau n'était pas un motif d'inquiétude. Mais les perquisitions menées à son domicile tendent à prouver que le suspect, sans doute radicalisé sur le Web et «inconnu de la communauté musulmane de Saint-Benoît», selon le président de la mosquée locale, fomentait un projet d'attentat dans l'île. Outre deux armes à feu, les policiers ont saisi un gilet de munitions ainsi que des produits chimiques et des balles de ping-pong, composantes possibles du TATP, un explosif artisanal.\r\n Le parquet antiterroriste de Paris a été saisi pour des faits de tentative d'homicide sur agent de la force publique et association de malfaiteurs en lien avec une entreprise terroriste. Des enquêteurs de la DGSI et de la sous-direction antiterroriste devaient quitter la métropole dès jeudi.\r\n En attendant, sur l'île, on s'interroge sur les intentions du suspect et sur sa porosité à la radicalisation, alors que 142 Réunionnais seraient fichés S à ce jour, plus que dans tout autre DOM-TOM. «Malgré notre vigilance, même une île sans conflits de culture n'est plus à l'abri avec Internet qui peut happer nos jeunes», reconnaît Idriss Issop-Banian, président du comité de dialogue interreligieux qui intervient régulièrement dans les écoles.\r\n En février, dans le cadre du plan d'action global contre la radicalisation et le terrorisme, la Réunion accueillait le premier colloque en France à destination des agents des collectivités locales désireux de se former pour déceler les signes inquiétants auprès de leurs administrés. «La Réunion a une très bonne réputation quant à sa façon de vivre la diversité religieuse. Mais il est démontré que la radicalisation prospère dans toutes les strates, y compris dans une société apaisée», indiquait alors Elyamine Settoul, chercheur à l'institut de recherche stratégique au ministère de la Défense et animateur des rencontres. "}