{"title": "VIDEOS. Etats-Unis : un pilote jordanien crashe son avion près d'un complexe sensible", "newspaper": "leparisien", "author": "Victor Fortunato ", "date_publi": "13/10/2016", "theme": "Faits divers", "content": "Un petit avion bi-moteur s'est écrasé mardi en pleine rue à East Hartford dans l'Etat du Connecticut (nord-est), tuant un élève-pilote jordanien, suite à «un acte intentionnel» dont le motif reste à élucider. L'instructeur qui se trouvait à bord a miraculeusement survécu au crash. Il été grièvement blessé et est actuellement interrogé par les hommes de la police fédérale (FBI). L'élève-pilote qui a crashé son avion a été identifié comme Feras Freitekh, 28 ans, d'origine jordanienne. (Photo : Facebook.) En raison de la nature intentionnelle de l'accident, la police fédérale (FBI) est en charge de l'enquête, a précisé l'autorité américaine pour la sécurité des Transports (NTSB), dans un communiqué. , les médias américains spéculaient sur de possibles motivations terroristes, d'autant que l'avion s'est écrasé à proximité d'un complexe considéré comme sensible du fabricant de moteurs d'avion Pratt and Whitney et que l'un des passagers était apparemment jordanien. Un petit avion bi-moteur s'est écrasé mardi en pleine rue à East Hartford dans l'Etat du Connecticut. (Photo : capture d'écran YouTube.) L'élève-pilote de nationalité jordanienne Selon un responsable fédéral cité par le journal local, , il s'agirait plus vraisemblablement d'un suicide, suite à une dispute entre les deux personnes à bord: un élève-pilote frustré par ses mauvais résultats à l'école de pilotage, et son instructeur. Selon le, l'élève, 28 ans, était de nationalité jordanienne. L'ambassade de Jordanie à Washington, sans confirmer directement, a indiqué «être en contact» avec les autorités américaines sur cette affaire. Le même responsable fédéral a cependant indiqué que rien mercredi soir n'était venu étayer l'hypothèse «terroriste», même si les autorités continuaient à fouiller l'appartement de l'élève et à examiner ses appareils électroniques, selon le Hartford Courant. VIDEO. Etats-Unis : un pilote Jordanien crashe son avion en pleine rue à East Hartford L'avion, un bi-moteur Piper PA-34 Seneca, s'est écrasé mardi après-midi à 15 h 45 (21 h 45 en France) après avoir heurté un poteau et des fils électriques, à proximité de la ville de East Hartford, à près de 200 km au nord-est de New York. L'élève-pilote, identifié comme Feras Freitekh par les médias américains, est mort sur le coup. Son instructeur, Arian Prevalla, a survécu au crash. Très gravement brûlé, il a été hospitalisé en urgence. Deux personnes qui se trouvaient dans un minibus à proximité du crash de l'avion ont également été blessées et hospitalisées. L'avion, un bi-moteur Piper PA-34 Seneca, s'est écrasé mardi après-midi après avoir heurté un poteau et des fils électriques. (Photo : capture d'écran YouTube.) VIDEO. Connecticut : l'avion s'écrase en pleine rue à East Hartford et prend feu (Fox News)   "}