{"title": "Terrorisme : les lieux de fête, cibles de Daech", "newspaper": "leparisien", "author": "Julien Muller", "date_publi": "02/01/2017", "theme": "Faits divers", "content": " La menace terroriste est permanente, et ce, dans le monde entier. Parmi les nombreux attentats perpétrés par Daech, plusieurs ont été commis dans des lieux de fêtes. De la France aux Etats-Unis en passant par la Turquie, retour sur ces attaques sanglantes. France. Paris : le Bataclan et les terrasses de café En France, les attentats du13 novembre 2015, qui ont fait 130 morts, sont encore présents dans tous les esprits. . Trois kamikazes se font d'abord sauter aux alentours du Stade de France(Seine-Saint-Denis) où la France était opposée à l'Allemagne, en match amical, réunissant près de 80 000 personnes dans l'enceinte. Puis le sang coulait dans les artères parisiennes, dans les 10e et 11e arrondissements. Enfin, un commando terroriste s'introduisait dans le Bataclan, où une prise d'otages a fait 90 morts en un peu plus de trois heures. VIDEO. Sur le marché de Noël des Champs-Elysées : «On n'est à l'abri de rien» Etats-Unis : Orlando et Le Pulse Le 12 juin 2016, . La discothèque a été la scène d'une tuerie de masse, revendiquée ensuite par Daech. En tout, 49 personnes ont trouvé la mort, ce qui constitue le bilan le plus lourd de l'histoire des Etats-Unis pour une attaque à l'arme à feu. Le Pulse, c'est le nom de la discothèque, réunissait en partie la communauté LGBT (Lesbiennes, gays, bisexuels et transgenres), ce qui fait de cette tuerie l'un des attaques homophobes au bilan le plus lourd de l'histoire. VIDEO. Orlando : le monde entier témoigne son soutien à la communauté LGBT Turquie : Istanbul et La Reina L'emblématique discothèque La Reina, située à Besiktas, district d'Istanbul (Turquie)  dans la nuit du 31 décembre au 1er janvier. Près de 800 personnes y étaient réunies pour fêter la Nnouvelle année. Un assaillant s'est rendu devant la discothèque, armé d'un fusil d'assaut avant d'ouvrir le feu sur les personnes qui se trouvaient à l'extérieur de l'établissement. Par la suite, l'homme est entré dans la boîte de nuit et a tiré en rafale, (entre 120 et 180 balles en sept minutes). Au moins 39 personnes ont été tuées. L'assaillant, lui, était toujours en fuite 24 heures après les faits. L'attaque, quant à elle, a été revendiquée par Daech lundi matin. VIDEO. Des témoins racontent l'attaque du Reina à Istanbul Berlin et Nice, fêtes à ciel ouvert Mais le terrorisme frappe même en pleine rue, comme ce fut le cas à Nice, un soir de fête nationale, le 14 juillet 2016, ou plus récemment à Berlin, sur un marché de Noël, le 19 décembre 2016. Pour ces deux drames, deux lieux de fête à ciel ouvert, le même procédé : un camion, des badauds, un massacre. Un camion s'élançait sur la promenade des Anglais à Nice, un soir de feu d'artifice, avant d'écraser les passants, faisant 85 morts et quelque 434 blessés. A Berlin, le poids-lourd a terrassé les chalets de Noël, avant de passer sur le trottoir pour faire 12 morts et près de 50 blessés. VIDEO. Attentat de Nice. «Le camion est passé à 40 cm de moi»  "}