{"title": "Etat d'urgence : est-ce la fin des assignations à résidence ? ", "newspaper": "leparisien", "author": "Mélanie Longuet", "date_publi": "17/03/2017", "theme": "Société", "content": " «Les conditions qui rendent possible une sortie de l’état d’urgence» sont réunies. Mercredi, Jean-Jacques Urvoas estimait  que la France pourrait désormais se passer de ce régime d'exception, mis en place après les attentats du 13 novembre 2015. En vigueur depuis plus d'un an, l'état d'urgence a permis, entre autre, l'assignation à résidence de plusieurs centaines de personnes. Parmi eux, Sofiyan Ifren, assigné à résidence sans discontinuer depuis le 14 novembre 2015. Le Conseil constitutionnel a rendu jeudi (QPC) déposée par cet homme d'une trentaine d'années. Il estimait que son assignation portait atteinte à l'article 66 de la Constitution, stipulant que «nul ne peut être détenu arbitrairement» ainsi qu'à la liberté d'aller et venir. Près de 70 personnes sont encore assignées à résidence.  Qui sont les assignés à résidence ? D'après le ministre de la Justice, 68 personnes sont assignées à résidence, soit quatre fois moins qu'il y a un an. Entre le 14 novembre 2015 et le 25 février 2016, 271 assignations à résidence ont été prononcées. Parmi ces 68 personnes, une vingtaine est assignée depuis le début de l'état d'urgence, en novembre 2015. Parmi elles, on trouve donc Sofiyan Ifren, condamné pour ses liens avec une filière jihadiste en 2012. Au moment de l'entrée en vigueur de l'état d'urgence, il purgeait sa peine avec un bracelet électronique. , mentor de Mohamed Merah et de , est lui aussi assigné. Tout comme , cité dans plusieurs affaires de terrorisme dont celle de l'attentat du Caire en 2009, il est un proche de Fabien Clain.  Combien de temps peut durer une assignation ?  Depuis la loi du  prorogeant l'état d'urgence, une même personne ne peut pas être assignée à résidence pour plus de douze mois. Cette disposition pouvait être contournée par le ministre de l'Intérieur. D'après l'article 2 du texte, il avait la possibilité de «demander au juge des référés du Conseil d'Etat l'autorisation de prolonger une assignation à résidence» au-delà d'un an. Cette prolongation «ne peut excéder une durée de trois mois» et l'autorité administrative peut «mettre fin à l'assignation à résidence ou diminuer les obligations qui en découlent». Mais les Sages du Conseil constitutionnel viennent de poser de nouvelles conditions. Pourquoi le Conseil constitutionnel a durci les conditions ?  Jeudi, le Conseil constitutionnel a   sont possibles mais que ce n'est pas au Conseil d'Etat d'en décider. Car le Conseil d'Etat avait un double rôle : celui d'autoriser le ministère de l'Intérieur à prolonger une assignation et celui d'examiner un éventuel recours déposé par l'assigné. Il était en quelque sorte «comme juge» de sa propre décision. D'après le Conseil constitutionnel ces deux missions «méconnaissent le principe d’impartialité et le droit à exercer un recours juridictionnel effectif».  Prolonger de trois mois une assignation à résidence doit désormais se faire sous certaines conditions. «Le comportement de la personne en cause doit constituer une menace d'une particulière gravité pour la sécurité et l'ordre publics» et «l'administration doit être en mesure de produire des éléments nouveaux ou complémentaires de nature à justifier la prolongation», détaille le Conseil constitutionnel. Il faut aussi qu'il soit tenu compte «de la durée totale de son placement sous assignation à résidence, des conditions et des obligations complémentaires dont celle-ci a été assortie», poursuivent les Sages. Ces «trois éléments cumulatifs doivent être justifiés par l'administration pour que l'assignation à résidence soit valable», explique Michel Lascombe, professeur de droit constitutionnel. «Faute de quoi, il est possible de faire un recours pour excès de pouvoir contre l’assignation à résidence et le juge administratif devra vérifier que ces trois éléments ont bien été prouvés par l’administration sinon le juge administratif déclarera l’assignation à résidence illégale», poursuit-il.  Que va-t-il se passer pour ces assignés de longue durée ?  «Selon le texte, on peut assigner ad vitam æternam», explique Arié Alimi, avocat au barreau de Paris. Cette décision «précise la loi et ponctuellement elle empêche des prolongations au-delà de douze mois», poursuit le juriste qui défend des assignés. Avec l'exclusion du Conseil d'Etat de la procédure, «il n'y a pas d'autorité en mesure de donner» une assignation, selon l'avocat «une nouvelle loi est nécessaire pour prévoir quelle autorité va en décider». La décision des Sages «va obliger incontestablement à revoir un peu la loi de 1955» sur l'état d'urgence, détaille Michel Lascombe.  Dans un , Bruno Le Roux, le ministre de a précisé que 22 personnes assignées sont «concernées par ces dispositions» du Conseil constitutionnel. Une audience qui  en vue de prolonger certaines assignations de longue durée a été annulée. Mais le ministère de l'Intérieur compte bien prolonger leur statut : «Il sera procédé sans délai à la prolongation des mesures qui nécessitent de l’être dans le strict respect des conditions précisées par le juge constitutionnel», poursuit le communiqué.  Et sinon, que reste-t-il de l'état d'urgence? En dehors des assignations à résidence, l'état d'urgence, en vigueur jusqu'au 15 juillet 2017, permet toujours au préfet d'interdire des manifestations et de mener des perquisitions administratives. Mais l'arsenal législatif mis en place depuis les attentats de 2015 a «créé les conditions qui rendent possible une sortie» de ce régime d'exception estimait récemment Bruno Le Roux. Le Parlement a ainsi voté, le 24 juillet 2015 une , le 3 juin 2016 un texte , le terrorisme et leur financement» puis le 21 juillet dernier, une    "}