{"title": "Attentat déjoué : deux des sept suspects relâchés", "newspaper": "leparisien", "author": "Le Parisien", "date_publi": "22/11/2016", "theme": "Faits divers", "content": "Deux des sept hommes  et Marseille, , ont été relâchés mardi soir. Il s'agit de deux des trois hommes interpellés ce week-end à Marseille, a précisé la source. Ils étaient soupçonnés d'avoir eu un rôle dans l'hébergement d'Hicham E., un Marocain de 46 ans résidant au Portugal, signalé aux autorités françaises comme islamiste radical. Les enquêteurs soupçonnent Hicham E., qui restait en garde à vue mardi soir, d'avoir été un collecteur de fonds pour le réseau. Les quatre autres suspects arrêtés à Strasbourg, de nationalité française et inconnus des services de renseignement,  à la Direction générale de la sécurité intérieure (DGSI), près de Paris. Parmi ces quatre hommes âgés de 35 à 37 ans, deux sont soupçonnés d'avoir gagné la Syrie en 2015 en passant par Chypre, avant de revenir en Europe. «Un donneur d'ordre établi en Syrie» Deux armes de poing, un pistolet automatique, un pistolet mitrailleur ainsi que de la propagande djihadiste ont été trouvés lors des perquisitions. Les investigations, qui avaient débuté en février, avaient conduit à une première série d'interpellations le 14 juin. Deux Français, liés au réseau, sont alors mis en examen et écroués: Nasser B., 38 ans, et Lamary N., 40 ans, dont l'enquête a établi qu'ils avaient contracté des crédits à la consommation pour financer des activités terroristes. D'après une source proche de l'enquête, ces deux suspects communiquaient «avec un donneur d'ordre établi en Syrie surveillé par les services de renseignement français». Le 14 novembre, l'enquête s'est accélérée quand la DGSI a reçu un renseignement laissant supposer un passage à l'acte imminent. «Les exploitations sont toujours en cours pour tenter de déterminer le ou les endroits ciblés» par une éventuelle attaque. Le ministre de l'Intérieur Bernard Cazeneuve a affirmé lundi que cette vague d'interpellations \"a permis de mettre en échec une action terroriste envisagée de longue date\" en France, frappée depuis près de deux ans par une vague sans précédent d'attaques jihadistes. "}