{"title": "VIDEO. Ambiance « presque normale » sur les Champs-Elysées après l'attentat de Berlin", "newspaper": "leparisien", "author": "Maéva Lahmi", "date_publi": "21/12/2016", "theme": "Faits divers", "content": " Les musiques festives et le vin chaud ne font pas tout. Mardi sur le marché de Noël des Champs-Elysées, à Paris,  est dans toutes les têtes. Elise Lévy, qui tient un stand de bijoux à l'entrée du marché, explique avoir été très touchée par ce nouvel attentat. « Forcément quand on travaille ici, on fait le lien et on se dit qu'un tel événement peut se reproduire. Mais je refuse de céder à la peur. » A quelques mètres de là, Burcu Senyelli, une étudiante turque de 22 ans qui réside à Berlin, est du même avis. « Une attaque peut arriver n'importe où et n'importe quand, alors autant continuer à vivre normalement », affirme-t-elle, une pointe d'émotion dans la voix. Un peu plus loin, d'autres commerçants semblent plus inquiets, conscients que le marché de Noël des Champs-Elysées représente une cible privilégiée pour les terroristes. « Mes proches m'ont dit que j'étais folle, que je prenais des risques ! » s'exclame Nicole Paquotte, qui tient un stand de cadeaux et souvenirs. Les larmes aux yeux, Jacques, qui tient le stand de chocolats voisin, explique « avoir été traumatisé par les récentes attaques et par les témoignages des rescapés. Je suis très angoissé, je viens parce que je suis obligé de travailler, mais je compte les jours avant la fin du marché. » Pour rassurer la population, des patrouilles de police circulent au milieu des décorations multicolores et des chalets recouverts de neige artificielle. D'imposants plots en béton de protection ont aussi été installés. « C'est rassurant, mais je ne pense pas que cela change grand-chose, poursuit Jacques. Si quelqu'un veut commettre une attaque, il le fera malgré les barrières et les forces de sécurité. » Les visiteurs sont également invités à ouvrir l'œil pour repérer une éventuelle menace. « On est vigilants, déclare Laurent, venu en famille. C'est le prix à payer pour rester libres. » Près de 16 millions de visiteurs sont attendus cet hiver sur le marché parisien. La préfecture de police de Paris a, pour l'heure, refusé de communiquer sur d'éventuelles mesures envisagées pour renforcer la sécurité. De son côté, la mairie de Paris indique que « 250 agents municipaux viendront compléter le dispositif mis en place par la préfecture de police » pour la nuit du 31 décembre. EN SAVOIR PLUS >>>>>>   "}