{"title": "Sept et dix ans de prison requis contre un proche des Kouachi et un «vétéran» du djihad", "newspaper": "leparisien", "author": "Le Parisien", "date_publi": "09/02/2017", "theme": "Faits divers", "content": " Sept ans de prison ont été requis, jeudi, contre Fritz-Joly Joachin,  et dix ans  lié à, qui avaient été interceptés fin 2014-début 2015 sur le chemin de la Syrie. Le tribunal correctionnel de Paris rendra son jugement le 10 mars. Dans son réquisitoire, le procureur a souligné que tous les deux étaient «déterminés» à mener à bien un projet «muri, réfléchi», qui n'a échoué que parce qu'ils ont été arrêtés. En Bulgarie pour l'un, à la frontière turco-syrienne pour l'autre lors d'un voyage qu'ils faisaient ensemble. Chekhou Diakhabi capturé en 2004 par les Américains en Irak Les dix ans requis contre Chekhou Diakhabi représentent la peine maximale encourue pour association de malfaiteurs en relation avec une entreprise terroriste, mais le procureur a estimé qu'il s'agit du «minimum» pour quelqu'un qui, selon lui, a «combattu en Irak». Aujourd'hui trentenaire, il avait été capturé en 2004 par les forces américaines à Falloujah, alors bastion d'Al-Qaïda en Irak, alors qu'il avait seulement 19 ans. Condamné à sept ans de prison en Irak pour franchissement illégal de la frontière, il avait été libéré en 2011. Pour le procureur, Cheikhou Diakhaby est «un pionnier, un vétéran du djihad», un «récidiviste de fait», «c'est un revenant d'Irak qui veut partir en Syrie». Ancien employé dans un grand hôpital parisien, il avait des liens avec la filière dite des Buttes-Chaumont, du nom de ce parc situé dans le nord-est de Paris. Resté muet pendant l'instruction, il a soutenu face à un tribunal correctionnel de Paris sceptique qu'il voulait aller en Turquie pour faire du tourisme. Il a par ailleurs refusé d'évoquer l'Irak et contesté les déclarations du consulat de France qui lui avait rendu visite lorsqu'il y était emprisonné, selon lesquelles il était alors «dans l'optique de tuer des Américains». «On vient vous réclamer la peine maximale sur un dossier vide», a protesté pour sa défense Me Daphné Pugliesi. «On ne peut pas juger quelqu'un sur son entourage», a plaidé son confrère Matthieu Chavanne. Fritz-Joly Joachin «vendait des vêtements au black» avec Chérif Kouachi  avait lui été arrêté le 1er janvier 2015 en Bulgarie alors qu'il faisait l'objet d'un mandat d'arrêt pour «soustraction d'enfant». Inquiète de ne pas le trouver à l'aéroport au retour d'un voyage, et constatant que son téléphone ne répond plus, son épouse a en effet signalé, la veille de l'arrestation, une «disparition inquiétante». A l'audience, il a expliqué qu'il voulait «aider la communauté syrienne» et accueillir des orphelins., l'un des auteurs de , il a affirmé qu'ils étaient en relation car ils vendaient des vêtements «au black».     "}