{"title": "Cherbourg : militaires et policiers devant les lycées après des rumeurs d'attentat", "newspaper": "leparisien", "author": "Le Parisien", "date_publi": "19/10/2016", "theme": "Faits divers", "content": "Deux gendarmes, policiers ou militaires armés ont été déployés ce mercredi devant  de Cherbourg-en-Cotentin, dans la Manche, après  circulant sur  depuis lundi, rapporte . Les forces de l'ordre étaient également présentes dans les gares et certains lieux publics.\r\nSi la menace n'a pas pu être vérifiée, dans le contexte de menace terroriste la préfecture de la Manche a préféré prendre cette décision préventive. « Cette rumeur circule sur des réseaux sociaux spécialisés et fait l'objet d'une enquête de la police localement et nationalement, en lien avec le parquet », précise le préfet à Ouest-France.\r\n  "}