{"title": "Tuerie de Magnanville : Larossi Abballa a finalement été enterré au Maroc", "newspaper": "leparisien", "author": "Zoé Lauwereys (@zlauwereys)", "date_publi": "03/10/2016", "theme": "Faits divers", "content": " Larossi Abballa, auteur des meurtres du policier Jean-Baptiste Salvaing et de son épouse Jessica Schneider, à Magnanville (Yvelines) en juin dernier, a été enterré au Maroc, a indiqué à  Victor Lima, l'avocat de sa famille. \r\nSelon Victor Lima, le royaume du Maroc a accepté jeudi d'inhumer le terroriste sur son territoire. La dépouille de l'homme de 25 ans aurait été transférée vendredi au Maroc et l'inhumation aurait eu lieu durant le week-end. «La famille se sent apaisée. Elle a fait ce qu'elle avait à faire», confie l'avocat à France 3.  Mantes-la-Jolie n'en voulait pas  Une volonté dont la municipalité ne voulait pas en entendre parler, craignant de voir  la sépulture transformée en lieu malsain de pèlerinage et des risques de troubles à l'ordre public. Les arguments du maire de Mantes et de la famille d'Abballa avaient même été début septembre. La juridiction avait \r\nLe 13 juin dernier, Larossi Abballa avait été abattu par le Raid, après avoir assassiné un couple de policiers à son domicile de Magnanville (Yvelines). Il avait revendiqué son appartenance au groupe terroriste Etat islamique.  "}