{"title": "Roissy : une inscription à la gloire de Daech dans un avion", "newspaper": "leparisien", "author": "C.S.", "date_publi": "11/01/2017", "theme": "Tremblay-en-France", "content": "Un jeune homme de 26 ans devrait être déféré au tribunal de Bobigny ce mercredi. Il avait été placé en garde à vue pour apologie du terrorisme. On lui reproche d’avoir écrit « vive Daech » sur une tablette d’avion, sur un vol d’ASL Airlines, au retour du Maroc en septembre 2016. L’inscription découverte après la sortie des passagers n’était pas passée inaperçue. En remontant la liste des passagers, il a été facile de retrouver celui qui était assis à cette place. Le jeune homme de 26 ans vivait à ce moment à Tremblay. "}