{"title": "Attentat de Londres : la tour Eiffel éteinte ce dimanche soir en hommage aux victimes", "newspaper": "leparisien", "author": "B.T", "date_publi": "04/06/2017", "theme": "Faits divers", "content": " La tour Eiffel sera symboliquement éteinte ce dimanche soir pour rendre hommage aux victimes de l'attentat de Londres, qui a fait au moins sept morts et une cinquantaine de blessés. EN DIRECT\r\n> «Ce soir, à 0h45, je m'éteindrai en hommage aux victimes de l'attentat de Londres«, annonce le compte Twitter de la tour Eiffel. La tour Eiffel, emblème de la capitale, marque très régulièrement la solidarité des Parisiens envers les victimes d'attentats.  Ce soir, à 00h45, je m'éteindrai en hommage aux victimes de l'attentat de Londres. \r\n— La tour Eiffel (@LaTourEiffel)  Le monument avait déjà été éteint mardi et mercredi soir pour rendre hommage aux victimes des attentats survenus à Bagdad et Kaboul.  En hommage aux victimes de l'attaque terroriste de ,  s'éteindra ce soir dès 00h45. \n\n                            \r\n— Anne Hidalgo (@Anne_Hidalgo)  La maire de Paris exprime son soutien au maire de Londres  Dans la nuit de samedi à dimanche, la maire de Paris, Anne Hidalgo, avait déjà exprimé son soutien au maire de Londres, Sadiq Khan :«Les Parisiens sont aux côtés des Londoniens. Nos pensées vont aux victimes et à leurs proches (...) Face au terrorisme, nos villes sont unies. Nous ne céderons rien de nos valeurs communes», a-t-elle déclaré, également sur Twitter.  Face au terrorisme, nos villes sont unies. Nous ne cèderons rien de nos valeurs communes. \r\n— Anne Hidalgo (@Anne_Hidalgo)  Depuis le début de l'année, la Dame de Fer a été plongée dans l'obscurité à plusieurs reprises à la suite d'attentats à à Manchester, à Stockholm, à Londres, à Saint-Pétersbourg, à Québec, à Kaboul, ou encore à Bagdad et à Minya, en Égypte. LIRE AUSSI\r\n>  "}