{"title": "L'association d'aide aux détenus musulmans se tourne vers l'Europe", "newspaper": "leparisien", "author": "Hendrik Delaire", "date_publi": "29/12/2016", "theme": "Seine-et-Marne", "content": " « L'association a été dissoute, nous allons mettre un terme au bail du local et rendre les clés demain ou samedi. » Président de l'association musulmane d'aides aux détenus Sanâbil, Antho Bolamba-Digbo semble résigné au moment de passer un dernier coup de balai et d'achever de vider le local associatif à Noisiel. Vendredi dernier, le dernier recours de cette association musulmane d'aide aux détenus afin de suspendre sa dissolution par le décret présidentiel du 24 novembre a été rejeté par le Conseil d'Etat.\r\nDans son ordonnance, la plus haute juridiction administrative estime que « sous couvert d'une assistance morale, logistique ou de bienfaisance aux détenus de confession musulmane, l'association développe, au travers de ses activités, un important réseau relationnel en lien avec l'islam radical ». Le Conseil d'Etat a rappelé que le président de l'association Antho Bolambo-Digbo est assigné à résidence depuis novembre 2015 pour ses liens présumés avec des membres de la mouvance radicale ou qui ont rejoint l'Etat islamique.\r\nLors de l'audience, la représentante du ministère de l'Intérieur a égréné la liste de djihadistes qui ont eu « directement ou indirectement » des liens avec l'association. Parmi eux : Amédy Coulibaly, le tueur de l'Hypercacher, qui a participé à un pique-nique organisé par Sanâbil à ognes ou Larossi Abballa, le tueur du couple de policiers de Magnanville (Yvelines), qui a «écrit des lettres » pour des détenus.\r\n« Le Conseil d'Etat estime que les activités de Sanâbil constituent un réseau relationnel pouvant radicaliser des personnes, alors qu'aucun acte terroriste n'est imputable aux membres de l'association. Elle a été interdite en raison du profil de ses membres et non pas de leurs agissements. Nous allons porter un recours auprès de la Cour européenne des Droits de l'Homme (CEDH) dans les prochains jours », annonce Me Bruno Vinay, l'avocat de Sanâbil. « Je me suis toujours opposé au terrorisme islamique et avec cette interdiction c'est l'aide à près de 750 détenus, musulmans ou non, qui prend fin et un local d'hébergement de femmes SDF qui ferme ses portes à Alfortville (Val-de-Marne) », déplore Antho Bolamba-Digbo, qui entend « laver l'honneur de l'association devant la CEDH (Cour européenne des droits de l'homme) ». "}