{"title": "Coup de filet antiterroriste en France : interpellations à Rouen, Roanne et Villeneuve-d'Ascq", "newspaper": "leparisien", "author": "Jean-Michel Décugis et Eric Pelletier", "date_publi": "02/05/2017", "theme": "Faits divers", "content": " Une opération antiterroriste a débouché sur l'interpellation de cinq prévenus ce mardi matin à Villeneuve-d'Ascq (Nord), Roanne (Loire) et à Bihorel, près de Rouen (Seine-Maritime). Dans ce dernier lieu, les perquisitions menées ont permis la saisie d'armes : deux pistolets 9 mm et deux armes automatiques modifiées. Les cinq interpellés, tous inconnus des services de police et de renseignement, ont entre 18 et 22 ans. D'après nos informations, seuls trois d'entre eux étaient dans le viseur des enquêteurs, qui les suspectaient de rechercher à se procurer des armes.  La découverte des armes près de Rouen a cependant mené à une autre interpellation : celle du demi-frère de l'un des trois suspects, à qui elles appartenaient... légalement. Ces arrestations se sont déroulées dans le cadre d'une enquête préliminaire ouverte par le parquet de Paris le 8 mars et menée par la police judiciaire.  "}