{"title": "Transports aériens : l'IATA s'oppose à l'interdiction des ordinateurs en vol", "newspaper": "leparisien", "author": "Le Parisien", "date_publi": "29/03/2017", "theme": "Economie", "content": " «Inacceptable, quelles que soient les menaces». C'est par ces mots forts qu'Alexandre de Juniac, le directeur général de l'Association internationale du transport aérien (IATA) a réagi aux mesures de Londres et Washington interdisant ordinateurs et tablettes en cabine d'appareils en provenance de pays arabes et de Turquie\r\n«Les mesures actuelles sont une solution inacceptable à long terme, quelles que soient les menaces qu'elles tentent de conjurer», a dit M. de Juniac devant le Conseil des relations internationales de Montréal (Corim). «Même à court terme, il est bien difficile de comprendre leur efficacité. Et elles créent des distorsions commerciales importantes», a estimé le directeur de l'association regroupant les grandes compagnies aériennes du monde entier. «Nous appelons les gouvernements à travailler avec l'industrie pour trouver une manière d'assurer la sécurité des vols sans priver les passagers de leurs appareils électroniques personnels», a-t-il ajouté.\r\nLa directive américaine affecte les vols de neuf compagnies aériennes en provenance de dix aéroports internationaux de pays arabes (Jordanie, Egypte, Arabie saoudite, Koweït, Qatar, Emirats arabes unis et Maroc) et de Turquie.\r\nL'interdiction britannique concerne quant à elle des avions à destination ou en provenance de Turquie, du Liban, de la Jordanie, d'Egypte, de Tunisie et d'Arabie saoudite.\r\n«L'industrie s'est rapidement organisée pour mettre en place ces nouvelles exigences. Cela a été un défi», a encore noté M. de Juniac en expliquant que les compagnies n'avaient reçu aucune information préalable. "}