{"title": "Attentat de Nice : les héros du chaos", "newspaper": "leparisien", "author": "Timothée Boutry et Éric Pelletier", "date_publi": "07/10/2016", "theme": "Faits divers", "content": " Ils sont la lumière de cette nuit de ténèbres. Séverine, Houria, Emmanuel ou Franck flânent en famille ou rentrent chez eux, en amoureux, à scooter, dans la douceur d'une brise d'été, sur la promenade des Anglais, à Nice. Jusqu'à 22 h 32 min 27 s, le 14 juillet, ce sont encore des gens ordinaires : technicien, étudiante, militaire. Depuis, ce sont des survivants. Des survivants et des héros confrontés à l'innommable, l'attaque d'un camion de 19 tonnes lancé dans la foule. Aux policiers chargés de l'enquête sur cet assassinat de masse qui a fait 86 morts et plus de 400 blessés originaires du monde entier, ils décrivent leurs gestes d'humanité. Sobrement. Sur le ton de l'évidence. Bon nombre d'entre eux évoquent « un grand souffle », celui de la mort qui passe. Dans ces conditions, rester en vie ou mourir broyé se joue à quelques centimètres. Des badauds, les plus frêles souvent, doivent la vie au réflexe d'un inconnu, leur voisin de foule. « J'ai juste eu le temps de pousser un petit garçon qui était à côté de moi, raconte Nathalie. Quand je me suis retournée, j'ai vu mes deux copines par terre. » Un peu plus loin, Laëtitia le voit aussi ce camion « qui jouait au bowling » et ces corps qui « volaient comme des poupées de chiffon ». Cette Niçoise de 38 ans parvient à mettre à l'abri ses deux filles de 15 et 12 ans, les confiant à une étudiante sur la plage. Puis remonte sur la chaussée porter secours. « La première victime dont je me suis occupée était blessée à la tête, elle avait beaucoup de sang. Il y avait sa famille autour, ses quatre enfants étaient là, en pleurs, ils n'étaient pas blessés physiquement, détaille-t-elle. J'ai alors pris les enfants de la victime et sa sœur et je les ai éloignés. » Laëtitia se dirige ensuite vers un homme gisant à proximité d'un fauteuil roulant. En prenant son pouls, elle constate qu'il est trop tard. Trop tard aussi pour tous ces corps martyrisés qui l'entourent auxquels elle rend leur dignité en les recouvrant de nappes empruntées à un restaurant voisin. Quand les soins ne suffisent plus, un tissu jeté sur un corps devient l'ultime marque d'attention. «J'ai débuté par un massage cardiaque sur une dame âgée qui ne survivra pas» Mais l'urgence commande. Ils sont des dizaines, comme Laëtitia, à se transformer en soignants d'un soir. Titulaire d'un brevet de secouriste, Audrey remonte à contre-courant le parcours sanglant du 19 tonnes, comme le héros d'« Au cœur des ténèbres » rompt avec l'humanité au fur et à mesure de sa remontée du fleuve. « Plus j'avançais, plus je voyais l'horreur », résume cette jeune femme de 22 ans, débutant par un massage cardiaque sur une dame âgée qui ne survivra pas, avant d'enchaîner par un point de compression sur la plaie d'une maman. Quand les pompiers arrivent, elle s'assied à côté d'une femme, grelottante, touchée à la cheville. « Je lui ai donné ma veste », dit-elle. Le bien, dans ces procès-verbaux, se dit en peu de mots. L'horreur aussi. Séverine, militaire dans la marine de 24 ans : « On faisait les corps un par un pour voir qui on pouvait aider ou pas. Je n'avais pas de gants. On avait du sang partout. » Au même moment, Laurent cherche à garer sa voiture. Ce policier municipal hors service aperçoit le camion fou qui percute « un enfant de 8 ans environ, une grand-mère et un monsieur juste après ». L'automobiliste pile : « J'ai couru vers les trois premières victimes. Malheureusement, je ne pouvais plus rien faire. J'ai essayé d'établir un périmètre de sécurité à hauteur de l'hôtel Negresco. » Karim aussi s'efforce de mettre un semblant d'ordre dans le chaos. Quand il pénètre sur la Prom, ce chauffeur Uber prend vite conscience de la situation. Avec son client, il commence par se démener pour trouver un véhicule circulant dans le bon sens, susceptible d'emmener au plus vite une femme enceinte blessée vers l'hôpital. Avant de retourner sur les lieux. « J'ai décidé de fluidifier la circulation, ce que j'ai fait avec un homme porteur d'un brassard sécurité », livre-t-il. «Un homme a accompagné ma fille jusqu'à sa fin [...]. Il mérite une médaille» Il y a aussi ces anonymes dont le maelstrom a avalé le nom. Sylvain, menuisier suisse en vacances, se souviendra toute sa vie du visage d'un inconnu. A la fin du feu d'artifice, lui et sa famille se mettent en quête d'une barbe à papa quand le camion fauche sa femme Elizabeth et Kayla, l'aînée de leurs trois filles, âgée de 6 ans. « Un monsieur est venu vers moi, il a voulu absolument m'aider. Il a tenu Kayla, lui a compressé la jambe, lui parlait, pendant trente minutes, détaille le touriste. Pendant qu'il s'occupait de Kayla, moi, je tenais mon bébé et je parlais à ma femme. » Le bon Samaritain accompagne Sylvain à l'hôpital et refuse de le quitter, patientant à ses côtés dans l'épreuve. Ni Elizabeth ni Kayla ne survivront à leurs blessures. Devant les policiers, le père de famille tient à ajouter une ligne à son témoignage, pas pour l'enquête, car l'anecdote ne sera d'aucune utilité au tribunal, mais pour rendre hommage « à tous les gendarmes, les sapeurs-pompiers, le Samu, la protection civile et les gens qui m'ont aidé ». Et surtout à « cet homme qui a accompagné ma fille du début à la fin » et qui « mérite une médaille ». A ses côtés, il y avait aussi trois copines, dont Houria, qui, à tour de rôle, ont tenu la main de l'enfant, apportant un matelas de plage pour tenter de la soulager. Dans l'immense Palais de la Méditerranée s'improvise un poste de secours auquel Loïc confie sa fille qui a eu le bras cassé. « Voyant que son pronostic vital n'était pas engagé, je suis sorti sur la Promenade pour porter aide et assistance aux personnes blessées », détaille cet ancien agent de sécurité en recherche d'emploi. De retour au Palais, il retrouve un ami : « Nous avons récupéré tous les produits de premiers secours, bandages, pansements, collier cervical, etc. et nous nous sommes occupés des blessés à l'intérieur », poursuit-il. Malgré le risque, Emmanuel n'hésite pas à quitter l'hôtel West End où il s'était réfugié, au plus fort de la fusillade entre le terroriste et les policiers. Une septuagénaire au bassin fracturé est victime d'une grosse hémorragie. « Je lui tenais la main, elle avait du mal à respirer. Elle a sombré vers 23 heures. » Son dernier souvenir du monde sera la chaleur d'une main.  La foule est encore compacte quand le camion lui fonce dessus.  Tandis que les secours se déploient sur l'avenue ensanglantée et que les hôpitaux s'organisent, une opération portes ouvertes se met spontanément en place dans la ville. Comme le soir du 13 novembre à Paris, les Niçois accueillent des rescapés paniqués. Thierry est un de ceux-là. Alors qu'il attend fébrilement le retour de sa femme et de sa belle-fille, il « tombe sur six personnes qui ne parlaient pas français mais qui par des gestes [l]'ont imploré de les laisser entrer chez [lui] pour les protéger ». « Je les ai accueillis, j'ai tenté de les réconforter. Ils se sont mis à tout débrancher et éteindre. Ils étaient terrorisés et cherchaient à se dissimuler. » Hagard après avoir été projeté au sol, Fabrice se relève avec « une atroce douleur au ventre » et ne pense qu'à se protéger en entendant des coups de feu. Il s'engouffre dans un immeuble. « Un appartement était ouvert. Je suis rentré. Quand la situation est redevenue calme, une dame de l'immeuble qui était médecin s'est occupée de moi », se remémore cet homme, finalement hospitalisé. Enfin, il y a ceux qui, à mains nues, ont tenté le tout pour le tout pour neutraliser le terroriste armé. Comme cet informaticien de 45 ans qui s'adresse à une policière hésitant, semble-t-il, à ouvrir le feu : « Je lui ai demandé de me donner son arme pour tirer moi-même. » Elle contournera finalement un palmier et videra son chargeur sur l'assassin. Le temps de donner ses lunettes à sa compagne, Gilles se rue lui aussi à l'assaut : « Une autre personne est arrivée après moi à la cabine. J'ai essayé d'ouvrir la portière côté conducteur, qui a résisté. C'est à ce moment-là que j'ai vu un canon de pistolet sortir. J'ai agrippé ou poussé l'arme et j'ai crié à l'autre personne qu'il fallait qu'on s'échappe. » «Je n'avais qu'une idée : stopper cet individu.» Quelques minutes plus tôt, Franck, responsable d'exploitation piste à l'aéroport de Nice, circulait sur son scooter avec sa femme lorsque le monstre d'acier l'a frôlé. Il dépose son épouse et fonce sur lui en zigzaguant entre les victimes. Arrivé à sa hauteur, il se jette contre la cabine du 19 tonnes, enfin à l'arrêt, à la hauteur du Negresco : « J'ai essayé d'ouvrir la portière sans succès. Je n'avais qu'une idée : stopper cet individu. » Mais le terroriste lui assène « plusieurs coups de crosse » sur le crâne. Il tombe au sol, une balle le frôle. Les tirs l'obligent à se réfugier sous le camion. Dans la confusion, Franck est interpellé sans ménagement, « insulté et maltraité », par les forces de l'ordre qui le prennent pour un complice. La sobriété des témoignages de ces héros d'un soir n'enlève rien au traumatisme qu'ils ont eux-mêmes subi. Pascal, un pompier volontaire qui a pansé tant de plaies, n'oubliera jamais : « Pour moi, la Promenade est un cimetière. » Alors, devant un tel nombre de victimes étalées au sol, Gwenaël a « vrillé » : « J'ai sorti mon couteau Opinel et je me suis lancé à sa poursuite pour clairement le buter. » Les policiers font déjà feu. « J'ai pris conscience que c'était fini, alors je me suis arrêté. Et là j'ai vu quelqu'un dans un même état d'excitation que moi se ruer en direction de la fusillade. Je me suis empressé de le plaquer au sol en lui disant : C'est fini, il n'y a plus rien à faire, tu as peut-être perdu quelqu'un, mais il n'y a plus rien à faire. » Et la bassesse de quelques autres Son « bip » a sonné à 22 h 36. Yves, un adjudant pompier, rappelé en urgence le 14 juillet au soir, est l'un des premiers intervenants sur les lieux du massacre. Chargé d'une reconnaissance de la « zone d'accident », il doit se concentrer sur l'urgence La circulation n'est pas encore coupée. « A ce moment-là, un TMax (NDLR : un scooter) passe avec deux Maghrébins dessus. Le conducteur était casqué et le passager sans casque avec des lunettes de soleil en passant très vite et en criant : «  Allahou Akbar ». Je n'ai pas pu relever la plaque. Ce n'était pas possible. Tout le monde était outré. C'était affreux. » Il n'est pas le seul à décrire cette scène. Après avoir été frôlée par le camion et avoir aperçu son conducteur, Mohamed Lahouaiej Bouhlel, qui « souriait, les deux mains sur le volant », Laura voit surgir le deux-roues. « Ce qui m'a choqué, c'est que le passager à chaque fois qu'il passait au niveau d'une victime avait un geste négligent, lançant les bras devant et hurlant. Ils rigolaient et semblaient vraiment contents de ce qu'ils voyaient. » Alors que les blessés agonisent, le premier réflexe de certains badauds est de sortir un smartphone. Hajer, qui vient de perdre son mari et trois proches, confie son écœurement face à ces « voyeurs qui filmaient les corps recouverts de draps », certains même « en rigolant ». Après le drame, la haine de l'autre Gérald se souvient bien de cet homme « qui filmait tout en disant : Il faut que les gens sachent. Il était sud-africain. Un policier lui a pris son téléphone et l'a jeté par terre car il ne voulait pas arrêter de filmer. » D'autres, entendus par les enquêteurs, acceptent d'effacer ces scènes d'horreur. La bassesse se niche aussi dans les réactions de certaines personnes. Rescapée du carnage avec son bébé de 5 mois, Naima exprime sa peur de sortir de chez elle depuis le drame. « En plus, comme je porte le voile, je me suis fait agresser deux fois. Une fois une dame dans le tram m'a même bousculée et l'autre fois une dame m'a regardée en face en me disant : Vous êtes en train de me tuer. » La haine de l'autre comme une victoire posthume du terroriste.   "}