{"title": "Attentat en Colombie : qui est Julie Huynh, la victime française ?", "newspaper": "leparisien", "author": "G.L.", "date_publi": "18/06/2017", "theme": "Faits divers", "content": " Une jeune Française figure parmi les trois personnes tuées samedi après-midi dans . Âgée de 23 ans, Julie Huynh, originaire de Parigné-l'Evêque, dans la Sarthe, était venue en Colombie pour «fournir un service social dans un collège d'un quartier populaire de Bogotá», a indiqué le maire de la capitale à la presse. Son identité a été confirmée dimanche par le ministre de l'Education nationale, Jean-Michel Blanquer, sur Twitter.  En solidarité profonde avec la famille de Julie Huynh, jeune française volontaire dans une école, tuée dans l'attentat de Bogotá.\r\n— Jean-Michel Blanquer (@jmblanquer)   Le président de la République, Emmanuel Macron, lui a également rendu hommage sur le réseau social : «À 23 ans, engagée bénévolement à Bogota, une compatriote y a perdu la vie dans une explosion. Tristesse et condoléances pour ses proches.»  À 23 ans, engagée bénévolement à Bogota, une compatriote y a perdu la vie dans une explosion. Tristesse et condoléances pour ses proches.\r\n— Emmanuel Macron (@EmmanuelMacron)   La jeune femme effectuait une mission de six mois pour la fondation Projeter sans frontières, , qui précise que la jeune femme était dans le centre commercial avec sa mère au moment de l'explosion. Nathalie Huynh, 48 ans, a également été blessée dans l'attentat. Selon son compte Facebook, où les messages de condoléances affluaient dimanche, Julie Huynh avait étudié à la Faculté d'administration et échanges internationaux, à l'Université Paris-Est Créteil.   "}