{"title": "Attentats : notre site dédié à la galaxie djihadiste", "newspaper": "leparisien", "author": "Tanguy de l'Espinay, Floran Maussion, la Cellule data et le service Infos Générales du Parisien", "date_publi": "15/04/2016", "theme": "Faits divers", "content": " Une nébuleuse complexe. Si la théorie du loup solitaire a beaucoup circulé après l'affaire Merah en 2012, les attentats de janvier et , puis ceux de  ont au contraire montré combien les protagonistes du djihadisme sont liés. Chaque enquête apporte son lot de révélations sur les liens entre combattants de diverses filières, révélant une véritable galaxie djihadiste « francophone ».\r\nAu centre de cette inquiétante toile, plusieurs noms sont connus depuis longtemps des enquêteurs : Fabien Clain, Salim Benghalem, Abdelhamid Abaaoud, Salah Abdeslam ou encore Najim Laachraoui et Mohamed Abrini, impliqués dans les attaques de Paris et de Bruxelles.\r\nAu-delà des cas les plus « médiatiques», notre site dédié, réactualisé au quotidien, révèle les connexions entre plus de 300 personnes, une dizaine de filières et une trentaine d’enquêtes depuis 2012. Et permet de faire le point en temps réel sur le niveau d’implication des suspects dans les différentes affaires, l’avancée des procédures judiciaires, et sur la nature des liens entre eux.Cliquez sur l'image ci-dessous pour accéder au site dédié\r\n  "}