{"title": "Attentat de Londres : une minute de silence observée au Royaume-Uni", "newspaper": "leparisien", "author": "Le Parisien", "date_publi": "06/06/2017", "theme": "Faits divers", "content": " Et le pays s'est tu. Le Royaume-Uni a observé ce mardi à 11 heures, midi en France, une minute de silence en hommage aux victimes de  en plein cœur de Londres, la capitale. Les drapeaux sont en berne sur les bâtiments officiels et doivent le rester jusque dans la soirée. Cette vidéo  montre des personnes se recueillant à différents endroits du pays. Au début sonne Big Ben, la cloche du palais de Westminster, qui se trouve à Londres et qui abrite le parlement britannique.  People across the UK fall silent to remember the victims of the \r\n— BBC Breaking News (@BBCBreaking)  L'attaque de samedi a été revendiquée par le groupe djihadiste de l'Etat islamique. Elle a fait 7 morts dont un Français. Une cinquantaine de personnes ont été hospitalisées. 36 le sont toujours ce mardi, dont 18 dans un état critique. C'est la troisième fois en deux mois et demi que le Royaume-Uni est frappé par une attaque terroriste. Le 22 mars, un homme a foncé sur le pont de Westminster, à Londres, avec un véhicule, avant de poignarder mortellement un policier. Cinq personnes sont mortes en tout. Le 22 mai, une bombe a explosé à la fin d'un concert d'Ariana Grande à Manchester, faisant 22 morts et 116 blessés. Londres (Royaume-Uni), mardi. Des policiers observent une minute de silence en mémoire des victimes de l'attentat commis samedi à Londres. (Reuters/Marko Djirica)  "}