{"title": "Françaises djihadistes : les femmes «représentent un quart des personnes poursuivies pour terrorisme»", "newspaper": "leparisien", "author": "Le Parisien", "date_publi": "06/04/2017", "theme": "Faits divers", "content": " Nommée en juin 2015, Catherine Champrenault, procureur général près la cour d'appel de Paris, occupe l'un des postes les plus sensibles de la magistrature. Elle dispose d'une fine connaissance . Combien de femmes sont actuellement poursuivies ?Aujourd'hui, sur les , 108 le sont pour terrorisme islamiste. En tout, 400 personnes, hommes et femmes confondus, sont poursuivies pour ce type de fait. Sur ces 121 femmes, 35 sont détenues, 64 sont placées sous contrôle judiciaire et 19 font l'objet d'un mandat d'arrêt. Enfin, 3 ne font l'objet d'aucune mesure de sûreté. Sur ces 108 femmes poursuivies pour terrorisme islamiste, , âgées de 15 à 17 ans. Parmi elles, 7 sont incarcérées. En matière de terrorisme, les femmes représentent 25 % des personnes poursuivies. A titre de comparaison, avec la délinquance de droit commun, les femmes représentent 4 % de la population carcérale. Quelles sont les raisons de cette surreprésentation ?\r\nLe message adressé aux femmes par Daech est : «Vous sentez que vous n'avez pas votre place dans cette société occidentale ; au sein de l'Etat islamique, vous en avez une, en plus on vous protège et on lutte contre cette société qui ne vous a pas reconnues.» Nous constatons à la lecture des études de chercheurs que nombre d'entre elles rêvent d'un prince charmant qui les respecte. C'est un début d'explication. Il y a peut-être aussi l'idée d'un refuge en rejoignant les rangs de Daech où tout est normé. C'est très paradoxal de rejoindre des zones de combats en aspirant à la sécurité. Les enquêtes ont-elles permis de cerner leur rôle ?\r\nIl y a encore deux ans, on aurait pu croire à une attitude passive des femmes ayant pour obligation de suivre leur mari, d'assurer la descendance et de s'occuper des travaux domestiques. Entre-temps, nous nous sommes aperçus qu'elles adhéraient aux thèses djihadistes et qu'elles jouaient un rôle dans l'édification de la société islamiste au sein de laquelle elles sont chargées de l'endoctrinement des enfants. Certaines jouent aussi , parfois mineures, à se marier à des djihadistes et à rejoindre les zones de combats, ou encore occupent des fonctions d'administratrices de sites de propagande. Enfin, certaines . Comment la justice évalue-t-elle le danger ?\r\nNous ne sommes pas dupes du rôle des femmes djihadistes. J'en veux pour preuve cette mère de cinq enfants, jugée libre, et qui a été condamnée en appel à six ans de prison pour avoir été administratrice de site djihadiste. Nous ne faisons pas d'angélisme ! Pour autant, nous savons faire la différence entre les femmes qui auraient été contraintes et celles qui ne le sont pas. Si les femmes n'avaient pas accompagné leurs conjoints djihadistes, il y aurait eu moins de propagation de l'islam radical.  A LIRE AUSSI \r\n>\r\n>\r\n>   "}