{"title": "Les sinistrés de la rue de la République auront bien un suivi psychologique", "newspaper": "leparisien", "author": "F.Ni.", "date_publi": "18/11/2016", "theme": "Seine-Saint-Denis", "content": "C'est une « bonne nouvelle » pour les anciens habitants du 48, rue de la République. Par la voix de la préfète à l'égalité des chances, Fadela Benrabia, ils ont appris hier qu'ils bénéficieraient d'un suivi psychologique « au long cours ». L'Agence régionale de santé (ARS) doit mettre en place un dispositif de prise en charge des soins. C'est ce qu'attendaient les sinistrés, qui demandaient pour cela à être reconnus comme victimes de terrorisme. « Ce qu'ont vécu ces personnes est extrêmement traumatisant et lourd. Certaines ont dû se tourner vers le secteur libéral pour un suivi psychologique mais cela peut vite devenir insupportable pour les plus modestes », souligne Stéphane Peu, adjoint au maire (PCF) de Saint-Denis. "}