{"title": "L'ex-soldat de l'armée française avait déserté pour Daech", "newspaper": "leparisien", "author": "Pascale Égré", "date_publi": "05/12/2016", "theme": "Faits divers", "content": " Dans le trio de prévenus jugé pour terrorisme aujourd'hui devant le tribunal correctionnel de Paris, l'un se distingue par son parcours.. Opérateur tourelle dans l'armée, envoyé à plusieurs reprises en mission en Afrique et formé au maniement des lance-roquettes antichar, ce Roubaisien avait fini par déserter, en 2010, après six mois d'arrêt maladie. Un basculement «dans une implacable voie idéologique et religieuse» qui a «envahi et dominé toute son énergie physique et psychique», a décrypté un expert psychologue. Jusqu'à le convaincre de partir en Syrie... Nés à Roubaix et à Tourcoing (Nord), Mehdi et ses deux comparses, âgés de 26 et 29 ans, sont apparus - ou réapparus - dans le collimateur des services du renseignement fin 2014, dans le cadre de la surveillance de la mouvance salafiste lilloise. Interpellés en avril et en octobre 2015, ils comparaissent pour «association de malfaiteurs en vue d'une entreprise terroriste». Deux d'entre eux ont séjourné dans les zones de combat syriennes entre juin 2013 et février-mars 2014 - Mehdi y est resté dix mois. Lors d'une première garde à vue, en 2012, l'ex-soldat avait expliqué avoir commencé à l'armée à s'intéresser à l'islam et avoir embrassé cette religion après avoir regardé des vidéos. Le port de la barbe et la pratique de la prière dans des pièces communes lui avaient valu des soucis avec sa hiérarchie. Depuis sa désertion, sans travail, il consacrait son temps à l'échange de vidéos djihadistes sur le Net -- son ordinateur recelait une documentation fournie sur Al-Qaïda et des échanges sur le groupuscule Forsane Alizza. Lors de son audition, Mehdi avait admis un projet, avorté, de départ en Afghanistan. Il s'était dit favorable à la charia et désireux de mourir en martyr. Malgré cela, il avait été remis en liberté. Après sa seconde interpellation, dans l'instruction qui lui vaut aujourd'hui de comparaître, Mehdi a d'abord nié tout séjour en Syrie, avant de défendre un départ improvisé et un voyage à but humanitaire. Il a ensuite affirmé avoir renoncé, sur place, à combattre le régime de Bachar al-Assad pour se consacrer au soutien des réfugiés fuyant le pays. Sa thèse a été fragilisée par les déclarations d'un de ses coprévenus, qui explique l'avoir croisé sur place à deux reprises, dont l'une où il portait cagoule et kalachnikov.  Son intégration dans un groupe armé a ensuite été étayée par des photos retrouvées sur la carte mémoire d'un autre ex-soldat, mis en cause dans un dossier distinct. Confronté à ces clichés, où on le voit tenir par l'épaule un combattant porteur d'un écusson de Daech, Mehdi K. avait fini par admettre un bref passage au sein de l'organisation terroriste Etat islamique puis d'une unité affiliée à Al-Qaïda. Blessé au front, du côté d'Alep (nord-ouest), hospitalisé durant un mois à Atma (nord), il aurait décidé de rentrer en France peu après avoir revu sa famille, qu'il avait fait venir en Syrie durant un mois. Le procès s'achève demain. "}