{"title": "Seine-et-Marne : la radicalisation islamiste au menu du congrès des maires", "newspaper": "leparisien", "author": "Le Parisien", "date_publi": "29/09/2016", "theme": "Dammarie-les-Lys", "content": "Le congrès des maires organisé ce vendredi à Dammarie-les-Lys n’échappe pas la question de la lutte contre la radicalisation islamiste. « La prévention de la radicalisation : le maire sentinelle de la République » est le thème d’une des trois tables rondes proposées aux élus qui compte déjà le plus d’inscrits (300).« La demande des maires, c’est d’avoir plus de remontées d’informations de la part de l’Etat », affirme d’emblée Valérie Lacroute (LR), députée et maire de Nemours et présidente de l’Union des maires de Seine-et-Marne. « Actuellement, le ministère de l’Intérieur refuse de nous transmettre la liste des personnes fichées S. Or, qui connaît mieux que les maires les habitants des communes ? Cela permettrait d’aider les services de sécurité. Cela nous aiderait aussi quand on recrute dans les centres de loisirs, etc. Nous sommes vigilants sur les profils… »L’élue déplore aussi que les maires soient rarement informés en amont des grosses opérations de police, comme l’intervention du Raid, dans leur commune. Côté mosquées, la représentante des maires du 77 s’étonne que les premiers magistrats d’une commune ne soient pas informés de la surveillance d’un lieu de culte.Autant de questions auxquelles pourront répondre, lors de cette table ronde, le directeur de cabinet du préfet de Seine-et-Marne, Pierre-Emmanuel Portheret, mais aussi Gilles Renault, directeur de la cellule d’écoute, de soutien et d’accompagnement aux familles (Cesaf) et Jean-Pierre Laffite, chargé de mission au comité interministériel de prévention de la délinquance et de la radicalisation. "}