{"title": "Depuis l'attentat de Nice, les volontaires affluent chez les réservistes", "newspaper": "leparisien", "author": "Aurélie Foulon", "date_publi": "14/10/2016", "theme": "Seine-Saint-Denis", "content": " Avocat, pâtissier, étudiant, chef d'entreprise... Le panel est large. Tous ont un point commun : ils ont rejoint la réserve opérationnelle de la gendarmerie des Yvelines qui compte maintenant 284 hommes et 61 femmes. Près de cinquante d'entre eux ont franchi le pas après l'appel du gouvernement, lancé dans la foulée de l'attentat du 14 juillet à Nice (Alpes-Maritimes), autour duquel un hommage national est organisé demain. Sarita, Aude et Elijah attaquent leurs premières missions, à l'issue de deux semaines de formation aux côtés de 250 autres volontaires venus de toute de la France. « Ils ont appris le BA-ba de la sécurité, l'armement..., tout ce qui est indispensable pour travailler à la gendarmerie », résume le colonel Loïc Baras, patron des gendarmes des Yvelines. Opérationnels, ils peuvent « assurer des missions de surveillance pour lutter contre les cambriolages, par exemple, ou intervenir en renfort ». « Ils sont complémentaires des gendarmes d'active ( NDLR : de métier) et ces derniers peuvent se consacrer à des missions de haute valeur ajoutée. Dès qu'on conçoit une opération, on pense à intégrer les réservistes », souligne le colonel, convaincu que ce fonctionnement fait le succès de la réserve de gendarmerie. De fait, elle a déjà reçu 700 candidats cette année, contre 250 en 2015. « Il y a l'élan initial de ferveur populaire mais il faut l'entretenir dans la durée », ajoute le militaire. Gendarme réserviste, c'est moins contraignant qu'on peut le penser. Les opérationnels expriment leurs besoins, en personne, le jour, l'endroit. « On lance un appel via un logiciel et les volontaires s'inscrivent, explique le colonel. Ils peuvent faire jusqu'à 120 jours par an, rémunérés une cinquantaine d'euros chacun. C'est cette souplesse qui permet aux gens d'y trouver leur compte. Parce qu'il faut renoncer à certaines choses : le week-end, ils ne sont pas avec leur famille mais au service de la Nation. » "}