{"title": "Attentat à Stockholm : «On nous a dit de ne pas rester dans la rue»", "newspaper": "leparisien", "author": "Propos recueillis par Sébastian Compagnon", "date_publi": "07/04/2017", "theme": "International", "content": " Amanda Sporre, une Suédoise de 30 ans, était à quelques centaines de mètres du lieu où  «J’étais dans le bus pour me rendre dans une boutique de chaussures à deux pas du lieu de l’attaque, explique-t-elle au Parisien. J’y étais aussi hier (jeudi) aussi pour faire du shopping, c'est un peu comme les Galeries Lafayette... Tout à coup, j’ai vu les véhicules de police et de secours arriver à toute vitesse dans les rues. Le chauffeur du bus a reçu un message lui disant que la circulation était coupée. Le bus s’est arrêté et les passagers ont été évacués». >> A LIRE.  «Les gens ne savent pas comment rentrer chez eux»La jeune femme, qui vit et travaille à Paris depuis janvier 2016, a rassuré ses proches via Facebook Safety Check. Puis elle s’est réfugiée dans un hôpital près de l'hôtel de ville. «C’est une ambiance très bizarre, confie-t-elle. Les gens ne savent pas comment rentrer chez eux, car les rues sont coupées et le métro est fermé. On nous a dit de ne pas rester dans la rue. Moi je ne voulais pas me retrouver dans un endroit avec de la foule, alors je suis restée dans cet hôpital». Faute de transports publics, elle s'est lancee dans une marche de près de deux heures. «Il y avait tellement de monde dans la rue !».  \r\nAmanda était à Bruxelles lors des attentats de Paris et à Paris lors des attentats de Bruxelles. «Je ne pensais pas que la Suède serait frappée à son tour. Mais je ne suis pas surprise non plus, car n’importe quel pays peut-être touché…. Aujourd'hui, c’est arrivé dans mon pays et ça me rend très triste».  VIDEO. Stockholm : attentat au camion, au moins trois morts "}