{"title": "La Verrière : les forces de l’ordre s’entraînent à une attaque terroriste", "newspaper": "leparisien", "author": "Le Parisien", "date_publi": "11/05/2017", "theme": "La Verrière", "content": "Deux compagnies de CRS, le Samu et des policiers partout, dont certains encagoulés… : c’était le branle-bas le combat, ce jeudi matin, sur le site de Valeo, à La Verrière. Et de nombreux passants et riverains s’en sont inquiétés. Il s’agissait en fait d’un exercice. Les secours et les forces de l’ordre s’entraînent à réagir correctement en cas d’attaque terroriste, dans une situation de confinement. "}