{"title": "Montpellier : quatre personnes avec un projet d'attentat «imminent» interpellées", "newspaper": "leparisien", "author": "T.B", "date_publi": "10/02/2017", "theme": "Faits divers", "content": " Quatre personnes, dont une adolescente de 16 ans, suspectées de vouloir commettre un attentat, ont été arrêtées ce vendredi matin dans l'Hérault. Ils sont âgés de 16, 20, 26 et 33 ans. Trois d'entre eux étaient connus des services de renseignement.\r\nLes interpellations ont été menées par les enquêteurs de la sous-direction anti-terroriste (SDAT) à Montpellier, Clapiers et Marseillan. Un couple de convertis apparaît au coeur des investigations. L'adolescente de 16 ans avait été repérée après avoir exprimé sur les réseaux sociaux son souhait de se rendre en Syrie. Elle aurait prêté allégeance au groupe Etat islamique dans une vidéo, selon .\r\nC'est à Clapiers, dans l'appartement de son futur époux religieux, un jeune homme de 20 ans, que les enquêteurs ont découvert de nombreux produits susceptibles de confectionner des explosifs. Les policiers ont ainsi découvert au domicile de cet homme suspecté d'avoir voulu se rendre en Syrie fin 2015, 71g de TATP - un explosif artisanal puissant mais très instable prisé des djihadistes - un litre d'acétone, un litre d'eau oxygénée, un litre d'acide sulfurique, des seringues et des gants de protection. Un projet bien avancé\r\nUn homme de 33 ans, lui aussi dans le viseur des services de renseignements, a également été interpellé. Il est soupçonné d'avoir voulu pris part au projet terroriste du couple. En revanche, l'implication du jeune homme de 26 ans également interpellé ce vendredi matin à Clapiers apparaît moins certaine.\r\nSi l'hypothèse d'une attaque à la ceinture explosive dans Paris est avancée par plusieurs médias, «rien n'est encore certain», insiste une source judiciaire. Les enquêteurs semblent en tout cas convaincus que l'attaque était proche. Le ministre de l'Intérieur Bruno Le Roux évoque un «projet d'attentat imminent». Les interpellations ont été déclenchées après l'achat d'acétone.\r\n« Nous sommes face à un niveau de menace terroriste extrêmement élevé qui nous oblige à chaque instant à prendre toutes les précautions pour assurer la protection de nos concitoyens », a rappelé le Premier ministre Bernard Cazeneuve en déplacement dans la Creuse.  "}