{"title": "Maroc : arrestation d'un «partisan» de Daech lié à une cellule en France", "newspaper": "leparisien", "author": "Le Parisien", "date_publi": "03/12/2016", "theme": "Faits divers", "content": "Un «partisan» Daech, qui servait d'agent de liaison , a été arrêté au Maroc. «A la suite du démantèlement par les services de sécurité français en date du 19 novembre 2016 d'une cellule terroriste affiliée à Daech, le Bureau central d'investigations judiciaires, a arrêté un élément dangereux partisan» de Daech, a indiqué dans un communiqué le ministère marocain de l'Intérieur. Cet homme, dont l'identité n'a pas été dévoilée, « et une personne de la cellule française démantelée, selon les autorités marocaines. Il a rencontré des émissaires de Daech «à la frontière entre la Turquie et la Syrie, qui lui ont communiqué des instructions du commandement de Daech pour les transmettre à l'un des éléments arrêtés sur le territoire français, qui préparaient des attaques terroristes», poursuit le ministère marocain de l'Intérieur. L'attentat déjoué du 1er décembre concerné Un attentat «envisagé de longue date» et  avec l'arrestation de sept hommes à Strasbourg (Bas-Rhin) et Marseille (Bouches-du-Rhône), avait affirmé le ministère français de l'Intérieur. , avaient fait allégeance à Daech, selon les enquêteurs français. Le procureur de la République de Paris François Molins avait indiqué le 25 novembre que ces hommes étaient en contact avec «un donneur d'ordre dans la zone irako-syrienne». Il y a près d'un an, un renseignement émanant du Maroc avait mis les enquêteurs français sur la piste d'Abdelhamid Abaaoud, organisateur présumé des attentats du 13 novembre 2015 à Paris et tué cinq jours plus tard lors d'un assaut de la police en banlieue parisienne. Vendredi, le ministère de l'Intérieur marocain avait annoncé l'arrestation de huit personnes soupçonnées de préparer des attentats au Maroc en lien avec les extrémistes de Daech. "}