{"title": "Un réseau de financement des djihadistes démantelé dans le Val-d'Oise", "newspaper": "leparisien", "author": "Éric Pelletier", "date_publi": "24/11/2016", "theme": "Faits divers", "content": " Une filière de financement présumé du terrorisme vient tout juste d'être démantelée en région parisienne, soupçonnée d'alimenter en argent les djihadistes français en Irak et en Syrie. Un circuit passant par l'Allemagne, sous couvert des activités d'une société d'import-export de boyaux de saucisses halal. Trois personnes ont été écrouées le week-end dernier après leur mise en examen pour « financement du terrorisme » et « blanchiment en bande organisée ». Le stratège est ailleurs Le stratagème apparaît il y a quelques semaines au détour d'une précédente enquête antiterroriste, faisant dès lors l'objet d'investigations distinctes. Les policiers de la sous-direction antiterroriste (SAT) de la brigade criminelle et de la Direction générale de la sécurité intérieure (DGSI) observent les agissements de deux hommes, de nationalités française et espagnole, tous deux nés en Syrie. Le premier est le gérant d'une petite société spécialisée dans la nourriture halal du Val-d'Oise, le second un commercial de l'entreprise. Un troisième, simple salarié, est aussi identifié. Ils sont soupçonnés de collecter l'argent confié par les familles désireuses de soutenir leurs proches présents dans le califat imposé par Daech. Le trio est interpellé le 17 novembre. A l'issue de leur garde à vue, les trois hommes sont mis en examen et écroués. Mais, selon des sources proches du dossier, le personnage central se trouve ailleurs, en Europe. Il s'agit d'un ressortissant allemand, gérant d'entreprise, disposant de relais en Turquie. Un homme apparaissant comme un donneur d'ordre, une sorte de collecteur en chef. De fait, ce circuit d'acheminement de l'argent, l'un des premiers démantelés en France, illustre ce qu'observent depuis quelques mois les services de renseignement occidentaux. A cause d'un circuit bancaire défaillant en Syrie et pour échapper à la traçabilité de circuits classiques, les djihadistes mettent sur pied des filières clandestines, avec des tiers de confiance et un système de compensation. « Le phénomène s'est accéléré depuis les offensives lancées par la coalition internationale sur Mossoul et Raqqa qui désorganisent militairement Daech jusque dans le paiement de ses combattants, souligne une source très au fait de ces questions. Ce besoin soudain d'argent frais peut être révélateur de la volonté de rentrer en Europe. » Le parquet de Paris, compétent en matière de lutte antiterroriste, a désigné un référent dans ce domaine début 2016, agissant en lien avec Tracfin, la cellule antiblanchiment du ministère de l'Economie. L'aspect financier, longtemps négligé, n'est plus le parent pauvre de la lutte antiterroriste.  "}