{"title": "Belgique : une femme suspectée d'avoir aidé à préparer un attentat en Europe inculpée", "newspaper": "leparisien", "author": "Le Parisien", "date_publi": "09/03/2017", "theme": "Faits divers", "content": " Son arrestation est «totalement distinct des dossiers concernant  ou ». Une femme soupçonnée d'avoir «apporté son aide à des personnes qui avaient l'intention de commettre un attentat en Europe» a été arrêtée en Belgique et inculpée pour «participation aux activités d'un groupe terroriste», a annoncé jeudi le parquet fédéral belge. A lire aussi :  Cette Belge de 24 ans a été arrêtée au cours d'une perquisition menée dans la nuit de mardi à mercredi en Flandre orientale (ouest de la Belgique), a précisé le parquet dans un communiqué. «L'enquête fournit des indices selon lesquels cette femme aurait apporté son aide à des personnes qui avaient l'intention de commettre un attentat en Europe», a poursuivi le Parquet, qui s'est refusé à donner des détails sur ses éventuels complices ou sur le pays où un attentat aurait été en préparation. La Belgique toujours en état d'alerte La suspecte a seulement été identifiée comme «Molly B.», originaire de la ville flamande de Wevelgem, située à une trentaine de kilomètres de Lille (nord de la France). «Aucune arme ni explosif n'ont été trouvés.» La jeune femme est la seule personne à avoir été emmenée pour audition à l'issue de la perquisition, selon le parquet. «Le juge d'instruction a décidé de placer l'intéressée sous mandat d'arrêt (en détention provisoire, ndlr).  La Belgique reste en état d'alerte à l'approche du premier anniversaire , qui avaient fait 32 morts et des centaines de blessés. Depuis les tueries de Paris en novembre 2015 et de Bruxelles quatre mois plus tard, le royaume a multiplié les opérations et descentes de police au fil des enquêtes. "}