{"title": "EN IMAGES. Menace terroriste en Allemagne", "newspaper": "leparisien", "author": "Le Parisien", "date_publi": "11/03/2017", "theme": "Faits divers", "content": "En raison d'une menace d'attentat, un centre commercial d'Essen, dans l'ouest de l'Allemagne, a été fermé samedi matin et ses environs bloqués. «Le centre commercial restera fermé ce samedi pour des raisons de sécurité, la police a des indices concrets concernant un éventuel attentat», indique la police locale dans un communiqué publié vers 8 heures sur les réseaux sociaux.  "}