{"title": "Syrie : un des commanditaires de l'attentat déjoué à Villejuif aurait été tué par la coalition", "newspaper": "leparisien", "author": "S.C avec T.B.", "date_publi": "05/05/2017", "theme": "Faits divers", "content": "  l'un des commanditaires du aurait été tué par une frappe de la coalition en Syrie. Le dimanche 19 avril 2015, Sid Ahmed Ghlam, 23 ans, un discret étudiant en informatique algérien, avait été arrêté dans le XIIIe arrondissement de Paris après avoir tué par balle une automobiliste, Aurélie Châtelain, à Villejuif (Val-de-Marne). Il projetait d'attaquer une ou plusieurs églises.  «Samir Nouad a été tué par la coalition le 22 avril», affirme BFMTV. Cet Algérien d'une quarantaine d'années est considéré comme «l'un des responsables des opérations terroristes extérieures» de Daech. Il avait également des liens avec Abdelhamid Abaaoud, membre de la cellule djihadiste qui avait mené les attentats du 13 novembre 2015 à Paris avant d'être tué lors de l'assaut de Saint-Denis (Seine-Saint-Denis), le 18 novembre 2015.   Une épouse française toujours en Syrie«Marié à deux reprises, Samir Nouad vivait avec l'une de ses épouses en Syrie, une Française qui se trouverait toujours actuellement dans la zone irako-syrienne, précise BFMTV. La seconde femme du djihadiste est une Française également, actuellement incarcérée en Algérie». Selon la chaîne d'information, «Samir Nouad projetait de commettre un attentat contre un avion de ligne en partance d'Afrique du Nord ou de la Turquie».    Le  Samir Nouad (ex filières tchétchènes) un des responsables des opérations extérieures  aurait été tué par une frappe \r\n— Jean-Charles Brisard (@JcBrisard)  En novembre 2016,  comme l'un des commanditaires de l'attentat manqué de Villejuif. Connu sous plusieurs appellations dont celle d'Amirouche, Samir Nouad était un ressortissant algérien d'une quarantaine d'années. C'est un très proche d'Abdelnasser Benyoucef, un autre vétéran du djihad en lien avec Sid Ahmed Ghlam. Les exploitations de l'ordinateur de Ghlam avaient mis en évidence un contact entre lui et Samir Nouad. En exploitant ses différents alias, les services de renseignement avaient aussi découvert que Samir Nouad avait supervisé Abdelhamid Abaaoud alors proche de la cellule de Verviers (près de Liège en Belgique), un commando terroriste franco-belge démantelé in extremis le 15 janvier 2015. L'analyse informatique avait enfin mis en exergue des conversations directes entre Sid Ahmed Ghlam et Abdelhamid Abaaoud sous son pseudonyme d'Abou Omar. Ce qui confirmait les liens entre le terroriste de Villejuif et le coordonnateur des attentats du 13 Novembre.  "}