{"title": "Attentat de Manchester : comment le Royaume-Uni combat Daech en Irak et en Syrie", "newspaper": "leparisien", "author": "Thomas Blachère (@TBlachere)", "date_publi": "23/05/2017", "theme": "International", "content": "  n'avait fait que le confirmer : le Royaume-Uni est une cible de choix pour les terroristes de Daech, qui ont revendiqué, mardi, . L'implication du pays depuis 2014 dans contre l'organisation djihadiste a donné à cette dernière un argument de plus pour la frapper au coeur. En Irak et en Syrie, Londres ne se contente toutefois pas de bombarder, mais joue un rôle central dans les missions de renseignement et de formation des combattants locaux. Etat des lieux. EN DIRECT\r\n> Premières frappes en 2014. Alors que le Parlement britannique a rejeté en août 2013 toute intervention contre le régime syrien, provoquant in fine la rétractation de Barack Obama et coupant l'herbe sous le pied d'un François Hollande prêt à sévir, le Premier ministre David Cameron obtient à l'automne de l'année suivante le feu vert pour mener des frappes contre Daech en Irak.\r\nLes attentats de Saint-Denis et de Paris du 13 novembre 2015 vont pousser les Britanniques à accentuer leurs efforts. Le 1er décembre de cette année-là, le Parlement autorise l'extension des frappes de la Royal Air Force à la Syrie, comme le souhaitait le Premier ministre de l'époque, David Cameron. «Agir avec nos alliés, c'est la bonne chose à faire», déclarait-il alors.Seize avions de chasse engagés. Alors que huit chasseurs Tornado étaient engagés dans le ciel irakien depuis 2014, Londres en engage huit de plus en 2015 : 2 Tornado et 6 Typhoon, portant le total à 16 chasseurs. Ceux-ci stationnent à Chypre, le Royaume-Uni attendant toujours la livraison de deux porte-avions.  en date du 13 septembre dernier, la Royal Air Force a également déployé 10 drones MQ-9 Reaper Remotely Piloted Air Systems (RPAS) pour des missions de frappes ou de renseignement. LIRE AUSSI\r\n> A titre de comparaison,  dans le ciel irako-syrien dans le cadre de l'opération Chammal. « Iraq first ». Entre décembre 2015 et août 2016, le Royaume-Uni aurait mené 550 frappes aériennes en Irak et 65 en Syrie. Sa stratégie répond avant tout à des frappes extrêmement ciblées et au principe du «Iraq first» («l'Irak d'abord»). Au 22 mai de l'année dernière, la RAF, selon le même rapport parlementaire, avait effectué 7% des frappes en Irak et 4% en Syrie. Le gouvernement britannique  dans le cadre de la coalition internationale. Renseignement et formation de combattants locaux. Les forces britanniques semblent jouer un rôle plus marqué dans le domaine du renseignement. Ils participent également à de nombreux ravitaillement en vol d'avions alliés. Enfin, Londres forme sur place de nombreux combattants locaux opposés à Daech. «Le Royaume-Uni a entraîné un nombre signification de membres des Forces de sécurité irakiennes (FSI), dont des forces kurdes», peut-on lire dans le rapport, qui évoque 3 900 Peshmergas kurdes et 13 800 soldats des FSI. "}