{"title": "VIDEO. Attentat de Londres : les footballeurs saoudiens ignorent la minute de silence", "newspaper": "leparisien", "author": "Le Parisien", "date_publi": "09/06/2017", "theme": "International", "content": " C'est un match raté à tout point de vue pour l'Arabie Saoudite : avant de s'incliner, 3-2, face à l'Australie, jeudi soir, les joueurs de foot saoudiens se sont fait remarquer dès leur entrée sur le terrain par une attitude que beaucoup ont jugé inappropriée. Quand le speaker du stade a sollicité une minute de silence en mémoire des victimes de l'attentat de Londres, avant le début du match qui comptait pour les éliminatoires du Mondial-2018, les joueurs de l'équipe australienne ont formé une ligne au centre du terrain en se tenant les bras sur les épaules. Mais la plupart des joueurs saoudiens se sont dispersés sur le terrain, des responsables affirmant que la tradition de marquer un moment d'arrêt en l'honneur des morts n'était «pas dans la culture saoudienne».  Ce comportement a provoqué des réactions outrées de la part de spectateurs et responsables politiques en Australie. Deux Australiens figurent parmi les huit personnes tuées dans , où une camionnette avait foncé sur la foule avant que trois individus ne poignardent des passants. VIDEO. Les joueurs saoudiens ne respectent pas la minute de silence «Aucune intention de manquer de respect» Face à la polémique, le président de la Fédération saoudienne de football, Adil Ezzat, qui s'exprime rarement, a présenté ses excuses. «La Fédération saoudienne regrette profondément et s'excuse sans réserve pour tout outrage qu'a pu provoquer le fait de ne pas observer une minute de silence. Les joueurs n'avaient aucune intention de manquer de respect à la mémoire des victimes ou de bouleverser leurs familles, amis ou toute personne affectée par l'atrocité», a indiqué Ezzat dans un communiqué. Interrogé par l'attitude de l'équipe saoudienne, le Premier ministre australien, Malcolm Turnbull, a déclaré que «tout le monde devrait être uni pour condamner les terroristes, ainsi que pour l'amour, la sympathie et le respect pour les victimes et leurs familles». L'équipe d'Arabie saoudite avait pourtant donné son accord à la Confédération asiatique de football (AFC) pour honorer la mémoire des victimes, a indiqué de son côté la Fédération australienne de football (FFA). «L'AFC et l'équipe saoudienne étaient d'accord sur le fait qu'une minute de silence pouvait être observée», a déclaré à l'AFP un porte-parole de la FFA. "}