{"title": "Attentat de Londres : l'identité du troisième terroriste dévoilée, tous les auteurs identifiés", "newspaper": "leparisien", "author": "V.F. avec AFP.", "date_publi": "06/06/2017", "theme": "Faits divers", "content": " Alors que la police britannique annonce une nouvelle arrestation, le troisième auteur de, qui a fait 7 morts et une cinquantaine de blessés, s'appelait Youssef Zaghba, un Italien d'origine marocaine de 22 ans repéré et signalé par les services de renseignement italiens, ont annoncé ce mardi les quotidiens et la .\r\nAussitôt après cette révélation, la police britannique a confirmé officiellement l'identité des trois auteurs de l'attaque du London Bridge et Borough Market. Les autorités britanniques avaient révélé lundi l'identité de . Khuram Shazad Butt, 27 ans, un Britannique né au Pakistan déjà connu des services de police, et Rachid Redouane, 30 ans, qui se présentait comme un binational marocain et libyen.All three  attackers now named by police.Please contact us with any info about these men \r\n— Metropolitan Police (@metpoliceuk)  LIRE AUSSI\r\n> Né d'un père marocain et d'une mère italienne Youssef Zaghba est né à Fez en janvier 1995 d'un père marocain et d'une mère italienne, revenue depuis vivre en Italie, dans la région de Bologne (centre-nord du pays). En mars 2016, l'homme avait été arrêté à l'aéroport de Bologne alors qu'il s'apprêtait à embarquer pour la Turquie, avec juste un sac à dos et un billet aller simple. Le soupçonnant de vouloir gagner la Syrie, les policiers avaient saisi son passeport et son téléphone portable, où ils avaient trouvé des images et des vidéos religieuses mais «rien de significatif en ce qui concerne le fondamentalisme djihadiste», selon le Corriere della Sera. Les services de renseignement italiens l'avaient cependant inscrit comme «foreign fighter» (combattant étranger) potentiel et avaient signalé sa présence et ses fréquents déplacements aux autorités marocaines et aux autorités britanniques. Il avait récemment trouvé un emploi saisonnier dans un restaurant de Londres, selon le quotidien italien. Samedi soir, trois assaillants ont percuté des piétons à bord d'une camionnette sur le London Bridge, avant d'attaquer les passants au couteau dans le quartier voisin de Borough Market. Le bilan est de sept morts et des dizaines de blessés, dont 18 étaient encore mardi dans un état critique.VIDEO. Londres : images aériennes de la veillée pour les victimes de l'attentat "}