{"title": "Pendant l'attentat de Londres, Uber augmente ses tarifs et provoque un tollé ", "newspaper": "leparisien", "author": "R.Bx.", "date_publi": "04/06/2017", "theme": "Faits divers", "content": " Uber de nouveau pointé du doigt. La compagnie de VTC est fortement critiquée pour sa gestion de . Plusieurs utilisateurs ont accusé, captureq d'écran à l'appui, la société d'avoir augmenté ses tarifs dans la capitale britannique, juste après  et des bars aux alentours samedi soir. EN DIRECT\r\n> «Absolument méprisable de la part d'Uber d'augmenter ses tarifs à Londres ce soir», écrit une utilisatrice de Twitter. «Hey Uber, tu vas vraiment multiplier tes prix par deux pendant une attaque terroriste», s'indigne une autre internaute. Une attitude qui contraste avec celles de plusieurs «black cabs», les célèbres taxis londoniens, qui ont gratuitement des personnes à leur domicile. Abolsutely despicable that  are surcharging in London tonight. \n\n                            \r\n— Sarah Redington (@RedingtonSarah)  Hey  -- you're really going to surge price x2.1 during a terrorist attack in ??? Lower than low. \r\n— Amber Clemente (@yankeeamber)  Trying to leave central London away from the trouble and uber has put a Serge on... Disgusting! \r\n— Tom Elliot Reade (@Tomreade_actor)  Contactée par le , la société se retranche derrière la forte demande qui a entraîné une hausse automatique des prix par l'application. «On a arrêté la tarification dynamique dès que nous avons été informés des événements, comme nous l'avons fait pour les attentats de Westminster et de Manchester», souligne un porte-parole d'Uber au quotidien britannique. Dans un communiqué, le responsable de branche britannique, Tom Elvidge, assure que toutes les courses réalisées dans la zone de l'attaque ont été remboursées. VIDEO. Le récit d'une nuit d'horreur à Londres Ce n'est pas la première fois qu'Uber est accusé de profiter d'un événement dramatique pour augmenter ses bénéfices. En décembre 2014, des critiques l'avaient visé après une multiplication par quatre de ses tarifs .  "}