{"title": "Italie : deux Egyptiens et un Algérien soupçonnés de terrorisme arrêtés", "newspaper": "leparisien", "author": "Le Parisien", "date_publi": "27/10/2016", "theme": "Faits divers", "content": "Deux Egyptiens et un Algérien, soupçonnés d'association en vue de commettre des actes terroristes internationaux, ont été arrêtés jeudi en Italie,  dans un communiqué. Le groupe démantelé «diffusait sur le web  et acheminait des combattants nord-africains en territoire syrien et libyen pour le compte de Daech», précise le ministre de l'Intérieur Angelo Alfano. Une quatrième personne est encore recherchée dans le cadre de cette «importante opération» policière, coordonnée par le parquet antiterroriste de Gênes. Le groupe se livrait sur la toile à du prosélytisme et à de la propagande, en recourant à des pseudonymes et des comptes fictifs. "}