{"title": "Irak : premiers retours des chrétiens à Qaraqosh, libérée de Daech", "newspaper": "leparisien", "author": "Félicité De Maupeou à Qaraqosh (Irak)", "date_publi": "07/06/2017", "theme": "International", "content": " Perché sur sa camionnette, Wissam est radieux. Après , il vient réinstaller son atelier de menuiserie à Qaraqosh, . Avec son frère, il arrive d'Erbil, où ils avaient trouvé refuge, à 40 km de là. Son atelier a été vidé, les machines, volées. Dans Qaraqosh, les églises ont été brûlées et transformées en stand de tir, les maisons pillées. Spectacle d'un saccage. Après en avoir tant rêvé, peu d'habitants sont finalement rentrés. Une quarantaine de familles seraient réinstallées dans la ville silencieuse. Quelques pionniers, comme Wissam, sont de retour dans l'espoir que d'autres suivent; des couples sans jeunes enfants ou des pères de famille venus en éclaireurs pour relancer leur activité. Partout flotte une odeur de mort Dans Qaraqosh, des dizaines de petits commerces ont ainsi rouvert. Vers 15 heures, dans un café, une vingtaine d'hommes discutent autour d'un thé ou d'un narguilé. L'air de rien, la vie reprend. Une équipe repeint en couleurs les bancs d'un square, répare la fontaine et va bientôt installer des jeux pour les enfants. Un peu plus loin, une école primaire est repeinte d'un blanc étincelant. Des couleurs pour oublier les ténèbres de Daech. Rudi s'est réinstallé il y a deux semaines à peine dans son atelier de portes et fenêtres en PVC. Par chance, Daech a laissé les machines. Ici, les djihadistes fabriquaient des voitures piégées. Sur un tableau noir, des dessins à la craie expliquent comment élaborer ces engins de mort. Derrière l'atelier, une dizaine de véhicules, probablement voués à être bourrés d'explosifs, ont été brûlés. Les yeux brillants et avec un large sourire, Rudi explique vouloir «aider les autres à rentrer en participant à la reconstruction». Déjà, son carnet de commandes s'étale sur une semaine. A l'arrière de son camion, quatre portes sont prêtes à être livrées. La volonté de destruction des hommes de Daech est encore palpable. Leurs inscriptions rouges et noires sont partout sur les murs. Un peu à l'extérieur de Qaraqosh, dans les poulaillers que possédait la famille de Sayif, un tunnel utilisé par les djihadistes pour circuler dans la région a été bouché. La terre est encore fraîche, le sol jonché de douilles. Dans le hangar, des gilets pare-balles et quelques vêtements. Partout flotte une odeur de mort : les cadavres de poules sont toujours entassés dans les cages. A 32 ans, Sayif est aujourd'hui seul pour relancer l'entreprise familiale. Ses parents et son frère ont émigré en Australie. Il y a trois ans, sa famille possédait 60 000 poulets et employait 35 personnes,  mais aussi des musulmans des villages sunnites environnants. Renouer les liens entre communautés Aujourd'hui, il se dit prêt à les réembaucher. «C'est par ces liens commerciaux que pourront se renouer des relations entre communautés», explique Aude Laplane, membre de l'association française Fraternité en Irak qui accompagne aujourd'hui le retour à Qaraqosh de trois entrepreneurs. Grâce à eux, Rudi a pu racheter un générateur électrique. Il fera venir sa femme et ses deux enfants à la fin de l'été si la ville est sûre. Car les Qaraqoshiens ont peur. «Daech sera peut-être détruit militairement à Mossoul, mais certainement pas son idéologie. Il réapparaîtra bientôt sous un autre nom», craint le général Behnam Abboosh, chef de la milice chrétienne qui garde Qaraqosh. Au checkpoint de l'entrée de la ville, des femmes voilées de noir attendent : des musulmans se rendent tous les jours au tribunal de Mossoul détaché à Qaraqosh pour des affaires courantes. Dûment contrôlés, ils ne sont pas les bienvenus.La bataille de Raqqa est lancéeMardi, les Forces démocratiques syriennes (FDS) — alliance de combattants arabes et kurdes soutenue par les Etats-Unis — ont , la capitale de Daech en Syrie. Mais, a prévenu Steve Townsend, le général américain qui commande les forces de la coalition internationale, la bataille — dont l'objectif est d'asséner «un coup décisif» au «califat de l'EI» — promet d'être longue et difficile.Depuis le début en novembre dernier de la grande offensive baptisée , les forces syriennes sont parvenues à encercler le bastion du groupe EI et à s'emparer de vastes régions aux alentours. Dans Raqqa même, 400 000 habitants risquent d'être pris au piège dans les combats, selon l'ONU.Diane Malosse  "}