{"title": "Magnanville : un an après, plus de 600 coureurs réunis pour le couple de policiers assassinés", "newspaper": "leparisien", "author": "Virginie Wéber", "date_publi": "08/06/2017", "theme": "Magnanville", "content": "«C’est émouvant de voir comme une petite idée a permis de rassembler des centaines de personnes…» Thierry, l’un des policiers à l’initiative des Foulées Bleues, oscille entre la joie et l’émotion. Policiers, pompiers, ambulanciers, amis et membres de la famille de Jessica Schneider et Jean-Baptiste Salvaing : plus de 600 personnes ont couru 5 ou 10 km, ce jeudi, sur l’île de loisirs de Verneuil-sur-Seine, en hommage aux deux policiers tués il y a bientôt un an par un terroriste dans leur pavillon de Magnanville (Yvelines). «On pensait réunir 300 personnes, mais on s’est aperçu que tout le monde jouait le jeu. On a même été obligé de refuser des inscriptions», rapporte Thierry. De nombreux policiers du commissariat des Mureaux avaient une pensée particulière pour leur collègue disparu. «Cet événement est un peu à son image : convivial et agréable», sourit Yves. A ses côtés, Philippe raconte à quel point «il plaçait l’être humain au cœur de toute préoccupation». «Aujourd’hui, il n’y a aucune distinction de grade, ça correspond bien à son état d’esprit», souligne-t-il. Parmi les participants, des représentants de tous les départements franciliens, d’Eure-et-Loir, de l’Yonne et même des Landes. «On s’est levé à 6 heures ce matin pour venir, par solidarité», racontent des douaniers de la brigade des Ulis (Essonne). Endossant le dossard symbolique de numéro 1, le père de Jean-Baptiste Salvaing s’est placé sur la ligne de départ, tandis que la mère de Jessica donnait le départ de la course des 5 km.  "}