{"title": "Êtes-vous prêt à payer vos assurances plus cher pour aider les victimes du terrorisme ?", "newspaper": "leparisien", "author": "Le Parisien", "date_publi": "27/09/2016", "theme": "Economie", "content": "Le 19 septembre, en rendant hommage aux victimes du terrorisme aux Invalides (Paris, VIIe),  : au vu de Ia recrudescence des actes d’attentats, et dans un souci de pouvoir offrir aux victimes quelles qu’elles soient une indemnisation « juste et transparente », non seulement , mais ses ressources seront également « revues en conséquence ». Rappelons que ce fonds, créé en 1986 à la suite des attentats des rues Copernic et Marbeuf, et juste avant celui de la rue de Rennes, est depuis cette date financé grâce à une taxe prélevée sur chaque contrat d’assurance (habitation, automobile, industrie, etc.). Longtemps limitée à 3,30 € par contrat, elle est depuis peu passée à 4,30 €. Selon l’Argus de l’assurance, qui a pu prendre connaissance des préconisations du rapport de l’inspection des finances et des services judiciaires récemment remis à Bercy, l’une des pistes envisagées serait de relever la fameuse « taxe attentats », jusqu’à 6,50 € — ce qui serait possible par simple arrêté ministériel. Si ce seuil était atteint, cela rapporterait près de 190 M€ supplémentaires chaque année. >> Et vous, êtes-vous prêt à payer vos assurances plus cher pour aider les victimes du terrorisme ? "}