{"title": "Attentats du 13 novembre : l'armée aux côtés des médecins civils", "newspaper": "leparisien", "author": "Florence Méréo", "date_publi": "13/11/2016", "theme": "Société", "content": "Le travail commun avait été amorcé en 2013. Les attentats du 13 Novembre l'ont accéléré à vitesse grand V. Alors que 20 blessés — 11 en hôpital de jour, 9 à plein-temps — sont encore hospitalisés un an après le drame et que 600 personnes sont toujours suivies psychologiquement, les professionnels de santé n'ont cessé de travailler cette année pour adapter la médecine d'urgence à la prise en charge de victimes d'attentats de masse. Parmi les programmes mis en place, un cycle de formation assuré par le service de santé des armées (les hôpitaux militaires parisiens ont reçu plus de 40 patients le 13 Novembre, certains en état d'urgence absolue) aux équipes civiles. « Depuis avril, nous partageons avec elles des techniques de soins particulières que nous utilisions lorsque les forces françaises étaient en Afghanistan », décrypte le médecin-chef Alain Puidupin. Faire face à tous types d'urgences L'une d'elles, le « damage control », consiste à pratiquer sur place les gestes de survie. « Lorsqu'une personne est blessée par arme de guerre, les délais d'intervention sont très courts car l'hémorragie, plus prononcée, entraîne un risque vital. Nous avons travaillé les différentes hémostases (NDLR : arrêt des saignements) possibles sur le terrain, ainsi que les façons de réchauffer les victimes, explique le colonel Puidupin. Il y a aussi des techniques militaires de prise en charge des blessés en milieu hospitalier, avec une position définie de chaque acteur, reprend l'homme de terrain. Ce n'est pas la même chose d'accueillir 5 blessés et un afflux de 20 par heure. Nous avons fait des exercices. » « Cela participe au renforcement de nos compétences pour faire face à tous types d'urgences », note le professeur Pierre Carli, patron du Samu de Paris, qui était en première ligne le soir des attentats. « Une des grandes leçons médicales du 13 Novembre est que nous devons nous préparer à être surpris, poursuit-il. Aucune situation ne correspondra à 100 % à nos exercices, mais plus nous en aurons fait, plus nous pourrons être efficaces et nous adapter. » De très nombreux exercices alliant toute la chaîne des acteurs de l'hôpital ont été réalisés depuis la fin 2015. « Ce que nous avons fait à Paris a servi à Nice, mais aussi à Bruxelles car nous avions partagé nos expériences », relève Pierre Carli. Pour Alain Puidupin, au-delà des situations d'attentat, les techniques apprises « peuvent concerner un important accident de la route, une catastrophe ferroviaire ou même une épidémie ». QUESTION DU JOUR.  EN SAVOIR PLUS.      "}