{"title": "Terrorisme : la sœur de Fabien Clain, «voix de Daech», mise en examen et écrouée", "newspaper": "leparisien", "author": "V.F.", "date_publi": "24/09/2016", "theme": "Faits divers", "content": "Anne Diana Clain, soeur du djihadiste français Fabien Clain, , a été mise en examen pour «association de malfaiteurs criminelle en relation avec une entreprise terroriste», samedi, après avoir été présentée à un juge antiterroriste de Paris, rapporte .  alors que la famille rentrait de Turquie, après être partie en Syrie. Elle a été placé sous mandat de dépôt. A leur retour sur le sol français, Anne Diana Clain, 41 ans, et son second mari, Mohammed Amri, de nationalité tunisienne, visé par un mandat d'arrêt, avaient été arrêtés avec l'aîné de leurs enfants, âgé de 16 ans, par la Direction générale de la sécurité intérieure (DGSI). Leurs trois autres enfants ont fait l'objet d'une mesure de placement, selon une source judiciaire. Selon ces sources et les premiers éléments d'enquête, cette famille était partie en Syrie avec des «velléités» de se rendre «sur le théâtre des opérations» en août 2015. Ils ont été interpellés par les autorités turques un an plus tard, en juillet 2016, à la frontière turco-syrienne et placés en rétention en Turquie. Le couple et leurs quatre enfants avaient été acheminés vers la France, sous escorte, mardi soir. Interpellés dès leur descente d'avion,  Anne Diana Clain, son mari et leur aîné ont été, depuis, interrogés par la DGSI à son siège de Levallois-Perret (Hauts-de-Seine). L'homme qui a revendiqué les attaques du 13 novembre , avait enregistré . La voix de son frère Jean-Michel a été identifiée comme celle du chanteur entendu dans l'enregistrement. Les deux sont probablement en Syrie, selon les enquêteurs. Vétérans du djihad, ils sont connus depuis des années par les services antiterroristes. Converti à l'islam, Fabien Clain,  dans la région toulousaine, a été condamné à 5 ans de prison ferme en 2009 au procès d'une filière de djihadistes vers l'Irak, la filière dite d'Artigat. Jean-Michel (à g.) et Fabien Clain, djihadistes français de Daech (DR).  Mohammed Amri, le mari de Anne Diana Clain, n'a rien à voir avec son homonyme belgo-marocain soupçonné d'avoir aidé dans sa cavale Salah Abdeslam, suspect-clé des attentats de novembre à Paris, qui est écroué en France depuis juillet 2016, ont aussi précisé les sources. Visé par un mandat d'arrêt, il a présenté mercredi à un juge d'instruction antiterroriste et mis en examen pour association de malfaiteurs en relation avec une entreprise terroriste.  Les interpellations ont eu lieu dans le cadre de l'enquête ouverte en 2015 sur le départ de Fabien Clain et d'autres djihadistes vers la zone irako-syrienne.     "}