{"title": "EN IMAGES. Attentat des Champs-Elysées : le domicile familial du terroriste perquisitionné", "newspaper": "leparisien", "author": "Nicolas Goinard et Victor Fortunato (@vfortunato1)", "date_publi": "20/06/2017", "theme": "Faits divers", "content": " Depuis lundi 17 heures,par les hommes de la section antiterroriste, des policiers de la brigade de recherches et d'intervention (BRI) et les gendarmes. L'enquête antiterroriste  s'est en effet déplacée à l'endroit où vivait Adam D., le terroriste qui est mort dans l'explosion de sa voiture piégée.  Lors des perquisitions, les enquêteurs ont emmené un grand nombre de scellés et ont notamment saisi un ordinateur de bureau. Selon, du matériel pour fabriquer une bombe a été découvert au domicile familial d'Adam D. Des armes longues et des munitions auraient également été saisies.   lundi soir et dans la nuit de lundi à mardi. L'ex-épouse d'Adam D. ainsi que son frère et sa belle-soeur ont été interpellés lundi en fin d'après-midi lors des perquisitions au domicile de cette famille au Plessis-Pâté, dans l'Essonne, indique une source judiciaire. Le père de l'assaillant a été à son tour «placé en garde à vue dans la soirée alors qu'il se présentait au domicile», ajoute cette source. Selon nos informations, l'oncle du terroriste présumé qui s'est présenté spontanément au domicile familial est convoqué ce mardi dans les locaux de la police judiciaire pour être entendu.A LIRE AUSSI.  "}