{"title": "Deux djihadistes présumés arrêtés en Espagne étaient à Bruxelles lors des attentats", "newspaper": "leparisien", "author": "Le Parisien", "date_publi": "27/04/2017", "theme": "International", "content": " e ont admis qu'ils se trouvaient à l'aéroport de Bruxelles lors des attentats meurtriers de mars 2016, mais nient toute participation à l'attaque, a annoncé jeudi la justice espagnole. Mohamed Lamsalak et Youssef Ben Hammou «ont admis qu'ils se trouvaient à l'aéroport lorsque les bombes ont explosé. Ils nient leur participation aux faits», a précisé un porte-parole de l'Audience nationale, juridiction spécialisée notamment dans les affaires de terrorisme, où ces hommes ont été entendus jeudi par un juge. Les deux hommes faisaient partie d'un groupe de neuf personnes interpellées dans la nuit de lundi à mardi à Barcelone et dans sa région après une enquête menée avec la justice belge, qui faisait apparaître des liens possible entre ce groupe et des personnes identifiée dans l'enquête sur les attentats. Ils étaient à Bruxelles du 16 au 23 mars 2016Le 22 mars 2016, avaient fait 32 morts à l'aéroport et dans le métro de Bruxelles. Mardi la police a indiqué que le groupe était formé de huit Marocains et d'un Espagnol. Mohamed Lamsalak et Youssef Ben Hammou, dont la nationalité n'a pas été confirmée par la source judiciaire, ont été entendus jeudi par un juge d'instruction espagnol Eloy Velasco, et une juge belge en charge de l'enquête sur les attentats, après deux jours de garde à vue. Selon le porte-parole, l'enquête avait permis d'établir qu'ils se trouvaient à Bruxelles entre le 16 mars 2016 et le 23 mars, date de leur départ au lendemain de l'attaque. «Ils assurent qu'ils sont allés à Bruxelles pour acheter une voiture», a expliqué cette source.«Les enquêteurs tentent de déterminer si l'argent (destiné à l'achat) devait servir à financer l'attentat ou à faciliter la logistique ultérieure». Les deux hommes, poursuivis pour «appartenance à une organisation terroriste» ont également admis qu'ils ont fréquenté pendant ce séjour «un cousin des auteurs matériels des attentats, les deux frères qui se sont immolés», ajoute la justice espagnole. Des armes à feu, du matériel informatique, de l'argent et des stupéfiants ont été saisis lors de la douzaine de perquisitions qui avaient accompagné leur interpellation.  "}