{"title": "Les élus de Boussy-Saint-Antoine votent pour se porter partie civile contre les terroristes présumées", "newspaper": "leparisien", "author": "Florian Garcia", "date_publi": "05/10/2016", "theme": "Boussy-Saint-Antoine", "content": "« Je souhaite laver l’honneur de notre ville, dont le nom a été associé à une tentative d’attaque terroriste », assure le député-maire (PS) de Boussy-Saint-Antoine, Romain Colas. Pour « que la voix des habitants puisse être entendue en cas de procès », le maire souhaite que la commune se constitue partie civile dans le procès des trois femmes accusées de terrorisme et arrêtées le 8 septembre dernier dans sa commune. Ce jeudi, une délibération autorisant l’élu à se lancer dans cette démarche sera soumise au vote du conseil municipal.Les images du 8 septembre dernier sont encore dans toutes les mémoires. Ce soir-là, trois femmes suspectées d’avoir voulu commettre un attentat à proximité de la cathédrale Notre-Dame à Paris ont été interpellées à Boussy-Saint-Antoine, dans le quartier de la Grange-aux-Belles. Traquées par les policiers de la Direction générale de la sécurité intérieure (DGSI), leur cavale de plusieurs jours avait pris fin au pied du bâtiment où l’une d’elle résidait. Lors de l’interpellation, un policier avait été blessé et l’une des trois terroristes présumées avait essuyé des tirs de riposte des forces de l’ordre.« Une de ces femmes vivait parmi nous, reprend le maire. Comment a-t-elle pu basculer ? Si notre constitution de partie civile est acceptée, nous pourrons poser ce type de questions ». "}