{"title": "Attentat de Manchester : «Un terrorisme génocidaire», selon un historien", "newspaper": "leparisien", "author": "Propos recueillis par Elsa Mari", "date_publi": "24/05/2017", "theme": "Faits divers", "content": " Quel est l'impact  sur les victimes d'autres attentats ?C'est comme une réplique. A chaque fois, le risque est de raviver le syndrome de stress post-traumatique qu'elles ont vécu. Il s'agit d'un rappel, celui d'avoir le sentiment de vivre toujours sous la menace. Les images intrusives ressurgissent et hantent leur mémoire, celles du Bataclan, des terrasses, de Nice : l'image d'une amie qui s'écroule, la vue du sang. Chaque nouvel attentat peut aussi réactiver la peur de la foule, consciente ou non, des troubles de l'humeur, du sommeil. Le choc émotionnel est immense.> A LIRE AUSSI. Que recherchent les terroristes en ciblant des enfants et des adolescents ?\r\nC'est le massacre des innocents. L'attentat vient briser leur construction. Pendant la Seconde Guerre mondiale -- période sur laquelle j'ai beaucoup travaillé en tant qu'historien --, le traumatisme intervenait dans une temporalité exceptionnelle de guerre. Là, ce sont des enfants qui ont une vie normale. Ils sont ravis d'aller à un concert, c'est sans doute leur premier, leurs parents les attendent à la maison. Et en quelques minutes, ils basculent dans l'horreur absolue. Il s'agit aussi d'un terrorisme génocidaire comme le 13 Novembre à Paris et le 14 Juillet à Nice. On ne s'attaque pas à un individu en particulier, on cible une société, un peuple dans son ensemble. On touche des personnes non pas pour ce qu'elles ont fait mais pour ce qu'elles symbolisent. Les images d'horreur qui circulent sur Internet peuvent-elles aussi créer des traumatismes ?\r\nBien sûr, je suis absolument scandalisé par la presse britannique. Au nom d'une pseudo-liberté d'expression, elle publie des photos et des vidéos terribles. Les personnes qui les voient peuvent développer une série de pathologies comme une dépression, des troubles du sommeil, même si elles n'ont pas été touchées par les attentats. J'en appelle à la responsabilité des médias. La diffusion d'images en boucle des chaînes d'information entretient l'angoisse, surtout chez les personnes fragiles. Ce processus de ressassement est d'ailleurs caractéristique du stress post-traumatique. Il faut aussi se dire que l'on n'est pas condamné à toujours vivre dans la peur. Il faut conquérir un droit à la paix, un droit au bonheur, tout en restant vigilant. "}