{"title": "Sahel : trois groupes djihadistes s'allient", "newspaper": "leparisien", "author": "M.-L.W. avec l'AFP", "date_publi": "02/03/2017", "theme": "International", "content": " Les  vont devoir faire face à une nouvelle organisation djihadiste, liée à Al-Qaïda au Magreb islamique. Trois groupes se sont alliés : , Al-Mourabitoune de (dont le sort est toujours incertain) et enfin les «Katibas du Macina», un mouvement dirigé par le Peul Amadou Koufa, actif dans le centre du Mali. C'est ce qu'a rapporté jeudi l'agence privée mauritanienne ANI (Agence Nouakchott Information). Ce nouveau mouvement est baptisé «Groupe de soutien à l'islam et aux musulmans». Il est dirigé par le Touareg Iyag Ag Ghaly, a indiqué l'ANI. L'agence mauritanienne a affirmé à l'AFP avoir reçu la vidéo mercredi soir mais qu'elle ne ne comptait pas la mettre en ligne. Le site de l'ANI a diffusé une photo extraite selon elle de la vidéo, montrant cinq chefs jihadistes assis côte à côte, arborant turbans et barbes fournies: Iyad Ag Ghali est reconnaissable au centre du dispositif, un ordinateur portable devant les yeux.   et katibat de  se réunissent en un seul Front jihadiste au Sahel . \r\n— imad stitou (@StitouImad)     Les quatre autres hommes, présentés comme des «émirs» du nouveau mouvement, ont été identifiés comme Amadou Koufa, et trois dirigeants d'Al-Mourabitoune: Elhacen Al-Ansari, Yahya Abou El Hamame et Abou Abderrahmane Assanhaj. Un journaliste de l'AFP a entendu, dans un enregistrement sonore, une voix identifiée comme celle d'Iyad Ag Ghaly qui annonce la fusion des trois groupes djihadistes. La vidéo n'est pas datée Le Touareg affirme que le nouveau mouvement a prêté allégeance à des chefs jihadistes, et il loue notamment Oussama Ben Laden, tué par un commando américain au Pakistan en mai 2011. Aucune indication n'a pu être obtenue sur la date d'enregistrement de la vidéo. «Notre source nous a affirmé qu'elle a été récemment tournée» par l'organe d'information du nouveau mouvement, a précisé le directeur de l'ANI, Mohamed Mahmoud Abou-Elmaali. Les groupes qui ont fusionné étaient déjà clairement liés à Al-Qaïda, et certains font partie des organisations djihadistes qui ont contrôlé le nord du Mali pendant près de dix mois,. Les djihadistes ont ensuite été chassés de cette vaste région et en grande partie dispersés par une opération militaire internationale lancée en janvier 2013 et toujours en cours. Mais des zones entières échappent encore au contrôle des forces maliennes et étrangères, régulièrement cibles d'attaques djihadistes. , qui a fait au moins 70 morts parmi des combattants de groupes armés signataires de l'accord de paix au Mali.  Gao et Ménaka : les autorités intérimaires investies Prévues par  et juin 2015 par le gouvernement malien, les autorités intérimaires de Gao et Ménaka, deux régions du nord du Mali, ont été officiellement investies jeudi, conformément à un calendrier arrêté après plusieurs reports. Mardi, une cérémonie similaire s'était déroulée à Kidal (extrême nord-est), fief de l'ex-rébellion à dominante touareg formant la Coordination des mouvements de l'Azawad (CMA). Celles de Tombouctou (nord-ouest) et Taoudénit (extrême nord) sont programmées pour vendredi. La mission de ces autorités sera notamment de préparer ces élections et de favoriser le retour des déplacés du conflit politico-militaire dont le Mali tente de se relever depuis 2012, des troubles marqués par une rébellion et une mainmise de groupes djihadistes pendant près de dix mois sur le nord du pays, jusqu'à janvier 2013.   "}