{"title": "Terrorisme : la mort du djihadiste français Rachid Kassim confirmée par son ADN", "newspaper": "leparisien", "author": "Le Parisien", "date_publi": "15/02/2017", "theme": "Faits divers", "content": " L'ADN a parlé. Le djihadiste tué par un drone de la coalition internationale début février est bien , révèle . Les comparaisons ADN effectuées par l'intermédiaire des services français ont confirmé que cet homme de 29 ans originaire de Roanne (Loire) était décédé. \r\nLa mort du Français résulterait d'une volonté américaine de l'éliminer, révèle également LCI, qui précise que l'Elysée n'a pas validé cet assassinat ciblé. L'homme était considéré comme une «High Value Target» (une cible de haute valeur) par les autorités américaines qui le voyaient recruter des jeunes djihadistes pour commettre des attentats sur le sol américain.\r\nCet ancien animateur social était devenu en quelques semaines le propagandiste de Daech. Son nom était apparu en lien avec la majorité des suspects arrêtés dans des dossiers d'attentats commis ou déjoués en France depuis l'été 2016. Il est notamment lié à ) et au ) en septembre 2016.   "}