{"title": "Syrie : deux attentats frappent Damas, au moins 25 morts", "newspaper": "leparisien", "author": "Le Parisien", "date_publi": "15/03/2017", "theme": "International", "content": " Ce mercredi, qui marque le jour du sixième anniversaire du début de la guerre, deux attentats ont frappé la capitale syrienne à deux heures d'intervalle. Le premier a eu lieu dans le centre de Damas. Un kamikaze s'est fait exploser dans l'ancien Palais de justice, qui abrite actuellement le tribunal religieux chargé des affaires matrimoniales et le tribunal pénal, a rapporté la police de la capitale syrienne. «Il y a au moins 25 morts et des dizaines de blessés», a précisé à la chaîne officielle le chef de la police de Damas, rès Mohammad Kheir Ismaïl.Moins de deux heures après l'attaque suicide «un attentat terroriste a frappé le secteur de Raboué», à l'ouest de la ville, a indiqué la chaîne d'Etat, sans rapporter de bilan.  «Heure de grande affluence»\r\nLe correspondant de l'AFP arrivé sur place a vu des ambulances, des pompiers et les services de sécurité demander aux passants de s'éloigner de la zone visée, qui se situe dans le quartier central de Hamidiyé, près de l'entrée du célèbre souk de la capitale.\r\n«Nous étions paniqués car le bruit de l'explosion était énorme», a raconté à l'AFP une avocate présente dans le bâtiment.\r\n«Nous nous sommes réfugiés dans la salle de la bibliothèque qui se situe dans les étages supérieurs», a-t-elle ajouté sous le couvert de l'anonymat. «Il y avait beaucoup de sang», a-t-elle précisé. Le procureur de la République de Damas, cité par la télévision d'Etat, a affirmé que le «kamikaze a visé les citoyens à une heure de grande affluence».«Il a essayé d'entrer dans le tribunal et quand les policiers ont tenté de l'en empêcher, il s'est rué à l'intérieur (du bâtiment) et s'est fait exploser.» Attaques à répétition Samedi 11 mars, la capitale syrienne a été la cible d'un double attentat qui a fait 74 morts et qui a été revendiqué par le Front Fateh al-Cham, l'ex-Al-Qaïda en Syrie. Les victimes, en majorité des pèlerins chiites irakiens, selon un bilan établi dimanche par l'Observatoire syrien des droits de l'homme, étaient, pour la plupart d'entre elles, venues se recueillir dans les mausolées situés dans la vieille ville, a précisé l'OSDH.>>>A LIRE.    "}