{"title": "Turquie : le gouvernement attribue l'attentat de Kayseri au PKK", "newspaper": "leparisien", "author": "Le Parisien", "date_publi": "17/12/2016", "theme": "Faits divers", "content": " Au moins 13 soldats ont été tués et 55 personnes blessées, dont six gravement, par l'explosion d'une voiture piégée samedi matin à Kayseri, dans le centre de la Turquie,  Cette attaque, attribuée par les autorités aux Kurdes du Parti des travailleurs du Kurdistan (PKK) mais non revendiquée, s'est produite à proximité d'un autobus public, près de l'université d'Erciyes, vers 8H45 (heure française) selon l'agence de presse. Les blessés ont été immédiatement pris en charge à l'hôpital, mais il pourrait y avoir des blessés civils, explique l'armée dans un communiqué.   Des images télévisées montrent le bus réduit en une épave fumante par l'impact de l'explosion. Le bus appartenait à l'agence de transports municipaux de Kayseri mais transportait des militaires en permission au marché local, selon l'agence de presse Dogan. La bombe, placée dans une voiture, a détonné au passage du bus, précise l'agence. Les soldats - des non gradés et des sous-officiers - avaient obtenu la permission de quitter des bâtiments de commandement militaire pour la journée, explique l'armée dans un communiqué. Le ministre de l'Intérieur, Suleyman Soylu, a annoncé que 8 militaires avaient déjà été identifiés. Scene of explosion amid bomb-laden vehicle attack taking place in front of public bus, targeting soldiers near 's Erciyes University \r\n— Aylina Kılıç (@AylinaKilic)   L'attentat «ressemble malheureusement» à celui de la semaine dernière «Tous les éléments désignent pour le moment le PKK», a quant à lui affirmé le vice-Premier ministre Numan Kurtulmus sur la chaîne de télévision NTV, tout en indiquant «envisager toutes les possibilités». «Les attentats terroristes visent, en plus de nos policiers et de nos militaires, nos 79 millions de concitoyens» a affirmé le président Recep Tayyip Erdogan, dans un communiqué.  Sans mentionner spécifiquement l'attaque de Kayseri, il a affirmé que la Turquie était sous le coup d'attaques de toutes les organisations terroristes, «en particulier» le PKK, classé «organisation terroriste» par la Turquie, les États-Unis et l'Union européenne. «Nous combattrons sans relâche ces organisations terroristes, dans un esprit de mobilisation nationale», a-t-il ajouté. Cet attentat survient une semaine après  Le vice-Premier ministre turc, Veysi Kaynak, a déclaré dans une annonce télévisée que l'attaque de Kayseri «ressemble malheureusement» à celle de la semaine précédente. Kayseri, l'une des principales villes du centre du pays, est un centre industriel habituellement épargné par les attentats.   Après l'annonce de l'attaque, des militants nationalistes se sont rendus au siège du parti de gauche HDP (Parti démocratique des peuples), issu du mouvement politique kurde à Kayseri. les nationalistes ont réussi à entrer dans le bâtiment et ont tenté d'y mettre le mettre le feu, et ont décroché de sa façade l'emblème du parti HDP pour y placer leur propre drapeau.     L'événement a été relayé par de nombreux internautes sur Twitter :   Turkish nationalists hang there own flag on the  HQ after raiding the building, attempting to set it on fire after bomb attack. \r\n— Aylina Kılıç (@AylinaKilic)    : People attacking the  headquarters in  after the latest  terror attack today. \r\n— WorldOnAlert (@worldonalert)      La Turquie au rythme des attentats et des purgesLe gouvernement a imposé une interdiction temporaire de diffuser les images de l'attaque, une pratique devenue courante depuis La Turquie a subi depuis l'été 2015, avec la reprise du conflit kurde et les combats en Syrie voisine, une vague d'attentats attribués au groupe Etat islamique (EI) ou au PKK kurde et ses émanations.  après le coup d'état manqué du 15 juillet dernier, qu'il impute à l'imam exilé Fetullah Gülen.  Vidéo. Un attentat dans le centre de la Turquie fait au moins 13 morts "}