{"title": "Terrorisme : trois hommes soupçonnés de préparer un attentat interpellés ", "newspaper": "leparisien", "author": "Jean-Michel Decugis et Eric Pelletier ", "date_publi": "21/02/2017", "theme": "Paris", "content": " Une fois encore, les suspects étaient très actifs sur les réseaux sociaux. Et une fois encore, c’est en tirant le fil de la toile Internet que les policiers de la Direction générale de la police intérieure (DGSI) sont remontés à eux. Onze jours après le projet d’attentat fomenté dans l’Hérault, un nouveau coup de filet des services antiterroristes a permis mardi matin l’interpellation de trois hommes à Clermont-Ferrand (Puy-de-Dôme), Marseille et dans le Val-de-Marne. Sous surveillance de la DGSI depuis le début de l’année, les trois suspects communiquent d’abord sur les réseaux sociaux, où ils évoquent des actions violentes, avant de se rencontrer physiquement à Marseille fin janvier. Une enquête préliminaire est alors ouverte par la section antiterroriste du parquet de Paris. Tout s’accélère le 10 février après le coup de filet dans l’Hérault où un jeune couple et leur tuteur religieux sont arrêtés alors qu’ils cherchaient à commettre un attentat à Paris ou à Montpellier. Ce jour-là, les policiers du renseignement intérieur interceptent un SMS de l’internaute marseillais indiquant à ces deux interlocuteurs qu’ils doivent se «mettre au vert après l’affaire de Montpellier». Selon nos informations, le Marseillais de 19 ans était en relation avec Malik, 33 ans, le tuteur religieux, fiché S, du jeune couple. À Clermont-Ferrand, une opération de déminage a été menée au domicile de l’un des suspects, âgé de 27 ans. Lors des perquisitions, les enquêteurs ont retrouvé un pistolet à grenailles, un gilet tactique, une grenade de plâtre et deux kalachnikovs airsoft. «À ce stade, on ne sait pas s’il y avait une cible précise», a indiqué une autre source proche de l’enquête, qui recommandait hier la prudence. "}