{"title": "Attentat de Londres : la police dévoile l'identité de deux terroristes présumés", "newspaper": "leparisien", "author": "M.L.", "date_publi": "05/06/2017", "theme": "Faits divers", "content": " La police a identifié deux terroristes présumés de  : Khuram Butt et Rachid Redouane. Samedi soir, trois hommes , lors d'une attaque à la voiture-bélier puis au couteau. Le dernier terroriste est en cours d'identification, a précisé la police dans un communiqué.  Khuram Shazad Butt, , est le premier nom à avoir filtré dans les médias britanniques. En fin de journée, ce lundi, son identité a été confirmée par les forces de l'ordre. Dans un documentaire diffusé par Channel 4 intitulé «Mon voisin le djihadiste», Khuram Butt, 27 ans, apparaissait se disputant avec la police parce qu'il avait brandi un drapeau de Daech dans Regent's Park, dans le centre de Londres. Le jeune homme serait marié et père de deux jeunes enfants. Selon la presse, ses parents ont été des demandeurs d'asile pakistanais. Son père vit à Londres et sa mère est décédée.  LIRE AUSSI\r\n> Redouane inconnu des services de police Le deuxième terroriste présumé identifié est Rachid Redouane. Agé de 30 ans, il serait d'origine marocaine et libyenne. Il se faisait appeler «Rachid Elkhdar», âgé de 25 ans. Il se serait marié en Irlande et avant de se séparer en 2016. La police irlandaise apporte d'ailleurs son soutien à l'enquête.  Jusqu'à samedi, il était inconnu des services de police et de renseignement, a précisé «». Comme Khuram Butt, il vivait le quartier de Barking, dans l'est de Londres. «L'enquête est en cours pour en savoir plus sur eux, sur leurs connexions, et s'ils étaient aidés par d'autres personnes. On ne peut pas en dire plus à ce stade», a indiqué la police anglaise lundi soir.  "}