{"title": "Attaque à Orly : deux hommes en lien avec Ziyed Ben Belgacem écroués", "newspaper": "leparisien", "author": "Le Parisien", "date_publi": "25/03/2017", "theme": "Faits divers", "content": " Deux hommes ont été mis en examen vendredi par les juges antiterroristes, , abattu le 18 mars à l'aéroport parisien d'Orly après avoir attaqué des militaires. Les deux suspects de 30 et 43 ans au lourd casier judiciaire, mais sans connotation terroriste, ont été mis en examen pour association de malfaiteurs terroriste criminelle, selon une source judiciaire. Le plus jeune a par ailleurs été mis en examen pour détention d'arme de catégorie B, en relation avec une entreprise terroriste. Ils ont tous les deux été placés en détention provisoire. D'après les premières investigations, ces deux hommes habitant la région parisienne, et proches de l'assaillant, n'ont pas de lien avec la mouvance islamiste radicale, a précisé une source proche de l'enquête.VIDEO. Orly : un homme abattu après avoir dérobé l'arme d'un militaire Soupçonnés d'avoir fourni l'arme Les deux hommes étaient interrogés depuis leur arrestation lundi dernier  à grenaille  à l'aéroport d'Orly, samedi dernier, , avant d'être abattu. Activement recherchés depuis l'attaque, ces deux hommes ont été identifiés grâce à des renseignements fournis aux enquêteurs et aux investigations téléphoniques.  Le plus jeune des suspects est soupçonné de lui avoir remis le revolver à grenaille, quelques jours plus tôt, l'autre d'avoir été présent lors de la remise, a expliqué la source proche de l'enquête. En garde à vue, le premier a reconnu avoir été en possession de l'arme et l'avoir entreposée chez lui, avant que Ziyed Ben Belgacem ne vienne la chercher. Déjà condamné plusieurs fois par la justice, qu'il venait d'attaquer à l'aéroport d'Orly. Au moment de l'attaque, il a crié être «là pour mourir par Allah», selon le procureur de Paris François Molins. Les auditions des deux suspects mis en examen n'ont pas permis d'en savoir plus sur les motivations de l'assaillant, qui n'était pas fiché «S» (sûreté de l'État), mais qui avait été signalé pour «radicalisation» lors d'un séjour en prison en 2011-2012. L'équipée solitaire de Ziyed Ben Belgacem avait commencé le même jour vers 06 h 55. Alors sous l'emprise de l'alcool et de stupéfiants -cannabis et cocaïne-, et sous contrôle judiciaire, il avait pris la fuite après un contrôle routier à Garges-lès-Gonesse (Val-d'Oise), au nord de Paris, durant lequel il a blessé un policier avec son arme, avant de menacer des clients dans un bar de Vitry-sur-Seine et de voler un véhicule. VIDEO. Attaque Orly : l'assaillant a dit être «là pour mourir par Allah» "}