{"title": "Attentat de Londres : ce que l'on sait sur les victimes", "newspaper": "leparisien", "author": "Le Parisien", "date_publi": "23/03/2017", "theme": "International", "content": "  mercredi a fait quatre morts, outre l'assaillant, selon le nouveau bilan de la police réalisé jeudi. Une trentaine de personnes ont été hospitalisées dont sept sont dans un état critique. Voici ce que l'on sait sur eux. Les quatre personnes tuées par l'assaillant Aysha Frade Westminster attack: Tributes paid to 'wonderful mum' Aysha Frade \r\n— Sky News (@SkyNews)   Cette femme de 43 ans a été tuée sur le pont de Westminster, enjambant la Tamise face à Big Ben, où la voiture de l'auteur de l'attaque a foncé dans la foule, selon le commandant de l'antiterrorisme à Scotland Yard Mark Rowley. Selon les médias britanniques, elle était enseignante en langues au DLD College, dans le quartier, et sortait du travail au moment de l’attaque. Elle avait deux filles d’une dizaine d’années. Elle était de nationalité britannique et mariée à un Portugais. Sa mère est espagnole et originaire de Galice (nord-ouest de l'Espagne), selon une source diplomatique espagnole. «Nous sommes bien sûr très touchés ici, tout le monde les connaissait», dit à l'AFP Manuel Ares, 86 ans, ami d'enfance de la mère de la victime. Elle est née à Londres où elle s'est mariée et a eu deux filles», a-t-il ajouté, s'exprimant depuis Betanzos, près de La Corogne (Espagne). Keith Palmer Murdered officer named as 48-year-old PC Keith Palmer, a husband and father with 15 years' service \r\n— Sky News (@SkyNews)  Il était stationné devant l'une des entrées du Parlement de Westminster au moment où l'assaillant, qui a abandonné sa voiture contre les grilles de l'édifice, tentait d'y pénétrer. L'agresseur lui a porté plusieurs coups de couteau, selon les témoins. Keith Palmer, marié et père de famille, n'était pas armé, comme c'est le cas de nombreux agents dans la capitale britannique. Il était dans la police depuis 15 ans. >> LIRE AUSSI. Le député conservateur Tobias Ellwood a tenté de le réanimer, en vain. «J'ai cherché à stopper l'hémorragie et lui ai fait du bouche-à-bouche en attendant l'arrivée des médecins, mais je crois qu'il avait déjà perdu trop de sang», a raconté l'élu, photographié en plein massage cardiaque avec du sang sur son visage et ses vêtements. Kurt Cochran Third victim in London attack was American Kurt Cochran. He was with his wife celebrating their wedding anniversary \r\n— CNN (@CNN)    La seconde victime également fauchée sur le pont de Westminster est un touriste de nationalité américaine âgé de 54 ans. Kurt Cochran était à Londres avec son épouse Mélissa pour fêter leur 25 ans de mariage. Cette dernière a été sérieusement blessée pendant l'attaque. Le couple était originaire de l'Utah et gérait un studio d'enregistrement. Le président Donald Trump lui a rendu hommage dans un tweet : A great American, Kurt Cochran, was killed in the London terror attack. My prayers and condolences are with his family and friends.\r\n— Donald J. Trump (@realDonaldTrump)  Un homme de 75 ans Décédée jeudi soir à l'hôpital des suites de ses blessures, la dernière victime mortelle de l'attentat de Londres est un homme de 75 ans, selon la police, citée par la BBC. On ignore encore pour l'heure son identité. Une quarantaine de blessés, dont sept en état critique Une quarantaine de personnes ont été blessées, dont 29 ont été hospitalisées --sept d'entre elles dans un «état critique», selon Mark Rowley. Onze nationalités sont représentées.  (Finistère), en voyage scolaire, âgés de 15 à 16 ans, ont été blessés. Deux étaient dans un état grave mais leurs jours n'étaient pas en danger, selon un responsable de la région française. Cinq touristes sud-coréens -quatre femmes et un homme âgés de 50 à 60 ans- ont également été blessés dans le mouvement de foule qui a suivi l'arrivée de la voiture folle sur le pont de Westminster, a annoncé le ministre sud-coréen des Affaires étrangères. La Première ministre Theresa May a elle déclaré devant le Parlement que quatre Sud-coréens avaient été blessés. Douze Britanniques ont été hospitalisés, ainsi que deux Roumains, un Allemand, un Polonais, un Irlandais, un Chinois, un Italien, un Américian et deux Grecques. Trois policiers figurent également au rang des blessés, dont deux sont dans un état grave, selon Teresa May. Une femme a été repêchée dans la Tamise grièvement blessée. Selon les médias roumains, il s'agit d'une Roumaine de 29 ans, Andreea Cristea (en photo ci-dessous). Son compagnon, Andrei Burnaz, a été conduit à l'hôpital.  London terror attack victim pulled ALIVE from Thames named as Andreea Cristea - details here - \r\n— Daily Express (@Daily_Express)   Enfin, quatre étudiants de l'Université Edge Hill de Ormskirk (nord-ouest de l'Angleterre) qui sortaient d'une visite du Parlement ont été légèrement blessés sur le pont de Westminster. "}