{"title": "Les catastrophes dans le monde ont coûté 175 milliards de dollars en 2016 ", "newspaper": "leparisien", "author": "Le Parisien", "date_publi": "28/03/2017", "theme": "Société", "content": " Les catastrophes naturelles et désastres causés par l'homme -comme les attentats par exemple- dans le monde ont engendré des dommages économiques de 175 milliards de dollars en 2016, soit deux fois plus qu'en 2015 (94 milliards), selon l'étude annuelle publiée par le réassureur suisse Swiss Re. Un record depuis 2012.  «Un nombre de catastrophes de grande ampleur particulièrement ravageuses se sont produites dans le monde en 2016, dont plusieurs séismes au Japon, en Equateur, en Tanzanie, en Italie et en Nouvelle-Zélande. Plusieurs graves inondations ont par ailleurs eu lieu aux Etats-Unis et à travers l’Europe et l’Asie», relève cette étude. L’événement le plus puissant a été, la première tempête de catégorie 5 à se former au-dessus de l’Atlantique nord depuis 2007. Cet épisode météo a causé la mort de 700 personnes, principalement à Haïti. Une autre catastrophe coûteuse et de grande envergure est  qui s’est propagé dans l’Alberta et la Saskatchewan au Canada entre mai et juillet où 88 000 personnes ont dû être évacuées.   Au total, la compagnie suisse a répertorié 327 catastrophes dans le monde, dont 191 dues à la nature et 136 dues à l'homme. l’Asie a été la plus durement touchée. Le séisme qui a frappé l’île japonaise de Kyushu a occasionné les dommages économiques les plus lourds, estimés entre 25 milliards de dollars et 30 milliards de dollars.  En , les catastrophes naturelles ont causé 15,5 milliards de dollars de dommages économiques en 2016. La majorité de ces dommages est attribuable aux séismes en Italie et aux tempêtes orageuses et centrale. Le 24 août 2016, un séisme de magnitude 6,2 a frappé les Apennins dans le Centre de l’Italie, tuant 299 personnes et dévastant les petites villes d’Amatrice, d’Accumoli et de Pescara del Tronto.  L’Europe a également souffert de violentes tempêtes et d’inondations en 2016. A la fin du mois de mai et au début de juin, des tempêtes orageuses, des inondations en France, Allemagne et en Belgique ont causé un préjudice de 2,9 milliards de dollars.Swiss Re prend aussi en compte l'attentat de Nice du 14 juillet qui a tué 84 personnes et blessé 202 personnes.   Etude de Swiss Re sur le bilan des catastrophes en 2016  publié par   "}