{"title": "Une conférence sur la lutte contre le terrorisme", "newspaper": "leparisien", "author": "Le Parisien", "date_publi": "13/10/2016", "theme": "Seine-et-Marne", "content": "A l'occasion de la dixième rentrée de l'université inter-âges de Meaux, une conférence sur la lutte contre le terrorisme est organisée ce soir, à 19 heures à la mairie, en présence du maire Jean-François Copé (LR). Elle sera animée par Emmanuel Dupic, procureur de la République adjoint au tribunal de Meaux et maître de conférences à l'Institut d'études politiques de Paris. Ouvert au public. "}