{"title": "Londres : arrêté fin avril avec des couteaux, un homme inculpé pour  terrorisme ", "newspaper": "leparisien", "author": "Le Parisien", "date_publi": "10/05/2017", "theme": "Faits divers", "content": " Il avait été arrêté un peu plus d'un mois après l'attaque de Westminter qui avait 5 morts le 22 mars. Khalid Mohammed Omar Ali, 27 ans, a été inculpé ce mardi pour préparation d'actes terroristes. à proximité du parlement britannique. Il était armé de couteaux.\r\nLe jeune homme a également été mis en examen pour possession d'explosifs avec l'intention de blesser quelqu'un, d'endommager sérieusement une habitation ou de permettre à quelqu'un d'autre de le faire. Ce chef d'inculpation fait référence «à des activités en Afghanistan en 2012», a précisé la police sans fournir davantage de détails. Il doit comparaître mercredi devant un tribunal. \r\nLa police avait indiqué au moment de son arrestation que plusieurs couteaux avaient été trouvés en possession du jeune homme. Des photos montraient trois grands couteaux au sol sur le lieu de l'incident. Le 22 mars, lors duquel avec son véhicule sur le pont qui enjambe la Tamise face à Big Ben, avant de poignarder mortellement un policier devant le Parlement, faisant cinq morts. Il avait lui-même été tué par balle par un policier.  \r\n  "}