{"title": "Attentats de Bruxelles : les terroristes visaient d'abord des Juifs et des Américains", "newspaper": "leparisien", "author": "Le Parisien", "date_publi": "24/01/2017", "theme": "Attentats de Bruxelles", "content": " Ce matin-là, vers 8 heures,  et  font exploser leurs bombes au milieu des voyageurs massés à l'enregistrement dans l'aéroport de Bruxelles-Zaventem, tuant 16 personnes, avec l'explosion provoquée une heure plus tard par un autre kamikaze, frère d'Ibrahim, dans une station de métro bruxelloise proche des institutions européennes.  Au moins 16 nationalités ont été recensées parmi revendiquée par Daech, et une quarantaine parmi les quelque 400 blessés. Mais à l'aéroport, le commando d'assaillants avait «des cibles assez particulières» et voulait s'en prendre en priorité à des Américains, et semble-t-il aussi à des Juifs, a expliqué à l'AFP un enquêteur sous couvert de l'anonymat.  VIDEO. Attentats à Bruxelles : récit d'une journée d'horreur Un repérage ostensible de leurs cibles  Cet enquêteur dit s'appuyer notamment sur des images de vidéosurveillance tournées dans le hall des départs de l'aéroport international Bruxelles-Zaventem. Ces images montrent en particulier un des kamikazes qui «semble se diriger précipitamment vers deux Juifs orthodoxes» en habit traditionnel. Une autre source, au sein de l'administration américaine, confirme ce ciblage relativement précis «de comptoirs d'enregistrement américain, russe et israélien», c'est-à-dire de passagers en attente de vols vers ces pays. «Dès le début (de l'enquête), il y avait des indications» en ce sens, affirme cette source américaine, et «elles se sont confirmées avec les investigations ultérieures, y compris avec l'audition de Mohamed Abrini», le troisième assaillant de l'aéroport qui ne s'est pas fait exploser et a pris la fuite.  La France était la cible prioritaire L'autre assaillant mort à l'aéroport, , dans la commune bruxelloise de Schaerbeek. Il y explique, comme l'a déjà révélé l'enquête, «ne plus savoir quoi faire» et «être recherché de partout» quelques jours aprèsseul survivant , que Mohamed Abrini est soupçonné d'avoir aidé avant ces attentats.  \r\n«Ils ont clairement improvisé leur truc» Un enquêteur «Ce qui est en tout cas très très clair», confirme l'enquêteur, c'est que le 22 mars le commando bruxellois «passe à l'action alors qu'il n'en avait pas du tout l'intention». «Complètement coincés (...), traqués, ils ont clairement improvisé leur truc»... Et dans les messages retrouvés dans l'ordinateur portable, «ils s'excusent même de ne pas prendre les objectifs initiaux» à savoir de s'attaquer à «la France, de nouveau», précise-t-il.  VIDEO. Le procureur annonce la découverte du testament d'el-Bakraoui Najim Laachraoui «voulait vraiment, clairement, tuer un Juif»  Il est un des suspects-clés dans l'enquête sur le 22 mars mais aussi dans celle des attentats parisiens du 13 novembre 2015 (130 morts), perpétrés par la même cellule djihadiste.   A l'aéroport, «on sait qu'ils voulaient viser des Américains (...) Ils ont attaqué le check-in de Delta Airlines, l'endroit d'où partaient les compagnies américaines», assure l'enquêteur qu'a rencontré l'AFP à Bruxelles. Et si le ciblage de Russes reste à ce stade une «option» à éclaircir dans l'enquête, la motivation antisémite ou anti-israélienne fait peu de doute, selon lui. «On sait que les Israéliens les obsèdent aussi», affirme cette source, en expliquant que Najim Laachraoui s'est fait exploser à proximité de deux Juifs orthodoxes soudain pris pour cible. Une soixante de victimes supplémentaires évitées   Laachraoui se trouve d'abord au milieu d'une soixantaine de lycéens dans la zone d'enregistrement, puis semble «se déplacer précipitamment» vers ces deux personnes habillées selon la coutume vestimentaire orthodoxe lorsqu'il les aperçoit. Soudainement, «il court pour sortir du groupe (...) il voulait vraiment, clairement, tuer un Juif», ajoute l'enquêteur. Qui en déduit qu'«on a échappé à un massacre encore plus important» : si Laachraoui n'avait pas couru pour s'extraire du groupe de lycéens, «là il aurait pu tuer 60 personnes». Parmi les 16 morts de l'aéroport, quatre étaient de nationalité américaine, selon un décompte confirmé par une source officielle américaine. Aucune victime israélienne n'a été recensée parmi eux.   "}