{"title": "Attentats du 13 novembre : une minute de silence sera respectée lors du match France-Suède", "newspaper": "leparisien", "author": "V.F.", "date_publi": "07/11/2016", "theme": "Attentats à Paris", "content": "La Fédération Française de Football (FFF) a sollicité l'UEFA pour qu'une minute de silence, , soit respectée avant le coup d'envoi du match France-Suède au Stade de France, le 11 novembre prochain, rapporte la radio.  La Fédération souhaite, selon RTL, un hommage «sobre» et «digne» avant le début de cette rencontre qui compte pour les éliminatoires du Mondial 2018. Le président de la République François Hollande sera présent dans la tribune officielle au côté de l'ensemble des présidents du football français, ceux de la Ligue 1 et de la Ligue 2, invités par Noël Le Graët, le président de la FFF. Selon ce dernier, la sécurité du Stade de France reste toujours la préoccupation majeure : «On ne baisse pas la garde. On fait toujours très attention. La priorité lorsqu'il y a un spectacle de haut niveau et une foule qui ne demande qu'à regarder le jeu, c'est la sécurité». Une plaque découverte en hommage à Manuel Dias Après ce premier hommage au Stade de France, , selon le souhait  et de Saint-Denis. «Ces cérémonies seront marquées par une grande sobriété, conformément au souhait des associations de victimes», avait précisé la municipalité de Saint-Denis. Une plaque sera découverte, rendant hommage à Manuel Dias, mort lors des explosions kamikazes à côté du Stade de France. La cérémonie se déroulera le matin, de 8 h 30 à 9 h 30, en présence du président de la République François Hollande, du maire de Saint-Denis Didier Paillard (PCF) et de la maire de Paris Anne Hidalgo (PS). Les habitants sont invités à participer à cet hommage qui se tiendra dimanche rue Jules-Rimet, devant la porte D du Stade de France. Les attentats du 13 novembre 2015, revendiqués par Deach, à Saint-Denis, aux abords du Stade de France et dans plusieurs rues de Paris et  avaient fait 130 morts et 413 blessés.  VIDEO. Attentat dans une brasserie près du Stade de France VIDEO. Stade de France : hommage aux victimes des attentats.(le 19 novembre 2015) VIDEO. Aca, blessé lors des attentats kamikazes aux abords du Stade de France  Attentats de Paris : une semaine de terreur "}