{"title": "Libye : le djihadiste Belmokhtar probablement tué par une frappe française", "newspaper": "leparisien", "author": "M.-L.W. avec l'AFP", "date_publi": "28/11/2016", "theme": "International", "content": "Sa. Le djihadiste d'origine algérienne Mokhtar Belmokhtar, aurait été visé à la mi-novembre par une frappe aérienne française en Libye, avec le soutien du renseignement américain. Il en est probablement mort. C'est ce qu'a indiqué lundi un responsable américain, confirmant une information parue dimanche dans le . Né en 1972, celui que l'on surnommait Mister Marlboro ou encore le Borgne a combattu en Afghanistan avant de rejoindre les maquis islamistes. Il a fait partie du Groupe islamique armé (GIA, démantelé en 2005). Il est soupçonné d'avoir organisé des dizaines d'attentats dont cet avait été donné pour mort plusieurs fois, notamment  En novembre 2015, son groupe Al-Mourabitoune* avait revendiqué  (Mali), «avec la participation» d'Al-Qaïda au Maghreb islamique (Aqmi). Il avait déjà visé en avril de la même année. La première frappe française connue depuis 2011 Si l'information est avérée ce serait la frappe aérienne française connue en Libye depuis 2011, selon le journaliste et spécialiste des questions djihadistes David Thomson.  Si ces informations sont exactes, il s'agirait de la premiere frappe aériene française en  depuis 2011\r\n— David Thomson (@_DavidThomson)  En juillet, François Hollande a confirmé la présence de soldats français en Libye, après la mort de trois d'entre eux. Le chef de l'Etat avait annoncé qu'ils étaient décédés . Le gouvernement libyen d'union nationale avait alors .  Une coopération franco-américaine Selon le quotidien américain, la frappe illustre l'étendue de la coopération militaire et de renseignement entre les Etats-Unis et la France. Après les attentats de Paris en novembre 2015, le président Obama avait annoncé un renforcement des échanges d'informations entre les services de renseignement français et américains.  pour cinq millions de dollars. Le ministre de la Défense Jean-Yves Le Drian se trouve à Washington lundi pour rencontrer son homologue américain Ashton Carter. VIDEO. Le Drian rencontre Carter au Pentagone : aucune allusion à Mokhtar Belmokhtar   * Al-Mourabitoune est né en 2013 de la fusion du groupe armé de Mokhtar Belmokhtar avec le Mouvement pour l'unicité et le djihad en Afrique de l'Ouest (Mujao), une des formations terroristes du nord du Mali visées par l'opération française Serval, lancée en janvier 2013. Al Mourabitoune, officialise son ralliement à Al-Qaïda au Maghreb islamique (Aqmi) décembre 2015.  "}