{"title": "Explosions de Dortmund : le sport, cible de longue date de terroristes", "newspaper": "leparisien", "author": "Alexandre Guitton", "date_publi": "12/04/2017", "theme": "Sports", "content": " Depuis l’assassinat des athlètes israéliens en 1972, aux Jeux olympiques de Munich, les compétitions sportives ont été touchées à plusieurs reprises par des attentats. 1972 : le 5 septembre au matin, huit membres de l'organisation palestinienne Septembre noir s'introduisent dans le village olympique, à Munich, après onze jours de compétition, et prennent en otage des athlètes israéliens. Onze d'entre-eux seront assassinés. Cinq terroristes et un policier allemand trouveront également la mort. 1996 : le 15 juin, l'Irish Republic Army (IRA) fait exploser un camion piégé dans le centre de Manchester pendant l'Euro de football 1996. Le quartier est évacué et 206 personnes sont blessées. 1996 : le 27 juillet, alors que les Jeux d'Atlanta (Etats-Unis), ont commencé depuis huit jours, une bombe explose au Parc olympique du Centenaire, à 1 h 19 du matin. Deux personnes trouveront la mort, 110 seront blessées. 2002 : le 1er mai, quelques heures avant Real Madrid - Barcelone, le groupe séparatiste basque ETA piège une voiture qui explose aux abords du stade Santiago-Bernabeu. Dix-sept personnes sont blessés mais le match est maintenu. 2010 : le 8 janvier, des rebelles de l'enclave de Cabinda (Angola) mitraillent les bus de l'équipe de foot du Togo, en route pour la Coupe d'Afrique des nations (CAN) qui doit commencer deux jours plus tard, à la frontière entre le Congo et cette enclave. Bilan : deux membres de l'encadrement tués, plusieurs autres sont blessés, dont deux joueurs. 2013 : le 15 avril, la 117e édition du marathon de Boston est frappée par un double attentat qui fait trois morts et 264 blessés. Deux bombes avaient été placées près de la ligne d'arrivée et ont explosé à treize secondes d'intervalle. 2015 : le 13 novembre, trois explosions retentissent aux abords du Stade de France alors que se déroule le match amical France-Allemagne. Il s'agit de plusieurs terroristes qui se sont fait exploser (c’est le début d’une série d’attentats dans Paris qui fera 130 victimes). L'équipe d'Allemagne passera la nuit au sein de l'enceinte sportive. Dans l'après-midi, la Mannschaft avait déjà été évacuée de son hôtel pour une alerte à la bombe. 2016 : le 10 décembre, un groupe kurde provoque un double attentat à la fin d'un match du Besiktas Istanbul (Turquie) près de son stade. Une voiture piégée a frappé un car avant qu'un kamikaze ne se fasse exploser. Trente-huit personnes ont été tuées et 166 blessées. "}