{"title": "Corse : l'un des trois nationalistes jugés appelle au calme après les incidents de Bastia", "newspaper": "leparisien", "author": "Le Parisien", "date_publi": "06/10/2016", "theme": "Faits divers", "content": "La nuit a été plus qu'agitée sur l'Ile de Beauté. Après lles forces de l'ordre à une vingtaine de militants nationalistes, Nicolas Battini, l'un des trois nationalistes corses jugés devant la cour d'assises spéciale de Paris , a appelé jeudi la jeunesse corse «au calme et à la retenue». Quatre membres des forces de sécurité ont été blessés mercredi soir à Bastia lors d'incidents avec plusieurs dizaines de jeunes nationalistes corses qui dénonçaient le réquisitoire du ministère public. Ce dernier a réclamé de 6 à 8 ans de prison contre les trois accusés. La justice reproche aux jeunes hommes, âgés de 22 à 24 ans, d'avoir participé à un attentat à la voiture bélier le 1er avril 2012 contre la sous-préfecture de Corte. Ce jour-là, une voiture avait défoncé la grille et pénétré dans la cour. Elle avait été incendiée et un engin explosif, qui n'avait pas fonctionné, avait été retrouvé. Pas de regret exprimé Appelé jeudi matin à prendre une dernière fois la parole avant que la cour d'assises spéciale de Paris ne se retire pour délibérer, Nicolas Battini, contre lequel 8 ans de prison ont été requis, a lu à l'audience un texte appelant à l'apaisement. « Je comprends les sentiments de révolte qui animent une grande partie de la jeunesse de mon pays. Je saisis l'atteinte dont elle estime être victime à chaque fois que sont condamnés d'autres enfants du peuple corse pour leur engagement politique. En cela, je me refuse à condamner qui que ce soit», a déclaré l'accusé. «Néanmoins, convaincu que je suis de la nécessité d'une paix définitive, j'appelle officiellement au calme et à la retenue», a-t-il ajouté. Nicolas Battini avait prévenu dès l'ouverture du procès qu'il refuserait de répondre aux questions de la cour sur les faits et avait lu un texte dans lequel il affirmait assumer ses «responsabilités et les conséquences de ses actes». Un des accusés en cavale Un autre des accusés, Stéphane Tomasini, qui comparaissait libre à l'audience et contre lequel 6 ans de prison a été requis, a proclamé une dernière fois son innocence. «J'ai déjà passé trois ans en détention provisoire et je n'ai qu'un seul souhait: retrouver ma vie, ma terre et pouvoir me reconstruire un avenir», a-t-il déclaré. Le dernier accusé Joseph-Marie Verdi, petit-fils de l'ancien dirigeant du FLNC Charles Pieri, actuellement en fuite et sous le coup d'un mandat d'arrêt, a été jugé par défaut. Une peine de six ans a été réclamée à son encontre. "}