{"title": "Attentats du 13 novembre : les hommages aux victimes visibles sur internet", "newspaper": "leparisien", "author": "Le Parisien", "date_publi": "21/02/2017", "theme": "Attentats à Paris", "content": " Les quelque 7.000 , poèmes, dessins, messages, etc, sont visibles en ligne depuis lundi sur le site rénové des Archives de Paris, annonce la mairie de Paris. Les documents, consultables sur , peuvent être recherchés par formats, petits ou grands, sites (Bataclan, La Belle Equipe, etc) ou date de collecte. Ce sont au total 7.709 , autour de la statue de la place de la République qui ont été collectés entre décembre 2015 et mai 2016 par les archivistes de la Ville, à des fins de préservation de cette mémoire. Des exemples avaient déjà été publiés sur le site paris.fr et une centaine avaient fait l'objet d'une exposition. VIDEO. 13 novembre : mise en ligne des poèmes, dessins et messages aux victimes Cette publication intervient à l'occasion d'une modernisation du site internet des archives municipales, qui compte 800.000 références et est consulté par 600.000 internautes chaque année. De nouvelles fonctions ont été ajoutées (recherche thématique, topographique, téléchargement), la recherche a été simplifiée, une rubrique informe de l'actualité et programmation culturelle des Archives et le fonds va s'enrichir au premier semestre 2017 de nouvelles numérisations comme les actes de décès de 1945 à 1987. VIDEO. Les textes et dessins des attentats du 13 novembre collectés et archivés "}