{"title": "Attentat des Champs-Elysées : Fillon le maintient, il y a eu d'«autres attaques» jeudi soir ", "newspaper": "leparisien", "author": "Robin Korda", "date_publi": "21/04/2017", "theme": "Election présidentielle - Candidats", "content": " Il a l'air autoritaire des hommes sûrs de leur fait. «Regardez les rapports de police !», intime-t-il même, avant de tourner les talons. François Fillon a maintenu ce vendredi qu'il y avait eu «d'autres attaques», la veille au soir à Paris, en même temps . Selon nos informations, aucun fait notable n'a pourtant été enregistré par les services cette nuit-là. L'entourage de l'ancien Premier ministre justifie ces propos par... l'arrestation mouvementée d'un SDF ! «On nous laisse entendre que...» Jeudi soir, sur le plateau de , lorsque le candidat de la droite à l'élection présidentielle prend place face à David Pujadas et Léa Salamé, il n'amène pas, comme il était censé le faire, un objet. «Je ne suis pas fétichiste», balaye-t-il d'abord, avant de justifier son attitude solennelle par «un acte dont on ne peut pas totalement qualifier la nature mais qui ressemble terriblement à un acte terroriste». «On nous laisse entendre qu'il y a d'autres violences, ailleurs, dans Paris», ajoute-t-il, suscitant alors une vague d'inquiétude sur les réseaux sociaux peu après 23 heures.   ANNONCE D AUTRES VIOLENCES ACTUELLEMENT DANS PARIS APRES L ATTENTAT AUX CHAMPS ELYSEE !!\r\n— LILI-ON (@Liliane7777777)   Quelles sont les autres violences dans Paris dont parle ??? Quelqu'un sait?\r\n— Thierry Wetzel (@ThierryWetzel)  Cette déclaration intervient alors que le porte-parole du ministère de l'Intérieur, Pierre-Henry Brandet, avait lui-même assuré vers 22h45 que «non, il n'y a pas d'autre événement en cours. Faisons très attention tous, collectivement aux rumeurs qui peuvent circuler.» «Elles existent, regardez les rapports de police» Ce vendredi, l'ancien Premier ministre est attendu par les journalistes de l'émission «Quotidien», sur TMC. «Monsieur Fillon, hier vous avez annoncé d'autres attaques à Paris. Est-ce que vous faîtes dans le \"fake news\" ?», demandent-ils, un brin provocateurs. Lui se retourne : «Elles existent, regardez les rapports de police.» Le jeune journaliste Hugo Clément tend à nouveau son micro : «Il y a eu d'autres attaques hier soir ?» Et François Fillon de reprendre à l'affirmative : «Il y a eu d'autres attaques hier soir.» Ce matin au micro d', F. Fillon persiste : selon lui il y a eu d'autres attaques terroristes hier à Paris\r\n— Quotidien (@Qofficiel)  Alors que ces propos sont rapidement raillés par les internautes, l'entourage du candidat précise à  que François Fillon évoquait en fait une «agression» d'un militaire de l'opération Sentinelle dans le quartier Etienne-Marcel, dans le centre de Paris. Selon nos informations, il s'agissait en fait simplement d'un SDF qui, ivre, a été maîtrisé en quelques secondes par ces militaires en faction dans le 2e arrondissement de Paris. "}