{"title": "Terrorisme : des soupçons pesaient sur la famille de Clichy depuis 2015", "newspaper": "leparisien", "author": "Nathalie Revenu et Carole Sterlé", "date_publi": "02/03/2017", "theme": "Clichy-sous-Bois", "content": "La garde à vue des quatre membres de la famille Belmir pourrait durer jusqu’à 96 heures. C’est la durée  légale en vigueur dans les  dossiers de  terrorisme. Mardi dernier, deux frères, de 20 et 22 ans, l’oncle, 42 ans  et un cousin de 22 ans de cette même famille ont été interpellés par la direction générale de la sécurité intérieure (DGSI) à  Clichy-sous-Bois et en Seine-et-Marne dans le cadre d’une enquête préliminaire pour association de malfaiteurs en relation avec une entreprise terroriste.L’un des frères Belmir, âgé de 22 ans, a été extrait de sa cellule. Il est incarcéré depuis le 31 juillet 2015. La justice lui reproche « d’avoir envoyé des mandats à deux jeunes filles pour financer leur départ en Syrie ». « C’est une fratrie discrète vêtue à l’européenne. Après un passé dans la petite délinquance, ils étaient sortis de nos radars », indique une source policière. Leur audition depuis mardi pourrait permettre d’en savoir plus sur un éventuel projet d’attentat. Il apparaît d’ores et déjà que le détenu, le plus radicalisé d’entre eux, avait conservé une forte ascendance sur le reste de la famille. Deux semaines après  les attentats parisiens de novembre 2015, l’appartement de la famille Belmir dans la cité des Bois du Temple avait été visé  par une perquisition administrative dans le cadre de l’Etat d’urgence. Ce 28 novembre, le déplacement de la police n’était pas passé inaperçu. Les forces de l’ordre s’étaient d’abord trompées d’étage avant de frapper à la bonne porte. Mais rien de compromettant n’avait été trouvé ce soir-là. Un an plus tard, l’exploration de l’immeuble va se révéler plus fructueuse. Au départ, la brigade anticriminalité (BAC) qui patrouille à pied ce jour-là, faute de véhicule de service , effectue une inspection de cette tour de 17 étages.  Fortuitement, elle découvre cachés dans une gaine technique, plusieurs flacons,  un thermomètre et une feuille d’aluminium. Les analyses révèlent que les bouteilles renferment de l’acétone, de l’acide sulfurique. Aussitôt l’antenne de Bobigny de la DGSI est alertée.Ces substances chimiques peuvent rentrer dans la composition du TATP, un explosif couramment employé  par les terroristes. Il avait été retrouvé  des traces de TATP sur les kamikazes des attentats parisiens. Tout ce matériel a été déniché un étage plus bas que l’appartement d’un individu fiché S, un membre de la famille Belmir, au 13e étage. Jusque-là, les enquêteurs ne pouvaient en rester qu’au stade des soupçons. Le résultat des prélèvements d’ADN va faire franchir un cap décisif à l’enquête. Car les empreintes les conduisent directement aux Belmir.  Cette famille de Clichy était depuis au moins un an et demi  dans le collimateur des services spécialisés.Une mouvance islamiste sous haute surveillance A Clichy, les Belmir ne sont pas les seuls à faire l’objet de toutes les attentions des services de renseignements. « Clichy est un terreau pour les candidats au djihad. Plusieurs personnes sont parties. Certaines sont décédées », indique cette source. En janvier 2016, le commissariat avait été au centre d’un projet d’attentat,  pris très au sérieux par les autorités. Cet hôtel de police aux allures de bunker avait bénéficié d’une surveillance accrue. C’est aussi à deux pas du commissariat que résidait l’une des jeunes femmes qui avait projeté de faire exploser près à Paris, près de  Notre-Dame, une voiture remplie de bonbonnes de gaz, en septembre 2016. N.R. "}