{"title": "La mosquée fermée au titre de « l'état d'urgence »", "newspaper": "leparisien", "author": "Clawdia Prolongeauet Quentin Laurent @le_parisien94", "date_publi": "03/11/2016", "theme": "Val-de-Marne", "content": " Ils se sont réunis avec précipitation et désarroi. Hier soir, quelques minutes après l'annonce de la fermeture administrative de la mosquée de Villiers-sur-Marne, les fidèles ne comprennent pas ce qui leur est tombé dessus. Sur le trottoir, certains tiennent des conciliabules par petits groupes pendant que d'autres prennent en photo l'arrêté placardé sur la porte. Puis ils se séparent souhaitant montrer avec quelle bonne foi ils « respectent » cette décision, même si quelques-uns accusent un « coup politique » ayant pour seul objectif de « récolter des voix ».\r\nSur les trois feuilles blanches signées du sceau de la préfecture du Val-de-Marne, cette dernière justifie la fermeture en qualifiant notamment la mosquée El Islah de « lieu de référence influent de la mouvance salafiste, représentant par son fonctionnement et sa fréquentation, une menace grave pour la sécurité et l'ordre public ». Elle était connue des services de renseignement pour avoir été fréquentée, selon eux, par 12 personnes condamnées en avril pour leur participation présumée à une filière djihadiste à destination de la Syrie. La police a également enquêté sur un homme, qui se serait radicalisé à la mosquée de Villiers, et qui pourrait avoir joué un rôle dans les attentats du 13 novembre à Paris.\r\nPar ailleurs, la préfecture y rappelle que « le père d'Hayat Boumedienne, compagne d'Amédy Coulibaly (NDLR : le tueur de l'Hyper Cacher), exerçait les fonctions de membre du comité directeur de l'association gestionnaire jusqu'aux attentats de janvier 2015 » et que s'il « a quitté ces fonctions à la suite de l'attentat de Charlie Hebdo », cela « ne saurait établir un changement dans les conditions de fonctionnement de cette mosquée ». Le 31 août, une perquisition de l'établissement avait mené à la découverte d'une « école coranique non déclarée ».D'après le maire, ce n'est qu'un début\r\nPour le président de la mosquée, ces accusations sont une aberration. « Les gens de Villiers sont sérieux, ceux qui font la prière sont honnêtes », déclare, en colère, Ali Omari. « J'ai juré au maire que si je vois quelqu'un qui parle de politique, qui est malhonnête, je le dénonce ! » poursuit-il, assurant n'être « pas au courant du tout » de la possible présence d'éléments radicalisés dans son lieu de culte.\r\nPour le maire (LR) Jacques-Alain Bénisti, cette « mesure conservatoire pour trois mois » est « surprenante ». Il s'étonne de la fermeture de la mosquée, alors que « toutes les questions ne sont pas élucidées », même si ça le « rassure que les services concernés fassent leur travail ». Le chef de file de l'opposition socialiste, Frédéric Massot, salue quant à lui « la décision courageuse du ministre, qui repose sur une enquête rigoureuse et une analyse juridique de la situation, en dehors de tout préjugé ». Le maire a d'ores et déjà rendez-vous ce matin avec les responsables de la mosquée.\r\nDans le reste de l'Ile -de-France, trois autres lieux de cultes ont été fermés : la salle de prière d'Ecquevilly dans les Yvelines, la mosquée Ar Rawda à Stains et un lieu baptisé Masjid Al Fath à Clichy-sous-Bois, en Seine-Saint-Denis. D'après Jacques-Alain Bénisti, ce n'est qu'un début. Il affirme que les fermetures d'autres lieux de culte sont à attendre dans les semaines qui viennent. "}