{"title": "Allemagne : le Syrien arrêté visait un aéroport berlinois", "newspaper": "leparisien", "author": "Le Parisien", "date_publi": "10/10/2016", "theme": "Faits divers", "content": "L'aéroport de Berlin-Schoenfeld, un des aéroports de la capitale allemande, avait été . La crainte semblait fondée. Après Jaber Albakr à Leipzig, Hans-Georg Maassen le patron du renseignement intérieur a confirmé lundi soir sur la chaîne allemande ARD que l'objectif de ce réfugié de 22 ans était bien de commettre un attentat dans un aéroport berlinois. «Nous avions des preuves -par les services de renseignements - qu'il voulait d'abord s'attaquer à des trains en Allemagne, explique Hans-Georg Maassen avant que dernièrement cela se précise en direction d'un des aéroports à Berlin. » Les policiers et enquêteurs allemands avaient en fait été informés début septembre «par le biais des services secrets» que l'organisation Etat islamique envisageait un attentat contre «une infrastructure» en Allemagne. «Cela nous a pris jusqu'à jeudi de la semaine dernière pour trouver qui en Allemagne devait s'en charger», a ajouté le patron du renseignement intérieur. L'achat d'une colle à chaud dans un magasin bon marché a déclenché les opérations. La colle pouvait être «le dernier produit chimique qui lui manquait pour la confection d'une bombe», a expliqué lundi soir Hans-Georg Maassen. Finalement, le Syrien a réussi à échapper de peu aux policiers venus l'arrêter samedi matin  dans un appartement de Chemnitz (près de la frontière tchèque) où u. Il n'a finalement été appréhendé que lundi matin, après avoir été ligoté et livré aux forces de l'ordre par des compatriotes syriens chez qui il s'était réfugié. VIDEO. Le Syrien arrêté en Allemagne probablement lié à l'EI L'Allemagne célèbre les Syriens ayant aidé la police D'Angela Merkel à la police en passant par les réseaux sociaux : les Syriens qui ont permis l'arrestation de leur compatriote suspecté de vouloir commettre un attentat en Allemagne étaient érigés en héros lundi, coupant l'herbe sous le pied des anti-migrants.Jaber Albakr a été livré pieds et poings liés dans la nuit de dimanche à lundi par trois Syriens qui l'ont hébergé dans leur appartement à Leipzig avant de réaliser qu'il s'agissait de l'homme recherché par toutes les polices du pays depuis samedi. «Il a essayé de nous soudoyer avec de l'argent. Nous lui avons dit qu'il pouvait nous donner autant d'argent qu'il voulait, nous ne le laisserions jamais partir», a témoigné l'un d'eux, Mohamed A., , lors d'une interview filmée de dos, l'homme affirmant craindre d'éventuelles représailles.  «J'étais vraiment en colère contre lui, je ne peux pas accepter ça, surtout ici en Allemagne, le pays qui nous a ouvert ses portes», a-t-il ajouté, ses propos étant traduits de l'arabe en allemand par RTL   VIDEO. Allemagne : un Syrien soupçonné de préparer un attentat recherché  "}