{"title": "Terrorisme : la BRI double ses effectifs", "newspaper": "leparisien", "author": "CÉLINE CAREZ", "date_publi": "29/09/2016", "theme": "Seine-Saint-Denis", "content": " Attentats et menace terroriste obligent, la BRI s'agrandit. La brigade de recherche et d'intervention, unité d'élite de la police judiciaire, appelée aussi l'antigang, a obtenu cinquante postes supplémentaires. Une bonne nouvelle pour cette unité parisienne de « cadors ». Créée au milieu des années 1960 pour combattre le grand banditisme, la BRI s'est retrouvée aux premières loges dans la lutte contre le terrorisme aux côtés du Raid, l'unité d'élite historique de la police, basée elle en Essonne et qui voit aussi ses effectifs se multiplier. Ces renforts BRI et Raid, qui entre eux entretiennent « une rivalité féroce et une guéguerre non pas des effectifs, mais des chefs », déplore un haut fonctionnaire au ministère de l'Intérieur, ont été décidés après les attentats de janvier et novembre 2015 par François Hollande, dans le cadre de son « pacte de sécurité ».  La BRI, qui loge quai des Orfèvres (IVe), passe donc de 50 à 100 policiers. Que des hommes... « Il y a bien eu une femme l'année dernière qui s'est présentée, se souvient un policier. Mais on lui a dit qu'il fallait qu'elle s'engage moralement à ne pas avoir d'enfants pendant trois ou quatre ans. Elle a préféré jeter l'éponge ! » Depuis la semaine dernière, la phase de recrutement a commencé pour les postulants, majoritairement des gardiens de la paix et gradés. Avant ça, trente policiers ont déjà été affectés. « Les conditions sont drastiques », prévient le haut fonctionnaire. Il faut avoir cinq ans de police, habiter à Paris pour être prêt à intervenir, avoir un mental solide, une résistance au stress et à la fatigue. Une batterie de tests passe les candidats à la moulinette, tests aussi bien physiques, comme « crapahuter une semaine sans trop dormir », que psychologiques, comme évaluer leur sociabilité ou leur mental avec des psychologues. Dans le dernier recrutement, deux policiers ont abandonné en cours de formation, principalement pour des raisons familiales. « Le rythme est lourd, décrypte un gradé. Ils sont appelés à n'importe quelle heure. Les familles ont du mal à les voir partir en intervention. Ils suivent leurs inters de chez eux, devant la télé, et stressent. » Pour Yvan Assioma, responsable du syndicat Alliance Police Paris, ces renforts de la BRI sont « d'un point de vue opérationnel une bonne chose ». Mais le syndicaliste regrette que les « collègues de la BRI gagnent 600 € de moins que leurs grands rivaux du RAID ». Autant dire, tacle-t-il, une « force d'intervention au rabais » ! "}