{"title": "Attaque au Louvre : l'assaillant placé en garde à vue à l'hôpital ", "newspaper": "leparisien", "author": "Le Parisien", "date_publi": "04/02/2017", "theme": "Faits divers", "content": " Il avait été grièvement blessé et les médecins le considéraient entre la vie et la mort dans la nuit de vendredi à samedi après qu'il a été abattu par un militaire vendredi matin. : son pronostic vital n'était plus engagé, samedi matin. Ainsi, bien que toujours hospitalisé, il a été placé en garde à vue ce samedi à 18h45, au centre hospitalier Georges-Pompidou de Paris, et pourra être interrogé par les enquêteurs.\r\nEn effet, ce dernier a été déclaré «audible» par les médecins. L'état de santé du suspect, qui souffre de blessures sérieuses à l'abdomen, s'est nettement amélioré.\r\n Intubé mais éveillé\r\nLe suspect souffre de sérieuses blessures aux intestins. Il est intubé et ne peut pas communiquer : les enquêteurs ne peuvent pas l'interroger dans l'immédiat. Selon une source proche de l'enquête, «la situation peut évoluer». Il va en effet «beaucoup mieux» et «a été réveillé ce matin après avoir été opéré» vendredi, confirme une source policière.\r\nVendredi matin,armé de deux machettes a  Le jeune homme s'en est d'abord pris à un premier soldat qui a pu le repousser avant de s'en prendre à un de ses collègues qui a chuté au sol. Après avoir vainement tenté de l'écarter, ce dernier a d'abord fait feu dans le bas de l'abdomen de son assaillant avant de tirer à nouveau à trois reprises. \r\nHier soir, le pronostic vital du terroriste était « très engagé ». Un militaire a de son côté été légèrement blessé au cuir chevelu.VIDEO. Militaire agressé au Louvre : «On a entendu les sirènes et on a été confinés»  VIDEO. Elle a passé plusieurs heures confinées au Louvre "}