{"title": "Sophie, rescapée du Bataclan : «Je me sens abandonnée»", "newspaper": "leparisien", "author": "Le Parisien", "date_publi": "26/01/2017", "theme": "Attentats à Paris", "content": " «J'ai encore une balle dans le bassin, je ne peux toujours pas prendre le métro, ni le train. Dès que je croise quelqu'un de louche, je me crispe, j'angoisse» : Sophie Parra, 33 ans, blessée , . Ce lundi 23 janvier, elle n'en pouvait plus. Et dans une avalanche de tweets, elle s'en est pris aux pouvoirs publics, aux politiques, aux journalistes. Je prépare un coup de gueule sur les trolls & l'abandon total auquel on est livré à notre sortie de l'hôpital.\r\n— Sophie. null (@SoParra)   Elle dénonce notamment l'absence d'aide après sa sortie de l'hôpital. En plus de la balle reçue dans sa hanche, la jeune femme avait été blessée par deux autres à la jambe. Il lui a fallu trouver par elle-même infirmière, psy ou encore kinésithérapeute, explique-t-elle sur le réseau social Twitter. Je dois trouver mon infirmière, mon psy, mon kiné. Et je n'en sais pas plus sur mon état. Je trouve des infirmiers géniaux. Dieu merci.\n\n                            \r\n— Sophie. null (@SoParra)  «Jamais personne» au secrétariat d'État Même après , Sophie Parra se sent «abandonnée». «On nous a dit que ce secrétariat d’État était fait exprès pour nous. Mais non, il n’y a jamais personne. J'ai la rage. Pas plus tard qu'en novembre, j'ai contacté le cabinet de Juliette Méadel (la secrétaire d'État) parce que ça bloquait au niveau de ma prise en charge médicale. Vous savez quoi ? Il a fallu que je fasse un tweet un peu énervé pour qu'une solution soit trouvée», explique-t-elle à France Info. Alors qu'elle devait prendre le train pour la première fois depuis les attentats de Paris et Saint-Denis, Sophie Parra était «en panique totale». Elle a appelé le service mis en place par les autorités. La réponse (tweet ci-dessous) ne l'a pas pour le moins pas calmée. J'ai appelé le n° national, on m'a raccroché au nez alors que j'étais en larmes et on m'a conseillé de rappeler une fois calmée.\r\n— Sophie. null (@SoParra)  Politiques et journalistes dans le viseur Et de s'attaquer aux politiques : «On nous demande nos voix aux élections, mais on ne prend jamais de nos nouvelles», twette-t-elle Et maintenant, le plus beau. On nous demande nos voix aux élections, mais on ne prend jamais de nos nouvelles. On parle en notre nom aussi.\r\n— Sophie. null (@SoParra)  Les médias et leurs capacités d'oubli sont aussi visés par la jeune femme. «Au moment des commémorations, on est très sollicités, on nous demande de témoigner. Pourquoi pas. Mais quelques jours après, on nous a déjà oubliés», dénonce-t-elle sur France Info. Parce que pour récolter ton témoignage sur l'horreur, ils se bousculent. Mais pour parler des galères, y'a plus personne.\r\n— Sophie. null (@SoParra)      "}