{"title": "EN IMAGES. Attentat de Londres : Borough Market, un quartier animé cible des terroristes", "newspaper": "leparisien", "author": "Julien Muller (@Julien__Mlr)", "date_publi": "04/06/2017", "theme": "Faits divers", "content": " Scènes de terreur samedi soir en plein coeur de Londres, où la joie de vivre règne habituellement. Vers 22 heures, , un procédé identique  en mars. Le quartier londonien de Borough Market, visé par les terroristes samedi, est un quartier branché et cosmopolite, particulièrement animé le soir. Tombé en déshérence à partir des années 1960 à la suite de la fin de l'activité des docks, ce district situé sur la rive sud de la Tamise et réhabilité ces vingt dernières années s'est mué en un lieu vibrant de la vie londonienne. La jeunesse une nouvelle fois ciblée Cols blancs de la City, fêtards de toutes origines, étudiants et touristes s'y rassemblent dans des bars et des restaurants à la mode, comme samedi soir pour y suivre la retransmission de la finale de la Ligue des champions. C'est peu après le coup de sifflet final de la rencontre opposant la Juventus de Turin au Real Madrid que trois homme ont foncé dans la foule empruntant le London Bridge, le pont qui relie Borough Market à la rive nord. Ils ont ensuite abandonné leur véhicule pour poignarder des passants. A l'image de  en mai, c'est de nouveau la jeunesse et la fête qui sont la cible du terrorisme. Le Royaume-Uni essuie ainsi son troisième attentat en moins de trois mois. "}