{"title": "Le groupe Etat islamique revendique l'attentat de Londres ", "newspaper": "leparisien", "author": "M.L.", "date_publi": "04/06/2017", "theme": "Faits divers", "content": " Daech a revendiqué l'attentat de Londres. Dimanche soir, Amaq, l'agence de propagande du groupe djihadiste a indiqué que cette attaque a été perpétrée par une «cellule sécuritaire», autrement dit une cellule dormante, selon une information relayée par Wassim Nasr, journaliste à France 24. Selon une traduction fournie par l'AFP, il s'agirait d'un «détachement de l'EI».   L' revendiqué l'attentat de  qualifiant les assaillants de \"cellule sécuritaire\" \r\n— Wassim Nasr (@SimNasr)  Samedi soir, , fauchant plusieurs piétons. Puis les trois assaillants ont poignardé des Londoniens et étrangers installés dans les bars et restaurants du quartier, avant d'être abattus par la police. Selon un bilan provisoire, sept personnes sont mortes,  et un Canadien figurent parmi les victimes. 48 personnes ont été blessées.  "}