{"title": "Attentat des Champs-Elysées : un homme placé en garde à vue", "newspaper": "leparisien", "author": "Le Parisien", "date_publi": "16/05/2017", "theme": "Faits divers", "content": " Un homme a été interpellé lundi après-midi en Seine-et-Marne et placé en garde à vue  qui a coûté le 20 avril dernier la vie à  Il serait en lien . Les enquêteurs de la Section antiterroriste de la PJ de Paris cherchent à savoir comment le terroriste présumé, qui a été abattu sur les Champs-Elysées, a pu se procurer des armes. Le terroriste avait tiré sur les policiers avec une kalachnikov tandis qu’un fusil à pompe avait été retrouvé dans le coffre de sa voiture. Par ailleurs, trois autres opérations antiterroristes, sans lien avec l'attentat des Champs-Elysées ont été menées par la DGSI ce mardi. "}