{"title": "Attentat de Londres : un Britannique et sept étrangers parmi les huit victimes", "newspaper": "leparisien", "author": "Le Parisien avec AFP", "date_publi": "07/06/2017", "theme": "Faits divers", "content": " Les huit personnes  revendiquée par le groupe Etat islamique (EI) sont toutes étrangères à l'exception d'un Britannique, reflétant le cosmopolitisme de la ville. Trois Français décédés, un «lourd tribut»Alexandre Pigeard, serveur au Boro Bistro, un des établissements cibles des agresseurs, a été mortellement poignardé, selon son père. Sébastien Belanger, 36 ans, était attablé à une terrasse avec des amis au moment de l'attaque. Le président français Emmanuel Macron a annoncé mercredi un troisième décès français. Il s'agit de Xavier Thomas, qui était porté disparu depuis plusieurs jours. La police britannique a repêché son corps en aval du London Bridge au cours de recherches visant à le retrouver. Cette découverte a fait monter le bilan à huit morts. Les enquêteurs pensent que le Français a été percuté par la camionnette des assaillants sur le London Bridge et projeté dans la Tamise. Quatre Français ont également été grièvement blessés.«C'est un lourd tribut que nous payons dans ces attentats», a déclaré le chef de l'Etat français. LIRE AUSSI>Deux jeunes AustraliennesKirsty Boden, une infirmière de 28 ans employée dans un hôpital londonien, a été tuée alors qu'elle se précipitait pour venir en aide aux personnes renversées par la camionnette des assaillants sur le London Bridge, selon la famille qui a diffusé un court message. «Extravertie, gentille et généreuse», elle adorait son métier, expliquent ses proches. «Nous sommes tellement fiers de la réaction courageuse de Kirsty». Son employeur, Guy's Hospital, a salué «une infirmière extraordinaire». Sara Zelenak, 21 ans, effectuait un voyage en Europe selon sa mère, citée par le Sydney Morning Herald. «La famille et les amis de Sara sont effondrés», ont simplement déclaré ses proches. Son ancien établissement, Moreton Bay College, près de Brisbane (est de l'Australie), a décrit «une étudiante optimiste et populaire», dans un message posté sur Facebook. Selon le Herald, Sara Zelenak était avec une amie quand elles ont entendu le bruit du van des assaillants percuter une clôture. Quelques instants plus tard, les trois assaillants ont jailli du véhicule et commencé à poignarder des passants. Victim in  terror attack named as Sara Zelenak, 21, an Australian national \r\n— Metropolitan Police (@metpoliceuk)  Un Espagnol, skateur, juriste, hérosIgnacio Echeverria, un juriste espagnol de 39 ans, spécialiste de la lutte contre le blanchiment chez HSBC à Londres, a selon ses amis cherché à défendre avec son skateboard une femme attaquée par les assaillants à Borough Market. Sa famille et le gouvernement espagnol ont confirmé son décès mercredi. «Mon frère Ignacio a tenté d'arrêter des terroristes, et a perdu la vie en essayant d'en sauver d'autres», a écrit sa soeur Isabel sur son profil Facebook. Une CanadienneChristine Archibald, une Canadienne de 30 ans, est morte dans les bras de son fiancé Tyler Ferguson après avoir été percutée par la camionnette des agresseurs. «Mon petit frère a perdu l'amour de sa vie sur le London Bridge». «Elle n'aurait pas compris la cruauté sans nom qui a causé sa mort», a ajouté la famille dans un communiqué. One of the victims of  terror attack is named \r\n— Metropolitan Police (@metpoliceuk)  Un BritanniqueJames McMullan, 32 ans, qui était au pub Barrowboy and Banker, à l'extrémité du London Bridge, a été identifié grâce à une carte de crédit retrouvée sur lui, a déclaré sa soeur Melissa. Il était en train de fumer à l'extérieur du pub où il était venu célébrer la fin d'un projet mené par son entreprise basée sur le net, selon sa soeur. Il se trouvait près de l'endroit où les assaillants ont abandonné leur véhicule. "}