{"title": "Le tireur du Thalys dit avoir agi sur ordre d'Abdelhamid Abaaoud", "newspaper": "leparisien", "author": "Zoé Lauwereys (@zlauwereys)", "date_publi": "19/12/2016", "theme": "Faits divers", "content": " . Ayoub El Khazzani, a assuré devant la justice avoir été piloté par Abdelhamid Abaaoud, le coordinateur , comme le révèle la retranscription de son audition que  s'est procuré.  \r\nEntendu le 14 décembre par le juge d'instruction, le ressortissant marocain de 27 ans a expliqué son parcours depuis la Syrie où il était arrivé en mai 2015. Il raconte que c'est la destruction d'une mosquée par une bombe américaine qui l'a décidé à sauter le pas. C'est à ce moment-là que «choqué», «révolté», il aurait pris la décision de passer à l'action. Il commence alors un entraînement intensif au maniement de la Kalachnikov et est finalement envoyé en Turquie qui devra lui servir de point de départ vers l'Europe.La route des réfugiés avec Abaaoud\r\nSauf que les Turcs refusent de laisser Ayoub El Khazzani s'envoler vers Tirana (Albanie). Il est rejoint par un certain Hamza, qui s'appelle en fait Bilal C.. Cet Algérien de 20 ans . \r\nQuelques jours plus tard, un certain Abou Omar, alias Abdelamid Abaaoud, les retrouve à son tour. Les trois djihadistes quittent alors la Turquie, cachés parmi les réfugiés. Ils sont les premiers à tester cette route qui sera utilisée par les autres terroristes des attentats du 13 novembre.  Tous trois arrivent en Hongrie, puis se dirigent vers l'Autriche, l'Allemagne et enfin la Belgique. Ils s'installent dans un appartement de Bruxelles. «On est resté un certain temps dans l’appartement avec Hamza et Abou Omar. Nous n’avions pas le droit de sortir, nous étions ravitaillés par des frères. C’est moi qui faisais la cuisine, se souvient El Khazzani. Un jour, Abou Omar, qui avait des contacts avec la Syrie, nous a dit qu’il avait reçu un ordre du pays du Sham [la Syrie], à savoir qu’Hamza et moi devions nous préparer psychologiquement à faire une opération», raconte El Khazzani lors de son audition. Abaaoud semblait savoir que des soldats américains étaient à bord du Thalys\r\nMais Bilal C. n'est pas prêt et prend la fuite le lendemain, assure le tireur du Thalys. Une semaine avant l'attaque du Thalys, le 21 août 2015, Abaaoud révèle ses plans au jeune Marocain. « Il m’a dit que la cible était dans le Thalys, où je devais attaquer des Américains. (…) Abou Omar m’a expliqué qu’il fallait que je prenne un billet pour la première classe dans le wagon 11 ou 12, je ne me souviens plus, dans le Thalys de 17 heures (…) Abou Omar m’a dit qu’il y aurait entre trois et cinq militaires.» Des armes sont livrés dans l'appartement de Bruxelles par un complice dont El Khazzani refuse de donner l'identité. Le Marocain tentera d'ouvrir le feu dans le Thalys 9364 mais sera finalement désarmé par les soldats qu'il visait. El Khazzani a par ailleurs assuré lors de son audition qu'il n'était «pas un massacreur». «Je suis un vrai djihadiste, mais on ne massacre pas les femmes et les enfants, a-t-il expliqué devant le juge (...) Je suis un noble combattant. Je suis un soldat.» Reste une question : comment Abaaoud avait-il eu vent de la présence à bord du Thalys des trois militaires américains ?  Lire aussi >>> (function(d, s, id) {<br />\r\n    if (d.getElementById(id)) return;<br />\r\n    var js = d.createElement(s); js.id = id;<br />\r\n    js.src = \"//cdn4.wibbitz.com/static.js\";<br />\r\n    d.getElementsByTagName(\"body\")[0].appendChild(js);<br />\r\n}(document, \"script\", \"wibbitz-static-embed\"));\r\n   "}