{"title": "Terrorisme : Washington envisage l'interdiction de tous les ordinateurs en vol ", "newspaper": "leparisien", "author": "Le Parisien", "date_publi": "28/05/2017", "theme": "Faits divers", "content": " Il évoque une «menace réelle». Le ministre américain de la Sécurité intérieure, John Kelly, a indiqué dimanche que les autorités américaines étaient prêtes à interdire les ordinateurs portables en cabine sur tous les vols à destination des Etats-Unis. «C'est vraiment l'obsession des terroristes : abattre un avion en vol, particulièrement un avion américain, bondé d'Américains à bord», a-t-il justifié sur la chaîne Fox News. Le 21 mars, les autorités américaines avaient de transporter en cabine ordinateurs portables, tablettes et autres appareils électroniques d'une taille supérieure à celle d'un téléphone portable. Un ordinateur pour déclencher une bombe Ils avaient ensuite , dont l'Europe. Les Etats-Unis disposent d'informations de services de renseignement selon lesquelles un ordinateur portable pourrait être utilisé pour déclencher une bombe à bord d'un avion. Les experts américains et la Commission européenne multiplient les contacts pour discuter des conditions de cette éventuelle interdiction. Celle-ci pourrait semer la pagaille dans les aéroports européens, avec plus de 3 250 vols par semaine prévus cet été entre les pays de l'Union européenne et les États-Unis, selon des chiffres de l'industrie aérienne. "}