{"title": "Syrie : un des plus hauts chefs français de Daech visé par un drone américain", "newspaper": "leparisien", "author": "Zoé Lauwereys (@zlauwereys)", "date_publi": "09/12/2016", "theme": "Faits divers", "content": " Il est l'un des Français les plus hauts placés dans la hiérarchie de l'organisation terroriste Etat islamique. L'émir Boubaker el Hakim, 33 ans, a été visé par une frappe de drone américaine à Raqqa (Syrie) le 26 novembre. Le terroriste circulait en voiture au moment de la frappe. Sa mort a été annoncée par mais l'information n'a été confirmée ni par l'organisation terroriste ni par l'armée américaine. \r\nLe djihadiste français aurait planifié depuis la Syrie les attentats de janvier 2015 et du 13 novembre 2015, à Paris, serait l'instigateur direct de l'attentat du musée du Bardo à Tunis (mars 2015), et aurait lui-même    \r\n \r\nLe passeport de Boubaker el Hakim en 2010 (Document Le Parisien.)\r\nNé à Paris, Boubaker el Hakim est un ancien de la filière des Buttes-Chaumont et se trouve  dans le viseur des services antiterroristes français. Il s'était engagé dans le djihad avec   \r\nJeune parisien du 19e arrondissement, Boubaker el Halim a   \r\n     "}