{"title": "Attentat de Londres : l'auteur, Khalid Masood, n'était pas connu pour des faits de terrorisme", "newspaper": "leparisien", "author": "De notre envoyé spécial Nicolas Jacquard, à Birmingham (Royaume-Uni)", "date_publi": "24/03/2017", "theme": "Faits divers", "content": " Géographiquement, Birmingham est le centre de gravité de la Grande-Bretagne. Depuis jeudi, la deuxième ville du Royaume-Uni l’est également médiatiquement. , mercredi après-midi. Jeudi, Daech a revendiqué l’attaque, via son agence de presse, sans donner de précisions.\r\nKhalid Masood, 52 ans, était père de trois enfants. «C’est bien lui», reconnaît une voisine sur la photo tendue par un journaliste. Jusqu’en décembre, le terroriste et ses proches ont vécu à Quayside, une rue du quartier de Winson Green, dans l’ouest de Birmingham. «Des gens discrets, plutôt calmes», explique un riverain, qui croisait l’homme à de rares reprises, notamment lorsqu’il tondait sa pelouse.\r\nUn raid policier dans un appartement\r\nLe profil qu’en dressent les autorités est beaucoup moins lisse. S’il n’était pas connu pour des faits de terrorisme, Masood, né dans le Kent et de nationalité britannique, était toutefois apparu sur les radars du MI5 (le renseignement intérieur) à l’occasion d’une enquête sur un réseau d’islamistes radicaux. «De manière périphérique», nuançait jeudi la Metropolitan police de Londres.\r\nEn revanche, le père de famille s’était fait connaître pour des délits de droit commun, dont diverses violences, et une dernière fois en 2003 pour possession d’un couteau. Mercredi, c’est donc une voiture qu’il a utilisée comme arme pour perpétrer son sinistre dessein. . . Trente autres personnes ont été blessées, dont trois lycéens de Concarneau (Finistère).\r\nCes dernières 48 heures, les enquêteurs se sont attelés à retracer le parcours du tueur et d’éventuelles complicités. Huit personnes ont été interpellées à diverses adresses. Jeudi soir, la police les suspectait de préparer de nouveaux attentats. Un appartement de Hagley Road, à 2 km à peine de Quayside, a ainsi fait l’objet d’un raid policier dans la nuit de mercredi à jeudi. «quand j’ai vu les gyrophares, j’ai pensé qu’il y avait une bagarre ou du tapage, explique Ravi, l’épicier dont le commerce se trouve au rez-de-chaussée de l’appartement ciblé. Mais quand j’ai constaté que les policiers étaient surarmés et cagoulés, j’ai compris qu’il y avait probablement un lien avec les événements de Londres.»«Plus proche du diable que de l'islam»\r\nTrois personnes ont été appréhendées à cette adresse, deux hommes et une femme. Le propriétaire, petit homme arborant chapeau de feutre et lunettes de soleil, dit ne rien en connaître. «Je possède l’appartement depuis huit ans, reconnaît-il. Mais c’est une agence qui gère tout et je n’avais pas de contact avec eux.»\r\nMuhamad, barbe religieuse et qamis traditionnel noir, plaide contre les amalgames. «On ne s’était pas vraiment remis des attaques d’il y a dix ans (NDLR : quatre bombes avaient fait 56 morts à Londres en 2005), et voilà que ça recommence…»\r\nD’autant que l’année dernière, Birmingham avait déjà fait la une des journaux. La raison : Mohamed Abrini, «l’homme au chapeau» des attentats de Bruxelles, également suspect clé des tueries de Paris en novembre 2015, y avait séjourné l’été précédant ces attaques. Trois semaines plus tard, quatre personnes avaient été interpellées dans la ville. Deux d’entre eux, un Britannique, Mohammed Ali Ahmed, et un Belge, Zakaria Boufassil, ont été reconnus coupables d’avoir remis à Abrini la somme de 3 000 £ (3 500 €) en juillet 2015 et ont été condamnés en décembre à de la prison ferme.\r\nLes musulmans locaux tentaient dès jeudi matin d’éteindre l’incendie. «Ce qu’a fait cet homme, en tuant des innocents, est un acte d’une incroyable lâcheté, a ainsi fustigé Abu-Khadeejah Abdul-Wahid, l’imam de la mosquée de Wright Street, à Birmingham. Cet individu est plus proche du diable que de l’islam.» "}