{"title": "Une baisse de fréquentation de moins de 1 % au château", "newspaper": "leparisien", "author": "Le Parisien", "date_publi": "21/01/2017", "theme": "Seine-et-Marne", "content": "Les chiffres restent encore loin des résultats de 2014, avec 515 000 entrées, mais 2016 a permis de limiter la baisse pour le château de Fontainebleau, avec 466 000 visiteurs, contre 470 000 en 2015. « On est assez content », résume la direction. Les attentats de 2015 puis ceux de 2016 ont perturbé le secteur touristique avec une baisse assez vertigineuse du nombre de touristes étrangers. « En 2014, ils représentaient 49 % des visites, contre 24 % l'année dernière. » Le public français représente 76 % des entrées, les Franciliens 82 %. « L'expo sur Louis XV ou le premier salon Impérial Chocolat... ont attiré du monde », se félicite la direction qui espère multiplier ce type d'initiatives. Autre bonne nouvelle, le nombre de scolaires, soit 50 000 visiteurs, est égal à celui de l'année 2014. "}