{"title": "Terrorisme : le profil de la Creilloise interpellée fait débat chez ses proches", "newspaper": "leparisien", "author": "Simon Gourru (avec Vincent Gautronneau et Julie Ménard)", "date_publi": "01/03/2017", "theme": "Oise", "content": "La personnalité de Shayma T. faisait toujours débat ce mercredi. Interpellée lundi matin au Plateau Rouher, à Creil, par les enquêteurs de la direction générale de la sécurité intérieure (DGSI). La jeune femme de 18 ans serait soupçonnée de liens avec des personnes impliquées dans des filières terroristes.La famille de cette élève du lycée Marie-Curie, à Nogent-sur-Oise, est encore sous le choc. Le père rentrait tout juste du travail au moment de l’arrestation. Les yeux humides, les parents assurent ne pas reconnaître leur fille dans le portrait dépeint depuis l’intervention de la police. « C’est une fille normale, je sais qu’elle n’est pas là-dedans », est convaincu le père. La mère exhibe les nombreuses boîtes de maquillage dans la chambre de sa fille. « Elle se colore les cheveux, porte rarement le voile, va à la plage en maillot de bain… » Pourtant, la jeune fille serait abonnée à un groupe de discussion sur Telegram. Une messagerie en ligne liée au djihadiste Rachid Kassim, soupçonné notamment d’être impliqué dans l’attentat de Saint-Etienne-du-Rouvray (Seine-Maritime), en juillet dernier. Lors de la perquisition, la DGSI a d’ailleurs saisi ordinateur, téléphone, box d’accès à Internet et disque dur, afin de faire apparaître un lien éventuel. Une version qui sidère le frère : « On a tout appris dans la presse. J’ai été étonné de lire ça. »La jeune femme était déjà surveillée par les autoritésOr, Shayma n’était pas inconnue des forces de l’ordre. « C’est une jeune fille qui était surveillée par nos services, mais pas plus que d’autres dans le département », confie une source policière. En 2016, ses parents sont convoqués par la police qui la suspecte de communiquer avec des femmes radicalisées. « Nous avons déjà vu trois juges et subi une perquisition. Ils n’ont rien trouvé. » La famille se dit « modeste » et « soudée », depuis le décès accidentel d’un autre frère, l’année dernière. « Je ne suis pas musulman pratiquant et elle ne m’a jamais fait de reproche, poursuit son frère. Nous sommes Français, jamais nous ne nous attaquerons à notre pays. » Pourtant, parmi des anciennes camarades de classe de Shayma, une autre version est évoquée.Une Creilloise, qui dit avoir été une amie, soutient que la jeune femme s’est radicalisée au collège. « En 3e, elle a commencé à mettre un voile, mais de manière très discrète. En seconde, elle a changé de type de voile, elle mettait des robes longues et des gants hors du lycée, assure-t-elle. Sur Facebook, elle postait plein de trucs sur la religion. » Dans le lycée, on parle aussi de tentatives de radicalisation auprès d’autres élèves, certains évoquant même la diffusion « de rap islamiste ». Une autre fille, qui dit avoir été amie avec Shayma, assure ne plus lui parler à cause de ses dérives. « Ma mère me l’a interdit. Elle a foutu sa vie en l’air. Pour moi, tout ça prouve bien que les lavages de cerveau, ça marche. »La garde à vue de Shayma peut encore se prolonger jusqu’à samedi. "}