{"title": "Attentat déjoué en France : des explosifs, des armes et un drapeau de Daech découverts", "newspaper": "leparisien", "author": "Z.L. et R.K.", "date_publi": "18/04/2017", "theme": "Faits divers", "content": " Ils auraient projeté de s'attaquer à un candidat à la présidentielle.  par la Direction générale de la sécurité intérieure (DGSI). Selon des sources proches de l'enquête, les deux suspects avaient prévu un attentat «imminent» sur un candidat à la présidentielle.  \r\nLors des perquisitions menées ce mardi matin dans l'appartement du centre-ville marseillais qu'ils avaient loué voilà quelques jours, les enquêteurs ont découvert plusieurs armes et des explosifs artisanaux. Le quartier a été évacué, le temps pour les forces de l'ordre de trouver d'éventuels autres explosifs. \r\nLes deux hommes étaient connus des services de police et de renseignement pour radicalisation pour le premier et violences et braquages pour le second. Tous deux s'étaient connus en prison. >>> Revivez les événements de la journée\r\n 20h34. Mahiedine Merabet «cherchait à entrer en contact» avec Daech. Selon François Molins, le suspect voulait transmettre à l'organisation terroriste une vidéo «d'allégance ou de revendication». Sur cette «vidéo interceptée le 12 avril dernier» figurent notamment «une table sur laquelle est posée un fusil mitrailleur de type UZI», «le drapeau noir de l'Etat islamique», «des dizaines de munitions disposées afin d'écrire \"la loi du talion» et «la Une d'un quotidien» datée du 16 mars 2017 «avec en couverture un candidat à l'élection présidentielle». 19h51. Les auditions des deux suspects en garde à vue «ne font que commencer», conclut François Molins, assurant que la presse sera tenue au courant des avancées de l'enquête. 19h50. Les deux individus étaient fichés S depuis 2015 et 2016. L'un des deux était en lien avec des djihadistes belges. 19h48. L'appartement a été localisé ce matin. Il était loué depuis avril par Clément Baur et payé en liquide. Parmi les armes figurent notamment un Uzi, deux pistolets semi-automatique, des sacs de munitions, des silencieux et un couteau de chasse. Les policiers ont aussi découvert trois kilos de TATP, de l'acide sulfurique, des tenues de chimistes, des mèches, des boulons, ainsi qu'une grenade artisanale et un drapeau de Daech. Des appareils numériques ont également été découverts, notamment 6 téléphones portable, un ordinateur et une caméra portative avec harnais. 19h47. Clément Baur s'est radicalisé en 2007 auprès d'islamistes tchétchènes. Ses proches avaient signalé sa disparition inquiétante ainsi que ses velléités de se rendre en Syrie. 19h47. Des témoignages de proches de Mahiedine Merabet ont attesté sa radicalisation, ainsi que son extrême prudence depuis la perquisition administrative dont il avait été l'objet. 19h45. L'enquête avait été ouverte début avril alors qu'en décembre un drapeau de Daech avait été découvert lors d'une perquisition en décembre au domicile de Mahiedine Merabet. Ce dernier était absent mais Clément Baur se trouvait justement chez lui. Il avait décliné une «identité usurpée», selon le procureur de Paris. 19h40. François Molins rend hommage aux services antiterroristes.  «Les deux individus étaient aussi méfiants que déterminés», souligne-t-il en conférence de presse. 17h38. Les avis de recherche des deux suspects diffusés.    17h03. François Molins à 19h30. Le procureur de la République de Paris, François Molins, tiendra une conférence de presse à 19h30, selon un communiqué du parquet. 16h30. Les photos des deux suspects.  15h55. La venue de Marine Le Pen a décidé les autorités. Toujours selon nos informations, les interpellations des deux suspects ont eu pour objectif d'éviter tout risque avant le meeting tenu par Marine Le Pen mercredi à Marseille.  15h50. L'arsenal était prêt à l'emploi. Selon nos informations, l'arsenal trouvé par les forces de l'ordre lors des perquisitions menées à Marseille est constitué d'armes lourdes et de six pains d'explosifs «prêts à l'emploi», susceptibles de déclencher une très forte explosion. 15 heures. Les deux suspects sont Clément Baur et Mahiedine Merabet. Selon les informations du , Clément Baur, 23 ans, est originaire d'Ermont dans le Val-d'Oise. Mahiedine Merabet, 29 ans, est orginaire de Croix (Nord). 14h15. Les photos des suspects distribuées dès jeudi aux services de sécurité des candidats. Les équipes des candidats avaient été prévenues de la menace et des photos leurs avaient été distribuées.  14 heures. Fillon prévenu de «risques avérés». Selon des sources concordantes du côté des Républicains, le ministère de l'Intérieur «avait renforcé la sécurité à Montpellier», où le candidat tenait meeting vendredi, a-t-on précisé de même source, évoquant la présence désormais de «tireurs d'élite» et de membres du Raid lors de ses réunions publiques.13h58. Macron félicite la police. Ces événements «viennent rappeler que la menace terroriste est toujours très élevée sur notre territoire», souligne le candidat à la présidentielle dans un communiqué. 13h45. La Une d'un quotidien sur Fillon filmée par les suspects.Le 12 avril, la DGSI intercepte une vidéo d'allégeance à Daech filmée par les deux suspects. Selon nos informations, c'est une Une de quotidienmontrant le candidat François Fillon, qui est filmée. 13h40. Une «prise remarquable», selon François Hollande. «Tout ce que je peux dire, c'est que nos services et nos policiers ont travaillé de manière remarquable nous permettant d'arrêter deux personnes qui vont maintenant être confrontées devant des juges et des policiers pour que nous sachions exactement quelles étaient leurs intentions. C'est une prise remarquable», déclare le président en déplacement au Creusot (Saône-et-Loire). 13 heures. Des armes et des explosifs trouvés dans l'appartement du 3ème arrondissement de Marseille. Selon les informations du Parisien, lors des perquisitions effectuées ce mardi matin, les enquêteurs ont découvert des armes et de grosses quantités de TATP, un explosif permettant de fabriquer des bombes artisanales.    12h52. Une vidéo d'allégeance et une menace d'attentat interceptée. Le 12 avril, la DGSI intercepte une photo montrant des armes. Les deux hommes auraient voulu s'en prendre à un candidat à l'élection présidentielle ; les enquêteurs ont également découvert une vidéo où les deux suspects prêtaient allégeance à Daech. On y verrait également la une d'un journal français consacré aux élections où apparaît la photo d'un candidat. 12h49. Le coup de filet de ce matin, résultat de deux enquêtes distinctes. Selon les informations du Parisien, les deux hommes étaient filés depuis plusieurs jours dans le cadre de deux enquêtes distinctes. En effet, la DGSI reçoit un renseignement le 5 avril informant que le premier des deux hommes, né en juillet 1987, pourrait passer à l'action. Cinq jours plus tard, le 10 avril, une enquête préliminaire est ouverte et s'attache à découvrir les intentions du deuxième homme, né en juillet 1993. C'est le 12 avril que les enquêteurs découvrent que les deux suspects sont liés. Les deux hommes se seraient rencontrés en prison. 12h40. La déclaration de Matthias Fekhl. «Les services du ministère de l'Intérieur sont mobilisés pour assurer la sécurité des français, pour assurer la sécurité des candidats, meetings et tenue du scrutin. Plus de 50 000 gendarmes et militaires seront déployés», assure le ministre de l'Intérieur. 12h30. Le plus âgé des suspects connu des services de renseignement. Né en juillet 1987, ce Français avait déjà été condamné pour des faits de droit commun : des violences et des braquages. En décembre 2016, dans le cadre de l'état d'urgence, son domicile avait été perquisitionné. Une assignation à résidence avait été délivrée, mais il avait disparu. 12h29. Le plus jeune suspect était radicalisé. Né en juillet 1993, il était connu pour sa radicalisation et utilisait sur les réseaux sociaux un nom à consonance tchétchène. Il était candidat au djihad. 12h15. La DGSI interpelle deux hommes soupçonnés de projeter un attentat «imminent». Les suspects sont arrêtés en plein coeur de Marseille.  "}