{"title": "Meaux : assistez à la conférence sur la lutte contre le terrorisme", "newspaper": "leparisien", "author": "Le Parisien", "date_publi": "12/10/2016", "theme": "Meaux", "content": "La lutte contre le terrorisme s’invite à la dixième rentrée de l’université inter-âges de Meaux. Cette conférence inaugurale, à laquelle assistera le maire (LR) Jean-François Copé, sera animée par Emmanuel Dupic. Le procureur de la République adjoint au tribunal de Meaux, par ailleurs maître de conférences à l’Institut d’études politiques de Paris (Sciences-po), évoquera notamment la législation anti-terroriste et l’organisation des services de lutte contre le terrorisme. Cet événement est ouvert au public.Jeudi 13 octobre à 19 heures à la mairie de Meaux, au 2, place de l’Hôtel-de-Ville. "}