{"title": "Indemnisation des victimes du terrorisme : la taxe sur les assurances relevée à 5,90€", "newspaper": "leparisien", "author": "Le Parisien", "date_publi": "19/10/2016", "theme": "Economie", "content": "Le fonds de garantie qui indemnise les victimes du terrorisme (FGTI) va obtenir davantage de ressources. Selon la secrétaire d'Etat chargée de l'Aide aux victimes, la taxe sur les contrats d'assurance qui le finance va en effet passer de 4,30 à 5,90 euros. Cela «permet de stabiliser les ressources du fonds», . «Ca va rapporter 140 millions d'euros par an, ce qui va permettre de ne pas puiser dans les réserves du fonds», a-t-elle ajouté. La secrétaire d'Etat a confirmé que l'Etat se porterait garant des ressources du fonds, . Le président de la République avait alors annoncé une réforme du système d'indemnisation des victimes du terrorisme assurant que les ressources du Fonds seraient «revues en conséquence». Indemnisation des victimes de terrorisme: La contribution au FGTI va null d'1,60€ annonce \r\n— franceinfo (@franceinfo)   La question des moyens du FGTI, qui indemnise les personnes blessées, physiquement ou psychologiquement, ou les ayants droit de personnes décédées lors d'attentats, . «En deux ans, il a été sollicité plus que depuis sa création», en 1986, a souligné Juliette Méadel. Créé en 1986, le FGTI est financé par une contribution de 4,30 euros prélevée sur chacun des 80 millions de contrats d'assurance de biens signés en France (auto, habitation...). Cette taxe avait été rehaussée pour la première fois (3,30 euros précédemment) depuis plus de dix ans par un arrêté du 30 octobre 2015 afin d'augmenter les ressources du fonds. Le niveau maximum prévu par la loi est de 6,50 euros. A la demande de la secrétaire d'Etat, le FGTI va aussi publier «un référentiel sur l'indemnisation», c'est-à-dire une «sorte de barème», indiquant quelle somme d'argent peut percevoir une victime en fonction de son préjudice, a encore précisé Juliette Méadel. Cette transparence était souhaitée par les associations de victimes. "}