{"title": "Attentat de Stockholm : l'Ouzbékistan avait prévenu de la radicalisation du suspect", "newspaper": "leparisien", "author": "Z.L avec AFP", "date_publi": "14/04/2017", "theme": "Faits divers", "content": " Rakhmat Akilov, , avait été recruté par Daech et les autorités ouzbèkes avaient prévenu les services secrets d'un pays occidental de sa radicalisation. «En 2014, Rakhmat Akilov est parti à Stockholm où il a travaillé sur des chantiers de construction (...) Pendant son séjour à l'étranger, il a été recruté sur internet par des émissaires de l'organisation terroriste Etat islamique», a déclaré Abdoulaziz Kamilov, le ministre ouzbek des Affaires étrangères, lors d'un point presse tenu ce vendredi à Tachkent.  \r\n«Les informations sur les actions de Rakhmat Akilov ont été transmises (...) à un de nos partenaires occidentaux pour ensuite informer la partie suédoise», a-t-il poursuivi sans indiquer à quel pays ces informations avaient été transmises.  Lire aussi >>>\r\nQuatre personnes ont été tuées et 15 blessées le 7 avril quand un camion bélier a foncé sur l'artère piétonne la plus fréquentée de la capitale suédoise à une heure de forte affluence. Rakhmat Akilov, un citoyen ouzbek de 39 ans arrêté quelques heures plus tard, a reconnu être l'auteur de cet attentat.  \r\n Mercredi, les agences de presse russes, citant une source policière ouzbek, avaient affirmé que Rakhmat Akilov avait tenté de rejoindre Daech en Syrie. "}