{"title": "Macron", "newspaper": "leparisien", "author": "Timothee Boutry et Eric Pelletier", "date_publi": "05/05/2017", "theme": "Election présidentielle", "content": " Ils établissent le même diagnostic. Economiquement mal en point, la France va mal en matière de sécurité. Jamais dans son histoire récente, elle n’a été autant exposée au risque terroriste, sans qu’au quotidien la pression de la délinquance se relâche. Mais Emmanuel Macron, le candidat d’En marche !, et Marine Le Pen, chef de file du Front national, ne proposent évidemment pas les mêmes remèdes. C’est dans le domaine de la lutte contre la menace djihadiste que les positions apparaissent les plus irréconciliables. Des divergences apparues crûment lors du débat de l’entre deux tours. Marine Le Pen décrit alors un concurrent sous influence du « fondamentalisme islamiste », elle qui, dans son programme, établit un lien direct entre immigration et insécurité. Emmanuel Macron met en garde, de son côté, contre le risque de « guerre civile » si demain les idées du FN devenaient majoritaires. Ces antagonismes ne représentent pas une surprise. LIRE AUSSI\r\n> A lire les programmes de près, les oppositions apparaissent moins flagrantes lorsqu’on touche à la sécurité du quotidien. Les deux candidats identifient ce qu’ils pensent être la même racine du mal : des sanctions tombant trop tardivement et des délinquants d’habitude qui pourrissent la vie des quartiers. Chacun de proposer des investissements massifs, pour recruter policiers et gendarmes et construire des places de prison, ce qui pèsera sur le budget du pays. Même s’il comporte des approximations, le programme d’Emmanuel Macron paraît plus détaillé en la matière, son projet ayant pour ambition de rapprocher forces de l’ordre et population. Il rappelle sur ce point la police de proximité chère au socialiste Lionel Jospin, Premier ministre entre 1997 et 2002. Le credo de Marine Le Pen est plus radical, et s’éloigne parfois des standards de la Cour européenne des droits de l’homme (CEDH) dont elle souhaite s’affranchir.   JUSTICE EMMANUEL MACRON veut que les petites peines de prison prononcées débouchent sur une incarcération effective avant, le cas échéant, d’être aménagées. « Aujourd’hui les peines prononcées inférieures à deux ans ferme ne sont que très rarement exécutées », affirme-t-il dans son programme. Un diagnostic erroné puisque, selon les chiffres du ministère de la Justice, les 2/3 des condamnations à moins de deux ans mènent bien en prison (au 1er janvier 2016, 20 000 détenus se trouvaient dans ce cas).Le leader d’En Marche ! vise la loi Dati de 2009 permettant à un juge d’aménager ces peines (bracelet électronique, travail d’intérêt général...) dès lors que l’incarcération n’est pas prononcée d’office par le tribunal. Le candidat souhaite revenir sur l’automaticité de cet examen. Une telle réforme viendrait remplir des maisons d’arrêt déjà surpeuplées. Emmanuel Macron promet donc de construire 15 000 places supplémentaires. Pour les mineurs, il plaide pour de nouveaux centres éducatifs fermés mais n’est pas favorable à la sanction des parents. MARINE LE PEN, au delà des formules à l’emporte-pièce - « appliquer la tolérance zéro et en finir avec le laxisme judiciaire »- propose l’abrogation de la loi Taubira sur la contrainte pénale (une alteEmmanuel Macron veut que les petites peines de prison prononcées débouchent sur une incarcération effective avant, le cas échéant, d’être aménagées. « Aujourd’hui les peines prononcées inférieures à deux ans ferme ne sont que très rarement exécutées », affirme-t-il dans son programme. Un diagnostic erroné puisque, selon les chiffres du ministère de la Justice, les 2/3 des condamnations à moins de deux ans mènent bien en prison (au 1er janvier 2016, 20 000 détenus se trouvaient dans ce cas).Le leader d’En Marche ! vise la loi Dati de 2009 permettant à un juge d’aménager ces peines (bracelet électronique, travail d’intérêt général...) dès lors que l’incarcération n’est pas prononcée d’office par le tribunal. Le candidat souhaite revenir sur l’automaticité de cet examen. Une telle réforme viendrait remplir des maisons d’arrêt déjà surpeuplées. Emmanuel Macron promet donc de construire 15 000 places supplémentaires. Pour les mineurs, il plaide pour de nouveaux centres éducatifs fermés mais n’est pas favorable à la sanction des parents.rnative à l’incarcération très peu appliquée) mais surtout le rétablissement des peines planchers, abrogées par François Hollande, et la suppression des remises de peine automatiques. Un programme résolument « tout carcéral » que la candidate d’extrême droite entend mettre en musique par la création de 40 000 places supplémentaires de prison en 5 ans. Soit un projet extrêmement coûteux et quasi impossible à réaliser le temps d’un quinquennat.Marine Le Pen propose d’instaurer une peine de prison de perpétuité réelle incompressible « pour les crimes les plus graves » (la peine de mort ne figure plus dans le programme du FN mais la candidate laisse planer l’hypothèse d’un référendum sur le sujet). Pour lutter contre la délinquance des mineurs, elle milite pour « la suppression du versement des aides sociales aux parents de mineurs récidivistes en cas de carence éducative manifeste ».  POLICE EMMANUEL MACRON, sur le plan de la sécurité, met ses pas dans ceux de Manuel Valls, ministre de l’Intérieur en 2012. Mais il entend réussir là où tous ses prédécesseurs ont échoué : renouer le « lien quotidien » entre police et population. Le retour d’effectifs sur le terrain passerait par un allègement des tâches et le recrutement d’effectifs supplémentaires (10 000 policiers et gendarmes), priorités également affichées par Marine Le Pen. Comme elle, il souhaite une mesure « d’interdiction du territoire » pour éloigner les délinquants de leur quartier d’origine.Les réponses d’Emmanuel Macron pour lutter contre le terrorisme islamiste n’ont rien de révolutionnaire. Il veut créer «une cellule spéciale du renseignement anti Daech », d’une pertinence discutable quand on connaît la mobilisation de tous les services pour tenter de contrer cette menace. Piste plus intéressante : faciliter l’échange d’informations entre le monde du renseignement et les magistrats spécialisés. MARINE LE PEN, comme son adversaire, mise d’abord sur le nombre. Elle veut démultiplier les moyens humains des unités chargées de la sécurité, en recrutant « massivement » policiers et gendarmes (15 000). La candidate frontiste veut effectuer une « reprise en main » des « zones de non droit », par un « plan de désarmement des banlieues », sans évoquer les moyens pour y parvenir. Le gouvernement sortant avait fait de la lutte contre le trafic d’armes une priorité (9 845 ont été saisies en 2016 selon l’Intérieur). Le FN veut « rétablir des services de renseignement de terrain », ce qui existe déjà à travers les unités du « renseignement territorial ». Principale innovation organisationnelle de la candidate frontiste : la création d’une agence unique de lutte antiterroriste rattachée au Premier ministre, une mesure préconisée par la commission d’enquête parlementaire sur l’action de l’Etat face au terrorisme de juillet 2016.  TERRORISME EMMANUEL MACRON se déclare hostile à la déchéance de nationalité, une proposition qualifiée de « dangereuse et irréaliste » qui avait déchiré la gauche après les attentats de novembre 2015. « Cela n’empêcherait aucunement les tentatives d’incursions sur le territoire national pour y commettre des attentats », estime-t-il. L’ancien ministre de l’Economie milite pour la création de « centres fermés de petite taille spécifiquement dédiés à recevoir des personnes radicalisées ».« Des activités obligatoires seront imposées pour que les détenus se resocialisent », ajoute la plate-forme du candidat évoquant l’intervention de repentis.La promotion de ces centres spécifiques s’inspire d’une philosophie - le rassemblement des profils radicalisés - qui n’a jusqu’ici pas fait ses preuves. Le centre dit « de déradicalisation » de Pontourny (Indre-et-Loire), qui s’adressait à des personnes en milieu ouvert, a été mis en sommeil quelques mois seulement après son ouverture. Quant aux unités dédiées en prison, le gouvernement a préféré mettre fin à l’expérimentation. MARINE LE PEN a pour principale mesure le fait d'«expulser tous les étrangers en lien avec le fondamentalisme islamiste». Le gouvernement procède déjà à des expulsions, certes plus ciblées que ne le préconise la frontiste. Autre mesure choc : déchoir de sa nationalité et expulser tout binational lié à une filière djihadiste. Pour l’heure, la France n’expulse pas dans les pays qui, à ses yeux, ne garantissent pas les droits de l’Homme.La candidate frontiste souhaite également appliquer aux djihadistes l’article du code pénal sur « l’intelligence avec l’ennemi », tombé en désuétude. La qualification d’association de malfaiteurs en vue de préparer des actes de terrorisme, largement utilisée par les magistrats spécialisés, semble juridiquement plus pertinente et plus efficace. Enfin, Marine Le Pen souhaite « rétablir l’indignité nationale », une mesure essentiellement symbolique. Qui n’est pas de nature à éviter la perpétration d’un attentat par des Français radicalisés qui ont la haine de leur pays et de ses valeurs.   "}