{"title": "Attentat de Manchester : en France, vigilance renforcée autour des lieux festifs", "newspaper": "leparisien", "author": "Éric Pelletier et Damien Delseny", "date_publi": "24/05/2017", "theme": "Faits divers", "content": " Voici  confronté à sa première crise d'ampleur. Par sa nature même, l'attaque survenue lundi soir à Manchester rappelle que la menace terroriste pèse sur l'ensemble des démocraties européennes. Elle porte en effet . Et ce nouveau drame, qui survient un an et demi après le Bataclan, montre que les lieux de vie sont ciblés, sans distinction de nationalité, de religion ou même d'âge. Le ministre de l'Intérieur français a donc adressé mardi aux préfets un «rappel des instructions de vigilance», mesures «qu'il convient d'appliquer avec la plus grande rigueur». «A l'approche de la saison estivale», rappelle Collomb, des patrouilles «dynamiques, visibles et renforcées» doivent être multipliées près des salles de spectacle et des événements sportifs ou culturels. Manchester rend illusoire une levée de l'état d'urgence Mardi après-midi, une réunion s'est tenue à la préfecture de police de Paris avec les organisateurs de spectacles. Au programme notamment le concert du jeune chanteur canadien Shawn Mendes, très populaire auprès des adolescents, ce mardi soir à l'AccorHotels Arena de Paris. «Les accès à ce type d'événements constituent un moment de vulnérabilité, analyse Pierre-Henry Brandet, porte-parole du ministère de l'Intérieur. C'est pourquoi les mesures visant à fluidifier les entrées du public doivent être privilégiées. D'autant que, pour les forces de l'ordre, il est plus facile de repérer un comportement suspect lorsque la foule est moins dense. Il faut privilégier des points restreints de filtrage et déployer des moyens humains suffisants pour multiplier les files de palpation. Et pourquoi ne pas envisager des heures d'arrivée échelonnées ?» Pour sa part, le syndicat Synergie réclame que les policiers puissent entrer plus facilement avec leur arme de service dans les salles de concert. L'attentat de Manchester rend illusoire en France une levée rapide de l'état d'urgence entré en vigueur en novembre 2015 et prolongé au moins jusqu'au 15 juillet prochain. QUESTION DU JOUR.   Emmanuel Macron, le nouveau président de la République, a demandé une évaluation du dispositif. Le 19 mai, Gérard Collomb indiquait sur RTL que le Conseil de défense d'aujourd'hui aborderait cette question. Ajoutant : «Je crois qu'à un moment il faudra sortir de cet état d'urgence, mais ce n'est peut-être pas le bon moment, juste après la formation du gouvernement.» Qui prendra aujourd'hui le risque politique de le lever ? "}