{"title": "Procès : ils voulaient amasser un «butin halal» pour financer le terrorisme", "newspaper": "leparisien", "author": "Timothée Boutry", "date_publi": "13/02/2017", "theme": "Faits divers", "content": " C'est une bande aussi curieuse que dangereuse que la cour d'assises spéciale de Paris s'apprête à juger pendant deux semaines à partir de ce lundi matin. Un chef de clan radicalisé à l'extrême mais guère charismatique, un bras droit en quête spirituelle, un associé schizophrène et un complice ancré dans la délinquance. Tous sont poursuivis pour leur participation, à des degrés divers, à un projet terroriste qui s'est essentiellement traduit par . A 37 ans, Ibrayma Sylla possède déjà une solide carrière de voyou derrière lui. Condamné à de multiples reprises pour vol, il a surtout écopé d'une peine de douze ans de prison pour braquage en 2005. Derrière les barreaux, celui qu'un expert psychologue a décrit comme « intelligent mais insensible à l'affectif et à la culpabilité » se radicalise et se fait remarquer par son prosélytisme exacerbé. Les craintes des services de renseignement, qui ne le perdent pas de vue à sa sortie de prison, se concrétisent bien vite. Une enquête est ouverte, sa ligne placée sur écoute et son véhicule sonorisé. Ses « impressionnantes logorrhées djihadistes » alarment les enquêteurs.  Il veut faire de son appartement de Trappes (Yvelines) un « nid d'aigle d'Allah » destiné à accueillir un « clan de talibans ». Ils se font remettre la maigre somme de 2 080 € Le délinquant se met en quête d'adeptes. Il convainc sans difficulté Pierre Roubertie, un converti de 26 ans sensible aux thèses djihadistes rencontré en prison, de devenir son plus fidèle lieutenant. Mais la campagne de recrutement est surtout marquée par une série d'échecs. Tout juste attire-t-il dans ses filets Emmanuel Nsomoto, un psychotique qui a effectué plusieurs séjours en hôpital psychiatrique, et Roushdane Kelani, un homme déjà condamné pour tentative de meurtre dont l'implication dans le volet terroriste du dossier apparaît plus ténue. Ibrayma Sylla et Pierre Roubertie définissent leur projet : procéder à des assassinats ciblés de personnalités. Pour cela, ils doivent d'abord acquérir des armes et donc commettre des vols afin de se constituer ce que Sylla appelle son « butin halal ». En ce 3 avril 2013, les policiers, informés de l'imminence d'une action violente grâce aux écoutes, sont pourtant sur leurs traces. Sauf... pendant les quelques heures où les deux complices pénètrent au domicile de Jacques P. à Roissy-en-Brie (Seine-et-Marne). Sous la menace d'un couteau et d'un pistolet à impulsion électrique fourni par Roushdane Kelani, Roubertie retient l'épouse du postier, enceinte de 7 mois, et leur jeune fils, pendant que Sylla se rend avec son otage à la Poste de Pontcarré (Seine-et-Marne). Où il parvient à se faire remettre la maigre somme de 2 080 € ! Grâce à l'ADN retrouvé, les deux hommes sont rapidement confondus et la mini-cellule terroriste est démantelée en juin 2013. Depuis son interpellation, Ibrahima Sylla a refusé de s'expliquer. Pierre Roubertie semble, quant à lui, avoir pris du recul sur ses convictions. L'expert psychologue a noté chez ce dernier « une prise de conscience de son débordement sur le djihad ». "}