{"title": "Terrorisme : « Ne tombons pas dans le renoncement »", "newspaper": "leparisien", "author": "Christel Brigaudeau", "date_publi": "21/12/2016", "theme": "Société", "content": " « Danke schön ! » Dans cette boulangerie voisine de la place de la République, hier matin à Paris, la vendeuse de viennoiseries a « eu envie de parler en allemand » à ses clients, sans concéder son sourire habituel .\r\nTravailler, préparer ses fêtes de fin d'année en famille, en gardant une pensée pour les victimes et le risque terroriste : l'équilibre est difficile mais nécessaire, selon le psychiatre et psychanalyste Serge Tisseron. « Vivre avec, c'est ressentir la violence mais agir calmement, explique le psy, auteur de « l'Empathie au coeur du jeu social » (Albin Michel, 2010). Surtout, il faut éviter deux écueils : tomber dans le renoncement en baissant les bras, ou se chercher un sauveur charismatique qui n'existe pas. »\r\nPour les personnes touchées directement par de précédentes attaques, et particulièrement celle de Nice, l'horreur renouvelée du camion fou sera compliquée à digérer, encore. Le psychiatre Gérard Lopez, président de l'Institut de victimologie, s'attend à ce que son téléphone sonne souvent, cette semaine. « Les personnes qui ont vécu un événement traumatique, y compris des attentats anciens datant des années 1990, vont être replongées dans leurs souvenirs, confirme l'expert. Un certain nombre auront une poussée de stress post-traumatique et devront reconsulter. » Solidarité, mais pas de choc\r\nMais pour le plus grand nombre, au-delà d'une évidente solidarité avec les victimes, il ne faut pas s'attendre à un choc ou à un stress au sens clinique du terme, d'autant plus que « l'éloignement géographique du lieu du drame est connu pour mettre aussi à distance les émotions », explique la docteur en psychologie Marianne Kédia, auteur du guide « Panser les attentats, pour ne pas céder à la peur » (Editions Robert Laffont.). « Il est normal qu'il y ait moins d'émotion aujourd'hui qu'après les premiers attentats qui ont touché Paris, et dans lesquels il y avait beaucoup de surprise, abonde Serge Tisseron. Nous avons changé de monde le 13 Novembre. Cette surprise est passée, mais il serait dommage que la compassion pour les victimes et la volonté d'agir passent avec elle. » Agir, oui, mais comment ? « On peut commencer par prendre de la distance avec la crainte et le repli sur soi, suggère Marianne Kédia. Si on veut combattre le terrorisme, il faut être vigilant et lutter contre les changements insidieux qu'il entraîne dans notre représentation du monde. » Et l'universitaire d'insister : « Faisons attention à ne pas violenter nos valeurs en réagissant par l'intolérance. Il ne s'agit pas de se résigner aux attentats, certainement pas, mais réfléchir aux implications à long terme de nos réactions émotionnelles. »EN SAVOIR PLUS>>>>  "}