{"title": "L'assaillant du Thalys dit qu'il ne voulait pas commettre un massacre ", "newspaper": "leparisien", "author": "Timothée Boutry", "date_publi": "15/12/2016", "theme": "Faits divers", "content": " En garde à vue,il avait d'abord tenu des propos fantaisistes, expliquant avoir voulu commettre un braquage et non une action terroriste, avant de garder le silence. Devant le juge d'instruction, il avait jusqu'ici conservé le même mutisme. Mais hier, Ayoub El Khazzani, le Marocain de 27 ans qui a ouvert le feu dans le Thalys le 21 août 2015 américains en vacances, s'est longuement confié devant le magistrat instructeur. Une audition fleuve de cinq heures au cours de laquelle cet ancien délinquant radicalisé a finalement reconnu la dimension terroriste de son geste. « Il se définit comme un djihadiste, confie son avocate, Me Sarah Mauger-Poliak. En revanche, il affirme qu'il ne souhaitait pas commettre un massacre de civils mais qu'il avait une cible bien définie. Il se présente comme un soldat qui voulait en attaquer d'autres. » El Khazzani «se définit comme un djihadiste, il le revendique, pas avec fierté», affirme son avocate, décrivant l'émotion et les larmes de son client au cours de l'audition. «Il a une position très compliquée et encore assez ambivalente». Le jeune homme, qui reconnaît avoir séjourné en Syrie, est également revenu sur son parcours. Il a notamment confirmé les informations révélées le mois dernier par le Centre d'analyse du terrorisme (CAT) : il a bien voyagé en Europe avec Abdelhamid Abaaoud, le coordonnateur des attentats du 13 Novembre. Ayoub El Khazzani n'en a pas fini avec ses confessions. Il est à nouveau convoqué devant le juge mardi prochain. EN SAVOIR PLUS.  Des liens avec Abdelhamid Abaaoud Dans son nouveau récit, Ayoub El Khazzani affirme ne pas avoir «agi seul». «Il a retracé dans les grandes lignes son parcours de la Syrie, Turquie jusqu'en Europe. Avec (Abdelhamid) Abaaoud», l'un des coordinateurs des attentats de Paris du 13 novembre, a expliqué Me Sarah Mauger-Poliak. El Khazzani était signalé pour islamisme radical par les services de renseignements d'Espagne, où il a vécu plusieurs années. Il avait séjourné à Molenbeek-Saint-Jean, la commune bruxelloise d'où sont originaires plusieurs protagonistes de la cellule responsable des attentats du 13 novembre à Paris et Saint-Denis (130 morts), et de Bruxelles le 22 mars 2016 (32 morts), revendiqués par le groupe Etat islamique. Il y a quelques semaines, une note des services de renseignement hongrois, révélée par le Centre d'analyse du terrorisme (CAT), a précisé les liens entre le tireur présumé et Abdelhamid Abaaoud, déjà mis en lumière par les enquêteurs français. Selon cette note du TEK (services antiterroristes hongrois), dont a eu connaissance l'AFP, Abaaoud, de retour de Syrie, et El Khazzani sont arrivés à Budapest le 1er août en se mêlant aux migrants et ont séjourné dans le même hôtel. Le 4 août, Abaaoud est parti pour l'Autriche en voiture, et lendemain, El Khazzani, a pris la même direction, mais en train, selon la note. VIDEO. Mohamed El Khazzani père d'Ayoub : «C'est comme si j'étais mort»  "}