{"title": "Attentat de Bruxelles : en pleine cavale, Mohamed Abrini s'est montré à Molenbeek", "newspaper": "leparisien", "author": "Thomas Blachère (@TBlachere)", "date_publi": "12/01/2017", "theme": "Attentats de Bruxelles", "content": " De nouveaux éléments permettent d'en savoir un peu plus sur la cavale de Mohamed Abrini, «l'homme au chapeau» du . On sait désormais qu'entre l'attentat du 22 mars 2016 et son arrestation, le 8 avril suivant, à Anderlecht, il est revenu à , affirme ce jeudi la . >>A lire aussi :  C'est le 31 mars 2016, selon le média belge, que Mohamed Abrini tente une sortie, neuf jours seulement après les attentats qui ont ensanglanté la capitale belge. Alors qu'on l'imagine terré pour échapper à la vaste chasse à l'homme lancée en Belgique et en Europe, le terroriste présumé prend un immense risque et sort en pleine rue, dans l'un des quartiers les plus surveillés du pays et d'Europe, là-même où il a grandi en compagnie de  ou d', deux figures des  du 13 novembre 2015. Il se rend dans un «phone shop» Vers 22 heures 30, Abrini pénètre dans une boutique de type «phone shop», où il tente d'appeler son ancienne compagne. Cette dernière ne décroche pas. Moins d'une heure plus tard, selon les éléments de l'enquête auxquels a accédé la RTBF, l'homme se retrouve dans un square, où il rencontre une connaissance à qui il demande d'appeler son ex. «Il avait une casquette vert kaki et une écharpe, a raconté plus tard ce témoin à la police. Sa présence devant moi m'a vraiment choquée car je ne m'y attendais pas du tout». Craignant des représailles, l'homme obéit. L'ancienne compagne d'Abrini décroche, le message lui est transmis : «Jempen (NDLR. le surnom qu'elle lui donnait autrefois) te donne rendez-vous dans 10 minutes au parking en face de l'institut des Arts et Métiers».  Mohamed «Jempen» Abrini et la jeune femme se retrouvent quelques minutes plus tard dans une voiture, mais la discussion tourne court. «J'ai (...) insisté à plusieurs reprises pour qu'il se rende, dira-t-elle plus tard aux enquêteurs. Il ne m'a pas répondu. Il était très pensif et peu bavard». Il repart, seul et à pied, selon elle. Une imprudence décisive pour les services anti-terroristes La sortie d'Abrini ce soir-là à Molenbeek et son besoin de contacter à tout prix son ancienne compagne se seraient avérés décisifs dans sa capture, intervenue huit jours plus tard, , à Anderlecht, un autre quartier de Bruxelles, raconte le média belge. Et pour cause : le téléphone de la jeune femme était sur écoute. Mohamed Abrini est aujourd'hui incarcéré à la prison de haute sécurité de Bruges. Après son jugement pour sa participation aux attentats de Bruxelles, l'«homme au chapeau» sera remis à la France. Il y est soupçonné d’avoir apporté une aide logistique aux terroristes ayant frappé Paris et Saint-Denis le 13 novembre 2015. "}