{"title": "Attentats de Paris : Chakib Akrouh, le «lieutenant» d'Abaaoud, inhumé à Bruxelles ", "newspaper": "leparisien", "author": "Le Parisien", "date_publi": "15/11/2016", "theme": "Attentats à Paris", "content": "Un an après , et quelques jours avant , le «lieutenant» d'Abaaoud, , a été inhumé à Bruxelles (Belgique) le 7 novembre, une information de la chaîne publique belge, la .\r\n Aucun nom ne figure sur sa tombe dans le cimetière multiconfessionnel de la capitale belge. La parcelle est connue de ses seuls proches, pour éviter tout pèlerinage malsain de sympathisants des djihadistes.\r\n C'est le septième djihadiste a être inhumé dans ce cimetière de Bruxelles, après les frères  et ,  Brahim Abdeslam -  - et Bilal Hadfi, . Khalid Ben Larbi, tué lors de l'assaut contre , le 15 janvier 2015, y est également inhumé. Mort dans l'assaut de Saint-Denis Le 18 novembre 2015, le terroriste avait déclenché sa ceinture d'explosifs lors de , Il se trouvait alors avec , coordonnateur des attentats de Paris et la cousine de celui-ci , tués également par l'explosion., dans une zone d'entrepôts, en contrebas de l'autoroute A86. Les policiers étaient remontés jusqu'à cette planque végétale grâce à , obtenu le 16 novembre. Le lendemain, les enquêteurs avaient installé une caméra. Ils avaient ainsi repéré Hasna Aït Boulahcen puis les deux hommes. Les terroristes avaient ensuite été filés jusqu'à leur nouvelle planque dans le centre de Saint-Denis. VIDEO EXCLUSIVE. Le 19 novembre, les policiers fouillent le buisson d’Abaaoud à Aubervilliers Le soir des attentats de Paris,  et son ADN avait été retrouvé sur une kalachnikov dans la Seat abandonnée à Montreuil (Seine-Saint-Denis), au sud-est de Paris, après avoir été utilisée par le commando des terrasses. VIDEO. Akrouh et Abaaoud filmés dans le métro parisien le soir des attentats (M6)         "}