{"title": "Nice : deux adolescentes mises en examen dans le cadre d'une enquête antiterroriste", "newspaper": "leparisien", "author": "Le Parisien", "date_publi": "01/04/2017", "theme": "Faits divers", "content": " Deux adolescentes de 15 et 17 ans avaient été interpellées samedi matin à Nice (Alpes-Maritimes) et dans la commune voisine de Levens, signalées pour des velléités de départ vers la Syrie ou l'Irak. Lundi soir, elles ont été mises en examen pour «association de malfaiteurs en relation avec une entreprise terroriste criminelle» et placées sous contrôle judiciaire avec obligation de placement. Le parquet de Paris, qui a ouvert une information judiciaire, avait requis le placement en détention provisoire de la plus âgée. Lors de perquisitions administratives samedi matin aux domiciles des deux adolescentes, plusieurs téléphones avaient notamment été saisis et certains échanges, via la messagerie cryptée Telegram, «mettaient en lumière une éventuelle volonté de passage à l'acte ce qui a justifié leurs interpellations», selon une source proche de l'enquête. Aucune arme n'aurait été toutefois retrouvée. Plusieurs jeunes filles, parfois mineures, ont été arrêtées en France depuis les attaques djihadistes de janvier 2015, pour leurs liens avec des membres du groupe Etat islamique, ou soupçonnées d'avoir préparé un acte terroriste. Parmi les dernières en date, fin février et soupçonnées de participer à une chaîne de discussion sur la messagerie cryptée Telegram, chaîne qui a été en lien avec celle du Les trois mineures avaient été mises en examen par un juge antiterroriste parisien début mars.  "}