{"title": "Pertes records pour Euro Disney", "newspaper": "leparisien", "author": "Hendrik Delaireet Sébastien Roselé @leparisien_77", "date_publi": "14/11/2016", "theme": "Seine-et-Marne", "content": " C'est une année noire que vient de connaître le groupe Euro Disney qui emploie quelque 15 000 salariés dans ses parcs et hôtels de Disneyland Paris, à Marne-la-Vallée. Selon les résultats pour l'exercice 2015-2016, clos le 30 septembre, le groupe a enregistré un recul de son chiffre d'affaires de 7 % et une perte d'exploitation de 242 M€, contre 57 M€ en 2014-2015. A la clôture de la bourse de Paris, jeudi soir, l'action Euro Disney perdait - 1,75 %, cotant 1,12 €. Ces pertes records s'expliquent principalement par une diminution de la fréquentation de 10 % des parcs d'attractions de Marne-la-Vallée atteignant 13,4 millions de visiteurs. Une fréquentation également en berne dans les commerces du Disney Village. Les hôtels du groupe ont vu leurs réservations baisser de 79 % à 77 %. Commentant ces résultats, la présidente du groupe, Catherine Powell, évoque, sans les citer, les attentats de Paris, Bruxelles et Nice et les fréquentes alertes dans plusieurs pays d'Europe. Et la fermeture pendant quatre jours des parcs, juste après les attentats du 13 novembre 2015, « par respect du deuil national ». Une première depuis 1992.  Preuve de l'efficacité du dispositif de sécurité du complexe de loisirs, l'arrestation, à l'entrée de l'hôtel New York le 28 janvier, d'un homme transportant deux pistolets automatiques dans son sac de voyage. Des armes détectées par les portiques à rayons X. Le terrorisme n'est pas la seule explication de la baisse de fréquentation. Les restrictions de circulation lors de la Cop 21 en décembre, les mouvements sociaux du printemps contre la loi Travail et les mauvaises conditions météo de mai et juin ont aussi dissuadé la clientèle. « Un environnement défavorable » auquel se sont ajoutés l'augmentation des coûts liés à la sécurité, la rénovation et le lancement de nouvelles attractions, selon la présidente du groupe. Catherine Powell compte sur les festivités du 25e anniversaire de Disneyland Paris, dès la fin mars 2017. Ainsi que sur le lancement de nouvelles attractions, autour de la saga Star Wars, et spectacles pour relancer l'activité des parcs. « On n'a pas si mal résisté même si cela reste difficile », conclut-on en interne à Euro Disney. « On reste confiant. Des licenciements ne sont pas envisagés. Au contraire, avec le 25 e anniversaire, il faut maintenir le personnel pour accueillir le public », assure-t-on. "}