{"title": "Attentat déjoué de Villejuif : un des quatre suspects mis en examen mais laissé en liberté", "newspaper": "leparisien", "author": "Le Parisien", "date_publi": "18/11/2016", "theme": "Faits divers", "content": "Arrêté mardi dans le cadre des investigations sur le soutien logistique dont a pu bénéficier , un homme de 29 ans a été mis en examen par les juges antiterroristes, a indiqué le parquet de Paris. Il a été remis en liberté sous contrôle judiciaire. Le parquet va faire appel pour obtenir son placement en détention provisoire. \r\nL'homme, dont l'empreinte génétique a été retrouvée sur un gilet pare-balles, est Alors que cet étudiant en informatique de 25 ans est accusé d'un meurtre et d'un projet d'attentat contre une église de Villejuif (Val-de-Marne) déjoué en avril 2015, ce complice présumé aurait participé à la fourniture d'armes et de gilets pare-balles. Les trois autres hommes arrêtés mardi ont été relâchés à l'issue de leur garde à vue.\r\nL'attentat, piloté depuis la Syrie par le groupe État islamique (EI), avait échoué, mais une professeure de fitness, Aurélie Châtelain, avait été retrouvée morte dans sa voiture.  \r\nA ce stade, quatre autres hommes, soupçonnés d'avoir participé à la fourniture du matériel, sont mis en examen. Trois sont en détention provisoire et le quatrième, Farid B., un Français de 40 ans, a été remis en liberté cet été et placé sous contrôle judiciaire. "}