{"title": "Blessé dans les attentats de 2015, le rugbyman Aristide Barraud dit stop", "newspaper": "leparisien", "author": "David Opoczynski", "date_publi": "27/04/2017", "theme": "Sports", "content": " Le 13 novembre dernier, à l’occasion de la diffusion sur la chaîne « L’Equipe » du bouleversant documentaire « Alice et Aristide » retraçant sa rééducation pour se remettre de ses blessures après l’attentat devant le Petit Cambodge, . « Je dois rattraper le train du haut-niveau que j’ai vu s’échapper, disait-il au Parisien. Pour moi, comme pour Alice (NDLR : sa soeur acrobate touchée elle aussi par les balles), le plus beau reste à venir. » Ce jeudi, le rugbyman qui évoluait au club italien de Mogliano, a finalement annoncé qu’il renonçait à jouer au rugby. A 28 ans, le demi d’ouverture passé par le Stade Français et Massy, a publié . «Le rugby a sauvé ma vie, l’idée de rejouer a sauvé ma vie» Pour expliquer sa décision, Aristide Barraud confie qu’il a « rencontré tous les jours des douleurs » qu’il n’aurait « jamais imaginées ». Il raconte comment son corps meurtri par ses blessures ne pouvait plus accepter les exigences du rugby professionnel et qu’il ne voulait pas prendre le risque de « mourir sur le terrain, devant mes amis et ceux qui m’aiment ». Il ajoute encore : « Je me suis battu de toutes mes forces et je suis vivant, cassé, détruit, mais encore debout fermement sur mes jambes. Le rugby a sauvé ma vie, l’idée de rejouer a sauvé ma vie. Il m’a également tenu à l’écart du cauchemar de la folie. Mais, maintenant, je dois écouter ce que mon corps me dit depuis un certain temps. Je suis arrivé à la limite et je ne veux pas aller au-delà. » Malgré tout, Aristide Barraud espère, à l’avenir, rester dans le milieu du rugby « parce que ce sport est ma vie ». Et il n’oubliera jamais ce que l’Italie lui a donné au cours des quatre années qu’il y a passées. « J’ai construit des amitiés qui dureront pour la vie, souligne-t-il. Et une partie de moi restera à jamais italienne. » "}