{"title": "Attentat déjoué : sites policiers et parc d'attraction visés ", "newspaper": "leparisien", "author": "Le Parisien", "date_publi": "23/11/2016", "theme": "Faits divers", "content": " a livré une liste de cibles d'attentats potentielles aux enquêteurs, révèle . Parmi les objectifs de cette cellule terroriste dormante : un haut lieu de la police (il s'agirait du siège de la police judiciaire au 36, quai des Orfèvres ou le siège de la DGSI, Direction générale de la sécurité intérieure, à Levallois-Perret dans les Hauts-de-Seine), mais aussi un parc d'attraction et un lieu de culte. \r\nLors des perquisitions effectuées chez les suspects, les enquêteurs auraient découvert une liste de cibles potentielles parmi lesquelles un parc d'attraction. «Dans le contenu des ordinateurs des suspects retrouvés à leur domicile, les enquêteurs ont retrouvé des recherches internet portant sur une dizaine d'adresses dont un site policier à Paris», . Quatre Français ont été interpellés à Strasbourg. Parmi eux : Yassine B., 37 ans, fonctionnaire dans une école primaire du quartier de la Meinau (Strasbourg). Les policiers ont découvert, à son domicile, trois pistolets automatiques et plusieurs chargeurs de 9 millimètres. L'homme était également en possession de plusieurs téléphones et cartes SIM ainsi que d'un code pour la messagerie cryptée Telegram.   De la propagande djihadiste à l'orthographe incertaine \r\nProfitant des vacances scolaires en 2015, Yassine B. avait rejoint la Syrie en compagnie de Sami B., 36 ans, Zakaria M., 35 ans et Hicham M., 37 ans. Au domicile de ce dernier, les enquêteurs ont découvert des textes de menaces bourrés de fautes d'orthographe, révèle encore iTELE.  \r\n Attentat déjoué > Les policiers ont découvert des écrits menaçants, souvent remplis de fautes (info )\r\n>>\r\n— iTELE (@itele) \r\nÀ Marseille, trois autres hommes ont été interpellés au même moment que les suspects strasbourgeois. Hicham E., un Marocain de 46 ans résidant au Portugal, surveillé par les services locaux après de nombreux voyages suspects en Europe et signalé aux autorités françaises comme radicalisé. Il est soupçonné d'avoir collecté des fonds pour le réseau. \r\nUn Afghan qui devait héberger Hicham E. et un troisième homme «en lien avec la problématique de l'hébergement» du Marocain sont également en garde à vue. Le message du patron de la DGSI à ses troupes \r\nLundi, à la suite des interpellations strasbourgeoises et marseillaises, , révèle . Après avoir salué leur travail, il prévient : «Le niveau de la menace est tel que nous ne pouvons en au cas nous reposer sur nos acquis (...) Inutile de se le cacher : le défi est immense et nous devons encore redoubler de vigilance». Le directeur générale de la sécurité intérieure évoque une «période sombre» au cours de laquelle «nos ennemis ne reculeront devant rien pour tenter de nous terroriser. Ils nous trouveront toujours sur leur chemin pour empêcher leurs noirs desseins».   "}