{"title": "A Saint-Etienne-du-Rouvray, le temps de la renaissance", "newspaper": "leparisien", "author": "Vincent Mongaillard", "date_publi": "02/10/2016", "theme": "Société", "content": " Pour la première fois depuis soixante-huit jours, le portail de l'église Saint-Etienne à Saint-Etienne-du-Rouvray (Seine-Maritime) va s'ouvrir en grand cet après-midi. Une messe solennelle à laquelle participeront près de 300 fidèles invités par la paroisse y sera célébrée à 15 h 30, à l'issue d'une procession qui démarrera devant le presbytère. La dernière qui a été dite dans cette nef de la banlieue rouennaise s'est achevée dans le sang le mardi 26 juillet au matin, au pied de l'autel. . Un attentat inédit sur notre territoire qui a bouleversé toute une République et ému la planète. Le dimanche suivant le drame, des milliers de musulmans ont rejoint les bancs de nombreuses églises de l'Hexagone lors de l'office. Que reste-t-il de cet élan national de fraternité ?\r\nLa polémique estivale sur le burkini a rappelé sa fragilité. Les menaces de fracture sont réelles, les divisions déjà perceptibles ici ou là. Mais pour Abdallah Zekri, vice-président du Conseil français du culte musulman (CFCM), « le soufflet n'est pas retombé ». « Plus que jamais il y a des échanges afin de maintenir le vivre-ensemble. Bien sûr, la blessure demeure ouverte, mais elle touche tout le monde, les chrétiens comme les musulmans », observe-t-il.\r\nLe traumatisme engendré par cet assassinat au coeur d'une « maison de Dieu » reste vif dans notre pays, en particulier à Saint-Etienne-du-Rouvray, qui cherche, coûte que coûte, à faire perdurer sa cohésion. Le président de la mosquée de la ville prendra part aujourd'hui à la « messe de réparation ». A l'extérieur, face à l'écran géant retransmettant l'événement, beaucoup d'ambassadeurs de l'islam devraient se joindre à la foule, répondant ainsi à l'appel lancé lors de la prière de vendredi par l'imam.\r\nLe père Auguste Moanda, curé de la cité ouvrière, salue l'initiative. A ses yeux, cette cérémonie religieuse « est comme un nouveau départ », « une façon de faire le deuil ». « Je suis de ceux qui pensaient que les scènes fortes d'amitié au lendemain de l'assassinat n'étaient pas de façade. Le temps commence à me donner raison. Je vois que des rencontres interreligieuses essaient de se mettre en place. Moi-même, j'ai partagé des moments de discussion avec les jeunes de la mosquée alors qu'avant c'était plutôt avec les aînés », confie l'abbé, qui a « reçu beaucoup de courriers de solidarité de musulmans habitant loin d'ici ».\r\nIl ne « compte pas en rester là ». Il souhaite travailler main dans la main à « l'encadrement de la jeunesse » susceptible de se radicaliser. « Elle a besoin d'une attention particulière. Avec mes frères musulmans, on va construire ensemble », s'engage-t-il. EN SAVOIR PLUS\r\n>>>>   VIDEO. Prêtre égorgé. Emouvant hommage à Saint-Etienne-du-Rouvray "}