{"title": "Bruxelles : libération des trois personnes arrêtées dans une opération antiterroriste", "newspaper": "leparisien", "author": "Victor Fortunato (@vfortunato1)", "date_publi": "15/01/2017", "theme": "Attentats à Paris", "content": " La police belge a libéré trois personnes arrêtées samedi soir , annonce l'agence de presse belge Belga. Les enquêteurs avaient effectué quatre descentes  et n'avaient découvert ni arme, ni explosif, mais avaient arrêté trois personnes interrogées au cours de la nuit, indique la porte-parole du parquet de Bruxelles, Ine Van Wymeersch, citée par Belga. Selon les informations du, les enquêteurs étaient à la recherche d'armes. L'opération a débuté à 19 heures et s'est terminée deux heures plus tard. Terrorisme: perquisitions en cours à Molenbeek \r\n— DH.be (@ladh)    De nombreux djihadistes originaires de Molenbeek Plusieurs des djihadistes ayant pris part  (130 morts) et à (32 morts, tués par des kamikazes à l'aéroport et dans le métro), revendiqués par Daech,. VIDEO. Bruxelles : opération antiterroriste à Molenbeek (Ruptly tv) Depuis ces tueries, les autorités ont renforcé les mesures de sécurité et multiplié les opérations et descentes de police, à mesure que se poursuivaient les enquêtes sur le sujet. Selon Belga, les descentes à Molenbeek ont eu lieu tard dans la soirée, avec des policiers armés qui sécurisaient le périmètre durant l'opération. , s'était caché à Molenbeek après le carnage .  "}