{"title": "Meaux : le prévenu suspecté de terrorisme tourne le dos au tribunal", "newspaper": "leparisien", "author": "Guénaèle Calant", "date_publi": "04/01/2017", "theme": "Chauconin-Neufmontiers", "content": "« Aujourd’hui ou la prochaine fois, sachez que je ne reconnais pas votre tribunal et la justice de la république », a lâché le prévenu, du fond du box, avant de tourner le dos aux juges. C’était ce mercredi, dans la petite salle d’audience du tribunal correctionnel de Meaux.La présidente lui avait demandé s’il souhaitait un délai pour sa défense, comme la loi l’autorise dans le cas d’une comparution immédiate. « Plus tard », a concédé à répondre ce jeune homme de 23 ans, qui devait être jugé pour avoir bousculé un surveillant pénitentiaire de la prison de Meaux-Chauconin, où il est incarcéré, le 22 décembre.Un important dispositif de police avait été mis en place dans le palais de justice : des fonctionnaires en civil mais aussi des policiers en tenue du commissariat de Meaux ou encore de la Compagnie départementale d’intervention, dont certains étaient entièrement cagoulés.Si l’audience a mobilisé un tel dispositif, c’est en raison de la personnalité de ce jeune homme, incarcéré depuis octobre 2015 et classé comme détenu particulièrement surveillé. Il doit en effet être jugé en mars par le tribunal correctionnel de Paris pour une affaire de terrorisme.Le parquet a requis son maintien en détention, en attendant la prochaine audience, qui sera jugée le 14 février. Pour prendre leur décision, les juges n’ont pu s’appuyer sur aucun élément, puisque le prévenu a refusé de s’exprimer devant les policiers en garde à vue et devant l’enquêteur de personnalité de l’association Horizon. Il a même refusé l’assistance d’un avocat. "}