{"title": "Paris : l'assistant parlementaire d'un sénateur soupçonné d'apologie du terrorisme", "newspaper": "leparisien", "author": "Le Parisien", "date_publi": "21/02/2017", "theme": "Faits divers", "content": " Une enquête a été ouverte par le parquet de Paris visant l'attaché parlementaire d'un sénateur socialiste soupçonné d'apologie du terrorisme sur sa page Facebook. Une militante associative, alertée par les messages de propagande djihadiste postés par le collaborateur, avait fait un signalement aux autorités, conduisant, le 25 janvier, à l'ouverture de cette enquête préliminaire, d'après une source proche du dossier. Les investigations ont été confiées à la Brigade de répression de la délinquance contre la personne (BRDP). Selon Le Canard enchaîné, qui a révélé l'affaire, la page Facebook du jeune homme contenait notamment des appels au djihad et des images d'égorgements. Elle aurait été un temps retirée avant de réapparaître en langue arabe, d'après l'hebdomadaire. Sollicité par l'AFP, le sénateur a confirmé l'enquête visant l'attaché parlementaire, sans plus de précisions. "}