{"title": "JO : huit Brésiliens condamnés pour «promotion d'actes terroristes»", "newspaper": "leparisien", "author": "Le Parisien", "date_publi": "05/05/2017", "theme": "Faits divers", "content": " De cinq à quinze ans de prison. La justice brésilienne a condamné jeudi à de lourdes peines huit personnes reconnues coupables de «promotion d'actes terroristes» du groupe jihadiste État islamique et d'avoir envisagé des attaques pendant les jeux Olympiques de 2016.\r\nIl s'agit des premières condamnations dans le cadre de la nouvelle loi antiterroriste promulguée en mars 2016 par la présidente de l'époque, Dilma Rousseff, en vue des JO de Rio de Janeiro. Les peines vont de cinq à 15 ans de prison ferme, a indiqué le tribunal de Curitiba (sud), où l'affaire a été jugée. Les condamnés, âgés de 19 à 33 ans, peuvent faire appel.\r\nIls étaient écroués depuis juillet, après un coup de filet de la police qui s'inscrivait dans le cadre de l'«Opération Hashtag», dont l'objectif était de garantir la sécurité des JO de Rio. Selon la décision du juge Marcos Josegrei da Silva, la promotion «d'actes terroristes» se faisait à travers des réseaux sociaux, sur lesquels ces personnes partageaient des contenus jihadistes et communiquaient entre elles à travers des groupes fermés, du 17 mars au 21 juillet 2016.\r\nLe groupe aurait «discuté de cibles potentielles au Brésil - des étrangers pendant les jeux Olympiques, des homosexuels, des musulmans chiites ou des juifs - et d'indications pour la fabrication de bombes artisanales, l'usage d'armes blanches et l'acquisition d'armes à feu», a-t-il souligné.Aucune preuve de lien directCes personnes «exaltaient et célébraient des actes terroristes déjà perpétrés dans le monde entier, publiant des vidéos de photos d'exécutions publiques de l'État islamique et des instructions pour prêter serment au leader du groupe», a expliqué le juge.Dans des conversations à travers l'application Telegram interceptées par la police, les membres du groupe «manifestaient l'idée qu'ils devaient sortir du plan virtuel pour commencer à agir dans la pratique», et de «profiter des jeux Olympiques», avait expliqué en septembre le procureur Rafael Brum.\r\n«S'il s'agit seulement de parler du sujet et de continuer à publier des photos de décapitations, comme dans le groupe Whatsapp, sans l'intention de réaliser cela de nos propres mains, dans ce cas, dites-le moi, parce que je pars», aurait dit un des participants, selon le procureur.\r\nAucune preuve de l'existence d'un projet concret ou de liens effectifs avec l'EI n'a été trouvée et par conséquent les membres du groupe n'ont pas été poursuivis pour des «actes préparatoires de terrorisme», a-t-il poursuivi. En revanche, «les thèses selon lesquelles les messages et les conversations n'étaient rien d'autre que l'expression d'une curiosité religieuses, de simples fanfaronnades ou des blagues» n'ont pas été retenues.\r\nLes jeux Olympiques de Rio se sont déroulés du 5 au 21 août sans incidents majeurs. 85.000 policiers et militaires avaient été mobilisés pour assurer leur sécurité. "}