{"title": "Créteil : l’université rend hommage à son étudiante tuée dans l’attentat en Colombie", "newspaper": "leparisien", "author": "Lisa François", "date_publi": "19/06/2017", "theme": "Val-de-Marne", "content": " Des fleurs, un cahier pour y déposer des mots, et la photo de Julie. Un mémorial est installé depuis ce lundi midi en hommage à  Julie Huynh avait 23 ans et était étudiante à l’Université Paris Est Créteil (Upec), en master politiques publiques parcours action humanitaire internationale. La jeune femme originaire de Parigné-l’Evêque, près du Mans dans la Sarthe, effectuait un stage pour l’ONG « Projeter sans frontières » qui lutte contre la pauvreté. Elle était engagée auprès des victimes des conflits armés et leur venait en aide selon le journal local « El Espectador ». En ce lundi caniculaire, tristesse et deuil se font sentir à l’Upec, en partie déserte. Les couloirs sont calmes, les examens sont passés et les étudiants sont peu nombreux, souvent en stage. Le mémorial est à l’initiative de la faculté. A l’entrée du bâtiment T du campus central, chacun peut venir s’y recueillir. Une cellule psychologique a été mise en place. Même âge et même université, les étudiants s’identifient facilement à la victime. La volonté est de leur donner la possibilité de s’exprimer pour ceux qui en ressentent le besoin. La faculté communique également sur les réseaux sociaux. Ses camarades partis en stage aussi n’ont pas la possibilité de s’exprimer sur place. Agathe*, une étudiante dans le même master mais dans un autre parcours a « vu une grande mobilisation sur les réseaux. Moi je l’ai appris de là. Ses amis postent beaucoup de messages. » Les soutiens et expressions de condoléances sur sa page Facebook sont nombreux. Un hommage aura lieu jeudi, avec une minute de silence. L’Upec n’appelle cependant pas au rassemblement, qui est interdit pendant la période de vigilance attentat.* Le prénom a été changé. "}