{"title": "EN IMAGES. Attentat de Londres : funérailles nationales pour le policier mort en héros", "newspaper": "leparisien", "author": "Robin Korda", "date_publi": "10/04/2017", "theme": "Faits divers", "content": " Désarmé, il avait été poignardé à mort le 22 mars en se mettant sur le chemin de Khalid Masood, terroriste déterminé à pénétrer dans le Parlement britannique. Des milliers d'officiers de police se sont réunis à Londres ce lundi pour les funérailles, à 15 heures (heure française), de . Today is the funeral of our brave colleague PC Keith Palmer. We will never forget him. Or the sacrifice he made. \r\n— Met Police Fed (@MPFed)  Cet homme de 48 ans, marié et père d'une fille de 5 ans, a eu droit à tous les honneurs. Il a pu reposer, dimanche, au sein de la chapelle du palais de Westminster, comme le rapporte le . Ce privilège, normalement réservé aux dirigeants, a notamment été accordé à l'ancienne Première ministre Margaret Thatcher. Il a été expressément autorisé par la reine Elizabeth II. Recouvert du drapeau de la police, son cercueil a été amené sous escorte policière dans la chapelle St Mary Undercroft. Un service privé a eu lieu pour les proches de la victime, puis une garde d'honneur a pris place pour la durée de la nuit, avec une rotation toutes les heures de deux policiers. Ce lundi, le cercueil a quitté sous escorte Westminster pour rejoindre la cathédrale de Southwark, sous les yeux des milliers d'officiers de police jalonnant le parcours de la procession. > A LIRE AUSSI.  Qualifié de «héros» par la Première ministre, Theresa May, Keith Palmer «était un père et un mari merveilleux, a notamment écrit sa famille. Un fils, un frère et un oncle aimant (...). L'ami de quiconque le connaissait.» D'anciens collègues ont également loué les qualités du policier. «Il était drôle, toujours souriant, il se souciait des autres», a témoigné auprès de  une policière dont Keith Palmer avait «sauvé la vie» lors d'un accident de voiture, en service. «Il était vraiment impliqué dans ce qu'il faisait, notamment dans son travail», a-t-elle ajouté, vantant un homme «extraordinaire». «J'ai tout de suite su que c'était lui» Un autre collègue a lui aussi tenu à faire part au  de son admiration pour celui qui était «fondamentalement une bonne personne» sur qui «personne n'avait quoi que ce soit à redire». «Quand j'ai appris ce qui s'était passé, j'ai tout de suite su que c'était lui (la victime, ndlr) car il était ce genre de type, celui qui fonce quand d'autres penseraient plutôt à reculer», a-t-il affirmé. Autre témoin des valeurs dont faisait preuve Keith Palmer au travail, James Cleverly, député conservateur, l'avait lui rencontré au sein de l'armée. «C'était un fonctionnaire solide, professionnel, que j'avais été enchanté de rencontrer à nouveau ici», avait-il d'abord expliqué au Parlement. Sur Twitter, il a rendu hommage à cet «homme charmant et ami», se disant «effondré». I've known Keith for 25 years. We served together in the Royal Artillery before he became a copper. A lovely man, a friend. I'm heartbroken. \r\n— James Cleverly MP (@JamesCleverly)  Relayé dans la presse, le portrait de Keith Palmer a ému des milliers de Britanniques, au point que  pour aider sa famille a récolté plus de 850 000 euros (736 000 livres), trois fois plus que l'objectif affiché. Quasiment 35 000 personnes ont participé. Plus anecdotique, l'équipe de football de FC Charlston, dont le policier était fan, a donné la moitié des recettes d'un match à la famille Palmer. Ce jour-là, les joueurs portaient un t-shirt brodé du nom de leur supporteur décédé.  Une cinquième victimeFin mars, Khalid Masood, un Britanniqque de 52 ans converti à l'islam et connu des services de police, avait fauché des piétons avec sa voiture sur le pont de Westminster, avant d'escaler les grilles du palais du même nom, de poignarder Keith Palmer et d'être abattu. Vendredi, une cinquième victime de cet attentat est décédée. Au total, Leslie Rodhes, un laveur de carreaux à la retraite de 75 ans, Aysha Frade, employée administrative dans une école âgée de 44 ans, Kurt Cochran, un touriste américain de 54 ans et Andreea Cristea, une Roumaine de 31 ans ont été tués par la voiture de Khalid Masood. "}