{"title": "Attentat de Londres : les dirigeants du monde apportent leur soutien aux Britanniques", "newspaper": "leparisien", "author": "Julien Muller (@Julien__Mlr)", "date_publi": "04/06/2017", "theme": "International", "content": " Sur Twitter ou par communiqués, les messages de soutien des dirigeants du monde entier ont afflué vers le Royaume-Uni quelques heures après l'attentat meurtrier qui a frappé Londres samedi soir. Dans un premier temps, dans la nuit de samedi à dimanche, Theresa May, la Première ministre britannique a évoqué «un terrible événement (...) traité comme un possible acte terroriste».  De l'autre côté de l'Atlantique, le président Donald Trump a tweeté : «Quoi que les Etats-Unis puissent faire pour apporter leur aide à Londres et au Royaume-Uni, nous serons là. Nous sommes avec vous. Que Dieu vous bénisse». Juste avant ce tweet,  et mettre la pression sur les juges qui bloquent son décret anti-immigration. Il a ainsi écrit que les Etats-Unis avaient «besoin d'être intelligent, vigilants et durs. Nous avons besoin que la justice nous rende nos droits. Nous avons besoin du \"travel ban\" pour une meilleure sécurité», a-t-il lâché. We need to be smart, vigilant and tough. We need the courts to give us back our rights. We need the Travel Ban as an extra level of safety!\n\n                            \r\n— Donald J. Trump (@realDonaldTrump)  Whatever the United States can do to help out in London and the U. K., we will be there - WE ARE WITH YOU. GOD BLESS!\r\n— Donald J. Trump (@realDonaldTrump) \r\nToujours aux Etats-Unis, le département d'Etat américain a dénoncé «des attaques lâches contre des civils innocents». «Tous les Américains se tiennent solidaires avec le peuple du Royaume-Uni». Justin Trudeau, Premier ministre canadien, parle de «terribles nouvelles de Londres», avant de relayer un numéro d'urgence pour «les Canadiens qui ont besoin d'aide». Terribles nouvelles de Londres. Nous surveillons la situation de près. Les Canadiens qui ont besoin d’aide peuvent consulter ce qui suit : \r\n— Justin Trudeau (@JustinTrudeau) \r\nPeu avant 3 heures, le président de la République, Emmanuel Macron a affirmé que «la France est plus que jamais aux côtés du Royaume-Uni».Face à cette nouvelle tragédie, la France est plus que jamais aux côtés du Royaume-Uni. Mes pensées vont aux victimes et à leurs proches.\r\n— Emmanuel Macron (@EmmanuelMacron) \r\nCe dimanche matin, le Premier ministre, Edouard Philippe, a exprimé sa «solidarité», sa «tristesse» et son «inquiétude», avant d'affirmer sa «détermination à lutter» contre le terrorisme.\r\n Tristesse et inquiétude pour les victimes. Solidarité avec nos amis britanniques et détermination à lutter, avec eux, contre le terrorisme.\r\n— Edouard Philippe (@EPhilippePM) \r\nLe président de la Commission européenne, Jean-Claude Juncker a réagi dès 0h30 : «Je suis avec horreur les derniers événements de Londres. Pensées et prières sont avec les victimes et leurs familles». Following latest  incidents with horror. Thoughts and prayers are with the victims and their families. Please stay safe.\r\n— Jean-Claude Juncker (@JunckerEU)  Ce dimanche matin, le président russe Vladimir Poutine a exprimé «ses profondes condoléances au peuple britannique et condamné l'attentat terroriste commis à Londres il y a quelques heures». «Nous sommes aujourd'hui liés au delà de toutes les frontières par l'effroi et le deuil mais aussi par la détermination», a également réagi la chancelière allemande Angela Merkel.  "}