{"title": "Un soldat allemand soupçonné de préparer un attentat arrêté ", "newspaper": "leparisien", "author": "Le Parisien", "date_publi": "27/04/2017", "theme": "Faits divers", "content": " Un soldat de l'armée allemande a été arrêté par la police qui le soupçonne d'avoir projeté un attentat visant peut-être des étrangers, a indiqué jeudi le parquet. Il a été interpellé mercredi, pendant un entraînement sur une base située à Hammelburg, en Bavière, en même temps qu'un étudiant allemand de 24 ans, soupçonné d'avoir été «impliqué dans les possibles préparatifs d'attentat», a précisé le parquet dans un communiqué. \r\nLe suspect principal est un lieutenant de 28 ans de la Bundeswehr. Il était stationné à Ilkrich, dans la banlieue de Strasbourg (Bas-Rhin), où se situe une importante base militaire franco-allemande. Les enquêteurs n'ont pas donné à ce stade d'informations précises sur les cibles potentielles de l'attentat. Le parquet a parlé des convictions «xénophobes du soldat de la Bundeswehr», pouvant laisser penser à un acte contre des étrangers. Mais la presse allemande évoque aussi la possibilité qu'il ait voulu avoir une autre cible puis faire porter le chapeau aux réfugiés. En effet, le suspect se faisait passer pour un réfugié syrien.\r\nEnregistré comme demandeur d'asile syrien alors qu'il ne parle pas arabe\r\nL'homme a été repéré fin janvier à l'aéroport de Vienne en Autriche, alors qu'il venait récupérer dans les canalisations des toilettes un revolver pour lequel il n'avait pas de permis. En s'intéressant à lui, les enquêteurs ont découvert qu'il avait réussi à se faire enregistrer en décembre 2015 dans son pays comme demandeur d'asile syrien, alors qu'il ne parle pas arabe. Selon le quotidien , l'homme avait dissimulé sa nationalité allemande et s'était contenté de parler français.\r\nSa demande avait été approuvée en janvier 2016, ce qui lui a permis de bénéficier d'un logement et d'aides sociales. Manifestement, il a réussi pendant tout ce temps à faire des navettes entre sa caserne en France et son foyer de migrants en Hesse, dans le centre l'Allemagne, sans se faire repérer. «Il a mené tout cela en parallèle, une sorte de double vie», a indiqué à la presse une porte-parole du parquet, Nadja Niesen, «je n'ai pas connaissance qu'une pareille affaire se soit jamais produite». Un «raciste» qui voulait jeter le «discrédit» sur les immigrés\r\nLe fait qu'il évolue sous une fausse identité et les éléments découverts sur ses «convictions xénophobes» permettent de soupçonner «qu'il a planifié un attentat», a encore indiqué le parquet de Francfort. «Nous savons, à partir de messages vocaux enregistrés, que les deux suspects étaient racistes», a souligné Nadja Niesen.\r\n​​​​​​​Le Die Welt indique que le soldat a pu chercher à commettre un attentat avec l'arme retrouvée à Vienne, sur laquelle il aurait laissé ses empreintes, afin de mener les enquêteurs sur la piste du réfugié pour lequel il s'était fait passer. Le but était, toujours selon le journal, de jeter le «discrédit» sur les immigrés.   "}