{"title": "Après le 13 Novembre : un pays sous état d'urgence", "newspaper": "leparisien", "author": "Jerôme Sage", "date_publi": "13/11/2016", "theme": "Faits divers", "content": "La France s'est parée de bleu et de kaki. Le bleu des policiers et gendarmes, le kaki des militaires de l'opération Sentinelle. Un pays qui s'habitue presque aux mesures d'exception, aux hommes patrouillant armes de guerre en bandoulière. La partie la plus visible de cet iceberg sécuritaire, ce sont les militaires de l'opération Sentinelle, 10 000 soldats et réservistes déployés sur le territoire dont plus de la moitié en Ile-de-France, pour « dissuader et protéger ». Dans les gares et les aéroports, à proximité des édifices publics, jusque sur les plages durant l'été, les camouflages, bérets et Famas sur gilet pare-balles font désormais partie du paysage quotidien. Les policiers ont, en outre, été autorisés à porter leur arme en permanence. Hors ce déploiement volontairement visible, la loi du 20 novembre 2015 a offert aux enquêteurs et aux services de voie publique un arsenal censé faciliter le travail contre cette menace invisible. Ainsi s'est ouverte la possibilité de prononcer, à l'initiative du ministère de l'Intérieur et de ses préfets, des assignations à résidence avec pointage au commissariat, éventuellement assorties d'une surveillance électronique. Des mesures administratives, en temps normal soumises à l'appréciation d'un juge, dans le cadre étroit d'une procédure pénale. De même, les désormais très contestées « perquisitions administratives », sans cadre judiciaire, permettent les fouilles physiques et électroniques dans un but de renseignement. Bernard Cazeneuve a récemment tiré un bilan quantitatif de ces mesures : plus de 4 000 perquisitions administratives menées, 95 assignations à résidence toujours en vigueur. Près de 600 armes à feu « dont 77 armes de guerre », ont été saisies a précisé le ministre. « Près de 500 arrestations, qui ont donné lieu à 426 gardes à vue », a aussi annoncé Bernard Cazeneudocve lors d'une réunion des préfets et des procureurs, sans préciser le nombre de ces gardes à vue qui ont abouti à des suites judiciaires. De même, 54 sites Internet ont été bloqués pour apologie du terrorisme, une vingtaine de mosquées et de salles de prière fermées, 80 arrêtés d'expulsion d'individus étrangers « liés à la mouvance djihadiste » pris, 430 interdictions de sortie du territoire pour endiguer les départs vers les zones de guerre prononcées... Un arsenal, juge Françoise Dumont, présidente de la Ligue des droits de l'homme (LDH), qui a « marginalisé le juge judiciaire, banalise à la longue un régime d'exception, et qui risque d'être dévoyé, comme quand on voit des manifestants de la COP21 assignés à résidence... ». 2016, année d'un changement de doctrine en matière d'intervention sur les scènes d'attentats La Commission nationale consultative des droits de l'homme (CNCDH), elle, a rendu un avis sévère, notant après les deux premiers mois la piètre efficacité de « 3 284 perquisitions administratives, 392 assignations à résidence », qui ont accouché de « seulement 6 saisines du parquet antiterroriste ». Cette année a été aussi l'occasion d'un changement de doctrine en matière d'intervention sur les scènes d'attentats et de tueries de masse. Ainsi, un schéma national d'intervention a-t-il vu le jour en avril, partant du constat que « le facteur temps est devenu l'élément déterminant pour limiter au maximum le nombre des victimes ». Il préconise en cas d'attaques terroristes une « procédure d'urgence absolue ». Celle-ci casse les zones de compétence de la préfecture de police de Paris, de la police et de la gendarmerie, afin de pouvoir saisir les unités les plus appropriées sous un commandement unifié, depuis les patrouilles de police et de gendarmerie jusqu'aux unités d'intervention spécialisée (Raid, GIGN, GIPN, BRI), en passant par les unités d'intervention intermédiaire (les BAC côté police, les PSIG-Sabre côté gendarmerie, récemment dotées de fusils d'assaut). Le ministère a par ailleurs renforcé le maillage territorial des unités spécialisées, avec la création d'antennes du Raid à Toulouse, Montpellier et prochainement Nancy, ainsi que du GIGN à Nantes, Tours et Reims depuis avril. Plus efficaces, plus armés, y compris juridiquement, les services de sécurité entendent avoir tiré les leçons du 13 Novembre. Quant aux Français, ils sont majoritairement rassurés par ce déploiement très visible, qui confirme que le pays reste une cible prioritaire des terroristes et que la menace demeure intacte. QUESTION DU JOUR.  EN SAVOIR PLUS.    "}