{"title": "Terrorisme : Salah Abdeslam bientôt jugé en Belgique", "newspaper": "leparisien", "author": "Julien Balboni à Bruxelles (Belgique)", "date_publi": "16/04/2017", "theme": "Faits divers", "content": " Salah Abdeslam, l'un des terroristes des commandos du 13 novembre 2015 à Paris, affrontera son premier procès en Belgique. Il va y être jugé avant la fin de l'année pour , pendant sa cavale. L'enquête sur cette fusillade de la rue du Dries, à Forest (Belgique), est en passe d'être achevée, a-t-on appris de source judiciaire belge. Les deux principaux prévenus, Salah Abdeslam et son complice tunisien , pourraient être renvoyés pour tentative de meurtre, dans un contexte terroriste, sur des policiers. Il s'agirait du premier procès d'Abdeslam pour son rôle dans la cellule djihadiste à l'origine des attentats de Paris et de Bruxelles. L'élément déclencheur des attentats de Bruxelles Les événements du 60 de la rue du Dries, un bâtiment d'un quartier résidentiel de Bruxelles, sont considérés comme l'élément déclencheur . Le 15 mars 2016, en matinée, six policiers belges et français, membres de l'équipe commune d'enquête sur les attentats du 13 Novembre à Paris, viennent perquisitionner ce qu'ils soupçonnent être une ancienne planque du réseau djihadiste. Au moment où ils ouvrent la porte d'un logement qu'ils pensent abandonné, ils sont accueillis par des rafales de kalachnikov. L'échange de tirs fait deux blessés légers côté policiers et provoque la blessure du djihadiste , que les enquêteurs pistaient depuis des mois pour son rôle d'important logisticien du 13 Novembre. Agonisant, Belkaïd couvre la fuite de ses complices. Ils se réfugieront ensuite chez un cousin de Salah Abdeslam et resteront planqués trois jours à Molenbeek avant leur arrestation, le 18 mars, par la police belge. Quatre jours plus tard, d'autres membres de cette cellule se faisaient exploser à l'aéroport et dans le métro bruxellois. Un prévenu sans avocat et qui refuse de s'exprimerSelon nos informations, l'ADN de Sofien Ayari a été trouvé sur un kalachnikov abandonné dans un jardinet, qui a servi à tirer sur les policiers à Forest. Ce Tunisien s'est vu, cette semaine, notifier un mandat européen décerné par un juge français pour son rôle présumé dans les attentats de Paris. Il nie avoir tiré, a-t-on appris de source judiciaire. Ni le parquet fédéral belge ni ses avocats ne font de commentaires. Le futur procès bruxellois de la fusillade s'accompagne de nombreuses questions. Salah Abdeslam, détenu à Fleury-Mérogis, acceptera-t-il d'y assister,  et ne répond plus aux enquêteurs et aux magistrats depuis des mois ? D'autre part, les membres du groupe à l'origine des attentats de Paris et Bruxelles pourront-ils faire l'objet de plusieurs procès alors que tous les actes commis semblent relever d'une même intention ? Un point de droit qui reste à éclaircir.  "}