{"title": "Royaume-Uni : un néo-nazi condamné à cinq ans de prison pour appel au meurtre", "newspaper": "leparisien", "author": "Le Parisien", "date_publi": "23/02/2017", "theme": "Faits divers", "content": " Un suprémaciste blanc, obsédé par Adolf Hitler, a été condamné ce jeudi à cinq ans de prison par le tribunal britannique de Kingston (près de Londres), pour avoir appelé sur les réseaux sociaux à assassiner des juifs et des musulmans. Sean Creighton, 45 ans, a notamment posté sur Internet une image de Hitler avec un mot encourageant à «tuer les musulmans».   Racist 'bigot' who called Hitler 'God' is jailed for five years for posting hundreds of extremist messages online \r\n— Daily Mail U.K. (@DailyMailUK)   Un autre message affiche un svastika, symbole adopté par les nazis, et dit aux juifs de se «préparer à mourir». La police anti-terroriste a arrêté le Londonien après avoir intercepté une photo le montrant en train de poser devant un drapeau nazi avec un fusil mitrailleur à la main. Une égale fermeté affichée envers Daech et des néonazis «Nous sommes déterminés à arrêter et poursuivre en justice les extrémistes de l'extrême droite (...) de la même manière que ceux qui soutiennent et font la promotion du groupe État islamique», a commenté Dean Haydon, le patron de l'unité anti-terroriste de Scotland Yard. «Sean Creighton, qui était en contact avec des groupuscules néonazis comme Combat 18 ou National Action», a expliqué aux policiers que Hitler était son «dieu». Sur son compte Twitter les policiers invitent d'ailleurs les Britanniques à signaler, anonymement, «toute propagande extrémiste ou terroriste» :   You can make a real difference. If you see extremist & terrorist propaganda online report it anonymously here ==>\r\n— Terrorism Police UK (@TerrorismPolice)    "}