{"title": "Préfecture et villes s'allient contre la radicalisation", "newspaper": "leparisien", "author": "V.M.", "date_publi": "30/01/2017", "theme": "Hauts-de-Seine", "content": " Les trente-six communes du département s'engagent au côté de la préfecture pour lutter plus activement contre la radicalisation. Les mairies ont désigné deux référents « prévention de la radicalisation », qui deviennent les interlocuteurs de la préfecture. Avec Jacques Gautier, président des maires du 92, les référents se sont réunis vendredi autour du préfet Pierre Soubelet pour lancer cette coopération « innovante », puisque le département serait le premier à impliquer autant les communes. L'idée, c'est de se tourner vers le réseau communal, et notamment ses travailleurs sociaux, pour le suivi de personnes. « Quand nous repérons des signes inquiétants chez certains jeunes, nous en informons les communes pour leur proposer de les suivre. » Un travail à mener « en finesse », tant auprès des familles que des enseignants. « Il faudra faire du sur-mesure », annonce Jacques Gautier. Le Fichier des signalements pour la prévention de la radicalisation et du terrorisme contient, dans les Hauts-de-Seine, le nom de 900 personnes, dont un peu plus de la moitié sont à surveiller. "}