{"title": "Terrorisme : « La meilleure protection, c'est le renseignement »", "newspaper": "leparisien", "author": "Pascale Egré", "date_publi": "21/12/2016", "theme": "Faits divers", "content": " Face à l'écho de  dans une France meurtrie par deux ans d'attaques terroristes, l'Elysée et Matignon ont mis en avant, mardi, . « Nous faisons depuis des mois le maximum », a déclaré le Premier ministre, Bernard Cazeneuve. Le ministre de l'Intérieur, Bruno Le Roux, a promis une sécurisation accrue des marchés de Noël tout en demandant aux Français de ne pas céder à la peur. A l'heure de Vigipirate et de l'état d'urgence, faut-il pousser plus loin la « protection renforcée » déjà en œuvre ? Face au terrorisme, le rôle de l'Etat est aussi de rassurer, souligne le géopoliticien Dominique Moïsi, conseiller spécial de l'Institut Montaigne et professeur au King's College de Londres et auteur de « la Géopolitique des séries » (en poche dès janvier aux Editions Flammarion).  Peut-on aller toujours plus loin en matière de sécurisation ?Oui, bien sûr, mais le rapport « qualité-prix » en vaut-il la peine ? En matière de protection contre le terrorisme, on le sait, c'est le renseignement qui constitue la protection principale -- l'attentat que l'on déjoue avant qu'il n'ait lieu. Le reste, les contrôles, la présence physique des patrouilles, est important pour rassurer les gens. Ils servent la dimension psychologique de ce jeu entre le terrorisme et l'Etat. Le terrorisme veut que le citoyen ne se sente en sûreté nulle part. Le rôle de l'Etat est de lui signifier : « Vous ne me faites pas peur. Je protège mes citoyens. Et parce que les mailles du filet sont de plus en plus étroites, vous êtes condamnés à disparaître. » Il y a là une épreuve de volonté politique des deux côtés. Annoncer plus de sécurité tout en demandant aux gens de ne pas céder « au climat de peur », n'est-ce pas contradictoire ?Non, car cela envoie ces deux messages : « N'ayez pas peur parce que je vous protège davantage » et « N'ayez pas peur parce qu'avoir peur, c'est perdre la bataille ». C'est donc plutôt complémentaire qu'antinomique. VIDEO. Sur le marché de Noël des Champs-Elysées : «On est à l'abri de rien» Après Nice, Berlin... qu'en pensez-vous ?Le terrorisme vise l'identité spécifique des peuples. Le parallèle entre Nice et Berlin ne réside pas seulement dans le mode opératoire d'un camion devenu arme de guerre, mais aussi dans l'usage du symbole. Nice est attaqué un 14 juillet, jour de fête nationale. Berlin sur un petit marché qui symbolise Noël. C'est vouloir signifier : « Nous sommes là et nous vous empêcherons d'être vous-mêmes. » L'inquiétant, c'est que l'agresseur nous comprend et nous connaît mieux que nous le connaissons. La main qui agit est peut-être celle d'un sous-fifre paumé, le cerveau qui le guide a une très bonne connaissance de notre identité et de nos cultures. Où situez-vous la France, en Europe, en termes de niveau de sécurité ?La France est le plus policier des Etats démocratiques d'Europe : la présence policière y est infiniment plus visible que chez nos voisins. Ceci étant, en dépit des attentats, notre pays n'a pas basculé dans la paranoïa ou dans la guerre civile entre communautés. L'équilibre entre la nécessité de protéger et la nécessité de continuer à vivre ensemble a été, selon moi, maintenu.EN SAVOIR PLUS >>>>>>  "}