{"title": "«L'Allemagne, comme la France, est débordée face aux attaques imprévisibles»", "newspaper": "leparisien", "author": "Propos recueillis par Charles Sapin", "date_publi": "20/12/2016", "theme": "Faits divers", "content": " . Le pays «déjoue chaque semaine des attentats», souligne Jean-Charles Brisard, président du Centre d'analyse du terrorisme et enseignant à l'Institut d'études politiques de Strasbourg.  Quelle est la réalité de la menace terroriste en Allemagne ?L'Allemagne fait partie avec la Belgique et la France du trio de tête des pays les plus menacés par le terrorisme, et ce depuis plusieurs années. Elle est régulièrement visée, notamment par les canaux de la propagande officielle de l'organisation Etat islamique, 800 Allemands ont rejoint les théâtres d'opérations terroristes, cette année seulement.  notamment. L'Allemagne déjoue chaque semaine des attentats. Mais à l'instar de la France, elle est débordée face à des attaques imprévisibles. Pour quelle raison est-elle ciblée ?Le moteur est le même qu'en France. C'est un pays qui mène une lutte sans répit contre l'organisation terroriste Etat islamique. Certains ressortissants allemands, partis combattre en Syrie, sont de retour avec comme projet de commettre des violences. Les autorités allemandes ont récemment interpellé deux d'entre eux. Quand l'organisation Etat islamique planifie des attentats à Paris, elle planifie également des attaques dans d'autres pays de l'Union européenne. Lors de périodes de fêtes comme Noël, la menace est-elle encore accrue ?Ces périodes ont une très importante valeur symbolique, qui assure aux terroristes une très forte exposition médiatique. La menace est dès lors d'autant plus importante. Des arrestations de djihadistes ont eu lieu récemment à Strasbourg et à Marseille. Comment se fait-il que la menace ne baisse pas ?Ces arrestations constituent autant d'attaques déjouées. On compte une trentaine d'attentats évités depuis 2013, 17 cette année, sachant que plus de la moitié l'ont été depuis novembre. Mais, effectivement, la menace ne baisse pas. La propagande de l'Etat islamique s'accélère même et incite ses sympathisants à frapper sur le territoire dont ils sont ressortissants. Les actions militaires contre l'organisation Etat islamique sur la ville de Mossoul constituent un frein certain au recrutement sur place. Il est dès lors commandé aux combattants de fomenter des attaques dans leurs pays. De nombreuses mesures ont été prises en France comme en Allemagne. Que faire de plus ?Il faut les mettre vraiment en oeuvre. Il y a de grandes marges de progression dans la coopération des forces européennes pour le contrôle aux frontières et en termes d'échange d'informations. Beaucoup de terroristes ont pu entrer en Europe en profitant des flux migratoires. La superstructure européenne fait prendre du retard car elle implique pour chaque décision une intervention de la Commission, du Parlement et du Conseil européens. Tout cela prend énormément de temps.  "}