{"title": "Enfants du djihad : «Comme un arbre qu'on a déraciné»", "newspaper": "leparisien", "author": "Propos recueillis par T.B.", "date_publi": "10/12/2016", "theme": "Faits divers", "content": " Psychologueclinicien et psychanalyste, Eric Sandlarz travaille depuis quatorze ans au sein du centre Primo-Levi à Paris (XIe), spécialisé dans le soin et le soutien aux victimes de la torture ainsi que de la violence politique et donc à ce titre aux enfants soldats. Il a récemment assuré une intervention à l'académie du renseignement — l'organe de formation des agents de terrain — sur le retour des jeunes de la zone syro-irakienne. Comment faire pour prendre en charge ces enfants ?Il faut absolument leur offrir un soin psychologique. Les aspects policiers et juridiques, même s'il ne faut pas les exclure par nature, priment trop souvent sur cette dimension curative. Et si on veut aboutir à un résultat, il faut absolument du temps. Enfin, la prise en charge doit être pluridisciplinaire : le soin psychologique doit s'accompagner d'une réinsertion scolaire, professionnelle, médicale et sociale. C'est une vie complète à remettre sur de bons rails. Dans quel cadre intervenir ?Le consentement est indispensable. Le soin repose sur la confiance. Il s'agit de substituer une foi — la religion — à une autre — l'alliance thérapeutique. Il faut également proscrire les regroupements de radicalisés. Le principal moteur des grappes d'enfants soldats, c'est le conformisme imposé par le groupe et son leadeur. Quels sont les objectifs à atteindre ?L'embrigadement djihadiste fait d'un individu un objet au service d'une cause. Il s'agit de permettre à l'enfant sous emprise de repenser en son nom propre. Il faut commencer par lui demander ce qu'il faisait avant de se retrouver aux mains de Daech et arriver à construire un pont entre aujourd'hui et cet avant. L'adolescent radicalisé est comme un arbre qu'on a déraciné. Mais les racines n'ont pas disparu et il faut l'aider à les retrouver. Plus ils sont âgés, plus cela peut prendre du temps. Qu'en est-il des enfants nés sur place ?C'est plus compliqué car on évolue en terrain miné. Leurs racines à eux plongent dans l'horreur et ils n'ont pas d'autres repères. Cela me fait penser au texte de la psychanalyste Anna Freud sur les enfants rescapés du camp de concentration de Terezin (dans l'actuelle République tchèque). Lorsqu'ils ont été pris en charge dans une institution en Grande-Bretagne après la guerre, ils ont commencé par tout détruire. Ils ont recréé l'univers dans lequel ils ont grandi car c'était leur seule référence. Mais les enfants ont des capacités d'adaptation incroyables. On le voit par exemple avec les enfants réfugiés qui apprennent une nouvelle langue en six mois. Vous êtes donc optimiste ?Pas vraiment. Les moyens humains mis au service de ce projet de reconstruction du lien social ne sont pas suffisants. Les échanges entre les différents acteurs de cette offre de soins sont également lacunaires. On est pourtant face à un véritable enjeu de société essentiel. "}