{"title": "VIDEO. Nice : plusieurs projets d'attentats déjoués depuis le 14 juillet", "newspaper": "leparisien", "author": "M.-L.W. avec l'AFP", "date_publi": "28/09/2016", "theme": "Faits divers", "content": "Depuis sur la Promenade des Anglais à Nice (Alpes-Maritimes), plusieurs projets d'attentats ont été déjoués à  Nice et sur la Côté d'Azur. C'est ce que confie le procureur de Nice Jean-Michel Prêtre, dans le magazine diffusé mercredi soir. Le tribunal niçois a ainsi transmis au parquet antiterroriste quatre ou cinq dossiers concernant des personnes suspectées d'avoir des desseins meurtriers.  Jean-Michel Prêtre reste volontairement évasif sur ces projets.  Il évoque des «lieux de culte», «des stades, des écoles», à l'occasion de «certains rassemblements, de manifestations». «On se retrouve avec des personnes qui commencent parfois à articuler des choses assez précises sur un type de cible». «Bien au-delà de la simple vantardise» Le cas de  issu d'une famille niçoise sans histoire et condamné à trois ans d'emprisonnement pour apologie du terrorisme, a été transmis au parquet parisien. «Tout le monde a vu à l'audience qu'il y avait dans son esprit des choses allant au-delà de la simple revendication de la légitimité d'une pensée religieuse radicale» et qu'il était «intéressé par les actes terrorisme eux-mêmes», a souligné le procureur. Les autres dossiers transmis au parquet antiterroriste parisien concernaient des gens qui «laissaient comprendre qu'ils étaient dans le projet de commettre des attentats et allaient au-delà d'une simple vantardise» et «d'autres qui avaient déjà des projets plus précis et des lieux plus identifiés». Entre 70 à 80 dossiers de radicalisation traités à Nice A l'image des autres parquets de l'Hexagone, Nice a un magistrat entièrement dédié aux enquêtes sur des faits liés aux appels au djihad lancés par des organisations comme le groupe Etat islamique que la France combat en Irak et en Syrie. Quelque 70 à 80 dossiers de radicalisation ont été traités à Nice sur cette période.«Une trentaine de condamnations ont été prononcées, parmi lesquelles une part non négligeable de mineurs», a exposé Jean-Michel Prêtre. «Pour les majeurs, ce sont en général des peines d'emprisonnement qui s'échelonnent de quatre à six mois jusqu'à trois ans, et pour certains, avec mandat de dépôt (prison ferme, ndlr)», a-t-il ajouté. VIDEO. Le procureur de la République de Nice : des «projets de passage à l'acte» déjoués   "}