{"title": "Attentat de Londres : trois nouvelles arrestations dans la capitale", "newspaper": "leparisien", "author": "Le Parisien", "date_publi": "08/06/2017", "theme": "Faits divers", "content": " Trois personnes supplémentaires ont été arrêtées dans le cadre de l'enquête sur l'attentat de Londres perpétré samedi, , a annoncé tôt jeudi la police britannique. Deux hommes ont été arrêtés dans une rue d'Ilford, dans la banlieue est de Londres, et un troisième suspect a été interpellé dans une maison située dans le même quartier, a précisé la police dans un communiqué. Parmi eux, un homme de 27 ans, arrêté pour terrorisme, et un autre de 33 ans pour détention de stupéfiants. La troisième personne interpellée, âgée de 29 ans, est «soupçonnée de préparation d'actes terroristes». Des recherches étaient en cours à son domicile ainsi que dans un local commercial à Ilford, un quartier situé non loin de Barking, où habitaient deux des auteurs de l'attentat revendiqué par le groupe Etat islamique. Deux autres personnes, deux hommes âgés de 30 et 27 ans, sont toujours en détention dans le cadre de cette enquête. Douze personnes avaient interpellées dimanche à Barking. Elles avaient été rapidement relâchées. Ces arrestations interviennent à la veille de . La campagne électorale a été marquée par l'attentat de Londres, samedi soir, ainsi que par l'attentat suicide du 22 mai à Manchester, qui a fait 22 morts. La police de Londres a indiqué avoir étudié les mesures de sécurité mises en place à l'occasion du scrutin et prévu des moyens «spécialisés pouvant s'adapter» en cas de besoin. Samedi soir, trois assaillants à bord d'une camionnette ont foncé samedi soir sur la foule sur le London Bridge, puis poignardé plusieurs personnes à Borough Market avant d'être abattus par la police. Cette attaque a fait 8 morts, dont trois Français, et une cinquantaine de blessés. "}