{"title": "Irak : Al-Bagdadi, le chef de Daech, aurait fui Mossoul, selon un responsable américain", "newspaper": "leparisien", "author": "Le Parisien", "date_publi": "09/03/2017", "theme": "International", "content": "  «est vivant» mais «a quitté Mossoul» à l'approche des troupes irakiennes, a affirmé mercredi un responsable américain qui prévoit par ailleurs un repli futur du «califat» sur la vallée de l'Euphrate. Le chef du groupe Etat islamique (EI) «n'exerce probablement aucune influence tactique sur la manière dont la bataille est menée» contre les forces irakiennes à Mossoul, a ajouté ce responsable américain de la Défense devant des journalistes. Cela confirme des déclarations faites en décembre par le Pentagone,  Une récompense de 25 millions de dollars pour le capturer«Il a probablement donné de grandes orientations stratégiques» à ses chefs militaires sur place et les a laissés mener le combat, a-t-il poursuivi, sous couvert d'anonymat. Le chef de l'EI est traqué par le commandement américain des forces spéciales (Socom) et les agences de renseignement américaines, comme l'avait été avant lui le chef d'Al-Qaïda Oussama Ben Laden. En décembre 2016, les Etats-Unis ont promis 25 millions de dollars de récompense pour les informations menant à la capture, mort ou vivant, du leader du groupe terroriste.  C'est à Mossoul qu'Al-Bagdadi avait proclamé son «califat» en juin 2014. Né en 1971 à Falouja (Irak), cet ancien étudiant en théologie, myope et refusé par l'armée, a d'abord été membre des Frères musulmans avant de s'engager dans le salafisme. En 2004, il aurait passé plusieurs mois dans les prisons américaines en Irak.  VIDEO. Irak : Baghdadi ordonne aux musulmans de lui obéir Des troupes de l'EI réduites à «15 000 hommes» Les troupes irakiennes ont déjà reconquis la partie Est de la ville et s'apprêtent à prendre d'assaut la vieille ville de Mossoul dans la partie Ouest, où de féroces combats sont attendus.Selon le même responsable américain, le groupe Etat Islamique prévoit de se replier sur la vallée de l'Euphrate après la perte de Mossoul et celle de Raqa, en Syrie. Il a ensuite rejoint Al-Qaïda en IRak, comme responsable de la nébuleuse terroriste.  «Je ne pense pas que (les djihadistes) aient renoncé» à tenir des territoires dans le cadre d'un «califat», a encore ajouté le responsable américain. «Ils font des plans pour continuer à fonctionner comme un pseudo-Etat centré sur la vallée de l'Euphrate», à l'est de la Syrie et l'ouest de l'Irak, après la chute de Mossoul et de Raqa, a poursuivi le responsable américain. Pour les militaires américains, le groupe Etat islamique est sévèrement affaibli après plus de deux ans et demi de campagne militaire internationale contre eux. Mais les djihadistes ne veulent pas encore se transformer en mouvement de guérilla extrémiste et veulent continuer à détenir et gérer des territoires, même après la chute de Mossoul et celle de Raqa, la capitale de facto du groupe. Selon le renseignement américain, les dirigeants de l'EI ont commencé à quitter Raqa vers des endroits plus sûrs, plus en aval dans la vallée de l'Euphrate. Le Pentagone estime qu'ils ne disposent plus désormais qu'au maximum de 15 000 hommes. Les djihadistes en compteraient ainsi «2500 dans l'ouest de Mossoul et la ville voisine de Tal Afar» en Irak, «un millier» dans la poche de Hawija, en Irak également et «3 à 4000» à Raqa en Syrie, selon le responsable. Au total, «près de la moitié des combattants» dont disposait le groupe Etat islamique à son apogée ont été tués, selon le responsable de la Défense. Une prison de l'EI libérée à MossoulSur le terrain, la prison de Badouch, située au nord-ouest de la ville de Mossoul, a été reconquise par les forces de la 9e division blindée et un groupe paramilitaire, a annoncé l'armée, sans indiquer si des détenus s'y trouvaient toujours. C'est dans cette prison qu'en juin 2014 les djihadistes avaient exécuté «600 détenus», principalement des chiites, les forçant à s'agenouiller près d'un ravin avant de les y pousser et de brûler leurs corps, selon Human Right Watch. Une députée yézidie, Vian Dakhil, avait affirmé la même année que dans cette prison les jihadistes détenaient plus de 500 femmes de cette minorité religieuse qu'ils considèrent comme hérétique.L'armée a par ailleurs annoncé mercredi la reprise de deux nouveaux quartiers de Mossoul dans le cadre de l'offensive lancée le 19 février sur l'ouest du dernier grand bastion de l'EI dans le pays.   "}