{"title": "VIDEO. Militaires agressés à Paris : «On est sortis mains levées et manteaux ouverts»", "newspaper": "leparisien", "author": "A.C.", "date_publi": "03/02/2017", "theme": "Faits divers", "content": " Grosse frayeur pour des centaines de touristes et salariés du centre de Paris ce vendredi matin. Au Carrousel du Louvre, , provoquant le confinement des visiteurs du fameux musée ou des riverains. «Le personnel a été formé et ça se voit. Ils ont conservé leur calme, raconte Marie-Agnès qui participait à un cours au Louvre. On est sortis mains levées et manteaux ouverts (...) On n'a jamais paniqué. Ils étaient sereins et rassurants, même si on commençait à trouver le temps long». VIDEO. Militaire agressé au Louvre : témoignage d'une personne confinée dans le musée Le public présent dans le musée, environ 250 personnes à cette heure, a été «confiné dans des parties du Louvre qui étaient sécurisées», a précisé le préfet de police Michel Cadot. Au total, en comptant les restaurants et les boutiques de la galerie du Carrousel ou de la rue de Rivoli, plus de 1000 personnes ont été concernées. Des vérifications ont eu lieu sur place quant à l'éventualité de la présence d'explosifs, qui se sont révélées négatives.  Dans le périmètre de sécurité, la rue de Rivoli, qui borde le musée du Louvre, accueille aussi des restaurants ou des bureaux. Marie, qui travaille à la Comédie Française, à un peu moins d'un kilomètre du Caroussel du Louvre, a indiqué au Parisien avoir reçu, par mail, un ordre de confinement vers 10 heures, ordre qui a été levé deux heures plus tard. «C'était calme, on est restés dans nos locaux. J'ai juste entendu des sirènes». AUDIO. «On a reçu ordre de ne pas sortir» «Ca s'est bien passé, il n'y a pas eu de panique, raconte également au Parisien une guide qui accompagnait un groupe de Chinois au Louvre. On ne nous a pas dit ce qu'il se passait». Avec son groupe, elle est restée confinée dans la salle médiévale du musée pendant deux heures. \r\n  "}