{"title": "Attentats du 13 novembre : «J'ai divorcé après le Bataclan»", "newspaper": "leparisien", "author": "Propos recueillis par Emmanuel Marolle", "date_publi": "13/11/2016", "theme": "Faits divers", "content": " Lydia était au Bataclan le 13 novembre. Au premier rang, pour voir l'un de ses groupes fétiches Eagles of Death Metal. Elle est sortie miraculeusement indemne de la salle au bout d'une demi-heure d'enfer. « Depuis je n'ai pas pu récupérer mon travail, explique cette jeune Française de 27 ans, installée en Angleterre, qui travaillait dans un bar à Londres. Ma patronne n'accepte pas ce qui m'est arrivé. Elle dit que je dois redevenir qui j'étais avant, que je dois laisser mes problèmes dehors. Je n'ai rien fait de mal, je n'ai pas choisi ce qui m'est arrivé. Je viens de trouver un petit boulot dans une fête foraine quelques jours à Londres. Mais il a fallu que je dise que je n'étais plus traumatisée pour être prise, alors qu'en réalité je pleure encore pour un rien, je fais des insomnies. Les gens ne sont pas très tolérants. Y compris mon mari. J'ai demandé le divorce depuis les attentats. J'y songeais avant, mais je me disais que ça pouvait s'arranger. Et au moment où j'ai cru mourir dans la salle, je me suis dit : t'auras vécu une vie mais tu n'auras pas été vraiment heureuse. Après, mon mari, qui est anglais, n'arrivait pas à comprendre ce que je ressentais et moi, je n'avais plus envie de faire d'efforts. Pour essayer de me remettre de tout ça, j'ai beaucoup voyagé en Italie, Espagne, Portugal, Etats-Unis, Suède, Finlande. Quand je suis loin, j'ai l'impression de revivre. J'ai revu les musiciens d'Eagles of Death Metal. Ils m'ont invitée à plusieurs de leurs concerts à l'étranger. A chaque fois, c'est un concert de plus avec eux qui se termine bien. Je serai aux commémorations ce dimanche (NDLR : aujourd'hui) mais je n'ai pas de place pour Sting. Je suis retournée au Bataclan en avril pendant les travaux. J'en avais besoin. Je n'avais pas envie d'en ressortir. Car le 13 novembre, j'avais eu l'impression d'avoir laissé une partie de moi dans la salle. » QUESTION DU JOUR. EN SAVOIR PLUS.     "}