{"title": "L'État condamné à verser 15 000 euros aux parents d'une mineure partie en Syrie", "newspaper": "leparisien", "author": "Le Parisien", "date_publi": "26/04/2017", "theme": "Faits divers", "content": " Le Conseil d'État a condamné mercredi l'État français à verser 15 000 euros aux parents d'une mineure de 17 ans qui avait quitté la France en novembre 2013 pour rejoindre la Syrie, en raison de la défaillance du contrôle aux frontières à l'aéroport d'Orly. La jeune fille avait pu embarquer sur un vol à destination d'Istanbul (Turquie) d'où elle a rejoint la Syrie alors qu'elle était inscrite sur après avoir quitté le domicile de ses parents le 5 juin 2013.\r\n«Faute d'avoir consulté ou correctement consulté le fichier des personnes recherchées, les fonctionnaires en charge du contrôle aux frontières à l'aéroport d'Orly ne se sont pas opposés à son embarquement, contrairement à ce que prescrit une circulaire du 20 novembre 2012 relative aux décisions judiciaires d'interdiction de sortie du territoire et aux autres mesures conservatoires d'opposition à la sortie du territoire des mineurs», \r\n Le CE ordonne l’indemnisation des parents d’une jeune femme mineure ayant quitté la France pour la Syrie : \n\n                            \r\n— Conseil d'État (@Conseil_Etat)   «Négligence des services de police»\r\n Pour la plus haute autorité de l'ordre administratif, «la négligence des services de police a été constitutive d'une faute de nature à engager la responsabilité de l'État». «Les fonctionnaires chargés du contrôle aux frontières de l'aéroport aurait dû s'opposer à son embarquement», a-t-elle estimé. Les parents de la mineure avaient saisi le Conseil d'État pour obtenir une indemnisation du préjudice qu'ils estimaient avoir subi du fait du départ de leur fille vers la Syrie. Pour les magistrats administratifs, «aucune circonstance particulière n'était de nature à justifier l'allègement de la surveillance qui doit normalement être exercée sur le départ des mineurs du territoire national». Le Conseil d'État souligne par ailleurs que le ministre de l'Intérieur n'a pas établi que la jeune fille «se serait livrée à des manoeuvres de nature à tromper la vigilance des services de police». Les Sages ont en conséquence décidé d'allouer une indemnité globale de 15 000 euros aux parents de l'adolescente «en réparation du préjudice moral subi». Alors que la France est soumise à une menace terroriste sans précédent,  se trouvant actuellement en Irak et en Syrie, dont au moins une vingtaine identifiés comme combattants dans les groupes djihadistes.  "}