{"title": "Allemagne : la piste d'un réseau d'extrême droite au sein de l'armée", "newspaper": "leparisien", "author": "M.-L.W. avec l'AFP", "date_publi": "09/05/2017", "theme": "Faits divers", "content": " L'affaire devient de plus en plus . Après, un deuxième soldat suspecté de convictions d'extrême droite a été arrêté à Kehl, la ville allemande située en face de Strasbourg (Bas-Rhin), juste de l'autre côté du Rhin. Il est aussi soupçonné d'avoir participé à un projet d'attentat contre des personnalités politiques allemandes. Des éléments laissent deviner un réseau plus important. Ce nouveau suspect identifié comme Maximilian T., un ressortissant allemand de 27 ans, est accusé d'avoir préparé un attentat grave» aux côtés de deux autres complices arrêtés fin avril : Mathias A., un étudiant allemand de 24 ans et Franco Albrecht, 28 ans. Ce dernier s'est muré dans le silence depuis son arrestation il y a deux semaines. Selon l'hebdomadaire, Franco Albrecht n'avait rien d'un loup solitaire. Il bénéficiait de soutiens dans la troupe. Des personnalités politiques mais aussi des institutions visées Les trois hommes jusqu'ici identifiés voulaient s'en prendre à des personnalités responsables selon eux de «l'échec en matière de politique d'immigration» ou «engagées en faveur de l'accueil des réfugiés», précise le communiqué du procureur fédéral à Karlsruhe. Ils avaient ainsi établi une liste de 25 de cibles potentielles, parmi lesquelles des personnalités de premier plan comme ou de l'actuel ministre de la Justice, le social-démocrate Heiko Maas. , les suspects avaient peut-être déjà espionné leurs victimes : les adresses étaient mentionnées. Des institutions étaient aussi visées. Le «Spiegel» révèle que la  de Berlin, qui lutte contre le racisme, était sur la liste. Un croquis des lieux a été retrouvé par les enquêteurs. Autre élément qui vient étayer la thèse d'un réseau : les deux soldats interpellés participaient à des discussions en ligne où s'échangeaient photos et autres documents. Selon les enquêteurs, chacun était prêt «à tuer pour la cause». Une cache avec plus de 1000 munitions, dérobées pour la plupart à la base franco-allemande, a été découverte.  Vrai officier mais faux réfugié syrien L'idée du trio était de s'en prendre à ces personnalités et de «jeter la suspicion sur les demandeurs d'asile en Allemagne». Pour cela ils voulaient mettre les enquêteurs sur la piste d'un réfugié syrien qui n'a jamais existé, puisqu'il s'agissait d'une fausse identité prise par l'officier Albrecht. Tout en continuant sa vie de lieutenant à la Brigade franco-allemande d'Illkirch, près de Strasbourg (Bas-Rhin), l'officier allemand de 28 ans avait en effet réussi à se faire passer pour un réfugié syrien et obtenu, sous cette fausse identité rocambolesque, l'asile début 2016 en Allemagne. Maximilian T. était également basé à Illkirch-Graffenstaden, . Tous deux appartenaient au même bataillon de chasseurs 291. Signe que cette affaire est grave, . Franco Albrecht avait été brièvement arrêté à la mi-janvier par la police autrichienne après avoir tenté de venir récupérer une arme à feu dissimulée dans les toilettes pour handicapés de l'aéroport de Vienne, alors qu'il prétendait être allé dans la capitale autrichienne pour la saison des bals.  Discréditer les réfugiés «Compte tenu du débat public sur la politique d'immigration et d'accueil des réfugiés, un acte prétendument commis par un demandeur d'asile enregistré (en Allemagne) aurait suscité une attention particulière et contribué au sentiment général d'une menace», a estimé le parquet en référence à  en Allemagne, venus principalement de Syrie, d'Irak et d'Afghanistan. L'affaire a déjà pris une tournure politique, l'opinion se demandant comment l'administration allemande a bien pu enregistrer un homme ne parlant pas arabe comme réfugié syrien. La ministre de la Défense, Ursula von der Leyen a ordonné une vaste opération de fouille au sein de toutes les casernes de la Bundeswehr pour y saisir tout objet rappelant l'époque nazie, alors que des objets de la Wehrmacht (l'armée allemande du IIIe Reich) ont été retrouvées dans des locaux utilisés par des militaires allemands sur la base d'Illkirch,   "}