{"title": "Attentats : au cœur de l'antiterrorisme", "newspaper": "leparisien", "author": "Timothée Boutry et Éric Pelletier", "date_publi": "16/11/2016", "theme": "Faits divers", "content": " Avec une obstination de métronome, la pluie pianote aux carreaux puis glisse sur l'ardoise. Depuis les combles du palais de justice, le regard embrasse l'infini des toits de Paris et, au premier plan, la flèche de la Sainte-Chapelle. Le parquet antiterroriste se niche dans une soupente, accessible par un lecteur d'empreintes digitales moderne mais capricieux. Treize magistrats — cinq femmes, dont la chef de section, et huit hommes, épaulés par six greffiers — se partagent des bureaux mansardés, répartis de chaque côté d'un interminable couloir. On est d'abord frappé par leur jeunesse — ils ont entre 28 et 43 ans — rapportée au poids des affaires à traiter : « Charlie Hebdo » et l'Hyper Cacher, les attentats du 13 novembre 2015, l'assassinat d'un couple de policiers devant leur enfant à Magnanville, le camion fou de Nice... En moins de deux ans, ceux-là ont vu nombre d'horreurs. Tous les dossiers antiterroristes en cours, 540 aujourd'hui, sont centralisés ici, qu'ils soient corses, basques ou — surtout — islamistes. Les parquetiers sont chargés de coordonner les premières investigations des policiers, de suivre l'enquête des juges d'instruction et, enfin, de soutenir l'accusation au tribunal. « Nous traitons une matière particulière, en prise avec des considérations qui ne sont pas seulement juridiques mais aussi politiques », souligne Camille, chef de la section. « Justice d'exception », taclent certains avocats. « Justice spécialisée » destinée à répondre à des situations exceptionnelles, rétorquent ces moines-soldats. Cas de conscience Ce matin-là, autour d'une grande table oblongue, se tient la réunion hebdomadaire. Au mur, une carte de la Syrie, un plan de la promenade des Anglais et la photo d'Abdelhamid Abaaoud, coordonnateur des attentats du 13 Novembre, rappellent que cet endroit, bardé de téléphones, sert aussi trop souvent de salle de crise. Mardi 8 novembre, on égrène les dossiers de la permanence du week-end, des jets de cocktails Molotov contre l'ambassade de Turquie à l'arrestation d'un énième « numéro un » de l'ETA. Henri* ne cache pas son désarroi face au profil d'un nouveau djihadiste présumé. Un lycéen de 15 ans, bon élève, a répondu à une proposition d'achat de kalachnikov sur un réseau social, promettant dans la foulée de « tout faire péter à Paris ». Pourtant, il n'est pas décrit comme radicalisé, n'a jamais consulté de site djihadiste et aucune arme n'a été retrouvée. Cas de conscience : faut-il le placer en foyer ou le soumettre à un simple contrôle judiciaire pour préserver les liens familiaux ? Sur ce point-là comme sur tous les autres, la décision est collégiale : le parquet ne demandera pas son placement. Intervenir au bon moment Avec la montée en puissance de Daech, la pression des dossiers de djihad en Syrie (ils représentent les deux tiers des affaires) est étouffante. Pas une semaine sans une saisine. Ce soir-là, deux épouses d'un combattant français, expulsées par les Turcs, rentrent en France avec leurs quatre enfants. Quant à la garde à vue d'un Franco-Tunisien de 41 ans, arrêté à Gaziantep, la grande ville de Turquie proche de la frontière syrienne, elle arrive à son terme. « Il nous a expliqué être passionné de mosaïques mais le site archéologique qu'il prétendait vouloir visiter est inaccessible depuis plusieurs années », décrypte Guillaume. A la DGSI, l'homme a fini par reconnaître qu'il allait rejoindre son frère, blessé, au sein de Daech. Conformément aux réquisitions du parquet, dont les décisions initiales donnent souvent le ton d'un dossier, le suspect sera mis en examen et incarcéré. La difficulté est d'intervenir au bon moment. Ni trop tôt pour suffisamment enrichir le dossier, ni trop tard quand l'attaque est survenue. Un travail de prévention qui vise à évaluer les informations transmises par les services de renseignement et à les transformer en matière judiciaire susceptible de peser devant un tribunal. En quelques années, les magistrats du « parquet antiterro », tous volontaires, ont subi la multiplication des crises. « L'affaire Merah a brisé un tabou, souligne Benjamin qui, avec ses quatre années au compteur, est le plus ancien du groupe. Auparavant, le terrorisme auquel nous étions confrontés était importé. Ce n'est plus le cas. Depuis, nous n'avons cessé de franchir des paliers. » Une succession de drames qui a renforcé la solidarité de cette équipe où chacun est affublé d'un surnom. Le drame de Magnanville, venu rappeler à quel point les enquêteurs et leur famille sont vulnérables, les a marqués. C'est pourquoi ils ont insisté pour que leur nom ne soit pas cité dans ce reportage. « Depuis que les policiers spécialisés ont obtenu l'anonymisation des procédures, nous sommes les seuls à apparaître sous notre véritable identité », lâche un magistrat. « On se fait discrets mais on ne va pas non plus requérir en cagoule », ajoute un autre. L'urgence peut les rattraper nuit et jour Inconnus du grand public, les magistrats aspirent plus que jamais à rester dans l'ombre tutélaire de François Molins. Lorsque le procureur de la République de Paris s'exprime devant les médias pour décrypter un attentat, c'est sur la base des informations qu'ils lui ont transmises. Une chasuble fluo floquée « parquet de Paris justice » rappelle que l'urgence peut les rattraper. Nuit et jour. Leur quotidien s'apparente à un austère travail monacal. Des dossiers s'empilent au pied des bureaux. A eux de rédiger le réquisitoire synthétisant ces dizaines de milliers de pages, pour savoir quelles charges retenir, ou rejetter finalement l'accusation. Au terme de l'enquête, les parquetiers défendent l'accusation devant le tribunal. Ils « descendent à l'audience », comme ils disent. En les voyant quitter leur soupente et dévaler les escaliers, robe noire sous le bras, on se dit que l'expression doit être prise ici au sens littéral. * Le prénom a été changé.  EN SAVOIR PLUS>\r\n>\r\n>  "}