{"title": "Irak: le djihadiste français Rachid Kassim visé par un drône, sa mort pas confirmée", "newspaper": "leparisien", "author": "Jean-Michel Décugis et Timothée Boutry", "date_publi": "12/02/2017", "theme": "Faits divers", "content": " Ciblé,mais pas encore officiellement décédé. Samedi, le , considéré comme l'inspirateur de plusieurs attentats en France, avait été visé dans une frappe de la coalition anti-Daech cette semaine, près de Mossoul, en Irak. Alors que plusieurs médias rapportaient la mort du Roannais de 30 ans, les autorités américaines évitaient de se prononcer sur son sort. Ainsi, le Pentagone a précisé que les militaires «évaluent en ce moment les résultats de cette frappe et donneront plus d'informations quand elles seraient disponibles.» A quel moment et comment officialise-t-on la mort d'un djihadiste en Syrie ou en Irak ? Le doute entoure chaque «exécution ciblée» de combattants ennemis considérés comme des menaces pour la sécurité nationale. En amont, le ciblage s'effectue notamment à partir d'études d'imagerie et de renseignement électronique ou humain, qui permettent l'identification formelle de la cible et son suivi, jusqu'au déclenchement de l'intervention. Une fois l'opération terminée, l'officialisation de la mort de la cible peut prendre plusieurs semaines, voire des mois. Son compte Telegram a été ouvert vendredi soir «Nous n'avons jamais la preuve scientifique, qui passerait par la trace ADN ou papillaire, car nous sommes sur un terrain de guerre. Il s'agit plutôt d'un croisement de différents indices», explique un haut responsable du renseignement français. Le faisceau d'indices ? L'interception de messages adressés aux familles du défunt supposé, les revendications du statut de martyr par le groupe Etat islamique, les images prises avant et après l'intervention... Cinq exécutions de Français ont déjà fait l'objet d'un communiqué du département de la Défense américain parmi lesquels l'artificier David Drugeon, 25 ans, mort en juillet 2015 en Syrie, et le , tué le 4 décembre 2016 à Raqqa par une frappe aérienne. Selon «Le Monde», deux autres Français auraient également été tués par un drone américain. Presque tous ont été éliminés à bord de leurs voitures dans les environs de Raqqa, en Syrie.  La mort de Rachid Kassim pourrait être officialisée rapidement, même si étrangement le compte de la messagerie  du djihadiste a été ouvert vendredi soir. Par un proche ou par lui-même ? En août 2015, la mort d', l'un des principaux recruteurs de djihadistes français, avait été annoncée, avant d'être démentie par l'intéressé lui-même lors d'une interview. Mais son faux décès n'était pas lié à une frappe ciblée de la coalition....  Attiseur de haine et bourreau Kassim a multiplié les appels au meurtre et a lui-même du sang sur les mains.\r\nSon ombre malfaisante plane sur une quinzaine de dossiers terroristes. Ex-animateur social à Roanne (Loire), Rachid Kassim était devenu en quelques mois la hantise des services de renseignement par sa capacité à influencer les esprits les plus faibles grâce à sa propagande et à ses appels au meurtre propagés sur la messagerie Telegram. Le père de famille de 30 ans, qui avait quitté la France avec femme et enfant fin 2012 avant de rejoindre les rangs de Daech, a notamment téléguidé  et , les assassins du père Hamel, égorgé dans son église de Saint-Etienne-du-Rouvray (Seine-Maritime) le 26 juillet 2016. «Qu'Allah il fasse de toi une flèche de feu dans le coeur des coufars (sic) [...] dès que t'as ce qu'il faut, frère, tu déclenches la tuerie, tu fais un séisme en France inch Allah», écrit-il par exemple à Petitjean une semaine avant le crime. Alors que la cible des jeunes terroristes n'est pas encore définie, le propagandiste suggère une série d'objectifs : «une boîte de nuit, un pub [...] une terrasse de café». On retrouve son influence derrière le double meurtre  (Yvelines) ou l'attentat . Cet été, après avoir réussi à pénétrer dans son réseau, les enquêteurs ont multiplié les interpellations préventives de jeunes fanatisé(e)s. Le 21 juillet, en s'affichant en train de décapiter un otage dans une vidéo de propagande, Kassim est devenu plus qu'un prosélyte, un authentique bourreau.   "}