{"title": "Attentat de Londres : un homme arrêté, WhatsApp appelé à collaborer ", "newspaper": "leparisien", "author": "Le Parisien", "date_publi": "26/03/2017", "theme": "Faits divers", "content": " L'enquête sur  se poursuit outre-Manche. Ce dimanche, un homme de 30 ans soupçonné de préparer des actes terroristes a été arrêté à Birmingham, a annoncé . Située au centre du pays, la deuxième ville d'Angleterre est parfois présentée comme  \r\nDouze personnes ont été arrêtées depuis que , 52 ans, a tué quatre personnes et en a blessé 50, avec sa voiture et à coups de couteau. Il a lui-même été abattu ensuite par la police. Par ailleurs, la ministre britannique de l'Intérieur Amber Rudd a confirmé sur Sky News que Khalil Masood avait utilisé le service de messagerie sécurisée WhatsApp, propriété de Facebook, juste avant l'attaque. «Nous devons nous assurer que les entreprises comme WhatsApp --et il y en a beaucoup d'autres comme celle-là-- ne fournissent pas de cachette où les terroristes peuvent communiquer entre eux», a-t-elle dit dans l'émission politique de la BBC. Elle doit rencontrer plusieurs responsables d'entreprises compétentes dans ce domaine, sans les nommer, pour les convaincre de collaborer avec les autorités. WhatsApp : «Nous coopérons avec les autorités dans le cadre de leurs enquêtes»«Il y a des enquêtes en cours concernant des terroristes», «ils doivent être de notre côté et je vais essayer de les convaincre», a-t-elle dit sur Sky News. Un porte-parole de WhatsApp a réagi en faisant part de la bonne volonté du groupe. «Nous sommes horrifiés par l'attaque perpétrée à Londres cette semaine et nous coopérons avec les autorités dans le cadre de leurs enquêtes», a-t-il indiqué dans un communiqué.  Du côté de la police, les enquêteurs «pensent qu'il s'agit d'un agresseur solitaire», a affirmé dimanche sur la BBC le ministre de l'Intér Amber Rudd, soulignant cependant qu'il était impossible «d'être complètement sûr» et que l'enquête se poursuivait. «Nous sommes déterminés à comprendre si Masood était un acteur isolé inspiré par la propagande terroriste ou bien si d'autres personnes l'ont encouragé, l'ont soutenu ou lui ont donné des instructions», a déclaré samedi soir un haut responsable britannique de la lutte antiterroriste, Neil Basu.\r\n Neuf des personnes arrêtées ont été depuis libérées sans qu'aucune charge ne soit retenue contre eux.  Une femme de 32 ans a elle été libérée sous caution après son arrestation le même jour à Manchester.  "}