{"title": "Carlepont : 100 armes suspectées d’appartenir à l’ETA retrouvées en forêt", "newspaper": "leparisien", "author": "Vincent Gautronneau et Alexis Bisson", "date_publi": "12/10/2016", "theme": "Carlepont", "content": "La quiétude de la petite commune de Carlepont, entre Compiègne et Noyon, a été troublée par les sirènes de police, ce mercredi matin. Venus de Paris, des policiers de la Sous direction antiterroriste (SDAT) et de la Direction générale de la sécurité intérieure (DGSI) ont investi la forêt d’Ourscamp-Carlepont, située à l’entrée de la ville. « Vers midi, il y avait de nombreuses voitures de police, des hommes encagoulés », raconte Elizabeth, une habitante.Ces policiers agissaient dans le cadre d’une enquête préliminaire diligentée par le parquet antiterroriste de Paris, après l’obtention d’un renseignement venu d’Espagne. Une information sérieuse car dans l’épaisse forêt située à l’entrée de Carlepont, et traversée par de nombreux chemins de terre difficiles d’accès, les policiers ont découvert plus de 100 armes de poing. Ces dernières, « empaquetées dans des bidons enterrés depuis longtemps », selon une source proche de l’enquête, appartiendraient à l’organisation séparatiste basque ETA.Ces armes auraient été entreposées « il y a plusieurs années » dans la commune de l’Oise, et proviendraient d’un vol d’armes survenu en 2006 dans le sud de la France. Du côté des institutions locales, tout le monde reste muet au sujet de cette opération. « Je ne peux absolument rien dire, il s’agit d’une opération antiterroriste », explique le sous-préfet de Compiègne, Ghislain Châtel, informé quelques heures avant l’arrivée des enquêteurs à Carlepont. Le procureur de la République de Compiègne, lui, « n’est pas au courant ». Quant à la police judiciaire (PJ) de Creil, elle se refuse à tout commentaire.Le maire de la commune, Patrice Argier, lui non plus, « n’avait pas été prévenu de cette opération ». « Je l’ai appris en début d’après-midi après que certains de mes administrés m’ont téléphoné, précise-t-il. Ils m’ont expliqué avoir vu des voitures de police et des hommes encagoulés. » Ils étaient « très nombreux, confirme un homme, qui vit à quelques mètres de la forêt. Ils ont emprunté le petit chemin et sont restés sur place plusieurs heures. » « Cela fait quand même drôle, poursuit Patrice Argier. Plusieurs habitants ont été choqués et se sont inquiétés, ce qui est normal dans le contexte actuel. Puis nous sommes un village rural, quand on va en forêt, c’est pour ramasser des champignons, pas des armes. »Une opération de police similaire à Biarritz en mai 2015 L’ETA (Euskadi ta askatasuna, pour « Pays basque et liberté »), organisation armée basque indépendantiste, a entamé en 2014 un processus de désarmement et de mise hors d’usage de son arsenal.Mais des interventions similaires à celles de ce mercredi à Carlepont ont déjà eu lieu, comme en mai 2015, dans le centre-ville de Biarritz (Pyrénées-Atlantiques) où une opération de police avait permis de découvrir des armes et des composants pouvant servir à la confection d’explosifs.L’ETA, fondée en 1959 est tenue pour responsable de la mort de 829 personnes en plus de 40 ans, selon le ministère de l’Intérieur espagnol. "}