{"title": "Le business des cartes prépayées anonymes, c'est fini !", "newspaper": "leparisien", "author": "David Livois (Hauts-De-Seine)", "date_publi": "21/01/2017", "theme": "Economie", "content": " Zone de turbulence inattendue pour Creacard, leadeur français de la carte de paiement prépayée. La start-up de Neuilly-sur-Seine, au chiffre d'affaires de 20 M€, subit de plein fouet la lutte contre... le financement du terrorisme. Un décret, publié le 13 novembre dernier au « Journal officiel », met en effet un terme à l'anonymat des utilisateurs de ces cartes bancaires pas tout à fait comme les autres. Conséquences : des tonnes de transactions bloquées d'un côté. Et de l'autre, plusieurs milliers de clients convaincus d'être victimes d'une vaste escroquerie. Estampillées Mastercard et munies d'un code confidentiel, les cartes prépayées PCS (prepaid cash services) émises par Creacard fonctionnent comme une carte bancaire classique. « On peut retirer de l'argent, payer en magasin ou faire des achats en ligne, énumère Philip Aim, fondateur et directeur général de Creacard. En fait, ce qui la différencie d'une carte classique, c'est qu'elle n'est pas nominative. » C'est précisément cet anonymat qui pose problème. Il est depuis quelques mois dans le viseur de Tracfin, la cellule de renseignement du ministère de l'Economie et des Finances. Notamment depuis l'utilisation, par Salah Abdeslam, d'une de ces cartes prépayées, en novembre 2015, pour louer deux chambres d'un appart-hôtel d'Alfortville (Val-de-Marne), la veille des attentats de Paris et Saint-Denis. Un délai trop court pour aviser les 375 000 clients de la société « Après ça, Bercy a décidé d'instaurer une prise d'identité dès le premier euro, poursuit Philip Aim. Le problème, c'est qu'entre la publication du décret, en novembre dernier, et sa mise en application, le 1er janvier, on ne disposait que de quelques semaines pour se retourner. » Un délai trop court, selon Creacard, pour que la société avise la totalité de ses 375 000 clients des procédures d'identification. « Résultat, on doit faire face à des milliers de réclamations, se désole Philip Aim. J'ai embauché du monde pour renforcer le service clients, on fait des journées à rallonge, mais, malgré ça, il reste 1 800 mails en attente et plus de 3 400 appels à traiter. » Olivier, 40 ans, de Stains (Seine-Saint-Denis), figure parmi les clients mécontents à avoir inondé le standard de coups de fils. Sa carte prépayée, voilà deux ans que cet employé d'une société de logistique se l'est procurée. Pour effectuer ses achats en ligne en toute sécurité, comme 60 % des clients de Creacard. « Tout fonctionnait à merveille jusqu'au 1 er janvier, glisse-t-il. Mais, à partir de cette date, toutes mes tentatives d'achat ont été refusées. Et le plus désagréable, c'est que ces tentatives avortées ont toutes été taxées de 20 centimes d'euros. » Persuadé d'être victime d'une arnaque, Olivier a déposé plainte auprès du procureur de la République de Bobigny. De son côté, Creacard tente d'endiguer le raz de marée. La direction s'engage d'abord à rembourser les sommes indûment perçues. Elle promet aussi le déploiement de 3 000 tablettes chez les distributeurs de cartes PCS (kiosquiers, buralistes), histoire de faciliter l'identification des clients, ainsi que l'ouverture d'une boutique physique, dans le quartier de la Bastille, à Paris, pour assurer un service après-vente, qui s'annonce mouvementé. "}