{"title": "Allemagne : un festival de rock évacué en raison d'une «menace terroriste»", "newspaper": "leparisien", "author": "Le Parisien", "date_publi": "02/06/2017", "theme": "Faits divers", "content": " Ce vendredi soir marquait le coup d'envoi du , un festival organisé sur le circuit automobile du Nürburgring, dans l'ouest de l'Allemagne. Des dizaines de milliers de personnes étaient venues voir Liam Gallagher, l'ancien chanteur d'Oasis, ou le groupe de metal allemand Rammstein. La soirée a tourné court. Le festival a dû être évacué en raison d'une «menace terroriste».\r\n Dans un communiqué, la police a indiqué disposer «d'éléments concrets, au vu desquels une possible menace terroriste n'est pas à exclure». «Comme la sécurité est la priorité et que toute mise en danger des festivaliers doit être autant que possible évitée, il a été décidé de suspendre le festival pour aujourd'hui», ont poursuivi les forces de l'ordre, sans apporter plus de précisions quant à la nature de la menace ou aux éléments dont elle dispose. Evacuan a miles del festival de rock  en Alemania tras amenaza terrorista, por lo que se interrumpió el espectáculo. \r\n— LupitaJuarez (@LupitaJuarezH)  Dans un message distinct, les organisateurs de l'événement, prévu jusqu'à dimanche, ont prié les spectateurs de se diriger «dans l'ordre et le calme vers les sorties et les terrains de camping» afin de «soutenir les investigations de la police». Ils ont dit espérer que le festival reprenne dès samedi.\r\n  La police a précisé que la sécurité avait déjà été renforcée dans la foulée de , avec «1 200» hommes supplémentaires déployés près du célèbre circuit du Nürburgring. wir gehen jetzt alle zurück zu den zelten, angst hat hier niemand und panik ist auch nicht ausgebrochen. \r\n— Eileen Primus (@Bilderzimmer)    "}