{"title": "Russie : deux hommes soupçonnés de préparer des attentats abattus", "newspaper": "leparisien", "author": "V.F. avec AFP.", "date_publi": "19/04/2017", "theme": "Faits divers", "content": " Deux hommes originaires d'Asie centrale et soupçonnés de préparer  ont été abattus à Vladimir, une ville touristique à 200 kilomètres à l'est de Moscou, annoncent les services spéciaux russes (FSB) ce mercredi. «Les agents du FSB ont éliminé, lors d'une tentative d'arrestation à laquelle ils ont résisté, deux citoyens d'Asie centrale nés en 1987 et 1991», annonce le FSB dans un communiqué transmis aux agences de presse russes. Selon le FSB, les deux hommes étaient en contact avec des «recruteurs d'organisations terroristes internationales» et étaient prêts à perpétrer des attentats en Russie. La Russie en alerte maximale Près de deux semaines après , la Russie continue d'être en alerte maximale. Lundi, l'un des organisateurs de l'attentat, un ressortissant d'Asie centrale,  dans le cadre de l'enquête par les services spéciaux russes. Dans le cadre de cette enquête, la justice a déjà inculpé pour «terrorisme» et «complicité de terrorisme» huit hommes, parmi lesquels six ressortissants de pays d'Asie centrale. Six avaient été arrêtés à Saint-Pétersbourg et deux à Moscou. VIDEO. Russie : le bilan de l'attentat dans le métro passe à 14 morts Selon le Comité d'enquête, , après avoir déposé une autre bombe dans une autre station du centre-ville, désamorcée à temps. Les motivations de ce jeune homme restent inconnues mais le Comité d'enquête a indiqué examiner ses éventuels liens avec Daech. > A LIRE AUSSI.     "}