{"title": "EN IMAGES. Champs-Elysées : une voiture fonce sur les gendarmes, le quartier bouclé ", "newspaper": "leparisien", "author": "C.S avec R.T", "date_publi": "19/06/2017", "theme": "Faits divers", "content": " Une voiture contenant une bonbonne de gaz et des armes a foncé sur un fourgon de gendarmes sur les Champs-Élysées lundi après-midi, vers 16h. Le conducteur est décédé des suites de ses blessures. A LIRE AUSSI\r\n>  Un suspect fiché S Le ministre de l'Intérieur a affirmé sur place qu'il s'agissait d'une «tentative d'attentat». Malgré l'intervention des secours, l'homme, le conducteur est décédé aux abords de sa voiture en feu après en avoir été extrait par les gendarmes.Selon nos informations, âgé de 31 ans, l'assaillant était fiché S et connu de la DGSI.  Un vaste périmètre de sécurité, autour d'une Mégane, a été mis en place, la circulation a été bloquée par les autorités et la station de métro Champs-Élysées-Clemenceau est fermée au public. EN SAVOIR PLUS> "}