{"title": "Attaque au Carrousel du Louvre : la santé du suspect s'est «fortement dégradée»", "newspaper": "leparisien", "author": "Le Parisien", "date_publi": "07/02/2017", "theme": "Faits divers", "content": " Depuis il refusait de parler. L'homme soupçonné d'avoir, a finalement accepté de répondre aux questions des enquêteurs lundi, à l'occasion d'une troisième audition, a indiqué le parquet de Paris.\r\nAu cours de sa garde à vue, , un Égyptien de 29 ans, et a développé sa première version des faits. Mais la garde a vue d'Abdallah El-Hamahmy a dû être levée en début de soirée en raison de son état de santé qui s'est «fortement dégradé». Vendredi, les policiers avaient mis la main sur un téléphone portable et une facture liée à l'achat de bombes de peinture qui leur avaient permis de remonter et disposant d'un visa tourisme vers la France. L'Egypte doit encore confirmer son identité Si l'on en croit le  d'Abdallah El Hamahmy, il occupait un poste de commercial dans une entreprise de développement environnemental. , avait permis de confirmer que l'assaillant était arrivé par avion, le 26 janvier dernier, à l'aéroport Roissy Charles-de-Gaulle, en provenance de Dubaï, la première ville émiratie. L'homme disposait d'un billet de retour pour les EAU pour le dimanche 5 février. Inconnue des services de renseignement français, son identité a été transmise à l'Égypte pour vérification. Par ailleurs, des analyses ADN et d’empreintes digitales ont été demandées.  Même si ces vérifications sont toujours en cours, les enquêteurs ont peu de doutes sur le fait que l'assaillant soit bien Hamahmy. L'enquête se poursuit sur le passé et les motivations de ce jeune homme apparemment sans histoires, diplômé en droit et cadre commercial dans une entreprise aux Emirats arabes unis (EAU). Quel est son parcours ? Pourquoi s'est-il rendu en Turquie en 2015 et 2016 ? A-t-il agi seul ou sur instructions ? Il affirme avoir simplement voulu taguer des oeuvres d'art Selon le suspect a indiqué au cours de sa garde à vue avoir simplement voulu «taguer des oeuvres d'art» avec des bombes de peinture, qui ont effectivement été retrouvées dans l'un de ses deux sacs à dos. Il se serait également présenté comme un «fervent pacifiste», niant avoir eu une quelconque intention de tuer, et souhaitant simplement condamner les bombardements de l'armée française en Syrie en s'en prenant au «symbole français», que constitue le musée du Louvre., Abdallah El-Hamahmy s'était déjà rendu au Louvre le 29 janvier, quatre jours avant l'attaque. Il avait été filmée le matin dans le Carrousel par les caméras de surveillance. Il avait aussi effectué une visite guidée dans les galeries du musée avec un groupe de touristes. Aucune revendication n'est venue glorifier à ce stade cette attaque et aucune allégeance à un groupe djihadiste n'a été trouvée lors de la perquisition dans l'appartement loué à Paris. Des enquêteurs ont toutefois retrouvé sur un compte Twitter à son nom  (EI, ou Daech). Attaque au Louvre : qui est l'assaillant ?   "}