{"title": "Belgique : un frère et une sœur arrêtés pour des liens avec Daech", "newspaper": "leparisien", "author": "Le Parisien", "date_publi": "10/12/2016", "theme": "Faits divers", "content": " Un frère et une sœur, originaires d'une famille musulmane serbe établie en Belgique et soupçonnés d'être en lien avec le groupe Etat islamique (EI), ont été arrêtés. Cette arrestation a eu lieu il y a une semaine dans le Limbourg, au nord-est du pays. Le parquet fédéral est chargé de l'enquête, a précisé son porte-parole. Le jeune homme âgé de 21 ans et sa sœur de 19 ans auraient effectué des traductions pour . Sur le téléphone portable du jeune homme, des petits films très violents ont par ailleurs été découverts, parmi lesquels plusieurs vidéos d'exécution. Les deux suspects proviennent d'une famille musulmane serbe qui a fui la guerre il y a seize ans pour s'établir en Belgique. Tous deux ont été à l'école dans ce pays et se seraient radicalisés à l'insu de leurs parents. Les traductions étaient envoyées  fréquemment utilisée par les sympathisants de l'EI et ses recruteurs, dont . Membre de la coalition internationale qui combat l'EI en Irak et en Syrie, la Belgique a été la cible d'u à l'aéroport et dans le métro de Bruxelles.   "}