{"title": "Attentat de Londres : des proches des victimes françaises témoignent", "newspaper": "leparisien", "author": "Julien Constant", "date_publi": "06/06/2017", "theme": "Faits divers", "content": " Moins de quarante-huitheures après l'attentat de Londres, c'est une famille terriblement éprouvée qui se trouvait, lundi au King's College Hospital, dans le sud de la capitale britannique. Ses sœurs, son oncle et ses parents sont venus au chevet de cette jeune femme de 25 ans, qui vient juste d'échapper à la mort après avoir été opérée, à la suite de graves blessures au couteau assénées par un des trois terroristes. Les ressortissants français ont payé un lourd tribut dans l'attaque : . L'attentat a coûté la vie à 7 personnes, dont une Canadienne, et 36 personnes restaient hospitalisées, dont 18 en « état critique ». A LIRE AUSSI > Au King's College Hospital, les proches de la jeune fille ont reçu comme consigne du consulat français de rester discrets. « J'ai fermé tous les comptes Facebook de façon à éviter que des escrocs lèvent des fonds en exploitant notre détresse », confie un proche de la jeune femme. Mais en prenant quelques précautions, son oncle accepte de se confier. « Elle a été poignardée dans Borough Market », explique ce Parisien, les traits tirés par ces dernières heures d'angoisse. « Ma nièce travaillait à Londres, comme beaucoup de jeunes Français qui cherchent à entrer dans la vie active. Ce soir-là, elle passait une soirée festive dans ce quartier célèbre pour ses restaurants et ses pubs. Je ne sais pas encore comment elle a été attaquée. Elle est encore incapable de parler. Mais pour le moment, c'est sa vie et sa santé qui comptent. Elle est passée très près de la mort. » État de veille En soufflant, le quinquagénaire rend hommage aux secours et aux médecins. « Ils ont fait un boulot extraordinaire pour ma nièce, ajoute-t-il. Dans un tel cas, avec l'hémorragie, c'était une question de secondes. Et ils l'ont sauvée. » Une autre famille française passe dans le couloir. Mais elle refuse de parler. « Je crois qu'une autre femme a été opérée ici. Mais je ne sais rien de plus », confie une jeune femme, avant de se taire, submergée par l'émotion. Contactée dans un autre hôpital de la capitale anglaise, la sœur d'une jeune femme, fauchée par le camion sur le London Bridge et dont le petit ami a disparu, s'est brièvement confiée. « Je suis à la recherche de mon beau-frère. Je veille ma sœur, écrit-elle. Je me concentre sur elle. C'est le plus important pour moi. » Dans l'après-midi, l'hypothèse d'une seconde disparition d'un ressortissant français est apparue. Les proches de Sébastien, un cuisinier de 36 ans, ont collé des avis de recherche sur le London Brigde. « Il était dans le quartier lorsque les terroristes ont attaqué, raconte son ami Damien. Ses amis et lui ont été séparés en prenant la fuite et, depuis, nous n'avons aucune nouvelle. » Une disparition confirmée hier soir par le ministre des Affaires étrangères, Jean-Yves Le Drian, venu soutenir à Londres les victimes françaises. « La France se tient aux côtés du Royaume-Uni », a déclaré le ministre, annonçant des « mesures conjointes » contre le terrorisme. Alexandre, lui, était serveur dans un restaurant dirigé par un Breton, le Boro Bistro, près de Borough Market. C'est là qu'il a été poignardé à mort par les terroristes. La sœur du gérant a expliqué à l'AFP que son frère avait vu « le van des assaillants juste au-dessus du Boro Bistro et l'un des terroristes sauter du pont sur les parasols de la terrasse du restaurant » où il a attaqué les clients et tué Alexandre. VIDEO. Attentat de Londres : «Ils ont encerclé les suspects, et les ont abattus»  "}