{"title": "Tunisie : le procès de l'attentat de Sousse reporté à l'automne", "newspaper": "leparisien", "author": "Le Parisien", "date_publi": "26/05/2017", "theme": "Faits divers", "content": " Le procès de dans lequel 38 touristes étrangers avaient été abattus fin juin 2015 dans une station balnéaire de Tunisie, s'est ouvert vendredi sous haute sécurité à Tunis, avant d'être reporté à l'automne prochain. Le parquet a fixé la prochaine audience a en effet été fixée au 3 octobre. Vingt-six personnes au total sont poursuivies dans le cadre de ce procès, . Les 20 autres accusés, tous de nationalité tunisienne, répondront de «crimes terroristes», «homicide» et «complot contre la sûreté de l'Etat, selon le parquet. Ils sont passibles, d'après la même source, de la peine capitale, sentence prévue par la loi antiterroriste de 2015 mais qui fait l'objet d'un moratoire en Tunisie depuis 1991. Le 26 juin 2015 à Port el-Kantaoui, près de Sousse, dans l'est du pays, un étudiant tunisien de 23 ans armé d'une kalachnikov avait surgi sur la plage, abattant une dizaine de personnes avant de pénétrer dans le complexe de l'hôtel Imperial Marhaba, où il avait continué à faire feu. Trente-huit personnes avaient été tuées dans cet attentat revendiqué par Daech, deuxième des trois attaques majeures survenues en Tunisie en 2015. VIDEO. Tunisiens et touristes se recueillent sur le lieu de l'attaque Les avocats des deux parties demandent le reportLe procès s'est ouvert en matinée dans une salle du tribunal placée sous haute sécurité, avec des policiers armés à l'entrée. Des responsables de l'ambassade de Grande-Bretagne, pays ayant payé le plus lourd tribut dans l'attaque avec 30 ressortissants tués, étaient présents. Me Barouni a dit avoir besoin de davantage de temps «pour étudier les procès-verbaux de l'enquête», et prédit un «long» procès. Plusieurs avocats se sont succédé devant le juge pour dire que leurs clients n'avaient aucun lien avec ««l'auteur» de l'attentat, en réclamant leur «libération provisoire».Selon les autorités tunisiennes, l'auteur de l'attaque, Seifeddine Rezgui, s'était «principalement» radicalisé sur internet, avant d'être formé au maniement des armes en Libye. Une avocate a en outre assuré que ses deux clients avaient été «torturés», «pendant les interrogatoires» et «même en prison». Une procédure devant la Cour royale de justice de Londres Cette attaque fait aussi l'objet d'une procédure devant la Cour royale de justice de Londres. Fin février, au terme de plusieurs semaines d'auditions, le juge Nicholas Loraine-Smith a estimé que la police tunisienne avait réagi de manière «chaotique» à Port el-Kantaoui. Durant ces auditions, l'avocat de 20 familles de victimes, Andrew Ritchie, avait évoqué un rapport tunisien remis au gouvernement britannique qui pointait des «failles» dans la sécurité. Le chef du gouvernement tunisien de l'époque, Habib Essid, avait reconnu dans un entretien à la radio-télévision BBC que la police avait été trop longue à intervenir. Le Royaume-Uni déconseille toujours les séjours en Tunisie Londres continue de déconseiller les voyages non essentiels en Tunisie, restriction que Tunis aimeraient voir levée. La Tunisie avait connu une série noire d'attentats en 2015 qui avait choqué le pays et laminé le tourisme, secteur clé de l'économie. En mars 2015,. La Tunisie a fait «des pas très importants dans la guerre contre le terrorisme (...) mais les menaces existent toujours, a récemment dit le Premier ministre Youssef Chahed. Fermé depuis juin 2015, l'hôtel Imperial Marhaba, théâtre de l'attentat de Sousse, a récemment rouvert sous une nouvelle appellation.  VIDEO. Le procès de l'attentat de Sousse s'ouvre à Tunis "}