{"title": "L'aéroport d'Amsterdam a-t-il échappé à un attentat ?", "newspaper": "leparisien", "author": "I.G.", "date_publi": "06/10/2016", "theme": "Faits divers", "content": " Les attentats de Paris et Bruxelles en cachaient peut-être un autre. Voilà ce que laisse entrevoir le contenu d'un ordinateur des commandos du 13 novembre 2015 et du 22 mars 2016 retrouvé par les policiers belges, et récemment décrypté, selon « le Monde ». Une série de fichiers informatiques ont été exhumés, dont certains portaient des noms correspondant aux attaques de Saint-Denis, du Bataclan, des terrasses parisiennes, et du métro Bruxellois. La présence d'un ultime fichier, baptisé « groupe Schiphol », du nom de l'aéroport d'Amsterdam, laisse envisager le projet d'une attaque avortée visant la capitale néerlandaise. Cette hypothèse est confortée par l'arrestation de deux membres présumés des commandos, arrêtés au printemps dernier en Belgique, à Molenbeek et à Anderlecht. A l'aide de fausses cartes d'identité, les deux hommes, d'origine tunisienne et suédoise, avaient acheté un ticket de bus Bruxelles-Amsterdam pour la journée du 13 novembre. L'un d'eux a admis face aux enquêteurs avoir passé une nuit sur place, avant de se raviser et d'expliquer avoir fait l'aller-retour dans la journée. Pour l'heure, on ignore s'ils devaient effectivement passer à l'acte, et si oui, les raisons qui les ont fait renoncer.  Par ailleurs, Bruxelles a de nouveau été le théâtre hier d'une attaque probablement terroriste. Un Belge de 43 ans a été interpellé en milieu de journée après avoir agressé au couteau, en pleine rue, deux policiers dans le quartier de Schaerbeek. L'un des fonctionnaires a été blessé au cou, l'autre à la gorge, mais leurs jours ne sont pas en danger. Un troisième agent a dû faire feu pour interpeller le suspect, qui a été blessé à la jambe. Selon plusieurs médias belges, l'auteur des coups de couteau, qui n'a émis aucune revendication en perpétrant ses attaques, est un ancien militaire, dont le nom est apparu dans d'anciens dossiers terroristes. Une perquisition a été menée à son domicile situé à Schaerbeek. Aucune arme ou explosif n'ont été découverts. Le 7 septembre dernier, la capitale belge avait connu une agression similaire, lorsque deux policiers avaient été attaqués au couteau, sans être blessés, grâce au port d'un gilet pare-balles. L'agresseur présumé, sans lien apparent avec la mouvance islamiste, avait été inculpé pour tentative de meurtre. "}