{"title": "Australie : deux morts dans une prise d'otage, la police antiterroriste saisie", "newspaper": "leparisien", "author": "Ch.G.", "date_publi": "05/06/2017", "theme": "Faits divers", "content": " Deux personnes mortes et trois policiers blessés. C'est le bilan d'une prise d'otage survenue lundi soir (heure locale) à Brighton, en banlieue de la ville de Melbourne, dans le Sud de l'Australie. Le journal  rapporte que la prise d'otage a commencé à 16h30 (8h30 en France) et qu'une vingtaine de coups de feu ont été entendus vers 18 heures (10 heures en France). Quand un individu a commencé à retenir contre son gré une femme dans un appartement, une explosion a en outre retenti. Une chaîne de télévision locale assure avoir été appelée par le preneur d'otage expliquant que «c'est pour l'Etat islamique, c'est pour Al-Qaïda», mélangeant ainsi les deux groupes terroristes djihadistes ultraradicaux et rivaux. Deux explosions  L'otage a été libérée saine et sauve. Les jours des policiers blessés ne sont pas en danger. Outre le preneur d'otage, un homme a été retrouvé mort avec une balle dans la tête. Un témoin affirme avoir entendu deux explosions environ vingt minutes avant la fin de la prise d'otage. La police de l'Etat de Victoria explique, , essayer de «déterminer si l'incident est de nature terroriste».\r\nL'homme était connu des services de l'antiterrorisme, bien qu'estimé comme à faible risque, selon le journal , citant un haut responsable. Le journal ajoute que l'individu tué par les forces de l'ordre était en liberté conditionnelle.   "}