{"title": "Attentat de Berlin : «Mon fils Inaki est un miraculé»", "newspaper": "leparisien", "author": "Notre Envoyé Spécial À Berlin Jean-Marc Ducos", "date_publi": "22/12/2016", "theme": "Faits divers", "content": " L'hôpital de la Charité, gigantesque complexe universitaire médical, est l'établissement le plus proche du lieu de l'attentat. C'est là qu'un jeune Espagnol, Inaki Ellakuria, 22 ans, a été conduit lundi soir . Le jeune homme, originaire de la région de Bilbao (Espagne), séjournait pour quelques mois dans la capitale allemande, où il poursuit des études d'économie appliquée dans le cadre d'un échange universitaire. Il fait partie des 54 blessés pris en charge par les hôpitaux berlinois. Lundi, Inaki visitait le marché de Noël avec deux autres amies, épargnées, elles, par la charge du camion. Treize blessés ont été soignés à l'hôpital de la Charité où deux personnes sont décédées des suites de leurs blessures dans les heures qui ont suivi leur admission. Et huit restent toujours dans un état grave dans cet établissement. Mercredi matin, Joachim Gauck, le président de la République fédérale d'Allemagne, a rendu visite aux blessés « très longuement », loin des caméras, comme l'a confirmé la direction de l'hôpital qui a fait renforcer la surveillance des accès. « Inaki est un miraculé. Il sait qu'il a échappé au pire. Il s'en est fallu de quelques centimètres... Il y a tant de victimes qui n'ont pas eu cette chance », lâche son père, José, arrivé à son chevet avec une proche dès mardi après les premières opérations subies par son fils. Le gouvernement de la région du Pays basque a financé le voyage de la famille jusqu'à Berlin. Longue liste de blessures « Mon fils a vu le camion quitter la route autour de l'église et venir percuter volontairement les chalets du marché de Noël. C'était l'heure d'affluence. Il a dit avoir été balayé par le camion, avoir eu très mal aux jambes », continue le papa, surpris par le froid glacial berlinois qui s'engouffre dans les allées de cet hôpital. « Il a le tibia et le péroné de la jambe gauche cassés. Il semble que l'une des roues de la remorque lui soit passée dessus. Les médecins redoutaient de devoir l'amputer. Mais eux aussi, ils font des miracles, et qu'ils en soient remerciés. Ce sont des héros », continue le père à la voix rocailleuse tout en multipliant les SMS pour répondre aux amis d'Inaki qui ont vu défiler quelques messages sur un réseau social où l'étudiant égrenait la liste de ses blessures. Le jeune homme a déjà subi de longues opérations pour remettre en place sa jambe gauche, mais il devra aussi être traité pour une fracture de la hanche droite, visiblement très abîmée. Sans oublier une cheville broyée qu'il va falloir reconstruire. « Il souffre énormément. Heureusement, les calmants font de l'effet. Il est lucide et c'est ce qui importe », poursuit le papa qui « ne pensai[t] pas » venir à Berlin voir son fils sur « un lit de douleurs ». « Il devait rentrer à la maison pour les fêtes... », lâche-t-il avant de décrocher son téléphone.  "}