{"title": "Etats-Unis : le suspect de l'attentat de Manhattan plaide non coupable", "newspaper": "leparisien", "author": "Le Parisien", "date_publi": "18/11/2016", "theme": "Faits divers", "content": "Le suspect  et dans le New Jersey, longtemps immobilisé par ses blessures, a plaidé jeudi non coupable devant un juge fédéral de Manhattan. Huit chefs d'accusation fédéraux étaient retenus contre lui. pendant des semaines de comparaître devant un juge, en raison des multiples blessures qu'il a subies lors de la fusillade qui a mené à . Tous les chefs d'accusation sont liés aux bombes artisanales qu'il est soupçonné d'avoir posées à Manhattan et dans le New Jersey le week-end du 17 septembre. , faisant 31 blessés légers. La plupart des autres n'ont pas explosé et aucune n'a fait de victimes. Après son arrestation, des notes ont été retrouvées dans lesquelles le jeune homme, qui avait effectué plusieurs voyages en Afghanistan et au Pakistan, évoquait Ben Laden et un idéologue d'Al-Qaïda, pointant des motivations djihadistes. L'accusé est défendu par un avocat commis d'office, David Patton. Il est le seul suspect dans cette affaire. VIDEO. New York : l'explosion de Chelsea était « intentionnelle »   "}