{"title": "Terrorisme : le nombre de mineurs mis en examen a quadruplé en un an ", "newspaper": "leparisien", "author": "Victor Fortunato (@vfortunato1)", "date_publi": "24/01/2017", "theme": "Faits divers", "content": " Le nombre de  a presque quadruplé en un an, passant de 13 à 51, selon des chiffres communiqués lundi par . Il s'agit soit d'adolescents «partis, soit de mineurs velléitaires qui, empêchés de partir, ont des projets d'action violente sur le territoire national», a détaillé le procureur lors de l'audience de rentrée du tribunal de grande instance de Paris.  qui, via la messagerie cryptée Telegram, les a incités depuis la zone irako-syrienne à passer à l'acte en France. 1.236 personnes dans le viseur de la justice «Face à cette évolution qui a véritablement émergé à l'été 2016, sept juges des enfants sur quinze ont spontanément accepté de se spécialiser dans le traitement de ces dossiers alors qu'aucun d'entre eux n'avait pu sérieusement envisager une telle perspective l'année précédente», a relevé Jean- Michel Hayat, président du tribunal de grande instance de Paris. A ce jour, 1.236 personnes sont dans le viseur de la justice: 355 ont été mises en examen, dont 112 femmes, les autres sont recherchées et font l'objet de mandat d'arrêt ou de mandat de recherche. Face à ce qui est devenu «un véritable contentieux de masse», des réponses pénales rapides ont été mises en place comme la possibilité de comparution immédiate pour les affaires d'apologie et de consultation de sites djihadistes, a relevé François Molins. «Les enfants constituent des bombes à retardement» selon François Molins Le procureur est aussi revenu ce mardi matin sur  sur «la menace du retour» des djihadistes français actuellement en zone irako-syrienne. «Nous sommes aussi confrontés à la menace des retours car 693 Français, dont 288 femmes et 20 mineurs, sont identifiés à ce jour comme combattants dans les rangs de Daech. Tous ces gens survivants du conflit irako-syrien sont susceptibles de rentrer en France».  \"Nous sommes aussi confrontés à la menace des retours\" dit François Molins, le procureur de la République de Paris \r\n— Europe 1 (@Europe1)  Le procureur de la République a précisé sur Europe 1 que «les enfants vont poser des problèmes plus spécifiques car Daech a utilisé ces mineurs pour mener des exactions.» François Molins poursuit : «Ces enfants constituent des bombes à retardement car ils ont vécu dans des conditions extrêmes. Il faudra trouver des modes de prise en charge adaptés à leur retour». "}