{"title": "Londres : arrestation d'un homme de 30 ans soupçonné de faits de terrorisme", "newspaper": "leparisien", "author": "G.L.", "date_publi": "07/06/2017", "theme": "Faits divers", "content": " Dans le cadre de l'enquête sur , la police londonienne a annoncé mercredi matin avoir arrêté, dans la nuit, un homme de 30 ans soupçonné de «commission, préparation ou incitation à des actes terroristes». Il a été placé en garde à vue. Les officiers du contre-terrorisme de la Metropolitan Police, assistés d'une unité chargée du maintien de l'ordre, le Territorial Support Group, ont procédé à cette arrestation vers 1h30 (2h30, heure de Paris) dans le quartier d'Ilford, dans l'est de Londres. «Une fouille est en cours à cette adresse», a précisé la police dans un communiqué publié à 5 heures (6 heures à Paris). Mardi matin, Scotland Yard avait rapporté avoir perquisitionné une adresse dans le même quartier d'Ilford, mais sans arrêter quiconque. Depuis l'attentat de samedi, qui a fait sept morts, la police londonienne concentre ses recherches dans l'est de la capitale britannique, notamment dans le quartier de Barking où deux des terroristes résidaient. En lien, cette fois-ci, avec l'enquête sur , , pour «infraction aux lois antiterroristes». «Cette arrestation avait été planifiée et n'est pas liée à une menace directe visant l'aéroport», a-t-elle indiqué, sans préciser à quel moment l'individu de 38 ans a été placé en détention. "}