{"title": "Terrorisme : un adolescent, proche de Rachid Kassim, interpellé en Bretagne ", "newspaper": "leparisien", "author": "Le Parisien", "date_publi": "18/11/2016", "theme": "Faits divers", "content": "Complice présumé de Rachid Kassim, , un adolescent d'origine belge de 17 ans a été interpellé chez lui à Rennes (Ille-et-Vilaine) mardi matin,  À l'issue de 72 heures de garde à vue, il devait être déféré ce vendredi après-midi devant le parquet antiterroriste de Paris dans le cadre d'une enquête pour «association de malfaiteurs terroristes criminelle».\r\nSurnommé «Abou Omar» sur la messagerie cryptée Telegram, H.M. aurait été très actif pendant plusieurs mois sur la chaîne utilisée par Rachid Kassim, désormais fermée. Parti rejoindre les rangs de Daech en 2012, ce dernier  et les inciter à passer à l'acte. Rachid Kassim, 29 ans, est impliqué dans une quinzaine d'enquêtes judiciaires du pôle antiterroriste de Paris,  fin juillet ou , dans l'Essonne, en septembre. Sa famille s'était récemment installée à Rennes \r\nH.M. aurait ainsi fait office d'entremetteur Kassim et de jeunes islamistes. Il aurait aussi «organisé des rencontres virtuelles entre ces jeunes terroristes en herbe», selon LCI. Parmi eux, deux adolescentes de 15 et 16 ans arrêtées en août à Melun et Clermont-Ferrand avant d'être incarcérées. L'adolescent a été interpellé dans le cadre de l'enquête sur une autre mineure de 16 ans, arrêtée en août alors qu'elle se disait prête à commettre une action violente, sur la messagerie cryptée Telegram.Cette jeune fille arrêtée à Melun, décrite comme «très radicalisée» par une source proche de l'enquête, avait été mise en examen et écrouée par un juge d'instruction parisien. Depuis, un autre homme avait été arrêté, considéré comme celui qui co-administrait la chaîne Telegram de l'adolescente. Le jeune homme arrêté cette semaine était en lien avec cet homme et se montrait lui aussi actif sur la chaîne Telegram de Rachid Kassim.\r\nLes enquêteurs s'interrogent sur la volonté de l'adolescent, né en Belgique, et dont la famille s'était récemment installée à Rennes, de vouloir passer à l'acte.Depuis cet été, au moins une quinzaine de personnes souvent jeunes voire mineures ont été interpellées et mises en examen pour des menaces d'attentats inspirées par les appels aux meurtres lancés sur internet par le jihadiste français Rachid Kassim depuis la zone turco-syrienne.  "}