{"title": "Villemomble : un drapeau de Daech en guise de rideau", "newspaper": "leparisien", "author": "C.S.", "date_publi": "08/12/2016", "theme": "Villemomble", "content": "Le rideau noir avec les inscriptions blanches n’est pas passé inaperçu dans cette cité de Villemomble. Pour la police, rapidement avertie, il s’agit du « drapeau de Daech », et pénalement, d’une « apologie du terrorisme ». Le couple vivant dans l’appartement a été interpellé et placé en garde à vue au commissariat de la ville. L’homme et la femme y étaient toujours ce jeudi. Ils sont par ailleurs visés par une assignation à résidence. "}