{"title": "Royaume-Uni : arrestation d'un suspect de terrorisme qui tentait de quitter le pays en Eurostar", "newspaper": "leparisien", "author": "Le Parisien", "date_publi": "04/04/2017", "theme": "International", "content": " Un jeune homme de 18 ans, soupçonné «de préparer des actions terroristes», a été arrêté mardi après-midi alors qu'il «tentait de quitter le Royaume-Uni» à bord d'un Eurostar, a indiqué la direction du contre-terrorisme de la police britannique. Il devait prendre un train au départ de la gare internationale de St Pancras à Londres, quand il a été arrêté à 14h30 (15h30 à Paris). «Il a été arrêté parce qu'il est soupçonné de préparation d'actes de terrorisme, de dissémination de publications terroristes et d'incitation au soutien d'une organisation interdite», précise la police.  Toutefois, «cette arrestation n'est pas liée à des délits contre le Royaume-Uni», indique encore la police sans plus de détails. Une perquisition était en cours dans le nord de Londres. Contacté par l'AFP, un porte-parole de la compagnie Eurostar a indiqué à l'AFP n'avoir «aucune information» sur cette arrestation. Plus d'infos à venir sur Le Parisien  "}