{"title": "Présidentielle 2017 : chômage et terrorisme, premières préoccupations des Français", "newspaper": "leparisien", "author": "Le Parisien", "date_publi": "28/09/2016", "theme": "Election présidentielle - sondages", "content": "La lutte contre le terrorisme reste la première préoccupation des Français (64%) dans la perspective de la présidentielle de 2017, mais l'inquiétude des Français pour l'emploi - que pas une majorité, qu'elle soit de droite ou de gauche, n'a véritablement réussi à préserver - est en passe de la détrôner. Selon un sondage Ifop  (*) publié ce mercredi, la « lutte contre le chômage et la relance de l'activité économique » compteront « beaucoup » pour 63% des sondés. Au mois de juillet, c'était 60%. Si l'on ajoute les sondés qui estiment que le sujet comptera « assez », on atteint même 93% des personnes interrogées. 64% des sondés seront attentifs, à l'heure du choix aux propositions pour lutter contre le terrorisme. C'est trois points de moins qu'en juillet où cette question atteignait 67 . La fiscalité et le niveau des impôts semblent le troisième sujet de préoccupation des électeurs (50%), à égalité avec la question des migrants. Le fonctionnement de l'Union européenne, le dumping social, l'encadrement du secteur de la finance, sont remisés aux derniers rangs.(*) Sondage en ligne réalisé du 20 au 22 septembre auprès de 1 000 personnes de 18 ans et plus (méthode des quotas).  "}