{"title": "VIDEOS. Attentats déjoués : les suspects étaient «téléguidés par Daech» ", "newspaper": "leparisien", "author": "Le Parisien", "date_publi": "25/11/2016", "theme": "Faits divers", "content": "Le procureur de la République de Paris, François Molins, tient une conférence de presse ce vendredi midi, après , soupçonnés d'avoir voulu commettre un attentat le 1er décembre en région parisienne, a annoncé le parquet dans un communiqué. , de manière exceptionnelle, au-delà de 96 heures. Quatre Français, âgés de 35 à 37 ans et inconnus des services antiterroristes,  Deux d'entre eux sont soupçonnés d'avoir séjourné en Syrie en 2015. Le cinquième homme gardé à vue, Hicham E., Marocain de 46 ans arrêté à Marseille, avait été signalé pour radicalisation par les services de renseignement du Portugal, pays où il résidait, après plusieurs voyages suspects en Europe., selon une source proche de l'enquête.   Vidéo. François Molins : «La menace reste particulièrement élevée.»   >>> Suivez en direct la conférence de presse de François Molins.   13h02. Une clef USB retrouvés au domicile de Yassine B. a permis de confirmer la menace. Les informations contenues dans cette clef USB font notamment mention «d'une somme d'argent, de coordonnées GPS et de moyens de se procurer armes et argent», a indiqué le procureur. Par ailleurs, le suspect interpellé à Marseille avait 4281 euros en liquide sur lui.  12h59. Pas de cible précise, mais un attentat imminent. «Les exploitations techniques réalisées sur des éléments saisis lors de perquisitions à Strasbourg ont permis d'établir qu'une action était envisagée par le groupe strasbourgeois le 1er décembre» a confirmé le procureur, «sans qu'on puisse toutefois déterminer à ce stade la cible précise choisie parmi toutes celles que le groupe envisageait», a-t-il ajouté, évoquant leur «volonté manifeste de trouver et repérer des cibles pour agir à très court terme».12h46. Trois des suspects avaient des «velléités de partir rejoindre Daech en Syrie». Deux des supects interpellés à Strasbourg, Hicham M. et Yassine B. se sont rendus en mars 2015 à la frontière turco-syrienne. Hicham E., le Marocain de 46 ans arrêté à Marseille, avait quant à lui été refoulé par la Turquie durant l'été 2015. Il avait déjà été signalé pour radicalisation par les services de renseignement du Portugal, où il résidait.  Vidéo. L'animateur périscolaire interpellé n'avait « aucun signe de radicalisation » selon Vallaud-Belkacem\r\n  12h35. Les cinq suspects, des«opérationnels de Daech», ont reçu des instructions communes,  pour se procurer des armes, d'un donneur d'ordre depuis la zone irako-syrienne. Chez Yassine B, à Strasbourg, un pistolet «Sig-Sauer», un «glock», et des chargeurs, et des dizaines de cartouches. Chez Hicham M, les enquêteurs ont mis la main sur un pistolet automatique, un mitrailleur et 60 cartouches. Ils attendaient bien une livraison d'armes. «Les malfaiteurs étaient en possession ou en quête d'armes et de financements» s'apprêtaient à passer à l'acte, a confirmé le procureur, et «cherchaient des cibles».   12h32. Deux des suspects avaient téléchargé l'application Periscope le soir de leur interpellation. Yassine B et Hicham M., interpellés à Strasbourg, ont téléchargé l'application qui permet de diffuser des vidéos en direct, le soir même du coup de filet. Les perquisitions menées à Strasbourg ont aussi permis de mettre la main sur des écrits d'allégeance à Daech. «Chez Yassine B, un cahier a été trouvé avec douze pages d'inscriptions manuscrites faisant référence au djihad et à Abou Bakr al-Baghdadi» a ajouté le procureur. Chez Hicham M, des écrits portant des menaces claires contre la France ont aussi été retrouvés.  12h24. Les suspects étaient des «amis de longue date», affirme François Molins. Comme les téléphones saisis ont permis de le démontrer, quatre des cinq suspects «se voyaient régulièrement et communiquaient régulièrement en réseau fermé» a-t-il ajouté. Le premier suspect est Yassine B, 37 ans, employé en qualité d'animateur dans une école et dont le casier judicaire était vierge. Le deuxième, Hicham M., 37 ans également, de nationalité française, manutentionnaire, a six condamnations à son casier. Samy B, Franco-Tunisien de 36 ans, employé dans une épicerie et père de trois enfants, a 7 condamnations à son actif. Zakaria M., 36 ans, Franco-Marocain, ne portait aucune condamnation à son casier judiciaire. Enfin, Hicham E, le cinquième, a 26 ans, est Marocain, dont le casier judiciaire est vierge, est sans domicile fixe, a précisé le procureur.   Vidéo. Attentat déjoué : «C'est quelqu'un d'ouvert», témoigne un ami de Yassine B. 12h16. Les individus présentés devant un juge d'instruction ce vendredi. Les cinq suspects ont été déférés ce midi en vue d'une mise en examen. «Nous requérons le placement en détention provisoire des individus», a indiqué François Molins.  12h09. Le procureur prend la parole. «La menace sur notre territoire est et demeure particulièrement élevée» a déclaré en préambule François Molins, tenant aussi à souligner «la qualité du travail du parquet». En outre, «la section antiterroriste de mon parquet ouvre ce jour une information judiciaire», pour «acquisition, détention, transport, offre et cession illégale d'armes de catégorie A et B, le tout en réunion avec une entreprise terroriste», a ajouté le procureur.  12 heures. Conférence de presse . Le procureur François Molins doit s'exprimer d'ici quelques minutes sur les attentats déjoués en région parisienne ces derniers jours.\r\n    "}