{"title": "Second tour de la présidentielle : sécurité maximale aux abords des bureaux de vote", "newspaper": "leparisien", "author": "Le Parisien", "date_publi": "06/05/2017", "theme": "Election présidentielle", "content": " Une sécurité renforcée autour des bureaux de vote, des dizaines de milliers de policiers et gendarmes mobilisés, des rassemblements et des manifestations d'après résultats sous haute surveillance : se déroulera dimanche sous «des conditions de sécurité maximales», selon le ministère de l'Intérieur. «Comme lors du premier tour de scrutin, plus de 50 000 policiers et gendarmes seront engagés dimanche, aux côtés des militaires de l'opération Sentinelle et des polices municipales, pour assurer la sécurité aux abords des bureaux de vote et pour intervenir immédiatement en cas d'incident», a déclaré le porte-parole du ministère, Pierre-Henry Brandet. À l'intérieur et aux abords immédiats du bureau, «le président du bureau de vote a seul la police de l'assemblée» et «nulle force armée ne peut sans son autorisation être présente» rappelle l'Intérieur. L'ensemble des bureaux parisiens sous étroite surveillance Dimanche, en métropole, les 66 546 bureaux de vote ouvriront à 8 heures et fermeront à 19 heures, à 20 heures dans certaines grandes villes. À Paris, la «totalité des 896 bureaux de vote répartis sur 585 sites seront couverts par un dispositif de gardiennage et de sécurité»,  de 7 heures à 23 heures, selon Bruno Julliard, premier adjoint de la maire PS de Paris Anne Hidalgo. Une initiative municipale qui s'ajoute à la mobilisation de 12 000 policiers et militaires sur l'agglomération parisienne, dont 5000 effectifs spécifiquement dédiés à la sécurisation du scrutin et à la garantie de l'ordre public, selon la préfecture de police. LIRE AUSSI Les célébrations d'après résultats seront également placées sous haute surveillance. L'équipe d'Emmanuel Macron a déjà annoncé qu'en cas de victoire, le candidat d'En Marche célébrera son succès sur l'esplanade du Louvre, mais les lieux où Marine Le Pen pourrait fêter sa victoire n'ont pas été divulgués. La crainte de manifestations violentes Une cellule de suivi sera, comme lors du premier tour, activée dans les locaux du ministère de l'Intérieur, place Beauvau, «de manière à adapter en permanence les dispositifs de sécurité et prévenir et contenir les éventuels troubles à l'ordre public qui pourraient survenir». Quel que soit le résultat de dimanche soir, les autorités et les forces de l'ordre ne font pas mystère de leurs craintes de possibles violences,  Dimanche, la préfecture de police de Paris mobilisera «un dispositif de sécurisation renforcée, par la mise à disposition d'unités de forces mobiles pré-positionnées sur le territoire de l'agglomération». Selon la porte-parole de la préfecture de police Johanna Primevert, 69 arrêtés d'interdiction de séjour ont été pris par le préfet de Police Michel Delpuech pour les 7 et 8 mai. "}