{"title": "Sécurité maximale au Troc et puces", "newspaper": "leparisien", "author": "Hendrik Delaire", "date_publi": "01/10/2016", "theme": "Seine-et-Marne", "content": "« Dès que nous avons appris l'annulation de la braderie de Lille, nous avons rapidement décidé, avec le maire, Guillaume Le Lay Felzine [NDLR : PS] de maintenir le Troc et puces ». Pour Philippe Aumard, vice-président du comité des fêtes et premier adjoint au maire de Torcy, il était hors de question d'annuler la 37e édition d'une des plus grandes brocantes de France, qui aura lieu demain. Le rendez-vous attire chaque année près de 100 000 visiteurs au milieu de 900 stands d'exposants. « C'est l'événement de l'année pour la ville et on ne va pas s'empêcher de l'organiser à cause d'une éventuelle menace terroriste, explique Philippe Aumard. Bien sûr, nous ne faisons pas d'angélisme et nous avons décidé de renforcer le dispositif de sécurité cette année. » Parmi les nouvelles mesures de sécurité, le renforcement des effectifs de la police municipale et des équipes de sécurité privée, l'installation de blocs de béton sur certains trottoirs pour éviter qu'un véhicule ne puisse forcer un barrage, comme lors de l'attentat de Nice, la mise en place de 24 points fixes de contrôle aux accès et la suppression d'une partie du parcours dans les ruelles adjacentes à la rue de Paris. Des mesures qui complètent un dispositif déjà renforcé au fil des ans. « Un emplacement sera prévu sur le stade du Frémoy pour permettre à un hélicoptère de se poser. Quant aux véhicules des 900 exposants, ils ne pourront accéder au site que jusqu'à 9 heures. » Ce renforcement des mesures de sécurité a fait grimper le budget sécurité à 10 000 €, contre 6 000 € en temps normal. Ce surcoût sera absorbé en diminuant sensiblement les équipements du village ludique. Demain à partir de 9 heures à Torcy, rue de Paris. "}