{"title": "Seine-Saint-Denis : les frères Belmir écroués pour terrorisme", "newspaper": "leparisien", "author": "N.R.", "date_publi": "06/03/2017", "theme": "Faits divers", "content": "Deux frères et leurs deux cousins (eux-mêmes frères), vivant à Clichy-sous-Bois (Seine-Saint-Denis) et âgés de 15 à 22 ans, ont été mis en examen et écroués pour association de malfaiteurs en relation avec une entreprise terroriste, ce week-end. Ils sont soupçonnés d’avoir voulu préparer un attentat. Trois d’entre eux ont été incarcérés. Le quatrième, âgé de 22 ans, était déjà détenu depuis juillet 2015 dans le cadre d’un autre dossier de terrorisme. La justice lui reprochait d’avoir financé une entreprise terroriste, en l’occurence il avait fait parvenir des mandats à deux candidates au jihad en Syrie.Mardi dernier, les quatre suspects avaient été interpellés à Clichy-sous-Bois (Seine-Saint-Denis) par la direction générale de la sécurité intérieure (DGSI) sur commission rogatoire d’un juge d’instruction du pôle antiterroriste. Ce coup de filet faisait suite à la découverte, le 17 janvier, de deux flacons d’acétone, d’une bouteille d’acide sulfurique, d’une plaque d’aluminium et d’un thermomètre. Ce matériel est susceptible d’entrer dans la confection d’explosifs, notamment le TATP, un produit couramment employé par les terrroristes.Les produits avaient été retrouvés dans la gaine technique d’un immeuble des Bois-du-Temple à Clichy. Des empreintes ADN appartenant aux mis en examen avaient été relevées sur les bouteilles de produits chimiques. Il est apparu que c’est aussi dans cet immeuble que résidait un individu fiché S, l’un des frères Belmir. Les produits suspects étaient dissimulés un étage sous son logement.   "}