{"title": "Vitry : des policiers pensent avoir croisé un djihadiste présumé", "newspaper": "leparisien", "author": "D.C.", "date_publi": "02/05/2017", "theme": "Vitry-sur-Seine", "content": "Le cas d’un Marocain suspecté de vouloir commettre un attentat en France a été évoqué en fin de semaine dernière au ministère de l’Intérieur. Des policiers pensent en effet l’avoir croisé près du commissariat de Vitry un peu plus tôt. Par mesure de sécurité, les consignes de vigilance habituelles ont été rappelées. Les services de renseignement, qui estiment « qu’il n’est pas impossible que cette personne soit actuellement en Ile-de-France », pensent que cet homme « pourrait vouloir viser un policier, pris au hasard dans la rue, sans préparation en amont ». Si la dangerosité de l’individu est réelle, le doute subsiste sur sa présence réelle à Vitry. D’où la décision du ministère de l’Intérieur de prononcer une « levée de doute », c’est-à-dire de mener des vérifications sur « la matérialité et de la concordance des indices laissant présumer la commission d’un crime ou délit flagrant concernant les biens meubles ou immeubles ». « En clair, on n’est pas sûr qu’il s’agisse de lui, précise un policier. Il y a un doute mais des doutes comme celui-là, on en a plusieurs par semaine. On les fait remonter systématiquement mais ça ne donne pas lieu à une inquiétude particulière. » "}