{"title": "Menace terroriste : l'état d'urgence est prolongé jusqu'au 15 juillet ", "newspaper": "leparisien", "author": "Le Parisien", "date_publi": "14/12/2016", "theme": "Attentats à Paris", "content": " L'Assemblée nationale a adopté par 288 voix contre 32, dans la nuit de mardi à ce mercredi, , jusqu'au 15 juillet 2017. \r\nCette prolongation devrait être votée conforme jeudi au Sénat afin d'éviter une interruption automatique de l'état d'urgence le 22 décembre. La France connaîtra ainsi(soit 20 mois) depuis la création de ce régime d'exception pendant la guerre d'Algérie. Ce mercredi matin, le ministre de l’Intérieur Bruno Le Roux, invité de RTL, a justifié la prolongation de l’état d’urgence en rappelant que « la menace est forte ». Pour rappel, a-t-il expliqué, «un attentat déjoué en 2013, 17 attentats déjoués en 2016». \r\nPar ailleurs, il a annoncé que davantage de militaires seraient mobilisés pour assurer la protection pour les fêtes de fin d’année. «Quand il y a des rassemblements de personnes à Noel, il faut assurer leur sécurité totalement», a-t-il assuré. «Il y aura une protection renforcée pour remonter le niveau de militaires engagés dans l'opération sentinelle», a-t-il ajouté. Le chiffre des militaires supplémentaires engagés sera annoncé dans la matinée. «Ce chiffre correspond totalement aux demandes des préfets pour la période de Noël et de la Saint-Sylvestre». Front de gauche et écologistes contre\r\nLundi soir, la très grande partie de la majorité et de l'opposition ont voté pour. Seuls les députés Front de gauche, les écologistes contestataires et une poignée de députés LR ont voté contre. le régime d'état d'urgence permet notamment des assignations à résidence,, des interdictions de cortèges, des contrôles d'identité et fouilles de bagages et de véhicules, des fermetures de lieux de réunion. \r\nLa prolongation jusqu'au 15 juillet permettra «d'enjamber» l'élection présidentielle d'avril-mai et les élections législatives de juin afin de laisser le soin à un nouveau gouvernement de décider (ou non) d'une sortie de l'état d'urgence. Le projet de loi stipule d'ailleurs que la prolongation ne sera pas interrompue par les démissions du gouvernement suivant les élections. Léger couac sur la durée des assignations à résidence\r\nLe seul incident de cette soirée a concerné la modification introduite par le projet de loi pour les assignations à résidence, jusqu'ici non limitées dans le temps, ce qui pouvait conduire à «une durée excessive au regard de la liberté d'aller et de venir», selon le Conseil d'Etat. En commission, les députés les avaient limité à 12 mois maximum, avec prolongation possible de trois mois sur décision du Conseil d'État. \r\nEn séance, ils sont d'abord revenus, après un vote serré à l'initiative de Guillaume Larrivé (LR), à la version initiale du gouvernement, qui proposait de limiter l'assignation à «15 mois consécutifs en l'absence d'éléments nouveaux». Mais le président de la commission des Lois Dominique Raimbourg (PS) a demandé un second vote sur cet amendement remettant en cause «la ligne de crête entre protection des libertés et efficacité de l'état d'urgence» et ayant déjà «fait l'objet de discussions avec le Sénat» majoritairement de droite. \r\nCafouillage et colère de la droite, qui a crié dans l'hémicycle «au déni de démocratie» et à «l'amateurisme» du ministre, qui s'en était remis à la sagesse de l'Assemblée. Le texte est néanmoins revenu à la version de la commission. "}