{"title": "L'Allemagne cible d'attaques terroristes en série en 2016", "newspaper": "leparisien", "author": "Le Parisien", "date_publi": "20/12/2016", "theme": "International", "content": " La chancelière allemande Angela Merkel l'a confirmé ce mardi matin. L est bien un acte terroriste. Vers 20 heures, un camion a foncé sur la foule en plein coeur de la capitale allemande, rappelant le scénario du 14 juillet à Nice, où 86 personnes avaient péri. Engagée dans la lutte contre Daech, , expert en terrorisme. Jusqu'à présent épargné par les attaques djihadistes de grande ampleur, le pays a cependant été la cible de plusieurs attentats en 2016, commis par des personnes isolées. . La dernière alerte remonte à mi-décembre, avec l'arrestation d'un enfant germano-irakien de 12 ans, soupçonné d'avoir voulu faire exploser un engin sur un marché de Noël à Ludwigshafen. Trois attaques revendiquées par Daech en 2016. Un jeune demandeur d'asile de 17 ans, affirmant être afghan, agresse les passagers d'un train à coups de hache et de couteau près de Wurtzbourg, en Bavière (sud). Cinq personnes sont blessées, l'auteur est tué par la police. Le lendemain, . . Un réfugié syrien de 27 ans, débouté de sa demande d'asile, se fait exploser dans le centre d'Ansbach, une ville de 40000 habitants en Bavière, à proximité d'un festival de musique en plein air. Il est tué dans la déflagration, tandis que quinze personnes sont blessées. L'agence Amaq, un organe de propagande de Daech, affirme que l'auteur de l'attentat est l'un de ses «soldats». . Daech revendique le meurtre d'un adolescent commis quinze jours plus tôt à Hambourg. Selon la police, la victime, âgée de 16 ans, avait été poignardée alors qu'elle était en compagnie d'une amie. Les autorités allemandes n'ont jamais arrêté de suspect, mais recherchent un individu âgé de 23 à 25 ans de «type méditerranéen». Les tentatives d'attentats et les attaques non revendiquées depuis 2015 . Il était en liberté conditionnelle après avoir été détenu pour appartenance à une organisation «terroriste» et un projet d'attentat contre un Premier ministre irakien en 2004. policier dans la gare de la ville. Cette action a été menée «sur ordre» du groupe Etat islamique, selon la police, bien qu'elle n'ait jamais été revendiquée. . Deux jours après, .\r\n . Il recherchait sur Internet des complices à qui donner des informations pour organiser un attentat contre le siège de la centrale à Cologne (ouest). . Il est soupçonné d'avoir voulu faire exploser le 26 novembre et le 5 décembre un engin comportant des clous à Ludwigshafen (sud-ouest), d'abord sur un marché de Noël puis sur la place de la mairie. Son appareil de fabrication artisanal n'a pas fonctionné. "}