{"title": "EN IMAGES. New York : un marathon sous haute surveillance", "newspaper": "leparisien", "author": "Le Parisien", "date_publi": "06/11/2016", "theme": "Sports", "content": "Grande fête populaire du sport dans la Grosse Pomme, le marathon de New York s'est déroulé ce dimanche. Une course qui a vu ses 42,195 km traverser les quartiers de Staten Island, du Queens, de Brooklyn, du Bronx et de Manhattan. Et qui s'est tenu sous très haute surveillance en ces temps de menace terroriste. Un très important dispositif de sécurité s'est mis en place bien avant le départ et a veillé sur l'intégralité du parcours. "}