{"title": "Attentats : une étude révèle le coût de la préparation des attaques en France", "newspaper": "leparisien", "author": "V.F.", "date_publi": "17/10/2016", "theme": "Attentats à Paris", "content": "Une étude du centre d'analyse et du terrorisme (CAT), citée par, chiffre le coût du financement des attaques terroristes qui ont endeuillé la France depuisà Paris. L’organisme a épluché les comptes des frères Kouachi, d', d’ ou encore de, pour reconstituer chaque poste de dépense et comprendre comment les terroristes ont pu passer à l'acte.\r\nPour , les chercheurs arrivent à un total de 25 800 euros dont 21 000 euros ont été investis dans l’armement (deux pistolets-mitrailleurs CZ, six pistolets Tokarev, un revolver, deux fusils d’assaut et deux pistolets Zastava, ou encore un lance-roquettes). Une somme recueillie grâce à des fonds propres issus de  la vente illégale de chaussures et de vêtements made in China, mais aussi des prêts à la consommation.  Amédy Coulibaly était entré dans l'Hyper Cacher de la porte de Vincennes armé d'un Kalachnikov. (Photo : DR.) VIDEO. Assaut final du GIGN à Dammartin : les frères Kouachi tués\r\nPour  le financement est plus complexe et le CAT arrive à un total de 82 000 euros. Les terroristes ont pu compter sur l’aide directement fournie par Daech (2 000 à 3 000 euros par terroriste), relaye le JDD. Les terroristes ont également bénéficié des recettes de, d’une collecte de 3 800 euros réalisée en Grande-Bretagne , ou de 4 000 euros réunis en région parisienne par l’entremise de la cousine d’Abaaoud. Ainsi, 27 000 euros ont pu être consacrés aux déplacements des islamistes à travers l’Europe, 20 000 euros dans la location de « logements conspiratifs » en Belgique et en région parisienne, et 16 000 euros dans l’armement : six fusils d’assaut AK-47, un pistolet Browning et des vestes explosives. La location des 11 véhicules a coûté 11 000 euros, et les faux-papiers et la téléphonie 8 000 euros. Une voiture Clio noire de location qui a servi à la préparation des attentats avait été retrouvée boulevard Ornano à Paris le 17 novembre 2015. (Photo : LP/ Yann Foreix.) VIDEO. Traque d'Abaaoud : révélations sur un échec Améliorer la surveillance des flux financiers En ce qui concerne, sur la promenade des Anglais, le budget n'a pas dépassé les 2 500 euros. Cette somme a permis à Mohamed Lahouaiej-Bouhlel d'acheter une arme et de louer pour trois jours un camion de 19 tonnes. \r\nLe CAT, sur la base de son rapport, préconise donc une meilleure surveillance des flux financiers par Tracfin, et notamment par la mise en place d’un «registre central des prêts à la consommation» accessible à la cellule du ministère de l’Economie chargée de la lutte contre le blanchiment d’argent et le financement du terrorisme. Le CAT conseille également de créer «une grille d’alerte pour identifier les retraits suspects ou importants», en particulier si le détenteur du compte est fiché S.     VIDEO. « Hyper caché » : le livre témoignage d’un ex-otage de l’Hyper Cacher "}