{"title": "Marseille : le jeune médecin suspecté de djihadisme mis en examen", "newspaper": "leparisien", "author": "Le Parisien", "date_publi": "29/12/2016", "theme": "Faits divers", "content": " Sur Internet, il se faisait surnommer... «Albistouri». Un ancien interne de l'hôpital de la Timone à Marseille (Bouches-du-Rhône) a été mis en examen jeudi pour «association de malfaiteurs en relation avec une entreprise terroriste criminelle» et placé en détention provisoire, après plusieurs jours d'enquête antiterroriste. Ce jeune homme de 29 ans . Les enquêteurs pensent qu'il souhaitait rejoindre la zone de combat irako-syrienne. Le jeune radicalisé, qui a travaillé pendant trois ans dans les services hospitaliers marseillais, consultait régulièrement des sites djihadistes et des internautes avaient signalé certains de ses propos sur Twitter à la Plateforme d'Harmonisation, d'Analyse, de Recoupement et d'Orientation des Signalements (Pharos). «C'est un type très inquiétant», confie une source proche du dossier au quotidien. Lire.  À l'hôpital, pourtant, on indique simplement qu'il «avait effectué un stage d'internat de six mois en orthopédie», qui s'était terminé le 31 octobre. Il n'avait posé «apparemment aucun problème». De nature solitaire et taciturne, selon certains de ses collègues interrogés, le suspect est connu pour être un bon professionnel qui ne laissait rien transparaître de son éventuelle radicalisation. «Lorsqu'on évoquait les attentats dans des discussions, (il) était plutôt dans la condamnation de ces actes», selon un agent de la Timone.  "}