{"title": "Attentat de Londres : Birmingham, foyer de l'islamisme britannique", "newspaper": "leparisien", "author": "De notre envoyé spécial à Birmingham (Royaume-Uni), Nicolas Jacquard", "date_publi": "25/03/2017", "theme": "Faits divers", "content": " À l'entréede l'immense parking de la mosquée centrale de Birmingham, un panneau met en garde : les responsables du lieu déclinent toute responsabilité pour d'éventuels vols ou dommages commis sur place. Le discours de Mohamed Afzal, à la tête de la communauté, est identique pour condamner ceux qui, au nom de l'islam, commettent l'innommable. «, et quelle que soit sa cause, rien ne justifiera jamais de prendre des vies innocentes», martèle le dignitaire. «Une nouvelle fois, nous allons être montrés du doigt alors même que rien ne dit que cet homme fréquentait nos lieux de culte», anticipe un fidèle, résidant de la cité déclinante qui jouxte la mosquée. De fait, la radicalisation de Khalid Masood est bien antérieure à son installation dans la deuxième ville du Royaume-Uni. L'influence des shebabs somaliens et du Cachemire Cela n'empêche qu'à Birmingham, le terreau est plus qu'ailleurs favorable à l'extrémisme. Un document confidentiel de 1 000 pages, révélé début mars par le «Times», montrait notamment que 10 % de l'ensemble des Britanniques liés au terrorisme islamique, soit 39 individus, provenaient de quatre quartiers de la capitale des West Midlands alors même que la communauté musulmane y est numériquement plus faible que dans d'autres métropoles du pays. En 2013, dans une vidéo, les  se vantaient d'y avoir de l'influence. Mais les liens semblent surtout tournés vers le Cachemire, région disputée entre le Pakistan et l'Inde, où de jeunes musulmans de la ville sont allés se former au combat. Moinal Abedin, fondateur d'un camp d'entraînement au Pakisan, fut le premier à défrayer la chronique. En 2002, l'homme a été condamné à vingt ans de prison pour avoir fabriqué des bombes dans sa maison du quartier de Sparkbrook. Irfan Khalid, lui, voulait tuer «plus de 2 000 personnes» et a écopé de dix-huit ans de réclusion en 2013. Plus récemment, en décembre, Zakaria Boufassil, un Belge installé à Birmingham, a été reconnu coupable d'avoir confié 3 000 £ (3 400 €) à Mohamed Abrini, impliqué dans les attaques de Bruxelles et du 13 novembre 2015 à Paris. "}