{"title": "Les Tunisiens face à leurs démons djihadistes", "newspaper": "leparisien", "author": "Maurine Mercier, à Tunis (Tunisie)", "date_publi": "27/12/2016", "theme": "International", "content": " Après le , c'est une nouvelle fois un islamiste radical tunisien, , qui a signé la sanglante réplique sur un marché de Noël de Berlin, la semaine dernière. Secouée régulièrement par les attentats, cette jeune démocratie paie cash de jouer les premiers rôles dans l'actualité terroriste : les touristes se font rares, l'économie chancelle et les Tunisiens s'inquiètent — ils ont manifesté le 24 décembre dans la capitale — du retour au pays des 5 500 ressortissants djihadistes partis rejoindre les fanatiques de Daech (son plus gros contingent étranger) en Irak, en Syrie ou en Libye.  « Nous faisons tout pour que notre pays retrouve sa stabilité, mais j'avoue que je suis désespéré. Je ne comprends pas pourquoi autant de jeunes Tunisiens se radicalisent. » Karim Avadi, le jeune cogérant d'un restaurant de Tunis, n'est pas seulement désabusé : il peste aussi contre tous ceux, notamment la France, qui « désignent notre pays comme le plus grand exportateur de djihadistes ». « Le tourisme, explique le restaurateur, est la colonne vertébrale de l'économie tunisienne. L'image cruelle et injuste que les médias français renvoient tue notre pays. Ils oublient la responsabilité de leur propre Etat : en intervenant en Libye, Nicolas Sarkozy a semé le chaos. La Tunisie n'est pas la seule à porter la responsabilité du djihadisme. L'Europe oublie la sienne ! »  Elle en viendrait presque à douter « des bienfaits » du printemps arabe de 2011, qui a chassé le général Ben Ali du pouvoir. « De son temps comme de celui de Bourguiba, le terrorisme n'existait pas », note cette fonctionnaire de 40 ans, qui se dit « sous le choc ». « J'ai peur pour l'avenir de mes enfants. Et je n'admets pas que nous soyons ainsi pointés du doigt. C'est un pays de bons vivants ouverts, où l'on peut marcher dans la rue sans problème. Les terroristes sont dangereux, mais pas la Tunisie. D'ailleurs, je refuse de considérer les djihadistes comme Tunisiens. Je ne pourrai jamais pardonner à ces cinglés le mal qu'ils nous font. Ils doivent être déchus de leur nationalité ! »  « Honte », « peur », « dégoût »... Les mots de Mourad Chakek, commerçant de Tunis, en disent long sur le ressentiment qui habite les Tunisiens. « Jusqu'ici, nous avions très bonne réputation. J'ai peur que ce ne soit que le début et que les attentats se multiplient, ici et ailleurs. Notre économie pâtit des attentats et, si cela continue, elle va s'effondrer. Je comprends que les Européens nous en veuillent, mais nous, nous sommes doublement victimes. » La révolution de 2011 ? « J'y ai cru, mais elle a tout fichu par terre », poursuit-il. "}