{"title": "Attentat déjoué : Mahiedine Merabet, «M. Bonne Humeur» à Roubaix", "newspaper": "leparisien", "author": "De notre envoyé spécial à Roubaix, Nicolas Jacquard, avec J-M Décugis", "date_publi": "20/04/2017", "theme": "Faits divers", "content": " Trois gamins hauts comme trois pommes traversent la rue. «C'est ici !» murmure l'un, pointant du doigt une maison typique de ce Nord ouvrier, comme on désignerait une bâtisse hantée. Début 2016, ses briques rouges ont été repeintes en gris. Dans le même temps, ses trois appartements étaient refaits à neuf. C'est Mahiedine Merabet,  qui, le premier, a inauguré les lieux, emménageant l'été dernier avec sa compagne au deuxième étage. «C'était M. Bonne Humeur, se souvient Jamila*, qui réside au même numéro. Il semblait ouvert, apaisé, avec toujours un petit mot sympa ou une petite attention.» Du passé de délinquant du jeune homme, , aucun de ses nouveaux voisins ne savait rien. Encore moins de son radicalisme religieux, tant il a visiblement réussi à donner le change. «Il s'habillait à l'européenne, pas de barbe ni rien», reprend Jamila. «Ça nous arrive de boire un verre dans la cour et de jouer de la guitare, complète ce commerçant de la rue. Il ne nous a jamais fait une seule réflexion. Au contraire, pour l'Aïd, il nous avait amené des gâteaux !»  Tous, effarés, ont découvert mardi sa photo dans les médias. Se remémorant alors un épisode qui, tout de même, les avait alertés. Début décembre, ce même commerçant remarque, un lundi, une Peugeot 207 qui se gare dans la petite rue tranquille. «J'ai vu tout de suite que c'était la police. Ils l'ont laissée la semaine, et j'ai compris qu'à l'intérieur, il y avait une minicaméra. J'ai d'ailleurs cru que c'était après moi qu'ils en avaient !» Scolarisé dans une école catholiqueLe 7 décembre, les unités d'intervention investissent le petit immeuble. «Ils se sont d'abord trompés de porte, et ont failli défoncer la mienne», relève Jamila. A l'étage, les policiers découvrent... Clément Baur, qui se présente alors sous une fausse identité. Ils saisissent notamment un drapeau du groupe Etat islamique et de la documentation djihadiste. «Après la descente de police, j'ai demandé à Mahiedine ce qu'il avait fait, raconte Jamila. Il m'a dit : C'est rien, ne t'inquiète pas. J'ai pensé à une histoire de shit.» Quand les forces de l'ordre voudront l'assigner à résidence, Merabet avait disparu. «Depuis, la police passait régulièrement, souligne le commerçant, sans vouloir nous dire pourquoi.» A LIRE AUSSI\r\n>  Selon «la Voix du Nord», Merabet aurait été scolarisé, enfant, dans une école catholique du quartier de l'Epeule, à Roubaix. Plus récemment, il avait créé sa société de vente d'objets religieux. Après coup, la peur saisit Jamila. «Vous imaginez ? On ne sait pas ce qui aurait pu lui passer par la tête. Et je me dis qu'avec mon fils, à Nice ou ailleurs, je pourrais être, comme d'autres, victime de ces gens...» * Le prénom a été changé. "}