{"title": "Guyane : un exercice «attentat intrusion» dans un collège sème la panique", "newspaper": "leparisien", "author": "Le Parisien", "date_publi": "15/10/2016", "theme": "Faits divers", "content": " a provoqué jeudi un accès de panique , selon les autorités. «Des hommes cagoulés simulaient des terroristes. Ce n'était pas des gendarmes. C'étaient des personnels de l'éducation nationale, selon nos informations», explique la gendarmerie. «J'ai entendu plusieurs détonations. Je me suis enfermé à l'accueil et les élèves sont arrivés en criant. Quand les gendarmes sont arrivés, ils ont calmé les enfants», a raconté un personnel du collège Lise Ophion, à Matoury. «Les élèves étaient vraiment traumatisés. Ils pleuraient», selon un autre personnel du collège. «Deux jeunes filles de 14 ans et 15 ans» ont été prises en charge par les pompiers. Les gendarmes et pompiers non prévenus L'exercice organisé par le chef d'établissement et le rectorat s'est déroulé jeudi, vers 9 heures du matin. «Visiblement la préparation n'a pas été suffisante», a estimé un syndicaliste de l'Éducation nationale. Une note interne accrochée dans la salle des professeurs informait qu'«un exercice allait se dérouler entre le 10 et le 20 octobre». La gendarmerie et les pompiers n'avaient pas été prévenus. Le collège Lise Ophion est placé depuis 2014 sous convention Evidence. Cet outil, qui intègre les forces de l'ordre, a pour but de «prévenir et suivre les faits de violence au sein et aux abords des établissements scolaires». Le collège est aussi, comme le reste de l'académie de Guyane placé en Rep +, réseau d'éducation prioritaire renforcé. , où des CRS, qui n'avaient pas été mis au courant, étaient intervenus dans le port, armés jusqu'aux dents. VIDEO. Un parent d'élève du collège de Matoury témoigne "}