{"title": "Afghanistan : Daech attaque un hôpital de Kaboul, au moins 30 morts", "newspaper": "leparisien", "author": "Le Parisien", "date_publi": "08/03/2017", "theme": "International", "content": " Connu pour accueillir aussi bien les blessés des forces de l'ordre afghanes que les combattants insurgés, l'hôpital Sardar Daud Khan, principal hôpital militaire d'Afghanistan, a été la cible mercredi d'un commando d'insurgés islamistes déguisés en médecins. L'attaque de cet établissement de 400 lits, situé , a été revendiquée par le groupe Etat islamique sur la messagerie cryptée Telegram.\r\nL'attaque a pris fin vers 15h30, heure locale (midi, heure française), après six heure d'échanges de tirs, lorsque les forces spéciales afghanes, déposées par l'hélicoptère sir le toit de l'établissement, ont donné l'assaut. L'attaque a fait plus de 30 morts une cinqantaine de blessés. La plupart étaient des patients, des médecins et des infirmiers, a précisé le général Daud Waziri, porte-parole du ministère de la Défene. Les quatre assaillants ont également été tués.\r\nLa première explosion, déclenchée par un kamikaze à l'entrée arrière de l'hôpital, a retenti vers 9 heures (5h30, heure française). Jusqu'à la mi-journée, de nombreux tirs, explosions et grenades ainsi que les sirènes des ambulances ont retenti. Une déflagration au moins provenait d'une voiture piégée qui a explosé sans faire de victimes sur le parking de l'hôpital, selon le porte-parole de la Défense.\r\n Attaque des talibans à Kaboul il y a une semaine \r\n «J'étais dans le vestiaire, j'ai vu un homme habillé en médecin qui tirait avec un AK-47 sur les gardes et les patients au troisième étage», a confié un infirmier, Abdul Qadeer. «J'ai réussi à m'enfuir en escaladant les barbelés, mais mon ami a été touché».\r\n«J'étais au troisième étage, des attaquants vêtus de blouses blanches médicales ont réussi à se frayer un chemin depuis l'arrière», a raconté un des médecins sous couvert de l'anonymat. «Quand les tirs ont commencé, j'ai couru dans les couloirs, c'était la panique parmi le personnel et les visiteurs. J'en ai vu plusieurs tomber. Ils tiraient sur tout ce qui bougeait. Je me suis réfugié en réanimation et quand j'ai vu qu'il n'y avait pas d'autre issue j'ai sauté par la fenêtre», a-t-il ajouté, précisant s'être brisé la jambe en tombant. Cette opération intervient une semaine après une double attaque suicide le 1er mars contre deux enceintes des services de sécurité à Kaboul, police et renseignements (NDS), . Ce double attentat avait été revendiqué par les talibans.\r\n  "}