{"title": "Attaque au Louvre : l'Egyptien Abdallah El Hamahmy mis en examen", "newspaper": "leparisien", "author": "Le Parisien", "date_publi": "10/02/2017", "theme": "Faits divers", "content": " Abdallah El Hamahmy, l'Egyptien de 29 ans qui a , à Paris, a été mis en examen ce vendredi des chefs de tentatives d'assassinats sur personnes dépositaires de l'autorité publique en relation avec une entreprise terroriste et association de malfaiteurs terroriste en vue de la préparation de crimes d'atteintes aux personnes. Etant hospitalisé, il n'a pas été mis en détention provisoire dans l'immédiat, selon une source judiciaire. El Hamahmy, lourdement blessé par des tirs de riposte des militaires, est toujours soigné à l'hôpital Georges-Pompidou à Paris. Au début muet, l'homme, grièvement blessé au ventre par des tirs de riposte des militaires lors de son attaque dans la galerie marchande, avait commencé à parler aux enquêteurs lundi lors d'une troisième audition. Mais sa garde à vue avait été levée juste après du fait de la . Aucune revendication émise Lors de son audition, le suspect a affirmé avoir «agi de son plein gré»,  lorsqu'il a pénétré vendredi dans le Carrousel du Louvre. Mardi, le témoignage d'un guide touristique du musée du Louvre a révélé qu'. Alors qu'aucune revendication n'a été émise à ce stade pour cette attaque, les enquêteurs se sont interrogés sur un , et dans lequel ce dernier cite un extrait d'un discours de , le porte-parole de Daech, tué par une frappe de la coalition le 30 août en Syrie, selon le groupe Etat islamique. VIDEO. Militaire agressé au Louvre : «On a entendu les sirènes et on a été confiné» :  "}