{"title": "Terrorisme : la grande marche d'un des frères Merah pour dire non à l'intégrisme", "newspaper": "leparisien", "author": "Le Parisien", "date_publi": "16/02/2017", "theme": "Faits divers", "content": " Il sera de passage la semaine prochaine dans le quartier des Minguettes à Vénissieux, d'où étaient originaires certains «marcheurs» de 1983. Cinq ans après les tueries de son frère, Abdelghani Merah a entamé une longue marche à travers la France début février, reprenant l'itinéraire de la «marche des Beurs» pour alerter sur la montée de l'intégrisme religieux. Lire aussi.  Abdelghani, l'aîné de la fratrie, a dénoncé en 2012 les actes de Mohamed Merah et la radicalisation de son autre frère, Abdelkader, qui sera jugé en octobre pour complicité dans les assassinats de son cadet. «Je sais que mon frère a traumatisé la France en 2012 en pleine campagne présidentielle, se désole-t-il. Je vais essayer cette année de faire entendre la voix d'un autre Merah.» Parti seul de Marseille, il suit le parcours de «la marche pour l'égalité et contre le racisme»» organisée en 1983 après le meurtre raciste d'un enfant de 13 ans et espère être reçu à Paris par le ministre de la Justice à son arrivée. «Je marche pour le vivre ensemble, contre les discriminations et pour cette jeunesse déboussolée. Et puis l'affaire Théo, ça donne des armes aux prédicateurs pour cracher sur la France», ajoute-t-il. 25 à 40 kilomètres par jour Il marche 25 à 40 kilomètres par jour et dort à la belle étoile, en appelant le 115 ou en étant logé par le réseau «la Brigade des mères» ou l'association Forces laïques qui le soutiennent. «Je comprends qu'on puisse avoir des préjugés parce que c'est le frère Merah mais lui qui a vécu au milieu du terrorisme est tellement bien placé pour en parler. Et aujourd'hui, on attend quoi ? Le prochain attentat ? Il faut qu'on prenne conscience et qu'il y a Marine Le Pen qui monte», juge Nadia Remadna, fondatrice de la «Brigade des mères». «On le soutient dans son combat pour dénoncer l'islamisme radical. Et on est étonné parce qu'il a très peu de soutiens des institutions», surenchérit Céline Florentino de Forces laïques, organisation qui coordonne une vingtaine d'associations. Toutes deux s'alarment aussi de sa précarité, Abdelghani ayant tout quitté après avoir dénoncé son frère. Aujourd'hui pratiquement sans domicile et à la recherche de travail, il tente de reprendre pied malgré son handicap : s'appeler Merah. Lire aussi.  «Je suis d'accord pour le recevoir mais cette marche je ne vois pas ce que ça va changer, juge Arbi Rezgui, un des marcheurs de 83. Y'a eu deux marches, une en 83, une en 2015 mais le gouvernement a abandonné les quartiers.» Le 15 octobre 1983, une vingtaine de personnes partaient dans l'indifférence générale de Marseille. A leur arrivée à Paris, 100 000 personnes avaient rejoint les marcheurs. "}