{"title": "New York : le Metropolitan Opera évacué pour une alerte à la poudre suspecte", "newspaper": "leparisien", "author": "Le Parisien", "date_publi": "30/10/2016", "theme": "Faits divers", "content": "Le célèbre Metropolitan Opera de New York a été évacué par la police samedi soir après une alerte à la poudre blanche suspecte. Pendant l'entracte d'une représentation de «Guillaume Tell», un spectateur s'est approché de la fosse d'orchestre et y a répandu cette substance, a expliqué le Met. Le public a appris que la représentation était suspendue et qu'il devait quitter la salle, située dans le Lincoln Center, alors que la section antiterroriste de la police new-yorkaise faisait route vers l'opéra. VIDEO. Un homme répand une poudre suspecte dans la fosse du Metropolitan Opera La police a dit avoir «une description précise de la personne» mais n'a procédé à aucune arrestation à l'issue de cet incident où personne n'a été blessé. «Nous avons parlé à plusieurs témoins. Ils ont dit s'être entretenus avec un homme qui n'est pas de New York. Il leur a déclaré qu'il était venu pour disperser, pendant le spectacle, les cendres d'un ami, son mentor pour tout ce qui a trait à l'opéra», a déclaré à la presse John Miller, chef adjoint de la police de la métropole chargé de l'antiterrorisme. Un échantillon de la substance a été envoyé à un laboratoire pour analyse. Le Met a également annulé «L'Italiania in Algeri» prévu dans la soirée. "}