{"title": " Attaque à Orly : deux hommes  déférés en vue de leur mise en examen", "newspaper": "leparisien", "author": "Le Parisien", "date_publi": "24/03/2017", "theme": "Faits divers", "content": " D'après les premières investigations, aucun des deux n'aurait de lien avec la mouvance islamiste radicale. Deux hommes, soupçonnés d'avoir eu un rôle dans , ont été déférés vendredi devant les juges d'instruction pour d'éventuelles mises en examen. VIDEO.  Les deux hommes, âgés de 30 et 43 ans, ont été arrêtés lundi. Ils auraient été identifiés grâce à des renseignements fournis aux enquêteurs et à des investigations téléphoniques. Le plus jeune est soupçonné d'avoir remis le revolver à grenaille avec lequel Ziyed Ben Belgacem a pénétré dans le hall de l'aéroport d'Orly (Val-de-Marne) samedi, avant de s'emparer du fusil d'assaut d'une jeune militaire et d'être abattu.  Des motivations toujours floues Lors de sa garde à vue, qui a commencé lundi, il aurait reconnu avoir été en possession de l'arme et l'avoir entreposée chez lui, avant que Ziyed Ben Belgacem ne vienne la chercher. L'autre homme déféré est soupçonné d'avoir été présent lors de la remise. Leurs auditions n'ont pas permis d'en savoir plus sur les motivations de l'assaillant. Au moment de l'attaque, armé d'un revolver à grenaille, ce dernier a crié être «là pour mourir par Allah», selon le procureur de Paris François Molins. Son mobile reste cependant flou, l'attaque de l'aéroport venant ponctuer . A LIRE AUSSI.  Le parquet de Paris a requis le placement des deux hommes en détention provisoire. Le parquet a ouvert une information judiciaire vendredi pour tentative d'assassinat sur personne dépositaire de l'autorité publique en relation avec une entreprise terroriste, association de malfaiteurs terroriste criminelle, vol avec arme et détention d'arme de catégorie B en relation avec une entreprise terroriste.  "}