{"title": "Marseille : un ado radicalisé bientôt jugé pour tentative d'assassinat antisémite", "newspaper": "leparisien", "author": "Le Parisien", "date_publi": "12/01/2017", "theme": "Faits divers", "content": " Les faits, qui avaient traumatisé la communauté juive de Marseille (Bouches-du-Rhône), remontent au 11 janvier 2016. Un adolescent a été renvoyé devant le tribunal pour enfants pour tentative d'assassinat en relation avec une entreprise terroriste, un an après l'agression à la machette d'un professeur juif dans la cité phocéenne.  La juge d'instruction parisienne en charge de ce dossier a retenu la qualification antisémite des faits à l'encontre de l'adolescent turc d'origine kurde, , ont précisé une source judiciaire et l'avocat de la victime, Fabrice Labi, confirmant une information de   Vidéo. «A l'évidence, une agression antisémite», pour le procureur Il dit agir au nom de Daech Le 11 janvier 2016,  l'adolescent arrivé en France à l'âge de 11 ans, s'était jeté, armé d'une machette, sur un professeur juif qui portait la kippa, Benjamin Amsellem. Ce dernier avait été légèrement blessé. L'adolescent, qui n'avait pas d'antécédents judiciaires et n'était pas dans le radar des services de renseignements, avait rapidement indiqué aux policiers avoir agi «au nom d'Allah» et de Daech, et l'enquête avait été confiée à la justice antiterroriste à Paris.  Devant la juge d'instruction, l'adolescent a «totalement assumé les faits», et s'est montré «complètement desinhibé par rapport aux faits», a précisé Me Labi. Le jeune homme administrait un compte Twitter relayant des appels au djihad, avait dans son téléphone des photos de jihadistes et d'armes. Il avait acheté la machette quelques jours avant de passer à l'acte, dans un magasin de bricolage. Le jour de l'agression, il cachait à la ceinture une deuxième lame : un couteau qu'il comptait utiliser pour tuer les policiers qui allaient, peu après, l'interpeller.  Après l'agression, le président du consistoire local avait conseillé aux juifs de ne plus porter la kippa dans la rue, par sécurité.   Des responsables politiques avaient appelé à ne pas céder à la peur, le président François Hollande jugeant «insupportable» que des citoyens français estiment nécessaire de se «cacher» en «raison de leurs choix religieux». Le Premier ministre israélien Benjamin Netanyahu avait estimé que les juifs de France devaient «avoir le droit de porter la kippa».  Le professeur ne vit plus à, Marseille  Benjamin Amsellem, le professeur visé, appelle aujourd'hui à ne pas céder à la peur ou aux amalgames et ne porte désormais la kippa dans la rue que s'il se sent «en sécurité» Il opte sinon pour la casquette. Interrogé jeudi, celui qui a depuis quitté Marseille, attend «sans haine» le procès. «J'espère qu'il a pris conscience, qu'il va changer... J'espère que c'est possible», a-t-il déclaré à l'AFP. Au bout de plusieurs mois de détention, l'adolescent a semblé commencer à se distancier «du système de pensée totalitaire» dans lequel il se trouvait, note un expert psychiatre.  N'ayant pas encore 16 ans, à une semaine près, lors de son passage à l'acte, le jeune homme bénéficie automatiquement de l'excuse de minorité, et la peine maximale encourue - la perpétuité dans le cas d'un adulte -, est réduite à 20 ans.        "}