{"title": "Etats-Unis : Daech s'attribue l'attaque à l'université de  l'Ohio", "newspaper": "leparisien", "author": "Le Parisien", "date_publi": "29/11/2016", "theme": "Faits divers", "content": "L'auteur de était un «soldat de l'Etat islamique», selon l'agence de propagande du groupe ultra-radical citée par SITE, le centre américain de surveillance des sites jihadistes. L'assaillant, qui a été abattu par un policier, a «mené son opération en réponse aux appels à cibler les citoyens de pays de la coalition internationale» qui combat les jihadistes en Irak et en Syrie, a indiqué une «source» anonyme à l'agence Amaq. Lundi matin peu avant dix heures (17h à Paris), le suspect avait heurté des passants avec sa voiture avant de sortir du véhicule et de poignarder des passants à l'aide d'un couteau de boucher selon le chef de la police du campus de Colombus, Craig Stone. Onze personnes ont été touchées dont une grièvement. L'homme a ensuite été abattu par la police. Selon les médias américains, Abdul Razak Ali Artan , quelques minutes avant de passer à l'acte. «Nous ne vous laisserons pas en paix tant que vous ne laisserez pas les musulmans en paix», avait-il notamment écrit selon la chaîne ABC. Quatrième attaque revendiquée par Daech sur le sol américain C'est la quatrième attaque revendiquée par Daech sur le sol américain depuis un an. Le 4 décembre 2015, il avait annoncé que la fusillade qui avait tué quatorze personnes à San Bernardino (Californie) deux jours plus tôt avait été perpétrée par deux de ses «soldats». Une revendication indirecte, similaire à celle de ce mardi. Le 12 juin dernier,  (Floride), qui avait fait 50 morts. Le 18 septembre,  (Minnesota), qui n'avait pas fait de victime.  VIDEO. Etats-Unis : attaque au couteau sur un campus de l'Ohio (ABC News)  "}