{"title": "Vaucluse : la ceinture d'explosifs découverte près d'un collège à Apt était factice", "newspaper": "leparisien", "author": "Le Parisien", "date_publi": "02/12/2016", "theme": "Faits divers", "content": "Fausse alerte. Les démineurs ont estimé que la ceinture d'explosifs découverte dans le centre-ville d'Apt est factice, rapporte ce vendredi . L'objet se trouvait sur un mur d'enceinte du collège Jeanne d'Arc de cette commune du Vaucluse. Il a été découvert vers 7 heures du matin par des éboueurs, précise .\r\nAucune évacuation n'a été ordonnée, mais les riverains ont eu comme recommandations de se tenir loin de leurs fenêtres. Par ailleurs, le collège Jeanne d'Arc et l'école primaire Sacré-coeur n'étaient pas accessibles pour les élèves. Un périmètre de sécurité avait également été installé, a indiqué . \r\nD'après , un homme s'est présenté aux gendarmes pour expliquer qu'il s'agissait d'une « mauvaise blague ».   "}