{"title": "Attentats de Paris : le Belge Yassine Atar, frère du coordinateur présumé, inculpé ", "newspaper": "leparisien", "author": "Le Parisien.fr avec AFP", "date_publi": "02/06/2017", "theme": "Attentats à Paris", "content": " Un nouveau suspect a été inculpé dans le cadre de l'enquête sur les attentats de Paris. Yassine Atar, un Belge de 30 ans, arrêté dans la foulée des , a été inculpé dans le cadre du volet belge de l'enquête sur les attentats du 13 novembre 2015 à Paris, a indiqué vendredi le parquet fédéral belge. Selon le parquet belge, un juge d'instruction l'a inculpé pour «chef d'assassinats terroristes et de participation aux activités d'un groupe terroriste en qualité de dirigeant» pour son rôle présumé dans les , a précisé le parquet dans un communiqué.  «L'intéressé a comparu (vendredi) devant la chambre du conseil du tribunal de première instance à Bruxelles, qui a confirmé sa détention pour un mois», a ajouté le parquet, qui s'est refusé à donner d'autres détails. Yassine Atar avait été arrêté cinq jours après les attentats de Bruxelles avec deux autres hommes. Les domiciles de proches, notamment de sa soeur Asma et de leur mère, Malika Benhattal, ont fait l'objet de plusieurs perquisitions. Toutes deux avaient même été brièvement interpellées. LIRE AUSSI \r\n>   Une clef pour une planque et des résidus d'explosifs Yassine Atar est le frère de . Cet homme est considéré par les enquêteurs comme l'un des coordinateurs des  et de , depuis la Syrie. Agé de 32 ans, il est toujours en fuite et se cacherait derrière le nom «Abou Ahmad», un vétéran du djihad membre de Daech.  Selon la chaîne privée belge de télévision , Yassine Atar était en possession d'une clef qui donnait accès à une planque de  où avaient été constituées les ceintures explosives utilisées à Paris et où Salah Abdeslam, le seul membre encore vivant des attentats du 13 novembre, s'était caché après les attaques dans la capitale française. Selon la même source, des «résidus d'explosifs» ont également été détectés sur Yassine Atar.  Oussama et Yassine Atar sont des cousins des frères El Bakraoui, qui se sont fait exploser dans le métro et à l'aéroport de Bruxelles le 22 mars 2016. Fin avril dernier, neuf personnes, dont quatre liées à des suspects interpellés dans l'enquête sur les attentats de Bruxelles avaient été arrêtées  à laquelle avait participé la police belge.  "}