{"title": "MAGNETO. Macron et Le Pen face à nos lecteurs : qu'ont-ils dit sur le terrorisme?", "newspaper": "leparisien", "author": "Le Parisien", "date_publi": "02/05/2017", "theme": "Election présidentielle", "content": " Comme tous les principaux candidats à la présidentielle, Marine Le Pen et Emmanuel Macron étaient venus répondre aux questions de nos lecteurs avant le premier tour. Des entretiens filmés, que nous rediffusons à l'approche du grand débat d'entre-deux-tours, afin de voir d'ores et déjà comment ils se répondent sur des thèmes communs. VIDEO. Que proposent Macron et Le Pen pour lutter contre le terrorisme?  "}