{"title": "Somalie : un minibus explose sur une mine, au moins 19 morts ", "newspaper": "leparisien", "author": "Le Parisien", "date_publi": "07/04/2017", "theme": "International", "content": " La Somalie panse à nouveau ses plaies. Au moins 19 personnes ont été tuées et plusieurs blessées jeudi par l'explosion d'une mine sur lequel a roulé le minibus dans lequel elles voyageaient, dans la région méridionale somalienne de Basse-Shabelle.\r\n«Le nombre de personnes tuées dans l'explosion est désormais de 19, dont des femmes et des enfants», a déclaré Ibrahim Adam Najah, gouverneur de Basse-Shabelle, à la presse locale, en faisant également état de plusieurs blessés. Ibrahim Isack, un responsable local de la police. Il y avait 21 voyageurs au total dans le véhicule.\r\n«La mine a été posée par les terroristes», avait-il assuré, en référence aux insurgés islamistes shebab, affiliés à Al-Qaïda.\r\nParti de Bulomarer (160 km à l'ouest de Mogadiscio), le minibus se dirigeait vers Marka, ville portuaire à une trentaine de km de là, quand il a roulé sur la mine, à une dizaine de km de son point de départ. Les shebab disputent âprement le contrôle de cette zone à l'embryon d'armée nationale somalienne, épaulée par la force de l'Union africaine (Amisom).Etat de guerreCette tragédie survient quelques heures à peine après que le nouveau président somalien Mohamed Abdullahi eut remplacé jeudi les chefs de l'armée, de la police et des services de renseignements et déclaré «l'état de guerre» aux shebab, au lendemain d'une énième attaque à la voiture piégée dans la capitale somalienne, qui a fait au moins 7 morts.\r\n«J'annonce l'état de guerre dans le pays et appelle le public à soutenir l'armée nationale pour l'aider à combattre les terroristes», a déclaré à la presse le président, élu le 8 février, plus connu sous son surnom «Farmajo» et dont un des principaux défis est d'améliorer la situation sécuritaire de cet Etat défaillant. «Nous n'attendrons pas que les éléments violents fassent exploser notre peuple, nous devons les attaquer et libérer les zones dans lesquelles ils sont stationnés», a affirmé le chef de l'Etat, vêtu d'un treillis militaire.Pas de véritable Etat centralLes shebab, chassés depuis mi-2011 de Mogadiscio, puis progressivement de leurs principaux bastions du centre et du sud somaliens, contrôlent toujours de larges zones rurales, d'où ils mènent des opérations de guérilla et des attentats suicide - parfois jusque dans la capitale somalienne.\r\nLesshebab ont juré la perte du fragile gouvernement somalien, soutenu à bout de bras par la communauté internationale et qui peine à asseoir son autorité au-delà de Mogadiscio. La Somalie est privée de réel Etat central depuis la chute en 1991 de l'autocrate Siad Barre, qui l'a plongée dans le chaos et livrée aux milices claniques, bandes criminelles et groupes islamistes. Selon un bilan établi par l'AFP, environ 80 personnes ont péri dans des attentats à Mogadiscio depuis janvier. "}