{"title": "Policiers agressés à Bruxelles : le suspect inculpé «dans un contexte terroriste»", "newspaper": "leparisien", "author": "Le Parisien", "date_publi": "06/10/2016", "theme": "Faits divers", "content": "L'homme de 43 ans  dans la commune bruxelloise de Schaerbeek a été inculpé jeudi de «tentative d'assassinat dans un contexte terroriste» et de «participation aux activités d'un groupe terroriste», a annoncé le parquet fédéral belge. Il a été placé en détention provisoire. Ancien adepte du kick-boxing à la carrure imposante, Hicham Diop s'était jeté mercredi midi sur deux policiers -un homme et une femme- qui circulaient à proximité d'un hôpital, les frappant avec un couteau. L'un a été blessé «au ventre» et l'autre «au cou», mais ils ont déjà pu quitter l'hôpital, selon le bourgmestre (maire) de Schaerbeek, Bernard Clerfayt. En lien avec un prédicateur salafiste  son nom été cité dans le cadre d'anciens dossiers terroristes en lien avec le cheikh Bassam Ayachi,qui a rejoint la Syrie en 2013. Hicham Diop, par ailleurs ancien militaire, figurait d'ailleurs en 2004 sur une liste électorale du PCP, le parti citoyenneté prospérité du cheikh Bassam. Néanmoins la piste de la vengeance n'est pas exclue. D'après la RTBF, le suspect a été renversé par une voiture de police alors qu'il sortait ses enfants de sa voiture. Il avait été blessé mais n'a jamais obtenu réparation. Hicham Diop avait par ailleurs été pris en otage lorsqu'il avait 6 ans. «Pour le libérer aux côté de sa mère, les policiers ont dû abattre le preneur d'otage», explique la RTBF. Son frère interpellé Dans le cadre de cette enquête, le frère aîné d'Hicham D., Aboubaker D., né en 1970, a été «privé de liberté» mercredi en milieu d'après-midi, précise le communiqué du parquet. Le juge d'instruction décidera vendredi d'une éventuelle prolongation de sa détention. Une mauvaise coordination Le service civil de renseignement belges, la «Sûreté de l'Etat», avait transmis le 19 septembre une information classifiée le concernant au SGRS (renseignement militaire), à l'Organe de Coordination de l'Analyse de la Menace (OCAM) et au parquet fédéral, a indiqué jeudi le ministre de l'Intérieur, Jan Jambon, devant la Chambre des députés. Mais, selon le bourgmestre de Schaerbeek, ces informations n'ont pas été transmises à la police locale. Jan Jambon a indiqué qu'il avait demandé des explications pour cette mauvaise communication. Le manque de coordination entre les services belges a déjà été pointé dans la foulée des attentats de Paris et de Bruxelles. Ce n'est pas la première fois que des représentants des forces de l'ordre son victime d'une attaque en Belgique. Le 6 août, par un Algérien de 33 ans criant «Allah Akbar» qui avait été abattu par la police.    \r\n   "}