{"title": "État d'urgence : le Conseil des ministres adopte une prolongation jusqu'au 15 juillet", "newspaper": "leparisien", "author": "Le Parisien", "date_publi": "09/12/2016", "theme": "Faits divers", "content": " Le gouvernement a proposé, samedi, en Conseil des ministres, de prolonger l'état d'urgence jusqu'au 15 juillet afin de pouvoir englober l'ensemble des opérations électorales de la présidentielle et législatives. L'État d'urgence est en vigueur depuis les attentats du 13 novembre 2015. «Au cours des mois qui sont devant nous, notre pays a un rendez-vous démocratique important avec l'élection présidentielle et les élections législatives du printemps prochain», a souligné Bruno Le Roux, le nouveau ministre de l'Intérieur. De son côté, Bernard Cazeneuve, le Premier ministre, a estimé que «cette période de campagne électorale, qui sera naturellement marquée par de nombreuses réunions publiques et rassemblements, peut aussi constituer malheureusement un contexte de risque d'attentat accru pour ceux qui veulent frapper au coeur nos valeurs démocratiques et nos principes républicains.» Selon lui, «il apparaît donc nécessaire aux yeux du gouvernement d'englober la période complète des opérations électorales.»  Le texte devrait être débattu mardi à l'Assemblée et jeudi au Sénat Le texte devrait être débattu mardi à l'Assemblée et jeudi au Sénat. L'état d'urgence, décrété par François Hollande le 13 novembre 2015, a été prolongé depuis à quatre reprises par le parlement, la dernière fois après l'attentat du 14 juillet à Nice.  LIRE.  Le gouvernement souhaîte qu'il n'y ait «pas de rupture de l'état d'urgence», qui s'interrompra sinon automatiquement autour du 22 décembre, quinze jours après la démission du gouvernement Valls. Pour Bernard Cazeneuve, l'état d'urgence a «amplement démontré son efficacité» avec 4 194 perquisitions, plus de 517 interpellations, 434 gardes à vue et la saisie de près de 600 armes dont 77 armes de guerre. «Depuis le début de l'année 2016, 17 attentats avaient été déjoués, 420 individus en lien avec une organisation terroriste avaient été interpellés sur notre sol»,a-t-il ajouté.  Actuellement, «700 Français ou résidents habituellement en France sont présent en zone irako-syrienne et au total, en comptabilisant ceux en transit, de retour ou ayant des velléités de départ, plus de 2.000 sont impliqués dans ces filières jihadistes. 222 sont déjà décédés sur zone en Syrie ou en Irak», reprend le Premier ministre. . Dans ce but, «le mieux sera de s'en tenir à la version du gouvernement», c'est-à-dire sans amendements significatifs votés lors du débat parlementaire. La prolongation jusqu'au 15 juillet permettra «d'enjamber» l'élection présidentielle et les élections législatives afin de laisser le soin à un nouveau gouvernement et une nouvelle assemblée de décider (ou non) d'une sortie de l'état d'urgence. Dans un autre registre, le Conseil des ministres a également autorisé Bernard Cazeneuve à engager la responsabilité de son gouvernement devant l'Assemblée nationale sur la déclaration de politique générale qu'il prononcera mardi à 15 heures.  VIDEO. Bernard Cazeneuve annonce un projet de loi de prolongation de l'état d'urgence de sept mois "}