{"title": "Paris : face au terrorisme, la BRI double ses effectifs", "newspaper": "leparisien", "author": "Céline Carez", "date_publi": "27/09/2016", "theme": "Paris V", "content": "Terrorisme et menace terroriste obligent, la BRI s’agrandit. La brigade de recherche et d’intervention, unité d’élite de la police judiciaire, appelée aussi l’antigang, a obtenu cinquante postes supplémentaires. Une bonne nouvelle pour cette unité parisienne de « cadors » créée au milieu des années 1960 pour lutter contre le grand banditisme et qui s’est retrouvée aux premières loges aux côtés du RAID, l’unité d’élite historique de la Police, elle, basée en Essonne et qui voit aussi ses effectifs se multiplier.Ces renforts BRI et RAID, qui entre eux, entretiennent « une rivalité féroce et une guéguerre non pas des effectifs mais des chefs », regrette un haut fonctionnaire au ministère de l’Intérieur, ont été décidés après les attentats de janvier et novembre par François Hollande, dans le cadre de son « pacte de sécurité ».La BRI, qui loge Quai des Orfèvres (IVe) passe donc de 50 à 100 policiers. Que des hommes… « Il y a bien eu une femme l’année dernière qui s’est présentée, se souvient un policier. Mais on lui a dit qu’il fallait qu’elle s’engage moralement à ne pas avoir d’enfants pendant 3 ou 4 ans. Elle a préféré jeter l’éponge ! »Depuis la semaine dernière, les tests ont commencé pour les postulants en phase de recrutement, principalement des gardiens de la paix et gradés. Avant ça, trente policiers ont déjà été affectés. « Les conditions sont drastiques », prévient un haut fonctionnaire : il faut avoir déjà cinq ans de police, habiter à Paris pour être prêts à intervenir, avoir un mental solide, une résistance au stress et à la fatigue. Une batterie de tests passe les candidats à la moulinette, tests aussi bien physiques comme « crapahuter une semaine sans trop dormir », qu’évaluer leur sociabilité ou leur mental avec des psychologues…Dans le dernier recrutement, deux policiers ont abandonné en cours de formation, principalement pour des raisons familiales. « Le rythme est lourd, décrypte l’un d’eux. Ils sont appelés à n’importe quelle heure. Les familles ont du mal à les voir partir en intervention. Ils suivent leurs « inters » de chez eux, devant la télé et stressent. »Pour Yvan Assioma, responsable du syndicat Alliance Police Paris, ces renforts de la BRI sont « d’un point de vue opérationnel une bonne chose », Mais le syndicaliste regrette que les « collègues de la BRI gagnent 600 € de moins que leurs grands rivaux du RAID »…, autant dire, tacle-t-il une « force d’intervention au rabais » ! "}