{"title": "Attentat déjoué : ils étaient prêts à frapper la France", "newspaper": "leparisien", "author": "Stéphane Sellami et Éric Pelletier", "date_publi": "22/11/2016", "theme": "Faits divers", "content": " C e sont des ramifications sinueuses, cloisonnées et complexes que viennent de mettre au jour les enquêteurs de la Direction générale de la sécurité intérieure (DGSI).  et à Marseille (Bouches-du-Rhône), ils ont très probablement permis de déjouer un nouvel attentat sur le territoire national. Hier soir, les gardes à vue des suspects étaient toujours en cours, alors qu'« aucune cible » n'a pu être précisément établie. Mais selon plusieurs sources, ces sept terroristes présumés — dont six étaient inconnus des services il y a encore une semaine — auraient pu vouloir viser Paris. Pistolets automatiques et allégeance à Daech Une première partie de ce réseau avait été arrêtée, le 14 juin, alors que l'Euro de football venait de commencer. A l'époque, les policiers de la DGSI avaient détecté de nombreux échanges cryptés, sur Internet, entre quatre jeunes délinquants franciliens, plus habitués à manier les barrettes de haschisch que des kalachnikovs, et un membre de l'organisation Etat islamique en Syrie « Ces suspects étaient missionnés par leur commanditaire en Syrie pour collecter des fonds afin de financer l'achat d'armes pour le compte d'un commando action, assure une source proche de l'affaire. Ils ont contracté des crédits à la consommation. En revanche, ils n'avaient aucun contact avec ceux chargés de commettre un nouvel attentat.» Identifié comme le chef présumé de ces collecteurs, Nasser B., 38 ans, domicilié à Créteil (Val-de-Marne), a été écroué en compagnie d'un autre de ses trois complices. Une fois ce groupe démantelé, les enquêteurs ont tenté d'identifier les membres du commando action. « On savait qu'ils étaient à la recherche d'armes et qu'ils avaient du mal à s'en procurer, ajoute la même source. Les trafiquants d'armes sont désormais plus regardants quant à la destination finale de leur matériel. La multiplication des perquisitions administratives a aussi bien gêné ce type de trafic. On a donc décidé de les appâter afin de les identifier. » Les terroristes présumés se voient alors proposer de récupérer, grâce à de multiples contacts sécurisés, des fusils d'assaut kalachnikov, en échange de 4 000 €, dissimulés dans une cache quelque part dans le Val-d'Oise. D'une extrême méfiance, ils se montrent très réticents à se « découvrir ». Puis tout s'accélère le 14 novembre. Ce jour-là, ils sont trahis par l'interception de plusieurs échanges avec leur donneur d'ordre, toujours basé en Syrie... Les enquêteurs de la DGSI découvrent alors que parmi les suspects figurent deux hommes, à peine rentrés d'un long séjour à Chypre. « Ils étaient partis dans ce pays en 2015, avant d'en revenir très récemment, confie un proche de l'affaire. Il y a de forts soupçons qu'ils soient passés en Syrie dans ce laps de temps. L'un d'eux était employé dans une école primaire à Strasbourg. » Yassine B., 37 ans, est présenté comme l'un des meneurs de ce commando, au même titre qu'un certain Hicham M., parti en sa compagnie à destination de l'île chypriote. Chez eux, quatre pistolets automatiques ont été saisis ainsi que des documents attestant de leur allégeance au groupe terroriste Etat islamique (EI). Dans la foulée, un pistolet-mitrailleur Uzi a été retrouvé chez un troisième complice, Zakaria M., 35 ans. Selon nos informations, leur quatrième comparse, Sami B.-Z., 36 ans, était chargé de la logistique du quatuor, déterminé à passer à l'action. Un peu plus tôt, samedi, un Marocain, domicilié au Portugal, Hicham E.-H., 26 ans, a été arrêté à Marseille alors qu'il s'apprêtait à être hébergé par un ami de nationalité afghane. Ce ressortissant du royaume chérifien, chargé de collecter l'argent nécessaire à l'achat des armes, aurait également été désigné pour commettre un attentat en solitaire dans la cité phocéenne. Les autorités portugaises avaient identifié, depuis plusieurs mois, ce suspect, — décrit comme radicalisé — , alors qu'il avait notamment tenté de se rendre en Grande-Bretagne, muni d'un faux passeport français. Hicham E.-H. aurait « beaucoup voyagé, un peu partout en Europe », avant son interpellation à Marseille. "}