{"title": "Evreux : l'ex-soldat radicalisé était «instable» psychologiquement", "newspaper": "leparisien", "author": "J.-M.D., J.-M. Dé. et É.P.", "date_publi": "06/05/2017", "theme": "Faits divers", "content": " Il voulait,dit-il, prouver son «courage» à François Hollande. Alain F., un ancien militaire de 34 ans,  alors qu'il tentait de pénétrer, avec des armes rustiques, dans l'enceinte de la base aérienne sensible d'Evreux (Eure), dite BA 105, qui abrite une unité aérienne spécialisée de la DGSE, le service de renseignement extérieur français. L'homme, qui s'était radicalisé, a été arrêté alors qu'il regagnait son véhicule. A l'intérieur de sa voiture, les enquêteurs antiterroristes ont découvert une clé USB faisant état d'une allégeance au groupe Daech. Cette intrusion mêle détermination et amateurisme. Les armes, deux revolvers à poudre noire et un fusil à pompe, des cartouches de chasse calibre 12, ainsi qu'un couteau, sont en vente libre. L'homme a sectionné un premier grillage sans parvenir à franchir le second, donnant accès à la base. Il envisageait, selon toute vraisemblance, de l'enjamber à l'aide d'un escabeau télescopique. Interné après une tentative «d'auto circoncision» Alain F., ancien caporal-chef du régiment d'artillerie de la Valbonne (Ain), a passé dix ans dans l'armée qu'il a quittée en 2013, l'année où il se convertit, semble-t-il, à l'islam. De retour à la vie civile, il ne fait pas mystère de sa fascination pour les armes et pour la religion, des proches . En 2015, il est visé par une procédure pour apologie du terrorisme, après qu'il s'est réjoui des attentats contre l'hebdomadaire «Charlie Hebdo». Les services de renseignement décident alors de le surveiller. Une perquisition, menée à son domicile,  débouche sur la découverte de simples cartouches de chasse. Pas de quoi le condamner. Quant à son profil psychologique, il est qualifié d'«instable». A la fin de l'année 2015, l'ex-caporal-chef aurait été interné après une tentative «d'auto circoncision». Surveillé par les gendarmesDepuis sa sortie, ce dernier se trouvait sans le savoir sous la surveillance des gendarmes. Dans la nuit de jeudi à vendredi, vers 3h30, ce sont eux qui aperçoivent sa voiture stationnée à proximité de la route circulaire près de la base d'Evreux. Les commandos de l'air se déploient à l'intérieur de l'enceinte, équipés de lunettes à intensification de lumière. Les chiens de détection trouvent sa trace. L'intrus est repéré caché dans un fourré puis interpellé par les gendarmes de l'air alors qu'il regagne son véhicule. Aux premières heures de garde à vue devant les policiers de la sous-direction antiterroriste, ce soldat autoproclamé de Daech contestait tout projet d'action violente. Pour le ministère de la Défense,, il s'agit d'une sérieuse alerte. Une bonne cinquantaine de profils suspects se trouveraient actuellement sous surveillance. "}