{"title": "Banderole sur la Tour Eiffel : le monument muscle sa sécurité", "newspaper": "leparisien", "author": "Jean-Michel Décugis avec Robin Korda", "date_publi": "06/05/2017", "theme": "Faits divers", "content": " Comment, en pleine période d'état d'urgence,  ont-ils pu escalader la tour Eiffel, s'y suspendre et y déployer une banderole de 30 m sur 10, sans jamais être inquiétés ? Au-delà du message politique, cette action médiatique, menée à deux jours du second tour de la présidentielle et alors que la menace terroriste reste très élevée, pose de sérieuses questions sur la sécurisation du monument le plus visité de la capitale. La Dame de fer est en effet une des cibles potentielle de Daech. Lorsque les policiers se présentent vendredi à 5h42 devant le pilier nord du monument, ils constatent la présence de trois militants de l'ONG écologiste «enchaînés à la partie basse métallique» de l'édifice. Les autres membres du commando sont déjà au premier étage et hors d'atteinte. «Les trois militants enchaînés nous informent qu'ils ne quitteront les lieux que lorsqu'ils auront déployé une banderole suspendue entre les piliers nord et ouest, mais dont ils refusent de nous dévoiler le contenu», explique le chef d'équipage dans son rapport d'intervention que nous avons pu consulter. Les activistes ont déboulé sur le parvis quelques minutes plus tôt, munis de sécateurs, d'échelles et de cordes, puis ont cisaillé le grillage protégeant la partie bétonnée du pilier avant de commencer leur escalade. Egalité, Fraternité», ne sera déployée que deux heures plus tard, peu après 7h30, sous l'œil des caméras et le regard impuissant des forces de l'ordre. VIDEO. Contre le FN, Greenpeace affiche une banderole... sur la tour Eiffel  «On était bien préparés, on savait que le site était très bien sécurisé mais on a de l'expérience et un certain savoir-faire», tempère Jean-François Julliard, le directeur général de Greenpeace, évoquant une action visant à «mettre en garde contre le projet de Marine Le Pen et ce qu'il représente comme risques». LIRE AUSSI\r\n> La sécurité «pas à la hauteur» pour la préfectureLa Dame de fer est une propriété de la Ville de Paris dont l'exploitation est confiée à la Société d'exploitation de la tour Eiffel, qui a la sécurité du monument à sa charge, à l'intérieur des limites de son parvis. La préfecture de police assure, quant à elle, la sécurité périphérique du site. «C'est scandaleux, le dispositif de sécurité n'est pas à la hauteur de ce monument qui accueille près de sept millions de visiteurs par an, s'insurge un haut gradé de la préfecture. Ce n'est pas à la police de pallier le manque de protection, de caméras infrarouges, et d'agents au centre de supervision.»  Déjà, en mars 2002, une trentaine d'alpinistes avaient escaladé une des faces du monument pour y accrocher des banderoles «Tibet libre». Davantage de patrouilles«On parle des opérations réussies mais jamais de celles qui ont échoué, constate Isabelle Esnoux, directrice de la communication de la Société d'exploitation de la tour Eiffel. Les dispositifs déjà mis en place ont permis de baisser le nombre d'intrusions de 12 à 2 entre 2015 et 2016.» Vendredi, la mairie de Paris et la préfecture de police ont décidé de renforcer les patrouilles aux abords de la tour Eiffel ainsi que les équipes de sécurité avec des chiens, au sol comme dans les étages. Les «moyens humains» seront également renforcés dans le centre de supervision de la tour, et le dispositif périphérique de vidéoprotection, dont le suivi est assuré dans un commissariat local, sera réévalué, précisent celles-ci dans un communiqué commun. Du provisoire. . Alors la Dame de fer deviendra une véritable forteresse... "}