{"title": "Londres : un bébé de 3 mois suspecté de terrorisme ", "newspaper": "leparisien", "author": "Le Parisien", "date_publi": "17/04/2017", "theme": "Faits divers", "content": " C'est la question choc de ce formulaire : «Cherchez-vous à vous engager ou avez-vous été engagé dans des activités terroristes, d’espionnage, de sabotage, ou de génocide ?». Un grand-père était si pressé de traverser l'Atlantique avec son son petit-fils de trois mois et rejoindre la Floride qu'il a malencontreusement coché la case «oui».  Le bambin a été dans la foulée interpellé par l'ambassade américaine à Londres et interrogé une dizaine d'heures. C'est plus que la durée du vol Londres-Orlando, , qui a révélé cette histoire insolite. «Je n'arrive pas à croire qu'ils n'ont pas compris que c'était une erreur et qu'un bébé de trois mois était incapable de nuire», a déclaré le papy de 62 ans au quotidien britannique. «Il n'a pas pleuré une seule fois» 'Terrorist' baby faces US embassy interview after error on visa form null UK news null The Guardian \r\n— Poppy Masselos (@poppymasselos)  S'il a dû débourser près de 3 500 euros dans un nouveau billet, le grand-père préfère rire de la situation et du courage de son descendant, qui n'a pas «pleuré une seule fois». «Il ne s'est jamais engagé dans un génocide, ou dans un espionnage, s'amuse-t-il avant d'avouer que le bébé «a saboté quelques couches, mais je ne l'ai pas dit à l'ambassade américaine». Le bébé a finalement rejoint son grand-père et sa grand-mère en Floride quelques jours plus tard, avec ses parents et sa grande-soeur.  "}