{"title": "Attaque au Louvre : ce que l'on sait sur l'Egyptien Abdallah E-H., principal suspect", "newspaper": "leparisien", "author": "Thomas Blachère (@TBlachere)", "date_publi": "03/02/2017", "theme": "Faits divers", "content": " L'identité de l'assaillant du Louvre, qui a  ce vendredi matin, se dessine peu à peu. Hospitalisé dans un état grave à l'hôpital Georges-Pompidou, dans le 15e arrondissement de Paris, après avoir été touché au flanc et aux fesses par plusieurs tirs de riposte, on sait désormais que l'homme est un égyptien né en 1988. S'il ne possédait aucun papier d'identité, un téléphone portable ainsi que des bombes de peinture ont été retrouvés dans les sacs à dos qu'il portait. Ce sont ces éléments qui auraient permis aux enquêteurs d'établir son identité : Abdallah E-H. L'homme ayant loué une chambre d'hôtel rue de Ponthieu, non loin des Champs-Elysées, dans le très chic 8e arrondissement de la capitale, la police a alors rapidement pu perquisitionner les lieux.  Un billet de retour pour Dubaï La perquisition aurait permis de confirmer que l'assaillant est arrivé par avion, le 26 janvier dernier, à l'aéroport Roissy Charles-de-Gaulle, en provenance de Dubaï, aux Emirats arabes unis. L'homme avait un billet de retour pour les EAU au dimanche 5 février. Inconnue des services de renseignement français, son identité a été transmise à l'Egypte pour vérification. Par ailleurs, des analyses ADN et d’empreintes digitales sont en cours. Vendredi soir, en conférence de presse, le procureur de Paris François Molins a précisé que le suspect avait déposé le 30 octobre une demande de visa touristique pour la France depuis Dubaï. Arrivé à Paris, Abdallah E-H. a ensuite loué une voiture, ainsi qu'un «appart'hôtel» pour une semaine et moyennant 1 700 €. Concernant les armes, c'est évidemment sur place que l'homme s'est équipé. «Le 28 janvier, à 17h31, il a acheté deux machettes dans une armurerie située à proximité de la place de la Bastille, pour plus de 600 €», a ajouté François Molins. Aucun explosif retrouvé sur lui Vendredi matin, vers 9h45, l'homme a fait irruption dans la galerie du Carrousel du Louvre chargé de deux sacs à dos. Après s'est approché des militaires en patrouille, il a sorti deux machettes pour les agresser. Selon le préfet de Paris Michel Cadot, l'homme s'est précipité sur les militaires, «a proféré des menaces» et a crié «Allah Akbar».  «Il a frappé à la tête un premier militaire qui le repoussait. Il s'est alors précipité sur un deuxième militaire, tombé au sol, qui le repoussait à coups de pieds, a détaillé François Molins. Celui-ci a tiré au niveau de l'abdomen, ce qui ne l'a pas arrêté». Dans la riposte, l'agresseur, âgé d'une trentaine d'années, a été grièvement blessé, au flanc et aux fesses. Une fois au sol, il a été pris en charge par les secours. Son pronostic vital était encore «très engagé» vendredi soir. Aucun explosif n'a été retrouvé dans ses sacs à dos. VIDEO. Militaire agressé au Louvre : « On a entendu les sirènes et on a été confiné »  "}