{"title": "Terrorisme : une cellule anti-Daech à l'Elysée", "newspaper": "leparisien", "author": "Par Ava Djamshidi et Eric Pelletier", "date_publi": "07/06/2017", "theme": "Faits divers", "content": " Une nouvelle couche dans le mille-feuille de la lutte contre le terrorisme ? Le gouvernement doit annoncer ce mercredi la création d'une . Il s'agit de l'une des principales mesures en la matière annoncées par . Mais mardi, les attributions exactes de cette cellule et le nombre précis de fonctionnaires affectés («de 50 à 60 personnes», selon le porte-parole du gouvernement) restaient encore flous. Selon le blog du journaliste , Christophe Bigot, 51 ans, actuel ambassadeur au Sénégal, est pressenti pour la diriger. Le titulaire du poste pourrait prendre le titre de «Conseiller national au renseignement». Un accès direct aux ministres de l'Intérieur et de la DéfenseCette nouvelle structure remplacera l'actuelle équipe du , mise en place en 2008 par le président de l'époque, Nicolas Sarkozy. Le CNR assurait jusqu'ici l'information quotidienne du chef de l'Etat, mais il n'avait aucune vocation opérationnelle et ne pesait guère face aux patrons des deux principales agences de renseignement, la DGSI (service intérieur) et la DGSE (extérieur). Le patron de la nouvelle cellule devrait avoir un accès direct et en temps réel aux ministres de la Défense et de l'Intérieur, ainsi qu'au Premier ministre, avec pour objectif affiché de resserrer les échelons décisionnels et d'accélérer les décisions. "}