{"title": "EN IMAGES. Londres à nouveau frappée par le terrorisme", "newspaper": "leparisien", "author": "M.L.et B.T", "date_publi": "04/06/2017", "theme": "Faits divers", "content": " Stations de métro et rue fermées, fêtards enfermés dans les bars et restaurants, voitures de police passant toutes sirènes hurlantes : deux sites touristiques et festifs du centre de la capitale britannique sont passés de la fête au cauchemar. Vers 22 heures, . Le véhicule s'est ensuite dirigé vers le quartier voisin de Borough Market, a indiqué la police dans un communiqué. Là, trois assaillants ont quitté le véhicule et plusieurs personnes ont été poignardées, dont un officier de la police des transports, grièvement blessé. Ils ont été abattus par les forces de l'ordre. D'importants moyens policiers ont été déployés sur place.   "}