{"title": "Terrorisme : un Marocain arrêté en Autriche, un autre homme interpellé en Belgique", "newspaper": "leparisien", "author": "Le Parisien", "date_publi": "20/12/2016", "theme": "Faits divers", "content": " Un demandeur d'asile marocain âgé de 25 ans a été arrêté en Autriche et placé en détention sous le soupçon d'avoir voulu commettre des attentats durant les fêtes, a annoncé mardi le parquet de Salzbourg. L'homme a été arrêté lundi par les forces spéciales dans un petit centre d'accueil pour réfugiés à Fuschl, une commune huppée des Alpes autrichiennes, non loin de la frontière allemande. Il fait l'objet d'un «soupçon de participation à une organisation terroriste», selon le parquet. L'enquête a été ouverte le mois dernier sur la base d'«informations» évoquant «un présumé attentat terroriste à Salzbourg durant la période de Noël / Nouvel an», a-t-il été précisé dans un communiqué. La perquisition menée dans le foyer pour migrants a permis de saisir des équipements électroniques et «plus de 8 000 euros» en liquide. Aucun matériel nécessaire à l'exécution d'un attentat n'a toutefois été découvert, a indiqué le parquet. Un autre homme arrêté en Belgique Dans le même temps, un homme soupçonné d'avoir «proféré des menaces à caractère terroriste» a été interpellé à Bruxelles (Belgique). Des armes ont été saisies à son domicile, a indiqué mardi le parquet de la capitale belge. Le suspect, âgé de 34 ans, a été écroué mardi après son inculpation pour «détention d'armes», aucune qualification terroriste n'étant retenue pour l'instant. «A ce stade, le juge d'instruction réserve toute inculpation en matière d'infraction terroriste», a précisé le parquet, qui a communiqué en deux temps mardi sur l'affaire, avant et après l'inculpation. Le suspect avait été interpellé au cours d'une vaste opération policière menée lundi en fin de journée dans la commune bruxelloise de Schaerbeek. «Localisé» lundi matin par la police judiciaire, il était soupçonné «d'être en possession d'armes et d'explosifs» et «aurait proféré des menaces à caractère terroriste», selon le premier communiqué du parquet mardi matin. «Plusieurs objets ont été saisis, parmi lesquels des armes et du matériel informatique», toujours selon le parquet.\r\nIl était connu pour notamment des faits de vols et de coups et blessures.  "}