{"title": "Etat d'urgence : assigné à résidence, il ne peut purger sa peine ", "newspaper": "leparisien", "author": "M.-L.W. avec l'AFP", "date_publi": "12/01/2017", "theme": "Faits divers", "content": " Il fait partie des 19 personnes assignées à résidence depuis le début de l'état d'urgence. Sofiyan Ifren, un Français de 31 ans, condamné pour ses liens avec des djihadistes a demandé jeudi au Conseil d'Etat la levée de cette mesure qui peut «être reconduite indéfiniment» , en l'occurrence au moins jusqu'au 15 juillet. Cette mesure l'empêche... de purger sa peine. Sofiyan Ifren était accusé d'avoir monté en 2012 à l'. Leur but ? Favoriser l'acheminement de combattants djihadistes vers le Mali. L'un d'eux aurait d'ailleurs fait partie d'un  et serait mort au Mali. Après un an de détention provisoire, Sofiyan Ifren avait été condamné en 2014 à cinq ans de prison dont deux avec sursis et mise à l'épreuve. Le tribunal fait «pari» de la confiance en ne le renvoyant pas en prison. Une façon aussi de l'éloigner de la détention où il pourrait en sa qualité de prêcheur d'un islam radical représenter un véritable danger,  Il ainsi est placé sous bracelet électronique et trouve un emploi à Paris. Une peine suspendue A l'audience, Sofiyan Ifren, cheveux courts et bouc, explique sa situation «ubuesque», unique en France : son assignation, constamment renouvelée, a conduit à la suspension de sa peine sans l'annuler. Le 15 novembre 2015, décidée au soir des attentats de Paris et Saint-Denis, Ifren est assigné à résidence, avec obligation initiale de pointer quatre fois par jour au commissariat (trois fois à présent). Une mesure incompatible avec son bracelet : les horaires et zones géographiques de sortie autorisées ne se recoupent pas. Il déclenche des alarmes, se voit rappelé à l'ordre par les autorités judiciaires, qui finissent par s'incliner devant la mesure administrative en décidant de «suspendre sa peine». L'Etat a choisi la surveillance «Cela veut dire, explique son avocat Bruno Vinay, que Sofiyan Ifren devra remettre son bracelet et exécuter le reste de sa peine quand son assignation sera levée.» Mais quand ? «Ne pas savoir quand cela va s'arrêter, c'est très dur», dit le jeune homme, qui a dû quitter son emploi à Paris et vit désormais à Toulouse (Haute-Garonne) où il a eu un bébé, relativise les fréquentations qu'on lui reproche jusqu'à 2015 dans la mouvance djihadiste. «Il faut quand même rappeler que M. Ifren a été condamné parce qu'il était le chef d'un réseau jdihadiste. S'il se retrouve en contact avec des gens de ce milieu, ce n'est pas la faute à pas de chance», s'agace la représentante du ministère de l'Intérieur, Pascale Léglise. «On préfère vous surveiller pour être bien sûr que vous avez tourné la page, ou le cas échéant, vous empêcher de passer à l'acte», dit-elle, regardant bien en face Sofiyane Ifren. Deux logiques divergentes Mais «il y a un sens à la peine, plaide Me Vinay. Vous créez un sentiment d'injustice, vous accentuez ce que vous voulez prévenir». Deux logiques irréconciliables s'affrontent. Me Vinay s'attaque alors à la loi elle-même, qui, selon lui, n'offre «pas assez de garanties» de respect des libertés fondamentales en permettant, au delà des douze mois, une nouvelle prolongation de l'assignation de trois mois, elle-même renouvelable tant que dure l'état d'urgence. Saisi en urgence, le Conseil d'Etat rendra ses décisions lundi après-midi.  "}