{"title": "Allemagne : le terroriste syrien avait passé plusieurs mois en Turquie", "newspaper": "leparisien", "author": "M.-L.W.", "date_publi": "11/10/2016", "theme": "Faits divers", "content": "Il avait obtenu le statut de réfugié en juin 2015 en Allemagne. Pourtant, Jaber Albakr, ce Syrien de 22 ans, qui envisageait un attentat suicide ou , a séjourné bien loin de la Saxe, une région allemande voisine de la République tchèque qui l'avait accueilli. C'est ce révèle mardi  au lendemain de l'arrestation du terroriste . Une de ses connaissances installée à Eilenbourg, une ville proche de Leipzig où le terroriste présumé a été interpellé, a indiqué qu'il n'avait n'avait pas vu Jaber Albakr pendant dix mois. Le Syrien serait revenu au mois d'août de Turquie, les poches pleines de dollars. Des services de sécurité ont confirmé que le terroriste présumé avait des contacts téléphoniques en Turquie. C'est d'ailleurs vers Eilenbourg que Jaber Albakr se serait dirigé samedi après l'arrivée des forces de l'ordre  à un peu plus de 100 kilomètres de distance. Il avait quitté l'appartement d'Eilenbourg il y a un an, ont déclaré ses  voisins. Mais les serrures avaient été changées depuis. Une occasion de capturer le fugitif ratée par les services allemands, commente le «Spiegel» Une veste prête à l'emploi Jaber Albakr est soupçonné «d'avoir planifié et concrètement préparé un attentat islamiste en Allemagne», a précisé le parquet anti-terroriste. «L'explosif, qui devait probablement prendre la forme d'une ceinture d'explosif dissimulée dans une veste, était presque prêt à l'emploi, voire prêt à l'emploi», a souligné lundi soir un responsable de la police, Jörg Michaelis. L'explosif  retrouvée est du TATP, prisé  de Daech. Il a été utilisé notamment lors des attentats de Paris en novembre 2015 et de Bruxelles en mars. Un Syrien de 33 ans, complice présumé de Jaber Al-bakr, locataire en titre de l'appartement de Chemnitz et présenté comme Khalil A., est lui suspecté d'avoir commandé les produits sur internet et mis son logement à disposition. Il avait été arrêté au cours du week-end. Cette affaire «montre que des faits comme ceux qui se sont déroulés en France ou en Belgique, ne sont pas exclus en Allemagne», avait réagi lundi le ministre de l'Intérieur Thomas de Maizière. En septembre,  dans le Schleswig-Holstein, tout au nord de l'Allemagne. L'Allemagne a connu en juillet deux attentats commis par des réfugiés et revendiqués par Daech. Et plusieurs autres ont été déjoués ces derniers mois. VIDEO. Le Syrien arrêté en Allemagne probablement lié à l'EI\r\n  VIDEO. Allemagne : un Syrien soupçonné de préparer un attentat recherché "}