{"title": "Seine-et-Marne. Sécurité renforcée pour Montereau Confluences", "newspaper": "leparisien", "author": "Faustine Léo", "date_publi": "06/06/2017", "theme": "Montereau-Fault-Yonne", "content": " Il a la palme du festival le plus populaire et le plus familial. Mais Montereau Confluences n’échappe pas aux craintes liées aux attentats. Mais pas de panique pour autant. Toutes les mesures de sécurité nécessaires ont été prises et ont même été renforcées après les attentats de Londres et Manchester de ces derniers jours. « Il n’y aura pas de sortie en masse du public, les files d’attente seront protégées et les contrôles aux entrées seront renforcés », précisent les autorités. « Il ne faut pas céder à la peur et donner raison aux terroristes, insiste Yves Jégo, le député-maire (UDI). Nous avons le contrôle de toutes les entrées du festival. Nous avons pris des mesures exceptionnelles avec une augmentation de 30 % du nombre d’agents. Il est prévu que 150 agents, dont 130 d’une entreprise privée habituée des grands festivals, seront sur le terrain ». Des blocs de béton de plusieurs tonnes ont été installés pour éviter l’intrusion de véhicules. Le drone du festival, destiné à prendre des photos, pourra veiller d’en haut à la sécurité de tous. Les quatre-vingts caméras de surveillance de la commune permettront également d’avoir l’œil sur les mouvements dans les rues. Pour permettre plus de fluidité dans les files d’attente, il est demandé aux festivaliers de ne pas venir avec des bouteilles en verre et d'enlever les bouchons des bouteilles en plastique, ni venir bien entendu avec le moindre objet qui pourrait être dangereux, comme un couteau ou un parapluie. Il ne sera pas non plus possible de rentrer avec un gros sac, ceux-ci seront automatiquement mis en consigne. Il est également recommandé de venir une heure et demie en avance pour être sûr de voir son artiste préféré. "}