{"title": "Lille : l'étudiant soupçonné d'avoir projeté un attentat mis en examen et écroué", "newspaper": "leparisien", "author": "Le Parisien", "date_publi": "18/02/2017", "theme": "Faits divers", "content": " Il n'avait pas de cible précise. ​​​​​, dans le Nord, a été mis en examen pour  et placé en détention provisoire, a-t-on appris de source judiciaire. Une décision conforme aux réquisitions du parquet de Paris qui a ouvert une information judiciaire. \r\nEn garde à vue, l'étudiant a reconnu avoir voulu commettre une action violente en France et envisagé plusieurs cibles notamment le métro lillois ou un centre commercial. « Toutefois aucun élément ne montre à ce stade une préparation sur une cible précise », a relevé une source proche de l'enquête.\r\n Un mois et demi d'enquête\r\nD'après les premières investigations, Ismaël Z., se revendiquant de la mouvance takfiriste, frange radicale liée aux organisations djihadistes, était en contact, via les réseaux sociaux, avec un homme en Syrie « qui a pu l'inspirer dans son projet ».\r\nUne enquête préliminaire avait été ouverte le 30 décembre par le parquet de Paris quand les services de renseignements avaient repéré le jeune homme cherchant à se procurer des armes ou des explosifs. Il a été interpellé mardi matin à Wattignies, dans la banlieue de Lille, par des agents de la DGSI (Direction générale de la sécurité intérieure).\r\nMusulman pratiquant, il fréquentait régulièrement la mosquée de Lille-Sud, selon la presse régionale. « J'ai senti qu'il s'isolait plus qu'avant. Il restait tout le temps dans sa chambre à part pour manger ou aller aux toilettes. Il sortait très peu », a raconté son frère sur France 3, relevant toutefois que sa famille « n'a rien vu venir ». "}