{"title": "Turquie : les Etats-Unis craignent des attaques contre des hôtels à enseignes américaines", "newspaper": "leparisien", "author": "Le Parisien", "date_publi": "27/09/2016", "theme": "Faits divers", "content": "Les Etats-Unis ont mis en garde ce lundi leurs citoyens contre un risque d'attaques visant des hôtels à enseignes américaines dans la province d'Adana, dans le sud du pays. Cette région abrite la base aérienne,  utilisée par la coalition internationale dirigée par les Etats-Unis contre le groupe terroriste Daech en Syrie. Des chasseurs turcs, américains, britanniques et allemands y sont déployés, de même que des F-16 saoudiens. \r\n «Des informations sur des menaces précises et crédibles», le consulat américain dans la province d'Adana fait savoir qu'il a «obtenu des informations sur des menaces précises et crédibles d'une possible activité terroriste visant des hôtels à enseignes américaines». Aussi, il conseille aux citoyens américains se trouvant dans la province d'Adana «de rester vigilant en fréquentant ces établissements». \r\nLa semaine dernière, l'ambassade américaine avait mis en garde contre, proche de la frontière syrienne, qui pourrait viser des lieux fréquentés par des Occidentaux comme la chaîne de cafés Starbucks. \r\nDepuis un an,, et  "}