{"title": "Terrorisme : Londres, déjà  durement touchée en 2005", "newspaper": "leparisien", "author": "Le Parisien", "date_publi": "22/03/2017", "theme": "Faits divers", "content": " Alors que la police de Londres évoque une «attaque terroriste» ce mercredi à Westminster, la capitale britannique a déjà été durement touchée par le terrorisme en 2005. Un peu moins de quatre ans après les attentats au World Trade Center à New York (2001), ce sont les premières attaques suicides, liées à la mouvance islamiste, commises sur le sol européen. Lire aussi.  Le 7 juillet 2005Cinquante-six personnes avaient trouvé la mort et 700 personnes blessées dans quatre explosions dans les transports en commun de Londres. La première bombe avait explosé à 8h50 à l'intérieur d'une rame de métro stationnée en gare de Liverpool Street. En l'espace de cinquante secondes, deux autres explosions suivirent. Une heure après, une explosion s'était déclenchée dans un bus à deux étages. Cinq jours après les attentats, Scotland Yard déclarait avoir identifié quatre suspects sur les enregistrements de caméras de surveillance de la Gare de King's Cross : en l'occurrence, quatre jeunes hommes de nationalité britannique. Ces attentats-suicides étaient intervenus au lendemain de la désignation de Londres par le Comité international olympique pour les Jeux olympiques d'été de 2012 et le jour même de l'ouverture du 31e sommet du G8 en Écosse. VIDEO. Dix ans après, les Britanniques commémorent les attentats du 5 juillet Le 21 juillet 2005 Quatre tentatives d'attentats à la bombe avaient eu lieu le 21 juillet dans trois stations de métro et dans un bus à Londres, sorte de répliques des attentats du 7 juillet. Mais les détonateurs n'avaient pas été assez puissants pour déclencher les charges d'explosifs. Une personne avait été blessée. Le lendemain, un électricien brésilien de 27 ans a été tué de sept balles dans la tête à la station Stockwell par les forces de l'ordre par erreur. Des policiers pensaient qu'il s'agissait d'un terroriste. Quatre hommes, dont les parcours étaient différents, ont été condamnés à la prison à vie en juillet 2007, avec une peine incompressible de quarante ans de détention. Pour le juge, aucun doute : les attentats du 21 juillet faisaient partie, comme ceux du 7 juillet, «d'une séquence d'attaques inspirée et contrôlée par Al-Qaida», selon «Le Monde».\r\n 22 mai 2013 Lee Rigby, un  par deux hommes, en pleine rue, sous les yeux de douzaines de témoins horrifiés, à Woolwich, dans le sud-est de Londres. Au bout de vingt longues minutes, les deux agresseurs, des Britanniques d'origine nigériane, chrétiens convertis à l'islam au début des années 2000, sont neutralisés par les policiers qui font usage de leurs armes. Sur une vidéo que La chaîne de télévision britannique ITV News s'était procurée, un des assailants déclare avec un accent purement londonien : «Nous jurons par Allah tout puissant que nous n'arrêterons jamais de vous combattre. Les seules raisons pour lesquelles nous avons fait ceci, c'est parce que des musulmans meurent chaque jour. Ce soldat britannique, c'est oeil pour oeil, dent pour dent». Les deux hommes ont été condamnés à la prison à vie en 2014. 5 décembre 2015  Moins d'un mois après les attentats de Paris et Saint-Denis, un homme s'en prend à l'arme blanche à trois personnes dans la station de métro de Leytonston sur la Central Line, ligne de métro qui traverse la capitale britannique d’est en ouest. «C'est pour mes frères syriens.«Je vais faire couler votre sang», avait dit Muhaydin Mire, 30 ans et originaire de Somalie. au moment de l'agression. L’attaque a fait un blessé grave, et deux blessés légers. Reconnu coupable de tentative de meurtre par décapitation, il a été  avec un minimum incompressible de huit ans et demi, malgré des troubles mentaux. Les faits s'étaient déroulés deux jours après les premières frappes aériennes britanniques visant Daech en Syrie. "}