{"title": "Attentats : un an après, Cazeneuve dresse le bilan de l'état d'urgence", "newspaper": "leparisien", "author": "Julien Muller (@Julien__Mlr)", "date_publi": "07/11/2016", "theme": "Faits divers", "content": ", le ministre de l'Intérieur  des opérations , lors d'une réunion de travail entre les procureurs et les préfets, contre le terrorisme et la radicalisation qui se tenait à l'Ecole militaire de Paris. Le ministre de l'Intérieur a commencé par rappeler «l'adoption d'un plan de 250 millions d'euros, décidée par le président de la République, François Hollande» et annoncée le 26 octobre dernier. Puis Bernard Cazeneuve a communiqué . «Près de 80 arrêtés d’expulsion ont été pris contre des ressortissants étrangers liés à la mouvance djihadiste, notamment des prêcheurs de haine», avance le ministre. 430 interdictions de sortie du territoire «Par ailleurs, 201 interdictions administratives du territoire (IAT) ont été délivrées à l’encontre d’étrangers dont la présence en France constituerait une menace grave pour l’ordre public ou bien pour la sécurité intérieure. Une vingtaine de mosquées et de salles de prières radicalisées, constituant des foyers de radicalisation violente, ont été fermées, notamment dans le cadre de l’état d’urgence», explique-t-il, avant de poursuivre : «d’autres dossiers sont actuellement en cours d’instruction». Bernard Cazeneuve est ensuite revenu sur la loi du 13 novembre 2014 introduisant l’interdiction de sortie du territoire permettant de renforcer «la répression des faits d’apologie et de provocation au terrorisme». Dans le cadre de cette loi, «près de 430 interdictions de sortie du territoire (IST) ont été prononcées à l’encontre de Français soupçonnés de vouloir rejoindre les groupes terroristes actifs au Moyen-Orient». . : depuis début 2015, 80 arrêtés d'expulsion pris contre des ressortissants étrangers liés à la mouvance djihadiste\r\n— Ministère Intérieur (@Place_Beauvau)   «Les mesures de blocage administratif et de déréférencement des sites Internet illicites sont également pleinement appliquées pour contrer l’apologie et la provocation au terrorisme –et par là même le recrutement– sur le Web. A ce jour, 54 sites Internet ont ainsi fait l’objet d’une mesure de blocage pour de tels motifs, et 319 adresses électroniques ont été déréférencées par les moteurs de recherche», énonce le ministre de l'Intérieur. 4000 perquisitions administratives Dans le cadre de l’état d’urgence, «plus de 4 000 perquisitions administratives ont eu lieu. La loi de prorogation du 21 juillet a redonné de la vigueur à cette mesure, en ouvrant la possibilité de procéder à des saisies de données informatiques en vue de leur exploitation ultérieure. Plus de 80 ont eu lieu depuis fin juillet», poursuit-il. «Près de 600 armes à feu ont été saisies, dont 77 armes de guerre. Par ailleurs, près de 500 interpellations ont été réalisées, qui ont donné lieu à 426 gardes à vue. Concernant les assignations à résidence, 95 d’entre elles sont actuellement toujours en vigueur». . Depuis le 13/11, + 4 000 perquisitions administratives, depuis juillet, + de 80 saisies de données informatiques \r\n— Ministère Intérieur (@Place_Beauvau)   Le ministre de l'Intérieur a également tenu a rappeler avec quelle fermeté les autorités et le gouvernement agissent depuis la mise en place de l'état d'urgence, notamment, avant d'appuyer son soutien à l'apparition d'autres méthodes de lutte contre le terrorisme. «L’indispensable mise en place d’un service de renseignement pénitentiaire (...) permettra encore d’accroître ce rapprochement», avance-t-il, avant d'argumenter : «la montée en puissance du renseignement pénitentiaire constituera, j’en suis convaincu, un outil précieux».   "}