{"title": "Enfants du djihad : Djamel assure qu'il n'était qu'une «petite main»", "newspaper": "leparisien", "author": "Stéphane Sellami", "date_publi": "10/12/2016", "theme": "Faits divers", "content": "Octobre 2013. Djamel* a 15 ans quand il est embarqué en Syrie par son père avec son frère aîné. A l'époque, il est en 2de générale dans un lycée francilien. A sa mère, séparée de son époux, il dit qu'il part aux Pays-Bas « visiter de la famille ». Mais elle découvre très vite la glaçante réalité via Internet... « J'ai pu voir mes enfants sur Skype, confie-t-elle aux enquêteurs de la direction générale de la sécurité intérieure (DGSI), quelques jours après leur départ. Mes fils m'ont dit qu'ils se devaient de combattre auprès de leurs frères au nom d'Allah. Ils m'ont dit qu'ils avaient prêté serment, qu'ils ne pouvaient pas faire machine arrière. » En mai 2015, le père et ses deux fils sont interpellés à la frontière syro-turque puis expulsés vers la France. Devant les policiers de la DGSI, Djamel* — rebaptisé Abou Oussama al-Firansi lors de son séjour en zone de combats — assure n'avoir jamais livré bataille en Syrie. « Après notre arrivée en Turquie, nous sommes passés par la ville de Tal-Abyad, détaille l'adolescent qui fait ses cinq prières quotidiennes depuis l'âge de la puberté. Nous avons été capturés en décembre 2013 par le groupe Etat islamique. Mon frère et moi avons été emprisonnés deux semaines dans la ville de Tabqa (NDLR : située au bord de l'Euphrate au nord de la Syrie). Des gens nous surveillaient et nous apportaient à manger. Lorsqu'on a montré qu'on voulait intégrer l'organisation Etat islamique pour sauver notre peau, ils nous ont envoyés à Raqqa. » Le père de famille, ingénieur de formation, est alors chargé de restaurer le réseau des télécommunications de la ville. « Nous avons été mis séparément dans une maison, poursuit Djamel*. On se voyait tous les week-ends avec mon frère pour visiter mon père. » Au sein du fief de Daech, l'adolescent assure n'avoir été qu'une « petite main ». « On faisait des transferts de dossiers sur des clés USB, témoigne-t-il. Je n'ai pas fait attention au contenu, les noms étaient en arabe. Parfois, c'était de la musique, des vidéos, sinon il y avait beaucoup de fichiers de texte. Je rangeais aussi la maison et aidais à la cuisine. Ça a duré jusqu'en juillet 2014, puis ils ont remis mon père en prison pour une longue période. Ils le soupçonnaient d'être un espion français. » Il a repris le chemin de l'école En Syrie, l'adolescent a été pris en photo, kalachnikov à la main. Un cliché découvert dans le portable de son père et qui laisse entendre qu'il aurait pu participer à « une campagne de propagande ». Djamel s'en défend, arguant s'être plié à l'exercice juste pour que « les personnes qui me gardaient dans la maison aient une bonne vision » de lui. Sa blessure à un doigt ? C'est « en faisant la cuisine ». Questionné sur son souhait de « mourir en martyr », il finit par avouer : « Pourquoi pas, mais je ne me sens pas capable, peut-être avec plus de prières. » Tout en assurant également : « Je ne veux pas commettre d'attentats. Je ne me suis pas fait retourner la tête. » Le mineur relate encore ses souvenirs de « bombardements », son sentiment de « gâchis » et son envie de reprendre ses études : « J'étais bon en math. Je voudrais m'orienter vers une filière scientifique, des hautes études. » Aujourd'hui, il a repris sa scolarité, pointe trois fois par semaine dans un commissariat de banlieue et fait l'objet d'un suivi socio-éducatif. *Le prénom a été changé. "}