{"title": "Présidentielle : la note secrète sur les menaces autour du scrutin", "newspaper": "leparisien", "author": "Stéphane Sellami", "date_publi": "22/04/2017", "theme": "Election présidentielle", "content": " Une note confidentielle rédigée par les services de renseignement en collaboration avec la Direction centrale de la sécurité publique (DCSP), que nous avons pu consulter, pointe les risques et les menaces qui pèsent sur l'élection présidentielle. En tête de liste figure «la menace djihadiste», décrite comme «constante et prégnante». Ainsi, des mesures spécifiques de sécurisation autour des bureaux de vote, considérés comme des lieux particulièrement sensibles, vont être déployées.\r\n«La présence policière durant l'ouverture des bureaux de vote est indispensable», rappellent les rédacteurs de cette note. «Des prises de contact avec les présidents des bureaux de vote et la présence d'effectifs équipés devront être prévues lors des scrutins et jusqu'à la fin des dépouillements, ainsi que dans les préfectures, lieux de centralisation et de validation des résultats», indique-t-on encore dans ce document. Afin de disposer de suffisamment d'effectifs, des «restrictions de congés et des rappels sont imposés durant l'ensemble de la période» de la présidentielle.> A LIRE AUSSI. \r\nAutre risque avancé : des rassemblements, plus ou moins spontanés, après la promulgation des résultats de l'élection dans les grands centres urbains et dans les quartiers sensibles, pouvant donner lieu à des violences urbaines.\r\n Craintes de manifestations\r\n Par ailleurs, la possibilité de voir s'affronter au second tour Marine Le Pen et Jean-Luc Mélenchon semble tout particulièrement inquiéter les policiers. «Toutes les Directions départementales de la sécurité publique (DDSP), sans exception, ont fait part de leurs craintes de troubles à l'ordre public en cas de présence de partis politiques dits extrémistes au second tour de la présidentielle, poursuivent les rédacteurs. Dans ce cas, des manifestations sont à envisager avec une quasi-certitude. Des mouvements d'extrême gauche, plus ou moins implantés, chercheront sans nul doute à organiser des manifestations dont certaines pourraient entraîner des troubles sérieux.»\r\nEt dans des départements plus ruraux, des mouvements de «certaines catégories socioprofessionnelles», telles que les agriculteurs ou les personnels hospitaliers, sont aussi redoutés. Sans exclure une forte mobilisation lycéenne... Pour pallier ces risques, la DCSP a d'ores et déjà donné pour instruction à ses directeurs départementaux de mettre en place de «dispositifs de sécurisation renforcée». «Des patrouilles seront dédiées à la protection des bureaux de vote, confirme un haut fonctionnaire. Des permanences judiciaires vont également être mises sur pied afin de gérer des gardes à vue en cas d'interpellations lors de rassemblements ou de manifestations.»\r\n Ultime menace, qui n'est pas évoquée dans la note, de possibles attaques informatiques qui viseraient le système de transmissions des résultats. L'Agence nationale de sécurité des systèmes d'information (ANSSI) a d'ailleurs prévu de «durcir» les réseaux du ministère de l'Intérieur pour parer toute attaque. VIDEO. Présidentielle 2017 : les enjeux du premier tour de scrutin "}