{"title": "LE PARISIEN MAGAZINE. Yann Moix, penseur haute définition", "newspaper": "leparisien", "author": "Lucas Bretonnier", "date_publi": "09/02/2017", "theme": "Culture", "content": "L’écrivain a une mission : éclairer le monde. Allumer les projecteurs de son intelligence et offrir à ses lecteurs l’occasion d’y voir plus clair. Grâce à Alfred de Musset, Marcel Proust, Henry Miller ou Milan Kundera, j’ai vu la vie en Technicolor, en relief, en HD. Tel un myope chaussant pour la première fois des lunettes. Yann Moix, écrivain, réalisateur, homme de télévision, a aussi ce talent. Dans son dernier livre, Terreur (Grasset), kaléidoscope de pensées sur l’acte terroriste, et tous les samedis soir dans « On n’est pas couché » sur France 2, il passe le monde aux rayons X (« Moi-x ») et en livre une radiographie unique. Cette acuité creuse même les traits de son visage. Yeux écarquillés, sourcils en circonflexe, front plissé : aérodynamisme de la pensée. Les cellules de son visage semblent aimantées par son regard, comme la matière est aspirée par un trou noir. Dans Terreur, il s’attaque à l’attentat. L’acte, les victimes, les rescapés, les auteurs, les conséquences : il essore le sujet. S’y prend à plusieurs fois, le tord de toutes ses forces comme une serpillière sale. « J’ai voulu écorcher le réel pour voir ce qu’il y avait en dessous », dit-il pour justifier la forme du livre – une suite de paragraphes comme autant de saignées, le stylo pour scalpel. L’ouvrage est un régal d’intelligence, de sensibilité, de clairvoyance : « Le réel est cancérisé, tuméfié. La bombe atomique a irradié Hiroshima. Là, c’est une irradiation psychologique. »Nuance et pédagogieL’autre talent de Moix, c’est de dessiner sa pensée, de peindre ses idées. Le 15 octobre 2016, sur le plateau de Ruquier, éloge de Fabrice Luchini : « Vous redonnez vie à des textes qu’on avait appris bêtement. Comme si vous nous faisiez visiter un appartement abandonné. Vous nous faites redécouvrir un moyen d’y accéder. » Moix, comme Luchini, est un passeur qui marie nuance et pédagogie. Avril 2016 : face à la pensée manichéenne d’Aymeric Caron sur l’antispécisme (théorie qui place l’humain au même niveau que l’animal), Moix lui oppose une vision subtile (« respecter le mystère du monde animal ») et humaniste (« lorsque l’on tue un homme, on tue un projet, un espoir, un génie potentiel et l’humanité elle-même »). Naguère écrivain égocentré (pléonasme ?), Yann Moix s’est (en partie) oublié pour ne plus offrir que sa vision perçante. Otez le « moi » de Moix, reste le X de ses rayons. "}