{"title": "Terrorisme : interpellations de jeunes Niçoises qui voulaient frapper", "newspaper": "leparisien", "author": "THIBAULT RAISSE", "date_publi": "25/09/2016", "theme": "Faits divers", "content": " C’est le premier projet d’attentat déjoué à Nice depuis la tragédie du 14 juillet. Selon nos informations, deux jeunes Niçoises ont été interpellées à la mi-septembre par la Direction générale de la sécurité intérieure (DGSI) et placées en détention provisoire. Les amies prévoyaient de passer à l’acte sous l’influence de , avec qui elles étaient entrées en contact par . Plus inquiétant encore : au moment de son arrestation, l’une d’elle était déjà mise en examen dans un autre dossier pour association de malfaiteurs en lien avec une entreprise terroriste. C’est en travaillant sur les contacts Telegram de Rachid Kassim, et avec l’appui de services de renseignement étrangers, que les enquêteurs identifient Soraya* le 9 septembre. La lycéenne de 19 ans en terminale technologique correspond avec le djihadiste depuis environ un mois. C’est l’une de ses amies mineures, Eve*, une convertie de 17 ans, qui lui a fourni le lien vers la chaîne de discussion cryptée, où le prédicateur encourage des Français à passer à l’acte. « Comme dans d’autres dossiers où l’on retrouve Rachid Kassim, elles étaient incitées à commettre un attentat sur des cibles précises afin de venger la mort récente du porte-parole de Daech », constate un proche de l’enquête. L’aînée déjà sous contrôle judiciaire Soraya est arrêtée en pleine rue à Nice le lendemain de son identification, puis son amie quelques jours plus tard à son domicile niçois. En garde à vue, Soraya nie toute sympathie djihadiste, avant de reconnaître être en contact avec Rachid Kassim. Eve choisit le silence, puis admet à son tour ses liens avec le Roannais, précisant avoir notamment la « haine » contre les militaires. Dans un second temps, elles avouent toutes deux avoir évoqué un passage à l’acte avant de renoncer. L’aînée assure avoir pris peur face à la « pression » imposée par Kassim. La mineure jure de son côté avoir été « choquée » par . Une défense qui n’empêche pas leur incarcération immédiate. Si Eve est inconnue des services de renseignement, Soraya avait été mise en examen une première fois le 21 novembre 2014 dans le cadre du démantèlement de la filière djihadiste niçoise organisée par . Alors âgée de 17 ans, elle s’apprêtait à rejoindre les terres de djihad. Depuis, elle était placée sous contrôle judiciaire et devait notamment pointer une fois par semaine. Une obligation à laquelle elle avait pourtant déjà dérogé. « On est face à deux jeunes filles dont le degré d’embrigadement pouvait une nouvelle fois faire craindre le pire », soupire un enquêteur. * Les prénoms ont été changés.    "}