{"title": "Attentats déjoués : les cinq suspects écroués", "newspaper": "leparisien", "author": "Le Parisien", "date_publi": "25/11/2016", "theme": "Faits divers", "content": "Le profil des cinq hommes soupçonnés d'avoir voulu commettre un attentaten France et interpellés dans la soirée du 20 novembre, se précise. Ce vendredi, le procureur François Molins a fourni,  de plus amples détails sur le parcours des cinq suspects arrêtés le weekend dernier à Strasbourg (Bas-Rhin) et à Marseille (Bouches-du-Rhône) et écroués en fin de journée.  Ces hommes, quatre Français et un Marocain, sont des «opérationnels de Daech, téléguidés à partir de la zone irako-syrienne», a indiqué le procureur. Les quatre Français, âgés de 35 à 37 ans et jusqu'ici inconnus des service anti-terroriste étaient des «amis de longue date» qui «se voyaient régulièrement et communiquaient en réseau fermé», sur une ligne téléphonique dédiée, a expliqué le procureur.  Ils ont été arrêtés à Strasbourg et ne connaissaient pas, d'après les premiers éléments de l'enquête, le suspect marocain arrêté à Marseille. Mais ils disposaient d'instructions communes «communiquées par un donneur d'ordre depuis la zone irako-syrienne», a détaillé le procureur. Yassin B. du commando de StrasbourgSelon la ministre de l'Education nationale Najat Vallaud-Belkacem, Yassin B, ne présentait «aucun signe de radicalisation» jusqu'ici. Ce célibataire de 37 ans, de nationalité française, était employé depuis plus de dix ans en qualité d'animateur périscolaire dans une école maternelle de Strasbourg. Très apprécié des enfants selon les témoignages de plusieurs parents d'élèves, son casier judiciaire était vierge et il venait d'être titularisé. C'est à son domicile que les enquêteurs ont mis la main sur un cahier comprenant douze pages d'inscriptions manuscrites faisant référence au djihad armé et à et glorifiant la mort en martyr, Un pistolet «Sig-Sauer», un «glock», et des chargeurs, et des dizaines de cartouches ont également été retrouvés. Une clef USB retrouvée chez lui a révélé aux enquêteurs la possibilité d'une livraison de somme d'argent, des coordonnées GPS pour se fournir en armes et en argent. Le procureur a par ailleurs confirmé qu'il s'était rendu, en mars 2015 et en compagnie de son ami Hicham M. à la frontière turco-syrienne en passant par Chypre, sans toutefois pouvoir dire si les deux hommes avaient réussi à passer la frontière. Une preuve en tout cas de leurs «velléités de rejoindre des groupes terroristes» selon François Molins.   Vidéo. Attentat déjoué : « C'est quelqu'un d'ouvert », témoigne un voisin de Yassin B.  Hicham M., du commando de StrasbourgHicham M, manutentionnaire de 37 ans arrêté à Strasbourg, avait déjà 6 condamnations à son actif. Chez lui, des écrits portant des menaces claires contre la France ont été retrouvés ainsi qu'un pistolet automatique, un mitrailleur et 60 cartouches. Hicham M., 37 ans également, de nationalité française, manutentionnaire, a six condamnations à son casier. Il s'était rendu, avec Yassin B. à la frontière turco-syrienne en mars 2015.  Samy B, du commando de StrasbourgArrêté à Strasbourg, Samy B, Franco-Tunisien de 36 ans, était employé dans une épicerie. Il vivait en concubinage et est père de trois enfants. Son casier judicaire portait trace de 7 condamnations.  Zaccharia M., du commando de StrasbourgZaccharia M., Franco-Marocain de 36 ans, n'avait aucune condamnation à son casier judiciaire. Un pistolet automatique, un pistolet mitrailleur, deux chargeurs et des cartouches ont été retrouvé chez lui à l'occasion des perquisitions du 20 novembre.  Hicham E. interpellé à MarseilleAlors que les quatre suspects français étaient interpellés à Strasbourg, Hicham E. était arrêté à Marseille. Ce Marocain de 26 ans résidait au Portugal où, malgré un casier judiciaire vierge, il avait été signalé pour radicalisation par les services de renseignement locaux, après avoir effectué plusieurs voyages suspects en Europe, muni de faux papiers. Le Marocain avait notamment été renvoyé par les autorités turques en 2015 alors qu'il tentait d'entrer en Syrie. Il était sans domicile fixe en France, a ajouté le procureur. Hicham E. ne connaissaient pas les quatre autres suspects, mais avait reçu les mêmes instructions - notamment de se procurer des armes - de la part du donneur d'ordre basé dans la zone turco-syrienne. Au moment de son interpellation, il était en possession de 4281 euros, somme destinée, selon les enquêteurs, à acheter l'arsenal nécessaire au passage à l'acte. Il est soupçonné d'être le collecteur de fonds de la cellule.   \r\n Deux autres suspects relâchés Au total, sept hommes ont été interpellés le weekend dernier.  Ces deux hommes avaient été arrêtés à Marseille avec Hicham E. le suspect marocain installé au Portugal. Ils étaient notamment soupçonnés d'avoir hébergé ce dernier. Nasser B. et Lamary N. s'étaient déjà trouvés dans le viseur des enquêteurs il y a huit mois, au moment de Le 14 juin, Nasser B., 38 ans, et Lamary N., 40 ans, étaient interpellés, soupçonnés d'avoir contracté des crédits à la consommation pour financer des activités terroristes. D'après une source proche de l'enquête, ces deux suspects communiquaient «avec un donneur d'ordre établi en Syrie surveillé par les services de renseignement français». Le 14 novembre, l'enquête s'est accélérée quand la DGSI a reçu un renseignement laissant supposer un passage à l'acte imminent. "}