{"title": "Saffie, Olivia, John... Qui sont les victimes de l'attentat de Manchester", "newspaper": "leparisien", "author": "G.L.", "date_publi": "24/05/2017", "theme": "Faits divers", "content": " Les victimes de , continuaient à être identifiées mercredi. Plusieurs journaux britanniques publient en une la photo de l'une d'entre elles, la jeune Saffie Rose. Le ministre français de l'Intérieur Gérard Collomb a confirmé dans la matinée qu'il n'y avait pas de victime française. La première victime identifiée, par son école, est une jeune fille de 18 ans, Georgina Callander. Elle était en deuxième année d'un cursus sanitaire et social au . Plusieurs photos ont émergé sur les réseaux sociaux la montrant en compagnie d'Ariana Grande, dont elle était une grande admiratrice. UK media name first  victim as Georgina Callander - who met Ariana Grande at the exact arena in 2015\n\n                            \r\n— Catherine Botman (@cat_botman)  Saffie Rose Roussos, 8 ans, assistait au concert de la star américaine avec sa mère et sa soeur. Le directeur de son école a décrit une fillette «aimée de tous», «chaleureuse et sympathique». LIRE AUSSI\r\n>  Originaire de Radcliffe, dans la banlieue de Manchester, John Atkinson, 26 ans, . Une cagnotte a été  pour aider la famille de ce «vrai gentleman». Sans nouvelle de sa fille, la mère d'Olivia Campbell, 15 ans, avait mobilisé les réseaux sociaux et les médias pour la retrouver. Charlotte Campbell a confirmé son décès sur Facebook : «Repose en paix ma chérie, ma précieuse et magnifique fille Olivia Campbell, prise beaucoup beaucoup trop tôt, chante avec les anges et continue de sourire, maman t'aime si fort.»  Le ministère polonais des Affaires étrangères a confirmé mercredi qu'un couple polonais avait péri dans l'attentat. Selon les médias polonais, il s'agit d'Angelika et Marcin Klis. Ils étaient venus chercher leurs filles à la fin du concert.  Deux autres mères sont décédées, Alison Howe et Lisa Lees, elles aussi présentes à la sortie de la Manchester Arena pour récupérer leurs enfants. Le beau-fils d'Alison Howes, 45 ans, a confirmé son décès sur Facebook : «Ils nous ont pris une mère et une belle-mère magnifique et attentionnée.» Le frère de Lisa Lees, 47 ans, a aussi fait part de son chagrin sur le réseau social : «Lisa est partie, mais on ne l'oubliera jamais. Je t'aime Lisa, tu vas me manquer.» 2 more victims null  my friend knows them personally and is broken \r\n— Serena null (@bxterabliss)   Kelly Brewster, 32 ans, a été longuement recherchée par ses proches au lendemain de l'attentat. Son compagnon, Ian Winslow, a annoncé son décès sur Facebook. «Nous avions tellement de projets ensemble. Ma fille Phoebe va être anéantie, comme nous le sommes tous», a-t-il écrit. L'agence Press Association conforme mercredi que Martyn Hett, un responsable des relations publiques de 29 ans, fait partie des victimes. Son compagnon s'est confié sur Twitter : «Nous avons appris la nuit dernière que notre beau, emblématique et merveilleux Martyn n'a pas survécu.»  Wake up to find out  has also not made it, rest in peace young man, another one taken away unfairly \r\n— #PrayForManchester (@LostManchester)    Megan Hurley, une adolescente de Liverpool selon le Daily Mail, est décédée. C'était «une adorable fille», selon le témoignage d'une mère laissé sur . La mort de Nell Jones, 14 ans, a été confirmée mercredi. Sa cousine avait alerté de sa disparition, mardi, sur Facebook, publiant sa photo.  "}