{"title": "EN IMAGES. Attentat de Manchester : les hommages aux victimes", "newspaper": "leparisien", "author": "Le Parisien", "date_publi": "23/05/2017", "theme": "Faits divers", "content": " Sous le choc. Le Royaume-Uni a essuyé lundi soir l'une des pires attaques terroristes commises sur son sol. Un homme de 22 ans, identifié mardi par la police sous le nom de , dont , à la sortie d'un concert d'Ariana Grande, lundi soir à Manchester.  L'Etat islamique a revendiqué l'attaque sur les réseaux sociaux, précisant que l'un «des soldats du califat a placé des bombes dans la foule». De nombreux hommages pour les victimes ont eu lieu dans la journée de mardi. La reine Elizabeth a observé une minute de silence à Buckingham Palace, tandis que des rassemblements et une veillée ont lieu dans le centre de Manchester.  "}