{"title": "Bruxelles : deux policiers agressés au couteau, soupçon d'attaque terroriste", "newspaper": "leparisien", "author": "Le Parisien", "date_publi": "05/10/2016", "theme": "Faits divers", "content": "Deux policiers ont été agressés au couteau ce mercredi à Bruxelles par un homme lors d'un contrôle sur une grande artère de la commune populaire de Schaerbeek, a indiqué le parquet de Bruxelles. L'assaillant a porté des coups de couteau suisse à deux policiers, les blessant l'un au ventre l'autre au cou, a déclaré une porte-parole du parquet de Bruxelles, Jennifer Vanderputten. Leurs jours ne sont pas en danger, selon elle.  Un homme de 43 ans qui a servi dans l'armée jusqu'en 2009\r\nInterrogé par la , le parquet fédéral a pour sa part indiqué qu'il y avait des raisons de soupçonner une attaque terroriste. «Nous avons des éléments pour croire qu'il s'agit d'une attaque terroriste», explique Eric Van Der Sypt, l'un des porte-parole. Toujours selon les informations de la RTBF, l'agresseur serait un ancien militaire belge, connu de la justice pour ses contacts avec des combattants partis en Syrie. Il s'appellerait Hicham D. et serait né le 26 avril 1973. Hicham D. aurait quitté l'armée belge en 2009. \r\nLa parquet n'a pas rendu publics les éléments qui l'incitent à privilégier la piste «terroriste». Mais c'est bien un juge d'instruction »spécialisé en matière de terrorisme» qui «décidera ultérieurement de son maintien en détention éventuel», selon son communiqué.\r\n Après les faits, l'individu a tenté de prendre la fuite et une autre patrouille de police a dû faire usage d'une arme à feu pour l'intercepter. «Il a été blessé par balle à la jambe», a dit  Jennifer Vanderputten. L'homme a également cassé le nez au policier qui l'a neutralisé.Policier attaqué au couteau à  ce mercredi ! \r\n— Sancun Râ (@sancun74)    qui avait été abattu par les forces de l'ordre. Le 7 septembre c'est à , que deux policiers avaient reçu des coups de couteau sans toutefois être blessés. L'auteur des faits, inculpé pour tentative de meurtre, est un homme d'origine maghrébine qui était connu des services de police sous une dizaine d'alias, mais sans lien avéré avec la mouvance islamiste d'après le parquet de Bruxelles.  \r\n Deux alertes à la bombe dans des gares de Bruxelles\r\nEn début d'après-midi ce mercredi, la gare de Bruxelles Nord a été évacuée après un appel anonyme alertant d'une bombe dans les bâtiments. A proximité, le bâtiment Portalis qui abrite le parquet de Bruxelles a également été évacué. \r\nCe même après-midi, la gare du Midi a connu un instant de panique après la découverte d'un colis suspect.   "}