{"title": "Yvelines : une arrestation après des menaces islamistes à l'encontre d'un gendarme", "newspaper": "leparisien", "author": "Le Parisien", "date_publi": "12/12/2016", "theme": "Faits divers", "content": " Opération de police, ce lundi matin à Ecquevilly (Yvelines). Les policiers de Mureaux étaient à la recherche de trois suspects, âgés de 22 à 35 ans, soupçonnés d’avoir menacé un gendarme des renseignements territoriaux, suite à la fermeture de la salle de prière. La fermeture de la salle de prière a été ordonnée le 2 novembre dernier, par arrêté préfectoral, et ce « jusqu’à la fin de l’état d’urgence ». La mosquée était alors décrite comme un « lieu de référence influent de la mouvance salafiste, prônant un islam rigoriste, appelant à la discrimination et à la haine, voire à la violence, à l’encontre des femmes, des juifs et des chrétiens ». L’influence de son imam, Youssef Bounouader, était montrée du doigt par les autorités. L’homme aurait notamment « légitimé dans un prêche les attentats kamikazes survenus en France ». Un seul de ces hommes, tous déjà connus des archives de la police, a été arrêté. La perquisition de son appartement a permis aux enquêteurs du commissariat de Mureaux de mettre la main sur des effets vestimentaires correspondant à ceux décrits par la victime. Dans les Yvelines, le traumatisme est encore très vif  "}