{"title": "Terrorisme : condamné en 2012, le physicien Adlène Hicheur restera assigné à résidence ", "newspaper": "leparisien", "author": "Le Parisien", "date_publi": "07/10/2016", "theme": "Faits divers", "content": "n'y ont rien fait. Le Conseil d'Etat a refusé ce vendredi de suspendre l'assignation à résidence de ce physicien franco-algérien Adlène Hicheur, La plus haute juridiction administrative a justifié sa décision en invoquant la «gravité» des faits condamnés et du fait que le Brésil, avait estimé qu'il «présentait un risque pour sa sécurité». Docteur en physique des particules, Adlène Hicheur avait été condamné en 2012 à Paris à cinq ans de prison, dont quatre ferme, pour avoir participé en 2008 et 2009 à une association de malfaiteurs à visée terroriste. Il lui était reproché d'avoir échangé 35 messages électroniques avec Mustapha Debchi, considéré comme un responsable d'Al-Qaïda au Maghreb islamique (Aqmi), dans lesquels étaient évoqués des projets d'attentats en France. «Seule l'arrestation» pour empêcher l'attentat «Les faits établis par ce jugement pénal s'imposent au juge administratif. Les faits en cause (...) sont particulièrement graves: seule l'arrestation de l'intéressé avait permis de faire obstacle à la réalisation de ses projets d'attentats», relève le Conseil d'Etat dans un communiqué. Si le chercheur, qui était enseignant à l'université de Rio de Janeiro, soutient qu'il a depuis «tourné la page», le juge des référés du Conseil d'État a fait valoir que l'intéressé présentait, selon les autorités brésiliennes, «un risque pour sa sécurité».  «Je n'ai pas choisi de revenir en France, je suis ici contre mon gré et cette assignation à résidence m'empêche de travailler», avait plaidé Adlène Hicheur pour tenter d'en obtenir la levée. «On n'a pas demandé à vous avoir. Tout le monde est contre son gré dans cette affaire», lui avait alors répondu Pascale Léglise, responsable juridique au ministère de l'Intérieur. Le Conseil d'Etat s'inquiète d'un retour d'Hicheur en Algérie  Le Conseil d'État relève également que si l'assignation était levée, Adlène Hicheur, qui a la double nationalité algérienne et française, pourrait partir s'installer en  et «pourrait ensuite à tout moment retourner en France (...) sans que les autorités françaises ne puissent s'y opposer, ni même en être nécessairement informées». A l'audience, l'avocat du physicien avait plaidé le droit à l'oubli, dénonçant la disproportion entre l'atteinte portée à sa liberté et la mesure sécuritaire prise dans le cadre de "}