{"title": "Le métro londonien sous haute-surveillance après un colis suspect", "newspaper": "leparisien", "author": "Le Parisien", "date_publi": "22/10/2016", "theme": "International", "content": "Scotland Yard a réagi très vite. Au lendemain de , le porte-parole de la police de Londres a annoncé samedi que la sécurité dans les transports avait été renforcée. Les Londoniens doivent donc s'attendre à croiser sur leur chemin «davantage de policiers, y compris des agents armés, à l'intérieur et autour des plateformes de transport.» La veille, à la mi-journée, un suspect était interpellé dans une rue du nord de Londres à l'aide d'un pistolet à impulsion électrique Taser par des policiers chargés de la lutte antiterroriste. Ce jeune homme de 19 ans serait l'auteur présumé d'un colis suspect qui a entraîné la fermeture durant plusieurs heures jeudi de la station de North Greenwich. Celle-ci permet notamment d'accéder à la salle de concert O2 Arena, qui peut accueillir 20.000 spectateurs et où le groupe de rock canadien Nickelback se produisait le soir-même. Un «loup solitaire» ?  L'homme se trouvait toujours en détention à Londres samedi matin. Le porte-parole de Scotland Yard a précisé que les restes du colis suspect, détruit, étaient «examinés» par la police scientifique afin de déterminer dans quelle mesure il aurait pu se révéler dangereux. Selon le Times, qui s'appuie sur des sources de sécurité, le jeune homme pourrait être un «loup solitaire», sans lien avec une éventuelle cellule terroriste. La police britannique a elle indiqué ne pas rechercher, «à ce stade», d'autres personnes en lien avec cette affaire, et n'exclut aucune thèse. Le niveau d'alerte terroriste au Royaume-Uni est fixé depuis août 2014 à «grave», le quatrième sur une échelle de 5. A la suite des attentats de novembre 2015 en France, la police avait déjà annoncé le déploiement de 600 policiers armés supplémentaires à Londres, portant leur nombre à 2 800. "}