{"title": "Attentat de Berlin : ce que l'on sait des victimes", "newspaper": "leparisien", "author": "S.C. et R.K.", "date_publi": "22/12/2016", "theme": "Faits divers", "content": " , a fauché douze vies et blessé 49 personnes. Les identités de trois personnes tuées sont connues ce jeudi, celles des neuf autres restent inconnues. > Lire aussi :  L’anonymat de la plupart des victimes, notamment allemandes, a été préservé. C’est en effet ce qu’exige la législation outre-Rhin sur le respect de la vie privée. Seuls les proches et les autorités des pays d’origine des victimes, lorsqu’il s’agit de ressortissants étrangers, peuvent informer les médias d’une éventuelle identification. Selon le quotidien britannique , plusieurs familles n’ont pas de nouvelles d’un des leurs mais espèrent encore que celui-ci reçoit des soins dans un des nombreux hôpitaux de la ville. VIDEO. Attentat de Berlin : un Tunisien de 24 ans, recherché en Europe Lukasz Urban, 37 ans, PolonaisPolish driver Lukasz Urban 'was still alive' during lorry attack on Berlin market Coward \r\n— john pilejko (@johnpilejko)  D’après les premiers éléments de l’autopsie, le chauffeur polonais du camion ayant servi à commettre l’attentat a été tué par balle. Le corps de ce père de famille, âgé de 37 ans, a été retrouvé dans la cabine du camion, sur la place du passager. Son visage, en sang, laisse supposer qu’il s’est battu. Son corps présentait des blessures à l'armes blanche et par balles.Lukasz Wasik, le patron de l’entreprise de transport pour laquelle il travaillait, décrit Lukasz Urban comme «un homme bon, calme et honnête». Le chauffeur était en Allemagne pour livrer une cargaison de structures en métal. Les circonstances de sa rencontre avec  toujours recherché, restent à éclaircir.  Dalia Elyakim, 60 ans, IsraélienneHeartbreaking: Israeli Dalia Elyakim, 60, confirmed killed in  terror attack may her memory be a blessing \r\n— StandWithUs (@StandWithUs)  Elle visitait Berlin avec son mari ; celui-ci, à ses côtés lors de l’attaque, a été grièvement blessé. Le corps de Dalia Elyakim, une Israélienne de 60 ans, a été identifié dans la nuit de mercredi à jeudi. Auparavant, l’ambassadeur israélien en Allemagne, Yakov Hadas-Handelsman, n’avait pu que confirmer que ce couple avait été «affecté par l’attentat» et que l’homme, âgé d’une soixante d’années, était hors de danger après avoir été opéré dans la nuit de lundi à mardi. Leurs deux enfants sont arrivés à Berlin mardi soir.\r\n Fabrizia Di Lorenzo, 31 ans, ItalienneSono ore decisive per apprendere quale sia stata la sorte di Fabrizia Di Lorenzo, la connazionale scomparsa a Berlino. ore 8 \r\n— Rai3 (@RaiTre)  Le ministre italien des Affaires étrangères Angelino Alfano a confirmé jeudi qu'une Italienne de 31 ans figurait parmi les 12 morts de l'attentat. Originaire de Sulmona, dans les Abruzzes, Fabrizia Di Lorenzo avait fait des études de langues et de relations internationales, avec un échange Erasmus à Berlin. Elle travaillait depuis quelques années dans une entreprise de transports dans la capitale allemande. Son téléphone portable et son pass de métro avaient été retrouvés sur les lieux. Son père, Gaetano, avait confié mercredi au quotidien La Repubblica qu’il «attendait confirmation» de son décès et qu’il ne faisait «aucune illusion». 16 blessés dans un état grave Parmi les 48 blessés, 16 sont toujours dans un état grave. Rami Elyakim, le mari de la femme israélienne figurant parmi les douze tués, ainsi que trois personnes de nationalité italienne, deux venues d’Espagne, deux Britanniques et une personne libanaise comptent parmi les blessés. Une Française d'une vingtaine d'années a également été légèrement touchée. Les nationalités de 38 autres victimes n’ont pas encore été communiquées. "}