{"title": "Rotterdam : arrêté avec une kalachnikov et une image de Daech ", "newspaper": "leparisien", "author": "Le Parisien", "date_publi": "09/12/2016", "theme": "Faits divers", "content": " Un homme de 30 ans soupçonné d'un projet d'attentat a été arrêté mercredi à Rotterdam, a annoncé le parquet des Pays-Bas dans un communiqué. Une kalachnikov AK-47, deux chargeurs pleins, ainsi que quatre boîtes de «pièces illégales de feu d'artifice» et un tableau représentant un drapeau utilisé par le groupe État islamique ont été retrouvés dans son logement lors d'une perquisition. Plusieurs téléphones et 1 600 € en liquide ont également été saisis par le service spécial d'intervention (DSI) de la police néerlandaise, précise de son côté le journal . Placé deux semaines en détention préventive C'est sur la base d'une information des services de renseignements néerlandais (AIVD) qu'une enquête du parquet a été lancée et que les forces spéciales (DSI) ont procédé à son arrestation, a expliqué le porte-parole du parquet, Wim de Bruin. «Il est soupçonné d'avoir préparé un crime terroriste, mais nous n'avons pas d'information sur les détails», a-t-il déclaré. Après avoir été présenté devant un juge, le suspect a été placé pour deux semaines supplémentaires en détention préventive, a ajouté le parquet.  D'origine marocaine, il travaillait au port  Le suspect est d'origine marocaine et travaillait au port, a raconté son frère à la presse néerlandaise. Jaouad A., comme le présente le quotidien populaire Algemeen Dagblad, «est croyant, il prie cinq fois par jour, mais ce n'est pas un terroriste», a affirmé son frère dans cet entretien publié samedi.«Il a travaillé cinq ou six mois dans le port. Un terroriste qui travaille au port, vous avez déjà entendu ça ?», a-t-il ajouté. Les Pays-Bas en état d'alerte Les Pays-Bas sont en état d'alerte depuis les attentats de Paris l'année dernière. Les services néerlandais de lutte contre le terrorisme (NCTV) ont affirmé le mois dernier que la menace terroriste pourrait augmenter aux Pays-Bas si l'organisation terroriste Etat islamique venait à être vaincue en Syrie et en Irak, avec le retour de nombreux combattants. Environ 270 Néerlandais sont partis se battre aux côtés des jihadistes, et environ quarante anciens soldats de Daech sont revenus. En avril, un Polonais ivre avait provoqué , après avoir faussement assuré détenir une bombe. L'incident s'était déroulé trois semaines après les attentats en Belgique à l'aéroport de Bruxelles-Zaventem et dans le métro de Bruxelles, qui avaient fait 32 morts. En juillet, des mesures de sécurité supplémentaires avaient été mises en place à l'aéroport de Schiphol suite à de .  "}