{"title": "Attentats de Bruxelles : «L'homme au chapeau» a été donné par un de ses «amis»", "newspaper": "leparisien", "author": "De notre correspondant Julien Balboni à Bruxelles (Belgique)", "date_publi": "20/03/2017", "theme": "Faits divers", "content": " Les circonstances de son interpellation le 8 avril 2016, plus de quinze jours après les attentats de Bruxelles, étaient jusqu'ici restées mystérieuses. Selon plusieurs sources proches de l'enquête, , a été arrêté grâce à l'intervention d'un informateur de la police fédérale belge. Avant son interpellation, Mohamed Abrini a erré depuis deux semaines dans les rues de la capitale belge. Le 22 mars 2016, jour des attentats de Bruxelles, il n'était pas allé au bout et avait laissé Najim Laachraoui et Ibrahim el-Bakraoui se faire exploser dans l'aéroport de Zaventem, provoquant la mort de douze personnes. Il avait fui à pied, bob sur le crâne, d'où le surnom de . Un échange d'argent puis l'interpellation  et dormait dans les parcs. Le 7 avril 2016, il rencontre un ami, dans la commune d'Anderlecht. Il lui raconte n'avoir plus un sou pour manger et lui demande de le dépanner. L'«ami» accepte et lui donne rendez-vous le lendemain, non loin du square Albert. Le 8 avril, les deux hommes se retrouvent. L'échange d'argent a lieu : «l'homme au chapeau» reçoit environ 400 €. Ils se serrent la main et se séparent. Quelques minutes plus tard, Mohamed Abrini est arrêté, en pleine rue. C'est la fin d'une cavale de près de cinq mois puisqu'il s'avère que l'homme au chapeau de Bruxelles et le suspect recherché depuis les attentats de novembre à Paris ne sont qu'un seul et même homme. Quant à l'«ami» qui lui a remis l'argent, il est brièvement entendu par la police fédérale avant d'être libéré sans suites. Selon nos informations, il a bénéficié un moment d'une protection policière. Contacté, le parquet fédéral n'a souhaité ni infirmer, ni confirmer, tout comme l'avocat du terroriste présumé.  pour son rôle dans les attentats de Paris, et en Belgique pour son rôle dans les attentats de Paris et Bruxelles. Ami d'enfance de Salah Abdeslam, l'un des terroristes du 13 novembre, il est soupçonné d'être le onzième homme des attaques de Paris. Il s'est actuellement lancé dans un combat judiciaire pour n'avoir qu'un seul procès. Son avocat belge, Me Stanislas Eskenazi, estime que les attentats de Paris et de Bruxelles sont le fruit du même groupe terroriste. Et que son client ne peut, à ce titre, être jugé deux fois pour les mêmes faits.  "}