{"title": "Des radicalisés chez les lycéens, professeurs, personnels d'aéroports...", "newspaper": "leparisien", "author": "CHRISTEL BRIGAUDEAU, ÉRIC PELLETIER ET VINCENT VERRIER", "date_publi": "25/01/2017", "theme": "Faits divers", "content": " L'étude du  montre que les risques sont évalués non seulement par département, mais également par famille de métiers. Ainsi, le secteur des transports apparaît le plus touché. Dans d'autres, comme l'éducation, le risque est moindre mais réel. Dans l'éducation Le nombre de signalements survenus depuis septembre serait, selon le ministère de l'Education nationale, indisponible. Mais pendant l'année scolaire 2015-2016, l'institution a recensé 1 848 jeunes (sur 5,5 millions de collégiens et lycéens) suspectés de radicalisation et potentiels candidats au djihad. « Ce sont des signalements sur la base de signaux faibles : nous transmettons les dossiers aux services concernés des préfectures, et ce sont eux qui décident de l'opportunité d'un suivi ou de l'ouverture d'une enquête », précise-t-on Rue de Grenelle. Par ailleurs, une dizaine d'enseignants ont été suspendus de leurs fonctions pour le même motif de radicalisation, depuis 2015. Dans les aéroports Plus de 85 retraits d'habilitation pour des soupçons de radicalisation sont intervenus sur les plates-formes aéroportuaires de Roissy et d'Orly ces deux dernières années. Depuis les attentats de janvier 2015, les pouvoirs publics ont renforcé leur vigilance envers les quelque 86 000 porteurs de badges rouges, un sésame permettant l'accès à la « partie piste ». Le préfet peut décider de les leur retirer en cas de signes de radicalisation : salarié refusant de travailler sous l'autorité d'une femme, tenant des propos incitant à la haine raciale ou encore effectuant du prosélytisme pour un islam intégriste. « L'urgence est de les éloigner des avions », résume un bon connaisseur du dossier. Cette procédure administrative, parfois dénoncée comme arbitraire par les syndicats, reste susceptible de recours devant le tribunal administratif. Parallèlement, les nouveaux candidats à l'accès en zone piste sont soumis à un processus de « criblage » (passage aux multiples fichiers de police). En cas de doute, les services de renseignement peuvent effectuer des enquêtes de voisinage, voire solliciter le témoignage de collègues. Depuis quelques mois, la direction du renseignement de la préfecture de police dispose d'une trentaine d'agents à Roissy. Dans les transports Les services de renseignement ont identifié 167 salariés d'entreprises de transports franciliennes comme radicalisés. Ces entreprises, comme la SNCF et la RATP, sont parmi les principaux employeurs de la région. « Elles sont aussi à l'image de la société, analyse un élu francilien. Il y a eu aussi une politique de recrutement pour mieux ancrer ces entreprises dans le territoire. » La suite est connue, une montée des faits religieux, principalement au service des bus de la RATP, avec des salariés qui refusent de saluer voire de travailler avec leurs collègues femmes et parfois des prières au sein des locaux professionnels. La RATP mais aussi la SNCF se sont dotées de chartes de laïcité ou encore de codes d'éthique, sur lesquels les entreprises peuvent s'appuyer pour prévenir certains comportements.   VIDEO. Les chiffres de la radicalisation à Paris et en Ile-de-France "}