{"title": "Daech pourrait préparer des attentats à la voiture piégée en Europe", "newspaper": "leparisien", "author": "Le Parisien", "date_publi": "02/12/2016", "theme": "Faits divers", "content": " changent de modes opératoires pour atteindre leurs cibles en Europe et ils pourraient avoir recours à des voitures piégées, a averti Europol, l'Office européen de police, vendredi. «L'utilisation d'engins artisanaux, d'explosifs militaires ou achetés dans le commerce dans des voitures piégées», comme cela a été fait en Syrie ou en Irak, «n'a pas encore été employée par Daech Europe», selon un rapport publié à La Haye. Mais «étant donné que les modes opératoires utilisés au Moyen-Orient ont tendance à être copiés par les terroristes en Europe... il est tout à fait concevable que Daech les utilise à un moment», selon la même source. Jusqu'à présent, aucune voiture piégée n'a été utilisée sur le continent européen, mais Europol rappelle que le groupe responsable  l'avait envisagé avant de changer de plans face à l'intervention de la police. Une voiture chargée de bonbonnes de gaz à Paris . Le commando de trois femmes de 19, 23 et 39 ans à l'origine de cette tentative d'attentat, téléguidé de Syrie par Daech, . Dans son rapport, l'Office européen de police souligne que des experts anti-terroristes s'inquiètent également de voir la Libye devenir, après la Syrie, «une nouvelle base-arrière pour Daech à partir de laquelle il mènerait des attaques au sein de l'Union européenne et en Afrique du Nord». En 2015, les forces de sécurité européennes ont arrêté 667 personnes suspectées d'activités djihadistes, selon le même rapport. VIDEO. Que sait-on sur la tentative d'attentat à la bonbonne de gaz à Paris ?  "}