{"title": "Terrorisme : remise en liberté, Shayma, Creilloise de 18 ans, s’explique", "newspaper": "leparisien", "author": "Edith Lasry-Segura", "date_publi": "05/03/2017", "theme": "Creil", "content": "Elle était soupçonnée d’appartenir au clan des « Lionnes ». , et interpellées mardi dernier par la direction générale de la sécurité intérieure (DGSI). Si trois des quatre adolescentes ont été mises en examen jeudi pour « association de malfaiteurs en relation avec une entreprise terroriste », Shayma T. a été libérée vendredi. « Sa garde à vue a bien été levée, dit-on de source judiciaire. Ce qui ne préjuge en rien de la suite. » Mais pour la Creilloise de 18 ans, c’est sa « victoire » à elle.\r\nSur ses poignets, les menottes ont laissé de discrètes traces rouges. Le dernier souvenir de son interrogatoire au cœur de la DGSI. « C’est étrange de voir sa vie basculer en quelques secondes, confie cette élève de terminale S. Je me préparais pour le lycée quand j’ai entendu un bruit assourdissant. On venait de défoncer ma porte d’entrée. »« Les réseaux sociaux peuvent être une porte d'entrée vers l'enfer »L’adolescente est immédiatement conduite à Levallois-Perret, au siège de la DGSI. En quatre jours, elle sera auditionnée neuf fois. « Je ne connais pas ces Lionnes. Je ne me suis jamais radicalisée. Je n’ai jamais pensé une seule fois à tuer », confesse-t-elle en larmes. Sa cellule, plongée dans le noir, n’est qu’à quelques mètres de celles des autres interpellées. « Ce ne sont pas de vraies musulmanes, estime Shayma. Moi, je connais ma religion, je sais lire le Coran, et il ne demande pas de tuer. J’ai subi une injustice, mais il y a des explications. »Au mois d’avril dernier, la Creillosie prépare un mémoire dans le cadre de ses cours. Et décide de travailler sur Daesh. Sur Internet, elle effectue donc des recherches pouvant interpeller les autorités. En parallèle, Shayma s’abonne à Telegram, une application de messagerie cryptée, souvent utilisée par des terroristes. « J’échangeais seulement avec mes amis, poursuit l’adolescente. Comme sur Facebook. Mais en fait, les réseaux sociaux peuvent être une porte d’entrée vers l’enfer. »Un mémoire sur DaeshUn « enfer » qu’elle frôlera de près le jour où une jeune Parisienne entre en contact avec elle sur Facebook. « On avait des amis en commun. Elle me demandait des conseils sur les cours. Ni plus, ni moins. » Puis, plus de nouvelles. Au mois de juin, Shayma est entendue par la police de Creil concernant ses recherches sur Daesh. Une perquisition aura lieu à son domicile. « J’ai été libérée, on n’avait rien à me reprocher. » Lors de ses auditions à la DGSI cette semaine, les policiers élucideront le mystère sur la jeune Parisienne. « Elle était surveillée. Elle avait établi une liste de personnes qu’elle souhaitait tuer. Ils ont épluché ses contacts et sont donc remontés jusqu’à moi. »Depuis sa sortie de garde à vue, Shayma a peur. Peur d’être « rejetée » si elle retourne au lycée. « Dans mon quartier, tout se sait. Certains me traitent déjà de terroriste. » Les rumeurs qui ont suivi son interpellation, la décrivant comme une jeune fille radicalisée, en sont l’exemple selon elle. Mais Shayma s’est lancé deux défis. Devenir journaliste, et prévenir les plus jeunes des dangers d’Internet. « On ne sait jamais qui est derrière l’écran. Certains sont malheureusement des briseurs de vie. » "}