{"title": "Hardricourt : condamné à 5 mois de prison pour avoir menacé de « faire exploser la France »", "newspaper": "leparisien", "author": " J.C.", "date_publi": "04/10/2016", "theme": "Hardricourt", "content": "Un jeune de 23 ans a été condamné lundi soir à une peine de 5 mois de prison ferme par le tribunal correctionnel de Versailles pour menaces de mort.Oussama a été interpellé samedi soir à Hardricourt. Vers 22 heures, un épicier a téléphoné à la police pour signaler le comportement effrayant de ce jeune Marocain. Oussama criait qu’il allait « faire exploser et retourner la France ; tout faire péter ». « Je vais tuer des gens » a-t-il ajouté, en cassant le rétroviseur d’une voiture en stationnement.Les policiers l’ont retrouvé dans le souterrain de la gare de la ville. Nerveux et perturbé, il dit vouloir mourir en martyr. « Je suis venu en France depuis deux ans pour travailler. Je vis au foyer de migrants et mon passeport a disparu », répète le jeune homme qui reconnaît avoir tenu ces propos menaçants mais ne semble pas en comprendre la portée. "}