{"title": "Un djihadiste français de 34 ans capturé en Syrie ", "newspaper": "leparisien", "author": "Le Parisien", "date_publi": "20/02/2017", "theme": "Faits divers", "content": " C'est la deuxième fois qu'un combattant français de Daech est capturé vivant par les forces anti-djihadistes en Syrie, . Un habitant de Toulouse (Haute-Garonne) de 34 ans a été arrêté dans la ville d'al-Bab, près d'Alep. On ignore pour l'instant quelle fonction il occupait au sein du groupe État islamique. Dans une vidéo diffusée par les rebelles syriens alliés de l'armée turque (ci-dessous), l'homme, qui porte la barbe, dit s'appeler Jonathan Jeffrey. Selon RFI, ce converti à l'islam, marié, explique, «dans un bon arabe», être arrivé en Syrie depuis près de deux ans. Il a transité par la Turquie. Rien dans les éléments diffusés ne donne d'indications sur la façon dont il a été capturé à.  : Jonathan Jeffrey alias Ebu İbrahim El Fransi interrogé les forces de l'.\n\n                            \r\n— WarTime (@BirSoze)  La capture de ce Français avait été mentionnée vendredi par Jean-Claude Brisard, spécialiste du terrorisme et enseignant à Sciences Po Strabourg (Bas-Rhin).  Le  français Jonathan Geffroy aka Abou Ibrahim, proche de Sabri  aurait été capturé par les forces turques \r\n— Jean-Charles Brisard (@JcBrisard)   Proche du beau-frère de Mohamed Merah  Selon RFI, Abu Ibrahim, de son surnom, est presque un inconnu dans les milieux djihadistes. Il n'était pas apparu dans des vidéos de propagande. Il serait proche de, qui se trouverait également en Syrie (infographie ci-dessous). Une fois en France, Jonathan Jeffrey devrait être jugé et emprisonné comme tous les djihadistes français de retour de Syrie.Deux a pour avoir passé trois semaines en Syrie, début 2014, pour y faire le djihad   "}