{"title": "«L'opération Sentinelle a changé depuis son lancement» affirme son porte-parole", "newspaper": "leparisien", "author": "Le Parisien", "date_publi": "17/04/2017", "theme": "Faits divers", "content": " Quelle est la philosophie de Sentinelle ? L'opération a changé depuis son lancement en janvier 2015, , de Montrouge et de l'Hyper Cacher. Les modalités, les objectifs, l'organisation et la vision tactique ont évolué. Au départ, c'était une opération statique de protection des lieux symboliques et touristiques (grands musées, aéroports, gares, etc.) et des sites de la communauté israélite. Mais il est apparu que ce mode d'action n'était pas la panacée. Pour la communauté, dont les lieux n'étaient plus du tout discrets, et pour les soldats, en faction statique telle la chèvre de M. Seguin. Et puis, en postant les militaires à des points fixes, on créait des espaces lacunaires. Les attentats du 13 Novembre ont changé la donne...\r\nOn a réalisé que la menace visait désormais l'ensemble de la communauté nationale. Et donc que tous les lieux de rassemblement pouvaient être considérés comme des cibles. . Il s'est adapté à la vie de la cité, au rythme de la population. L'objectif est d'être moins prévisible avec des patrouilles aléatoires. C'est également beaucoup plus intéressant pour le soldat dont on utilise toutes les compétences tactiques. L'opération est plus efficace pour remplir sa triple mission : protéger, dissuader et rassurer. A LIRE AUSSI\r\n>  VIDEO. Sentinelle face à la menace terroriste Les règles d'engagement de tir ont-elles été revues depuis le Bataclan ?\r\nCe soir-là, on était encore dans la phase statique. Une patrouille qui allait relever une autre devant une synagogue a entendu les coups de feu et s'est mise à disposition de la police. Elle a rempli les missions qui lui avaient été allouées : se mettre en appui devant le passage Amelot et créer une zone d'exclusion. A aucun moment il n'a été question qu'elle entre dans la salle. Aujourd'hui, les règles d'engagement de tir ont été rationalisées. Les soldats sont soumis au cadre de la légitime défense étendue au périple meurtrier. On l'a vu avec les agressions du Louvre et d'Orly où ils ont réagi face à la menace. Ces deux exemples n'indiquent-ils pas que les  ?\r\nJe ne comprends pas cette polémique. Qui imagine que l'assaillant du Louvre serait rentré chez lui avec ses machettes s'il n'avait pas croisé la patrouille ? Au contraire, l'opération a prouvé que les militaires se trouvaient où il fallait au bon moment et qu'ils sont intervenus à bon escient. Et je rappelle qu'il n'a pas fallu attendre Sentinelle pour s'en prendre à des militaires : Mohamed Merah en a tué trois et grièvement blessé un. "}