{"title": "Attentat déjoué : Clément Baur, le faux Tchétchène", "newspaper": "leparisien", "author": "Jean-Michel Décugis et Eric Pelletier (avec Julien Balboni)", "date_publi": "20/04/2017", "theme": "Faits divers", "content": " Une fois encore, la prison semble avoir été le creuset d'un dessein terroriste. Quarante-huit heures après l'arrestation à Marseille (Bouches-du-Rhône) de , et Mahiedine Merabet, 29 ans, le parcours de ces deux terroristes présumés, soupçonnés de préparer un attentat pendant l'élection présidentielle, se dessine plus clairement. Ceux qui deviendront inséparables se sont connus à la maison d'arrêt de Sequedin, dans le Nord. Les deux détenus ont partagé la même cellule au 1er étage de l'établissement, entre janvier et mars 2015. Le plus jeune, considéré comme le leadeur par les enquêteurs de la Direction générale de la sécurité intérieure (DGSI), est alors écroué sous une fausse identité. Une façon — déjà — de brouiller les pistes. Clément Baur, qui porte une longue barbe, parle l'arabe et le russe, dit s'appeler Ismaël Djabrailov, né le 1er septembre 1992, à Kizliar en Russie. Multiples changements d'alias et de domicileIl a été condamné par le tribunal correctionnel de Lille, le 19 janvier 2015, à quatre mois de prison pour la détention de faux papiers lituaniens. Devant les juges, ce natif d'Ermont (Val-d'Oise) s'est alors présenté comme un demandeur d'asile tchétchène. Il a également expliqué vivre à Marseille avec une jeune femme épousée religieusement. Les enquêteurs de la DGSI sont convaincus qu'il a radicalisé son compagnon de cellule. Celui-ci, Mahiedine Merabet, est à l'époque un voyou collectionnant les condamnations, incarcéré pour trafic de drogue. Inscrit au culte musulman de la prison, il est surveillé pour un trafic supposé de cannabis au parloir. Un seul incident va émailler sa détention : «une bagarre dans la cour de promenade», selon un surveillant qui se souvient très bien de lui. En mars 2015, le faux Ismaël Djabrailov sort de prison. Il est alors inscrit dans les fichiers de police comme personne radicalisée . Selon nos informations, les services de renseignement pénitentiaire l'ont signalé à la DGSI, qui fait le lien avec sa vraie identité : Clément Baur. Début 2015, ses proches ont signalé sa disparition et sa pratique radicale de la religion. En mai 2015, Mahiedine Merabet, lui, est transféré au centre de détention de Longuenesse, près de Saint-Omer (Pas-de-Calais). Dès son arrivée, le détenu fait l'objet de surveillance pour des soupçons de radicalisation. A sa sortie, en mars 2016, Merabet est à son tour fiché S. Enquête sur des liens avec la filière de VerviersOn retrouve ensuite la trace des deux anciens compagnons de cellule le 7 décembre 2016 à Roubaix. Dans le cadre , une perquisition a lieu dans l'appartement de Mahiedine Merabet. Mais le Roubaisien a disparu. Les policiers tombent sur Clément Baur qui, une fois de plus, décline une fausse identité. Il n'est pas poursuivi. Les deux hommes ne perdent pas les liens noués en cellule, malgré les pérégrinations de Baur à travers la Belgique, l'Allemagne et la France, période durant laquelle il ne cesse de changer d'alias et de domicile. Le parquet fédéral belge ouvre même une enquête pour ses liens avec . Son nom serait apparu dans un dossier de filière de recrutement tchétchène à l'origine du départ de quatre hommes en Syrie. Finalement, Merabet et Baur se retrouveront fin mars à Nancy (Meurthe-et-Moselle) pour rejoindre chacun séparément Marseille en covoiturage en milieu de semaine dernière. On connaît la suite... A LIRE AUSSI\r\n>   "}