{"title": "Paris : la Tour Eiffel éteinte en hommage aux victimes des attentats en Iran", "newspaper": "leparisien", "author": "Le Parisien", "date_publi": "08/06/2017", "theme": "Paris", "content": " La tour Eiffel sera symboliquement éteinte jeudi soir «en hommage aux victimes des attentats de Téhéran», a annoncé Anne Hidalgo, la maire socialiste de Paris, sur son compte Twitter. Ce soir, à minuit,  s'éteindra en hommage aux victimes des attentats de .  et les Parisiens sont solidaires \r\n— Anne Hidalgo (@Anne_Hidalgo)  Mercredi, des hommes armés et des kamikazes ont attaqué le Parlement et le mausolée de l'imam Khomeiny à Téhéran, en Iran.  a fait 17 morts et des dizaines de blessés.  La tour Eiffel, emblème de la capitale française, marque très régulièrement la solidarité des Parisiens envers des victimes d'attentats. Le monument avait ainsi été symboliquement éteint dimanche soir pour rendre hommage aux , qui a fait 8 morts et une cinquantaine de blessés.  "}