{"title": "Non, Marine Le Pen ne peut pas punir tous les fichés S", "newspaper": "leparisien", "author": "Gaël Lombart (@gaellombart)", "date_publi": "20/04/2017", "theme": "Election présidentielle", "content": " Après avoir prétendu , qu'elle aurait pu éviter les attentats de 2012 et de novembre 2015, Marine Le Pen répète à chaque interview, à chaque meeting, l'attitude qu'elle entend adopter à l'égard des fichés S, ces individus surveillés car pouvant présenter un risque pour la sûreté nationale.\r\n Jeudi encore, elle égrenait ces mesures sur Europe 1 : «Les fichés S étrangers seront exclus du territoire, les bi-nationaux se verront appliquer une procédure de déchéance de nationalité et seront également, à l’issue de cette procédure, renvoyés.» Quant aux Français fichés S, «ils seront soumis à l’article 411-4, l’article qui considère comme crime l’intelligence avec l’ennemi». VIDEO. Marine Le Pen sur Europe 1 ce jeudi\r\nDes déclarations floues\r\nDans les faits, cela ne semble pas si simple. D'abord, parce que tous les fichés S ne sont pas des djihadistes en puissance. Fin novembre 2015, il y avait, selon le Premier ministre de l'époque, Manuel Valls, environ 20 000 personnes fichées S. Parmi elles, 10 500 étaient mises en attention pour «leur appartenance à la mouvance islamique, la mouvance radicale, ou leur lien avec la mouvance». Dans l'autre moitié des fichés S, on trouvait des activistes écologistes, des hooligans, des personnes liées à l'ultra droite ou l'ultra gauche... Presque toutes les déclarations de Marine Le Pen depuis lundi entretiennent le trouble, la candidate FN ciblant le plus souvent «les fichés S», sans distinction.\r\n Les rares cas où elle précise qu'elle s'attaque aux fichés S liés au «fondamentalisme islamiste», elle insiste sur leur nombre, alors qu'il n'a pas filtré des services de renseignement depuis novembre 2015. L'approximation portant sur «10 000 fichés S pour djihadisme», avancée mardi soir sur TF1 par la candidate, est sûrement à revoir : la durée d'une fiche S est d'un an et il convient au service qui l'a créée de la renouveler ou non.\r\n «Est-ce que vous imaginez le travail que ça représente pour nos services de renseignement, pour notre police, d'être obligés d'en suivre 10 000 ?», a insisté Marine Le Pen, jeudi sur Europe 1. Sauf que faire l'objet d'une fiche S ne signifie pas être surveillé en permanence. Les services de renseignement sont simplement informés lorsqu'une personne fichée est contrôlée en France ou en Europe, grâce au Système d'information Schengen (SIS). On dit qu'elle «sonne».\r\n Juger au cas par cas\r\nFaire l'objet d'une fiche S n'induit pas non plus que l'on se soit rendu coupable d'un délit ou d'un crime. C'est avant tout un outil qui sert à collecter des informations (état civil, photographie, déplacements...) sur une personne. Ce n'est que lorsque des indices font présumer de l'existence d'une infraction que le procureur peut ouvrir une enquête préliminaire. De même, une fiche S ne suffit pas aux forces de l'ordre pour arrêter un individu.\r\n Pour expulser un étranger fiché S en situation régulière, il faudrait que celui-ci représente au moins une menace grave à l'ordre public, ce qui doit s'apprécier au cas par cas. En outre, certains fichés S ne sont plus présents sur le territoire national.\r\n Concernant les Français fichés S, que Marine Le Pen souhaite voir poursuivis pour «intelligence avec l'ennemi», il appartiendrait aux juges d'évaluer, toujours au cas par cas, de quelles «intelligences» ils se rendent coupables. Jusqu'ici, l’article 411-4 du Code pénal a surtout été invoqué pour des faits d'espionnage. «Des actes d'intelligence, c'est une notion très difficile à définir et qui serait très débattue», a expliqué l'avocat Christian Saint-Palais sur France 2. Dans le droit actuel, les Français fichés S qui auraient quelque chose à se reprocher peuvent être condamnés pour association de malfaiteurs en relation avec une entreprise terroriste. "}