{"title": "Drapeau de Daech à la fenêtre : six mois de prison", "newspaper": "leparisien", "author": "C.S.", "date_publi": "14/12/2016", "theme": "Seine-Saint-Denis", "content": "Le coupleinterpellé la semaine dernière à Villemomble pour avoir utilisé un drapeau de Daech en guise de rideau a été condamné pour apologie du terrorisme. Le mari, par ailleurs assigné à résidence, a été condamné à six mois de prison et son épouse à six mois avec sursis. Le drapeau noir portant des inscriptions blanches avait été repéré depuis la rue et les policiers avaient été prévenus. "}