{"title": "Attentat de Londres : la police diffuse des photos des fausses ceintures explosives", "newspaper": "leparisien", "author": "S.C. avec AFP", "date_publi": "11/06/2017", "theme": "Faits divers", "content": " Les auteurs de l'attentat qui a fait  portaient des ceintures explosives factices pour créer un «maximum de panique», a indiqué dimanche la police britannique. «Je n'avais encore jamais vu au Royaume-Uni une telle tactique où les terroristes cherchent à créer un maximum de panique en s'attachant des explosifs factices. Quiconque les ayant vus cette nuit-là aurait pensé que c'étaient de vrais explosifs», a commenté Dean Haydon, le patron de l'unité antiterroriste à Scotland Yard.Police release images of fake explosive belts worn by London Bridge attackers \r\n— Metropolitan Police (@metpoliceuk)  Les photos publiées dimanche par la police montrent des ceintures en cuir auxquelles ont été attachées des bouteilles d'eau en plastique recouvertes de bande adhésive grise et noire. Les trois assaillants,  portaient chacun une telle ceinture lorsqu'ils ont lancé une camionnette contre des piétons sur le pont de London Bridge avant de s'attaquer aux passants avec des couteaux en céramique longs de 30 centimètres.The attackers used distinct, pink-coloured, ceramic kitchen knives. Do you recognise them? Did you see the knives being purchased? \r\n— Metropolitan Police (@metpoliceuk)  De fausses ceintures pour affronter «une situation de siège» «C'est possible qu'ils projetaient une situation de siège ou qu'ils pensaient qu'elles (les fausses ceintures explosives) puissent les protéger d'être eux-mêmes la cible de tirs», a déclaré le commandant Dean Haydon. «Cela rend encore plus remarquable le courage dont ont fait preuve les policiers et les membres du public qui ont confronté les terroristes», a-t-il ajouté. Huit personnes ont été tuées, dont trois Français, et des dizaines d'autres blessées dans leur équipée meurtrière dans ce quartier touristique et festif de la capitale. Les trois assaillants ont été abattus par la police huit minutes après le début de l'attaque. et sept étaient toujours en garde à vue dimanche dans le cadre de l'enquête. La police britannique avait révélé samedi que l'attentat aurait pu être encore plus meurtrier puisque  "}