{"title": "Philippines : un otage allemand décapité par les islamistes d'Abou Sayyaf", "newspaper": "leparisien", "author": "Le Parisien", "date_publi": "27/02/2017", "theme": "International", "content": " Les islamistes philippins d'Abou Sayyaf ont décapité l'otage allemang Jürgen Kantner, 70 ans enlevé l'an dernier dans le sud des Philippines. Dans une vidéo repérée par SITE Intelligence Group, spécialisé dans la surveillance des sites internet islamistes, on peut voir un membre d'Abou Sayyaf, spécialisé dans les enlèvements crapuleux, en train d'assassiner Jürgen Kantner avec un couteau. Ces images semblent confirmer les rapports préliminaires reçus par le gouvernement sur le fait que l'Allemand avait été tué.   \r\nPeu après la publication de cette vidéo, un responsable gouvernemental, Jesus Dureza, a confirmé la mort de l'Allemand âgé de 70 ans. «Nous avons fait de notre mieux (pour le sauver), mais en vain», a-t-il affirmé. Des responsables militaires dans le sud du pays ont affirmé que le corps de l'Allemand n'avait pas encore retrouvé.\r\nAccusé d'être à l'origine des pires attaques terroristes de l'histoire de l'archipel, Abou Sayyaf avait exigé avant dimanche le versement d'une rançon de 30 millions de pesos (560.000 euros) pour libérer son otage. \r\nL'armée philippine avait annoncé le 7 novembre avoir découvert le Rockall, le voilier de Jürgen Kantner, dérivant dans le sud des Philippines. La dépouille de sa compagne, Sabine Merz, avait été découverte à bord, présentant une blessure par balle. Jürgen Kantner ne voulait pas renoncer à naviguer\r\nLe couple avait déjà été enlevé en 2008 par des pirates somaliens dans le golfe d'Aden et retenu pendant 52 jours. L'AFP avaient interviewé le couple en 2009 au sujet de cette épreuve et Jürgen Kantner avait expliqué qu'il ne renoncerait jamais à naviguer. Basé dans les îles reculées du sud des Philippines où la majorité des habitants sont musulmans, (EI). Il a extorqué des millions de dollars de rançon en enlevant des otages étrangers et chrétiens et les analystes jugent qu'il s'agit plus d'un groupe crapuleux que d'un mouvement idéologique.   "}