{"title": "Creil : six mois de prison ferme pour avoir consulté un site djihadiste", "newspaper": "leparisien", "author": "Nicolas Vaux-Montagny", "date_publi": "17/11/2016", "theme": "Creil", "content": "« Je ne savais pas que c’était interdit par la loi de s’informer », a assuré Ouahid devant le tribunal correctionnel de Senlis. La justice l’a condamné mercredi à six mois de prison ferme pour avoir consulté un site djihadiste à 212 reprises, en septembre dernier. De nationalité marocaine, il a également été interdit de territoire français pendant dix ans et devrait être expulsé à l’issue de sa peine.Une perquisition administrative avait permis aux forces de l’ordre de mettre la main sur le téléphone portable de cet habitant Creil âgé de 22 ans, et à son historique de navigation Internet. Il était depuis assigné à résidence et devait pointer trois fois par jour au commissariat. « Je suis arrivé sur ce site par un lien Twitter d’un journaliste de France 24, se défend-il. C’est un site d’information spécifique sur les conflits. Je consulte sans partager. Je ne suis pas adepte du djihad. » « Ce site prône la guerre Sainte et demande à s’engager pour devenir un héros », a rétorqué la représentante du parquet, peu convaincue par les arguments du Creillois.Fiché S, Ouahid avait notamment décidé en 2015 de partir en Turquie, en Jordanie et en Arabie saoudite. Du « tourisme » et « un pèlerinage à La Mecque » étaient au programme, selon lui. Il n’était finalement jamais arrivé à destination, renvoyé en Grèce par les autorités turques à son arrivée à Istanbul, après être étrangement passé par la Bulgarie et la route des Balkans.A la sortie du tribunal, Me Julien Amoyal, l’avocat du jeune homme, s’est dit « déboussolé ». « On est sur une nouvelle infraction et le tribunal a voulu faire un exemple », a-t-il souligné. Ce type de condamnation est effectivement récent, l’infraction pour laquelle Ouahid a été jugé ayant été créée peu avant l’été dernier pour lutter contre le terrorisme. Au 17 octobre, treize procédures « pour consultation habituelle de sites terroristes » avaient été recensées en France. "}