{"title": "Anti-terrorisme : trois opérations de la DGSI ce mercredi matin", "newspaper": "leparisien", "author": "JEAN-MICHEL DECUGIS ET ERIC PELLETIER", "date_publi": "03/05/2017", "theme": "Faits divers", "content": "La Direction générale de la sécurité intérieure (DGSI) a mené, tôt ce mercredi matin, trois opérations anti-terroristes distinctes, à Marseille (Bouches-du-Rhône), Saint-Etienne (Loire) ainsi qu’en banlieue parisienne (Seine-Saint-Denis).A Marseille, un homme soupçonné de chercher à gagner la Syrie a été interpellé. A Saint-Etienne, il s’agit de l’élargissement d’un dossier déjà en cours. En Seine-Saint-Denis, un islamiste radicalisé est soupçonné d’apporter un soutien logistique à un djihadiste en Syrie.Ces opérations, qualifiées de « mineures », visent à « purger » des affaires en cours avant le second tour de l’élection présidentielle, qualifié de « sensible » par les services antiterroristes. Les policiers, dans leur jargon, parlent de « fermetures de portes ». "}