{"title": "Prison de Nanterre : chasse aux téléphones chez les détenus pour terrorisme", "newspaper": "leparisien", "author": "Valérie Mahaut", "date_publi": "09/02/2017", "theme": "Nanterre", "content": "Ne rien laisser passer et frapper fort. Depuis quelques mois, le parquet de Nanterre s’attaque aux petits délits liés au terrorisme et renvoie systématiquement devant le tribunal ceux qui font l’apologie du terrorisme. Mais aussi les prisonniers incarcérés pour ce motif à la maison d’arrêt de Nanterre, actuellement au nombre de vingt, qui se font pincer avec un téléphone portable.« Ce que l’on ne peut pas accepter, gronde la procureur de Nanterre Catherine Denis. Comme tout le monde, ils ont des appareils de dernière génération, avec connexion Internet, etc. Premièrement, le portable est interdit en prison. Surtout, on ne peut pas prendre le risque de laisser des détenus dangereux communiquer avec l’extérieur, envoyer des mails… C’est pourquoi depuis octobre, nous avons mis en œuvre une politique pénale offensive avec comparution immédiate et réquisitions d’emprisonnement ferme. »781 appareils découverts en 2016Depuis, une dizaine de ces détenus ont été jugés pour « recel d’objet illicite en maison d’arrêt ». Ce jeudi, un premier jeune homme a été condamné à huit mois ferme. Actuellement en détention provisoire en attente de son procès pour « participation à une association de malfaiteurs en relation avec une entreprise terroriste », il n’a pas souhaité être défendu par un avocat. Et s’est contenté de dire qu’il ignorait l’interdiction du téléphone en prison. La procureur à l’audience, Sara Bisceglia, avait requis 18 mois fermes en arguant de tous les risques que présente ce profil de détenu équipé d’un téléphone. Ne serait-ce que pour organiser une éventuelle évasion.Un peu plus tard, Ouassini, 22 ans, est apparu dans le box pour la même infraction. Un peu plus jeune que son prédécesseur, il porte une barbe un peu plus longue et a le même crâne presque rasé. Lui a souhaité un délai pour préparer sa défense et sera donc jugé, avec son avocat choisi, le 9 mars prochain, pour avoir possédé onze téléphones en cellule depuis un an. Jusqu’à présent, la seule réponse à ce délit était une sanction disciplinaire prononcée en maison d’arrêt. Mais, surpris cette semaine avec un nouveau téléphone, Ouassini a été renvoyé en comparution immédiate pour le « Samsung de la semaine » et tous les précédents.Malgré sa « détermination », Catherine Denis sait que les portables rentrent toujours aussi facilement en prison. Et que nombre d’appareils introduits illicitement ne sont jamais découverts. Pourtant, l’année dernière, ce sont 781 appareils qui ont été découverts dans les cellules de la prison de Nanterre, soit environ deux cents de plus qu’en 2015.Le changement de braquet judiciaire concerne aussi les faits d’apologie du terrorisme, qui sont également systématiquement poursuivis dans le département. Les Hauts-de-Seine se classent d’ailleurs, en nombre d’infractions recensées, au troisième rang après la Seine-Saint-Denis et Paris. Au lendemain des attentats de janvier 2015, cinq personnes avaient été jugées pour apologie du terrorisme. En 2016, ils étaient 28. Et depuis janvier dernier, ils sont déjà sept. "}