{"title": "Menace terroriste : le jeune homme arrêté à Clichy a été mis en examen et écroué", "newspaper": "leparisien", "author": "Le Parisien", "date_publi": "04/10/2016", "theme": "Faits divers", "content": "Un jeune homme de 18 ans, en lien avec le djihadiste français Rachid Kassim et soupçonné de vouloir commettre une attaque, a été mis en examen mardi soir pour association de malfaiteurs criminelle en relation avec une entreprise terroriste et écroué. Inconnu des services de renseignement, , menée par les policiers de la direction générale de la sécurité intérieure (DGSI) et du Raid.  «Il y avait une suspicion de passage à l'acte» du suspect, décrit comme «une personnalité fragile», a relevé une source proche de l'enquête. Le jeune homme était en contact via la messagerie Telegram avec Rachid Kassim, Rachid Kassim, 29 ans, originaire de Roanne dans la Loire, est suspecté d'avoir inspiré de manière plus ou moins directe l'assassinat d'un policier et de sa compagne le 13 juin à Magnanville (Yvelines), et celui d'un prêtre égorgé dans son église à Saint-Etienne-du-Rouvray (Seine-Maritime) le 26 juillet. Il aurait aussi piloté  Ces dernières semaines, une dizaine de personnes, souvent jeunes voire mineures, ont été interpellées et écrouées, soupçonnées de vouloir commettre des attaques jihadistes. La plupart étaient en contact, via Telegram, avec Kassim. Ces arrestations interviennent alors que, selon le Premier ministre Manuel Valls, la menace terroriste est «maximale» en France, touchée depuis 2015 par une série d'attentats qui ont fait 238 morts. "}