{"title": "Maroc : la police démantèle une nouvelle cellule terroriste liée à Daech", "newspaper": "leparisien", "author": "Le Parisien", "date_publi": "03/12/2016", "theme": "Faits divers", "content": "Nouveau. Les autorités marocaines ont annoncé vendredi avoir démantelé une «cellule terroriste» liée à Daech qui préparait des attentats. Une «cellule terroriste» composée de huit membres «partisans de l'organisation Etat islamique», actifs dans les villes de Fès et Tanger, «a été démantelée jeudi», déclare le ministère marocain de l'Intérieur. Selon ce ministère, un «fusil de chasse, une quantité de munitions, des armes blanches ainsi que des documents incitant au djihad», ont été saisis. Les membres de cette cellule ont des «liens étroits avec des éléments de Daech en Syrie et en Irak» et leur objectif était «de recruter des membres pour les envoyer à la zone de conflit et en dernier recours, commettre des attentats dans leur pays d'origine» une fois de retour, selon le ministère. , le Maroc a été épargné par des attentats meurtriers ces quatre dernières années, contrairement à la France et d'autres pays. Le royaume avait été frappé dans le passé quand. Les autorités marocaines ont multiplié ces derniers mois les annonces sur le démantèlement de cellules liées à Daech et l'arrestation de recruteurs présumés pour le compte du groupe. Début septembre, trois suspects étaient arrêtés à Oujda, Casablanca et à Fès. Fin juillet, un vaste coup de filet avait permis l'arrestation de 143 personnes suspectées d'avoir prêté allégeance à Daech.   "}