{"title": "Attentats du 13-Novembre : revivez les hommages aux victimes", "newspaper": "leparisien", "author": "J.M. ", "date_publi": "13/11/2016", "theme": "Attentats à Paris", "content": "Des cérémonies d'hommages aux victimes des attentats du 13 Novembre étaient , jour anniversaire des. Pour l'occasion,  dans Paris. Les commémorations ont débuté devant la porte D du Stade de France, , en présence du chef de l'Etat, de la maire de Paris Anne Hidalgo, et du maire de Saint-Denis Didier Paillard. Ces derniers se sont ensuite rendus devant les cafés et restaurants Le Carillon,Le Petit Cambodge, La Bonne Bière, le Comptoir Voltaire, pour terminer . Six plaques en hommage «aux vies fauchées en ces lieux» ont été dévoilées tout au long de la matinée, avec les prénoms et noms des victimes. Un lâcher de ballon a ensuite eu lieu devant la mairie du 11e arrondissement.Ce week-end, plusieurs hommages ont déjà eu lieu : , et samedi, . >>> Suivez en direct les commémorations <<<EN DIRECT sur  :  Place de la République, 130 pensées pour les 130 victimes — Le Parisien (@le_Parisien) 12h46. Les nombreuses personnes étaient présentes pour la cérémonie publique devant la mairie du 11e arrondissement. Suite au discours de la présidente de l'association Life for Paris, organisatrice de cette cérémonie publique, le lâcher de ballons a eu lieu, en présence de François Hollande, Anne Hidalgo, Manuel Valls, ou encore du groupe Eagles of Death Metal, restés pour l'événement. Le lâcher de ballons, un symbole fort pour rendre hommage aux victimes du \r\n— Life for Paris (@lifeforparis)   12h27. Lâcher de ballon devant la mairie du 11e arrondissement. Un lâcher de ballons sera organisé par l'association Life for Paris, après une cérémonie d'hommage publique et un discours de Caroline Langlade, présidente de l'association. Ce lâcher de ballon a pour but de «représenter symboliquement les victimes dans leur ensemble et leur diversité». La cérémonie «s’achèvera par un hommage musical d’une pianiste qui est intervenue dans la nuit du 13 novembre 2015 en tant que personnel soignant, et un chœur de gospel qui offrira un chant d’espoir», . 12h11. De nombreux hommages en soirée. Des milliers de lanternes flotteront sur les eaux du canal Saint-Martin, dimanche soir, à l'initiative de l'association «Toujours Paris». Une initiative soutenue par la mairie du 10e arrondissement qui a pris en charge la commande de 5 000 lanternes. 3 000 autres sont vendues bénévolement par des commerçants. En parallèle, l'association de victimes «13onze15 Fraternité Vérité» appelle les Français à participer à cette journée d'hommages en mettant une bougie à leurs fenêtres. EN DIRECT sur  :  des ballons lâchés detvant la Mairie du 11e null\r\n— Le Parisien (@le_Parisien)   11h48. Le chanteur du groupe Eagles of Death Metal dépose une gerbe devant le Bataclan. Jess Hughes, présent dans la salle de spectacle le soir des attentats et de la prise d'otages était bien présent ce dimanche matin Boulevard Voltaire pour commémorer ce triste anniversaire. Il a également déposé une gerbe devant la plaque commémorative. Jess Hughes, le chanteur de EODM dépose une gerbe devant la porte du Bataclan. \r\n— Daniel Psenny (@psenny)   11h21. Des ballons lâchés devant la mairie du 11e arrondissement. Un peu plus tard, vers 12h30, un rassemblement public, , est prévu devant la mairie du 11e arrondissement, à l'issue duquel devraient être lâchés des ballons pour «représenter symboliquement, dans leur ensemble et leur diversité», toutes les victimes, explique l'association. 11h13. Les membres du groupe Eagles of Death Metal sont présents. Les membres du groupe de rock, qui étaient en représentation au Bataclan au soir du 13 novembre, sont présents ce dimanche pour les commémorations devant la salle deu Bataclan. 11h05. Fin de la série d'hommages. Les 90 noms et prénoms et victimes ont été cités avant une ultime minute de silence, scrupuleusement respectée. François Hollande, Manuel Valls et Anne Hidalgo s'en vont saluer les familles des victimes présentes. Devant le Bataclan, le silence. \r\n— Amandine Pointel (@AmPointel)   11 heures. Deux plaques révélées devant le Bataclan. François Hollande et Anne Hidalgo ont dévoilé deux plaques devant le Bataclan. L'une apposée au mur «en mémoire aux victimes des attentats du 13 novembre 2015», l'autre, plus grande, où sont inscrits tous les noms des 90 victimes, qui sera définitivement apposée lundi 14 novembre à 14 heures, sur la grille du jardin du terre-plein central, à l'angle des Boulevards Voltaire et Richard Lenoir. EN DIRECT sur  :  Bataclan, dévoilement de la plaque commémorative \r\n— Le Parisien (@le_Parisien)   10h52. Jean-Marc Ayrault rejoint les lieux. Invité du Grand Rendez-Vous sur Europe 1, I>Télé et Les Echos, le ministre des Affaires Etrangères Jean-Marc Ayrault arrive en premier devant le Bataclan où va être dévoilée la sixième et dernière plaque de cette matinée d'hommages. Il est suivi de Manuel Valls, Claude Bartolone, Jean-Jacques Urvoas, Juliette Méadel et Bernard Cazeneuve. 10h46. Des hommages sous haute sécurité. Pendant que François Hollande et les officiels se dirigent vers le Bataclan pour achever cette série d'hommages, les citoyens venus assister aux commémorations eux, restent tenus à distance, pour des raisons de sécurité. Les habitants du Boulevard Voltaire ne sont pas autorisés à ouvrir leurs fenêtres.Secteur du  bouclé. Les habitants à côté ne sont pas autorisés à ouvrir leurs fenêtres \r\n— Amandine Pointel (@AmPointel)  10h37. Le Bataclan, dernière étape de cette série d'hommages. Débutée à 9 heures, la série d'hommage va s'achever aux alentours de 11 heures devant la salle de spectacles du Bataclan, où 90 personnes ont trouvé la mort suite à la prise d'otage du 13 novembre 2015. Au total, 130 personnes ont trouvé la mort cette nuit-là, et 400 autres ont été blessées. 10h28. Cinquième et avant-dernière plaque dévoilée Rue Faidherbe. Comme pour chaque lieu, Manuel Valls (Premier ministre) Claude Bartolone (président de l'Assemblée nationale), Jean-Jacques Urvoas (Garde des Sceaux), Juliette Méadel (Secrétaire d'Etat aux victimes) et Bernard Cazeneuve (ministre de l'Intérieur) précèdent François Hollande et Anne Hidalgo, cette fois face au Mur du Palais de la Femme, où est apposée la cinquième plaque, rendant hommage aux 21 victimes de La Belle Equipe.   10h13. Les hommages se poursuivent Boulevard Voltaire et Rue de Charonne (Paris 11e). La quatrième plaque de la matinée a été dévoilée «en mémoire des victimes des attentats du 13 novembre 2015», toujours par Anne Hidalgo et François Hollande, près du Comptoir Voltaire, situé sur le Boulevard Voltaire (Paris, 11e arrondissement).  10h10. «La France est un pays inquiet parce qu'il y a une menace, mais un pays qui résiste», souligne Jean-Marc Ayrault. Avant de rejoindre les cérémonies, le ministre des Affaires étrangères participe au Grand Rendez-Vous sur Europe 1, i>télé, les Echos. Il rappelle que la «menace est toujours là» et qu'il «faut mener la bataille sur tous les fronts». «Les Français sont plus attentifs, plus prudents, ils attendent que l'Etat les protège, et en même temps ils ne veulent pas renoncer à ce que nous sommes», insiste Jean-Marc Ayrault. 9h55. La troisième plaque dévoilée. Une nouvelle plaque, de marbre blanc, a été dévoilée par Anne Hidalgo et François Hollande, toujours avec le même procédé.  9h47. Anne Hidalgo, Manuel Valls et François Hollande poursuivent leur série d'hommages. La maire de Paris, le Premier ministre et le chef de l'Etat se rendent désormais Rue de la Fontaine au Roi, dans le 11e arrondissement, pour dévoiler une nouvelle plaque près du café-restaurant La Bonne Bière, sur la grille du jardin terre-plein central boulevard Jules Ferry. 9h40. Anne Hidalgo et François Hollande face au Carillon et au Petit Cambodge. La maire de Paris et le chef de l'Etat rendent désormais hommage aux victimes tombées sur les terrasses des restaurants et cafés du 10e arrondissement de Paris. Les noms des victimes ont été énoncés, avant qu'un nouvelle minute de silence soit observée. 9h38. Michael Dias prône «la tolérance, l'intégration et l'intelligence». «Je pense que la tolérance est la solution face au terrorisme. Ce n'est pas en divisant notre population que l'on pourra lutter face au terrorisme qui cherche justement à nous diviser. J'ai demandé à François Hollande de continuer à rassembler les Français», a-t-il déclaré au micro de BFM TV.9h26. Des cérémonies sobres. Chaque hommage se déroule de la manière suivante : une plaque est d'abord dévoilée, avant la lecture des noms des victimes. Une gerbe est ensuite déposée sous chaque plaque commémorative avant qu'une minute de silence ne soit respectée. Enfin François Hollande et les officiels présents sur place vont saluer les familles des victimes, présentes sur place. 9h21. François Hollande quitte les lieux. Le président de la République, qui doit poursuivre sa série d'hommages, quitte le Stade de France pour se rendre devant les établissements du Carillon et du Petit Cambodge, où une nouvelle plaque sera dévoilé, sur le mur de l'Hôpital Saint-Louis (Paris, 10e arrondissement). EN DIRECT sur  :  Début des commémorations au Stade de France \r\n— Le Parisien (@le_Parisien)  9h14. Dépôt de fleurs. Pendant qu'une chanson choisie par la famille de Manuel Dias est diffusée, les personnes sur place sont invitées à déposer chacun une fleur blanche devant la plaque commémorative en l'honneur de Manuel Dias, 63 ans, première victime des attentats du 13 novembre 2015. L'hommage au Stade de France se termine en musique pour un dernier hommage à Manuel Dias, victime des attentats du \r\n— Amandine Pointel (@AmPointel)   9h11. Les officiels ne s'exprimeront pas. Ni François Hollande, ni aucun officiel ne prendra la parole durant ces nombreux hommages, pour ne pas tomber dans la «récupération politique». Ces derniers vont tout de même à la rencontre de rescapés des attentats, sur place, à l'image de Manuel Valls, . 9h03. Le fils de la première victime prend la parole. Michael Dias, le fils de Manuel Dias tient un discours en honneur à son père, tombé face au terrorisme. «Aujourd'hui, je suis un orphelin du terrorisme», commence-t-il. «Nous devons tous continuer à avancer, la tête haute», «(Manuel Dias) né au Portugal mais ayant choisi la France par adoption, il a su s'intégrer. L'intégration est la solution», déclare-t-il. 9h01. Une minute de silence. Didier Paillard et François Hollande sont tous deux, face à la plaque commémorative, respectant une minute de silence. Voici la première plaque commémorative dévoilée au Stade de France \r\n— Amandine Pointel (@AmPointel)   8h58. François Hollande est là. Le président vient d'arriver sur les lieux et dévoile une première plaque en «hommage à Manuel Dias», chauffeur de car venu de Reims pour le match France - Allemagne, tombé le 13 novembre 2015 face au terrorisme. 8h53. Manuel Valls arrive à son tour. Le Premier ministre vient d'arriver devant la porte D du Stade de france, où beaucoup d'officiels sont déjà présents. Ne manque que le président de la République. 8h46. Anne Hidalgo et Bernard Cazeneuve sont arrivés. La maire de Paris ainsi que le ministre de l'Intérieur viennent d'arriver devant le Stade de France, où une plaque sera dévoilée avec le nom et prénom de la première victime de cette nuit du 13 novembre.  8h40. Sting a rouvert le Bataclan. Samedi soir,  entièrement refait à neuf, qui affichait complet. 8h34. François Hollande arrivera à 9 heures. Le chef de l'Etat doit se rendre au Stade de France aux alentours de 9 heures, avant de se rendre devant chaque lieu touché, et ce jusqu'à 11 heures, où la série d'hommages d'achèvera devant le Bataclan. 8h23. Didier Paillard vient d'arriver. Le maire de Saint-Denis est le premier à arriver sur les lieux, devant la porte D du Stade de France, où a eu lieu la première explosion de kamikaze.Didier Paillard, futur ex-maire de Saint-Denis est arrivé \r\n— Amandine Pointel (@AmPointel)   8h15. Derniers préparatifs avant le début des commémorations. Cette journée d'hommages débutera au Stade de France, premier lieu touché par les attentats de Paris il y a un an, jour pour jour. François Hollande sera présent ainsi que la maire de Paris Anne Hidalgo, et Didier Paillard. EN SAVOIR PLUS.  \r\n LONGS FORMATS. 13 Novembre, la vie après VIDEO. Emotion à la sortie du concert de Sting au BataclanLe mémorial des victimes Un an après, l'appel des 100 à la fraternité "}