{"title": "Financement du terrorisme : des mesures de surveillance encore plus drastiques", "newspaper": "leparisien", "author": "Le Parisien", "date_publi": "13/11/2016", "theme": "Attentats à Paris", "content": "De nouvelles mesures en matière de lutte contre le financement du terrorisme viennent d'être prises par le gouvernement. Le service de renseignement financier Tracfin voit ses prérogatives élargies afin de mieux contrôler les flux financiers suspects. C'est l'une des mesures instaurées par , publié dimanche au Journal officiel (JO). Daté du 10 novembre, ce décret marque l'entrée en vigueur des mesures annoncées par le ministre des Finances Michel Sapin après les attentats du 13 novembre 2015, visant à renforcer le dispositif français de lutte contre le financement du terrorisme. Ce texte donne aux agents de Tracfin un accès élargi au fichier des personnes recherchées (FPR), comprenant notamment les fameuses «fiches S» des personnes soupçonnées de radicalisation. Rattaché à Bercy,  Le seuil des crédits à la consommation abaissé Le décret limite aussi l'utilisation à compter du 1er janvier 2017. Et ce, par période de 30 jours, pour les cartes rechargeables. Ces cartes prépayées ne peuvent être utilisées «que pour des paiements sur le territoire national». Le texte abaisse par ailleurs de 4 000 à 1000 euros le seuil au-delà duquel l'octroi de crédits à la consommation doit faire l'objet de «mesures de vigilance». L'obligation de déclarer aux douanes tout transfert d'argent, titres ou valeurs d'au moins 10 000 euros, vers ou en provenance d'un Etat de l'Union européenne (UE), est étendue aux transferts par «voie routière, aérienne, maritime ou ferroviaire», effectués via des sociétés de transport ou des entreprises de fret express. Et ce, dès le 1er décembre 2016. Cette obligation déclarative s'applique également en cas de transferts de capitaux entre Saint-Barthélemy et l'étranger, précise le décret. Le texte est signé par le Premier ministre Manuel Valls, le ministre de l'Economie et des Finances Michel Sapin, la ministre des Outre-mer Ericka Bareigts et le secrétaire d'Etat au budget Christian Eckert. "}