{"title": "En France, les lieux de culte sous haute surveillance", "newspaper": "leparisien", "author": "Le Parisien", "date_publi": "24/12/2016", "theme": "Faits divers", "content": " Cinq jours après l'attentat de Berlin, et alors que , les autorités françaises sont sur le qui-vive pour Noël. Près de 2 400 lieux de culte seront surveillés par les forces de l'ordre lors des messes a annoncé samedi le ministre de l'Intérieur Bruno Le Roux.  > Lire aussi :  Il y a un an, son prédécesseur aujourd'hui Premier ministre, Bernard Cazeneuve, avait déjà mis en place un dispositif spécial pour Noël,  «Je veux rassurer sur le soutien de l'État pour assurer la sécurité des lieux de culte», a déclaré Buno Le Roux lors d'un déplacement dans une paroisse d'Issy-les-Moulineaux (Hauts-de-Seine). «J'appelle chacun à faire preuve de vigilance et de sérénité. On peut sortir, faire la fête, aller chez des amis, aller aux offices religieux. J'invite chacun à vivre librement». Bruno Le Roux avait rencontré dans la matinée des fidèles et des familles de réfugiés syriennes et irakiennes accueillies par la paroisse, en appelant «à ce mélange entre charité chrétienne - valeur religieuse - et la solidarité, la fraternité, valeurs essentielles dans la République». Le ministre a par ailleurs rappelé que  pour assurer la sécurité des Français durant ce week-end de Noël. En revanche, moins d'une semaine après l'attentat djihadiste de Berlin, le ministre de l'Intérieur s'est refusé à tout commentaire sur l'itinéraire de l'auteur présumé, Anis Amri, tué par la police italienne à Milan dans la nuit de jeudi à vendredi. Les fidèles fouillés à la cathédrale de Strasbourg Le «risque» d'un attentat le jour de la célébration par les chrétiens de la naissance de Jésus - qui aurait une symbolique forte pour les jihadistes - existe, même s'il n'y «pas d'éléments formels» sur une menace spécifique, estime de son côté le directeur général de la Police nationale (DGPN) Jean-Marc Falcone, dans un entretien au Journal du Dimanche paru samedi. «Pour les messes de Noël les plus fréquentées, identifiées dans certaines grandes villes, nous aurons non seulement une présence policière, mais une capacité de riposte quasi immédiate», assure le DGPN. Dans la cathédrale de Strasbourg, l'office obéira à des mesures sécuritaires strictes : contrôles, fouilles de sac, accès et places limitées. Le patron de la police nationale explique aussi que des mesures de sécurité ont été réévaluées localement. À Lille, où 1 250 effectifs sont mobilisés, «un dispositif sans précédent» a été mis en place, selon le préfet. Des blocs de béton d'une tonne ont été posés à des endroits stratégiques du centre-ville ainsi qu'aux abords de l'immense centre commercial Euralille. Les mêmes blocs «anti-véhicules» sont employés à Marseille, en plus de barrières, plots métalliques et d'une forte présence policière et militaire, pour protéger le marché de Noël, situé sur l'emblématique Vieux-Port. Outre les 91 000 membres des forces de sécurité déployés, des agents de la SNCF armés sont désormais présents dans les trains, avait annoncé vendredi le président de la SNCF Guillaume Pepy. Ces «train marshalls» (shérifs des trains, ndlr), «agréés par les préfectures», sont des «cheminots de la surveillance SNCF», «en civil» mais armés, a-t-il détaillé. Des barrières métalliques autour de la cathédrale Notre-Dame À Paris, quelques heures avant la messe de minuit, devant la cathédrale Notre-Dame, l'esplanade était ceinturée de barrières métalliques. Des policiers en nombre fouillent les sacs des personnes voulant accéder à l'édifice, demandent d'ouvrir les manteaux.En haut de la butte Montmartre, à l'entrée de la basilique du Sacré-Coeur, autre monument religieux emblématique de Paris, un gardien inspecte les sacs avec une petite lampe torche. Dans ce lieu très touristique, cinq camionnettes de police stationnent d'un côté et cinq autres en bas de l'édifice.Un jeune couple d'Argentins, en voyage à Paris pour quatre jours, se prend en photo devant la basilique et le panorama. Elsa dit être «moyennement rassurée» par la présence policière, mais elle «n'a pas peur».À Lille, où 1 250 effectifs sont mobilisés, «un dispositif sans précédent» a été mis en place, selon le préfet. Des blocs de béton d'une tonne ont été posés à des endroits stratégiques du centre-ville ainsi qu'aux abords de l'immense centre commercial Euralille.Les mêmes blocs «anti-véhicules» sont employés à Marseille, en plus de barrières, plots métalliques et d'une forte présence policière et militaire, pour protéger le marché de Noël, situé sur l'emblématique Vieux-Port.«Peur ? Bien sûr que ça fait peur. Mais on fait avec», reconnaît Massimo Esposito, un touriste italien. «C'est la même chose en Angleterre. Ca ne nous change pas vraiment», commente Key Saunders, une Britannique en croisière sur la Méditerranée.Le ministre de l'Intérieur incite les Français à «faire preuve de vigilance et de sérénité». «On peut sortir, faire la fête, aller chez des amis, aller aux offices religieux. J'invite chacun à vivre librement».  "}