{"title": "EN IMAGES. Un homme armé de couteaux arrêté près du Parlement à Londres", "newspaper": "leparisien", "author": "Le Parisien", "date_publi": "27/04/2017", "theme": "International", "content": " Un homme, armé de couteaux selon des témoins, a été arrêté jeudi après-midi à Londres à proximité du parlement de Westminster, théâtre d'un attentat au mois de mars. Âgé de 27 ans, l'homme a été arrêté «pour suspicion de possession d'armes» et «suspicion de commission, préparation et commission d'actes de terrorisme», a précisé Scotland Yard dans un communiqué. Il a été placé en garde à vue. L'arrestation a eu lieu à la jonction de Parlement Street et Parlement Square, à proximité immédiate du parlement de Westminster,  "}