{"title": "«Le 13 Novembre restera le symbole de l'horreur absolue»", "newspaper": "leparisien", "author": "Propos recueillis par Joffrey Vovos", "date_publi": "12/11/2016", "theme": "Attentats à Paris", "content": " C'est une étude inédite sur le 13 Novembre que codirige depuis bientôt un an l'historien Denis Peschanski, au côté du neuropsychologue Francis Eustache. Un vaste programme coordonné par le CNRS et l'Inserm, dont « le Parisien » - « Aujourd'hui en France » est partenaire. Il mêle plusieurs disciplines et va consister -- entre autres -- à recueillir sur une dizaine d'années le témoignage filmé d'un millier de personnes touchées à divers degrés par les attaques terroristes de Paris et Saint-Denis (Seine-Saint-Denis), pour scruter la mémoire individuelle et collective des attentats. A cette ampleur, c'est une première mondiale. A la veille des commémorations, où en êtes-vous de votre travail ?DENIS PESCHANSKI. Nous nous étions fixé pour objectif d'interviewer 1 000 personnes. Nous pensions que cela était totalement utopique. Au final, nous en sommes déjà à 920 ! Qui sont ces volontaires ?Nous avons établi quatre cercles. Le premier est constitué de survivants, de familles endeuillées, d'intervenants extérieurs (pompiers, policiers...) ; le deuxième se compose de résidants des trois arrondissements parisiens touchés et de Saint-Denis ; le troisième du reste de la métropole parisienne ; le quatrième, enfin, des habitants de trois villes éloignées : Caen (Calvados), Metz (Moselle) et Montpellier (Hérault). Sur nos 920 témoins, 450 appartiennent au premier cercle, ce qui est énorme. Comment êtes-vous parvenus à les convaincre de participer à l'étude ?Nous avons bénéficié du soutien total des associations de victimes. Elles ont compris l'intérêt scientifique de la démarche. Nous nous sommes par ailleurs engagés à une confidentialité très stricte. Un autre aspect important a été le suivi. Les participants ne seront pas interrogés une fois mais à quatre reprises pendant dix ans : maintenant, en 2018, 2021 et 2026. Notre but est de comprendre comment se construit la mémoire et comment elle évolue. Que disent ces témoins ?Ce sont de très longs entretiens, de deux heures en moyenne. J'en ai moi-même réalisé une trentaine. Ce que j'ai entendu et vu est d'une richesse exceptionnelle. J'ai été particulièrement marqué par le témoignage d'une jeune femme de 20 ans qui était sur un trottoir en face d'une des terrasses visées. Au bout de dix secondes, elle s'est mise à pleurer, puis elle ne s'est plus arrêtée pendant deux heures. Elle a tout vu : l'arrivée des terroristes, les rafales de kalachnikov, les gens prostrés, les corps. Le récit d'un policier, parmi les premiers au Bataclan, a aussi été très marquant. Il y a également le témoignage de ces parents endeuillés. Les survivants ont de multiples fractures, physiques ou psychiques. Lorsque vous perdez un enfant, vous n'avez qu'une fracture mais elle traverse le cœur. L'impact sur les personnes plus éloignées est-il moins fort ?Nous avons été surpris de voir que le choc traumatique dépassait le cercle habituel. Les habitants des quartiers concernés vivent constamment en contact avec le souvenir des attentats. Et avec les commémorations, les télés vont revenir et recommencer à diffuser des images en boucle. Ce ressassement a contribué et entretient le syndrome post-traumatique. Depuis, il y a eu d'autres attentats, notamment celui du 14 Juillet à Nice...Cela a impacté nos témoignages pendant quelques jours. Mais je suis persuadé que le 13 Novembre restera un moment de référence dans la chaîne des attentats. Il symbolise l'horreur absolue, racontée par de nombreux témoins directs. Un acte d'une ampleur singulière, qui a profondément touché l'opinion, comme le montre l'enquête « Conditions de vie et aspirations des Français » du Crédoc*. Le 13 Novembre a été particulièrement marquant. C'est le fruit d'un acte de guerre coordonné sur plusieurs terrains, à Paris et Saint-Denis, dont l'objectif était de faire un maximum de morts, avec une charge symbolique très forte. * 80 % des Français se disent marqués par les attentats du 13 Novembre, 59 % par l'attaque contre « Charlie Hebdo » et l'Hyper Cacher et 53 % par le 11 Septembre, selon cette étude menée en juin auprès d'un échantillon représentatif de 2 010 personnes de 18 ans et plus.QUESTION DU JOUR.     "}