{"title": "Attentat de Londres : aucune preuve de lien entre le terroriste et des groupes djihadistes", "newspaper": "leparisien", "author": "Le Parisien", "date_publi": "27/03/2017", "theme": "Faits divers", "content": " Il avait fallu 24 heures au groupe Etat islamique pour revendiquer . La police londonienne s'interrogeait depuis sur les motivations du et ses potentielles relations avec des groupes dijhadistes. Si la première question reste encore sans réponse,, les enquêteurs ont déclaré lundi soir n'avoir «pas trouvé de preuve d'une association» de l'auteur de l'attentat de Londres avec les groupes Etat islamique ou Al-Qaïda. Si , impossible non plus, pour l'heure, de dater sa radicalisation. «Il n'y a aucune preuve que Masood se soit radicalisé en prison en 2003, comme cela a été suggéré, c'est de la pure spéculation», a relevé un responsable de l'anti-terrorisme, Neil Basu, démentant ainsi des propos du «Sun». Les nouveaux éléments obtenus par les enquêteurs appuient aussi la thèse d'un attentat «low cost». Le conducteur de la voiture-bélier a employé des moyens «peu sophistiqués, peu techniques, à bas prix en copiant d'autres attaques, qui font écho à la rhétorique des dirigeants de l'EI en terme de méthodologie et d'attaque contre la police et les civils». Seulement, «à ce stade, nous n'avons pas de preuve qu'il en a discuté avec d'autres», a ajouté le responsable. A LIRE AUSSI >  «Cette explication pourrait être morte avec lui» «Nous devons tous accepter que la possibilité existe que nous ne comprenions jamais pourquoi (Masood) a fait cela, déclarait samedi ce responsable. Cette explication pourrait être morte avec lui». La police, qui demande l'aide de la population, avait interpellé douze personnes soupçonnées de participer à la préparation d'attentats. Mais , deux hommes âgés de 30 et 58 ans, et originaires de Birmingham, dans le centre de l'Angleterre. Les 10 autres ont été remises en liberté, dont l'une, une femme de 32 ans, en liberté conditionnelle. A LIRE AUSSI > L'ambassade d'Arabie saoudite à Londres a indiqué dans un communiqué que Khalid Masood avait effectué deux séjours d'un an chacun dans ce pays, entre novembre 2005 et novembre 2006, puis entre avril 2008 et avril 2009, et qu'il y avait enseigné l'anglais. Elle a ajouté qu'il s'y était également rendu en 2015 pour le pèlerinage à La Mecque. Masood était par ailleurs inconnu des services de sécurité saoudiens et n'avait pas de casier judiciaire dans le royaume. A LIRE AUSSI >  "}