{"title": "«La lutte a duré plus de deux minutes» : le procureur Molins détaille l'attaque à Orly", "newspaper": "leparisien", "author": "C.S et T.B", "date_publi": "18/03/2017", "theme": "Faits divers", "content": " L'enquête sur Ziyed Ben Belgacem,  (Val-de-Marne), progresse. L'homme qui avait , avant de dérober un fusil Famas à une femme militaire de l'opération Sentinelle dans l'enceinte de l'aéroport, s'est révélé être très défavorablement connu des services de police et de la justice.  Âgé de 39 ans, français et , l'homme avait commis par le passé plusieurs vols à main armée et trempé dans le trafic de stupéfiants. S'il n'était pas fiché S, il avait toutefois été détecté comme radicalisé.   Presque douze heures après les faits, le procureur de la République de Paris, François Molins, s'est exprimé devant la presse pour faire le point sur l'enquête en cours. Une enquête pour tentative d’homicide sur personne dépositaire de l’autorité, tentative d’assassinat, vol avec arme, association de malfaiteurs criminels en relation avec une entreprise terroriste a été ouverte. Radicalisé par ses passages en prison  «Mourir par Allah». Les militaires ont retranscrit aux enquêteurs les propos de Ziyed Ben Belgacem au moment de la prise d'otage de la militaire : «Posez vos armes, mains sur la tête, je suis là pour mourir par Allah. De toute façon, il va ya avoir des morts», a-t-il lancé aux deux autres, pointant son revolver 9mm sur la tempe de la militaire. François Molins a précisé quelques minutes plus tard que l'assaillant avait été repéré «comme radicalisé (...) lors de ses passages en prison en 2011-2012». Une confrontation de plus de deux minutes avec la militaire. Pendant plus de deux minutes, entre 8h22 et 8h25, Ziyed Ben Belgacem a tenté de s'emparer du Famas de la militaire. L'assaillant l'a attaquée arme de poing à la main droite et sacoche en bandoulière, l’a attrapée avec son bras gauche et lui a fait faire mouvement arrière, la positionnant comme bouclier, revolver sur la tempe, a rapporté le procureur. La troisième tentative des militaires de l'opération Sentinelle sera finalement la bonne. Alors qu'il tentait de se relever, l'assaillant a été abattu à 8h25.  Un briquet et un bidon d'essence  Des munitions et un Coran dans son sac. Les enquêteurs ont retrouvé sur lui 750 euros en espèces, un Coran, ainsi qu'un briquet et un paquet de cigarettes. Par ailleurs, à son arrivée dans le Hall A du terminal sud, il a jeté un sac dans lequel se trouvait un bidon d‘essence. Par ailleurs, la perquisition de son domicile, samedi midi, a permis de découvrir la présence «de quelques grammes de cocaïne, d’une machette, et de devises étrangères». > Notre direct. Une fuite en trois étapes. Il était 6h55 samedi matin quand Ziyed Ben Belgacem a été arrêté pour un contrôle routier, justifié par la vive allure de sa Clio, tous feux éteints. Alors que les policiers de la BAC analysaient ses papiers, il leur a tiré dessus avec un pistolet à grenaille et a pris la fuite. Une femme policier a été touchée à la tête. Une blessure qui nécessitera trois jours d'interruption temporaire de travail (ITT). Il s'est alors dirigé vers un bar à Vitry-sur-Seine (Val-de-Marne), lieu qu’il avait l’habitude de fréquenter et où il était passé la nuit même vers 3h du matin avec son cousin, placé depuis en garde à vue. Dans cet établissement, il a mis en joue des clients, tirant quatre munitions sans faire de blessés. L'assaillant a contacté son père et son frère par téléphone vers 7h15, leur confiant «avoir fait une bêtise». Il a ensuite repris sa fuite, laissant son téléphone sur place.  Cinq kilomètres plus loin, le fuyard a abandonné la Clio, retrouvée à Vitry, avec un t-shirt ensanglanté à l'intérieur. Avant de voler une Citroën Picasso pour se rendre à l'aéroport d'Orly. Il était 8h06. Il sera abattu 19 minutes plus tard. Une autopsie dimanche Les enquêteurs s'attachent désormais à éclaircir les motivations de cette «fuite en avant dans la matinée (...) qui va crescendo». François Molins espère obtenir davantage d'informations sur son parcours psychologique et ses fréquentations grâce à l'analyse de son téléphone portable. Le père, le frère et un cousin de Ziyed Ben Belgacem ont été placés en garde à vue après s'être présentés d'eux-mêmes au commissariat. Aucune preuve d'un séjour à l'étranger, d'éventuels complices ou d'une formation militaire, n'ont été trouvée. «Ce sera le but de l’information judiciaire - analyser le téléphone et ses relations pour expliquer son cheminement psychologique», a encore détaillé le procureur de la République de Paris. Autre point d'interrogation dans cette enquête : le choix de l'aéroport d'Orly comme cible de cette attaque. Dès dimanche matin, une autopsie et des analyses toxicologiques seront pratiquées sur le cadavre de l'assaillant d'Orly. Le but sera notamment de déterminer si l'individu était sous l'empire de stupéfiants. "}