{"title": "Terrorisme : Hollande se recueille sur la tombe d'une victime de Merah", "newspaper": "leparisien", "author": "Le Parisien", "date_publi": "25/11/2016", "theme": "Faits divers", "content": "Alors , François Hollande s'est recueilli quelques instants vendredi à Manduel (Gard) devant une stèle érigée en mémoire des attentats perpétrés par Mohamed Merah en 2012. Entouré des parents, de la sœur et de la compagne d'Abel Chennouf, le chef de l'Etat a déposé une gerbe de fleurs devant cette stèle. «Je tenais aujourd'hui à être là, à cette occasion», a-t-il déclaré aux journalistes après la cérémonie, ajoutant qu'il avait «pris cet engagement» auprès de la famille du parachutiste.  À Manduel, le président  se recueille sur la stèle dédiée à Abel Chennouf, militaire assassiné par Mohamed Merah en mars 2012 \r\n— Élysée (@Elysee)    Lede Nîmes contre l'Etat et . La justice a considéré que les ratés de la police dans la surveillance de l'auteur des tueries de Toulouse et Montauban étaient en partie responsables de la mort de leur fils à Montauban (Tarn-et-Garonne). Une «attaque de grande envergure» évitée François Hollande a rejoint ensuite l'Ecole nationale de police de Nîmes (lire ci-dessous). Faisant allusion au récent coup de filet antiterroriste à Strasbourg (Bas-Rhin) et Marseille (Bouches-du-Rhône), le chef de l'Etat a tenu à «féliciter les services de renseignement, les policiers, magistrats qui ont permis le démantèlement de ce réseau qui nous a prémunis contre une attaque de grande envergure. Pour le seul mois de novembre, les services antiterroristes ont procédé à l'arrestation de 43 individus dont 28 ont été déférés devant la justice», a-t-il précisé.  Mohamed Merah a tué sept personnes: le militaire Imad Ibn-Ziaten, 30 ans, le 11 mars 2012 à Toulouse (Haute-Garonne), puis, le 15, avant d'assassiner le 19 mars dans une école juive toulousaine Jonathan Sandler, 30 ans, ses fils Arié et Gabriel, 5 et 3 ans, et Myriam Monsonego, 8 ans.  Opération séduction auprès de la police François Hollande s'est livré vendredi à Nîmes à une opération séduction auprès de la police dont il a assuré comprendre les «légitimes revendications». «Je sais que, depuis plusieurs semaines, des policiers expriment leur malaise face aux violences dont ils peuvent être la cible», a déclaré le chef de l'Etat lors d'une cérémonie de sortie d'école de quelque 850 élèves gardiens de la paix (tweet ci-dessous).   Voir le discours de cérémonie de fin de scolarité des élèves de l’Ecole nationale de Police de Nîmes \r\n— Élysée (@Elysee)   Près de 200 policiers ont encore manifesté jeudi soir à Paris, entre la place de la Concorde et l'Arc de Triomphe, pour exprimer leur «colère», . Assurant «mesurer les exigences attachées» aux métiers de policiers et gendarmes, François Hollande a cependant exprimé la «gratitude» de la République à leur égard.  A l'approche de son éventuelle déclaration de candidature qui interviendra au plus tard le 15 décembre, le chef de l'Etat a opposé les recrutements effectués «dès 2012» dans les forces de l'ordre à la réduction des effectifs sous le quinquennat précédent intervenue «au nom d'une conception purement comptable». «Pour la seule année 2016, 4.600 gardiens de la paix supplémentaires vont rejoindre la police nationale», a-t-il souligné,   "}