{"title": "«Paris n'est plus Paris» : Donald Trump critique la France, François Hollande lui répond", "newspaper": "leparisien", "author": "Le Parisien", "date_publi": "25/02/2017", "theme": "International", "content": " François Hollande met en garde son «ami» Donald. «Ce n'est jamais bon de marquer la moindre défiance à l'égard d'un pays ami», a lancé le président français lors de  en réaction à  qui a décrété vendredi que Paris n'était plus une destination de voyage recommandable. «Moi, c'est ce que je ne fais pas à l'égard d'un pays ami et je demande que le président américain ne le fasse pas à l'égard de la France», a ajouté François Hollande. La veille, le président américain Donald Trump déclarait que «Paris n'est plus Paris», citant l'exemple d'un ami» qui ne mettrait plus les pieds dans la capitale française, pour défendre sa politique migratoire en prenant la France, et l'Europe en général comme contre-exemples.   «Les terroristes étrangers ne pourront pas frapper l'Amérique» Le président américain emploie régulièrement, depuis son accession à la Maison Blanche,  pour justifier sa politique migratoire. «La sécurité nationale commence par la sécurité aux frontières. Les terroristes étrangers ne pourront pas frapper l'Amérique s'ils ne peuvent entrer dans notre pays», a-t-il lancé vendredi lors de la grande conférence annuelle des conservateurs CPAC.   invokes  as  of the  of  via \r\n— Stanisław Fischer (@Stan_Fischer)   Hollande dénonce la libre circulation des armes aux Etats-Unis Interrogé sur ces propos, François Hollande a rappelé que Donald Trump lui avait fait part récemment au téléphone de «tout l'amour qu'il portait à Paris et à la France, qu'il aimait la France et qu'il n'y avait pas plus beau pays que la France». «Alors j'imagine que ce doit être sa pensée. Si c'est sa pensée, j'imagine qu'il l'exprimera», a-t-il ajouté.   LIRE.  «Heureusement, depuis plusieurs mois en nombre parce qu'ils voient» que les autorités françaises font «un effort considérable pour assurer la sécurité», a dit le président français. «Et je ne ferai pas de comparaison mais ici il n'y a pas de circulation d'armes, il n'y a pas de personnes qui prennent des armes pour tirer dans la foule», a poursuivi François Hollande.   Une réflexion que ne partage manifestement pas François Fillon. concernant  le candidat LR a accusé le président ... d'oublier les victimes du terrorisme, en affirmant qu'il n'y avait pas en france de personnes qui prenaient des armes pour tirer sur les foule.  Toulouse, Charlie, Bataclan, Nice... comment François Hollande peut-il ainsi effacer les victimes ? \r\n— François Fillon (@FrancoisFillon)  Plus tard dans la journée, , le président français est revenu avec humour sur les déclarations de son homologue américain. Sur le premier site touristique de France, il a souhaité envoyé le «message que la France est aimée (...). Par les Américains, enfin la plupart des Américains, et partout dans le monde». «J'enverrai peut-être un billet spécial à l'un d'entre eux pour qu'il vienne au moins à Eurodisney et qu'il comprenne ce qu'est la France», a-t-il poursuivi. "}