{"title": "Attentat des Champs-Elysées : mise en examen de trois complices présumés de Karim Cheurfi", "newspaper": "leparisien", "author": "Le Parisien", "date_publi": "11/06/2017", "theme": "Faits divers", "content": " Trois hommes ont été mis en examen et écroués dans l'enquête sur . Ils sont soupçonnés d'avoir joué un rôle plus ou moins direct dans la fourniture du fusil d'assaut utilisé par l'assaillant Karim Cheurfi, a-t-on appris dimanche de source judiciaire.  \r\n Parmi les trois suspects, Nourredine A., 27 ans, a été mis en examen pour «complicité d'homicide sur personne dépositaire de l'autorité publique», «association de malfaiteurs terroriste criminelle» et «infraction à la législation sur les armes». Il est soupçonné d'avoir acquis la moto de Karim Cheurfi contre la fourniture de l'arme, d'après une source proche de l'enquête. «C'est Nourredine A., l'une de ses connaissances, qui aurait acquis le deux roues contre le fusil d'assaut», a ajouté cette même source.   Les quatre autres relâchés\r\nL'enquête se poursuit pour établir le rôle précis joué par les deux autres mis en examen, Mohamed D., 27 ans, et Yanis A., 25 ans. \r\nSept personnes avaient été placées en garde à vue entre mardi et vendredi par les policiers de la section antiterroriste (SAT) du 36 quai des Orfèvres, et les quatre autres ont été relâchées. Au total quatre suspects ont été mis en examen dans ce dossier. "}