{"title": "Saint-Denis : six mois avec sursis pour avoir insulté la police", "newspaper": "leparisien", "author": "N.R.", "date_publi": "04/06/2017", "theme": "Saint-Denis", "content": "Le 30 mai dernier, à Saint-Denis, un jeune à scooter dépasse une patrouille de police en faisant un doigt d’honneur. Avant de disparaître, il lâche : « Je vais prendre une voiture-bélier comme à Nice ». Le surlendemain, lors d’un nouveau passage devant la patrouille, il récidive et cette fois les menace : « de tout faire sauter quand le ramadan sera fini ».Ces deux épisodes lui ont valu d’être jugé ce samedi en comparution immédiate, pour apologie du terrorisme et outrage sur personnes dépositaires de l’autorité publique. Le prévenu âgé de 21 ans se dandine d’un pied sur l’autre, les yeux plantés dans le plafond et enchaîne les perles : « Je n’ai jamais vendu de stupéfiant. D’ailleurs, je n’ai jamais rien fait de ma vie », ou encore : « J’ai une situation, je suis à Pôle emploi. Je ne suis pas un terroriste ! ».Le comble : ce jeune visiblement allergique à l’uniforme habite chez son frère qui est… policier. L’avocate des cinq fonctionnaires outragés lui a rappelé que : « Derrière ces uniformes, il y a des êtres humains. Vous aimeriez que l’on traite votre frère de cette manière ? ». Le tribunal l’a condamné à six mois de prison avec sursis pour outrages et l’a relaxé de l’apologie de terrorisme.  "}