{"title": "Janvier 2015 : Hollande face aux attentats  ", "newspaper": "leparisien", "author": "Timothée Boutry (@timboutry)", "date_publi": "13/05/2017", "theme": "Politique", "content": "Le 7 janvier 2015, le nom de l'urgentiste Patrick Pelloux s'affiche sur le téléphone de François Hollande, dont il est proche. Le médecin, qui collabore avec la rédaction de «Charlie Hebdo», est l'un des premiers à s'être rendus sur les lieux du carnage. Il alerte immédiatement le locataire de l'Elysée. «C'est à moi d'y aller», réagit le chef de l'Etat qui fait fi des réserves de son entourage, inquiet pour sa sécurité. Sur place, ému, François Hollande dénonce « un acte d'une exceptionnelle barbarie » et appelle le pays à «faire bloc». Les Français, qui sont près de 4 millions à se rassembler lors de la marche du 11 janvier, lui donnent raison. Même si, depuis, l'esprit du 11 janvier s'est fané... Le sceau du terrorisme marque le quinquennat L'attaque de «Charlie Hebdo» est le point de départ d'une série noire — avec l'attentat contre l'Hyper Cacher deux jours plus tard — et annonce une année sombre qui culminera avec les sanglants attentats du 13 Novembre. Les deux dernières années du quinquennat seront marquées du sinistre sceau du terrorisme (Magnanville, Nice, Saint-Etienne-du-Rouvray...). Il y a dix jours, interrogé par «l'Obs» sur ce qu'il retiendrait de son mandat, le jovial François Hollande a eu cette réponse empreinte de gravité : «La mort, la mort, la mort, tout le temps la mort. Celle des innocents, des policiers, des militaires. La mort sans cesse répétée.»\r\n QUESTION DU JOUR.  \r\n Le couac de la déchéance de nationalité Les attentats de 2015 donnent le coup d'envoi d'une succession de réformes visant à durcir la législation antiterroriste. La loi du 24 juillet 2015 donne ainsi un cadre légal à certaines pratiques des services de renseignement (balisage de véhicules, sonorisation de locaux privés...). Un an plus tard, la loi du 3 juin 2016 vient renforcer les moyens à la disposition des enquêteurs et des magistrats, en autorisant par exemple les perquisitions de nuit ou la fouille des bagages.\r\nLes attaques du 13 Novembre vont donner lieu à la mise en place de l'état d'urgence et à ses mesures dérogatoires de police administrative (notamment les assignations à résidence). La mesure n'a cessé d'être prolongée.\r\nMais cette séquence va aussi déboucher sur l'un des plus grands fiascos du quinquennat : la déchéance de nationalité des binationaux nés Français et condamnés pour terrorisme. La proposition embrase la gauche qui ne se retrouve pas dans ce projet. En désaccord total, Christiane Taubira démissionne. Le débat au Parlement s'enlise et la réforme est finalement enterrée en mars 2016. "}