{"title": "Attentat du Bardo à Tunis : l'avocat des victimes est désormais armé", "newspaper": "leparisien", "author": "Nathalie Revenu", "date_publi": "11/06/2017", "theme": "Faits divers", "content": " Depuis décembre 2016,Me Philippe de Veulle, 51 ans, ne sort plus sans son Glock 26. Un attribut incongru pour un avocat du barreau de Paris. D'habitude, ce pistolet semi-automatique ultra-compact accompagne les policiers chargés des protections rapprochées. «C'est mon assurance vie et mon seul espoir de m'en sortir si je suis attaqué. Je ne m'en sépare que lorsque j'entre au palais de justice. Je suis alors escorté», confie l'avocat, affligé. > A LIRE AUSSI.  La raison de cette situation ? Depuis que l'avocat est partie prenante dans le dossier de  qui a fait plusieurs victimes françaises en 2015, il est l'objet de menaces particulièrement graves. Le ministère de l'Intérieur lui a délivré exceptionnellement une autorisation de port d'arme. « Elle est accordée lorsque des personnes sont exposées à des risques exceptionnels d'atteinte à leur vie », précise-t-on au ministère. VIDEO. Le déroulement de la journée de l'attaque du musée du Bardo à Tunis  Philippe de Veulle défend cinq des vingt-deux victimes de l'attentat. Le 18 mars 2015, deux terroristes avaient fait irruption dans ce grand musée de Tunis, tuant 21 touristes et un policier. Mais depuis qu'il s'est plongé dans ce dossier sensible, Me de Veulle s'est engagé dans une défense de rupture, mettant en cause «les manquements sécuritaires de l'Etat tunisien». «Sur les quatre gardes affectés ce jour-là à la surveillance du musée, trois effectuaient leur pause de midi à la buvette, le quatrième était malade. S'ils avaient été en poste, il y aurait eu moins de victimes», explique-t-il. «Je voudrais que la France demande des comptes au président tunisien», martèle l'avocat.  Des menaces depuis qu'il a parlé dans la presse tunisienne Il est aussi parti en guerre contre la justice tunisienne, dénonçant les supposées sympathies islamistes du juge d'instruction du pôle antiterroriste chargé de l'affaire, Béchir Akremi. En août 2015, il avait relâché les six complices présumés des terroristes, au motif que leurs déclarations auraient été extorquées sous la torture. Désormais, la procédure est nulle et non avenue. «Plus aucune charge n'est retenue contre eux, alors que l'enquête avait établi, pour deux d'entre eux, qu'ils avaient transporté les terroristes ou des armes», s'insurge Me de Veulle. Il avait relayé tous ces griefs avec fracas dans la presse tunisienne et dans quelques médias français. Dès lors, des menaces ont commencé à lui parvenir. Les appels anonymes en provenance de Tunisie se sont multipliés sur son portable. «Je décroche, il n'y a personne au bout du fil. J'en ai encore reçu trois ce week-end», raconte-t-il d'une voix blanche. Nouveau coup de semonce. Le 15 avril 2016, il découvre dans sa boîte mail un texte en arabe. Le message est explicite : «Terrorisme : la justice divine vaincra.» «C'est une fatwa», s'exclame Me de Veulle. Un informaticien réussit à localiser l'expéditeur. Le mail a été envoyé depuis Derna, en Libye. Jusqu'en avril 2016, la ville était contrôlée par Daech, avant que les troupes islamistes ne soient délogées par les forces régulières. Mais la ville reste cernée par les camps d'entraînement de djihadistes. Plus inquiétant,  lui a été envoyée sur son compte Twitter. Philippe de Veulle avait tenté de créer un collectif d'avocats pour peser dans la procédure. Sans succès. Ses confrères qui interviennent dans le dossier ne l'ont pas suivi. Sa combativité reste intacte : «La pression est insupportable pour moi et les victimes que je défends. Mais je ne laisserai jamais tomber.»  «Une vie ne vaut pas 37 000€»L'instruction de l'affaire du Bardo est close depuis novembre 2016. Les victimes attendent la date de fixation du procès. Initialement, elle était prévue pour 2017, mais elle pourrait être repoussée. Une vingtaine de prévenus devraient comparaître. Les six hommes soupçonnés de complicité ne seront pas jugés car ils ont été relaxés. Leurs aveux leur auraient été extorqués sous la contrainte. Une situation insupportable pour Françoise Thauvin, l'une des victimes. Ce jour-là, cette femme de 55 ans a été blessée par balle à l'épaule, et elle a aussi perdu sa mère, Huguette Dupeu, fauchée par les terroristes : « Tous les jours, je revis cet attentat. Tant que la Tunisie ne reconnaîtra pas sa part de responsabilité, je n'assisterai jamais à un procès. » Elle revient sur la sécurité a minima du musée : « Nous n'avons pas été fouillées à l'entrée. Il n'y avait même pas de gardes. On nous a rétorqué qu'ils étaient là mais qu'on ne les voyait pas ! » Elle en appelle désormais à l'Etat français. VIDEO. Les victimes du Bardo choquées par l'attitude du président tunisien Pour l'instant, elle s'est vu proposer par le fonds de garantie une indemnisation de 37 000 € pour le décès de sa mère et de 18 000 € pour elle. « J'ai refusé. Une vie ne vaut pas 37 000 € », s'offusque-t-elle.Une instruction toujours en cours en France En juin 2016, elle a été reçue, avec d'autres victimes, par Isabelle Couzy, juge d'instruction au pôle antiterroriste parisien. La France a ouvert une information judiciaire au lendemain de l'attentat. Une procédure « miroir » « en raison de la présence de victimes françaises », indique le parquet de Paris. L'enquête, toujours en cours, a été confiée la DGSI (Direction générale de la sécurité intérieure) et la SDAT (sous-direction antiterroriste). Son avocat déplore la lenteur de la justice : « A ce jour, seul un tiers de la procédure nous est parvenu. » "}