{"title": "Les Etats-Unis n'interdisent pas les ordinateurs sur les vols depuis l'Europe", "newspaper": "leparisien", "author": "Le Parisien", "date_publi": "31/05/2017", "theme": "International", "content": " Finalement, on pourra conserver son ordinateur à bord au départ ou à destination des Etats-Unis. Washington a décidé de ne pas interdire, à ce stade, le transport d'ordinateurs portables dans les cabines d'avions en provenance d'Europe et à destination des Etats-Unis, selon le ministère américain de la Sécurité intérieure (DHS) qui craint le placement de bombes dans ces appareils par l'organisation Etat islamique. Pour autant, un élargissement de cette interdiction, déjà en vigueur sur des vols en provenance du Moyen-Orient, est «toujours sur la table» des mesures envisagées «si le niveau de menace le justifie», a précisé dans un communiqué le ministre américain de la Sécurité intérieure John Kelly. Celui-ci s'exprimait après s'être entretenu par téléphone avec les commissaires européens aux Affaires intérieures Dimitris Avramopoulos, et au Transport Violeta Bulc.«Menace réelle»Dimanche le même ministre avait fait valoir sur la chaîne Fox que les autorités américaines étaient prêtes à interdire les ordinateurs portables sur tous les vols à destination des Etats-Unis en raison d'une «menace réelle».«Il y a une menace réelle (...) C'est vraiment l'obsession des terroristes: abattre un avion en vol, particulièrement un avion américain, bondé d'Américains à bord», avait déclaré M. Kelly. Le 21 mars, les autorités américaines avaient interdit aux passagers en provenance de dix aéroports dans huit pays arabes et en Turquie de transporter en cabine ordinateurs portables, tablettes et autres appareils électroniques d'une taille supérieure à celle d'un téléphone portable. Ils avaient ensuite fait savoir que ces restrictions pourraient être étendues à d'autres régions, dont l'Europe.PagailleLes Etats-Unis disposent d'informations de services de renseignement selon lesquelles un ordinateur portable pourrait être utilisé pour déclencher une bombe à bord d'un avion. Les experts américains et la Commission européenne ont multiplié les contacts pour discuter des conditions de cette éventuelle interdiction.Une interdiction américaine sur les ordinateurs portables pourrait semer la pagaille dans les aéroports européens, avec plus de 3.250 vols par semaine prévus cet été entre les pays de l'Union européenne et les Etats-Unis, selon des chiffres du secteur. "}