{"title": "VIDEOS. Youssou N'Dour : «J'irai chanter partout où il y a du terrorisme» ", "newspaper": "leparisien", "author": "Eric Bureau", "date_publi": "19/11/2016", "theme": "Concerts", "content": " Quel symbole, quel geste fort ! Le Bataclan (Paris XIe) accueille ce soir l'une des plus grandes voix africaines. Après six ans passés dans la politique et les affaires (il a créé un groupe de presse de 500 salariés à Dakar, au Sénégal), Youssou N'Dour, 57 ans, retrouve la musique et l'inspiration avec « Africa Rekk » — « l'Afrique, un point c'est tout » — un 34e album nourri de ses combats pour le développement de son continent et le dialogue entre les religions. Youssou N'Dour est venu nous voir au « Parisien » - « Aujourd'hui en France » dans un « car rapide » sénégalais prêté par une association humanitaire de l'Oise, Niokobok. C'est un album engagé ?Clairement. On connaît mal l'Afrique ici, beaucoup en parlent sans la connaître (NDLR : allusion à un discours de Nicolas Sarkozy à Dakar en 2007, où il avait déclaré : « L'homme africain n'est pas rentré dans l'histoire. »). On ne montre que les problèmes de notre continent alors qu'il a des atouts énormes. Le Sénégal a une croissance à 6 %. Pourquoi vous être lancé dans la politique en 2012 ?J'avais l'impression d'être moins écouté en tant qu'artiste, après vingt-cinq ans de carrière. J'avais aussi peur pour la stabilité de mon pays. La patrie d'abord ! Je ne suis resté que dix-huit mois ministre de la Culture et du Tourisme, car la musique et les concerts me manquaient vraiment. Mais je reste ministre, conseiller du président. Je lui fais bénéficier de mon expérience à travers le monde. Le choix de revenir au Bataclan (hier et ce soir) est fort de sens...J'ai accepté d'y jouer pour saluer la mémoire de ces innocents tombés à cause de la bêtise humaine et montrer qu'on ne baisse pas les bras, qu'on n'a pas peur. Comment peut-on mêler l'islam à cette barbarie ? Le problème du terrorisme est malheureusement mondial. J'irai chanter partout où il y a du terrorisme, au Mali, au Nigeria... Le Sénégal semble épargné...C'est un pays laïc, qui rassemble 95 % de musulmans et 5 % de chrétiens. Le premier président du Sénégal, Léopold Sédar Senghor était chrétien. Pourquoi ça marche ? Nous avons eu la chance d'avoir des guides, qui ont créé des confréries et nous ont menés vers une religion culturelle, lumineuse, ouverte... Mon pays pourrait être un exemple pour le monde. Et la suite, pour vous ?C'est peut-être mon dernier album. Je n'en ai pas d'autres sur le feu, je ne me projette pas sur le prochain. C'est la première fois. L'élection de Donald Trump ?Tous ceux qui essayent de diviser ou stigmatiser les gens, ce n'est pas dans mes cordes. Que vous inspire le drame des migrants ?La jeunesse africaine doit porter le combat du développement, pour qu'on ne voie plus de migrants mourir en mer. La France n'est pas l'eldorado de l'Afrique. Je viens souvent chez vous, mais à chaque fois, je suis pressé de revenir chez moi. , « Africa Rekk », Jive-Epic - Sony, 16,99 €. En concert ce soir au Bataclan (Paris XIe) ; complet.  VIDEO. Youssou Ndour: « Je suis très fier de Faada Freddy » VIDEO. Youssou N'Dour: « Les rappeurs sénégalais n'ont rien à envier à Booba » VIDEO. Youssou Ndour sur Maitre Gims et MHD :«Je dédie mon album à cette jeune génération» "}