{"title": "Washington voit un Franco-Marocain derrière les attentats de Paris et Bruxelles", "newspaper": "leparisien", "author": "Le Parisien", "date_publi": "22/11/2016", "theme": "Faits divers", "content": "Ancien légionnaire et soupçonné d’avoir participé à l’organisation des attentats de Paris et Bruxelles. Abdelilah Himich serait tout cela à la fois. Les Etats-Unis ont placé ce Franco-marocain de 26 ans mardi sur la liste noire des «terroristes étrangers». Ils le soupçonnent d'avoir planifié les attentats de Paris et de Bruxelles.  Le département d'Etat américain a qualifié mardi «Abdelilah Himich, également connu sous le nom de Abu Sulayman al-Faransi» ou «Abdel le légionnaire», de «combattant terroriste étranger et une figure des opérations extérieures (...) du groupe Etat islamique. Selon Washington, il est «impliqué dans la planification  et de mars 2016 à Bruxelles». Cette mesure de l'administration américaine  a pour effet de déclencher des sanctions financières et juridiques contre les personnes et les groupes visés.  . designated three ISIL individuals today under Executive Order 13224. Full press release is here: \r\n— State Dept CT Bureau (@StateDeptCT)    De son côté, le Trésor américain, chargé de faire appliquer ces mesures punitives contre les individus désignés (gel d'avoirs, interdiction pour tout Américain de faire des transactions ou de commercer avec eux) a précisé que Abdelilah Himich était né en novembre 1989 au Maroc et qu'il détenait la nationalité française. Une source judiciaire française a confirmé que l'homme avait la double nationalité franco-marocaine. D'après le centre français d'analyse du terrorisme, Himich «a vécu en France pendant dix ans à Lunel (Hérault) avant de partir pour la Syrie en février 2014». De 2008 à 2010, il a servi dans la Légion étrangère, notamment en Afghanistan, avant de déserter selon le . Un protagoniste des attaques de Paris et Bruxelles Le département d'Etat américain le considère comme le créateur pour l'EI d'une «cellule de combattants étrangers européens qui a fourni des auteurs d'attaques en Irak, en Syrie et à l'étranger». Son «bataillon a pu compter à un moment 300 membres», selon la diplomatie américaine. Mais les autorités américaines vont plus loin et évoquent son rôle présumé dans les attaques de Paris et de Saint-Denis le 13 novembre 2015 (130 morts) et dans celles de Bruxelles le 22 mars dernier (32 morts) revendiquées par le groupe djihadiste. Himich «a, selon des informations, été impliqué dans la planification des attentats», affirme un communiqué du département d'Etat. A ce stade, il n'y a pas d'éléments sur Himich dans l'enquête judiciaire conduite par des juges antiterroristes à Paris sur les attentats du 13 novembre 2015. Son nom apparaît en revanche dans l'enquête ouverte en novembre 2013 sur les départs des jeunes djihadistes de Lunel. «Himich a eu un rôle assez important au sein de cette filière, surtout sur place en Syrie, où il aurait été à la tête du groupe des jeunes de Lunel», a expliqué la source proche du dossier en France. Dans le cadre de cette enquête sur la filière de Lunel, Himich fait l'objet d'un mandat d'arrêt international.  "}