{"title": "Terrorisme : Mohamed Lahouaiej Bouhlel, le sadique de Nice", "newspaper": "leparisien", "author": "Enquête : Timothée Boutryéric Pelletier, Jean-Marc Ducos, Valérie Brioux, Geoffroy Tomasovitch", "date_publi": "01/10/2016", "theme": "Faits divers", "content": " Un pervers, sans aucun doute. Un homme violent et instable, c'est une évidence. Mais un terroriste, jamais ils n'auraient pu l'imaginer. Qu'il s'agisse de son épouse, de ses employeurs ou de ses rares amis, les proches de Mohamed Lahouaiej Bouh-lel entendus par la police  peinent à en saisir la logique. Et surtout pas religieuse quand tous décrivent un dragueur obscène guère porté sur le sacré. « Il n'est pas croyant, il ne pratique pas du tout, il mange du porc, boit de l'alcool. Il fume de temps en temps. Je ne l'ai jamais vu prier ni quoi que ce soit en relation avec la religion », jure Hajer, son épouse, elle-même peu pratiquante et catégorique dans sa condamnation du terrorisme. Même si elle ne le voyait plus qu'une fois par semaine depuis leur séparation un an plus tôt, cette femme, qui a donné naissance à leurs trois enfants, n'avait « rien remarqué de spécial dans son comportement ». Le soir du 14 juillet, elle s'est même inquiétée : « Je l'ai appelé et j'ai envoyé un ou deux messages car je sais qu'il aimait les feux d'artifice et je voulais avoir de ses nouvelles quand j'ai su que le poids lourd avait fait plein de victimes. » Quand un journaliste lui apprend la terrible nouvelle, choquée, elle se met à pleurer. « Je n'ai aucune peine pour lui, précise cette femme battue et humiliée par un mari abject, mais pour ce qu'il a fait à des innocents. »  VIDEO. 14 juillet : l'horreur à Nice Jusqu'à sa course folle sur la promenade des Anglais, Mohamed Lahouaiej Bouhlel laissait surtout l'image d'un homme trouble et ambivalent. « Il paraissait pervers, un regard à la fois agneau et loup. Il pouvait être agressif et également très doux, confie la gérante de la salle de sport que cet amateur de sport de combat dopé aux stéroïdes a fréquentée de 2012 à 2014. Je le voyais comme quelqu'un de perturbé, de fragile et d'instable mais pas du tout dangereux, encore moins avec un profil de terroriste. » « Des fois il est calme, d'autres fois il est excité, énervé, voire paranoïaque », confirme un ami d'enfance du Tunisien de 31 ans. Son ancien professeur d'arts martiaux s'est lui aussi frotté à ce personnage à double facette. « C'était quelqu'un de sérieux et même respectueux », raconte le prof admiratif devant cet élève qui a remporté le Championnat de Provence et qu'il n'hésite pas à embaucher comme chauffeur-livreur dans son entreprise. « Au fur et à mesure, j'ai commencé à avoir des remontées négatives de clients qui se plaignaient de son attitude. Il avait tendance à rouler des mécaniques, à faire le beau. Il était du genre mythomane », déplore-t-il, contraint de le licencier pour faute grave en 2011. «Il roulait des mécaniques» Paradoxalement, malgré ses conquêtes — masculines et féminines —, Mohamed Lahouaiej Bouhlel laisse l'image d'un homme solitaire aux maigres relations. La conséquence de son égoïsme ? « Il ne pensait qu'à lui. Il n'avait aucun sens des responsabilités, aucune humanité », tranche une proche de son épouse qui parle d'un homme « complètement taré ». « Il a des problèmes psychiatriques, ça saute aux yeux », martèle son ami d'enfance. Sa propension à prendre des selfies -- dont un autoportrait avec l'ancien maire de Nice Christian Estrosi (LR) ! en bonne place sur sa page Facebook -- témoigne d'un certain narcissisme.  EN SAVOIR PLUS >>>>   Alors pourquoi un tel massacre ? Sa radicalisation, certes cantonnée à ses consultations sur Internet, ne souffre d'aucune contestation : photos de combattants de Daech, de Ben Laden et de décapitations se bousculent. Tout comme la préméditation de son acte, comme en attestent ses complicités (NDLR : cinq personnes sont actuellement mises en examen et écrouées dans ce dossier, suspectées d'avoir joué un rôle plus ou moins important de soutien). « Quand il y a eu les attentats de Paris, je me rappelle avoir pensé à lui en le disant con comme il est il pourrait se faire embrigader. Je le sentais très influençable. Pour moi, il avait un pois chiche dans la tête, il était simplet et extrêmement malléable, influençable », suggère son ex-prof de sport. L'amie d'Hajer a une autre explication : « Pour moi, c'est un sadique et il l'a fait par sadisme. »    VIDEO. Attentat de Nice : les parents de Yanis se raccrochent à la vie "}