{"title": "Fusillade sur les Champs-Elysées : plusieurs actions terroristes visant des policiers et militaires depuis 2012", "newspaper": "leparisien", "author": "Le Parisien", "date_publi": "21/04/2017", "theme": "Faits divers", "content": " Les policiers et les militaires sont des cibles privilégiées pour les radicalisés agissant au nom du djihad qui ont multiplié les actions violentes à leur encontre en France ces dernières années. Jeudi soir, sur les Champs-Elysées, à Parisn après avoir tué un policier lors d'une fusillade revendiquée par le groupe État islamique (EI). EN DIRECT \r\n> - 18 mars 2017 : Un homme de 39 ans estaprès avoir attaqué une patrouille militaire, en criant: «je suis là pour mourir par Allah. De toutes façons il va y avoir des morts».- 3 fév 2017 : Un Égyptien de 29 ans, armé d'une machette dans chaque main, se précipite sur quatre militaires en patrouille au Carrousel du Louvre à Paris, en criant «Allah Akbar». , un militaire est légèrement blessé à la tête.- 13 juin 2016 : Un policier est tué de plusieurs coups de couteau . L'assaillant se retranche dans la maison avant d'être abattu par le Raid, qui découvrira le corps de la compagne du policier, qu'il a égorgée, et le fils du couple, 3 ans, sain et sauf. L'homme s'était réclamé de l'EI et une agence proche de l'organisation djihadiste l'a décrit comme «un combattant de l'EI».- 7 janvier 2016 : Un homme armé d'un hachoir et d'une fausse ceinture d'explosifs est abattu après avoir crié «Allah Akbar» en s'approchant du commissariat du XVIIIe arrondissement de Paris. - 13 juillet 2015 : Quatre jeunes de 16 à 23 ans, dont un ancien militaire, et la décapitation filmée d'un officier au nom du jihad, sont arrêtés. Ils se revendiquent du groupe Etat islamique (EI).- 3 fév 2015 : A Nice, trois militaires en faction devant un centre communautaire juif à Nice sont agressés au couteau. L'assaillant présumé, Moussa Coulibaly, 30 ans, demeurant à Mantes-la-Jolie (Yvelines), - 8 janvier 2015 : tue une policière municipale à Montrouge (banlieue de Paris) avant de prendre en otage le lendemain les clients et employés d'un supermarché casher de Paris, tuant quatre d'entre eux, tous juifs. Il est abattu quelques heures après par la police quasi-simultanément avec les frères Chérif et Saïd Kouachi, auteurs de la tuerie du 7 janvier au siège de l'hebdomadaire satirique Charlie Hebdo à Paris (12 morts dont deux policiers).- 20 déc 2014 : Un homme d'une vingtaine d'années agresse des policiers avec un couteau en criant «Allah Akbar», - 6 oct 2012 : Un coup de filet permet de démanteler la «cellule islamiste de Cannes-Torcy», dont certains membres, revenus de Syrie, auraient des projets d'attentats visant des militaires à Torcy (Seine-et-Marne) et sur la Côte-d'Azur. L'un de ses membres confirme le projet de poser une bombe «chez des militaires ou des sionistes». - Mars 2012 : Les 11 et 15 mars, , tue trois militaires par balles dans la rue, à Toulouse et Montauban, puis, le 19 mars, trois enfants et un enseignant dans un collège juif de Toulouse, avant d'être abattu le 22 mars par le Raid qui assiège son appartement depuis la veille. "}