{"title": "Attentat déjoué avant la présidentielle : deux hommes arrêtés à Marseille", "newspaper": "leparisien", "author": "Jean-Michel Décugis et Eric Pelletier avec Z.L. ", "date_publi": "18/04/2017", "theme": "Faits divers", "content": " Deux hommes de 23 et 29 ans ont été interpellés ce mardi matin dans le centre-ville de Marseille (Bouches-du-Rhône) par la Direction générale de la sécurité intérieure (DGSI). Ils sont soupçonnés d'avoir projeté un attentat «imminent». Ce projet d'attaque avait un lien avec , dont le premier tour doit se dérouler dans 5 jours. François Hollande salue le travail des services de renseignements après ces deux interpellations. Un attentat imminent Les deux jeunes hommes «radicalisés», arrêtés mardi matin à Marseille par les services antiterroristes, avaient l'intention de commettre un attentat «dans les tout prochains jours», a déclaré le ministre de l'Intérieur Matthias Fekl. «Les deux hommes radicalisés, nés respectivement en 1987 et 1993, de nationalité française, avaient l'intention de commettre à très court terme, c'est-à dire dans les tout prochains jours, un attentat sur le sol français», a précisé le ministre lors d'un point presse, à cinq jours du premier tour de l'élection présidentielle. Les perquisitions menées mardi dans l'appartement qu'occupaient les deux suspects en toute discrétion ont mené à la découverte d'un véritable arsenal. Parmi les armes trouvées figurent notamment un Uzi, deux pistolets semi-automatique, des sacs de munitions, des silencieux et un couteau de chasse. Les policiers ont aussi découvert trois kilos de TATP, de l'acide sulfurique, des tenues de chimistes, des mèches, des boulons, ainsi qu'une grenade artisanale et un drapeau de Daech. Des appareils numériques ont également été découverts, notamment 6 téléphones portable, un ordinateur et une caméra portative avec harnais. «Tout ce que je peux dire, c'est que nos services et nos policiers ont travaillé de manière remarquable nous permettant d'arrêter deux personnes qui vont maintenant être confrontées devant des juges et des policiers pour que nous sachions exactement quelles étaient leurs intentions. C'est une prise remarquable», a déclaré François Hollande depuis Le Creusot. Les deux suspects s'étaient rencontrés en prisonClément Baur, 23 ans, et Mahiedine Merabet, 29 ans, ont tous les deux été incarcérés pour des faits de droit commun. Le plus jeune, né dans le Val-d'Oise où il ne vivait plus, est un converti à l'islam tandis que le second, originaire de Croix, près de Roubaix, se serait radicalisé en détention. Arrêté fin 2013 pour du trafic de stupéfiants, Mehiadine Merabet avait été condamné à trois ans de prison, selon La Voix du Nord. Incarcéré à Sequedin, près de Lille, Mahiedine Merabet avait été transféré fin mai 2015 au centre pénitentiaire de Longuenesse (Pas-de-Calais), selon un représentant local de l'UFAP-UNSA Justice de la maison d'arrêt de Sequedin. «Chez nous, il n'avait pas été recensé, à ma connaissance, comme en cours de radicalisation», selon Benoît Normand. Deux suspects aux profils troublantL'enquête avait été ouverte début avril alors qu'en décembre un drapeau de Daech avait été découvert lors d'une perquisition en décembre au domicile de Mahiedine Merabet. Ce dernier était absent mais Clément Baur se trouvait justement chez lui. Il avait décliné une «identité usurpée», selon le procureur de Paris.  Des témoignages de proches de Mahiedine Merabet. ont attesté de sa radicalisation, ainsi que son extrême prudence depuis la perquisition administrative dont il avait été l'objet. Clément Baur, converti à l'islam, s'est lui radicalisé en 2007 auprès d'islamistes tchétchènes. Ses proches avaient signalé sa disparition inquiétante ainsi que ses velléités de se rendre en Syrie. Les deux individus étaient fichés S depuis 2015 et 2016. Mahiedine Merabet cherchait par ailleurs «à entrer en contact» avec Daech. Selon François Molins, le suspect voulait transmettre à l'organisation terroriste une vidéo «d'allégance ou de revendication». Sur ce film «intercepté le 12 avril dernier» figurent notamment «une table sur laquelle est posée un fusil mitrailleur de type UZI», «le drapeau noir de l'Etat islamique», «des dizaines de munitions disposées afin d'écrire \"la loi du talion» et «la Une d'un quotidien» datée du 16 mars 2017 «avec en couverture un candidat à l'élection présidentielle». La DGSI alertée il y a quelques joursLes deux hommes étaient filés depuis plusieurs jours dans le cadre de deux enquêtes distinctes. En effet, la DGSI a reçu un renseignement le 5 avril informant que le premier des deux hommes, né en juillet 1987, pourrait passer à l'action. Cinq jours plus tard, le 10 avril, une enquête préliminaire est ouverte et s'attache à découvrir les intentions du deuxième homme, né en juillet 1993. C'est le 12 avril que les enquêteurs découvrent que les deux suspects sont liés, à cette date, la DGSI a intercepté une photo montrant des armes. Les deux hommes se seraient rencontrés en prison en 2016, à la prison de Sequedin (Nord) où ils purgeaient une peine pour trafic de stupéfiants. Ils étaient à Marseille depuis le début de la semaine. Leur interpellation intervient dans le cadre d'une enquête en flagrance ouverte à Paris pour association de malfaiteurs terroriste criminelle et infraction à la législation sur les armes en relation avec une entreprise terroriste.  Des armes et des explosifs retrouvésToujours selon les informations du «Parisien», lors des perquisitions de ce mardi matin, des armes (un Uzi et deux armes de poing) et des explosifs (environ 3 kilos de TATP, de l'explosif artisanal utilisé notamment lors des attentats du 13 novembre et 500 grammes d'un autre explosif) ont été retrouvés dans le logement loué voilà quelques jours dans le IIIe arrondissement de Marseille. Des voisins ont été évacués, les policiers étant toujours à la recherche d'éventuels explosifs.  Les déplacements des candidats sous surveillance accrueVendredi dernier, les officiers de sécurité de François Fillon, avaient été avertis de «risques avérés» sur le candidat de la droite à l'élection présidentielle, selon des sources concordantes LR. Le ministère de l'Intérieur «avait renforcé la sécurité à », où le candidat tenait meeting vendredi, a-t-on précisé de même source, évoquant la présence désormais de «tireurs d'élite» et de membres du Raid lors de ses réunions publiques. On sait également qu'en dehors de François Fillon plusieurs autres candidats à la présidentielle ont été prévenus dès jeudi dernier. Des photos des suspects ont été distribuées jeudi aux services de sécurité de Marine Le Pen et Emmanuel Macron.  Les deux hommes auraient voulu s'en prendre à un candidat à l'élection présidentielle. Les enquêteurs ont en effet intercepté le 12 avril sur internet, une vidéo où les deux suspects prêtaient allégeance à Daech. On y verrait également la une d'un journal français consacré aux élections où apparaît la photo d'un candidat. Selon nos informations il s'agit de la Une du journal Le Monde, sur laquelle on pouvait voir François Fillon, qui tenait le 11 avril un meeting au . "}