{"title": "Attaque à Londres : comment le Royaume-Uni fait face à la menace terroriste", "newspaper": "leparisien", "author": "Mélanie Longuet et Cyril Simon", "date_publi": "23/03/2017", "theme": "Faits divers", "content": " Pour la première fois , Londres a été la cible d'une attaque terroriste mercredi. Depuis les sanglants attentats du métro, qui on fait , plusieurs mesures antiterroristes ont été déployées au Royaume-Uni. Le pays est placé sous un niveau d'alerte qualifié de « sévère » depuis plus de deux ans, soit le niveau 4 sur 5. D'après cette échelle, une attaque terroriste est « très probable », le dernier niveau qualifié de « critique » prévoit une « attaque imminente ». D'après les services de renseignements britanniques, ces niveaux d'alerte sont définis en fonction de plusieurs éléments : la nature de l'activité terroriste, les attaques dans d'autres pays, les anciens attentats, les capacités des terroristes, leurs méthodes et leurs cibles.  Un policier sur cinq est armé Pour assurer la sécurité sur le terrain, 126.000 policiers sont déployés sur tout le territoire. Mais la plupart d'entre eux ne sont pas armés :  et l'utilise rarement. Le Conseil national des chefs de la police a recensé sept incidents « dans lesquels la police a déchargé son arme » entre mars 2015 et mars 2016. Mais l'armement de ces agents fait débat. Depuis 2016, 600 policiers armés supplémentaires ont été déployés à Londres, notamment dans des zones à risque comme le Parlement. En janvier dernier, l'organisation représentative des 30.000 officiers londoniens a commandé une enquête auprès des policiers pour savoir s'ils voulaient être équipé d'une arme. « Cette enquête est nécessaire en raison de l'augmentation des menaces auxquelles font face les officiers à cause du terrorisme », assurait la fédération auprès du .  >> EN DIRECT.   Des lois antiterroristes renforcées Comme en France, ce niveau d'alerte « sévère » est accompagné de mesures de sécurité spécifiques, renforcées depuis 2005 et la . Ce texte permet au ministre de l'Intérieur d'autoriser l'arrestation d'un suspect à domicile sans mandat. Il peut aussi « exiger d'eux qu'ils se soumettent à des entretiens avec des agents de probation », détaillait Peter Ricketts, l'ambassadeur du Royaume-Uni en France auprès de . Des mesures de restrictions peuvent aussi viser la liberté de circulation, dans les déplacements, les voyages, la possession d'objets (les téléphones notamment) ainsi que l'accès à internet. Depuis l'exécution d'un  et les attentats de Charlie Hebdo en 2015, il est aussi possible pour les autorités de  à la frontière et d'y renforcer les contrôles. Ces mesures s'accompagnent d'une  en cas de préparation d'un acte terroriste, d'un entraînement, ou d'un encouragement. Les peines encourues vont de sept ans de prison à la perpétuité.   Les services de renseignement consolidés Les services de renseignement ont été réorganisés en 2005 et ont vu leur effectif augmenter de 2 000 agents. Ils coopèrent, au sein du Five Eyes, avec les agences des services secrets australiens, canadiens, américains et néo-zélandais. Et les officiers du MI5 ne concentrent pas leur activité sur Londres, comme le relève cet article du , mais sont présents dans tout le pays avec un réseau d'informateurs.  >> LIRE AUSSI. D'autres textes plus récents s'ajoutent à cette panoplie du lutte contre le terrorisme. En novembre 2016,  permettant d'étendre les pouvoirs de surveillance de la police et des services de renseignement. Mardi, Londres a décidé d'interdire les , en provenance de Tunisie, du Liban, d'Egypte, d'Arabie Saoudite, de Jordanie et de Turquie. Selon le ministre des Transports, cette mesure est prise alors que « la menace terroriste est en constante évolution ». Quel dispositif de sécurité au Parlement ?Le Parlement est protégé comme un certain nombre d’institutions politiques britanniques par une force spéciale, la PadD (Parliamentary and Diplomatic Protection). Contrairement à 95% des policiers britanniques,  est en grande partie armée. Ces officiers spéciaux disposent d’un pistolet semi-automatique, d’un pistolet mitrailleur, d’un pistolet à impulsion électrique et doivent porter un gilet pare-balles. Selon le commandant de l'antiterrorisme de Scotland Yard, Mark Rowley, ce n'était malheureusement pas le cas de Keith Palmer, le policier décédé mercredi après avoir été poignardé par l'assaillant. Les touristes, qui viennent assister aux séances plénières, aux commission parlementaires ou visiter le bâtiment historique et ses archives, doivent se soumettre à deux fouilles, apprend-on . L’un à l’extérieur du bâtiment, l’autre à l’intérieur. «Les fouilles sont similaires à celles en vigueur dans un aéroport», est-il précisé. «Une sécurité plus forte que jamais» Sur le site, il est également fait mention d'un système de vidéo-surveillance (CCTV cameras) et d'un liste précise des objets interdits - parfois «légaux dans d’autres pays». Extraits : couteaux, couteaux suisses, ciseaux, couverts et tournevis, pistolets à peinture, cadenas, chaînes et matériel d'escalade, sifflets, affiches et drapeaux... «La sécurité du Parlement était plus forte que jamais, peut-on lire jeudi . Sa seule faiblesse évidente était l’entrée des véhicules à New Palace Yard (au nord-ouest du palais de Westminter, où l’assaillant a été abattu ndlr), coupant la rue reliant Whitehall où se trouvent les autres bâtiments gouvernementaux. C’est le vrai coeur du gouvernement. C’est là que les touristes font des selfies». Entrée de New Palace Yard\r\nCapture d'écran Google Street View (mai 2012) "}