{"title": "Cinq ans après les attentats de Merah, hommages et recueillements à Toulouse", "newspaper": "leparisien", "author": "Le Parisien", "date_publi": "19/03/2017", "theme": "Faits divers", "content": " «Il n'y a pas de vie sans souvenir»: cinq ans après , des hommages solennels sont rendus dimanche à Toulouse aux victimes, les sept vies fauchées et les blessés, du «tueur au scooter». En présence du ministre de l'Intérieur, Bruno Le Roux, une grande cérémonie est organisée à l'école juive Ozar Hatorah, rebaptisée Ohr Torah. Ensuite, un moment de recueillement avec énoncé de toutes les victimes est prévu près du Capitole. Onze jours de terreurLe 11 mars 2012, à Toulouse, Merah a tué le maréchal des logis chef Imad Ibn Ziaten, 30 ans. Le 15 mars, à Montauban, le djihadiste a assassiné le caporal Abel Chennouf, 25 ans, et le 1ère classe Mohamed Legouad, 23 ans.  Enfin, le 19 mars, le jeune homme au scooter a attaqué l'école confessionnelle toulousaine, où était scolarisée la fille d'un de ses avocats. Le visage caché par son casque de motard, il a exécuté le «rav» (professeur de religion) Jonathan Sandler, 30 ans, ses deux fils Arieh, 5 ans, et Gabriel, 4 ans, ainsi que Myriam Monsonégo, 7 ans, la fille du directeur. Aaron Bryan Bijaoui, 15 ans, avait été blessé. Mohamed Merah, qui se proclamait «combattant d'Al-Qaïda» et filmait ses actes avec une GoPro, a été abattu par les forces de l'ordre le 22 mars à Toulouse.  Les sept victimes des attaques de Montauban et Toulouse en 2012. (DR)  Première commémoration à l'écoleLa commémoration dans l'école juive est une première. Auparavant, il n'y avait eu qu'une rencontre d'élèves avec François Hollande, accompagné du Premier ministre israélien Benjamin Netanyahu, en novembre 2012. L'arbre de vie, une oeuvre d'art offerte par l'artiste Charles Stratos, sera dévoilée dans la cour du collège-lycée Ohr Myriam et de l'internat Ohr Netsah Yonathan. «Il n'y a pas de vie sans souvenir. Comment aller de l'avant sans regarder dans le passé ? Nous avons besoin de faire notre deuil», a souligné Pierre Lasri, président des parents d'élèves à l'époque de l'attentat, soulignant la «concordance du temps politique» entre les attentats intervenus en période électorale et cette cérémonie juste avant la présidentielle.\r\n «Les militaires sont oubliés depuis cinq ans»  Selon elle, ce «n'est pas (s)a place». «Les militaires sont oubliés depuis cinq ans», dénonce-t-elle, constatant que le «seul vrai et émouvant» hommage rendu à Imad, son fils, l'a été par le Maroc, son pays d'origine. Samedi, cette femme devenue le symbole de la lutte contre la radicalisation, a rencontré le Président François Hollande. Elle lui a fait part de sa «souffrance» de «l'absence de cérémonies pour les trois soldats». «Maintenant il va y avoir quelque chose», croit-elle savoir.  À toi, mon fils Imad, repose en paix. 5 ans que tu es parti. Tu es dans mon cœur. Tu me manques. Je t'aime. \r\n— Latifa Ibn Ziaten (@LatifaIbnZ)    «En tuant des soldats, en s'en prenant à des enfants dans une école, c'est toute la France qui a été agressée», avait écrit le 11 mars le chef de l'Etat dans un message aux familles.Tandis que le frère aîné de Mohamed Merah, Abdelghani termine sa longue marche contre la montée de l'intégrisme religieux, il y a eu quelques cérémonies de recueillements depuis le 11 mars. Une gerbe a été déposée à Montauban et , en région parisienne. Après la folie meurtrière de Merah, le djihadisme a fait 238 morts en France, avec les attaques de janvier 2015 à «Charlie Hebdo» et l'Hyper Cacher, du 13 novembre à Paris et Saint-Denis, du 14 juillet 2016 à Nice et du 26 juillet à Saint-Etienne du Rouvray.  "}