{"title": "Le terroriste oublie de justifier de son domicile", "newspaper": "leparisien", "author": "Le Parisien", "date_publi": "27/01/2017", "theme": "Yvelines", "content": "Le tribunal correctionnel de Versailles a condamné, mercredi, un terroriste de 35 ans à une nouvelle peine de dix mois de prison ferme. La justice lui reproche de n'avoir pas justifié de son adresse après sa sortie de prison. Le prévenu, qui souffre d'un handicap mental, a été condamné à cinq ans d'emprisonnement dont deux avec sursis par le tribunal de Paris pour transport d'armes et d'explosifs lié à une entreprise terroriste. A sa sortie de prison, début janvier, il s'installe chez sa mère à Trappes avec l'obligation de se présenter au commissariat avec un justificatif de domicile. Mais il ne le fait pas. Les forces de l'ordre se rendent donc chez sa mère, mais ils ne le trouvent pas et laissent une convocation. Il s'y rend bien le lendemain, mais sans le moindre document. Placé en garde à vue, il s'énerve contre « cette mesure contraignante ». Mercredi, dans le box du tribunal, il assure qu'il n'a pas compris ses obligations et s'engage à les remplir. Trop tard. « Quand on est un homme dangereux comme vous, on n'a plus le droit d'être négligent », souligne la présidente, Pascale Humbert. L'avocate de la défense a plaidé que son client était intellectuellement limité. En vain. "}