{"title": "Terrorisme : Rachid Kassim, l'arme de la manipulation", "newspaper": "leparisien", "author": "Thibault Raisse", "date_publi": "01/11/2016", "theme": "Attentats à Paris", "content": " Habile et manipulateur. Les nombreux dossiers judiciaires dans lesquels apparaît le nom de Rachid Kassim ont permis aux enquêteurs antiterroristes de dresser le portrait d'un propagandiste aussi efficace que dangereux. Le Roannais, dont les appels au meurtre entendus par de jeunes apprentis djihadistes ont entraîné une quinzaine d'incarcérations depuis l'été, apparaît au fil des investigations comme un véritable gourou, ciblant des proies fragiles pour ne plus les lâcher. Un profil de chef de secte qui transparaît notamment dans l'un des dossiers pour lesquels deux Niçoises de 17 et 19 ans sont poursuivies depuis mi-septembre pour « association de malfaiteurs terroriste ». L'enquête de la Direction générale de la sécurité intérieure (DGSI), que nous avons pu reconstituer, constitue à ce titre un exemple éloquent de la « méthode Kassim ». C'est Eve* qui fait découvrir la chaîne Telegram Sabre de lumière à Soraya*, sur le téléphone de cette dernière. Lors de la première discussion début août entre Kassim et les jeunes femmes, le djihadiste leur fait écouter le message vocal d'un enfant. <<< Lire aussi : <<< Il tente de convaincre une lycéenne d'attaquer une discothèque « L'enfant disait qu'il était orphelin parce que la France avait tué son père dans des bombardements et qu'il fallait le venger, raconte en substance Eve lors de son audition. J'ai eu de la peine, cela m'a touchée. On lui a répondu qu'on ferait ce qu'il y a à faire. » « Kassim a ajouté qu'il trouvait que les hommes ne faisaient pas suffisamment d'attentats, et que si les femmes en commettaient cela réveillerait les hommes », complète une source policière. Le Roannais poursuit la discussion quelques jours plus tard avec Soraya. Une cible de choix : la lycéenne est traversée par des idées suicidaires et veut « médiatiser » sa mort. Il lui propose de passer à l'action sans plus attendre. Première idée : foncer en voiture sur les clients d'une boîte de nuit. La lycéenne accepte dans un premier temps le projet, puis renonce rapidement « pour ne pas tuer des innocents », explique-t-elle aux enquêteurs. Problème : elle n'ose pas contrarier Kassim, qui lui « fait peur ». Elle trouve alors une série de subterfuges pour ne pas remplir sa mission. La boîte de nuit ? Elle n'en a pas trouvé, et puis, surtout, elle n'a pas le permis de conduire.Rachid Kassim ne l'entend pas de cette oreille et va sans cesse relancer l'adolescente avec de nouveaux projets. « Cette insistance est caractéristique du personnage », analyse une source de la communauté du renseignement. Sa deuxième idée : s'en prendre à un élu local. Soraya répond qu'elle a un autre plan en tête, puis se terre dans le silence. Tout début septembre, le djihadiste revient à la charge et propose d'attaquer une banque. Une date est arrêtée : le vendredi 2 septembre. Soraya répond que la banque est fermée ce jour-là. Kassim suggère alors de s'en prendre à une mairie ou à un bureau de poste. La lycéenne assure, là encore, que les bâtiments seront sans doute clos. Pas question pour autant de lâcher une si belle proie. En dernier lieu, Rachid Kassim avance la date du 3 septembre, un jour qui marque le début d'un mois sacré en islam. Une façon de faire « coup double », souligne-t-il dans un de ses messages. Quant à la cible, il se résout à lui suggérer d'en trouver une de son choix. Soraya fait mine d'accepter, puis fait à nouveau la carpe. Cette fois, le djihadiste se lasse. Il ne la recontactera plus. « Eve a indiqué aux enquêteurs qu'elle a fini par comprendre qu'elle était manipulée dans le but de commettre une attaque », constate une source proche du dossier. Il multiplie les propositions de cible Durant leur garde à vue, les deux jeunes filles insistent sur le fait que ce sont les bombardements alliés, ressentis comme la source de drames humanitaires en zone irako-syrienne, qui leur ont fait un temps envisager une action violente. « Kassim sait parfaitement jouer sur cette corde sensible, notamment auprès des jeunes filles. Il n'a pas tenu avec elles de discours religieux ou politique », note une source policière. Lors de leur interpellation, les 10 et 13 septembre, Soraya et Eve n'avaient pas repris contact avec leur commanditaire. La première, qui était déjà mise en examen pour un projet de départ sur zone en 2014, a été incarcérée pour non-respect de son contrôle judiciaire. Elle devrait être poursuivie pour ce nouveau dossier dans les jours qui viennent. La seconde a, elle aussi, été placée en détention provisoire dans l'attente des suites des investigations. Toutes deux ont conclu leur audition en assurant vouloir tourner la page et reprendre une vie normale.* Les prénoms ont été changés.  "}