{"title": "Que faire des enfants du djihad ?", "newspaper": "leparisien", "author": "Éric Pelletier, avec Timothée Boutry", "date_publi": "10/12/2016", "theme": "Faits divers", "content": " Youssefroule les mécaniques, jetant un regard mauvais à la caméra. A voir son attitude crâne, à entendre ses jurons, on pense à ces enfants grandis trop vite à l'ombre des tours de cités françaises. Mais le décor est autre. Dans ses bras, il tient un kalachnikov, trop lourd pour lui. « Ici on est des moudjahidin. On est en Syrie. On est à Raqqa. C'est la guerre ! fanfaronne-t-il. Viens ici, tu vas voir comment ça se passe, tapette ! » Son copain Amza s'amuse de cette attitude bravache. Ces djihadistes d'opérette, âgés d'une dizaine d'années, miment les durs dans ce petit film de propagande, diffusé sur Facebook en novembre 2014. Amza le rigolard ne jouera plus jamais au soldat. Il est mort en adulte. Il aurait été tué, en mars dernier, dans les combats près de Kobané (nord du pays). Quant à Youssef, le petit caïd de la vidéo, son sort reste incertain. Mais une chose est sûre; sa famille a déjà payé le prix du sang : 4 des 9 enfants de la fratrie ont été tués au combat ! En août 2014, les Boudouaia quittent Annemasse (Haute-Savoie) pour, disent-ils, ramener les dépouilles des deux grands frères, de 19 et 26 ans. En fait, ils s'enrôlent au sein de l'organisation Etat islamique. C'est alors au tour de Hamza, 13 ans, et d'un autre frère, 15 ans, de succomber. Sur la ligne de front, les balles ne choisissent pas... Jana, 5 ans, abandonnée en Syrie après la mort présumée de son père En mai dernier, lors d'une intervention devant la Commission de la défense nationale et des forces armées, Patrick Calvar, le patron de la Direction générale de la sécurité intérieure (DGSI), alertait sur la situation des « enfants de Daech » français : « Je souhaite maintenant vous faire part d'une réalité totalement inconnue ou en tout cas jamais soulignée : nous recensons quelque 400 enfants mineurs dans la zone considérée. Les deux tiers sont partis avec leurs parents, le tiers restant étant composé d'enfants nés sur place et qui ont donc moins de 4 ans. » Une question qui pourrait devenir de plus en plus urgente au vu du recul de Daech sur le théâtre irako-syrien. Bambins perdus ? C'est en tout cas vrai pour la petite Jana. Cette fillette de 5 ans a été abandonnée en Syrie après le décès présumé de son père, Eddy Leroux, et le retour en France de la belle-mère. Le couple aurait quitté Villefontaine (Isère) pour rejoindre les rangs djihadistes en août 2014 en compagnie de leurs 4 enfants, dont 3 nés de précédentes unions. Eddy Leroux aurait été tué un an plus tard. Sa compagne, expulsée en octobre dernier de Turquie vers la France, n'est revenue qu'avec 3 enfants, laissant Jana, la seule dont elle n'est pas la mère, aux mains de Daech. Un abandon qui vaut à la jeune femme des poursuites pour « délaissement de mineur de 15 ans compromettant sa santé ou sa sécurité », en plus de sa mise en examen pour « association de malfaiteurs » terroriste. Elle a été écrouée. Quant à la mère biologique de Jana, elle se bat dans l'espoir de revoir un jour sa fille. Dans le cas du retour en France d'adolescents, la réinsertion s'avère encore plus complexe. Que faire de ces tout jeunes soldats, dont certains ont participé à des exactions allant jusqu'à l'assassinat? Pour Patrick Calvar, ces rejetons du djihad, élevés dans la haine des valeurs démocratiques, constituent une bombe à retardement : « Ces enfants sont entraînés, instrumentalisés par Daech [...]. Il va donc falloir, j'insiste, s'occuper de ces enfants quand ils reviendront. » S'en occuper, bien sûr, mais comment ? Il n'existe pour l'heure aucun protocole de prise en charge, même si un organisme, le centre Primo-Levi, spécialisé dans l'accueil des personnes victimes de tortures, est régulièrement évoqué par les acteurs de l'antiterrorisme. Agents de renseignement ou psychologues, les spécialistes s'accordent en tout cas sur un point : il faudra au moins une génération pour les ramener à la vie. EN SAVOIR PLUS  Martyrs et bourreaux L'alerte est très inquiétante : « Le départ d'enfants mineurs avec leurs parents vers le théâtre irako-syrien présente un danger majeur d'embrigadement de ces derniers dans les combats au profit de l'organisation terroriste de l'Etat islamique, avide de nouvelles recrues, susceptibles d'être opportunément exploitées tant dans le djihad armé que sur la scène du djihad médiatique. » Cette phrase est tirée d'un rapport rédigé le 15 juillet dernier et remis à la justice par la Direction générale de la sécurité intérieure, chargée du contre-terrorisme. Les exemples de propagande cités dans la note font froid dans le dos. « Ces productions mettent en scène des enfants cagoulés, accomplissant un entraînement militaire : sports de combat, parcours du combattant, renforcement musculaire, tir avec des armes de divers calibres, exercices de prise d'otages ou de prises d'objectifs. » Les mineurs ainsi exhibés sont « souvent frappés par des adultes à mains nues ou à l'aide de bâtons qu'ils brisent, afin de démontrer leur résistance et leur volonté ». Mais il y a pire. « Depuis le début de l'année 2015 », un palier dans l'horreur a été franchi, avec la mise en ligne de vidéos « dans lesquelles le rôle du bourreau est tenu par un préadolescent ». Ainsi le 13 janvier : un garçon, âgé d'une douzaine d'années, exécute deux hommes censés être des espions russes. Puis le 12 mars, avec ce jeune Toulousain de 12 ans filmé en train de tirer une balle dans la tête d'un homme entravé. En juillet 2015, dans le théâtre antique de Palmyre, pas moins de 25 adolescents font de même avec des prisonniers. Selon la DGSI, « l'Etat islamique confie désormais la macabre tâche de procéder à une décapitation à des préadolescents. »    "}