{"title": "Evreux : l'ex-militaire arrêté avait prêté allégeance au groupe Etat islamique", "newspaper": "leparisien", "author": "avec J.-M.. De", "date_publi": "05/05/2017", "theme": "Faits divers", "content": " Des armes ont été retrouvées vendredi dans un fourré aux abords de la base militaire d'Évreux (Eure) où un ancien soldat de l'armée de terre, inscrit au fichier des personnes radicalisées (FSPRT) et sous surveillance administrative , a été interpellé au petit matin par la gendarmerie aérienne. Une clé USB contenant une allégeance au groupe Etat islamique a été découverte dans la voiture du suspect, ainsi que plusieurs petits drapeaux de l'organisation djihadiste.\r\n«Un fusil à pompe, deux revolvers à poudre et des munitions» ont été découverts dans la journée à proximité de cette base aérienne, où cet ex-militaire de 34 ans avait été arrêté vers 5h30. Le parquet antiterroriste s'est saisi du dossier. Une enquête a été ouverte pour «entreprise individuelle terroriste», «introduction frauduleuse sur une zone militaire» et «infraction à la législation sur les armes en relation avec une entreprise terroriste».\r\nVers minuit, une voiture suspecte a été découverte près de la base aérienne 105 d'Evreux, en Normandie, et s'est avérée appartenir à un homme radicalisé. Dans la foulée, des recherches ont été lancées et l'homme «au profil psychologique très instable» a été interpellé vers cinq heures du matin à proximité de cette zone militaire. La section antiterroriste du parquet de Paris saisie L'homme venait-il faire des repérages en vue d'une action violente ? Impossible à dire pour l'instant. Les enquêteurs devront déterminer les raisons de sa présence à cet endroit et si les armes lui appartenaient. Selon nos informations, l'ancien militaire avait servi dans l'infanterie à Douai (Nord) et à La Valbonne (Ain) Cette interpellation intervient à deux jours de l'issue de l'élection présidentielle, sur fond de menace terroriste très élevée en France. Le soir du 20 avril, trois jours avant le premier tour de l'élection présidentielle,  dans une attaque revendiquée par le groupe djihadiste Etat islamique, à l'origine de la plupart des attentats qui ont fait 239 morts dans le pays depuis 2015.  "}