{"title": "Etats-Unis : le club gay du massacre d'Orlando transformé en musée", "newspaper": "leparisien", "author": "Le Parisien", "date_publi": "05/05/2017", "theme": "Faits divers", "content": " Il y avait eu 49 morts. Et une émotion immense aux Etats-Unis et au-delà. La boîte de nuit gay de Floride où un homme ayant prêté allégeance au groupe Etat islamique avait abattu près de cinquante personnes en juin 2016 , a annoncé jeudi sa propriétaire.\r\n«Je sais que mon rôle est de garantir que le Pulse devienne un lieu de guérison», a déclaré Barbara Poma lors d'une conférence de presse, près d'un an après le pire attentat perpétré aux Etats-Unis depuis le 11-Septembre.\r\n«Souvenez-vous que nous ne laisserons pas la haine triompher, nous guérirons ensemble», a-t-elle ajouté, citant le mot d'ordre de sa fondation, OnePulse, créée pour aider les victimes de la fusillade et leurs proches. Les survivants, leurs familles et les équipes de secours dépêchées sur les lieux du massacre pourront décider du design et de la collection du musée.\r\nClub emblématique de la communauté gay d'Orlando, en Floride, le Pulse «est désormais un lieu sacré», a poursuivi Barbara Poma. Citoyen américain d'origine afghane, l'auteur du massacre, Omar Mateen, avait prêté allégeance à l'organisation jihadiste Etat islamique (EI) pendant la fusillade.\r\nEquipé d'un fusil d'assaut et d'une arme de poing, il avait attaqué le Pulse le 12 juin 2016, vers 02h00. Trois heures durant, les forces de l'ordre ont tenté de négocier avec l'homme, qui retenait des otages, avant de donner l'assaut et de l'abattre. "}