{"title": "Syrie : Bachar al-Assad compte sur Fillon et juge «mauvaises toutes les guerres»", "newspaper": "leparisien", "author": "Le Parisien", "date_publi": "09/01/2017", "theme": "International", "content": " Bachar al-Assad mise sur des changements en sa faveur en 2017. Le président syrien compte, entre autres, sur le président américain élu, Donald Trump, qui sera investi le 20 janvier, et sur le programme de François Fillon, pour que la situation continue de tourner en sa faveur en Syrie, dans la foulée de , appuyé par la Russie.  Interrogé par trois médias français (,  et ) dans le cadre de  sur place, Bachar al-Assad considère que «si Monsieur Fillon met en application ce qu’il dit, ce sera très bien». «Sa position sur les terroristes, quand il dit que ça reste la priorité et que l’on ne doit pas faire ingérence dans les affaires des autres pays, cette position est la bienvenue», ajoute-il au sujet du candidat du parti LR à la présidentielle française. Prudent, il rappelle que «nous avons appris dans cette région, ces dernières années, que beaucoup de responsables disent des choses et font le contraire», et ajoute ne pas avoir «de contact» avec François Fillon. VIDEO. Bachar al-Assad : «Si Monsieur Fillon met en application ce qu'il dit ce sera très bien» Alors que la France n'a plus d'ambassade en Syrie, Bachar al-Assad déplore cette situation. «Le problème maintenant, avec la France en particulier, c'est qu'elle n'a pas d'ambassade, ni aucune relation avec la Syrie. On peut donc dire que c'est un Etat aveugle. Comment définir une politique envers une région si vous êtes incapables de voir, si vous êtes aveugle ?» Il ajoute que la France n'est pas «en position de nous accuser». «Si on parle de la France, attaquer la Libye (NDLR : en 2011), cela faisait partie des droits de l’Homme ? Donc ils ne sont absolument pas en position de discuter de cela avec un quelconque pays dans le monde.» Il qualifie par ailleurs de «très prometteur» le programme de Donald Trump. «S’il y a une approche sincère, une initiative d’améliorer les relations entre les États-Unis et la Russie, cela aura un impact sur tous les problèmes dans le monde, y compris en Syrie», déclare le chef d'Etat syrien. Concernant le conflit dans son pays, Bachar al-Assad affirme que «toutes les guerres sont mauvaises. C'est parfois le prix à payer. Toutes les guerres provoquent des destructions, toutes les guerres provoquent des morts (…) Vous ne pouvez pas dire qu'une guerre est bonne. Même si elle a lieu pour de bonnes raisons, pour défendre votre pays, ce n'est pas la solution». VIDEO. Bachar Al-Assad : «Toutes les guerres sont mauvaises» «Mais la question qu'il faut se poser est la suivante : comment pouvez-vous libérer les civils des terroristes dans ces zones (NDLR : les quartiers rebelles d'Alep) ?» poursuit-il à propos de la reprise de la ville qui a fait de nombreuses victimes civiles. «Qu'est-ce qui est le mieux ? Les laisser sous leur commandement, à leur merci, les abandonner aux mains de terroristes qui coupent des têtes, qui assassinent ? Est-ce le rôle de l'Etat de rester les bras croisés ? Non, vous devez les libérer. C'est parfois le prix à payer. Et à la fin, ces gens sont libérés des terroristes.» Et face aux accusations de crimes de guerre, Bachar al-Assad rétorque que «vous ne pouvez pas avoir le soutien populaire si vous tuez vos propres citoyens». «Toute cette histoire ne tient pas debout.» Il ne considère toutefois pas la reprise d'Alep comme la fin du conflit. «Une victoire, ce sera quand nous aurons éliminé tous les terroristes. Mais c’est un moment critique dans cette guerre, et nous sommes sur le chemin de la victoire.» «Nous avons la légitimité pour libérer n'importe quelle zone contrôlée par les terroristes, quel que soit le nom qu'ils se donnent. Qu'ils s'appellent État islamique, qu'ils s'appellent Al Nosra (NDLR : branche syrienne d'Al Qaïda), qu'ils se disent modérés ou bien Casques blancs (NDLR : sauveteurs civils)», ajoute-t-il. Benoît Hamon : «Sa situation relève des tribunaux», le candidat à la primaire de la gauche, Benoît Hamon, a jugé «incroyable qu'un homme qui a délibérément bombardé sa population civile, des femmes, des enfants, avec des armes chimiques, puisse aujourd'hui donner des leçons alors que sa situation relève des tribunaux». L'ancien ministre de l’Éducation a déploré que «certains, en France, le remettent au centre du jeu» : « Monsieur Fillon, à travers monsieur Mariani, en est à faire la courte échelle à Bachar al-Assad», a-t-il tancé au sujet du député parti à Damas, la capitale syrienne. Pour Hamon, il faut parler à la Russie, non au président syrien.  "}