{"title": "Attentats du 13 novembre : 1952 victimes originaires de 80 départements", "newspaper": "leparisien", "author": "Geoffroy Tomasovitch", "date_publi": "09/11/2016", "theme": "Attentats à Paris", "content": " Voici un document qui illustre l'impact douloureux des  (Seine-Saint-Denis) par le groupe terroriste Etat islamique. Etabli par le secrétariat d'Etat à l'Aide aux victimes, ce tableau recense entre autres les départements où vivaient les 124 personnes tuées dans ces massacres (les six autres résidaient à l'étranger). Ces victimes étaient originaires de 21 départements, dont une très grande majorité en Ile-de-France (83 % des personnes décédées).Cette « cartographie » répertorie aussi les victimes (blessés, personnes choquées, proches des 124 tués...) du 13 Novembre qui ont fait le , dont le plus grand nombre vit en Ile-de-France (78,9 %). Bien sûr, elles ne représentent pas l'intégralité des victimes de Paris et Saint-Denis, mais leur effectif est important, comme l'atteste la présidente de l'Association Paris Aide aux victimes (PAV 75). « Nous avons reçu des centaines de personnes et réalisé des milliers d'entretiens. On a dû doubler les effectifs de notre équipe, composée de juristes et de psychologues et renforcée par un travailleur social de la Ville de Paris », témoigne Carole Damiani, dont la structure dispense soutien psychologique, aide aux démarches administratives et informations sur les droits. Telle la PAV 75, une centaine d'associations vont s'appuyer sur des comités locaux pour aider au mieux, à l'échelle des départements, les victimes de ce funeste 13 Novembre. « Des comités locaux dans les départements »Juliette Méadel, secrétaire d'Etat chargée de l'Aide aux victimes, souligne le rôle essentiel des associations pour le suivi des victimes.Pourquoi avoir établi cette cartographie ?Juliette Méadel. Bien localiser, c'est être capable de mieux aider. Grâce à cette « géographie » des victimes des attentats du 13 Novembre suivies par une association d'aide aux victimes, nous savons que 1 952 personnes ont été prises en charge par 101 associations dans 80 départements. Ces associations sont le premier relais de l'aide. Elles ont déjà mené plus de 13 000 entretiens. Leur rôle est primordial. C'est la première fois que l'Etat dispose de cet outil de suivi indispensable. Quel en est le prolongement concret sur le terrain ?Après l'attentat de Nice, j'ai créé des comités locaux de suivi des victimes pour mettre en réseau tous les acteurs. Ils sont en cours de déploiement dans chaque département concerné. Présidés par les préfets, ils réunissent notamment les services de l'Etat, l'Assurance maladie, la cour d'appel, l'association locale d'aide aux victimes... A Paris, l'installation du comité local est prévue début décembre. Qu'en est-il des victimes étrangères ?Nous accompagnons et nous prenons en charge les victimes étrangères de la même façon que nos concitoyens, y compris pour leur indemnisation. Le réseau des ambassades sert de relais et a d'ailleurs été mobilisé pour les commémorations du 13 Novembre. Sur le plan de l'indemnisation, certains réclament la prise en compte du préjudice d'angoisse. Qu'en pensez-vous ?Je suis très attachée à la réparation intégrale du préjudice. Il faut considérer les souffrances des victimes sous tous leurs aspects pour que l'indemnisation soit individualisée et complète. L'angoisse des victimes, qui ont vu la mort de près, peut générer des psycho-traumatismes avec des conséquences graves pour la santé. Alors oui, ce préjudice d'angoisse doit être reconnu, tout comme le préjudice d'attente subi par les proches des victimes.  "}