{"title": "EN IMAGES. Le Parlement iranien cible d'une attaque terroriste", "newspaper": "leparisien", "author": "G.L.", "date_publi": "07/06/2017", "theme": "International", "content": " Deux monuments emblématiques de la République islamique d'Iran, . L'attaque a été revendiquée par le groupe Etat islamique. Selon un bilan du chef de service des urgences iraniens, l'attaque a fait au moins douze morts et 39 blessés. Les images des agences de presse montrent un déploiement important des forces de sécurité autour du Parlement. Le ministère iranien du Renseignement affirme qu'une troisième attaque était projetée ce mercredi mais qu'elle a été déjouée.  "}