{"title": "Attentat de Berlin : Trump dénonce une «menace purement religieuse»", "newspaper": "leparisien", "author": "Le Parisien", "date_publi": "24/12/2016", "theme": "International", "content": " Le président élu américain, Donald Trump, a estimé, vendredi, que  et , reflétait une «menace purement religieuse». «Le terroriste qui a tué tellement de personnes en Allemagne a dit juste avant le crime \"par la volonté de Dieu, nous allons tous vous tuer, porcs\"», a tweeté Donald Trump dans un premier message, .\r\n The terrorist who killed so many people in Germany said just before crime, \"by God's will we will slaughter you pigs, I swear, we will......\r\n— Donald J. Trump (@realDonaldTrump)    Puis, dans un second tweet, DonaldTrump a estimé qu'il s'agissait «d'une menace purement religieuse, qui est devenue réalité. Tant de haine. Quand les États-Unis, et tous les autres pays, vont-ils répliquer ?», a-t-il interrogé.  slaughter you. This is a purely religious threat, which turned into reality. Such hatred! When will the U.S., and all countries, fight back?\r\n— Donald J. Trump (@realDonaldTrump)    Quelques heures seulement après l'attentat survenu lundi sur un marché de Noël de la capitale allemande, alors que les autorités locales cherchaient encore à savoir qui en était l'auteur et avant toute revendication par l'organisation terroriste Daech, Trump avait affirmé que ces événements étaient avant tout un attentat contre les chrétiens. «Des civils innocents ont été tués dans les rues alors qu'ils se préparaient à fêter Noël», avait-il ainsi indiqué dans un communiqué le lundi soir. Le groupe «État islamique et d'autres terroristes islamistes attaquent continuellement les chrétiens au sein de leurs communautés et lieux de culte dans le cadre de leur djihad mondial», avait-il poursuivi. Deux jours plus tard, il a considéré qu'il s'agissait d'un «attentat contre l'humanité. Voilà ce dont il s'agit. Un attentat contre l'humanité et cela doit cesser», dans de très brefs commentaires à des journalistes devant le club de luxe de Mar-a-Lago, à Palm Beach en Floride, où il passe la fin de l'année. Daech a revendiqué l'attentat mardi par le biais de son agence de propagande Amaq. Le parquet anti-terroriste allemand a identifié mercredi . "}