{"title": "Attentat déjoué : les gardes à vue de 5 suspects prolongées exceptionnellement", "newspaper": "leparisien", "author": "Z.L. ", "date_publi": "24/11/2016", "theme": "Faits divers", "content": " ont été prolongées dans la nuit de mercredi à ce jeudi au-delà des 96 heures, de manière exceptionnelle, a indiqué une source judiciaire. Une telle prolongation, qui peut porter les gardes à vue à une durée totale de 144 heures, soit six jours, n'est possible que lorsque les investigations font craindre une menace d'attentat imminent ou pour des nécessités de coopération internationale. Les arrestations dans la nuit de samedi à dimanche, à Strasbourg et à Marseille, ont permis de «mettre en échec une action terroriste envisagée de longue date» en France, a affirmé le ministre de l'Intérieur Bernard Cazeneuve. Le marché de Noël des Champs-Elysées dans la ligne de mire les suspects voulaient commettre des attaques simultanées et coordonnées le 1er décembre. Les cibles potentielles ? Le marché de Noël des Champs-Elysées, des transports en commun ou des bars. Selon l'AFP, le siège de la police judiciaire, au 36 Quai des Orfèvres à Paris ou le siège de la DGSI pourraient également avoir été envisagés. Mais les enquêteurs pensent que les suspects, dont il n'est à ce stade pas établi qu'ils aient fait des repérages, «n'avaient pas encore de projet précis et affiné», a indiqué une source policière. Lire aussi >>>\r\nCette enquête qui a débuté en février 2016 avait conduit à une première série d'interpellations le 14 juin, à la veille de l'Euro de football. Deux Français, liés au réseau, avaient été mis en examen et écroués, soupçonnés d'avoir contracté des crédits à la consommation pour financer des activités terroristes. D'après les investigations, ils étaient en contact avec un donneur d'ordre en Syrie. \r\nLe 14 novembre, la Direction générale de la sécurité intérieure (DGSI) avait été alertée par un renseignement sur un passage à l'acte imminent.   "}