{"title": "Un vétéran du djihad a inspiré Sid Ahmed Ghlam, le terroriste de Villejuif", "newspaper": "leparisien", "author": "Timothée Boutry", "date_publi": "17/11/2016", "theme": "Faits divers", "content": " Depuis avant-hier, . Cet étudiant algérien de 25 ans est suspecté d'avoir voulu attaquer une église de Villejuif (Val-de-Marne) le 19 avril 2015, un acte terroriste avorté en raison de la balle qu'il s'est tirée dans une jambe. En marge de cette opération, même s'il le conteste, il est suspecté d'avoir abattu dans sa voiture Aurélie Chatelain, une jeune professeur de fitness de 32 ans.  rencontrés à la frontière turco-syrienne. Des donneurs d'ordre récemment identifiés et qui apparaissent comme de hauts cadres de l'organisation Etat islamique (EI).VIDEO. Sid Ahmed Ghlam de retour sur les lieux du meurtre d'Aurélie Châtelain Dans ses interrogatoires, Sid Ahmed Ghlam l'appelle « Abou Moutana ». C'est cet homme, rencontré à deux reprises sur zone en octobre 2014 et février 2015, qui l'aurait incité à commettre un attentat et suggéré de s'en prendre à une église. Selon les services de renseignement, se cache derrière ce surnom une de leurs vieilles connaissances, Abdelnasser Benyoucef. L'implication présumée de ce vieux routier du djihad prouve une nouvelle fois que l'EI a su recycler dans ses rangs toutes les strates du terrorisme islamiste de ces dernières années. Né dans une famille algérienne aisée, cet homme de 43 ans est arrivé en France à l'âge de 5 ans, chez son grand-père, à Aulnay-sous-Bois (Seine-Saint-Denis). Elève médiocre, il interrompt sa scolarité et exerce plusieurs petits boulots dont un emploi... d'éducateur. Impliqué dans des associations caritatives et sportives, il confesse lui-même avoir fait du vol « son métier » dès l'âge de 17 ans.  Abdelnasser Benyoucef se distingue aussi très jeune par ses penchants djihadistes. En 2000, à 23 ans, il effectue un stage d'entraînement en Afghanistan avec Zine Edine K., un de ses camarades de mosquée présenté comme son mentor. L'année suivante, les deux hommes passent plusieurs mois en Géorgie, porte d'entrée des djihadistes souhaitant combattre en Tchétchénie. Sur place, ils s'exercent au maniement des armes légères. A son retour, les convictions de Benyoucef sont encore plus fortes. Selon un de ses proches, il n'envoie pas ses enfants à l'école afin qu'ils ne soient pas « dévoyés » par la culture occidentale. Il se dit également prêt à mourir en martyr. Mais sa principale occupation consiste à receler des objets volés afin de financer la « cause ». Au printemps 2004 il met au point, toujours avec son camarade Zine Eddine K., le vrai-faux braquage d'un agent de la Brink's : le dabiste est un complice et les malfaiteurs mettent la main sur plus d'1 M€. Alors que tous ses comparses sont arrêtés, Abdelnasser Benyoucef fuit en Algérie en mars 2004. Il écopera d'une peine de douze ans de réclusion prononcée par défaut par la cour d'assises spéciale de Paris en 2010. Interpellé en Algérie en octobre 2004 en possession d'une forte somme d'argent dans le cadre d'une enquête de financement du terrorisme, Benyoucef est incarcéré deux ans. Sa trace se perd ensuite. Avant de réapparaître une dizaine d'années plus tard en Syrie, dans les hautes sphères de l'EI. Ghlam était connecté avec Abaaoud\r\n Les enquêteurs pensent avoir identifié un second commanditaire de l'attentat manqué de Villejuif. Là encore, il s'agit d'un homme qui pourrait avoir de très hautes responsabilités au sein de Daech. Samir Nouad, connu sous plusieurs appellations dont celle d'Amirouche, est un ressortissant algérien d'une quarantaine d'années. C'est un très proche d'Abdelnasser Benyoucef. Les exploitations de l'ordinateur de Ghlam ont mis en évidence un contact entre ce dernier et Samir Nouad. Des conversations directes Lors d'un interrogatoire, l'étudiant algérien a d'ailleurs expliqué avoir été téléguidé par « Abou Moutana et une autre personne qui s'appelait Amirouche ». En exploitant ses différents alias, les services de renseignement ont aussi découvert que Samir Nouad avait supervisé Abdelhamid Abaaoud au sujet de la cellule de Verviers (près de Liège en Belgique), un commando terroriste franco-belge démantelé in extremis le 15 janvier 2015. L'analyse informatique a enfin mis en exergue des conversations directes entre Sid Ahmed Ghlam et Abdelhamid Abaaoud sous son pseudonyme d'Abou Omar. Ce qui confirme les liens entre le terroriste de Villejuif et le coordonnateur des attentats du 13 Novembre.    "}