{"title": "Daech : le groupe terroriste perd de l'argent", "newspaper": "leparisien", "author": "Le Parisien", "date_publi": "21/02/2017", "theme": "International", "content": "  Daech ne roule plus sur l'or. Selon un rapport du le groupe traverserait même des difficultés financières : «Si l'on se penche sur les finances de Daech, on s'aperçoit que la perte de territoires détenus par le groupe consécutifs aux progrès de la coalition internationale, ont entraîné une baisse spectaculaire de ses recettes», indique ainsi le rapport. D'après l'étude effectuée, les recettes de l'État islamique ont été réduites de plus de moitié depuis l'entrée en vigueur du soi-disant califat. Et même si des chiffres précis sont extrêmement difficiles à obtenir, les spécialistes estiment que les revenus annuels de l'État islamique sont passés de 1,9 milliard de dollars (1,8 milliard d'euros) en 2014 à 870 millions de dollars en 2016. Un modèle économique qui court à sa perte Selon le rapport, les sources de revenus du groupe EI sont de trois ordres : (1) les impôts et les péages (2) le pétrole (3) les confiscations et les amendes. Toutes sont directement liées aux territoire contrôlés par le groupe. Or, selon la coalition internationale, L'EI avait perdu 62% de ses territoires en Irak et et 30% de ses territoires en Syrie en novembre 2016, par rapport à la mi-2014, au maximum de sa domination. Ce qui ne facilite pas sa capacité à ponctionner les populations.  Rien n'indique, assurent les analystes, que le groupe ait créé de nouveaux courants de financement suffisamment significatifs qui pourraient compenser les pertes récentes. «Si la tendances actuelle se poursuit, «le modèle économique» de l'État Islamique ira bientôt à sa perte», selon les spécialistes.  Même si l'EI ou Al Qaida ont démontré par le passé que des revers de fortune n'entamaient pas leur détermination et ne supprime pas le risque d'opérations à l'étranger, en Irak serait un nouveau coup dur pour l'organisation.    "}