{"title": "Dix ans de prison pour le djihadiste français Nicolas Moreau", "newspaper": "leparisien", "author": "Le Parisien", "date_publi": "02/01/2017", "theme": "Faits divers", "content": " a été condamné ce lundi à dix ans de prison, avec une période de sûreté des deux tiers, par le tribunal correctionnel de Paris. Il était jugé pour avoir combattu en Syrie aux côtés des djihadistes de Daech. \r\nIl a refusé d'être extrait de prison pour entendre ce délibéré, conforme aux réquisitions. Ce délinquant multirécidiviste ayant passé près d'un an et demi dans les rangs de l'organisation Etat islamique, en Irak et en Syrie, est le frère de Flavien Moreau, premier djihadiste français condamné au retour de la Syrie, en novembre 2014. Il avait d'abord prétendu avoir «cherché à aider la France contre Daech» et voulu «combattre cette secte criminelle et injuste». \r\n  "}