{"title": "VIDEO. Londres : un homme armé de couteaux arrêté près du parlement", "newspaper": "leparisien", "author": "Le Parisien", "date_publi": "27/04/2017", "theme": "Faits divers", "content": " Un homme armé de couteaux et suspecté de vouloir commettre une attaque terroriste a été arrêté jeudi après-midi à Londres à proximité du parlement de Westminster, théâtre d'un attentat au mois de mars, a annoncé la police. Par ailleurs, quatre personnes ont été arrêtées et une femme blessée par balle dans la soirée au cours d'une opération antiterroriste, également à Londres, a indiqué la police. L'homme de 27 ans arrêté près du Parlement en possession de plusieurs couteaux a été placé en garde à vue, a annoncé Scotland Yard dans un communiqué. «Tout s'est passé en quelques secondes», a déclaré Niklas Halle'n, un photographe pigiste de l'AFP présent au moment des faits. «Il y avait un homme allongé au sol. Je ne pouvais pas voir son visage à ce moment-là, et ensuite il a été arrêté par un policier qui était juste derrière moi, avant d'être emmené», a-t-il raconté. L'individu interpellé «avait l'air assez calme», a-t-il ajouté, précisant qu'il n'avait pas dit un mot. Un porte-parole de Scotland Yard a déclaré que personne n'avait été blessé. La police a indiqué que plusieurs couteaux avaient été trouvés en possession du jeune homme. Des photos d'un journaliste de l'AFP montrent trois grands couteaux au sol sur le lieu de l'incident. L'arrestation a eu lieu à la jonction de Parlement Street et Parlement Square, à proximité immédiate du parlement de Westminster, théâtre d'un attentat le 22 mars. Autour, la police a dressé un périmètre de sécurité, et interrompu la circulation dans un sens sur Parliament Street, en direction du 10 Downing Street, la résidence des Premiers ministres britanniques. L'un des couteaux retrouvés par les policiers. (AFP)  VIDEO. L'homme interpellé évacué par la police VIDEO: Man arrested with knives on Whitehall being put into unmarked police car outside the Treasury, Met helicopter overhead \r\n— Vincent McAviney (@Vinny_LBC)   Périmètre de sécuritéQuelques policiers en gilet pare-balles étaient présents aux quatre coins du périmètre d'une centaine de mètres mis en place pour permettre le travail de la police scientifique. Les officiers de police scientifique ont méticuleusement examiné puis ouvert le sac a dos du suspect. Peu après 16h00, ils ont achevé leur travail et s'apprêtaient à quitter les lieux à bord d'un fourgon gris.  qui enjambe la Tamise face à Big Ben, avant de poignarder mortellement un policier devant le Parlement. L'attaque avait fait cinq morts au total. Son auteur, Khalid Masood, un citoyen britannique converti à l'islam, avait été abattu. Douze personnes avaient été arrêtées dans la foulée mais avaient toutes été relâchées sans poursuites. L'attentat a été revendiqué par le groupe jihadiste État islamique (EI) mais Scotland Yard a dit ne pas avoir «trouvé de preuve d'une association» de Masood avec l'EI ou Al-Qaïda, ni de preuve qu'il s'était radicalisé en prison.  Man arrested in Westminster. No reported injuries. More information to follow.\r\n— Metropolitan Police (@metpoliceuk) \r\n Opération antiterroriste au coeur de Londres Jeudi soir, quatre autre personnes ont été arrêtées et une femme blessée par balle dans le cadre d'une autre opération antiterroriste de la police à Londres, a annoncé la police dans un communiqué. Cette femme d'une vingtaine d'années a été blessée dans une maison du nord-ouest de la capitale. Faisant partie des cibles de cette opération, elle a été hospitalisée et placée sous surveillance policière. Le raid a également permis l'arrestation de quatre personnes, toutes soupçonnées d'activités terroristes: un adolescent de 16 ans et une jeune femme de 20 ans ont été interpellés au domicile visé, un jeune homme de 20 ans a été arrêté dans les parages de cette habitation, et une femme de 43 ans a été interpellée par la suite dans le Kent, dans le sud-est de l'Angleterre, précise le communiqué de la police.   "}