{"title": "Accusations d'Erdogan : non, les Etats-Unis ne soutiennent pas Daech", "newspaper": "leparisien", "author": "Le Parisien", "date_publi": "28/12/2016", "theme": "International", "content": " Les relations entre Ankara et Washington se sont encore un peu plus tendues, en raison notamment . Le président turc Recep Tayyip Erdogan a accusé mardi la coalition internationale menée par les Etats-Unis en Irak et en Syrie de venir en appui à...l'Etat islamique. Une «désinformation» que dénonce mercredi l'ambassade américaine à Ankara. «Le gouvernement américain ne soutient pas Daech» (l'acronyme arabe de l'EI), a affirme l'ambassade dans un message publié . Il «ne l'a ni créé ni soutenu par le passé. Les affirmations selon lesquelles le gouvernement américain soutient Daech sont fausses», a-t-elle poursuivi.  L'ambassade rétablit «la vérité» Le communiqué déplore une «désinformation considérable» qui circule dans les médias turcs, sans mentionner pour autant le président Erdogan, ni son discours. «Pour ceux qui sont intéressés par la vérité, voici la vérité», peut-on lire au début de ce bref message, alors que la Turquie affirme disposer de preuves en images. Les Etats-Unis sont alliés en Syrie des Unités de protection du peuple (YPG), qu'Ankara considère comme une organisation «terroriste», alliée du Parti des travailleurs du Kurdistan (PKK). «Le gouvernement américain n'a pas fourni d'armes ou d'explosifs au PYG ou au PKK - point», réplique le communiqué de l'ambassade, qui assure mener des discussions avec Ankara «sur comment aider au mieux» la Turquie et les rebelles syriens dans leur lutte contre l'EI, notamment . Des tensions croissantes avec le gouvernement Obama Le président Erdogan avait estimé la veille que la coalition internationale ne fournissait aucune aide à l'opération militaire turque engagée depuis fin août en Syrie. Le soutien américain aux milices kurdes et les critiques de Washington à l'égard des politiques menées en Turquie provoquent une colère croissante d'Ankara, à l'approche de la fin de mandat du président Barack Obama. La Turquie a exprimé son espoir de voir s'ouvrir «une nouvelle page» avec l'élection de Donald Trump à la Maison Blanche, notamment sur la question dequi lui impute le putsch manqué. Les Etats-Unis, où est installé le prédicateur islamiste, refusent pour l'instant de l'extrader, malgré les demandes répétées d'Ankara. VIDEO. Turquie: Erdogan appelle Washington à extrader Fethulah Gülen "}