{"title": "Attentat de Berlin : un possible complice d'Amri arrêté en Allemagne, perquisitions en Italie", "newspaper": "leparisien", "author": "Le Parisien", "date_publi": "28/12/2016", "theme": "Faits divers", "content": " L'enquête progresse dans le dossier de . Un Tunisien de 40 ans soupçonné d'avoir été en contact avec Anis Amri, l'auteur présumé de l'attaque au camion-bélier du marché de Noël revendiqué par Daech, a été arrêté mercredi dans la capitale allemande, tandis que deux perquisitions avaient lieu en Italie dans des lieux qu'aurait occupés Amri il y a un an. Concernant l'interpellé, «le défunt Anis Amri avait sauvegardé dans son téléphone mobile le numéro de ce ressortissant tunisien de 40 ans» à propos duquel «les investigations laissent penser qu'il pourrait être lié à l'attentat», a indiqué dans un court communiqué le parquet fédéral, compétent en matière de terrorisme. Celui-ci a jusqu'à jeudi soir pour demander un éventuel placement en détention provisoire du suspect, dont le domicile et le commerce avaient été perquisitionnés lundi, deux jours avant son arrestation. Les années italiennes d'Amri en question En Italie, les deux logements perquisitionnés se trouvent dans la ville d'Aprilia, au sud-est de Rome. La police n'a pas précisé si des occupants de ces logements ont été interrogés ou si des documents ont été saisis. Anis Amri a été tué dans l'agglomération de Milan dans la nuit du 22 au 23 décembre lors d'un contrôle policier de routine, après plus de trois jours de chasse à l'homme. Avant de rejoindre l'Allemagne à partir de juillet 2015, le jeune tunisien avait purgé quatre ans de prison en Italie, pays dans lequel il pourrait avoir eu des contacts rencontrés en détention. Samedi,  ont été interpellés en Tunisie. En France, certains responsables politiques ont critiqué  alors que  Ces interrogations pourraient être renforcées par de nouvelles révélations : selon , Amri aurait essayé de se procurer des armes et fusils-mitrailleurs en France en mars 2016. Pour l'heure, Bruno Le Roux et les autorités françaises n'ont pas souhaité commenter officiellement l'itinéraire et le parcours du terroriste. "}