{"title": "Lutte contre le terrorisme : l’ex-directeur de la police en conférence à Vitry", "newspaper": "leparisien", "author": "Le Parisien", "date_publi": "08/11/2016", "theme": "Vitry-sur-Seine", "content": "Après Sucy-en-Brie le mois dernier, Frédéric Péchenard, ancien directeur général de la police nationale, va tenir une conférence sur le terrorisme à Vitry ce mercredi, à l’invitation de la section locale des Républicains. Le thème ? « Face à la menace terroriste, la France peut-elle faire mieux ? ». Cet ancien chef de la section antiterroriste de la brigade criminelle et ami de Nicolas Sarkozy a grimpé les échelons de la police avant d’entamer en 2013 une carrière politique chez Les Républicains, mouvement dont il est directeur général. Il est également vice-président du conseil régional chargé de la sécurité.Ce mercredi, à 19 h 30, salle Robespierre, allée du Petit-Tonneau. "}