{"title": "Attentats de janvier 2015 à Paris : trois hommes devant la justice antiterroriste ", "newspaper": "leparisien", "author": "Le Parisien", "date_publi": "28/04/2017", "theme": "Attentats à Paris", "content": " L'enquête progresse sur le circuit des armes fournies aux frères Kouachi et à Amédy Coulibaly : trois suspects soupçonnés d'avoir aidé les djihadistes des attentats de Charlie Hebdo et de l'Hyper Cacher à Paris devaient être présentés aux juges d'instruction terroristes vendredi.\r\nEn début de semaine, les enquêteurs de la Sous-direction antiterroriste (SDAT) de la police judiciaire avaient mené une vaste opération dans le nord de la France et en Belgique, où  LIRE AUSSI A l'issue de leur garde à vue, trois suspects doivent être présentés à un juge d'instruction en vue de leur éventuelle mise en examen, selon une source judiciaire. Le parquet de Paris a requis leur incarcération. Le juge d'instruction a par ailleurs délivré un mandat d'arrêt à l'encontre de deux suspects, Metin K. et Michel C., qui ont été interrogés et qui doivent être remis ultérieurement à la France.\r\n Trafic d'armes entre la Belgique et la FranceSamir L., considéré comme lié de très près à la vente de certaines armes fournies à , doit être présenté au magistrat antiterroriste, ainsi que Miguel M. et Abdelaziz A. Ces deux suspects sont soupçonnés d'être liés à un possible réseau de trafic d'armes entre la Belgique et la France, selon une source proche de l'enquête.\r\nDans l'enquête sur les attentats de janvier 2015, sept hommes ont déjà été mis en examen, suspectés à des degrés divers d'avoir apporté une aide logistique à Coulibaly, mais tous nient avoir eu connaissance du projet terroriste. Les services antiterroristes, qui s'intéressent à des réseaux de trafiquants dans la région lilloise et en Belgique, tentent de reconstituer le circuit des armes jusqu'aux assaillants. Si les enquêteurs avaient rapidement retracé la provenance d'une partie de l'arsenal d'Amédy Coulibaly, ils se demandent comment les frères Kouachi, les tueurs de Charlie Hebdo, avaient obtenu leurs armes.\r\nCette semaine, «les auditions ont permis de mettre au jour le possible circuit d'approvisionnement en armes des frères Kouachi», entre la France et la Belgique, a affirmé la source proche de l'enquête. Les enquêteurs cherchent aussi à savoir si une transaction sur des armes a pu intervenir à l'occasion de la vente par Amédy Coulibaly en Belgique d'une Mini-Cooper au nom de sa compagne Hayat Boumediene. Coulibaly cherchait-il à s'approvisionner en armes pour lui, pour les frères Kouachi, ou pour eux trois? Des zones d'ombre entourent encore cet épisode. Un proche des milieux d'extrême droite déjà incarcéréDans l'arsenal des tueurs figuraient notamment plusieurs pistolets semi-automatiques Tokarev et des fusils d'assaut, en provenance de Slovaquie, de Russie ou de l'ex-Yougoslavie. Selon l'enquête, les armes de Coulibaly - cinq Tokarev et un fusil d'assaut venus de Slovaquie, démilitarisés puis remilitarisés - étaient passées par un intermédiaire en Belgique avant d'être achetées, parmi des dizaines d'autres, parentre juillet et novembre 2014.\r\nLe couple, déjà interrogé en décembre 2015, a de nouveau été placé en garde à vue cette semaine, sans être mis en examen. Claude Hermant, un ancien mercenaire pendant la guerre en ex-Yougoslavie, proche des milieux d'extrême droite, est déjà incarcéré dans un dossier de trafic d'armes à Lille. Lors de ses précédentes auditions, il s'est présenté comme un indicateur de la gendarmerie pour des ventes d'armes, ce qui s'est avéré être le cas dans le passé, selon une source proche de l'enquête. Il a affirmé avoir fourni ces armes à un autre trafiquant présumé, Samir L., pour infiltrer un réseau, avec l'aval de la gendarmerie.\r\nLe 7 janvier 2015, à Paris, Saïd et Chérif Kouachi avaient tué douze personnes dans l'attaque contre l'hebdomadaire Charlie Hebdo avant d'être abattus le 9 janvier, dans un assaut quasi simultané avec celui de l'Hyper Cacher de la Porte de Vincennes dans lequel Coulibaly a été abattu. Au lendemain de l'assassinat d'une policière municipale à Montrouge, Amédy Coulibaly avait exécuté quatre personnes dans le supermarché casher, avant d'être abattu par les forces de l'ordre.  "}