{"title": "Attentats de Paris : procès le 7 décembre en Autriche pour deux suspects liés à Daech", "newspaper": "leparisien", "author": "Le Parisien", "date_publi": "14/11/2016", "theme": "Attentats à Paris", "content": "s en novembre 2015 seront jugés le 7 décembre en Autriche, a annoncé lundi le tribunal de Salzbourg. Les deux hommes, âgés de 26 et 40 ans, avaient été arrêtés le 18 décembre dans un foyer de réfugiés de cette ville située à la frontière allemande. Ils doivent comparaître pour «participation à une organisation terroriste». Il est reproché aux deux hommes d'avoir aidé «tant logistiquement que par la fourniture d'informations et l'établissement de contacts» deux suspects . Ces deux hommes,, un Algérien de 29 ans, et , un Pakistanais de 35 ans, avaient été arrêtés huit jours plus tôt dans le même foyer salzbourgeois. Ils sont tous deux soupçonnés d'avoir voulu participer  mais d'en avoir été empêchés en raison d'une mise en détention de quelques semaines en Grèce car ils voyageaient avec de faux passeports. Extradés en France fin juillet, en se mêlant au flux des réfugiés syriens, en même temps que deux Irakiens non identifiés qui se sont fait exploser près du Stade de France le 13 novembre. Un cinquième homme, le Marocain Abid Tabaouni, arrêté en Belgique en juillet et soupçonné d'être lié à Haddadi et Usman avec qui il aurait également partagé un dortoir dans le foyer de réfugiés de Salzbourg, a été extradé vers l'Autriche fin août. Il doit être jugé ultérieurement, a indiqué le tribunal de Salzbourg lundi.     "}