{"title": "EN IMAGES. Bruxelles : une ville entre surveillance et perquisitions", "newspaper": "leparisien", "author": "Le Parisien", "date_publi": "21/06/2017", "theme": "Faits divers", "content": " Des policiers et des militaires en nombre dans l'espace public, des perquisitions. A Bruxelles (Belgique), au lendemain de  dans la gare centrale, les forces de l'ordre sont omniprésentes sur le terrain.  Si le niveau de la menace terroriste n'a pas été relevé et reste de 3 sur une échelle de 4, les patrouilles de militaires et de policiers sont renforcées dans la capitale belge. La police mène également plusieurs perquisitions. Les premières en lien avec l'attentat ont eu lieu dans la nuit de mardi à ce mercredi. Dans la matinée, le logement de l'auteur des faits, situé dans le quartier de Moleenbek, a été lui aussi perquisitionné.  "}