{"title": "Seine-et-Marne : les maires se mobilisent face à la radicalisation islamiste", "newspaper": "leparisien", "author": "Julie Olagnol J.O.", "date_publi": "30/09/2016", "theme": "Dammarie-les-Lys", "content": "Lors d’une table ronde consacrée à la radicalisation islamiste suivie par 300 élus et animée par Michel Dutruge, le maire (LR) de Dammartin-en-Goële (lire l’encadré), Pierre-Emmanuel Portheret, directeur de cabinet du préfet a dressé un état de la situation et diffusé des chiffres impressionnants, ce vendredi, au 55e congrès des maires de Seine-et-Marne, à Dammarie-les-Lys.RecensementA ce jour, dans le département, 275 personnes font l’objet d’un suivi strict dans le cadre de la radicalisation islamiste, dont 75 femmes et 32 mineurs. Les chiffres donnés correspondent aux données du fichier des signalés pour la prévention et la radicalisation à caractère terroriste (FSPRT). Ils ont en moyenne 28 ans et sont 90 % à posséder la nationalité française. 22 Seine-et-Marnais se trouveraient en zone de combat. Cinq d’entre eux seraient décédés.Dix-huit Seine-et-Marnais sont par ailleurs interdits de sortie du territoire. Sept personnes sont assignées à résidence, et une huitième a été  pour non-respect de cette assignation à résidence jeudi 28 juillet 2016. Cette dernière, ainsi qu’une autre personne, ont leurs avoirs gelés. Information « Les maires n’ont pas connaissance des personnes fichées S de leur commune », a soulevé Jean-François Oneto, maire (LR) d’Ozoir-la-Ferrière. « Un décret du 28 mai 2010 fixe la liste des personnes ayant accès à ce fichier. Seuls quelques policiers, gendarmes, magistrats et agents de la préfecture en ont connaissance », a précisé Pierre-Emmanuel Portheret.Concernant les grosses opérations, c’est du cas par cas. Le maire de Lagny-sur-Marne, par exemple, a été averti de la fermeture administrative de la salle de prière, en décembre 2015, mais un élu ne sera pas forcément informé d’une intervention du Raid. A la demande des maires, l’Etat peut diligenter des visites de la commission de sécurité dans les lieux de culte.PréventionDans le département, la Cellule d’écoute de soutien et d’accompagnement des familles (Cesaf), destinée à l’entourage fragile des personnes radicalisées, est rattachée à l’Association La Rose des Vents. Les cinq salariés de la cellule sont en contact avec 47 familles et participent aux réunions de la cellule de veille sociale pilotée par la préfecture. Les jeunes concernés (55 % de filles) sont le plus souvent adressés par leurs mères (61 %).Education« Nous avons de plus en plus de demandes d’instruction dans la famille et de créations d’écoles hors contrat. Toutes ne sont pas des écoles à risques mais on est assez démunis au niveau des contrôles. On n’a pas de possibilité d’agir sauf si le programme scolaire ne nous semble pas conforme », a relevé Patricia Galeazzi, inspectrice d’académie. Elle appelle à organiser la coopération entre les municipalités et l’Education nationale.AccompagnementGilles Pirman, directeur de cabinet du président du conseil départemental, a annoncé des mesures de formation pour les agents territoriaux. « Les maires ont envie d’agir mais ils ne doivent pas se sentir isolés dans leur commune ».« Aucune commune n’est à l’abri », selon Michel Dutruge, maire de Dammartin-en-Goële Dammarie-les-lys, ce vendredi matin. La table ronde sur la radicalisation islamiste était présentée par Michel Dutruge (LR), maire de Dammartin-en-Goële. LP/JULIE OLAGNOL Au congrès des maires de Seine-et-Marne, la table ronde sur la radicalisation islamiste était animée par Michel Dutruge, maire (LR) de Dammartin-en-Goële. Sûrement le mieux placé pour parler du sujet puisque la traque des frères Kouachi, qui avaient décimé la rédaction de Charlie Hebdo deux jours plus tôt, s’est achevée dans sa commune le 9 janvier 2015.« Aucune commune n’est à l’abri, Dammartin en est l’exemple. Je suis arrivé un matin et j’ai appris que j’avais deux terroristes dans une entreprise dont je connaissais le patron. Quand vous vous trouvez dans une telle situation, vous n’avez pas de manuel. Il ne faut pas agir dans la précipitation, les services de l’Etat sont là pour nous aider. Il faut gérer les administrés et les médias. Cela demande de la formation et de l’intuition. Ça peut arriver n’importe où, n’importe quand et surtout n’importe comment. »     "}