{"title": "Daech revendique l'attaque terroriste de Londres", "newspaper": "leparisien", "author": "Le Parisien", "date_publi": "23/03/2017", "theme": "Faits divers", "content": " L'attaque de Londres porte la marque de Daech. Au lendemain de , dont un policier et l'assaillant, le groupe djihadiste a publié jeudi une revendication officielle via son agence de propagande Amaq. «L'attaque devant le Parlement britannique à Londres a été commise par un soldat de l'EI, en réponse à l'appel à frapper les pays de la coalition», écrit l'organisation terroriste.  Mercredi, un homme, dont l'identité est toujours inconnue, a foncé sur des piétons à bord d'une voiture bélier sur le pont de Westminster, en plein coeur de Londres, avant de s'introduire à pied dans la cour du Parlement britannique et de . Il a finalement été abattu.  La formulation de la revendication du groupe EI indique que l'opération n'a pas été montée directement par l'organisation djihadiste, mais décidée et réalisée par un assaillant sensible à sa propagande. Affaibli sur le terrain, Daech ne semble plus en mesure de monter des actions terroristes d'envergure, comme lors des attentats du 13 novembre 2015 à Paris ou du 22 mars 2016 à Bruxelles, et utilise régulièrement ce type de communication pour s'attribuer des attentats en Europe ou aux Etats-Unis. Ce fut notamment le cas pour , puis . "}