{"title": "Attentat d'Istanbul : Daech revendique, 8 personnes arrêtées", "newspaper": "leparisien", "author": "Le Parisien", "date_publi": "02/01/2017", "theme": "Faits divers", "content": " Plus de vingt-quatre heures , huit personnes ont été interpellées et placées en garde à vue ce lundi. Aucun autre détail n'était disponible au sujet de ces personnes arrêtées par des équipes de la police antiterroriste. Il s'agit des premières interpellations en lien avec l'attaque survenue pendant la nuit du Nouvel An et dont l'auteur en fuite était activement recherché par les autorités.La photo du principal suspect diffusée. La police turque a diffusé lundi après-midi une photo du terroriste présumé. Sans citer de source, le quotidien Hürriyet affirme qu'il pourrait être kirghize ou ouzbek, en Asie centrale. Des témoins cités par l'agence de presse Dogan ont déclaré l'avoir entendu s'exprimer en arabe, mais cela n'a pas été confirmé par les autorités.  La police turque a diffusé lundi la photo du principal suspect.\r\nReuters   Le vice-Premier ministre turc a indiqué que des «données relatives aux empreintes digitales et à l'apparence» du tueur avaient été obtenues au cours d'une «enquête difficile» et qu'elles permettraient d'entrer «rapidement dans le processus d'identification». Les enquêteurs estiment possible que l'assaillant soit lié à la cellule qui a commis le triple attentat-suicide de l'aéroport d'Istanbul qui a fait 47 morts en juin, imputé à l'Etat islamique. Daech revendique l'attaque. Dans un communiqué qui n'a pas été diffusé via l'agence de communication de l'organisation terroriste, Daech a revendiqué ce lundi matin l'attentat. Le groupe djihadiste indique qu'«un des soldats du califat» a mené l'attaque contre l'établissement Reina. Une première car l'EI n'a pas pour habitude de revendiquer ses attaques en Turquie. Le gouvernement turc a répondu avec fermeté. Son porte-parole a notamment affirmé lundi que la Turquie restait «déterminée» à poursuivre son offensive militaire contre le «terrorisme» dans le nord de la Syrie. «Nous leur disons ceci, a-t-il ajouté. Où que vous soyez, nous vous pourchasserons (...) Avec l'aide de Dieu, le soutien de notre nation et toutes les forces à notre disposition, nous allons tous les mettre à genou, nous allons à tous leur donner la réponse qu'ils méritent.» Les Kurdes réfutent toute implication. Dimanche, alors que le flou régnait sur l'auteur de l'attentat, Murat Karayilan, l'un des chefs du PKK, le Parti des travailleurs du Kurdistan, le principal groupe séparatiste kurde, a écarté toute implication des «forces kurdes» dans l'assaut contre la discothèque la Reina.  L'  revendique l'attentat de la  à \r\n— Laura-Maï Gaveriaux (@lmgaveriaux) \r\n 120 à 180 balles tirées. Alors que des vidéos publiées sur les réseaux sociaux avaient rapidement montré dimanche un homme faisant irruption devant l'entrée de la discothèque en tirant, les autorités d'Ankara ont vite interdit la diffusion de toute image de l'attaque, comme elles le font généralement après les attentats.  VIDEO. EXCLUSIF.  Une victime française raconte\r\nSelon la chaîne d'information NTV, l'agresseur aurait tiré entre 120 et 180 balles en sept minutes, avant de changer de tenue et de prendre la fuite. Selon le Premier ministre turc Binali Yildrim, l'agresseur a laissé son arme sur les lieux et a «profité de l'anarchie pour s'enfuir». Toujours selon lui, l'enquête «se poursuit de façon très minutieuse».  \r\n  VIDEO. Des témoins racontent l'attaque du Reina à IstanbulDes mises en garde avant l'attaque. Selon Hürriyet, les services de police et de renseignement ont reçu des informations concernant le risque d'une attaque de Daech le soir du Nouvel An dans plusieurs villes de Turquie. De nombreuses arrestations et perquisitions ont ainsi eu lieu tout au long du mois de décembre pour tenter de prévenir un tel attentat. Dans un autre article du journal, le chroniqueur Abdulkadir Selvi écrit que la Turquie a reçu une mise en garde des services de renseignement américains le 30 décembre à propos d'une attaque terroriste à Istanbul ou Ankara la nuit de la Saint-Sylvestre.  VIDEO. Turquie: un attentat fait au moins 39 morts dont 15 étrangersAu moins 20 morts étrangers. Dimanche soir, à Ottawa, le Premier ministre canadien Justin Trudeau a annoncé qu'une Canadienne faisait partie des tués. Une nouvelle nationalité donc, après les autres origines citées: trois Jordaniens, trois Libanais, trois Irakiens, un Tunisien, , deux Marocains, deux Indiens, un Libyen, un Belgo-Turc, une Israélienne, un Koweïtien, et plusieurs Saoudiens, cinq selon le quotidien saoudien Asharq Al-Awsat. L'agence russe TASS a évoqué de son côté lundi la mort d'une citoyenne russe. Soit 25 morts de nationalité étrangère. L'agence de presse turque Anadolu, citant des sources non identifiées au ministère de la Justice, parlait elle ce lundi matin de 27 morts étrangers et 11 morts turcs, une victime restant non identifiée.  le bilan est tjs provisoire notre consulat général continue à rechercher d'éventuels Français parmi les blessés ou les décédés\r\n— Romain Nadal (@NadalDiplo)    "}