{"title": "Attentat de Londres : «Cinq attaques ont été déjouées ces dernières semaines»", "newspaper": "leparisien", "author": "Propos recueillis par Nicolas Jacquard", "date_publi": "05/06/2017", "theme": "Faits divers", "content": " Paul Cruickshankest rédacteur en chef du «Combating Terrorism Center Sentinel», mensuel de référence sur la question terroriste. Spécialiste d'Al-Qaïda et de l'Etat islamique, il est également consultant pour la chaîne CNN. Il revient sur . Trois attaques en moins de trois mois, est-ce un échec du contre-terrorisme anglais ? Chaque attentat est forcément un échec, et nos services le vivent comme tel. Cela étant, pas moins de cinq attaques ont été déjouées ces dernières semaines. Depuis les attentats de Bombay en 2008, le Royaume-Uni a mieux formé ses policiers à l'intervention rapide. Les entraînements ont aussi été renforcés après le 13 Novembre. La neutralisation des trois terroristes en moins de dix minutes a montré l'efficacité de ce dispositif. On enregistre toutefois plusieurs dizaines de victimes...Oui, mais cela aurait pu être pire. En Angleterre, plus qu'en Europe continentale, il est extrêmement difficile de se procurer des armes à feu en général, et des fusils d'assaut en particulier, cela grâce à notre législation et, bien sûr, à la géographie. Si des kalachnikovs avaient été utilisés, le carnage aurait été d'une tout autre ampleur. Pourquoi cette série d'attentats ?Il y a sans doute une part de mimétisme. De nouveaux terroristes se sont probablement inspirés de l'attaque de Westminster, en mars dernier, voyant qu'elle avait fonctionné. La menace est au niveau le plus élevé que nous ayons jamais connu, même si depuis 2005 et les attentats de Londres elle a toujours été présente. C'est extrêmement difficile. La problématique est la même pour toutes les démocraties occidentales. Khalid Masood, l'auteur de l'attentat de Westminster, était connu des services. De même pour Salman Abedi à Manchester. Au Royaume-Uni, 3 000 personnes sont dans le radar des forces antiterroristes. Mais il est illusoire de croire que toutes peuvent être suivies 24 heures sur 24. De même, il ne faut pas s'attendre à ce que la menace soit éradiquée rapidement. Avec au moins 6 000 Européens partis aux côtés de groupes terroristes comme Daech, on doit comprendre que cette menace pèsera sur toute une génération. C'est une fatalité ?Non. Mais on ne peut pas se contenter de réagir. Il faut prévenir. La communauté musulmane, très majoritairement opposée à cette perversion de sa religion, doit être étroitement associée à ce combat. En Angleterre, nous l'avons en partie compris. D'importants moyens ont été dégagés pour y parvenir, et l'on doit faire beaucoup plus. Sans cette stratégie, la situation serait pire. En la matière, je trouve d'ailleurs que la France accuse un certain retard.  "}