{"title": "Facebook : les armes de Mark Zuckerberg pour «rassembler l'humanité»", "newspaper": "leparisien", "author": "Le Parisien", "date_publi": "17/02/2017", "theme": "High-Tech", "content": " Facebook et son patron revendiquent depuis des années la mission de «connecter le monde» et de «construire une communauté mondiale». «Quand nous avons commencé, l'idée n'était pas controversée», . «Maintenant pourtant, il y a autour du monde des gens laissés derrière la mondialisation, et des mouvements appelant à se retirer des relations mondiales»,  Il fait valoir pour sa part que «nos plus grandes opportunités sont maintenant mondiales, comme répandre la prospérité et la liberté, promouvoir le pays et la compréhension (des autres), sortir les gens de la pauvreté, et accélérer la science. Nos plus grands problèmes ont aussi besoin de réponses mondiales, comme mettre fin au terrorisme, lutter contre le changement climatique et prévenir les pandémies», écrit Mark Zuckerberg.  Renforcer le lien social «Le progrès requiert maintenant que l'humanité se rassemble, pas seulement en cités ou en nations, mais en tant que communauté mondiale», poursuit-il. Et d'expliquer que le réseau aux 1,86 milliard de membres veut contribuer à «développer l'infrastructure sociale donnant aux gens le pouvoir de construire» une telle communauté mondiale, avec des outils permettant de s'informer, de s'entraider en cas de crise, de s'engager civiquement...«Mon espoir est que davantage d'entre nous consacrent leur énergie (...) à rassembler l'humanité», écrit-il encore. Il passe ensuite en revue une série d'initiatives prises par Facebook ces derniers mois. Il relève par exemple le besoin de «réponses coordonnées» face au terrorisme, aux catastrophes naturelles, aux épidémies ou aux crises de réfugiés. Il évoque ainsi dans ce contexte l'outil «safety check», qui permet aux utilisateurs du réseau d'indiquer à leurs proches qu'ils sont en sécurité après un événement dramatique, mais aussi désormais de s'entraider en demandant ou proposant un abri, de la nourriture ou un moyen de transport pendant une crise. Lutter contre la propagande terroriste Sur la question du terrorisme, le patron de Facebook a également confié vouloir développer l'intelligence artificielle, pour censurer plus efficacement les contenus qui ne sont pas en accord avec les règles du réseau social. «Nous sommes en train d'explorer différentes manières d'utiliser l'intelligence artificielle pour faire la différence entre les nouvelles sur le terrorisme et la propagande terroriste, afin que nous puissions rapidement supprimer quiconque qui tente d'utiliser notre service pour recruter pour une organisation terroriste», explique-t-il. , Mark Zuckerberg souhaite proposer à ses utilisateurs un filtre de violences, dont chacun pourrait régler le degré en fonction de sa tolérance.  Zuckerberg, un homme concerné Mark Zuckerberg revient aussi sur des polémiques ayant affecté Facebook, comme les fausses informations qu'il est accusé d'avoir laissé se propager pendant la campagne présidentielle américaine ou la censure très critiquée, et finalement abandonnée, d'un cliché historique de la guerre du Vietnam. Depuis plusieurs années, Mark Zuckerberg se construit une image de philanthrope : il a ainsi annoncé en 2015 que lui et sa femme comptaient reverser progressivement 99% de leur fortune à des bonnes oeuvres. Il a notamment promis l'an passé 3 milliards de dollars dans la décennie à venir pour contribuer à la prévention et la guérison des maladies. Certains lui ont aussi prêté des ambitions politiques, qu'il a pour l'instant toujours démenties. "}