{"title": "Attentat de Londres : les terroristes identifiés", "newspaper": "leparisien", "author": "De notre correspondant à Londres (Royaume-Uni), Julien Laurens", "date_publi": "05/06/2017", "theme": "Politique", "content": " Trois hommes, le teint hâlé, la trentaine et d'origine méditerranéenne. L'un en survêtement rouge, un autre avec un maillot du club de foot d'Arsenal sur le dos, le dernier avec un pull à capuche noire. Ce sont les premières descriptions des terroristes qui, armés de couteaux et portant de fausses ceintures d'explosifs,  dans un quartier très fréquenté de Londres. EN DIRECT\r\n> En l'espace de quelques minutes, ils ont écrasé des passants et poignardé à tout-va, entrant calmement dans les bars et les pubs du quartier de Borough Market, avant d'égorger ou de tenter d'égorger leurs victimes. Ils ont été abattus par huit officiers de l'unité d'élite de la police de Londres, qui ont tiré 50 balles. Malheureusement, un passant a été blessé à la tête au cours de la fusillade. Les enquêteurs ont identifié dès hier les trois terroristes, mais n'ont pas révélé leur identité. Les investigations avancent Douze personnes, âgées de 19 à 60 ans, dont quatre femmes, , à l'est de Londres, au domicile de l'un des assaillants. Ensuite une personne a été relâchée, les autres ont été placées en garde à vue. D'autres perquisitions ont aussi été effectuées plus tard dans la journée, à East Ham. Les investigations avancent vite. La piste d'un acte isolé semble privilégiée, comme pour l'attentat de Westminster, le 22 mars, à celle d'une véritable cellule terroriste comme à Manchester, il y a deux semaines. Les autorités l'attribuent à «l'extrémisme islamiste», qualifié «d'idéologie malfaisante» par la Première ministre Theresa May.  "}