{"title": "CHRONOLOGIE. Les principaux attentats djihadistes en Europe depuis 2014", "newspaper": "leparisien", "author": "Cyril Simon", "date_publi": "20/12/2016", "theme": "International", "content": " L'expert en terrorisme, Jean-Charles Brisard, le rappelait mardi 20 décembre 2016  : «L'Allemagne fait partie avec la Belgique et la France du trio de tête des pays les plus menacés par le terrorisme».  confirme cette tendance. Avant Berlin, d'autres projets d'attentats ont été déjoués ces derniers mois outre-Rhin. La dernière alerte remonte à mi-décembre, , soupçonné d'avoir voulu faire exploser un engin sur un marché de Noël à Ludwigshafen. La France connaît elle aussi «un haut niveau de menace» terroriste, , ayant fait 12 morts et 48 blessés. Fin novembre, Bernard Cazeneuve, alors ministre de l'Intérieur, signalait que . Rien qu'en novembre, 43 interpellations ont eu lieu et 28 de ces personnes ont été déférées. La raison de cette intensification de la menace terroriste en Europe occidentale est claire, selon Jean-Charles Brisard. L'Allemagne, comme la France, «est un pays qui mène une lutte sans répit contre l'organisation terroriste Etat Islamique (...) Quand cette organisation planifie des attentats à Paris, elle planifie également des attaques dans d'autres pays de l'Union eureopéenne». Formée autour des Etats-Unis et de la France à l’été 2014,  s’est fixée comme objectif principal la lutte contre l’organisation Etat islamique (EI) en Irak et en Syrie. Ces actions militaires, , conclut le chercheur, incitent les sympathisants djhadistes à frapper sur le territoire dont ils sont ressortissants. Réactualisé au quotidien, parcourez notre site dédié à la galaxie djihadiste «francophone» "}