{"title": "Abdelhakim, le paumé du djihad", "newspaper": "leparisien", "author": "Denis Courtine @leparisien_94", "date_publi": "10/01/2017", "theme": "Val-de-Marne", "content": " Le jour où sa fille est née, son « gourou » est venu le chercher à la maternité pour partir faire le djihad en Syrie. Trois ans et demi plus tard, au tribunal correctionnel de Paris, Abdelhakim, 24 ans, rêve sans doute d'une nouvelle naissance. Une seconde vie loin de la prison de Fresnes et de Mustapha Mraoui, le « gourou » de la mosquée de Villiers. Depuis hier et jusqu'à la semaine prochaine, il comparaît en appel au procès de la filière de Champigny, où onze autres prévenus ont été condamnés en première instance à des peines allant jusqu'à dix ans de prison. Adelhakim, lui, avait pris sept ans. Une peine plus clémente en raison « des éléments de personnalité qui permettent d'espérer ». Et sans doute du soutien de sa famille. Hier, sa mère, sa belle-sœur et son petit frère Aziz étaient dans la salle d'audience. En marge du procès, le jeune homme de 23 ans n'a rien oublié de la rapidité avec laquelle son aîné Abdelhakim a basculé. « Nous avons grandi dans une famille tolérante, contextualise-t-il d'emblée. On a toujours respecté toutes les religions. »  Dans le quartier populaire des Boullereaux à Champigny, la famille Ahl Tahar pratique l'islam. Les frères vont régulièrement à la mosquée de Villiers. C'est là qu'ils font la rencontre en 2013 de Mustapha Mraoui, le « gourou » qui réussira à faire partir sept jeunes pour la Syrie et qui a depuis complètement disparu de la circulation. « Je m'en souviens encore, grince Aziz. On était avec mon frère sur le parking du Quick, près de la mosquée. Il est venu nous voir. Il était impressionnant, il avait du bagout. Il te parle et en deux minutes, tu as l'impression qu'il est entré dans ta tête. » Au chômage à l'époque, Abdelhakim tombe sous le charme. Il a 20 ans. « Je passais mon temps à la mosquée », résume-t-il au tribunal. « Mon frère, même moi je le manipulais, souligne Aziz. Pourtant, dès le début je n'ai pas senti Mustapha Mraoui. Le matin, après la prière, il restait à la mosquée avec d'autres jeunes. Mon frère, qui en faisait partie, me disait de rentrer à la maison. »  En moins de quatre mois, début 2013, le jeune Campinois se coupe de sa famille. Seule sa compagne, enceinte, reste à ses côtés. Et tente de le ramener à la raison. En vain. En août, Abdelhakim se retrouve en Syrie. « De temps en temps, on communiquait sur Skype, se souvient son frère. On voyait quelqu'un qui lui soufflait ce qu'il devait nous dire. Je m'étais énervé. Je lui disais de penser avec sa propre tête ! » Abdelhakim finit par tomber malade et s'enfuit en Turquie où son frère vient le chercher.  A l'aéroport, le Campinois, évidemment fiché comme les autres membres de la filière de Champigny, passe à travers les mailles des autorités car son nom est mal orthographié. Chez lui aux Boullereaux, le premier réflexe du « terroriste » est... de payer ses impôts. Alors qu'il décroche un travail, il est pressé par sa famille d'aller voir la police. « Il est allé au commissariat de Champigny et de Créteil, raconte son frère. Les deux fois, ils l'ont laissé ressortir. On lui a dit qu'il avait le droit de voyager à l'étranger. » Au troisième essai, à Paris, il est interpellé et placé en détention provisoire en décembre 2015. Avec le recul, c'est à lui qu'Aziz s'en veut. « J'aurais dû me rendre compte plus tôt qu'on le perdait ». Depuis son box, alors que la présidente sonde un autre prévenu sur ses convictions théologiques, Abdelhakim, qui a décroché depuis longtemps, adresse des sourires à sa mère. Et quand la magistrate se tourne vers lui pour lui demander quel nom il portait en Syrie, Abdelhakim esquisse un autre sourire : « Abu Youssa. Abu ça veut dire le père. Youssa, c'est le prénom de ma fille ». "}