{"title": "VIDEO. NKM : «Embaucher 60 000 enseignants, ça n'a servi à rien!»", "newspaper": "leparisien", "author": "Le Parisien", "date_publi": "20/10/2016", "theme": "Presidentielle - Primaires", "content": " La députée . Interrogée sur les moyens à consacrer à cet objectif et la lutte contre le terrorisme, la candidate à la  assure qu'il faut renforcer l'arsenal législatif et augmenter les postes dans la police et la justice. En embauchant plus de fonctionnaires ? Non, «il faut un rééquilibrage des priorités», en piochant «collectivement» dans les autres ministères. Invitée mercredi de *, en partenariat avec les chercheurs de la Fondation pour l'innovation politique (Fondapol), NKM a notamment estimé que la création de postes dans l'enseignement n'avait «servi à rien». «Je sais que ce n'est pas populaire de dire ça... Mais je pense que les 60 000 enseignants qu'a embauché François Hollande n'ont servi à rien», a affirmé la conseillère de Paris. Et d'insister : «On a bien des problèmes à l'Education nationale, qui sont des problèmes de structure, d'autonomie des établissements, des problèmes d'autorité des profs mais je ne trouve pas que la différence soit apparue majeure sur les profs embauchés.» Nathalie Kosciusko-Morizet souhaite ainsi mettre plus de moyens dans , désormais experts en «dissimulation», qui «se retrouvent dans une zone grise dans laquelle les autorités publiques ont très peu de moyens d'action». VIDEO. Nathalie Kosciusko-Morizet : « Embaucher 60 000 enseignants, ça n'a servi à rien » Un nouveau rendez-vous* « Demandez le programme ! » est un nouveau rendez-vous initié par le «Parisien» - «Aujourd'hui en France» et les équipes de chercheurs de la Fondation pour l’innovation politique (Fondapol). Le principe est simple : les candidats à la Primaire de la droite et du centre viennent au cœur de la rédaction répondre aux questions de journalistes et de chercheurs. Alain Juppé a inauguré mardi 11 septembre cette série de rencontres et Jean-François Copé s'y est prêté le mardi suivant. 1h30 pour évoquer les grands sujets qui animeront l'élection présidentielle 2017 et aborder concrètement les propositions des candidats. Les prétendants à la primaire de la gauche seront également invités par notre quotidien.  VIDEO. Dix choses à savoir sur la primaire de la droite\r\n     "}