{"title": "Attentat raté des Champs-Elysées : les proches de l'assaillant ont été relâchés", "newspaper": "leparisien", "author": "Le Parisien avec AFP", "date_publi": "22/06/2017", "theme": "Faits divers", "content": " Leur garde à vue aura duré deux jours. Les quatre membres de la famille mort lundi dans un attentat raté contre des gendarmes sur les Champs-Élysées à Paris, ont été relâchés mercredi en fin d'après-midi, selon une source proche de l'enquête.  Son père, son ex-épouse, son frère et sa belle-soeur  dans le pavillon de banlieue du Plessis-Pâté (Essonne) où la famille vit depuis 28 ans. Ces arrestations avaient eu lieu peu après l'attaque de cet homme de 31 ans, fiché S, qui avait fait allégeance dans une lettre-testament au groupe Etat islamique (EI). LIRE AUSSI\r\n>  Lors de son interpellation: «Je n'étais au courant de rien. Mon fils faisait du tir sportif, tout était déclaré. Et nous avons une pratique religieuse normale».  Le procureur de Paris, François Molins, tiendra une conférence de presse ce jeudi à 15h30 «suite aux faits survenus aux Champs-Elysées le 19 juin dernier», a par ailleurs annoncé le parquet dans un communiqué. "}