{"title": "Présidentielle : à Paris, des bureaux de vote sous haute surveillance", "newspaper": "leparisien", "author": "Marie-Anne Gairaud (@gairaud_ma)", "date_publi": "23/04/2017", "theme": "Election présidentielle", "content": " Scrutin sous tension ce dimanche., plusieurs risques et menaces pèsent sur la présidentielle. En tête «la menace djihadiste» décrite comme «constante et prégnante». A Paris, la préfecture de police a prévu de déployer un «dispositif dense de sécurisation» dynamique des bureaux de vote qui s'appuiera sur les patrouilles des commissariats ou de l'unité de sécurisation opérationnelle de la capitale (Usoc) ainsi que sur les patrouilles militaires de l'opération Sentinelle dont les missions seront spécifiquement réorientées pour les quatre dimanches d'élection (présidentielle et législatives). La préfecture de police s'appuiera aussi sur la vidéosurveillance. LIRE AUSSI\r\n> Mais le préfet de police a également appelé à la vigilance les maires d'arrondissement et présidents de bureau de vote -- comme partout en Ile-de-France -- pour ce qui concerne la «sûreté interne des bureaux de vote» et leurs accès. Filtrage et contrôle visuel des personnes et du contenu des sacs à l'entrée, condamnation des accès non indispensables pour les opérations électorales, gestion des files d'attente qui devront être «positionnées à l'intérieur des sites et à l'écart de la voie publique», font partie des consignes émises. La maire (PS) de Paris, Anne Hidalgo, réfléchit depuis le mois de janvier avec les vingt maires d'arrondissement (droite et gauche confondues) sur le dispositif nécessaire à mettre en place pour assurer la sécurité des élections. 400 bureaux de vote sécurisés à ParisA la suite des demandes exprimées par ces élus, la Ville avait d'abord décidé de sécuriser 191 bureaux de vote sur 896. Mais depuis le début de la semaine, alors que les maires de droite ont interpellé la maire de Paris sur le plan de sécurisation qu'ils jugeaient «insuffisant», le dispositif est monté en puissance avant même l'attentat de jeudi soir sur les Champs-Elysées. Il a finalement été étendu à 400 bureaux de vote ce vendredi. «Toutes les demandes exprimées par les maires ont été validées», insiste-t-on à la Ville de Paris. Huit cents agents de sociétés privées assermentées par le ministère de l'Intérieur et cent cinquante agents de la direction de la prévention de la sécurité et de la protection de la ville seront mobilisés à l'entrée des sites désignés par les maires d'arrondissement. LIRE AUSSI\r\n> Il n'empêche... Vendredi, après l'attentat, les élus de droite ont redit qu'ils souhaitaient que tous les bureaux de vote soient protégés. En vain. Les maires LR des Ve, VIIIe, IXe et XVIIe arrondissements, Florence Berthout, Jeanne d'Hautesserre, Delphine Bürkli et Brigitte Kuster, ont donc décidé de faire appel à des sociétés privées pour qu'un agent de protection soit placé devant tous les bureaux de vote de leurs quartiers. «Les configurations de chaque bureau ont été étudiées. Les présidents des bureaux ont une ligne d'appel directe avec la police, tout sera fait pour éviter les files d'attente dans les rues», rassure pour sa part le maire (PS) du Xe, Rémi Féraud.  "}