{"title": "Turquie : l'état d'urgence prolongé de trois mois à partir du 19 octobre", "newspaper": "leparisien", "author": "Le Parisien", "date_publi": "03/10/2016", "theme": "International", "content": "La Turquie a décidé de prolonger de trois mois l'état d'urgence à partir du 19 octobre, une mesure adoptée après , a annoncé ce lundi le Vice-Premier ministre turc Numan Kurtulmus. «Nous avons décidé de reconduire l'état d'urgence pour 90 jours pour mener une bataille contre les organisations terroristes», a déclaré le vice-ministre.   La semaine dernière, le président Recep Tayyip Erdogan avait plaidé en faveur d'une reconduction, et laissé entendre que l'état d'urgence pourrait être maintenu jusqu'à douze mois.   Il avait estimé devant des élus locaux réunis à Ankara que la période de trois mois «n'était pas suffisante» et qu'il était dans l'intérêt du pays de la prolonger. Depuis le putsch avorté, qui vit exilé aux États-Unis, les autorités turques ont lancé des purges inédites. La crainte de plus vastes purges Selon un dernier bilan, 32.000 personnes ont été arrêtées, et 70.000 font l'objet d'enquêtes. Éducation, université, magistrature, police, armée, sport, milieu pénitentiaire, journalistes : tous les secteurs de la société ont été visés par ces purges. L'objectif est de débarrasser toute l'administration de l'influence des partisans de Gülen, qui vit aux États-Unis depuis 1999, et dont Ankara réclame l'extradition.  Alors que l'ancien imam nie les accusations dont il fait l'objet, et malgré le refus des États-Unis de l'extrader au motif qu'il n'existe «aucune preuve» de son implication dans le coup d'Etat raté, Accusé d'être «membre d'une organisation armée terroriste»,  Kutbettin Gülen a été placé en garde à vue et interrogé par la police anti-terroriste turque. De son côté,, dénonçant dans un rapport «d'innombrables abus» de la part du gouvernement turc, accusé de continuer à «s’attaquer aux journalistes, au pluralisme et à la liberté d’informer», ordonnant «sous couvert d’état d’urgence», la fermeture définitive de plus de 100 médias (journaux, radios, chaînes de télévision, etc.) en Turquie.   : En , l'état d'urgence se transforme en censure généralisée.  \r\n— RSF (@RSF_inter)     "}