{"title": "Attentat de Berlin : Anis Amri était «très proche de sa famille»", "newspaper": "leparisien", "author": "Nadim Hedhli et Massinissa Benlakehal", "date_publi": "23/12/2016", "theme": "Faits divers", "content": " La famille d’Anis Amri n’y croit toujours pas. À Oueslatia, petite bourgade au sud-ouest de Tunis, ses proches , même des membres d’Interpol. Tous à la recherche d’informations sur le dernier né de cette famille très modeste de onze personnes. > Lire aussi :   D’après deux de ses soeurs, Anis Amri, âgé de 24 ans, avait quitté la Tunisie en 2011, deux mois après la «révolution tunisienne». Il avait embarqué au port de Sfax. Selon Nejwa, qui a un Master en droit, c’est de là qu’il a gagné l’Italie, où il sera rapidement arrêté dans une affaire de vol de voiture.  Selon elle, il n’était pour rien dans ce délit. «Il est resté ensuite quelques mois dans un foyer. Lorsque ce dernier a pris feu, Anis a été arrêté par la police italienne et condamné à quatre ans de prison. Il est sorti huit mois avant la fin de sa peine pour bonne conduite. Mais, même en prison, il appelait ou il écrivait. Nous avons toujours ses lettres». Itinéraire d'Anis Amri : Le Roux appelle à «la plus grande prudence»Le ministre de l'Intérieur Bruno Le Roux a appelé vendredi soir à «la plus grande prudence» avant de retracer l'itinéraire d'Anis Amri, l'auteur présumé de l'attentat de Berlin, tué dans la nuit de jeudi à vendredi à Milan.«J'appelle à la plus grande prudence concernant les informations qui circulent actuellement et je le répète, seuls les enquêtes permettront d'établir précisément les faits», a déclaré le ministre lors d'une courte déclaration à la presse.Aris Amri a été abattu vers 3h devant la gare milanaise de Sesto San Giovanni par une patrouille de police qui l'avait arrêté pour un contrôle d'identité. Il avait auparavant tiré et blessé un policier.Dans son sac, les enquêteurs ont trouvé un billet de train montrant qu'il était monté à Chambéry, dans le sud-est de la France, et passé par Turin avant d'arriver ce soir-là à Milan, selon des médias allemands. La police italienne a simplement confirmé qu'il était arrivé de France en train.Selon une source française proche de l'enquête, un billet de train Chambéry-Milan, via Turin, a bien été retrouvé, dans une poche d'Amri. La police judiciaire de Chambéry a par ailleurs procédé à la saisie des images de vidéosurveillance de la gare de Chambéry et des alentours, selon la même source.Bruno Le Roux, qui a «salué» l'intervention de la police transalpine, a affirmé «travailler» avec ses collègues italien et allemand pour «envisager avec eux les suites que le développement» des enquêtes «pourrait appeler».Anis Amri, Tunisien de 24 ans, accusé d'avoir tué douze personnes et blessé des dizaines d'autres sur un marché de Noël berlinois, lundi, avait fait allégeance au groupe État Islamique, selon une vidéo diffusée vendredi par son agence de propagande.À la veille des fêtes de Noël, le ministre a également invité les Français à «faire preuve de vigilance mais aussi de sérénité».Pour la seule année 2016, 17 projets d'attentat ont été déjoués sur le sol français, a-t-il rappelé. «À chaque fois, nous adaptons nos dispositifs de sécurité», a ajouté Bruno Le Roux.«Anis appelait sa mère, presque tous les jours» Anis prend ensuite la direction de l’Allemagne où il s’installe en juin 2015. «J’avais souvent de ses nouvelles par téléphone», se souvient Nejwa. Son dernier appel à sa soeur date du 26 novembre. «Il blaguait, mais comme nous étions occupés, nous n’avons pas pu discuter longtemps comme à l’habitude. Il me parlait de «Baptiste», une histoire drôle entre lui et son père qui les faisait rire quand il était là. Il nous disait qu’il travaillait à droite à gauche, que parfois il installait un étal sur les marchés pour vendre des chapeaux». Anis appelait aussi sa mère, presque tous les jours. Elle souhaitait qu’il trouve une femme, «européenne», «pour avoir des papiers s’il ne voulait pas rentrer en Tunisie». Leur dernière conversation date de samedi dernier, 48 heures avant l’attentat. Son père, lui, lourdement handicapé, lui faisait souvent le reproche de ne pas rentrer au pays. Que son exil n’avait pas arrangé sa situation. Mais, d’après ses proches, il devait d’abord régler une condamnation par la justice tunisienne avant de rentrer chez lui. Sa famille explique qu'elle souhaitait d’ailleurs le voir assumer ses actes, même les pires, devant la justice. C’était quelques heures avant qu’il ne soit abattu devant la gare de Milan par des policiers au terme de plus de trois jours de cavale à travers l’Europe. > Lire aussi :  Attentat de Berlin : il était recherché dans toute l'Europe "}