{"title": "Deux compagnes d'un recruteur présumé de Daech mises en examen et écrouées", "newspaper": "leparisien", "author": "Le Parisien", "date_publi": "11/11/2016", "theme": "Faits divers", "content": "Kevin Guiavarch,  : deux de ces femmes ont été mises en examen jeudi par un juge antiterroriste à Paris et écrouées. Ces deux femmes, âgées de 22 ans, ont été mises en examen pour «association de malfaiteurs en relation avec une entreprise terroriste»,  Actuellement en détention en Turquie, leur compagnon , d'abord dans les rangs du Front Al-Nosra, la branche syrienne d'Al-Qaïda, avant d'intégrer Daech. Il avait pris contact avec les autorités françaises, disant vouloir rentrer en France. Recruteur de Daech Expulsées de Turquie avec leurs trois enfants, les deux femmes de 22 ans ont été arrêtées lundi soir à leur descente de l'avion à l'aéroport de Roissy-CDG et placées en garde à vue à la Direction générale de la sécurité intérieure (DGSI), selon la source judiciaire. Selon une source proche du dossier, l'une a eu avec Kevin Guiavarch un enfant né en Syrie en janvier 2015 et un autre né en septembre 2012 en France, d'un précédent lit. L'autre jeune femme a accouché en septembre 2015 d'un bébé qu'elle a eu avec le djihadiste. Les trois enfants sont placés. Kevin Guiavarch est une cible importante des services de renseignement français : soupçonné d'avoir été un recruteur de Daech, il est aussi directement impliqué dans son financement, selon une source proche du dossier.  "}