{"title": "Policiers blessés à La Réunion : le suspect radicalisé et sa mère mis en examen", "newspaper": "leparisien", "author": "M.L. avec AFP", "date_publi": "05/05/2017", "theme": "Faits divers", "content": " Quelques heures après, un suspect radicalisé et sa mère ont été mis en examen et placés en détention provisoire. Le 27 avril, ce jeune homme de 22 ans avait tiré sur des policiers venus l'arrêter à Saint-Benoit de La Réunion. \r\nLa mère et son fils ont été mis en examen pour association de malfaiteurs terroriste criminelle, selon une source judiciaire. Le jeune homme a également été mis en examen pour tentative de meurtre sur des policiers. Radicalisation sur internetLe 27 avril dernier, des policiers venus l'interpeller à l'aube pour apologie du terrorisme ont été accueillis par des tirs de fusil de chasse. Deux  avaient été blessés, sans que leur vie ne soit mise en danger. Dans le logement, les enquêteurs avaient saisi des armes et de quoi fabriquer des cocktails Molotov.  Selon les premiers éléments de l'enquête, ce jeune homme a été signalé, via , pour avoir tenu des propos soutenant le djihad sur internet. La radicalisation du jeune homme a été confirmée par les enquêteurs. Il assure s'être converti à l'islam et s'être radicalisé seul sur internet, selon une source proche du dossier. Une filière djihadiste démantelée en 2015\r\n Sa mère affirme s'être convertie sous l'influence de son fils. Elle est soupçonnée de l'avoir aidé à acquérir certaines armes. Aucun lien avec la zone irako-syrienne n'a été découvert. LIRE AUSSI \r\n>\r\nEn juin 2015, une filière djihadiste avait été démantelée à La Réunion, une première en outre-mer. Elle était dirigée par un prédicateur salafiste présumé de 21 ans surnommé «l'Egyptien». Il a été interpellé, transféré à Paris et mis en examen puis incarcéré. Selon les chiffres de la préfecture de La Réunion, une centaine de personnes soupçonnées de radicalisation sont recensées sur l'île.   "}