{"title": "Terrorisme : 10 ans de prison requis contre le djihadiste présumé Nicolas Moreau", "newspaper": "leparisien", "author": "Stéphane Sellami", "date_publi": "15/12/2016", "theme": "Faits divers", "content": " Il dit tout ce qu'il pense. Sans filtre, sans fard et sans retenue. Petite queue-de-cheval, barbichette et menton haut, Nicolas Moreau, 32 ans, est longuement revenu, hier, devant les juges du tribunal correctionnel de Paris, sur son quotidien en zone de combats. Parti rejoindre les rives de l'Euphrate en Syrie, en ne voyant « plus d'avenir en France », ce « musulman sunnite orthodoxe » comme il se définit, assure avoir agi, avant tout, pour en découdre avec « les troupes de Bachar al-Assad » et avoir notamment livré bataille à Kobané mais aussi à Fallouja en Irak.  alors qu'il prétend avoir fui le joug de Daech, ce jeune djihadiste -- né en Corée du Sud et adopté à l'âge de 4 ans avec son petit frère par un couple de Loire-Atlantique -- est depuis détenu à la prison de Fleury-Mérogis (Essonne).  Pour lui, Bachar al-Assad, qualifié de « petit Hitler arabe », et Abou Bakr al-Baghdadi, l'émir de Daech, seraient à mettre sur un pied d'égalité. « Je condamne très fermement les exactions de Daech », affirme-t-il encore. « J'ai cherché à aider la France contre Daech, à combattre cette secte criminelle et injuste », poursuit-il, en faisant référence aux . A l'époque, Nicolas Moreau, rebaptisé Abou Sayf le Coréen, explique savoir que des membres du groupe Etat islamique se trouvent en Europe pour commettre des attentats en France et en Belgique. Des déclarations faites quatre mois avant les attentats. Il relate aussi avoir croisé la route  le coordinateur des attaques du 13 Novembre, mais aussi celle d'Abou Souleiman, le nom de guerre de  -- le fameux homme au chapeau --, un des auteurs de l'attaque de l'aéroport de Bruxelles, en Belgique. « Si on m'avait écouté, j'aurais peut-être aidé à interpeller ce chien d'Abrini, lâche-t-il. 99 % des informations que j'ai données étaient bonnes. Mais ça, vous l'avez appris à vos dépens ! » Au lendemain des attentats du 13 Novembre, Nicolas Moreau, un temps gérant d'un restaurant de cuisine marocaine alors qu'il se trouvait à Raqqa, la « capitale » du califat, avait écrit à la justice et à ces « abrutis de la DGSI » pour expliquer qu'il avait aussi connu en Syrie Samy Amimour, un des terroristes du Bataclan... «Si vous me mettez une peine conséquente, je ne me laisserai pas faire. Je reprendrai les armes certainement»nicolas moreau« Mais comment avez-vous pu détenir autant d'informations alors que vous étiez restaurateur et simple combattant ? » questionne le président du tribunal, Laurent Raviot. « J'ai eu la confiance de certains émirs, assure le djihadiste. J'étais respecté. » « Je ne m'en suis jamais pris à la France », ajoute-t-il encore, avant de prévenir : « Ça fait un an et demi que je suis incarcéré. Si vous me mettez une peine conséquente, je ne me laisserai pas faire. Je reprendrai les armes certainement. » De son côté, son avocat, Me Karim Morand-Lahouazi, a rappelé que son client avait d'emblée « assumé ses actes », sans inventer une « histoire d'action humanitaire » pour justifier de son séjour en Syrie. Hier soir, le procureur de la République a finalement requis dix ans de prison à son encontre. Le délibéré est prévu pour le 2 janvier.   "}