{"title": "Arnaud Montebourg : «Je demanderai la renégociation des accords de Schengen»", "newspaper": "leparisien", "author": "R.K.", "date_publi": "06/01/2017", "theme": "Politique", "content": " Voilà qu'Arnaud Montebourg multiplie les points communs avec...  ! Comme l'ancien chef de l'Etat , l'ex-ministre du Redressement productif a affirmé jeudi, sur BFMTV, qu'il demanderait la «renégociation des accords de Schengen» s'il était élu président de la République, afin de mieux lutter contre la menace terroriste.\r\nInterrogé sur les mesures concrètes que lui inspiraient , l'ancien ministre à jugé «inéluctable» la renégociation de ces accords de libre circulation des personnes et des biens en Europe. Ce traité, s'est-il justifié, date «de 1990» et a été conclu «à une époque très pacifique», où «les menaces n'étaient pas celles que nous connaissons aujourd'hui». Lire aussi.  «On ne peut pas déléguer à l'Union européenne un certain nombre de compétences (...) si ces compétences, exercées sur le plan collectif et fédéral, n'ont pas d'efficacité», a-t-il ajouté, réclamant un «double système : contrôle des frontières nationales, contrôle des frontières européennes».  L'ancien chantre du «Made in France» a par ailleurs plébiscité une autre mesure soutenue notamment par Nicolas Sarkozy : la création d'un parquet national antiterroriste. L'idée est rejetée par le procureur de Paris François Molins mais le candidat socialiste a rappelé que l'ancien chef de la section antiterroriste du parquet de Paris Michel Debacq y est, lui, favorable. «Il faut spécialiser toute la chaîne pénale (...) jusqu'au juge d'application des peines», a-t-il estimé. Nicolas Sarkozy, , appréciera : ses idées auront donc trouvé un candidat qui continuera à les défendre. Fût-il candidat de gauche... VIDEO. Arnaud Montebourg : «Nous avons besoin de reprendre le contrôle de l'administration» "}