{"title": "Villejuif : élus et proches rendent hommage à Aurélie Châtelain", "newspaper": "leparisien", "author": "Lucile Métout (@lucilemetout)", "date_publi": "19/04/2017", "theme": "Villejuif", "content": "Du haut de ses 6 ans, à 200 km de chez elle, elle se trouvait là, pour la toute première fois, à l’endroit exact où sa mère a perdu la vie. Rue du Docteur-Pinel à Villejuif. « C’était important pour elle de voir où ça s’est passé… », lâche une proche de la petite Juliette. Deux ans après le meurtre d’Aurélie Châtelain, Villejuif rendait hommage ce mercredi midi à la professeure de fitness de 32 ans tuée le 19 avril 2015 par le terroriste présumé Sid Ahmed Ghlam. Cette jeune maman originaire de Caudry (Nord) avait reçu trois balles dans sa voiture, alors qu’elle s’apprêtait à suivre un stage de pilates près de l’institut Gustave-Roussy. Ce dimanche-là, sa route avait croisé celle de l’étudiant de 24 ans qui prévoyait d’attaquer deux églises villejuifoises.Rendez-vous était donné à 12 h 30 ce mercredi, devant la stèle inaugurée l’an passé. « Je ne ferai pas de discours, a sobrement annoncé le maire, Franck Le Bohellec (LR). Mais je veux juste dire une chose à Juliette : pour toujours, Aurélie sera gravée dans nos cœurs. » Présente elle aussi, la maman de la victime masquait ses larmes derrière d’épaisses lunettes noires. Caressant la plaque sombre, elle a promis de revenir « tous les ans ». La famille d’Aurélie Châtelain, nommée citoyenne d’honneur de Villejuif à titre posthume, était ensuite reçue à l’hôtel de ville. "}