{"title": "Attentats de Paris : un compagnon de fuite d'Abdeslam reconstitue sa cavale", "newspaper": "leparisien", "author": "Le Parisien", "date_publi": "26/01/2017", "theme": "Attentats à Paris", "content": " Le dispositif d'étroite surveillance policière et les bâches, installées pour protéger les lieux de l'oeil des curieux, ont été levés vers 11h, d'après l'agence Belga. , compagnon de fuite de  après les attentats de novembre 2015 à Paris, a participé jeudi à Bruxelles à la reconstitution du raid policier au cours duquel l'arrestation des deux hommes avait été manquée de peu le 15 mars 2016, selon une annonce de la justice belge - les deux hommes , autre commune de l'agglomération bruxelloise. Abdeslam voulait se faire exploser Trahi par sa ceinture d'explosifs défectueuse, Salah Abdeslam avait bien pour projet de mourir en kamikaze aux abords du Stade de France, le 13 novembre, selon . La radio s'appuie mercredi sur le témoignage d'un cousin qui a caché le terroriste les trois jours suivant la fuite de Forest. À ce membre de sa famille, alors qu'il est recherché par les forces de l'ordre belges et françaises, Abdeslam aurait d'ailleurs confié toute «la fierté» qu'il ressentait envers son frère Brahim, qui s'est fait sauter dans un café parisien.  Lire.  La reconstitution de cette perquisition, qui avait été suivie d'une fusillade, «s'est déroulée sans incident» dans la commune bruxelloise de Forest, selon le parquet fédéral belge dans un communiqué. Celui que le parquet fédéral présente comme «Sofiane A.», également connu dans l'enquête sous deux fausses identités dont celle d'«Amine Choukri», a «assisté à la reconstitution» avec «son conseil, les avocats des parties civiles et différents experts», tandis que «Salah Abdeslam n'était pas présent», selon le parquet. Un «acte de routine» décisif dans l'arrestation du terroriste Ce raid policier, présenté alors comme un acte de routine dans l'enquête sur les attentats parisiens du 13 novembre 2015 (130 morts), avait de fait donné un coup d'accélérateur inattendu aux investigations. Alors que les enquêteurs recherchaient initialement au 60 rue du Dries la trace du passage de complices des djihadistes ayant attaqué Paris, ils avaient eu au bout de trois jours la confirmation de la présence dans l'appartement de , grâce à la découverte d'«empreintes». Relire.  La perquisition à Forest avait été menée par une demi-douzaine de policiers, belges et français, issus d'une équipe commune d'enquête. «Dès le début (...) la police a essuyé des coups de feu tirés par des personnes se trouvant dans l'appartement» et «trois policiers ont été blessés à l'issue de leur retraite précipitée», a rappelé jeudi le parquet fédéral. Au cours de la fusillade, un complice des djihadistes, Mohamed Belkaïd, un Algérien de 35 ans, avait été mortellement blessé. Une semaine plus tard, , faisant 32 morts.  "}