{"title": "Villemomble : six mois de prison pour avoir mis un drapeau de Daech à leur fenêtre", "newspaper": "leparisien", "author": "C.S.", "date_publi": "13/12/2016", "theme": "Villemomble", "content": "Le couple interpellé la semaine dernière à Villemomble a été condamné pour apologie du terrorisme. Le mari, par ailleurs assigné à résidence, a été condamné à six mois de prison et son épouse à six mois avec sursis. Le drapeau noir portant des inscriptions blanches avait été repéré depuis la rue et la police avait été prévenue. "}