{"title": "VIDEO. Le pape François accélère la procédure de béatification du père Hamel", "newspaper": "leparisien", "author": "Vincent Mongaillard", "date_publi": "02/10/2016", "theme": "Société", "content": "Il faut d'ordinaire attendre cinq ans après la mort de la personne concernée avant d'entamer une procédure de béatification, première étape vers la sainteté. Mais le Vatican a annoncé peu après 17 heures ce dimanche que le pape François avait décidé de dispenser de ce délai  par deux jeunes radicalisés se réclamant de Daech. Peu après, l'archevêque de Rouen, Mrg Dominique Lebrun, l'a confirmé sous les applaudissements des fidèles et des habitants réunis devant l'écran géant sur la place de l'église pendant . «C'est une consolation, une joie», a-t-il déclaré. L'archevêque a été informé par la Congrégation romaine pour les causes des Saints. Il y voit là «un geste de consolation» et va donc lancer l'enquête diocésaine destinée à recueillir les témoignages sur la vie et la mort de l'abbé égorgé. VIDEO.  Le pape  accélère la procédure de béatification du père Hamel Le souverain pontife a le dernier motL'enquête, établie par une commission, doit donner lieu à un mémoire remis à l'archevêque. Une fois le document approuvé, il l'enverra à Rome. Le dossier sera alors entre les mains de la Congrégation romaine pour les causes de Saints. Lors de son instruction, cette dernière exige habituellement un miracle de la personne concernée mais la loi ecclésiastique prévoit une exception pour les martyrs, ce qui est le cas du père Hamel. Au final, il revient au souverain pontife de trancher et d'ordonner la béatification. Pour ce qui est du père Hamel, la procédure devrait durer, selon l'archevêché, «au moins une à deux années». Le défunt béatifié est appelé «Bienheureux» et devient un intercesseur auprès de Dieu dans les prières officielles et publiques de l'Eglise. C'est une manière de reconnaître ses vertus chrétiennes exercées au cours de sa vie de manière exemplaire voire héroïque. VIDEO. Saint-Etienne-du-Rouvray: «IIs ont tué le père Hamel mais pas la foi catholique» VIDEO. La réouverture de l'église de Saint-Etienne-du-Rouvray, «une étape dans le deuil»  "}