{"title": "Yvelines : alerte à la bombe au centre commercial Vélizy 2, le suspect toujours en garde à vue", "newspaper": "leparisien", "author": "Le Parisien", "date_publi": "23/02/2017", "theme": "Vélizy-Villacoublay", "content": "L’homme de 54 ans, interpellé mercredi au centre commercial Vélizy 2 (Yvelines) , provoquant le déploiement d’un important dispositif de sécurité et l’évacuation du site, était toujours en garde à vue dans les locaux de la sûreté départementale à Viroflay, ce jeudi soir.Il affirme qu’il s’est débarrassé de l’ustensile de cuisine parce qu’il faisait du bruit dans son coffre. Mais cette version est en contradiction avec le fait qu’il a alerté lui-même les services de sécurité du centre, en leur signalant que deux hommes à moto avaient déposé la cocotte avant de prendre la fuite. 250 policiers et pompiers ont été mobilisés mercredi pour ce qui semblait être une menace terroriste. "}