{"title": "Le réseau terroriste de Strasbourg devait frapper le 1er décembre", "newspaper": "leparisien", "author": "E.P.Et Stéphane Sellami", "date_publi": "24/11/2016", "theme": "Faits divers", "content": "Après l'opérationpolicière menée en urgence dans la nuit de samedi à dimanche à Strasbourg (Bas-Rhin) et à Marseille (Bouches-du-Rhône), les premières investigations confirment un risque imminent d'attentat en région parisienne. Il pourrait s'agir d'attaques « simultanées et coordonnées », prévues pour le 1 er décembre. Selon nos informations, des cibles telles que le marché de Noël des Champs-Elysées, des transports en commun et des bars ont été envisagées. Les gardes à vue de cinq suspects se poursuivent à la DGSI. Comme l'a révélé i>télé hier, l'un des hommes arrêtés à Strasbourg a commencé à parler devant les enquêteurs. Pour se dédouaner, ce dernier a mis en cause ses complices présumés, évoquant un attentat à venir contre deux sites emblématiques du ministère de l'Intérieur, désignés par un Français présent en Syrie. Les policiers spécialisés ont réussi à exploiter les données d'un smartphone. Ils ont isolé des captures d'écran provenant de Google Maps qui montrent un parc d'attractions, des lieux de culte, l'un des deux sites de police cité par le suspect gardé à vue et un édifice public lié à la justice pouvant correspondre à autant de cibles potentielles. Enfin, des consultations Internet prouvent que des recherches ont été faites concernant une vingtaine de sites symboliques. L'enquête se poursuit aussi dans son versant marseillais. Des suspects arrêtés, il ne reste qu'un homme en garde à vue, un ressortissant marocain de 26 ans, domicilié au Portugal.  "}