{"title": "Partenariat entre le 93 et le Canada pour mieux lutter contre la radicalisation", "newspaper": "leparisien", "author": "Carole Sterlé", "date_publi": "24/10/2016", "theme": "Aubervilliers", "content": "Ils ont scellé leur partenariat, en tout petit comité, à Pantin, dans un bureau de la Sauvegarde de l’enfance de Seine-Saint-Denis. Le sujet est épineux et tout le monde avance sur la pointe des pieds. « Nous ne sommes pas des experts, il faut rester humbles et modestes », justifie Xavier Bombard, le directeur général de la Sauvegarde 93. Depuis un an, la structure s’est vue confier par la préfecture de Seine-Saint-Denis le soin d’accompagner les personnes dont la radicalisation islamique préoccupe. Un sujet que connaît bien aussi le Canadien Herman Deparice-Okomba. Cet ancien haut fonctionnaire de la police est le directeur général du centre de prévention de la radicalisation menant à la violence, créé en 2015 à Montréal. Par ce protocole, les partenaires s’engagent à partager leurs observations, pour mieux comprendre et prévenir cette radicalité qui conduit certains à se sacrifier pour une idéologie mortifère.« L’approche ultra-sécuritaire ne suffit pas »« L’approche ultra-sécuritaire ne suffit pas pour vaincre le terrorisme, on ne peut pas faire l’économie de la prévention », insiste Herman Deparice-Okomba de passage en France. « Voyez, les attentats ont continué à faire toujours plus de victimes alors que l’arsenal sécuritaire avait été renforcé. Et en un an le nombre de fiches S en France a doublé, passant de 7 000 à 14 000. »Le centre de prévention du Canada est l’équivalent du secrétariat général pour la prévention de la délinquance et de la radicalisation (SG CIPD) qui existe en France et gère le numéro vert. L’un des rares en Amérique du Nord. En un an, le centre a signalé à la police une quinzaine de cas de terrorisme potentiel.Deux pays à six heures d’avion, deux cultures différentes… et cette même conviction que le partage d’observations peut nourrir une démarche commune. « Il n’y a pas de profil type, mais il y a des récurrences dans les trajectoires », notent des professionnels de la Sauvegarde, qui ont mis en exergue des dénominateurs communs. Sur la vingtaine de mineurs actuellement suivis, tous sont déjà passés auparavant au tribunal, soit pour une mesure éducative, soit pour une sanction pénale. Si bien que la Sauvegarde a initié une formation des juges pour enfants et un juge des enfants va rejoindre le dispositif. « Ils sont visionnaires », encense Herman Deparice-Okomba, bien décidé à partager les bonnes pratiques d’un côté et de l’autre de l’Atlantique.La Sauvegarde 93 choisie pour épauler cinq régions de France Depuis un an, la Sauvegarde suit 75 personnes vivant en Seine-Saint-Denis, dont une vingtaine de mineurs signalés radicalisés ou en voie de l’être. LP/C.S. Des groupes de parole, des séminaires familles, des consultations thérapeutiques, des interventions en milieu scolaire, individuelles ou collectives… Depuis un an, l’équipe pluridisciplinaire de la Sauvegarde suit près de 75 personnes dans le 93. Certaines d’entre elles sont mises en examen dans des procédures judiciaires. Son intervention dans le domaine de la prévention et de la déradicalisation a déjà séduit les plus hautes autorités, qui lui demandent désormais d’intervenir au-delà de la Seine-Saint-Denis.Le gouvernement avait lancé un appel d’offres pour prendre le relais du « centre de prévention des dérives sectaires », que dirigeait Dounia Bouzar jusqu’à l’été 2016. L’appel d’offres a été remporté par la Sauvegarde pour le tiers nord-est de la France, le reste étant couvert par l’association Unismed. De fait, depuis le 1er septembre, la Sauvegarde de l’enfance gère l’équipe mobile qui intervient en soutien des préfectures sur l’Ile-de-France, les Hauts-de-France, l’Alsace-Lorraine, Champagne-Ardenne et Bourgogne-Franche-Comté.75 personnes suivies depuis un an  vivant en Seine-Saint-Denis ont été signalées à la plate-forme nationale comme radicalisées ou en voie de l’être, indique-t-on en préfecture de Bobigny. Ces situations sont évaluées par les services de renseignements et ne sont pas toutes préoccupantes. Certaines relèvent parfois davantage de la dénonciation pour régler des comptes au sein d’une famille ou d’une entreprise. ont été adressés à la cellule départementale, pour évaluation. Toutes les villes sont concernées. Les femmes représentent environ un quart des signalements. sont suivies par la Sauvegarde depuis un an en Seine-Saint-Denis, dont une vingtaine de mineurs. "}