{"title": "Seine-et-Marne : Un guichet unique pour les 88 victimes de terrorisme", "newspaper": "leparisien", "author": "Faustine Léo", "date_publi": "07/02/2017", "theme": "Melun", "content": "« A vous de saisir le préfet si le besoin est là pour débloquer un dossier. Il simplifiera les choses. Car quand on est blessé, on ne peut pas aller à Pôle emploi ou à la CAF », a insisté ce mardi Juliette Méadel, à l’adresse des salariés de l’Avimej (Aide aux victimes et médiation judiciaire), l’association référente en termes de soutien aux victimes. La secrétaire d’Etat à l’aide aux victimes installait, en présence du préfet, de la justice, d’associations ou encore de Pôle emploi, le comité départemental de suivi destiné à répondre au plus près aux préoccupations des personnes touchées par les attentats, mais aussi par les inondations (voir encadré) ou les accidents collectifs.88 personnes souffrent des répercussions d’attentats en Seine-et-Marne, blessés ou proche de décédés, que ce soit suite aux événements de janvier et novembre 2015 à Paris, de juillet dernier à Nice ou ceux de Bruxelles ou Bamako. « La porte du service public est ouverte. Que les victimes sachent qu’elles ne seront pas oubliées dans leur besoin de logement, d’insertion professionnelle ou de suivi de santé », a poursuivi la secrétaire d’Etat, soucieuse de connaître les cas en délicatesse. Un seul a été remonté lors de la réunion, celui d’une famille qui risque d’être expulsée. « La maman a été blessée lors d’un attentat et longuement hospitalisée. Elle a perdu son emploi et ne peut plus payer son loyer », a résumé l’Avimej devant Juliette Méadel, déjà au courant de ces difficultés et déterminée à « ne pas laisser cette famille à la rue ».Le préfet a souligné la complexité de la prise en charge des victimes et la nécessité de le faire le plus tôt possible. « Nos huit exercices de crise prévus cette année prendront en compte pour la première fois la partie aide aux victimes », a-t-il annoncé. Car peu de personnes savent exactement comment réagir. « Les élus ont pris conscience qu’ils ne sont pas préparés à la gestion d’un attentat, voire même d’une crue, a témoigné Michel Dutruge, maire (LR) de Dammartin-en-Goële, où les frères Kouachi avaient investi l’imprimerie de Michel Catalano. Dès le lendemain de l’assaut, nous avons mis en place une cellule psychologique qui a tourné durant cinq jours avec neuf intervenants, alors que la ville n’avait que des victimes collatérales. C’est dire l’ampleur du traumatisme. »A Bagneaux-sur-Loing,  encore quinze familles non relogées suite aux inondations Avec plus de 20 000 sinistres au mois de juin, la Seine-et-Marne a du mal à oublier les inondations. La secrétaire d’Etat à l’aide aux victimes a donc profité de son passage dans le département pour s’assurer que les plaies se referment. « Oui, je suis là pour faire pression auprès des assurances, et constater sur le terrain qu’il y a bien un vrai suivi, a insisté Juliette Méadel. Je veux que 100 % des dossiers aient été étudiés dans quelques semaines ». Ce mardi, elle a rencontré les élus qui ont souligné son implication sur le terrain en juin et se sont réjouis de voir les dossiers se régler peu à peu.« Il y a encore quelques problèmes de pollution dans les jardins que les assureurs ne veulent pas prendre en charge, a déploré la députée-maire (LR) de Nemours Valérie Lacroute. Mais ça avance. Nous sensibilisons les experts-comptables pour que les entreprises ne soient pas imposées sur les indemnisations reçues ». A Bagneaux-sur-Loing, une quinzaine de familles n’ont pas encore pu rentrer chez elles. « C’est long, mais ça va. On refait surface », estime Claude Jamet (DVG) le maire. Tous attendent désormais le rapport du conseil général de l’environnement et du développement durable, concernant l’analyse des causes de ces inondations. "}