{"title": "Rouen : le fiché S de la fac va être extradé de Bulgarie en France", "newspaper": "leparisien", "author": "Le Parisien", "date_publi": "11/10/2016", "theme": "Faits divers", "content": "La décision était attendue. Un tribunal bulgare a ordonné, ce mardi, l'extradition vers la France . Il avait été  en violation de son contrôle judiciaire.\r\nL'homme de 18 ans originaire de Val-de-Reuil (Eure), converti à l'islam, avait été placé sous contrôle judiciaire après avoir eu un comportement jugé suspect pour avoir rôdé dans l'université de Rouen mi-septembre. Le ressortissant français, qui a également un passeport canadien, avait néanmoins pris la fuite en voiture et avait été arrêté en vertu d'un mandat européen émis par la France tandis qu'il voulait passer de Bulgarie en Turquie, le 28 septembre.\r\nLa Bulgarie, sur la route de la Syrie \r\nLa décision de l'extrader intervient à l'issue du délai légal de rétractation du suspect, qui avait consenti le 5 octobre à son extradition. Celle-ci doit intervenir « dans les dix jours », a précisé le tribunal d'Haskovo chargé du dossier.\r\nLa Bulgarie est  tentant de rejoindre la Syrie via le territoire turc par la route, ce qui leur permet d'être moins facilement repérés que s'ils empruntaient la voie aérienne.\r\nEn août, la Bulgarie avait  de l'attentat contre Charlie Hebdo à Paris, Chérif Kouachi. Hamyd avait également été interpellé à la frontière bulgaro-turque, sur le soupçon de vouloir rejoindre les rangs de l'organisation Etat islamique. "}