{"title": "EN IMAGES. Bruxelles se souvient des victimes des attentats du 22 mars 2016", "newspaper": "leparisien", "author": "Le Parisien", "date_publi": "22/03/2017", "theme": "Attentats de Bruxelles", "content": " Un an après, la Belgique se souvient. A Bruxelles, cette journée de mercredi a débuté par une minute de silence à l'aéroport Zaventem, en présence du roi Philippe et de la reine Mathilde,  des pires attentats de son histoire, qui ont fait 32 morts et plus de 320 blessés le 22 mars 2016. C'est à 7h58, ce jour-là, qu'Ibrahim , djihadistes affiliés au groupe Etat islamique (EI), avaient déclenché leur charge explosive dans le hall des départs, tuant 16 personnes. Les commémorations ont continué près de la station de métro Maelbeek, où s'était produite la seconde attaque suicide, qui avait également fait 16 morts. Une sculpture monumentale en hommageL'ensemble du réseau des transports en commun bruxellois s'est alors arrêté et les conducteurs ont actionné leur klaxon. A la station de métro Pétillon, d'où était parti le kamikaze, la sirène de fermeture des portes du métro à retenti pendant une minute. Dans le même temps, la célèbre statue de Manneken Pis a été habillé d'un nouveau costume de pompier bruxellois.  Le couple royal, les représentants de l'Etat fédéral et des régions belges, ainsi que les présidents de la Commission, du Parlement et du Conseil européens, Jean-Claude Juncker, Antonio Tajani et Donald Tusk, ont ensuite inauguré une sculpture monumentale en hommage aux victimes de tous les attentats, à deux pas du siège de la Commission européenne.  "}