{"id_art": "abbc8c0ce4900b694bcc56b4a21fed16", "title": "<< Le vote protestataire, c'est deux tiersde son electorat >> ", "newspaper": "lesoir", "author": [], "date_publi": [], "content": " << Le vote protestataire, c'est deux tiersde son electorat >> William Bourton Selon Christophe Barbier, Marine Le Pen est persuadee qu'elle sera face a la droite au second tour. Raison pour laquelle son programme possede des accents de gauche...Le FN de Marine Le Pen n'a-t-il vraiment plus rien a voir avec le parti de son pere ?(c) Rossel & Cie - 2018 -- Conditions generales de ventes -- Droits de reproduction -- Protection de la vie privee - droit a l'oubli ", "theme": "archive"}