{"id_art": "f4a9196b74e52455ff130c22348739c8", "title": "droits de l'homme Une repression brutale ", "newspaper": "lesoir", "author": [], "date_publi": [], "content": " droits de l'homme Une repression brutale Philippe Regnier Ivan Surkos, chef de la delegation de l'UE au Caire. Le Cairede notre envoye specialLe dialogue politique engage par l'UE avec l'Egypte porte << aussi sur la democratie et les droits de l'homme : c'est essentiel dans notre approche, souligne Ivan Surkos, le chef de la Delegation de l'UE au Caire. Ce n'est parfois pas facile. Nos points de vue divergent. >> Les accords d'association conclus par l'UE avec des pays tiers contiennent une clause sur le respect des droits de l'homme, menace de sanctions a la cle. L'explosion du << Printemps arabe >> confirmait que cette clause ne s'etait pas revelee tres effective...(c) Rossel & Cie - 2018 -- Conditions generales de ventes -- Droits de reproduction -- Protection de la vie privee - droit a l'oubli ", "theme": "archive"}