{"id_art": "8384d364466190c59354c841239f9223", "title": "Londres cherche des reponses ", "newspaper": "lesoir", "author": [""], "date_publi": ["2017-03-24"], "content": " Londres cherche des reponses Ludivine Ponciau L'attentat de Londres confirme le nouveau mode operatoire de Daesh.Surprendre, frapper n'importe ou avec n'importe quel moyen.Ce jeudi au Royaume-Uni, au lendemain de l'attentat commis par Khalid Masood, c'etait le temps du recueillement. Mais aussi de l'enquete: huit personnes soupconnees de preparer des actes terroristes ont ete arretees a Birmingham et a Londres. Moins de 24 heures apres les attentats qui ont endeuille les Britanniques, l'Etat islamique confirmait les soupcons a son egard. Via son agence de propagande Amaq, l'organisation terroriste a indique jeudi que l'auteur de l'attaque sur le pont de Westminster et en face du Parlement << est un soldat de l'EI et l'operation a ete menee en reponse a l'appel a frapper les pays de la coalition >> internationale.Que nous apprend l'attentat londonien ? Que l'Europe est une nouvelle fois confrontee a un probleme d'anticipation face a une organisation criminelle capable de la surprendre par la multiplicite de ses modus operandi et la maitrise des outils de communication qu'elle utilise pour faire transiter a la fois sa propagande haineuse et ses instructions.(c) Rossel & Cie - 2018 -- Conditions generales de ventes -- Droits de reproduction -- Protection de la vie privee - droit a l'oubli ", "theme": "archive"}