{"id_art": "cf86c15c98217bcf4f7ca63c6796f619", "title": "La decheancede nationalite ", "newspaper": "lesoir", "author": [""], "date_publi": ["2017-04-22"], "content": " Un arsenal disparate La decheancede nationaliteLa decheancede nationaliteCette proposition a fait l'objet d'un debat houleux entre les differents protagonistes ces derniers mois sur le front de l'antiterrorisme.Mettre en place la decheance de nationalite des terroristes djihadistes - theme dont on se souvient qu'il avait dechire les rangs socialistes ces deux dernieres annees - pour tout binational lie a une filiere djihadiste figure texto dans le programme du Front national.Quant a Francois Fillon, qui s'est fendu d'un livre en 2016 (Vaincre le totalitarisme islamique), il propose de retirer la nationalite aux Francais partis en Syrie et en Irak.Emmanuel Macron (En Marche !), sur cette question, n'a jamais vraiment exprime de positionnement clair sur la question. Les experts considerent generalement que ce mutisme vaut prise de distance avec le projet de loi presente par Manuel Valls l'an dernier et qui avait tant fait polemique.(c) Rossel & Cie - 2018 -- Conditions generales de ventes -- Droits de reproduction -- Protection de la vie privee - droit a l'oubli ", "theme": "archive"}