{"id_art": "43b129b6689143592020cfa76adf7de5", "title": "Bagagiste de Charleroisous mandat d'arret ", "newspaper": "lesoir", "author": [], "date_publi": [], "content": " Bagagiste de Charleroisous mandat d'arretBagagiste de Charleroisous mandat d'arretUn bagagiste et delegue syndical du Brussels South Charleroi Airport (BSCA) a ete place sous mandat d'arret le 17 novembre pour incitation a commettre un attentat terroriste, harcelement et discrimination a l'embauche. A la suite d'emeutes qui ont eu lieu il y a quelques mois a Berchem-Sainte-Agathe, il avait ecrit sur internet qu'il fallait << tuer les policiers >> et << faire sauter les commissariats >>. Un deuxieme delegue a ete inculpe mais laisse en liberte. L'affaire a aussitot ete mise a l'instruction pour incitation a la commission d'actes terroristes et des ecoutes telephoniques ont ete orchestrees. Celles-ci ont permis de decouvrir d'autres infractions. L'individu aurait exerce des pressions sur d'autres membres du personnel pour favoriser l'engagement de << non-Belges >>. (b)(c) Rossel & Cie - 2018 -- Conditions generales de ventes -- Droits de reproduction -- Protection de la vie privee - droit a l'oubli ", "theme": "archive"}