{"id_art": "89622c1d0292fbdfd0c1d08b2d0ce2e6", "title": "Les chretiens coptes restent la cible des djihadistes ", "newspaper": "lesoir", "author": [""], "date_publi": ["2017-04-10"], "content": " Les chretiens coptes restent la cible des djihadistes Les attaques surviennent a l'approche d'une visite du pape Francois dans la region.Elles ont ete revendiquees par Daesh - le groupe Etat islamique.Le president Al-Sissi a decrete l'etat d'urgence pour trois mois.L'interieur de l'eglise Mar Girgis (Saint-Georges) de Tanta, une grande ville situee a une centaine de km du Caire dans le delta du Nil. La foule etait presente pour la celebration des Rameaux. LE CAIREDE NOTRE CORRESPONDANTBras dessus bras dessous, le regard alourdi par les larmes, des femmes vetues de noir longent des ruelles etroites de Tanta, la grande ville du Delta du Nil, dans le gouvernorat egyptien de Gharbiya. Toutes convergent vers l'eglise Saint-Georges, frappee dimanche matin par une explosion qui a fait 29 morts et 78 blesses, selon le ministere de la Sante egyptien. Plus tard dans la journee, une attaque pres de l'eglise Saint-Marc d'Alexandrie a fait, quant a elle, 17 morts et 48 blesses, juste apres que le pape copte orthodoxe Tawadros II ait quitte les lieux.Un carnage a quelques jours de la visite officielle du pape Francois au Caire, prevue pour les 28 et 29 avril. << Un pape de paix dans une Egypte de paix >>, affiche la campagne de promotion lancee par l'Eglise copte catholique, la visite etant placee notamment sous le signe de la lutte conjointe contre l'extremisme et le terrorisme.(c) Rossel & Cie - 2018 -- Conditions generales de ventes -- Droits de reproduction -- Protection de la vie privee - droit a l'oubli ", "theme": "archive"}