{"id_art": "4007298b3bec30fd3d2bfa28e6f9e656", "title": "World Press Photo: l'ambassade de Russie a Ankara condamne le choix du jury ", "newspaper": "lesoir", "author": [], "date_publi": [], "content": " World Press Photo: l'ambassade de Russie a Ankara condamne le choix du jury L'ambassade russe a Ankara a condamne mardi la decision du World Press Photo de recompenser la photographie montrant l'assassin de son ambassadeur se tenant debout pres du corps de sa victime. Dans un message publie sur sa page Facebook, l'ambassade s'est elevee contre une decision << demoralisante >>, estimant qu'elle traduisait une << decheance complete de l'ethique et des valeurs morales >>. Faire << la propagande de l'horreur du terrorisme est inacceptable >>, a-t-elle ajoute.La photographie, prise le 19 decembre par Burhan Ozbilici, de l'agence Associated Press (AP), montre le policier turc de 22 ans alors qu'il venait de tuer de neuf balles l'ambassadeur de Russie a Ankara Andrei Karlov, lors de l'inauguration d'une exposition. On y voit l'assassin, Mevlut Mert Altintas, doigt en l'air, une arme a la main, son visage montrant la colere. (c) Rossel & Cie - 2018 Conditions generales de vente - Droits de reproduction - Protection de la vie privee - Droit a l'oubli ", "theme": "archive"}