{"id_art": "df68d88b6045330b8a2f1e3ca0a2b5c0", "title": "Cheremet, un possible crime d'Etat ", "newspaper": "lesoir", "author": [""], "date_publi": ["2017-05-12"], "content": " Cheremet, un possible crime d'Etat Stephane Siohan Des journalistes independants ont mene une enquete explosive. L'assassinat de Pavel Cheremet en juillet 2016 pourrait etre lie aux services secrets.Hommage a Pavel Cheremet lors de ses funerailles, le 22 juillet dernier a Kiev: un assassinat qui pourrait remonter jusqu'aux services de securite ukrainiens. DE NOTRE CORRESPONDANTUne nouvelle fois, la societe civile ukrainienne a pris de vitesse les autorites dans un dossier extremement sensible. Mercredi, << Slidtsvo >>, un collectif de journalistes, a diffuse un film coup-de-poing qui revele les errements de l'enquete officielle sur la mort de Pavel Cheremet, un celebre journaliste tue le 20 juillet 2016 a Kiev dans un attentat a la voiture piegee. Plus grave : les images revelent l'implication d'un agent des services secrets ukrainiens dans l'operation.L'ete dernier, l'assassinat de Cheremet avait glace un grand nombre d'Ukrainiens. C'est la premiere fois depuis les annees 1990 qu'un attentat se deroulait en plein Kiev. Le 20 juillet, Pavel Cherement se rendait comme a son habitude animer sa tranche d'information quotidienne sur une radio populaire, il traversait un boulevard du centre de Kiev, proche de l'opera, quand une charge placee sous le siege conducteur souffla litteralement sa Subaru rouge cerise.(c) Rossel & Cie - 2018 -- Conditions generales de ventes -- Droits de reproduction -- Protection de la vie privee - droit a l'oubli ", "theme": "archive"}