{"id_art": "bad8bbe9e9d7554752b5538084a0ad12", "title": "Isabel de Saint Malo: <<Nous voulons plus de transparence fiscale>> ", "newspaper": "lesoir", "author": ["joel matriche"], "date_publi": ["2017-03-25"], "content": " Joel Matriche Panama Papers La cheffe de la diplomatie du Panama etait a Bruxelles. Operation seduction afin de convaincre des efforts de son pays en matiere de transparence et collaboration fiscales. Vice-presidente du Panama - un pays dont l'image fut durement ecornee par la publication, il y a pres d'un an, des Panama Papers -, Isabel de Saint Malo etait a Bruxelles jeudi et vendredi afin d'y rencontrer les autorites belges et europeennes. Elle a partage son agenda, ou a tout le moins une partie de celui-ci, avec Le Soir. Quel est le programme de ces deux journees de visites et de rencontres ? ", "theme": "archive"}