{"id_art": "e22ec59f92782912c4733b144b9cce74", "title": "Carte blanche: Daesh ou le cadeau empoisonne des revenants ", "newspaper": "lesoir", "author": [], "date_publi": [], "content": " Saliha Ben Ali, presidente de Save Belgium; Sebastien Boussois, chercheur en sciences politiques specialiste des questions euromediterraneennes, de terrorisme et radicalisation.Le declin du califat de L'EI ne doit pas occulter le retour potentiel de 3.000 djihadistes sur le vieux continent. Nos pays devront faire face a un reel danger si rien n'est fait pour les re-socialiser, voire les re-enraciner. Daesh est mort, vive Daesh ! Le lent poison ideologique qui irrigue desormais les veines de nombre de nos jeunes compatriotes et les neurones de leur cerveau est en train de se repandre dans nos societes aussi rapidement que la debacle finale de Daesh a ete rapide sur le sol syrien et irakien. Apres le drapeau noir pose sur le ciel syrien, c'est tout notre ciel qui est en train de s'assombrir devant l'inconnu et l'inquietude que suscitent dans l'opinion mais surtout chez les professionnels le retour de centaines de jeunes endoctrines par la machine infernale a de-penser de l'Etat islamique.Car avec la chute de Rakka, la capitale auto-proclamee de l'Etat islamique le 18 octobre dernier, et les derniers bastions en Irak fin novembre 2017, il est plus que probable que dans la tete de milliers de jeunes musulmans a la derive, un fort sentiment de frustration et de deception se soit empare de leur esprit. Ceux qui sont en train de rentrer auront vu de leurs propres yeux sur place les massacres, en esperant qu'ils soient suffisamment desillusionnes pour renoncer a leurs croyances. Les recruteurs et ceux qui ne sont pas partis continuent a fantasmer un projet qui n'est pas arrive au bout et pourrait une fois relance peut-etre y parvenir : rendre aux musulmans leur honneur parait-il bafoue.Le probleme plus profond est que l'Etat islamique qui a survecu trois ans, pourrait basculer dans le registre des grands mythes du monde arabo-musulman qui a tente de ressusciter. Et generer de nouvelles vocations de centaines de jeunes convaincus que c'est a nouveau un complot de l'Occident qui est venu a bout de ce projet infernal, mais qui etait tout de meme un projet qui a eu lieu dans le monde arabo-musulman, avec des defauts mais aussi des qualites, comme une claque infligee aux kouffars.Les soldats de l'armee du << Levant >> ne sont pas pres de se coucher et pourraient venir gonfler les rangs des cellules dormantes partout dans le monde. Si la plupart de ces jeunes de retour, pour ceux qui font le choix de revenir dans le pays, passeront par la case proces, puis prison, une question encore plus inquietante se pose dans le debat actuel qui dechire l'opinion en Belgique et en France. En effet, alors que des operations au Moyen-Orient, visant a eliminer les foreign terrorists fighters (FTF) avant qu'ils ne rentrent en Europe, ont lieu, quid de ceux qui vont croupir en prison au nom du droit et des droits de l'homme, passant par une prison qui ne reglera rien de leurs problemes ? En effet, lorsque l'on sait que 42.000 combattants etrangers ont rejoint les rangs de Daesh, 5.000 venaient d'Europe et une grande partie est en train de revenir comme une armee de morts-vivants lobotomises. On evoque tout de meme le retour potentiel d'environ 3.000 djihadistes sur le vieux continent, potentiellement prets a semer la mort.Personne n'a de certitude qu'un repenti l'est bien. Personne dans le corps professionnel ne peut miser a 100 % sur le fait qu'un djihadiste << desengage >> ne recommencera plus. La prison n'est pas la solution a tout. Elle ne l'est en realite a rien, si ce n'est isoler provisoirement un individu de la societe pour le danger qu'il represente pour elle. Surtout quand on sait qu'entre 2011 et 2015, une grande partie des jeunes radicalises, entres en prison pour des faits mineurs de delinquance en Europe ou dans le sud de la Mediterranee, en sont ressortis endoctrines plus que jamais par des recruteurs, jamais partis la-bas faire leurs armes, mais excellents moteurs d'embrigadement local. Une grande partie sont partis directement combattre en Syrie a leur sortie. Qu'imagine-t-on, lorsque ces centaines de jeunes envoyes en prison apres proces, sortiront d'un monde carceral inadapte, sans programme profond de deradicalisation/ desengagement ni soutien a un nouveau projet de vie salvateur pour ces derniers ? On evoque dans certains pays l'idee de creer des structures intermediaires entre centres et prisons. En Norvege par exemple comme a Arrhus, on vide les prisons pour resocialiser au plus vite les jeunes endoctrines. Certains recruteurs << repentis >> en France et ayant purge leur peine ont ete embauches pour lutter desormais contre la radicalisation. Nous n'avons aucun recul a ce jour sur l'efficience d'un tel dispositif.Le dernier probleme fondamental que nos societes ne veulent pas anticiper est la resocialisation de tous ces jeunes coupes du monde, de la realite, de leurs ideaux et d'un futur pacifie. Sur quoi les reenraciner ? Quelles seront leurs nouvelles << racines >> ? Si rien n'est fait au plus vite pour prendre les devants, une fois encore en termes de prevention, en soutenant les actions de formation et de dialogue dans le monde des prisons, la honte de nos democraties lorsque l'on voit leur Etat et l'etat dans lequel les individus en ressortent, il faut craindre le pire pour nos societes qui auront rate le coche de l'inclusion. Cela signifie bien que l'on risque de voir germer une veritable armee de l'ombre, emmenee par des veterans de Daesh, au coeur meme de nos quartiers, qui ne feront que gonfler le mythe et mystifier l'existence furtive, de quoi nous inquieter pour plusieurs annees : risque d'attentats, implosion de la cohesion sociale, polarisation de nos societes et montees des tensions communautaires et religieuses radicalisees. De quoi assurer un bel avenir pour tous les manipulateurs de memoire et de cervelles, qui promettront a nos jeunes egares un avenir plus radieux, plus grand et plus puissant, que celui que nous sommes actuellement capables de leur offrir.Abonnez-vous maintenant et accedez a l'ensemble des contenus numeriques du Soir : les articles exclusifs, les dossiers, les archives, le journal numerique...(c) Rossel & Cie - 2018 -- Conditions generales de ventes -- Droits de reproduction -- Protection de la vie privee - droit a l'oubli ", "theme": "archive"}