{"id_art": "8524212aa24055bd2f101b45e6cfe046", "title": "Attentat dejoue en France: l'un des suspects faisait l'objet d'une enquete en Belgique ", "newspaper": "lesoir", "author": [], "date_publi": [], "content": " Attentat dejoue en France: l'un des suspects faisait l'objet d'une enquete en Belgique BELGA Le parquet federal confirme que Clement B. n'avait plus donne signe de vie en Belgique depuis fin 2015. L'un des deux suspects arretes mardi a Marseille et soupconnes de preparer un attentat <<imminent>> faisait deja l'objet d'une enquete en Belgique et etait signale pour audition, confirme le parquet federal mercredi. Clement B. n'avait plus donne signe de vie en Belgique depuis fin 2015.Le parquet federal belge precise que ses services, un juge d'instruction liegeois specialise en matiere de terrorisme et la police judiciaire federale de Liege ont activement collabore avec les autorites judiciaires francaises pour retrouver Clement B. Le procureur de Paris, Francois Molins, a affirme mardi soir que Clement B. avait des <<liens avec la mouvance djihadiste belge>>. Selon lui, l'individu de 23 ans et son comparse Mahiedine M. (29 ans), tous deux de nationalite francaise, se preparaient a proceder a << une action violente, de maniere imminente sur le territoire francais, sans qu'on puisse determiner avec precision le jour, la ou les cibles visee(s) >>. Des policiers ont saisi trois kilos de TATP, un explosif artisanal prise par les djihadistes, une grenade artisanale, plusieurs armes a feu, dont un pistolet-mitrailleur, des sacs de munitions et un drapeau de l'organisation Etat islamique (EI) dans l'appartement occupe par les deux hommes a Marseille.Les responsables de la securite de plusieurs candidats a la presidentielle avaient ete prevenus la semaine derniere de la dangerosite des deux hommes. (c) Rossel & Cie - 2018 Conditions generales de vente - Droits de reproduction - Protection de la vie privee - Droit a l'oubli ", "theme": "archive"}