{"id_art": "eb5ca15f21567583d4f9bd95f73507ad", "title": "<<Une abstention forte favoriserait Fillon>> ", "newspaper": "lesoir", "author": ["corentin di"], "date_publi": ["2017-04-22"], "content": " Corentin Di Prima Celine Braconnier est directrice de Sciences Po Saint-Germain-en-Laye et specialiste de l'astention. Pour elle, la configuration electorale est en elle-meme mobilisatrice. Les sondages annoncent une abstention record dimanche. La peur d'un attentat est-elle de nature a l'accentuer ou a l'inverse a susciter un mouvement vers les urnes ? Nous avons pose la question a Celine Braconnier dirige Sciences Po Saint-Germain-en-Laye. Specialiste de l'abstention, elle a notamment publie La democratie de l'abstention. Aux origines de la demobilisation electorale en milieux populaires (avec Jean-Yves Dormagen, 2007, Gallimard). Un attentat est survenu dans les tout derniers jours avant le scrutin, que l'on sait determinants pour la large frange de Francais indecis quant a leur vote. L'idee qu'il est risque d'aller voter, comme on a vu certains lieux desertes apres d'autres attentats, peut-elle produire un effet electoral determinant ? ", "theme": "archive"}