{"id_art": "a4728c19a55248f7ce4707136c6381ee", "title": "Presidentielle francaise: ce qu'en pensent les enfants (infographies) ", "newspaper": "lesoir", "author": [], "date_publi": [], "content": " Presidentielle francaise: ce qu'en pensent les enfants (infographies) Les plus jeunes suivent la vie politique francaise et la campagne des candidats pour la prochaine election.(c)Pierre-Yves Thienpont Au total 502 enfants, ages de 6 a 12 ans, ont ete interroges au sujet de la prochaine election presidentielle lors d'un sondage Ipsos realise entre le 7 et le 14 fevrier dernier et publie ce lundi par Le Parisien . Apres l'analyse des resultats, on s'apercoit que nos cheres tetes blondes ont des avis bien tranches sur la question.Plus de quatre enfants sur cinq, 80 % des 6-9 ans et 95 % des 10-12 ans, declarent etre a jour sur les evenements de l'actuelle campagne electorale. Globalement, 27 % de ses enfants interroges estiment etre interesses par la politique, contre 73 %.67 % des enfants souhaiteraient avoir la possibilite de voter a la prochaine election au premier tour le 23 avril et au second le 7 mai prochain. Ils sont 68 % a indiquer qu'ils se deplaceraient aux urnes s'ils le pouvaient.Des petits conscients de l'impact de l'election puisque 93 % d'entre eux estiment que c'est << un moment tres important pour le pays >>. Sur les 502 interroges, a 90 % considerent qu'aller voter, << c'est agir pour l'avenir de la France >>. D'ailleurs, l'election du president de la Republique est un << droit essentiel >> pour 88 % des enfants interroges.C'est en tout cas ce que pense une majorite des jeunes. 65 % ont repondu : << montrer le bon exemple dans tous les domaines >>, lorsqu'on leur demande quelles sont les qualites les plus importantes pour etre un bon president. Une proposition suivie de pres par, << l'ecoute des autres >> (54 %).En plus d'etre au fait concernant la campagne, les 502 enfants ont aussi leur mot a dire concernant les principales priorites du president. Pour 52 % d'entre eux, la << lutte contre le terrorisme >> est ce qu'il y a de plus urgent. On retrouve ensuite << l'amelioration de la situation des gens pauvres ou sans domicile fixe >> (39 %), ex aequo avec la << protection de la nature >>.Dans l'ensemble, les enfants savent qui est le president Francais. 90 % savent qu'il s'agit bien de Francois Hollande. Cependant, 2 % lui trouve ont trouve un surnom pour pouvoir s'en rappeler. Cela varie donc entre << un monsieur avec des lunettes >>, << Monsieur Patate >>, << Francois Marcosi >> ou encore... de << Fillon >>. (c) Rossel & Cie - 2018 Conditions generales de vente - Droits de reproduction - Protection de la vie privee - Droit a l'oubli ", "theme": "archive"}