{"id_art": "1a0f4e73d82efdd1f8564d19d6c152bd", "title": "Dormezen paix,braves Belges ! ", "newspaper": "lesoir", "author": ["eric deffet"], "date_publi": ["2017-05-15"], "content": "en paix,braves Belges ! Eric Deffet Autrefois dans les grandes villes, le guetteur rassurait la populace : << Il est minuit, dormez en paix, braves gens ! >> De maniere moins lyrique, c'est aussi le message porte par Charles Michel et son gouvernement qui ont consacre leur dimanche a valider 28 mesures en matiere de securite, de justice et de defense.Un panel tres large qui va de la lutte contre le terrorisme a la prevention de l'alcool au volant. Tous les ministres sont concernes, depuis Willy Borsus pour la repression des vols a l'etalage jusqu'a Alexander De Croo avec la prevention de la cybercriminalite, qui s'est imposee dans l'actualite. On ratisse large ? Oui, pas de doute.Le gouvernement federal est indeniablement dans son role quand il se soucie de la securite de la population. Plus encore quand pesent toujours dans de nombreux esprits le souvenir des attentats de mars 2016 et la peur endemique qui s'est installee chez de nombreux concitoyens.(c) Rossel & Cie - 2018 -- Conditions generales de ventes -- Droits de reproduction -- Protection de la vie privee - droit a l'oubli ", "theme": "archive"}