{"id_art": "b0c1d99d5f3c579d9a7bcf3e281dcbde", "title": "Francois Hollande a Molenbeek pour l'expo des <<Cartoonistes de la Paix>> ", "newspaper": "lesoir", "author": [], "date_publi": [], "content": "L'ancien president francais s'y est notamment rendu avec le Premier ministre Charles Michel. L'ancien president francais Francois Hollande et le Premier ministre Charles Michel ont visite lundi matin l'exposition <<Traits d'union - le vivre ensemble en dessins de presse>> au Chateau du Karreveld a Molenbeek-Saint-Jean. Ouverte ce samedi, elle montre 80 dessins sur le theme du vivre ensemble et de la liberte d'expression, selectionnes par l'association Cartooning for Peace et des jeunes de l'atelier cine-photos de la Maison des Cultures de Molenbeek. Bonne initiative, mais ils esperent quoi? C'est dans le meme genre que les chansons, bougies et fleurs apres les attentats. La population n'est pas dupe, eux ils savent qu'on se trouve dans une spirale irreversible. Presque toute la population est au courant, sauf nos bobos gauchos,, sauf nos politiciens et sauf leurs media qui se retrouvent dans leur bac a sable. Une commune de la Region Bruxelloise qui a toute l'attention et modele du vivre ensemble et de l'integration reussie dans l'UE. ", "theme": "archive"}