{"id_art": "a1fb06c7e364120b22abc3cad1468d06", "title": "France: quatre membres d'une famille mis en examen pour terrorisme ", "newspaper": "lesoir", "author": [], "date_publi": [], "content": " France: quatre membres d'une famille mis en examen pour terrorisme Quatre suspects ages de 15 a 22 ans, issus d'une meme famille, ont ete inculpes pour terrorisme par la justice francaise apres la decouverte de produits pouvant entrer dans la composition d'explosifs, a-t-on appris lundi de source judiciaire. Ces quatre jeunes hommes, deux freres et deux cousins, ont ete mis en examen a Paris pour << association de malfaiteurs terroriste >>, a precise cette source.Trois d'entre eux avait ete arretes la semaine derniere par les policiers des services de renseignements interieurs (DGSI) avant d'etre places en garde a vue. Ils ont ete ecroues. Le quatrieme, age de 22 ans, a ete extrait de prison ou il est en detention provisoire dans une affaire de filiere djihadiste. Les suspects etaient connus des services specialises en raison de leur environnement familial djihadiste. (c) Rossel & Cie - 2018 Conditions generales de vente - Droits de reproduction - Protection de la vie privee - Droit a l'oubli ", "theme": "archive"}