{"id_art": "c9cebd7916045c32bfa30af2d83ec10f", "title": "Theresa May lie la securite a l'accord commercial ", "newspaper": "lesoir", "author": [], "date_publi": [], "content": " Theresa May lie la securite a l'accord commercial La Premiere ministre veut conclure le Brexit et le futur accord en 2 ans.La presse britannique accuse Theresa Mayde faire du chantagea la securite.<<C'est maintenant le moment pour nous de nous rassembler et de travailler au meilleur accord possible>>, a martele Theresa May devant le Parlement de Westminster, en parlant de <<moment historique>> et en assurant son auditoire que <<des jours meilleurs se profilent>>. Le compte a rebours a debute. Dans deux interventions largement convergentes, mais s'adressant a deux publics bien differents, la Premiere ministre britannique Theresa May a commence a devoiler ses vues pour sortir son pays de l'UE. Le decompte des deux ans prevus a ete lance par la remise au president du Conseil europeen Donald Tusk, de la lettre de notification officielle, mercredi a 13h.30. Dans une intervention a la Chambre des Communes au meme moment, celle qui a choisi de mener son pays hors de l'UE a donne quelques indications sur l'objectif qu'elle poursuivra et la maniere dont elle envisage la negociation avec l'UE27.(c) Rossel & Cie - 2018 -- Conditions generales de ventes -- Droits de reproduction -- Protection de la vie privee - droit a l'oubli ", "theme": "archive"}