{"id_art": "71ecdca891783cf57b18d92a51f73810", "title": "Macron a attire les electeurs les plus riches ", "newspaper": "lesoir", "author": [], "date_publi": [], "content": " Francois MathieuEmmanuel Macron ,Marine Le Pen ,Election presidentielle 2017 Plus d'un electeur sur trois ayant vote pour Macron gagne plus de 3.000 euros par mois. C'est l'un des nombreux points de l'etude IPSOS realisee par l'institut de sondage pour nos confreres du Monde et de France Televisions. << D es surprises ? Non, pas vraiment, mais c'est normal, je n'ai pas l'habitude de mettre l'accent sur notre travail, mais nous avions bien anticipe les choses >>, glisse malicieusement Brice Teinturier, directeur general d'Ipsos France, qui vient de livrer a nous confreres du Monde et de France Televisions une etude assez complete sur la sociologie de l'electeur francais. Realisee dans les trois jours qui ont precede le premier tour aupres d'un echantillon representatif de pres de 4700 personnes, l'etude d'Ipsos montre que les jeunes de moins de 30 ans ont surtout ete seduits par Melenchon. L'elite contre le peuple. Un peu facile. trente ans de socialisme et d'aides de l'Etat. Ceux qui sont en difficulte doivent aussi s'en prendre a eux-memes. A quoi servent les psys et autre centre de guidance. Justement a faire son chemin dans la vie. La \"manif pour tous\": La plupart sont des papistes. Il reste Agacinsky et la decroissance. Hier, journee mondiale de la parentalite en difficulte. Ce n'est plus mon probleme. Mais si je suis sollicitee, je bougerai. s'il en a la capacite Macron sera la re-incarnation de Frederic II de Hohenstaufen (du Saint Empire). C'est tout le bien qu'on lui souhaite. Roi de Jerusalem. Le pont de la rivere Kwai.Mondialisation contre demondialisation. Frederic II de Hohenstaufen, lui avait reussit a rassembler tout le monde; Macron en sera-t-il capable. C'est tout le bien que nous lui souhaitons. Evidemment ! Macron est le president des riches et des pauvres. Son but est de rendre les riches encore plus riches et de rendre les pauvres encore plus assistes afin qu'ils restent bien dans leur precarite et n'en sortent surtout pas. Et comment va t il financer tout ca ? en laminant la classe moyenne qu'il deteste. Ce type est une catastrophe ! Je precise tout de suite, non, je ne suis pas pour Le Pen. ", "theme": "archive"}