{"id_art": "f6369a821005dfd62695215b7f7accf5", "title": "<< En Coree, la logique veut que l'on s'arrete la >> ", "newspaper": "lesoir", "author": [], "date_publi": [], "content": " << En Coree, la logique veut que l'on s'arrete la >> William Bourton Pour Pascal Boniface, Donald Trump et Kim Jong-un n'ont aucun interet a en decoudre. Mais la tension profitePour Pascal Bonifacea l'industrie de l'armement americaine...Le 20 novembre dernier, Donald Trump replacait la Republique democratique populaire de Coree parmi les Etats soutenant le terrorisme. Le president americain entendait de la sorte augmenter un peu plus encore la pression exercee sur le regime communiste, afin que celui-ci mette fin a son programme nucleaire, et dissuader les pays tiers et autres entites financieres d'entretenir des relations avec lui. Une mesure qui venait ponctuer une annee sous haute tension entre Washington et Pyongyang.(c) Rossel & Cie - 2018 -- Conditions generales de ventes -- Droits de reproduction -- Protection de la vie privee - droit a l'oubli ", "theme": "archive"}