{"id_art": "24c714d02f0cc8387fe900095609a932", "title": "Presidentielle: les Francais ont notre sort entre leurs mains ", "newspaper": "lesoir", "author": [], "date_publi": [], "content": " Beatrice Delvaux Presidentielle 2017 L'edito de Beatrice Delvaux, editorialiste en chef, a la veille du premier tour de l'election presidentielle en France. Depuis des semaines, ce ne sont pas seulement les Francais, mais les Europeens qui sont suspendus aux soubresauts de la campagne electorale hexagonale. Avec, depuis quelques jours, comme une peur au ventre, une tres grosse angoisse en tout cas, liee au resultat de ce dimanche et au casting qui sortira d'urnes qui n'ont jamais ete aussi imprevisibles et sismiques.Car ce dimanche, les Francais n'ont pas que leur sort entre les mains, mais aussi le notre, celui de l'Europe, ce projet qui, de l'avis general, ne resisterait pas a un Frexit. Un acteur de tres haut niveau de la politique europeenne, que nous interrogions cette semaine sur la reaction envisageable en cas d'un deuxieme tour Le Pen - Melenchon - considere comme l'ascenseur automatique de l'Europe pour l'echafaud -, nous a fait cette reponse cynique : << Se tirer une balle dans la tete ? >> si les journaux belges se trompent, ils seront comme David Goffin devant Nadal. Pas brillant; Mais tout cela est dirige depuis leBbilderberg. La pauvrete est planifiee pour mener a la troisieme guerre mondiale. Un ventre qui a faim, des ambitions decues, couper les ailes aux bonnes volontes et oups le tour est joue: Les medias pour Macron. On a bien compris leur strategie. Plutot crever que d'avouer nos veritables motivations. Le plus gros risque. Etre portee devant un tribunal mondial pour pratique de la GPA en serie. Assimilable a un crime contre l'humanite. Traite d'enfant aussi grave que les LEBENSBORN. Je sais ce qui se passe dans les soi-disants plannings familiaux. Une boucherie a echelle humaine; Aucun doute que ce scrutin francais concerne tous les europeens. Peut-on esperer que les elites europeennes s'interrogent concretement sur le pourquoi de leur detestation qui se generalise. Pourquoi est-ce devenu tellement porteur pour un politique national de se declarer \"contre\" l'Europe. Sur onze candidats a la Presidence, huit rejettent le modele europeen. Franchement, on peut les comprendre, on peut nous comprendre : comment aimer un truc qui a tant perdu le contact avec nous. Ah ! Ces faiseurs d'opinons ? S'ils commencaient par faire honnetement un etat des lieux avant de jeter des anathemes a la figure de tous ceux et celles qui ne professent leurs dogmes ideologiques. Comment vont notre societe et notre monde ? A cote de progres materiels et sanitaires indiscutables dans nos societes industrialisees, qu'il serait sot de nier -les progres technologiques etant la chaque jour pour nous les prouver-, il faut admettre honnetement que leur prix a payer est bien lourd. A l'interieur meme de nos societes, les injustices pullulent, les riches deviennent de plus en plus riches et les pauvres de plus en plus pauvre, la pauvrete gagne du terrain, chaque hiver des milliers de sans abris meurent de froid dans la rue, les travailleur sont soumis a un managment de plus en plus deshumanisant et mortifere et vivent sous la menace du chomage (20 millions de chomeurs en UE), le materialisme phagocyte les esprits et domine toutes les autres valeurs, les jeunes n'ont plus les moyens de leurs projets, la pension est retardee jusqu'a epuisement de la vie. Notre prosperite materielle repose, a l'exterieur de notre cocon, sur l'exploitation incontrolee des ressources de la planete et la soif du gain pollue jusqu'a notre environnement, notre atmosphere, notre confort repose sur l'exploitation aussi des richesses et de la main d'oeuvre d'Afrique et d'Asie, nos dechets meme sont stockes dans ces pays du tiers monde et dans les oceans. Le tableau est edifiant. Et les questions suivantes surviennent tres logiquement : qui l'a dessine ce tableau ? Quels systemes politique, economique lui ont-ils donne ces couleurs biens sombres ? N'en deplaise a Madame Delvaux, les reponses m'apparaissent lumineuses. Fondamentalement, il s'agit du systeme economique qui a mis comme moteur principal, si pas unique, le profit individuel au coeur de l'action economique. C'est un moteur puissant, evidemment, lorsqu'il est alimente par la seule perspective du profit individuel. Mais c'est la son drame : pour se satisfaire pleinement, il en vient a s'alimenter du bien-etre des autres. C'est le \"je\" contre le \"nous\" et le \"je\" dans ce systeme est toujours le plus fort. Sans doute des politiciens genereux ont tente, a l'interieur meme de ce systeme, de penser aussi un peu au \"nous\" et de veiller a repondre aux besoins de chacun. La social-democratie a tente de colorer le tableau, mais les resultats sont la aujourd'hui, desesperants. Je viens de les decrire. La social-democratie a echoue parce que, comble du reniement, ceux qui devaient \"renverser la vapeur\" -les Hollande, les Di Rupo hier, les Macron peut-etre demain - ont oublie et oublient que la liberte d'entreprendre, c'est surtout dans les faits la liberte de se servir des autres et du monde. Quand le politique oublie cette verite et qu'il professe la liberte ainsi concue, il nourrit immanquablement l'injustice et l'exploitation. Macron, le centre, est dans cette tradition, liberale. Alors, Madame Delvaux, avant de brandir la democratie -qui doit aller bien au-dela de la liberte d'expression, d'opinion, de mouvement- comme etendard francais et europeen, posez-vous la question de savoir qui defend le mieux la democratie : celui ou celle qui veille au bien-etre et a l'humanite de chacun ou celui ou celle qui favorise la liberte d'exploiter, les autres et le monde ? Peut-on les eux en meme temps ? La Belgique, la France, l'Europe nous en montrent aujourd'hui une bien decevante tentative, en tous cas ! ", "theme": "archive"}