{"id_art": "96742a75df11be808bc80cfac1fd575c", "title": "Hasni Abidi: <<Assad est pret a faire disparaitre la Syrie pour survivre>> ", "newspaper": "lesoir", "author": [""], "date_publi": ["2017-03-16"], "content": "Le politologue suisse Hasni Abidi evoque pour << Le Soir >> le sixieme anniversaire du conflit en Syrie. Assad est pour lui le premier responsable de la tragedie, mais d'autres acteurs, etrangers, n'echappent pas a sa critique. Hasni Abidi, directeur du Cermam (Centre d'etudes et de recherche sur le monde arabe et mediterraneen) a Geneve, a repondu a nos questions. A l'occasion des six ans du conflit en Syrie, vous avez evoque dans un tweet, << un soulevement pour la dignite confisque par un regime qui prefere sacrifier un pays et un peuple pour rester >>... ", "theme": "archive"}