{"id_art": "9e38417f9a5dd00a5ea2d79fcb2ac0da", "title": "Fin des arrestations immediates pour les peines de moins de 3 ans ", "newspaper": "lesoir", "author": [""], "date_publi": ["2018-01-26"], "content": " Fin des arrestations immediates pour les peines de moins de 3 ans Laurence Wauters La loi modifiant les conditions liees a l'arrestation immediate entre en vigueur cette semaine.Elle ne permet plus au juge de la prononcer lorsque la peine est inferieure a trois ans ferme. Toutefois, la nouvelle loi ne presente pas que des avantages.Environ un detenu sur dix en preventive est un condamne non definitif en raison de l'application de l'arrestation immediate, et ceci souvent parce qu'il a fait defaut a son proces. La nouvelle loi veut remedier a cela. photo news.Denonce par les enfants de sa compagne, qui avaient pretexte une visite a la piscine pour se rendre au commissariat, un trentenaire d'Oupeye, en region liegeoise, avait zappe son proces pour coups et blessures sur les petits et leur maman. Son absence a l'audience avait ete appreciee par le tribunal correctionnel de Liege comme etant un << manque de prise de conscience de la gravite des faits >>. Vu l'extreme violence des coups portes et leur caractere repete, le trentenaire avait ecope de deux ans de prison ferme ; le parquet avait sollicite son arrestation immediate << car il y a des risques qu'il tente de se soustraire a l'execution de sa peine >>. C'est entre deux policiers, apres un court passage a Lantin, qu'il etait revenu comparaitre sur opposition, ou il a ecope la semaine derniere de la meme peine, mais accompagnee d'un sursis probatoire partiel.(c) Rossel & Cie - 2018 -- Conditions generales de ventes -- Droits de reproduction -- Protection de la vie privee - droit a l'oubli ", "theme": "archive"}