{"id_art": "16c3e866b7df252d28c3f59dc8913810", "title": "Des milliers de Suedois se reunissent, deux jours apres l'attentat de Stockholm ", "newspaper": "lesoir", "author": [], "date_publi": [], "content": " Des milliers de Suedois se reunissent, deux jours apres l'attentat de Stockholm L'attaque au camion belier a fait au moins quatre morts. Des milliers de Suedois vont se reunir pour marquer leur cohesion face au terrorisme dimanche, deux jours apres l'attentat sanglant au camion belier de Stockholm, sur laquelle l'enquete se poursuit. Bouleverses par l'attaque, qui a fait quatre morts et dont l'auteur presume est un Ouzbek de 39 ans place en garde a vue, les Stockholmois ont sonne la mobilisation sur Facebook en organisant une <<manifestation pour l'amour>> a partir de 14h pres des lieux du drame.La Suede essaie donc de se relever, apres cet <<acte terroriste>>, comme le qualifient les autorites, dont on ignore toujours le mobile. Le mode operatoire, toutefois, rappelle fortement celui des attentats de Nice (sud-est de la France), Berlin et Londres, revendiques par le groupe Etat islamique (EI).Un Ouzbek de 39 ans, dont la police n'a pas divulgue le nom, est soupconne d'etre l'homme qui a fonce sur la foule, au volant d'un camion vole, sur plusieurs centaines de metres, a Drottninggatan, la rue pietonne la plus frequentee de la capitale suedoise. Les drapeaux ont ete mis en berne sur les batiments publics. Le Premier ministre Stefan Lofven, qui a decide un renforcement des controles aux frontieres, a annonce une ceremonie d'hommage et une minute de silence en l'honneur des victimes lundi a midi. (c) Rossel & Cie - 2018 Conditions generales de vente - Droits de reproduction - Protection de la vie privee - Droit a l'oubli ", "theme": "archive"}