{"id_art": "a5005a25ae1bc804927b59e02769db3d", "title": "Attentat de Londres: les enqueteurs ont WhatsApp dans le collimateur ", "newspaper": "lesoir", "author": [], "date_publi": [], "content": " Attentat de Londres: les enqueteurs ont WhatsApp dans le collimateur L'assaillant a utilise le service de messagerie securisee juste avant l'attaque. Quatre jours apres l'attentat au Parlement de Londres, les enqueteurs cherchaient toujours dimanche de possibles complicites, la ministre de l'Interieur appelant les services de messagerie securisee comme WhatsApp a collaborer avec les autorites pour ne pas fournir de << cachette aux terroristes >>.La ministre britannique de l'Interieur Amber Rudd a juge << totalement inacceptable >>, dimanche sur la BBC, le fait que des communications entre suspects d'actes de terrorisme puissent echapper aux services de renseignement parce qu'elles sont encryptees.La ministre a confirme sur Sky News que Khalil Masood, le Britannique de 52 ans converti a l'islam qui a tue mercredi trois personnes en les fauchant avec sa voiture sur le pont de Westminster avant de poignarder a mort un policier devant le parlement, a utilise le service de messagerie securisee WhatsApp, propriete de Facebook, juste avant l'attaque.<< Nous devons nous assurer que les entreprises comme WhatsApp -et il y en a beaucoup d'autres comme celle-la- ne fournissent pas de cachette secrete ou les terroristes peuvent communiquer entre eux >>, a-t-elle dit dans l'emission politique de la BBC.<< Nous devons nous assurer que nos services de renseignement ont la capacite d'acceder a des echanges comme ceux encryptes sur WhatsApp >>, a-t-elle fait valoir, annoncant rencontrer jeudi plusieurs responsables d'entreprises competentes dans ce domaine, sans les nommer, pour les convaincre de collaborer avec les autorites. (c) Rossel & Cie - 2018 Conditions generales de vente - Droits de reproduction - Protection de la vie privee - Droit a l'oubli ", "theme": "archive"}