{"id_art": "98edb914476cca70fa48fc5367684b5c", "title": "France: dialogue de sourds entre Macron et Erdogan ", "newspaper": "lesoir", "author": [], "date_publi": [], "content": " Joelle Meskens Emmanuel Macron a longuement recu le president turc. Mais les deux hommes ont surtout acte leurs desaccords. Sur le processus d'adhesion a l'Europe et sur les droits de l'homme, notamment. Depuis Paris La visite, la premiere du president turc en France depuis le coup d'Etat manque de juillet 2016, etait sous pression. Des avant l'arrivee de Recep Tayyip Erdogan vendredi midi a l'Elysee, des militants de Reporters sans frontieres, brandissant des portraits de journalistes emprisonnes, avaient manifeste devant l'ambassade parisienne pour exiger leur liberation.Mais Emmanuel Macron n'a pas voulu renoncer a son tete a tete, suivi d'un dejeuner, avec le president turc. L'entretien a meme dure beaucoup plus longtemps que prevu, au point que les deux hommes se sont presentes a la presse avec une heure et demie de retard ! Qu'il reste bien la ou il est. ", "theme": "archive"}