{"id_art": "f63238abf71700106d86658657697266", "title": "Pourquoi les Soudanais desirent tant quitter un regime repressif ", "newspaper": "lesoir", "author": [], "date_publi": [], "content": " Pourquoi les Soudanais desirent tant quitter un regime repressif Colette BraeckmanManifestation de journalistes soudanais contre la fermeture de leur quotidien, a Khartoum: des libertes souvent reduites a leur plus simple MORWAN ALI/EPA.Les Etats-Unis ont fini par lever les sanctions imposees au Soudan, le president Omar el-Bechir, defiant les mandats d'arret emis par la Cour penale internationale, voyage sans probleme en Afrique, le regime de Khartoum, qui subit a la fois la crise economique et les pressions internationales, est credite d'avoir lache un peu de lest et l'un des chefs de ses services de securite, qui represente son pays a l'Union europeenne, a ete charge de diriger l'equipe qui a identifie les migrants soudanais arretes en Belgique.(c) Rossel & Cie - 2018 -- Conditions generales de ventes -- Droits de reproduction -- Protection de la vie privee - droit a l'oubli ", "theme": "archive"}