{"id_art": "2b545f512820c9f0f350edaa603bc0e6", "title": "Attaque au camion belier a Stockholm: liberation du deuxieme suspect ", "newspaper": "lesoir", "author": [""], "date_publi": ["2017-04-25"], "content": " La deuxieme personne placee en garde a vue dimanche dans l'enquete sur l'attentat au camion belier le 7 avril a Stockholm, a ete liberee mardi et n'est plus suspecte, ont indique les procureurs en charge du dossier.<<La personne en question n'est plus un suspect>>, ont-ils indique, sans donner de details supplementaires.L'attentat avait fait quatre morts, deux Suedoises, un Britannique et une Belge, fauches sur la rue pietonne la plus frequentee de la capitale suedoise. Il n'a pas ete revendique.Un Ouzbek de 39 ans, Rakhmat Akilov, a avoue avoir ete le chauffeur du camion vole qui a fonce dans la foule ce jour-la, mais les enqueteurs continuent a chercher d'eventuels complices.", "theme": "archive"}