{"id_art": "83f291deaa3451bd5b7758617ea33457", "title": "<< Il est hors de questionde rentrer dans le moule >> ", "newspaper": "lesoir", "author": ["nicolas crousse"], "date_publi": ["2017-03-24"], "content": " << Il est hors de questionde rentrer dans le moule >> Nicolas Crousse Le droopy trash revient sur scene, un quinquennat apres son dernier spectacle.Dans son nouveau one-man-show, la campagne presidentielle francaise sera largement abordee.<<Je ne suis pas necessairement bien dans mon epoque. Je pense qu'on regresse dans plein de domaines.>> Il aime les campagnes presidentielles, Stephane Guillon. Alors en ce moment, il ne boude pas son plaisir. Il faut dire que l'actualite francaise lui donne un solide coup de pouce. Retrait inattendu de Hollande, coups de theatre lors des primaires de la gauche (Valls battu) et de la droite (Sarkozy et Juppe battus), avenement d'une nouvelle generation de tenors (Macron et Hamon en tete), affaire Fillon... et ce n'est pas fini !En plein coeur de la campagne presidentielle francaise, Stephane Guillon debarque en Belgique, le 28 au Cirque royal, le 29 au Forum, avec un spectacle, << Certifie conforme >>, ou la revue de presse occupe une jolie place. Le droopy du PAF nous en parle.(c) Rossel & Cie - 2018 -- Conditions generales de ventes -- Droits de reproduction -- Protection de la vie privee - droit a l'oubli ", "theme": "archive"}