{"id_art": "72abf6c01077b355cc645187e40b4271", "title": "Bienvenue au Moscow Country Club, la datcha des Diables ", "newspaper": "lesoir", "author": [], "date_publi": [], "content": " Bienvenue au Moscow Country Club, la datcha des Diables Le QG des Diables se situe a Nakhabino, dans la banlieue verte de la capitale russe, a 35 km au nord-ouest du centre-ville. Un hotel au charme un peu desuet, dans une vaste propriete ou l'ancien president Boris Eltsine avait ses habitudes.De nos envoyes speciauxJanvier 2017. Le selectionneur Roberto Martinez, le Directeur technique national Chris Van Puyvelde et le team manager Piet Erauw arrivent au bout d'un periple de dix jours ou ils ont avale les kilometres entre Moscou, Saint-Petersbourg et Sotchi en visitant pas moins de 16 hotels susceptibles d'accueillir le camp de base de Diables durant la Coupe du monde. Au bas d'un document screenant les avantages et les inconvenients de chaque formule : une seule et meme unanimite aupres des trois interlocuteurs : le Moscow Country Club.<< Cet etablissement presente tous les avantages lies a un certain isolement sans etre in the middle of nowhere, explique Chris Van Puyvelde. On aurait par exemple pu se retrancher au QG du Lokotmotiv Moscou, ultra moderne et dote d'une petite infrastructure hoteliere, mais les joueurs auraient vite deperi car il n'y a rien a y faire en dehors du foot. >>(c) Rossel & Cie - 2018 -- Conditions generales de ventes -- Droits de reproduction -- Protection de la vie privee - droit a l'oubli ", "theme": "archive"}