{"id_art": "bbd25a2f9552892095854fd2b1a819b6", "title": "Des manifestations traduisent le malaise de la rue egyptienne ", "newspaper": "lesoir", "author": [], "date_publi": [], "content": " Baudouin Loos Dans de nombreuses villes d'Egypte, la population a exprime son mecontentement apres des reductions de subsides sur le pain. L'economie du pays va mal et le regime a bien du mal a trouver les remedes. Les nuages s'amoncellent au-dessus de la tete de l'ex-marechal Abdel-Fattah al-Sissi. Le << rais >>, celui en qui des millions d'Egyptiens avaient vu l'homme providentiel en 2013, ne sait plus a quel saint se vouer. Dans ce regime de fer ou les libertes acquises lors de la revolution de 2011 ressemblent a des souvenirs fletris, les conditions de vie de la population se deteriorent jour apres jour. Dernier episode en date : des manifestations - eparses mais nombreuses - dans diverses villes lundi et mardi apres une drastique reduction de la distribution de pain subventionne.", "theme": "archive"}