{"id_art": "c93766222299a18aa9450c9dbf7c723b", "title": "Securite maximale pour l'ouverture du Festival de Cannes ", "newspaper": "lesoir", "author": [""], "date_publi": ["2017-05-17"], "content": " AFPLa Croisette sous haute surveillance. Des forces de securite plus imposantes que jamais pour un defile de stars sans precedent. << Policiers, gendarmes, militaires, forces aeronavales, jamais il n'y a eu autant de moyens deployes pour la securite du festival >>, a detaille le prefet des Alpes-Maritimes Georges-Francois Leclerc, << c'est bien tout Cannes qui fera l'objet d'une securisation de tres haut niveau. >>D'imposantes jardinieres en beton pour dissuader toute attaque au vehicule belier, dix mois apres l'attentat de Nice qui a fait 86 morts, tireurs d'elite avec un oeil sur les lieux les plus sensibles, fouilles, dispositifs anti-drones. << Notre objectif est d'etre le moins genant possible pour que la fete reste la fete et la fete sera la fete >>, a precise le chef de la police dans les Alpes-Maritimes, Patrick Mairesse.", "theme": "archive"}