{"id_art": "f2721939c5d1bd23807e1e359a0de3c3", "title": "Une voiture fauche des passants a Melbourne: le geste du conducteur toujours inexplique ", "newspaper": "lesoir", "author": [], "date_publi": [], "content": " Par AFPL'automobiliste a invoque les << mauvais traitements a l'egard des musulmans >>. La police australienne tentait vendredi de comprendre l'attaque a la voiture belier commise la veille a Melbourne par un automobiliste qui a invoque les <<mauvais traitements a l'egard des musulmans>>, le gouvernement ecartant <<a ce stade>> la piste terroriste. Le Premier ministre Malcolm Turnbull a exhorte les habitants de la deuxieme ville australienne a reprendre le cours de leur vie, au lendemain de ce qu'il a presente comme un <<incident isole>>.Dix-neuf personnes, dont neuf etrangers, ont du etre hospitalisees apres que cet Australien d'origine afghane eut fonce deliberement avec sa voiture sur une foule de pietons dans un quartier du centre de Melbourne, encore plus frequente qu'a l'accoutumee en cette periode de fetes. Trois blesses demeurent dans un etat critique.Le conducteur de 32 ans, arrive en Australie comme refugie, a des antecedents de consommation de drogue et de problemes psychologiques, a indique Turnbull lors d'une conference de presse a Sydney. <<Je souligne, a ce stade, car les investigations se poursuivent (...) qu'il n'y a aucun lien connu avec des sujets politiques ou avec des groupes extremistes>>, a-t-il dit. <<On me dit qu'a ce stade aucun lien n'a ete identifie avec le terrorisme>>, a-t-il poursuivi, precisant que les enqueteurs travaillaient sur une somme d'elements. <<Rien ne doit etre ecarte>>. <<Il a dit (...) qu'il imputait ses actions a une perception de mauvais traitements a l'egard des musulmans>>, a indique le Premier ministre en citant la police.quelques regles de bonne conduite avant de reagir LOCATION DROME VAISON LA ROMAINE Location Tenerife - La Caleta CItytrip LUXEMBOURG VILLE (c) Rossel & Cie - 2018 Conditions generales de vente - Droits de reproduction - Protection de la vie privee - Droit a l'oubli ", "theme": "archive"}