{"id_art": "60ad9a46b584d61424e0b9f567e8072b", "title": "Le perilleux premier voyage de Trump a l'etranger ", "newspaper": "lesoir", "author": ["maurin picard"], "date_publi": ["2017-05-16"], "content": " Maurin Picard Le president des Etats-Unis aurait du inaugurer son mandat par une visite au Canada ou au Mexique. En lieu et place, il s'envolera en Arabie saoudite. Cent dix-neuf jours pour se jeter dans le grand bain : Donald Trump entame vendredi son premier voyage officiel a l'etranger, bien plus tardivement que n'importe lequel de ses predecesseurs, et en rompant avec les convenances en vigueur depuis l'ere de Jimmy Carter. Celles-ci imposaient traditionnellement au nouveau locataire de la Maison Blanche d'inaugurer son mandat par une visite de courtoisie a Ottawa, ou Mexico. Peu de presidents avaient deroge a la coutume, censee renforcer les liens transfrontaliers.", "theme": "archive"}