{"id_art": "8d45bec5dcfdbfb7a096cbc8cf2c01f0", "title": "Plus longue garde a vue ", "newspaper": "lesoir", "author": [""], "date_publi": ["2017-05-20"], "content": " Plus longue garde a vue La commission de revision de la Constitution de la Chambre a approuve vendredi l'allongement du delai de garde a vue. Les partis de la coalition suedoise ont vote en faveur de la proposition avec le soutien du CDH. Les socialistes et les ecologistes ont vote contre et, a l'heure actuelle, il parait tres probable que le texte ne disposera pas d'une majorite des deux tiers en seance pleniere. L'article 12 de la Constitution etablit a 24 heures le delai maximum dans lequel une personne peut-etre privee de liberte sans intervention d'un juge d'instruction. La proposition vise un allongement general a 48 heures et une exception pour le terrorisme, inscrite dans la Constitution, a 72 heures. (b)(c) Rossel & Cie - 2018 -- Conditions generales de ventes -- Droits de reproduction -- Protection de la vie privee - droit a l'oubli ", "theme": "archive"}