{"id_art": "faa54605f1f7851214a157039c0e5227", "title": "Les confessions d'une ecrivaine voyageuse,par Erika Fatland, invitee du Festival Passa Porta ", "newspaper": "lesoir", "author": [], "date_publi": [], "content": " Traduit du norvegien par Alex FouilletL'ecrivaine norvegienne a ecrit ce texte et l'a lu, le mercredi 22 a 20 h, en prelude au Festival Passa Porta, dans les locaux de l'organisation a Bruxelles. Elle va refaire cet exercice le jeudi 23 a Permeke a Anvers et le vendredi 24 a La Halte a Liege. En voici des extraits. ", "theme": "archive"}