{"id_art": "dfafcbe92fc8b9cf72c74b4f3aa09c9f", "title": "L'hommage du Dr Mukwege a son confrere assassine ", "newspaper": "lesoir", "author": [""], "date_publi": ["2017-04-20"], "content": " L'hommage du Dr Mukwege a son confrere assassine Colette BraeckmanLe Dr Mukwege a mene lui-meme le cortege d'hommage au Dr Byamungu. Conduit par le docteur Mukwege, un important cortege funeraire en provenance de l'hopital de Panzi a traverse, ce mercredi matin, toute la ville de Bukavu pour se rendre au siege du gouvernorat de la province du Sud-Kivu. Avant d'etre amene au Cercle sportif, le corps du docteur Gildo Byamungu est passe par la place Munzihirwa, du nom de l'eveque assassine en 1996, ou une foule nombreuse etait rassemblee.Par la suite, un memorandum a ete depose entre les mains des autorites, denoncant l'insecurite croissante dans la region. Les manifestants ont egalement exige une enquete approfondie sur les circonstances du deces du jeune medecin.Gynecologue obstetricien, le docteur Gildo Byamungu avait ete forme a l'hopital de Panzi par le Dr Mukwege. Par la suite, ce dernier l'avait aide a parachever sa formation a l'Universite d'Orleans en France.(c) Rossel & Cie - 2018 -- Conditions generales de ventes -- Droits de reproduction -- Protection de la vie privee - droit a l'oubli ", "theme": "archive"}