{"id_art": "076d792f2503f20f05a4845e65036e3e", "title": "About painting De la peinture, tout simplement ", "newspaper": "lesoir", "author": [], "date_publi": [], "content": " Daniele Gillemon Le S.M.A.K. fete les 85 ans de Gerhard Richter qui a mis la peinture au coeur d'un questionnement tres contemporain. Jusqu'au 18 fevrier au S.M.A.K. (Gand). Il y a eu autant d'expositions Gerhard Richter en Europe ces vingt dernieres annees qu'il y a de facettes a sa demarche. Londres, Paris, Berlin, Bonn... consacrerent tour a tour cette oeuvre unique et sans bavure, capable de proceder a une complete revolution sur elle-meme sans jamais renier ses debuts, poursuivant sa quete au contraire, innovant avec le temps et les moyens nouveaux. Chaque oeuvre du peintre allemand pose une question materielle, plastique, semantique, metaphysique et engendre une autre piece souvent totalement differente dans un chasse-croise que la mise en espace explicite.", "theme": "archive"}