{"id_art": "d93889f02b76c064bbe1c6078bdc505f", "title": "Regards de chercheurs sur le 22 mars ", "newspaper": "lesoir", "author": [], "date_publi": [], "content": " Par Nathalie Gobbe, ULB24 chercheurs de l'ULB se penchent sur la question << Comment vivons-nous un an apres les attentats de Bruxelles ? >> Comment vivons-nous un an apres les attentats de Bruxelles ? Pendant une semaine, des chercheurs de l'Universite libre de Bruxelles (ULB) partagent leurs analyses critiques dans notre dossier Carnets d'identites. Une mise en perspective scientifique, au-dela des on-dit et des apparences. << -Allo Jihane, tout va bien ? -Oui, ne t'inquiete surtout pas maman, tout va bien. -Il est temps que tu rentres a Beyrouth ! -Calme-toi maman... Je suis a Bruxelles, ca va... >> << -Allo Jihane, tout va bien ? -Oui, ne t'inquiete surtout pas maman, tout va bien. -Il est temps que tu rentres a Beyrouth ! On inscrira Nour au Lycee Francais ; et toi, tu trouveras surement un boulot. -Calme-toi maman tout va bien... Je suis a Bruxelles, ca va... >> C'etait il y a bientot un an, le 22 mars 2016.Jihane Sfeir se souvient de cette conversation avec sa mere : l'une a Bruxelles, l'autre a Beyrouth.<< Qu'ils agissent au Liban, en Europe ou ailleurs >>, souligne la chercheuse de l'Universite libre de Bruxelles (ULB), << l'objectif ultime des terroristes est de diviser, de monter les gens les uns contre les autres >>... Alors, comment vivons-nous un an apres les attentats de Bruxelles ? A partir de leurs travaux et de leurs expertises scientifiques, ils vont decoder la realite et demonter les prejuges autour de cinq grands chapitres : Face a nos peurs - lundi 20 mars La menace, c'est aujourd'hui le musulman : pourquoi cet amalgame? La reponse, c'est encore un an apres les attentats, des militaires ou des policiers en rue : avec quels effets? La voix des politiques - mardi 21 mars Migration, terrorisme, securite sont desormais associes dans les discours politiques : pourquoi et avec quelles consequences ? Chez nous et dans le monde ? Les musulmans pluriels - mercredi 22 mars Le musulman, ce serait l'autre ? Pourtant, il n'y a pas un mais des musulmans, differents les uns des autres. Alors, qui sont-ils ? Et comment les identites se (de)construisent-elles? Vivre-ensemble ou entre-soi ? - jeudi 23 mars Bruxelles, 1,2 millions d'habitants dont 44% d'origine etrangere. Comment ces Bruxellois vivent-ils l'ecole, le travail, la culture ou leur quartier ? Comment le vivre-ensemble ou l'entre-soi se traduisent-ils au quotidien ? Echos mediatiques - vendredi 24 mars Faits, stereotypes ou prejuges : qu'est-ce qui circule dans le presse et sur les reseaux sociaux ? Comment la parole mediatique se construit-elle et quelle place le discours de haine y tient-il aujourd'hui ?Quelle est la difference entre la science et les rumeurs, croyances ou opinions ?Reponse en moins de 3 minutes : decouvrez en video comment la science se construit, independante de tout interet politique, economique, financier... Mis en ligne le 7/03/2017 a 11:20 L'editorial d'Andrea Rea, professeur de sociologie. Face aux attentats terroristes, au djihadisme international, l'accroissement des reponses securitaires apaisera-t-il nos peurs ? L'enquete Noir, Jaune, Blues 2017 RTBF - Le Soir a revele l'ampleur des inquietudes des citoyens, du rejet de l'autre et de la faible confiance dans la capacite des dirigeants politiques a pouvoir ameliorer leur vie quotidienne. Comment repondre aux demandes des citoyens qui souhaitent simultanement plus d'ordre, de securite, mais aussi plus de protection et d'aide face aux bouleversements contemporains ? Depuis les attentats du 22 mars 2016 a Bruxelles, divers evenements internationaux font du repli une strategie pour repondre aux inquietudes des citoyens. Est-ce la seule maniere d'affronter l'incertitude de l'avenir ?Les citoyens voient leur existence se fragiliser et etre toujours plus exposee a l'incertitude du lendemainDans notre societe devenue << liquide >>, selon les termes de Zymunt Bauman, les citoyens voient leur existence se fragiliser et etre toujours plus exposee a l'incertitude du lendemain. La solidite du statut s'erode, les structures sociales s'effritent et la legitimite des institutions est remise en cause. La societe fabrique toujours plus de citoyens fragiles et la peur de l'autre s'approfondit. La recherche du lien communautaire, un lien fort construit autour d'une identite consideree comme homogene (l'identite nationale) semble une voie rassurante pour repondre aux inquietudes. La division sociale s'opere alors de plus en plus entre des personnes identifiees comme ayant des cultures differentes ; raisons pour lesquelles il faut fermer les frontieres, transformer la difference en ressemblance, se ressembler pour mieux se rassembler et affronter l'incertitude du lendemain. Ce repli, ce renforcement de l'entre-soi s'observe tant parmi ceux qui se qualifient de << peuple legitime >>, les << vrais >> nationaux, que parmi les groupes minoritaires. Toutefois, cette lecture tend a surexposer l'importance de la division << eux >> et << nous >> fondee sur les seules differences culturelles et a occulter les differences sociales qui s'accroissement toujours plus. Elle occulte aussi le fait majeur : le repli sur soi des puissants de ce monde est, lui, volontaire et non subi.Les luttes politiques qui s'engagent a present tendent finalement a reproduire, sans que cela soit a l'identique, des questions qui se sont posees dans les annees 30 en Europe entre la volonte de promouvoir une societe ouverte ou une societe fermee. Le terrorisme islamique international, mais pas que lui, tend a exacerber les differences entre les etres humains selon leur culture et leur religion en instaurant une politique de la peur et de la guerre. La question reste posee du scenario que prend la reponse. Va-t-il aussi emprunter le chemin de la peur, de l'inimitie et de la guerre ? Une societe fermee ne conduirait-elle pas a un renforcement de l'Etat de securite et a la reduction des droits fondamentaux ? Une societe fermee n'instituerait-elle pas une ideologie de la guerre de tous contre tous, ou l'integration des uns se ferait au detriment de la marginalisation accrue des minoritaires ? Defendre une societe ouverte contre ces ennemis qu'ils soient gouvernes par l'obscurantisme religieux ou celui que peut prendre un populisme nationaliste suppose de transformer nos differences en potentialites. Est-ce possible et a quelles conditions ? Comment instituer une societe unitaire malgre nos differences, sans eluder l'existence de luttes sociales ? Comme faire de la cooperation plutot que de la competition, une valeur cardinale de nos activites ?La reflexion que nous, enseignants-chercheurs de l'ULB proposons dans Carnets d'identites ne fournit pas de reponses definitives a ces questions. Elle entend simplement alimenter les manieres de les penser, dans un esprit critique et scientifique, loin des opinions et des prejuges. Cette prise de parole se veut une participation au debat democratique. Elle nous a paru comme une necessite, une urgence.quelques regles de bonne conduite avant de reagir (c) Rossel & Cie - 2018 Conditions generales de vente - Droits de reproduction - Protection de la vie privee - Droit a l'oubli ", "theme": "archive"}