{"id_art": "bd1860dc4bd1073a0cd4f99ac4cd85f9", "title": "Tour de France presidentiel: la droite et le FN en campagne contre le terrorisme a Nice ", "newspaper": "lesoir", "author": [], "date_publi": [], "content": " Tour de France presidentiel: la droite et le FN en campagne contre le terrorisme a Nice Joelle Meskens Chaque semaine jusqu'au premier tour de l'election presidentielle, le 23 avril prochain, << Le Soir>> vous emmene sur les routes de France. (c) Marie-Pierre Dieterle On ne les entend plus ou quasiment plus sur le fond depuis que les affaires ont plombe la campagne electorale. Mais tant Francois Fillon que Marine Le Pen se sont recemment rendus a Nice pour defendre leurs propositions pour lutter contre le terrorisme. Le candidat LR a publie un livre, << Vaincre le totalitarisme islamique >>, qui n'etait sans doute pas pour rien dans sa victoire a la primaire de la droite. Il plaide pour l'interdiction de sortie du territoire pour les Francais soupconnes de vouloir rejoindre Daesh et pour l'interdiction d'entree et de sejour des individus consideres comme dangereux. Il reste aussi favorable a l'idee de dechoir les terroristes de la nationalite.La presidente du FN veut fermer les mosquees radicales et faire juger les individus fiches S, autrement dit ceux qui representent un danger pour la surete de l'Etat meme s'ils n'ont commis aucun delit. Elle pretend par ailleurs faire condamner les Francais fiches S a une peine d'indignite nationale.Que ces deux candidats aient defendu recemment ces propositions a Nice ne tient evidemment pas au hasard. La cite des anges est ancree a droite mais le FN y fait traditionnellement de tres hauts scores. La ville meurtrie par le terrible attentat du 14 juillet dernier ne sort que lentement de son deuil et le climat y reste lourd alors que l'election presidentielle va se derouler pour la premiere fois sous l'etat d'urgence. > Notre reportage sur Le Soir + : A Nice, un difficile combat contre la radicalisation En partenariat avec trois journaux europeens membres de LENA (Leading european newspaper alliance), notre envoyee permanente Joelle Meskens a sillonne l'Hexagone pour prendre le pouls du pays a l'approche de la presidentielle francaise, dont le 1er tour a lieu le 23 avril prochain. Une echeance qui nous concerne tous car de cette election dependra aussi l'avenir de l'Europe.En dix etapes, le Soir, La Repubblica, Die Welt et La Tribune de Geneve vous feront decouvrir les enjeux de cette presidentielle. En ecoutant les Francais a travers le pays et en decodant les themes qui font debat. Car au-dela des coups de theatre politiques, les questions de fond meritent reflexion. > Notre grand format sur Le Soir + (c) Rossel & Cie - 2018 Conditions generales de vente - Droits de reproduction - Protection de la vie privee - Droit a l'oubli ", "theme": "archive"}