{"id_art": "a2f68a3b907c0e5556d43ae0ae4d925e", "title": "Quel a ete le role d'Abdeslam ? ", "newspaper": "lesoir", "author": [], "date_publi": [], "content": " Ludivine PonciauA ce jour, Salah Abdeslam est inculpe dans deux dossiers terrorisme : les attentats de Paris, le 13 novembre 2015, et la fusillade de Forest, le 15 mars 2016. Et pour Bruxelles ? Pas a ce jour. Ce qui ne signifie pas qu'il ne le sera jamais. Ni evidemment qu'il soit totalement etranger aux faits.Les attaques perpetrees a Paris et a Bruxelles portent la signature d'une seule et meme cellule dont la plupart des membres ont grandi dans nos quartiers : Salah et Brahim Abdeslam, Bilal Hadfi, Abdelhamid Abaaoud, Chakib Akrouh, Mohamed Abrini, Khalid et Ibrahim El Bakraoui, Najim Laachraoui.Arrete le 18 mars 2016 apres quatre mois de cavale, Salah Abdeslam, le seul survivant du commando de Paris, avait dans un premier temps affirme sa volonte de cooperer avec la justice avant de se murer dans le silence.", "theme": "archive"}