{"id_art": "e9570a228f1ba64e9823ffff1278e7f7", "title": "<< Nous avons une histoire commune >> ", "newspaper": "lesoir", "author": ["jean philippe"], "date_publi": ["2017-03-24"], "content": " << Nous avons une histoire commune >> Jean-Philippe De Vogelaere La cite de la Gadale a organise une journee de sensibilisation a l'Afrique.Des rhetoriciens avaient prepare des questions.La Region des Grands Lacs etait bien representee a Jodoigne avec deux personnalites militant pour les droits humains, Marguerite Barankitse au Burundi et le Dr Denis Mukwege au Congo. J.-P. D.V.Je ne suis qu'une maman comme les autres. Tout ce que j'essaie de dire aux jeunes de mon pays, c'est de prendre leur destinee en main. Et le vent change heureusement avec la nouvelle generation. Mais nous avons besoin d'aide. Qui peut mieux le faire que la Belgique ? Qu'on le veuille ou non, entre le Rwanda, le Burundi, le Congo et la Belgique, nous avons une histoire commune... Je suis nee un 21 juillet, jour de votre fete nationale, je suis la plus Belge de toutes. Et je dis qu'il est temps de nous indigner et de nous engager ! >>Marguerite Barankitse est la maman nationale du Burundi. En exil, mais tout de meme proche des refugies de son pays qu'elle accueille dans des camps. Elle dit que le Dr Denis Mukwege est son modele. C'est celui qui << repare les femmes >> dans l'Est du Congo, pour reprendre le titre d'un documentaire de Thierry Michel et Colette Braeckman.(c) Rossel & Cie - 2018 -- Conditions generales de ventes -- Droits de reproduction -- Protection de la vie privee - droit a l'oubli ", "theme": "archive"}