{"id_art": "16aa9f762b4d540e3fe4889861f955cc", "title": "Une Belge parmi les victimes ", "newspaper": "lesoir", "author": [""], "date_publi": ["2017-04-10"], "content": " Une Belge parmi les victimes Ludivine PonciauUne Belge parmi les victimesAlors que 20.000 personnes ont rendu hommage aux victimes de l'attentat de Stockholm en participant dimanche a la << manifestation pour l'amour >> initiee sur Facebook, on apprenait un peu plus tot dans la journee qu'une Belge figurait parmi les victimes.Il s'agit de Mailys Dereymaeker, 31 ans, originaire de Lembeek (Hal). Son identite a ete confirmee par le bourgmestre de la commune, Dirk Pieters (CD&V), qui est par ailleurs un proche des parents de cette jeune psychologe travaillant pour l'Office des Etrangers. Les trois autres personnes assassinees ce vendredi a Drottninggatan sont deux Suedois, dont une petite fille de 11 ans, et un Britannique. << Nous avons confirme les identites des personnes decedees et leurs familles ont ete informees >>, a indique un responsable de la police de Stockholm, Jan Evensson au cours d'une conference de presse. On compte egalement une quinzaine de blesses.(c) Rossel & Cie - 2018 -- Conditions generales de ventes -- Droits de reproduction -- Protection de la vie privee - droit a l'oubli ", "theme": "archive"}