{"id_art": "71828c1b6d3a47bf083b384b3ba14499", "title": "<< Il faut refaire des films sur le bonheur >> ", "newspaper": "lesoir", "author": ["nicolas crousse"], "date_publi": ["2017-03-21"], "content": " << Il faut refaire des films sur le bonheur >> Nicolas Crousse Son premier film, un court-metrage, s'interessait deja aux regions minieres.Avec << Les enfants du Hasard >>, qui sort ce 22 mars, il observe une joyeuse bande de gamins issus de l'immigration a Cheratte.Brigitte (a gauche) et sa classe, devant la camera de Thierry Michel et Pascal Colson. <<J'ai choisi cette tranche d'age de dix, onze ans, explique Michel, car c'est a la fois le moment de la fin de l'enfance et c'est encore le temps de l'innocence et de la spontaneite.>> C'est un petit evenement, qu'il serait bien sot de ne point saluer. Apres avoir parcouru de long en large et de haut en bas le monde, et ces dernieres annees (surtout) l'Afrique noire, voici Thierry Michel qui, a l'age ou ses compatriotes partent a la retraite, decide de revenir aux sources : celles de son pays, et celles de l'enfance.Ce mercredi 22 mars, un an tout juste apres les doubles attentats de Bruxelles, sortira sur nos ecrans son dernier film, Les enfants du Hasard, corealise avec Pascal Colson. Un film que les deux hommes ont tourne dans la region liegeoise, a l'ecole communale de Cheratte, face aux fascinants vestiges du charbonnage du Hasard.Pour Thierry Michel, qui a relativement peu filme son pays, c'est l'occasion de declarer sa flamme a un milieu qu'il observe depuis ses debuts (Mines, en 1970), alors qu'il n'avait pas vingt ans. L'occasion aussi de reagir a sa facon aux evenements tragiques de l'an dernier.(c) Rossel & Cie - 2018 -- Conditions generales de ventes -- Droits de reproduction -- Protection de la vie privee - droit a l'oubli ", "theme": "archive"}