{"id_art": "1e938ebc43cb3894811f49403f86a4e9", "title": "Emplois fictifs, laicite, Europe: les 5 moments forts du debat presidentiel ", "newspaper": "lesoir", "author": [], "date_publi": [], "content": " Jennifer Dassy et J. DyElection presidentielle 2017 De la laicite aux affaires d'emplois fictifs en passant par le terrorisme, tous les sujets etaient l'objet de tensions entre les candidats. Le premier debat televise de l'histoire politique francaise opposant tous les candidats inscrits pour le premier tour de l'election presidentielle aura dure pas moins de quatre heures. L'occasion pour certains candidats de regler leurs comptes.Le candidat du Nouveau Parti anticapitaliste a releve les paradoxes entre les discours de Fillon et Le Pen et la realite des faits. << Fillon, plus on fouille, plus on sent la corruption, plus on sent la triche. Ce sont des bonshommes qui nous expliquent qu'il faut la rigueur, l'austerite, alors qu'eux-memes piquent dans les caisses publiques ! >>, a lance Philippe Poutou a l'ancien Premier ministre de Nicolas Sarkozy. Certains diront: Fillon est dans le deini des realites vecues des francais, on parle meme d'autisme. Je ne crois pas. Quand une situation est ingerable, le deni est parfois necessaire. Prenons l'exemple du chirurgien. S'il pense trop affectivement a ce qu'il fait, il risque d'etre deborde par les emotions et rater l'operation. Si Fillon etait vraiment autiste, il ne maitriserait pas la situation, mais s'attacherait a des details hors-contexte,... Ce qu'il me reste du debat au reveil: On veut etre HEUREUS. Comme si le bonheur ne dependait que du politique,... ", "theme": "archive"}