{"id_art": "528acb1dde6e9b8d24c759b943a77d9a", "title": "Julien Paluku, gouverneur du Nord Kivu : <<Nous n'avons eu ni la paix, ni la justice...>> ", "newspaper": "lesoir", "author": [], "date_publi": [], "content": " Propos recueillis par Colette BraeckmanLe gouverneur revient sur la situation a Goma. Au lendemain du festival Amani, marque par la mort de Norbert Djoo Paluku, un jeune formateur du centre culturel de Goma, nous avons rencontre le gouverneur du Nord Kivu, en poste depuis dix ans et qui regrette vivement qu'un policier de la ville ait tire a bout portant sur le jeune homme qui a ete enterre lundi, en presence de tous les animateurs du Festival, Congolais et Belges et de plusieurs representants du corps diplomatique.<< Il s'agit d'un accident malheureux, qui ne restera pas sans suite : le policier a ete arrete et la procedure d'urgence a ete mise en oeuvre. En outre, nous allons assister la famille. Ce n'etait ni un sabotage du festival ni un acte planifie, mais un triste accident... >> Quels sont les grands travaux qui ont change le visage de Goma ces dernieres annees ? ", "theme": "archive"}