{"id_art": "7ab8d64b4e9c480f420bcfae9b56b543", "title": "Westminster ensanglante apres une attaque terroriste ", "newspaper": "lesoir", "author": [], "date_publi": [], "content": " Ludivine PonciauUn an jour pour jour apres les attentats de Bruxelles, la terreur resurgit a Londres. L'attaque de Westminster a fait quatre morts et quarante blesses. La piste islamiste est privilegiee par la police. << N ous ne connaissons pas encore l'impact complet de ce terrible incident, mais je sais que tout le pays va reflechir et prier pour ceux qui sont touches, comme je le suis >>. Il est pres de 19 heures a Londres lorsqu'Amber Rudd prend la parole. Devant la presse, la ministre de l'Interieur ne s'efforce pas de delivrer un discours rassurant. Le flegme britannique en a pris un coup. << La priorite absolue du gouvernement est la securite de son peuple et j'exhorte tout le monde a rester calme, mais a etre vigilant et s'ils voient quelque chose qu'ils craignent, ils doivent le signaler a la po lice >>.Nous privilegions la piste du terrorisme", "theme": "archive"}