{"id_art": "e94056c158d7dab7b48b48e8583b015f", "title": "Pourquoi les Soudanais desirent tant quitter leur pays ", "newspaper": "lesoir", "author": [], "date_publi": [], "content": " Colette BraeckmanMeme s'il tente de redevenir frequentable, le regime du president Omar el-Bechir demeure l'un des plus repressifs d'Afrique. Les Etats-Unis ont fini par lever les sanctions imposees au Soudan, le president Omar el-Bechir, defiant les mandats d'arret emis par la Cour penale internationale, voyage sans probleme en Afrique, le regime de Khartoum, qui subit a la fois la crise economique et les pressions internationales, est credite d'avoir lache un peu de lest et l'un des chefs de ses services de securite, qui represente son pays a l'Union europeenne, a ete charge de diriger l'equipe qui a identifie les migrants soudanais arretes en Belgique.La << normalisation >> des relations entre l'Europe et le Soudan, un pays charniere entre l'Afrique noire et le monde arabe, destinee, apres l'echec libyen, a faire barrage aux flux migratoires, serait-elle en bonne voie ? La simple lecture du dernier rapport d'Amnesty international montre cependant que le regime, l'un des plus repressifs d'Afrique, a encore du chemin a parcourir pour devenir frequentable : en fevrier dernier, un seminaire public organise par un parti d'opposition a l'universite d'El Geneina a ete violemment interrompu par des agents du service de securite, le Niss, plusieurs etudiants ont ete blesses grievement et l'un d'eux a succombe a ses blessures. En avril, un etudiant a l'Universite du Kordofan a ete abattu d'une balle dans la tete a El Obeid et 25 autres manifestants ont ete blesses lorsque les agents du Niss ont ouvert le feu sur des jeunes qui voulaient participer aux elections etudiantes. Le 8 mai, dans la ville de Kosti, Etat du Nil blanc, des policiers ont disperse un << sit-in >> pacifique organise par des etudiants de la faculte d'ingenierie et, frappes par des matraques ou atteints par des gaz lacrymogenes, sept jeunes gens ont ete blesses, dont quatre grievement. En 2016, alors que la guerre entrait dans sa treizieme annee, l'armee soudanaise a lance une offensive de grande ampleur dans le Djebel Marra - une region du Darfour - et des dizaines de photos satellites etablissent que des armes chimiques ont ete utilisees, tuant quelque 200 a 250 personnes, dont un grand nombre d'enfants. Quant a l'organisation Tracks (Centre pour la formation et le developpement humain), elle a fait l'objet en fevrier dernier d'une descente de police qui a permis de saisir des portables, des ordinateurs, des documents et des passeports tandis que six employes ont ete inculpes de crimes contre l'Etat passibles de la peine de mort.Ces chroniques d'Amnesty et des autres organisations de defense des droits de l'homme n'ont rien d'inedit : elles se succedent depuis 1989, l'annee ou, a la suite d'un coup d'Etat, le general Omar el-Bechir prit le pouvoir. Cumulant les fonctions de Premier ministre et de chef des forces armees, cet homme de fer restaura la charia et autorisa des 1991 des peines telles que la lapidation et les amputations, confirmant ainsi la primaute du droit musulman deja decidee en 1983.Cette mesure n'a cesse de creuser la fracture qui ronge le Soudan depuis la proclamation de l'independance en 1956 : les renes de l'ancien Soudan anglo-egyptien - un conglomerat juxtaposant des populations musulmanes au nord et, dans le sud, des peuples animistes ou convertis aux religions chretiennes - ont alors ete confiees a un gouvernement etabli a Khartoum. Mais la promesse faite aux provinces du sud de creer un Etat federal n'ayant jamais ete honoree, la guerre civile eclata aussitot. Apres des decennies de conflit, le Sud-Soudan finit par se prononcer pour l'independance en 2011, mais le plus jeune Etat du monde s'avera a peine viable : peu developpe en depit de ses ressources petrolieres, il fut tres vite ravage par les conflits entre plusieurs factions militaires et par les rivalites opposant les deux principaux groupes ethniques, les Dinkas et les Nurs.Appauvri par la perte des recettes petrolieres (qui representaient un quart du budget national), Khartoum dut aussi faire face a d'autres forces centrifuges : a l'ouest du pays, le Darfour, un ancien royaume independant, est en rebellion depuis 2003 et d'autres regions du pays, le Kordofan, le Nil bleu, les Monts Nouba a l'est sont agites par des mouvements separatistes. Leur developpement s'explique par des causes identiques : autoritarisme du pouvoir central, captation par le nord des ressources et des projets de developpement, primaute donnee a la religion musulmane sur les autres cultes ou traditions... Sans oublier un certain racisme, heritage d'une histoire ou les tribus du nord, blanches et musulmanes, menaient des razzias contre les peuples africains du sud ou traitaient avec mepris leurs compatriotes noirs lorsque ces derniers s'installaient dans la capitale... De nos jours encore, les cavaliers << janjawids >> operant au Darfour sont les redoutables suppletifs de l'armee reguliere et les refugies venus du Kordofan assurent qu'ils ont fui leurs raids meurtriers et leurs exactions.Les conflits qui ravagent le Soudan sont multiples : dans cet immense pays, qui etait le plus vaste d'Afrique avant l'independance du Soudan du Sud, se juxtaposent des populations arabophones et d'origine africaine, des peaux blanches et des peaux noires, des nomades toujours a la recherche de paturages et des agriculteurs jaloux de leurs terres menacees par la secheresse et risquant d'etre expropries par des accaparements de terres ou de grands projets finances par la Chine... Sur cette complexite ethnique, culturelle, religieuse pese un regime percu comme arabe, musulman et fondamentalement repressif... Un regime qui flirta longtemps avec des organisations terroristes, accueillant le terroriste Carlos et abritant dans les annees 90 un certain Oussama ben Laden, desireux a l'epoque d'investir des fonds saoudiens dans de grands projets agricoles... Ces relations ambigues justifierent les sanctions internationales decidees, voici vingt ans, a l'encontre d'un Etat qualifie de << sponsor du terrorisme >>.L'addition de toutes ces raisons explique pourquoi les jeunes Soudanais (60 % d'entre eux ont moins de 24 ans...) tentent de fuir leur pays : ils quittent les campagnes car ils se sentent abandonnes, prives de perspectives de developpement ou menaces par la guerre; ils quittent les villes car, outre la repression et les controles policiers, vingt annees de sanctions internationales leur ont donne le sentiment qu'ils etaient separes du monde reel. << Nous avons ete isoles mentalement >>, confiait Hana Ali, 28 ans, pharmacien a Khartoum, a un journaliste du Guardian, ajoutant : << Il ne s'agit pas seulement d'economie... Les sanctions nous empechent de profiter de la vie, d'avoir acces aux publications academiques ou d'acquerir des qualifications de niveau international. Nous avons le sentiment d'etre coupes du reste du monde... >> Cette jeunesse frustree, qui se sent isolee, se heurte a des regles qui lui semblent d'un autre age, comme l'interdiction de consommer de l'alcool, d'ecouter des musiciens etrangers, de jouer de la guitare, d'organiser des soirees exemptes de visites de la police religieuse. Quant aux femmes, elles vivent de plus en plus mal l'obligation de porter le voile, de se voir interdire les pantalons et, selon une recente enquete de l'organisation Sajeenat, citee par le Guardian, plus de 70 % des atteintes a l'ordre public les concernent desormais, ou celles qui ne peuvent s'acquitter de lourdes amendes sont condamnees a la prison ou a subir des peines de fouet...Accedant a internet (moins censure qu'en Ethiopie ou en Erythree), piratant des films d'Hollywood sur leurs cles USB, les jeunes Soudanais revent d'autant plus fort de l'Occident qu'ils sont empeches d'y aller, qu'ils se sentent stigmatises et reprimes... Les renvoyer dans les geoles du regime n'arretera pas le flux... Abonnez-vous maintenant et accedez a l'ensemble des contenus numeriques du Soir : les articles exclusifs, les dossiers, les archives, le journal numerique...(c) Rossel & Cie - 2018 -- Conditions generales de ventes -- Droits de reproduction -- Protection de la vie privee - droit a l'oubli ", "theme": "archive"}