{"id_art": "69b473952dea05cbdd2b231bfb46f300", "title": "<<Djihad de l'amour>>: l'appel de l'epoux d'une victime du 22 mars (video) ", "newspaper": "lesoir", "author": [], "date_publi": [], "content": " <<Djihad de l'amour>>: l'appel de l'epoux d'une victime du 22 mars (video) Mohamed El Bachiri a perdu sa femme Loubna, mere de ses trois fils, dans l'attaque du metro a Maelbeek. Tout commence par une rencontre fortuite entre Fatima Ziboug et Mohamed El Bachiri. Cette doctorante en sciences politiques de l'Ulg, tres active sur le terrain de l'integration, demande a Mohamed de participer a la marche pour la paix a la Bourse et d'y prendre la parole. Il est completement perdu mais accepte d'ecrire un texte pour Loubna. De fil en aiguille, Mohamed El Bachiri est convie dans des eglises pour des rencontres interculturelles. C'est la que nait Le djihad de l'amour.Apres plusieurs interventions publiques, son texte est publie dans le Standaard. << A partir de la, j'ai recu des mails de soutien. La VRT m'a invite a faire l'emission De Afspraak , et c'etait parti . >> La video de la VRT a ete vue plus de 11 millions de fois, et traduite en 12 langues. Ce 22 mars, une campagne #turntolove sera lancee, dans laquelle des victimes de terrorisme, des celebrites internationales et des ONG copieront l'appel de Mohamed. << J'ai conclu mon intervention a la VRT par ce texte que j'ai ecrit apres la perte de mon epouse. C'est ma reponse a ceux qui ont detruit ma vie et mon bonheur. >> <<Allahu Akbar Doux murmure qui provient du coeur et qu'on ne veut pas entendre mais tellement plus vrai que celui utilise pour nous detruire. Allahu Akbar pour l'amour que je porte au plat pays qui est le mien et au royaume cherifien. Allahu Akbar pour la beaute, l'art cette oeuvre qui degage une emotion si forte qu'elle ferait fondre le plus glacial des coeurs. Allahu Akbar pour cette diversite, ces croyances, ces gens avec lesquels on discute, on echange et on accepte finalement que chacun detienne sa verite dans un esprit de fraternite. Allahu Akbar lorsqu'on reprouve la violence et qu'on oeuvre pour l'amitie entre les peuples. Allahu Akbar lorsque je souris et je tends la main a toi le juif, l'athee ou le chretien. Allahu Akbar Pour ceux qui ont compris que Dieu est amour et que le salut de l'homme ne viendra qu'a travers cette force universelle exprimee pour son prochain. Allahu Akbar Douce pensee pour toi, Loubna, mon amour et pour toutes les victimes qui vivront a jamais dans nos coeurs et nos memoires. >> (c) Rossel & Cie - 2018 Conditions generales de vente - Droits de reproduction - Protection de la vie privee - Droit a l'oubli ", "theme": "archive"}