{"id_art": "ba0f1f4710cac98c380d8370a2115b8d", "title": "Reinventons sans delai l'Europe avec les citoyens ", "newspaper": "lesoir", "author": [""], "date_publi": ["2017-05-09"], "content": " la carte blanche Reinventons sans delai l'Europe avec les citoyens Dans la foulee des scrutins hongrois, autrichien et neerlandais, puis de l'election en France d'Emmanuel Macron, un pro-europeen assume, un collectif decide d'ouvrir un grand debat civique continental visant a associer les citoyens a l'ecriture d'un nouveau chapitre de l'histoire de l'Union europeenne.Il y a un an jour pour jour, nous appelions, dans ces memes colonnes, a une feuille de route concrete pour une nouvelle renaissance europeenne. Nous appelions nos concitoyens, les dirigeants et les leaders d'opinion de toutes generations et de toutes sensibilites des pays de l'Union a se mobiliser a tous les niveaux contre les tentations de repli nationaliste et a promouvoir un nouvel esprit civique europeen. Nous les invitions egalement a se federer pour creer les conditions d'une reinvention de l'Union europeenne avec le souci de remettre le citoyen au coeur du projet. Le moment de cette transformation est venu. Il est temps de faire de l'Union europeenne une puissance politique, democratique, industrielle, culturelle, ecologique et sociale capable de defendre les interets et les valeurs de nos concitoyens, une puissance qui soit un acteur central de la mondialisation et non plus un observateur passif et mou.(c) Rossel & Cie - 2018 -- Conditions generales de ventes -- Droits de reproduction -- Protection de la vie privee - droit a l'oubli ", "theme": "archive"}