{"id_art": "18431a78e96cea1c4c1f3ec789d6ce86", "title": "Aeroports au Canada: craintes au sujet d'employes radicalises ", "newspaper": "lesoir", "author": [], "date_publi": [], "content": " Aeroports au Canada: craintes au sujet d'employes radicalises Le gouvernement canadien a assure mercredi faire le necessaire pour parer aux menaces potentielles posees par des employes d'aeroports radicalises aux idees djihadistes. Au moins quatre badges d'acces aux zones de securite de l'aeroport de Montreal ont ete retires a leurs titulaires, dont le profil aurait montre des sympathies pour le groupe Daesh, selon une enquete du Journal de Montreal.<<La securite et la surete de tous les Canadiens dans les aeroports comme ailleurs restent la priorite pour le gouvernement>>, a declare mercredi le Premier ministre Justin Trudeau. L'opposition conservatrice a appele le gouvernement a <<prendre toutes les mesures requises>> afin d'assurer la surete et de rester <<vigilant face a la menace du terrorisme islamiste radical>>. (c) Rossel & Cie - 2018 Conditions generales de vente - Droits de reproduction - Protection de la vie privee - Droit a l'oubli ", "theme": "archive"}