{"id_art": "f2fa9ee287195e858b82449d5e8d83dd", "title": "Plus de 2 millions pour moderniser le fonctionnement du 112, le numero d'appel d'urgence en Europe ", "newspaper": "lesoir", "author": [], "date_publi": [], "content": "Une dotation de 2.377.939 euros vient d'etre allouee a la societe Astrid pour le Projet 112 dans le cadre de la lutte contre le terrorisme et le radicalisme. Ce budget entre dans le cadre des efforts de lutte contre le terrorisme et le radicalisme, notamment a la suite des manquements releves par la commission d'enquete parlementaire sur les attentats du 22 mars. Celle-ci avait pointe la saturation et l'utilisation inefficace du reseau Astrid a la suite des explosions a Zaventem et dans le metro bruxellois. A l'heure actuelle, les centres de secours (CS) 112 des differentes provinces travaillent avec des bases de donnees qui leur sont propres.Mais d'ici peu, tous les centres de secours 112/100 (il en existe un a Bruxelles et dans chaque chef-lieu de province, a l'exception du Brabant wallon) seront equipes de la meme nouvelle plateforme de telephonie multidisciplinaire pour repondre aux appels d'urgence. ", "theme": "archive"}