{"id_art": "88c02d0cfa1b028700ef4feb4020fda3", "title": "La methode <<Al Capone>> pour assecher les finances de Daesh ", "newspaper": "lesoir", "author": [""], "date_publi": ["2017-04-14"], "content": " Ludivine PonciauLe lien entre terrorisme et petite criminalite est sous-estime, revele une etude europeenne. En la combattant plus efficacement, on priverait Daesh de fonds destines a l'organisation d'attentats et d'une main-d'oeuvre de criminels pour les commettre. En combattant plus intensement la petite criminalite, l'Europe se donnerait les moyens de lutter plus efficacement contre le terrorisme. C'est ce qui ressort d'une etude de l'European Union Institute for Security Studies (EUISS), l'agence de l'Union europeenne consacree a l'analyse des questions de politique etrangere, de securite et de defense et dont le role est de fournir des analyses destinees a orienter la politique de l'Europe.L'etude << The crime-terrorism nexus >>, parue mercredi, rappelle les connexions existantes entre terrorisme et criminalite. Le crime organise comme le trafic d'armes et la contrebande evidemment, mais aussi - et de facon plus insidieuse - cette petite delinquance qui remplit les caisses de l'organisation terroriste et finance le djihad.Et propose quelques pistes d'actions basees sur ce constat pour assecher significativement les ressources de l'Etat islamique.", "theme": "archive"}