{"id_art": "350517374460432dfa1a04630876125e", "title": "<< Depuis ce jour, je suis beaucoup plus attentif, voire parano >> ", "newspaper": "lesoir", "author": [], "date_publi": [], "content": " << Depuis ce jour, je suis beaucoup plus attentif, voire parano >> Frederic Delepierre Dans le smartphone de Julien Prizzi, les photos ne trompent pas. Il etait parmi les premiers a descendre dans la station de metro Maelbeek ce funeste 22 mars 2016 pour porter secours aux victimes de l'attentat. A son arrivee, tout n'etait qu'enchevetrement de toles et de corps meurtris. << Ce matin-la, j'avais pris mon service a 7 heures, se souvient l'inspecteur de la police locale de Bruxelles-Ixelles. J'etais passe par la reserve generale, a Etterbeek, pour chercher une tenue. A la radio, j'ai entendu qu'une equipe se rendait a Zaventem ou il y avait eu une explosion. A 9h11, mon chef a lance une alerte flash expliquant qu'une autre explosion avait eu lieu a Maelbeek. J'etais a Schuman. Je m'y suis rendu illico et avec mon chef, nous avons bloque la circulation avant de descendre. Tout avait explose. Ne sachant pas a quoi nous attendre, nous sommes descendus arme au poing. Nous avons immediatement appele les secours et nous avons aide quelques blesses. >>(c) Rossel & Cie - 2018 -- Conditions generales de ventes -- Droits de reproduction -- Protection de la vie privee - droit a l'oubli ", "theme": "archive"}