{"id_art": "d76beb5f7fc5ac437db72d24a4d16df4", "title": "Le motif de l'attentat de Dortmund toujours inconnu ", "newspaper": "lesoir", "author": [""], "date_publi": ["2017-04-14"], "content": " Le motif de l'attentat de Dortmund toujours inconnu Christophe BourdoiseauApres l'attentat contre le bus de l'equipe de Dortmund, les mesures de securite ont ete renforcees, notamment a Hanovre, en prevision d'un match de deuxieme division allemande samedi. De notre correspondantApres l'attentat contre le bus de l'equipe de football de Dortmund, la piste islamiste parait de moins en moins vraisemblable. Les deux suspects issus de la mouvance islamiste, un Irakien de 26 ans et un Allemand de 28 ans d'origine libanaise, ont ete blanchis par les enqueteurs. Certes, l'Irakien a ete place en detention provisoire pour << appartenance au groupe Etat islamique >> (a cause d'un sejour passe en Irak), mais son arrestation n'a rien a voir avec cet attentat qui a fait deux blesses, mardi soir, avant le match de Ligue des champions contre Monaco. << L'enquete n'a pas permis de confondre les suspects >>, a conclu hier le parquet antiterroriste.(c) Rossel & Cie - 2018 -- Conditions generales de ventes -- Droits de reproduction -- Protection de la vie privee - droit a l'oubli ", "theme": "archive"}