{"id_art": "be4fd98fdf2d20e9ecc3988c6f9b28e9", "title": "Dortmund: la police concentre ses recherches sur une lettre de revendication (video) ", "newspaper": "lesoir", "author": [""], "date_publi": ["2017-04-12"], "content": " AFPLe joueur espagnol Marc Bartra et un policier ont ete blesses lors des explosions. La police allemande recherchait mercredi le ou les auteurs de l'attaque a l'explosif contre le club de football de Dortmund (ouest), qui a blesse un joueur et un policier avant le coup d'envoi d'un important match de Ligue des champions.Les recherches se concentrent en particulier sur une lettre de revendication retrouvee sur les lieux et qui devrait permettre d'y voir plus clair sur cet acte ayant blesse un joueur espagnol et plonge le monde du football dans l'emoi.<< La lettre endosse la responsabilite des faits >>, a indique une magistrate du parquet mardi en fin de soiree, Sandra Lucke. Elle n'en a pas donne le contenu et indique verifier son << authenticite >>.", "theme": "archive"}