{"id_art": "a3880ac4cf3d0c467f757e47535e8c29", "title": "Le gouvernement verrouillesa communication ", "newspaper": "lesoir", "author": [""], "date_publi": ["2017-05-13"], "content": " reunion a Val Duchesse Le gouvernement verrouillesa communicationLe gouvernement verrouillesa communicationUn conseil des ministres extraordinaire se tiendra donc ce dimanche. Le premier, d'une serie de trois, qui sera consacre a la securite au sens large et a la justice. Les suivants s'interesseront, eux, aux affaires sociales puis a l'economie.Que va-t-on se dire autour de la table dimanche ? Mystere. Des informations ont fuite cette semaine dans divers medias. Pourtant, les membres du kern restent muets quant aux dossiers qui seront examines ce week-end a Val Duchesse.Selon nos informations, le document a la base de ces revelations n'est plus d'actualite et beaucoup des mesures relayees ne seront en fait pas examinees.La lutte contre le terrorisme ne devrait pas occuper une place preponderante dans ces reunions qui seraient tout d'abord l'occasion pour les membres du gouvernement de faire le bilan des mesures deja adoptees depuis le debut de la legislature. Ce sera tout de meme l'occasion pour le gouvernement de valider quelques mesures particulieres.(c) Rossel & Cie - 2018 -- Conditions generales de ventes -- Droits de reproduction -- Protection de la vie privee - droit a l'oubli ", "theme": "archive"}