{"id_art": "b270f7a856ce6fc2f286293c433ec3eb", "title": "Stockholm : Bruxelles ouvre un registre de condoleances ", "newspaper": "lesoir", "author": [""], "date_publi": ["2017-04-11"], "content": " Stockholm : Bruxelles ouvre un registre de condoleancesPhotonews. Stockholm : Bruxelles ouvre un registre de condoleancesUn registre de condoleances est ouvert a l'accueil de l'hotel de Ville de Bruxelles afin que le public puisse transmettre ses messages de soutien a l'egard des victimes de l'attentat de Stockholm. Il sera accessible du lundi au vendredi de 8 h 30 a 17 h 30. Parmi les quatre morts, figure une jeune Belge de 31 ans, habitante de Lembeek (Halle), qui travaillait comme psychologue dans les centres fermes de l'Office des etrangers. (b)Un avocat sunnite refuse au suspectL'auteur presume de l'attentat de Stockholm, un Ouzbek soupconne de sympathies djihadistes, a exige la recusation de son avocat, commis d'office, et reclame un defenseur << musulman sunnite >>, ce qui lui a ete refuse par la justice, a-t-on appris lundi de source judiciaire. Rakhmat Akilov, un ouvrier en situation illegale de 39 ans, est soupconne d'avoir percute une vingtaine de pietons, tuant quatre personnes. (afp)Un Syrien de 16 ans(c) Rossel & Cie - 2018 -- Conditions generales de ventes -- Droits de reproduction -- Protection de la vie privee - droit a l'oubli ", "theme": "archive"}