{"id_art": "544e74f66d210cadf801164f9a01139c", "title": "<< Il ne faut pas melanger les problemes lies au terrorisme et immigration >> ", "newspaper": "lesoir", "author": [], "date_publi": [], "content": " Anemone Hubaut<< Trop souvent, les discours europeens sur les menaces securitaires ont associe le terrorisme a l'immigration, aux refugies et a la criminalite. C'est une tendance visible en Europe depuis les annees 1980, qui a contribue a banaliser un propos au depart essentiellement confine aux cercles d'extreme-droite. Or, non seulement les liens entre ces differentes questions ne sont pas demontres de maniere serieuse mais, bien plus, en associant les flux migratoires et les problemes d'insecurite, on se prive d'une reflexion plus large et pertinente sur ce que nous pouvons legitimement craindre pour notre securite et notre bien-etre et sur les moyens effectifs de nous proteger. Les reponses generalement apportees sur base de tels amalgames ne sont pas des politiques publiques ciblees et efficaces, mais plutot des mesures demagogiques qui frappent l'imagination collective pour donner une impression de securite.", "theme": "archive"}