{"id_art": "3639672bd196c664420bec613d78a53f", "title": "Renforcement des controles au depart des TGV dans trois gares belges a partir de l'ete ", "newspaper": "lesoir", "author": ["bernard padoan"], "date_publi": ["2017-05-22"], "content": " Bernard Padoan Des portiques de securite devraient etre installes dans les gares de Bruxelles-Midi, Liege-Guillemins et Anvers-Central Ce sont nos collegues de La Derniere Heure qui l'annoncaient ce lundi : les terminaux a grande vitesse (Thalys, ICE, TGV) de trois grandes gares belges (Bruxelles-Midi, Liege-Guillemins et Anvers-Central) devraient etre equipes de portiques de securite a partir du mois de juillet. Une date que la SNCB ne confirme toutefois pas. Au cabinet du ministre federal de la Mobilite, Francois Bellot (MR), on prefere parler de l'<< ete 2017 >>. Pour rappel, la decision d'installer des portiques, couples a des dispositifs a rayons X et a des detecteurs de metaux, avait ete prise dans la foulee de l'attentat perpetre dans un Thalys Amsterdam-Paris le 21 aout 2015. Le terroriste etait monte a bord du train en gare de Bruxelles-Midi, arme d'un fusil-mitrailleur Kalachnikov, d'un pistolet automatique et d'un cutter. Il avait reussi a blesser deux personnes, avant d'etre maitrises par trois passagers americains et un britannique.", "theme": "archive"}