{"id_art": "133fc48b6760b4048758f9f7c481f41b", "title": "Attentat a Manchester: une premiere analyse de l'OCAM ne montre pas de lien avec la Belgique ", "newspaper": "lesoir", "author": [""], "date_publi": ["2017-05-23"], "content": "Le niveau de la menace reste inchange en Belgique. L'OCAM, l'organe belge d'analyse de la menace, n'a pas trouve, apres une premiere analyse des informations et renseignements disponibles, de lien entre la Belgique et l'attentat de Manchester, indique le cabinet du vice-premier ministre N-VA et ministre de l'Interieur Jan Jambon. Le niveau de la menace reste donc inchange, a trois sur une echelle de quatre. Les mesures qui y sont liees restent donc egalement inchangees.", "theme": "archive"}