{"id_art": "ae5a693d09151523c7efcd15b3241dc1", "title": "le chercheur << Par leurs discours, les partis politiques influencent ce qu'on peut dire socialement >> ", "newspaper": "lesoir", "author": [], "date_publi": [], "content": " le chercheur << Par leurs discours, les partis politiques influencent ce qu'on peut dire socialement >>Jean-Benoit Pilet, Centre d'etude de la vie politique (Cevipol). Baudouin DevilleCela fait 30 ans que les politologues se posent la question : pourquoi les partis d'extreme droite s'installent-ils dans certains pays europeens et pas dans d'autres alors que ces Etats sont confrontes a des realites similaires - vague migratoire, evolution demographique, situation socio-economique precaire, attentat, exposition a des discours de fermeture, etc. ?Jean-Benoit Pilet (ULB) a participe a un reseau de chercheurs qui a etudie la politisation de l'immigration dans les annees 2000 et a compare des cas ou des partis d'extreme droite ont emerge - les Pays-Bas, la Flandre, le Royaume-Uni - avec d'autres, ou rien ne s'est passe - l'Espagne et la Wallonie.Il pointe deux facteurs qui expliquent la singularite belge francophone : d'une part, l'absence d'un reseau politique et social sur le terrain sur lequel ces partis anti-immigration peuvent s'ancrer et mobiliser ; et d'autre part, l'absence d'un sentiment national sur lequel construire ce discours identitaire.(c) Rossel & Cie - 2018 -- Conditions generales de ventes -- Droits de reproduction -- Protection de la vie privee - droit a l'oubli ", "theme": "archive"}