{"id_art": "9f519ce6bd1dae8359217fab6fdf13f4", "title": "En chiffres ", "newspaper": "lesoir", "author": [], "date_publi": [], "content": "Les officiers de Frontex sont charges des premiers screening des nouveaux arrivants debarques en Grece et en Italie. En cas de profil suspect, les dossiers sont transferes aux polices nationales ainsi qu'a Europol. D'apres les premiers retours, quatre signalements ont effectivement permis d'identifier des migrants en lien avec le terrorisme.", "theme": "archive"}