{"id_art": "6f0c2fb3dfb78b3f40bdaf07aba256db", "title": "<< Pour les medecins,c'est la sante publiquequi serait menacee >> ", "newspaper": "lesoir", "author": [], "date_publi": [], "content": " << Pour les medecins,c'est la sante publiquequi serait menacee >> Philippe de Boeck La reforme << Pot-Pourri 5 >> autoriserait la levee du secret professionnel des medecins pour des raisons de << securite publique >>, une expression que Benoit Dejemeppe juge trop floue.La levee du secret professionnel comme pour les CPAS aurait quelles consequences pour les medecins ?(c) Rossel & Cie - 2018 -- Conditions generales de ventes -- Droits de reproduction -- Protection de la vie privee - droit a l'oubli ", "theme": "archive"}