{"id_art": "8ec68e5c0328fd8f5c763b47f839b1e3", "title": "Les terroristes determines sont moins faciles a detecter ", "newspaper": "lesoir", "author": [""], "date_publi": ["2017-04-29"], "content": " 22 mars Les terroristes determines sont moins faciles a detecter Ludivine Ponciau Les terroristes determines sont moins faciles a detecterNous avons demande a notre interlocuteur si, retrospectivement, le comportement des terroristes qui ont frappe a Zaventem et a Maelbeek trahissait leurs intentions. Le 22 mars 2016, le programme BDO n'en etait qu'a ses balbutiements. Les policiers belges n'etaient donc pas encore formes au profilage. Et s'ils les avaient croises aujourd'hui ?<< Les differentes phases d'un attentat ne sont pas toutes visibles. Generalement, les auteurs font des recherches avant d'aller recueillir des informations sur place. C'est au cours de ces reperages que nous pouvons les detecter. Lors de la phase d'execution, c'est plus difficile. >> L.Po(c) Rossel & Cie - 2018 -- Conditions generales de ventes -- Droits de reproduction -- Protection de la vie privee - droit a l'oubli ", "theme": "archive"}