{"id_art": "dbecba0c996d2ea5b31c756ea65170b4", "title": "<<Ceux qui instrumentalisent l'attentat en subiront les consequences>> ", "newspaper": "lesoir", "author": ["corentin di"], "date_publi": ["2017-04-21"], "content": " Corentin Di Prima Election presidentielle 2017 ,attentat aux Champs Elysees Pour le politologue francais Stephane Rozes, l'attentat de jeudi soir en lui-meme ne changera pas la donne du scrutin de dimanche. Mais gare a ceux qui tentent de l'instrumentaliser. Stephane Rozes est president du cabinet de conseils CAP, et professeur a Sciences-Po et HEC. Les sondages annoncent une abstention record dimanche. La peur d'un attentat est-elle de nature a l'accentuer ou, a l'inverse, a susciter un mouvement vers les urnes ? ", "theme": "archive"}