{"id_art": "1282dec5baff2470787d53ce13c289a2", "title": "Un Marocain soupconne d'appartenir a Daesh remis par l'Allemagne a la justice portugaise ", "newspaper": "lesoir", "author": [], "date_publi": [], "content": " Un Marocain soupconne d'appartenir a Daesh remis par l'Allemagne a la justice portugaise Un Marocain vise par un mandat d'arret europeen a ete interpelle en Allemagne et remis jeudi aux autorites portugaises, qui le soupconnent d'appartenir au groupe Daesh, ont annonce le ministere public et la police judiciaire.Le suspect a ete place en detention provisoire apres avoir ete soumis a un interrogatoire judiciaire dans le cadre d'une enquete pour <<adhesion et soutien a une organisation terroriste internationale>>. Il a egalement ete mis en examen pour <<recrutement et financement du terrorisme>>, a indique le parquet general dans un communique. (c) Rossel & Cie - 2018 Conditions generales de vente - Droits de reproduction - Protection de la vie privee - Droit a l'oubli ", "theme": "archive"}