{"id_art": "c2991f5d3b132dc38dc44492a282069e", "title": "Pourquoi l'affaire Le Roux affaiblit aussi Hollande ", "newspaper": "lesoir", "author": ["joelle meskens"], "date_publi": ["2017-03-22"], "content": " Joelle Meskens L'Elysee a tres vite debarque le ministre de l'Interieur. Il fallait montrer l'exemple face a Francois Fillon. Mais l'affaire affaiblit aussi le President sur des aspects jusqu'alors positifs de son bilan On ne l'y reprendra pas. A l'hiver 2012, Francois Hollande avait longtemps soutenu Jerome Cahuzac comme la corde soutient le pendu. Depuis decembre de cette annee-la, entrant discretement par la porte arriere de l'Elysee, le patron de Mediapart Edwy Plnel avait pourtant alerte le President. Il avait plus que des biscuits sur les comptes a l'etranger de celui qui etait alors ministre de Budget et qui s'etait fait le chantre de la lutte contre la fraude fiscale. C'etait du beton. Mais le President n'avait rien voulu entendre. Il lui aura fallu quatre mois pour lacher celui qu'il n'etait pas loin de considerer comme l'un de ses meilleurs ministres. Moins d'un an apres son election, ce desastre a forge, autant que l'affaire Leonarda ou le dossier de Florange, la descente aux enfers de son quinquennat. Etes vous bien sur que les Francais reconnaissent a Francois Hollande son honnete intellectuelle?? Il me semble que de plus en plus de Francais commencent a se rendre compte que Francois Hollande est non seulement un pietre president mais est un manipulateur de la pire espece. ", "theme": "archive"}