{"id_art": "29eb42ba58d5944c85da0e78fcaa5269", "title": "Arabie saoudite: Mohamed Ben Salmane, un prince presse et sans limite ", "newspaper": "lesoir", "author": [], "date_publi": [], "content": " Baudouin LoosIl n'est encore que le fils du roi, mais il fait deja la pluie et le beau temps a Riyad. Portrait de celui qu'on appelle par ses initiales, << MBS >>, et fait voler les traditions en eclats. Pour le meilleur ou pour le pire ? Un homme presse. En mission. Qui bouleverse les certitudes, bouscule son monde, ebranle les traditions. Qui commet aussi, ce 4 novembre, une sorte de coup d'Etat aux consequences majeures. Voila Mohamed Ben Salmane, 32 ans, prince heritier au royaume d'Arabie saoudite depuis le 21 juin de cette annee et deja homme fort du regime depuis l'intronisation de son pere Salmane Ben Abdelaziz comme souverain le 25 janvier 2015 a la mort du roi Abdallah. L'ambition de celui qu'on appelle par ses initiales, << MBS >>, ne semble pas connaitre de limites. Il veut moderniser son pays, indiquer la direction au monde arabe et aussi annihiler les ambitions regionales de ceux qui hantent ses nuits : les Iraniens.", "theme": "archive"}