{"id_art": "d2d468b4f7716d40d6d397b1437344e3", "title": "Un << hub >> a Naples ", "newspaper": "lesoir", "author": [], "date_publi": [], "content": " Un << hub >> a Naples Philippe Regnier Un << hub >> a NaplesLes menaces se multiplient et evoluent rapidement, dit l'Otan - de la Russie aux djihadistes en passant par la cybercriminalite -, avec 500 cyberattaques menees... par mois contre les reseaux de l'Otan l'an passe, souvent de telle ampleur qu'elles ne peuvent se produire sans le soutien d'un Etat, a souligne Stoltenberg, alerte sur le role de la Russie par << plusieurs rapports d'Allies >>. Mais c'est vers le Sud et la menace terroriste au Moyen-Orient et en Afrique du Nord que l'Alliance a decide de monter en puissance. Un << hub >> d'une centaine d'hommes sera cree a Naples pour << evaluer les menaces potentielles >> et << intervenir si necessaire >>. PH.R.(c) Rossel & Cie - 2018 -- Conditions generales de ventes -- Droits de reproduction -- Protection de la vie privee - droit a l'oubli ", "theme": "archive"}