{"id_art": "8fbc5981473bed5fce9eacdd1f125278", "title": "Poutine et Trump reaffirment la volonte d'une <<coordination>> contre le terrorisme ", "newspaper": "lesoir", "author": [""], "date_publi": ["2017-05-02"], "content": "Vladimir Poutine et Donald Trump ont reaffirme mardi leur volonte d'une << coordination des actions >> des Etats-Unis et de la Russie dans la lutte contre le terrorisme, appelant a << intensifier le dialogue >> entre les deux pays, a indique le Kremlin.<< L'accent a ete mis sur les perspectives de coordination des actions des Etats-Unis et de la Russie dans la lutte contre le terrorisme >>, a indique le Kremlin dans un communique a l'issue d'un entretien telephonique entre les deux chefs d'Etat, precisant qu'il avait ete convenu << d'intensifier le dialogue entre les ministres des Affaires etrangeres des deux pays >> pour trouver une issue au conflit syrien.", "theme": "archive"}