{"id_art": "908d7734bf034102adb30217352de34b", "title": "Trump a l'Otan: par ici la monnaie! ", "newspaper": "lesoir", "author": ["philippe regnier"], "date_publi": ["2017-05-19"], "content": " Trump a l'Otan: par ici la monnaie! Philippe Regnier Le 9 juillet dernier, les chefs d'Etat ou de gouvernement des 28 pays allies au sein de l'Otan concluaient le communique de leur sommet tenu a Varsovie, au 139eme et dernier point d'un texte long de 20.707 mots, 114.838 caracteres (!), en declarant que << nous nous rejouissons a la perspective de nous reunir de nouveau en 2017, au nouveau siege de l'Otan, a Bruxelles >>. A ce moment-la, la victoire probable de Hillary Clinton est encore dans tous les esprits.Mais voila, le scrutin du 8 novembre a consacre l'improbable magnat de l'immobilier, qui decreta que l'Otan etait << obsolete >> car inefficace contre le terrorisme islamiste et un fardeau insupportable pour le contribuable americain, au point de sous-entendre que le sacro-saint principe du << un pour tous, tous pour un >> ne vaudrait en cas d'attaque ennemie que pour les bons payeurs...(c) Rossel & Cie - 2018 -- Conditions generales de ventes -- Droits de reproduction -- Protection de la vie privee - droit a l'oubli ", "theme": "archive"}