{"id_art": "094d0db4fb5d886d9a6f5b566b40c73b", "title": "Manifestation contre le compromis avec Skopje ", "newspaper": "lesoir", "author": [""], "date_publi": ["2018-01-22"], "content": " Manifestation contre le compromis avec SkopjeManifestation contre le compromis avec SkopjePlus de 90.000 opposants, nationalistes et extremistes, au maintien du nom << Macedoine >> dans la future appellation officielle de ce pays ont manifeste dimanche apres-midi a Thessalonique, capitale de la Macedoine grecque. (afp)Nouveau carnage a KaboulAu moins 18 personnes, dont 14 etrangers, ont peri dans l'attaque dans la nuit de samedi a dimanche de l'hotel Intercontinental a Kaboul, selon le ministere de l'Interieur. Plus tot, la chaine Tolo News avait fait etat de 43 civils morts. L'attentat a ete revendique par les talibans. (afp, b, dpa)(c) Rossel & Cie - 2018 -- Conditions generales de ventes -- Droits de reproduction -- Protection de la vie privee - droit a l'oubli ", "theme": "archive"}