{"id_art": "ec88378e360a1d85f9da785365ba8a82", "title": "Entre Trump et Poutine, l'heure est aux frustrations et suspicions ", "newspaper": "lesoir", "author": [], "date_publi": [], "content": " Benjamin QuenelleEntre Moscou et Washington, c'est a nouveau le bras de fer sur la Syrie. Le chef du Kremlin a annule sa rencontre avec Rex Tillerson, le secretaire d'Etat americain. Habitue aux negociations d'affaires avec les autorites russes au temps ou il dirigeait le geant petrolier Exxon Mobil, Rex Tillerson devait mener ces mardi et mercredi a Moscou des discussions politiques d'un tout autre genre. Le secretaire d'Etat de Donald Trump devait notamment rencontrer le chef du Kremlin, Vladimir Poutine, pour revenir sur le dossier syrien qui, depuis l'offensive chimique la semaine derniere sur le village syrien de Khan Cheikhoune, est a l'origine du soudain regain de tensions entre Moscou et Washington.Mais, veritable camouflet, le president russe a annule cette rencontre. Rex Tillerson ne verra donc que son homologue Serguei Lavrov. Meme aux pires moments des relations sous la presidence de Barack Obama, son secretaire d'Etat John Kerry avait regulierement eu les honneurs d'un rendez-vous au sommet au Kremlin.", "theme": "archive"}