{"id_art": "ae7a2f349af469a3b7083280b4423c36", "title": "Des manifestations traduisentle malaise croissant de la rue ", "newspaper": "lesoir", "author": [], "date_publi": [], "content": " Des manifestations traduisentle malaise croissant de la rue Baudouin Loos Des femmes manifestent ce 7 mars a Alexandrie contre la reduction des subsides pour le pain.Les nuages s'amoncellent au-dessus de la tete de l'ex-marechal Abdel-Fattah al-Sissi. Le << rais >> en qui des millions d'Egyptiens avaient vu l'homme providentiel en 2013 ne sait plus a quel saint se vouer. Dans ce regime ou les libertes acquises en 2011 ressemblent a des souvenirs fletris, les conditions de vie de la population se deteriorent jour apres jour. Dernier episode en date : des manifestations - eparses mais nombreuses - dans diverses villes lundi et mardi apres une drastique reduction de la distribution de pain subventionne.Ces reductions ont ete ordonnees pour combattre abus et malversations dont des boulangers se seraient fait une specialite. Encore heureux pour les autorites que la population concernee par ces mesures est tres minoritaire parmi les 92 millions d'habitants : seules sont en effet affectees les personnes ne disposant pas encore du systeme de paiement du pain electronique et qui doivent encore se contenter des anciens bons de rationnement en papier.(c) Rossel & Cie - 2018 -- Conditions generales de ventes -- Droits de reproduction -- Protection de la vie privee - droit a l'oubli ", "theme": "archive"}