{"id_art": "4484d67850eaddbb689a7a95a4f718ad", "title": "Reynders apres les frappes en Syrie: <<La vraie solution est politique, pas militaire>> ", "newspaper": "lesoir", "author": ["martine dubuisson"], "date_publi": ["2017-04-07"], "content": " Martine Dubuisson Le ministre belge des Affaires etrangeres juge la frappe americaine en Syrie << comprehensible et pas surprenante >>. Mais il appelle tous les acteurs, dont l'Union europeenne, a chercher une solution politique. La frappe americaine en Syrie est << comprehensible et pas surprenante >>, selon le ministre belge des Affaires etrangeres, Didier Reynders (MR). Comprehensible << parce qu'il y a eu plusieurs attaques chimiques en Syrie, plusieurs commises par le regime de Barchar el-Assad, et qu'il y a eu blocage aux Nations Unies, meme sur la demande d'enquete, alors qu'il faudrait pouvoir prendre des sanctions pusiqu'il s'agit ici de crime contre l'humanite >>. Pas surprenante, parce qu'<< on connait la nouvelle politique annoncee a Washington et que les Americains avaient dit qu'ils n'excluaient pas de demarche unilaterale >>.Mais au-dela de ce constat, le ministre plaide pour une << solution politique >>. Avec tous les acteurs. Non seulement le commentaire de M Gillard ci dessous est pertinent et juste, mais c'est depuis 60 ans que les groupes petroliers ont mis tous ces Etats islamiques a feu et a sang. Bien sur que les fanatiques religieux on profite un max des conflits militaires qui n'existent qu'a cause du Petrole et du Gaz et rien d'autres. Daesh pourrait etre neutralise en quelques jour et a tout jamais, mais ca meme les pantins de l'ONU ne cracheront pas le morceau.. Reynders non plus n'a bien garde de dire publiquement qu 'Assad le Bouchers syrien pourrait lui aussi etre balaye en quelques jours si les compagnies petrolieres et gazieres, americaines, russes, arabes anglaises et francaises le decidaient. Ce n'est pas Reynders qui va avouer, que la Dictature absolue et mondialisee de l'Actionnariat est maitre du monde, que face a cette Dictature la, un Assad ne pese pas plus sur l'echiquier des conflits lies au gaz et au petrole qu'un caniche de cirque. Aucune solutions pour les crimes commis en permanence contre l'Humanite n'est politique, politique pris au sens etymologique du terme. Les seules et uniques solutions possibles pour etablir une planete viable, une paix durable entre les peuples, entre les nations, entres les citoyens du Monde ne peuvent venir que des multinationales du gaz et du petrole d'abord. N'oublions jamais au grand jamais que sans les patrons allemands des multinationales de l'epoque, Adolphe Hitler n'aurait tous simplement jamais existe. Ne comptons surtout pas sur tous les Poutines du monde, sur tous les Trump du monde pour nous mettre au parfum... Reynders prend deja position. Mais QUELLES SONT LES PREUVES? Les armes chimiques et bacteriologiques de Saddam H etaient aussi certaines...et les americains n'ont absolument rien trouve apres avoir mis le Moyen-Orient a feu et a sang (avec tous les resultats actuels). Les manipulations sont toujours totales quand il s'agit de guerre et de favoriser les puissants lobbys des marchands et fabricants d'armes. A quand une enquete independante pour certifier les culpabilites? A l'heure ou El-Assad commencait a beneficier d'une image un peu moins negative, quel interet aurait-il a se remettre le monde entier a dos? Qule est le role de l'Arabie saoudite et d'autres acteurs proches, Russie et Turquie comprises.... ", "theme": "archive"}