{"id_art": "046bbeb054a7c0b7f6442b11faeefb1e", "title": "<< Il faut le respect des droits de chacun >> ", "newspaper": "lesoir", "author": [], "date_publi": [], "content": " Entretien << Il faut le respect des droits de chacun >> Francois Mathieu << Il faut le respect des droits de chacun >>Pour l'avocate Nathalie Colin (Whyte & Case), il est normal que la question du registre des beneficiaires reels de societes fasse debat.D'ou viennent ces reglementations sur les tiers beneficiaires ?Tout part de la 4e directive europeenne sur la lutte contre le blanchiment d'argent. Dans ce cadre, il a ete prevu de mettre sur pied un registre, un fichier, avec les beneficiaires reels des societes et constructions juridiques au sens large (trust par exemple, NDLR) dans le cadre de la lutte contre le financement du terrorisme, le blanchiment d'argent, etc. Et dans la pratique, ca donne quoi ?(c) Rossel & Cie - 2018 -- Conditions generales de ventes -- Droits de reproduction -- Protection de la vie privee - droit a l'oubli ", "theme": "archive"}