{"id_art": "61218ce7b18690b698ba1e98afa89eb6", "title": "Dispositif inchange ", "newspaper": "lesoir", "author": ["thomas casavecchia"], "date_publi": ["2017-04-22"], "content": " Dispositif inchange Thomas Casavecchia attentat aux Champs Elysees ,Election presidentielle 2017 Dispositif inchangeLes mesures de securite ne seront pas renforcees a l'occasion du scrutin de dimanche. Matthias Fekl, le ministre de l'Interieur, avait deja annonce dimanche dernier qu'<< au cours des prochains jours, plus de 50.000 policiers et gendarmes seront mobilises >>. Il convient encore d'y ajouter 7.000 militaires deployes dans le cadre de l'operation Sentinelle.A la sortie d'un Conseil de defense reuni vendredi autour de Francois Hollande, a l'Elysee, le Premier ministre Francais Bernard Cazeneuve est revenu sur le dispositif mis en place : << Rien ne doit entraver ce moment democratique fondamental pour notre pays >>, a-t-il declare. Il assure egalement que les unites specialisees et d'intervention sont placees en etat d'alerte permanente pour garantir une reactivite totale en cas d'incident.(c) Rossel & Cie - 2018 -- Conditions generales de ventes -- Droits de reproduction -- Protection de la vie privee - droit a l'oubli ", "theme": "archive"}