{"id_art": "bd0a1a8447565d050d03bbe270be1a8e", "title": "La Realpolitik des droits de l'homme ", "newspaper": "lesoir", "author": [""], "date_publi": ["2017-05-12"], "content": " La Realpolitik des droits de l'hommeDimanche soir, lorsque le nom du candidat d'En Marche ! est apparu sur les ecrans de television, les tweets diffuses par les << droits-de-l'hommistes >> n'ont laisse aucun doute sur leur << parti pris >>. << Macron a vaincu de maniere decisive, en defendant des valeurs de liberte et en refusant de copier l'extreme droite >>, a reagi Kenneth Roth, le directeur de Human Rights Watch. << Nous sommes soulages, a declare Dimitris Christopoulos, president de la FIDH (Federation internationale des ligues des droits de l'homme), en prevenant toutefois que << sans s'attaquer a ce qui le nourrit, l'accident fasciste avec lequel la France flirte depuis quinze ans restera un risque >>.(c) Rossel & Cie - 2018 -- Conditions generales de ventes -- Droits de reproduction -- Protection de la vie privee - droit a l'oubli ", "theme": "archive"}