{"id_art": "3ce24af8bd8bb4bf83004b921296b19b", "title": "Macron a attire les plus riches ", "newspaper": "lesoir", "author": ["francois mathieu"], "date_publi": ["2017-04-25"], "content": " Macron a attire les plus riches Francois Mathieu Des surprises ? Non, pas vraiment, mais c'est normal, je n'ai pas l'habitude de mettre l'accent sur notre travail, mais nous avions bien anticipe les choses >>, glisse malicieusement Brice Teinturier, directeur general d'Ipsos France, qui vient de livrer a nos confreres du Monde et de France Televisions une etude assez complete sur la sociologie de l'electeur francais. Realisee dans les trois jours qui ont precede le premier tour aupres d'un echantillon representatif de pres de 4.700 personnes, l'etude d'Ipsos montre que les jeunes de moins de 30 ans ont surtout ete seduits par Melenchon. Le << Sanders francais >>, en reference au senateur du Vermont qui etait parvenu a remobiliser une frange importante des jeunes electeurs lors de l'election americaine, << est parvenu a interesser une part plus importante que prevu des jeunes, ce qui explique selon moi pourquoi l'abstention n'a pas battu des records comme cela avait annonce >>. (c) Rossel & Cie - 2018 -- Conditions generales de ventes -- Droits de reproduction -- Protection de la vie privee - droit a l'oubli ", "theme": "archive"}