{"id_art": "27a633b38c9c6cfee15c377824d221ea", "title": "L'interview posthume de Philippe Maystadt: <<J'ai des defauts, mais j'ai ete honnete>> ", "newspaper": "lesoir", "author": [], "date_publi": [], "content": " Beatrice Delvaux Le ministre d'Etat Philippe Maystadt est decede a l'age de 69 ans. Il a accorde au << Soir >> un ultime entretien. Un echange dense et emouvant, termine vendredi dernier, ou il nous dit son amour de la vie. Le 9 novembre dernier, Philippe Maystadt previent : son medecin estime que << le moment est venu de songer a cette interview >>. Elle se fera par echanges de mails. La version definitive de cet entretien nous est parvenue vendredi dernier, alors que la maladie etait en phase terminale. Voici ce texte tres dense et tres emouvant d'un homme qui dit ne pas croire qu'il existe quelque chose apres la mort, mais qui a continue a consacrer les derniers moments de sa vie a transmettre des valeurs, son amour de la vie et sa confiance dans la jeunesse. Que reste-t-il a la fin d'une vie du jeune homme ou de l'homme ambitieux qu'on a ete ? Rencontre plusieurs fois -lui le Ministre en son Cabinet-, j'en garderai tant de souvenirs de brillante intelligence, d'HOMME REMARQUABLE. Je m'incline respectueusement devant son spiritualisme, ses choix de vie et de depart dans un agnosticisme convaincu. Michel Debruxelles (mon epouse Jeannine Dubois est aux soins intensifs) Son humanisme vivant m'accompagnera. Merci Philippe Maystadt! Merci Philippe! Dominique M. Rendons hommage a un veritable philosophe humaniste, c'est tellement rare! apres lecture de cette interview, un seul mot, silence et respect ! ", "theme": "archive"}