{"id_art": "6d7d78f249f430aca673339ec7e5b679", "title": "Attentat au Musee juif: la chambre du conseil renvoie Nemmouche devant la cour d'assises ", "newspaper": "lesoir", "author": [""], "date_publi": ["2018-01-25"], "content": " Belga La chambre du conseil de Bruxelles a requis, jeudi, le renvoi de Mehdi Nemmouche, Nacer Bendrer et Mounir Atallah devant la cour d'assises pour repondre de l'attentat au Musee juif de Belgique, perpetre le 24 mai 2014.Le parquet federal avait quant a lui requis le renvoi aux assises de Mehdi Nemmouche et Nacer Bendrer, et la levee des poursuites a l'encontre de Mounir Atallah. Seule une des parties civiles demandait que ce dernier soit egalement poursuivi.Le dossier doit a present etre examine par la chambre des mises en accusation, qui tranchera sur le renvoi aux assises des trois prevenus.", "theme": "archive"}