{"id_art": "b8e7e15f433582719400e3231296016b", "title": "<< Il faut y reflechir, et aussiaux cooperations renforcees >> ", "newspaper": "lesoir", "author": ["corentin di"], "date_publi": ["2017-03-03"], "content": " << Il faut y reflechir, et aussiaux cooperations renforcees >> Corentin Di Prima Pour Marianne Dony, le sursaut de l'Union europeenne passe sans doute par un recentrage de ses domaines d'actions et des cooperations renforcees entre certains Etats.La Commission a mis sur la table plusieurs scenarios pour l'avenir de l'UE, plutot que de proposer un cap. Surprenant ?(c) Rossel & Cie - 2018 -- Conditions generales de ventes -- Droits de reproduction -- Protection de la vie privee - droit a l'oubli ", "theme": "archive"}