{"id_art": "d8f6db41ff2a97123b06c2360c0623ac", "title": "Des atteintesa la reputation ", "newspaper": "lesoir", "author": [], "date_publi": [], "content": " Des atteintesa la reputation Des atteintesa la reputationEn mars, une enquete du Times, << Les grandes marques financent le terrorisme via la publicite en ligne >>, montrait que des pubs du gouvernement britannique, de la BBC, de L'Oreal... s'etaient retrouvees sur YouTube (filiale de Google) aux cotes de videos racistes ou faisant l'apologie du terrorisme. Scandale et reaction immediate. De grandes marques ont suspendu leurs campagnes sur YouTube : Marks and Spencer, Audi, McDonald's... Le boycott s'est etendu aux Etats-Unis. Google a du s'excuser publiquement et annonce une serie de mesures visant a eviter que la situation ne puisse se reproduire. Mais l'episode a laisse des traces. Il montre le probleme des achats automatises ou seule compte l'audience et pas le contenu du site. << L'ecosysteme numerique ne veille pas suffisamment a la securite de nos marques >>, estime-t-on a l'Union belge des annonceurs.(c) Rossel & Cie - 2018 -- Conditions generales de ventes -- Droits de reproduction -- Protection de la vie privee - droit a l'oubli ", "theme": "archive"}