{"id_art": "7c18eb7fbd9b9b43512fd5577c7c6034", "title": "Vers une cellule europeennede renseignements financiers ", "newspaper": "lesoir", "author": [], "date_publi": [], "content": " Vers une cellule europeennede renseignements financiers Elodie Lamer Hugues Bayet (PS)et Louis Michel (MR) appellent a la creation d'une cellulede renseignements financiers (CRF) europeenne.Le but : eviter qu'un scandale comme les Panama Papersse reproduise.Les Panama Papers a montre <<combien la criminalite financiere n'avait pas de frontieres>>, explique Hugues Bayet. B. Dalimonte. La Cellule belge de traitement des informations financieres (CTIF) va-t-elle etre dupliquee au niveau europeen ? C'est ce que reclament les eurodeputes belges Hugues Bayet (PS) et Louis Michel (MR) dans une proposition qui sera soumise au vote ce mardi.La CTIF, creee en 1993, est une autorite independante qui analyse les flux financiers suspects de blanchiment d'argent ou de financement du terrorisme. La legislation europeenne visant a lutter contre ces phenomenes est actuellement en cours de revision, notamment pour repondre au recent scandale des Panama Papers. Les commissions competentes du Parlement europeen doivent arreter leur position de negociation, ce mardi. Le texte devra ensuite etre discute avec les Etats membres, representes au Conseil. C'est dans ce cadre qu'Hugues Bayet et Louis Michel ont depose des amendements appelant la Commission europeenne a proposer, d'ici juin ou decembre, la creation d'une Cellule de renseignements financiers (CRF) europeenne.(c) Rossel & Cie - 2018 -- Conditions generales de ventes -- Droits de reproduction -- Protection de la vie privee - droit a l'oubli ", "theme": "archive"}