{"id_art": "eb388ae1d59e88313912af3ec375795d", "title": "<< La police est efficace avec six zones >> ", "newspaper": "lesoir", "author": [], "date_publi": [], "content": " << La police est efficace avec six zones >> Ann-Charlotte Bersipont En marge du debat sur la fusion des zones de police bruxelloises, Bernard Clerfayt (Defi) a compare les polices des grandes villes belges.Bruxelles s'en tire bien, meme avec six zones. Suite aux debordements a Lemonnier et a la Monnaie, l'organisation de la police bruxelloise est tres critiquee. pierre-yves thienpont. Suite aux echauffourees qui ont touche le centre-ville de Bruxelles les 11 et 15 novembre derniers, les elus neerlandophones enchainent les propositions : fusion des six zones de police de la capitale pour la N-VA, mise sur pied d'un etat-major unique pour le VLD... L'organisation policiere bruxelloise est plus que jamais au coeur des debats. Mais au fait, y a-t-il vraiment un probleme ? Bernard Clerfayt (Defi), bourgmestre de Schaerbeek et depute bruxellois, a compile une serie de chiffres consultables par tous dans les bases de donnees statistiques. En comparant les informations pour les grandes villes belges (Bruxelles, Anvers, Liege, Charleroi, Gand), il arrive a des conclusions surprenantes...(c) Rossel & Cie - 2018 -- Conditions generales de ventes -- Droits de reproduction -- Protection de la vie privee - droit a l'oubli ", "theme": "archive"}