{"id_art": "cab51cab885668db11fa12d23c8b79c4", "title": "Les tablettes de la discorde ", "newspaper": "lesoir", "author": [], "date_publi": [], "content": " Les tablettes de la discorde Eric Renette de materiel electronique plus gros qu'un GSMsur certains vols versles Etats-Uniset la Grande-Bretagne pose des problemes.Et suscite de nouvelles inquietudes.Le choix des cibles antiterroristes est apparu pour certains comme, avant tout, un moyen de limiter l'attractivite de compagnies aeriennes concurrentes aux compagnies nationales americaines et britanniques.Le Soir.L'interdiction des tablettes a bord de certains avions en provenance de certains pays par les Etats-Unis et la Grande-Bretagne provoque bien des reactions. Et des interrogations. Les associations mondiales de l'aviation reagissent. L'OACI, l'Organisation de l'aviation civile internationale emanant directement de l'ONU, qui plaide toujours pour l'application de normes et pratiques communes, mondialement, pour faciliter la mobilite a travers la planete, reconnait qu'on touche la a la responsabilite de chaque Etat d'evaluer en permanence le niveau de la menace qui pese sur lui. L'Iata, l'association mondiale des compagnies aeriennes, souligne que cette decision a ete prise unilateralement, sans consultation des compagnies. Enfin, l'agence europeenne de la securite aerienne (EASA), apres d'autres, rappelle que ces mesures ne sont pas sans impact en termes de securite.(c) Rossel & Cie - 2018 -- Conditions generales de ventes -- Droits de reproduction -- Protection de la vie privee - droit a l'oubli ", "theme": "archive"}