{"id_art": "412f69caef86c1a66b37a4d6f131caf6", "title": "Andrea Rea (ULB): <<La dimension du repli a pris le dessus depuis les attentats>> ", "newspaper": "lesoir", "author": [], "date_publi": [], "content": " Andrea Rea (ULB): <<La dimension du repli a pris le dessus depuis les attentats>> Pour le sociologue de l'ULB, un an apres les attentats de Bruxelles, l'urgence de la rencontre de l'autre ne figure pas encore en haut de l'agenda politique, ni de celui de la population belge. Un an apres les attentats de Bruxelles, alors que les commemorations rendront hommage aux victimes la semaine prochaine, notre vie a-t-elle change ?<< Le Soir >> a interroge citoyens et experts, qui expliquent comment ils ont adapte (ou non) leur quotidien, comment l'ombre du terrorisme plane sur leurs deplacements, quels mecanismes permettent a l'esprit humain et a la societe de se relever apres un tel choc.<< La dimension du repli semble bien avoir pris le dessus, et elle se cristallise sur la question de l'autre, du musulman, de l'etranger, alors qu'elle ne se situe pas qu'a cet endroit >>, analyse le sociologue de l'ULB Andrea Rea.Selon lui, l'urgence de la rencontre de l'autre ne figure pas encore en haut de l'agenda politique, ni de celui de la population belge. Les attentats n'ont en ce sens pas suscite de sursaut suffisant.<< Le besoin de communaute qu'on sent aujourd'hui tant chez les minoritaires que chez les majoritaires est lie a une impossibilite de gerer une incertitude. Plus cette insecurite augmente, plus le repli augmente, explique Andrea Rea. Et aujourd'hui cette insecurite porte davantage sur l'identite culturelle que sur le salaire, l'appartenance sociale, etc. >> --> A lire sur Le Soir+, l'integralite de l'interview d'Andrea Rea (c) Rossel & Cie - 2018 Conditions generales de vente - Droits de reproduction - Protection de la vie privee - Droit a l'oubli ", "theme": "archive"}