{"id_art": "9a9f927946db23fb887a51626abab803", "title": "Presidentielle: Macron et Le Pen devoilent leurs agendas d'ici le second tour ", "newspaper": "lesoir", "author": [""], "date_publi": ["2017-04-25"], "content": " Aurore Duplessis (St.)Election presidentielle 2017 ,Marine Le Pen ,Emmanuel Macron Les candidats ont un agenda serre. Apres leurs qualifications pour le second tour qui aura lieu le 7 mai prochain, Emmanuel Macron et Marine Le Pen entament la derniere ligne droite. Pour cette quinzaine, le leader d'En Marche ! et du Front national, multiplient les rendez-vous, meetings et autres apparitions mediatiques.Ce mardi, a 10h45 heures, Francois Hollande a convie Emmanuel Macron et Marine Le Pen, a assister a l'hommage national rendu a Xavier Jugele, le policier tue lors de l'attentat sur les Champs-Elysees. Les deux candidats ont affirme qu'ils seraient presents.", "theme": "archive"}