{"id_art": "8ecc715b8eb89e70c247fb67630fa0e4", "title": "Terrorisme: des bourgmestres habilites a fermer les lieux <<douteux>> ", "newspaper": "lesoir", "author": [], "date_publi": [], "content": " Ludivine PonciauLa loi sur l'elargissement des competences des bourgmestres en matiere de lutte contre le terrorisme examine en commission. La porte ouverte a tous les abus, fustigent ses detracteurs. Le parlement federal a examine jeudi en pleniere la proposition de levee du secret professionnel pour les travailleurs sociaux dans un contexte terroriste. Un texte finalement renvoye devant le Conseil d'Etat, a la grande colere de la N-VA, suite au depot d'une serie d'amendements par l'opposition. L'une de ces nouvelles propositions vise l'obligation pour le travailleur social de denoncer les infractions terroristes aupres de son superieur hierarchique. Et non plus directement au parquet.Vendredi, la commission de lutte contre le terrorisme examine une disposition portee par le MR et visant a etendre le pouvoir des bourgmestres en matiere de controle de lieux << suspects >>. Celui-ci serait autorise a fermer, pour six mois maximum, un etablissement sur lequel portent des indices serieux de la presence d'activites terroristes. Par << etablissement >>, on entend les cafes, restaurants, lieux de rassemblement, lieux culturels, sportifs ou religieux.", "theme": "archive"}