{"id_art": "74ef7e52a9c4e27657d12cbcafba2e79", "title": "Mais aussi ", "newspaper": "lesoir", "author": [""], "date_publi": ["2017-05-21"], "content": " M.M.L'hypothese d'un attentat fut evoquee. Dans les jours precedant le drame, des activistes de gauche avaient denonce par voie de tracts l'organisation de la << semaine americaine >>. Cette piste ne deboucha sur rien. 1.800 temoins furent interroges. L'enquete se clotura sur un non-lieu le 4 juin 1970, l'hypothese de l'accident etant retenue, au desespoir de certaines parties civiles.", "theme": "archive"}