{"id_art": "7445395fe2ff69d83b8d3c0908704ca6", "title": "La cote de l'UE remonte ", "newspaper": "lesoir", "author": [""], "date_publi": ["2017-04-29"], "content": " La cote de l'UE remonteLa cote de l'UE remontePres de deux tiers des Belges (64 %) sont convaincus qu'appartenir a l'Union europeenne est une bonne chose. C'est legerement plus que la moyenne europeenne (57 %), ressort-il d'une enquete Eurobarometre du Parlement europeen publiee jeudi. Les resultats sont meilleurs de quatre points que lors de l'Eurobarometre precedent, en septembre 2016, et retrouvent presque le niveau de confiance d'avant la crise financiere (58 % en 2007).Une majorite de citoyens europeens estiment que c'est l'Europe qui est la mieux placee pour repondre a des enjeux internationaux, tels que l'instabilite croissante dans le monde arabe, l'influence accrue de la Russie et de la Chine, ou le Brexit et l'election de Donald Trump. Ils sont aussi 80 % a penser que l'UE devrait agir davantage dans la lutte contre le terrorisme (80 %), le chomage (78 %), la protection de l'environnement (75 %) et la lutte contre la fraude fiscale (74 %).(c) Rossel & Cie - 2018 -- Conditions generales de ventes -- Droits de reproduction -- Protection de la vie privee - droit a l'oubli ", "theme": "archive"}