{"id_art": "8a7aac2ea286bc31b332947da0a2c355", "title": "Charles Michel debarque au Mali pour assurer les arrieres de l'Europe ", "newspaper": "lesoir", "author": [], "date_publi": [], "content": " Philippe Regnier Developpement et lutte contre le terrorisme ont domine les entretiens de Charles Michel et de son homologue luxembourgeois Xavier Bettel avec les autorites maliennes. Depuis Koulikoro (Mali) Vers midi, ce mardi, un grand helicoptere blanc a debarque son contingent de VIP sur la base militaire malienne de Koulikoro dans un grand nuage de poussiere ocre. Les Premiers ministres belge Michel et luxembourgeois Bettel sont descendus de l'appareil flanques du ministre De Croo, en charge de la Cooperation et du Developpement. Charles Michel a effectue un crochet par le Mali avant de se rendre au sommet entre l'Union europeenne et l'Afrique, a Abidjan, pour << montrer notre solidarite et notre soutien >> a ce pays sahelien fragile, ronge par l'extreme pauvrete, les degats du changement climatique et le cancer terroriste du djihadisme, une guerilla menee par une nebuleuse de groupes. Je pense humblement que nous devrions etre plus present en Afrique et nettement moins au Moyen Orient, hormis le reglement de la cause Palestinienne qui est la cle de voute de la Paix.... C'est bon de rever.... ", "theme": "archive"}