{"id_art": "77d24ff2528eb25d031fc9eb487cf35d", "title": "Attentat a Londres: la police a procede a deux nouvelles arrestations <<importantes>> ", "newspaper": "lesoir", "author": [""], "date_publi": ["2017-03-24"], "content": "Les enqueteurs cherchent a determiner si l'auteur de l'attentat avait ete en contact avec d'eventuels commanditaires. La police britannique a annonce vendredi avoir procede a deux nouvelles arrestations dans l'enquete sur l'attaque de mercredi a Londres.Mark Rowley, le chef des services antiterroristes, a ajoute que les enqueteurs tentaient toujours de determiner si l'auteur de l'attaque meurtriere commise dans le secteur du Parlement de Westminster avait ete en contact avec d'eventuels commanditaires.Au total, neuf personnes sont toujours en garde a vue ; une femme a ete liberee.Le bilan de l'attaque, revendiquee par l'organisation Etat islamique, s'est alourdi a quatre morts, un homme de 75 ans ayant succombe jeudi a ses blessures.", "theme": "archive"}