{"id_art": "e09e7ec2a2bf9f157e3b78ba9507ac9f", "title": "Un sommet UE - voisins de l'Est: pour des actions au benefice des citoyens ", "newspaper": "lesoir", "author": [], "date_publi": [], "content": " Philippe Regnier Le sommet n'a pas pour objectif de resoudre les conflits, comme en Ukraine. Ni de s'opposer a la Russie. Au coeur de la rencontre, il y a les individus. Brexit, migrations, populismes, extremismes, terrorisme, procrastinations sur l'avenir de l'Union europeenne et maintenant flottement politique en Allemagne : la plupart des leaders europeens n'ont guere a coeur, ni le temps, de s'engager avec enthousiasme dans le << partenariat oriental >> que l'UE tisse officiellement depuis 2009 avec six ex-pays sovietiques. C'est donc avec soulagement que Johannes Hahn, le commissaire europeen en charge de la Politique de voisinage, a pu annoncer jeudi la participation de la << chanceliere en affaires courantes Merkel >> au sommet, ce vendredi a Bruxelles entre l'UE et les Six, aux cotes de 21 - sur 28 - autres chefs d'Etat ou de gouvernement. Le flou autour de la presence de la chanceliere allemande et l'absence annoncee d'autres poids lourds europeens, dont le president francais Macron, a pu donner l'impression d'un desinteret pour l'evenement, qui ne durera que quelques heures...", "theme": "archive"}