{"id_art": "33f13ef179948412ce3009ffb3c1898e", "title": "Islam belge et democratie ", "newspaper": "lesoir", "author": [], "date_publi": [], "content": " Par Vincent Engel Comment a-t-on pu en arriver, en Belgique, a une radicalisation d'une telle ampleur ? Et comment y remedier ? La chronique de Vincent Engel. Dans leur essai Molenbeek-sur-Djihad (editions Grasset), Christophe Lamfalussy et Jean-Pierre Martin dressent un tableau implacable d'une lente derive qui a conduit a la situation que nous connaissons : une commune de Bruxelles devenue le symbole mondial du terrorisme. Une analyse detaillee, confortee par de nombreux elements factuels, et que l'actualite de la Commission d'enquete sur les attentats vient confirmer a sa maniere. Un an apres les attentats de Bruxelles, on ne peut que recommander la lecture de cet ouvrage.Lamfalussy et Martin identifient une serie de raisons qui expliquent pourquoi on en est arrive a cette situation dramatique. La premiere est structurelle, et liee a l'organisation communale de notre pays, systeme qui << entretient les petits potentats locaux et ne facilite pas la mise en place d'une politique rationnelle dans le champ social, economique et bien sur dans la lutte contre la criminalite et le terrorisme. >>Ce qui est malheureux, dans ce constat, c'est que la commune devrait etre le lieu de la democratie. Historiquement, des pays comme la Belgique et l'Italie partagent cette particularite d'avoir connu un developpement << communal >> precoce, avec des droits arraches par les citoyens et des organisations bien plus democratiques que celles qui prevalaient alors a l'echelle nationale. Aujourd'hui encore, si la democratie a une chance de se revivifier, c'est en repartant de l'echelon local ; ce n'est donc peut-etre pas le principe d'un morcellement de Bruxelles en petites communes qui est la cause de cette derive, mais la maniere dont il a ete gere. Et les auteurs ont raison de pointer le fait qu'une telle structure peut etre l'occasion pour des satrapes de se construire des petits royaumes.De ce point de vue, Philippe Moureaux, qui a regne sur la commune pendant 20 ans, porte une responsabilite ecrasante, que les auteurs detaillent implacablement, rappelant qu'au debut des annees 1980, Flupke Moustache faisait campagne contre l'immigration et tenait, dix ans plus tard, des positions anti-immigres - avant de comprendre l'importance electorale de ces electeurs, dont il deviendra le defenseur farouche, n'hesitant plus des lors a traiter de nazis des journalistes de la RTBF << coupables >> d'un reportage objectif sur la radicalisation en cours dans son fief. Car Moureaux va bel et bien laisser se developper un islam radical sur ses terres. << Pendant deux decennies, les autorites politiques et les organisations issues de la societe civile ont fait mine de ne pas voir l'emergence de cet islamisme radical. Trois raisons expliquent cette absence de reaction. D'abord le clientelisme politique, ensuite l'illusion de pouvoir acheter la paix communautaire en contrepartie d'une inaction declaree, et enfin la peur de stigmatiser une partie importante de la population socialement marginalisee. >>Moureaux, comme tous les responsables politiques de son temps, ont une meconnaissance absolue de ce qu'est l'islam. Ils laissent faire n'importe quoi et abandonnent tout controle de l'Etat. La demographie et les naturalisations leur apportent des voix faciles a capter, si du moins on consent des avantages a ceux qui, petit a petit, prennent le controle d'une population laissee en marge de la societe belge, ou le chomage depasse les 40 % et ou les jeunes n'ont absolument aucun espoir de s'integrer un jour. Les auteurs le soulignent justement : un haut taux de naturalisation peut avoir un impact negatif quand la situation socio-economique est mauvaise et que les gens ont le sentiment d'etre rejetes, alors que la naturalisation est censee etre un accueil.Molenbeek devient, au fil des ans, un ghetto, du moins dans certains quartiers du vieux Molenbeek. Les recettes fiscales sont insuffisantes, les logements se fractionnent. Des chercheurs tirent la sonnette d'alarme des les annees 1980 et il y aura des emeutes en 1995 ; mais les autorites, sous la houlette de Moureaux, ne prennent aucune mesure. Moureaux n'est pas seul responsable ; il agit avec l'assentiment des responsables politiques a tous les echelons de pouvoir et de son parti, le PS, davantage preoccupe de renforcer son electorat a Bruxelles.Meme les autorites marocaines sont conscientes des dangers de cette situation : << Il s'agit de jeunes de la troisieme generation de migrants [majoritairement marocains], qui ont vecu en marge de la societe, en raison des defaillances dans la politique d'integration, et qui ont trouve dans le discours extremiste un element salvateur a leur misere intellectuelle. [...] De meme, la proliferation des armes a feu en Belgique conforte l'amplitude de la part d'une nouvelle generation de repris de justice pour des faits lies au grand banditisme, au narcotrafic international ou ayant bascule dans le terrorisme. >> Les autorites marocaines estiment que << l'Etat doit intervenir dans le controle de la foi >> et qu'il n'est pas normal que des mosquees puissent se creer comme ca, dans des garages, sans aucune autorisation. Cependant, le roi du Maroc pretend regler aussi la vie religieuse des Marocains vivant a l'etranger, et on ne peut pas dire que ce soit une reussite, alors que la Turquie, qui procede de la meme maniere, a obtenu d'autres resultats.Moureaux n'est pas le seul non plus a s'aveugler sur les dangers d'un islam radical qui se developpe en Europe. Cette radicalisation a ete aussi encouragee par les plus hauts responsables politiques europeens, comme Laurent Fabius qui, en 2012, declare que << Bachar el-Assad ne merite pas d'etre sur terre >>, pour ajouter, quelques mois plus tard, que << sur le terrain, le Front al-Nostra fait du bon boulot >>. En Belgique, l'incompetence des responsables politiques va les conduire a laisser se propager un islam privilegiant une lecture du Coran victimaire. Les salafistes et les Freres musulmans ont pris le controle de la communaute marocaine, originaire en majorite du Rif, une region dure ou la pratique religieuse est tres conservatrice. << L'islam n'est pas responsable des attentats de Paris et de Bruxelles, mais celui qui a ete importe en Belgique, en raison de la meconnaissance de l'islam par les politiques belges et des divisions au sein de la communaute musulmane, a cree un terreau sur lequel les radicaux ont prospere. Les salafistes, les Freres musulmans, les Tablighis, le Milli Gorus turc, les chiites pro-iraniens ont pris racine en Belgique, imposant - a des degres divers - la predominance de la religion sur le fonctionnement de l'Etat. >>Les auditions du directeur de la grande mosquee devant la commission d'enquete sur les attentats confirment cet echec des autorites publiques ; il est en effet inacceptable qu'un Etat exterieur, qui plus est un Etat aussi peu democratique que l'Arabie Saoudite, le Qatar ou la Turquie, puisse controler des lieux de culte et d'enseignement en dehors de son territoire. Patrick Dewael, qui dirige la commission, a eu beau refuser de remercier un directeur qui ne parle aucune des trois langues nationales et lui reprocher son comportement, qu'il a compare a une << gifle >>, cela ne changera rien a la situation : ces mosquees et ces ecoles coraniques sont effectivement des lieux de radicalisation, qui echappent a tout controle public, les << ambassades >> illegitimes et non reconnues d'un regime totalitaire maquille en religion, qui financent et abritent des barbouzes d'un genre nouveau.De ce point de vue, il n'y a pas d'alternative : il faut fermer tout lieu de culte ou d'enseignement qui n'est pas reconnu par l'Etat, qui ne respecte pas les regles de notre democratie et qui n'en enseigne pas les valeurs. Aucun religieux, aucun enseignant ne devrait meme etre finance par des pays exterieurs, et ce, quel que soit le culte en question, du moins sans la plus complete transparence sur ces financements, lesquels ne pourraient donner droit a aucun controle des activites sur notre territoire.Une autre raison de cet aveuglement de nos responsables politiques : le fait que, depuis quarante ans, ils ont concentre toutes leurs forces sur cette aberration que sont la regionalisation et la dislocation de l'Etat. Molenbeek, du coup, devient aussi << le symptome d'un mal plus profond, celui d'un Etat belge dont les ressources n'ont cesse d'etre reduites depuis quarante ans au nom de la decentralisation, celui d'une ville, Bruxelles, qui n'a jamais ete aimee, ni par les Wallons, ni par les Flamands, celui d'un pays provincial, divise en baronnies, qui abrite pourtant les deux organisations les plus importantes pour l'Europe, l'Union europeenne et l'Otan. >>Une autre consequence de cette incurie politique est l'affaiblissement de l'appareil judiciaire. Nous y consacrons 0,7 % de notre PNB, contre une moyenne de 2,5 pour l'OCDE, voire 4 % chez nos voisins les plus proches. Le chapitre du livre consacre aux proces est particulierement edifiant, qui pointe au passage un paradoxe du combat contre le terrorisme, comme le formule un des avocats de terroristes : << Dans les affaires de droit commun - meurtres, viols, etc. -, le systeme est l'arbitre entre la victime et l'auteur. En matiere de terrorisme, le systeme est lui-meme la victime. Et il ne peut plus vraiment en etre l'arbitre. >> L'argument, cependant, est specieux : la justice ne represente pas a elle seule tout le << systeme >>, terme que l'avocat utilise ici pour designer deux realites differentes : dans le premier cas, c'est bien la justice qui arbitre entre la victime et l'accuse ; dans le second, c'est la societe dans son ensemble qui est atteinte par le terrorisme, pas seulement la justice.Les auteurs, apres un tableau extremement complet d'une situation complexe, illustre par de nombreux exemples concrets, essaient d'ebaucher des pistes pour regler un probleme qui ne concerne pas que Molenbeek (paradoxalement, la commune n'a << exporte >> que 79 djihadistes vers la Syrie, sur un total de 500 en Belgique).Il y a d'abord des actions << interieures >> a mener, qui concernent toute la population d'ailleurs : lutter contre le chomage et favoriser l'integration effective de ces jeunes Belges et de ces jeunes immigres ; decloisonner les differents services en charge de la securite ; donner a la justice les moyens de fonctionner efficacement ; imposer un controle etatique sur les lieux de culte et d'enseignement religieux et interdire toute ingerence exterieure (interdiction qui passe evidemment par la fermeture des lieux non reconnus et par le renvoi dans leur pays de predicateurs non reconnus par les autorites belges) ; renforcer les liens sociaux dans les communes les plus atteintes et y developper des projets culturels et pedagogiques.Il faut aussi une reelle et concrete implication du monde musulman belge, qui doit opter pour un islam respectueux des valeurs democratiques et trouver sa place dans une societe resolument laique. Le controle sur les lieux de culte et d'enseignement doit evidemment porter aussi sur les matieres enseignees et sur la formation des maitres et des imams. Avec leur appui, il faudra aussi proceder a une deradicalisation des individus contamines.Enfin, Lamfalussy et Martin le rappellent, aucune solution ne pourra etre apportee au terrorisme tant que la paix ne s'etablira pas au Moyen-Orient : non seulement en Syrie, en Irak, en Libye, mais aussi entre Israel et la Palestine, conflit dont les repercussions alimentent les tensions et nourrissent la radicalisation.Un vaste programme ? Pas tellement, si on tient compte des enjeux et de leurs repercussions pour l'ensemble de la population. L'auteur. Vincent Engel est romancier, dramaturge et essayiste. Il est egalement professeur de litterature a l'UCL et d'histoire des idees a l'Ihecs.Les ennemis de l'interieur ? C'est le titre de cette chronique. Pourquoi ? Je ne sais pas si la democratie est le meilleur ou le moins mauvais des systemes ; ce que je sais, c'est qu'il est le plus fragile. Et ses ennemis exterieurs, pour reels qu'ils soient, sont parfois l'epouvantail qui masquent un mal plus profond qui le ronge de l'interieur...Site internet :http://www.edern.be/vincentengel/ quelques regles de bonne conduite avant de reagir (c) Rossel & Cie - 2018 Conditions generales de vente - Droits de reproduction - Protection de la vie privee - Droit a l'oubli ", "theme": "archive"}