{"id_art": "0bb6d752dd410f060191339bd7755166", "title": "Dans les avions, les tablettes sement la discorde ", "newspaper": "lesoir", "author": [], "date_publi": [], "content": " Eric Renette Lutte antiterrorisme : l'interdiction de materiel electronique plus gros qu'un GSM sur certains vols vers les Etats-Unis et la Grande-Bretagne pose des problemes. Et suscite de nouvelles inquietudes. L'interdiction des tablettes a bord de certains avions en provenance de certains pays par les Etats-Unis et la Grande-Bretagne provoque bien des reactions. Et des interrogations. Les associations mondiales de l'aviation reagissent. L'OACI, l'Organisation de l'aviation civile internationale emanant directement de l'ONU plaide toujours l'application de normes et pratiques communes, mondialement, pour faciliter la mobilite a travers la planete reconnait qu'on touche la a la responsabilite de chaque etat d'evaluer en permanence le niveau de la menace qui pese sur eux. L'Iata, l'association mondiale des compagnies aeriennes souligne que cette decision a ete prise unilateralement, sans consultation des compagnies. Enfin, l'agence europeenne de la securite aerienne (EASA), apres d'autres, rappelle que ces mesures ne sont pas sans impact en termes de securite.", "theme": "archive"}