{"id_art": "b20607b62408cdf21b71e0966a4318d8", "title": "Daesh revendique l'attentat de Londres ", "newspaper": "lesoir", "author": [], "date_publi": [], "content": " La redaction en ligneAu moins trois personnes ont ete tuees lors de l'attaque aux abords du Parlement britannique. Le groupe djihadiste Etat islamique (EI) a revendique jeudi, par le biais de son agence de propagande Amaq, l'attentat de Londres qui a coute la vie a trois personnes.<< L'auteur de l'attaque en face du Parlement britannique a Londres est un soldat de l'EI et l'operation a ete menee en reponse a l'appel a frapper les pays de la coalition >> internationale antidjihadistes, a indique Amaq, citant << une source de securite >>.C'est la premiere fois que Daesh revendique une attaque en Grande-Bretagne, pays membre de la coalition internationale dirigee par les Etats-Unis.", "theme": "archive"}