{"id_art": "10f825f8ba58dabb9d26648bf2dc4876", "title": "Garantir l'anonymataux Unites speciales ", "newspaper": "lesoir", "author": [], "date_publi": [], "content": " les parties civiles Garantir l'anonymataux Unites speciales Marc Metdepenningen Garantir l'anonymataux Unites specialesLes avocats des deux dernieres parties civiles qui se sont exprimes jeudi matin representaient un policier de la DR3 (anti-terrorisme) et deux agents des Unites speciales de la police federale (DSU). << C'est la premiere fois que des agents des unites speciales se constituent parties civiles, c'est leur metier de se faire tirer dessus >>, a souligne Me Tom Bauwens, leur avocat.(c) Rossel & Cie - 2018 -- Conditions generales de ventes -- Droits de reproduction -- Protection de la vie privee - droit a l'oubli ", "theme": "archive"}