{"id_art": "00eb7a845e1fc5124f4f2bcab0db7717", "title": "a Paris << C'est triste a dire mais on s'est habitue... >> ", "newspaper": "lesoir", "author": ["lorraine kihl"], "date_publi": ["2017-04-22"], "content": " a Paris << C'est triste a dire mais on s'est habitue... >> Lorraine Kihl de notre envoyee specialeAbdel est tellement meduse par la tele qu'il en a oublie la cliente qui lui tend un billet depuis une dizaine de secondes. Sur le petit ecran pose entre les piles de magazines, toujours le meme ballet de gyrophares, Marine Le Pen, Francois Fillon, le procureur. Et les titres de BFM TV qui defilent, defilent, defilent. Les deux policiers blesses sur les Champs-Elysees sont sortis d'affaire.Quand le gerant du kiosque pres de la mairie de Montreuil finit par se retourner - Closer, 1,50 euro -, c'est la cliente qui est absorbee a son tour par les derniers developpements de l'attentat qui a tue un policier. Ca l'enerve, mais elle a du mal a decrocher. << Aaah ! J'en peux plus des attentats, des elections ! >>(c) Rossel & Cie - 2018 -- Conditions generales de ventes -- Droits de reproduction -- Protection de la vie privee - droit a l'oubli ", "theme": "archive"}