{"id_art": "1e954b396f7688145101d54e86636645", "title": "Poutine veut << liquider >> les terroristes sur le champ ", "newspaper": "lesoir", "author": [], "date_publi": [], "content": " Poutine veut << liquider >> les terroristes sur le champ Emmanuel GrynszpanL'explosion, qui a fait 13 victimes, s'est produite dans le supermarche Perekrestok. De notre correspondantLe terrorisme tente a nouveau de gacher la fin d'annee des Russes. Une explosion mercredi soir a 18 h 30 locales dans un supermarche de Saint-Petersbourg a blesse 13 personnes, dont 6 etaient toujours hospitalisees jeudi << dans un etat de gravite moyenne >>, selon le quotidien RBK.(c) Rossel & Cie - 2018 -- Conditions generales de ventes -- Droits de reproduction -- Protection de la vie privee - droit a l'oubli ", "theme": "archive"}