{"id_art": "cd2a9df005561423572d050c1c42dfd6", "title": "Russie: decheance de nationalite envisagee pour les membres du groupe EI ", "newspaper": "lesoir", "author": [], "date_publi": [], "content": " Russie: decheance de nationalite envisagee pour les membres du groupe EI La Russie songe a dechoir de leur nationalite les personnes naturalisees << impliquees dans les activites criminelles >> de l'organisation Etat islamique (EI), a declare le president russe Vladimir Poutine.<< Selon la Constitution russe, nous ne pouvons priver personne de sa nationalite. Mais nous pouvons annuler les decisions qui ont permis (qu'une personne) obtienne la nationalite russe >>, a declare M. Poutine dans un entretien a la chaine d'informations Mir 24, diffuse mercredi. << Nous sommes en train de mener des consultations avec nos services juridiques et je pense qu'une decision sera prise au plus vite >>, a-t-il ajoute. Il a simplement evoque comme cibles de cette mesure les personnes << impliquees dans les activites criminelles de l'Etat islamique >>, sans preciser si elles devaient avoir ete condamnees pour terrorisme comme c'est le cas dans plusieurs pays comme le Kazakhstan auquel il a fait reference. (c) Rossel & Cie - 2018 Conditions generales de vente - Droits de reproduction - Protection de la vie privee - Droit a l'oubli ", "theme": "archive"}