{"id_art": "4b887dd56652f53cfb3d14a45d8b4f57", "title": "Bernard Whalen: <<New York a toujours ete un epicentre du crime>> ", "newspaper": "lesoir", "author": [], "date_publi": [], "content": " Maurin Picard Bernard Whalen est officier de police a New York. Il a participe a l'ecriture d'un livre retracant l'histoire du NYPD, de 1845 a nos jours. New York New York n'a pas attendu les attentats de 2001 pour entrer dans les livres d'histoire comme un epicentre du crime et de la violence. C'est la these d'un ouvrage cosigne par plusieurs detectives veterans du NYPD (<< New York City Police Department >>, le service de police de la ville de New York) et un journaliste, balayant un arc de 172 ans, depuis la naissance d'une force de police officielle en 1845, avec 80 affaires hautes en couleur, qui ont defraye la chronique. Passage en revue avec Bernard Whalen, lieutenant en activite, de cette Amerique ultra-violente, qui s'est construite dans la rue.", "theme": "archive"}