{"id_art": "b7fcc4d9542b1d380a7229e5b389052a", "title": "Sophie Wilmes relativise ", "newspaper": "lesoir", "author": [], "date_publi": [], "content": " Dominique Berns La ministre du Budget, Sophie Wilmes, relativise les previsions du Bureau du Plan. << Le Plan est generalement plus pessimiste ; c'etait le cas en 2015, mais aussi l'an passe. Au printemps passe, le Plan nous annoncait un deficit public de 2,8 % du PIB. Or, nous avons cloture 2016 sur un deficit de 2,6 %. Le Bureau du Plan ne prend pas en compte certaines mesures que nous avons annoncees, ni la \"flexibilite\" permise par les regles europeennes >> (qui autorisent de ne pas tenir compte des depenses exceptionnelles liees a la crise des migrants et au terrorisme), a-t-elle precise.", "theme": "archive"}