{"id_art": "d8d6c5612e5658ce37426e7bda89a87d", "title": "L'expert: <<Une algerisation des debats>> ", "newspaper": "lesoir", "author": [], "date_publi": [], "content": " Joelle Meskens Pour l'historien Patrick Weil, la France souffre davantage d'une << algerisation des debats >> que d'une << lepenisation des esprits >>. L'histoire de la colonisation n'est pas digeree. Patrick Weil est historien francais, specialiste de l'immigration. Si l'on assiste aujourd'hui a des tensions, c'est que l'histoire n'est pas bien apprise, estime-t-il. La France est-elle devenue un pays plus raciste qu'avant ? Non, des Francais et des elus se sont montres tres actifs, tres solidaires vis-a-vis des migrants. En revanche, le gouvernement francais s'est montre pusillanime. Je regrette que la France n'ait pas pris l'initiative de convoquer une reunion internationale qui aurait traite de la question syrienne dans toutes ses dimensions. Beaucoup de populations europeennes ont eu le sentiment qu'on deleguait sur l'Europe uniquement la dimension humanitaire. ", "theme": "archive"}