{"id_art": "52e47a1f66b0a7483bbbfab9f7a8375c", "title": "<< Nous vivons comme avant, mais nous ne pensons plus comme avant >> ", "newspaper": "lesoir", "author": ["corentin di"], "date_publi": ["2017-04-16"], "content": " << Nous vivons comme avant, mais nous ne pensons plus comme avant >> Corentin Di Prima Vincent de Coorebyter n'a constate que <<tres peu de recuperation politique>>. Il faut distinguer le visible et l'invisible >> pour tenter d'etablir un diagnostic nuance des repliques provoquees dans notre societe par la secousse du 22 mars, estime le professeur de l'ULB Vincent De Coorebyter.Qu'est-ce qui vous frappe particulierement dans cette Belgique post-attentats ?(c) Rossel & Cie - 2018 -- Conditions generales de ventes -- Droits de reproduction -- Protection de la vie privee - droit a l'oubli ", "theme": "archive"}