{"id_art": "2517cbb5314f128024d8f8ddf1a141db", "title": "Le bus des joueurs de Dortmund attaque ", "newspaper": "lesoir", "author": [""], "date_publi": ["2017-04-12"], "content": " Le bus des joueurs de Dortmund attaque Le car des footballeurs allemands a ete touche sur la route entre l'hotel des joueurs et le stade par trois explosions.Une vitre a ete brisee, blessant Marc Bartra. La decision de reporter le match a ete prise un quart d'heure avant le coup d'envoi.Les joueurs de Dortmund (ici Sahin, Schmelzer et Bender) ont quitte les lieux de l'explosion sous l'escorte de la police allemande.La soiree europeenne a le Signal Iduna Park de Dortmund devait etre flamboyante et axee autour d'une solide mecanique offensive debridee, spectaculaire. C'etait sans compter sur des conditions de jeu demolies par des troubles exterieurs graves qui ont occasionne de multiples degats au car du BVB et blesse l'Espagnol Marc Bartra au bras (voir ci-contre), alors que les Teutons etaient sur le point de rallier leur enceinte sportive. Trois explosions, selon des sources policieres locales, ont touche le bus de la formation allemande et provoque une evidente situation de crise qui a finalement pousse les autorites locales et l'UEFA a reporter la rencontre a ce mercredi (18h45), a un quart d'heure du coup d'envoi de la partie, tandis que les hommes de Thomas Tuchel ont ete raccompagnes a leur hotel par des policiers armes de mitraillettes. (c) Rossel & Cie - 2018 -- Conditions generales de ventes -- Droits de reproduction -- Protection de la vie privee - droit a l'oubli ", "theme": "archive"}