{"id_art": "576acb6607f5174a3c015365760e36c3", "title": "L'Egypte, une bombe a retardement aux portes de l'Europe ", "newspaper": "lesoir", "author": [], "date_publi": [], "content": " PHILIPPE REGNIERL'UE est bien decidee a ne pas laisser << tomber l'Egypte >>. Un vaste << partenariat >> est en marche. Quitte a composer avec le marechal al-Sissi, garant de l'ordre... avec une main de fer. Un arrangement raisonnable au nom de la realpolitik ? Le Caire, Fayoum C'est simple : << L'Egypte est juste un trop gros morceau pour tomber >>. Diego Paturel est le chef de la section << Cooperation >> de la Delegation de l'Union europeenne en Egypte, l'<< ambassade >> de l'UE au Caire. Son avertissement trahit l'anxiete des Europeens : pourvu que l'Egypte et ses 92 millions d'habitants ne basculent pas a leur tour dans les grands tourments du monde arabe ! Et voila l'Europe, sur l'autre rive de la Mediterranee, reduite a composer avec le marechal Abdel Fattah al-Sissi, qui regne avec poigne sur l'Egypte, au coeur d'une region en flammes - Syrie, Libye, Yemen, Irak, les Soudan... Voici ce que j'ecrivais en decembre 2015: \"...Et encore, en Egypte, en juillet 2013, alors que les Egyptiens, au prix de milliers de morts, avaient renverse Moubarak occupant le pouvoir depuis 30 ans et avaient reussi le miracle d'imposer les premieres elections democratiques de l'Egypte moderne qui virent Mr Morsi elu president, Mr Sissi, un general, soucieux de preserver les privileges des militaires provoqua un coup d'etat et depuis, emprisonne, torture, fait disparaitre, terrorise son peuple au travers de sa police politique sans que cela n'emeuve outre mesure les democrates europeens. Au contraire, la France vient de confirmer une commande de l'ami Sissi pour 36 Rafale, l'avion de chasse francais de la firme Dassault (celui-la meme qui achete des voix pour etre elu), dont cout pour l'Egypte : plus de 3 milliards d'euros. Trois milliards d'euros = la construction de 1000 ecoles + 500 hopitaux = le salaire de 10 000 enseignants durant pres de 1 siecle. La aussi, le ressentiment de tout une population nous pend au nez surtout quand Mr Sissi se servira des ses Rafale pour bombarder son peuple en revolte.\" Merci pour votre commentaire. La situation 2017 n'est helas pas meilleure. ... ", "theme": "archive"}