{"id_art": "02a64b99cafb2e033521e34d00025af6", "title": "Atar apercu en Belgique apres les attentats de Bruxelles ", "newspaper": "lesoir", "author": ["camille tang"], "date_publi": ["2017-03-17"], "content": " Atar apercu en Belgique apres les attentats de Bruxelles Camille Tang Quynh Soupconne d'etre aux commandes des attentats de Paris et de Bruxelles, il est l'un des hommes les plus recherches par les unites antiterroristes. Oussama Atar, cousin des freres kamikazes Khalid et Ibrahim El Bakraoui, aurait ete de passage en Belgique l'ete dernier, soit quatre mois apres les attaques terroristes perpetrees a Maelbeek et a l'aeroport de Zaventem.D'apres CNN, le terroriste belge de 32 ans - qui fait l'objet d'une chasse a l'homme internationale - aurait rendu visite a sa famille en aout dernier. << Il est en contact direct avec eux et les a vus en personne >>, a affirme une source judiciaire au media americain.(c) Rossel & Cie - 2018 -- Conditions generales de ventes -- Droits de reproduction -- Protection de la vie privee - droit a l'oubli ", "theme": "archive"}