{"id_art": "fbdb4492fca8e6167e61f428aa0c8f13", "title": "Douanes : un scanner pour camions en plus ", "newspaper": "lesoir", "author": [], "date_publi": [], "content": " Wallonie - region transfrontaliere Douanes : un scanner pour camions en plus Marc Durant La collaboration en matiere economique entre la Belgique et le Grand-Duche de Luxembourg existe au travers d'un Traite d'Union, depuis 1921. Hier, un nouveau pas a ete franchi en matiere de douanes et accises. Un accord a ete signe pour que le Grand-Duche puisse preter son scanner pour camions a la Belgique.C'est le camion controleur qui bouge le long du vehicule controle. Marc DURANT(c) Rossel & Cie - 2018 -- Conditions generales de ventes -- Droits de reproduction -- Protection de la vie privee - droit a l'oubli ", "theme": "archive"}