{"id_art": "9e4a381f7f17d71da92ff8dab7ae5520", "title": "Politique: <<Je suis content d'etre revenu en Flandre>> ", "newspaper": "lesoir", "author": [""], "date_publi": ["2017-04-01"], "content": " Vous habitez Gand apres avoir vecu plus de douze ans en Wallonie. Pourquoi ? En 2004, j'en avais marre de cette Flandre qui etait trop extreme droite et je suis arrive a Huccorgne, pres de Huy. Apres, j'ai compris que la Wallonie l'etait aussi : un sur trois votait extreme droite quand je suis arrive. J'y ai entendu beaucoup d'expressions racistes et d'intolerance. Les Wallons ont la chance de ne pas avoir d'equivalent au Vlaams Belang. Si ca arrive un jour, ca va monter comme en Flandre. Mais la Flandre a change, c'est la raison pour laquelle j'y suis revenu apres tout ce temps. Et j'ai retrouve une Flandre plus chaleureuse, plus tolerante que celle que j'avais quittee. Quelque part, nous sommes sauves par la N-VA qui est a droite mais pas extreme droite. Ils ont vole les votes des fachos. ", "theme": "archive"}