{"id_art": "ff915b9064b40ca58acb4bf4dd05f8da", "title": "<<Le vote protestataire, c'est deux tiers de l'electorat de Marine Le Pen>> ", "newspaper": "lesoir", "author": ["william bourton"], "date_publi": ["2017-04-19"], "content": " William Bourton Marine Le Pen Marine Le Pen presidente ? L'editorialiste de << L'Express >>, Christophe Barbier, n'y croit pas car << la gauche a le reflexe du \"front republicain\" >>. Selon Christophe Barbier, Marine Le Pen est persuadee qu'elle sera face a la droite au second tour. Raison pour laquelle son programme possede d'etonnants accents de gauche... Le FN de Marine Le Pen n'a-t-il vraiment plus rien a voir avec le parti de son pere ? ", "theme": "archive"}