{"id_art": "c22cea073e20401a622296ec1fd67179", "title": "Fusillade dans un lycee a Grasse: huit blesses legers, un suspect de 17 ans interpelle ", "newspaper": "lesoir", "author": [], "date_publi": [], "content": " Fusillade dans un lycee a Grasse: huit blesses legers, un suspect de 17 ans interpelle L'un des blesses est le proviseur de l'etablissement.La police, a proximite du lycee Alexis de Tocqueville de Grasse, ce jeudi 16 mars (c) AFP(c) AFPLe lycee Alexis de Tocqueville de Grasse (c) Reuters (c) EPA Huit personnes ont ete legerement blessees, dont trois par des plombs, lors d'une fusillade dans un lycee de Grasse, dans le sud-est de la France. Un eleve de 17 ans a ete interpelle en possession d'armes dans le cadre de l'enquete. L'enquete ouverte apres la fusillade a Grasse ne s'oriente <<pas du tout>> sur la voie du terrorisme, a declare le president de la region Provence-Alpes-Cote d'Azur, Christian Estrosi. La ministre francaise de l'Education, Najat Vallaud-Belkacem, s'est rendue a Grasse dans l'apres-midi. Elle decrit << l'acte fou d'un jeune homme fragile fascine par les armes >> avant d'ajouter : << Nous sommes passes a cote du pire >>.Selon Liberation, le suspect a publie a plusieurs reprises des images des tireurs de la tuerie qui a eu lieu en 1999 dans le lycee de Columbine, aux Etats-Unis. Selon les informations de Liberation toujours, le jeune homme est le fils d'un conseiller municipal de la ville de Grasse, elu sous l'etiquette du Front national en 2014. Il aurait depuis rejoint l'equipe du maire actuel de la ville chez Les Republicains qui soutient Francois Fillon. (c) AFP La fusillade au lycee Tocqueville de Grasse a fait huit blesses legers, dont trois touchees par des plombs, selon le ministre de l'Interieur.Les trois personnes blessees par des plombs ont ete evacuees vers un etablissement hospitalier, tandis que les cinq autres presentent des blessures sans gravite causees par un mouvement de foule, a precise un porte-parole. e proviseur de l'etablissement compte parmi les blesses.Le suspect interpelle est un eleve de 17 ans de cet etablissement scolaire de bonne reputation qui pourrait souffrir de <<problemes psychologiques>>, selon Christian Estrosi.Il etait arme d'un fusil, de deux armes de poing et de deux grenades, a-t-on appris de source policiere. Le jeune homme parait avoir agi seul, selon cette source, alors que les enqueteurs avaient initialement emis l'hypothese d'une seconde personne en fuite. La mairie de Grasse, une ville mondialement connue pour ses parfumeurs, avait dans un premier temps indique que <<deux eleves>> avaient tire, et laisse entendre que l'un d'eux etait toujours en fuite. Suivre le direct sur mobile (c) Rossel & Cie - 2018 Conditions generales de vente - Droits de reproduction - Protection de la vie privee - Droit a l'oubli ", "theme": "archive"}