{"id_art": "1711bb7eca5d855dac59ed8e7403bfc4", "title": "Attentats: le statut de victime recale ", "newspaper": "lesoir", "author": [], "date_publi": [], "content": " Attentats: le statut de victime recale Les associations des victimes jugent le projet de loi creant un << statut de solidarite nationale >> complique et insuffisant. Adopte fin fevrier en cabinet restreint ( Le Soir du 23 fevrier), le projet de loi << portant creation du statut de solidarite nationale pour les victimes d'actes de terrorisme >> sera presente ce mercredi en commission de la Sante. Maggie De Block (VLD) et Steven Vandeput (N-VA), ministres des Affaires sociales et de la Defense du gouvernement federal, portent le projet et se montrent soucieux de presenter des resultats tangibles pour le 22 mars, premier anniversaire des attentats a Maelbeek et Zaventem. Le statut qui entame son periple parlementaire prevoit notamment l'octroi d'une pension de dedommagement et vise au remboursement des soins medicaux a ces victimes ayants droit.Pour les associations representant les victimes des attentats, cependant, les textes sur la table sont << insatisfaisants >> et doivent etre corriges et completes. C'est tout le sens d'un courrier adresse par Life4Brussels et V-Europe, les deux organisations representatives, aux parlementaires composant la commission des Affaires sociales. Les deux associations reeditent leur appel lance le 21 fevrier dernier a l'occasion de leur rencontre avec le Premier ministre Charles Michel : << Les victimes attendent d'etre prises en consideration par le gouvernement et attendent une reconnaissance nationale de leur statut de victime. Elles attendent egalement d'etre remboursees pour leurs frais de sante et une indemnisation definitive sur du long terme. Le gouvernement doit les indemniser convenablement en tenant compte de la situation reelle dans laquelle elles se trouvent. >> >Lire l'analyse complete sur Le Soir+ (c) Rossel & Cie - 2018 Conditions generales de vente - Droits de reproduction - Protection de la vie privee - Droit a l'oubli ", "theme": "archive"}