{"id_art": "a915d35e916e6c4daea3772a92f3aae4", "title": "Mayeur sur la visite de Trump: <<J'espere que Bruxelles lui sera agreable>> ", "newspaper": "lesoir", "author": ["camille tang"], "date_publi": ["2017-05-24"], "content": " Camille Tang Quynh et J.BoEn janvier 2016, le president americain avait qualifie Bruxelles de << trou a rats >>. Il sera dans la capitale ces mercredi et jeudi pour une visite officielle. Dans le cadre de sa tournee internationale, Donald Trump, accompagne de son epouse Melania, reste une journee et demie a Bruxelles (de mercredi apres-midi a jeudi soir). Au gre des deplacements du president des Etats-Unis, certains quartiers vont se retrouver en veritable etat de siege. > A lire : De nombreuses perturbations attendues par la visite de Trump a Bruxelles ", "theme": "archive"}