{"id_art": "6f570f3a41e61f0b0c9d452ecb50e6e5", "title": "Affaire Ali Aarrass: la Cour de cassation marocaine rendra bientot son verdict ", "newspaper": "lesoir", "author": ["baudouin loos"], "date_publi": ["2017-04-12"], "content": " Baudouin Loos Le Belgo-Marocain emprisonne depuis sept ans au Maroc va savoir si sa condamnation est definitive ou si un nouveau proces sera ordonne. L'affaire Ali Aarrass connaitra un developpement majeur en date du 19 avril prochain : c'est en effet ce jour-la que la Cour de cassation du Maroc rendra son verdict concernant le recours que la defense du Belgo-Marocain a introduit aupres de la plus haute instance judiciaire du royaume. Ali Aarrass purge une peine de 12 ans de prison infligee en appel en 2012 par la justice marocaine pour faits de terrorisme qu'il nie avec zele. Parmi les arguments de sa defense figure les aveux, extorques sous la torture en 2010 apres son extradition d'Espagne (ou les memes preventions contre lui avaient abouti a un non-lieu).", "theme": "archive"}