{"id_art": "ac481a4305a28a2485408948bd80fa72", "title": "Attentat a Stockholm: les six passagers belges de Thomas Cook sains et saufs ", "newspaper": "lesoir", "author": [""], "date_publi": ["2017-04-08"], "content": "Thomas Cook a assure samedi que ses six clients en voyage a Stockholm etaient en securite et en bonne sante. Le tour-operateur les a tous contactes personnellement.TUI, autre tour-operateur, n'a actuellement pas de clients belges a Stockholm.Quatre personnes ont ete tuees et quinze blessees vendredi dans un attentat, lorsqu'un camion a renverse des passants en plein centre de Stockholm. ", "theme": "archive"}