{"id_art": "8a58dde73afe932d8d9ea645128fb0e5", "title": "60 ans apres l'appel Schuman, l'Europe doit absolument se reinventer ", "newspaper": "lesoir", "author": [], "date_publi": [], "content": " Par Jean-Louis Guigou et Miguel Angel Moratinos, ainsi que les membres du Comite d'orientation politique de l'Institut de prospective economique du monde mediterraneen (IPEMED)*Une cooperation rapprochee entre l'Europe et l'Afrique peut assurer un avenir prometteur aux deux continents. L 'Europe ne se fera pas d'un coup, ni dans une construction d'ensemble : elle se fera par des realisations concretes creant d'abord une solidarite de fait >>, declarait Robert Schuman, le 9 mai 1950, engendrant ainsi les bases de l'Union europeenne.A l'occasion des 60 ans du Traite de Rome signe en 1957, il nous importe de celebrer aujourd'hui cette Union, unique et essentielle a nos yeux. Tout en restant lucides quant aux nombreux defis a surmonter, nous aimerions insister sur le besoin vital de retrouver une Europe forte et unie, en rappelant ici notre attachement moral a l'idee meme d'une Union europeenne, lieu de concentration et de transmission des valeurs universelles.<< Pourquoi voulons-nous vivre ensemble ? >> interrogeait Jacques Delors, l'un des peres de l'Europe.En cette periode trouble, dominee par les vagues populistes partout dans le monde, du Brexit a l'election surprise de Donald Trump, notre devoir est de redire ce que l'Europe a accompli depuis des decennies.60 ans apres sa creation, on oublie trop souvent que le merite premier de notre Europe est de preserver nos populations de la guerre. N'oublions pas non plus que la Communaute europeenne a apporte la prosperite economique et qu'elle est une union de valeurs.Cependant, depuis les annees 2000 et l'integration des pays de l'Europe centrale et orientale qui fut la derniere epopee europeenne, force est de constater que l'UE est paralysee. Elle est comme endormie face a une crise economique qui l'etrangle depuis 2008 et aux nombreuses voix nationalistes qui s'elevent contre sa raison d'etre. L'Union peine a trouver des solutions et ses peuples en souffrent. Il est temps de faire de ces difficultes une opportunite de renouvellement.L'Institut de prospective economique du monde mediterraneen (IPEMED) a ete fonde il y a 10 ans dans le meme esprit de rapprochement que celui de l'Union europeenne. Depuis 2006, nous oeuvrons au rapprochement economique des deux rives de la Mediterranee. Cette derniere est le veritable avenir de l'Europe. Mais elle ne suffit plus. Depuis les revolutions arabes, les pays du Sud de la Mediterranee ne veulent plus etre consideres comme le voisinage de la frontiere sud de l'Europe. La profondeur africaine s'impose, faisant passer la Mediterranee de marginale a centrale.L'Europe doit donc desormais consolider ses liens historiques et batir un nouveau pacte Europe-Afrique, sous peine de ne pas dominer les nouveaux defis : de la maitrise des mouvements migratoires, au rechauffement climatique, en passant par la transition energetique europeenne et, last but not least, du terrorisme. Ensemble, dans un partenariat d'egal a egal, les Etats de l'Union et leurs voisins du Sud, pourront apporter des solutions aux problemes communs tels que le chomage des jeunes, le developpement durable et social et la securite interieure.Nous plaidons ici pour l'etablissement d'une Verticale << Afrique - Mediterranee - Europe >> (AME) et pensons que le rapprochement, par l'economie, de l'Afrique et de l'Europe, est inscrit dans l'histoire a venir. Pour preparer ensemble cet avenir, pour mobiliser les acteurs economiques et sociaux des societes civiles, les experts, l'opinion publique et le monde politique, une fondation denommee La Verticale est necessaire. Cette grande region Verticale << AME >>, nous permettra de peser dans la mondialisation face au G2 constitue par les couples Chine/Pacifique et Amerique/Atlantique.Avec une ambition africaine, l'Europe retrouverait une ambition europeenne.En se reinventant, en se donnant un nouvel horizon, en construisant un avenir en Afrique, l'Europe renouvellera le reve europeen pour les nouvelles generations.* Les signataires : Miguel Angel Moratinos, president de l'IPEMED, ancien ministre (Espagne) ; Aicha Belarbi, vice-presidente de l'IPEMED, ancienne ministre (Maroc) ; Joachim Bitterlich, ancien conseiller du Chancelier (Allemagne) ; Elisabeth Guigou, ancienne ministre, presidente de la commission des Affaires etrangeres (France) ; Eneko Landaburu, ancien chef de delegation de la Commission europeenne (Espagne) ; Denis Mac Shane, ancien ministre (Royaume-Uni) ; Carmen Romero Lopez, deputee europeenne (Espagne) ; Panagiotis Roumeliotis, ancien ministre (Grece).quelques regles de bonne conduite avant de reagir (c) Rossel & Cie - 2018 Conditions generales de vente - Droits de reproduction - Protection de la vie privee - Droit a l'oubli ", "theme": "archive"}