{"id_art": "2d22893ffc9ab9a66c90e8911a9bcbc9", "title": "Attentatdejoue : << liens >> tenus ", "newspaper": "lesoir", "author": [""], "date_publi": ["2017-04-20"], "content": "dejoue : << liens >> tenusClement Baur est aussi Ismail Djabrailov. On en sait un peu plus sur le parcours des deux Francais interpelles a Marseille et qui s'appretaient a commettre une action << violente >> et << imminente >> sur le territoire francais, sans que l'on puisse toutefois determiner quand cette attaque devait etre executee et quelle en etait la cible. Les premiers elements de l'enquete mettent par contre en evidence le processus de radicalisation du duo qui s'est effectue entre les murs de la prison de Lille-Sequedin.(c) Rossel & Cie - 2018 -- Conditions generales de ventes -- Droits de reproduction -- Protection de la vie privee - droit a l'oubli ", "theme": "archive"}