{"id_art": "f9b2533f14327da3f286db8afa71fb3e", "title": "La police de Bruxelles ouvre le feu sur une voiture qui voulait fuir apres un accident ", "newspaper": "lesoir", "author": [], "date_publi": [], "content": "La police assure qu'il n'est aucunement question de terrorisme. Des agents de la police locale bruxelloise ont ouvert le feu vendredi apres-midi sur une voiture qui, en voulant prendre la fuite apres un accident, a fonce sur les agents, indiquent la police et le parquet de Bruxelles, confirmant une information de Het Nieuwsblad. Seul un coup de feu a ete tire et personne n'a ete blesse. Le fuyard a pu etre interpelle.L'incident s'est produit vers 15h30 avenue de l'Heliport. Une patrouille de police a vu une voiture entrer en collision avec quelques vehicules qui stationnaient a un feu rouge. Les agents ont voulu interpeller le conducteur en tort mais celui-ci s'est enfui a la vue de la police. Il a alors fonce sur un autre vehicule et a ensuite conduit vers les agents. L'un d'eux a tire un coup de feu qui n'a touche personne. Finalement, la police a reussi a maitriser le conducteur en fuite.", "theme": "archive"}