{"id_art": "83ab9f92fdf4170d84a6d64e0b1d4e21", "title": "Presidentielle: des candidats prevenus jeudi dernier d'une menace d'attentat ", "newspaper": "lesoir", "author": [""], "date_publi": ["2017-04-18"], "content": "Les photos des deux hommes suspectes de preparer un attentat terroriste en France et arretes mardi, avaient ete distribuees des la semaine derniere aux services de securite de plusieurs candidats a l'election presidentielle, a-t-on appris de sources concordantes.<<Les photos ont ete communiquees a mon service de securite des jeudi>>, a indique la candidate de l'extreme droite Marine Le Pen. L'entourage du candidat centriste Emmanuel Macron ainsi que celui du conservateur Francois Fillon ont egalement confirme avoir ete mis en garde contre un risque d'attentat.", "theme": "archive"}