{"id_art": "58f01408bf18322659d0854ec190daaa", "title": "Des infiltrants et des repentis civils ", "newspaper": "lesoir", "author": ["marc metdepenningen"], "date_publi": ["2017-05-15"], "content": " Des infiltrants et des repentis civils Marc Metdepenningen Une modification du Code d'instruction criminelle sera entreprise pour permettre d'autoriser la Justice a recourir a des repentis a l'horizon 2018. Cette possibilite avait deja ete recommandee par les differentes commissions d'enquete parlementaires sur les Tueries du Brabant et etait preconisee par la plupart des acteurs judiciaires, dont les procureurs generaux de Liege et de Bruxelles, MM. De Valkeneer et Delmulle, ainsi que par les familles des victimes des Tueries.(c) Rossel & Cie - 2018 -- Conditions generales de ventes -- Droits de reproduction -- Protection de la vie privee - droit a l'oubli ", "theme": "archive"}