{"id_art": "b3e05fd62ef56534c2d04b35e2be749c", "title": "Pour la surveillance des casernes, les militaires font place aux agents de gardiennage ", "newspaper": "lesoir", "author": [], "date_publi": [], "content": " Ludivine PonciauEn fevrier, le Conseil des ministres a approuve la proposition du ministre de la Defense de confier le service de garde du quartier Commandant de Hemptinne, a Heverlee, a une entreprise de securite privee. Confrontee a une diminution du nombre de ses effectifs et a leur affectation a la surveillance des espaces publics dans le cadre de la lutte contre le terrorisme, la Defense a developpe une politique d'outsourcing.Objectif : confier toutes les missions et les fonctions de soutien qui ne sont pas specifiquement militaires a des partenaires civils ou du gouvernement. Et la securisation des batiments de la Defense en fait aujourd'hui partie.En fevrier 2017, le Conseil des ministres avait approuve la proposition du ministre de la Defense de confier le service de garde du quartier Commandant de Hemptinne, a Heverlee, a une entreprise de securite privee.", "theme": "archive"}