{"id_art": "cda9480a4995ab78ff0c4391c25c62d3", "title": "Theresa May confirme que l'auteur de l'attentat de Londres etait Britannique ", "newspaper": "lesoir", "author": [""], "date_publi": ["2017-03-23"], "content": "L'homme etait connu des services de renseignement pour des liens avec << l'extremisme violent >>. La Premiere ministre britannique a pris la parole devant le Parlement ce jeudi, au lendemain d'un attentat qui a fait au moins trois morts. Theresa May a confirme que l'agresseur etait ne au Royaume-Uni. << Il y a quelques annees il a fait l'objet d'une enquete du MI5 (les services de renseignement) >> en lien avec << l'extremisme violent >>, a-t-elle precise, ajoutant qu'il etait << un personnage peripherique >> de cette enquete.Il n'etait plus dans le radar des services de renseignement au moment des faits.<< Nous n'avons pas peur >>, a-t-elle egalement declare devant les deputes.", "theme": "archive"}