{"id_art": "ec7a7c3454895f3acc496dbdc2b23438", "title": "Bruxelles recule dans le classement des villes ou il fait bon vivre ", "newspaper": "lesoir", "author": [], "date_publi": [], "content": " Bruxelles recule dans le classement des villes ou il fait bon vivre Le classement Mercer classe les villes ou il fait bon vivre sur base de 10 criteres. Comme pour les universites, les villes du monde font l'objet d'un classement ou il fait bon vivre. Pour la 8e annee consecutive, c'est Vienne en Autriche qui est en tete du classement. L'indice Mercer, nom du classement publie ce mardi, est etabli sur base du cout et de qualite de la vie qui prend en compte le logement, l'habillement, la nourriture...Cette annee l'Europe est tres presente dans le top dix en comptabilisant pas moins de huit villes, dont trois allemandes et trois suisses. On retrouve Auckland en 3e, Vancouver, en 5e, et Sydney, ex aequo avec Bale en 10e place, completent les premieres places.Top dix :1. Vienne2. Zurich3. Auckland4. Munich5. Vancouver6. Dusseldorf7. Francfort8. Geneve9. Copenhague10. Bale et Sydney 27. BruxellesEn ce qui concerne Bruxelles, elle a recule a 27e place du classement en perdant 6 places par rapport a l'annee passee. Les raisons de recul seraient dues aux questions de securite liees au terrorisme. Rome, elle, a recule de 4 places a la 57e place suite a des problemes de ramassage d'ordures. C'est Bagdad en Irak qui ferme la marche a la 231e place.Le classement, base sur 10 criteres qui vont des services de sante et autres services publics a l'education en passant par les opportunites de divertissement, les biens de consommation communs, l'environnement naturel, l'aspect socio-culturel et le cadre politique et social dans un sens large, est destine a l'origine aux multinationales qui doivent determiner ou detacher des travailleurs a l'international et quelles compensations financieres prevoir. << Malgre une volatilite politique et financiere accrue en Europe, nombre de ses villes offrent la meilleure qualite de vie au monde et restent des destinations attractives pour developper ses operations commerciales et envoyer des travailleurs expatries en detachement >>, note Mercer. (c) Rossel & Cie - 2018 Conditions generales de vente - Droits de reproduction - Protection de la vie privee - Droit a l'oubli ", "theme": "archive"}