{"id_art": "23586366a03f212b179e8cc65edb362d", "title": "Attentat de Stockholm: l'homme interpelle serait le conducteur du camion ", "newspaper": "lesoir", "author": [""], "date_publi": ["2017-04-08"], "content": " AFPUn deuxieme homme a egalement ete interpelle vendredi soir. L'homme place en garde a vue samedi au lendemain d'un attentat au camion belier qui a fait quatre morts a Stockholm serait le chauffeur du vehicule, a indique un porte-parole de la police suedoise.La police ne laisse filtrer qu'un minimum d'informations, mais le parquet a annonce tot samedi son placement en garde. Il est soupconne d'<< homicides a caractere terroriste >>, a indique la porte-parole du parquet, Karin Rosander.Le code de procedure penale suedois prevoit plusieurs degres de suspicion et l'homme est entendu sous le regime de suspicion le plus eleve, a-t-elle precise.", "theme": "archive"}