{"id_art": "7f0b4a29602c309090bba9f206b5d28e", "title": "Dortmund: pas d'elements reliant le suspect islamiste a l'attentat ", "newspaper": "lesoir", "author": [""], "date_publi": ["2017-04-13"], "content": "La police allemande n'a trouve aucun element permettant de relier le suspect islamiste en garde a vue a l'attentat commis mardi contre l'equipe de football de Dortmund, a annonce jeudi le parquet antiterroriste allemand. << L'enquete n'a pas permis jusqu'a present de trouver d'elements montrant que le suspect a participe a l'attentat >>, a indique le parquet dans un communique, tout en le placant en detention pour appartenance au groupe Etat islamique (EI) lors d'un sejour en Irak dans le passe.", "theme": "archive"}