{"id_art": "0858228ae44e59a57115128fbc1bb375", "title": "Israel: une serie televisee devoile le quotidien de detenus palestiniens de haute securite ", "newspaper": "lesoir", "author": [""], "date_publi": ["2017-03-23"], "content": " Par Serge DumontIls sont quelque six mille detenus palestiniens, << ayant du sang sur les mains >>, detenus dans les prisons de securite israeliennes. Le realisateur Itzik Lerner devoile leur quotidien et leur donne la parole dans une serie documentaire peu banale, << Meggido >>.Il n'est pas toujours facile de ramer a contre-courant en Israel. Surtout lorsque l'on cherche des subsides pour tourner un film sur un sujet sensible. C'est donc une prouesse que vient de realiser le realisateur Itzik Lerner dont le premier episode de la serie documentaire << Meggido >> a ete diffuse le 22 mars par la chaine du cablo-distributeur << Yes >>.Pendant un an, Lerner a en effet pu filmer a l'interieur de la section securitaire de la prison de Meggido (nord d'est d'Israel) ou sont enfermes un millier de detenus palestiniens << ayant du sang sur les mains >> et lourdement condamnes pour cela.", "theme": "archive"}