{"id_art": "85b91bab4c99be4f68b23260795fb280", "title": "Mariano Rajoy: <<Je suis favorable a une Europe a deux vitesses>> ", "newspaper": "lesoir", "author": [], "date_publi": [], "content": " Jose Manuel Calvo Roy (El Pais)Traite de Rome Le chef du gouvernement espagnol appelle l'Europe a se comporter comme une puissance mondiale en suggerant notamment une plus grande integration en matiere de securite. A la suite de l'adoption, a Rome, par les chefs d'Etat et de gouvernements europeens, d'une declaration solennelle sur l'avenir de l'Europe, le chef du gouvernement espagnol livre son analyse en exclusivite aux journaux europeens du groupe Lena dont Le Soir fait partie. Mariano Rajoy aborde divers sujets tels que l'avenir de l'Europe, le populisme, le Brexit, l'immigration, le terrorisme ou encore la corruption en Espagne. Quel role l'Europe doit-elle jouer dans le contexte mondial que nous connaissons actuellement ? Et Mr Rajoy comme Mrs Michel, Juncker et consorts du meme bord politique disent vouloir plus d'Europe mais ne veulent pas d'Europe sociale ni fiscale (Mr Rajoy en parle mais du bout des levres et curieusement dit qu'il faudra beaucoup de temps: on a compris). Ils veulent garder la concurrence entre les travailleurs au benefice des multinationales. Bref, toujours ce modele capitaliste dur par lequel l'ecart des richesses entre les plus pauvres et les plus riches va aller grandissant et ou le vrai pouvoir sera toujours aux mains des lobbies puissants. L'Espagne ne s'est jamais debarrassee du franquisme, Mariano Rajoy est meme incollable pour tout ce qui concerne la democratie a 2 vitesses... ", "theme": "archive"}