{"id_art": "7b6e2c67393bd498c777f092d1a9ccca", "title": "Brahim Tabich, inculpe dans le cadre des attentats de Bruxelles, a ete libere sous conditions ", "newspaper": "lesoir", "author": [], "date_publi": [], "content": "Le suspect reste inculpe de terrorisme pour avoir vendu de l'acide sulfurique a l'un des trois kamikazes des attentats de Bruxelles. Brahim Tabich, inculpe dans le cadre du dossier sur les attentats de Bruxelles, a ete libere mardi sous conditions de main levee de la juge d'instruction, a pu apprendre ce jeudi l'agence Belga. Le suspect reste inculpe de terrorisme pour avoir vendu de l'acide sulfurique a l'un des trois kamikazes des attentats de Bruxelles. et on le laisse en liberte....incroyable Ils sont presque tous llibres. La justice Belge n'est pas la plus performante non plus. ", "theme": "archive"}