{"id_art": "713af03f4f2d4f5bd509634d393f3956", "title": "<<ManU craint une attaque>>: la Une alarmiste du <<Sun>> avant le match a Anderlecht ", "newspaper": "lesoir", "author": [], "date_publi": [], "content": " <<ManU craint une attaque>>: la Une alarmiste du <<Sun>> avant le match a Anderlecht Le quotidien britannique The Sun fait sa Une du jour sur la rencontre d'Europa League entre Anderlecht et Manchester. Mais ce n'est pas sur l'aspect sportif que l'accent est mis, mais plutot sur l'aspect securitaire. Ce jeudi, la Une du quotidien britannique de The Sun est presque exclusivement consacree au quart de finale d'Europa League entre Anderlecht et Manchester United qui se deroule ce soir, au stade Constant Vanden Stock. Mais l'aspect sportif n'interesse guere les redacteurs du journal. Le tabloid angle en effet son sujet sur le fait que Jose Mourinho et ses joueurs sont... en danger a Bruxelles, dans un << haut lieu du terrorisme, a seulement 268 kms de Dortmund >>.Le tabloid fait donc reference aux attentats de Bruxelles et a l'attaque contre le bus des joueurs de Dortmund de mardi. << Apres l'attaque de Dortmund, et maintenant que les stars du football sont des cibles privilegiees pour les organisations terroristes, Manchester United recoit une protection policiere comme jamais >>, peut-on lire dans les colonnes du journal. << Des agents armes vont escorter le bus de l'equipe anglaise dans les rues de Bruxelles >>, cette ville qui est donc consideree comme << un haut lieu du terrorisme >>.Que ce soit sur la Une ou dans le cahier, les references sportives sont rares, et tout laisse penser que Zlatan et ses equipiers sont veritablement en danger ce jeudi soir. Alors certes, des mesures de securite supplementaires seront prises ce jeudi soir pour assurer que tout se passe bien, mais force est de constater que l'image de Bruxelles a l'etranger est parfois un peu reductrice. (c) Rossel & Cie - 2018 Conditions generales de vente - Droits de reproduction - Protection de la vie privee - Droit a l'oubli ", "theme": "archive"}