{"id_art": "8eeb797426ac9146dd809896a9a613f6", "title": "Musee juif : enquete bouclee ", "newspaper": "lesoir", "author": [""], "date_publi": ["2017-04-13"], "content": " Musee juif : enquete bouclee L'enquete sur l'attentat au Musee juif de Bruxelles qui avait fait en mai 2014 quatre morts, considere comme le premier sur le sol europeen par un membre presume du groupe Etat islamique, le Francais Meddhi Nemmouche, est bouclee, a indique mercredi le parquet federal. Le procureur federal doit a present dresser son requisitoire de renvoi, qui sera examine par la chambre du conseil. C'est cette juridiction d'instruction qui decidera dans les prochains mois si Meddhi Nemmouche et ses deux complices presumes, les Francais Nacer Bendrer et Mounir Attalah, doivent etre renvoyes devant une cour d'assises ou devant un tribunal correctionnel. Le proces pourrait se derouler a Bruxelles en 2018, selon le parquet federal. (b)(c) Rossel & Cie - 2018 -- Conditions generales de ventes -- Droits de reproduction -- Protection de la vie privee - droit a l'oubli ", "theme": "archive"}