{"id_art": "5fd6d0245046e43300a3b956800b6fcd", "title": "Presidentielle: la campagne s'acheve dans l'invective ", "newspaper": "lesoir", "author": [], "date_publi": [], "content": " Joelle Meskens Election presidentielle 2017 Alors que les Francais sont appeles aux urnes dimanche, la campagne s'acheve sur fond de polemiques. Le Premier ministre s'est insurge contre les surencheres de la droite et du FN. Un scrutin sans serenite. D'ordinaire, on appelle cela la << treve >>. Un delai de vingt-quatre heures donne aux electeurs pour qu'ils se forgent, dans leur calme interieur, leur derniere conviction avant de se rendre dans l'isoloir. Pendant un jour, plus de meetings, plus de sondages, plus de debats, plus d'interviews. Mais alors que la campagne presidentielle devait s'achever ce vendredi a minuit, le moins que l'on puisse dire, c'est que la serenite n'a pas preside aux dernieres heures de cette course folle entamee depuis l'ete dernier, lorsque Nicolas Sarkozy s'etait jete dans la bataille avant d'etre elimine comme tant d'autres.", "theme": "archive"}