{"id_art": "4206e589d83ef197042b1e2fd9d11809", "title": "22 mars, un an apres: <<Depuis ce jour, je suis toujours en alerte, voire parano>> ", "newspaper": "lesoir", "author": [], "date_publi": [], "content": " Frederic Delepierre Le 22 mars 2016, l'inspecteur Julien Prizzi est l'un des premiers a descendre dans la station de metro Maelbeek. Depuis lors, sa vie a change mais il fait tout pour aller de l'avant. Dans le smartphone de Julien Prizzi, les photos ne trompent pas. Il etait parmi les premiers a descendre dans la station de metro Maelbeek ce funeste 22 mars 2016 pour porter secours aux victimes de l'attentat. A son arrivee, tout n'etait qu'enchevetrement de tole et de corps meurtris. << Ce matin-la, j'avais pris mon service a 7 heures, se souvient l'inspecteur de la police locale de Bruxelles-Ixelles. J'etais passe par la reserve generale, a Etterbeek, pour chercher une tenue. A la radio, j'ai entendu qu'une equipe se rendait a Zaventem ou il y avait eu une explosion. A 9h11, mon chef a lance une alerte flash expliquant qu'une autre explosion avait eu lieu a Maelbeek. J'etais a Schuman. Je m'y suis rendu illico et avec mon chef, nous avons bloque la circulation avant de descendre. Tout avait explose. Ne sachant pas a quoi nous attendre, nous sommes descendus arme au poing. Nous avons immediatement appele les secours et nous avons aide quelques blesses. >> ", "theme": "archive"}