{"id_art": "9a36fe231abdd0f9271c51befcd39882", "title": "les experts << Le president qui a transforme l'or en plomb >> ", "newspaper": "lesoir", "author": ["joelle meskens"], "date_publi": ["2017-05-05"], "content": " les experts << Le president qui a transforme l'or en plomb >> Joelle Meskens Ils l'ont vu soixante et une fois. Pendant les cinq ans du quinquennat. Le deal etait clair. Les confidences que leur glisserait le chef de l'Etat seraient livrees sans relecture. Autrement dit, sans filet. Le resultat a ete terrible. Leur livre, Un president ne devrait pas dire ca (Stock), deja vendu a plus de 200.000 exemplaires, a precipite la chute de Francois Hollande. Les journalistes du Monde Gerard Davet et Fabrice Lhomme decrivent pourtant un homme incompris qui s'apprete a ceder le pouvoir a celui qu'il s'etait choisi pour successeur... en 2022.Que retenez-vous de Francois Hollande ?(c) Rossel & Cie - 2018 -- Conditions generales de ventes -- Droits de reproduction -- Protection de la vie privee - droit a l'oubli ", "theme": "archive"}