{"id_art": "e145c398a4adf8ec197fd50f75736b96", "title": "Democratie. <<Il faut plus de pouvoirs par le haut a l'Europe et par le bas au citoyen>> ", "newspaper": "lesoir", "author": ["beatrice delvaux"], "date_publi": ["2017-05-06"], "content": " Beatrice Delvaux D'ou vous est venue l'envie d'ecrire ce livre qui passe au scalpel les modes de decision politiques : par compromis, par defaut, par rejet, par fait accompli, par coordination ou par chantage, avec nombre d'exemples vecus a la cle. Vous aviez envie de vous raconter ou vous avez ete pousse par votre peur des populismes ? ", "theme": "archive"}