{"id_art": "6377a75613fa190d92faa5f4358ddc0d", "title": "Peur: nouvelles mesures legales a la hate ", "newspaper": "lesoir", "author": [], "date_publi": [], "content": " Par Anemone Hubaut (ULB)La Belgique elabore une serie de mesures pour lutter contre le terrorisme. Or, elles ne relevent pas d'un etat d'urgence, ces mesures sont donc permanentes.Julien Pieret, Centre de droit public, ULB Contrairement a la France, la Belgique ne dispose pas d'un etat d'urgence. << La seule terminologie qui existe en Belgique, c'est l'etat de guerre ou l'etat de siege, prevu par un texte du 11 octobre 1916. Celui-ci prevoit le transfert d'une serie de pouvoirs en principe geres par les autorites civiles vers des autorites militaires et vise egalement a interdire et a reprimer les contacts avec l'ennemi >>, explique Julien Pieret, chercheur du Centre de Droit public de l'ULB. Le fait de parler de guerre n'est pas innocent. Le terme releve, en effet, du droit international et implique de nombreuses regles a respecter, comme la liberation des combattants ennemis a la fin des hostilites. <<Ce cadre est totalement inadapte a ce qu'on appelle la guerre contre le terrorisme. Cet instrument juridique n'est donc pas pertinent et il n'est d'ailleurs pas mobilise. Par ailleurs, la Constitution prevoit qu'elle ne peut etre suspendue en tout ou en partie >>, ajoute le chercheur. La Belgique cherche donc une solution a ce manque dans l'arsenal juridique. Apres les attentats de Paris, le gouvernement federal, et en particulier la NVA, a notamment reflechi a la possibilite de creer un niveau 5 de menace terroriste qui permettrait de passer en etat d'urgence. <<Mais il faudrait alors le prevoir dans la Constitution >>, precise Julien Pieret. Cette proposition n'ayant pas abouti, le federal s'est alors applique a proposer pas moins de 30 mesures de lutte contre le terrorisme, parmi lesquelles l'elargissement du champ d'application des perquisitions et des ecoutes telephoniques, la levee du secret professionnel ou la confiscation des papiers d'identite des personnes soupconnees d'etre des foreign fighters. <<Le probleme, c'est que, comme la Belgique n'est pas en etat d'urgence, ces mesures ne sont pas destinees a etre temporaires, mais permanentes >>, remarque le chercheur. Certaines dispositions du code penal et du code de procedure criminelle sont donc modifiees a la hate et de facon radicale, tandis que les competences des services de renseignement ou de l'analyse de la menace sont etendues, et ce, pour des motifs securitaires. << Cela dit, pour l'instant, le gouvernement ne fait pas appel aux pouvoirs speciaux, qui permettent de se passer du parlement et donc d'accelerer l'adoption de lois >>, note Julien Pieret. Neanmoins, pour le chercheur, ces mesures posent question car leur application ne peut etre restreinte a la seule lutte contre le terrorisme et pourraient donc concerner chacun d'entre nous. <<Il faut pouvoir en debattre au parlement et prendre le temps de reflechir, avec l'aide d'experts, de politologues et de juristes. Malheureusement, dans le contexte actuel et dans ces matieres, c'est impossible. C'est la que se situe le deficit democratique >>, conclut-il. Par Anemone Hubaut (ULB)* Etat d'exception, etat d'urgence (France), etat d'alerte, peril en la demeure (Allemagne) : toutes ces expressions designent l'idee que l'on suspend ou limite certains droits constitutionnels en raison d'un danger imminent ou realise qui menace l'ordre public.* OCAM (organe de coordination de l'analyse de la menace) : organe entre en fonction en 2006, qui vise a analyser deux types de menaces : le terrorisme et l'extremisme. Grace aux informations recues des services de securite, de renseignement, de police, des transports, de l'immigration, etc., l'OCAM va etablir un niveau d'alerte entre 1 et 4.Consultez le lexique des Carnets d'identites quelques regles de bonne conduite avant de reagir (c) Rossel & Cie - 2018 Conditions generales de vente - Droits de reproduction - Protection de la vie privee - Droit a l'oubli ", "theme": "archive"}