{"id_art": "6ca586ef20afa6bcbde33082feb793f6", "title": "<< Il est temps qu'un peu de lumiere revienne >> ", "newspaper": "lesoir", "author": ["nicolas crousse"], "date_publi": ["2017-04-16"], "content": " << Il est temps qu'un peu de lumiere revienne >> Nicolas Crousse Cedric Hustinx se retourne sur l'annee ecoulee. << La force de vivre a repris >>, dit-il, dans une tristesse un tout petit peu apaisee. Le lundi 21 mars 2016, autour de minuit, Cedric prenait conge de sa jeune collaboratrice, avec laquelle il venait d'assister a la soiree des Octaves de la musique. Il devait la revoir le lendemain, comme chaque jour de la semaine. Melanie Defize, 29 ans, travaillait depuis pres de deux ans pour le label Cypres, dirige par Cedric. Une maison de disques specialisee dans la musique ancienne, classique et contemporaine.Le mardi 22 mars, Cedric et Melanie devaient se rendre dans la soiree a la ceremonie des prix Caecilia de la critique musicale, qui allaient consacrer comme meilleur disque de l'annee une production de Cypres, Au monde (Philippe Boesmans), sur laquelle Melanie avait travaille. Au matin de ce jour de fete, Melanie perdait la vie dans l'attentat de Maelbeek.(c) Rossel & Cie - 2018 -- Conditions generales de ventes -- Droits de reproduction -- Protection de la vie privee - droit a l'oubli ", "theme": "archive"}