{"id_art": "0aa4b85f69048e8f6e522f083a1aa351", "title": "Stockholm victime d'un camion belier ", "newspaper": "lesoir", "author": [""], "date_publi": ["2017-04-08"], "content": " Stockholm victime d'un camion belierDes images tristement familieres ont circule sur les ecrans de television du monde entier vendredi. Dans les rues de Stockholm, un camion a fonce sur une foule de passants, faisant au moins quatre morts et une quinzaine de blesses, dont des enfants. Deux semaines a peine apres l'attentat qui s'est deroule pres du parlement britannique a Londres, la capitale suedoise est endeuillee par une attaque similaire.Le vehicule, qui avait ete vole dans la matinee selon l'entreprise proprietaire, a fonce peu avant 13 h sur les passants le long de la rue pietonne la plus frequentee de la capitale, Drottninggatan. Il a fini sa course dans la facade d'un grand magasin, pres du croisement avec une artere a forte circulation.(c) Rossel & Cie - 2018 -- Conditions generales de ventes -- Droits de reproduction -- Protection de la vie privee - droit a l'oubli ", "theme": "archive"}