{"id_art": "8be337c176c3af6afa39c82fe53cbc60", "title": "Pourquoi Anvers s'est fait peur ", "newspaper": "lesoir", "author": ["marc metdepenningen"], "date_publi": ["2017-03-23"], "content": " Marc Metdepenningen et Ludivine PonciauJeudi matin, une voiture francaise a emprunte a vive allure le << Meir >>, a Anvers. Son conducteur disposait d'un riot-gun dans le coffre. Il avait deja ete controle mercredi. La securite dans le centre d'Anvers, et particulierement, sur le Meir, cette rue pietonne et commercante du centre, a ete renforcee apres l'arrestation d'un Franco-Tunisien qui transportait dans sa voiture un riot-gun, des armes blanches et un jerrycan au contenu indefini. L'homme, qui etait ivre et probablement sous l'emprise de stupefiants n'avait toujours pas pu etre auditionne jeudi soir en raison de son etat.La Citroen C5 rouge du suspect, qui avait emprunte a vitesse elevee le Meir avait contraint, vers 10 h 45, plusieurs passants a l'eviter. Des militaires patrouillant dans cette artere bordee de magasins, avaient enjoint au conducteur de s'arreter, un ordre qu'il avait ignore, poursuivant sa route en brulant un feu rouge a hauteur du Meirbrug, au bout de la rue commercante. \"de nationalite franco-tunisienne\", qui delivre de tels passeports ? ", "theme": "archive"}