{"id_art": "80ef0405ea35441b625adc00e4d77295", "title": "Les 14 patrons des PJ inquietsde l'avenir de la police judiciaire ", "newspaper": "lesoir", "author": [], "date_publi": [], "content": " Les 14 patrons des PJ inquietsde l'avenir de la police judiciaire Marc Metdepenningen Claude Fontaine,le directeur generalde la PJ, accueille la demarche positivement.La PJ ne veut pas etre marginalisee.Les 14 directeurs de PJF que compte le pays redoutent notamment l'impact des <<potentielles reorganisations futures sur l'execution performante de (notre) mission dans les mois et annees qui viennent >>. La demarche est exceptionnelle. Dans une note confidentielle de 16 pages intitulee << Enjeux strategiques 2017-2021 pour la police judiciaire federale belge - adaptations necessaires du fonctionnement >> adressee a la commissaire generale Catherine de Bolle et au directeur general de la PJ Claude Fontaine, les 14 directeurs des PJF (police judiciaire federale) que compte le pays, << tirent la sonnette d'alarme >> face au fonctionnement du pilier judiciaire de la police federale et a l'impact redoute des << potentielles reorganisations futures sur \"l'execution performante de (notre) mission dans les mois et annees qui viennent \">>.(c) Rossel & Cie - 2018 -- Conditions generales de ventes -- Droits de reproduction -- Protection de la vie privee - droit a l'oubli ", "theme": "archive"}