{"id_art": "dc586ee5cf1d880b9e07fcac1a9eeda5", "title": "<< Nous aurions voulu jouer a notre meilleur niveau >> ", "newspaper": "lesoir", "author": [""], "date_publi": ["2017-04-13"], "content": " deception allemande << Nous aurions voulu jouer a notre meilleur niveau >> AFP<< Nous aurions voulu jouer a notre meilleur niveau >>L'entraineur du Borussia Dortmund Thomas Tuchel a vivement critique mercredi la decision de l'UEFA d'avoir fait jouer a son equipe un match de Ligue des champions 24 heures apres un attentat qui a fait un blesse parmi ses joueurs.<< Apres l'attaque, nous aurions aime avoir plus de temps pour digerer tout cela. Et on ne nous a pas laisse de temps. On nous a dit, demain vous devez jouer >>, a-t-il denonce apres le match perdu contre Monaco 2-3 mercredi soir en quart de finale de Ligue des champions.<< Nous nous sommes sentis ignores. On ne nous a pas demande notre avis, ils ont decide ca a l'UEFA en Suisse. Quelques minutes apres l'attaque, on nous a dit qu'on devrait jouer, comme si on nous avait envoye une canette de biere contre le bus >>, a-t-il poursuivi.(c) Rossel & Cie - 2018 -- Conditions generales de ventes -- Droits de reproduction -- Protection de la vie privee - droit a l'oubli ", "theme": "archive"}