{"id_art": "7512fd61980db39c0ffe93e9fe9a076c", "title": "Un arsenal legislatif ", "newspaper": "lesoir", "author": [""], "date_publi": ["2018-01-23"], "content": " Un arsenal legislatif Ludivine Ponciau Un arsenal legislatif Depuis 2015, le federal a pris toute une serie de mesures (12 en 2015, 18 en 2016 et 28 en 2017) destinees a faciliter le travail de la police dans la lutte contre le terrorisme. << Des le debut, on a pu beneficier de fonds qui ont ete debloques, estime Guy Theyskens, porte-parole de la police federale. Par ailleurs, l'evolution de la loi antiterrorisme a permis d'eriger en infraction certaines actions, comme le fait de quitter le territoire (pour se rendre en zone de guerre). >> Sont aussi citees comme des avancees significatives : l'assouplissement des regles en matiere d'ecoutes telephoniques, l'intensification de la lutte contre le trafic d'armes et la possibilite de perquisitionner durant la nuit. Ou encore la possibilite de pouvoir garder un suspect plus longtemps en detention en vertu de l'allongement du delai de la garde a vue, passe de 24 a 48 heures. L.Po(c) Rossel & Cie - 2018 -- Conditions generales de ventes -- Droits de reproduction -- Protection de la vie privee - droit a l'oubli ", "theme": "archive"}