{"id_art": "dd75ba3b37a02f62e22aa4d09e937327", "title": "L'avocat du conducteur fou d'Anvers: <<Ce n'est pas du terrorisme>> ", "newspaper": "lesoir", "author": [""], "date_publi": ["2017-03-28"], "content": " avec BelgaMohamed R. dit s'etre rendu a Anvers pour rendre visite a sa copine qui se trouvait a l'hopital et s'est retrouve dans ce petrin par accident. La chambre du conseil d'Anvers a confirme mardi l'arrestation de Mohamed R.. L'homme, age de 39 ans, de nationalite tunisienne et residant en France, avait ete arrete jeudi dernier apres avoir roule a vive allure aux alentours du Meir a Anvers et ce faisant, mis des pietons en danger. Mohamed R. avait ete place sous mandat d'arret le lendemain des faits et inculpe du chef de tentative d'assassinat a caractere terroriste, tentative de coups et blessures a caractere terroriste et infractions a la legislation sur les armes.<<Ces inculpations sont maintenues, meme si j'ai l'impression que l'aspect terrorisme est passe au second plan. Mon client nie avoir voulu ecraser les passants et en ce qui nous concerne, il n'est ici pas question de terrorisme>>, a declare son avocat, Raoul Vermeulen. ", "theme": "archive"}