{"id_art": "7a27bf6cb834fb69c3e51fa5aa82f037", "title": "Le nombre de faits criminels au plus bas durant le 1er trimestre 2017 ", "newspaper": "lesoir", "author": [], "date_publi": [], "content": " BelgaLa tendance est a la baisse depuis 2011. Durant le premier trimestre de cette annee, 206.588 faits criminels ont ete enregistres en Belgique, ressort-il des chiffres de la police federale. La criminalite a atteint son niveau le plus bas depuis des annees, alors que la tendance est a la baisse depuis 2011.En 2012, 1.040.092 faits criminels avaient ete enregistres, environ 2% de moins qu'en 2011. Et l'an dernier, la police a denombre 880.766 faits criminels, une diminution de 4% par rapport a 2015.Pour 2017, seuls les chiffres du premier trimestre sont disponibles, mais ils montrent que la tendance a la baisse se poursuit: -7,6% par rapport au premier trimestre de 2016.", "theme": "archive"}