{"id_art": "47e54484037b8b0cc84ad8d5ce333bbc", "title": "Le palais de Justice sous haute surveillance ", "newspaper": "lesoir", "author": ["marc metdepenningen"], "date_publi": ["2018-02-01"], "content": " Le palais de Justice sous haute surveillance Marc Metdepenningen Des mesures de securite massives entoureront le proces de Salah Abdeslam. L'objectif est de contraindre toute velleite terroriste. Mais aussi de garantir la restitution a la France du detenu << prete >> le temps du proces.Les mesures de securite prevues pour l'ouverture, lundi 5 fevrier, du proces de Salah Abdeslam et de Soufien Ayari, poursuivis pour la fusillade de la rue du Dries a Forest le 15 mars 2016, mettront sous cloche le palais de Justice de Bruxelles durant les quatre jours d'audience reservees par la 90e chambre du tribunal correctionnel de Bruxelles a l'examen de cette affaire.(c) Rossel & Cie - 2018 -- Conditions generales de ventes -- Droits de reproduction -- Protection de la vie privee - droit a l'oubli ", "theme": "archive"}