{"id_art": "c4a9657e7d364c1bb2a4afbbfa6c28ea", "title": "<<Le vote protestataire, c'est deux tiers de l'electorat de Marine Le Pen>> ", "newspaper": "lesoir", "author": [], "date_publi": [], "content": " William Bourton Marine Le Pen Marine Le Pen presidente ? L'editorialiste de << L'Express >>, Christophe Barbier, n'y croit pas car << la gauche a le reflexe du \"front republicain\" >>. Selon Christophe Barbier, Marine Le Pen est persuadee qu'elle sera face a la droite au second tour. Raison pour laquelle son programme possede d'etonnants accents de gauche... Le FN de Marine Le Pen n'a-t-il vraiment plus rien a voir avec le parti de son pere ? ", "theme": "archive"}