{"id_art": "bf87b437bcc0064513560e5612a0fc5c", "title": "Emmanuel Macron livre un discours solennel et rassembleur ", "newspaper": "lesoir", "author": ["dominique berns", "elodie blogie", "pascal martin"], "date_publi": ["2017-05-07", "2017-05-07"], "content": " Dominique Berns , Elodie Blogie et Pascal Martin Election presidentielle 2017 On avait reproche a Emmanuel Macron son euphorie lors de son discours prononce a l'issue du premier tour. Il a retenu la lecon. C'est la solennite, la gravite meme qui a caracterise sa premiere allocution comme president elu, prononcee dans son QG du XVe arrondissement. C'est encore avec solennite qu'il a rejoint le podium installe au Louvre ou il a prononce son discours de victoire face a ses sympathisants. Tout en controle. Il s'est fait attendre. Le huitieme president de la Ve republique francaise, Emmanuel Macron, candidat du mouvement En Marche !, inconnu au bataillon il y a un peu plus d'un an, s'est adresse aux Francais quelques minutes apres 21 h. Tres fige, aux antipodes de ses attitudes emportees de meetings ou encore de son euphorie apres le premier tour, Emmanuel Macron a adopte un ton presidentiel, selon Jean Faniel, politologue : << Grave, sans militants autour de lui. Emmanuel Macron a parle comme un president et non plus en presidentiable, contrairement au premier tour ou il avait adopte un ton de candidat. >> ", "theme": "archive"}