{"id_art": "9f4c44e31b3f9defa57ca63c61239be9", "title": "Attentat devant une banque ", "newspaper": "lesoir", "author": [""], "date_publi": ["2017-04-20"], "content": " Attentat devant une banqueAttentat devant une banqueUn attentat a la bombe a endommage mercredi soir une agence de la banque grecque Eurobank en plein centre d'Athenes, a indique une source policiere. Un inconnu avait prevenu de l'imminence de l'explosion dans un appel telephonique au site d'information Zougla, et la police avait boucle la zone, selon la meme source. Aucun blesse n'est a deplorer. (afp)L'evacuation a reprisUn processus d'evacuation de localites assiegees en Syrie a repris mercredi apres avoir ete interrompu par un attentat qui a fait plus d'une centaine de morts. Le processus concerne les localites de Foua et Kafraya (proregime), ainsi que celle de Zabadani (rebelles). (afp)Petry ne sera pas tete de liste(c) Rossel & Cie - 2018 -- Conditions generales de ventes -- Droits de reproduction -- Protection de la vie privee - droit a l'oubli ", "theme": "archive"}