{"id_art": "29d7abc5b1f26823d266b3856c118841", "title": "Israel rouvre le point de passage de Taba vers le Sinai egyptien ", "newspaper": "lesoir", "author": [], "date_publi": [], "content": " Israel rouvre le point de passage de Taba vers le Sinai egyptien Israel a rouvert vendredi le point de passage de Taba vers le Sinai egyptien apres plus d'une semaine de fermeture en raison de risques d'attentats, tout en deconseillant a ses citoyens de se rendre dans la peninsule. Ce point de passage avait ete ferme le 10 avril a la suite d'un tir de roquette tire depuis le Sinai egyptien vers le sud d'Israel et revendique par le groupe Etat islamique (EI), dont une branche locale est active dans le nord de la peninsule.Cette decision avait ete egalement prise au lendemain de deux attentats meurtriers contre des eglises coptes en Egypte revendiques par le groupe ultraradical. Sur la base d'une evaluation du service du contre-terrorisme, << il a ete decide d'autoriser la sortie des citoyens israeliens vers le Sinai via le point de passage de Taba >>, a indique le bureau du Premier ministre Benjamin Netanyahu dans un communique. (c) Rossel & Cie - 2018 Conditions generales de vente - Droits de reproduction - Protection de la vie privee - Droit a l'oubli ", "theme": "archive"}