{"id_art": "f36ba259045b6da0221792336f35f81e", "title": "Hollande previent Trump: <<Jamais bon de marquer la moindre defiance>> ", "newspaper": "lesoir", "author": [], "date_publi": [], "content": " Hollande previent Trump: <<Jamais bon de marquer la moindre defiance>> Donald Trump a recemment estime que << Paris [n'etait] plus Paris >>. Colere froide du president francais. Le president francais Francois Hollande a demande samedi a son homologue americain de ne pas marquer de signe de defiance envers la France, pays ami, apres des propos de Donald Trump jugeant que << Paris n'est plus Paris >>.<< Ce n'est jamais bon de marquer la moindre defiance a l'egard d'un pays ami >>, a assene M. Hollande en inaugurant dans la capitale francaise le Salon annuel de l'agriculture. << Moi, c'est ce que je ne fais pas a l'egard d'un pays ami et je demande que le president americain ne le fasse pas a l'egard de la France >>, a lance le president socialiste.Vendredi, le president republicain americain avait cite lors d'une conference annuelle de conservateurs << un ami >> qui ne met plus les pieds dans la capitale francaise. Evoquant le terrorisme et le controle aux frontieres, Donald Trump a defendu sa politique migratoire en prenant comme contre-exemples la France, la Suede et l'Europe en general.<< Paris n'est plus Paris >> et << la securite nationale commence par la securite aux frontieres. Les terroristes etrangers ne pourront pas frapper l'Amerique s'ils ne peuvent entrer dans notre pays >>, a fait valoir le president americain.Interroge sur ces propos, Francois Hollande a rappele que Donald Trump lui avait fait part recemment au telephone de << tout l'amour qu'il portait a Paris et a la France, qu'il aimait la France et qu'il n'y avait pas plus beau pays que la France >>. << Alors j'imagine que ce doit etre sa pensee. Si c'est sa pensee j'imagine qu'il l'exprimera >>, a-t-il ajoute.<< Heureusement, depuis plusieurs mois, les touristes americains sont revenus en nombre parce qu'ils voient >> que les autorites francaises font << un effort considerable pour assurer la securite >>, a aussi releve le president francais.<< Et je ne ferai pas de comparaison mais ici il n'y a pas de circulation d'armes, il n'y a pas de personnes qui prennent des armes pour tirer dans la foule >>, a-t-il insiste. (c) Rossel & Cie - 2018 Conditions generales de vente - Droits de reproduction - Protection de la vie privee - Droit a l'oubli ", "theme": "archive"}