{"id_art": "834f05d71361dfd8880a2fb4235a8409", "title": "Attentat a Londres: l'enquete se poursuit, WhatsApp appele a collaborer ", "newspaper": "lesoir", "author": [""], "date_publi": ["2017-03-26"], "content": "Quatre jours apres l'attentat au Parlement de Londres, les enqueteurs cherchaient toujours dimanche de possibles complicites, la ministre de l'Interieur appelant les services de messagerie securisee comme WhatsApp a collaborer avec les autorites pour ne pas fournir de <<cachette aux terroristes>>.La ministre britannique de l'Interieur Amber Rudd a juge <<totalement inacceptable>>, dimanche sur la BBC, le fait que des communications entre suspects d'actes de terrorisme puissent echapper aux services de renseignement parce qu'elles sont encryptees.La ministre a confirme sur Sky News que Khalil Masood, le Britannique de 52 ans converti a l'islam qui a tue mercredi trois personnes en les fauchant avec sa voiture sur le pont de Westminster avant de poignarder a mort un policier devant le parlement, a utilise le service de messagerie securisee WhatsApp, propriete de Facebook, juste avant l'attaque. ", "theme": "archive"}