{"id_art": "1e4e1498167dd2eac3e248f86f61f1aa", "title": "<< Se debarrasser de la legende de l'honneur >> ", "newspaper": "lesoir", "author": [], "date_publi": [], "content": " << Se debarrasser de la legende de l'honneur >> Jean-Claude Vantroyen <<Je suis redevable a Sadorski de m'avoir fourni un personnage de roman assez incroyable. Mais, en tant que personne, je le deteste. >> John Foley/Opale/Leemage.Dans L'affaire Leon Sadorski, Romain Slocombe a invente un heros inhabituel. Un flic dans le Paris des annees 40, celles de l'Occupation. En fait un petit salaud, qui profite de sa position, un antisemite d'habitude, comme il y en avait tant ces annees-la en France. Mais en meme temps, il est plein d'attention pour sa femme Yvette. << C'est un assez bon enqueteur, releve Romain Slocombe. Comme souvent les racistes, il a une relation d'amour-haine avec les Juifs. Il est antisemite mais il est en meme temps trouble par une jeune fille juive. >> Avec L'etoile jaune de l'inspecteur Sadorski, le flic poursuit sur sa lancee. On est en 1942, il enquete sur la mort d'une inconnue et l'explosion d'une bombe. Et il va participer a la grande rafle du Vel d'Hiv, exigee par les nazis et confiee a la police francaise.Votre heros, c'est un homme de l'air du temps ?(c) Rossel & Cie - 2018 -- Conditions generales de ventes -- Droits de reproduction -- Protection de la vie privee - droit a l'oubli ", "theme": "archive"}