{"id_art": "1f8c63ff610da052deaf88b85ba3cf59", "title": "Trump s'en prend a Theresa May pour avoir critique ses retweets de videos antimusulmanes ", "newspaper": "lesoir", "author": [], "date_publi": [], "content": "Le president americain a relaye mercredi sur Twitter une serie de videos anti-musulmans publiees par une responsable politique britannique d'extreme droite. Le president americain Donald Trump s'en est pris mercredi soir a la Premiere ministre britannique, Theresa May, qui avait critique ses retweets de videos antimusulmanes postees sur le reseau social par un petit parti britannique d'extreme droite.<< @theresa_may ne te focalise pas sur moi, focalise-toi sur le terrorisme islamique radical destructeur a l'interieur du Royaume-Uni. Tout va bien pour nous ! >>, a tweete Donald Trump a l'intention de la dirigeante du Royaume-Uni, allie historique des Etats-Unis.quelques regles de bonne conduite avant de reagir LOCATION DROME VAISON LA ROMAINE Location Tenerife - La Caleta CItytrip LUXEMBOURG VILLE (c) Rossel & Cie - 2018 Conditions generales de vente - Droits de reproduction - Protection de la vie privee - Droit a l'oubli ", "theme": "archive"}