{"id_art": "a5e6a64de6887cade02fccc15d9852bf", "title": "<<On gagnera en credibilite en montrant ce qui fonctionne>> ", "newspaper": "lesoir", "author": [], "date_publi": [], "content": " Maxime Bierme Depuis la fin de l'annee 2016, Julie Morelle partage la presentation des JT du weekend de la RTBF avec Laurent Mathieu. Bouscules par le discours anti-medias incarne par Donald Trump que l'on retrouve dans les enquetes d'opinion en Belgique, ils veulent en revenir aux fondamentaux : << que les gens soient bien informes >>. Depuis le mois d'octobre, Laurent Mathieu a integre l'equipe des presentateurs des journaux televise de la RTBF. Un week-end sur deux, il remplace Julie Morelle, titulaire depuis 2014. Tous deux sont conscients du fosse qui se creuse entre les citoyens et les institutions comme le JT. j'adore ecouter Julie Morelle, voix tres claire tres comprehensive, tres bonne journaliste, je me fais une joie lorsque c'est elle la presentatrice des journaux du WE. Felicitations ", "theme": "archive"}