{"id_art": "6b978e3b89e6ec54c4ca12fd48017b31", "title": "Pas d'impact en Belgique ", "newspaper": "lesoir", "author": [], "date_publi": [], "content": " Pas d'impact en BelgiquePas d'impact en BelgiqueL'attaque terroriste de Londres semble n'avoir aucun lien immediat qui pourrait avoir un impact sur la situation securitaire en Belgique, a indique Peter Mertens, porte-parole du centre de crise des Affaires Interieures sur base d'une premiere analyse de l'Organe de coordination pour l'analyse de la menace (OCAM) menee a partir des informations actuellement disponibles. << Le niveau de la menace reste donc a 3, et les mesures de securite sont maintenues >>, a-t-il indique Peter Mertens. (b.)Debats sur l'independance suspendus(c) Rossel & Cie - 2018 -- Conditions generales de ventes -- Droits de reproduction -- Protection de la vie privee - droit a l'oubli ", "theme": "archive"}