{"id_art": "9de84d1770aa98b6c43d4d258d02e418", "title": "Les victimes du 22 mars recalentle projet de loi du gouvernement ", "newspaper": "lesoir", "author": ["david coppi"], "date_publi": ["2017-03-08"], "content": " Les victimes du 22 mars recalentle projet de loi du gouvernement David Coppi Les associationsdes victimes recalentle projet de loi creantun << statut de solidarite nationale >> : complique et insuffisant, jugent-elles.Il faut completeret corriger le texte,selon elles.Cela, alors quele projet de loi entamece mercredi son periple au Parlement.Les associations des victimes appellent le gouvernement a ne pas s'enfermer dans le calendrier des commemorations du 22 mars. Trente-deux morts, plus de trois cents blesses, et autant de << victimes devenues le symbole de la douleur et du dommage causes deliberement par l'agresseur a la Belgique >>, lit-on en preambule du projet de loi porte par Maggie De Block (VLD) et Steven Vandeput (N-VA), ministres des Affaires sociales et de la Defense du gouvernement federal. Adopte fin fevrier en cabinet restreint (nous en avons rendu compte dans Le Soir du 23 fevrier), le texte entame ce mercredi son periple parlementaire, en commission de la Sante. Un periple que le gouvernement federal ne veut pas voir durer, soucieux de produire des resultats tangibles pour le 22 mars, premier anniversaire des attentats a Maelbeek et Zaventem. D'ou, on l'a dit, ce projet de loi << portant creation du statut de solidarite nationale pour les victimes d'actes de terrorisme >>, lui-meme << portant octroi d'une pension de dedommagement et visant au remboursement des soins medicaux a ces victimes ayants droit >>.(c) Rossel & Cie - 2018 -- Conditions generales de ventes -- Droits de reproduction -- Protection de la vie privee - droit a l'oubli ", "theme": "archive"}