{"id_art": "a30f4f8f7108325503d7395bd9bba632", "title": "revendication Daesh endosse l'attaque, la piste belge exploree ", "newspaper": "lesoir", "author": [""], "date_publi": ["2017-04-21"], "content": " revendication Daesh endosse l'attaque, la piste belge exploree Ludivine PonciauL'assaillant a ete << neutralise >>. A l'heure ou nous bouclons cette edition, son identite n'a pas encore ete revelee officiellement. Mais quelques elements d'informations ont neanmoins filtre. L'individu etait connu des services de police et, plus particulierement, des unites antiterroristes puisqu'il etait fiche << S >> (lire ci-contre). Le parquet antiterroriste s'est d'ailleurs saisi du dossier et le procureur de Paris, Francois Molins, est descendu sur les lieux de la fusillade. Selon certains medias francais, il etait notamment connu pour des faits de vol avec violence.En fin de soiree, hier, plusieurs medias evoquaient la piste d'eventuels complices. Il est vrai que le porte-parole du ministere de l'Interieur a lui-meme emis cette hypothese. << On ne peut pas exclure qu'un ou plusieurs complices aient pu participer a la commission des faits >>, a indique Pierre-Henry Brandet.(c) Rossel & Cie - 2018 -- Conditions generales de ventes -- Droits de reproduction -- Protection de la vie privee - droit a l'oubli ", "theme": "archive"}