{"id_art": "9d143c37b801c87a21b49bfecaab6c70", "title": "Thierry Michel un an apres le 22 mars: <<Il faut refaire des films sur le bonheur>> ", "newspaper": "lesoir", "author": ["nicolas crousse"], "date_publi": ["2017-03-21", "2017-03-21"], "content": " Nicolas Crousse Avec << Les enfants du Hasard >>, qui sort sur nos ecrans ce 22 mars, il observe une joyeuse bande de gamins issus de l'immigration a Cheratte. C'est un petit evenement, qu'il serait bien sot de ne point saluer. Apres avoir parcouru de long en large et de haut en bas le monde, et ces dernieres annees (surtout) l'Afrique noire, voici Thierry Michel qui, a l'age ou ses compatriotes partent a la retraite, decide de revenir aux sources : celles de son pays, et celles de l'enfance.Ce mercredi 22 mars, un an tout juste apres les doubles attentats de Bruxelles, sortira sur nos ecrans son dernier film, Les enfants du Hasard , corealise avec Pascal Colson. Un film que les deux hommes ont tourne dans la region liegeoise, a l'ecole communale de Cheratte, face aux fascinants vestiges du charbonnage du Hasard.", "theme": "archive"}