{"id_art": "0524bffeca4ca202c181090585f8180b", "title": "Attentat de Londres: les enqueteurs se tournent vers WhatsApp ", "newspaper": "lesoir", "author": [], "date_publi": [], "content": " Attentat de Londres: les enqueteurs se tournent vers WhatsApp L'assaillant a utilise le service de messagerie securisee juste avant l'attaque. Quatre jours apres l'attentat au Parlement de Londres, les enqueteurs cherchaient toujours dimanche de possibles complicites, la ministre de l'Interieur appelant les services de messagerie securisee comme WhatsApp a collaborer avec les autorites pour ne pas fournir de <<cachette aux terroristes>>.La ministre britannique de l'Interieur Amber Rudd a juge <<totalement inacceptable>>, dimanche sur la BBC, le fait que des communications entre suspects d'actes de terrorisme puissent echapper aux services de renseignement parce qu'elles sont encryptees.La ministre a confirme sur Sky News que Khalil Masood, le Britannique de 52 ans converti a l'islam qui a tue mercredi trois personnes en les fauchant avec sa voiture sur le pont de Westminster avant de poignarder a mort un policier devant le parlement, a utilise le service de messagerie securisee WhatsApp, propriete de Facebook, juste avant l'attaque. (c) Rossel & Cie - 2018 Conditions generales de vente - Droits de reproduction - Protection de la vie privee - Droit a l'oubli ", "theme": "archive"}