{"id_art": "ff8bec03ad882ea503aa4b4178227dd5", "title": "L'auteur de l'attentat de Berlin aurait pu etre arrete, selon le ministre allemand de l'Interieur ", "newspaper": "lesoir", "author": [""], "date_publi": ["2017-03-28"], "content": "L'auteur de l'attaque contre un marche de Noel a Berlin Anis Amri aurait pu etre arrete bien avant de foncer dans la foule avec un camion le 19 decembre 2016, a affirme mardi le ministre allemand de l'Interieur Thomas de Maiziere. Les autorites auraient eu assez de preuves pour l'arreter au plus tard fin octobre, selon lui, mais ont echoue.Fin octobre, lorsque la Tunisie a confirme l'identite d'Anis Amri, l'homme aurait pu etre arrete pour des raisons de securite, a affirme le ministre. <<Cela n'a pourtant pas ete tente une seule fois.>>Anis Amri a fonce le 19 decembre sur la foule d'un marche de Noel a Berlin, tuant 12 personnes. L'acte a ete revendique par le groupe terroriste Etat islamique. L'auteur etait pourtant surveille depuis plusieurs mois pour ses liens avec l'islamisme radical.", "theme": "archive"}