{"id_art": "e650828e8e41664de31cf420bb8c60e1", "title": "Laurence Bindner: <<Reorganiser sa propagande est une perte de temps et de moyens pour Daesh>> ", "newspaper": "lesoir", "author": [""], "date_publi": ["2018-01-24"], "content": " Ludivine Ponciau Laurence Bindner est experte en cybersecurite et specialiste de la diffusion des contenus djihadistes en ligne. Vous confirmez que la propagande djihadiste accuse un net recul sur le Net ? Oui. Et cette inflexion est due a plusieurs choses : aux actions menees sur les reseaux sociaux, aux Etats qui organisent cette lutte et aux problemes que rencontrent les organisations terroristes sur le terrain. Il ne faut pas oublier non plus que nombre de responsables des medias de Daesh ont ete neutralises. En supprimant tous les contenus djihadistes identifies, on pousse les groupes terroristes a utiliser des plateformes, comme Telegram, qui echappent au controle des autorites... ", "theme": "archive"}