{"id_art": "6f57d264420d6f1573bb748b0ce1d44c", "title": "financement L'analyse des flux, une methode qui divise les services ", "newspaper": "lesoir", "author": ["thomas casavecchia"], "date_publi": ["2017-04-14"], "content": " financement L'analyse des flux, une methode qui divise les services Thomas Casavecchia Rik Coolsaet est professeur emerite a l'Universite de Gand et membre de l'Institut royal des relations internationales Egmont. Si les liens entre petite delinquance et le terrorisme sont effectivement courants, l'idee d'observer les flux financiers qui decoulent de divers trafics pour mieux pincer les terroristes ne fait pas l'unanimite.Pour Rik Coolsaet, professeur emerite a l'Universite de Gand et membre de l'Institut royal des relations internationales (Egmont), meme le << profil-type >> du terroriste qui serait d'office passe par la case << delinquance >> avant de rallier la cause islamiste est contestee : << C'est en tout cas difficile de generaliser a tous les djihadistes. Si Khalid Zerkani, par exemple, incitait son entourage a voler les incroyants, ce n'est pas le cas de Sharia4Belgium >>.(c) Rossel & Cie - 2018 -- Conditions generales de ventes -- Droits de reproduction -- Protection de la vie privee - droit a l'oubli ", "theme": "archive"}