{"id_art": "7250ae92c4e85642e6212038ec0125b8", "title": "Ce qu'il faut retenir de l'attentat a Manchester ", "newspaper": "lesoir", "author": [""], "date_publi": ["2017-05-23"], "content": " Theo Anberree (St.)Revendiquee par Daesh, l'attaque a la bombe de Manchester a fait au moins 22 morts, dont des enfants, et au moins 59 blesses. La police a annonce l'arrestation d'un homme de 23 ans. Des operations de police sont toujours en cours. La Grande-Bretagne a ete frappee par un attentat revendique par l'organisation Etat islamique dans la ville de Manchester. L'attaque a ete perpetree aux alentours de 22 heures 30 a l'issue d'un concert de la pop-star americaine Ariana Grande, dont le public est largement compose d'enfants et d'adolescents. De tres jeunes personnes sont decedees dont une fillette de 8 ans, Saffie Rose Rousos, alors que la premiere victime identifiee, Georgina Callander, etait une etudiante de 18 ans. 16 des 59 blesses accueillis par les hopitaux mancuniens sont ages de moins de 16 ans.", "theme": "archive"}