{"id_art": "d654cd1346307cba09fe97935ee4d865", "title": "Le sommet << securite >> boucle, l'<< economique >> s'annonce ", "newspaper": "lesoir", "author": ["eric deffet"], "date_publi": ["2017-05-15"], "content": " Le sommet << securite >> boucle, l'<< economique >> s'annonce Eric Deffet Le gouvernement federal a menetambour battantson conseil << securite >>.Un plan de 28 mesures en est sorti.Deja, la FEB le presse de lancer une deuxieme phase de grandes mesures economiques.Dimanche a Val Duchesse, le gouvernement federal a mene tambour battant le premier des trois conseils thematiques qu'il s'est imposes avant les vacances d'ete. Au menu, cette fois : la securite au sens tres large du terme. Le printemps 2017 verra aussi fleurir des reunions consacrees a l'economie, puis au social et a la lutte contre la pauvrete.Pour cette fois, Charles Michel et son equipe au grand complet ont produit un plan de 28 mesures. L'objectif etait clairement d'accoucher d'une strategie coherente, meme si les dispositions annoncees, certaines largement pressenties, d'autres plus inedites, vont un peu dans tous les sens, de la lutte contre le terrorisme jusqu'a la securite routiere. Et derriere cette strategie, une volonte s'exprime : renforcer la securite des citoyens ou l'ameliorer, selon les cas.(c) Rossel & Cie - 2018 -- Conditions generales de ventes -- Droits de reproduction -- Protection de la vie privee - droit a l'oubli ", "theme": "archive"}