{"id_art": "25a1527f6e3b6b81b5fbae78511f84de", "title": "Polices belges et francaises controlent ", "newspaper": "lesoir", "author": [], "date_publi": [], "content": " O.PAQ Durant la nuit de samedi a dimanche, la zone de police Lermes (Lobbes, Erquelinnes, Merbes-le-Chateau et Estinnes) a mene, avec la police nationale francaise de Maubeuge, une operation conjointe. << Ce n'est pas la premiere fois que nous menons des controles en etroite collaboration avec la police francaise >>, precise Bernard Moriame, directeur des operations et commissaire a la zone Lermes.Comme l'affirme ce dernier, cela permet de resserrer les liens entre les deux pays voisins et de mieux collaborer lors d'une enquete transfrontaliere. << On se voit regulierement dans le cadre de l'operation sentinelle que mene la police francaise en vue de lutter contre le terrorisme. >> De plus, beaucoup de Francais se rendent en Belgique. << Ils sont nombreux a franchir la frontiere pour se rendre dans le centre d'Erquelinnes, dans les night-shops. Cela cause de nombreux problemes de circulation. >> ", "theme": "archive"}