{"id_art": "4be7910add30c543c33ca684695ad188", "title": "Abdeslam nie avoir agi dans un contexte terroriste ", "newspaper": "lesoir", "author": [], "date_publi": [], "content": " Abdeslam nie avoir agi dans un contexte terroriste La fusillade de la rue du Dries n'est pas de nature a porter atteinte a l'Etat, soutient la defense, qui plaide egalement l'irrecevabilite des poursuites.La fusilladeTerroristes, mais pas ce jour-la. >> C'est, en substance, l'un des arguments presentes par les avocats de la defense A plusieurs reprises, les avocats de la defense ont en effet demande au tribunal de ne pas se tromper de proces. Ils soutiennent notamment que la fusillade de la rue du Dries ne s'inscrit pas dans un contexte terroriste. S'appuyant sur la description legale de l'acte terroriste, Sven Mary a estime que les circonstances dans lesquelles s'est deroulee la fusillade n'etaient pas << de nature a porter atteinte a la Belgique >> ni a << destabiliser les structures fondamentales politiques, constitutionnelles, economiques ou sociales >>. << Dans le dossier et rien que dans le dossier, il n'y a rien qui vous permette de condamner Salah Abdeslam pour terrorisme >>, a ajoute Me Mary. (c) Rossel & Cie - 2018 -- Conditions generales de ventes -- Droits de reproduction -- Protection de la vie privee - droit a l'oubli ", "theme": "archive"}