{"id_art": "0d63288d1c2071da7c473382fade12f3", "title": "Brexit: le plan de Theresa May pour sortir de l'UE ", "newspaper": "lesoir", "author": [""], "date_publi": ["2017-03-29"], "content": " Jurek KuczkiewiczApres la notification du depart de l'Europe, la Premiere ministre a donne quelques indications sur l'objectif du Brexit. Comment << continuer a faire progresser et proteger nos valeurs europeennes communes >>, tout en pretendant s'etre libere de la tutelle de la charte des valeurs fondamentales et de la Cour europeenne de Justice, pour << construire un futur meilleur >>, une << Grande-Bretagne plus forte et plus juste ? >> C'est la contradiction qu'a tente d'assumer la Premiere ministre britannique Theresa May ce mercredi sur le coup de 13h30, dans deux interventions largement convergentes, mais s'adressant a deux publics bien differents : d'une part la lettre transmise au president du Conseil europeen ou madame May a signifie la decision de son pays de quitter l'Union europeenne, puis dans son intervention a la Chambre des Communes. Avant l'accord de Lisbonne,rien n'etait prevu pour sortir de l'U E; y-a-t-on introduit l'article 50 en \"prevision \"de cette sortie ? ", "theme": "archive"}