{"id_art": "396f1ea55de3e0d2b5183234b0ae8fe2", "title": "Vera Figner, la revolutionnaire ", "newspaper": "lesoir", "author": [""], "date_publi": ["2017-04-22"], "content": " Trois livres a lire Vera Figner, la revolutionnaire Vera Figner, la revolutionnaireC'est le parcours d'une jeune aristocrate russe qui devient revolutionnaire et qui fut condamnee en 1884, a 32 ans, a la mort, peine commuee en 25 ans de prison. Vera Figner raconte dans ses Memoires sa prise de conscience de l'autoritarisme du regime tsariste, son engagement dans la contestation puis dans la lutte armee, dont l'attentat qui couta la vie au tsar Alexandre III en 1881. Elle est arretee, condamnee et envoyee en enfermement. Le livre s'arrete au moment de son arrivee a Schlusselbourg, ou elle resta jusqu'en 1904. Elle fut liberee lors de la revolution de 1905 et contribua a l'eveil des intellectuels par une serie de conferences en Russie puis en URSS et en Europe. (c) Rossel & Cie - 2018 -- Conditions generales de ventes -- Droits de reproduction -- Protection de la vie privee - droit a l'oubli ", "theme": "archive"}