{"id_art": "b0b8c00dd1e4989fc1a5002988c4e1be", "title": "Venezuela: la Cour supreme annule les pouvoirs elargis octroyes au president Maduro ", "newspaper": "lesoir", "author": [], "date_publi": [], "content": " Venezuela: la Cour supreme annule les pouvoirs elargis octroyes au president Maduro AFP La Cour supreme du Venezuela a annonce samedi avoir annule sa decision de conferer au president socialiste Nicolas Maduro des pouvoirs elargis qui devaient lui permettre de legiferer en matiere de crime organise et de terrorisme.Ces pouvoirs avaient ete octroyes par la Cour, consideree comme favorable a Nicolas Maduro, au moment ou ce pays petrolier traverse une grave crise politique et economique, afin de reviser les lois sur le financement du terrorisme et sur la corruption, ainsi que le code penal et celui de la justice militaire. (c) Rossel & Cie - 2018 Conditions generales de vente - Droits de reproduction - Protection de la vie privee - Droit a l'oubli ", "theme": "archive"}