{"id_art": "af9c9424fde2ef4eb2cf6178ad7f3899", "title": "Menace terroriste: plusieurs perquisitions menees a Bruxelles et Nivelles ", "newspaper": "lesoir", "author": [], "date_publi": [], "content": " Menace terroriste: plusieurs perquisitions menees a Bruxelles et Nivelles BELGA La police judiciaire federale de Bruxelles et de Nivelles a mene samedi dernier une serie de perquisitions dans les arrondissements judiciaires de Bruxelles et de Nivelles, dans le cadre d'un dossier de terrorisme du parquet federal. Plusieurs personnes ont ete emmenees pour audition avant d'etre rapidement liberees sans inculpation, a indique lundi le parquet federal. Le dossier est totalement distinct de ceux concernant les attentats de Paris du 13 novembre 2015 ainsi que de Bruxelles et Zaventem du 22 mars 2016, precise-t-il.Aucune arme ni explosifs n'ont ete trouves au cours de ces perquisitions. Selon le quotidien la Derniere Heure, les perquisitions ont ete menees a Wavre, Nivelles, Anderlecht, Bruxelles-Villes, Jette et Molenbeek-Saint-Jean. D'apres la meme source, elles auraient ete effectuees sur base d'une information selon laquelle des terroristes avaient l'intention de passer a l'acte le week-end dernier a Bruxelles. (c) Rossel & Cie - 2018 Conditions generales de vente - Droits de reproduction - Protection de la vie privee - Droit a l'oubli ", "theme": "archive"}