{"id_art": "f939dc03da7fb0fd4d2c3b3619ac0b13", "title": "La Justice et le fisc auront un apercu direct du trafic d'argent ", "newspaper": "lesoir", "author": [], "date_publi": [], "content": " Belga Le fisc et la Justice auront acces a une vaste banque de donnees repertoriant l'ensemble du trafic d'argent en Belgique, selon un amendement des ministres des Finances Johan Van Overtveldt (N-VA) et de la Justice Koen Geens (CD&V), consulte par L'Echo et De Tijd jeudi.Le projet de loi est une extension du point de contact central cree en 2011 par la Banque nationale de Belgique. La banque de donnees contiendra du reste davantage d'informations, par exemple sur les detenteurs de coffres et sur tous les transferts d'argent liquide vers et a partir de l'etranger au travers d'agences telles que Western Union.Les assureurs devront eux aussi transmettre des informations au sujet de tous les contrats d'assurance des branches 21, 23, 25 et 26.", "theme": "archive"}