{"id_art": "51114ac3238e060d3ab2a274be433bbe", "title": "Le federal prend 28 mesures pour renforcer la securite des citoyens ", "newspaper": "lesoir", "author": ["eric deffet", "marc metdepenningen"], "date_publi": ["2017-05-14"], "content": " Eric Deffet et Marc Metdepenningen Le gouvernement federal a mene tambour battant son conseil << securite >>. Un plan de 28 mesures en est sorti. Dimanche a Val Duchesse, le gouvernement federal a mene tambour battant le premier des trois conseils thematiques qu'il s'est impose avant les vacances d'ete. Au menu, cette fois : la securite au sens tres large du terme. Le printemps 2017 verra aussi fleurir des reunions consacrees a l'economie, puis au social et a la lutte contre la pauvrete.Pour cette fois, Charles Michel et son equipe au grand complet ont produit un plan de 28 mesures. L'objectif etait clairement d'accoucher d'une strategie coherente, meme si les dispositions annoncees, certaines largement pressenties, d'autres plus inedites, vont un peu dans tous les sens, de la lutte contre le terrorisme jusqu'a la securite routiere. Et derriere cette strategie, une volonte s'exprime : renforcer la securite des citoyens ou de l'ameliorer, selon les cas.", "theme": "archive"}