{"id_art": "8ecbbf25b4a8bc43736eee2be05ed714", "title": "Que faire de l'argent virtueldu crime saisi par la justice ? ", "newspaper": "lesoir", "author": [], "date_publi": [], "content": " Que faire de l'argent virtueldu crime saisi par la justice ? Marc Metdepenningen Deux saisies de bitcoins entre les mains de l'Office centralde saisie et de confiscation (OCSC).La justice rechercheune solution pour les valoriser.Elle redoute le piratage.Certains amateurs ont frappe des <<bitcoins>>, mais cette devise veritable est virtuelle. La criminalite, passee depuis longtemps a l'ere 2.0, force aussi la justice a prendre en consideration les nouveaux moyens de paiement que sont les monnaies virtuelles. L'Office central de saisie et de confiscation (OCSC) est ainsi entre en possession de bitcoins a la faveur de deux jugements prononcant la << confiscation par equivalence >> (le produit du delit poursuivi) de sommes virtuelles accumulees par des trafics de drogues.Le tribunal de premiere instance de Tongres (Limbourg) avait ainsi prononce la confiscation d'une somme de 104,98865061 bitcoins (116.000 euros, environ, au cours d'hier), une mesure que vient de confirmer la cour d'appel d'Anvers et actuellement pendante devant la Cour de cassation. En janvier dernier, le tribunal correctionnel de Bruges avait pour sa part prononce la confiscation de 946 bitcoins (1,1 million d'euros).(c) Rossel & Cie - 2018 -- Conditions generales de ventes -- Droits de reproduction -- Protection de la vie privee - droit a l'oubli ", "theme": "archive"}