{"id_art": "f614afb7ad745c965a982012983ee366", "title": "l'enquete Masood, un loup solitaire ? ", "newspaper": "lesoir", "author": [""], "date_publi": ["2017-03-24"], "content": " l'enquete Masood, un loup solitaire ?De notre correspondanteVingt-quatre heures apres l'attaque terroriste, l'identite de l'assaillant de Londres a ete revelee hier en milieu d'apres-midi par Scotland Yard. L'homme qui a tue mercredi deux passants au volant d'un 4 x 4 sur le pont de Westminster, blesse une quarantaine de personnes et poignarde a mort un policier charge de la securite du Parlement s'appelait Khalid Masood.Cet homme de 52 ans, ne dans le Sussex et de nationalite britannique, n'etait pas connu des forces de l'ordre pour activites terroristes. Par contre, les enqueteurs ont revele que l'assaillant de Westminster avait un lourd passe judiciaire derriere lui. Entre 1983 et 2003, Masood a accumule les condamnations pour agression, detention d'armes et troubles a l'ordre public notamment.(c) Rossel & Cie - 2018 -- Conditions generales de ventes -- Droits de reproduction -- Protection de la vie privee - droit a l'oubli ", "theme": "archive"}