{"id_art": "47caf85c6968dbde85b78978e7d9cf66", "title": "Olivier Roy << Ce n'est pas parce qu'on n'est pas mort qu'on n'est pas un terroriste >> ", "newspaper": "lesoir", "author": [], "date_publi": [], "content": " Olivier Roy << Ce n'est pas parce qu'on n'est pas mort qu'on n'est pas un terroriste >> Corentin Di Prima Olivier Roy est directeur de recherches au CNRS et enseigne a l'Institut universitaire europeen de Florence. Islamologue repute, il a notamment publie en 2016 Le djihad et la mort (Seuil), livre dans lequel il note comment, depuis l'attentat perpetre en 1995 par Khaled Kelkal, terrorisme et djihadisme sont desormais associes a une quete deliberee de la mort. S'appuyant sur cette these et la retournant, la defense de Sofien Ayari a tente de demontrer que les prevenus ne pouvaient, selon cette grille d'analyse, etre reconnus coupables de terrorisme, des lors qu'ils ont pris la fuite lors de l'intervention de la rue du Dries a Forest, et n'ont pas cherche a mourir en martyrs. Nous avons demande a Olivier Roy si un tel argument etait a ses yeux recevable.Votre reaction a l'utilisation de votre livre pour tenter de disculper Abdeslam et Ayari ?(c) Rossel & Cie - 2018 -- Conditions generales de ventes -- Droits de reproduction -- Protection de la vie privee - droit a l'oubli ", "theme": "archive"}