{"id_art": "dafdcd3d5643b923adc2d4ec154f2b68", "title": "Un nouveau pavillonde controle ", "newspaper": "lesoir", "author": [""], "date_publi": ["2017-04-14"], "content": " Un nouveau pavillonde controle Didier AlbinUn nouveau pavillonde controleLa construction d'un pavillon en dur a la place du chapiteau ou s'organise le controle des acces a l'aerogare, sur l'ancien parking express : c'est l'etape suivante du plan de securite de BSCA. La detection des traces d'explosifs sur les passagers a ete deplacee a l'exterieur du terminal des le jour de l'attentat de Zaventem, rappelle Jean-Jacques Cloquet. Elle y est couplee a un systeme de screening des bagages, et a un profilage effectue par des policiers. Le nouveau batiment pourrait etre deja pret pour la fin 2017. Comme le souligne l'administrateur delegue de l'aeroport, la reorganisation de la securite a impacte les projets d'expansion. << Il a fallu trouver des solutions pour mettre le nouveau T2 a l'abri. L'infrastructure est operationnelle depuis decembre. Quant a l'augmentation de la capacite des parkings, elle a ete repensee en fonction de la securite. >> Si le risque zero n'existe pas, BSCA dit avoir mobilise les meilleures expertises pour proteger son personnel et ses passagers.(c) Rossel & Cie - 2018 -- Conditions generales de ventes -- Droits de reproduction -- Protection de la vie privee - droit a l'oubli ", "theme": "archive"}