{"id_art": "c56ef49bcc5924f66160644ca40eecfa", "title": "Avanti ! ", "newspaper": "lesoir", "author": [""], "date_publi": ["2017-04-19"], "content": " Wendy MertensCC AuderghemUne comedie sous le soleil de Rome ou un duo anglo-saxon part a la recherche de parents decedes dans un accident. Avec Francis Huster et Ingrid Chauvin. (W.M.)Theatre, Namur ; Waux-Hall, NivellesPuisant dans 144 films cultes americains, le collectif Mensuel remixe les images pour imaginer un scenario inedit. Tandis qu'a l'ecran defile ce << mashup >> parodique, les comediens assurent les bruitages et les voix, en direct sur la scene et les mettent a la sauce belge. (C.Ma.)C'est quand la delivrance ?(c) Rossel & Cie - 2018 -- Conditions generales de ventes -- Droits de reproduction -- Protection de la vie privee - droit a l'oubli ", "theme": "archive"}