{"id_art": "f65ace6696912dbbc896532844aaeb25", "title": "reaction L'Union europeenne reduite au pragmatisme ", "newspaper": "lesoir", "author": [], "date_publi": [], "content": " reaction L'Union europeenne reduite au pragmatismeDecouvrant l'issue du referendum, la Commission europeenne a sans surprise fait dans la retenue. Prenant << note >> du resultat du referendum, le president de l'institution europeenne, Jean-Claude Juncker, et la cheffe de la diplomatie europeenne, Federica Mogherini, ont dit vouloir attendre les resultats de la mission d'observation internationale a Ankara, notamment en ce qui concerne les rumeurs d'irregularite lors du vote. Les conclusions preliminaires des observateurs internationaux ont notamment mis en doute l'impartialite des informations donnees aux electeurs sur les points cles de la reforme constitutionnelle. Les amendements a la Constitution turque << seront evalues a la lumiere des obligations de la Turquie en tant que pays candidat a l'UE et membre du Conseil de l'Europe >>, ont par ailleurs poursuivi Jean-Claude Juncker et Federica Mogherini.(c) Rossel & Cie - 2018 -- Conditions generales de ventes -- Droits de reproduction -- Protection de la vie privee - droit a l'oubli ", "theme": "archive"}