{"id_art": "88d34076dce991b1a0a4903b40d9f706", "title": "Enfant prodige : singe savant ou artiste surdoue ? ", "newspaper": "lesoir", "author": ["serge martin"], "date_publi": ["2018-01-27"], "content": " Enfant prodige : singe savant ou artiste surdoue ? Serge Martin L'OPRL consacre son festival de saison a << L'Enfant prodige >>. Un theme qui implique compositeurs et interpretes. L'orchestre le fait revivre avec les nouvelles gloires d'aujourd'hui.L'OPRL consacre son festival de saison a << L'Enfant prodige >>. (c) Rossel & Cie - 2018 -- Conditions generales de ventes -- Droits de reproduction -- Protection de la vie privee - droit a l'oubli ", "theme": "archive"}