{"id_art": "28b1ebd73377d53031c7744cb587c957", "title": "La menace s'eloigne, la securite reste ", "newspaper": "lesoir", "author": [""], "date_publi": ["2018-01-23"], "content": " La menace s'eloigne, la securite reste Le niveau de la menace a baisse de 3 a 2 mais la presence des militaires dans les rues restera visible et consequente.Le niveau de la menaceHATIM KAGHAT / Le soirDepuis novembre 2015, l'armee patrouillait dans les rues, les gares et les zones a risque de plusieurs grandes villes. L'abaissement du niveau d'alerte 3 au niveau 2 (menace peu vraisemblable) est une nouvelle etape d'un retour a la normale. Meme s'il serait plus juste de parler de niveau 2+ ou 2++, si ceux-ci existaient dans l'echelle de la menace. Car la << plutot bonne nouvelle >>, pour reprendre les propos de Charles Michel est assortie de quelques exceptions et mises en garde.<< Ce niveau general 2 suppose que nous restions particulierement vigilants, alertes. Et qu'il y a une culture de la securite qui a ete developpee depuis les derniers mois, les dernieres annees. Et que nous allons continuer a developper de maniere constante. >>(c) Rossel & Cie - 2018 -- Conditions generales de ventes -- Droits de reproduction -- Protection de la vie privee - droit a l'oubli ", "theme": "archive"}