{"id_art": "b49b80cf67e8f5dc0415ddbfb98bf2f8", "title": "Changeons l'image d'une Europe abstraite ", "newspaper": "lesoir", "author": [], "date_publi": [], "content": "Les instances europeennes doivent s'engager sur des mesures de meilleure gouvernance pour preserver les generations futures et demeurer un repere pour le respect des droits fondamentaux. Nous commemorerons ce samedi 25 mars le soixantieme anniversaire d'une ere de liberte inedite pour l'Europe. Pourtant, le projet europeen n'a jamais paru aussi eloigne qu'aujourd'hui.Les nationalismes, le << chacun pour soi >> ne cessent de prendre de l'importance. Pour la premiere fois, au lieu de nous rejouir de nouvelles adhesions, nous devons faire face a la sortie du Royaume-Uni.Sur cette toile de fond, nous ne pouvons pas nous contenter d'une celebration qui ne soit faite que de belles paroles. Nous devons rapprocher l'Europe de ses citoyens.Repondons aux populismes par une Europe des actes.L'heure n'est plus a la division ni au rejet de nos fautes et de nos erreurs sur les autres institutions ou les gouvernements. L'heure est au contraire au courage de prendre nos responsabilites pour trouver des solutions communes dans l'interet de nos concitoyens.Pour faire reculer le chomage, notamment parmi les jeunes, nous avons besoin d'une Europe plus competitive et plus en phase avec l'economie reelle. Ajoutons un pacte generationnel au pacte de stabilite et de croissance. Nous ne pouvons pas laisser a notre jeunesse des dettes ingerables et une economie qui n'est pas propice a la creation d'emplois.Les seules mesures d'assainissement budgetaire ne suffiront pas a atteindre ce resultat. Nous avons besoin d'une politique qui stimule les investissements, l'industrie, les services, le passage au numerique.Nous devons renforcer la gouvernance economique europeenne pour instaurer une veritable convergence de nos economies, c'est ainsi que l'euro garantira des avantages a tous les Europeens.Nous avons besoin de regles et de procedures plus simples, qui n'etouffent pas nos citoyens, ni nos entreprises.Concentrons-nous sur les grands defis mondiaux. Aucun Etat europeen n'est assez fort pour negocier seul avec les Etats-Unis, la Chine ou la Russie. Ce n'est qu'ensemble que nous pouvons assurer reellement notre souverainete.Ce n'est qu'unis que nous pouvons garantir l'excellence europeenne, l'acces aux marches mondiaux, avec des regles qui permettent d'etre forts face a la concurrence deloyale.Nous avons aussi besoin d'une defense europeenne et d'une industrie de la defense pour nous proteger efficacement.Nous devons egalement agir pour proteger nos concitoyens. Nos services de renseignement, nos polices, nos services de justice doivent encore plus travailler, la main dans la main, pour combattre le terrorisme et la criminalite.Pour controler nos frontieres, nous devons renforcer le corps europeen de garde-cotes et de gardes-frontieres.Solidairement, nous devons garantir le droit d'asile et reformer le reglement de Dublin pour le rendre plus efficace. Nous devons egalement etre plus fermes en accueillant ceux qui peuvent se prevaloir de ce droit et en luttant contre l'immigration illegale.Pour faire face a ce phenomene de notre epoque, indissociable de la croissance demographique, des changements climatiques, du terrorisme, de la guerre et de la pauvrete, nous devons elaborer une strategie commune en faveur du developpement de l'Afrique. Nous ne pouvons laisser la gestion des flux migratoires aux trafiquants d'etres humains ni aux terroristes.Nous devons nous doter d'une diplomatie economique pour faciliter et accelerer les retours, creer des centres d'accueil en Afrique du Nord en cooperation avec l'ONU. Nous devons proposer un plan Marshall pour l'Afrique, avec davantage d'investissements et de transferts de bonnes pratiques dans les domaines de la securite, des infrastructures, des energies propres, de l'entrepreneuriat, de la formation et des capacites administratives.Mesurons combien l'unite europeenne est vitale, aujourd'hui plus que jamais, pour relever serieusement ces defis. L'Europe doit se reformer et non s'affaiblir.Nous pouvons reflechir a nos erreurs, a ce que nous allons ameliorer, mais nous n'avons pas le droit de nous decourager, de renier ce que nous avons fait ensemble.Nous sommes la seule region du monde ou la peine de mort n'est plus appliquee. C'est vers nous que le monde se tourne quand des journalistes sont emprisonnes, quand des femmes subissent des violences et voient leurs droits bafoues, quand des opposants politiques sont menaces ou prives de liberte. Nous devons demeurer un repere, un phare pour les droits fondamentaux. Nous sommes beaucoup plus qu'un marche ou une monnaie.Nous avons tous la responsabilite d'exercer avec encore plus de force et de courage notre role de parangon des valeurs, qui sont la principale raison de notre << vivre ensemble >>.Les reussites de l'Europe font rever des qu'il est question de progres, de prosperite, de liberte et de paix. Je ne pense pas que les Europeens aient perdu cette envie de rever. Il nous appartient aujourd'hui de changer l'image d'une Europe abstraite, peu efficace et bureaucratique. Nous devons reveiller les enthousiasmes et ce sentiment de faire partie d'un grand projet.C'est le plus beau des heritages que nous puissions leguer aux generations futures.quelques regles de bonne conduite avant de reagir (c) Rossel & Cie - 2018 Conditions generales de vente - Droits de reproduction - Protection de la vie privee - Droit a l'oubli ", "theme": "archive"}