{"id_art": "f4d20c599345a1c77bced321ba9f924f", "title": "Terrorisme: la <<veuve noire>> n'est plus belge ", "newspaper": "lesoir", "author": [], "date_publi": [], "content": " Marc Metdepenningen L'egerie du djihadisme privee de sa nationalite belge par la cour d'appel. Malika el-Aroud est desormais passible d'expulsion. Son premier mari etait l'un des assassins du commandant Massoud. Malika el-Aroud, 58 ans, est entree jeudi dans la 43e chambre de la cour d'appel de Bruxelles avec la nationalite belgo-marocaine. Elle en est ressortie revetue de la seule nationalite marocaine apres la decision de la cour de la dechoir de sa nationalite belge pour << avoir manque gravement a ses devoirs de citoyenne belge >>, comme le revelaient De Standaard et La Libre. Bilal Soughir, ce Belgo-Tunisien qui avait recrute en 2005 Muriel Degauque, cette jeune femme de Monceau-sur-Sambre qui avait commis un attentat kamikaze, s'est vu lui aussi retirer sa nationalite belge consecutive a sa condamnation en 2008 a cinq ans de prison comme chef d'une filiere terroriste.", "theme": "archive"}