{"id_art": "cb8e206f8267fc63df46ff7cd17e0f2d", "title": "<< On peut depasser la souffrance pour grandir >> ", "newspaper": "lesoir", "author": [], "date_publi": [], "content": " << On peut depasser la souffrance pour grandir >> Pour Zeruya Shalev, les plaies, liees a un attentat ou a l'amour, nous font evoluer<<Il m'a fallu dix ans pour pouvoir aborder dans un roman l'attentat dont j'ai ete victime.>> F. Mantovani/Gallimard. Couronnee par le Prix Femina, Zeruya Shalev trace sa voie dans les lettres israeliennes en respectant sa voix singuliere. Celle d'un ecrivain qui aime les chemins sinueux de l'intime. La passion amoureuse, les liens familiaux ou le deuil ressemblent a des etaux, dont il faut s'extirper pour exister. Elle aussi a du se debarrasser des oripeaux d'une blessure silencieuse. Un attentat qui l'a laissee KO. (c) Rossel & Cie - 2018 -- Conditions generales de ventes -- Droits de reproduction -- Protection de la vie privee - droit a l'oubli ", "theme": "archive"}