{"id_art": "1cb8442e9b3c4b2706f0a82d0fd6aeaf", "title": "La methode << Capone >> pour combattre Daesh ", "newspaper": "lesoir", "author": [], "date_publi": [], "content": " La methode << Capone >> pour combattre Daesh Ludivine Ponciau Le lien entre terrorisme et petite criminaliteest sous-estime, revele une etude europeenne.En la combattant plus efficacement, on priverait Daesh de fonds destines a l'organisation d'attentats et d'une main-d'oeuvre de criminels pour les commettre.En combattant plus intensement la petite criminalite, l'Europe se donnerait les moyens de lutter plus efficacement contre le terrorisme. C'est ce qui ressort d'une etude de l'European Union Institute for Security Studies (EUISS), l'agence de l'Union europeenne consacree a l'analyse des questions de politique etrangere, de securite et de defense, et dont le role est de fournir des analyses destinees a orienter la politique de l'Europe.L'etude << The crime-terrorism nexus >>, parue mercredi, rappelle les connexions existant entre terrorisme et criminalite. Le crime organise, comme le trafic d'armes et la contrebande evidemment, mais aussi - et de facon plus insidieuse - cette petite delinquance qui remplit les caisses de l'organisation terroriste et finance le djihad.Et elle propose quelques pistes d'actions basees sur ce constat pour assecher significativement les ressources du groupe djihadiste Etat islamique.(c) Rossel & Cie - 2018 -- Conditions generales de ventes -- Droits de reproduction -- Protection de la vie privee - droit a l'oubli ", "theme": "archive"}