{"id_art": "ea0961f26e7be52455ee2e47157d970d", "title": "Comment valoriser les bitcoins saisis par la Justice? ", "newspaper": "lesoir", "author": ["marc metdepenningen"], "date_publi": ["2017-04-14"], "content": " Marc Metdepenningen Deux saisies de bitcoins entre les mains de l'Office Central de Saisie et de Confiscation (OCSC). La Justice recherche une solution pour les valoriser. Elle redoute le piratage. La criminalite, passee depuis longtemps a l'ere 2.0, force aussi la Justice a prendre en consideration les nouveaux moyens de paiement que sont les monnaies virtuelles. L'Office Central de Saisie et de Confiscation (OCSC) est ainsi entre en possession de bitcoins a la faveur de deux jugements prononcant la << confiscation par equivalence >> (le produit du delit poursuivi) de sommes virtuelles accumulees par des trafics de drogues.Le tribunal de premiere instance de Tongres (Limbourg) avait ainsi prononce la confiscation d'une somme de 104,98865061 bitcoins (116.000 euros, environ, au cours d'hier), une mesure que vient de confirmer la cour d'appel d'Anvers et actuellement pendante devant la Cour de cassation. En janvier dernier, le tribunal correctionnel de Bruges avait pour sa part prononce la confiscation de 946 bitcoins (1,1 million d'euros). A quel lieu et aupres de quel intermediaire la saisie a t'elle eu lieu ? ", "theme": "archive"}