{"id_art": "ca6f7f7d4494d2a5cd0836eebdcf8096", "title": "Deja une realite en Belgique ", "newspaper": "lesoir", "author": [], "date_publi": [], "content": " Partage de donnees Deja une realite en BelgiqueDeja une realite en Belgique<< Dans la cellule, la lutte contre le financement du terrorisme est une priorite >>, assure Kris Meskens, secretaire general de la Cellule de traitement des informations financieres (CTIF). << Un focus a d'ailleurs ete fait en 2016 lors de notre rapport d'activite de 2015 >>. La cellule a en effet la responsabilite de lutter contre le blanchiment d'argent d'origine criminelle et le financement du terrorisme depuis 1993. << Aujourd'hui, l'utilisation de donnees financieres pour lutter contre le terrorisme est deja une realite. Les banques, comptables, organismes de prets, etc. font partie de nos sources >>.(c) Rossel & Cie - 2018 -- Conditions generales de ventes -- Droits de reproduction -- Protection de la vie privee - droit a l'oubli ", "theme": "archive"}