{"id_art": "a0455a115f873ca521898c8bcc68a1f9", "title": "<< La tracabilite du tabac doit etre garantie >> ", "newspaper": "lesoir", "author": [], "date_publi": [], "content": " INTERVIEW EXPRESS << La tracabilite du tabac doit etre garantie >> Frederic Soumois Bernard Gasq, president de la Federation des buralistes Ile-de-France, Oise, Seine-Maritime, a mene dimanche une actionde barrage filtrant a la frontiere belge.Bernard Gasq se bat contre la fraude. Pourquoi avoir effectue un barrage filtrant au Mont Noir, pres de Comines ?Pourquoi avoir effectue un barrage filtrant au Mont Noir, pres de Comines ?Nous demandons l'instauration de la tracabilite des produits du tabac, une mesure qui est contenue dans le protocole de l'OMS (NDLR : Organisation mondiale de la sante) signe par la France fin 2016. On estime qu'un quart de la consommation en France est de provenance illegale. Le commerce parallele de tabac est un fleau qui se traduit chaque annee par une perte fiscale de 3 milliards d'euros/an pour l'Etat et un manque a gagner pour les buralistes de 250 millions d'euros/an. A Paris, on voit des gens vendre des paquets devant nos debits de tabac. Des couples de buralistes travaillent 70 h/semaine et degagent 1.000 euros de revenus mensuels. Ce n'est pas tenable.(c) Rossel & Cie - 2018 -- Conditions generales de ventes -- Droits de reproduction -- Protection de la vie privee - droit a l'oubli ", "theme": "archive"}