{"id_art": "29d72f2d4c41535c8e3600e2023c05e7", "title": "Eric Van Rompuy : << Il y aun probleme de gouvernement >> ", "newspaper": "lesoir", "author": ["david coppi"], "date_publi": ["2017-04-10"], "content": " Eric Van Rompuy : << Il y aun probleme de gouvernement >> David Coppi Zuhal Demir (N-VA) qualifie le CD&Vde << nouveau partides musulmans >>.Charles Michella recadre.Eric Van Rompuy (CD&V) : << Demir,Homans, Francken,De Wever, ca devient intenable. >>Wouter Beke exigedes excuses publiques. Zuhal Demir refuse.La N-VA se lache. Apres Liesbeth Homans, ministre flamande de l'Interieur, et ses accusations visant la mosquee Fatih a Beringen, Zuhal Demir, secretaire d'Etat federale en charge de l'Egalite des chances, se manifeste elle aussi. Elle s'est livree dimanche dans De Zondag, un gratuit en Flandre, a des attaques en roue libre contre le CD&V, partenaire de gouvernement, qualifie de << nouveau parti des musulmans >> apres certaines positions de certains de ses elus, a Gand notamment, jugees favorables au regime turc d'Erdogan, cela a des fins electoralistes. Zuhal Demir y va : pour le CD&V, les musulmans sont du << betail electoral >>, le parti chretien-democrate est pret a tout pour ravir des voix dans la communaute...(c) Rossel & Cie - 2018 -- Conditions generales de ventes -- Droits de reproduction -- Protection de la vie privee - droit a l'oubli ", "theme": "archive"}