{"id_art": "d2a4eb62ff7aab091031a5b0efbc8bd1", "title": "Report du proces en cassation pour Ali Aarrass ", "newspaper": "lesoir", "author": [], "date_publi": [], "content": " Baudouin LoosL'examen du recours introduit par le Belgo-Marocain Ali Aarrass condamne au Maroc n'a pas eu lieu ce mercredi, la Cour de cassation du Maroc a remis l'audience au 12 avril prochain. La defense du prisonnier se felicite neanmoins d'avoir recu l'appui du Comite contre la torture, un organisme de l'ONU. Le dossier d'Ali Aarrass devait etre examine ce 29 mars par la Cour de cassation du royaume du Maroc. Ce Belgo-Marocain purge une peine de 12 ans de prison infligee en appel en 2012 par la justice marocaine pour faits de terrorisme qu'il nie absolument. Parmi les arguments de sa defense figure en premier lieu les aveux, extorques sous la torture en 2010 apres son extradition d'Espagne (ou les memes preventions contre lui avaient abouti a un non-lieu). L'audience de ce mercredi n'aura toutefois pas dure longtemps puisque le president de la cour a tres vite remis les debats au 12 avril, a la demande de la defense qui souhaitait prendre connaissance des conclusions du ministere public tout juste deposees.", "theme": "archive"}