{"id_art": "7e4ac58af20859d9fd440971f8eedfa7", "title": "Le fils de Donald Trump suscite la polemique apres un tweet sur l'attentat de Londres ", "newspaper": "lesoir", "author": [], "date_publi": [], "content": " Le fils de Donald Trump suscite la polemique apres un tweet sur l'attentat de Londres Donald Trump Jr a tweete une ancienne interview du maire de Londres en la sortant de son contexte. V ous vous fichez de moi !? Le maire de Londres dit que 'les attaques terroristes font partie de la vie dans une grande ville' >> a tweete ce mardi soir Donald Trump Jr., en publiant une interview de Sadiq Khan, le maire de Londres, realisee par The Independent. Dans l'article, le maire de Londres deplorait que << les attaques terroristes font partie integrante de la vie dans les grandes villes >>. Selon lui egalement, il faut << etre prepare a ce genre de choses >>.Seulement, l'interview ne date pas d'apres les attaques de ce mercredi, comme le laisse penser le fils du president americain. Il laisse ainsi croire que le maire de Londres relativise de tels actes. L'interview date de septembre 2016 et Sadiq Khan expliquait toute l'importance de la lutte contre le terrorisme et le besoin d'<< etre vigilant, avoir des forces de police proches des gens, des services de securite prets a agir, mais aussi echanger nos idees et nos bonnes pratiques >>. Cette petite manipulation n'a pas echappe a l'oeil des internautes...<< Vous utilisez une attaque terroriste dans notre ville pour attaquer le maire de Londres, pour votre propre benefice politique. Vous etes une honte. >> ecrit l'un d'eux.<< Donald Trump Jr, va te faire foutre. En tant que Londonien qui a vecu l'IRA, le London Nail Bomber et les attaques du 7 juillet 2005, ce n'est pas le moment de faire son interessant. >> poursuit un autre. << Khan a raison. Ce genre de choses arrive. Nous les combattons. Mais on ne surreagit pas sauvagement et on ne les laisse pas changer la maniere dont nous vivons. >> (c) Rossel & Cie - 2018 Conditions generales de vente - Droits de reproduction - Protection de la vie privee - Droit a l'oubli ", "theme": "archive"}