{"id_art": "c2ce199bd336c2022a277cef7cacefcc", "title": "Benoit HamonDu futur au passe ", "newspaper": "lesoir", "author": [], "date_publi": [], "content": " Benoit HamonDu futur au passe Joelle Meskens La question n'est plus de savoir si le candidat socialiste sera dans le carre de tete. Cette illusion-la s'est depuis longtemps dissipee. L'enjeu pour Benoit Hamon sera d'etre plus proche des 10 % que des 5 %. Ce serait une facon de limiter la casse. Un score en dessous de cette limite serait le scenario catastrophe : le candidat du PS ne serait meme pas rembourse de ses frais de campagne !L'hypothese d'un remake de 1969 fait son chemin. Cette annee-la, le candidat socialiste, Gaston Defferre, avait ete terrasse, finissant avec a peine 5 % loin derriere le communiste Jacques Duclos (21 %).(c) Rossel & Cie - 2018 -- Conditions generales de ventes -- Droits de reproduction -- Protection de la vie privee - droit a l'oubli ", "theme": "archive"}