{"id_art": "943f1b2f0a0c64e95d5604a32315e213", "title": "Le repas des fauves Un cocktail surprenant ", "newspaper": "lesoir", "author": ["michele friche"], "date_publi": ["2017-04-18"], "content": " Michele Friche Du rire, certes, mais souvent jaune, servi en comedie allegre, sans temps morts, sans trop de bons mots a la louche et sans certitudes assenees. Le 18 avril au Centre culturel de Dinant, le 20 avril a Wolubilis (Woluwe-Saint-Lambert), le 25 avril au Centre culturel de Huy, le 26 avril au Palace (Ath). Programmation atypique reussie avec ce Repas des Fauves , d'apres l'oeuvre de Vahe Katcha, adapte par Julien Sibre en 2011. Du rire, certes, mais souvent jaune, servi en comedie allegre, sans temps morts, sans trop de bons mots a la louche et sans certitudes assenees. Avale tout cru par huit bons comediens aux griffes acerees, il jongle avec le cynisme et la cruaute, la veulerie et la lachete, la peur de la mort et la rage de vivre : cocktail surprenant.Huit amis sont reunis autour de l'anniversaire de leur hotesse, prets a faire la fete, meme en pleine occupation (1942). Debrouille et petits arrangements pour degotter saucisson, champagne et bas nylon... de ces choses que ne vous offrent pas des tickets de rationnements !", "theme": "archive"}