{"id_art": "98c62634d36bda840d3bda6cd6e4aeb6", "title": "New YorkMatthias Pintscher ", "newspaper": "lesoir", "author": ["serge martin"], "date_publi": ["2017-05-24"], "content": " New YorkMatthias Pintscher Serge Martin Le pointillisme acere de Varese, le lyrisme tenu de Carter, la poesie eclatee de deux trentenaires (David Fulmer et Sean Shepherd), l'improvisation dada de Cage, l'espace planant de Feldman, et enfin le WTC 9/11, dedie par Steve Reich aux victimes de l'attentat du World Trade center : la musique, diverse et imprevisible, ne cesse de battre au coeur de la Grosse Pomme. Et Matthias Pintscher (photo) et l'Intercontemporain d'en jouer a fond la carte de la diversite stimulante. SERGE MARTIN(c) Rossel & Cie - 2018 -- Conditions generales de ventes -- Droits de reproduction -- Protection de la vie privee - droit a l'oubli ", "theme": "archive"}