{"id_art": "44d806f02b9d35a97286f73fb70353da", "title": "terrorisme << Il faut investir dans les quartiers.Si on perd les quartiers, on perd tout >> ", "newspaper": "lesoir", "author": [], "date_publi": [], "content": " terrorisme << Il faut investir dans les quartiers.Si on perd les quartiers, on perd tout >> Pascal Martin et Marc Metdepenningen Vous avez ete l'une des premieres femmes officiers de gendarmerie, la premiere a exercer la fonction de cheffe de corps d'une zone locale. Vous etes aussi la premiere femme a etre devenue commissaire generale de la police federale. D'aucuns ont vu dans votre designation un << coup feministe >> des ministres de la Justice et de l'Interieur de l'epoque, Annemie Turtelboom et Joelle Milquet...Vous avez ete l'une des premieres femmes officiers de gendarmerie, la premiere a exercer la fonction de cheffe de corps d'une zone locale. Vous etes aussi la premiere femme a etre devenue commissaire generale de la police federale. D'aucuns ont vu dans votre designation un << coup feministe >> des ministres de la Justice et de l'Interieur de l'epoque, Annemie Turtelboom et Joelle Milquet...Ca ne me touche pas. Je n'attache pas enormement d'importance au fait d'avoir ete la premiere femme a la tete de la police federale. Mais je pense que pour les femmes, c'est quand meme important de voir qu'on peut arriver a un pareil poste. Tout le monde a passe le meme examen et j'ai ete reconnue comme la plus apte.Votre nomination a facilite l'entree des femmes dans la police ?(c) Rossel & Cie - 2018 -- Conditions generales de ventes -- Droits de reproduction -- Protection de la vie privee - droit a l'oubli ", "theme": "archive"}