{"id_art": "965d65bba9872ac57064e5f6cdd4db99", "title": "A la peur et au securitaire, opposons une ethique de la solidarite et l'hospitalite! ", "newspaper": "lesoir", "author": [], "date_publi": [], "content": " Par 41 associations et collectifs de la societe civile bruxelloise*Des associations d'horizons divers prennent la parole a propos du climat deletere qui se developpe et s'amplifie a Bruxelles. Si la parole est largement reservee aux elus et experts en tous genres, les acteurs de terrain estiment que les arguments de la societe civile bruxelloise doivent aussi etre entendus. La commune de Molenbeek et sa population sont sous les projecteurs depuis bientot deux ans. Ce << quartier >> de Bruxelles serait devenu un << repere du djihadisme islamiste >> en Europe. Nous souhaitons, a rebours des opinions et analyses qui soutiennent cette lecture, sortir du stigmate colle a ce lieu et a ses habitants et qui occulte la persistance de problemes societaux tres profonds dont les determinants ne sont pas a chercher, loin de la, dans le perimetre considere. Si la question du radicalisme nous preoccupe tous, cela ne doit pas nous conduire a confondre un des symptomes avec le fond des problemes.Si la securite publique a pu, dans certains cas et pour un temps, justifier l'adoption de certaines mesures (pas necessairement toutes), celles-ci ne peuvent s'inscrire dans la duree. Cependant, meme dans ce contexte, les instances gouvernementales se doivent de respecter les finalites professionnelles des travailleurs et acteurs sociaux qui oeuvrent aupres des populations en proie a des difficultes de toutes sortes. Ces travailleurs et acteurs sociaux s'adressent a leurs publics a partir de ce qu'ils peuvent devenir et de ce qu'ils peuvent construire avec eux (tenant compte des moyens disponibles) et non a partir d'une approche basee sur le soupcon qui verrait d'abord et avant tout en chacun une menace pour la societe.Des a present, le << Plan Canal-Belfi >> etabli par les ministres de l'Interieur et de la Justice atteint sa vitesse de croisiere. Ainsi, l'ensemble des ASBL des communes dudit plan - puis de toute la Region bruxelloise et meme au-dela (1) - vont etre controlees par la police, sous couvert de prevention du << radicalisme violent >> et du << terrorisme >>. L'adoption de ce Plan et sa mise en oeuvre constituent un moyen d'intimidation a large spectre qui eleve la peur et la stigmatisation en mode de gestion publique. Nous refusons et denoncons cette derive. En effet, la mise en oeuvre de ces mesures autorise tous les amalgames (2), notamment lorsque le Federal s'attaque dans ce sillage a la << fraude sociale >>.Amalgames, raccourcis et stigmatisation, encore : on fait passer les associations, dans leur ensemble, comme acteurs d'un monde echappant au controle, qui n'auraient de compte a rendre qu'a eux-memes. C'est profondement injuste et errone. Les ASBL subventionnees par les pouvoirs publics repondent aux preceptes de la legislation sur les ASBL d'une part, aux obligations et procedures etablies ensuite par les pouvoirs publics que sont les Regions, Communautes et Communes, mais aussi du Federal, d'autre part. Si les acteurs de la societe civile bruxelloise ont ete horrifies par les attentats terroristes de Paris et Bruxelles, ils rejettent fermement les discours, tenus au plus haut niveau du pays, qui se permettent raccourcis et contre-verites quant a leur travail lancant, a travers le controle des associations, un veritable << grand nettoyage >> d'un pan entier de notre societe. Cette criminalisation de la societe civile doit cesser !Par ailleurs, ces mesures ne doivent pas etre isolees d'autres, votees presque en meme temps. Sur sa lancee, le gouvernement, ouvrant la boite de Pandore, aligne les mesures suivantes :- Loi du 9 fevrier du Secretaire d'Etat a l'asile et la migration Theo Francken, qui permettra d'expulser des etrangers sans proces et en ordre de sejour, pour n'etre que soupconnes de << trouble a l'ordre public >> ;- Propositions de loi debattues le mois dernier en Commission parlementaire quant a << l'abrogation du secret professionnel dans les CPAS et dans les organismes de securite sociale au regard de presomption de 'terrorisme' >>, auxquels seront confrontes notamment les assistants sociaux.Liberte et autonomie associative, secret et deontologie professionnels (3), droits des etrangers, presomption d'innocence, procedures judiciaires equitables, respect de la vie privee (suite a la multiplication de la videosurveillance dans certains quartiers), autant de principes de l'Etat de droit foules aux pieds ! Or, de la somme de ces lois, en aucun cas on ne fait un projet de societe !Nous insistons : il ne s'agit pas ici de l'exercice d'auto-defense d'un secteur. Nous refusons au contraire le jeu cynique dans lequel nos organisations sont placees qui conduira, a terme, a opposer des groupes et des secteurs de la societe entre eux comme cela se produit dans plusieurs pays europeens. Alors que, dans le meme temps, l'argument du << vivre ensemble >> et de la << cohesion sociale >> est brandi en permanence... Or, les associations sont, depuis des decennies, un des garants de la vitalite democratique, un contre-pouvoir necessaire qui permet souvent, au-dela du travail quotidien d'aide ou d'accompagnement social de personnes plus fragiles, d'etre (avec d'autres) le porte-voix des aspirations collectives a la justice, l'egalite des droits et (re-)construction de solidarites collectives et de liens sociaux. Autant d'enjeux particulierement fragilises en ces temps de crises successives qui produisent angoisses, haine et rejets de tout poil.A ce climat deletere, auquel participent des responsables gouvernementaux, nous voulons opposer une ethique associative qui donne aux valeurs d'hospitalite, d'egalite, de solidarite, de liberte et aux notions de respect et de dialogue toute la place qui leur revient dans une societe democratique. Reaffirmons la liberte associative, vecteur d'emancipation, en contre-pied des logiques securitaires, commerciales (4) et des interets egoistes.Enfin, nous invitons les citoyens qui, inquiets dans ce climat particulierement anxiogene, ne connaissent pas suffisamment les associations de leur commune ou quartier, a en franchir les portes pour s'enquerir de leurs projets, mais aussi de leurs difficultes autant que de leur desir de changement pour faire ensemble le pari de la solidarite, tournant le dos aux peurs et aux replis qui menacent.(1) Le Vif qui cite l'Agence Belga : << Molenbeek : le parquet enquete sur les ASBL en lien avec le terrorisme ou le radicalisme >> (03.03.2017)(2) Dans sa reponse a une question parlementaire de fevrier dernier a ce sujet, le ministre de l'Interieur explique, par exemple, que << 74 associations affichent un lien avec le radicalisme, l'extremisme et le terrorisme >>. Qu'est-ce a dire : si une personne a des frequentations suspectes, l'ASBL dans laquelle elle se rend est aussi << criminelle >> ? Ce genre de raccourcis et d'amalgames parseme le << plan >> et le discours qui le justifie.(3) Lire a ce propos le Manifeste du travail social (2015) (4) Meme si desormais, ne soyons pas naifs, nos secteurs sont egalement soumis a des modes de gestion et d'evaluation issus de l'entreprise privee. *Associations signataires : Lire et Ecrire Bruxelles, L'Oranger AMO, Maison du Peuple d'Europe, La Rue, MRAX, La Maison du Livre (St-Gilles), Kiosque (CIDJ), Le Foyer, Valerie Servais (Coordination communale de cohesion sociale d'Etterbeek), Myriem Amrani et Alain Willaert (presidente et vice-president de la section << Cohesion sociale >> du Conseil consultatif bruxellois francophone de l'aide aux personnes et de la sante - COCOF), Dynamo AMO, Dynamo International, Federation laique de l'Aide a la Jeunesse, Traces de rue (Federation francophone des travailleurs sociaux de rue), PlanJ AMO (Ouest B-W), MagMA, Commission Justice & Paix, BePAX, Collectifs d'ecrits, TCC accueil AMO, Zinneke ASBL, La Porte Verte-Snijboontje, Maison de Quartier St-Antoine (Forest), Le SAS Evere (SSM), Formation Insertion Jeunes, D'ici et d'ailleurs (SSM), Service droits des Jeunes de Bruxelles, Le Toucan AMO, Conseil bruxellois de coordination sociopolitique, La Cite des ecrits, Espace social Tele-Services, SETIS, Veronique Marissal (coordinatrice de la Coordination des ecoles des devoirs de Bruxelles), Union des progressistes Juifs de Belgique, Presence et Action culturelle, Mission locale de Molenbeek, Centre Avec, Centre de formation Cardijn, SHARE-Forum des migrants, Centre bruxellois d'action interculturelle ; Inter-environnement Bruxelles, Smoners et Transit.quelques regles de bonne conduite avant de reagir (c) Rossel & Cie - 2018 Conditions generales de vente - Droits de reproduction - Protection de la vie privee - Droit a l'oubli ", "theme": "archive"}