{"id_art": "6bff247f20ddff329a911c282c4c8cf2", "title": "Financement du terrorisme: trois cadres francais du groupe Lafarge inculpes ", "newspaper": "lesoir", "author": [], "date_publi": [], "content": "Trois cadres de Lafarge ont ete inculpes vendredi dans l'enquete sur les activites en Syrie du groupe franco-suisse, soupconne d'avoir indirectement finance l'organisation Etat islamique pour faire tourner sa cimenterie dans ce pays en guerre.Places mercredi en garde a vue, Bruno Pescheux, le directeur de la cimenterie de 2008 a 2014, Frederic Jolibois, qui avait repris la direction du site a partir de l'ete 2014, et Jean-Claude Veillard, directeur charge de la surete chez Lafarge, ont ete inculpes de <<financement d'une entreprise terroriste>> et de <<mise en danger de la vie d'autrui>>, selon une source judiciaire.MM. Jolibois et Veillard ont ete places sous controle judiciaire, tout comme Bruno Pescheux, dont le parquet de Paris avait requis son placement en detention provisoire.Sollicite, Lafarge n'a pas souhaite faire de commentaires.", "theme": "archive"}