{"id_art": "a59fdac0e1722a10b3d00657fc6d29ce", "title": "Deux hommes qui planifiaient un attentat pour le compte de Daesh abattus a Ankara ", "newspaper": "lesoir", "author": [""], "date_publi": ["2017-05-21"], "content": " AFPUn suspect interpelle plus tot a donne leur signalement. Les forces de l'ordre turques ont abattu dimanche a Ankara deux hommes soupconnes de planifier un attentat pour le compte du groupe Etat islamique (EI), a annonce le gouverneur de la capitale cite par l'agence progouvernementale Anadolu. Les deux hommes ont ete tues apres un echange de tirs au cours d'une operation lancee par la police apres l'interpellation a Istanbul d'un suspect azerbaidjanais.", "theme": "archive"}