{"id_art": "1ebab0e7413835ee5a84abcf56ace208", "title": "Le bulldozer contre le professeur ", "newspaper": "lesoir", "author": ["joelle meskens"], "date_publi": ["2017-05-04"], "content": " Le bulldozer contre le professeur Joelle Meskens La candidate du FN a totalement rate l'occasion de se << presidentialiser >>.Par son outrance, elle a permis a Emmanuel Macron d'emporter largement le duel.Mais le debat n'etait pas a la hauteur du moment.De notre envoyee permanenteDeux heures de corps a corps. De tension, pour ne pas dire de brutalite, quasiment ininterrompue. A quatre jours du deuxieme tour de la presidentielle, on predisait un duel acharne entre Emmanuel Macron et Marine Le Pen. Il a bien eu lieu, sans une seule seconde de repit. Mais les deux finalistes n'ont pas pratique la meme discipline et le debat n'etait tout simplement ni equilibre ni a la hauteur de la gravite du moment.(c) Rossel & Cie - 2018 -- Conditions generales de ventes -- Droits de reproduction -- Protection de la vie privee - droit a l'oubli ", "theme": "archive"}