{"id_art": "4ae0bf7e4f16db137bcf3efa2af8702b", "title": "Mensonges d'Etat ", "newspaper": "lesoir", "author": [], "date_publi": [], "content": " Mensonges d'EtatMensonges d'EtatUn ancien reporter de guerre, qui etait un Irak, est contacte par la CIA. L'Agence de renseignement americaine lui demande d'aller traquer un terroriste en Jordanie. Un thriller geopolitique d'espionnage high-tech et contemporain sur un fond de terrorisme international. De l'action et de l'adrenaline au programme.La Deux, 20 hPretty WomanLa comedie sentimentale culte qui revela Julia Roberts. La metamorphose d'une prostituee en femme du monde apres etre devenue l'accompagnatrice d'un riche homme d'affaires, le seduisant Richard Gere.AB3, 20 hLes Tuche (c) Rossel & Cie - 2018 -- Conditions generales de ventes -- Droits de reproduction -- Protection de la vie privee - droit a l'oubli ", "theme": "archive"}