{"id_art": "6e1e02ad3b84f6223a56b9ba32e07752", "title": "Stephane Guillon: <<Il est hors de question de rentrer dans le moule>> ", "newspaper": "lesoir", "author": [], "date_publi": [], "content": " Nicolas Crousse Il debarque pour deux soirs en Belgique, avec un one-man-show ou la campagne presidentielle francaise sera largement abordee.Il aime les campagnes presidentielles, Stephane Guillon. Alors en ce moment, il ne boude pas son plaisir. Il faut dire que l'actualite francaise lui donne un solide coup de pouce. Retrait inattendu de Hollande, coups de theatre lors des primaires de la gauche (Valls battu) et de la droite (Sarkozy et Juppe battus), avenement d'une nouvelle generation de tenors (Macron et Hamon en tete), affaire Fillon... et c'est pas fini !En plein coeur de la campagne presidentielle francaise, Stephane Guillon debarque en Belgique, le 28 au Cirque Royal, le 29 au Forum, avec un spectacle, << Certifie conforme >>, ou la revue de presse occupe une jolie place. Le droopy du PAF nous en parle.", "theme": "archive"}