{"id_art": "dc1831eb085c744ff6e565950271b51b", "title": "Fin de campagnesur fond de polemique ", "newspaper": "lesoir", "author": [""], "date_publi": ["2017-04-22"], "content": " Fin de campagnesur fond de polemique Fin de campagnesur fond de polemiqueApres l'attentat commis jeudi soir sur les Champs-Elysees et a moins de quarante-huit heures du premier tour du scrutin presidentiel, le climat politique s'est tendu comme jamais en France. Avec, notamment, une intervention totalement inedite de Bernard Cazeneuve, le Premier ministre, qui a reproche a Francois Fillon et a Marine Le Pen d'avoir fait << le choix de l'outrance et de la division >>. Quelle influence l'attentat et les polemiques auront-ils sur le vote ? Reponse dimanche sur le coup de 20 heures...(c) Rossel & Cie - 2018 -- Conditions generales de ventes -- Droits de reproduction -- Protection de la vie privee - droit a l'oubli ", "theme": "archive"}