{"id_art": "6b688b55a83f809af5accb4ce1de95d3", "title": "Vingt ans apres une plainte pour viol, l'Etat belge est condamne a Strasbourg ", "newspaper": "lesoir", "author": [""], "date_publi": ["2017-05-05"], "content": " Vingt ans apres une plainte pour viol, l'Etat belge est condamne a Strasbourg Laurence WautersLe 25 septembre 1998, une Bruxelloise deposait plainte aupres de la gendarmerie pour deux viols et un attentat a la pudeur qui avaient selon elle ete commis par un collegue de travail. Presque vingt ans plus tard, la Cour europeenne des Droits de l'Homme de Strasbourg vient de condamner l'Etat belga : l'enquete, dans cette affaire, n'a selon la Cour << pas ete menee de facon serieuse et approfondie >>, ce qui aurait compromis la recherche de la verite.(c) Rossel & Cie - 2018 -- Conditions generales de ventes -- Droits de reproduction -- Protection de la vie privee - droit a l'oubli ", "theme": "archive"}