{"id_art": "32f4515029b4dec4647e31fbc8fbf197", "title": "Denis Ducarme: <<Ce que dit Laurette Onkelinx revient a excuser le terrorisme>> ", "newspaper": "lesoir", "author": [], "date_publi": [], "content": " Denis Ducarme: <<Ce que dit Laurette Onkelinx revient a excuser le terrorisme>> Bernard Demonty Le chef de groupe MR a la Chambre fait echo aux propos que la cheffe de groupe PS a tenu lundi sur la Premiere. Le chef de groupe MR a la Chambre, Denis Ducarme, a fort peu apprecie les propos de Laurette Onkelinx sur la Premiere, lundi. Son homologue socialiste avait estime que << le racisme fabrique des terroristes >>. Denis Ducarme replique : << Il est inquietant de voir Laurette Onkelinx nous dire que le racisme fabrique des violents et des terroristes. Dire cela, c'est excuser le terrorisme, qui est inexcusable. Cela me fait penser a la ligne du PS pendant 25 ans. C'est consternant. Mme Onkelinx se fait l'heritiere de cette ligne et c'est inquietant. >> Pour Denis Ducarme, il n'y a pas de regle qui pousse une personne a franchir le pas du terrorisme. << Et il va de soi qu'il faut continuer a lutter contre le racisme. >> (c) Rossel & Cie - 2018 Conditions generales de vente - Droits de reproduction - Protection de la vie privee - Droit a l'oubli ", "theme": "archive"}