{"id_art": "2653141e3847507fed611f333ab66d05", "title": "La Russie de Poutine visee par le terrorisme ", "newspaper": "lesoir", "author": [""], "date_publi": ["2017-04-04"], "content": " Benjamin Quenelle et Benjamin Quenelle a MoscouExplosion a Saint-Petersbourg Aux deces s'ajoutent des dizaines de blesses. Les autorites annoncent egalement avoir desamorce a temps une bombe dans une autre station de Saint-Petersbourg. La menace du terrorisme rattrape la Russie de Vladimir Poutine. Quelques heures apres l'explosion dans le metro de Saint-Petersbourg, faisant ce lundi au moins 11 morts et 45 blesses, les autorites ont ouvert une enquete pour << acte terroriste >>. Tout en assurant n'exclure aucune autre hypothese. << Les circonstances ne sont pas claires, c'est trop tot. Nous examinons toutes les causes possibles, le terrorisme aussi bien qu'un crime de droit commun >>, a declare Vladimir Poutine. Present a Saint-Petersbourg pour un forum politique et une rencontre avec son homologue bielorusse, le chef du Kremlin s'est entretenu sur place avec les hauts responsables des services de securite. Pourquoi un tel titre \"La Russie DE POUTINE...\"? Dirait-on \"L'Allemagne de Merkel\"?, \"La France de Hollande\"? Y a-t-il la Russie de Poutine et une autre Russie? En realite, on insinue par ce titre que c'est la personnalite de Poutine ou sa politique (ou les deux) qui est (sont) responsable(s) de l'attentat. En Belgique, c'eut sans doute ete la faute de De Wever... ", "theme": "archive"}