{"id_art": "074382d04154f860b0fd6c8cfbf9945f", "title": "Tobias Ellwood, le depute heros ", "newspaper": "lesoir", "author": ["frederic delepierre"], "date_publi": ["2017-03-23"], "content": " Frederic Delepierre Il a fait du bouche-a-bouche au policier blesse et a tente de contenir l'ecoulement de sang de ses blessures C'est le heros du jour. Tobias Ellwood, depute conservateur britannique, a tente de sauver la vie du policier qui a ete poignarde juste a l'interieur des portes du domaine parlementaire. Malheureusement en vain puisque le blesse succombera a ses blessures un peu plus tard.Le depute conservateur age de 50 ans a tente de faire du bouche-a-bouche au policier pour le reanimer. Il a aussi essaye de contenir l'ecoulement du sang des blessures de la victime en exercant une pression sur les plaies. Ancien soldat, Tobias Ellwood est reste avec l'officier blesse dans l'attente de l'arrivee de l'helicoptere ambulance qui a atterri sur la place du Parlement. Des temoins l'ont ensuite vu plus tard, les mains ensanglantees, parler aux officiers pres des lieux de l'attaque avant de regagner son bureau du Foreign Office.", "theme": "archive"}