{"id_art": "5516caac6cba4ea2af1a08c7388b2cc5", "title": "<<Papa jette une bombe>>, la grosse bourde d'un cours d'alphabetisation ", "newspaper": "lesoir", "author": ["lorraine kihl"], "date_publi": ["2017-05-10"], "content": " Lorraine Kihl Un etablissement proposant des cours d'alphabetisation s'est fait epingler sur les enonces d'un de ses exercices adresses, entre autres, a un public de refugies. La ministre demande une inspection. P apa jette une bombe et va en prison. >> << Il me montre la bombe et la prison. >> Catherine Lemaire faisait reviser un ami refugie irakien pour son cours d'alphabetisation lorsqu'elle est tombee sur les enoncees << du professeur >> du jour, page 115.L'exercice - des phrases a prononcer a haute voix - melange des mots aux consonances similaires << citron >>, << saumon >>, << marron >>, << ronfle >> et... << prison >> et << bombe >>. C'est tellement enorme qu'on a peine a croire que c'est vrai ! C'est une blague, non ? De mauvais gout, non ? Je ne suis pas partisan d'un accueil irreflechi des refugies, tres loin de la, mais cette situation me fait bondir ! Une telle phrase ressemble a une incitation au terrorisme, et c'est une injure grossiere a tous ceux qui fuient une situation de guerre insupportable. Quant a l'argumentation du directeur, qui parle d'une \"maladresse\" en se referant a la periode pre-attentat, elle en dit beaucoup sur la mentalite de celui qui ne merite pas d'etre appele un \"monsieur\". Oui, je sais, il s'agit d'une coquille.... mais avouez que dans un article consacre a l'alphabetisation.... faut le faire ! \"Un etablissement proposant des cours d'alphabetisation s'est fait epingle sur les enonces d'un de ses exercices adresses, entre autres, a un public de refugies. La minisre demande une inspection.\" ", "theme": "archive"}