{"id_art": "11b268e2b8d7f1f95b01f5657251fe2a", "title": "Une cellule de veille internet antiemeute ", "newspaper": "lesoir", "author": [], "date_publi": [], "content": " Ludivine PonciauEmeutes a Bruxelles La Regional Computer Crime Unit surveillera les reseaux sociaux et le Dark web. Une cellule de veille internet anti-emeute a ete creee. La nouvelle unite sera composee de policiers locaux et federaux. Le Conseil regional de securite (CORES) - qui reunit les bourgmestres des 19 communes, le ministre-president bruxellois, les six chefs de corps et les autorites judiciaires - a enterine lundi la creation d'une plate-forme informatique destinee a empecher, ou du moins a mieux anticiper, les emeutes et les debordements tels que ceux qui ont eclate dans la capitale ces dernieres semaines. L'ensemble des dispositifs de cette veille preventive numerique sera regroupe au sein d'une << Regional Computer Crime Unit >> (RCCU) et coordonne par la police judiciaire federale (PJF) de Bruxelles.", "theme": "archive"}