{"id_art": "091ad0558cf1a18bf0584867865d6743", "title": "Arrestations a Barcelone: le parquet federal belge ne fait pas de commentaire ", "newspaper": "lesoir", "author": [], "date_publi": [], "content": " Arrestations a Barcelone: le parquet federal belge ne fait pas de commentaire L'operation antidjihadiste menee mardi a Barcelone s'inscrivait dans le cadre d'un dossier de terrorisme belge et d'un dossier de terrorisme espagnol, a indique le parquet federal. <<La police belge s'est rendue sur place a titre d'observation>>, a-t-il precise, sans faire davantage de commentaires.Huit personnes ont ete arretees a Barcelone dans le cadre d'une operation antidjihadiste menee par la police catalane, la police nationale espagnole et la police federale. Parmi les suspects, <<quatre ont des liens avec des personnes interpellees pour les attentats commis dans le metro et a l'aeroport de Bruxelles>>, qui avaient fait 32 morts le 22 mars 2016, a declare un porte-parole de la police regionale catalane. (c) Rossel & Cie - 2018 Conditions generales de vente - Droits de reproduction - Protection de la vie privee - Droit a l'oubli ", "theme": "archive"}