{"id_art": "0871989ea3df04ce325cfe42c0d61da5", "title": "Lutte contre le terrorisme: les bourgmestres veulent etre mieux informes ", "newspaper": "lesoir", "author": [], "date_publi": [], "content": " Lutte contre le terrorisme: les bourgmestres veulent etre mieux informes Les bourgmestres de plusieurs communes concernees par le radicalisme ont exprime mercredi leur souhait d'etre mieux informes par les autorites federales et judiciaires. << Il faut prendre le niveau local au serieux >>, a souligne le maieur de Vilvorde, Hans Bonte, devant la commission d'enquete parlementaire sur les attentats terroristes. Six bourgmestres etaient les invites de la commission : outre M. Bonte, etaient assis cote a cote Bart Somers (Malines), Yvan Mayeur (Bruxelles-Ville), Francoise Daspremont (Charleroi), Francoise Schepmans (Molenbeek) et Muriel Targnion (Verviers).Chacun a fait part de son experience, en s'appuyant sur de nombreux cas concrets. Ainsi Mme Targnion a confie avoir appris par la presse que d'importantes perquisitions etaient en cours dans sa ville et que les seules informations dont elle a dispose etaient celles d'un communique envoye a la presse par le parquet federal. Ces operations ont des implications en termes de securite. La bourgmestre estime donc que ce serait un minimum d'avertir les autorites locales, quitte a donner une habilitation de securite a certains maieurs. (c) Rossel & Cie - 2018 Conditions generales de vente - Droits de reproduction - Protection de la vie privee - Droit a l'oubli ", "theme": "archive"}