{"id_art": "29557811c60567881c3b8151ae0a962e", "title": "Pourquoi la defaite est interdite a Benoit Hamon ", "newspaper": "lesoir", "author": ["joelle meskens"], "date_publi": ["2017-04-22"], "content": " Joelle Meskens L'enjeu, pour Benoit Hamon, n'est pas de figurer dans le quatuor de tete, mais d'etre plus proche des 10 % que des 5 %.La question n'est plus de savoir si le candidat socialiste sera dans le carre de tete. Cette illusion-la s'est depuis longtemps dissipee. L'enjeu pour Benoit Hamon sera d'etre plus proche des 10 % que des 5 %. Ce serait une facon de limiter la casse. Un score en dessous de cette limite serait le scenario catastrophe : le candidat du PS ne serait meme pas rembourse de ses frais de campagne !L'hypothese d'un remake de 1969 fait son chemin. Cette annee-la, le candidat socialiste, Gaston Defferre avait ete terrasse, finissant avec a peine 5 % loin derriere le communiste Jacques Duclos (21 %).", "theme": "archive"}