{"id_art": "41ca10a8f6bf3085dbf600cdc70369fb", "title": "Au QG de Macron: <<Macron, c'est plus qu'un homme>> ", "newspaper": "lesoir", "author": [""], "date_publi": ["2017-04-23"], "content": " Jean-Noel CuenodElection presidentielle 2017 Notre envoye special au QG d'Emmanuel Macron relate les principaux faits de la journee. << Helpers >> c'est ainsi que l'on nomme les militants benevoles chez Macron. << Militants >>, ca sent un peu la sueur. << Benevoles >>, ca fait paroisse Sainte-Catherine. Pas le genre du mouvement En Marche. En revanche, << helpers >> ca fait branche sur les reseaux sociaux. Et la branchitude technologisee, c'est nettement leur genre de beaute, aux << helpers >>.", "theme": "archive"}