{"id_art": "164220d84b8b634aae66e2f1d1a6dd7c", "title": "Le QG des Diables rouges au Mondial en Russie, ou rien n'est laisse au hasard ", "newspaper": "lesoir", "author": [], "date_publi": [], "content": " Frederic Larsimont et Young Kruyts Le QG des Diables se situe a Nakhabino, dans la banlieue verte de la capitale russe, a 35 km au nord-ouest du centre-ville. Un hotel au charme un peu desuet, dans une vaste propriete. Depuis la Russie Janvier 2017. Le selectionneur Roberto Martinez, le Directeur technique national Chris Van Puyvelde et le team manager Piet Erauw arrivent au bout d'un periple de dix jours ou ils ont avale les kilometres entre Moscou, Saint-Petersbourg et Sotchi en visitant pas moins de 16 hotels susceptibles d'accueillir le camp de base de Diables durant la Coupe du monde. Au bas d'un document screenant les avantages et les inconvenients de chaque formule : une seule et meme unanimite aupres des trois interlocuteurs : le Moscow Country Club.", "theme": "archive"}