{"id_art": "0dc0cda9c6079d65e96413790cb34328", "title": "Les petites strategies politiciennes, entre l'autruche et Calimero ", "newspaper": "lesoir", "author": [], "date_publi": [], "content": " Par Vincent Engel A force de se croire protege par l'immunite (parlementaire, mais surtout l'immunite de l'habitude et celle de l'argent), les responsables politiques et les partis << traditionnels >> ne sont plus en mesure de definir les regles ethiques qui doivent encadrer l'exercice des mandats. Le 6 mai prochain, un colloque sera organise a l'ULB sur << Le secret professionnel demantele >>, a l'initiative de la Federation nationale des psychologues praticiens d'orientation psychanalytique, en collaboration avec l'Association syndicale des Magistrats. Cette rencontre est une des reactions au projet de loi depose au federal par la N-VA, visant a lever le secret professionnel des travailleurs sociaux dans le cadre de la lutte contre le terrorisme.La lutte contre le terrorisme est souvent, dans une democratie affaiblie comme l'est malheureusement la notre, l'argument et l'outil utilises par des gouvernements fragilises pour se renforcer et se maintenir aux affaires le plus longtemps possible. Le terrorisme n'est ici qu'une aubaine, une opportunite ; comme je tente de le denoncer depuis la premiere de ces chroniques, il n'est pas la premiere menace qui pese sur nos democraties. Il est au contraire davantage un symptome, une consequence d'une deliquescence interne, d'un affaiblissement du systeme immunitaire d'un regime politique dont la force premiere devrait justement etre de refuser la force, l'arbitraire et l'autoritarisme.Ces responsables politiques, dans la majorite, souhaitent aujourd'hui restreindre le secret professionnel, pourtant cadre par la loi (voir ici), laquelle prevoit deja les cas dans lesquels ce secret peut etre eventuellement leve. Ils sont en meme temps les representants d'une classe politique menacee et aux aguets ; non seulement, les prochaines echeances electorales s'annoncent pour eux sous les plus sombres auspices - il suffit de voir les perspectives pour le premier tour des presidentielles francaises -, mais ils sont aussi sous le feu des projecteurs mediatiques qui les obligent a une transparence qu'ils prefereraient eviter.Comme dans le conte, ceux qui posent un regard << naif >> sur le pouvoir sont en mesure de demasquer les impostures. << Naif >>, Michel Francard l'expliquerait bien mieux que moi, renvoie a l'etat originel, pur, ou aucun filtre, aucun mensonge ne vient s'interposer entre le regard et ce qui est vu. L'enfant est << naif >> ; la presse peut (devrait) l'etre aussi, meme si sa naivete n'est pas la meme et que l'objectivite est un leurre. Publifin a revele une cohorte de roitelets impudiques, tout comme les casseroles de Fillon, Le Pen et consorts, ou les enquetes sur les evasions fiscales.Ces revelations demontrent qu'a force de se croire protege par l'immunite (parlementaire, mais surtout l'immunite de l'habitude et celle de l'argent), les responsables politiques et les partis << traditionnels >> ne sont plus en mesure de definir les regles ethiques qui doivent encadrer l'exercice des mandats. Dans une recente chronique, j'appelais a la mise en place de comites citoyens qui seraient charges de cette redefinition et du controle de l'application des regles ; force est de constater que de telles initiatives n'ont sans doute aucune chance d'aboutir, puisqu'il faudrait pour cela ou une revolution (mais un << printemps europeen >> n'est visiblement pas au programme), ou un sursaut remarquable des politiques en place qui accepteraient de scier la branche sur laquelle ils sont confortablement assis. Les systemes et les individus fragilises croient se proteger en se raidissant, et ne font alors rien d'autre que de concourir a leur perte definitive.Plusieurs strategies permettent aux responsables en place d'obtenir des sursis, plus ou moins prolonges. La premiere est celle du contre-feu : le projet de loi de la N-VA s'y inscrit. On pourrait interpreter cette demarche, en lien avec toutes celles qui visent a reduire l'independance de la justice ou a mettre en peril son bon fonctionnement, ainsi que celui des services publics, comme une vengeance. << Puisqu'on nous oblige a nous deshabiller, puisqu'on nous impose une insupportable transparence, nous allons faire de meme >>. Tous transparents ! dit en filigrane un tel projet de loi. Sauf que l'on ne parle pas de la meme chose ni des memes cibles...Un(e) responsable politique dispose de moyens considerables pour s'abriter, au premier rang desquels l'immunite parlementaire (et il faut rappeler que ce principe est evidemment fondamental dans le maintien d'une democratie ; ce qui fait probleme, c'est son utilisation cynique, comme celle qu'en fait Marine Le Pen par exemple ou des personnalites impliquees dans les scandales des intercommunales. L'ethique devrait conduire ceux qui ont failli a renoncer eux-memes a cette protection.) Un travailleur social du CPAS en a beaucoup moins... place au bas d'une hierarchie pesante, il subit en outre le spectre de la pire des condamnations publiques : etre eventuellement complice d'actes terroristes.Mais c'est meconnaitre la loi et nier un principe fondamental d'une societe saine : la conscience individuelle. La loi prevoit deja que, dans des cas d'urgence, celui ou celle qui est tenu(e) au secret professionnel peut s'en degager. Cette personne est seul juge de sa decision, personne ne peut l'y contraindre. De la meme maniere, on aimerait que des mandataires decident de leur plein gre de renoncer a leur immunite parlementaire...On retorquera, pour justifier le projet de loi N-VA, que justement, un processus legal est prevu pour lever l'immunite parlementaire dans certains cas, et que des lors, il serait normal que, dans certains cas, le secret professionnel puisse etre egalement leve d'autorite, et pas seulement sur base volontaire. C'est oublier un element determinant : dans le cas de l'immunite parlementaire, celui qu'elle vise en est le premier et unique beneficiaire ; au contraire, le secret professionnel est la pour proteger ceux au service desquels travaille celui qui y est contraint. Pour le dire autrement, l'immunite parlementaire ne protege pas les citoyens, au contraire du secret professionnel. Mais l'immunite parlementaire autant que le secret professionnel sont la pour renforcer la democratie.Une autre strategie est celle de l'autruche : croire se proteger en enfouissant la tete dans le sable - du moins en apparence. Ainsi, le parlement wallon n'aboutira vraisemblablement a rien d'autre qu'a la mise en place du futur systeme de corruption, tout comme les responsables politiques a l'echelon europeen eviteront toute reforme fiscale susceptible de rendre impossible les scandales reveles a travers les dossiers des Panama Papers. Sauf qu'en l'occurrence, la strategie des gardiens d'un systeme dont ils sont les profiteurs directs ou indirects - directs, dans le cas des intercommunales et des cumuls de mandats, indirects dans le maintien d'une concurrence fiscale ou ils sont les laquais serviles d'une economie financiarisee a outrance et qui se moque des reglementations -, cette strategie donc repose sur un autre principe, vieux comme le monde et que synthetisent a merveille des expressions populaires telles que << les chiens aboient, la caravane passe >>, ou plus prosaiquement : << laissez pisser >>. Les journalistes << pissent >> leurs enquetes, les gens << aboient >> leur mecontentement dans la rue, sur les forums, dans des assemblees citoyennes ; pendant ce temps-la, leurs cibles font le dos rond, ou crient au complot, ou jouent a Calimero. The show must go on. Et la caravane des (bonnes) affaires continue sa route.Et elle continuera a avancer, cette caravane, avec ou sans les responsables politiques en place actuellement. S'ils font defaut, s'ils n'aplanissent pas les sentiers legislatifs, s'ils ne balaient pas devant la porte des multinationales, ils seront remplaces par d'autres. Fillon ou Hamon (malgre l'excellence de son programme) n'ont sans doute aucune chance d'etre elu, mais Macron les remplacera idealement pour la preservation du systeme. Le point commun d'ailleurs de ces trois candidats est la derniere syllabe de leur patronyme, << on >>, qui marque bien, et ironiquement, l'anonymat profond de celui qui, au final, ne sera qu'un pantin.Les responsables politiques et les partis traditionnels ont confisque la democratie et en ont fait un outil de defense de leurs privileges ; l'extreme droite a pris cette democratie en otage et utilise le systeme quand il lui est favorable. Dans les deux cas, on joue sur la peur - le << terrorisme >> - pour obtenir des citoyens qu'ils renoncent << volontairement >> a leurs libertes et a leurs responsabilites democratiques. Ces trains-la vont dans le mur. Nous ne sommes pas obliges de rester a bord. Mis en ligne le 11/06/2016 a 10:09 L'auteur. Vincent Engel est romancier, dramaturge et essayiste. Il est egalement professeur de litterature a l'UCL et d'histoire des idees a l'Ihecs.Les ennemis de l'interieur ? C'est le titre de cette chronique. Pourquoi ? Je ne sais pas si la democratie est le meilleur ou le moins mauvais des systemes ; ce que je sais, c'est qu'il est le plus fragile. Et ses ennemis exterieurs, pour reels qu'ils soient, sont parfois l'epouvantail qui masquent un mal plus profond qui le ronge de l'interieur...Site internet :http://www.edern.be/vincentengel/ quelques regles de bonne conduite avant de reagir (c) Rossel & Cie - 2018 Conditions generales de vente - Droits de reproduction - Protection de la vie privee - Droit a l'oubli ", "theme": "archive"}