{"id_art": "4c7f78eb5f7e5ce85b84f32a219eb1bb", "title": "Irak: Washington salue la fin de l'<<ignoble occupation>> par Daesh ", "newspaper": "lesoir", "author": [], "date_publi": [], "content": "Les Etats-Unis ont salue la fin de l'<<ignoble occupation>> de l'Irak par le groupe Etat islamique, dont le Premier ministre Haider al-Abadi a annonce samedi la victoire sur les jihadistes apres trois ans de combats.<<L'annonce des Irakiens indique que les vestiges de l'auto-proclame 'califat' de l'EI en Irak ont ete eradiques et que les populations vivant dans ces regions ont ete liberees du controle brutal de l'EI>>, a indique Heather Nauert, porte-parole du departement d'Etat, dans un communique<<Les Etats-Unis s'associent au gouvernement irakien pour souligner que la liberation de l'Irak ne signifie pas que la guerre contre le terrorisme, et meme contre l'EI, en Irak soit terminee>>, a-t-elle ajoute.quelques regles de bonne conduite avant de reagir LOCATION DROME VAISON LA ROMAINE Location Tenerife - La Caleta CItytrip LUXEMBOURG VILLE (c) Rossel & Cie - 2018 Conditions generales de vente - Droits de reproduction - Protection de la vie privee - Droit a l'oubli ", "theme": "archive"}