{"id_art": "8a51d99b2bca15961090344cf9b99ffc", "title": "Attentat a Londres: aucune preuve de lien entre l'assaillant et Daesh ", "newspaper": "lesoir", "author": [], "date_publi": [], "content": " Attentat a Londres: aucune preuve de lien entre l'assaillant et Daesh Le groupe terroriste a pourtant revendique l'attaque. La police britannique a dit lundi n'avoir decouvert aucun element attestant que l'auteur de l'attaque terroriste a Londres mercredi dernier qui a tue trois personnes entretenait des liens avec le groupe Etat islamique (EI) ou avec Al Qaida.Il n'existe aucune preuve non plus que Khalid Masood, un Britannique de 52 ans converti a l'islam, se soit radicalise lors d'un sejour en prison en 2003. Mais il s'interessait manifestement au djihad.Khalid Masood a ete tue par les forces de l'ordre apres avoir precipite sa voiture de location sur des passants qui traversaient le pont de Westminster puis agresse des policiers a l'arme blanche dans l'enceinte du Parlement. Son action a meme ete revendiquee par l'EI.Neil Basu, coordinateur national des services de l'anti-terrorisme, a fait savoir dans un communique que le mode operatoire de son attaque << reposait sur un manque de sophistication, de petits moyens, des techniques peu couteuses copiees sur d'autres attaques >>.Tout cela, ajoute-t-il, << repond a la rhetorique des chefs de l'EI en terme de methodologie pour attaquer les civils et la police, mais je ne dispose a ce stade d'aucune preuve montrant qu'il en ait parle avec d'autres >>.<< Je sais quand, ou et comment Masood a commis ces atrocites, j'ai besoin maintenant de savoir pourquoi >>, conclut-il. (c) Rossel & Cie - 2018 Conditions generales de vente - Droits de reproduction - Protection de la vie privee - Droit a l'oubli ", "theme": "archive"}