{"id_art": "7072efc9335762a37326a01182678954", "title": "Portiques de securite pour les Thalys ", "newspaper": "lesoir", "author": [""], "date_publi": ["2017-05-23"], "content": " Portiques de securite pour les ThalysPortiques de securite pour les ThalysNos confreres de La DH l'annoncaient ce lundi : les terminaux a grande vitesse (Thalys, ICE, TGV) de trois grandes gares belges (Bruxelles-Midi, Liege-Guillemins et Anvers-Central) devraient etre equipes de portiques de securite a partir du mois de juillet. Une date que la SNCB ne confirme toutefois pas. Au cabinet du ministre federal de la Mobilite, Francois Bellot (MR), on prefere parler de l'<< ete 2017 >>. Pour rappel, la decision d'installer des portiques, couples a des dispositifs a rayons X et a des detecteurs de metaux, avait ete prise dans la foulee de l'attentat perpetre dans un Thalys Amsterdam-Paris le 21 aout 2015. Le terroriste avait reussi a blesser deux personnes, avant d'etre maitrise par trois passagers americains et un britannique. (B. Pa.)(c) Rossel & Cie - 2018 -- Conditions generales de ventes -- Droits de reproduction -- Protection de la vie privee - droit a l'oubli ", "theme": "archive"}