{"id_art": "d1d4f0ed73a9b517d6c4783fce7da768", "title": "Merkel aux cotes des Britanniques dans <<la lutte contre toute forme de terrorisme>> ", "newspaper": "lesoir", "author": [], "date_publi": [], "content": " Merkel aux cotes des Britanniques dans <<la lutte contre toute forme de terrorisme>> La chanceliere allemande Angela Merkel a apporte mercredi son soutien aux << amis britanniques et a tous les habitants de Londres >> apres l'attaque dans la capitale britannique.<< Bien que l'arriere-plan de ces actes ne soit pas encore precis, je reaffirme que l'Allemagne et ses citoyens se tiennent fermement et resolument aux cotes des Britanniques dans la lutte contre toute forme de terrorisme >>, a declare Angela Merkel dans un communique. (c) Rossel & Cie - 2018 Conditions generales de vente - Droits de reproduction - Protection de la vie privee - Droit a l'oubli ", "theme": "archive"}