{"id_art": "29c66e211e6c7be3b5c0fccd40028145", "title": "Carte blanche de la ministre francaise des Armees: <<France et Belgique sont deja des partenaires unis>> ", "newspaper": "lesoir", "author": [], "date_publi": [], "content": "Dans cette carte blanche, la ministre francaise des Armees, Florence Parly, relance la candidature du Rafale alors que Dassault n'avait pas rentre d'offre en septembre. Nous sommes entres dans l'ere des prises de conscience. Nous avons cru a la fin des conflits et la defense, trop longtemps, a ete utilisee comme une variable d'ajustement.Aujourd'hui, les menaces se rappellent a nous, plus violentes, plus diverses, plus imprevisibles. Chacun a su prendre ses responsabilites: en Europe, les Etats ont choisi de consacrer a la defense des moyens forts, de trouver des equipements meilleurs et de nouer des partenariats solides.C'est ce qu'a choisi la France. C'est aussi ce qu'a choisi la Belgique. Le gouvernement belge a pris la decision de renouveler sa flotte d'avions de combats. C'est une decision importante, car elle sert pleinement l'objectif que nous poursuivons ensemble : renforcer nos capacites de defense en Europe.La France et la Belgique sont deja des partenaires unis. Nous combattons sur les memes theatres, ou nous luttons ensemble contre le terrorisme. Nos armees de l'air travaillent ensemble, notamment pour la police de l'air de l'OTAN. Nos soldats, nos pilotes, nos marins operent ensemble et la France n'oubliera pas la presence de la fregate Leopold aux cotes du Charles de Gaulle en des jours decisifs.Quand la Belgique a voulu renouveler sa flotte d'avions de combats, la France devait repondre. Elle devait repondre par une offre ambitieuse, durable, utile a nos deux pays comme a l'Europe. C'est ce que nous avons fait en proposant a la Belgique une offre simple : honorer sa demande d'avions de combat tout en lui proposant un partenariat plus large.Honorer la demande de la Belgique, c'est lui proposer de se doter d'un avion de combat qui repond parfaitement a ses besoins et qui a prouve son efficacite et sa fiabilite dans tous les domaines d'emploi. C'est aussi proposer a la Belgique une maitrise effective de cet avion par l'acces sans restrictions aux technologies.Quant au partenariat large, qu'est-ce que cela veut dire ? Cela veut dire, sur l'ensemble des activites des forces aeriennes, accroitre la cooperation operationnelle entre nos armees par des entrainements communs, de la preparation operationnelle conjointe, des echanges dans le domaine du renseignement et de la formation. C'est permettre aux pilotes belges de s'entrainer dans l'espace aerien francais et de partager nos infrastructures. C'est travailler ensemble sur les systemes de combat aerien du futur et de chercher les meilleures strategies aeriennes pour vaincre le terrorisme.Le partenariat que la France propose est non seulement profitable mais, en plus, il est parfaitement sur juridiquement. Pour le renouvellement de ses avions, la Belgique n'a en effet pas recouru a un appel d'offres classique en s'adressant a des entreprises : elle a demande aux Etats des propositions. Cette formule, prevue par le droit belge et europeen, laisse a la Belgique toute latitude pour examiner les offres faites par les Etats dans le cadre du processus irreprochable engage sous la conduite du ministre de la Defense, Steven Vandeput, tout en negociant en meme temps avec la France sur des fondements plus larges.A l'issue, elle pourra choisir librement la solution qui lui paraitra la meilleure a l'aune de ses besoins et de ses interets. Le gouvernement belge a d'ailleurs indique explicitement, dans le texte meme transmis aux Etats, que sa responsabilite juridique etait exclue et qu'interroger les Etats ne signifiait en aucun cas s'engager a conclure un accord avec eux. Il n'y a donc ni obstacle, ni risque juridique pour la Belgique a engager cette discussion pour un partenariat avec la France.Malgre cela, j'entends encore souvent une question : pourquoi alors ne pas s'etre contentes de repondre tres strictement a la demande de la Belgique ? Je repondrais par une autre question : pourquoi priver la Belgique d'une solution sure et avantageuse ? Pourquoi la priver d'un partenariat porteur d'avenir pour une Europe de la defense que nos deux pays appellent de leurs voeux ? Pourquoi priver la Belgique d'un partenariat createur de retombees economiques majeures ?Car le partenariat que propose la France n'est pas seulement un partenariat strategique pour nos armees, c'est aussi un partenariat economique et technologique. La Belgique a des capacites industrielles exceptionnelles dans le domaine aeronautique et spatial, mais aussi dans les technologies de pointe telles que l'electronique ou les materiaux composites. C'est toute cette industrie du Nord et du Sud du pays qui serait mise a contribution dans le cadre du partenariat que la France propose.Depuis plus de 50 ans, les entreprises de l'equipe Rafale, sont fortement implantees en Belgique avec des usines, des centres de recherche et un reseau de 800 entreprises partenaires. Le partenariat que propose la France, ce sont aussi plus de 150 societes belges qui ont deja ete approchees et une centaine de projets industriels ou technologiques pour un montant de 4 milliards d'euros.Plus que la livraison d'appareils, l'offre de partenariat que fait la France, ce sont des contrats pour les entreprises belges, de l'activite pour l'industrie et des emplois en Flandre, en Wallonie et a Bruxelles. La proposition francaise est ambitieuse. Elle ouvre la porte des avancees technologiques, a la valorisation du tissu industriel belge et a des emplois. Elle permet une defense optimale pour la Belgique et un grand pas pour la defense de l'Europe. Alors, je propose a la Belgique d'examiner ce partenariat, de le negocier si elle le souhaite et de choisir sereinement, au final, la meilleure offre au regard de ses besoins. Abonnez-vous maintenant et accedez a l'ensemble des contenus numeriques du Soir : les articles exclusifs, les dossiers, les archives, le journal numerique...(c) Rossel & Cie - 2018 -- Conditions generales de ventes -- Droits de reproduction -- Protection de la vie privee - droit a l'oubli ", "theme": "archive"}