{"id_art": "35cde1376a3907b54acffbb60ac1c5a6", "title": "Repentis et infiltrants civils: quels changements? ", "newspaper": "lesoir", "author": ["thomas casavecchia"], "date_publi": ["2017-05-16"], "content": " Thomas Casavecchia Des taupes civiles pour infiltrer la grande criminalite et le terrorisme, une piece de plus a l'arsenal policier. D'ici a 2018, le gouvernement espere rendre possible le recours par la Justice et les enqueteurs a des civils pour faire tomber les organisations criminelles.Si les contours de la future loi restent aujourd'hui evanescents, elle permettrait a des repentis de beneficier d'une reduction de peine ou d'un amenagement de celle-ci s'il offre des renseignements capitaux sur des faits terroristes ou de grand banditisme.Aujourd'hui, le cadre de la loi sur les methodes particulieres de recherche (MPR) permet deja le recours aux indicateurs. Ces civils appartiennent au milieu de la criminalite, et de ce fait, peuvent etre au courant d'agissements illegaux susceptibles d'aider les enqueteurs. En echange de ces renseignements, ils sont remuneres.", "theme": "archive"}