{"id_art": "151e0ff4e4b9a7ac7f0f378db8d165ba", "title": "Poutine felicite Assad pour ses resultats dans la lutte contre le terrorisme ", "newspaper": "lesoir", "author": [], "date_publi": [], "content": "Les deux presidents se sont rencontres ce mardi a Sotchi. Vladimir Poutine a <<felicite>> le president syrien Bachar al-Assad pour ses resultats dans la lutte contre le terrorisme, proche d'une defaite <<definitive>>, et estime qu'il fallait <<passer au processus politique>> avant un sommet avec la Turquie et l'Iran.<<Je voudrais vous feliciter pour les resultats atteints par la Syrie en termes de lutte contre le terrorisme, pour le fait que le peuple syrien traverse des moments tres difficiles et s'approche d'une defaite definitive et inevitable des terroristes>>, a declare le president russe lors de la rencontre qui a eu lieu lundi soir, selon le compte-rendu du Kremlin. <<Je pense qu'il est maintenant temps de passer au processus politique>>, a-t-il ajoute, alors qu'il recoit mercredi ses homologues turc et iranien pour un sommet consacre au reglement du conflit syrien, qui a fait au moins 330.000 morts en six ans.quelques regles de bonne conduite avant de reagir LOCATION DROME VAISON LA ROMAINE Location Tenerife - La Caleta CItytrip LUXEMBOURG VILLE (c) Rossel & Cie - 2018 Conditions generales de vente - Droits de reproduction - Protection de la vie privee - Droit a l'oubli ", "theme": "archive"}