{"id_art": "eab06baff216cb70de5ee80610c5a196", "title": "Nathalie Colin: <<Un soupcon de fraude ne signifie pas qu'il y a fraude>> ", "newspaper": "lesoir", "author": [], "date_publi": [], "content": " Francois Mathieu Pour l'avocate Nathalie Colin (Whyte & Case), il est normal que la question du registre des beneficiaires reels de societes fasse debat. << Je crois que les outils doivent exister dans le respect des droits de chacun >>, dit-elle. D'ou viennent ces discussions et finalement ces reglementations sur les tiers beneficiaires ? Tout part de la 4e directive europeenne sur la lutte contre le blanchiment d'argent. Dans ce cadre, il a ete prevu de mettre sur pied un registre, un fichier, avec les beneficiaires reels des societes et constructions juridiques au sens large (trust par exemple, NDLR) dans le cadre de la lutte contre le financement du terrorisme, le blanchiment d'argent, etc. La fraude fiscale en tant que telle n'intervient pas directement. Ce registre, c'est une veritable innovation de cette 4e directive. Et dans la pratique, ca donne quoi ? ", "theme": "archive"}