{"id_art": "ebe39542687fae3ea9e1724b816a1611", "title": "Crier au loup, au risque de ne plus etre cru ", "newspaper": "lesoir", "author": ["marc metdepenningen"], "date_publi": ["2017-03-24"], "content": " Par Marc Metdepenningen La reponse britannique a l'attentat meurtrier qui a frappe Londres mercredi a ete celui de la resistance a l'intimidation terroriste.La Premiere ministre britannique Teresa May, comme le maire de Londres Sadiq Khan, ont appele des jeudi soir leurs concitoyens a << ne pas se laisser intimider >> et a reprendre des vendredi le cours normal de leur vie, malgre les morts et les blesses releves devant Westminster. Tiens un article , digne du courage britannique . Article ,excellent d'ailleurs ..... Top Mr M.M. ", "theme": "archive"}