{"id_art": "6d2bdeceb79176ef9a8ece2d5a488b90", "title": "1,6 million de cartes SIM doivent encore etre identifiees en Belgique avant le 7 juin ", "newspaper": "lesoir", "author": [""], "date_publi": ["2017-05-10"], "content": "En l'espace de 5 mois, seulement 2 millions d'utilisateurs de cartes prepayees se sont identifies aupres de leur operateur. Le constat n'est pas tres reluisant pour le gouvernement federal, qui avait annonce au lendemain des attentats du 22 mars un vaste programme d'identification des proprietaires de cartes SIM prepayees. Une demarche qui visait a lutter contre le terrorisme.En l'espace de cinq mois, seulement 2 millions d'utilisateurs de cartes prepayees ont ete identifies en Belgique. Les autorites et operateurs devront encore identifier 1,6 million de proprietaires de carte SIM au cours des 28 prochains jours. Sait-on combien de ces cartes ne sont plus utilisees? ", "theme": "archive"}