{"id_art": "60c3c5bf542d16ac61ff786ed1901f9b", "title": "Amnesty denonce les discours clivants des <<marchands de peur>> ", "newspaper": "lesoir", "author": [], "date_publi": [], "content": " Veronique Kiesel Le rapport annuel 2016 d'Amnesty International vient de sortir. Au menu, de dangereux populistes, un repli egoiste generalise et des libertes mises en danger par la lutte contre le terrorisme. E n 2016, explique le secretaire general d'Amnesty International Salil Shetty dans son rapport annuel, les notions de dignite humaine et d'egalite, et l'idee meme de famille humaine, ont ete attaquees de facon violente et incessante dans des discours remplis d'accusation instillant la peur et designant des boucs emissaires, propages par ceux qui cherchaient a prendre le pouvoir ou a le conserver a tout prix, ou presque >>. << Les discours clivants des marchands de peur sont devenus une force dangereuse dans les affaires de la planete, poursuit-il. Donald Trump, Viktor Orban, Recep Tayyip Erdogan, Rodrigo Duterte : de plus en plus de responsables politiques se declarent antisysteme, defendent des programmes nocifs qui s'acharnent sur des groupes entiers de population et les deshumanisent >>.", "theme": "archive"}