{"id_art": "aa2aaca121542f15cc7782a562d19c4b", "title": "Terrorisme: des perquisitions menees a Molenbeek et a Ganshoren ", "newspaper": "lesoir", "author": [], "date_publi": [], "content": " Terrorisme: des perquisitions menees a Molenbeek et a Ganshoren De nouvelles perquisitions ont ete menees dans la nuit de jeudi a vendredi a Molenbeek-Saint-Jean, a Roosdaal et a Ganshoren dans le cadre d'un nouveau dossier de terrorisme, distinct de celui des attentats de Paris, de Bruxelles et des Champs-Elysees.Lors de ces perquisitions, les policiers ont trouve deux armes de poing, un gilet parre-balles ainsi que des munitions, precise un communique de presse du parquet federal. Cinq personnes ont ete emmenees pour auditions. Elles sont soupconnees d'avoir participe aux activites d'un groupe terroriste. Le juge d'instruction decide dans le courant de la soiree ou demain de leur maintien ou non en detention. (c) Rossel & Cie - 2018 Conditions generales de vente - Droits de reproduction - Protection de la vie privee - Droit a l'oubli ", "theme": "archive"}