{"id_art": "61b3abff9b6f35f5b4e3dbcd7b8f8d22", "title": "Les NH90, veritables ambulances volantes de l'armee belge, aujourd'hui a Beauvechain bientot au Mali ", "newspaper": "lesoir", "author": [], "date_publi": [], "content": " Frederic Delepierre En 2018, des militaires belges vont encore etre envoyes en Afghanistan, en Irak, en Jordanie ainsi que dans les pays baltes et en mer Mediterranee. Au milieu d'une zone de combat, un soldat belge est au sol tandis qu'une de ses collegues est blessee au bras. Autour d'eux, quatre autres hommes armes securisent la zone. Ils scrutent l'horizon pret a tirer en cas de besoin. Au loin, un helicoptere, un NH90 de l'armee belge, se fait entendre. Tres vite, il pose son imposante carcasse a proximite des blesses. La porte laterale droite coulisse. Quatre soldats descendent. Proteges par leurs collegues, ils se dirigent vers les blesses. Quelques mots sont echanges et la decision est prise de les prendre a bord pour les evacuer. En quelques minutes l'operation est terminee et l'helicoptere a repris les airs.L'exercice s'est deroule ce jeudi au beau milieu de la base militaire de Beauvechain. Il pourrait s'agir de la repetition grandeur nature d'une scene a laquelle participera l'ambulance volante dernier cri de l'armee belge lors de la mission a laquelle elle participera au Mali entre mars et juin de l'an prochain. Si le taux de disponibilite operationnelle des NH90 est le meme qu'en France, c'est-a-dire inferieur a 40%, ils ne vont pas rire la-bas... Quand l' Armee >Belge va t'elle enfin faire autre chose que de la Croix Rouge Internationale ? Ca valait bien la peine de s'equiper d'un tel appareil pour en faire une ambulance ! Une veritable specialite depuis l' epoque du fleau FlaHo qui decidement semble avoir laisse son empreinte ! Quand l' Armee Belge va t'elle enfin faire autre chose que de la Croix Rouge Internationale , ca valait bien la peine d' acheter de pareils equipements pour en faire des ambulances . ", "theme": "archive"}