{"id_art": "60b1112be6c494166c4bd6287e001029", "title": "Egypte : trois mois d'etat d'urgence annonces ", "newspaper": "lesoir", "author": [""], "date_publi": ["2017-04-10"], "content": " Egypte : trois mois d'etat d'urgence annoncesDeux attentats visant des eglises coptes, dans le delta du Nil et a Alexandrie, ont fait au moins 44 morts.L'attentat d'Alexandrie, la grande ville du nord du pays, a ete perpetre par un kamikaze << equipe d'une ceinture explosive >>, qui a tente de penetrer dans l'eglise Saint-Marc ou se trouvait le pape copte orthodoxe Tawadros II a l'occasion de la fete des Rameaux. Des policiers l'en ont empeche et il s'est fait exploser.L'autre attaque a eu lieu en pleine celebration dans l'eglise Saint-Georges de Tanta. << Il y a eu une violente explosion, pres de l'autel. Soudain tout est devenu noir, les gens ont vole les uns sur les autres >>, a raconte un temoin qui assistait a la messe.Ces attentats sont parmi les plus sanglants commis ces dernieres annees contre cette communaute qui represente 10 % des 92 millions d'Egyptiens.(c) Rossel & Cie - 2018 -- Conditions generales de ventes -- Droits de reproduction -- Protection de la vie privee - droit a l'oubli ", "theme": "archive"}