{"id_art": "b2583170fb14252c6468e6083ddcbe8c", "title": "Les 14 patrons des PJ inquiets de l'avenir de la Police judiciaire ", "newspaper": "lesoir", "author": [], "date_publi": [], "content": " Marc Metdepenningen Une note au picrate des directeurs judiciaires du Nord et du Sud du pays. Claude Fontaine, le directeur general de la PJ, accueille la demarche positivement. La PJ ne veut pas etre marginalisee. La demarche est exceptionnelle. Dans une note confidentielle de 16 pages intitulee << Enjeux strategiques 2017-2021 pour la police judiciaire federale belge - adaptations necessaires du fonctionnement >> adressee a la Commissaire generale Catherine de Bolle et au directeur general de la PJ Claude Fontaine, les 14 directeurs des PJF (police judiciaire federale) que compte le pays, << tirent la sonnette d'alarme >> face au fonctionnement du pilier judiciaire de la police federale et a l'impact redoute des << potentielles reorganisations futures sur \"l'execution performante de (notre) mission dans les mois et annees qui viennent \">>. ", "theme": "archive"}