{"id_art": "48e1d50736a6df2a1491e22860ea3752", "title": "<<Demain a rendudu pouvoir aux gens>> ", "newspaper": "lesoir", "author": [""], "date_publi": ["2017-04-14"], "content": "<<Demain a rendudu pouvoir aux gens>><<Faire fonctionner la democratie, ce n'est pas seulement pointer du doigt les elus, c'est prendre notre responsabilite en tant que citoyens.>> Rene Breny (c) Rossel & Cie - 2018 -- Conditions generales de ventes -- Droits de reproduction -- Protection de la vie privee - droit a l'oubli ", "theme": "archive"}