{"id_art": "c8f691805d5fc0dc3f17e9eb560c44ce", "title": "La citoyennete a part entiere pour tous doit etre une priorite ", "newspaper": "lesoir", "author": [], "date_publi": [], "content": " Par Samira Bendadi, journaliste; Mohamed Ikoubaan, directeur de Moussem, centre nomade des arts.Les deux auteurs de cette lettre ouverte organisent la << Journee pour la Dignite >>*, qui aura lieu le 19 mars (15h) a Bozar. Un an apres les attentats, cette initiative citoyenne vise a exprimer une inquietude autour de certains discours politiques ambiants. Un an apres les attentats du 22 mars, nous prenons le temps de nous pencher sur ce qui s'est deroule et ce qui a ete dit au cours de cette annee. Nous prenons le temps de nous arreter pour mesurer les degats et faire le bilan. Les attentats de Zaventem et de Bruxelles ont profondement blesse la societe. Les garde-fous ont saute, la culture de la peur et de la haine s'est davantage repandue et le fosse entre les differents groupes de populations s'est creuse.Si les remarques et les affirmations gratuites et blessantes de certains politiciens a l'adresse de citoyens d'origine etrangere nous contrarient, les mesures et les lois qui bafouent les principes fondamentaux de notre Etat de droit comme l'egalite devant la loi, la separation des pouvoirs et la presomption d'innocence nous inquietent. Elles font de certains d'entre nous des citoyens de second rang et attisent la mefiance du reste de la population.Comment allons-nous nous defendre ? Beaucoup se le demandent. Y a-t-il encore quelque chose a dire ? Aussi, beaucoup ont arrete de parler, parce qu'ils n'ont plus rien a raconter, parce que tout a ete dit. Beaucoup se demandent s'ils ont encore un avenir ici.Un an plus tard, nous nous levons pour dire non. Non a la polarisation, non a la criminalisation, non a la punition collective de tout un pan de la population, simplement en raison de leur origine ethnique ou religieuse specifique.Nous, citoyens d'origine etrangere, demeurons en premier lieu des citoyens individuels et refusons d'etre tenus pour responsables de tout ce qui dysfonctionne dans la societe. Nous ne voulons pas qu'on se serve a tort et a travers de nous pour acquerir de la notoriete, faire carriere ou legitimer une politique particuliere.Sommes-nous en train de relativiser les attentats ou le reste des questions societales ? Pas du tout. Nous comprenons la peur qui regne et ne nions pas qu'il y a des problemes pouvant etre lies a une certaine conception d'une religion ou d'une identite. Mais la religion est aussi politique et les problemes ont vocation a etre resolus en concertation et dans le respect mutuel.Il n'y a pas d'excuse pour le terrorisme. Mais le terrorisme est l'enfant batard de la guerre. Il n'y a pas d'excuse pour la guerre. Nous, citoyens ordinaires, ne sommes pas responsables de cette situation. Mais nous en partageons le prix a payer. Neanmoins, nous souhaitons assumer nos responsabilites.Nous, citoyens d'origine etrangere, comprenons non seulement les questions posees, les doutes et les angoisses, mais sommes nous-memes anxieux et preoccupes. Nous prenons aussi le metro et l'avion. Qui plus est, nos aspects et nos noms suffisent aujourd'hui a faire de nous des suspects aux yeux de bon nombre.Voila pourquoi nous nous dressons pour exiger respect et dignite. Nous nous dressons pour dire qu'il est plus que temps de faire de la citoyennete a part entiere pour tous une priorite. Nous voulons une contre-offensive qui s'attaque a l'inegalite et a l'exclusion. Nous voulons voir l'Etat de droit etre consolide. La democratie, la separation des pouvoirs et le respect des droits de l'homme sont pour nous la pierre angulaire d'une societe dans laquelle chacun a sa place. Il est donc essentiel de preserver l'Etat de droit, parce que lui seul est garant de l'egalite et de la justice.Le populisme, le poujadisme et les ideologies d'extreme droite si repandus dans toute l'Europe sont des dangers equivalents pour notre societe. L'Histoire nous apprend a quelles catastrophes de telles evolutions politiques peuvent mener.Il est peut-etre plus simple pour certains de diviser le monde en deux camps imaginaires opposes, les autochtones et les etrangers, les croyants et les non-croyants, les musulmans et les non-musulmans, les bons et les mechants... Mais aujourd'hui, la seule veritable difference se situe entre ceux et celles qui croient aux valeurs humaines universelles fondamentales, independamment de la religion, des convictions philosophiques, de la culture ou de l'identite et ceux et celles qui refutent ces valeurs ou les considerent comme la prerogative de certains seulement, mais pas de tous.Nous offrons a ce pays ce que nous avons de plus precieux, nos enfants, et nous souhaitons que la Belgique s'en occupe bien, leur donne une place dans notre societe et les traite avec amour et respect. Nos enfants sont le fruit de ce pays, ils en parlent les langues et en portent la culture.Nous, citoyens d'origine etrangere, ne voulons pas voir nos jeunes surrepresentes dans les chiffres de l'echec scolaire, du chomage et de la criminalite, sans parler de voir certains d'entre eux se faire exploser et causer la mort de citoyens innocents.Ce que nous voulons, c'est voir les jeunes des quartiers populaires surrepresentes dans les ecoles superieures et les universites. Nous voulons les voir s'epanouir en toute liberte et devenir des citoyens critiques. Nous voulons les voir se surpasser en creativite et en joie de vivre. Nous savons que c'est possible. Beaucoup d'entre eux le font deja. Mais beaucoup d'entre eux restent sur le cote de la route. Le fatalisme qui paralyse actuellement beaucoup de jeunes peut etre contre, a condition que la societe le veuille.C'est pour cela que nous estimons que la politique doit prendre ses responsabilites a plusieurs niveaux. Il faut que l'egalite des chances dans l'enseignement et la lutte contre la pauvrete soient hissees au rang de priorites absolues. Les enfants et les adolescents des quartiers populaires meritent de veritables chances de faire valoir ce qu'ils ont de meilleur en eux et tout le potentiel qui reste a present inexploite. Tel est le vrai defi des annees a venir. Ce n'est que de cette facon que nos jeunes retrouveront le respect d'eux-memes et la dignite et qu'ils seront moins tentes de tourner le dos a la societe. L'avenir des quartiers populaires est l'avenir du pays.* La Journee pour la Dignite quelques regles de bonne conduite avant de reagir (c) Rossel & Cie - 2018 Conditions generales de vente - Droits de reproduction - Protection de la vie privee - Droit a l'oubli ", "theme": "archive"}