{"id_art": "28ed07b40a91cf0c96d8497c6a26a8ce", "title": "Attentat dejoue en France: 3 candidats a la presidentielle etaient prevenus ", "newspaper": "lesoir", "author": [""], "date_publi": ["2017-04-18"], "content": "La photo des deux suspects arretes ce mardi a Marseille avait deja ete distribuee a certains candidats de la presidentielle. Des armes <<de poing>> ou <<longues>> et du materiel rentrant dans la composition d'explosifs ont ete trouves lors de perquisitions apres l'arrestation mardi de deux hommes soupconnes de vouloir commettre un attentat <<imminent>> en France, a-t-on appris de sources proche de l'enquete.Des perquisitions etaient en cours a la mi-journee a Marseille, ou les deux suspects, ages de 29 et 23 ans, <<de nationalite francaise>>, et <<radicalises>> ont ete arretes mardi matin, avait indique un peu plus tot le ministre de l'Interieur Matthias Fekl.Les photos des deux hommes arretes mardi, avaient ete distribuees des la semaine derniere aux services de securite de plusieurs candidats a l'election presidentielle, a-t-on appris de sources concordantes.", "theme": "archive"}