{"id_art": "501f68cecc31ef05a12605a51c492fb6", "title": "Le procesdes intentions ", "newspaper": "lesoir", "author": [], "date_publi": [], "content": " Le procesdes intentions Ludivine Ponciau Les avocats de la defense ont tente de prouverque la fusillade de la ruedu Dries n'etait pas un acte terroriste.Et que leurs clients n'avaient pas appuyesur la detente.Le verdict est attendu pour avril.Pour MeSven Mary, l'avocat de Salah Abdeslam, <<dire qu'ils etaient prets a voir arriver la police est different d'etre prets a tuer des policiers>>. Les avocats de la defense ont longuement expose leurs arguments, jeudi, au cours de la deuxieme et derniere journee de proces pour la fusillade de la rue du Dries. Sans surprise, Sofien Ayari etait le seul prevenu a faire face a la presidente du tribunal correctionnel de Bruxelles, Salah Abdeslam ayant annonce mardi deja son intention de ne plus assister a l'audience. De l'intention, il en a beaucoup ete question dans les plaidoiries de ce jeudi, meme si c'est sur un point de droit que Me Mary a commence son expose.(c) Rossel & Cie - 2018 -- Conditions generales de ventes -- Droits de reproduction -- Protection de la vie privee - droit a l'oubli ", "theme": "archive"}