{"id_art": "14aae69883d9e5d7c739100671c861a5", "title": "Le nouveau mode operatoire de Daesh : tuer, semer la terreur n'importe ou ", "newspaper": "lesoir", "author": [], "date_publi": [], "content": " Ludivine PonciauL'attentat de Londres confirme le nouveau modus operandi de Daesh. Surprendre, frapper n'importe ou avec n'importe quel moyen. Moins de 24 heures apres les attentats qui ont endeuille les Britanniques, l'Etat islamique confirmait les soupcons a son egard. Via son agence de propagande Amaq, l'organisation terroriste a indique jeudi que l'auteur de l'attaque sur le pont de Westminster et en face du Parlement << est un soldat de l'EI et l'operation a ete menee en reponse a l'appel a frapper les pays de la coalition >> internationale.Que l'Europe est une nouvelle fois confrontee a un probleme d'anticipation face a une organisation criminelle capable de la surprendre par la multiplicite de ses modus operandi et la maitrise des outils de communication qu'elle utilise pour faire transiter a la fois sa propagande haineuse et ses instructions.", "theme": "archive"}