{"id_art": "c28134dabbf61d54c10e52614111b777", "title": "Manchester: ce que l'on sait de l'attaque <<terroriste>> ", "newspaper": "lesoir", "author": [""], "date_publi": ["2017-05-23"], "content": "La police traite les faits comme un << incident terroriste >> en attendant d'y voir plus clair sur les evenements survenus a la suite d'un concert d'Ariana Grande, lundi soir. Il s'agit probablement d'une << explosion >>. Au moins 22 personnes ont ete tuees et 59 blessees lundi soir a Manchester, dans l'ouest de l'Angleterre, a la suite d'une explosion a proximite d'une salle de concerts consideree comme une action << terroriste >>, a annonce la police locale lors d'un bilan revise.La police a ete alertee a la suite d'informations faisant etat d'une ou plusieurs explosions d'origine indeterminee dans la salle de concerts Manchester Arena ou se produisait la chanteuse americaine Ariana Grande. Mais, selon le gestionnaire, << l'incident a eu lieu hors de la salle, dans un endroit public. Nos pensees et prieres vont aux victimes >>. << Les services de secours reagissent actuellement a des informations selon lesquelles il y aurait eu une explosion >>, a declare la police dans un communique sur son compte Twitter, en appelant la population a eviter la zone.", "theme": "archive"}