{"id_art": "cda2e7f93116adbe4210fa3a5df48632", "title": "Ukraine: les services de securite mouilles dans l'assassinat d'un journaliste ", "newspaper": "lesoir", "author": [""], "date_publi": ["2017-05-12"], "content": " Stephane SiohanL'assassinat du celebre journaliste Pavel Cheremet en juillet 2016 pourrait etre lie aux services de securite de Kiev, selon une enquete de journalistes independants. Une nouvelle fois, la societe civile ukrainienne a pris de vitesse les autorites dans un dossier extremement sensible. Mercredi, << Slidtsvo >>, un collectif de journalistes, a diffuse un film coup-de-poing qui revele les errements de l'enquete officielle sur la mort de Pavel Cheremet, un celebre journaliste tue le 20 juillet 2016 a Kiev dans un attentat a la voiture piegee. Plus grave : les images revelent l'implication d'un agent des services secrets ukrainiens dans l'operation.", "theme": "archive"}