{"id_art": "f68faa10fc8601555aa0ed70249a55ae", "title": "les Belges Fellaini peut succeder a Van Buyten ", "newspaper": "lesoir", "author": [""], "date_publi": ["2017-05-24"], "content": " les Belges Fellaini peut succeder a Van BuytenMancuniens et Amstellodamois sont a un crampon d'un nouveau sacre europeen, eux qui disposent deja ensemble d'un tres joli pactole rassemblant 14 trophees prestigieux. Un emboitement entre vie passee et aventure nouvelle qui se soumet a de solides references ou se brouillent inevitablement les frontieres entre les epoques. La quete du Graal se nourrit de souvenirs eteints (le dernier titre europeen des Red Devils date de 2008, celui des Hollandais de 1995) qui exaltent les fantasmes d'aujourd'hui.Revenir sur le devant de la scene apres avoir quelque peu sature n'est pas a la portee de tout le monde. Mais c'est cette sportivite declinante qui donne aussi de l'interet a cette finale de l'Europa Ligue inedite, a la Friends Arena de Stockholm.(c) Rossel & Cie - 2018 -- Conditions generales de ventes -- Droits de reproduction -- Protection de la vie privee - droit a l'oubli ", "theme": "archive"}