{"id_art": "600c769452b64efb1db59b0a5fd1afb0", "title": "Redynamiser le projet europeen: un pacte equilibre pour l'UE a 27 est a portee de main ", "newspaper": "lesoir", "author": [], "date_publi": [], "content": " Herman Van Rompuy, president du European Policy Centre (EPC), president emerite du Conseil europeen, ancien Premier ministre belge; Janis A. Emmanouilidis, directeur des Etudes, European Policy Centre (EPC)Les membres de l'UE devraient s'atteler a developper un accord global qui permettrait de donner un nouvel elan au projet europeen, et de le proteger des forces oeuvrant pour une Europe plus regressive, fermee et nationaliste. Une carte blanche d'Herman Van Rompuy et Janis A. Emmanouilidis. Le debat sur l'avenir de l'Europe connait actuellement un nouvel elan. L'ambitieux Leaders' Agenda (Programme des dirigeants), approuve par le Conseil europeen, souhaite << trancher le noeud gordien sur les themes les plus sensibles >> et redonner confiance dans le projet europeen. C'est evidemment un pas dans la bonne direction que nous saluons. Mais en proposant un calendrier de decisions a prendre chapitre par chapitre, nous courrons le risque de manquer d'une vue d'ensemble et de ne pas trouver les solutions qu'exigent nos citoyens.L'Europe ne peut se permettre de faire du surplace. Nous devons mettre fin a nos divisions sur la maniere de poursuivre le developpement de la zone euro, de gerer la crise des refugies, de defendre nos pays et notre continent. Nous devons saisir l'occasion qui s'offre a nous et envisager une nouvelle approche pour redynamiser l'Union europeenne (UE). Une approche qui s'attaque a nos multiples blocages de maniere globale pour elaborer un pacte equilibre qui depasse nos lignes rouges. En elargissant le champ du Leaders' Agenda a plus d'un domaine a la fois, nous pouvons trouver cet equilibre entre les interets divergents et les sensibilites respectives des Etats membres. Nous avons besoin de compromis politiques transversaux pour que l'UE puisse mieux servir et proteger ses citoyens.Car de nouvelles crises verront le jour. Nous ne savons juste ni quand ni de quelle maniere elles nous frapperont. Bien qu'empetres depuis des annees dans une impasse politique sur plusieurs fronts, nous sommes aujourd'hui convaincus que l'elaboration du pacte equilibre dont nous avons tant besoin est a portee de main. Ce pacte, presente dans le dernier rapport de l'initiative du Nouveau Pacte pour l'Europe, couvre aussi bien les questions economiques et sociales que migratoires et securitaires. Il est le resultat de plus de 120 debats nationaux et transnationaux organises dans 17 Etats membres depuis 2012. Ces echanges ont permis de cerner les sujets qui alimentent les inquietudes et les divisions tant entre les Etats membres et qu'en leur sein. L'analyse des experiences diverses et des perceptions variees des Europeens a mis en lumiere les elements constitutifs d'un pacte global, ambitieux mais realiste. Ce pacte se veut un point d'equilibre, une cle de voute au-dessus des ideologies divergentes et des priorites politiques concurrentes. Il se fonde sur des solutions concretes dans le respect des Traites europeens actuels.Nous partons du principe qu'une cooperation differenciee entre les Etats Membres restera une caracteristique majeure de l'integration europeenne. De fait, la mise en oeuvre du pacte presente dans le rapport aboutira a une integration plus differenciee. Differents groupements d'Etats membres intensifieront leur cooperation fonctionnelle dans certains domaines tel que prevu par le Traite de Lisbonne. Par moments, c'est la seule solution. Une Europe a plusieurs vitesses doit toutefois demeurer l'exception et l'unite, la regle. Il faut surtout eviter l'ecueil d'un << noyau dur >> europeen qui n'inclurait qu'un petit groupe ferme d'Etats membres, car cela n'est ni realiste (qui ferait partie de cette avant-garde ?), ni souhaitable.Nous ne trouverons pas d'accord entre le Nord et le Sud en faveur de nouvelles reformes de la zone euro, ou entre l'Ouest et l'Est sur la question de la migration si nous ne sommes pas capables de combiner solidarite, responsabilite et securite d'une facon qui satisfasse tous les membres de l'UE. Et si nous echouons a mieux proteger les Europeens, ils feront le choix du protectionnisme et du nationalisme, alors meme que la mise en cause de nos economies ouvertes se fera au prix de notre prosperite. Pour aller de l'avant, nous nous devons donc de trouver ce juste equilibre entre responsabilite et solidarite, securite et solidarite, souverainete nationale et integration, ainsi qu'entre croissance et cohesion, ouverture et protection.La fenetre d'opportunite dont nous disposons est tres etroite. Nous nous devons d'etre prets avant les prochaines elections europeennes. Si nous ne parvenons pas a montrer de resultats tangibles au niveau de l'emploi, de la migration, du dumping social, du changement climatique, du terrorisme et de la corruption, les populistes prospereront. Ces derniers ont perdu certaines batailles, mais ils n'ont pas perdu la guerre. Les forces oeuvrant pour une Europe plus regressive, fermee et nationaliste sont encore vives. Nous pouvons les battre si nous parvenons a elaborer et adopter un pacte equilibre qui nous sorte de l'impasse. En cherchant des solutions au-dela des fractures ideologiques et d'une vision parcellaire des problemes, nous pourrons repondre aux insecurites et reduire les inegalites. Nous serons alors en mesure d'affaiblir les arguments qui nourrissent les populistes et de demontrer a nos concitoyens les benefices d'une Union integree.Il nous faut donc nous mobiliser rapidement pour renforcer le role protecteur de l'Europe avant l'avenement des prochaines tempetes. Il ne s'agit pas de reinventer l'Europe, mais bien de la redynamiser et de la preparer aux defis du monde a venir. Nous devons convaincre les Europeens de la valeur ajoutee et des valeurs de notre Union. La cooperation europeenne n'est pas une ideologie ; c'est une necessite dans un monde interdependant dans lequel chaque pays ne peut individuellement defendre ses interets et ses valeurs. Nos citoyens expriment un soutien accru a l'Europe depuis le referendum du Brexit. Ils savent dans quel ecrin se forgera leur avenir. Ils ont moins peur que bien des decideurs politiques.L'heure est venue de trouver un compromis sur l'avenir de l'Europe. L'heure est venue d'en appeler a la vision et a la determination de nos responsables politiques, a leur habilete a saisir le moment d'agir. Il est temps d'etre courageux et d'avancer, pas en 2020, mais au plus vite. D'ailleurs, nous sommes convaincus, malgre l'echec des negociations a Berlin, qu'un accord europeen en 2018 et une initiative franco-allemande sont possibles et iront dans ce sens. C'est notre credibilite collective qui est en jeu. Il est temps pour nous tous de repondre a cet appel. Il reviendra alors aux generations futures de nous juger.Abonnez-vous maintenant et accedez a l'ensemble des contenus numeriques du Soir : les articles exclusifs, les dossiers, les archives, le journal numerique...(c) Rossel & Cie - 2018 -- Conditions generales de ventes -- Droits de reproduction -- Protection de la vie privee - droit a l'oubli ", "theme": "archive"}