{"id_art": "22a34ca12a02c06f5e982ea1a2260a60", "title": "Attentat de Londres : ces zones d'ombre qui entourent Khalid Masood ", "newspaper": "lesoir", "author": [""], "date_publi": ["2017-03-23"], "content": " Par AMANDINE ALEXANDREMashood, qui a ete reconnu par l'Etat islamique comme etant l'un de leurs << soldats >>, a-t-il beneficie de soutiens pour mener a son terme l'attentat a la voiture-belier de Londres ? La question n'a toujours pas de reponse. Vingt-quatre heures apres l'attaque terroriste, l'identite de l'assaillant a ete revelee hier en milieu d'apres-midi par Scotland Yard. L'homme qui a tue mercredi 2 passants au volant d'un 4x4 sur le pont de Westminster, blesse une quarantaine de personnes et poignarde a mort un policier charge de la securite du Parlement s'appelait Khalid Masood.Cet homme de 52 ans, ne dans le Kent et de nationalite britannique, n'etait pas connu des forces de l'ordre pour activites terroristes. Par contre, les enqueteurs ont revele que l'assaillant de Westminster avait un lourd passe judiciaire derriere lui. Entre 1983 et 2003, Masood a accumule les condamnations pour agression, detention d'armes et troubles a l'ordre public notamment.", "theme": "archive"}