{"id_art": "7f7d181c57057ab28486af9d4effc5a9", "title": "la chercheuse << Il y a des comparaisonshistoriques a faire >> ", "newspaper": "lesoir", "author": [""], "date_publi": ["2017-03-22"], "content": " la chercheuse << Il y a des comparaisonshistoriques a faire >>Depuis sa creation, la Belgique a toujours tente d'exclure la violence de l'espace public. Evocation avec Chantal Kesteloot, chercheuse aux Archives de l'Etat et a l'ULB.La Belgique a-t-elle longtemps vecu sans menace interne ?Elle a vecu en canalisant autant que possible toute forme de violence mais la menace etait bien la et, des le XIXe, l'Etat belge se mefie de la classe ouvriere, de la gauche, puis de l'extreme gauche. Ils sont suspectes d'etre des perturbateurs ; la Surete de l'Etat, les polices locales vont infiltrer les groupes juges suspects ; ils vont etre surveilles ; des rapports les concernant vont etre etablis ; etc. Et cette mefiance va durer.Une mefiance peut-etre justifiee puisque dans les annees 80, les Cellules communistes combattantes, les CCC, passent a l'action.(c) Rossel & Cie - 2018 -- Conditions generales de ventes -- Droits de reproduction -- Protection de la vie privee - droit a l'oubli ", "theme": "archive"}