{"id_art": "ea3055ee5f26363f7a3794474dd061b4", "title": "Attaque au camion belier a Stockholm: ce que l'on sait ", "newspaper": "lesoir", "author": ["louis colart"], "date_publi": ["2017-04-07"], "content": " Louis Colart et agencesUn camion fou a fait << plusieurs morts et de nombreux blesses >> dans une rue commercante de la capitale suedoise. La these de l'attentat est privilegiee. Une attaque qui fait suite a celles de Nice, Berlin et Londres. Apres Nice, Berlin et Londres, la liste funeste des attaques au vehicule belier s'est allongee ce vendredi avec un nouveau probable attentat dans la capitale suedoise. Plusieurs personnes ont ete tuees lorsqu'un camion a renverse des passants en plein centre de Stockholm.", "theme": "archive"}