{"id_art": "bd68793fbbd5af8ae19c5a3bd72b300b", "title": "UE: protection variable pour les lanceurs d'alerte ", "newspaper": "lesoir", "author": [], "date_publi": [], "content": " Elodie Lamer Les ministres europeens de la Justice discuteront du dossier a la fin du mois. Il s'agira d'abord de s'entendre sur la necessite d'agir au niveau europeen. Aucun texte europeen ne viendra au secours d'Antoine Deltour et de Raphael Halet, ces deux lanceurs d'alerte poursuivis pour les revelations LuxLeaks, quand la justice luxembourgeoise rendra son verdict dans le proces en appel la semaine prochaine. Ce jugement viendra tout de meme renforcer l'appel du Parlement europeen en faveur d'une protection europeenne << horizontale >> des lanceurs d'alerte.Acculee, la Commission s'est decidee a bouger. A cote du brainstorming collectif qu'elle a ouvert au public la semaine derniere, l'institution a egalement demande que le dossier soit inscrit a l'ordre du jour de la reunion des ministres europeens de la Justice, les 27 et 28 mars.Le premier terrain qu'elle entend defricher sera celui du besoin ou non d'agir au niveau europeen. Et contrairement a ce que l'on entend, dans le dispositif legislatif europeen, ce n'est pas le neant en matiere de protection des lanceurs d'alerte.", "theme": "archive"}