{"id_art": "18f3fce048f91ba5cf20c0a32b247ab4", "title": "Des civils pour infiltrer le terrorisme ", "newspaper": "lesoir", "author": ["thomas casavecchia"], "date_publi": ["2017-05-16"], "content": " Des civils pour infiltrer le terrorisme Thomas Casavecchia Pour les service de police, les infiltrants civils permettraient de recueillir de precieuses informations. D'ici a 2018, le gouvernement espere rendre possible le recours par la Justice et les enqueteurs a des civils pour faire tomber les organisations criminelles.Si les contours de la future loi restent aujourd'hui evanescents, elle permettrait a des repentis de beneficier d'une reduction de peine ou d'un amenagement de celle-ci s'il offre des renseignements capitaux sur des faits terroristes ou de grand banditisme.Aujourd'hui, le cadre de la loi sur les methodes particulieres de recherche (MPR) permet deja le recours aux indicateurs. Ces civils appartiennent au milieu de la criminalite, et de ce fait, peuvent etre au courant d'agissements illegaux susceptibles d'aider les enqueteurs. En echange de ces renseignements, ils sont remuneres.Combien sont-ils en Belgique ? Impossible de le savoir, les donnees sont confidentielles et leurs identites protegees. Par ailleurs, une fois inscrit dans la base de donnees, on n'en sort pas. Ce qui pourrait fausser les chiffres.(c) Rossel & Cie - 2018 -- Conditions generales de ventes -- Droits de reproduction -- Protection de la vie privee - droit a l'oubli ", "theme": "archive"}