{"id_art": "24569a7c5976246fada9511d40a3152b", "title": "adhesion a l'UE << Il serait inconscient de creer des attentes >> ", "newspaper": "lesoir", "author": [], "date_publi": [], "content": " adhesion a l'UE << Il serait inconscient de creer des attentes >> Philippe Regnier A Bruxelles, Petro Porochenko a notamment rencontre Donald Tusk, president du Conseil europeen. Brexit, migrations, populismes, extremismes, terrorisme, procrastinations sur l'avenir de l'Union europeenne et maintenant flottement politique en Allemagne : la plupart des leaders europeens n'ont guere a coeur, ni le temps, de s'engager avec enthousiasme dans le << partenariat oriental >> que l'UE tisse officiellement depuis 2009 avec six ex-pays sovietiques.C'est donc avec soulagement que Johannes Hahn, le commissaire europeen en charge de la Politique de voisinage, a pu annoncer jeudi la participation de la << chanceliere en affaires courantes Merkel >> au sommet, organise ce vendredi a Bruxelles entre l'UE et les Six, aux cotes de 21 (sur 28) autres chefs d'Etat ou de gouvernement. Le flou autour de la presence de la chanceliere allemande et l'absence annoncee d'autres poids lourds europeens, dont le president Macron, ont pu donner l'impression d'un desinteret pour l'evenement, qui ne durera que quelques heures...(c) Rossel & Cie - 2018 -- Conditions generales de ventes -- Droits de reproduction -- Protection de la vie privee - droit a l'oubli ", "theme": "archive"}