{"id_art": "073c68918632810e36ee15f4808a4010", "title": "Presidentielle francaise: ce qu'en pensent les enfants ", "newspaper": "lesoir", "author": [], "date_publi": [], "content": " Aurore Duplessis (St.)Election presidentielle 2017 Les plus jeunes suivent la vie politique francaise et la campagne des candidats pour la prochaine election. Au total 502 enfants, ages de 6 a 12 ans, ont ete interroges au sujet de la prochaine election presidentielle lors d'un sondage Ipsos realise entre le 7 et le 14 fevrier dernier et publie ce lundi par Le Parisien . Apres l'analyse des resultats, on s'apercoit que nos cheres tetes blondes ont des avis bien tranches sur la question.Plus de quatre enfants sur cinq, 80 % des 6-9 ans et 95 % des 10-12 ans, declarent etre a jour sur les evenements de l'actuelle campagne electorale. Globalement, 27 % de ses enfants interroges estiment etre interesses par la politique, contre 73 %.", "theme": "archive"}