{"id_art": "6203c1bb29357e16e891794ab00ed9c1", "title": "A Brachay, on vote FN et <<on veut rester patriotes francais>> ", "newspaper": "lesoir", "author": [""], "date_publi": ["2017-05-05", "2017-05-06"], "content": " Marine BuissonMarine Le Pen ,Election presidentielle 2017 Dans cette petite commune de la Haute-Marne, on a vote massivement pour Marine Le Pen au premier tour. La candidate du FN a fait son meilleur score a Brachay, un village de 57 habitants, devenu un veritable symbole de cette << France des oublies >>. On a achete la maison en 2003. Avant qu'elle debarque. >> Elle, c'est Marine Le Pen. La presidente du Front national, candidate a la presidentielle, a fait du village francais de Brachay sa vitrine. Avec ses 57 habitants, cette commune de la Haute-Marne est minuscule. Meme a l'echelle de la ruralite.", "theme": "archive"}