{"id_art": "1966e26618e707159e5d53b5f1cb5975", "title": "Les cinq maux de la publicite en ligne ", "newspaper": "lesoir", "author": ["jean francois"], "date_publi": ["2017-04-25"], "content": " Jean-Francois Munster Les derapages se multiplient dans la pub en ligne. Les marques craignent pour leur reputation. Les editeurs belges lancent une plateforme alternative. Ou va reellement mon argent et est-il utilise a bon escient ? Ces questions, de plus en plus d'annonceurs se les posent quand il s'agit d'investir dans la publicite sur internet. A l'origine, ils ont ete seduits par les possibilites de ciblage. Plus besoin de ratisser large comme avec les medias de masse traditionnels et donc plus besoin de << gaspiller >>. Avec la pub en ligne, on ne paie que pour l'audience que l'on veut reellement toucher. Du moins c'est la promesse de Facebook ou Google...", "theme": "archive"}