{"id_art": "c5bdb98a62631e461c02eed2a1983b93", "title": "L'ombre du terrorisme et du hooliganisme pese sur le Mondial ", "newspaper": "lesoir", "author": [], "date_publi": [], "content": " B.Q.Face a ces deux menaces, les autorites assurent avoir pris des mesures radicales. Alors que Daesh a lance des appels aux attentats et que, dans le centre de Moscou, se multiplient les vraies fausses alertes a la bombe, un regime tres strict d'acces est prevu pendant le Mondial pour la capitale et les dix autres villes hotes : limitations de circulation, zones d'exclusion aerienne, autorisations speciales pour les camions et cars... Malgre les tensions geopolitiques, 32 pays ont participe a un groupe de travail. ", "theme": "archive"}