{"id_art": "e9cb1d87180d3d4879b9acdb6a10d06f", "title": "Camion fou a Stockholm: plusieurs morts, un <<attentat>> evoque ", "newspaper": "lesoir", "author": [""], "date_publi": ["2017-04-07"], "content": "La porte-parole des services de securite suedois assure qu'il y a << beaucoup de blesses >>. Plusieurs personnes ont ete tuees vendredi dans un attentat, lorsqu'un camion a renverse des passants en plein centre de Stockholm. Le vehicule a fini sa course dans un magasin et des blesses etaient traites sur place par les secours, selon les images diffusees par les televisions.<< La Suede a ete attaquee >> et << tout laisse penser a un attentat >>, a declare le Premier ministre suedois Stefan Lofven, cite par les medias du pays.<< Il y a des morts, et beaucoup de blesses >>, a indique a l'AFP une porte-parole de Sapo, qui disait dans un communique rechercher << celui ou ceux qui sont derriere cet attentat >>. Le modele scandinave a des rates,.... ", "theme": "archive"}