{"id_art": "a857fb8f995ae643136b2503a32f7d9c", "title": "Les <<faits alternatifs>>, arme de communication de predilection de l'equipe Trump ", "newspaper": "lesoir", "author": [], "date_publi": [], "content": " Marine Buissondonald trump La Maison-Blanche est sous le feu des critiques depuis un mois pour sa propension a brouiller la frontiere entre faits reels et faits approximatifs. Voire, parfois, fabriques. Regardez ce qui s'est passe hier soir en Suede. La Suede, qui l'aurait cru ? >> Pas les Suedois en tout cas. En meeting en Floride devant ses partisans, le president des Etats-Unis, devisant sur la crise des refugies et l'insecurite dans le monde, a evoque ce samedi un attentat qui avait eu lieu la veille en Suede. Le hic ? Il ne s'est rien passe en Suede vendredi soir. Stupeur dans le pays, qui n'a pas compris la sortie de Donald Trump. Une bibliothecaire en charge pour la semaine du compte Twitter officiel du pays, s'est vue obligee de corriger le milliardaire americain : << Rien de ce genre ne s'est passe en Suede. Il n'y a pas eu d'attaque terroriste >>.", "theme": "archive"}