{"id_art": "54f5469d25e79ddca0a9f223ed2c6a97", "title": "Attentat dejoue en France: Transfert de trois suspects de terrorisme vers la France ", "newspaper": "lesoir", "author": [], "date_publi": [], "content": " Attentat dejoue en France: Transfert de trois suspects de terrorisme vers la France La chambre des mises en accusation de Bruxelles a decide aujourd'hui de rendre executoires les mandats d'arret europeens delivres par les autorites francaises a l'encontre d'Abdheramane Ameuroud, Yassine Alami et Rabah Meniker, a confirme a l'agence Belga le parquet federal vendredi apres-midi.Les autorites francaises avaient demande le transfert des trois suspects, tous trois inculpes de participation aux activites d'un groupe terroriste. Ils sont suspectes pour les liens qu'ils ont entretenus avec Reda Kriket, le principal inculpe de la cellule terroriste d'Argenteuil. (c) Rossel & Cie - 2018 Conditions generales de vente - Droits de reproduction - Protection de la vie privee - Droit a l'oubli ", "theme": "archive"}