{"id_art": "5dec6f644c97f68c44559b0de58782f9", "title": "Arabie saoudite : << MBS >>, prince presse en mission ", "newspaper": "lesoir", "author": [], "date_publi": [], "content": " Arabie saoudite : << MBS >>, prince presse en mission Baudouin Loos Il n'est encore que le fils du Roi, mais il fait dejaIl n'est encore que le fils du Roi,la pluie et le beau temps a Riyad. Portrait de Mohamed Ben Salmane, qui fait voler les traditions en eclats. Pourle meilleur ou pour le pire ?Un homme presse. En mission. Qui bouleverse les certitudes, bouscule son monde, ebranle les traditions. Qui commet aussi, ce 3 novembre, une sorte de coup d'Etat aux consequences majeures. Voila Mohamed Ben Salmane, 32 ans, prince heritier au royaume d'Arabie saoudite depuis le 21 juin de cette annee et deja homme fort du regime depuis l'intronisation de son pere Salmane Ben Abdelaziz comme souverain le 25 janvier 2015, a la mort du roi Abdallah. L'ambition de celui qu'on appelle par ses initiales, << MBS >>, ne semble pas connaitre de limites. Il veut moderniser son pays, indiquer la direction au monde arabe et aussi annihiler les ambitions regionales de ceux qui hantent ses nuits : les Iraniens.(c) Rossel & Cie - 2018 -- Conditions generales de ventes -- Droits de reproduction -- Protection de la vie privee - droit a l'oubli ", "theme": "archive"}