{"id_art": "7d912b9e4cc59bb098bbaec7158726f9", "title": "Charles Michel dans la lumiere... de Donald Trump ", "newspaper": "lesoir", "author": ["david coppi"], "date_publi": ["2017-05-24"], "content": " Charles Michel dans la lumiere... de Donald Trump David Coppi Notre Premier rencontre un personnage conteste, sulfureux, impresentable.Mauvais plan ?C'est compter sans la notoriete et l'impact mediatique maximum...(c) Rossel & Cie - 2018 -- Conditions generales de ventes -- Droits de reproduction -- Protection de la vie privee - droit a l'oubli ", "theme": "archive"}