{"id_art": "39f9502bc4b7502c65dd3aba7900bf07", "title": "Sur France 2, Melenchon et Le Pen veulent rassurer a tout prix leurs potentiels electeurs ", "newspaper": "lesoir", "author": [], "date_publi": [], "content": " Marine BuissonLe rendez-vous sur France 2 est la derniere grande fenetre mediatique avant la tres attendue echeance de dimanche : les 11 candidats sont face aux Francais. A trois jours du premier tour de la presidentielle en France, les onze candidats se retrouvent pour un dernier round televise sur France 2. Ils auront chacun un quart d'heure pour convaincre en direct mais separement. A la fin, les candidats a la presidentielle se retrouveront tous ensemble, vers 22h45, pour une conclusion de 2 minutes 30 chacun. La non plus, pas de debat possible dans ce format inedit, objet de tractations entre France 2 et les equipes des candidats.Plusieurs themes seront debattus : pouvoir d'achat, chomage, international, Europe... et << une ou deux questions de precision du programme >>. Chaque candidat aura aussi << une carte blanche >> sur la thematique de son choix. Des lors qu'il n'y aura que \"monologues\" et non debats, cette presentation est totalement absurde. C'est en effet dans la confrontation des idees, des projets, des programmes que peut naitre un choix citoyen. Pour le reste, comme dirait Melenchon: \"blablabla\"...La presse decidement n'aura pas contribue a la dialectique de cette campagne. Helas... ", "theme": "archive"}