{"id_art": "2cda68905baebdf7c41b77c7773e862d", "title": "2018, une annee decisive pour l'Europe ", "newspaper": "lesoir", "author": [], "date_publi": [], "content": " 2018, une annee decisive pour l'EuropeSoixante ans apres le traite de Rome, l'Europe se trouve a une heure de verite. L'amelioration de la conjoncture economique ouvre une fenetre pour sa refondation. Mais elle est limitee dans le temps par l'entree en fonction du nouveau gouvernement allemand qui pourrait ne pas intervenir avant avril 2018 et les elections europeennes de mai 2019.(c) Rossel & Cie - 2018 -- Conditions generales de ventes -- Droits de reproduction -- Protection de la vie privee - droit a l'oubli ", "theme": "archive"}