{"id_art": "f33e2915c9f1ff5203d64620a82d0389", "title": "Difficile de s'envoler, meme les arbres sont enchaines ", "newspaper": "lesoir", "author": ["fabienne bradfer"], "date_publi": ["2017-05-24"], "content": " Difficile de s'envoler, meme les arbres sont enchaines Fabienne Bradfer Etrange atmosphere. Oui, il y a les marches, le glamour, les fetes mais tout est tellement flique que l'humeur n'est pas la meme. L'an dernier, malgre la menace terroriste qui planait deja sur le festival, on sentait une energie vitale dynamiser l'edition 69. Les commercants avaient fait preuve d'imagination dans leur deco, la ville chantait le 7e art et les stars se bousculaient dans mon agenda. La, meme la photo 70e anniversaire, ou se cotoient Emmanuelle Beart, Marion Cotillard, Nicole Kidman, Claudia Cardinale, Catherine Deneuve and cie, manque de fantaisie. Comme si tout le monde etait plus du cote de la resignation que de la resilience. Les studios americains ne sont pas la. Il n'y a personne a aller interviewer a l'Eden Roc. Meme les palmiers de la Croisette sont enchaines. Restent les films pour s'envoler. Mais depuis l'attentat a Manchester, ici aussi, on est dans un etat second.(c) Rossel & Cie - 2018 -- Conditions generales de ventes -- Droits de reproduction -- Protection de la vie privee - droit a l'oubli ", "theme": "archive"}