{"id_art": "9c2d38335e104c4c2e96a972b8b14cea", "title": "Une priorite delaissee ", "newspaper": "lesoir", "author": [], "date_publi": [], "content": " Une priorite delaissee Une priorite delaisseeThematique peu abordee durant la campagne, la lutte contre le terrorisme djihadiste, dans toutes ses facettes, de la prevention a la repression, s'est invitee jeudi soir dans la presidentielle. De maniere fracassante. Douloureuse. Une fois de plus. Mais les propositions des candidats sur ce qu'on pourrait legitimement considerer comme une priorite sont floues, compliquees, evidentes, deja existantes, voire illegales. Etat des lieux.Et etat de l'enquete sur l'attentat des Champs-Elysees et sur son auteur, Karim Cheurfi, un recidiviste des attaques de policiers.(c) Rossel & Cie - 2018 -- Conditions generales de ventes -- Droits de reproduction -- Protection de la vie privee - droit a l'oubli ", "theme": "archive"}