{"id_art": "f679bbf59085cc12cdcb51a47ca831f4", "title": "A Brachay, on vote Front national et << on veut rester patriotes francais >> ", "newspaper": "lesoir", "author": [""], "date_publi": ["2017-05-06"], "content": " A Brachay, on vote Front national et << on veut rester patriotes francais >>Brachay est la commune de France qui a le plus vote pour Marine Le Pen (83,72%). Brachay De notre envoyee specialeOn a achete la maison en 2003. Avant qu'elle debarque. >> Elle, c'est Marine Le Pen. La presidente du Front national, candidate a la presidentielle, a fait du village francais de Brachay sa vitrine. Avec ses 57 habitants, cette commune de la Haute-Marne est minuscule. Meme a l'echelle de la ruralite.(c) Rossel & Cie - 2018 -- Conditions generales de ventes -- Droits de reproduction -- Protection de la vie privee - droit a l'oubli ", "theme": "archive"}