{"id_art": "d03baf2512665384efe10763ace4bc42", "title": "Explosions pres du bus de l'equipe de Dortmund: ce que l'on sait ", "newspaper": "lesoir", "author": [""], "date_publi": ["2017-04-11"], "content": " AFPTrois explosions ont touche le bus des joueurs du club de football de Dortmund, blessant le defenseur Marc Bartra. Trois explosions qui ont touche le bus des joueurs du club de football allemand de Dortmund ont blesse mardi soir un joueur espagnol, Marc Bartra, et entraine le report du quart de finale de Ligue des champions contre Monaco a mercredi.A environ une heure du coup d'envoi, prevu a 20h45, le bus de l'equipe a ete touche par trois explosions au moment de quitter son hotel dans cette ville de l'ouest de l'Allemagne, a une dizaine de kilometres du stade, a explique un porte-parole de la police locale, Gunnar Wortmann.Des vitres ont vole en eclat, blessant le defenseur international espagnol Marc Bartra, age de 26 ans. Le joueur a ete transporte a l'hopital avec une blessure a une main. Il a ete soigne sur place par un urgentiste, a raconte M. Watzke.", "theme": "archive"}