{"id_art": "898a484c22c73c953fc7bd3ad8d094ac", "title": "L'ONU <<appelle a la retenue>> apres les frappes americaines en Syrie ", "newspaper": "lesoir", "author": [""], "date_publi": ["2017-04-07"], "content": " AFPPour le secretaire general des Nations Unies, la seule solution doit etre politique. Le secretaire general des Nations unies a appele vendredi a la retenue au lendemain d'une frappe americaine contre le regime de Damas et souligne qu'il n'y avait d'autre solution que politique a la guerre qui dechire la Syrie.<< Conscient du risque d'escalade, j'en appelle a la retenue pour eviter tout acte qui ajouterait encore a la souffrance du peuple syrien >>, a declare Antonio Guterres dans un communique, publie peu avant une reunion du Conseil de securite consacre a cette frappe.", "theme": "archive"}