{"id_art": "e37e91a71af92514789312c537e67972", "title": "RDC: Un medecin proche du Dr Mukwege abattu au Sud Kivu ", "newspaper": "lesoir", "author": [""], "date_publi": ["2017-04-18"], "content": " Colette BraeckmanLe gynecologue Gildo Byamungu Magaju a trouve la mort a la veille de Paques.Le medecin gynecologue Gildo Byamungu Magaju, proche collaborateur du Docteur Mukwege, a trouve la mort a la veille de Paques dans des circonstances qui rappellent etrangement l'attentat qui faillit couter la vie au medecin chef de Panzi en novembre 2012. En effet, alors que le Docteur Byamungu se trouvait dans l'enceinte de l'hopital de Kasonga, une structure dependant de l'hopital de Panzi, des inconnus reussirent a escalader la cloture et a penetrer dans la concession. Ils abattirent le Dr Byamungu de trois balles avant de prendre la fuite sans avoir ete rattrapes ou identifies. Grievement blesse, le Dr Byamungu fut dirige vers l'hopital d'Uvira ou, vu son etat, il fut juge plus sur de l'envoyer d'urgence au Burundi. Mais le medecin de Kasonga ne reussit pas a franchir la frontiere : les agents de securite refuserent d'ouvrir la barriere et, ayant perdu beaucoup de sang durant le transport, le Dr Byamungu ne put revenir vivant a l'hopital d'Uvira.", "theme": "archive"}