{"id_art": "11a1bcd07fa5bf20d24ffbcfa3e11b6d", "title": "Minutes de silenceet de bruit ", "newspaper": "lesoir", "author": ["marc metdepenningen"], "date_publi": ["2017-04-16"], "content": " Minutes de silenceet de bruit Marc Metdepenningen Minutes de silenceet de bruitLes ceremonies d'hommage aux victimes des attentats, auxquelles assisteront le Roi et la reine, se derouleront mercredi 22 mars. Le gouvernement sera represente principalement par le Premier ministre Charles Michel et les vice-Premier. Les ministres-presidents des Communautes et Regions seront egalement presents de meme que des ambassadeurs de pays frappes par le terrorisme ou les CEO de l'aeroport et de la Stib.A l'aeroport, la ceremonie debutera a 7 h 40 devant le terminal. Une minute de silence sera observee a 7 h 58, heure de la double explosion.(c) Rossel & Cie - 2018 -- Conditions generales de ventes -- Droits de reproduction -- Protection de la vie privee - droit a l'oubli ", "theme": "archive"}