{"id_art": "3895da691c84061a3bdf6774ba260911", "title": "Trump et Cie debarquent a Bruxelles: un sacre defi securitaire et logistique ", "newspaper": "lesoir", "author": ["philippe regnier"], "date_publi": ["2017-05-02"], "content": " Philippe Regnier donald trump Le prochain sommet de l'Otan, a Bruxelles le 25 mai, sera aussi une seance de presentation pour plusieurs << nouveaux venus >>, dont le president des Etats-Unis qui effectuera sa premiere visite a l'etranger. Le Premier ministre Charles Michel et le secretaire general de l'Otan Jens Stoltenberg ont fait le point sur l'organisation, ce mardi au Palais d'Egmont. On entre dans la derniere ligne droite avant le... << cauchemar >> securitaire et logistique du prochain sommet de l'Otan, prevu a Bruxelles le 25 mai, jeudi de l'Ascension. Le Premier ministre Charles Michel et le secretaire general de l'Alliance atlantique Jens Stoltenberg ont passe mardi matin en revue l'organisation de la reunion. Celle-ci verra l'imposant Air Force One de Donald Trump se poser pour la premiere fois en Belgique - et meme, pour la premiere fois, a l'etranger.", "theme": "archive"}