{"id_art": "e7b68c8da1c0d40ac0ed93bb2fcc63fd", "title": "Attentat de Stockholm: le suspect etait connu des services de renseignement ", "newspaper": "lesoir", "author": [""], "date_publi": ["2017-04-08"], "content": "La police a confirme qu'il s'agit d'un Ouzbek de 39 ans. Le suspect de l'attentat au camion-belier qui a fait quatre morts vendredi a Stockholm est un Ouzbek de 39 ans connu des services de renseignement, ont annonce les autorites suedoises samedi.<<C'est un homme de 39 ans d'Ouzbekistan>>, a declare lors d'une conference de presse le responsable de la police suedoise, Dan Eliasson, au sujet d'un homme arrete et place en garde a vue apres l'attaque. L'individu etait connu des services de renseignement, a precise un responsable de ces derniers, Anders Thornberg. <<Il a fait surface dans notre collecte de renseignement dans le passe>>, a-t-il dit lors de la meme conference de presse, sans indiquer pour quels faits. La \"deradicalisation\" est une utopie. Mettre hors d'etat de nuire ces merdes doit etre une vraie priorite. Quel qu'en soient les moyens ! \"Le conducteur etait-il un << returnee >> ou un << homegrown fighter >> ? A moins qu'il s'agisse d'un individu instable sur le plan psychologique ?\" Serieusement, un individu stable sur le plan psychologique peut-il commettre de pareils attentats ? Cette hypothese est forcement incluse dans les deux premieres. Ce n'est plus la peine de nous la proposer. ", "theme": "archive"}