{"id_art": "56c1a3cf21bb7483c16dfbf60faf8c39", "title": "Attaque terroriste: Londres reste une cible privilegiee ", "newspaper": "lesoir", "author": [], "date_publi": [], "content": " AMANDINE ALEXANDRE et Ludivine PonciauLes mesures antiterroristes ont ete considerablement revues a la hausse au Royaume-Uni. Mais cette augmentation correspond a l'aggravation de la menace. Cela signifie qu'un attentat peut se produire a n'importe quel moment. << L a question n'est pas de savoir si un attentat va avoir lieu, mais quand il va avoir lieu. >> La mise en garde date du 31 juillet dernier. Elle avait ete publiee par Bernard Hogan-Howe, alors patron de la Metropolitan police, dans les colonnes du Sunday Mail . Depuis, de nombreux avertissements ont ete adresses aux Britanniques.", "theme": "archive"}