{"id_art": "6704b77b7f49381e513374268a8290a0", "title": "Christine Defraigne, la liberale qui ose defier la ligne du parti ", "newspaper": "lesoir", "author": ["martine dubuisson"], "date_publi": ["2018-01-30"], "content": " Martine Dubuisson Portrait d'une femme politique a la parole libre, mais qui s'est mise en porte-a-faux vis-a-vis des instances du parti. Qui, aussi, n'a pas ete << recompensee >> comme d'autres pour son soutien a Charles Michel durant la lutte des clans au MR. Lorsque la coalition suedoise est sur le point de voir le jour a l'automne 2014, le nom de Christine Defraigne apparait sur toutes les listes de nomines. Certains recitent meme son nom cet ete, quand le CDH lache le PS et ouvre la porte du gouvernement wallon au MR. Mais la Liegeoise n'est pas adoubee ministre par son parti, par son chef Charles Michel en fait. Depuis octobre 2014, elle tente de faire vivre l'institution senatoriale depuis la presidence, malgre les velleites de la N-VA de la faire disparaitre - elle traine son ennui au perchoir, disent plutot ceux qui la connaissent. Que fait encore Christine Defraigne dans un parti qui n'a plus de liberal que le nom? Le MR est un parti d'avocats, mais que fait Christine Defraigne dans cette galere ?... ", "theme": "archive"}