{"id_art": "732e664794b0b7d0ed233e6829fd5360", "title": "Perquisitions au siege du groupe GBL d'Albert Frere ", "newspaper": "lesoir", "author": [], "date_publi": [], "content": " B.J. (avec afp) Des perquisitions dans les bureaux du holding GBL, detenu par le financier Albert Frere : l'affaire a de quoi susciter l'emoi dans Landerneau. D'autant qu'elle s'inscrit dans le cadre d'un dossier de financement du terrorisme et que le parquet federal confirme avoir saisi, dans le cadre de ces perquisitions menees ce mardi, des documents et du materiel informatique, sans pour autant avoir procede en l'etat a des auditions ou des interpellations. ", "theme": "archive"}