{"id_art": "44d81ce57e3810117232103f37e793ac", "title": "Des technologies ", "newspaper": "lesoir", "author": [""], "date_publi": ["2018-01-23"], "content": " Des technologies Ludivine PonciauDes technologiesDepuis quelques mois deja, les policiers peuvent compter sur le << bouclier >> ANPR. Il s'agit d'un reseau de cameras de surveillance et de lecteurs de plaques d'immatriculation. Ces espions intelligents fleurissent dans les aeroports, les gares et dans les zones de police locales.(c) Rossel & Cie - 2018 -- Conditions generales de ventes -- Droits de reproduction -- Protection de la vie privee - droit a l'oubli ", "theme": "archive"}