{"id_art": "a1356e7e7810f9a930311b5dcfd37e88", "title": "Attentat de Stockholm: l'identite de la victime belge confirmee ", "newspaper": "lesoir", "author": [""], "date_publi": ["2017-04-10"], "content": " L.Po (avec Afp)Les trois autres personnes assassinees ce vendredi sont deux Suedois, dont une petite fille de 11 ans, et un Britannique.Il s'agit de Mailys Dereymaeker, 31 ans, originaire de Lembeek (Hal).Son identite a ete confirmee par le bourgmestre de la commune, Dirk Pieters (CD&V), qui est par ailleurs un proche des parents de cette jeune psychologe travaillant pour l'Office des Etrangers. Les trois autres personnes assassinees ce vendredi a Drottninggatan sont deux Suedois, dont une petite fille de 11 ans, et un Britannique. << Nous avons confirme les identites des personnes decedees et leurs familles ont ete informees >>, a indique un responsable de la police de Stockholm, Jan Evensson au cours d'une conference de presse. On compte egalement une quinzaine de blesses.", "theme": "archive"}