{"id_art": "250540dce4cab5b7255c37cab04b762a", "title": "Thibault de Montbrial: <<Les terroristes cherchent a profiter de la sequence electorale>> ", "newspaper": "lesoir", "author": [""], "date_publi": ["2017-04-21"], "content": " Vincent Tremolet de Villers/Le Figaroattentat aux Champs Elysees ,Election presidentielle 2017 L'avocat specialiste du terrorisme reagit a l'attaque des Champs-Elysees, jeudi soir, qui a cause la mort d'un policier. Un attentat a ete commis jeudi aux Champs-Elysees et un autre dejoue a quelques jours du premier tour... ", "theme": "archive"}