{"id_art": "2c64690e990b5e26b7946a53a68d8898", "title": "Vincent de Coorebyter sur le 22 mars : <<Nous vivons comme avant, mais nous ne pensons plus comme avant>> ", "newspaper": "lesoir", "author": [""], "date_publi": ["2017-03-18"], "content": "Le professeur de l'ULB estime que << le debat public est reste digne >> apres les attentats de Zaventem et Maelbeek du 22 mars. Mais il ne faut pas pour autant sous-estimer les crises sous-jacentes que vit notre societe. << I l faut distinguer le visible et l'invisible >> pour tenter d'etablir un diagnostic nuance des repliques provoquees dans notre societe par la secousse du 22 mars, estime le professeur de l'ULB Vincent De Coorebyter. Qu'est-ce qui vous frappe particulierement dans cette Belgique post-attentats ? Une popullation qui ne reagit plus fait le terrain du cancer. De l'exterieur tout l'air normal, mais le crabe de la haine lui avance inexorablement. voila bien un titre incomprehensible. N'y a-t-il pas une negation qui manque ?? ", "theme": "archive"}