{"id_art": "85a6048d53c50e1e19c46390c6a7b348", "title": "Moins d'alertes a la bombe ", "newspaper": "lesoir", "author": [], "date_publi": [], "content": " Moins d'alertes a la bombeMoins d'alertes a la bombeEn 2017, le Service d'enlevement et de destruction d'engins explosifs (SEDEE) de la Defense a recu 3.484 appels, dont 3.322 pour l'evacuation de restes de munitions des deux Guerres mondiales. Il convient de noter la diminution du nombre d'interventions en rapport avec le terrorisme et le grand banditisme. Ces interventions pour des alertes a la bombe ou des objets suspects sont passees de 207 en 2016 a 162 l'annee derniere. Ce chiffre atteint a nouveau progressivement le niveau d'avant les attentats. (F.De.)Des comptes en deficitLe Samusocial de Bruxelles a cloture ses comptes de l'annee 2016 avec un deficit d'1,550 million d'euros, dont 800.000 euros de dettes a l'Office national de securite sociale (ONSS). Ces dettes sont en augmentation constante depuis 2013, a indique lundi le quotidien La Capitale.(c) Rossel & Cie - 2018 -- Conditions generales de ventes -- Droits de reproduction -- Protection de la vie privee - droit a l'oubli ", "theme": "archive"}