{"id_art": "0ff8ffc06a01a96d1980eef571cb244d", "title": "Francken s'offre une polemique sur les emeutes ", "newspaper": "lesoir", "author": [], "date_publi": [], "content": " Francken s'offre une polemique sur les emeutes Pascal Lorent Elle serait chargee d'accompagner la police lors d'incidents tels que ceux de ce samedia Bruxelles.L'opposition francophone criea l'amalgame entre migrants et delinquance.Le MR rejette le projet.Ne dites pas que c'est une << police des etrangers >> ; ce n'est pas cela du tout >>. La porte-parole de Theo Francken (N-VA) apporte un demi-dementi apres la repercussion de la depeche Belga sur les sites internet francophones. Non, le secretaire d'Etat n'a pas annonce la creation d'une << police >> au sein de l'Office des etrangers. Mais bien d'une << fast team >>. Soit une equipe chargee de seconder la police en cas d'incidents et, si les personnes arretees sont << en sejour illegal ou legal, de les placer en centre de detention en vue de leur expulsion >>. Une definition un peu plus precise que celle rapportee le matin apres les echanges en commission, ou il etait question << d'intervenir rapidement avec la police >>.Un projet presente oralement et qui, sur le fond, a suscite pas mal de reactions.(c) Rossel & Cie - 2018 -- Conditions generales de ventes -- Droits de reproduction -- Protection de la vie privee - droit a l'oubli ", "theme": "archive"}