{"id_art": "a917c95ec8e73e440ba08b84aa8bfd37", "title": "La Russie utilise des images de jeux video pour accuser les USA de soutien a Daech ", "newspaper": "lesoir", "author": [], "date_publi": [], "content": "Les images auraient ete prises le 09 novembre a la frontiere irako-syrienne.L'armee russe a devoile ce mardi des images qualifiees de << preuves irrefutables >> que les USA << couvrent >> le groupe Etat islamique. Rapidement partagees sur la Toile, des activistes et utilisateurs des reseaux sociaux ont reconnu ces images comme des captures d'ecran d'un jeu video.C'est via ses comptes officiels sur Twitter et Facebook en plus d'un communique que le ministere de la Defense a publie des images aeriennes en noir et blanc prises selon la Russie a la frontiere irako-syrienne la nuit du 09 novembre.Selon les autorites russes, ces images fournissent << la confirmation irrefutable que les Etats-Unis, tout en simulant pour la communaute internationale une lutte implacable contre le terrorisme, assurent une couverture a des unites de l'Etat islamique >>.C'etait sans compter la reactivite et l'oeil avise de l'ONG Conflict Intelligence Team (CIT). Suivi par de nombreux internautes, l'ONG n'a pas tarde a faire le rapprochement entre ces images et le jeu video << AC-130 Gunship Simulator : Special Ops Squadron >>.Selon la meme ONG, certaines autres images viennent d'une video diffusee par le ministre de l'Interieur irakien en 2016 et montrant des bombardements de djihadistes par son aviation.Une << erreur >>Les images mises en cause ont ete rapidement supprimees par l'armee russe qui a immediatement assure a l'agence publique RIA-Novosti qu'il s'agissait d'une << erreur >> de la part d'un employe civil.L'armee americaine s'est amusee de l'incident, en dementant categoriquement les accusations de Moscou. << Les communiques du ministere russe de la Defense sont a peu pres aussi exacts que leurs frappes aeriennes >> a plaisante le colonel Ryan Dillon, porte-parole de la coalition internationale anti-djihadiste dirigee par les Etats-Unis. << Je pense que c'est une des raisons pour lesquelles ils se sont lances dans ce nouveau barrage de mensonges : ils subissent des reculs >> en Syrie a-t-il ajoute au cours d'une teleconference avec le Pentagone, faisant allusion notamment aux 60 victimes civiles du bombardement d'un marche dans la region d'Alep.Evoquant l'image tiree du jeu video, le colonel Dillon a estime que l'incident etait << conforme a ce que nous voyons sortir du ministere russe de la Defense : c'est sans fondement, inexact et completement faux >>. L'armee russe, qui intervient en Syrie en soutien au regime de Bachar al-Assad a plusieurs fois accuse Washington de faire le jeu de l'EI en Syrie, l'accusant en octobre de<< faire semblant >> de combattre les djihadistes afin de<< compliquer >> l'avancee des troupes gouvernementales.En juin, plusieurs medias avaient deja affirme que Vladimir Poutine avait montre a Oliver Stone une video presentee comme l'aviation russe bombardant la Syrie alors qu'il s'agissait de frappes americaines en Afghanistan datant de 2013. Le Kremlin avait alors dementi. (c) Rossel & Cie - 2018 Conditions generales de vente - Droits de reproduction - Protection de la vie privee - Droit a l'oubli ", "theme": "archive"}