{"id_art": "0006dd7fc121231e341d14c850f4baa0", "title": "De Franquin a Puertolas, le livre a la cote aupres des producteurs de cinema ", "newspaper": "lesoir", "author": ["jean claude"], "date_publi": ["2018-01-13"], "content": " Jean-Claude Vantroyen Cette annee, une vingtaine d'adaptations litteraires sont attendues sur le grand et le petit ecran. Un phenomene qui ne fait que croitre. Le 14 fevrier, nos ecrans diffuseront Le 15 h 17 pour Paris. Un film de Clint Eastwood qui raconte l'histoire de l'attentat manque du Thalys, le 21 aout 2015. Les trois protagonistes de l'affaire, qui avaient arrete un terroriste en puissance, Spencer Stone, Alek Skarlatos et Anthony Sadler, interpretent leur propre role. Ce film est tire du recit ecrit par les trois Americains, qui va sortir le 31 janvier aux editions de l'Archipel.Un film tire d'un livre. Il ne sera pas le seul cette annee. On en prevoit bien une vingtaine. Parmi lesquels, Le collier rouge, de Jean Becker, issu du roman du meme nom de Jean-Christophe Rufin ; Croc-Blanc, une nouvelle version en animation, d'apres le roman de Jack London ; ", "theme": "archive"}