{"id_art": "bf553fda4e7b56d2017782fed39eb3e4", "title": "A Orly, un Belgacem entre Coran et cocaine, braquages et alcool ", "newspaper": "lesoir", "author": [], "date_publi": [], "content": " A Orly, un Belgacem entre Coran et cocaine, braquages et alcool Alain Lallemand L'homme abattusamedi a Orly etaitdepuis vingt ansun delinquant de droit commun.Il s'est radicaliseen purgeant sa deuxieme longue peine de prison.Orly Sud, samedi matin: si la crise n'a dure que deux a trois minutes, l'alerte policiere a ete maximale. CHRISTOPHE PETIT TESSON/EPA.Mon fils n'a jamais ete un terroriste. Il ne priait jamais et il buvait. Et on ne sait jamais ce qui peut arriver quand on est sous influence d'alcool ou de cannabis... >> Ces mots sont ceux prononces ce dimanche a la sortie du commissariat par le propre pere du forcene d'Orly. Ils resument le parcours d'autodestruction dans lequel s'est engouffre le Francais d'origine tunisienne Ziyed Ben Belgacem, 39 ans, abattu samedi matin a l'aeroport d'Orly apres avoir tente de voler l'arme d'une militaire de l'operation Sentinelle. Et effectivement, dimanche soir, on apprenait de source judiciaire que << l'homme etait sous l'emprise de l'alcool et de stupefiants >>.(c) Rossel & Cie - 2018 -- Conditions generales de ventes -- Droits de reproduction -- Protection de la vie privee - droit a l'oubli ", "theme": "archive"}