{"id_art": "4c81591209cd8ac6677f5c8a6c7c3a00", "title": "Les tunnels de Gaza ont ete minimises ", "newspaper": "lesoir", "author": [], "date_publi": [], "content": " Les tunnels de Gaza ont ete minimises Serge Dumont Selon le Controleurde l'Etat, l'armee etait mal prepareea la menace << strategique >>des tunnels du Hamas.Le rapport revisite l'operation << Bordure protectrice >> danssa dimension non pas operationnelle mais politique.Un milicien palestinien a l'entrainement a la sortie d'un tunnel de Rafah, au sud de la bande de Gaza: une <<menace strategique>> que le Premier ministre israelien Binyamin Netanyahou a largement sous-estimee. Reuters, AFP.Plus qu'un camouflet, c'est un coup de massue que vient d'infliger le Controleur de l'Etat, Yossef Shapira, a Binyamin Netanyahou ainsi qu'a ses ministres les plus importants participant aux reunions du cabinet restreint de la securite. Equivalent israelien de la Cour des comptes mais avec plus de moyens et de competences, ce haut magistrat publie en effet regulierement des rapports sur les dysfonctionnements des administrations locales et nationales, du complexe militaro-industriel, ainsi que du gouvernement.Le dernier en date a ete rendu public ce mardi et il traite de l'operation << Bordure protectrice >>, la guerre de cinquante jours entre Israel et les organisations palestiniennes de Gaza, declenchee durant l'ete 2014 suite a l'enlevement de trois jeunes Israeliens par des militants islamistes d'Hebron (Cisjordanie).(c) Rossel & Cie - 2018 -- Conditions generales de ventes -- Droits de reproduction -- Protection de la vie privee - droit a l'oubli ", "theme": "archive"}