{"id_art": "b260ae48e830e3d0b8094f42d800ea6d", "title": "22 mars, un an apres: <<C'est le present qui prime>> ", "newspaper": "lesoir", "author": [""], "date_publi": ["2017-03-10", "2017-03-11"], "content": "Presente dans la rame de metro ou Khalid El Bakraoui s'est fait exploser, a hauteur de la station Maelbeek, Claire Gochet, 63 ans a ete gravement blessee et en gardera de nombreuses sequelles a vie. Pourtant, elle reste d'un optimisme extraordinaire. Derriere ses epaisses lunettes fumees, Claire, 63 ans, irradie de lumiere, celle de la resilience. Et malgre sa silhouette frele, elle degage une energie hors du commun. Son parcours, pourtant, aurait pu - aurait du - eteindre cette Auderghemoise, ancienne kinesitherapeute et professeure d'education physique. Des soucis articulaires la menent a devenir bibliothecaire. Elle le restera durant 20 ans. Mais son amour des livres est contrarie par une sclerodermie, maladie auto-immune qui altere sa vue. Qu'a cela ne tienne : elle se met au service de la Ligue Braille et vit chichement d'une petite allocation de handicapee.", "theme": "archive"}