{"id_art": "ceb579c35ec3dc3d2a3cb0e914497c98", "title": "Hassan Rohani est le favori de l'election presidentielle en Iran ", "newspaper": "lesoir", "author": ["baudouin loos"], "date_publi": ["2017-05-18"], "content": " Baudouin Loos Le president sortant espere etre reconduit pour quatre ans. Son bilan economique est mitige, mauvais en matiere de droits de l'homme. Mais il pourrait etre mieux percu par la population que ses opposants. Hassan Rohani, president de la Republique islamique d'Iran, sera-t-il reelu ce vendredi, ou devra-t-on attendre le verdict d'un duel de second tour qui serait organise une semaine plus tard si aucun candidat n'obtient 50 % des suffrages ?Le president sortant, reformateur de son etat, part favori, mais le candidat conservateur, le religieux Ebrahim Raissi, appuye par le << systeme >>, n'a peut-etre pas dit son dernier mot. Les trois autres candidats ne devraient faire que de la figuration.Au sein des tres complexes institutions iraniennes, le president de la Republique ne jouit pas de tous les pouvoirs, tant s'en faut, mais il joue un role neanmoins important a defaut d'etre decisif, comme c'est en revanche le cas du << guide >> non elu au suffrage universel, Ali Khamenei.", "theme": "archive"}