{"id_art": "e65574a40b1a0a9ca47867150f35df51", "title": "Le profilage predictif s'etend a toute la police ", "newspaper": "lesoir", "author": [""], "date_publi": ["2017-04-30"], "content": " Ludivine PonciauPres de 200 policiers de terrain, formes a la detection de comportements deviants (BDO), sont en poste dans les aeroports et les gares. La technique, destinee a reperer les terroristes, est enseignee a l'ecole de police. En novembre dernier, le gouvernement federal devoilait son nouveau plan de securite pour Zaventem. Huit mois apres les attentats, les tentes de prescreening plantees devant le hall des departs allaient enfin s'envoler pour faire place a plus de technologie et de moyens humains. Dans la foulee, on apprenait qu'un tiers de la police aeroportuaire avait recu la formation << BDO >>.BDO pour Behaviour Detection Officer : trois lettres qui en disent finalement peu sur cette technique de profilage - que des pays confrontes au terrorisme comme les Etats-Unis ou Israel ont integree depuis belle lurette dans de leur arsenal securitaire - a laquelle pres de 200 policiers belges sont aujourd'hui formes. Une soixantaine de formateurs certifies sont aussi habilites a dispenser cette discipline.", "theme": "archive"}