{"id_art": "fbaa7375294c747af1983040a39e1f2c", "title": "Attentat a Stockholm: une bombe aurait ete retrouvee a bord du camion ", "newspaper": "lesoir", "author": [""], "date_publi": ["2017-04-08"], "content": " AFPLa police n'a pas souhaite confirmer cette information. La police suedoise aurait retrouve une bombe artisanale dans le camion vole qui a servi a l'attaque survenue dans le centre de Stockholm vendredi, a indique samedi la television suedoise SVT sur base de sources anonymes. L'explosif qui se trouvait dans un sac n'a pas explose.La porte-parole de la police Lars Bystrom n'a pas souhaite confirmer l'information. << Nous ne faisons jamais de commentaires sur ce que nous saisissons >>, a-t-elle declare a l'agence de presse allemande DPA.", "theme": "archive"}