{"id_art": "70172902e093bcfb73c1f0c4bf5f176d", "title": "Syrie: Damas exige la condamnation du terrorisme a Geneve ", "newspaper": "lesoir", "author": [], "date_publi": [], "content": " Syrie: Damas exige la condamnation du terrorisme a Geneve Le representant du regime de Damas aux pourparlers sur la Syrie a Geneve a exige samedi que l'ONU et l'opposition condamnent le terrorisme, apres l'attentat meurtrier contre les services de renseignement syriens a Homs (centre). << Nous avons demande a Staffan de Mistura (emissaire de l'ONU) de faire une declaration pour condamner les attaques de Homs. Nous reclamons la meme declaration de la part de tous les participants au processus de Geneve (opposition) >>, a declare le chef de la delegation du regime Bachar al-Jaafari.<< Si une partie refuse de condamner le terrorisme, cela voudra dire qu'elle est complice >>, a-t-il lance a l'issue d'un entretien avec M. de Mistura. << Aujourd'hui, nous attendons de l'opposition qu'elle condamne le terrorisme >>, a-t-il martele, ajoutant qu'il s'agissait d'un << test >> et que << la priorite numero 1 a Geneve >> etait de parler de terrorisme. (c) Rossel & Cie - 2018 Conditions generales de vente - Droits de reproduction - Protection de la vie privee - Droit a l'oubli ", "theme": "archive"}