{"id_art": "4b82c430d27c336fca5605fb93ef4691", "title": "Michel Visart (RTBF) prend sa retraite ", "newspaper": "lesoir", "author": [""], "date_publi": ["2017-04-07"], "content": "Pres de trente ans apres avoir commence sa collaboration avec la RTBF, le journaliste economique met fin a sa carriere. Le journaliste specialiste de l'economie Michel Visart va prendre sa retraite. Il a presente la rubrique Eco Matin pour la derniere fois ce vendredi sur La Premiere. Il a commence a collaborer avec la RTBF il y a pres de trente ans, avant d'integrer la cellule economique de la redaction radio il y a quinze ans. Un homme immense dont nous aurions bien eu besoin pour nous eclairer dans la tourmente economique et geo politique qui nous emporte (Brexit + Trump + etc ...) Un homme de grande valeur ! ", "theme": "archive"}