{"id_art": "fe7385f693485b2f77f6e5f3bdb45457", "title": "au QG de MacronUn triomphe de rock star ", "newspaper": "lesoir", "author": [""], "date_publi": ["2017-04-24"], "content": " au QG de MacronUn triomphe de rock starDe notre correspondantMacron, president !, Macron, president ! >> Les premieres estimations viennent de s'afficher sur les ecrans geants du quartier general d'Emmanuel Macron, Porte de Versailles a Paris. Le candidat du mouvement En Marche figure en tete. Sa presence au second tour est assuree. Avec un joli score. Une vague de joie - un tsunami plutot - deferle sur la Halle 5 du Palais des Expositions. Un homme bondit en hurlant. C'est l'ecrivain et academicien Eric Orsenna qui est au comble du bonheur : << C'est formidable, merveilleux. Quelle lecon ! >>Une foret de drapeaux francais et europeens s'agite en tous sens. Francais ET europeens car chez Macron, pas question de separer l'un de l'autre. On y est franchement, ouvertement, carrement europhiles, sans aucun complexe. Et << La Marseillaise >> reprise par la foule semble avoir perdu ses accents guerriers.(c) Rossel & Cie - 2018 -- Conditions generales de ventes -- Droits de reproduction -- Protection de la vie privee - droit a l'oubli ", "theme": "archive"}