{"id_art": "851120e24be6c6fb5e87fd2976ed940f", "title": "Charles Michel defend Zuhal Demir contre la presse turque ", "newspaper": "lesoir", "author": [], "date_publi": [], "content": " BelgaUne condamnation energique et sans equivoque. Le Premier ministre Charles Michel a energiquement pris lundi la defense de sa secretaire d'Etat en charge de la Lutte contre la pauvrete et l'Egalite des chances Zuhal Demir, accusee par la presse turque de soutenir le terrorisme. Une campagne qui, selon lui, s'inscrit dans la strategie de polarisation que la Turquie mene actuellement envers l'UE. << Ces fausses accusations sont subversives et blessantes >>, a commente lundi le Premier ministre dans un communique, apres des articles parus dans la presse turque presentant Mme Demir comme un soutien au mouvement independantiste kurde PKK. Selon M. Michel, ces attaques s'inscrivent dans la campagne menee actuellement par le president Erdogan en vue du prochain referendum sur l'extension de ses pouvoirs.", "theme": "archive"}