{"id_art": "e6eac3ac02971123cb06a17c5c6771fa", "title": "Le nouveau front de Daesh, a Kaboul ", "newspaper": "lesoir", "author": [], "date_publi": [], "content": " Philippe Regnier Les djihadistes ciblent la minorite chiite : un carnage dans la capitale. Les attaques sanglantes se succedent a Kaboul, faisant de la capitale l'un des endroits les plus dangereux du pays. Plus de quarante morts, dont des femmes, des jeunes et des enfants, et plus du double de blesses, : des djihadistes se revendiquant du soi-disant << Etat islamique >> (EI), Daesh selon son acronyme arabe, ont revendique un nouveau carnage commis, tot jeudi, dans la capitale afghane. La cible etait doublement symbolique : un centre culturel chiite, ce pan de l'islam abhorre par ces terroristes, et un media attenant. << Avec des journalistes parmi les victimes (NDLR : un reporter de l'agence de presse Afghan Voice tue et deux blesses), cet acte de violence est clairement aussi une attaque contre la liberte d'expression et la democratie en Afghanistan >>, a d'ailleurs reagi le bras diplomatique de l'Union europeenne.", "theme": "archive"}