{"id_art": "a744470a36295643f50a9470dbcd9a62", "title": "La Belgique aux cotes des Britanniques pour combattre le terrorisme, reagit Charles Michel ", "newspaper": "lesoir", "author": [], "date_publi": [], "content": " La Belgique aux cotes des Britanniques pour combattre le terrorisme, reagit Charles Michel Le Premier ministre belge Charles Michel a presente mercredi, sur Twitter, ses condoleances aux Britanniques apres l'attaque qui a cause la mort de quatre personnes a Londres, dont l'assaillant et un officier de police. Le ministre des Affaires etrangeres Didier Reynders se dit egalement << choque par l'attaque terroriste de Londres qui a cause beaucoup de souffrances humaines >>, un an jour pour jour apres les attentats commis a Bruxelles. La Belgique continuera de s'impliquer au niveau international pour la lutte commune contre le terrorisme, ajoute-t-il.L'assaillant de Londres a lance sa voiture sur la foule devant le Parlement, mercredi apres-midi, avant de poignarder un policier et d'etre blesse par la police. Les services antiterroristes estiment pour le moment qu'un seul homme est implique dans l'attaque consideree comme terroriste. (c) Rossel & Cie - 2018 Conditions generales de vente - Droits de reproduction - Protection de la vie privee - Droit a l'oubli ", "theme": "archive"}