{"id_art": "bc596080d89efe6a71510096547256e4", "title": "Macron s'emporte en meeting a Arras sur le vote FN: <<Pas ca, pas ca!>> ", "newspaper": "lesoir", "author": [""], "date_publi": ["2017-04-26"], "content": " J. DyElection presidentielle 2017 ,Emmanuel Macron Apres sa visite chahutee a l'usine Whirlpool dans la Somme, Emmanuel Macron a enchaine avec un meeting dans le Pas-de-Calais, deux departements ou Marine Le Pen est arrivee en tete lors du premier tour. Apres une visite chahutee a l'usine Whirlpool, Emmanuel Macron tient un meeting dans le Pas-de-Calais a Arras, un departement ou Marine Le Pen est arrivee en tete lors du premier tour. Le candidat d'En marche ! avait programme un meeting dans la ville du Nord avant le premier tour mais il avait annule sa venue suite a l'attentat des Champs-Elysee. On, voit deja \"poindre\" les premieres \"macronnades\"(locution d'emprunt)\" .Le quasi certain ,futur president des francais, \"appert\" deja en colere ....cette derniere lui semble \"bonne conseillere\" ; mais qu'en penseraient les augures quant-au gouvernement \"consecutif\" de la France ??Mais au fait, d'ou, pourrait a ce titre \"surgirr\" , une eventuelle ,reelle colere ?? ", "theme": "archive"}