{"id_art": "ee35bd4f22161c5e108e3cb8d39a16c2", "title": "Nemmouche inculpe pour << sequestration >> ", "newspaper": "lesoir", "author": [], "date_publi": [], "content": " Nemmouche inculpe pour << sequestration >>Mehdi Nemmouche est incarcere en Belgique. D.R. Mehdi Nemmouche, poursuivi en Belgique pour l'attentat du Musee juif de Bruxelles en 2014, a ete mis en examen ce mercredi 15 novembre a Paris pour << enlevement et sequestration en bande organisee en relation avec une entreprise terroriste >>, a declare son avocat, Me Francis Vuillemin. Ce dernier a ajoute que son client ne s'est pas exprime lors de cette premiere comparution << car nous n'avons pas eu acces au dossier >>.Le djihadiste francais, transfere de Belgique en France dans la matinee, est arrive vers 10 h au palais de justice de Paris sous escorte des gendarmes pour etre presente a un juge antiterroriste. << Il est parti ce matin et il revient ce soir >>, a indique Eric Van der Sijpt, porte-parole du procureur federal belge.(c) Rossel & Cie - 2018 -- Conditions generales de ventes -- Droits de reproduction -- Protection de la vie privee - droit a l'oubli ", "theme": "archive"}