{"id_art": "ec68ae5eed84750b11d10345598f3191", "title": "A Moscou, Charles Michel brise la glace avec Dmitri Medvedev ", "newspaper": "lesoir", "author": ["philippe regnier"], "date_publi": ["2018-01-30"], "content": " Philippe Regnier La << position belge >> est << beaucoup plus aimable que celle de l'Union europeenne >>, a souligne le Premier ministre russe. Le chef du gouvernement belge veut briser l'ostracisme impose a la Russie depuis la crise ukrainienne. Des interets economiques sont en jeu mais aussi de securite, juge Michel. Belgium, dix points ! Le Premier ministre des 147 millions de Russes n'a pas manque de remercier la Belgique, mardi, une nation << plus importante que ses bons chocolats >>. Au terme d'un entretien d'une bonne heure avec son homologue belge, Dmitri Medvedev a souligne que la << position belge >> est << beaucoup plus aimable que celle de l'Union europeenne >>.Tout un symbole : outre les drapeaux russes et belges, deux drapeaux de l'UE tronaient derriere Medvedev et Michel, cote a cote pour une conference de presse donnee a Gorki, dans l'immense datcha enneigee du Premier ministre russe, a une trentaine de kilometres du centre de Moscou. Au mur de cette grande salle lambrissee trone une tapisserie : les armoiries de la Russie, recuperees de l'ancien empire : un aigle a deux tetes couronnees, l'une lorgnant vers l'Europe, l'autre vers l'Asie.", "theme": "archive"}