{"id_art": "93ee8d322545abcd105f0889d7a47cfa", "title": "Dallemagne (CDH): <<Les victimes veulent qu'on leur simplifie l'existence>> ", "newspaper": "lesoir", "author": [""], "date_publi": ["2017-03-07"], "content": " Par David CoppiLe parlementaire centriste-humaniste relaie les critiques des associations de victimes des attentats du 22 mars 2016, et relance : << Le projet de loi du gouvernement vise seulement les personnes residant en Belgique. Cette limitation est inacceptable. >> Les attentats du 22 mars 2016 a Bruxelles ont entraine une charge provisionnee de 136 millions d'euros pour les assureurs, a indique mardi Assuralia, l'Union professionnelle des entreprises d'assurances, relayee par l'agence Belga. Environ 16 millions d'euros ont deja ete verses, alors que les assureurs ont enregistre 1.361 victimes des attentats a Bruxelles, dont 1.068 pour l'attaque a l'aeroport de Zaventem et 293 a Maelbeek. La plupart (85 %) ont subi des dommages corporels, 10 % des dommages materiels et 5 % des dommages moraux. Ces dommages concernent particulierement les branches des responsabilites civiles (45 %) et des accidents de travail (43 %).", "theme": "archive"}