{"id_art": "e787863a21e07d4be291d651ce665c07", "title": "Un an apres le 22 mars, la peur est toujours la ", "newspaper": "lesoir", "author": ["corentin di"], "date_publi": ["2017-03-17"], "content": " Corentin Di Prima Attentats de Bruxelles Mardi 22 mars 2016. 7h58. Deux bombes explosent coup sur coup a l'aeroport de Zaventem, suivi d'une troisieme deflagration pres une heure plus tard a la station de metro Maelbeek a Bruxelles. Comment ces attentats ont-ils change notre vie ? Regards sur une societe de courage, de securite, de resilience, mais aussi de questionnements. Chacun se rappelle ce qu'il faisait le 22 mars 2016. Il y a ceux qui l'ont vecu de pres. Anne etait a Merode : << J'attendais le metro... J'avais \"rate\" celui qui a saute >>. Cecile habite non loin de Maelbeek. Elle devait rejoindre un ami a Madou, une station proche, quand elle a appris l'explosion. << On s'est depeches de rentrer a la maison pour se mettre a l'abri. Des gens qui etaient dans le metro qui a explose commencaient a remonter a pied dans ma rue. Il y avait surtout un monsieur, la main en sang. On l'a accueilli a la maison toute la matinee... >>, raconte-t-elle. D'autres l'ont vecu de plus loin : << J'etais a Madagascar. Seule. Avec la realite de la-bas qui faisait que je ne pouvais exprimer ni mon desarroi, ni mes peurs entretenues par l'imaginaire lie a la distance. Dur >>, se rememore Celine.", "theme": "archive"}