{"id_art": "41ab1023d2b518a193c2a26b3cf7ce90", "title": "le discours Le president endosse (enfin) le costume de sa fonction ", "newspaper": "lesoir", "author": ["maurin picard"], "date_publi": ["2017-03-02"], "content": " le discours Le president endosse (enfin) le costume de sa fonction Maurin Picard Donald Trump a-t-il troque pour de bon ses oripeaux de saltimbanque egare en politique? NEW YORKDE NOTRE CORRESPONDANTQuelques minutes avant son apparition devant le Congres des Etats-Unis, Donald Trump quittait la Maison-Blanche dans sa limousine blindee. Scene inedite, instant vole par les cameras de television : le president repetait son discours, articulant ses propos, soignant ses intonations. Determine a faire mentir tous ceux qui, depuis plus d'un mois, le jugent << indigne >> de la fonction presidentielle.(c) Rossel & Cie - 2018 -- Conditions generales de ventes -- Droits de reproduction -- Protection de la vie privee - droit a l'oubli ", "theme": "archive"}