{"id_art": "4d428e34853ea38a3a170b80f223c4df", "title": "Antiterrorisme: Jan Jambon soigne la communication belge en France ", "newspaper": "lesoir", "author": ["thomas casavecchia"], "date_publi": ["2017-03-09", "2017-03-09"], "content": " Par Thomas Casavecchia Le Ministre met en avant les efforts consentis par le gouvernement et les resultats du plan canal. Meme si, sur le terrain, les impressions sont plus contrastees. Le ministre de l'Interieur Jan Jambon, se felicitait dans les colonnes du Figaro ce mercredi des resultats de la Belgique en matiere de lutte contre le terrorisme, a l'occasion prochaine des commemorations des attentats du 22 mars. Moyens supplementaires pour la police la justice et les renseignements, les controles intensifies dans les communes ciblees par le Plan Canal. Le ministre est plutot positif quant aux efforts consentis par le Federal depuis 2015. Si ca peut nous eviter, a terme, d'avoir besoin d'un visa pour nous rendre en France et meme si c'est de l'auto-satisfaction, voire de l'enfumage : ou est le mal ? ", "theme": "archive"}