{"id_art": "63e3b8a7937a9f933bff7dec9cf8aaac", "title": "Les bonbonnes de gazn'etaient pas suspectes ", "newspaper": "lesoir", "author": ["marc metdepenningen"], "date_publi": ["2017-03-04"], "content": " Les bonbonnes de gazn'etaient pas suspectes Marc Metdepenningen Le radicalisede la Porte de Hal a pu justifier la presencede bonbonnes de gaz dans sa camionnette.Il a ete libere vendredi.Les demineurs avaient force les portes de la camionnette contenant du materiel de chantier et deux bonbonnes de gaz. Majid A., le conducteur de la camionnette a bord de laquelle avaient ete decouvertes jeudi a hauteur de la porte de Hal (Saint-Gilles) deux bonbonnes de gaz considerees comme suspectes, a finalement ete remis en liberte vendredi apres-midi. Il soutenait avoir achete ces bouteilles de gaz (l'une etait vide) pour un usage domestique. Les verifications menees a son domicile, ou se trouvait une cuisiniere alimentee par une bonbonne de gaz, ont confirme sa version des faits.(c) Rossel & Cie - 2018 -- Conditions generales de ventes -- Droits de reproduction -- Protection de la vie privee - droit a l'oubli ", "theme": "archive"}