{"id_art": "6b25de60f5e052c2c33cec0dfed541ca", "title": "Diane Kruger: <<Je melangeais ma vie avec celle des victimes>> ", "newspaper": "lesoir", "author": ["fabienne bradfer"], "date_publi": ["2018-01-16"], "content": " Fabienne Bradfer Prix d'interpretation a Cannes pour << In the fade >>, la plus francaise des actrices allemandes a trouve la le role qui a transforme sa vie, celui d'une jeune femme qui perd mari et enfant dans un attentat. Elle fait confiance au temps, convaincue que le meilleur est a venir. Depuis Paris En ce moment, Diane Kruger fait la joie de la presse people comme de la presse specialisee en cinema. Motif : d'un cote, elle a officialise sa relation avec Norman Reedus, connu pour camper Daryl dans la serie << The Walking Dead >>, par un baiser sur le tapis rouge des Golden Globes puis des Critics' Choice Awards ; d'autre part, elle est a l'affiche de In the Fade, de Fatih Akin, qui lui valut a juste titre le Prix d'interpretation a Cannes. A 41 ans, la plus francaise des actrices allemandes a trouve un role charniere, celui qui transforme une vie. Elle l'avoue, elle n'est pas sortie indemne de ce tournage, l'histoire violente et bouleversante d'une femme qui perd son mari et son fils dans un attentat.", "theme": "archive"}