{"id_art": "273156ef39ce038bbbb525d6e2c0844c", "title": "Salah Abdeslam ne veut que le silence pour defense ", "newspaper": "lesoir", "author": [], "date_publi": [], "content": " Marc Metdepenningen Proces Salah Abdeslam On saura ce jeudi si son avocat plaidera. Deux jours apres son ouverture, lundi, sous de massives mesures de securite maintenues depuis au palais de Justice de Bruxelles, le proces intente a Salah Abdeslam et Sofien Ayari, les deux terroristes poursuivis pour la fusillade de la rue du Dries reprend (et se termine) ce jeudi. Deux audiences auront donc suffi a vider cet evenement declencheur des attentats de Bruxelles et prolongement de ceux de Paris. Une sorte << d'intermede >> ultraviolent que tant Paris que Bruxelles s'etaient refuse a joindre aux proces a mener sur ces deux campagnes d'attentats. Meme si Salah Abdeslam avait consenti a repondre a son interrogatoire, il semble que les quatre jours reserves a ce proces auraient ete excessifs.", "theme": "archive"}