{"id_art": "0238fab80d7011ffe4fb649d7be560da", "title": "Le travail des policiers simplifie ", "newspaper": "lesoir", "author": [""], "date_publi": ["2018-01-23"], "content": " Ludivine PonciauDepuis 2015, le travail des forces de l'ordre colle davantage a la menace terroriste. Arsenal legislatif Depuis 2015, le gouvernement a pris toute une serie de mesures (12 en 2015, 18 en 2016 et 28 en 2017) destinees a faciliter le travail de la police dans la lutte contre le terrorisme. << Des le debut, on a pu beneficier de fonds qui ont ete debloques >>, estime Guy Theyskens, porte-parole de la police federale. << Par ailleurs, l'evolution de la loi antiterrorisme a permis d'eriger en infraction certaines actions, comme le fait de quitter le territoire. >> Sont aussi citees comme des avancees significatives : l'assouplissement des regles en matiere d'ecoutes telephoniques, l'intensification de la lutte contre le trafic d'armes et la possibilite de perquisitionner durant la nuit. Mais aussi la possibilite de pouvoir garder un suspect plus longtemps en detention en vertu de l'allongement du delai de la garde a vue, passe de 24 a 48 heures. ", "theme": "archive"}