{"id_art": "412c30fb58621ca566a5d010020ab31c", "title": "60 ans apres le Traite de Rome, 69% des Belges decus par le projet europeen ", "newspaper": "lesoir", "author": [""], "date_publi": ["2017-03-24"], "content": " Mathilde Poncet (St.)Traite de Rome Montee des populismes, du terrorisme, crise migratoire...Le contexte europeen inquiete mais pour beaucoup de pays non europeens l'Europe apparait comme un bloc solide, un constat qui se degrade lorsque l'on interroge ceux qui sont directement concernes. Selon un sondage IPSOS effectue dans 25 pays a travers le monde dont 9 pays europeens, la Belgique, la France, l'Italie, la Grande Bretagne, la Pologne, l'Espagne, la Suede, 6 personnes sur dix estiment que l'Europe est sur une mauvaise pente. C'est en Belgique que la proportion de decus est la plus importante avec 69% des personnes interrogees contre 45% en Allemagne. <<Ce qui est le plus notable >> signale Jean-Michel Lebrun, responsable IPSOS <<c'est que les resultats les plus critiques envers les accomplissements europeens emanent de 3 des 6 pays fondateurs, la France, l'Italie et la Belgique >>. Un constat alarmant au vu du calendrier electoral de 2017 : << ce mecontentement pourrait jouer un role dans l'issue du scrutin en France et en Italie, et avoir un impact majeur sur l'avenir du projet europeen >>. ", "theme": "archive"}