{"id_art": "24a33dc0747fb01083cad71029c899ac", "title": "Une quatrieme victime decede ", "newspaper": "lesoir", "author": [""], "date_publi": ["2017-03-24"], "content": " Une quatrieme victime decedeUne quatrieme victime decedeUn homme blesse dans l'attaque de mercredi a succombe a ses blessures jeudi, portant le nombre de morts dans l'attaque a quatre.(afp) L'Ecosse reporte le vote surle referendumLe vote sur le referendum d'independance de l'Ecosse au Parlement regional a ete reporte a mardi, en raison de l'attentat a Londres. Les deputes ecossais devaient voter mercredi pour autoriser la Premiere ministre ecossaise Nicola Sturgeon a demander a Londres un referendum d'independance en raison du Brexit. Mais la seance a ete suspendue en signe de solidarite peu apres l'attentat a Westminster. (b)Bruxelles ouvre un registrede condoleancesLa Ville de Bruxelles a ouvert un registre de condoleances a l'accueil de l'Hotel de Ville pour permettre au public de transmettre ses messages de soutien a l'egard des victimes de l'attentat commis mercredi a Londres.(c) Rossel & Cie - 2018 -- Conditions generales de ventes -- Droits de reproduction -- Protection de la vie privee - droit a l'oubli ", "theme": "archive"}