{"id_art": "911478b1a3187ff69151c26e3f992afb", "title": "Prix Caecilia : un palmares exemplaire ", "newspaper": "lesoir", "author": ["serge martin"], "date_publi": ["2017-04-03"], "content": " Prix Caecilia : un palmares exemplaire Serge Martin L'oreille de Melanie est le prix special. La qualite et l'eclectisme de la selection font de l'ecoute de ce CD un moment de bonheur indicible. Les Prix Caecilia recompensent les meilleurs enregistrements de l'annee et, bon an, mal an, offrent un diagnostic assez clair de l'evolution du marche discographique.Cette annee encore, la balance entre les grandes majors et les plus petits editeurs penche une fois de plus en faveur de ces derniers : trois prix pour les premiers (Vertigo du sensationnel claveciniste francais Jean Rondeau et les sonates de Mozart par Fazil Say chez Warner/Erato et un programme Connesson par Deneve et le Brufi chez DG) et sept pour les seconds dont deux pour Harmonia Mundi (la Schone Magelone de Brahms par Goerner et Eschenbach et le recital Wolf de Sophie Karthauser), quatre pour le seul groupe Outhere (Bertali par les Scherzi Musicali, Beethoven par Libeer/Gatto, Brahms par le Belcea et Fellner et Bach par Reinoud Van Mechelen) qui confirme l'excellence de sa programmation.(c) Rossel & Cie - 2018 -- Conditions generales de ventes -- Droits de reproduction -- Protection de la vie privee - droit a l'oubli ", "theme": "archive"}