{"id_art": "99f3aacf6ff663dbf877c3a93dcddbb3", "title": "Immigration, Obamacare, Otan: le grand oral de Trump au Congres ", "newspaper": "lesoir", "author": [], "date_publi": [], "content": " Immigration, Obamacare, Otan: le grand oral de Trump au Congres AFP L'accueil du Congres etait assez mitige : acclame par les Republicains, le president americain a ete, au contraire, hue par les Democrates. (c) Reporters/Abaca (c) Reporters/Abaca Son epouse, Melania, ainsi que sa fille, Ivanka etaient presentes. (c) AFP (c) PhotoNews Donald Trump a salue mardi lors de sa premiere allocution face au Congres l'emergence d'une << nouvelle fierte nationale >> a travers les Etats-Unis, promettant plus de fermete sur l'immigration, synonyme, selon lui, de securite et d'emploi.Rompant avec la tradition, les democrates ont reserve un accueil glacial au president, la plupart restant assis dans leurs sieges, le visage ferme, les bras croises. Les elus democrates ont doucement hue le mur mexicain, et ri ostensiblement lorsque Donald Trump s'est felicite d'avoir commence a << assecher le marigot >> de la capitale en luttant contre les conflits d'interets. Voir la video sur mobile L'autre moitie des elus, les republicains, applaudissaient a tout rompre et multipliaient les ovations a la mention des grands projets de la presidence Trump : construction d'oleoducs, erection du mur a la frontiere mexicaine, la lutte contre le << terrorisme islamique radical >>, ou tout simplement la mention du slogan de campagne, << rendre a l'Amerique sa grandeur >>. (c) Reporters/Abaca Loin de la tonalite tres sombre de son discours d'investiture, le 45e president des Etats-Unis a decline sur un registre plus presidentiel qu'a l'habitude ses priorites pour donner corps a un engagement central : << Donner la priorite aux Americains >>. << Un nouveau chapitre de la grandeur americaine debute >>, a-t-il affirme dans l'hemicycle de la Chambre des representants au Capitole, ou siegeaient egalement senateurs, ministres et juges de la Cour supreme. << Nous assistons au renouveau de l'esprit americain >>.Profitant de cette occasion solennelle de redonner une coherence a son action apres un premier mois chaotique au pouvoir, Donald Trump a longuement promis une extreme fermete aux frontieres, l'un de ses principaux themes de campagne, rappelant son intention de construire << un grand, grand mur >>. Voir la video sur mobile << En appliquant enfin nos lois sur l'immigration, nous augmenterons les salaires, aiderons les chomeurs, economiserons des milliards de dollars et renforcerons la securite de nos communautes >>, a-t-il lance.Sans aborder directement la question de la regularisation des sans-papiers, il a propose d'abandonner le systeme actuel d'adopter a la place << un systeme base sur le merite >>. << Ceux qui veulent entrer dans un pays doivent etre capables de subvenir financierement eux-memes a leurs besoins >>, a-t-il estime. (c) Reporters/Abaca Afin d'illustrer sa ligne dure contre l'immigration clandestine, Donald Trump avait invite deux veuves de policiers californiens tues en 2014 par un clandestin. Il a par ailleurs annonce la creation d'un bureau pour << les victimes des crimes de l'immigration >>, nomme << Voice >>. << Nous donnons une voix a ceux qui sont ignores par les medias et reduits au silence par les interets particuliers >>, a-t-il explique.La signature d'un nouveau decret sur l'immigration apres l'echec du premier qui a ete bloque par la justice, pourrait d'ailleurs intervenir des mercredi. Son epouse, Melania, ainsi que sa fille, Ivanka etaient presentes. (c) AFP Les republicains, pour la premiere fois depuis 2006, controlent a la fois la Maison Blanche et le Congres, et leur feuille de route est remplie. Mais la majorite et le president ne voient pas tout du meme oeil, particulierement sur le remplacement de la reforme de la couverture-maladie << Obamacare >>, dont Trump a finalement tres peu parle lors de son grand oral. << Ce soir, j'appelle ce Congres a abroger et a remplacer Obamacare avec des reformes qui etendront le choix, donneront un meilleur acces (aux soins) et reduiront les couts >>, s'est-il contente de dire. Voir la video sur mobile Un projet de loi qui circulait la semaine derniere a ete enterre, faute de consensus entre les conservateurs partisans d'un desengagement public et les pragmatiques qui hesitent a demanteler un systeme qui a, malgre ses defauts, aide des millions de leurs electeurs.Tres attendu sur l'economie, Donald Trump, qui avait delaisse sa celebre cravate rouge pour une a rayures, a promis devant les elus une reforme fiscale << historique >> qui se traduira par une baisse << massive >> des impots pour la classe moyenne et permettrait aux entreprises de << concurrencer n'importe qui >>. << Nous devons faire redemarrer le moteur de l'economie americaine et faire en sorte qu'il soit plus facile pour nos entreprises de faire des affaires aux Etats-Unis et plus difficile pour elles de partir >>, a-t-il martele.Sur les affaires etrangeres qu'il a abordees tres brievement, le nouveau locataire de la Maison Blanche a reaffirme que son role n'etait pas << de representer le monde mais de representer les Etats-Unis d'Amerique >>.Mais, apres avoir defendu une spectaculaire hausse des credits militaires, il a aussi mis en avant un ton plutot conciliant. << Nous voulons l'harmonie et la stabilite, pas des guerres et des conflits >>, a-t-il martele, reaffirmant en particulier son attachement a l'Otan. Voir la video sur mobile << Le temps des combats futiles est derriere nous >>, a conclu le president republicain, dans une volonte de rassembler un pays profondement divise. (c) Rossel & Cie - 2018 Conditions generales de vente - Droits de reproduction - Protection de la vie privee - Droit a l'oubli ", "theme": "archive"}