{"id_art": "201cc87ddf945ed9bc3ddf551c82eb5a", "title": "La suedoise accouche d'un controle budgetaire sans douleur ", "newspaper": "lesoir", "author": ["dominique berns"], "date_publi": ["2017-03-19"], "content": " Dominique Berns En moins d'une semaine, la coalition federale a boucle ses travaux budgetaires. Au menu, il n'y a pas de nouvelles taxes, ni de nouvelles mesures d'economies. Le gouvernement federal a pris tout le monde par surprise, bouclant le controle budgetaire de printemps samedi en fin de soiree. Ce dimanche matin, des 9 heures, le Premier et les principaux ministres ont presente le resultat de leurs travaux.En un mot : pas de nouvelles taxes, pas de nouvelles mesures d'economies. Ce controle budgetaire est le plus simple qu'a jamais eu a effectuer la suedoise. Voici pourquoi...Le comite de monitoring avait rendu son rapport le 13 mars. Ces hauts fonctionnaires des administrations federales et de la Securite sociale, charges de surveiller l'evolution des recettes et des depenses, avaient chiffre l'effort additionnel necessaire pour maintenir la trajectoire budgetaire, a 313 millions. Mesdames et Messieurs ; que \"Toutatis\" n'en fasse pas d'indigestion ,car sinon il pourrait se \"facher\" mais en rien cela ne serait bon !! Vous ne l'ignorez pas , mais ,jusqu'ou ? On pourrait se question poser ? Mais certes : on aimerait reellement vous croire et vous y voir reussir ! [ Wait and see ] (zut ,c'est ecrit en langue \"etrangere\" et ici: interdit) ", "theme": "archive"}