{"id_art": "7bb59f744d57dcffa0ba70b4f7b9f88d", "title": "Carte blanche sur les Paradise Papers: les Etats membres se rendent complices de l'evasion fiscale! ", "newspaper": "lesoir", "author": [], "date_publi": [], "content": " Hugues Bayet, depute europeen PS; Robert Vertenueil, secretaire general de la FGTBLa lutte contre la fraude fiscale est d'abord une question de volonte politique. Et le moins que l'on puisse constater, c'est qu'elle fait largement defaut dans de nombreux pays europeens. Une carte blanche d'Hugues Bayet et Robert Vertenueil. En politique, les mots ont un sens. Il faut bien que les citoyens comprennent que l'evasion fiscale, c'est du terrorisme financier ! Terrorisme vient du mot latin << terrere >> qui signifie << faire trembler >>... Et bien, ici c'est une petite communaute (les multinationales, les grandes fortunes, etc.) qui fait trembler toute la societe (Etats, travailleurs, pensionnes, independants, PME) par leurs agissements illegaux ou immoraux. Qu'on ne s'y trompe pas, ces 1.000 milliards d'euros (source : Commission europeenne) de pertes fiscales diverses qui echappent chaque annee aux Etats membres de l'Union europeenne doivent bien etre compenses par l'extreme majorite des citoyens qui n'ont pas d'autres choix que de payer leurs impots... Ces memes impots qui servent a financer les ecoles, les routes, les zonings, les soins de sante... tout ce dont profitent les multinationales sans pour autant y participer a leur juste part.Pourtant, lutter plus efficacement contre l'evasion fiscale, ne changerait rien aux habitudes des plus riches et des multinationales. Lewis Hamilton pourra toujours s'acheter un jet prive. La monarchie britannique ne devra pas se serrer la ceinture. Apple, Nike et Caterpillar continueront a faire des benefices monstrueux.Par contre, pour les travailleurs, pour les pensionnes, pour les familles et pour les plus fragiles, cela changerait tout. Une justice fiscale signifierait par exemple des depenses en soins de sante mieux remboursees, une pension un peu plus confortable, des ecoles mieux equipees, des aides a l'emploi plus nombreuses, etc. Nous sommes au-dela de la question technique de la confection d'un budget. On touche ici au coeur meme de ce qui fonde notre organisation sociale. C'est parce que nous redistribuons en partie les richesses que nous parvenons a creer une certaine cohesion sociale et une democratie vigoureuse.En Belgique, en 2016, plus de 200 milliards ont ete envoyes dans des paradis fiscaux et dans le meme temps, on demande sans cesse plus d'efforts aux travailleurs, pensionnes, independants. C'est insupportable !Imaginez ce qu'on pourrait faire avec cet argent ! C'est aussi la preuve que de l'argent il y en a, il faut avoir le courage et l'ambition politique d'aller le chercher...Depuis les scandales de LuxLeaks et Panama Papers, le Parlement europeen s'est prononce sur une serie de mesures tres fortes pour endiguer le phenomene. De sorte que si ces mesures etaient correctement mises en oeuvre dans les pays europeens, on peut estimer que 3/4 des cas qui sont aujourd'hui denonces ne pourraient plus jamais subvenir !Cinq mesures fondamentales ont ete adoptees :1. Le reporting public pays par pays des multinationales pour imposer la transparence ;2. L'obligation pour les multinationales de payer leurs impots effectivement dans les pays ou elles realisent leurs activites ;3. L'elaboration d'une liste noire europeenne des paradis fiscaux aussi vite et aussi large que possible avec des sanctions dissuasives pour toute collaboration avec ceux-ci (l'Europe se l'applique deja en interdisant a la BEI de participer a des montages financiers qui auraient des liens de pres ou de loin avec les paradis fiscaux...) ;4. La mise en place d'un registre public, accessible a tous, actualise en permanence et listant les beneficiaires finaux des trusts, fondations et autres societes ecrans qui agissent en toute opacite ;5. L'adoption, au niveau europeen, d'une legislation protegeant le plus efficacement possible les lanceurs d'alerte.La ou le bat blesse, c'est en ce qui concerne les Etats Membres ! Chacun se regarde en chien de faience car chaque pays ne veut pas se deforcer face a son voisin. Or, en tergiversant, en restant la tete dans le sable, les responsables politiques nationaux se rendent complices de ce systeme !La Belgique n'est pas en reste. Le bilan du gouvernement MR/N-VA en matiere de lutte contre la fraude fiscale apparait comme relativement faible ! Des effets d'annonce qualifies d'<< escroquerie intellectuelle >> par un eminent specialiste de la lutte contre la criminalite financiere, un Ministre des Finances d'une imprecision rare et inquietante et une tiedeur sans nom lorsqu'il s'agit d'approuver des recommandations fortes en Commission speciale Panama Papers ! Qu'on ne s'y trompe pas, la lutte contre l'evasion fiscale, c'est une question de volonte politique !L'autre priorite pour laquelle les responsables politiques nationaux sont seuls responsables doit etre de se donner les moyens pour combattre ces phenomenes. Nous rejoignons entierement le Juge Claise sur cette question. Les meilleures legislations pour contrer les pratiques d'evasion fiscale et de blanchiment de capitaux ne serviront a rien si les Gouvernements ne se dotent pas des moyens humains, financiers et techniques pour les appliquer... d'autant plus qu'il s'agit d'investissements << rentables >> au regard des sommes que l'Etat pourrait recuperer.Enfin, cette lutte pour la justice fiscale passe aussi par un changement de mentalite plus global. C'est une lutte de longue haleine et la divulgation des differents scandales est indispensable non seulement pour conscientiser les citoyens mais aussi pour impacter les choix politiques. Car si le combat est en passe d'etre gagne sur le plan moral, il faut maintenant l'imposer d'extreme urgence sur le plan politique !La balle est a present dans le camp des chefs d'Etat, l'histoire sera seule juge et elle est risque d'etre implacable !Abonnez-vous maintenant et accedez a l'ensemble des contenus numeriques du Soir : les articles exclusifs, les dossiers, les archives, le journal numerique...(c) Rossel & Cie - 2018 -- Conditions generales de ventes -- Droits de reproduction -- Protection de la vie privee - droit a l'oubli ", "theme": "archive"}