{"id_art": "bd85d1db6b12bf388dd082db08de6622", "title": "Derriere l'ecran de fumee, les affaires tournent ", "newspaper": "lesoir", "author": [], "date_publi": [], "content": " Derriere l'ecran de fumee, les affaires tournent David Coppi Derriere l'ecran de fumee, les affaires tournentLe vote du projet de loi (qui devait intervenir jeudi en soiree a la Chambre) instaurant un service minimum a la SNCB passe quasiment inapercu. On exagere a peine. C'est une tendance : les reformes mises en oeuvre par le gouvernement suedois ne dominent pas dans l'<< actu >> generale, elles ne suscitent pas, sinon par intermittence, les debats les plus vifs ni de profondes interrogations. Aujourd'hui, les echauffourees bruxelloises dominent, hier la Catalogne, avant cela la lutte contre le terrorisme. (c) Rossel & Cie - 2018 -- Conditions generales de ventes -- Droits de reproduction -- Protection de la vie privee - droit a l'oubli ", "theme": "archive"}