{"id_art": "99368deb4cf9ab07fde3af83dcabe5a5", "title": "Une campagne qui s'acheve dans l'invective ", "newspaper": "lesoir", "author": [], "date_publi": [], "content": " Une campagne qui s'acheve dans l'invective Joelle Meskens Alors que les Francais sont appelesaux urnes dimanche, la campagne s'achevedans les polemiques.Le Premier ministre s'est insurgecontre les surencheres de la droite et du FN.Un scrutin sans serenite. Ce vendredi sur les Champs-Elysees, a l'endroit ou a eu lieu la fusillade, quelques rares personnes se recueillaient, a deux jours du premier tour de l'election presidentielle. De notre envoyee permanenteD'ordinaire, on appelle cela la << treve >>. Un delai de vingt-quatre heures donne aux electeurs pour qu'ils se forgent, dans leur calme interieur, leur derniere conviction avant de se rendre dans l'isoloir. Pendant un jour, plus de meetings, plus de sondages, plus de debats, plus d'interviews. Mais alors que la campagne presidentielle devait s'achever ce vendredi a minuit, le moins que l'on puisse dire, c'est que la serenite n'a pas preside aux dernieres heures de cette course folle entamee depuis l'ete dernier, lorsque Nicolas Sarkozy s'etait jete dans la bataille avant d'etre elimine comme tant d'autres.(c) Rossel & Cie - 2018 -- Conditions generales de ventes -- Droits de reproduction -- Protection de la vie privee - droit a l'oubli ", "theme": "archive"}