{"id_art": "e2da39afbe5b8ff0e8c6056d27096558", "title": "Menace : l'espoird'un retour au niveau 2 ", "newspaper": "lesoir", "author": [], "date_publi": [], "content": " j'y vois clair Menace : l'espoird'un retour au niveau 2 Marc Metdepenningen Le ministre de l'Interieur Jan Jambon (N-VA) espere que le niveau de la menace pourra etre ramenede 3 a 2 dans les prochains mois. Les militaires aussi.Mais la presence de l'armee en rue est plebisciteepar la population qui ressent cette presence comme securisante.Le ministre de l'Interieur Jan Jambon espere voir le niveau de la menace etre ramenee de 3 (le niveau atteint apres les attentats contre Charlie Hebdo) a 2 dans les mois qui suivent, indiquait De Standaard ce week-end. Cette decision, qui depend d'une evaluation en ce sens de l'Ocam (Organe de coordination pour l'analyse de la menace), permettrait de reduire le nombre de militaires affectes a la surveillance des centres urbains, d'alleger les budgets consacres a leur engagement et de diminuer la pression securitaire sur certains evenements.Une menace moindre ? Les recommandations de l'Ocam, l'organisme charge d'evaluer la menace generale (dont celle terroriste) qui pese sur la Belgique et celles, particulieres (environ 1.400 recommandations par an) sur des evenements divers, s'imposent au gouvernement. La menace n'a pas totalement disparu avec l'effondrement, en Syrie et en Iran, de Daesh, defait militairement.(c) Rossel & Cie - 2018 -- Conditions generales de ventes -- Droits de reproduction -- Protection de la vie privee - droit a l'oubli ", "theme": "archive"}