{"id_art": "a4abed0865e1d955591b4974ec14ecd7", "title": "Donald Trump denonce l'attaque <<horrible et lache>> d'une mosquee en Egypte ", "newspaper": "lesoir", "author": [], "date_publi": [], "content": "Le president americain a appele a << discrediter l'ideologie extremiste >>. Sur Twitter, Donald Trump a denonce et condamne l'attaque << horrible et lache sur des innocents et des fideles, en Egypte >>. Le president americain a, en outre, declare que l'on ne pouvait pas << tolerer le terrorisme >>. << Nous devons le vaincre militairement et discrediter l'ideologie extremiste qui est la base de son existence >>, a-t-il conclu.Pour rappel, le bilan provisoire de l'attaque d'une mosquee au Sinai fait etat de 235 morts.quelques regles de bonne conduite avant de reagir LOCATION DROME VAISON LA ROMAINE Location Tenerife - La Caleta CItytrip LUXEMBOURG VILLE (c) Rossel & Cie - 2018 Conditions generales de vente - Droits de reproduction - Protection de la vie privee - Droit a l'oubli ", "theme": "archive"}