{"id_art": "19dadd34b0ad497d9859edcb4ffece6d", "title": "<< Reorganiser la propagande, une perte de temps et de moyens >> ", "newspaper": "lesoir", "author": [""], "date_publi": ["2018-01-24"], "content": " << Reorganiser la propagande, une perte de temps et de moyens >> Ludivine Ponciau<< Reorganiser la propagande, une perte de temps et de moyens >>Laurence Bindner est experte en cybersecurite et specialiste de la diffusion des contenus djihadistes en ligne.Vous confirmez que la propagande djihadiste accuse un net recul sur le Net ?Oui. Et cette inflexion est due a plusieurs choses : aux actions menees sur les reseaux sociaux, aux Etats qui organisent cette lutte et aux problemes que rencontrent les organisations terroristes sur le terrain. Il ne faut pas oublier non plus que nombre de responsables des medias de Daesh ont ete neutralises.En supprimant tous les contenus djihadistes identifies, on pousse les groupes terroristes a utiliser des plate-formes qui echappent au controle des autorites...(c) Rossel & Cie - 2018 -- Conditions generales de ventes -- Droits de reproduction -- Protection de la vie privee - droit a l'oubli ", "theme": "archive"}