{"id_art": "e610a98a53d9648256842d15f86bc814", "title": "Un embargo humanitaire sur les armes ", "newspaper": "lesoir", "author": [""], "date_publi": ["2017-03-27"], "content": " Un embargo humanitaire sur les armes Ludivine Ponciau Le ministre de la Cooperation plaide pour que la Belgique cesse de fournir des armes aux Saoudiens.La Wallonie ne veut pas faire une croix sur ces juteux contrats.Et s'en remet a l'Europe.Alexander De Croo pointe les contrats wallons. La Flandre, elle, a cesse d'exporter des armes de guerre vers l'Arabie saoudite. photo News.La Wallonie joue-t-elle avec le feu en continuant a vendre des armes aux Saoudiens ? Vendredi, l'ONU annoncait que le mois de mars serait particulierement meurtrier au Yemen, ou pres de 5.000 civils ont trouve la mort depuis le debut de l'intervention militaire menee contre les rebelles houthis par une coalition arabe sous commandement saoudien. Le Yemen qui traverse actuellement une effroyable crise humanitaire et alimentaire et ou l'ideologie djihadiste ne cesse de gagner du terrain.(c) Rossel & Cie - 2018 -- Conditions generales de ventes -- Droits de reproduction -- Protection de la vie privee - droit a l'oubli ", "theme": "archive"}