{"id_art": "049918508e167189467bdd1b5f125b8d", "title": "L'Europeet la democratieaux mains de la France ", "newspaper": "lesoir", "author": [], "date_publi": [], "content": "et la democratieaux mains de la FranceDepuis des semaines, ce ne sont pas seulement les Francais, mais les Europeens qui sont suspendus aux soubresauts de la campagne electorale hexagonale. Avec, depuis quelques jours, comme une peur au ventre, une tres grosse angoisse en tout cas, liee au resultat de ce dimanche et au casting qui sortira d'urnes qui n'ont jamais ete aussi imprevisibles et sismiques.Car ce dimanche, les Francais n'ont pas que leur sort entre les mains, mais aussi le notre, celui de l'Europe, ce projet qui, de l'avis general, ne resisterait pas a un Frexit. Un acteur de tres haut niveau de la politique europeenne, que nous interrogions cette semaine sur la reaction envisageable en cas d'un deuxieme tour Le Pen - Melenchon - considere comme l'ascenseur automatique de l'Europe pour l'echafaud -, nous a fait cette reponse cynique : << Se tirer une balle dans la tete ? >>(c) Rossel & Cie - 2018 -- Conditions generales de ventes -- Droits de reproduction -- Protection de la vie privee - droit a l'oubli ", "theme": "archive"}