{"id_art": "b071f449a8dc645fa415198309142d18", "title": "A Dortmund, on a evite le carnage ", "newspaper": "lesoir", "author": [""], "date_publi": ["2017-04-12"], "content": " Christophe BourdoiseauL'enquete avance au lendemain de l'explosion de Dortmund. Le parquet considere les faits comme << une attaque a caractere terroriste >>. l'analyse de Christophe Bourdoiseau, a Berlin Si la piste islamiste n'est pas encore confirmee, une chose est sure : l'attentat aurait pu etre un carnage. L'attaque de mardi soir etait bien destinee a tuer des joueurs du club de football de Dortmund. << On peut dire qu'on a eu vraiment de la chance >>, a resume mercredi Frauke Kohler, la porte-parole du parquet anti-terroriste a Karlsruhe.Mardi soir, a 19h15, trois explosions ont endommage le bus du Borussia Dortmund a la sortie de l'hotel alors que les joueurs se rendaient au stade pour le quart de finale de Ligue des champions contre Monaco. La deflagration a ete d'une telle puissance qu'elle a fait eclater la vitre blindee de la partie droite du bus.<< Les explosifs etaient beaucoup plus puissants qu'on ne l'imaginait au depart >>, a confirme le parquet federal. Les trois engins explosifs, caches dans un buisson a la sortie de l'hotel, etaient remplis de pointes de metal dont l'une d'elle a ete retrouvee plantee dans un appuie-tete.", "theme": "archive"}