{"id_art": "411c5236b8ddf70a543339e21359dc71", "title": "L'ancien conseiller de Trump a la politique etrangere nie avoir travaille pour la Russie ", "newspaper": "lesoir", "author": [], "date_publi": [], "content": " L'ancien conseiller de Trump a la politique etrangere nie avoir travaille pour la Russie Carter Page est suspecte d'avoir travaille pour, ou avec, le pouvoir russe. Un ancien membre de l'equipe de campagne de Donald Trump, que le FBI aurait surveille l'an dernier pour d'eventuels liens avec Moscou, a nie mercredi sur CNN avoir travaille pour la Russie.Selon le Washington Post date de mardi, les enqueteurs du FBI ont obtenu un mandat l'an dernier de la Foreign Intelligence Surveillance Court (Fisc), un tribunal secret charge d'enqueter sur les affaires sensibles d'espionnage ou de terrorisme, pour surveiller les communications de Carter Page, un ancien conseiller de Donald Trump sur la politique etrangere.Le Fisc et le FBI soupconnent l'ancien banquier base a Moscou d'avoir travaille pour, ou avec, le pouvoir russe.Interroge a cet egard par CNN pour savoir s'il travaillait pour un gouvernement etranger, Carter Page a repondu <<bien sur que non>>. <<C'est une telle blague qu'il n'y a pas de mots>>, a-t-il ajoute.La Maison Blanche s'est empressee de minimiser les liens entre Carter Page et l'equipe de campagne de Donald Trump.Un responsable a affirme a l'AFP que Carter Page n'avait jamais rencontre Donald Trump et n'avait pas de badge de campagne.Ce meme responsable a cependant admis que Carter Page avait ecrit des notes politiques pour la campagne mais qu'il n'etait qu'un conseiller parmi d'autres, recommande par un conservateur de l'Iowa, Sam Clovis, qui travaille maintenant au ministere de l'Agriculture.Sollicite, le FBI n'a pas commente les informations du Washington Post. (c) Rossel & Cie - 2018 Conditions generales de vente - Droits de reproduction - Protection de la vie privee - Droit a l'oubli ", "theme": "archive"}