{"id_art": "46e6138ae9bce59c44964df37917fe54", "title": "Justice a ete rendue aux victimesdes << vols de la mort >> de la dictature ", "newspaper": "lesoir", "author": [], "date_publi": [], "content": " Justice a ete rendue aux victimesdes << vols de la mort >> de la dictature Veronique Kiesel La dictature argentine a fait disparaitre 30.000 personnes.En les jetant vivantes dans la mer depuis un avion, notamment.La fin d'un proces exemplaire.Pour les faire vivre malgre tout, les proches des victimes ont, en ecoutant le verdict, brandi les portraits de leurs enfants disparus il y a 40 ans. En medaillon, l'<<ange blond de la mort>>, Ricardo Astiz. C'est un proces geant, hors du commun, le plus long de l'histoire argentine : commence en novembre 2012, il concernait 54 accuses, 789 victimes et plus de 800 temoins. Et il vient de s'achever sur 48 condamnations, dont 29 a vie, et 6 acquittements. C'etait le proces des << vols de la mort >>.Durant les annees de plomb de la dictature argentine, de 1976 a 1983, les militaires ont fusille 15.000 personnes et en ont fait disparaitre 30.000 autres, essentiellement des militants de gauche. Pour ne pas laisser de trace, les tortionnaires avaient mis au point une technique assez efficace : chaque semaine, a l'Esma, l'Ecole mecanique de la marine argentine, qui servait de centre de detention clandestin, plusieurs dizaines de prisonniers etaient appeles.(c) Rossel & Cie - 2018 -- Conditions generales de ventes -- Droits de reproduction -- Protection de la vie privee - droit a l'oubli ", "theme": "archive"}