{"id_art": "0840ceb225c8c142e1153df4a1afdc6c", "title": "menace Londres reste une cible privilegiee ", "newspaper": "lesoir", "author": [], "date_publi": [], "content": " menace Londres reste une cible privilegieede notre correspondanteLa question n'est pas de savoir si un attentat va avoir lieu, mais quand il va avoir lieu. >> La mise en garde date du 31 juillet dernier. Elle avait ete publiee par Bernard Hogan-Howe, alors patron de la Metropolitan police, dans les colonnes du Sunday Mail. Depuis, de nombreux avertissements ont ete adresses aux Britanniques.Au Royaume-Uni, il est impossible d'ignorer completement la menace. Fin fevrier, le responsable national de la lutte antiterroriste avait evoque ouvertement dans la presse << le risque permanent et gigantesque >> encouru par les villes du Royaume-Uni. Dans cette meme interview au Daily Telegraph, Max Hill avait compare la menace que font peser les militants de l'Etat islamique sur Londres a celle incarnee par l'armee republicaine irlandaise dans les annees 70.(c) Rossel & Cie - 2018 -- Conditions generales de ventes -- Droits de reproduction -- Protection de la vie privee - droit a l'oubli ", "theme": "archive"}