{"id_art": "4a76e1f0f23284f287181aefb9d4f784", "title": "Syrie: au moins 43 morts dans un attentat contre des personnes evacuees ", "newspaper": "lesoir", "author": [""], "date_publi": ["2017-04-15"], "content": " AFPUn accord entre le Qatar et le regime de Bachar al-Assad prevoyait l'evacuation de zones syriennes loyalistes occupees par des rebelles syriens. Au moins 43 personnes sont mortes dans l'attentat a la camionnette piegee commis samedi contre des bus transportant des personnes evacuees de localites syriennes loyalistes, selon un nouveau bilan de l'Observatoire syrien des droits de l'Homme (OSDH).<<Il y a des blesses qui succombent a leurs blessures et on est en train de retrouver plus de cadavres>>, a indique l'OSDH. Parmi les victimes figurent 38 personnes evacuees des localites proregime de Foua et Kafraya, quatre rebelles qui gardaient les bus dans une zone de transit a l'ouest de la ville d'Alep (nord) et une personne non identifiee par l'OSDH.En vertu d'un accord conclu entre le Qatar, soutien de la rebellion et l'Iran, allie du regime de Bachar al-Assad, quelque 5.000 personnes de Foua et Kafraya, localites assiegees depuis deux ans par les rebelles syriens dans la province d'Idleb (nord-ouest) avaient ete evacuees.", "theme": "archive"}