{"id_art": "f5adeaa051c80ad05110ec319ba45701", "title": "Van Rompuy apres les propos de Zuhal Demir: <<Il y a un probleme de gouvernement>> ", "newspaper": "lesoir", "author": ["david coppi"], "date_publi": ["2017-04-09"], "content": " David Coppi La secretaire d'Etat Zuhal Demir a qualifie le CD&V de << nouveau parti des musulmans >>. Avis de tempete dans la majorite. La N-VA se lache. Apres Liesbeth Homans, ministre flamande de l'Interieur, et ses accusations visant la mosquee Fatih a Beringen, Zuhal Demir, secretaire d'Etat federale en charge de l'Egalite des chances, se manifeste elle aussi.Elle s'est livree dimanche dans De Zondag, un gratuit en Flandre, a des attaques en roue libre contre le CD&V, partenaire de gouvernement, qualifie de << nouveau parti des musulmans >> apres certaines positions de certains de ses elus, a Gand notamment, jugees favorables au regime turc d'Erdogan, cela a des fins electoralistes. Zuhal Demir y va : pour le CD&V, les musulmans sont du << betail electoral >>, et le parti chretien-democrate flamand est pret a tout pour ravir des voix dans la communaute... Je pense que la prise va etre debranchee. la NVA a bien perdu des plumes (- +- 8% ) et le P$ - 13% . C'est le bon moment pr des elections anticipees. Il y a au moins un point sur lequel on peut rejoindre le president du VOKA, depuis l'automne dernier (confection du budget 2016 et la neutralisation du debat CD&V - NVA - Reforme de l'ISOC versus taxation des plus values) ce gouvernement est en affaire courante. Les chamailleries entre ces deux partis flamand durent en effet depuis le debut de la legislature, mais jusqu'ici, elles n'avaient pas empecher le gouvernement Michel I de fonctionner. Ici, celui-ci est en affaire courante. La question est peut-il rester en affaire courante jusqu'en 2019 (deux ans) ou faut-il des elections anticipees. On attend de voir du CD&V ou de la NVA qui jugera desormais utile de debrancher la prise ou non. ", "theme": "archive"}