{"id_art": "ce121aef19cf0bad0b98500f3aec8988", "title": "Une <<fausse victime>> des attentats de Paris condamnee a six mois de prison ", "newspaper": "lesoir", "author": [], "date_publi": [], "content": "L'homme avait notamment reclame une indemnisation aupres du Fonds public de soutien aux victimes du terrorisme. Un homme qui s'etait fait passer pour une victime du massacre de 2015 dans la salle de concerts du Bataclan a Paris, alors qu'il n'y etait pas au moment de l'attaque, a ete condamne vendredi a six mois de prison ferme.Cedric Rey, 29 ans, a ete condamne par le tribunal de Versailles, au sud-ouest de Paris, a deux ans de prison, dont 18 mois avec sursis, pour <<tentative d'escroquerie>> au detriment du fonds d'aide aux victimes.Ce jeune ambulancier avait raconte avec force details aux medias, dont l'AFP, ce qu'il disait avoir vecu au Bataclan dans la soiree du 13 novembre 2015, pendant l'attaque d'un commando djihadiste qui avait fait 90 morts.", "theme": "archive"}