{"id_art": "f41fe13f6430e0801c03416a9dae5061", "title": "Les mesures de securite maintenues pour l'election ", "newspaper": "lesoir", "author": ["thomas casavecchia"], "date_publi": ["2017-04-21"], "content": " Thomas Casavecchia attentat aux Champs Elysees ,Election presidentielle 2017 Le dispositif de securite, detaille dimanche dernier devrait rester inchange dans les grandes lignes. Les mesures de securite ne seront pas renforcees a l'occasion du scrutin de dimanche. Le ministre de l'Interieur, Matthias Fekl avait deja annonce, dimanche dernier qu'<< au cours des prochains jours, plus de 50.000 policiers et gendarmes seront mobilises >>. Il convient encore d'y ajouter 7.000 militaires deployes dans le cadre de l'operation sentinelle.A la sortie d'un Conseil de defense reuni autour de Francois Hollande, a l'Elysee, le Premier ministre Francais Bernard Cazeneuve est revenu sur le dispositif mis en place : << Rien ne doit entraver ce moment democratique fondamental pour notre pays >>, a-t-il declare. Il assure egalement que les unites specialisees et d'intervention sont placees en etat d'alerte permanente pour garantir une reactivite totale en cas d'incident.", "theme": "archive"}