{"id_art": "7ed025b993461f55891f9388b69cbbf1", "title": "Les petits bousculent enfin les << Big five >> ", "newspaper": "lesoir", "author": [], "date_publi": [], "content": " Les petits bousculent enfin les << Big five >> Joelle Meskens Ils n'ont pas eu de pudeurs de gazelle. Pour leur quart d'heure de gloire, les << petits >> candidats ont mordu les gros. Et fait saigner sur les affaires.Mention speciale a Poutou.Face a des poids lourds comme Marine Le Pen, des candidats comme Philippe Poutou ou Nicolas Dupont-Aignan ont sorti l'artillerie lourde. Bonaventure/AFP. De notre envoyee permanenteLes amateurs de safaris les appellent les << big five >> : les lions, les leopards, les elephants, les rhinoceros et les buffles. Mardi soir, sur BFM TV et C News, tout le monde etait embarque dans le pick-up en Afrique. Et s'attendait a bailler en observant les especes plus ou moins exotiques qui detourneraient l'attention des cinq gros candidats dont il conviendrait de jauger le souffle, la foulee, l'endurance. Emmanuel Macron allait-il courir assez vite pour esquiver les balles des chasseurs ? Jean-Luc Melenchon aurait-il le pelage aussi lustre que lors du premier debat sur TF1 ? Francois Fillon continuerait-il de faire la roue tel un paon indifferent aux affaires ? Benoit Hamon sortirait-il de sa taniere ? Et Marine Le Pen montrerait-elle les crocs ?(c) Rossel & Cie - 2018 -- Conditions generales de ventes -- Droits de reproduction -- Protection de la vie privee - droit a l'oubli ", "theme": "archive"}