{"id_art": "a5e22a1bd542ae1d1af3e5778d9c17cc", "title": "Attentat du metro : huit inculpations ", "newspaper": "lesoir", "author": [], "date_publi": [], "content": " Attentat du metro : huit inculpations Attentat du metro : huit inculpationsLa justice russe a inculpe vendredi pour terrorisme et complicite de terrorisme huit complices presumes de l'auteur de l'attentat commis lundi dernier dans le metro de Saint-Petersbourg, qui a fait 13 morts et des dizaines de blesses. Six ressortissants de pays d'Asie centrale, ages de 20 a 39 ans, ont ete places en detention jusqu'au 2 juin, le temps de l'enquete. Les enqueteurs ont decouvert a leurs domiciles un << engin explosif identique a celui decouvert a la station Plochtchad Vosstaniia du metro de Saint-Petersbourg >> qui avait ete desamorce a temps lundi, ainsi que des armes a feu et des munitions. Deux autres complices presumes ont ete arretes a Moscou, dont une femme. (b)(c) Rossel & Cie - 2018 -- Conditions generales de ventes -- Droits de reproduction -- Protection de la vie privee - droit a l'oubli ", "theme": "archive"}