{"id_art": "2c384c651c3b8a8d8b77ae7da96c4911", "title": "Le PS denonce les <<fichiers d'enfants>> qui sont reclamees aux mosquees ", "newspaper": "lesoir", "author": [], "date_publi": [], "content": " Le PS denonce les <<fichiers d'enfants>> qui sont reclamees aux mosquees L'Office national de l'emploi ne confirme pas collecter ce type d'informations Le PS s'inquiete d'une demarche de l'Office national de l'Emploi (Onem), reclamant a une ASBL chapeautant une mosquee bruxelloise une liste d'eleves, vraisemblablement ceux frequentant les cours de langue ou les ecoles de devoirs souvent organisees en marge des activites religieuses.Les inspections interviennent dans le cadre du projet <<Belfi>> associant parquet federal, auditorat general, Onem et inspection sociale et visant specifiquement le secteur associatif dans le cadre de la lutte contre le terrorisme et le radicalisme.Interroge dans <<La Libre>>, le depute Ahmed Laaouej (PS) se demande sur quelles bases legales ces <<fichiers d'enfants>> sont exiges et ce que l'Onem peut bien faire de pareils listings. <<Il en va des droits fondamentaux. Imagine-t-on pareille demande, par exemple, lors de congres politiques? >>Il evoque des controles qui interviennent le vendredi, jour de priere. <<C'est comme si des inspecteurs debarquaient en pleine messe du dimanche. Il ne s'agit pas d'une question de confession mais de principe.>><<Il est faux d'affirmer que, via Belfi, un inventaire des fideles soit effectue>>, assure toutefois le cabinet Geens, interroge par La Libre. Le cabinet ne se prononce cependant pas sur ces <<listes d'eleves>>.L'Office national de l'emploi ne confirme pas non plus collecter ce type d'informations mais certifie agir a la demande du parquet federal dans le cadre de la lutte contre le terrorisme, et ce uniquement dans l'objectif de l'inspection sociale. (c) Rossel & Cie - 2018 Conditions generales de vente - Droits de reproduction - Protection de la vie privee - Droit a l'oubli ", "theme": "archive"}