{"id_art": "6c442d0a251bf2fca86ea8b4bfdd1fe2", "title": "Attentat de Stockholm: la victime belge est une femme de 31 ans de Lembeek ", "newspaper": "lesoir", "author": [""], "date_publi": ["2017-04-09", "2017-04-09"], "content": " L.Po (avec Afp)Elle a apparemment ete tuee directement par le camion, sur le pietonnier.Alors que 20.000 personnes ont rendu hommage aux victimes de l'attentat de Stockholm en participant dimanche a la << manifestation pour l'amour >> initiee sur Facebook, on apprenait un peu plus tot dans la journee qu'une Belge figurait parmi les victimes.", "theme": "archive"}