{"id_art": "44c9d7199d7495da72cc9d65fd8b6412", "title": "A Birmingham, des musulmans particulierement vulnerables a l'extremisme ", "newspaper": "lesoir", "author": [], "date_publi": [], "content": " AMANDINE ALEXANDRELe trait d'union entre les quartiers musulmans est << l'abjecte pauvrete >> qui y regne. << Dans ce contexte, les extremistes n'ont aucun mal a faire passer leur message >>. L'enquete sur l'attentat contre Westminster a rapidement mene les forces de police a Birmingham. Jeudi, les policiers y ont effectue quatre raids et procede en tout a sept arrestations. La seconde ville du Royaume-Uni, qui compte un million d'habitants dont environ un quart de musulmans, n'est pas la seule localite a apparaitre sur le radar des enqueteurs dans cette affaire. Au lendemain de l'attaque terroriste, une femme a egalement ete arretee dans l'est de Londres. Cependant, Khalid Masood semble avoir eu des attaches particulieres a Birmingham.", "theme": "archive"}