{"id_art": "3d27649e0cac192c39086921c93a191b", "title": "Londres frappee en plein coeur ", "newspaper": "lesoir", "author": [""], "date_publi": ["2017-03-23"], "content": " Londres frappee en plein coeur Une voiture-belier a fauche plusieurs pietons avant que son conducteur ne poignarde un policier devant Westminster.Une voiture-belierL'attaque a fait au moins cinq morts, dont l'assaillant, et quarante blesses, pour la plupart fauches sur le pont de Westminster. L a priorite absolue du gouvernement est la securite de son peuple et j'exhorte tout le monde a rester calme, mais a etre vigilant et s'ils voient quelque chose qu'ils craignent, ils doivent le signaler a la police. >>Le discours qu'Amber Rudd, la ministre britannique de l'Interieur, a livre aux Londoniens n'etait pas particulierement rassurant. C'est que les circonstances des attaques survenues sur le pont de Westminster et aux abords du parlement sont encore nebuleuses.Un peu plus tot dans la soiree, le commissaire adjoint de la police metropolitaine de Londres dressait cependant un premier bilan humain de l'attentat : quatre morts, dont l'assaillant, et au moins vingt blesses. Il confirme que les deux attaques ont ete menees par un seul homme dont on ignore, a l'heure de boucler notre edition, l'identite et les motivations.(c) Rossel & Cie - 2018 -- Conditions generales de ventes -- Droits de reproduction -- Protection de la vie privee - droit a l'oubli ", "theme": "archive"}