{"id_art": "a1c0b5c5fe8a5ac6083e5aa001d09876", "title": "Pourquoi il n'y a pas de sondage a la sortie des urnes ", "newspaper": "lesoir", "author": [""], "date_publi": ["2017-04-23"], "content": " Marine BuissonUne promesse a ete faite. De nombreux internautes nous interrogent dans notre direct sur la presidentielle francaise sur les resultats d'un sondage sortie des urnes. Clarifions ce point. Nos confreres de la RTBF ont effectivement publie les resultats d'un sondage << sortie des urnes >>, sans en detailler la source. Nous avons relance les instituts de sondage qui ont de nouveau confirme au Soir qu'aucun sondage sortie des urnes n'a ete realise jusqu'ici.La commission des sondages est aussi tres claire de son cote : elle a obtenu des 9 principaux instituts de sondages (BVA, Elabe, Harris Interactive, Ifop, Ipsos, Kantar, Odoxa, OpinionWay, Viavoice) << l'assurance qu'aucun d'entre eux ne realisera le 23 avril de sondages << sortie des urnes >>. Il en resulte que toute reference, le jour du scrutin, a de tels sondages ne pourra etre que le fruit de rumeurs ou de manipulations et partant qu'aucun credit ne devra leur etre accorde. >> Scene : \"Monsieur ou Madame, pourquoi [ou comment ou quoi] aimez-vous [ce que vous sondez] ?, \"Je ne se sais pas ... attendez, MAINTENANT que vous me le demandez, je me dis que ...\". Le Monsieur ou la dame n'avait pas vraiment d'avis CONSCIENT, desormais il en a un et n'en changera que ... difficilement. En Physique (quantique et non cantique), cela s'appelle la \"reduction du paquet d'ondes\". ", "theme": "archive"}