{"id_art": "a793bdd508890afb02889a0b228467d5", "title": "Pas de bracelets << antidjihadistes >> ", "newspaper": "lesoir", "author": [], "date_publi": [], "content": " Pas de bracelets << antidjihadistes >>La mesure, destinee a lutter contre le radicalisme et le terrorisme, avait ete annoncee parmi dix-sept autres par le gouvernement federal au lendemain des attentats de Paris, qui venaient s'ajouter aux douze deja annoncees apres les operations de Verviers.Le principe ? Imposer le port d'un bracelet electronique aux personnes fichees par l'Ocam comme presentant un risque djihadiste. Les voix n'avaient pas tarde a s'elever contre une mesure jugee contraire a la Constitution, aux droits de l'Homme mais aussi difficile a mettre en place sur le terrain.Pas simple, en effet, d'imposer le bracelet a une personne dont on ne fait que suspecter le radicalisme, independamment de toute infraction ou condamnation.(c) Rossel & Cie - 2018 -- Conditions generales de ventes -- Droits de reproduction -- Protection de la vie privee - droit a l'oubli ", "theme": "archive"}