{"id_art": "b835afee84afb2af1810de95c70aa88d", "title": "La Suede observe une minute de silence pour les victimes de l'attentat (video) ", "newspaper": "lesoir", "author": [], "date_publi": [], "content": " La Suede observe une minute de silence pour les victimes de l'attentat (video) AFP Entre 20.000 et 50.000 personnes s'etaient reunies dimanche pres des lieux du drame pour une << manifestation pour l'amour >> afin de marquer le rejet du terrorisme.(c) EPA(c) AFP(c) Reporters La Suede a observe lundi une minute de silence pour les victimes de l'attentat au camion belier qui a fait 4 morts a Stockholm, perpetre selon la police par un Ouzbek affichant des << sympathies >> djihadistes.Une ceremonie solennelle s'est tenue a midi dans le parc de l'Hotel de ville de Stockholm, face a un bras de mer ou patrouillait une vedette de la police, en presence de membres de la famille royale, du gouvernement, du Parlement et du corps diplomatique. (c) EPA Sous une pluie glaciale, le roi Carl XVI Gustaf, la reine Silvia, la princesse heritiere Victoria et le prince Carl Philip ainsi que le Premier ministre Stefan Lofven se sont recueillis tandis qu'a travers le pays les Suedois anonymes se sont figes, comme a Stockholm sur les lieux de l'attentat. Voir la video sur mobile A l'Hotel de la ville, ou les drapeaux etaient en berne, la fanfare de l'armee a marque la fin de la minute de silence et la maire de Stockholm, Karin Wanngard a pris la parole.<< Nous ne cederons jamais devant la violence, nous ne laisserons pas le terrorisme vaincre >>, a-t-elle declare. << Stockholm restera une ville ouverte et tolerante >>.Entre 20.000 et 50.000 personnes s'etaient reunies dimanche pres des lieux du drame pour une << manifestation pour l'amour >> organisee via Facebook afin de marquer le rejet du terrorisme. (c) Rossel & Cie - 2018 Conditions generales de vente - Droits de reproduction - Protection de la vie privee - Droit a l'oubli ", "theme": "archive"}