{"id_art": "00e247e0f17857e5f93b89e391ec038f", "title": "Ali Aarrass : verdict finalle 19 avril ", "newspaper": "lesoir", "author": ["baudouin loos"], "date_publi": ["2017-04-13"], "content": " Ali Aarrass : verdict finalle 19 avril Baudouin Loos L'affaire Ali Aarrass connaitra un developpement majeur en date du 19 avril prochain : c'est en effet ce jour-la que la Cour de cassation du Maroc rendra son verdict concernant le recours que la defense du Belgo-Marocain a introduit aupres de la plus haute instance judiciaire du royaume. Ali Aarrass purge une peine de 12 ans de prison infligee en appel en 2012 par la justice marocaine pour faits de terrorisme qu'il nie avec zele. Parmi les arguments de sa defense, figurent les aveux, extorques sous la torture en 2010 apres son extradition d'Espagne (ou les memes preventions contre lui avaient abouti a un non-lieu).(c) Rossel & Cie - 2018 -- Conditions generales de ventes -- Droits de reproduction -- Protection de la vie privee - droit a l'oubli ", "theme": "archive"}