{"id_art": "620b33cbb70a99da37af72ffa9e68d83", "title": "Bon a savoir ", "newspaper": "lesoir", "author": [""], "date_publi": ["2017-04-15"], "content": " AFP Diplomatie : messages a l'Europe A la veille du scrutin, les dirigeants turcs n'oublient pas l'Europe, avec laquelle les tensions se sont aggravees pendant la campagne. Compares aux << croises >> et aux << nazis >> pour avoir refuse d'accueillir des ministres turcs en meeting, les Europeens attendent de voir si le president Erdogan mettra ses menaces a execution, dont celles d'organiser un referendum sur l'adhesion et d'annuler l'accord migratoire si les Turcs ne sont pas exemptes de visas Schengen. << Des que le << oui >> l'emportera, nous nous assierons avec l'UE. Nous attendons depuis 54 ans, nous n'attendrons pas plus >>, a dit jeudi le president. << Nous ferons notre derniere proposition a l'UE [au sujet des visas] apres le 16 avril >>, a rencheri le ministre des Affaires etrangeres, Mevlut Cavusoglu. Erdogan nie toute intention federaliste ", "theme": "archive"}