{"id_art": "0e4c5e52ad9850a38dc0e6b0a78b9e88", "title": "20th century women ", "newspaper": "lesoir", "author": [], "date_publi": [], "content": " 20th century women Gaelle Moury 20th century womenDe Mike Mills, avec Annette Bening, Elle Fanning, Grete Gerwich, Billy Crudup, 118 mn.Santa Barbara, ete 1979. Dorothea Fields, la cinquantaine, essaie d'inculquer des valeurs a son fils Jamie, qu'elle eleve seule. Fumeuse inveteree, feministe d'un genre nouveau, elle symbolise a l'optimisme ambiant, mais aussi les enjeux auxquels une mere celibataire doit faire face. (G.My.)Chez nous De Lucas Belvaux, avec Emilie Dequenne et Andre Dussollier, 118 mn.(c) Rossel & Cie - 2018 -- Conditions generales de ventes -- Droits de reproduction -- Protection de la vie privee - droit a l'oubli ", "theme": "archive"}