{"id_art": "697f8921d950d524d8023281cc4367b1", "title": "Les reportages long formatont la cote ", "newspaper": "lesoir", "author": [""], "date_publi": ["2017-03-03"], "content": " Les reportages long formatont la cote Au vu de leur succes d'audience, les magazines sont de plusen plus presents en TVet en radio. A tel point qu'ils envahissent les JT.La RTBF compte investir encore davantage dans ces formats, et RTL sortira une nouvelle emission d'enquetea Paques.(c) Rossel & Cie - 2018 -- Conditions generales de ventes -- Droits de reproduction -- Protection de la vie privee - droit a l'oubli ", "theme": "archive"}