{"id_art": "1d31054069318416657416b118bca851", "title": "Syrie: 112 morts dans l'attentat contre des personnes evacuees ", "newspaper": "lesoir", "author": [""], "date_publi": ["2017-04-16"], "content": "Un attentat a ete mene contre des bus transportant des personnes evacuees de localites syriennes loyalistes. Cent douze personnes ont peri dans l'attentat suicide mene samedi contre des bus transportant des personnes evacuees de localites syriennes loyalistes, selon un nouveau bilan de l'Observatoire syrien des droits de l'Homme (OSDH) fourni dimanche.Parmi les 112 morts figurent 98 personnes evacuees des localites de Foua et Kafraya (nord-ouest), a precise l'ONG. Un precedent bilan de l'attentat a Rachidine qui n'a pas ete revendique faisait etat de 43 morts.", "theme": "archive"}