{"id_art": "e197ea9828ef348e8fbd7928d133eb87", "title": "Quatre comediens repetant la piece <<Djihad>> dans le train interceptes a Troyes ", "newspaper": "lesoir", "author": [], "date_publi": [], "content": "Un passager inquiet en les entendant parler de terrorisme avait prevenu les forces de l'ordre. La police francaise a fait evacuer la gare de Troyes et intercepte un train en provenance de Paris, jeudi apres-midi. A son bord se trouvaient quatre comediens qui repetaient la piece <<Djihad>>, du Belge Ismael Saidi. Un passager inquiet en les entendant parler de terrorisme avait prevenu les forces de l'ordre, rapporte France 3.Un passager du train Paris-Troyes, qui devait arriver dans l'Aube a 14h12, a prevenu la police jeudi a 13h45. Il s'inquietait d'entendre quatre personnes discuter <<de djihad, de Belgique, d'attentats>>. <<Ils ne semblaient pas parler d'evenements deja passes>>, ajoute le commissaire en charge de l'appel.Une trentaine de policiers se sont alors prepares a intervenir. Vers 14h00, la gare a ete evacuee. Lorsque le train est arrive, les quatre individus ont ete interceptes.Interroges, ils ont explique qu'ils etaient comediens et qu'ils repetaient la piece <<Djihad>>, actuellement en tournee en Champagne. Les acteurs avaient rendez-vous a 14h30 a La Chapelle-Saint-Luc, en peripherie de Troyes, pour y jouer cette piece satirique sur le depart des jeunes radicalises vers la Syrie.Enorme succes, celle-ci a ete vue par des dizaines de milliers de spectateurs, notamment dans des ecoles, en Belgique, en France, aux Pays-Bas ou encore en Italie.quelques regles de bonne conduite avant de reagir LOCATION DROME VAISON LA ROMAINE Location Tenerife - La Caleta CItytrip LUXEMBOURG VILLE (c) Rossel & Cie - 2018 Conditions generales de vente - Droits de reproduction - Protection de la vie privee - Droit a l'oubli ", "theme": "archive"}