{"id_art": "934dd4d8b23531edab217ad8d89ab0ab", "title": "Cela s'est passe un 25 avril : <<Les 233e et 234e detenus a quitter Guantanamo etaient belges>> ", "newspaper": "lesoir", "author": ["alain lallemand"], "date_publi": ["2017-04-25"], "content": " Alain Lallemand Les deux Belges ex-detenus de Guantanamo ont ete inculpes. Libres mardi soir, ils devront repondre de leurs liens a Al-Qaida. (article paru le 27 avril 2005) Le retour sur le sol belge, ce lundi peu apres dix-sept heures, des deux seuls Belges detenus au << Camp X >> a Guantanomo, a ete suivi d'une frenesie de vingt-quatre heures mobilisant tout a la fois la police federale, le parquet et notre service civil de renseignements. En effet, les elements de procedure eventuellement recueillis par les forces americaines etant a priori inutilisables en droit belge, il revenait aux autorites belges d'exploiter au mieux les vingt-quatre heures legales de << mise a disposition >> des suspects : l'occasion, unique, a ete saisie pour remettre a plat la procedure, confirmer certains elements mal recueillis et relancer une double inculpation dont les fondements juridiques soient incontestables.", "theme": "archive"}