{"id_art": "0b5d9b4777ac6359f8095c43f314f83a", "title": "L'analyse des flux, une methode qui divise les services ", "newspaper": "lesoir", "author": ["thomas casavecchia"], "date_publi": ["2017-04-13"], "content": " Thomas Casavecchia Tout le monde ne s'accorde pas sur la place a reserver aux enquetes financieres pour denicher les terroristes. Si les liens entre petite delinquance et le terrorisme sont effectivement courants, l'idee d'observer les flux financiers qui decoulent de divers trafics pour mieux pincer les terroristes ne fait pas l'unanimite.Pour Rik Coolsaet, professeur emerite a l'Universite de Gand et membre de l'Institut royal des relations internationales (Egmont), meme le << profil-type >> du terroriste qui serait d'office passe par la case << delinquance >> avant de rallier la cause islamiste est contestee : << C'est en tout cas difficile de generaliser a tous les djihadistes. Si Khalid Zerkani, par exemple, incitait son entourage a voler les incroyants, ce n'est pas le cas de Sharia4Belgium >>.", "theme": "archive"}