{"id_art": "4e601152e5e925c2b73668a8aeebba9a", "title": "Francois Hollande, <<le president qui a transforme l'or en plomb>> ", "newspaper": "lesoir", "author": ["joelle meskens"], "date_publi": ["2017-05-05"], "content": " Joelle Meskens En cinq ans de quinquennat, Gerard Davet et Fabrice Lhomme, journalistes du << Monde >>, ont vu en Francois Hollande un homme incompris. Leur bilan. Ils l'ont vu soixante et une fois. Pendant les cinq ans du quinquennat. Le deal etait clair. Les confidences que leur glisserait le chef de l'Etat seraient livrees sans relecture. Autrement dit, sans filet. Le resultat a ete terrible. Leur livre, Un president ne devrait pas dire ca (Stock), deja vendu a plus de deux cent mille exemplaires, a precipite la chute de Francois Hollande. Les journalistes du Monde Gerard Davet et Fabrice Lhomme decrivent pourtant un homme incompris qui s'apprete a ceder le pouvoir a celui qu'il s'etait choisi pour successeur... en 2022. Que retenez-vous de Francois Hollande ? Et comme Macron fera du Hollande. Attendons -nous a des annees de plomB D'ailleurs Macron est bien plus capricornien (dont le symbole est le plomb) que jupiterien. Amis francais, bonne chance. ", "theme": "archive"}