{"id_art": "37e97fe1a303c68ea39431ec9540eccb", "title": "Un pedophile belge piege ", "newspaper": "lesoir", "author": ["marc metdepenningen"], "date_publi": ["2017-04-07"], "content": " Un pedophile belge piege Marc Metdepenningen Le pedophile ucclois de 75 ans a ete rattrape par la justice quebecoise 44 ans apres les faits.Deux de ses victimes s'etaient promisde lui faire payerleurs souffrances.La condamnation, vendredi dernier, d'un pedophile belge de 75 ans par le tribunal de Valleyfield (Quebec, Canada), 44 ans apres des faits commis sur deux enfants alors ages d'une dizaine annees, rappelle qu'outre-Atlantique, les crimes sexuels ne connaissent pas la prescription. Luc de Theux de Meylandt et Monjardin, un Ucclois qui a accompli l'essentiel de sa carriere d'educateur au Canada, a ete condamne a 6 mois de detention domiciliaire. Le tribunal a tenu compte de l'anciennete des faits, de l'age du condamne et du fait que le pedophile avait epargne a ses victimes de devoir temoigner au cours d'un proces ou il a plaide coupable.(c) Rossel & Cie - 2018 -- Conditions generales de ventes -- Droits de reproduction -- Protection de la vie privee - droit a l'oubli ", "theme": "archive"}