{"id_art": "9f7145485881a87b1dead3dbfda83bbb", "title": "Prise en charge des radicalises :87 dossiers ouverts en un an ", "newspaper": "lesoir", "author": [], "date_publi": [], "content": " Prise en charge des radicalises :87 dossiers ouverts en un an Ludivine Ponciau Depuis un an,le Centre prend en charge des mineurs et des majeurs radicalises.L'objectif n'est pasde les deradicaliser mais de les inciter a renoncera la violence.Sans contre-discours.Parmi les dossiers que traite le Caprev: des returnees, mais aussi des jeunes qui ont consulte des sites djihadistes. Cela commence toujours par un appel. Une mere, un frere, un voisin, un prof, un assistant social, un detenu... Impossible de predire qui sera le prochain a composer le numero vert du premier centre de desengagement de la Federation Wallonie-Bruxelles, tant les questions liees au radicalisme et au terrorisme taraudent l'ensemble de la societe.Depuis un an, le Reseau de prise en charge des extremismes et radicalismes violents (dont le Caprev fait partie) propose une prise en charge a toute personne confrontee directement ou indirectement a ces problematiques, qu'elle soit mineure ou majeure. Cette approche << au cas par cas >>, l'equipe pluridisciplinaire la realise en toute discretion pour ne pas rompre le fragile lien de confiance qu'elle est parvenue a tisser au fil des entretiens.(c) Rossel & Cie - 2018 -- Conditions generales de ventes -- Droits de reproduction -- Protection de la vie privee - droit a l'oubli ", "theme": "archive"}