{"id_art": "c30886956c55da6c16cea52e99db616b", "title": "Entre drame shakespearien et thriller d'espionnage ", "newspaper": "lesoir", "author": [], "date_publi": [], "content": " Entre drame shakespearien et thriller d'espionnage Veronique Kiesel Kim Jong-nam avait 45 ans. Il etait protege par la Chine. Ce jeudi, l'agence de presse nord-coreenne a pour la premiere fois reagi a l'assassinat le 13 fevrier de Kim Jong-nam, demi-frere de l'homme fort de la Coree du Nord, en plein aeroport de Kuala Lumpur. << Le principal responsable de ce deces est le gouvernement de Malaisie, affirme l'agence KCNA, car le citoyen de RDPC (Republique Populaire et Democratique de Coree) est mort sur son territoire. La Malaisie est tenue de remettre le corps a la partie nord-coreenne car elle a effectue une autopsie et un examen medico-legal de ce corps d'une maniere illegale et immorale. >> La police malaisienne voit les choses assez differemment.(c) Rossel & Cie - 2018 -- Conditions generales de ventes -- Droits de reproduction -- Protection de la vie privee - droit a l'oubli ", "theme": "archive"}