{"id_art": "9da4cfab122f96e6fd17f5b41a490265", "title": "Au paradis des realisateurs qui debutent ", "newspaper": "lesoir", "author": [], "date_publi": [], "content": " Au paradis des realisateurs qui debutent Didier Stiers Au Festival du film fantastique de Bruxelles, nombreux sont ceux qui font leurs premiers pas a l'ecran.Mais meme les habitues connaissent encore de nouveaux departs.Daniel Radcliffe en macchabee/couteau suisse a la fois jet-ski, fusee, distributeur d'eau et lance-harpon. Si! Vivier de films inedits dans nos contrees, des decouvertes belges, europeennes, voire, mais c'est plus rare, galactiques, le Festival du film fantastique de Bruxelles accueille tous les ans des realisateurs effectuant leurs premiers pas. Parfois en mode petit budget, donc moyennant debrouille et bricolage. Mais apres tout, c'est ainsi qu'un Peter Jackson s'est fait connaitre, au siecle passe...(c) Rossel & Cie - 2018 -- Conditions generales de ventes -- Droits de reproduction -- Protection de la vie privee - droit a l'oubli ", "theme": "archive"}