{"id_art": "f421a184f2d1c0e23da2b3a0fc35b08d", "title": "Alerte a la gare du Nord a Paris: enquete sur la fuite de renseignements <<belges>> ", "newspaper": "lesoir", "author": [""], "date_publi": ["2017-05-09"], "content": " L.CoLes fiches de renseignement sur trois individus potentiellement dangereux n'avaient pas vocation a etre publiees. La Gare du Nord, a Paris, a ete evacuee lundi soir de 23 heures a 1h50 mardi. L'alerte etait serieuse : de nombreux policiers armes ont procede a l'evacuation des lieux et certains voyageurs ont ete confines dans un train. Un TGV en provenance de Valenciennes, avec 211 passagers a bord, a ete passe au peigne fin.Les raisons de cette panique ? La police recherchait trois hommes potentiellement << dangereux >> dont les profils ont ete signales vendredi a la Direction generale de la securite interieure francaise (DGSI) par la Belgique, selon plusieurs medias.", "theme": "archive"}