{"id_art": "b31dad5523f946f868774c73c643a813", "title": "Le pape en Egypte ", "newspaper": "lesoir", "author": [], "date_publi": [], "content": " Le pape en Egypte Le pape en EgypteLe pape Francois se rendra au Caire les 28 et 29 avril, pour y rencontrer le president egyptien, le grand imam de la mosquee d'Al-Azhar et le pape copte orthodoxe. Le grand imam d'Al-Azhar, cheikh Ahmed al-Tayeb, avait effectue une visite historique au Vatican pour rencontrer le pape Francois en mai 2016. L'Egypte estime que << cette visite contribuera a renforcer le message de paix ainsi que l'esprit de tolerance et de dialogue de l'humanite entre toutes les religions, et a rejeter le discours du terrorisme >>. (afp)(c) Rossel & Cie - 2018 -- Conditions generales de ventes -- Droits de reproduction -- Protection de la vie privee - droit a l'oubli ", "theme": "archive"}