{"id_art": "66192ca03d68bd511e70499da9ebded9", "title": "Nouvel appel de Daesh a frapper la Belgique ", "newspaper": "lesoir", "author": [], "date_publi": [], "content": "Daesh a une nouvelle fois appele ses partisans a frapper la Belgique, entre autres, selon le specialiste du terrorisme islamique Pieter Van Ostaeyen. L'appel a ete diffuse via la messagerie Telegram par 'Nashir News Agency', un organe de communication de Daesh. Outre la Belgique, les Etats-Unis, la Russie, la France, la Grande-Bretagne, le Canada, l'Australie et l'Italie sont vises par les menaces du groupe terroriste. Quel interet ? Ces animaux haissent la civilisation, ou qu'elle soit . Bande de sinistres pedzouilles ", "theme": "archive"}