{"id_art": "f9205e9c0588b4f54d18d5c5ed81f98e", "title": "Un proces sous haute surveillance pour rendre Abdeslam en bon etat a la France ", "newspaper": "lesoir", "author": ["marc metdepenningen"], "date_publi": ["2018-01-31"], "content": " Marc Metdepenningen Proces Salah Abdeslam Des mesures de securite massives entoureront le proces de Salah Abdeslam. L'objectif est de contraindre toute velleite terroriste. Mais aussi de garantir la restitution a la France du detenu << prete >> le temps du proces. Les mesures de securite prevues pour l'ouverture, lundi 5 fevrier, du proces de Salah Abdeslam et de Soufien Ayari, poursuivis pour la fusillade de la rue du Dries a Forest le 15 mars 2016, mettront sous cloche le palais de Justice de Bruxelles durant les quatre jours d'audience reservees par la 90e chambre du tribunal correctionnel de Bruxelles a l'examen de cette affaire.", "theme": "archive"}