{"id_art": "c487bc33c2f066770cc445ff656898ed", "title": "La petite delinquance finance Daesh ", "newspaper": "lesoir", "author": [], "date_publi": [], "content": " La petite delinquance finance Daesh Ludivine Ponciau Le lien entre terrorisme et petite criminalite est sous-estime, revele une etude europeenne. En combattant plus intensement la petite criminalite, l'Europe se donnerait les moyens de lutter plus efficacement contre le terrorisme. C'est ce qui ressort d'une etude de l'European Union Institute for Security Studies (EUISS), l'agence de l'Union europeenne consacree a l'analyse des questions de politique etrangere, de securite et de defense, et dont le role est de fournir des analyses destinees a orienter la politique de l'Europe. L'etude << The crime-terrorism nexus >> rappelle les connexions entre terrorisme et criminalite. Le crime organise, evidemment, mais aussi la petite delinquance remplissent les caisses de Daesh et financent le djihad. << Le terrorisme lui-meme est un crime souvent finance par une activite criminelle organisee. Mais dans le cas de Daesh, le lien va beaucoup plus loin >> , ecrivent les auteures du rapport. Le groupe Etat islamique compte en effet parmi ses djihadistes europeens un nombre particulierement eleve de criminels. Entre 50 et 80 % d'entre eux ont un casier judiciaire, selon l'etude. A titre de comparaison : ils ne representaient que 25 % du contingent d'Al-Qaida.Les djihadistes belges, pointe le rapport, ont pour la plupart ete condamnes pour vol, agression ou voie de fait et ont generalement commence leur carriere criminelle par des vols a petite echelle.> Sur le Soir+ | Notre dossier complet: la methode <<Al Capone>> pour assecher les finances de Daesh (c) Rossel & Cie - 2018 Conditions generales de vente - Droits de reproduction - Protection de la vie privee - Droit a l'oubli ", "theme": "archive"}