{"id_art": "7a6111ebb43fe63628ba7d52f25a4e3f", "title": "60 millions pour ameliorer ", "newspaper": "lesoir", "author": ["bernard padoan"], "date_publi": ["2017-05-15"], "content": " 60 millions pour ameliorer Bernard Padoan Le gouvernement federal prevoit une serie de mesures pour rendre les entreprises belges plus resistantesaux attaques informatiques.Les PME peuvent mieuxse proteger avec des mesures simples.(c) Rossel & Cie - 2018 -- Conditions generales de ventes -- Droits de reproduction -- Protection de la vie privee - droit a l'oubli ", "theme": "archive"}