{"id_art": "3be550c6b69bacdfab6b614e590a9bd6", "title": "Turquie: arrestation de 1.686 personnes soupconnees de liens avec le terrorisme ", "newspaper": "lesoir", "author": [], "date_publi": [], "content": " Turquie: arrestation de 1.686 personnes soupconnees de liens avec le terrorisme Les forces de securite turque ont mis en une semaine 1.686 personnes sous les verrous pour des liens presumes avec des organisations terroristes, indique lundi le ministere turc de l'Interieur. Le ministere a precise que 570 de ces detenus etaient soupconnes de liens avec les combattants kurdes et que 963 sont accuses d'etre proches du predicateur Fethullah Gulen, que le regime turc accuse d'etre a l'origine du coup d'Etat manque de juillet dernier. (c) Rossel & Cie - 2018 Conditions generales de vente - Droits de reproduction - Protection de la vie privee - Droit a l'oubli ", "theme": "archive"}