{"id_art": "f30ed423e7f0fcd8b153b6b615d51834", "title": "Satisfaction a Bagdad ", "newspaper": "lesoir", "author": [], "date_publi": [], "content": " Satisfaction a Bagdad Satisfaction a Bagdad L'Irak a salue lundi son retrait de la liste des nationalites interdites d'entrer aux Etats-Unis. << Le ministere des Affaires etrangeres exprime sa grande satisfaction >>, a indique un porte-parole de ce ministere, Ahmed Jamal. Il s'agit selon lui d'un << pas important >> qui renforce des relations entre Bagdad et Washington, notamment dans le cadre << de la lutte contre le terrorisme >>. (afp)(c) Rossel & Cie - 2018 -- Conditions generales de ventes -- Droits de reproduction -- Protection de la vie privee - droit a l'oubli ", "theme": "archive"}