{"id_art": "21c68f88f8b89a10ca154f82be8d6947", "title": "Perquisitions a Anderlecht dans le cadre d'un dossier de terrorisme ", "newspaper": "lesoir", "author": [], "date_publi": [], "content": " Perquisitions a Anderlecht dans le cadre d'un dossier de terrorisme Plusieurs personnes soupconnees d'avoir envoye de l'argent en Syrie ont ete interpellees. Une perquisition effectuee dans le cadre d'un dossier de terrorisme a eu lieu jeudi a Anderlecht. Selon le quotidien la Derniere Heure, la police judiciaire federale de Bruxelles (PJF) s'est rendue dans une habitation de la rue Brogniez et y a interpelle plusieurs personnes. Ces dernieres seraient soupconnees d'avoir envoye de l'argent et des colis en Syrie.On ignore le nombre de personnes interpellees. Le parquet federal n'a pas souhaite faire de commentaire sur ce dossier. (c) Rossel & Cie - 2018 Conditions generales de vente - Droits de reproduction - Protection de la vie privee - Droit a l'oubli ", "theme": "archive"}