{"id_art": "e16952680b8c046940c1b1ec535a7650", "title": "l'expert << Assad est otage d'Etats etrangers >> ", "newspaper": "lesoir", "author": ["baudouin loos"], "date_publi": ["2017-03-16"], "content": " l'expert << Assad est otage d'Etats etrangers >> Baudouin Loos Hasni Abidi, directeur du Cermam (Centre d'etudes et de recherche sur le monde arabe et mediterraneen) a Geneve, a repondu a nos questions.A l'occasion des six ans du conflit en Syrie, vous avez evoque dans un tweet, << un soulevement pour la dignite confisque par un regime qui prefere sacrifier un pays et un peuple pour rester >>...Oui, c'est une reponse a ceux qui croient que Bachar el-Assad est un rempart contre la radicalisation et contre le terrorisme. Sans doute est-il toujours la, apres six ans, mais au milieu d'un champ de ruines. La Syrie ne repond plus aux criteres classiques qui definissent un Etat : un territoire, un peuple, un gouvernement et une reconnaissance internationale. Assad est en outre l'otage des Etats etrangers qui le soutiennent, pour avoir du recourir a des milices et partenaires non syriens. En somme, il etait pret a faire disparaitre la Syrie pour le prix de sa survie.(c) Rossel & Cie - 2018 -- Conditions generales de ventes -- Droits de reproduction -- Protection de la vie privee - droit a l'oubli ", "theme": "archive"}