{"id_art": "244526cc927e66ae334a84af6020b0d3", "title": "Trump et Cie debarquent le 25 : derniers preparatifs ", "newspaper": "lesoir", "author": ["philippe regnier"], "date_publi": ["2017-05-03"], "content": " Trump et Cie debarquent le 25 : derniers preparatifs Philippe Regnier Le Premier ministre Michel et le ndeg1 de l'Otan Stoltenberg ont fait le point sur l'organisation de la reunion, mardi au Palais d'Egmont. On entre dans la derniere ligne droite avant le... << cauchemar >> securitaire et logistique du prochain sommet de l'Otan, prevu a Bruxelles le jeudi 25 mai de l'Ascension. Le Premier ministre Michel et le secretaire general de l'Alliance atlantique Stoltenberg ont passe mardi en revue l'organisation de la reunion. Celle-ci verra l'imposant Air Force One de Donald Trump se poser pour la premiere fois en Belgique - et meme, pour la premiere fois, a l'etranger.Le president des Etats-Unis retrouvera ses 27 homologues de l'Otan, parmi lesquels le nouveau - ou la nouvelle... - president(e) de la France, l'ombrageux president turc Erdogan ou encore la << Brexiteer >> Theresa May. Le celebre Boeing 747 bleu et blanc du president sera comme a l'accoutumee accompagne de sa doublure et d'une noria d'avions charges des vehicules du convoi presidentiel. Par contre, les details pratiques du deplacement du locataire de la Maison-Blanche ne sont pas finalises.(c) Rossel & Cie - 2018 -- Conditions generales de ventes -- Droits de reproduction -- Protection de la vie privee - droit a l'oubli ", "theme": "archive"}