{"id_art": "63ab9e13ecec97275e18554683c21d87", "title": "Pourquoi le bracelet <<antidjihadiste>> a ete abandonne ", "newspaper": "lesoir", "author": [], "date_publi": [], "content": " Thomas Casavecchia La mesure, critiquee de toute part, etait difficilement applicable. La mesure, destinee a lutter contre le radicalisme et le terrorisme, avait ete annoncee parmi dix-sept autres par le gouvernement federal au lendemain des attentats de Paris, qui venaient s'ajouter aux douze deja annoncees apres les operations de Verviers.Le principe ? Imposer le port d'un bracelet electronique aux personnes fichees par l'Ocam comme presentant un risque djihadiste. Les voix n'avaient pas tarde a s'elever contre une mesure jugee contraire a la Constitution, aux droits de l'Homme mais aussi difficile a mettre en place sur le terrain. Voire simplement irrealisable.Pas simple, en effet, d'imposer le bracelet a une personne dont on ne fait que suspecter le radicalisme, independamment de toute infraction ou condamnation.", "theme": "archive"}