{"id_art": "e9f10d0e206e6a5d68451e9bca1842e4", "title": "18.884 personnes fichees pour terrorisme en Belgique ", "newspaper": "lesoir", "author": [], "date_publi": [], "content": " 18.884 personnes fichees pour terrorisme en Belgique Le nombre de personnes fichees est en forte augmentation. Le nombre de personnes fichees dans la banque de donnees de la police pour des liens avec le terrorisme s'eleve a 18.884 en 2017 contre 1.875 en 2010, rapporte vendredi La Derniere Heure, qui mentionne des chiffres du ministre de l'Interieur. Les raisons de ces inscriptions dans la BNG sont tres larges puisqu'on retrouve dans ce nombre aussi bien des gens lies a des attentats que des personnes en possession d'un ordinateur dans lequel la litterature de Daesh a ete retrouvee.Le nombre de personnes enregistrees dans la BNG pour comportement en lien avec une radicalisation violente s'eleve quant a lui a 2.248. Les lois sur le terrorisme ont ete revues dans le sillage des attentats de Paris et les faits incrimines ont ete elargis. Le nombre de personnes enregistrees pour tout type de motif dans la BNG est lui aussi considerable puisqu'il s'eleve a 2,221 millions. (c) Rossel & Cie - 2018 Conditions generales de vente - Droits de reproduction - Protection de la vie privee - Droit a l'oubli ", "theme": "archive"}