{"id_art": "9be0632bcfa3e108639396c308016344", "title": "Plus de 300 operations contre Daesh ", "newspaper": "lesoir", "author": ["frederic delepierre"], "date_publi": ["2017-03-21"], "content": " Plus de 300 operations contre Daesh Frederic Delepierre Les six F-16 belges deployes en Jordanie depuis juillet ont deja effectue 326 operations dont 45 % avec bombardement.Le ministrede la Defense est alle leur rendre visite.Lundi, le ministre de la Defense Steven Vandeput (N-VA) est alle rendre visite aux militaires belges stationnes en Jordanie. Il a egalement passe l'imposant materiel en revue. De notre envoye special(c) Rossel & Cie - 2018 -- Conditions generales de ventes -- Droits de reproduction -- Protection de la vie privee - droit a l'oubli ", "theme": "archive"}