{"id_art": "30d10d4da333ec3bbb6a0dafcd2a6571", "title": "Des meetings sous haute tension ", "newspaper": "lesoir", "author": [""], "date_publi": ["2017-03-06"], "content": " Des meetings sous haute tension Christophe Bourdoiseau Le ton monte encore d'un cran entre Berlin et Ankara.Le president Erdogan accuse Berlin d'employer des << methodes nazies >> pour empecher les ministres turcs de defendre son referendum en Allemagne. Malgre les tensions, le ministre turc de l'Economie, Nihat Zeybekci, a pu participer, dimanche soir, a un evenement organise par des organisations turques, a Leverkusen. DE NOTRE CORRESPONDANTQuand s'arretera le dangereux engrenage qui se joue depuis des mois entre Berlin et Ankara ? Alors que les relations entre les deux pays etaient deja au plus bas depuis le putsch manque de juillet en Turquie, l'annulation de plusieurs meetings de ministres turcs en Allemagne a fait encore monter d'un cran les tensions germano-turques. Ankara, qui accuse Berlin d'heberger les << terroristes >> du putsch mais aussi des sympathisants du mouvement arme kurde (PKK), reproche maintenant aux Allemands d'oeuvrer en faveur du << non >> au referendum du 16 avril qui doit permettre au president Recep Tayyip Erdogan de renforcer ses pouvoirs.(c) Rossel & Cie - 2018 -- Conditions generales de ventes -- Droits de reproduction -- Protection de la vie privee - droit a l'oubli ", "theme": "archive"}