{"id_art": "d648bde52c73b70975fe91efe8aa0505", "title": "Aysha et Keith, deux victimes de l'attentat de Londres identifiees ", "newspaper": "lesoir", "author": [""], "date_publi": ["2017-03-23"], "content": "Parmi les trois personnes tuees dans l'attaque, les noms d'une mere de 43 ans et du policier poignarde a mort ont ete confirmes. Trois personnes au moins ont ete tuees lors de l'attaque a Westminster. L'assaillant, qui aurait agi seul selon les premieres constatations, a roule sur le trottoir du pont qui mene a Big Ben pour renverser de nombreux pietons. Le forcene - aux motivations terroristes selon toute vraisemblance - est ensuite entre dans le Parlement britannique et s'est attaque au policier a coups de couteau.Les victimes sont une femme d'une quarantaine d'annees, un homme d'une cinquantaine d'annees et le policer de 48 ans attaque devant le Parlement. Sept des 29 blesses sont par ailleurs dans un etat critique. Parmi eux, de nombreux touristes : trois lyceens francais dont le pronostic vital n'est pas engage mais aussi des Roumains, cinq Sud-Coreens et un Chinois.", "theme": "archive"}