{"id_art": "8ee7b4dad5802ec1d8e309906e497635", "title": "Ziad Doueiri: <<Avec de la volonte, les mentalites peuvent evoluer partout>> ", "newspaper": "lesoir", "author": ["gaelle moury"], "date_publi": ["2018-01-26"], "content": " Gaelle Moury Prime a Venise, << L'insulte >> parle subtilement de la societe libanaise dans toutes ses contradictions et ses traumatismes. Direct, spontane, vrai, Ziad Doueiri est de ces cineastes qui parviennent a capter l'essence du monde tout en la rendant accessible. Ne a Beyrouth dans les annees 1960, il grandit pendant la guerre civile. Un contexte qui le marquera profondement et qui influencera a jamais son cinema. Parmi ses projets les plus acclames : West Beyrouth, brillant film sur la guerre civile libanaise.", "theme": "archive"}