{"id_art": "f5bfcdbeb2b7102a64b296b56fc9c3d1", "title": "Le message de Juncker a la Suede: <<Une attaque contre un Etat de l'UE est une attaque contre nous tous>> ", "newspaper": "lesoir", "author": [""], "date_publi": ["2017-04-07"], "content": "Le president de la Commission europeenne Jean-Claude Juncker a envoye un message de solidarite a la Suede vendredi apres un attentat au camion belier a Stockholm, estimant qu'une attaque visant un pays europeen etait << une attaque contre nous tous >>.<< Nos pensees sont avec le peuple suedois apres les evenements tragiques a Stockholm aujourd'hui >>, a-t-il declare dans un communique. << Une attaque contre tout Etat membre (de l'UE, ndlr) est une attaque contre nous tous >>, a-t-il ajoute.", "theme": "archive"}