{"id_art": "5e766e8105030beea6cb4a1038017203", "title": "Emmanuel Macron est elu president de la Republique francaise ", "newspaper": "lesoir", "author": [""], "date_publi": ["2017-05-07"], "content": " La redaction avec AFPElections Presidentielles 2017 A 39 ans, il devient le huitieme president de la Ve Republique. Emmanuel Macron a ete elu dimanche president de la Republique en battant largement la candidate d'extreme droite Marine Le Pen lors d'un second tour marque par une forte abstention, mais de nombreux defis attendent cet homme jeune a l'ascension fulgurante, a commencer par l'obtention d'une majorite a l'Assemblee.", "theme": "archive"}