{"id_art": "ebfbefbe980c0521431aba2315c0a74e", "title": "<< S'il y a vraiment des risques reels, c'est a discuter >> ", "newspaper": "lesoir", "author": [], "date_publi": [], "content": " << S'il y a vraiment des risques reels, c'est a discuter >>Selon Edouard Delruelle, la question doit etre posee au niveau local et juridique car il revient aux bourgmestres de justifier une interdiction et des recours administratifs sont toujours possibles en cas d'abus.Interdire les meetings d'Erdogan, est-ce une limitation de la liberte d'expression ?(c) Rossel & Cie - 2018 -- Conditions generales de ventes -- Droits de reproduction -- Protection de la vie privee - droit a l'oubli ", "theme": "archive"}