{"id_art": "8a7f9df391ceedd9c154b50837538a33", "title": "Attaque a Londres: la piste du <<terrorisme islamiste>> est privilegiee ", "newspaper": "lesoir", "author": [""], "date_publi": ["2017-03-23"], "content": " AFPUn dernier bilan fait etat de quatre morts, sans compter l'assaillant, et une quarantaine de blesses. La piste du << terrorisme islamiste >> etait privilegiee au lendemain d'une attaque ayant fait quatre morts devant le Parlement britannique a Londres, survenue un an jour pour jour apres les meurtriers attentats de Bruxelles.Une quarantaine de personnes ont egalement ete blessees lorsqu'un homme barbu vetu de noir a lance mercredi en debut d'apres-midi sa voiture contre la foule sur le pont de Westminster, face a Big Ben, avant de poignarder a mort un policier en essayant de penetrer dans le Parlement.L'assaillant, qui a agi seul selon les enqueteurs, et dont l'acte n'a pas ete revendique pour le moment, a ensuite ete << abattu par un autre policier >>, selon le commandant de l'antiterrorisme Mark Rowley.", "theme": "archive"}