{"id_art": "450ed3bb24843d9e4f03ff1bcfa91ae9", "title": "analyse En Suede, le retour des djihadistes inquiete ", "newspaper": "lesoir", "author": [""], "date_publi": ["2017-04-08"], "content": " analyse En Suede, le retour des djihadistes inquiete Ludivine PonciauL'auteur de cette nouvelle attaque au camion-belier n'etait pas encore identifie vendredi soir. Mais vu le mode operatoire utilise - qui laisse malheureusement une douloureuse impression de deja-vu - et la succession d'attaques commises ces derniers jours en Europe (Londres, Saint-Petersbourg), la piste de l'islamisme radical apparait a ce stade comme la plus plausible. << La Suede a ete attaquee >> et << tout laisse penser a un attentat >>, a confirme en fin d'apres-midi le Premier ministre suedois Stefan Lofven, sans toutefois s'avancer sur la nature de l'acte terroriste.La Suede etait-elle la cible de menaces particulieres ? Le pays fait partie des membres de la coalition internationale contre Daesh mais n'apporte qu'une aide logistique, diplomatique et financiere.(c) Rossel & Cie - 2018 -- Conditions generales de ventes -- Droits de reproduction -- Protection de la vie privee - droit a l'oubli ", "theme": "archive"}