{"id_art": "064799f964f958730636299b42381f26", "title": "Carlos devant ses juges, 43 ans apres l'attentat ", "newspaper": "lesoir", "author": ["marc metdepenningen"], "date_publi": ["2017-03-14"], "content": " Carlos devant ses juges, 43 ans apres l'attentat Marc Metdepenningen Carlos, a nouveau dans le box des accuses. Le proces du Venezuelien Carlos Illich Ramirez Sanchez, alias Carlos, qui s'est ouvert lundi devant la Cour d'assises speciale de Paris, entend etablir, 43 ans apres les faits, la responsabilite de cette figure du terrorisme propalestinien, dans l'attentat commis le 15 septembre 1974 au Drugstore Publicis (Paris) et qui avait fait deux morts et 34 blesses.Cette plongee dans l'archeologie terroriste est l'aboutissement d'une saga judiciaire qui aura epuise plusieurs juges d'instruction, debouche sur deux non-lieux et une cascade de recours. Carlos, 67 ans, qui croupit en prison depuis une double condamnation a la perpetuite, nie depuis toujours toute responsabilite dans l'attentat du Drugstore, meme si en tant que << heros de la resistance palestinienne >>, comme il se qualifie lui-meme, il revendique << la responsabilite operationnelle et politique >> de << tous les morts et les blesses >>.(c) Rossel & Cie - 2018 -- Conditions generales de ventes -- Droits de reproduction -- Protection de la vie privee - droit a l'oubli ", "theme": "archive"}