{"id_art": "f0cd3e843fa6ef0f2a93b9c7f8b634e1", "title": "M. Stoltenberg (Otan) appelle a nouveau a la desescalade entre la Turquie et ses allies ", "newspaper": "lesoir", "author": [], "date_publi": [], "content": " M. Stoltenberg (Otan) appelle a nouveau a la desescalade entre la Turquie et ses allies Le secretaire general de l'Otan, Jens Stoltenberg, a une nouvelle fois appele jeudi les membres de l'Alliance a adopter un ton plus conciliant les uns envers les autres, dans un contexte de tensions sans precedent entre la Turquie d'une part et l'Allemagne et les Pays-Bas de l'autre, a l'approche d'un referendum sur le renforcement des pouvoirs du president turc. << Un debat robuste et ouvert entre les membres de l'Otan fait part de notre democratie >>, a-t-il affirme a la presse lors d'une visite a Copenhague apres une rencontre avec des parlementaires danois.Mais il est << dans le meme temps important de faire preuve de respect mutuel >>, a-t-il dit. << Mon message a tous les membres de l'Otan est qu'ils peuvent reduire les tensions et notre conflit, de telle sorte que nous evitions de creer des problemes entre les pays de l'Otan >>, a dit M. Stoltenberg. << Les pays de l'Otan devraient se focaliser davantage sur les menaces exterieures auxquelles l'Alliance fait face >>, a-t-il poursuivi, citant le terrorisme et une Russie plus agressive. (c) Rossel & Cie - 2018 Conditions generales de vente - Droits de reproduction - Protection de la vie privee - Droit a l'oubli ", "theme": "archive"}