{"id_art": "6c0ac896aef62ce792c17483cfa2bc49", "title": "<< Il fallait l'envie d'etre nue emotionnellement >> ", "newspaper": "lesoir", "author": ["fabienne bradfer"], "date_publi": ["2018-01-17"], "content": " << Il fallait l'envie d'etre nue emotionnellement >> Fabienne Bradfer Diane Kruger a recu le Prix d'interpretation a Cannes pour sa performance siderante dans << In the fade >>.Avec ce personnage de jeune femme qui perd mariet enfant dans un attentat, elle a trouve lale role qui a transforme sa vie, explique-t-elle au << Soir >>.La plus francaise des actrices allemandesest convaincue que le meilleur est a venir.<<Oui, je suis allee trop loin car je melangeais ma vie avec la vie des autres mais impossible de faire autrement>>. De notre envoyee specialeEn ce moment, Diane Kruger fait la joie de la presse people comme de la presse specialisee en cinema. Motif : d'un cote, elle a officialise sa relation avec Norman Reedus, connu pour camper Daryl dans la serie << The Walking Dead >>, par un baiser sur le tapis rouge des Golden Globes puis des Critics' Choice Awards ; d'autre part, elle est a l'affiche de In the fade, de Fatih Akin, qui lui valut a juste titre le Prix d'interpretation a Cannes. A 41 ans, la plus francaise des actrices allemandes a trouve un role charniere, celui qui transforme une vie. Elle l'avoue, elle n'est pas sortie indemne de ce tournage, l'histoire violente et bouleversante d'une femme qui perd son mari et son fils dans un attentat.(c) Rossel & Cie - 2018 -- Conditions generales de ventes -- Droits de reproduction -- Protection de la vie privee - droit a l'oubli ", "theme": "archive"}