{"id_art": "6ce3a6a62cbbc8716e2c59d656505c31", "title": "May en Ecosse ", "newspaper": "lesoir", "author": [], "date_publi": [], "content": " nations britanniques May en Ecosse Anne AndlauerMay en Ecosse<< L'Etat, c'est moi. >> La phrase n'a pas ete prononcee par Theresa May mais c'est bien le message que la Premiere ministre a delivre hier aux Ecossais et a Nicola Sturgeon. A deux jours du declenchement du Brexit, la cheffe du gouvernement britannique a conclu sa tournee du Royaume-Uni, entamee la semaine derniere, par une visite aux accents tres regaliens au nord du mur d'Hadrien.(c) Rossel & Cie - 2018 -- Conditions generales de ventes -- Droits de reproduction -- Protection de la vie privee - droit a l'oubli ", "theme": "archive"}