{"id_art": "7da785a001857d8d08393122c3aa307e", "title": "Le depute Tobias Ellwood a secourule policier blesse ", "newspaper": "lesoir", "author": ["frederic delepierre"], "date_publi": ["2017-03-23"], "content": " le heros Le depute Tobias Ellwood a secourule policier blesse Frederic Delepierre L'intervention de Tobias Ellwood aupres du policier ne l'a pas sauve. Le depute Tobias Ellwood a secourule policier blesseC'est le heros du jour. Tobias Ellwood, un depute conservateur britannique, a tente de sauver la vie du policier qui a ete poignarde juste a l'interieur des portes du domaine parlementaire. Malheureusement en vain, puisque le blesse succombera a ses blessures un peu plus tard.Le depute conservateur, age de 50 ans, a tente de faire du bouche-a-bouche au policier pour le reanimer. Il a aussi essaye de contenir l'ecoulement du sang des blessures de la victime en exercant une pression sur les plaies. Ancien soldat, Tobias Ellwood est reste avec l'officier blesse dans l'attente de l'arrivee de l'helicoptere ambulance qui a atterri sur la place du Parlement. Des temoins l'ont ensuite vu plus tard, les mains ensanglantees, parler aux officiers pres des lieux de l'attaque avant de regagner son bureau du Foreign Office.(c) Rossel & Cie - 2018 -- Conditions generales de ventes -- Droits de reproduction -- Protection de la vie privee - droit a l'oubli ", "theme": "archive"}