{"id_art": "982ea405b6fc5e5d1b6177cbb28b0e30", "title": "Israel: un rapport devastateur pour le Premier ministre Netanyahou ", "newspaper": "lesoir", "author": [], "date_publi": [], "content": " Serge DumontUn rapport sur la guerre de 2014 accable Netanyahou et ses ministres. Il revisite l'operation << Bordure protectrice >> dans sa dimension politique. Il a sous-estime les tunnels de Gaza. Depuis Tel Aviv Plus qu'un camouflet, c'est un coup de massue que vient d'infliger le Controleur de l'Etat, Yossef Shapira, a Binyamin Netanyahou ainsi qu'a ses ministres les plus importants participant aux reunions du cabinet restreint de la securite. Equivalent israelien de la Cour des comptes mais avec plus de moyens et de competences, ce haut magistrat publie en effet regulierement des rapports sur les dysfonctionnements des administrations locales et nationales, du complexe militaro-industriel, ainsi que du gouvernement. Israel ,a long terme, creuse sa tombe. Trump, Netanyahou, Fillon, Le Pen, Orban, Kaczynski, Duterte: tous issus du meme tonneau: si quelqu'un n'est pas d'accord avec moi, c'est un vendu; si la justice s'interesse a moi, c'est une cabale, un complot. Moi, je m'aime, je suis le meilleur. Ces personnes portent les memes stigmates: ils paraissent tellement malheureux qu'ils detestent tout le monde sauf lorsqu'ils flattent pour s'attirer un vote, un privilege. Franchement, je les plains, je prefere etre a ma place: cool, heureux et confiant dans l'Humain. Trump Bibi meme combat. Ce sont de vrais amis!!! Quand vais-je entendre une voix critique a ce sujet? Il s'agit d'un gouvernement d'extreme droite et personne n'en parle!!! On va jusqu'a organiser des visites de courtoisie au moment ou l'on parle de legaliser les annexions! ..Et notre premier ministre s'y rend pour...renforcer la cooperation ...economique et critiquer ...un peu ...pour la forme. ", "theme": "archive"}