{"id_art": "ed73f11de63aa34a19941870adaae428", "title": "Le Roi aux victimes du 22 mars: <<A la haine et a la souffrance, vous avez repondu par l'amour>> (video) ", "newspaper": "lesoir", "author": [], "date_publi": [], "content": " Le Roi aux victimes du 22 mars: <<A la haine et a la souffrance, vous avez repondu par l'amour>> (video) Le couple royal a inaugure le monument de Jean-Henri Compere dedie a toutes les victimes d'actes terroristes.(c) Belga(c) Belga Les commemorations en direct sur mobile Un monument dedie a toutes les victimes d'actes terroristes a ete inaugure mercredi matin a Bruxelles, en presence du couple souverain, du premier ministre et de nombreuses personnalites politiques belges et europeennes, ainsi que de victimes des attentats perpetres a Brussels Airport et a la station de metro Maelbeek le 22 mars 2016.Ce memorial, de 20 metres de long et deux de haut, a ete implante sur l'axe central pietonnier, situe petite rue de la Loi, entre le rond-point Schuman et l'avenue de la Joyeuse Entree.L'ensemble est compose de deux plaques jumelles en acier inoxydable satine. <<Deux plaques qui se font face et se rejoignent en se redressant, tel deux aimants qui s'opposent, marquant d'un geste fort le refus de la violence et laissant au travers de l'espace qui les separe, la place au dialogue et a l'espoir>>, explique l'artiste Jean-Henri Compere.A son arrivee a la ceremonie, le couple royal a commence par saluer des representants des services d'intervention et de secours, qui jouerent un role exemplaire lors des attentats perpetres dans la capitale. Le roi Philippe a ensuite pris la parole et rendu un hommage aux victimes et a leurs familles, <<dont personne ne peut pretendre comprendre l'epreuve>> qu'elles traversent. Il a egalement exprime sa conviction quant a la responsabilite pour tout un chacun d'agir afin de rendre la <<societe plus humaine et plus juste>>. <<Osons la tendresse en cette journee de recueillement et de souvenir>>, a exhorte le souverain, avant de ceder la parole a des proches de victimes d'actes terroristes a Bruxelles et dans le monde.L'oeuvre d'art dediee a toutes les victimes du terrorisme a ete officiellement inauguree par le premier ministre Charles Michel, le ministre-president bruxellois Rudi Vervoort et le bourgmestre de la Ville de Bruxelles Yvan Mayeur.Une couronne de fleurs arborant l'inscription <<Hommage de la Nation>> a ete deposee devant ce monument par le roi Philippe, avant qu'une minute de silence soit observee. Les hymnes europeen et belge ont retenti et marque la fin de cette ceremonie. Le couple royal et le premier ministre ont quitte les lieux pour se rendre au Residence Palace ou ils echangeront, a l'abri des cameras, avec des victimes et leurs familles. (c) Rossel & Cie - 2018 Conditions generales de vente - Droits de reproduction - Protection de la vie privee - Droit a l'oubli ", "theme": "archive"}