{"id_art": "1f31691ea44a46e0fa7ddcbf338402e2", "title": "Sven Mary aura sept semaines pour etudier le dossier Abdeslam ", "newspaper": "lesoir", "author": [], "date_publi": [], "content": " Sven Mary aura sept semaines pour etudier le dossier Abdeslam Ludivine Ponciau Le proces de Salah Abdeslam et de Sofien Ayari debutera le 5 fevrier 2018.Le terroriste sera probablement transfere dans une prison du nord de la France.Sven Mary a egalement demande a pouvoir s'entretenir avec Salah Abdeslam entre les audiences. GEERT VANDEN WIJNGAERT/Afp.Sept semaines, pas une de plus. C'est le delai que le tribunal de premiere instance a accorde a Me Sven Mary pour prendre connaissance du dossier (douze cartons) et preparer la defense de son client, Salah Abdeslam.Le seul survivant des commandos du 13 novembre et son complice presume, le Tunisien Sofien Ayari, ne comparaitront pas devant la 90e chambre correctionnelle de Bruxelles avant le 5 fevrier 2018 pour leur implication dans la fusillade de la rue du Dries (15 mars 2016). Le proces, qui devait initialement s'ouvrir lundi, a ete reporte a la demande de son avocat.Le 13 decembre, on apprenait en effet que Sven Mary avait finalement accepte d'assumer la defense du djihadiste molenbeekois de 28 ans. Sans surprise, ni le parquet federal ni le tribunal correctionnel compose de trois juges, ne se sont opposes a sa demande de report.(c) Rossel & Cie - 2018 -- Conditions generales de ventes -- Droits de reproduction -- Protection de la vie privee - droit a l'oubli ", "theme": "archive"}