{"id_art": "0850a366a1dde543ee1a25409c78354b", "title": "Thomas Friedman: <<Trump est fondamentalement stupide>> ", "newspaper": "lesoir", "author": [""], "date_publi": ["2017-03-23", "2017-03-23"], "content": " PHILIPPE DE BOECKTriple prix Pulitzer, editorialiste au << New York Times >> et auteur de best-sellers, Thomas Friedman est un des journalistes les plus lus au monde. Dans son dernier livre qui vient d'etre traduit en francais, il demontre l'importance de prendre une pause dans un monde hyperconnecte. L'occasion aussi de parler du president americain. Thomas Friedman etait de passage a Paris mardi a l'occasion de la sortie de son livre en francais. Que pensez-vous de Trump ? Il est fondamentalement stupide. Il est intelligent en affaires, en immobilier, mais il ne comprend rien parce qu'il ne lit pas et passe son temps a regarder la tele. Il est toujours en mode emetteur, jamais en mode reception. Pour comprendre le monde qui l'entoure, il devrait ecouter. Il a deja plus de 70 ans, sera-t-il capable de s'adapter a sa nouvelle fonction, d'evoluer ? Kim Jong Trump.... ", "theme": "archive"}