{"id_art": "9d3e80fb6ac2479103bed624542c2679", "title": "L'incendiaire a prisla mosquee pour cible ", "newspaper": "lesoir", "author": [""], "date_publi": ["2017-04-01"], "content": " L'incendiaire a prisla mosquee pour cibleC'est un dossier particulier qu'a examine, ce jeudi, le tribunal correctionnel de Liege. Michael, un Herstalien ne en 1979, y comparait par le biais d'une citation acceleree pour avoir tente d'incendier le centre culturel Al-Ihsan, une mosquee de Herstal, le 17 octobre dernier. Les parties civiles evoquent un << attentat terroriste >>, des << tentatives d'homicide >>, un << outrage a l'exercice du culte >>, mais le ministere public tempere : il s'agit, selon la substitut, d'un acte << grave, qui aurait pu avoir de terribles consequences >>, mais c'est << une tentative d'incendie commis par un homme ayant trop bu >>.(c) Rossel & Cie - 2018 -- Conditions generales de ventes -- Droits de reproduction -- Protection de la vie privee - droit a l'oubli ", "theme": "archive"}