{"id_art": "17abbeceddaac07822ed3c9a14065b4e", "title": "Un camion fonce dans la foule a Stockholm: les premieres images ", "newspaper": "lesoir", "author": [""], "date_publi": ["2017-04-07"], "content": " AFPPlusieurs personnes ont ete tuees lors de l'attaque. Plusieurs passants ont ete tues vendredi par un camion dans le centre de Stockholm lors d'un <<attentat>>, ont affirme les services de securite suedois (Sapo).<<Il y a des morts, et beaucoup de blesses>>, a indique a l'AFP un porte-parole de Sapo, qui disait dans un communique rechercher <<celui ou ceux qui sont derriere cet attentat>>.Le drame s'est deroule dans une rue tres commercante dans le centre de la capitale suedoise. Voici les premieres images apres l'attaque. ", "theme": "archive"}