{"id_art": "1ad0dba6b5d90e2c0e039297a30cbd5c", "title": "<< Joindre le futile a l'agreable >> ", "newspaper": "lesoir", "author": [], "date_publi": [], "content": " << Joindre le futile a l'agreable >> Daniel Couvreur Le comique belge joue depuis tout petit avec l'insoupconnable legerete des mots.Apres ses << ludictionnaires >>, il signe 106 fabliaux pour aimer la vie a la folie et blasphemer contre ces temps assommants.<<Un intellectuel, ca baise, ca pete et ca rote comme tout le monde. J'en connais!>>, nous assure Bruno Coppens. D.R. Fou du Roi de Stephane Bern, Monsieur Virgule de Bla-Bla, chroniqueur presque serieux de Cafes serres, auteur de dictionnaires a << contre-Coran >>, zebre de la joute verbale... Bruno Coppens est tout ca a la fois. Son nouveau livre est un don d'orgasme a devorer sous la lune en ecoutant tout Sardou en boucle. Ne vous fiez qu'a l'insignifiant, recommande l'humoriste philosophe, et devenez enfin l'acteur de votre existence !Ces 106 contes absurdes de nos vies ordinaires sont volontairement vides de sens ?(c) Rossel & Cie - 2018 -- Conditions generales de ventes -- Droits de reproduction -- Protection de la vie privee - droit a l'oubli ", "theme": "archive"}