{"id_art": "aea149ef33c07c36d13f58a06fbe1135", "title": "La Cour de cassation marocaine examinera le dossier Ali Aarrass le 29 mars ", "newspaper": "lesoir", "author": [], "date_publi": [], "content": "Le Belgo-Marocain condamne au Maroc a douze ans de prison clame son innocence dans ce dossier de terrorisme. La cour prendra-t-elle en compte la torture qu'il a subie avant de signer des aveux qu'il a ensuite retractes ? Du nouveau, enfin, pour Ali Aarrass ? Le cas de ce Belgo-Marocain condamne a 12 ans de prison en appel au Maroc en 2012 pour terrorisme apres des aveux extorques sous la torture (denoncee par des experts de l'ONU) sera examine ce 29 mars par la Cour de cassation du royaume du Maroc. Une echeance longtemps esperee par le detenu et ses proches qui se materialise enfin.Comme dans nombre d'Etat europeens, la Cour de cassation ne jugera pas les faits mais controlera la legalite de la decision de la Cour d'appel. << Nous avons depose de longues conclusions, nous explique Me Nicolas Cohen, qui fait partie des avocats qui defendent Ali Aarrass et qui se rendra au Maroc pour assister aux debats. Parmi nos arguments, il y a la violation de la Convention contre la torture. Il faut savoir que les aveux arraches sous la torture constituent la seule preuve de l'accusation contre Ali. >> ", "theme": "archive"}