{"id_art": "a255bf0f6b6c6bc82f574c83f841d7aa", "title": "Business en Irak: toujours pas de liste ", "newspaper": "lesoir", "author": [""], "date_publi": ["2018-01-26"], "content": " Ludivine PonciauTerrorisme : les societes belges pas controlees I l n'existe aucune obligation legale de recenser les entreprises belges ou a capitaux belges actives en Irak ou en Syrie >>, a affirme le ministre des Finances, Johan Van Overtveldt (N-VA), en reponse a une interpellation du depute Benoit Hellings (Ecolo). En septembre 2016, le ministre des Affaires etrangeres et du Commerce exterieur avait indique que 997 entreprises entretiendraient des echanges commerciaux avec la Syrie, 865 avec l'Irak. Au conditionnel puisque l'administration belge ne disposait d'aucune information fiable et actualisee lui permettant de determiner avec certitude si ces societes etaient toujours actives, ni ce qu'elles y faisaient exactement. En effet, << les societes repertoriees ne sont pas contraintes de detailler leurs contacts commerciaux. Si a un moment donne, elles ont manifeste l'intention de mener des activites dans ces pays, cela ne figure pas forcement sur leur profil", "theme": "archive"}