{"id_art": "c4baf14390403830a4c717a970529275", "title": "Climat : les Belges inquiets ", "newspaper": "lesoir", "author": [], "date_publi": [], "content": " Climat : les Belges inquiets Michel De MuelenaereClimat : les Belges inquietsEnvironnement, terrorisme, sante. Tel est, dans l'ordre, le trio de tete des preoccupations des Belges. C'est ce qu'indique un sondage realise aupres de plus de 1.500 personnes a la demande du service << Climat >> de l'administration federale de l'environnement. Selon les chiffres, l'inquietude des Belges concernant l'environnement est croissante ; huit sur dix se disent preoccupes, principalement par la pollution de l'air et les changements climatiques. Informes, interesses, soucieux, les Belges estiment egalement que la question climatique doit faire l'objet de << mesures urgentes >>. Ils sous-estiment cependant l'impact des emissions des menages sur le rechauffement. Positif, une majorite des personnes interrogees se dit prete a en faire davantage pour reduire ses emissions. Decu de l'action des pouvoirs publics, le Belge est favorable a 65 % a une consigne sur les canettes et a 39 % a une taxe sur le carbone. M.d.M.(c) Rossel & Cie - 2018 -- Conditions generales de ventes -- Droits de reproduction -- Protection de la vie privee - droit a l'oubli ", "theme": "archive"}