{"id_art": "60514b7108e8dd74447e6c27a4650fcb", "title": "Pologne, Hongrie: oser defendre la democratie ", "newspaper": "lesoir", "author": ["jurek kuczkiewicz"], "date_publi": ["2017-05-17"], "content": " Jurek Kuczkiewicz L'espoir de ceux qui desesperaient renait. La Pologne et la Hongrie voient arriver le moment ou il sera mis un hola a leurs derives. Serait-ce du a un << effet Macron >>, qui aurait leve une nouvelle part de reticences a prendre de front l'extreme droite et les populistes plutot que de les eviter ? Serait-ce la lassitude des responsables europeens, qui auraient constate qu'il ne sert a rien de regarder ailleurs, car les problemes non traites finissent quand meme par s'accumuler et embarrasser la marche en avant ? Ou ne serait-ce plus prosaiquement que l'effet mecanique des procedures europeennes : une fois lancees, il est difficile d'empecher leur arrivee a (bon) terme, alors meme qu'on n'y avait pas accorde beaucoup de credit ?", "theme": "archive"}