{"id_art": "c9ba3eabaf42eeccbf07d938dd0af1c8", "title": "Presidentielle: le taux de participation est de 28,54% a midi ", "newspaper": "lesoir", "author": [""], "date_publi": ["2017-04-23"], "content": " La redaction en ligneElection presidentielle 2017 Il etait de 28,29% en 2012. Les Francais se pressaient dimanche dans les bureaux de vote, sous haute surveillance apres un nouvel attentat a Paris, pour participer au premier tour d'une election presidentielle a l'issue imprevisible et cruciale pour l'avenir de l'Union europeenne.Quatre heures apres l'ouverture des bureaux de vote, la participation s'elevait a 28,54% un chiffre legerement superieur a celui de 2012 (28,29%).<<C'est important de voter, mais on n'a pas beaucoup de bons choix, donc j'ai vote pour le moins mauvais>>, a confie Andre Pouilly, un retraite de 67 ans de Calais (nord).Le niveau de mobilisation des 47 millions d'electeurs est l'une des cles de ce scrutin, alors qu'un sur quatre se disait encore indecis avant le premier tour.", "theme": "archive"}