{"id_art": "f96f348ad1726662ad18fb91d483d4d9", "title": "Proces Abdeslam : pour Sven Mary, son client <<ne peut etre qualifie de terroriste>> ", "newspaper": "lesoir", "author": [], "date_publi": [], "content": " Domitille Lehman (St.)L'avocat explique que son client ne cherchait qu'a echapper aux forces de l'ordre. Pour l'avocat de Salah Abdeslam, grand absent du proces, la fusillade de la rue de Dries << n'avait pas pour objectif d'intimider une population comme pour un attentat classique. >>. Sven Mary explique que l'intention d'Abdeslam etait seulement << d'echapper >> aux forces de l'ordre.Selon lui,<< Si la fusillade n'a pas mis gravement en peril la Belgique, [son client] ne peut etre qualifie de terroriste >>, et il ajoute : << Rien ne permet de condamner Salah Abdeslam pour terrorisme dans cette affaire >>. Suivez notre live sur le proces Abdeslam et Ayari M. Mary, pouvez-vous nous (et vous) rappeler pourquoi votre client voulait echapper a la police ? Reponse : Dans le cadre des actions terroristes de Paris et Bruxelles. ", "theme": "archive"}