{"id_art": "5468573fb5273d2d5ee1e0e397b612e6", "title": "Sophie Wilmes relativise ", "newspaper": "lesoir", "author": ["dominique berns"], "date_publi": ["2017-03-23"], "content": " Dominique Berns La ministre du Budget, Sophie Wilmes, relativise les previsions du Bureau du Plan. << Le Plan est generalement plus pessimiste ; c'etait le cas en 2015, mais aussi l'an passe. Au printemps passe, le Plan nous annoncait un deficit public de 2,8 % du PIB. Or, nous avons cloture 2016 sur un deficit de 2,6 %. Le Bureau du Plan ne prend pas en compte certaines mesures que nous avons annoncees, ni la \"flexibilite\" permise par les regles europeennes >> (qui autorisent de ne pas tenir compte des depenses exceptionnelles liees a la crise des migrants et au terrorisme), a-t-elle precise.", "theme": "archive"}