{"id_art": "fc68495011307a4c7ed7577e0d96ffcc", "title": "Le blogueur bruxellois arrete pour avoir brule le livre de l'avocat de Dutroux est libere ", "newspaper": "lesoir", "author": [""], "date_publi": ["2018-02-17"], "content": " BelgaUne liberation sous conditions. Le blogueur Cedric Z., interpelle par la police vendredi soir, a ete libere sous conditions. Il avait ete inculpe de menace, avec ordre ou sous conditions, d'un attentat criminel, pour avoir diffuse sur les reseaux sociaux une video ou il brule le livre de l'avocat de Marc Dutroux. Ce livre, intitule << Pourquoi liberer Dutroux ? >>, plaide pour la liberation conditionnelle du meurtrier. Apres son audition par le juge d'instruction, Cedric Z. a ete libere sous conditions. Une des conditions est notamment de ne plus faire de commentaire sur Marc Dutroux et sur son avocat. Le livre de cet avocat n'est que provocation . . . ", "theme": "archive"}