{"id_art": "9cd9a666303235a976ce6bf02fd17613", "title": "4 ", "newspaper": "lesoir", "author": [], "date_publi": [], "content": " quelques chiffres Lorraine Kihl D'apres les premiers retours, les screenings des officiers de Frontex ont permis d'identifier quatre migrants en lien avec le terrorisme.C'est le nombre d'etrangers rapatries depuis l'UE vers leur pays d'origine ou vers un pays tiers, pour 305.365 decisions de renvoi. Soit un maigre ratio de 57,7 % d'effectivite. << Pour l'instant, les principaux handicaps tiennent a l'identification des migrants et a la cooperation avec les pays d'origine, qui delivrent les documents de voyage >>, explique Fabrice Leggeri, le directeur general de Frontex.Les hommes politiques font souvent la distinction entre les migrants venus du Moyen-Orient, essentiellement arrives par la route des Balkans, et ceux venus d'Afrique par l'Italie. D'un cote, les demandeurs d'asile qui ont besoin de protection, de l'autre les migrants economiques qu'il faut renvoyer. La realite est plus compliquee. Selon Fabrice Leggeri, 40 % des personnes arrivees en Italie etaient des demandeurs d'asile.(c) Rossel & Cie - 2018 -- Conditions generales de ventes -- Droits de reproduction -- Protection de la vie privee - droit a l'oubli ", "theme": "archive"}