{"id_art": "3b5fbe7c9cb77bd99884cbee8ade73e6", "title": "Ceci n'est pas une armee europeenne ", "newspaper": "lesoir", "author": [], "date_publi": [], "content": "Le sommet europeen de jeudi et vendredi n'actera pas la creation d'une armee unique mais bien une avancee serieuse sur la voie de l'Europe de la Defense. 25 des 28 Etats membres de l'UE s'engagent a cooperer, en permanence, dans le domaine militaire. Tant pour le volet des moyens que des operations. Un futur << drone >> sous-marin ultra-sophistique pour proteger, contre le danger des mines, navires, ports et installations petrolieres et gazieres en mer : voila le projet porte par la Belgique, avec la participation de six autres pays, dans le cadre d'un nouveau chantier de la construction europeenne. << C'est une version 2.0 des chasseurs de mines >>, resume un expert.", "theme": "archive"}