{"id_art": "4e2c7d502d49eb41a5af39cc50859565", "title": "terrorisme << L'echange d'informations pas encore optimal >> ", "newspaper": "lesoir", "author": ["lorraine kihl", "jurek kuczkiewicz"], "date_publi": ["2017-03-23"], "content": " terrorisme << L'echange d'informations pas encore optimal >> Lorraine Kihl et Jurek Kuczkiewicz Vous avez entame beaucoup d'actions de coordination entre les Etats membres en matiere de lutte antiterroriste.Vous avez entame beaucoup d'actions de coordination entre les Etats membres en matiere de lutte antiterroriste.Il y a un mot important : la confiance. Entre les autorites nationales, elle s'est beaucoup amelioree depuis deux ans. Mais on n'est pas encore arrive au niveau souhaitable.Sur une echelle de 1 a 10, ou en sommes-nous ?Je dirais 6 a 6,5.On sait que c'est lent et difficile, notamment parce que les polices et services de renseignement n'aiment pas partager.(c) Rossel & Cie - 2018 -- Conditions generales de ventes -- Droits de reproduction -- Protection de la vie privee - droit a l'oubli ", "theme": "archive"}