{"id_art": "4c2b9703e6a31c63c60347a7e3342db5", "title": "Sur les routes de France, le carnet d'une folle campagne ", "newspaper": "lesoir", "author": [""], "date_publi": ["2017-04-22", "2017-04-22"], "content": " Joelle MeskensElection presidentielle 2017 Depuis le mois de janvier jusqu'au premier tour de la presidentielle, le Soir a sillonne l'Hexagone avec trois autres journaux europeens : La Repubblica, La Tribune de Geneve et Die Welt. Carnet de route. En ce mois de janvier, une intuition nous avait saisis. La droite avait designe son champion a l'automne. Balaye Nicolas Sarkozy et congedie Alain Juppe pour propulser Francois Fillon, l'homme qu'on n'attendait pas. La gauche allait organiser sa propre primaire apres le coup de theatre du renoncement de Francois Hollande. Le Front national n'etait pas encore dans les starting-blocks. Emmanuel Macron tracait deja son sillon. La presidentielle allait etre confisquee par la chronique vertigineuse d'un systeme politique en pleine decomposition. Les Francais eux-memes risquaient d'etre les oublies de la presidentielle. On ne s'imaginait pas encore a quel point.", "theme": "archive"}