{"id_art": "387cce11af9061db2cf829cf06ed0fad", "title": "Discrimination ", "newspaper": "lesoir", "author": [""], "date_publi": ["2017-04-30"], "content": " L.PoPrevention ou controle au facies legitime ? Le profilage predictif n'est-il pas quelque part une maniere de legitimer le controle au facies ? C'est en tout cas l'argument qu'avancent ses detracteurs. Apres tout, le profilage inclut inevitablement une part de subjectivite de la part de l'agent de detection du comportement. Et s'applique aussi dans le cadre de la prevention des faits de droit commun : pickpocket, vol a la tire, trafic de drogue, hooliganisme.En generalisant la technique, la police ne risque-t-elle pas de devoir faire face a une pluie de plaintes pour discrimination aupres du ComiteP ou du MRAX ? << Le comportement nous donne justement des facteurs objectifs sur lesquels les policiers peuvent baser leurs actions. Et on ne s'arrete pas forcement a un seul indicateur >>, plaide le commissaire.", "theme": "archive"}