{"id_art": "400de35bb97ede01f3cfa341edbec66f", "title": "Quatre soldats tues au Kasai ", "newspaper": "lesoir", "author": [""], "date_publi": ["2018-01-15"], "content": " Quatre soldats tues au KasaiQuatre soldats tues au KasaiDes hommes armes ont attaque des militaires congolais dimanche pres de l'aeroport de Kananga au Kasai et tue quatre soldats, d'apres des temoins. Les assaillants ont surpris les militaires endormis et en ont tue quatre a la machette avant de mettre feu a la tente qu'ils occupaient. (afp)Attentat contre le HamasMohammed Hamdane, un responsable du mouvement islamiste palestinien Hamas, a ete grievement blesse aux jambes dimanche dans l'explosion d'une voiture piegee a Saida, dans le sud du Liban. Des dizaines de milliers de refugies palestiniens vivent au Liban, pour la plupart dans les 12 camps du pays. (afp)(c) Rossel & Cie - 2018 -- Conditions generales de ventes -- Droits de reproduction -- Protection de la vie privee - droit a l'oubli ", "theme": "archive"}