{"id_art": "1e4a25e6d92d5f020f53beeb0fa507bf", "title": "Israel: une condamnation extremement clemente pour le soldat Azaria ", "newspaper": "lesoir", "author": [], "date_publi": [], "content": " Serge DumontIl avait tue de sang-froid un Palestinien etendu au sol. Azaria n'a pas ete condamne pour assassinat mais pour homicide. Un an et demi de prison sans incarceration immediate. Le tribunal militaire de Tel-Aviv a rendu mercredi un verdict particulierement clement pour Elor Azaria, ce soldat franco-israelien filme le 24 mars 2016 a Hebron alors qu'il abattait de sang-froid Abdul Fatah Al Sharif, un Palestinien etendu au sol.Certes, Al Sharif venait de poignarder un autre militaire israelien mais il avait ete << neutralise >> (blesse) et ne presentait plus aucun danger. Azaria, qui etait arrive une dizaine de minutes apres les faits, n'avait donc aucune raison de le tuer. Vu l'engouement, il faut absolument en faire le symbole d'Israel. 70% des Israeliens le soutiendraient! Un score historique! Original ! Une facon de mettre Israel au ban des nations. ", "theme": "archive"}