{"id_art": "f21b0b0cd41f29b482df697ad754c8c0", "title": "Attaque a Londres: Donald Trump a parle a Theresa May ", "newspaper": "lesoir", "author": [], "date_publi": [], "content": " Attaque a Londres: Donald Trump a parle a Theresa May Le president des Etast-Unis Donald Trump s'est entretenu mercredi par telephone avec la Premiere ministre britannique Theresa May apres l'attaque terroriste qui a fait au moins un mort et plusieurs blesses a Londres, selon la Maison Blanche.<< Le president vient de parler avec la Premiere ministre May >>, a indique Sean Spicer porte-parole de l'executif americain. << Nous condamnons l'attaque de Westminster que le Royaume-Uni considere comme un acte de terrorisme et nous saluons la reponse rapide de la police britannique >>, a-t-il ajoute, assurant Londres du plein soutien de Washington. (c) Rossel & Cie - 2018 Conditions generales de vente - Droits de reproduction - Protection de la vie privee - Droit a l'oubli ", "theme": "archive"}