{"id_art": "236e43e355354c2d47e1e4dd7f1f30c7", "title": "Dortmund: les explosions auraient pu causer beaucoup plus de degats ", "newspaper": "lesoir", "author": [], "date_publi": [], "content": " Dortmund: les explosions auraient pu causer beaucoup plus de degats Si l'explosion avait eu lieu une seconde plus tot, beaucoup de gens auraient pu etre blesses ou tues. Les appareils explosifs qui ont vise cette semaine le bus transportant l'equipe du Borussia Dortmund auraient pu causer des degats beaucoup plus graves s'ils avaient ete declenches une seconde plus tot, rapporte le Bild am Sonntag dimanche.Si l'explosion avait eu lieu une seconde plus tot, beaucoup de gens auraient pu etre blesses ou tues, indique le journal citant le bureau federal de la police criminelle. Entre temps l'expert du terrorisme Peter Neumann du King's College a Londres a affirme au journal que d'autres attaques pourraient avoir lieu.Trois appareils explosifs contenant des pieces de metal ont ete declenches jeudi apres le depart de l'equipe de foot depuis son hotel. Le defenseur espagnol du Borussia Marc Bartra a ete blesse a la main et au bras et a subi des operations chirurgicales. Il ne rejouera pas avant quatre semaines. Aucun autre joueur n'a ete touche, mais un policier a souffert d'un choc acoustique. (c) Rossel & Cie - 2018 Conditions generales de vente - Droits de reproduction - Protection de la vie privee - Droit a l'oubli ", "theme": "archive"}