{"id_art": "e247802d4a9f59043cfe8013779207c0", "title": "Amok ", "newspaper": "lesoir", "author": [""], "date_publi": ["2017-04-12"], "content": " Wendy MertensCentre culturel, UccleSur un bateau naviguant vers l'Europe, un jeune medecin fuit la Malaisie et revit les evenements qui l'y ont amene et son obsession pour une femme... Par Alexis Moncorge. (W.M.)Centre culturel, AuderghemUne comedie sous le soleil de Rome ou un duo anglo-saxon part a la recherche de parents decedes dans un accident. Avec Francis Huster et Ingrid Chauvin. (W.M.)Finir en beauteTheatre, Namur(c) Rossel & Cie - 2018 -- Conditions generales de ventes -- Droits de reproduction -- Protection de la vie privee - droit a l'oubli ", "theme": "archive"}