{"id_art": "8fd911319a68473f1fa62f8f6055bb76", "title": "RD Congo: l'assassinat d'un medecin proche du Dr Mukwege bouleverse Bukavu ", "newspaper": "lesoir", "author": [""], "date_publi": ["2017-04-20"], "content": " Colette BraeckmanLe Dr Gildo Byamungu Magaju, gynecologue obstetricien congolais, a trouve la mort vendredi dernier dans l'hopital qu'il dirigeait a Uvira, dans la province du Sud-Kivu, ou il avait ete admis apres avoir ete blesse chez lui par des hommes armes. La propulation de Bukavu, emmenee par le Dr Mukwege, lui a rendu un dernier hommage emouvant. Conduit par le Docteur Mukwege, un important cortege funeraire en provenance de l'hopital de Panzi a traverse toute la ville de Bukavu pour se rendre au siege du gouvernorat de la province du Sud-Kivu. Avant d'etre amene au Cercle sportif, le corps du Docteur Gildo Byamungu est passe par la place Munzihirwa, du nom de l'eveque assassine en 1996 ou une foule nombreuse etait rassemblee. Par la suite, un memorandum a ete depose entre les mains des autorites, denoncant l'insecurite croissante dans la region. Les manifestants ont egalement exige une enquete approfondie sur les circonstances du deces du jeune medecin. Gynecologue obstetricien, le docteur Gildo Byamungu avait ete forme a l'hopital de Panzi par le Dr Mukwege. Par la suite, ce dernier l'avait aide a parachever sa formation a l'Universite d'Orleans en France.", "theme": "archive"}