{"id_art": "60d945d950567ff16a30c0cbbeae13e8", "title": "L'impact de l'attentat de jeudi ", "newspaper": "lesoir", "author": [""], "date_publi": ["2017-04-22"], "content": " L'impact de l'attentat de jeudi L'impact de l'attentat de jeudiPour Vincent de Coorebyter, si les Francais aimaient tant les extremes qu'on le dit, il y aurait beaucoup moins d'indecis et d'abstentionnistes que les sondages n'en ont comptes.Reste cette inconnue nouvelle : l'impact de l'attentat de jeudi...(c) Rossel & Cie - 2018 -- Conditions generales de ventes -- Droits de reproduction -- Protection de la vie privee - droit a l'oubli ", "theme": "archive"}