{"id_art": "2e09741ea34f6a7214c19af85ba65a77", "title": "Attentat dejoue en France: les deux suspects ont ete inculpes et ecroues ", "newspaper": "lesoir", "author": [""], "date_publi": ["2017-04-23"], "content": "Les deux hommes apprehendes mardi a Marseille, et suspectes d'avoir projete un attentat <<imminent>> en pleine campagne electorale pour la presidentielle francaise, ont ete inculpes (mise en examen) et ecroues, a annonce le parquet de Paris.Cinq jours apres leur arrestation, Clement B., 23 ans, et Mahiedine M., 29 ans, ont ete inculpes notamment pour association de malfaiteurs terroriste en vue de la preparation d'un ou plusieurs crimes d'atteintes aux personnes, acquisition, detention, transport d'armes et d'explosifs, a annonce le parquet de Paris. Ils ont ete places en detention provisoire.Au cours des cinq jours passes en garde a vue, <<Mahiedine M. a exerce son droit au silence face aux enqueteurs. Clement B. s'est un peu plus exprime. Mais tous deux contestent un projet precis d'action violente>>, a rapporte une source proche de l'enquete.", "theme": "archive"}