{"id_art": "e0e0895271da1a6153247a03d8418c72", "title": "Erdogan nietoute intention federaliste ", "newspaper": "lesoir", "author": [""], "date_publi": ["2017-04-15"], "content": " Erdogan nietoute intention federalisteErdogan nietoute intention federalisteRecep Tayyip Erdogan a ete contraint vendredi de nier toute intention de transformer la Turquie en Etat federal, afin de rassurer ses allies ultranationalistes dont il a besoin pour remporter un referendum crucial.Le president turc repondait a l'inquietude exprimee la veille par le dirigeant du parti de la droite ultranationaliste (MHP), Devlet Bahceli, qui accusait un conseiller d'Erdogan d'avoir suggere que le federalisme etait envisageable en Turquie apres le referendum.Le MHP s'oppose a toute sorte de federalisme qui accorderait notamment aux regions kurdes du sud-est de la Turquie une forme d'autonomie. << Nous sommes le plus grand defenseur de la structure unitaire de la Turquie, et nous le serons toujours (...). Certains parlent de federalisme. Rien de tout cela n'est a notre ordre du jour, et ne le sera jamais >>, a declare Recep Tayyip Erdogan. (afp)Reprise economique ou affaissement ?(c) Rossel & Cie - 2018 -- Conditions generales de ventes -- Droits de reproduction -- Protection de la vie privee - droit a l'oubli ", "theme": "archive"}