{"id_art": "739e8355c9a292227171a75ecda112a7", "title": "Le War Museum rouvre ", "newspaper": "lesoir", "author": [], "date_publi": [], "content": " Le War Museum rouvreLe War Museum rouvreApres quatre semaines de fermeture pour entretien, le BWM rouvre ses portes ce vendredi. Ce nouveau musee, premiere attraction touristique du Luxembourg, a accueilli 440.000 visiteurs de 2014 a 2016, et 132.439 en 2017, soit 5,9 % de plus qu'en 2016. Les visiteurs etrangers representent 54,2 % des visiteurs. Les Hollandais restent en tete (27.818 visiteurs), devant les Americains (16.328, soit 22 %). Seul bemol : l'augmentation jugee insuffisante des groupes scolaires, passant de 5.726 entrees en 2016 a 5.963 en 2017. A noter que le comite de secteur a decide de creer un evenement majeur tous les deux ans, les Rendez-vous du BWM, consacres aux conflits contemporains dans leurs differents aspects. le colloque << Terrorisme, sommes-nous en guerre ? >> se tiendra le 9 mars, avec, comme intervenants, Regis Debray et Manuel Valls, notamment. Inscriptions via info@bastognewarmuseum.be et 061-210.220. (J.-L. B.)(c) Rossel & Cie - 2018 -- Conditions generales de ventes -- Droits de reproduction -- Protection de la vie privee - droit a l'oubli ", "theme": "archive"}