{"id_art": "b683c5bdb313a2efa963b48399783c17", "title": "abstention << Forte, elle favoriserait Fillon >> ", "newspaper": "lesoir", "author": ["corentin di"], "date_publi": ["2017-04-22"], "content": " abstention << Forte, elle favoriserait Fillon >> Corentin Di Prima Les sondages annoncent une abstention record dimanche. La peur d'un attentat peut-elle l'accentuer ou, a l'inverse, susciter un mouvement vers les urnes ? Nous avons pose la question a Celine Braconnier, qui dirige Sciences po Saint-Germain-en-Laye. Specialiste de l'abstention, elle a publie La democratie de l'abstention. Aux origines de la demobilisation electorale en milieux populaires (2007, Gallimard).Un attentat est survenu dans les tout derniers jours avant le scrutin, que l'on sait determinants. L'idee qu'il est risque d'aller voter, comme on a vu certains lieux desertes apres d'autres attentats, peut-elle produire un effet electoral determinant ?(c) Rossel & Cie - 2018 -- Conditions generales de ventes -- Droits de reproduction -- Protection de la vie privee - droit a l'oubli ", "theme": "archive"}