{"id_art": "8379b0612899823433c258e5c28b2313", "title": "Cyberterrorisme: Macron se positionne contre la cryptographie ", "newspaper": "lesoir", "author": [""], "date_publi": ["2017-04-11"], "content": " Aurore Duplessis (st.)Le candidat veut contraindre les << messageries instantanees fortement cryptees >> a livrer les cles de chiffrement aux autorites pour lutter contre le terrorisme. Lundi soir, Emmanuel Macron affirmait ses positions concernant sa volonte de vouloir lutter contre le terrorisme notamment via internet. Le leader d'En Marche !, n'a pas mache ses mots concernant les << grandes compagnies d'Internet >>. Selon lui, elles laissent passer des organisations terroristes et abusent << des facilites offertes par la cryptologie moderne >>, en << refusant de communiquer leurs cles de chiffrement ou de donner acces au contenu >>. Les mots sont forts au point de declarer que ces compagnies devront << assumer un jour d'avoir ete complices d'attentats >>.", "theme": "archive"}