{"id_art": "3faec69d1c2de3fc04e93a89cc7535a7", "title": "Attentats de Bruxelles: les assurances augmentent l'indemnisation morale des victimes ", "newspaper": "lesoir", "author": [], "date_publi": [], "content": " Attentats de Bruxelles: les assurances augmentent l'indemnisation morale des victimes BELGA Le secteur des assurances s'est engage a proposer un reglement << unique et exceptionnel >> du dommage moral encouru par les 1.361 victimes des attentats du 22 mars 2016. Le secteur des assurances s'est engage a proposer un reglement << unique et exceptionnel >> du dommage moral encouru par les 1.361 victimes des attentats du 22 mars 2016. L'indemnisation de ce dommage sera ainsi acceleree et se fera, a court terme, sur base du taux d'incapacite connu aujourd'hui. Les montants verses seront par ailleurs revus a la hausse et doubles dans la plupart des cas, selon la situation des victimes ou de leurs ayants-droit, dans le cas ou elles sont decedees, a-t-on explique vendredi chez Assuralia, l'union professionnelle des entreprises d'assurance.Plusieurs victimes ou proches de celles-ci expriment depuis le debut de l'annee leur sentiment d'abandon face aux demarches compliquees et parfois kafkaiennes qu'ils doivent entreprendre, notamment vis-a-vis des assurances. Le premier ministre Charles Michel s'est concerte avec les compagnies pour tenter de resoudre les problemes qui se posent. << Nous avons ete convaincants >>, a-t-il explique a l'issue du conseil des ministres.Les assureurs ont recu des demandes d'indemnisation de 1.361 victimes, parmi lesquelles figurent 27 morts et 226 personnes serieusement ou grievement blessees, c'est-a-dire avec un taux d'invalidite permanente superieur a 10 %. 187 d'entre elles ont recu une indemnite, sous forme de reglement definitif ou de provision. Pour 58 autres de ces personnes, l'assureur attend un accord sur des propositions de versement provisionnel ou une attestation medicale. Parfois, il ne manque meme que le numero de compte ou verser les indemnites.Pour 96 % des personnes grievement ou serieusement blessees, une indemnite totale, partielle ou provisionnelle a donc ete versee ou est sur le point de l'etre. C'est egalement le cas de 75 % de l'ensemble des victimes.En cas d'indemnisation des dommages moraux, il faut normalement attendre que le taux d'invalidite soit definitivement fixe pour en determiner le montant. Les assureurs de Brussels Airport (Amlin) et de la Stib (Ethias), pour la station de metro Maelbeek, ont maintenant decide de faire abstraction de cette regle et de verser les indemnites qui y sont liees en prenant en compte le taux d'invalidite connu a ce jour. Si celui-ci evolue a la hausse, les victimes recevront un supplement d'indemnisation. Dans le cas inverse, les assureurs ne demanderont pas a etre rembourses.Le reglement du dommage moral, dont le montant est fixe en fonction de l'age et du taux d'incapacite des victimes et qui est verse a celles-ci ou a leurs ayants-droit dans le cas ou elles sont decedees, sera quant a lui double dans la plupart des cas. Seules les personnes au taux d'invalidite permanente situe entre 1 et 10 % ne toucheront qu'une indemnite de 150 %. Il reste en outre 460 personnes dont le taux d'invalidite permanente est encore inconnu. Lorsque celui-ci sera fixe, elles seront indemnisees comme les autres victimes dans le meme cas.<< Il etait important de clarifier la situation. Mais il n'y a pas vraiment eu de demandes du monde politique >>, a confie Hans De Cuyper, le president d'Assuralia, qui represente 98 a 99 % des assureurs actifs sur le territoire belge. << C'est un engagement du secteur. Nous avons bien ecoute les victimes. Nous allons bien au-dela d'une indemnisation normale. Aurions-nous pu prendre un tel engagement plus tot ? Potentiellement oui >>, a-t-il concede.Depuis une loi de 2007 relative a l'assurance contre les dommages causes par le terrorisme, les compagnies sont en mesure d'indemniser integralement l'ensemble des dommages (corporels, materiaux et moraux), meme face a des situations aussi extremes. La couverture d'un tel phenomene est en outre obligatoire dans tous les contrats d'assurance vie, accidents (du travail), hospitalisation (y compris l'assurance revenu garanti), incendie pour particuliers, responsabilite civile auto (dans le cas ou un evenement tel que celui qui a eu lieu a Nice le 14 juillet dernier se produisait) et l'assurance particuliere en cas d'incendie ou d'explosion dans certains lieux publics, detaille Assuralia.Le secteur des assurances s'est par ailleurs engage aupres du gouvernement a faire en sorte que chaque victime sache exactement a qui s'adresser pour obtenir une indemnisation integrale de ses dommages corporels, materiels et moraux. Assuralia collaborera en outre avec le Fonds d'aide aux victimes d'actes intentionnels de violence pour aider celles qui ne l'auraient pas encore fait a entrer en contact avec l'assureur en charge du lieu ou elles ont ete blessees. (c) Rossel & Cie - 2018 Conditions generales de vente - Droits de reproduction - Protection de la vie privee - Droit a l'oubli ", "theme": "archive"}