{"id_art": "78df5ac92642300aba8d598285277ce3", "title": "L'oreille de Melanie Defize ", "newspaper": "lesoir", "author": ["serge martin"], "date_publi": ["2017-03-28"], "content": " Serge Martin Ce disque est ne de l'horreur : la mort de Melanie Defize, disparue le 22 mars 2016 dans l'attentat du metro Maelbeek.Son programme brasse large en tentant de faire le tour de cette personnalite foisonnante d'un esprit constamment ouvert a la nouveaute et mu par une cascade de coups de coeur. Ecrit a la premiere personne, il est cependant universel, a l'image de la personne a qui il rend hommage.Un indicible bonheur s'en degage, fait de la rencontre d'une foule de petites choses qui sont autant de grands moments d'ecoute sensible. Prix Caecilia : un palmares exemplaire. ", "theme": "archive"}