{"id_art": "342f7625084951301377fa1e7d5dac93", "title": "En frappant a Dortmund, c'est l'esprit du sport qui est cible ", "newspaper": "lesoir", "author": [], "date_publi": [], "content": " Mathieu Colinet A partir des premiers elements qui ont filtre, les specialistes ont du mal a rapprocher l'attaque de Dortmund du precedent du Stade de France ou de la volonte initiale de frapper durant l'Euro 2016. Parmi les trois localisations qu'avaient choisies les auteurs des attentats de Paris pour frapper le 13 novembre 2015, il y avait le Stade de France ou les Bleus affrontaient ce soir-la l'Allemagne, en match amical. Lorsque, quelques mois plus tard, Najim Laachraoui, l'artificier des attaques de Paris et Bruxelles, planifiait les prochaines actions de Daesh en Europe dans des conversations depuis lors retrouvees, il evoquait l'Euro 2016 de football, programme l'ete suivant dans l'Hexagone. Mardi soir, l'explosion qui a retenti a Dortmund visait le car de l'equipe de football locale, qui devait affronter celle de Monaco un peu plus tard en Ligue des Champions. Trois elements qui, mercredi, a l'heure des premieres tentatives d'explication, ont semble mettre en evidence un denominateur commun, le football, et l'interet que Daesh aurait a frapper durant des evenements qui y sont lies.", "theme": "archive"}