{"id_art": "5a7a027c014c5f30668343301dda7fa6", "title": "Le Niger, frontiere de l'Union europeenne ", "newspaper": "lesoir", "author": [""], "date_publi": ["2018-01-27"], "content": " Le Niger, frontiere de l'Union europeenne Le Niger, frontiere de l'Union europeenne En 2015, a La Valette (Malte), l'Union europeenne a signe un accord avec cinq pays africains, dont le Niger, pour lutter contre l'immigration clandestine. Le projet est dote d'un budget de 1,8 milliard d'euros. La Commission souhaite ainsi diminuer le nombre de morts en Libye et en Mediterranee, mais aussi proteger ses frontieres.Le Niger se montre bon eleve et reprime fortement toute activite economique liee a l'immigration illicite. Rien qu'a Agadez, plus de soixante personnes ont ete condamnees et plus d'une centaine de vehicules appartenant a des passeurs confisques par la police.Le pays se revele aussi particulierement hospitalier envers les forces militaires etrangeres qui s'installent sur son territoire pour lutter contre le terrorisme et l'immigration illegale. Depuis 2014, des soldats americains, francais et allemands ont pris leurs quartiers au Niger. En decembre, l'Italie a annonce l'envoi de 470 hommes. M. W.(c) Rossel & Cie - 2018 -- Conditions generales de ventes -- Droits de reproduction -- Protection de la vie privee - droit a l'oubli ", "theme": "archive"}