{"id_art": "91b107b5df3a6fdb0b7cb0273bad5da2", "title": "Trump prompt a evoquer un attentat ", "newspaper": "lesoir", "author": [""], "date_publi": ["2017-04-21"], "content": " Trump prompt a evoquer un attentatTrump prompt a evoquer un attentatAlors qu'aucune source officielle francaise ne s'etait encore risquee a parler d'attentat, le president des USA n'a pas hesite a parler d'<< attaque terroriste >>. Donald Trump s'exprimait en conference de presse, aux cotes du Premier ministre italien, Paolo Gentiloni, en visite officielle aux USA. << Nos condoleances vont au peuple francais, a repondu le president americain a la question d'un journaliste. Avant d'evoquer << ce qui ressemble a une attaque terroriste. Cela ne va jamais s'arreter. Nous devons etre forts et vigilants, ce que j'ai toujours dit. >>Charles Michel condamne(c) Rossel & Cie - 2018 -- Conditions generales de ventes -- Droits de reproduction -- Protection de la vie privee - droit a l'oubli ", "theme": "archive"}