{"id_art": "6d2152603a2c8e6ff5e5de35c4cd3283", "title": "crier au loup,au risquede ne plus etre cru ", "newspaper": "lesoir", "author": ["marc metdepenningen"], "date_publi": ["2017-03-24"], "content": " crier au loup,au risquede ne plus etre cru Marc Metdepenningen La reponse britannique a l'attentat meurtrier qui a frappe Londres mercredi a ete celui de la resistance a l'intimidation terroriste.La Premiere ministre britannique Teresa May, comme le maire de Londres Sadiq Khan, ont appele des jeudi soir leurs concitoyens a << ne pas se laisser intimider >> et a reprendre des vendredi le cours normal de leur vie, malgre les morts et les blesses releves devant Westminster.(c) Rossel & Cie - 2018 -- Conditions generales de ventes -- Droits de reproduction -- Protection de la vie privee - droit a l'oubli ", "theme": "archive"}