{"id_art": "e0a1ba6465ad3e1c9cc2641838a9cbea", "title": "democratie << Il faut plus de pouvoirs par le haut a l'Europe et par le bas au citoyen >> ", "newspaper": "lesoir", "author": ["beatrice delvaux"], "date_publi": ["2017-05-06"], "content": " democratie << Il faut plus de pouvoirs par le haut a l'Europe et par le bas au citoyen >> Beatrice Delvaux D'ou vous est venue l'envie d'ecrire ce livre qui passe au scalpel les modes de decision politiques : par compromis, par defaut, par rejet, par fait accompli, par coordination ou par chantage, avec nombre d'exemples vecus a la cle. Vous aviez envie de vous raconter ou vous avez ete pousse par votre peur des populismes ?D'ou vous est venue l'envie d'ecrire ce livre qui passe au scalpel les modes de decision politiques : par compromis, par defaut, par rejet, par fait accompli, par coordination ou par chantage, avec nombre d'exemples vecus a la cle. Vous aviez envie de vous raconter ou vous avez ete pousse par votre peur des populismes ?(c) Rossel & Cie - 2018 -- Conditions generales de ventes -- Droits de reproduction -- Protection de la vie privee - droit a l'oubli ", "theme": "archive"}