{"id_art": "671d609b1f8ec4d2729ea7fd46badd6e", "title": "Incontournable mais isole :le paradoxe du Front National ", "newspaper": "lesoir", "author": [], "date_publi": [], "content": " Incontournable mais isole :le paradoxe du Front National Marine BuissonElection presidentielle 2017 Le FN plante ses ongles dans la vie politique hexagonale depuis presque 40 ans. Comme prevu, et malgre une mauvaise campagne de Marine Le Pen, le Front National s'est qualifie ce dimanche pour le second tour de l'election presidentielle. Convainquant 21,3 % des electeurs francais. Pour la premiere fois, le parti d'extreme droite parvient a depasser les 20 % de voix a une election presidentielle. Marine Le Pen etablit meme le record de suffrages de son parti, avec 7,6 millions d'electeurs. Soit 2,8 millions de plus que son pere au premier tour de la presidentielle de 2002.(c) Rossel & Cie - 2018 -- Conditions generales de ventes -- Droits de reproduction -- Protection de la vie privee - droit a l'oubli ", "theme": "archive"}