{"id_art": "dc201b4d18f822fab5fe19256afcb9bf", "title": "Des centaines de Londoniens rendent hommage aux victimes de l'attentat (photos) ", "newspaper": "lesoir", "author": [], "date_publi": [], "content": " Des centaines de Londoniens rendent hommage aux victimes de l'attentat (photos) Trois personnes ont perdu la vie dans l'attaque de mercredi, qui a fait une quarantaine de blesses, dont sept etaient toujours dans un etat grave jeudi soir.(c) Reuters(c) AFP(c) Reuters(c) ReutersSadiq Khan, le maire de Londres (c) AFP Quelques centaines de personnes etaient reunies jeudi soir a Trafalgar Square, place emblematique du centre de Londres, pour une veillee en hommage aux victimes de l'attentat commis mercredi aux abords du parlement britannique.<< Les Londoniens ne se laisseront pas intimider par le terrorisme. Les esprits deranges et diaboliques qui essayent de detruire notre mode de vie n'y parviendront jamais >>, a lance depuis les marches qui descendent sur la place Sadiq Khan, le maire de Londres.Trois personnes ont perdu la vie dans l'attaque de mercredi, qui a fait une quarantaine de blesses, dont sept etaient toujours dans un etat grave jeudi soir.Un logo du metro londonien, frappe du message << We're not afraid >> (<< Nous n'avons pas peur >>), a ete dessine a la craie sur le parvis situe au pied du musee National Gallery, qui surplombe Trafalgar Square. Plus loin, trois drapeaux -- un britannique, un francais et un belge -- ont eux aussi ete dessines.Des bougies ont ete allumees et des bouquets de fleurs ont ete deposes a proximite des deux fontaines de la place. Sadiq Khan, le maire de Londres (c) AFP (c) AFP (c) Reuters (c) Reuters (c) Rossel & Cie - 2018 Conditions generales de vente - Droits de reproduction - Protection de la vie privee - Droit a l'oubli ", "theme": "archive"}