{"id_art": "d1f647e3b710b5fd02a11613a28a3413", "title": "<< Il ne faut pas trop attendre du proces Abdeslam >> ", "newspaper": "lesoir", "author": ["corentin di"], "date_publi": ["2018-02-02"], "content": " << Il ne faut pas trop attendre du proces Abdeslam >> Corentin Di Prima Le proces de Salah Abdeslam et Soufien Ayari suscite une attente enorme, en France comme en Belgique. Le philosophe Guy Haarscher analyse la fonction sociale d'un tel proces.Le 15 mars 2016, rue du Dries a Forest, une fusillade eclatait dans le cadre d'une perquisition antiterroriste, blessant un policier. Trois jours plus tard, Salah Abdeslam etait arrete a Molenbeek. photo news.Le proces de la rue du Dries qui doit s'ouvrir ce lundi a Bruxelles est le premier a juger l'un des acteurs directs des attentats terroristes de novembre 2015 a Paris. Logiquement, l'attente qu'il suscite est a la hauteur du fracas qui a secoue la France et la Belgique lorsque, le 13 novembre 2015 puis le 22 mars 2016, des attentats suicide ont frappe leurs capitales. Ajoutez a cela que Salah Abdeslam est, avec << l'homme au chapeau >> Mohamed Abrini, le seul terroriste a pouvoir etre traduit en justice - et pour cause, les autres s'etant suicides en meme temps qu'ils assassinaient. Guy Haarscher, philosophe et professeur emerite de l'ULB, analyse la fonction sociale d'un tel proces.Quelle est la fonction sociale d'un proces, a fortiori quand il porte sur une affaire qui a ebranle la societe, comme ce fut le cas avec l'affaire Dutroux ou aujourd'hui avec les attentats ?(c) Rossel & Cie - 2018 -- Conditions generales de ventes -- Droits de reproduction -- Protection de la vie privee - droit a l'oubli ", "theme": "archive"}