{"id_art": "8163a7512aa9fde0c6e129d7d5ad7e69", "title": "RTBF: plus de 300.000 telespectateurs pour la soiree speciale 22 mars ", "newspaper": "lesoir", "author": [""], "date_publi": ["2017-03-23"], "content": " Par MAXIME BIERMELes JT ont realise des audiences en deca de leur moyenne. Le public ne s'est pas presse devant les editions speciales proposees par les chaines a l'occasion des commemorations des attentats du 22 mars 2016 a Bruxelles. Le grand spectacle organise au Cirque royal par la RTBF a attire 308.000 telespectateurs. Une audience correcte. Les Belges ont prefere se divertir devant une serie americaine, << NCIS >> sur RTL-TVI qui pointe a 535.000 telespectateurs.Plus tot, les JT affichaient des petites audiences malgre la double actualite (attentat a Londres et commemoration a Bruxelles). 633.000 telespectateurs etaient devant le << RTL Info 19 heures >> et 492.000 devant le << 19h30 >> de la RTBF. et pourtant c'etait une belle soiree, digne, humble et tres \"belge\" ", "theme": "archive"}