{"id_art": "3bb8b79cf38802a7154a144012eef81a", "title": "Les victimes du 22 mars recalent le projet de loi du gouvernement ", "newspaper": "lesoir", "author": [], "date_publi": [], "content": " David Coppi Les associations des victimes recalent le projet de loi creant un << statut de solidarite nationale >> : complique et insuffisant, jugent-elles. Il faut completer et corriger le texte, selon elles. Cela, alors que le projet de loi entame ce mercredi son periple au Parlement. Trente-deux morts, plus de trois cents blesses, et autant de << Que l'on se soucie des victimes des attentats terroristes est une bonne chose. Mais d'autres categories de victimes meritent la meme sollicitude: la personne blessee par une balle perdue lors d'un reglement de compte, celle qui se trouve sur le trottoir quand une maison explose a cote d'elle, etc. ", "theme": "archive"}