{"id_art": "9a767184acead54e2fdb319f8be3e770", "title": "Attentats a Bruxelles: le statut des victimes devient realite ", "newspaper": "lesoir", "author": [], "date_publi": [], "content": "Un courrier de l'administration vient de leur etre envoye. La lettre ne mentionne pas de montant d'indemnisation. Les victimes des attentats du 22 mars 2016 a Bruxelles recoivent ces jours-ci un courrier de l'administration officialisant leur statut de victime d'acte de terrorisme - le statut de solidarite nationale-, indique lundi RTL-TVi dans son journal de la mi-journee. La lettre ne mentionne pas de montant d'indemnisation.Selon l'avocat penaliste Franck Discepoli qui s'exprime dans le JT, ce statut octroie a une victime d'un acte de terrorisme d'etre assimilee a une victime de guerre. << En consequence, elle peut pretendre a une pension d'indemnisation ainsi qu'aux remboursements des frais encourus. La determination de ces frais et de cette pension doit encore faire l'objet d'un arrete royal qui va decider d'un montant >>. ", "theme": "archive"}