{"id_art": "c945a9852670f96e3acb911a112ab11a", "title": "Vigoureux echangesau Conseil de securite ", "newspaper": "lesoir", "author": [""], "date_publi": ["2017-04-29"], "content": " Vigoureux echangesau Conseil de securiteCoree du NordVigoureux echangesau Conseil de securiteLe secretaire d'Etat americain Rex Tillerson (photo) a exhorte vendredi la Chine devant la Conseil de securite de l'ONU a faire usage de son << levier economique >> contre son allie nord-coreen pour le contraindre a arreter ses programmes nucleaire et balistique. De son cote, le chef de la diplomatie chinoise Wang Yi a mis en garde contre les risques de << chaos >> et de << plus grandes catastrophes >> en cas de recours a la force contre la Coree du Nord. La Russie a fait de meme. << La rhetorique couplee a une demonstration de force irreflechie conduisent a une situation ou le monde se demande veritablement s'il va y avoir ou non une guerre >>, a tonne le vice-ministre russe des Affaires etrangeres, Guennadi Gatilov. (afp)Ali Aarrass :condamnation confirmee(c) Rossel & Cie - 2018 -- Conditions generales de ventes -- Droits de reproduction -- Protection de la vie privee - droit a l'oubli ", "theme": "archive"}