{"id_art": "58881bbbc9158554179b44e333a10e4b", "title": "Diane Kruger: <<Plus vous jouez avec vos imperfections, plus le public se rapproche de vous>> ", "newspaper": "lesoir", "author": [""], "date_publi": ["2018-02-15"], "content": " Par Frederic Vandecasserie.La comedienne revient dans le bouleversant << In the Fade >> du realisateur allemand Fatih Akin, ou elle incarne une femme meurtrie qui cherche vengeance. Dans << In the Fade >>, vous campez un role tres dur, une epouse dont le mari et l'enfant ont ete tues dans un attentat. C'est facile de tout oublier a la fin de chaque journee de tournage et de passer la soiree sans plus y penser ? Non, c'est un role dont on ne se defait pas aussi facilement ! Chaque soir, j'avais l'impression de sombrer dans le chagrin et la peine, que je n'en sortirais jamais. Je n'ai jamais ressenti autant de tension, de sensations... J'avais l'impression que je ne pouvais pas m'en debarrasser la nuit, les week-ends. En fait, il existe plein de films sur des attaques terroristes, mais il y avait de l'intimite dans celui-ci, plein de details sur ce que la douleur et la mort amenent dans la vie de quelqu'un, que je trouve si emouvants et touchants. C'est la toute la difference entre << In the Fade >> et d'autres films du genre... Votre personnage se drogue et en vient a vouloir se venger... Vous comprenez que l'on puisse aller si loin dans de telles circonstances ? Tout d'abord, le realisateur Fatih Akin est d'origine turque et a connu le racisme au quotidien en Allemagne. Moi aussi, meme allemande, je connais l'immensite du probleme la-bas, pour l'avoir observe. Si une victime est etrangere, elle peut parfois en devenir presque suspecte. C'est une sorte de double peine. Je crois que Fatih ne voulait pas idealiser non plus le statut des victimes. Elles possedent aussi leur part d'ombre. Jusqu'a vouloir se venger, comme le fait mon personnage dans le film. Je ne le cautionne pas, mais cela existe. On peut incarner un personnage sans en cautionner tous les gestes ? Je me suis pose la question de ce que j'aurais fait si cela m'etait arrive. Puis j'ai decide de raconter le cheminement de Katja, mon personnage, quel qu'il soit. C'etait un tournage psychologiquement difficile. J'ai perdu mon beau-pere pendant que nous tournions, ce qui a encore alourdi la charge emotionnelle. J'avais parfois l'impression de me noyer. Dans ce film, vous apparaissez sans maquillage et les traits constamment tires. Vous vouliez casser votre image ? Il y a une difference entre l'image que les gens ont de vous et ce que vous ressentez personnellement. Chaque film vous fait avancer. Pour << In the Fade >>, Fatih s'est interroge sur le fait de me donner ce role. Et, de mon cote, je n'etais pas sure d'etre a la hauteur. Mais, au final, je pense que ce cinema different, sans glamour, me correspond bien. Vous savez, je ne suis qu'une invitee du cinema... Je fais ce que l'on me confie. Cela signifie-t-il que vous seriez devenue star par accident ? Rien n'etait acquis pour moi, en tout cas. Je ne viens pas d'une famille d'acteurs, comme c'est souvent le cas en France. Vous imaginez le chemin parcouru et la tenacite qu'il faut ! (Rires.) J'ai obtenu une place qui, d'une certaine maniere, est hors du commun. Mais je ne me sentirai jamais en terrain familier au cinema. Je reste un peu l'etrangere invitee a la table de la famille. Vous avez cravache dur pour devenir actrice, et en meme temps vous dites souvent que vous pourriez facilement lacher prise... Oui, parce que je ne m'attendais pas a en arriver la ou je suis. Le succes de << Troie >>, mon deuxieme grand role, a tout declenche. Mais avec le recul, j'ai appris que je n'aurai jamais un role aussi beau que celui que m'apporte ma vie intime. Longtemps, je n'ai ete mue que par l'ambition. Mais c'est fini tout ca ! Seul le present compte, desormais. Je ne me sens pas liee a un metier. Mes priorites en ce domaine evolueront dorenavant juste avec mes envies. Qu'est-ce que votre carriere de mannequin vous a apporte dans votre metier d'actrice ? Plein de choses ! D'abord, tres concretement le financement de mes etudes de comedienne. Et puis, le fait de beaucoup voyager, d'etre independante, d'avoir la tete sur les epaules, de connaitre la discipline et le sens du travail. Mais il y a une difference de taille : quand on est mannequin, on recherche la perfection. Alors qu'au cinema, plus vous jouez avec vos imperfections, plus le public se rapproche de vous. Et ca, c'est tres liberateur. Disons que mon cote obscur a tendance a retrecir avec l'age. Qu'est-ce que vous n'aimez pas en vous ? Quelque chose que je ressens depuis la trentaine : la fille obnubilee par sa carriere, mais ignorante dans plein de domaines, et qui a un avis sur tout. J'ai trop longtemps ete confrontee a des realites que j'ignorais. Par manque d'interet ou par erreur de jugement. Avancer en age procure au moins cet avantage de rendre les choses plus complexes, et les verites moins absolues. J'essaie d'etre un peu concernee, et de creuser davantage. Enfant, c'etait quoi, pour vous, une actrice francaise ? Sophie Marceau dans << La Boum >>, vue a la television allemande a l'age de 12 ans. Et bien sur, meme si elle ne l'etait pas par ses origines, Romy Schneider. Le couple qu'elle formait avec Alain Delon me faisait rever. Si je suis venue en France aussi jeune, c'etait un peu parce que j'etais habitee par le reve de rencontrer un Francais, d'avoir cette vie-la... Mais je me suis aussi heurtee a certaines habitudes francaises ! Comme ? Genre subir des remarques osees sur mon physique, que l'on me faisait ensuite passer comme de la drague gentillette. Je n'ai jamais ete agressee sexuellement d'une autre facon que ca, mais je sais ce que de nombreuses femmes ont eu a endurer pour decrocher un role. En cela, j'espere que l'affaire Weinstein aura durablement libere la parole, et que des femmes n'auront plus jamais a croire qu'il faut coucher pour esperer reussir. La legende vous prete un caractere de chien, mais vous ne mordez pas, en fait... (Rires) Rassurez-vous, je peux etre assez difficile, voire penible par moments. Parce que je suis perfectionniste. Je deteste l'a-peu-pres. J'ai un emploi du temps minute, je travaille sur deux continents, j'attends des autres qu'ils soient pros. C'est de l'exigence pure, mais je concois que mes coups de gueule peuvent parfois etre durs pour les autres. Ce serait la face cachee de Diane Kruger ? Oui, en partie. Et, a ses heures moins glamour, Diane est aussi une femme parfois tres << moody >> (melancolique, ndlr), plus fragile qu'elle n'en a l'air. Il suffit qu'un commercant me parle sur un ton qui m'affecte pour que je le prenne mal et que cela me fasse deprimer. Oui, je sais, je suis parfois un peu bizarre... (c) Rossel & Cie - 2018 Conditions generales de vente - Droits de reproduction - Protection de la vie privee - Droit a l'oubli ", "theme": "archive"}