{"id_art": "04eab184f0cc03e0deb2d3dfac908e93", "title": "desaccord Une Europe a deux voix ", "newspaper": "lesoir", "author": [""], "date_publi": ["2017-02-28"], "content": " desaccord Une Europe a deux voixIl y a comme un petit air de deja-vu dans les positions des institutions europeennes sur la transparence des beneficiaires economiques des trusts et des societes ecrans. Les eurodeputes sont repartis pour le meme debat qu'ils ont eu il y a deux ans avec les gouvernements europeens (representes au Conseil de l'UE) sur le degre de publicite a imposer sur les informations concernant ces beneficiaires.(c) Rossel & Cie - 2018 -- Conditions generales de ventes -- Droits de reproduction -- Protection de la vie privee - droit a l'oubli ", "theme": "archive"}