{"id_art": "231f1e996ea866a2a5d3dbadae375a29", "title": "Une procedure rare ", "newspaper": "lesoir", "author": [], "date_publi": [], "content": " Une procedure rare Marc Metdepenningen Une procedure rareDepuis 2015, la decheance de nationalite, jusqu'alors une procedure civile, peut etre prononcee par le juge penal du fond. La decheance demeure rare et est reservee aux cas les plus importants, pourvu que les personnes citees soient revetues d'une double nationalite. Les conventions internationales interdisent de << creer des apatrides >>. Des decheances de nationalite ont ete prononcees a l'encontre de Tarek Maaroufi, un Belgo-Tunisien condamne pour terrorisme, Abdelcrim El Hadouti, un complice de Nizar Trabelsi, Omar Sliti ou Mohamed R'ha. Une procedure est toujours en cours pour priver de sa nationalite belge Fouad Belkacem, le leader de Sharia4Belgium. M.M.(c) Rossel & Cie - 2018 -- Conditions generales de ventes -- Droits de reproduction -- Protection de la vie privee - droit a l'oubli ", "theme": "archive"}