{"id_art": "96046d6c6767ed101af1cf2c84f8f801", "title": "Politique internationale: la guerre contre le terrorisme ", "newspaper": "lesoir", "author": [], "date_publi": [], "content": " Par Anemone HubautDepuis plus de 15 ans, les Etats-Unis et leur allies europeens menent une guerre contre un grand ennemi invisible : le terrorisme. A la clef, de nombreux echecs.Barbara Delcourt, Recherche et Enseignement en Politique Internationale (REPI), ULB Lorsque les attentats frappent la Belgique, le 22 mars 2016, les messages de soutien affluent de chaque gouvernement. Mais la reaction de la France detonne. Manuel Valls clame que l'Europe est en << guerre contre le terrorisme >>. Une expression deja martelee lors des attentats de Paris et qui a de quoi surprendre, d'apres Barbara Delcourt, chercheuse au centre REPI de l'ULB : << Apres les attentats du 11 septembre, les Europeens en general ont tente de se demarquer de la politique de Georges W. Bush en soutenant que la guerre contre le terrorisme ne fonctionnait pas et qu'il ne fallait pas reagir en termes militaires a ces problemes, mais favoriser la cooperation judiciaire et policiere. Et puis, on a senti une sorte de rapprochement avec le discours neoconservateur americain. Quand la France a ete touchee, tous les chercheurs ont ete extremement frappes par la rhetorique martiale adoptee par Francois Hollande >>. Ce glissement, Barbara Delcourt l'attribue en partie a l'emergence et a la montee d'experts de la lutte contre terrorisme au sein de l'Union europeenne et de certains Etats. << Ces personnages ont accumule un savoir credible, et sont capables de le vendre. Ils offrent en quelque sorte des solutions cle en main pour faire face a de nouvelles menaces, ce qui arrange bien les politiciens demunis >>, explique-t-elle. Mais ces experts, tres mediatiques, favorisent une grille de lecture securitaire tres manicheenne des conflits avec le camp du bien et celui du mal. L'ennemi, repris sous le terme de terrorisme, est deshumanise ; seul le recours a la violence semble etre en mesure de le vaincre. Dans ce contexte, la reaction de la France aux attaques terroristes s'est traduit, de facon tres previsible, par une intensification des frappes.Mais pour Barbara Delcourt, la lutte contre le terrorisme est bien plus complexe qu'il n'y parait et ne pourra etre resolue par quelques bombardements. << Le terrorisme recouvre des realites tres differentes. La violence telle qu'elle s'exprime en Afghanistan, en Syrie ou ici ne repond pas aux memes motivations et n'a pas la meme ampleur. Faire une categorie generique de tous ces acteurs est intellectuellement absurde et politiquement dangereux, car il est alors impossible de repondre adequatement aux differentes situations >>, avertit la chercheuse. Pour elle, le terrorisme est un moyen et le label terroriste est avant tout un outil de disqualification qui n'aide pas a reflechir en termes scientifiques et politiques. << Il faut abandonner une fois pour toutes l'expression de guerre contre le terrorisme, adapter les politiques a chaque acteur et chaque terrain et se poser les bonnes questions >>, plaide-t-elle.<< Si l'objectif est de proteger les citoyens belges et de leur procurer de la securite, est-il bien adequat de deployer des F16 pour bombarder les zones en conflit dans la guerre anti-terroriste que menent les Etats-Unis et la coalition ? >>, se demande ainsi la chercheuse. Pour elle, il s'agit d'une question a debattre de facon democratique. << Or, aujourd'hui, ce debat est rendu particulierement difficile, en raison des discours simplistes ou des postures dogmatiques renvoyant a des logiques de solidarite avec les allies ou avec l'OTAN >>.Pourtant, les actions militaires entreprises ces quinze dernieres annees sont bien loin d'avoir donne les resultats escomptes : non seulement les consequences pour les populations locales ont ete desastreuses, mais elles n'ont pas permis d'arreter la propagation de la violence, bien au contraire. << Partout, on fait face a des effets de cascades qui n'etaient pas du tout anticipes, a cause de ces grilles de lecture trop simplistes. On developpe des strategies et des operations qui alimentent une violence a laquelle d'autres vont repondre par la violence. Il s'agit d'une sorte de cercle vicieux dont on ne connait pas l'issue >>, affirme la chercheuse, inquiete. Alors faut-il cesser d'intervenir a l'etranger ? Pour Barbara Delcourt, c'est une question qui merite en tout cas d'etre posee.<< Les militaires dans les rues servent a rassurer la population, a montrer que le gouvernement se soucie de la securite. Est-ce que c'est efficace ? Je n'en suis pas persuadee et je ne vois pas comment on pourrait prouver leur efficacite. Or, cette mesure a un cout et sur le long terme, elle banalise la presence militaire dans les rues pour des fonctions qui devraient etre prises en charge par la police. On est face a un paradoxe : on envoie les policiers belges a l'exterieur dans des missions de maintien de la paix alors qu'on demande a nos militaires d'assurer la securite publique dans nos rues, ce qui est contraire a l'esprit democratique. Les frontieres entre professions et services de securite specialises deviennent floues et ce phenomene peut amener des derives, potentiellement liberticides, auxquelles on doit, en tant que citoyen et chercheur, etre particulierement attentif >>, previent Barbara Delcourt.Lire a ce propos les analyses des chercheurs Sybille Smeets, Thomas Berns et Julien Pieret dans Carnets d'identites - chapitre Face a nos peurs. Par Anemone Hubaut<< Trop souvent, les discours europeens sur les menaces securitaires ont associe le terrorisme a l'immigration, aux refugies et a la criminalite. C'est une tendance visible en Europe depuis les annees 1980, qui a contribue a banaliser un propos au depart essentiellement confine aux cercles d'extreme-droite. Or, non seulement les liens entre ces differentes questions ne sont pas demontres de maniere serieuse mais, bien plus, en associant les flux migratoires et les problemes d'insecurite, on se prive d'une reflexion plus large et pertinente sur ce que nous pouvons legitimement craindre pour notre securite et notre bien-etre et sur les moyens effectifs de nous proteger. Les reponses generalement apportees sur base de tels amalgames ne sont pas des politiques publiques ciblees et efficaces, mais plutot des mesures demagogiques qui frappent l'imagination collective pour donner une impression de securite. La fermeture des frontieres en est un exemple alors que, dans le meme temps, ceux qui emploient de tels artifices contribuent aussi, par le recours a la violence armee, a la destabilisation de regions entieres et au deplacement des populations qu'ils considerent ensuite comme des menaces pour notre securite >>, souligne Barbara Delcourt, ULB.quelques regles de bonne conduite avant de reagir (c) Rossel & Cie - 2018 Conditions generales de vente - Droits de reproduction - Protection de la vie privee - Droit a l'oubli ", "theme": "archive"}