{"id_art": "b7a6abfe48ea6cf8a26898df0a59ee6b", "title": "Relire Jan Patocka et repenser l'Europe ", "newspaper": "lesoir", "author": [], "date_publi": [], "content": " Par Richard Miller, depute MRHommage au philosophe tcheque, decede voici bientot 40 ans d'une crise cardiaque apres plusieurs interrogatoires policiers, a l'epoque ou un communisme implacable regnait sur les pays de l'ancien bloc de l'Est. Ce 13 mars 2017, il y aura quarante ans que la police communiste tcheque a tue Jan Patocka. Opposant aux deux totalitarismes nazi et communiste qui avaient successivement ecrase l'Europe de l'Est, Patocka est l'auteur d'une oeuvre philosophique intense - enseignee en grande partie dans la clandestinite - articulee a la question du sens de l'Europe. Davantage qu'un hommage rendu a la memoire de celui qui avait, a l'invitation de Vaclav Havel, accepte d'etre le porte-parole de la Charte77, le present article voudrait faire entendre l'urgence qu'il y a, pour les Europeens d'aujourd'hui, a redecouvrir l'authenticite europeenne de Patocka. Urgence, car en ce debut du 21e siecle, meme les mots << authenticite europeenne >> courent le risque de ne plus etre entendus.En 1977, les pays d'Europe centrale etouffent sous le communisme et la peur de Moscou. Le continent europeen est, pour quelques annees encore, coupe en deux par le << rideau de fer >>. A Patocka, l'Europe apparait alors comme ce qui a sombre durant les deux Guerres mondiales, et comme ce que les deux grandes puissances, l'Amerique et la Russie, ne laisseront pas renaitre (Platon et l'Europe, p.17). Mais l'Europe, ecrit-il, est aussi ce qui etait porteur d'une perspective, d'une possibilite << de faire du monde humain un monde de la verite et de la justice >> (Op.cit., p.44). C'est pourquoi, le penseur dissident Jan Patocka va porter au plus loin que ses forces intellectuelles et physiques le lui ont permis, la pensee de ce que pourrait/devrait etre << l'Europe apres l'Europe >>.La situation historique et politique de l'Europe centrale avait en effet de quoi susciter une analyse critique, lucide de ce que peut etre l'Europe ainsi que les limites de ce pouvoir-etre. S'il fut un << incurable >> europeen, en recherche et en demande d'Europe, Patocka n'a pas commis l'erreur d'une affirmation a priori, et arrogante, de la superiorite des valeurs europeennes. Tout chez lui est recherche d'un fondement humain << commun a toutes les formes d'humanite, si diverses soient-elles >> (Liberte et sacrifice, p.212). Des lors, qu'est-ce qui distingue l'Europe ? C'est, precisement, d'avoir ete pionniere dans la recherche d'un tel fondement humain, d'avoir pose les conditions de possibilite de celui-ci.Apres l'effondrement du systeme communiste, vint la reunification de l'Allemagne, et - selon les Europeens de l'ouest - l'elargissement aux populations asservies par Moscou, alors que celles-ci y voyaient la reunification tant esperee. Malheureusement, tres vite, le << reve >> europeen, la construction europeenne initiee au lendemain de la Deuxieme Guerre mondiale a fait place a un melange complexe de droit, de gestion et d'interets nationaux. Aujourd'hui, les citoyens, du centre, de l'ouest, de l'est..., se reveillent du reve europeen avec un gout amer : erronement ou avec raison, ils ont le sentiment que l'Europe n'est plus la leur. Les voies de la pensee, de l'enseignement, de la culture, de l'information n'ont pas retenu l'attention des gestionnaires. En retour, l'Europe des gestionnaires ne retient plus l'attention des citoyens.Lors des conferences sur << La crise de l'humanite europeenne et la philosophie >> prononcees a Vienne et a Prague (a l'invitation de Jan Patocka) en 1935, Edmund Husserl avait predit que << Le plus grand danger de l'Europe, est la lassitude >> (La crise des sciences europeennes, p.382). Philosophes, ecrivains, artistes, intellectuels n'ont pas droit a la lassitude, a l'assoupissement des valeurs, car leur responsabilite va plus loin que le temps present, elle configure le monde de demain dans lequel vivront les enfants d'aujourd'hui. Les representants politiques europeens n'ont pas davantage droit a la lassitude. Leur responsabilite est d'affronter l'aprete du temps present, de surmonter les tensions, de travailler a endiguer les crises. La responsabilite politique est donc ancree a une situation presente, mais celle-ci << differe du tout au tout suivant que ceux qui se trouvent dans cette situation capitulent ou ne capitulent pas >> (Platon et l'Europe, p.10). Telle est la difference qui ouvre l'action politique sur demain. La vie politique, ecrit Patocka, est << un non-enracinement permanent (...), le peril auquel elle est constamment exposee, est toujours a affronter. C'est uniquement dans ce s'expliquer avec le peril affronte sans crainte que la vie libre peut se deployer >> (Essais heretiques, p.52). Et de conclure, que cela, seule le peut la democratie, car le << s'expliquer avec >> est proprement l'essence de la democratie.L'Union europeenne connait une succession de crises majeures (finance, dettes souveraines, Grece, Brexit, terrorisme, refugies...) dont aucune n'est a l'heure actuelle completement surmontee. La necessite d'une Defense et d'une politique etrangere communes est rendue chaque jour plus evidente, voire urgente. Des initiatives de relance economique et d'adaptation institutionnelle sont en discussion sous la conduite de Jean-Claude Juncker. Et c'est tant mieux. Mais si le peuple d'Europe n'est pas, cette fois, davantage etroitement associe au projet europeen, par des initiatives citoyennes, par l'enseignement, par l'information, par la culture, par la traduction et l'apprentissage des langues, par la Recherche scientifique et humaine..., cela n'aboutira pas. Aucune entite politique n'a jamais existe sans peuple. Ni de democratie sans demos.Jan Patocka, en 1977, sous la dictature communiste, a eu le courage en evoquant << l'Europe apres l'Europe >> de preserver ce qui fait l'ame de celle-ci : l'affirmation de la dignite de chacun (<< Ce qui est necessaire, c'est de se conduire en tout temps avec dignite >>), ou encore la capacite de fonder l'ensemble des activites humaines sur une perspective valable pour tous. Des Etats comme la Pologne ou la Hongrie peinent aujourd'hui a aller en ce sens. C'est exact. Mais c'est de l'Union europeenne elle-meme que doivent renaitre les visees humanistes premieres. C'est a travers l'Union europeenne que pourront etre assumes les combats nouveaux dans un monde nouveau... et terriblement menacant. Lire Patocka, en meme temps que differents auteurs nes dans << l'autre >> Europe, celle qui a cruellement souffert durant plusieurs decennies de l'absence, precisement, d'Europe, peut constituer, pour nous, un formidable encouragement a construire ensemble << l'Union europeenne apres l'Union europeenne >>.quelques regles de bonne conduite avant de reagir (c) Rossel & Cie - 2018 Conditions generales de vente - Droits de reproduction - Protection de la vie privee - Droit a l'oubli ", "theme": "archive"}