{"id_art": "39c328425da307969f1f9977761dde13", "title": "L'epoux d'une victime du 22 mars: <<J'en appelle au djihad de l'amour, celui qui ne connait pas la haine>> ", "newspaper": "lesoir", "author": [], "date_publi": [], "content": " Beatrice Delvaux Les victimes du 22 mars Mohamed El Bachiri, dont la femme Loubna, mere de ses trois fils, est decedee dans le metro a Maelbeek a sorti un recueil de ses textes/poemes, cosignes avec David Van Reybrouck. J e m'appelle Mohamed, je suis belgo-marocain, musulman et molenbeekois. Avec ce prenom, ces convictions religieuses et la reputation de la commune dans laquelle je vis, je suis considere par une partie de la population et du monde, comme un terroriste potentiel. Et cela m'affecte beaucoup. >> C'est par ces mots que Mohamed El Bachiri commence une courte allocution devant les cameras de la VRT en decembre dernier. Depuis, son texte a ete vu 11 millions de fois, traduit dans 12 langues dont l'arabe et le chinois, bizarrement quasiment ignore du monde francophone qui est le sien. C'est le plus bel article que j'ai jamais lu dans Le Soir En Ligne depuis les annees que je le lis. Les larmes coulent en verse de mes yeux horrifies a mon coeur de chretien. Merci et respect, Monsieur El Bachiri. Merci Mohamed pour ce beau message de paix et d'amour. Je salue ceux qui vous ont traduit . Il est bon de relayer des textes qui vehiculent autre chose que la mefiance ou la haine de l'autre. \"Respectons l'autre, il nous respectera en retour\" disait mon professeur de morale laique, il y a 50 ans. Il est grand temps de revenir a cette sagesse ! ", "theme": "archive"}