{"id_art": "e709109215f3071cde3db2ab8edc3320", "title": "A Sochaux aussi, le FN fracture le vote ouvrier ", "newspaper": "lesoir", "author": [""], "date_publi": ["2017-05-02"], "content": " Xavier AlonsoElection presidentielle 2017 Dans les historiques usines Peugeot, Le Pen arrive en tete, devant Melenchon. Le vote ouvrier pourrait etre determinant. On a tout de suite reconnu Patrick derriere son bar. C'est le patron du PMU le Domino, sur l'avenue du General Leclerc, a Sochaux. La petite ville abrite le siege de l'usine PSA Peugeot. Ici, Marine Le Pen est arrive en tete avec 32% des voix, devant Jean-Luc Melenchon (22%) et Emmanuel Macron (20%). On y vient pour comprendre le vote ouvrier, largement domine par le FN depuis 2002. A l'epoque, le choc avait ete terrible de decouvrir Jean-Marie Le Pen l'emporter dans ce bastion traditionnel du PS et du PC. Les Inrockuptibles avaient consacre a la ville un grand reportage << La France d'En bas expliquee a mon gouvernement >>. Quinze ans apres, on s'est mis en tete de retrouver ceux qui avaient temoigne alors.", "theme": "archive"}