{"id_art": "74b26a114248488a6bf34518c1a389fc", "title": "Jan Jambon soigne la communication belge en France ", "newspaper": "lesoir", "author": [], "date_publi": [], "content": " Jan Jambon soigne la communication belge en France Thomas Casavecchia Le ministre de l'Interieur s'auto-congratule, mais si les investissements dans la securite sont au niveau de 2008, les defis sont autrement plus critiques. Le ministre de l'Interieur, Jan Jambon, se felicitait dans les colonnes du Figaro ce mercredi des resultats de la Belgique en matiere de lutte contre le terrorisme, a l'occasion prochaine des commemorations des attentats du 22 mars. Moyens supplementaires pour la police, la justice et les renseignements, les controles intensifies dans les communes ciblees par le Plan canal. Le ministre est plutot positif quant aux efforts consentis par le federal depuis 2015.(c) Rossel & Cie - 2018 -- Conditions generales de ventes -- Droits de reproduction -- Protection de la vie privee - droit a l'oubli ", "theme": "archive"}