{"id_art": "84a295b7867fb1561e4a5e4ccf24bb66", "title": "Plus d'un milliard d'euros investi dans des etudes de securite sans resultat ", "newspaper": "lesoir", "author": [], "date_publi": [], "content": " Plus d'un milliard d'euros investi dans des etudes de securite sans resultat Les milliards d'euros investis par l'Union europeenne dans des recherches relatives a la securite n'ont produit que peu de resultats probants, ressort-il mercredi de l'enquete #SecurityForSale menee par plusieurs medias europeens, dont le magazine Knack en Belgique.Selon l'hebdomadaire, l'Europe a depense quelque 1,7 milliard d'euros au cours des dix dernieres annees pour des enquetes portant sur la securite dans le cadre des programmes FP7 (2007-2013) et Horizon 2020 (2014-2020). D'ici 2020, le cout de ces projets devrait atteindre les trois milliards d'euros. Leur objectif est de developper <<des technologies innovantes ainsi que des instruments de diagnostic et de connaissance>> pour repondre <<a tous les types de menace et de defi pour la securite, tels la criminalite, le terrorisme et les situations d'urgence a grande echelle>>. (c) Rossel & Cie - 2018 Conditions generales de vente - Droits de reproduction - Protection de la vie privee - Droit a l'oubli ", "theme": "archive"}