{"id_art": "4fa66e9706e6f41e5a1799be47f182a8", "title": "La France d'abord de Le Pen, c'est le <<America First>> de Trump ", "newspaper": "lesoir", "author": [""], "date_publi": ["2017-05-01"], "content": " William Bourton, Corentin Di Prima et Pascal MartinLa remise en question de la libre circulation des personnes doit etre reliee en priorite a la << preference nationale >>, le coeur du programme de Marine Le Pen. > Une restauration effective des frontieres de l'Hexagone. > Un traitement administratif ou penal immediat des fiches S (radicalises). > Le retablissement de la peine de mort pourrait etre propose a referendum.", "theme": "archive"}