{"id_art": "64df19b8702ae58e08886fa144439e9b", "title": "<< On n'est pas oblige de vendre >> ", "newspaper": "lesoir", "author": [], "date_publi": [], "content": " L'expert << On n'est pas oblige de vendre >> Ludivine Ponciau<< On n'est pas oblige de vendre >>Olivier Corten est professeur de droit international a l'ULB.Les Regions doivent-elles attendre que l'Europe se positionne pour suspendre la vente d'armes ?Pas du tout. La Wallonie dispose d'un systeme pour reguler la vente des armes et la restreindre si elle le souhaite. La, elle se decharge de sa responsabilite alors qu'elle a l'obligation de faire quelque chose. Ces dernieres annees, beaucoup ont denonce trois problemes avec l'Arabie saoudite : le respect des droits de l'Homme, la situation au Yemen et le fait qu'elle fournisse des armes aux rebelles syriens. Continuer a lui vendre des armes devient problematique sur le plan juridique.N'est-il pas paradoxal que la Belgique s'inquiete du financement du terrorisme, de la propagation du wahhabisme tout en continuant a faire affaire avec les Saoudiens ?(c) Rossel & Cie - 2018 -- Conditions generales de ventes -- Droits de reproduction -- Protection de la vie privee - droit a l'oubli ", "theme": "archive"}