{"id_art": "d88c98063ff24d53fdf7400c62bf7fe6", "title": "230.000 utilisateurs ", "newspaper": "lesoir", "author": [], "date_publi": [], "content": " 230.000 utilisateurs Ludivine Ponciau230.000 utilisateursD'ici 2020, le Centre de crise verra ses moyens financiers et humains doubler. 111 personnes seront engagees ou detachees de differents services : policiers, pompiers, medecins, analystes... Ces derniers mois, le Centre de crise a egalement mis en place toute une serie d'outils, comme le site << info-risques.be >>, cree en 2014 et destine a informer la population sur les risques lies au terrorisme ou aux cyberattaques tel le rancongiciel. Le portail detaille aussi les reflexes a adopter en cas de crise ou de situation d'urgence.Un site pourtant assez meconnu du grand public. << On diffuse des informations par differents canaux mais il faut que les gens soient receptifs, explique Benoit Ramaker, porte-parole du Centre de crise. Des etudes ont montre qu'en Belgique, on a une culture du risque tres faible. Pourtant, on voit que les citoyens veulent etre actifs en cas de crise. Mais il faut leur montrer comment bien agir. >>(c) Rossel & Cie - 2018 -- Conditions generales de ventes -- Droits de reproduction -- Protection de la vie privee - droit a l'oubli ", "theme": "archive"}