{"id_art": "1c22b902e89a2aa9137f939563855f09", "title": "<<Macron a raison, l'Afrique est un continent d'avenir>> ", "newspaper": "lesoir", "author": ["philippe de"], "date_publi": ["2017-05-11"], "content": " Philippe de Boeck Dans son dictionnaire amoureux de l'Afrique, l'ancien patron de France Televisions Herve Bourges, epluche le continent en mode passion. Herve Bourges etait de passage a Bruxelles mercredi a l'occasion de la sortie de son << dictionnaire amoureux de l'Afrique >>. L'occasion, surtout, de parler du nouveau president francais et de ce qu'il reste de la Francafrique. La RDC est un des pays les plus riches en matieres premieres, mais un des plus pauvres au niveau de sa population. Elle n'en sortira jamais ? ", "theme": "archive"}