{"id_art": "6016c06bb02a2f371641c432f90729f9", "title": "Le terrorisme (et l'Iran), l'Axe du mal pour Trump ", "newspaper": "lesoir", "author": [""], "date_publi": ["2017-05-21"], "content": " Le terrorisme (et l'Iran), l'Axe du mal pour Trump AFPDonald Trump a appele dimanche en Arabie saoudite les pays musulmans a lutter avec determination contre l'extremisme, voyant dans la lutte contre le terrorisme une bataille entre << le bien et le mal >>. Dans un discours attendu prononce a Ryad devant les representants d'une cinquantaine de pays musulmans, le president americain s'en est violemment pris a l'Iran accuse de << soutenir le terrorisme >>, a la grande satisfaction des monarchies sunnites du Golfe, dont l'Arabie saoudite, qui redoutent l'influence de leur grand rival chiite.(c) Rossel & Cie - 2018 -- Conditions generales de ventes -- Droits de reproduction -- Protection de la vie privee - droit a l'oubli ", "theme": "archive"}