{"id_art": "a344c1295285dbf1a77828267f959ddb", "title": "Attentat de Stockholm: le suspect avoue ", "newspaper": "lesoir", "author": [""], "date_publi": ["2017-04-12"], "content": " Attentat de Stockholm: le suspect avoueAttentat de Stockholm: le suspect avoueRakhmat Akilov, l'ouvrier ouzbek soupconne d'avoir volontairement renverse vendredi apres-midi a Stockholm, au volant d'un camion vole, une vingtaine de personnes, faisant quatre morts, a reconnu mardi devant un juge <<avoir commis un acte terroriste et accepte son placement en detention provisoire>>, a declare son avocat. (afp).Un ecolier decedea San BernardinoUn garcon de 8 ans est egalement decede suite a l'incident survenu lundi dans une ecole primaire de San Bernardino (Californie). Le tueur presume, Cedric Anderson, a tire sur une enseignante en classe, Karen Smith, son epouse, avant de se donner la mort. L'attaque est survenue dans une classe pour enfants handicapes. (afp)(c) Rossel & Cie - 2018 -- Conditions generales de ventes -- Droits de reproduction -- Protection de la vie privee - droit a l'oubli ", "theme": "archive"}