{"id_art": "d855c259bb1ce9e77058d0d26b097732", "title": "La Turquie a l'aube d'un vote historique ", "newspaper": "lesoir", "author": [""], "date_publi": ["2017-04-15"], "content": " Anne AndlauerReferendum en Turquie Dimanche, les Turcs voteront pour ou contre le regime presidentiel voulu par Recep Tayyip Erdogan, avide de nouveaux pouvoirs. Chaque camp crie deja victoire, mais les sondeurs restent prudents. Depuis Istanbul Sur une place du centre d'Istanbul, a un passage pieton des rives du Bosphore, deux camionnettes blanches vibrent a tour de role sous le vacarme des haut-parleurs. L'une arbore la photo d'une fillette aux cheveux tresses et ce court slogan : << Pour mon avenir, (dites) non. >> Sur l'autre vehicule, le visage du Premier ministre, Binali Yildirim, accole a ces mots : << La nation pour toujours, notre decision est oui. >> ", "theme": "archive"}