{"id_art": "1b73017fe02ec88d02d3c3bb3c75c016", "title": "May en Ecosse ", "newspaper": "lesoir", "author": [""], "date_publi": ["2017-03-28"], "content": " nations britanniques May en Ecosse Anne AndlauerMay en Ecosse<< L'Etat, c'est moi. >> La phrase n'a pas ete prononcee par Theresa May mais c'est bien le message que la Premiere ministre a delivre hier aux Ecossais et a Nicola Sturgeon. A deux jours du declenchement du Brexit, la cheffe du gouvernement britannique a conclu sa tournee du Royaume-Uni, entamee la semaine derniere, par une visite aux accents tres regaliens au nord du mur d'Hadrien.(c) Rossel & Cie - 2018 -- Conditions generales de ventes -- Droits de reproduction -- Protection de la vie privee - droit a l'oubli ", "theme": "archive"}