{"id_art": "f1b337f6f12d47a5503482f5a0cddf85", "title": "Les abstentionnistes, allies d'Erdogan ", "newspaper": "lesoir", "author": [], "date_publi": [], "content": " Les abstentionnistes, allies d'Erdogan Anne Andlauer Dimanche, les Turcs voteront pour ou contrele regime presidentiel voulu par Recep Tayyip Erdogan, avide de nouveaux pouvoirs.Chaque camp crie deja victoire, mais les sondeurs restent prudents.La campagne pour le <<oui>> est omnipresente dans l'espace public et les medias. Le president Erdogan n'est pas rassure pour autant: une partie de ses allies nationalistes pourrait voter <<non>>. de notre correspondanteSur une place du centre d'Istanbul, a un passage pieton des rives du Bosphore, deux camionnettes blanches vibrent a tour de role sous le vacarme des haut-parleurs. L'une arbore la photo d'une fillette aux cheveux tresses et ce court slogan : << Pour mon avenir, (dites) non. >> Sur l'autre vehicule, le visage du Premier ministre, Binali Yildirim, accole a ces mots : << La nation pour toujours, notre decision est oui. >>(c) Rossel & Cie - 2018 -- Conditions generales de ventes -- Droits de reproduction -- Protection de la vie privee - droit a l'oubli ", "theme": "archive"}