{"id_art": "769b6d72554f6e36ee54df6a39be740b", "title": "Un lieu portera le nom de Johnny Hallyday a Paris ", "newspaper": "lesoir", "author": [], "date_publi": [], "content": "La proposition devrait etre approuvee par le Conseil de Paris la semaine prochaine. La maire de Paris, Anne Hidalgo, a propose ce vendredi qu'un lieu ou etablissement public a Paris porte le nom de Johnny Hallyday. Une proposition qui sera soumise aux voix du Conseil de Paris la semaine prochaine, qui devrait approuver le principe. << Paris n'oublie pas sa participation a l'hommage aux victimes du terrorisme place de la Republique, le 10 janvier 2016 >>, est-il ecrit dans le texte qui sera soumis au vote. << Les Parisiennes et les Parisiens ont suivi son parcours avec un interet particulier, l'applaudissant dans les salles les plus intimes comme dans les grands espaces du Champ-de-Mars, et ses concerts dans la capitale restent parmi les plus memorables de ses tournees >>.quelques regles de bonne conduite avant de reagir LOCATION DROME VAISON LA ROMAINE Location Tenerife - La Caleta CItytrip LUXEMBOURG VILLE (c) Rossel & Cie - 2018 Conditions generales de vente - Droits de reproduction - Protection de la vie privee - Droit a l'oubli ", "theme": "archive"}