{"id_art": "e3d827ba573001a65016b472985c9779", "title": "Rutte rejette d'avance toute alliance avec les populistes ", "newspaper": "lesoir", "author": [], "date_publi": [], "content": " Rutte rejette d'avance toute alliance avec les populistes Didier Burg Lundi soir, un debat televise opposait les deux candidats les mieux placespour le scrutin a venir.Mark Rutte a repeteles yeux dans les cameras, qu'il ne gouvernerait pasavec Geert Wilders.Mark Rutte (a gauche) et Geert Wilders, lors de leur debat de ce lundi, a Rotterdam, a 48 heures d'un scrutin legislatif crucial. Bart Maat/ EPA.de notre correspondantLa photo ou on les voyait se tenant par l'epaule comme de francs camarades, a sans doute jauni. Ennemis jures aujourd'hui sur la scene politique neerlandaise, les deux candidats les mieux places pour gagner les elections legislatives de mercredi aux Pays-Bas, ont croise le fer hier soir devant les cameras.Crucial a deux jours du scrutin sachant qu'un electeur neerlandais sur quatre hesite encore sur la couleur de son bulletin de vote, un debat televise, premier du genre entre les deux hommes au cours de cette campagne, a oppose Mark Rutte, Premier ministre et leader du parti liberal (VVD), et Geert Wilders, chef de file des populistes avec son parti de la liberte du parti populiste (PVV).Au coude au coude dans les sondages pour remporter le scrutin de demain, chacun de leur parti obtiendrait 25 sieges dans la nouvelle chambre. Mais leur mariage est << consomme d'avance >> au sein d'une prochaine coalition(c) Rossel & Cie - 2018 -- Conditions generales de ventes -- Droits de reproduction -- Protection de la vie privee - droit a l'oubli ", "theme": "archive"}