{"id_art": "ac89f0614b0a63693f2a6ab23dc3cda0", "title": "Les parties civiles - Garantir l'anonymat aux Unites speciales ", "newspaper": "lesoir", "author": [], "date_publi": [], "content": "Les avocats des deux dernieres parties civiles qui se sont exprimes jeudi matin representaient un policier de la DR3 (anti-terrorisme) et deux agents des Unites speciales de la police federale (DSU). << C'est la premiere fois que des agents des unites speciales se constituent parties civiles, c'est leur metier de se faire tirer dessus >>, a souligne Me Tom Bauwens, leur avocat.", "theme": "archive"}