{"id_art": "31c86ed31a8da3a85d790baba1945e04", "title": "Oussama Atar aurait rendu visite a sa famille en Belgique apres les attentats ", "newspaper": "lesoir", "author": [], "date_publi": [], "content": " Oussama Atar aurait rendu visite a sa famille en Belgique apres les attentats Camille Tang Quynh D'apres CNN, le terroriste belge - qui fait l'objet d'une chasse a l'homme internationale - aurait rendu visite a sa famille en aout dernier, quelques mois apres les attentats de Bruxelles. Soupconne d'etre aux commandes des attentats de Paris et de Bruxelles, il est l'un des hommes les plus recherches par les unites antiterroristes. Oussama Atar, cousin des freres kamikazes Khalid et Ibrahim El Bakraoui, aurait ete de passage en Belgique l'ete dernier, soit quelques mois apres les attaques terroristes perpetrees a Maelbeek et a Brussels Airport.D'apres CNN, le terroriste belge de 32 ans - qui fait l'objet d'une chasse a l'homme internationale - aurait rendu visite a sa famille en aout dernier. << Il est en contact direct avec eux et les a vus en personne >>, affirme une source judiciaire au media americain. Le parquet federal n'a pas souhaite reagir a cette information. Tout comme la famille d'Atar qui, contactee par CNN, s'est refusee a tout commentaire. Au mois d'aout 2016 , huit perquisitions avaient ete menees dans la capitale a la demande d'un juge d'instruction specialise en matiere de terrorisme : six a Laeken, une a Evere et une a Anderlecht. Si aucune arme ni explosif n'avait ete decele, trois personnes avaient tout de meme ete interpellees. Mais aucune trace d'Oussama Atar, qui semblait s'etre volatilise. Le lendemain, l'operation avait ete divulguee dans les medias.<< Cela a eu des consequences immediates sur l'enquete, precise la source. Je ne dis pas que nous l'avons manque a cause de ca... On ne le saura jamais >>.Les raisons de la presence du terroriste en Belgique restent floues pour les enqueteurs. Qui craignent neanmoins le pire. << Le groupe Etat islamique n'enverrait pas quelqu'un comme Atar pour commettre des attentats, a moins qu'il ne veuille le faire lui-meme >>, ajoute-t-il. Dans une lettre non datee ecrite pour sa mere et publiee par la DH en novembre dernier, Oussama Atar niait fermement toute implication dans les attentats de Bruxelles, mais sans evoquer ceux de Paris. (c) Rossel & Cie - 2018 Conditions generales de vente - Droits de reproduction - Protection de la vie privee - Droit a l'oubli ", "theme": "archive"}