{"id_art": "90a920d163e4a9c1a317eafbe90333f6", "title": "Un an apres, le traumatisme est passe, mais la peur est toujours la... ", "newspaper": "lesoir", "author": [], "date_publi": [], "content": " Un an apres, le traumatisme est passe, mais la peur est toujours la... Corentin Di Prima Attentats de Bruxelles Chacun se rappelle ce qu'il faisait le 22 mars 2016. Il y a ceux qui l'ont vecu de pres. Anne etait a Merode : << J'attendais le metro... J'avais \"rate\" celui qui a saute >>. Cecile habite non loin de Maelbeek. Elle devait rejoindre un ami a Madou, une station proche, quand elle a appris l'explosion. << On s'est depeches de rentrer a la maison pour se mettre a l'abri. Des gens qui etaient dans le metro qui a explose commencaient a remonter a pied dans ma rue. Il y avait surtout un monsieur, la main en sang. On l'a accueilli a la maison toute la matinee... >>, raconte-t-elle. D'autres l'ont vecu de plus loin : << J'etais a Madagascar. Seule. Avec la realite de la-bas qui faisait que je ne pouvais exprimer ni mon desarroi, ni mes peurs entretenues par l'imaginaire lie a la distance. Dur >>, se rememore Celine.(c) Rossel & Cie - 2018 -- Conditions generales de ventes -- Droits de reproduction -- Protection de la vie privee - droit a l'oubli ", "theme": "archive"}