{"id_art": "00370ab9525be264409394a6bd8637dd", "title": "Jambon aux medias francais: <<On a laisse trop longtemps le champ libre a Daesh>> ", "newspaper": "lesoir", "author": [], "date_publi": [], "content": " Jambon aux medias francais: <<On a laisse trop longtemps le champ libre a Daesh>> AFP Dans une interview destinee aux medias francais, le ministre de l'Interieur belge fait le point sur l'evolution de la menace terroriste. Pres d'un an apres les attentats de Bruxelles, la Belgique reste sous la menace d'attentats terroristes mais la nature du danger a evolue, le groupe Daesh etant a present une << source d'inspiration >> plus qu'un commanditaire, affirme le ministre belge de l'Interieur, Jan Jambon. << Notre pays est plus sur >> qu'au moment des attentats qui ont fait 32 morts et des centaines de blesses le 22 mars 2016 a l'aeroport et dans le metro de Bruxelles, a assure le ministre dans un entretien a l'AFP, alors que se preparent les commemorations des attaques commises par la cellule jihadiste qui avait frappe Paris quatre mois plus tot. << Mais nous restons au niveau 3 de menace >>, sur une echelle de 4, << ce qui veut dire que nous restons vigilants a ce qu'il se passe sur notre territoire et dans le monde, parce que le terrorisme ne connait pas de frontiere >>, tempere le << premier flic >> de Belgique. << La menace evolue >> et a deja traverse << trois phases >>, explique M. Jambon, l'une des figures du parti nationaliste flamand N-VA (droite). << La premiere phase, ce sont des attentats tres cibles : Charlie Hebdo, l'Hyper Casher a Paris, le Musee juif de Bruxelles. La deuxieme, ce sont quand des combattants de l'EI commettent des attentats ici avec pour objectif de faire le plus de victimes possible >>, analyse-t-il.Mais comme les departs vers la Syrie et l'Irak se sont taris -aucun depuis la Belgique en 2016, alors que le pays etait l'un des champions de l'envoi de combattants sur zone- et que les retours sont plus difficiles, << l'EI ne commande plus >> directement des actions terroristes, poursuit le ministre.Aujourd'hui, Daesh << inspire les gens pour qu'ils contribuent au djihad. C'est Nice, Berlin, Jerusalem, c'est le type avec la machette qui a attaque deux femmes policieres a Charleroi >>, enumere M. Jambon, evoquant une troisieme phase.Selon le ministre de l'Interieur, les services de renseignement de nombreux pays craignent a present une nouvelle phase avec le retour eventuel de jihadistes en Europe.Tandis que Daesh recule dans ses fiefs syriens et irakiens, << la grande question est : 'Vont-ils leur demander de combattre jusqu'au dernier'>> ou au contraire leur <<'dire de rentrer dans leur pays pour faire le plus de degats possible ?'>>, s'interroge-t-il. << On a vu les premiers retours, meme si ce sont plutot les femmes avec enfants. Je ne dis pas que c'est sans danger, parce que les femmes peuvent aussi etre des combattantes. Mais nous n'avons pas encore de signe d'un grand exode >>, observe le ministre, << mais je peux vous jurer que chaque service de renseignement, de chaque pays, travaille la dessus >>.Une autre source d'inquietude est l'evolution du salafisme et du wahhabisme saoudien, une des versions les plus rigoristes de l'islam. << Il y avait auparavant une distinction claire entre le salafisme politique, le salafisme religieux (ou pietiste, ndlr) et le salafisme violent. Maintenant, cette distinction est beaucoup plus vague et c'est une evolution qui est dangereuse >>, s'inquiete M. Jambon.Mais il prend soin de faire une distinction entre les << actions de l'Arabie Saoudite >>, qui a rejete via son ambassade a Bruxelles les accusations de soutenir le terrorisme en Belgique -<<et la, je pense que l'ambassade a raison >>, dit M. Jambon- et celles << d'individus de nationalite saoudienne >>, qui << personnellement font des choses >>.En Belgique, << il y a des garages qui se transforment en mosquees >> et << cela se joue aussi beaucoup par internet >>, selon lui : << C'est a notre societe de faire des contre-propositions, parce qu'on a laisse trop longtemps le champ libre aux salafistes et a l'EI pour seduire les jeunes avec leurs messages simplistes >>. Pour << combattre le terrorisme, on doit commencer par s'attaquer a la petite criminalite >>, plaide-t-il. << Les jeunes qui sont dans la petite criminalite, entrent a un moment en contact avec une forme plus grave de criminalite. Ils passent par la case prison, et apres ? Ils sont de la 3e, 4e generation issue de l'immigration, ils n'ont pas de diplome et ont deja un casier judiciaire. Quel est leur futur ? >>, deplore Jan Jambon. (c) Rossel & Cie - 2018 Conditions generales de vente - Droits de reproduction - Protection de la vie privee - Droit a l'oubli ", "theme": "archive"}