{"id_art": "8be6a057ce9d0bc2cd5f8888a9a213cd", "title": "Le metro russe, theatre de bains de sang ", "newspaper": "lesoir", "author": [""], "date_publi": ["2017-04-03"], "content": " Ludivine PonciauExplosion a Saint-Petersbourg Une explosion a touche le metro de Saint-Petersbourg ce lundi, tuant une dizaine de personnes. La Russie, qui soutient diplomatiquement et militairement le regime de Bachar al Assad, a ete specifiquement visee par des menaces de Daesh. Il etait 14h40 (heure locale) quand une explosion est survenue dans le metro de Saint-Petersbourg, dans une rame circulant entre les stations Sennaia Plochad et Tekhnologuitcheski Institout, en plein centre de la deuxieme ville de Russie.L'explosion a fait au moins onze morts. Sept personnes ont peri sur le lieu de l'explosion, une pendant le transport par ambulance et trois a l'hopital. Quarante-cinq blesses ont ete denombres, a indique la ministre de la Sante Veronika Skvortsova.Le Comite antiterroriste a annonce avoir desamorce une <<bombe artisanale>> decouverte vers 15heures dans une autre station tres frequentee du centre, <<Plochad Vosstaniia>>, sur la principale artere de la ville, la perspective Nevski et en face de la gare desservant Moscou.", "theme": "archive"}