{"id_art": "4f709ff5854d9ab1f713a91ba7bfebca", "title": "<<Demain a rendudu pouvoir aux gens>> ", "newspaper": "lesoir", "author": [], "date_publi": [], "content": "<<Demain a rendudu pouvoir aux gens>><<Faire fonctionner la democratie, ce n'est pas seulement pointer du doigt les elus, c'est prendre notre responsabilite en tant que citoyens.>> Rene Breny (c) Rossel & Cie - 2018 -- Conditions generales de ventes -- Droits de reproduction -- Protection de la vie privee - droit a l'oubli ", "theme": "archive"}