{"id_art": "7bb45f43faf194e2b496897a5d6b9266", "title": "<< J'en appelle au djihad de l'amour,celui qui ne connait pas la haine >> ", "newspaper": "lesoir", "author": ["beatrice delvaux"], "date_publi": ["2017-03-22"], "content": " << J'en appelle au djihad de l'amour,celui qui ne connait pas la haine >> Beatrice Delvaux Mohamed El Bachiri a perdu Loubna, la merede ses trois enfants, a Maelbeek le 22 mars 2016.Un an, jour pour jour, apres avoir perdu la femme de sa vie, ce Belgo-Marocain, musulman et molenbeekois, rappelle que la signification premiere de << djihad >> est << l'effort sur soi-meme, par rapporta ses coleres >>.Et il lance un appel pour s'ouvrir a l'autreet pour lutter contre l'obscurantisme.<<Si on partage des valeurs de sacralite de la vie humaine, de libre arbitre, de rapport fraternel, on ne pourra plus etre seduits par un discours de haine.>> Bruno Dalimonte/Le Soir. Je m'appelle Mohamed, je suis belgo-marocain, musulman et molenbeekois. Avec ce prenom, ces convictions religieuses et la reputation de la commune dans laquelle je vis, je suis considere par une partie de la population et du monde comme un terroriste potentiel. Et cela m'affecte beaucoup. >> C'est par ces mots que Mohamed El Bachiri commence une courte allocution devant les cameras de la VRT en decembre dernier. Depuis, son texte a ete vu onze millions de fois, traduit dans douze langues dont l'arabe et le chinois, bizarrement quasiment ignore du monde francophone qui est le sien.(c) Rossel & Cie - 2018 -- Conditions generales de ventes -- Droits de reproduction -- Protection de la vie privee - droit a l'oubli ", "theme": "archive"}