{"id_art": "85b5ff6f6110dfdc8874348d9f500a4b", "title": "La Jordanie pend quinze <<terroristes et criminels>> ", "newspaper": "lesoir", "author": [""], "date_publi": ["2017-03-04"], "content": " Quinze hommes reconnus coupables de << terrorisme et de crimes >> ont ete pendus samedi a l'aube en Jordanie, de rares executions dans le royaume, a annonce le porte-parole du gouvernement.Cite par l'agence Petra, Mahmoud al-Momani, egalement ministre d'Etat pour l'Information, a precise que les condamnes avaient ete executes a la prison de Souaga, au sud d'Amman. Dix condamnes ont ete reconnus coupables d'attaques <<terroristes>> et cinq pour divers crimes dont des viols.", "theme": "archive"}