{"id_art": "cece97f9c27596670ffa41a5f40fc0f2", "title": "L'Asie centrale, au coeurdu terrorisme islamiste ", "newspaper": "lesoir", "author": [""], "date_publi": ["2017-04-10"], "content": " L'Asie centrale, au coeurdu terrorisme islamiste Benjamin Quenelle Les principaux suspects derriere les attentatsde Saint-Petersbourg et de Stockholm sont originaires du Kirghizistan et d'Ouzbekistan. Les anciennes republiques sovietiques d'Asie centrale sont devenues un vivierpour l'integrisme islamiste.DE NOTRE CORRESPONDANTUn Kirghize porteur de la bombe dans le metro de Saint-Petersbourg. Un Ouzbek au volant du camion belier a Stockholm. Plus que jamais l'Asie centrale, vivier pour l'integrisme islamiste, est aujourd'hui pointee du doigt apres les deux attentats de la semaine derniere. Jusque-la, dans l'espace post-sovietique, c'est le Caucase qui inquietait : la rebellion islamiste apparue autour de la Tchetchenie, dans des republiques en proie a la crise economique et sociale malgre le controle de Moscou, est soupconnee de servir de relais au recrutement de jeunes extremistes pour la Syrie. Mais le Kirghizistan et l'Ouzbekistan, deux pays musulmans pauvres d'Asie centrale, ont aussi fourni de forts contingents aux djihadistes de Daesh. Depuis des mois, en fait depuis le debut de son intervention militaire en septembre 2015 pour soutenir le regime de Bachar el-Assad, Moscou redoute le retour des combattants partis de ces deux zones ex-sovietiques faire le djihad en Syrie ou en Irak.(c) Rossel & Cie - 2018 -- Conditions generales de ventes -- Droits de reproduction -- Protection de la vie privee - droit a l'oubli ", "theme": "archive"}