{"id_art": "1d607ba6556b1ca28b10a23acb9d6557", "title": "Education, securite, retraite: Macron devoile son programme ", "newspaper": "lesoir", "author": [], "date_publi": [], "content": " Education, securite, retraite: Macron devoile son programme Le candidat d'<< En marche ! >> a enfin devoile son programme presidentiel devant pres de 400 journalistes. (c) AFP(c) AFP Emmanuel Macron a annonce, dans une interview publiee jeudi par le Parisien, les principales mesures de son programme, a quelques heures seulement de la presentation a la presse de son projet presidentiel qui a eu lieu en fin de matinee.Au total, pres de 400 journalistes - dont beaucoup de medias etrangers - ont ete accredites pour assister a sa conference de presse. Revoir la video de sa conference sur mobile. Le programme d'Emmanuel Macron : L'ancien ministre de l'Economie annonce qu'il engagera l'unification des regimes de retraite francais s'il est elu en mai. Et precise qu'il ne touchera pas durant le quinquennat l'age de depart a la retraite ni le niveau des pensions.Il envisage un assouplissement des 35 heures par des << accords negocies majoritaires >> et propose de surtaxer les contrats de travail de courte duree dans le cadre d'un systeme de bonus-malus, au risque de mecontenter le Medef, categoriquement oppose jusqu'ici a une telle reforme.Au titre d'une autre de ses priorites, il propose en outre de modifier la gouvernance du systeme de formation professionnelle, aujourd'hui entre les mains des partenaires sociaux. Emmanuel Macron souhaite au passage un << syndicalisme moins politique >> : << Je fais confiance aux syndicats pour reguler les relations de travail dans la branche et l'entreprise. Mais ils ne doivent pas se substituer aux detenteurs de l'interet general >>.Concernant l'education, il propose une serie de mesures pour remedier aux carences actuelles de l'ecole, dont la reduction du nombre d'eleves a 12 par classe en cours preparatoire et CE1 dans les zones d'education prioritaire, et le versement d'une prime de 3.000 euros nets par an aux enseignants concernes. L'ancien ministre promet en revanche de revenir sur deux reformes engagees sous l'actuel quinquennat : celles des rythmes scolaires et du college.Il souhaite reintroduire le principe des classes bi-langues dans les colleges et promet d'interdire l'usage du telephone portable dans les colleges et ecoles primaires.Visiblement inspire par le << Penelopegate >>, Emmanuel Macron veut interdire aux parlementaires toute embauche de membres de leur famille et souhaite renforcer le controle de leurs depenses. Il s'engage aussi a leur interdire toute activite de conseil parallele a leur mandat, afin de << reduire drastiquement les conflits d'interets >>, et a mettre fin a leur regime special de retraite.<< Nous fiscaliserons l'integralite de la remuneration des parlementaires, notamment l'indemnite representative de frais de mandat >>, ajoute l'ancien ministre de Francois Hollande. Si un parlementaire a des frais lies a son activite, << il peut les deduire >>, explique-t-il. << Mais il doit donner ses justificatifs, controlables par le fisc. >>Le candidat d'<< En Marche ! >> prone un desenclavement des banlieues. << Il faut rompre leur assignation a residence. Tant que l'histoire de la Republique fait vivre des vies d'assieges a celles et ceux qui sont dans ces quartiers, vous ne pouvez pas construire de lien avec ceux qui incarnent l'autorite de l'Etat >>, a-t-il explique.Il souhaite aussi creer une police de proximite mais estime qu << il n'y a pas de nouvelles mesures legislatives a prendre en matiere de terrorisme >>. Concernant l'eventuelle levee de l'Etat d'urgence, il << evaluera la necessite de maintenir ce dispositif << en fonction du niveau de risque decrit par les services de renseignement >>, resume Le Monde. (c) Rossel & Cie - 2018 Conditions generales de vente - Droits de reproduction - Protection de la vie privee - Droit a l'oubli ", "theme": "archive"}