{"id_art": "750df9e2c85b882a49e52c2e002e0e54", "title": "122 fugitifs recherches ", "newspaper": "lesoir", "author": [""], "date_publi": ["2017-05-05"], "content": " mode d'emploi 122 fugitifs recherches 122 fugitifs recherchesA ce jour, 122 personnes font l'objet d'une << notice rouge >>, ce qui signifie qu'elles sont activement recherchees par Interpol. L'organisation internationale qui coordonne les avis emanant des 190 pays membres diffuse egalement des notices de disparition.La Belgique a transmis a Interpol 15 noms de fugitifs qu'elle souhaite vivement voir derriere les barreaux, dont 5 pour des faits de terrorisme. Depuis janvier 2016, Europol dispose d'un portail similaire.Le site www.eumostwanted.eu compile une cinquantaine de predateurs (dont certains figurent aussi sur le site d'Interpol).(c) Rossel & Cie - 2018 -- Conditions generales de ventes -- Droits de reproduction -- Protection de la vie privee - droit a l'oubli ", "theme": "archive"}