{"id_art": "225a13a63d9a7d5c5b406026ae0ed740", "title": "Referendum en Turquie: l'opposition refuse de s'avouer vaincue ", "newspaper": "lesoir", "author": [], "date_publi": [], "content": " Anne AndlauerReferendum en Turquie Selon les dernieres estimations, une courte majorite des Turcs a accorde dimanche a Recep Tayyip Erdogan le regime presidentiel dont il revait depuis des annees. L'opposition, qui sort d'une campagne tendue et tres peu equitable, conteste le resultat. Selon des resultats non definitifs, 51,4% des Turcs ont approuve dimanche la reforme transformant leur pays en Republique presidentielle, apres neuf decennies de regime parlementaire. Le chef de l'Etat, Recep Tayyip Erdogan, a revendique sa victoire, qu'il a qualifiee de << moment historique >>, appelant <<les autres pays a respecter la decision du peuple turc >> et s'engageant a lancer << immediatement >> les travaux sur le retablissement de la peine de mort - une promesse de campagne. Devant des milliers de partisans reunis a Ankara, le Premier ministre et chef du parti au pouvoir (Parti de la justice et du developpement, AKP), Binali Yildirim, a quant a lui salue << la plus belle reponse >> aux commanditaires de la tentative de putsch de juillet 2016, aux separatistes kurdes et aux << forces etrangeres hostiles a la Turquie >>. Plus de 86% des electeurs ont participe au scrutin.", "theme": "archive"}