{"id_art": "9cbc6fb2b39189f27c3bb4c62fda25d6", "title": "<< On gagnera en credibiliteen montrant ce qui fonctionne >> ", "newspaper": "lesoir", "author": [], "date_publi": [], "content": " << On gagnera en credibiliteen montrant ce qui fonctionne >> Maxime Bierme Bouscules par le discours << anti-medias >> porte par Donald Trump, egalement relaye dans les enquetes d'opinion en Belgique, ils ne veulent pas se contenterdu << tous pourris >>.<< Nous devons livrerune vision constructivede l'information >>, insistent-ils.Une semaine sur deux, Julie Morelle cede son fauteuil des JT du week-end a Laurent Mathieu. Ce dernier remplace Anne Goderniaux depuis octobre 2016. SYLVAIN PRIAUXDepuis le mois d'octobre, Laurent Mathieu a integre l'equipe des presentateurs des journaux televise de la RTBF. Un week-end sur deux, il remplace Julie Morelle, titulaire depuis 2014. Tous deux sont conscients du fosse qui se creuse entre les citoyens et les institutions comme le JT.(c) Rossel & Cie - 2018 -- Conditions generales de ventes -- Droits de reproduction -- Protection de la vie privee - droit a l'oubli ", "theme": "archive"}