{"id_art": "b4ec6ddfbf04ae995217003d518e1230", "title": "<<Mai 68>> versus la <<Manif pour tous>> ", "newspaper": "lesoir", "author": ["pascal martin", "william bourton", "corentin di"], "date_publi": ["2017-05-05"], "content": " Pascal Martin , William Bourton et Corentin Di Prima Election presidentielle 2017 Y a-t-il deux France sur le plan des valeurs ? La France de << Mai 68 >> d'un cote contre celle de la << Manif pour tous >>, de l'autre ? Celle qui veut jouir sans entraves et celle qui veut remettre l'eglise au milieu d'un village devenu trop global ?", "theme": "archive"}