{"id_art": "c562322dde7bfc799dbb3e95c129932f", "title": "Les cinq mauxde la publicite en ligne ", "newspaper": "lesoir", "author": ["jean francois"], "date_publi": ["2017-04-25"], "content": " Les cinq mauxde la publicite en ligne Jean-Francois Munster Les derapagesse multiplientdans la pub en ligne.Les marques craignentpour leur reputation.Les editeurs belges lancent une plateforme alternative.Ou va reellement mon argent et est-il utilise a bon escient ? Ces questions, de plus en plus d'annonceurs se les posent quand il s'agit d'investir dans la publicite sur internet. A l'origine, ils ont ete seduits par les possibilites de ciblage. Plus besoin de ratisser large comme avec les medias de masse traditionnels et donc plus besoin de << gaspiller >>. Avec la pub en ligne, on ne paie que pour l'audience que l'on veut reellement toucher. Du moins c'est la promesse de Facebook ou Google...(c) Rossel & Cie - 2018 -- Conditions generales de ventes -- Droits de reproduction -- Protection de la vie privee - droit a l'oubli ", "theme": "archive"}