{"id_art": "09f50319251c58ad0f5d26ee5f3d52d6", "title": "En Argentine, le proces exemplaire des <<vols de la mort>> se cloture par 48 condamnations ", "newspaper": "lesoir", "author": [], "date_publi": [], "content": " Veronique Kiesel La dictature argentine a fait disparaitre 30.000 personnes. Notamment en les jetant vivantes dans la mer depuis un avion. C'est un proces geant, hors du commun, le plus long de l'histoire argentine : commence en novembre 2012, il concernait 54 accuses, 789 victimes et plus de 800 temoins. Et il vient de s'achever sur 48 condamnations, dont 29 a vie, et 6 acquittements. C'etait le proces des << vols de la mort >>.Durant les annees de plomb de la dictature argentine, de 1976 a 1983, les militaires ont fusille 15.000 personnes et en ont fait disparaitre 30.000 autres, essentiellement des militants de gauche. Pour ne pas laisser de trace, les tortionnaires avaient mis au point une technique assez efficace : chaque semaine, a l'ESMA, l'Ecole mecanique de la marine argentine, qui servait de centre de detention clandestin, plusieurs dizaines de prisonniers etaient appeles. On se trouve en presence d'une dictature democratique, pas de peine de mort et amnistie apres quelques annees. Elle est pas belle la vie... ", "theme": "archive"}