{"id_art": "621728e4d181cf8f7083e0d2c587d503", "title": "Fake news, propos haineux...: le patron de Facebook s'excuse et promet de <<reparer>> le reseau social ", "newspaper": "lesoir", "author": [], "date_publi": [], "content": " Par AFPMark Zuckerberg publie des voeux en forme de mea culpa. Un mea culpa en bonne et due forme. Le CEO de Facebook Mark Zuckerberg a publie jeudi des voeux en forme de d'excuses, reconnaissant notamment des << erreurs >> dans la chasse aux contenus problematiques (propos haineux, << fake news >>...) qui pullulent sur le reseau, des errements auxquels il promet de remedier en 2018.<< Le monde se sent inquiet et divise et Facebook a beaucoup de travail a faire, que ce soit pour (nous) proteger des abus et de la haine, nous defendre contre les ingerences de (certains) pays ou nous assurer que le temps passe sur Facebook est du temps bien depense >>, a ecrit le responsable sur sa page personnelle.Le reseau social, qui revendique plus de 2 milliards d'utilisateurs dans le monde, a ete chahute en 2017, se voyant accuse en particulier de ne pas lutter assez efficacement contre les contenus problematiques, comme les appels a la haine, l'apologie du terrorisme ou les fausses informations.<< Mon defi personnel pour 2018 est de me concentrer sur la resolution de ces questions importantes. Nous n'empecherons pas toutes les erreurs et tous les detournements (de Facebook) mais nous faisons a l'heure actuelle trop d'erreurs pour ce qui est de faire respecter nos regles (d'utilisation) et d'empecher les mauvais usages de nos outils >>, dit encore le milliardaire.quelques regles de bonne conduite avant de reagir (c) Rossel & Cie - 2018 Conditions generales de vente - Droits de reproduction - Protection de la vie privee - Droit a l'oubli ", "theme": "archive"}