{"id_art": "0ad1442acc1044de079ff52e8125e578", "title": "identite << On peut etre laique et assumer nos racines chretiennes >> ", "newspaper": "lesoir", "author": [], "date_publi": [], "content": " identite << On peut etre laique et assumer nos racines chretiennes >> Joelle Meskens La laicite a la francaise ne peut-elle etre exportee au niveau europeen ?La laicite a la francaise ne peut-elle etre exportee au niveau europeen ?Surement pas. J'etais a Bruxelles il y a quelques jours ou j'ai une partie de ma famille. Sur la Grand-Place, il y a une creche. En France, si vous installez une creche, vous avez un recours en justice.Pourquoi faites-vous ca ? Pour le symbole ?(c) Rossel & Cie - 2018 -- Conditions generales de ventes -- Droits de reproduction -- Protection de la vie privee - droit a l'oubli ", "theme": "archive"}