{"id_art": "8da0b29ba0841c584f181e0d9db7f2ca", "title": "Sadiq Khan, le maire de Londres: un <<mauvais Brexit>> serait mauvais aussi pour les Europeens ", "newspaper": "lesoir", "author": ["philippe regnier"], "date_publi": ["2017-03-28"], "content": " Philippe Regnier Le maire de Londres, anti-Brexit, etait a Bruxelles ce mardi. Sadiq Khan a ete recu par les institutions europeennes et son homologue bruxellois Yvan Mayeur. Londres restera une ville << ouverte >>, assure Khan. C'est un maire de Londres qui s'est << passionnement >> battu pour que le Royaume-Uni reste dans l'Union europeenne, qui est venu mardi a Bruxelles. Un combat, comme on le sait, mene en vain : les Britanniques ont majoritairement vote en faveur du << Brexit >>... Cela, alors que << l'Union europeenne a ete une source enorme de bien pour ma ville et pour mon pays >>, a regrette Sadiq Khan, sous les lambris medievaux de l'hotel de ville de Bruxelles.", "theme": "archive"}