{"id_art": "8014f4a02696ccd26be2d0b2cfbebd16", "title": "Attentats du 22 mars ", "newspaper": "lesoir", "author": [""], "date_publi": ["2017-04-30"], "content": "Les terroristes determines sont moins faciles a detecterNous avons demande a notre interlocuteur si, retrospectivement, le comportement des terroristes qui ont frappe a Zaventem et a Maelbeek trahissait leurs intentions. Le 22 mars 2016, le programme BDO n'en etait qu'a ses balbutiements. Les policiers belges n'etaient donc pas encore formes au profilage. Et s'ils les avaient croises aujourd'hui ?", "theme": "archive"}