{"id_art": "3aec396a2a91053f581fb4682ce67a3a", "title": "Gwendolyn Rutten veutque toutes les religions s'autofinancent ", "newspaper": "lesoir", "author": [], "date_publi": [], "content": " Gwendolyn Rutten veutque toutes les religions s'autofinancentGwendolyn Rutten, presidente du VLD. Gwendolyn Rutten rouvre le debat sur la mosquee Fatih de Beringen, ecrivent nos confreres du Standaard dans leurs editions de samedi. La presidente du VLD estime que les mosquees attachees a la Diyanet (le ministere turc des Affaires religieuses) ne doivent plus beneficier d'une reconnaissance en Flandre. Elle s'oppose egalement a l'idee que le gouvernement finance une mosquee reconnue. En 2019, le parti liberal flamand veut changer la loi.(c) Rossel & Cie - 2018 -- Conditions generales de ventes -- Droits de reproduction -- Protection de la vie privee - droit a l'oubli ", "theme": "archive"}