{"id_art": "bab7b65007fdbd7be610c0e9d1337bd9", "title": "A Bigorno, on a vote Macron pour <<une ruralite moderne et innovante>> ", "newspaper": "lesoir", "author": ["veronique kiesel"], "date_publi": ["2017-05-05", "2017-05-06"], "content": " Veronique Kiesel Election presidentielle 2017 ,Emmanuel Macron Bigorno (Corse) est l'entite ou on a le plus vote en faveur d'Emmanuel Macron au premier tour de l'election presidentielle, le 23 avril dernier. Voila, vous etes a Bigorno, bienvenue ! >> Christophe Graziani, 26 ans, maire de la commune de Bigorno, championne de France des votes pro-Macron (77,11 %), est heureux de faire visiter son village : des grappes de maisons accrochees a la montagne, exposees plein sud. La vue sur la vallee et les montagnes enneigees, le ciel ou plane un aigle, les hauteurs couvertes de maquis : tout est magnifique.", "theme": "archive"}