{"id_art": "9e001435dc3bea80ce47c59d19256dbd", "title": "Europe << Un modele attractif qu'il faut proteger >> ", "newspaper": "lesoir", "author": [], "date_publi": [], "content": " Europe << Un modele attractif qu'il faut proteger >> Comment jugez-vous la reaction de l'Europe a la bravade catalane ?Comment jugez-vous la reaction de l'Europe a la bravade catalane ?La reaction de l'Europe fut exemplaire, c'est pourquoi je lui suis reconnaissant. Le probleme n'est pas seulement espagnol ; c'est un probleme pour toute l'Europe. Le processus independantiste heurte les principes, les valeurs et les fondements de l'Union europeenne. L'Etat de droit, le respect de la loi, la democratie, le respect des personnes sont autant de valeurs et principes de base de l'Union. Or ces principes ont ete remis en discussion par les independantistes catalans. Mais surtout, on ne peut violer la constitution des pays membres de l'Union europeenne, au risque de faire regner la loi de la jungle et la loi du plus fort, et de bafouer les droits des citoyens.Nous assistons en Europe a une recrudescence du populisme et de la xenophobie. L'Espagne semble en etre en revanche immunisee. Pourquoi ? Selon vous, comment combat-on le populisme ?(c) Rossel & Cie - 2018 -- Conditions generales de ventes -- Droits de reproduction -- Protection de la vie privee - droit a l'oubli ", "theme": "archive"}