{"id_art": "54394081789cadc4ec6ffd600170b34f", "title": "Attentat manque a New York: le suspect a reconnu son soutien a Daesh ", "newspaper": "lesoir", "author": [], "date_publi": [], "content": " Par AFPAkayed Ullah va etre inculpe dans les prochaines heures. La justice americaine a accuse mardi de terrorisme et de soutien a l'organisation Etat islamique l'homme a l'origine de la bombe lundi dans le metro new-yorkais, un immigre bangladais radicalise a partir de 2014, apres son arrivee aux Etats-Unis.Le procureur federal de Manhattan, Joon Kim, a indique qu'Akayed Ullah, 27 ans, qui vit a Brooklyn, serait inculpe mardi ou mercredi, depuis sa chambre d'hopital, des cinq chefs d'accusations retenus contre lui. Les plus graves sont <<soutien a une organisation terroriste>> - l'EI - <<utilisation d'armes de destruction massive>>, et <<pose d'une bombe dans un lieu public>>. Il encourt la prison a perpetuite, voire la peine de mort, le president Donald Trump s'etant prononce pour les peines <<les plus dures>> face aux terroristes, meme si la procedure serait longue et compliquee. Akayed Ullah a ete arrete immediatement apres l'explosion dans un tunnel qui relie la tres touristique Times Square et la gare routiere de Port Authority - a l'heure de pointe lundi matin - de la bombe artisanale qu'il s'etait fixee au corps. <<Il a choisi l'endroit et l'heure pour maximiser le nombre de victimes>>, a souligne Joon Kim, lors d'une conference de presse.La radicalisation d'Ullah, arrive aux Etats-Unis avec un visa de regroupement familial en 2011, remonte a <<au moins 2014>>, lorsqu'il a commence a consulter sur internet la propagande diffusee par l'EI, selon le procureur. Il a <<avoue les faits>> lundi a l'hopital et reconnu etre inspire par l'Etat islamique, voulant se venger des frappes americaines contre l'EI notamment en Syrie et denoncer la politique americaine au Moyen-Orient, selon M. Kim. Il a commence a reunir <<il y a deux a trois semaines>> le materiel necessaire a la fabrication d'une bombe artisanale - des guirlandes electriques, une pile de 9 volts, des vis de metal - qu'il a assemble dans son appartement, selon les enqueteurs.Peu avant de declencher la bombe lundi, il a poste un message sur Facebook mettant en cause le president americain : <<Trump, tu as echoue a proteger ton pays>>. La police, qui a fouille son appartement, dans un quartier a forte population immigree bangladaise de Brooklyn, a aussi retrouve une note ou il avait ecrit: <<Oh Amerique, meurs dans ta propre rage>>. Si le procureur a souligne que l'enquete n'etait pas terminee, les informations revelees a ce stade confirment qu'Akayed Ullah n'avait aucun antecedent criminel et s'est radicalise aux Etats-Unis, ou il a travaille d'abord comme chauffeur de taxi, puis comme electricien.quelques regles de bonne conduite avant de reagir LOCATION DROME VAISON LA ROMAINE Location Tenerife - La Caleta CItytrip LUXEMBOURG VILLE (c) Rossel & Cie - 2018 Conditions generales de vente - Droits de reproduction - Protection de la vie privee - Droit a l'oubli ", "theme": "archive"}