{"id_art": "00d02cd4a8a433300e635a13bf13b884", "title": "Deux eurodeputes belges veulent une cellule europeenne de renseignements financiers ", "newspaper": "lesoir", "author": [], "date_publi": [], "content": " Elodie LamerHugues Bayet (PS) et Louis Michel (MR) ont depose des amendements appelant la Commission europeenne a creer une cellule de renseignements financiers (CRF) europeenne. Le but : eviter qu'un scandale comme les Panama Papers se reproduise. La Cellule belge de traitement des informations financieres (CTIF) va-t-elle etre dupliquee au niveau europeen ? C'est ce que reclament les eurodeputes belges Hugues Bayet (PS) et Louis Michel (MR) dans une proposition qui sera soumise au vote ce mardi.La CTIF, creee en 1993, est une autorite independante qui analyse les flux financiers suspects de blanchiment d'argent ou de financement du terrorisme. La legislation europeenne visant a lutter contre ces phenomenes est actuellement en cours de revision, notamment pour repondre au recent scandale des Panama Papers. Les commissions competentes du Parlement europeen doivent arreter leur position de negociation, ce mardi. Le texte devra ensuite etre discute avec les Etats membres, representes au Conseil.", "theme": "archive"}