{"id_art": "30f32178fb186920cb23f7627f8e4663", "title": "Zeruya Shalev: <<On peut depasser la souffrance pour grandir>> ", "newspaper": "lesoir", "author": [""], "date_publi": ["2017-04-05"], "content": " KERENN ELKAIM a ParisPour Zeruya Shalev, les plaies, liees a un attentat ou a l'amour, nous font evoluer Couronnee par le Prix Femina, Zeruya Shalev trace sa voie dans les lettres israeliennes en respectant sa voix singuliere. Celle d'un ecrivain qui aime les chemins sinueux de l'intime. La passion amoureuse, les liens familiaux ou le deuil ressemblent a des etaux, dont il faut s'extirper pour exister. Elle aussi a du se debarrasser des oripeaux d'une blessure silencieuse. Un attentat qui l'a laissee KO. ", "theme": "archive"}