{"id_art": "f6bd2fc798c8d8a217ea32e8552970e9", "title": "Le roman du traite de Rome ", "newspaper": "lesoir", "author": [], "date_publi": [], "content": " Philippe de Boeck L'acte fondateur de l'Union europeenne etait signe il y a 60 ans, le 25 mars 1957. Depuis, l'Europe a beaucoup change et grandi. Le Brexit a porte un coup a la construction europeenne. Apres soixante ans de construction et d'elargissement, l'Union europeenne se prepare a entrer dans une nouvelle ere, celle de la sortie d'un Etat membre. C'est une premiere et un precedent qui inquiete beaucoup de monde. Et de nouvelle adhesion, il n'en est plus vraiment question aujourd'hui, meme s'il existe une liste d'attente de sept candidats dont l'Albanie et la Serbie. Le dernier arrive est la Croatie en juillet 2013.De six au depart, ils sont aujourd'hui vingt-huit Etats membres a partager la destinee tantot flamboyante, tantot chaotique de cette grande machine qu'est devenue l'Union europeenne.Mais apres 44 annees d'adhesion, le Royaume-Uni prepare en effet sa separation. La premiere etape concrete sera le depot, par le gouvernement britannique avant la fin du mois de mars, de la notification de l'article 50 annoncant son intention au Conseil europeen de se retirer. Ensuite, on est parti pour au moins deux ans de negociations.", "theme": "archive"}