{"id_art": "3518129084f93716ee5e5a614e30e006", "title": "Vehicule suspect a Anvers: Bart De Wever defend sa communication ", "newspaper": "lesoir", "author": [], "date_publi": [], "content": " Vehicule suspect a Anvers: Bart De Wever defend sa communication Jennifer Dassy Le bourgmestre d'Anvers estime que c'etait son << travail >> de mettre au courant le public. Ce jeudi matin, Bart De Wever avait decide d'organiser une conference de presse sur l'incident survenu a Anvers, contre l'avis du parquet federal qui a estime que c'etait premature au vu des elements factuels. Ce vendredi, le porte-parole de De Wever defend le choix du bourgmestre d'Anvers. << Le parquet nous avait demande de ne communiquer aucune information qui soit pertinente judiciairement. Ce qui n'a jamais ete notre intention. Nous avons brievement donne les faits connus dans une perspective administrative en rapport avec l'ordre public >>, a explique son porte-parole. << C'est notre travail. Le contenu de la communication du chef de corps a ete decide par la police avec le parquet local et le parquet federal >>, a-t-il ajoute.Une decision vivement critiquee par Groen. << En organisant une conference de presse, De Wever a lui-meme fait le lien avec le terrorisme >>, a reagi le conseiller communal anversois Wouter Van Besien. << Les citoyens sont a juste titre preoccupes par de possibles attaques, c'est justement pourquoi il faut preter attention a sa communication. Il est tout a fait inapproprie de parler de terrorisme quand il n'y a aucune certitude. Avec sa demarche, De Wever a juste seme peur >>, a-t-il regrette. (c) Rossel & Cie - 2018 Conditions generales de vente - Droits de reproduction - Protection de la vie privee - Droit a l'oubli ", "theme": "archive"}