{"id_art": "b188b94cdf028a84d8385a9956168a89", "title": "Donald Trump endosse (enfin) le costume de sa fonction ", "newspaper": "lesoir", "author": ["maurin picard"], "date_publi": ["2017-03-01"], "content": " Par Maurin Picard donald trump Le nouveau president americain semble avoir rassure le camp republicain et une partie des Americains avec son premier discours devant le Congres. Depuis New York Quelques minutes avant son apparition devant le Congres des Etats-Unis, Donald Trump quittait la Maison Blanche dans sa limousine blindee. Scene inedite, instant vole par les cameras de television : le president repetait son discours, articulant ses propos, soignant ses intonations. Determine a faire mentir tous ceux qui, depuis plus d'un mois, le jugent << indigne >> de la fonction presidentielle. Ne me dites pas que je suis la seule a remarquer l'hypocrisie et le mauvais jeu d'acteur ? Il ne pensait pas un mot de ce qu'il lisait du teleprompteur. Triste et dangereux personnage! ", "theme": "archive"}