{"id_art": "2f14540b932cc10a4323d747574f04ab", "title": "Israel Depuis les annees 90, la protection n'a pas cesse de se renforcer ", "newspaper": "lesoir", "author": [""], "date_publi": ["2017-05-16"], "content": " Israel Depuis les annees 90, la protection n'a pas cesse de se renforcer Serge Dumontde notre correspondantQuelque part au centre d'Israel, dans un bunker enfoui sous terre et protege par plusieurs portes blindees, des dizaines de membres des Renseignements militaires israeliens s'activent vingt-quatre heures sur vingt-quatre et sept jours sur sept pour detecter les intrusions informatiques hostiles. Pour tracer leur origine, et pour y riposter si necessaire(c) Rossel & Cie - 2018 -- Conditions generales de ventes -- Droits de reproduction -- Protection de la vie privee - droit a l'oubli ", "theme": "archive"}