{"id_art": "3a5fe2bfee656159c86ba21e251610de", "title": "Amnesty : << La dissidence est interdite >> ", "newspaper": "lesoir", "author": ["veronique kiesel"], "date_publi": ["2017-04-26"], "content": " Amnesty : << La dissidence est interdite >> Veronique Kiesel Meme si 25 personnes ont deja ete tuees depuis le 1er avril lors des nombreuses manifestations convoquees par l'opposition pour reclamer des elections anticipees, le mouvement de protestation contre le gouvernement de Nicolas Maduro ne faiblit pas. Une nouvelle marche doit avoir lieu ce mercredi.Mais la repression ne flechit pas non plus. Amnesty International (AI) publie ce 26 avril un rapport consacre a la repression menee par le pouvoir contre les opposants. Selon AI, le Service bolivarien de renseignement national a poursuivi sans mandat des militants d'opposition non violents. Ce service a egalement recouru de facon injustifiee a la detention provisoire, tout en organisant dans les medias des campagnes de diffamation contre des personnalites de l'opposition.(c) Rossel & Cie - 2018 -- Conditions generales de ventes -- Droits de reproduction -- Protection de la vie privee - droit a l'oubli ", "theme": "archive"}