{"id_art": "691191c45f464312f35f335491c64ec1", "title": "Bruno Coppens: << Joindre le futile a l'agreable>> ", "newspaper": "lesoir", "author": [], "date_publi": [], "content": " Daniel CouvreurBruno Coppens joue depuis tout petit avec l'insoupconnable legerete des mots. Apres ses << ludictionnaires >>, il signe 106 fabliaux pour aimer la vie a la folie et blasphemer contre ces temps assommants. Fou du Roi de Stephane Bern, Monsieur Virgule de Bla-Bla, chroniqueur presque serieux de Cafes serres, auteur de dictionnaires a << contre-Coran >>, zebre de la joute verbale... Bruno Coppens est tout ca a la fois. Son nouveau livre est un don d'orgasme a devorer sous la Lune en ecoutant tout Sardou en boucle. Ne vous fiez qu'a l'insignifiant, recommande l'humoriste philosophe, et devenez enfin l'acteur de votre existence ! Ces 106 contes absurdes de nos vies ordinaires sont volontairement vides de sens ? ", "theme": "archive"}