{"id_art": "2ef08f0bd952713e16efa558791f6e9a", "title": "Une societe civile brutalement reprimee ", "newspaper": "lesoir", "author": [], "date_publi": [], "content": " PHILIPPE REGNIEREgypte et droits de l'Homme : << Nos points de vue divergent >>, dit l'UE. Le Caire de notre envoye special Le dialogue politique engage par l'Union europeenne avec l'Egypte porte systematiquement << aussi sur la democratie et les droits de l'Homme : c'est essentiel dans notre approche >>, souligne Ivan Surkos, le chef de la Delegation de l'UE au Caire. << Ce n'est parfois pas facile, reconnait le diplomate. Nos points de vue divergent >>. Les accords d'association conclus par l'UE avec des pays tiers contiennent une clause sur le respect des droits de l'Homme, menace de sanctions a la cle. L'explosion du << Printemps arabe >> confirmait que cette clause ne s'etait pas revelee tres effective...", "theme": "archive"}