{"id_art": "4d7f3b08c3bee7c91f51690abc158e3c", "title": "Reglementer le cannabis: non plus pourquoi, mais comment ", "newspaper": "lesoir", "author": [], "date_publi": [], "content": " Par Sebastien Alexandre, directeur de Fedito ASBL, federation d'associations specialisees dans la prevention des addictions ainsi que dans la reduction des risques et le traitement des dependances.Il est indispensable que L'Etat prenne le controle du marche de ce stupefiant largement consomme en Belgique, plutot que de le laisser dans les mains des reseaux criminels... << J e propose que ce soient les pouvoirs publics qui regulent et reglementent la production et la vente de cannabis >>. En une phrase, Elio Di Rupo, President du Parti Socialiste, a recemment resume de longs travaux et rouvert le debat politique sur le cannabis. Ecolo semble etre sur la meme ligne, puisqu'on parle au parti vert de reglementation de la consommation, de vente dans des lieux officiels et de controle de la production. Defi et le PTB parlent tous deux de depenalisation, mais le premier y adjoint un controle sur la vente et sur la consommation : pas plus de 5 grammes a la fois, definition d'un bareme de prix, interdiction de toute publicite, de consommation par les moins de 16 ans, et de conduite sous influence.Les positions de ces quatre partis ne sont pas seulement progressistes ; elles sont en prise avec la realite, bien plus que celles du CDH et du MR qui craignent encore qu'une legalisation entraine une banalisation... On sait pourtant que deux tiers des 25-34 ans ont deja consomme du cannabis au moins une fois dans leur vie, et qu'environ 3 % de la population belge en font un usage << actuel >>, c'est-a-dire au moins une fois au cours des 30 derniers jours. En chiffres absolus, ces consommateurs actuels sont environ 340.000 : plus que les habitants de Charleroi et de Namur reunis, ou que de Gand et de Malines. Malgre l'interdit, le cannabis est deja banalise, et il est temps que MR et CDH se mettent a la page. C'est particulierement vrai pour le CDH, selon lequel << le cannabis constitue souvent le point d'entree vers la cocaine et l'heroine >>. Est-il encore possible de croire en ces assertions ? Comment expliquer alors qu'au vu du nombre de consommateurs de cannabis, ceux de cocaine ou d'heroine ne soient pas bien plus nombreux ?MR et CDH ont neanmoins raison sur une chose, en soulignant la dangerosite du cannabis. En fait, personne ne la nie, et certainement pas les professionnels de sante. Au contraire, c'est justement pour reduire la dangerosite du cannabis que ces professionnels insistent sur la necessite de le reglementer, c'est-a-dire de le controler : un cannabis reglemente sera toujours meilleur pour la sante publique car moins dangereux qu'un cannabis << de rue >>, au taux psychoactif incontrolable, aux produits de coupe inverifiables, et que le consommateur doit se procurer aupres d'un dealer. L'interdit n'a pas rarefie le cannabis : au contraire, il a permis la mise sur le marche noir d'un cannabis bon marche et bien plus puissant qu'il y a 30 ans, et il a consolide les chaines reliant le petit consommateur au grand banditisme. Le cannabis est dangereux ? Oui, assurement, et d'autant plus lorsqu'il est interdit. En pronant le statu quo, CDH et MR soutiennent a la fois une politique anti-humaniste et anti-securitaire. C'est tout aussi vrai pour la N-VA de Bart de Wever qui, malgre le terrorisme, a mobilise une trentaine de policiers anversois dans une guerre a la drogue que l'on sait, et qu'il sait, contre-productive.A vrai dire, les arguments sont tellement solides et nombreux que le debat politique ne devrait deja plus se centrer sur la pertinence ou non de la reglementation du cannabis, mais sur la facon d'organiser cette derniere. Ce debat est deja porte par les professionnels de sante et par certains intellectuels d'amplitude, tels que Tom Decorte (UGent), Paul de Grauwe (London School of Economics) et Jan Tytgat (KULeuven). Tout comme d'autres academiques de renom qui se sont penches sur la question, comme les criminologues Brice de Ruyver et Cyrille Fijnaut, ils proposent une methodologie de reglementation dans leur tout nouveau livre Le cannabis sous controle : comment ? Les objectifs sont clairs : a l'instar du tabac, il s'agit de diminuer la prevalence de consommation et reculer l'age de premiere consommation, afin de reduire les dependances, les dommages psychosociaux et les nuisances sociales. Il faut reprendre le controle sur la production, la mise a disposition, le prix, les points de vente et sur les consommateurs eux-memes. En d'autres termes, il s'agit de se donner les moyens pour que seuls certains (par exemple les majeurs) aient acces a un cannabis controle (par exemple au taux psychoactif maximal de 10 a 15 %), mis a disposition sous certaines conditions (par exemple avec des messages de prevention), vendu en certains endroits predetermines (par exemple des points de vente ou sont organisees des permanences de professionnels de la sante), et a un prix determine (par exemple un prix permettant de combattre le marche noir). Cela constitue bel et bien une reglementation du cannabis.Comment la concretiser ? Trois canaux sont proposes. Le premier est le cannabis medical, a la forte plus-value par rapport a la pharmacopee actuelle mais a la disponibilite actuellement trop restreinte : il s'agirait donc d'un produit medical prescrit par un medecin, et accessible en pharmacies ou en auto production a visee medicale. Le deuxieme canal est la legalisation pour tout majeur de l'auto-production d'au plus six plants de cannabis, destines a une consommation strictement personnelle. Le dernier canal est celui des Cannabis Social Clubs, ces associations sans but lucratif collectivisant les productions personnelles de chaque membre et qui devraient beneficier d'une licence delivree par l'autorite publique avant tout debut d'activites.Les auteurs proposent d'accompagner la mise en pratique de ces canaux par une evaluation et d'eventuels reajustements. C'est pleinement pertinent, et ce meme si ces canaux ont deja fait l'objet d'etudes et d'experimentations concluantes de par le monde : encore tout recemment, ce sont quatre villes suisses qui ont agree quatre Cannabis Social Clubs, au benefice de la sante publique, de la paix sociale et du consommateur.De fait, la question de la reglementation du cannabis n'est plus << pourquoi ? >>, mais << comment ? >>. Tom Decorte et consorts tentent de repondre a cette seconde question. Ceux qui en restent a la premiere ne sont pas ceux qui ameneront les bonnes reponses.quelques regles de bonne conduite avant de reagir (c) Rossel & Cie - 2018 Conditions generales de vente - Droits de reproduction - Protection de la vie privee - Droit a l'oubli ", "theme": "archive"}