{"id_art": "928239f77c9648a64a03ef72560b3d5e", "title": "Et si on visaitune autretolerance zero ? ", "newspaper": "lesoir", "author": [], "date_publi": [], "content": " Et si on visaitune autretolerance zero ?C'est la plaie principale des Bruxellois et Wallons, c'est la statistique la plus noire du monde francophone belge. Il ne s'agit ni de securite, ni de radicalisation, ni de terrorisme, mais d'une forme bien plus endemique de perdition : un jeune bruxellois entre 18 a 24 ans sur cinq et un jeune wallon entre 18 et 24 ans sur six n'est ni a l'ecole ni au travail. Vous avez bien lu : ni en formation, ni en enseignement, ni en emploi.Ce groupe flottant, sans perspective et pourtant quasi adulte, baptise << Neet >> par les Anglo-Saxons, est la veritable bombe qui vit au coeur de notre societe francophone. Comment en effet considerer autrement la masse de ces jeunes, qui << errent >> en ce moment-cle ou ils devraient batir - ou trouver - une confiance dans l'avenir et en eux-memes par l'insertion dans un milieu professionnel, la perception d'un salaire.(c) Rossel & Cie - 2018 -- Conditions generales de ventes -- Droits de reproduction -- Protection de la vie privee - droit a l'oubli ", "theme": "archive"}