{"id_art": "332e337f1100b489cd4746d63c1841bd", "title": "Vehicule intercepte a Anvers: le suspect n'est plus poursuivi pour terrorisme ", "newspaper": "lesoir", "author": [], "date_publi": [], "content": " Vehicule intercepte a Anvers: le suspect n'est plus poursuivi pour terrorisme BELGA L'homme reste poursuivi pour detention d'arme prohibee mais plus pour << tentative d'assassinat dans un contexte terroriste >>. La chambre des mises en accusation a decide vendredi de maintenir en detention Mohamed R., le Franco-Tunisien qui avait roule a vive allure sur le Meir a Anvers le mois dernier. L'homme reste poursuivi pour detention d'arme prohibee mais plus pour << tentative d'assassinat dans un contexte terroriste >>.Le jeudi 23 mars en matinee, des militaires ont repere un vehicule suspect - une Citroen rouge avec un numero de plaque francaise - circulant a vive allure aux alentours de l'artere commercante du Meir, a Anvers. A differents moments, des pietons ont ete mis en danger. Le conducteur a ensuite pris la fuite lorsque les militaires ont tente de l'intercepter a un carrefour. Il a par ailleurs brule un feu rouge et roule de plus belle.L'equipe d'intervention rapide de la police d'Anvers a finalement pu localiser le vehicule sur un parking du quai Saint-Michel (Sint-Michielskaai) et arreter l'automobiliste. Differentes armes ont ete decouvertes dans le coffre du vehicule : des armes blanches ainsi qu'un riot gun.Mohamed R. avait ete place sous mandat d'arret le lendemain pour tentative d'assassinat a caractere terroriste, tentative de coups et blessures a caractere terroriste et infractions a la legislation sur les armes. Par l'intermediaire de son avocat, Raoul Vermeulen, Mohamed R. a nie avoir eu l'intention de renverser des pietons et indique qu'il rendait visite a sa petite amie. Quant aux armes retrouvees dans le coffre, il souhaitait les vendre, selon son conseil.La chambre du conseil avait prolonge sa detention, decision contre laquelle le suspect avait fait appel. (c) Rossel & Cie - 2018 Conditions generales de vente - Droits de reproduction - Protection de la vie privee - Droit a l'oubli ", "theme": "archive"}