{"id_art": "7fc128fe0007a71aded42f37fb490982", "title": "Bruxelles: manifestation de soutien a une universitaire turque en greve de la faim ", "newspaper": "lesoir", "author": [], "date_publi": [], "content": " BelgaL'universitaire avait commence une greve de la faim avec l'enseignant Semih Ozakca apres leur licenciement dans le cadre des purges post-putsch manque de 2016 en Turquie. Une cinquantaine de personnes ont manifeste samedi soir devant la gare centrale de Bruxelles pour soutenir une universitaire turque en greve de la faim depuis mars. Nuriye Gulmen a ete condamnee vendredi a 6 ans et 3 mois de prison pour appartenance a un groupuscule << terroriste >>.L'universitaire avait commence une greve de la faim avec l'enseignant Semih Ozakca apres leur licenciement dans le cadre des purges post-putsch manque de 2016 en Turquie.<< Depuis son licenciement, Nuriye exige chaque jour de reintegrer son service >>, releve Bahar Kimyongur du Comite belge pour la levee de l'Etat d'urgence en Turquie, a l'initiative de la manifestation. << Elle continue a s'opposer aux purges menees par le regime d'Erdogan. C'est ce qui a mene a son arrestation pour terrorisme. >>", "theme": "archive"}