{"id_art": "857c08c79821c209c021da57344b3c92", "title": "Khattabi (Ecolo) : << Un proces en communautarisme >> ", "newspaper": "lesoir", "author": [], "date_publi": [], "content": " Khattabi (Ecolo) : << Un proces en communautarisme >>Khattabi (Ecolo) : << Un proces en communautarisme >>La co-presidente d'Ecolo, Zakia Khattabi, a denonce dimanche sur le plateau de la RTBF le proces en communautarisme que l'on fait a son parti. Son origine maghrebine n'y est pas etrangere, a-t-elle deplore. La question du port du voile a agite les ecologistes a Bruxelles. En desaccord avec ses collegues, Marie Nagy a perdu sa fonction de chef de groupe au conseil communal apres la parution dans la presse d'une tribune libre critique envers Ecolo. Aucune position du parti n'a jamais ete dictee par un quelconque souci de plaire a une communaute, selon Mme Khattabi. Selon elle, nee de parents originaires du Maghreb, Ecolo se fait accuser de communautarisme depuis qu'elle en assume la direction. (b)Attentat dejoue en France :les deux suspects inculpes(c) Rossel & Cie - 2018 -- Conditions generales de ventes -- Droits de reproduction -- Protection de la vie privee - droit a l'oubli ", "theme": "archive"}