{"id_art": "14bebe8d2dd9090e9524791274373e29", "title": "Service minimum a la SNCB: les affaires tournent pour la suedoise ", "newspaper": "lesoir", "author": [], "date_publi": [], "content": " David Coppi Ce jeudi, le projet de loi instaurant un service minimum sur le rail a ete vote a la Chambre. Une victoire symbolique pour le gouvernement federal, un pas de plus contre l'opposition. Une observation au passage : le vote du projet de loi instaurant un service minimum a la SNCB passe quasiment inapercu. On exagere a peine. C'est une tendance : les reformes mises en oeuvre par le gouvernement suedois ne dominent pas dans l'<< actu >> generale, elles ne suscitent pas, sinon par intermittence, les debats les plus vifs ni de profondes interrogations. Aujourd'hui, les echauffourees bruxelloises dominent, hier la Catalogne, avant cela la lutte contre le terrorisme. Bah, en 2022 la concurrence s'installe sur le rail et la SNCB subira le meme sort que la Sabena. Nous roulerons avec les Francais, les Hollandais et les Allemands. Fini de donner des milliards de nos impots a la SNCB infestee par les syndicats. Certe, des entreprises nettement plus performantes car non dirigee par des bouffons, c'est vrai qu'il est plus facile de taper sur des travailleurs que de ce demander pourquoi il y a des problemes... Mais voila, certains ne sont pas fortiche en reflexion... Pourquoi ne pas supprimer les raisons des greves...? ", "theme": "archive"}