{"id_art": "69d09f6be7a2b20565e5ac3c7c9c0149", "title": "Des manifestations traduisent le malaise de la rue egyptienne ", "newspaper": "lesoir", "author": ["baudouin loos"], "date_publi": ["2017-03-09"], "content": " Par Baudouin Loos Dans de nombreuses villes d'Egypte, la population a exprime son mecontentement apres des reductions de subsides sur le pain. L'economie du pays va mal et le regime a bien du mal a trouver les remedes. Les nuages s'amoncellent au-dessus de la tete de l'ex-marechal Abdel-Fattah al-Sissi. Le << rais >>, celui en qui des millions d'Egyptiens avaient vu l'homme providentiel en 2013, ne sait plus a quel saint se vouer. Dans ce regime de fer ou les libertes acquises lors de la revolution de 2011 ressemblent a des souvenirs fletris, les conditions de vie de la population se deteriorent jour apres jour. Dernier episode en date : des manifestations - eparses mais nombreuses - dans diverses villes lundi et mardi apres une drastique reduction de la distribution de pain subventionne.", "theme": "archive"}