{"id_art": "6636ec5948ad57eb8245c134248b0ee1", "title": "Les deux discours d'un chef d'Etat rassembleur ", "newspaper": "lesoir", "author": ["dominique berns", "elodie blogie", "pascal martin"], "date_publi": ["2017-05-08"], "content": " Les deux discours d'un chef d'Etat rassembleur Dominique Berns , Elodie Blogie et Pascal Martin Il s'est fait attendre. Mais par deux fois dimanche soir, Emmanuel Macron a frappe fort. Par sa solennite et sa gravite lors d'une premiere allocution prononcee dans son QG de campagne et destinee a l'ensemble des Francais. Un discours de president - << et non plus de presidentiable comme ce fut le cas au soir du premier tour >>, souligne le directeur du Crisp Jean Faniel. Par son elan et sa conviction ensuite sur l'esplanade du Louvre, face a tous ceux << qui se sont battus >> pour lui. Des militants venus par dizaines de milliers acclamer sa victoire.Sans doute ce second discours restera-t-il davantage dans les memoires. Un discours << a la Obama >>, porteur d'espoir, energique, tracant avec verve les lignes directrices du grand changement promis. Un appel aussi au << rassemblement >>, un mot qui n'a rien d'une incantation puisque le nouveau president devra rassembler large d'ici les legislatives de juin s'il veut beneficier d'une majorite solide.(c) Rossel & Cie - 2018 -- Conditions generales de ventes -- Droits de reproduction -- Protection de la vie privee - droit a l'oubli ", "theme": "archive"}