{"id_art": "c69047cbea660b4d5a8703269a5e5fad", "title": "Ce que les candidats disent sur la deradicalisation ", "newspaper": "lesoir", "author": ["joelle meskens"], "date_publi": ["2017-03-24"], "content": " Joelle Meskens Francois Fillon (Les Republicains) : Decheance et expulsion Le candidat de la droite a ecrit un livre, << Vaincre le totalitarisme islamique >> apres l'attentat de Nice. Il plaide pour l'interdiction de sortie du territoire pour les Francais soupconnes de vouloir rejoindre les rangs de Daesh et pour l'interdiction d'entree et de sejour des etrangers qui representent un danger. Il est favorable a la decheance de nationalite pour les terroristes. Il veut par ailleurs placer sous controle administratif les personnes qui prechent dans les mosquees et interdire les financements etrangers des lieux de culte. Marine Le Pen (Front national) : Proces pour les individus fiches S ", "theme": "archive"}