{"id_art": "66e7426340566d6b929c3290fa7a5132", "title": "Le 112 modernise ses centres d'appels urgents ", "newspaper": "lesoir", "author": [], "date_publi": [], "content": " Ludivine Ponciau et Jean-Francois Munster La commission << attentats >> avait pointe les failles du reseau d'appels d'urgence. Les centres provinciaux devront mieux collaborer entre eux. La reforme devrait aussi permettre d'eviter les appels en attente. Une dotation de 2.377.939 euros vient d'etre allouee a la societe Astrid pour le Projet 112 dans le cadre de la lutte contre le terrorisme et le radicalisme. Un budget destine a moderniser le fonctionnement du numero d'appel d'urgence europeen.A l'heure actuelle, les centres de secours (CS) 112 des differentes provinces travaillent avec des bases de donnees qui leur sont propres. De sorte que chaque centre provincial se limite a alerter les services d'urgence dans sa propre province et dans les communes limitrophes. Et ne traite en aucun cas des appels emanant des autres provinces. Ce systeme est loin d'etre la panacee (un utilisateur depuis la mise en route du systeme). Je ne dis pas qu'il est mauvais, mais les radios utilisant les ondes sans passer par le systeme \"GSM\" etaient au moins aussi valable. Explication; plus de courant; plus d'Astrid, en cas de panne majeure, c'est foutu. Mauvaise utilisation du systeme : trop de choses sans importance sont balancee sur le reseau. Trop compliquees pour les gens \"de et sur \"le terrain. Petits boutons, non retro-eclaire Quid la nuit et dans dans les fumees... ", "theme": "archive"}