{"id_art": "d87dc2896cc2d1ed4f64d09f24b7ba2c", "title": "poches belges ", "newspaper": "lesoir", "author": [], "date_publi": [], "content": " poches belgespoches belgesRAYMOND TROUSSONVoltaire n'a peut-etre jamais ete aussi actuel que de nos jours. C'est un bonheur de partir a sa rencontre avec un grand dix-huitiemiste. Rien de la biographie ne sera plus obscur apres une lecture qui presente toutes les facettes de l'ecrivain, y compris les moins plaisantes. La fin, bien qu'on la connaisse, est pathetique, comme un roman qui finit mal. Et tout cela est raconte dans une superbe langue classique qui semble tout droit sortie de l'epoque ou se forgeait l'esprit des Lumieres. P.My(c) Rossel & Cie - 2018 -- Conditions generales de ventes -- Droits de reproduction -- Protection de la vie privee - droit a l'oubli ", "theme": "archive"}