{"id_art": "7582d77f92a96b135c675cfbbc32b590", "title": "Monaco enfonce un Dortmund toujours sonne par l'attentat ", "newspaper": "lesoir", "author": [""], "date_publi": ["2017-04-13"], "content": " Ligue des Champions Monaco enfonce un Dortmund toujours sonne par l'attentat Dans une ambiance (legerement) alourdie par l'attaque aux explosifs de mardi soir, ce qui avait postpose la rencontre de 24 heures, le Borussia Dortmund a craque a domicile, face a Monaco (2-3). Le jeune Kylian Mbappe (19 ans), auteur d'un double, a une nouvelles fois ete etincelant.L'ambiance, pesante sans etre lourde, etait tres particuliere hier soir aux alentours du Signal Iduna Park de Dortmund. Un peu moins de 24 heures apres le report du match entre le Borussia et Monaco suite a la triple attaque explosive qui avait vise le bus des joueurs allemands (et blesse l'un d'entre eux, Marc Bartra), c'est un air de solidarite plutot que de crainte qui s'etait installe entre les supporters teutons et francais. (c) Rossel & Cie - 2018 -- Conditions generales de ventes -- Droits de reproduction -- Protection de la vie privee - droit a l'oubli ", "theme": "archive"}