{"id_art": "ba9261bdb2bced1357eb7405a7556165", "title": "Les Bourses europeennes stagnentavant les resultats de la presidentielle en France ", "newspaper": "lesoir", "author": [""], "date_publi": ["2017-04-22"], "content": " le point sur les marches Les Bourses europeennes stagnentavant les resultats de la presidentielle en FranceLes Bourses europeennes stagnentavant les resultats de la presidentielle en FranceLes Bourses europeennes ont stagne vendredi, les marches demeurant prudents dans l'attente des resultats du premier tour de l'election presidentielle en France. Les investisseurs, qui craignent de voir deux candidats de partis extremes se qualifier au deuxieme tour, ont toutefois ete rassures par des sondages recents donnant le centriste Emmanuel Macron en tete. Neanmoins, si << le marche exprime une certaine confiance vis-a-vis des resultats, l'attentat d'hier a Paris a cree un trouble >>, a indique aupres de l'AFP Daniel Larrouturou, directeur general delegue de Diamant Bleu Gestion a Paris. L'attaque meurtriere sur les Champs-Elysees jeudi soir << pourrait faire evoluer le sentiment des electeurs >>, ont estime dans une note les experts de Mirabaud Securities Geneve.(c) Rossel & Cie - 2018 -- Conditions generales de ventes -- Droits de reproduction -- Protection de la vie privee - droit a l'oubli ", "theme": "archive"}