{"id_art": "7cf7621f127c0645e314e852692f8892", "title": "Le renforcementde la police ", "newspaper": "lesoir", "author": [], "date_publi": [], "content": " Le renforcementde la policeLe renforcementde la policeL'augmentation des effectifs de police fait l'objet d'un consensus entre les cinq principaux candidats de cette election. Alors qu'il y a environ 240.000 policiers et gendarmes en France, les candidats proposent de les relever de 5.000 a 15.000 personnes. A peu de chose pres, cela signifie que l'on revient a la situation d'avant-2007, lorsque Nicolas Sarkozy, en d'autres circonstances, avait diminue les effectifs de police dans ces proportions-la.(c) Rossel & Cie - 2018 -- Conditions generales de ventes -- Droits de reproduction -- Protection de la vie privee - droit a l'oubli ", "theme": "archive"}