{"id_art": "7f5fb0023480461edcc9b89b67ec7a2c", "title": "Reynders : << La vraie solution est politique, pas militaire >> ", "newspaper": "lesoir", "author": ["martine dubuisson"], "date_publi": ["2017-04-08"], "content": " Reynders : << La vraie solution est politique, pas militaire >> Martine Dubuisson Reynders : << La vraie solution est politique, pas militaire >>Le ministre belge de la Defense, Steven Vandeput, l'a precise a Belga : << Nous avons ete tenus au courant (de la frappe americaine en Syrie) quand l'operation a debute. >> Mais il ne la qualifie pas d'<< intervention unilaterale >>, se contentant de declarer : les Etats-Unis << ont fait ce qu'ils ont dit qu'ils feraient >> ; et d'esperer que l'on << ne connaitra pas d'escalade supplementaire >>.(c) Rossel & Cie - 2018 -- Conditions generales de ventes -- Droits de reproduction -- Protection de la vie privee - droit a l'oubli ", "theme": "archive"}