{"id_art": "c766cd61487fe6da07b25a71098d6544", "title": "Un blogueur bruxellois arrete apres avoir menace et brule le livre de l'avocat de Dutroux (video) ", "newspaper": "lesoir", "author": [""], "date_publi": ["2018-02-17"], "content": " BelgaDans la video en question, le blogueur brule le livre de l'avocat intitule << Pourquoi liberer Dutroux ? >>. Il fait valoir que des actes plus consequents pourraient suivre, notamment a l'encontre de Bruno Dayez. Un blogueur, Cedric Z., a ete interpelle par la police vendredi soir en lien avec la diffusion sur les reseaux sociaux d'une video ou il brule le livre de l'avocat de Marc Dutroux, Me Bruno Dyez, et profere des menaces, selon une information diffusee samedi par le quotidien La Derniere Heure et confirmee par le parquet de Bruxelles. Ce dernier precise qu'une instruction a ete ouverte sous le chef de menace, avec ordre ou sous conditions, d'un attentat criminel. Il sera entendu ce samedi dans la journee par le juge d'instruction charge de l'affaire. Celui-ci decidera de son eventuel placement sous mandat d'arret a l'issue de son audition.Dans la video en question, le blogueur brule le livre de l'avocat intitule << Pourquoi liberer Dutroux ? >>. Il fait valoir que des actes plus consequents pourraient suivre, notamment a l'encontre de Bruno Dayez. Il appelle les citoyens a se revolter au nom des victimes de ce << monstre >>, indefendable selon lui. Si j'ai bien compris, il est considere comme un terroriste. ", "theme": "archive"}