{"id_art": "b086c9114465a1ecae168913c540cdcd", "title": "Reserveren connaissance de cause ", "newspaper": "lesoir", "author": ["julien bosseler"], "date_publi": ["2017-03-31"], "content": " le conseilen connaissance de cause Julien Bosseler en connaissance de causeEn tete-a-tete avec un(e) employe(e) d'agences de voyages ou... avec un ecran d'ordinateur a la maison ? Test-Achats se garde bien de recommander l'un ou l'autre mode de reservation de vacances. Apres tout, les clients sont assez grands pour determiner le canal qui leur convient le mieux, estime l'association de consommateurs, tout en leur adressant un avertissement. << Au moment de reserver, les gens se preoccupent davantage du prix que des problemes pouvant survenir sur place. Helas, ils ne soucient generalement de cela qu'en cas de soucis, >> se desole Anne Moriau, juriste chez Test-Achats.(c) Rossel & Cie - 2018 -- Conditions generales de ventes -- Droits de reproduction -- Protection de la vie privee - droit a l'oubli ", "theme": "archive"}