{"id_art": "df25a4cb7321475a529036d7d2a77119", "title": "Birmingham Des musulmanstres vulnerables a l'extremisme ", "newspaper": "lesoir", "author": [], "date_publi": [], "content": " Birmingham Des musulmanstres vulnerables a l'extremisme Anne AndlauerL'enquete sur l'attentat contre Westminster a rapidement mene les forces de police a Birmingham. Jeudi, les policiers y ont effectue quatre raids et procede en tout a sept arrestations. La seconde ville du Royaume-Uni, qui compte un million d'habitants dont environ un quart de musulmans, n'est pas la seule localite a apparaitre sur le radar des enqueteurs dans cette affaire. Au lendemain de l'attaque terroriste, une femme a egalement ete arretee dans l'est de Londres. Cependant, Khalid Masood semble avoir eu des attaches particulieres a Birmingham (lire ci-contre).(c) Rossel & Cie - 2018 -- Conditions generales de ventes -- Droits de reproduction -- Protection de la vie privee - droit a l'oubli ", "theme": "archive"}