{"id_art": "aa202a8420c49c35a39d2c088bdbee7d", "title": "<<Allahu Akbar>> ", "newspaper": "lesoir", "author": [], "date_publi": [], "content": "Apres la perte de son epouse, Mohamed El Bachiri a ecrit un texte en reponse a ceux qui ont detruit sa vie et son bonheur. Tout commence par une rencontre fortuite entre Fatima Ziboug et Mohamed El Bachiri. Cette doctorante en sciences politiques de l'Ulg, tres active sur le terrain de l'integration, demande a Mohamed de participer a la marche pour la paix a la Bourse et d'y prendre la parole. Il est completement perdu mais finalement accepte d'ecrire un texte pour Loubna. ", "theme": "archive"}