{"id_art": "45638239e5fedb68d62d07e8b309ad96", "title": "Le debat presidentiel : le bulldozer contre le professeur ", "newspaper": "lesoir", "author": ["joelle meskens"], "date_publi": ["2017-05-04"], "content": " Joelle Meskens Election presidentielle 2017 La candidate du FN a totalement rate l'occasion de se << presidentialiser >>. Par son outrance, elle a permis a Emmanuel Macron d'emporter largement le duel. Mais le debat n'etait pas a la hauteur du moment. Deux heures de corps a corps. De tension, pour ne pas dire de brutalite, quasiment ininterrompue. A quatre jours du deuxieme tour de la presidentielle, on predisait un duel acharne entre Emmanuel Macron et Marine Le Pen. Il a bien eu lieu, sans une seule seconde de repit. Mais les deux finalistes n'ont pas pratique la meme discipline et le debat n'etait tout simplement ni equilibre ni a la hauteur de la gravite du moment. Une difference d'age de vingt ans, quand une des personne est mineure est assimilable a de la pedophilie. POINT. Je n'exerce actuellement plus. Ce qui me donne l'entiere liberte de m'exprime: face a l'horreur qu'est la montee du fascisme. Que vient faire la pedophilie dans l'election presidentielle francaise ? Aucun mineur n'y est concerne, a ce que je sache. En quoi le fait d'exercer comme psychologue empecherait-il de manifester son opposition au fascisme ? De plus, drole de facon de s'opposer a l'extreme droite en denigrant son adversaire ! Il sait fait \"violenter\" par son prof Brigitte (qui normalement aurait du faire de la prison) par Marine le Pen. Au cours du debat nous avons assiste a un renversement de situation. Votez pour un pedophile. C'est votre probleme. Pas le \"mien\". Mme Plahiers, vous parlez de \"voter pour un pedophile\" ; de qui parlez-vous ? Vous rappelez-vous du film: Mourir d'aimer?. Actuellement une femme qui a des relations sexuelles avec son eleve de quinze ans (donc: encore immature suer le plan psychologique et tres influencable) est passible d'accusation de pedophilie (24 ans d'a^ge de difference d'age, ce n'est pas rien...). Mais a lepoque ou le \"mariage pour tous est entre dans les moeurs, on ferme les yeux comme pour le reste. Et comme me disait recemment un ami juriste proche du Procureur du Roi: il n'y a plus de policiers pour assurer la securite et les avocats sont en burn-out. Donc, on laisse tout passer,... trop fatigues pour encore dire stop et reagir. ", "theme": "archive"}