{"id_art": "a4f0d9ad562a5be6b91556a5d1e18af8", "title": "<<L'Europe doit apprendre a improviser, proteger et contester>> ", "newspaper": "lesoir", "author": ["jurek kuczkiewicz"], "date_publi": ["2017-03-24"], "content": " Jurek Kuczkiewicz Traite de Rome Les traites de Rome auront 60 ans samedi. Que commemorer ? Que garder de ces textes et de leur esprit ? Que faut-il actualiser ? Deja sans la Premiere ministre britannique Theresa May, qui a courtoisement choisi de ne pas y participer alors qu'elle notifiera officiellement mercredi la decision de son pays de quitter l'Union europeenne, ses 27 chefs d'Etat ou de gouvernement se retrouveront ce samedi a Rome pour y commemorer la signature il y a 60 ans des deux traites qui ont fonde la construction europeenne. Feter l'Union, quatre jours avant l'officialisation de son plus grand revers et dans un contexte de pessimisme existentiel... Mission impossible ? Nous avons explore avec l'historien et philosophe Luuk van Middelaar l'actualite de l'esprit et des textes des traites de Rome. Une commemoration est un rite. Quel sens trouver dans la celebration des 60 ans des traites de Rome ? ", "theme": "archive"}