{"id_art": "50b0e18e93ffe704a99d2b80989a1fdd", "title": "<< Je n'ai pas plus d'apprehension qu'avant >> ", "newspaper": "lesoir", "author": ["frederic delepierre"], "date_publi": ["2017-03-11"], "content": " << Je n'ai pas plus d'apprehension qu'avant >> Frederic Delepierre Chez les Meys, on est pompier de pere en fils depuis quatre generations. Pierre est devenu soldat du feu voici 45 ans. Depuis lors, son fils a aussi rejoint les rangs des pompiers de Bruxelles. Le 22 mars, ils sont intervenus ensemble a la station de metro Maelbeek. << Humainement, on n'est jamais prepare a ce cas de figure, estime le << veteran >>. Au cours de ma carriere, j'ai connu beaucoup d'evenements et d'incendies avec des victimes mais jamais une situation pareille. En arrivant a la station, j'ai du prendre un petit moment d'observation avant de me lancer. J'ai ete pris de frissons. Il y avait un silence lourd avec de la matiere en combustion. C'etait une impression nouvelle pour moi. Rien a voir avec des grosses explosions qui soufflent plusieurs maisons. >>(c) Rossel & Cie - 2018 -- Conditions generales de ventes -- Droits de reproduction -- Protection de la vie privee - droit a l'oubli ", "theme": "archive"}