{"id_art": "ea60cdb235a1adbfa50ac0a3a6417512", "title": "<< Nous vivons comme avant, mais nous ne pensons plus comme avant >> ", "newspaper": "lesoir", "author": [], "date_publi": [], "content": " << Nous vivons comme avant, mais nous ne pensons plus comme avant >> Corentin Di Prima Vincent de Coorebyter n'a constate que <<tres peu de recuperation politique>>. Il faut distinguer le visible et l'invisible >> pour tenter d'etablir un diagnostic nuance des repliques provoquees dans notre societe par la secousse du 22 mars, estime le professeur de l'ULB Vincent De Coorebyter.Qu'est-ce qui vous frappe particulierement dans cette Belgique post-attentats ?(c) Rossel & Cie - 2018 -- Conditions generales de ventes -- Droits de reproduction -- Protection de la vie privee - droit a l'oubli ", "theme": "archive"}