{"id_art": "659f2c2e24429df767086b90fe7c42bc", "title": "Police federale: les syndicats annonceront un preavis de greve mercredi ", "newspaper": "lesoir", "author": [], "date_publi": [], "content": " Police federale: les syndicats annonceront un preavis de greve mercredi Ils denoncent contre les manques d'effectifs. Les quatre syndicats SLFP, CSC, SNPS et CGSP devraient deposer ce mercredi un preavis de greve en front commun pour la police federale, indiquent lundi les journaux du groupe Sudpresse. Eddy Quaino, permanent << Police >> de la CGSP Admi, a confirme l'information a l'agence Belga. Principale doleance : le manque d'effectifs, contre lequel les syndicats ne voient toujours rien venir.Une conference de presse se tiendra mercredi a 11h00 dans les locaux de la CGSP. Les syndicats y justifieront en detail leur preavis de greve. Globalement, ils denoncent toujours << un manque d'effectifs, de moyens et d'infrastructures >>, livre deja Eddy Quaino.Dimanche dans l'emission << C'est pas tous les jours dimanche >> de RTL-TVI, la commissaire generale de la police federale Catherine De Bolle a elle-meme admis des difficultes budgetaires. La police a recu des moyens supplementaires pour la lutte contre le terrorisme, dont le gouvernement federal fait une priorite, mais les autres unites doivent bien faire des economies et sont en sous-effectif. (c) Rossel & Cie - 2018 Conditions generales de vente - Droits de reproduction - Protection de la vie privee - Droit a l'oubli ", "theme": "archive"}