{"id_art": "935ed0df7bfed8ef8bf252661cd09624", "title": "La petite delinquancefinance Daesh ", "newspaper": "lesoir", "author": [""], "date_publi": ["2017-04-14"], "content": " La petite delinquancefinance Daesh En combattant plus intensement la petite criminalite, l'Europe se donnerait les moyens de lutter plus efficacement contre le terrorisme. C'est ce qui ressort d'une etude de l'European Union Institute for Security Studies (EUISS), l'agence de l'Union europeenne consacree a l'analyse des questions de politique etrangere, de securite et de defense, et dont le role est de fournir des analyses destinees a orienter la politique de l'Europe. L'etude << The crime-terrorism nexus >> rappelle les connexions entre terrorisme et criminalite. Le crime organise, evidemment, mais aussi la petite delinquance remplissent les caisses de Daesh et financent le djihad.(c) Rossel & Cie - 2018 -- Conditions generales de ventes -- Droits de reproduction -- Protection de la vie privee - droit a l'oubli ", "theme": "archive"}