{"id_art": "cf0f22bfb166b0d3ded9202cb58cd9d5", "title": "Abaisser le niveau de la menace: voix de la raison ou pari politique risque? ", "newspaper": "lesoir", "author": [""], "date_publi": ["2018-01-21"], "content": " Ludivine PonciauAlors qu'un projet d'attentat vient d'etre dejoue en France, la Belgique evalue ce lundi le niveau de la menace. Un retour au niveau 2 est pressenti. Une prise de risque davantage politique que securitaire. Apres plusieurs mois d'accalmie un peu partout en Europe (les dernieres attaques terroristes recensees comme telles datent d'octobre 2017), la France vient de subir un nouveau pic de stress. Un homme soupconne de preparer un attentat a ete interpelle pres de Nimes par la DGSI (Direction generale de la Securite interieure). Le terroriste presume n'etait pas connu des autorites mais crachait sa haine sur les reseaux sociaux. Ce qui l'a trahi. Lors de son arrestation, il etait en possession de substances utilisees dans la fabrication d'explosifs.", "theme": "archive"}