{"id_art": "e6d40867ff4738b5ec4e517062b7c275", "title": "Incontournable mais isole: le paradoxe du Front national ", "newspaper": "lesoir", "author": [""], "date_publi": ["2017-04-25"], "content": " Marine BuissonElection presidentielle 2017 ,Marine Le Pen Le FN, acteur implante dans la vie politique francaise bute sur un simple obstacle : son isolement. Comme prevu, et malgre une mauvaise campagne de Marine Le Pen, le Front national s'est qualifie ce dimanche pour le second tour de l'election presidentielle. Convainquant 21,5 % des electeurs francais. Pour la premiere fois, le parti d'extreme droite parvient a depasser les 20 % de voix a une election presidentielle. Marine Le Pen etabli meme le record de suffrages de son parti, avec 7,6 millions d'electeurs. Soit 2,8 millions de plus que son pere au premier tour de la presidentielle de 2002.", "theme": "archive"}