{"id_art": "d64c7472462fd51b6927509576dd5e9d", "title": "Cecile Vanderpelen: <<On parle de l'islam comme un phenomene presqu'exotique>> ", "newspaper": "lesoir", "author": [], "date_publi": [], "content": "Que est l'etat des religions et de la laicite aujourd'hui en Belgique ? Eclairage en trois points avec Cecile Vanderpelen-Diagre, co-auteur du rapport annuel de l'Observatoire des Religions et de la Laicite, ORELA. Les cours de religion et de morale ? Cecile Vanderpelen-Diagre : En 2015-16, en Federation Wallonie-Bruxelles, les eleves de l'enseignement secondaire officiel se repartissent principalement entre les cours de morale (55 %), religion catholique (20,5 %) et religion islamique (18,5 %). En Region de Bruxelles-capitale, le cours de religion islamique est le plus frequente (46,5 %), suivi du cours de morale (28,7 %) et de celui de religion catholique (12,5 %). Cette repartition illustre dans une certaine mesure un phenomene propre a la realite urbaine, plus multiculturelle que les zones rurales. Donc, on observe ces memes tendances, meme si moins accentuees, a Liege ou a Charleroi, par exemple. L'islam dans les medias belges ? Cecile Vanderpelen-Diagre : En 2015, deja, nous avons calcule que le nombre d'articles mentionnant le prophete Mohamet a ete quasiment multiplie par trois dans la presse francophone ; les occurrences des mots islam et mosquee ont presque double tant dans la presse francophone que dans la presse neerlandophone. Par ailleurs, nous avons observe que l'islam est plus souvent evoque dans un contexte negatif, anxiogene lie a la violence ou au terrorisme, plutot que dans un contexte positif, lie par exemple a l'art ou a la civilisation islamique. Les fetes religieuses dans les medias ? Cecile Vanderpelen-Diagre : Des evenements tels que le ramadan ou la celebration de l'Aid-el-Kebir sont l'occasion de donner un coup de projecteur sur la deuxieme religion pratiquee en Belgique. On parle alors souvent de l'islam comme un phenomene encore relativement etranger a la globalite du corps social, presqu'exotique... En revanche, lorsque les fetes catholiques sont abordees - il est vrai, de moins en moins souvent -, elles le sont en presupposant que l'audience est familiarisee avec le contenu et la forme des celebrations evoquees... Judaisme, christianisme, islam : courte evocation des trois religions monotheistes en video.quelques regles de bonne conduite avant de reagir (c) Rossel & Cie - 2018 Conditions generales de vente - Droits de reproduction - Protection de la vie privee - Droit a l'oubli ", "theme": "archive"}