{"id_art": "0840ed45ddd387577d7b2826c45a2767", "title": "technologie << Il faut parfois appuyer sur pause, l'avenir appartient a ceux qui reflechissent >> ", "newspaper": "lesoir", "author": [""], "date_publi": ["2017-03-23"], "content": " technologie << Il faut parfois appuyer sur pause, l'avenir appartient a ceux qui reflechissent >>Pourquoi avez-vous ressenti Pourquoi avez-vous ressenti (c) Rossel & Cie - 2018 -- Conditions generales de ventes -- Droits de reproduction -- Protection de la vie privee - droit a l'oubli ", "theme": "archive"}