{"id_art": "9812f015ef96cea47e9cdc6d6e4159be", "title": "Macron, une lueur d'espoir dans le ciel des droits de l'homme ", "newspaper": "lesoir", "author": ["jean paul"], "date_publi": ["2017-05-11"], "content": " Jean-Paul Marthoz Dans ses reponses aux questionnaires que lui avaient envoyes Amnesty International et Human Rights Watch, le candidat s'est engage pour une politique interieure et exterieure respectueuse des droits de l'Homme. Dimanche soir, lorsque le nom du candidat d'En Marche ! est apparu sur les ecrans de television, les tweets diffuses par les << droits-de-l'hommistes >> n'ont laisse aucun doute sur leur << parti pris >>. << Macron a vaincu de maniere decisive, en defendant des valeurs de liberte et en refusant de copier l'extreme droite >>, a reagi Kenneth Roth, le directeur de Human Rights Watch. << Nous sommes soulages, a declare Dimitris Christopoulos, president de la FIDH (Federation internationale des ligues des droits de l'homme), en prevenant toutefois que << sans s'attaquer a ce qui le nourrit, l'accident fasciste avec lequel la France flirte depuis 15 ans restera un risque >>.", "theme": "archive"}