{"id_art": "069d360384211f1ab62d3abf0ee316d8", "title": "Securite des citoyens: dormez en paix, braves Belges! ", "newspaper": "lesoir", "author": ["eric deffet"], "date_publi": ["2017-05-15"], "content": " Eric Deffet Dormez en paix, braves... Belges ! Mais ouvrez l'oeil quand meme sur les derives du tout securitaire. Autrefois dans les grandes villes, le guetteur rassurait la populace : << Il est minuit, dormez en paix, braves gens ! >> De maniere moins lyrique, c'est aussi le message porte par Charles Michel et son gouvernement qui ont consacre leur dimanche a valider 28 mesures en matiere de securite, de justice et de defense.Un panel tres large qui va de la lutte contre le terrorisme a la prevention de l'alcool au volant. Tous les ministres sont concernes, depuis Willy Borsus pour la repression des vols a l'etalage jusqu'a Alexander De Croo avec la prevention de la cybercriminalite, qui s'est imposee dans l'actualite. On ratisse large ? Oui, pas de doute.", "theme": "archive"}