{"id_art": "ca71a228015f701b07b484b76c63f385", "title": "Fusillade dans un lycee a Grasse: la piste terroriste n'est pas privilegiee ", "newspaper": "lesoir", "author": [], "date_publi": [], "content": " Fusillade dans un lycee a Grasse: la piste terroriste n'est pas privilegiee Huit personnes ont ete legerement blessees, dont trois par des plombs. Huit personnes ont ete legerement blessees, dont trois par des plombs, lors d'une fusillade dans un lycee de Grasse, dans le sud-est de la France, et un eleve de 17 ans a ete interpelle en possession d'armes dans le cadre de l'enquete, qui ne privilegie pas la piste terroriste.L'enquete ouverte apres la fusillade a Grasse ne s'oriente <<pas du tout>> sur la voie du terrorisme, a declare le president de la region Provence-Alpes-Cote d'Azur, Christian Estrosi. (c) Rossel & Cie - 2018 Conditions generales de vente - Droits de reproduction - Protection de la vie privee - Droit a l'oubli ", "theme": "archive"}