{"id_art": "ddcef5971e39ed519000822c1525f1fc", "title": "Charles Michel rejette la main tendue d'un djihadiste belge: <<Il n'y a pas de negociation possible>> ", "newspaper": "lesoir", "author": [], "date_publi": [], "content": " BelgaTarik Jadaoun, un des combattants les plus en vue de l'EI, qui sejourne dans une prison irakienne, souhaite collaborer avec les services de securite belges. C'est non, pour le Premier ministre. La Belgique ne negociera en aucun cas avec des combattants belges ou autres de l'organisation terroriste Etat islamique (EI) souhaitant revenir au pays, a indique dimanche le Premier ministre Charles Michel sur VTM. << Il n'y a pas d'espace pour ces gens dans notre societe >>, a-t-il dit.On a appris il y a quelques jours que Tarik Jadaoun, un des combattants - toujours vivant - les plus en vue de l'EI, qui sejourne dans une prison irakienne, souhaite collaborer avec les services de securite belges. Il a commis des delits en Irak. Qu'il soit juge et condamne en fonction de la loi Irakienne. Franchement ! Ou est le probleme ? Ce sont tout simplement des manoeuvres pour essayer de sauver sa peau ! Il n'y a rien a croire dans les declarations de ce terroriste ! Il est mauvais dans l'ame et il le restera ! Comme tous les djihadistes ! Car c'est ca le djihad ! Pour recueillir de l'info pertinente il faut pouvoir frequenter des \"gens infrequentables\". Le Premier dit non, les services concernes le feront quand meme : \"l'info n'a pas d'odeur\" et elle est cruciale. Quant a negocier quelque chose de concret en retour, c'est une autre histoire : rien en tous cas qui soit imbuvable pour les victimes et l'opinion publique en general; du moins : rien de public. Qu'il y reste:il sera au frais!!! Belle reponse du Premier Ministre a son egard vis a vis de sa proposition. il est tres bien la ou il est ce monsieur! ", "theme": "archive"}