{"id_art": "46b135fcb1cea66846719cd04f8a582f", "title": "Recep Erdogan sermonne a l'Elysee ", "newspaper": "lesoir", "author": [], "date_publi": [], "content": " Recep Erdogan sermonne a l'Elysee Joelle Meskens Emmanuel Macron a longuement recu le chef de l'Etat turc.Mais les deux hommes ont surtout acte leurs desaccords.Sur le processus d'adhesion a l'Europe et sur les droits de l'homme, notamment.Entre les presidents turc et francais, Recep Tayyip Erdogan et Emmanuel Macron, les echanges d'amabilites n'ont pas suffi a masquer les desaccords. De notre envoyee permanenteLa visite, la premiere du president turc en France depuis le coup d'Etat manque de juillet 2016, etait sous pression. Des avant l'arrivee de Recep Tayyip Erdogan vendredi midi a l'Elysee, des militants de Reporters sans frontieres, brandissant des portraits de journalistes emprisonnes, avaient manifeste devant l'ambassade parisienne pour exiger leur liberation.Mais Emmanuel Macron n'a pas voulu renoncer a son tete-a- tete, suivi d'un dejeuner, avec le president turc. L'entretien a meme dure beaucoup plus longtemps que prevu, au point que les deux hommes se sont presentes a la presse avec une heure et demie de retard !(c) Rossel & Cie - 2018 -- Conditions generales de ventes -- Droits de reproduction -- Protection de la vie privee - droit a l'oubli ", "theme": "archive"}