{"id_art": "e5dd83bf8759c0a667e629c689d7f48a", "title": "<< Mai 68 >> versus la << Manif pour tous >> ", "newspaper": "lesoir", "author": [""], "date_publi": ["2017-05-06"], "content": " << Mai 68 >> versus la << Manif pour tous >>Y a-t-il deux France sur le plan des valeurs ? La France de << Mai 68 >> d'un cote contre celle de la << Manif pour tous >>, de l'autre ? Celle qui veut jouir sans entraves et celle qui veut remettre l'eglise au milieu d'un village devenu trop global ?(c) Rossel & Cie - 2018 -- Conditions generales de ventes -- Droits de reproduction -- Protection de la vie privee - droit a l'oubli ", "theme": "archive"}