{"id_art": "925fa9dda881f2cf7e6a4179d7b3fe0d", "title": "Emmanuel Macron est officiellement devenu le 8e president de la Republique francaise ", "newspaper": "lesoir", "author": [""], "date_publi": ["2017-05-14"], "content": " AFPFrancois Hollande a quitte l'Elysee apres un entretien d'une demi-heure avec Emmanuel Macron. Emmanuel Macron est officiellement devenu le 8e president de la Republique francaise ce dimanche.Dans la foulee de la passation de pouvoir, Emmanuel Macron a gagne le Salon des ambassadeurs pour etre eleve a la dignite de grand-croix de la Legion d'honneur avant de rejoindre la Salle des fetes ou le president du Conseil constitutionnel, Laurent Fabius, a proclame les resultats officiels de l'election presidentielle.Francois Hollande a quitte le palais de l'Elysee ce dimanche vers 11h. Emmanuel Macron etait arrive un peu plus tot, aux alentours de 10h, pour devenir le huitieme president de la Ve Republique.", "theme": "archive"}