{"id_art": "e5cad28cc5557a383eb30fe05458cd42", "title": "Attentat a Londres: quatre morts, la <<piste du terrorisme islamiste>> privilegiee ", "newspaper": "lesoir", "author": [], "date_publi": [], "content": " Attentat a Londres: quatre morts, la <<piste du terrorisme islamiste>> privilegiee Le bilan provisoire de l'attentat survenu mercredi a Londres est passe de trois a quatre morts, dont un policier et 40 blesses, a annonce Mark Rowley, le commandant de l'unite anti-terrorisme dans une declaration devant Scotland Yard.<< Je ne vais pas faire de commentaires sur l'identite de l'assaillant (...) mais nous privilegions la piste du terrorisme islamiste >>, a ajoute le haut responsable de la police britannique. L'assaillant a egalement ete tue. (c) Rossel & Cie - 2018 Conditions generales de vente - Droits de reproduction - Protection de la vie privee - Droit a l'oubli ", "theme": "archive"}