{"id_art": "0e178fe647bd39b2b436c5fa03aa10d0", "title": "Hollande: <<Je laisse un pays dans un etat bien meilleur que celui que j'ai trouve>> ", "newspaper": "lesoir", "author": [""], "date_publi": ["2017-05-14"], "content": " Marine BuissonElection presidentielle 2017 L'ancien president s'est exprime au quartier general du Parti socialiste. << J e laisse un pays dans un etat bien meilleur que celui que j'ai trouve >>. Devant les militants socialistes rue de Solferino, Francois Hollande a tire le bilan de son quinquennat. Sur le chemin vers la tribune, des applaudissements et quelques mercis ont ete cries depuis une petite foule qui attendait le president sortant. << Je voulais revenir ici, rue de Solferino, pour retrouver des souvenirs, des visages >>, a declare Francois Hollande. Une banniere tendue a l'entree du quartier general socialiste remerciait l'ancien president.", "theme": "archive"}