{"id_art": "9d2057e246a69d4e03cd72031c40d0ab", "title": "De Croo veut proteger toute l'economie belge des cyberattaques ", "newspaper": "lesoir", "author": ["bernard padoan"], "date_publi": ["2017-05-14"], "content": " Bernard Padoan Le gouvernement federal prevoit 60 millions d'euros pour rendre les entreprises belges, y compris les PME, plus resistantes aux attaques informatiques. C'est ce qu'on appelle une coincidence : trois jours a peine apres une cyber-attaque d'ampleur mondiale, le gouvernement belge se reunissait pour plancher sur les dossiers de la justice et de la securite. ", "theme": "archive"}