{"id_art": "a8c7355eb0e717cb3304f14578e3e74b", "title": "Poutine veut liquider sur le champ les terroristes ", "newspaper": "lesoir", "author": [], "date_publi": [], "content": " Emmanuel GrynszpanUn attentat commis mercredi soir a Saint-Petersbourg donne au president en campagne l'occasion de recourir a la phraseologie brutale qui a contribue a le porter au pouvoir il y a 18 ans. Le terrorisme tente a nouveau de gacher la fin d'annee des Russes. Une explosion mercredi soir a 18 h 30 locales dans un supermarche de Saint-Petersbourg a blesse 13 personnes, dont 6 etaient toujours hospitalisees jeudi << dans un etat de gravite moyenne >>, selon le quotidien RBK. ", "theme": "archive"}