{"id_art": "d2d35cc84b97d9e2ce908d28983d6a7a", "title": "Andrea Rea: <<Pour lutter contre le repli sur soi, il faut inciter a rencontrer l'autre>> ", "newspaper": "lesoir", "author": [], "date_publi": [], "content": " Andrea Rea: <<Pour lutter contre le repli sur soi, il faut inciter a rencontrer l'autre>> Comment faire face a nos peurs apres les attentats du 22 mars ? Andrea Rea, professeur de sociologie a l'ULB, a repondu a vos questions. Comment vivons-nous un an apres les attentats de Bruxelles ? Pendant une semaine, des chercheurs de l'Universite libre de Bruxelles (ULB) partagent leurs analyses critiques dans notre dossier << Carnets d'identites >>, a consulter en acces libre sur Le Soir +. A partir de leurs travaux et expertises scientifiques, 24 chercheurs de l'ULB decodent la realite et demontent les prejuges en cinq grands chapitres (Face a nos peurs, la voix des politiques, les musulmans pluriels, vivre ensemble ou entre soi ? et echos mediatiques).Un an apres le 22 mars, comment s'accorde encore le << vivre-ensemble >> ? Comment faire face a nos peurs ? Andrea Rea a repondu a vos questions. Voici le resume du chat. Est-ce que ce sont vraiment << nos peurs >> ou aussi, des peurs aggravees par les politiques, les medias... les militaires en rue ? Pour ne prendre que deux exemples, les accidents de la route ou les violences conjugales font bien plus de victimes que le terrorisme (...). La << peur >>, ca se construit... (Irene K.) Les peurs auxquelles nous faisons reference sont souvent collectives, et donc alimentees par les medias, les discours politiques et publics. Par contre, il est vrai que certains faits comme les accidents de la route sont consideres comme de risques plus que comme des peurs. Quant aux violences conjugales, elles sont insuffisamment percues comme des peurs collectives, sauf par les victimes. Que pensez-vous du traitement mediatique des attentats ? Faut-il en faire autant << un an apres >> ? (Serge D.) On peut avoir l'impression que les medias en fait trop. Cependant, il s'agit aussi d'evenements commemoratifs qu'on ne peut pas passer sous silence. Pour les victimes, leurs familles et aussi la population. La vraie question dans votre interrogation est : est-ce que ce traitement mediatique diminue nos peurs ou les accroissent ? Vous dites que les musulmans doivent davantage condamner les attentats pour que l'ensemble de leur communaute ne soit pas associe aux actes de terroristes. Pourquoi ne le font-ils pas ? Ou pourquoi a-t-on l'impression qu'ils ne le font pas ? (Patrick) Beaucoup de musulmans reagissent par la phrase << pas en mon nom >>. Et ils ont raison. Comme ils ne s'identifient pas aux auteurs des attentats et surtout a la maniere de se dire musulmans, ils estiment qu'ils n'ont pas a se desolidariser. Je pense neanmoins que pour la population non-musulmane, il conviendrait qu'ils puissent mieux exprimer qu'ils se desolidarisent de ces actes et de leurs discours. N'y a-t-il pas tout de meme une contradiction entre l'exigence faite aux musulmans de se definir << en tant que musulmans >>, pour denoncer les attentats, alors que dans le meme temps, on exige d'eux de se fondre dans la masse, sinon ils sont accuses de << communautarisme >>... (Irene K.) C'est toujours la double contrainte qu'on impose un peu aux musulmans. Je pense que c'est surtout aux autorites liees au culte. C'est a l'Executif des musulmans ou aux imams par exemple qu'on demande surtout d'intervenir. Je trouve aussi dommage en voyant ce chat une fois de plus l'amalgame entre musulman et terroriste... On se rend bien compte que, plus que la peur des attentats, c'est la peur de l'autre, de celui qui est different qui predomine. (Cedric) Le discours dominant maintient en permanence cet amalgame, et en permanence il convient d'en sortir de la caricature. Le sujet sera aborde ce mardi dans les Carnets d'identites. Comment eviter le repli sur soir ? (Marine) Pour lutter contre le repli sur soi, il faut que tous les groupes sociaux bougent et s'ouvrent aux autres. Je pense qu'une maniere de faire est de stimuler et inciter a des rencontres de personnes qui se croisent peu souvent. Certaines politiques publiques pourraient davantage financer ces initiatives. Cliquez ici pour relire le chat sur mobile. (c) Rossel & Cie - 2018 Conditions generales de vente - Droits de reproduction - Protection de la vie privee - Droit a l'oubli ", "theme": "archive"}