{"id_art": "ff1f436f7fc5055719e92393872c927e", "title": "Proces Abdeslam: <<Ils emporteraient une arme avec laquelle ils n'ont rien a voir?>>, replique la procureure a Sven Mary ", "newspaper": "lesoir", "author": [], "date_publi": [], "content": " Domitille Lehman (St.)L'heure est aux repliques apres la plaidoirie de l'avocat de Salah Abdeslam. La plaidoirie plus qu'attendue de Sven Mary est terminee, et les repliques ont demarrees. C'est d'abord la procureure federale qui a pris la parole, emettant des doutes quant a la version de Sven Mary qui a assure qu'il n'y avait eu << qu'un seul tireuret [c'etait] Mohamed Belkaid>>. Sceptique, la procureure s'interroge : << Et donc Abdeslam et Ayari emporteraient une arme avec laquelle ils n'ont rien a voir ? >>, parlant de l'arme abandonnee par les deux accuses rue de l'Eau apres la fusillade de la rue du Dries. Les repliques ont demarrees !!!!! En primaire, ce genre de faute est considere comme gravissime (dans les ecoles qui se respectent, pas les nombreuses autres). ", "theme": "archive"}