{"id_art": "ec5c163e1096b61e4da2d99114730002", "title": "L'Amerique et l'Otan : ce ", "newspaper": "lesoir", "author": [], "date_publi": [], "content": " L'Amerique et l'Otan : ce Philippe Regnier Le nouveau patron du Pentagone, James Mattis, est a Bruxelles, au QG de l'Otan.L'<< impatience >> des Americains de voir les Europeens investir davantage dans la defense est desormais << une politique gouvernementale >> avec l'election de Donald Trump, a martele le secretaire a la Defense US.Jens Stoltenberg, le secretaire general de l'Otan, a <<fait les honneurs de la maison>> au secretaire americain a la Defense, James Mattis, mercredi au siege de l'Alliance, a Bruxelles. Le general quatre etoiles americain James Mattis, le tout premier emissaire de Donald Trump a venir fouler le sol de l'Europe ce mercredi, a une maison... a Bruxelles, a l'en croire : l'Otan, << ma seconde maison >>, a-t-il souligne, au QG de l'Alliance atlantique.Entre au << departement a (ses) 18 ans, en 1969 >>, ancien de la guerre du Golfe, d'Afghanistan et d'Irak, << Jim >> Mattis a dirige de 2007 a 2009 un commandement de l'Otan. L'ex-Marine, bombarde chef du Pentagone au soir de l'investiture de Trump, le 20 janvier, etait attendu comme un Messie par les Allies. Ces derniers sont passablement preoccupes par les penchants isolationnistes du nouveau Commander-in-chief en poste a la Maison-Blanche et par ses propos iconoclastes envers l'Otan, qualifie d'<< obsolete >>, jusqu'a questionner le sacro-saint engagement a defendre collectivement tout allie qui serait attaque.(c) Rossel & Cie - 2018 -- Conditions generales de ventes -- Droits de reproduction -- Protection de la vie privee - droit a l'oubli ", "theme": "archive"}