{"id_art": "9cccffc1535c385ddddf6daf9627f605", "title": "<< Pas de legumes de Gaza dans nos gamelles ! >> ", "newspaper": "lesoir", "author": [], "date_publi": [], "content": " << Pas de legumes de Gaza dans nos gamelles ! >> Serge DumontDE NOTRE CORRESPONDANTLe ministre israelien de la Defense Avigdor Lieberman n'en parle pas et la hierarchie militaire de l'Etat hebreu s'abstient de tout commentaire. Pourtant, la grogne qui se developpe depuis quelques jours dans plusieurs garnisons stationnees autour de la bande de Gaza prend de l'ampleur. Au point de devenir difficile a cacher puisque les appeles etalent de maniere anonyme leurs recriminations sur les reseaux sociaux.(c) Rossel & Cie - 2018 -- Conditions generales de ventes -- Droits de reproduction -- Protection de la vie privee - droit a l'oubli ", "theme": "archive"}