{"id_art": "616ea2e6b7e9161050f3304651aff7e4", "title": "Trump: la Maison Blanche fonctionne <<sans heurt, mais j'ai herite d'un bazar>> ", "newspaper": "lesoir", "author": [], "date_publi": [], "content": " Trump: la Maison Blanche fonctionne <<sans heurt, mais j'ai herite d'un bazar>> En Floride, le nouveau president americain a tenu un discours aux airs de campagne electorale, s'en prenant notamment a la presse et a son predecesseur. Donald Trump a ravi samedi soir des milliers des supporteurs lors d'un grand rassemblement en Floride, aux airs de campagne electorale, assurant que sa presidence se deroulait << sans heurt >> et s'en prenant avec virulence a une presse << malhonnete >>.Apres un premier mois houleux a la Maison Blanche, le milliardaire au programme populiste, nationaliste et protectionniste, a donne un discours au ton combatif, voire tres agressif, devant des milliers de personnes reunies dans un hangar a l'aeroport de Melbourne, en Floride.<< La Maison Blanche fonctionne tellement sans accroc, sans heurt. Croyez-moi, j'ai herite d'un grand bazar >>, a lance le successeur de Barack Obama, sous les cris et les applaudissements de ses partisans. M. Trump a meme appele sur scene l'un de ses fans pour l'enlacer et lui laisser dire << Monsieur le president, merci Monsieur ! >>La Maison Blanche du 45e president des Etats-Unis est secouee depuis un mois par une serie de revers politiques, comme la demission de son conseiller a la securite nationale Michael Flynn, par de vives tensions avec les medias et par des fuites a repetition.Les medias generalistes << malhonnetes >>Dans un discours au ton et au contenu identiques a ses meetings de campagne en 2016, le president des Etats-Unis s'en est pris une nouvelle fois aux medias generalistes << malhonnetes >> qu'il accuse de propager des << mensonges >>, des << fausses informations >>.<< Nous sommes un peuple libre et independant, nous ferons nos propres choix. Nous sommes ici aujourd'hui pour dire la verite, toute la verite, rien que la verite >>, a lance le tribun, qui a martele son slogan de campagne << Rendre sa grandeur a l'Amerique >> et qui a encore promis de securiser les frontieres des Etats-Unis, notamment grace a la construction d'un mur avec le Mexique et en luttant contre << le terrorisme islamique radical >>. (c) Rossel & Cie - 2018 Conditions generales de vente - Droits de reproduction - Protection de la vie privee - Droit a l'oubli ", "theme": "archive"}