{"id_art": "c194e03453c7979afa155e5be05e7ca4", "title": "Le conseil: reserver en connaissance de cause ", "newspaper": "lesoir", "author": [""], "date_publi": ["2017-03-30"], "content": " Julien Bosseler En tete-a-tete avec un(e) employe(e) d'agences de voyages ou... avec un ecran d'ordinateur a la maison ? Test-Achats se garde bien de recommander l'un ou l'autre mode de reservation de vacances. Apres tout, les clients sont assez grands pour determiner le canal qui leur convient le mieux, estime l'association de consommateurs, tout en leur adressant un avertissement. << Au moment de reserver leurs vacances, les gens se preoccupent davantage du prix que des problemes pouvant survenir sur place. Helas, ils ne soucient generalement de cela qu'en cas de soucis, >> se desole Anne Moriau, juriste chez Test-Achats.", "theme": "archive"}