{"id_art": "c0779ac1468d520653ff6d58dd301df8", "title": "Terrorisme : des bourgmestres habilites a fermer les lieux << douteux >> ", "newspaper": "lesoir", "author": [], "date_publi": [], "content": " Terrorisme : des bourgmestres habilites a fermer les lieux << douteux >> Ludivine Ponciau La loi sur l'elargissementdes competences des bourgmestres en matiere de lutte contrele terrorisme examineeen commission.La porte ouvertea tous les abus, fustigent ses detracteurs.Le Parlement federal a examine jeudi en pleniere la proposition de levee du secret professionnel pour les travailleurs sociaux dans un contexte terroriste. Un texte finalement renvoye devant le Conseil d'Etat, a la grande colere de la N-VA, suite au depot d'une serie d'amendements par l'opposition. L'une de ces nouvelles propositions vise l'obligation pour le travailleur social de denoncer les infractions terroristes aupres de son superieur hierarchique. Et non plus directement au parquet.Vendredi, la commission de lutte contre le terrorisme examine une disposition portee par le MR et visant a etendre le pouvoir des bourgmestres en matiere de controle de lieux << suspects >>. Celui-ci serait autorise a fermer, pour six mois maximum, un etablissement sur lequel portent des indices serieux de la presence d'activites terroristes. Par << etablissement >>, on entend les cafes, restaurants, lieux de rassemblement, lieux culturels, sportifs ou religieux.(c) Rossel & Cie - 2018 -- Conditions generales de ventes -- Droits de reproduction -- Protection de la vie privee - droit a l'oubli ", "theme": "archive"}