{"id_art": "365cb41e8f92f88df4effa5edd6cddf6", "title": "Fusillade a Bale: la piste du reglement de compte privilegiee ", "newspaper": "lesoir", "author": [], "date_publi": [], "content": " Fusillade a Bale: la piste du reglement de compte privilegiee La fusillade qui a fait jeudi soir deux morts et un blesse grave dans un cafe de Bale (nord-ouest de la Suisse) n'a pas de lien avec le terrorisme, a indique vendredi le parquet de la ville.D'apres les premiers resultats de l'enquete, deux Albanais ages de 28 et 39 ans ont ete abattus, et un autre Albanais de 24 ans a ete blesse par deux hommes << apparemment originaires d'Europe orientale >> qui ont pris la fuite.Le scenario ressemble a un reglement de compte, car aucun autre client de l'etablissement n'a ete vise par les agresseurs. (c) Rossel & Cie - 2018 Conditions generales de vente - Droits de reproduction - Protection de la vie privee - Droit a l'oubli ", "theme": "archive"}