{"id_art": "b31c304b7e497f191965f4baf9e20a84", "title": "En 2017, le cyberdjihadisme a perdu du terrain ", "newspaper": "lesoir", "author": [""], "date_publi": ["2018-01-24", "2018-01-24"], "content": " Ludivine PonciauLa chasse aux contenus lies au terrorisme s'est intensifiee sur les reseaux sociaux au cours de l'annee passee. La masse de contenus djihadistes distilles par les groupes terroristes sur internet, principalement sur les reseaux sociaux, a fondu au cours de l'annee 2017. C'est ce qu'ont affirme plusieurs experts en cyberdjihadisme a l'occasion du dixieme Forum International de la Cybersecurite (FIC) qui s'est tenu mardi a Lille. Une tendance qui s'explique a la fois par la debacle de l'Etat islamique en Syrie et en Irak et par la mise en place de mecanismes d'identification et de suppression des contenus illicites sur les reseaux sociaux.", "theme": "archive"}