{"id_art": "0f3e0550202001d7fbe4b3b9157d32e9", "title": "Andrea Rea: <<La figure de la menace aujourd'hui, c'est le musulman>> ", "newspaper": "lesoir", "author": [], "date_publi": [], "content": " Par Nathalie Gobbe (ULB)La peur de l'autre nous pousse a nous en eloigner. Mais en nous repliant << entre nous >>, nous alimentons notre meconnaissance de l'autre et... notre peur. Analyse avec le sociologue Andrea Rea.Andrea Rea, Groupe de recherche sur les Relations Ethniques, les Migrations et l'Egalite (GERME), ULB Un an apres les attentats de Bruxelles, la peur est-elle toujours presente ? Andrea Rea : Oui, cette peur est bien la, comme l'a montre notamment l'enquete RTBF-LeSoir Noir-Jaune-Blues. Ce qu'on pensait reserve a des villes eloignees, dans des zones de conflits a desormais lieu chez nous et les attentats se repetent : Londres, Madrid, Paris, Bruxelles, Nice, Berlin... Ce qui renforce la peur, c'est cette repetition, nous sommes sortis de l'exceptionnalite. Les terroristes ont aussi bien compris que leur impact mediatique et politique est plus puissant lorsqu'ils frappent l'Europe ou l'Amerique du nord. Ceci renforce encore plus la peur chez nous. Qui dit peur, dit perception d'une menace. Ici, la menace est identifiee. Andrea Rea : Oui, nous sommes face a du terrorisme international, a une lutte armee au nom d'un islamisme radical. Le danger est d'identifier par contamination tous les musulmans, qu'ils se definissent comme tel ou non, aux djihadistes. La figure de la menace, aujourd'hui, c'est le musulman parce que potentiellement, il pourrait etre un futur djihadiste ou un futur radicalise. Avec pour consequence, ce qu'on a vu depuis un an : on a peur des migrants venus de Syrie ; Trump decide de fermer l'entree aux Etats-Unis a tous les ressortissants de 7 pays musulmans ; etc. Cependant, cette contamination touche aussi tous les Belges qui sont identifies a des musulmans, qu'ils habitent a Molenbeek, a Verviers ou ailleurs. Ceux dont nous avons peur, ce ne sont donc pas seulement ceux qui commettent un attentat mais tous ceux qui sont, dans notre imaginaire, la base arriere et ceux qui ne condamneraient pas ces actes. Pourquoi cet amalgame se fait-il si facilement ? Andrea Rea : Parce que le musulman est considere comme une menace depuis longtemps, avant meme qu'il y ait ces actes de terrorisme. Et donc, les attentats confortent le prejuge initial, 'je vous avais bien dit qu'il fallait se mefier'... Dans les annees '70 et '80, le terrorisme d'extreme-gauche a frappe plusieurs pays europeens ; pourtant, les militants de gauche n'ont pas ete assimiles a des terroristes qui etaient consideres, eux, comme une fraction degeneree. Pourquoi ? D'abord, parce qu'il n'y avait pas de prejuge prealable sur tous les militants de gauche ; ensuite, parce que les socialistes et les communistes de l'epoque se sont exprimes et se sont distancies de ces actes terroristes. Je pense que les musulmans devraient aujourd'hui s'exprimer plus, meme s'ils n'ont pas a se justifier d'actes qu'ils n'ont pas commis. S'ils prenaient davantage la parole, on entendrait plus la voix de musulmans qui ont une pratique religieuse moderee et veulent vivre dans la tolerance et la paix. Qu'entraine le climat de peur dans lequel nous vivons desormais ? Andrea Rea : Le repli ! Quand on a peur de quelqu'un, on s'en eloigne ; on se replie sur celles et ceux qui nous ressemblent et nous securisent. C'est vrai pour les musulmans qui resserrent des liens communautaires ; mais ca l'est aussi pour les personnes s'identifiant au groupe majoritaire des Belges, qui se retrouvent entre gens de memes groupes sociaux et de memes styles de vie. Ce n'est donc pas qu'un entre-soi culturel, c'est aussi un entre-soi social. N'oublions jamais que le repli sur soi est le plus present dans les hautes spheres de la societe qui s'enferment dans des ghettos du luxe... Comment contrer notre peur ? Andrea Rea : Il faut reconstruire du lien ; ca signifie de l'echange, du partage de vie commune... Le discours seul ne peut reduire la peur ; il faut des pratiques communes ; il faut developper des espaces intermediaires ou des gens qui ne se croisent jamais puissent se rencontrer, et en particulier la jeunesse, et apprennent a connaitre l'autre. Ce serait, par exemple, interessant de developper des activites communes entre ecoles qui n'ont pas le meme type de public ; ca permettrait a des enfants de quartiers differents, qui n'ont pas la meme histoire, ne frequentent pas les memes clubs sportifs ou les memes espaces culturels, de se connaitre. Le defi est de taille... Andrea Rea : Oui et il l'est d'autant plus que la peur du terrorisme vient s'ajouter a d'autres instabilites, deja bien presentes. Le sociologue Zygmunt Bauman distinguait trois manieres de considerer l'insecurite. La premiere est l'insecurite sociale : nous sommes inquiets pour nos conditions de vie et l'avenir economique de nos enfants. La deuxieme est l'insecurite liee a l'incertitude : nous ne maitrisons pas notre environnement, le developpement technologique est risque. Enfin, la troisieme dimension, c'est l'insecurite physique : la criminalite, le terrorisme. Et que voyons-nous aujourd'hui ? Que nous cumulons les trois dimensions d'insecurite ! Ce qui rend la peur encore plus forte et les solutions encore plus difficiles a trouver... quelques regles de bonne conduite avant de reagir (c) Rossel & Cie - 2018 Conditions generales de vente - Droits de reproduction - Protection de la vie privee - Droit a l'oubli ", "theme": "archive"}