{"id_art": "fe4b92421a7c50c2063086b4f5420b0f", "title": "Ces deux bonbonnes de gaz qui ont fait craindre le pire ", "newspaper": "lesoir", "author": ["marc metdepenningen", "thomas casavecchia"], "date_publi": ["2017-03-02"], "content": " Par Marc Metdepenningen et Thomas Casavecchia Emoi dans le quartier de la Porte de Hal a Bruxelles. Un banal controle routier revele deux bonbonnes de gaz dans la voiture d'un radicalise. Aucun detonateur decouvert. Le suspect demeure interroge. A quelques jours de la commemoration, le 22 mars prochain, des attentats qui avaient frappe l'aeroport de Bruxelles et le metro Maelbeek, Bruxelles a connu, jeudi apres-midi, une poussee de crainte nee de la decouverte dans une camionnette Fiat controlee a hauteur de la Porte de Hal (Saint-Gilles) de deux bouteilles de gaz.Des policiers de la zone Midi avaient intercepte ce vehicule blanc vers 16 h apres qu'il eut brule un feu de signalisation en phase rouge dans la descente de la rue de la Victoire empruntee a vive allure. Selon le commissaire divisionnaire Patrick Evenenpoel, le chef de Corps de la zone Midi, ses agents se sont vu opposer une attitude peu collaborante du conducteur qui s'est avere, selon le bourgmestre de Saint-Gilles Charles Picque (PS), etre fiche dans les registres de l'Ocam comme un << returnee >> (un individu ayant sejourne en Syrie). Les plaques d'immatriculation n'etaient en outre pas celles correspondant au vehicule.", "theme": "archive"}