{"id_art": "789180517ac5dc3e95fae1256cdeb0cd", "title": "Cela s'est passe un 20 mars : <<L'attentat de Tokyo etait decrit dans un roman>> ", "newspaper": "lesoir", "author": [], "date_publi": [], "content": " AFPLe bilan de l'odieux terrorisme chimique dans le metro s'aggrave : huit morts et 693 intoxiques toujours a l'hopital. (article paru le 20 mars 1995) Qui a pu commettre cet acte aveugle, destine a tuer le plus de monde possible ? Qui a pu lacher du sarin, un gaz extremement toxique, dans le metro de Tokyo, lundi, tuant huit personnes et provoquant l'hospitalisation de 3.300 intoxiques dont 693 toujours soignes ce matin ? La police japonaise esperait en tout cas lever un voile du mystere. L'unite speciale chargee de l'enquete a en effet identifie parmi les blesses un suspect qui ne pourra etre interroge dans l'immediat : il a en effet inhale le gaz qu'il a peut-etre repandu dans le metro et figure au nombre des 75 blesses qui n'ont toujours pas repris connaissance depuis leur admission a l'hopital. ", "theme": "archive"}