{"id_art": "14c4aaac4b295b1cfff9c9b8d35aef5a", "title": "<< Des risques de plus en plus complexes >> ", "newspaper": "lesoir", "author": [], "date_publi": [], "content": " << Des risques de plus en plus complexes >> Ludivine Ponciau Le Centre de crise devient un centre d'expertise. Ses missions ont ete renforcees ou elargies. Outre la coordination, l'organe devra aussi se concentrer sur la prevention.Son nouveau patron, Bart Raeymaekers, s'en rejouit: d'ici a 2020, le Centre de crise disposera de ses propres experts et verra ses competences elargies. mathieu golinvaux.Nombreux sont ceux qui ont decouvert son existence apres les attentats de Paris. Cela fait pourtant trois decennies (le Centre gouvernemental de coordination et de crise a ete cree en 1986) que l'organe federal remplit ses missions. Celle d'analyser et de diffuser en continu des informations aux autorites politiques et executives et a la population. Ou encore d'assurer la coordination des acteurs de premiere ligne (pompiers, police, bourgmestres...) lors de crises ou des evenements de grande ampleur. D'ici a 2020, le centre disposera de ses propres experts et verra ses competences elargies.Pour son nouveau patron entre en fonction en fevrier dernier, Bart Raeymaekers, le Centre de crise doit aujourd'hui pouvoir << donner le tempo >>.Le Centre de crise va disposer de ses propres experts. Ce qui l'amenera a jouer un role plus central dans la gestion des situations d'urgence ?(c) Rossel & Cie - 2018 -- Conditions generales de ventes -- Droits de reproduction -- Protection de la vie privee - droit a l'oubli ", "theme": "archive"}