{"id_art": "417d4fa7c8b0a94ec4e497f3f3c32c05", "title": "(in)stabilite Pourvu que le paysne sombre pas a son tour... ", "newspaper": "lesoir", "author": ["philippe regnier"], "date_publi": ["2017-04-11"], "content": " (in)stabilite Pourvu que le paysne sombre pas a son tour... Philippe Regnier La pauvrete ne cesse de croitre, le chomage frappe 70% des jeunes et le tourisme s'est effondre.Ph. R.Le Caire, FayoumDe notre envoye specialC'est simple : << L'Egypte est juste un trop gros morceau pour tomber. >> Diego Paturel est le chef de la section << Cooperation >> de la Delegation de l'Union europeenne en Egypte, l'<< ambassade >> de l'UE au Caire. Son avertissement trahit l'anxiete des Europeens : pourvu que l'Egypte et ses 92 millions d'habitants ne basculent pas a leur tour dans les grands tourments du monde arabe ! Et voila l'Europe reduite a composer avec le marechal Abdel Fattah al-Sissi, qui regne avec poigne sur l'Egypte, au coeur d'une region en flammes - Syrie, Libye, Yemen, Irak, les Soudan...(c) Rossel & Cie - 2018 -- Conditions generales de ventes -- Droits de reproduction -- Protection de la vie privee - droit a l'oubli ", "theme": "archive"}