{"id_art": "19bea24a24224dd366b5cbb9ed930d7d", "title": "Abaisser le niveaude la menace : voix de la raison ou pari politique risque ? ", "newspaper": "lesoir", "author": [""], "date_publi": ["2018-01-22"], "content": " j'y vois clair Abaisser le niveaude la menace : voix de la raison ou pari politique risque ? Ludivine Ponciau Alors qu'un projet d'attentat vient d'etre dejoue en France, la Belgique doit trancher ce lundi sur la question de la presence massive des militaires en rue. Stop ou encore ? Un retour au niveau 2 est pressenti bien que certains risques subsistent. L'enjeu n'est pas << que >> securitaire.Apres plusieurs mois d'accalmie un peu partout en Europe (les dernieres attaques terroristes recensees comme telles datent d'octobre 2017), la France vient de subir un nouveau pic de stress. Un homme soupconne de preparer un attentat a ete interpelle pres de Nimes par la DGSI (Direction generale de la Securite interieure). Le terroriste presume n'etait pas connu des autorites mais crachait sa haine sur les reseaux sociaux. Ce qui l'a trahi. Lors de son arrestation, il etait en possession de substances utilisees dans la fabrication d'explosifs.(c) Rossel & Cie - 2018 -- Conditions generales de ventes -- Droits de reproduction -- Protection de la vie privee - droit a l'oubli ", "theme": "archive"}