{"id_art": "9af6ba30a2cb1608cd481794ada585e3", "title": "les experts << La securite n'est pas un sujet de controverse politique >> ", "newspaper": "lesoir", "author": ["veronique kiesel"], "date_publi": ["2017-05-24"], "content": " les experts << La securite n'est pas un sujet de controverse politique >> Veronique Kiesel Attentat Manchester La Premiere ministre Theresa May s'est rendue a Manchester, ou elle a signe le registre de condoleances ouvert a l'hotel de ville. L'attentat qui vient d'endeuiller Manchester risque-t-il d'avoir un impact important sur les prochaines elections legislatives prevues ce 8 juin au Royaume-Uni ? << Les Conservateurs sont tres clairement en tete dans les sondages, avec pres de 45,8 % dans une enquete recente, explique Sonja Janssens, professeure de langue et culture anglaise a l'ULB. On s'attendait avant cet attentat a ce qu'ils remportent une victoire spectaculaire. >>(c) Rossel & Cie - 2018 -- Conditions generales de ventes -- Droits de reproduction -- Protection de la vie privee - droit a l'oubli ", "theme": "archive"}