{"id_art": "353e36f3166bca1513be7745a87d2aa6", "title": "Bernard Gasq: <<La tracabilite du tabac doit etre garantie>> ", "newspaper": "lesoir", "author": [""], "date_publi": ["2017-04-10"], "content": " Frederic SoumoisBernard Gasq, president de la Federation des buralistes Ile-de-France, Oise, Seine-Maritime, a mene dimanche une action de barrage filtrant a la frontiere belge. Pourquoi avoir effectue un barrage filtrant au Mont Noir, pres de Comines ? Nous demandons l'instauration de la tracabilite des produits du tabac, une mesure qui est contenue dans le protocole de l'OMS (NDLR : Organisation mondiale de la sante) signe par la France fin 2016. On estime qu'un quart de la consommation en France est de provenance illegale. Le commerce parallele de tabac est un fleau qui se traduit chaque annee par une perte fiscale de 3 milliards d'euros/an pour l'Etat et un manque a gagner pour les buralistes de 250 millions d'euros/an. A Paris, on voit des gens vendre des paquets devant nos debits de tabac. Des couples de buralistes travaillent 70 h/semaine et degagent 1.000 euros de revenus mensuels. Ce n'est pas tenable. ", "theme": "archive"}