{"id_art": "647769e928cb1d72d4855eb90378752e", "title": "<< Avec de la volonte, les mentalites peuvent evoluer partout >> ", "newspaper": "lesoir", "author": ["gaelle moury"], "date_publi": ["2018-01-24"], "content": " << Avec de la volonte, les mentalites peuvent evoluer partout >> Gaelle Moury Prime a Venise, << L'insulte >> parle subtilement de la societe libanaise dans toutes ses contradictions et ses traumatismes<<Je me suis demande si, au Liban, realistiquement parlant, une petite insulte pouvait degenerer. La reponse est oui. Elle peut mener a une affaire d'Etat>>, explique le realisateur. Direct, spontane, vrai, Ziad Doueiri est de ces cineastes qui parviennent a capter l'essence du monde tout en la rendant accessible. Ne a Beyrouth dans les annees 1960, il grandit pendant la guerre civile. Un contexte qui le marquera profondement et qui influencera a jamais son cinema. Parmi ses projets les plus acclames : West Beyrouth, brillant film sur la guerre civile libanaise.(c) Rossel & Cie - 2018 -- Conditions generales de ventes -- Droits de reproduction -- Protection de la vie privee - droit a l'oubli ", "theme": "archive"}