{"id_art": "59f723e4c91cd238825baab2bf042658", "title": "Apres le 22 mars, affronter l'incertitude de l'avenir ", "newspaper": "lesoir", "author": [], "date_publi": [], "content": " L'editorial d'Andrea Rea, professeur de sociologie. Face aux attentats terroristes, au djihadisme international, l'accroissement des reponses securitaires apaisera-t-il nos peurs ? L'enquete Noir, Jaune, Blues 2017 RTBF - Le Soir a revele l'ampleur des inquietudes des citoyens, du rejet de l'autre et de la faible confiance dans la capacite des dirigeants politiques a pouvoir ameliorer leur vie quotidienne. Comment repondre aux demandes des citoyens qui souhaitent simultanement plus d'ordre, de securite, mais aussi plus de protection et d'aide face aux bouleversements contemporains ? Depuis les attentats du 22 mars 2016 a Bruxelles, divers evenements internationaux font du repli une strategie pour repondre aux inquietudes des citoyens. Est-ce la seule maniere d'affronter l'incertitude de l'avenir ?Les citoyens voient leur existence se fragiliser et etre toujours plus exposee a l'incertitude du lendemainDans notre societe devenue << liquide >>, selon les termes de Zymunt Bauman, les citoyens voient leur existence se fragiliser et etre toujours plus exposee a l'incertitude du lendemain. La solidite du statut s'erode, les structures sociales s'effritent et la legitimite des institutions est remise en cause. La societe fabrique toujours plus de citoyens fragiles et la peur de l'autre s'approfondit. La recherche du lien communautaire, un lien fort construit autour d'une identite consideree comme homogene (l'identite nationale) semble une voie rassurante pour repondre aux inquietudes. La division sociale s'opere alors de plus en plus entre des personnes identifiees comme ayant des cultures differentes ; raisons pour lesquelles il faut fermer les frontieres, transformer la difference en ressemblance, se ressembler pour mieux se rassembler et affronter l'incertitude du lendemain. Ce repli, ce renforcement de l'entre-soi s'observe tant parmi ceux qui se qualifient de << peuple legitime >>, les << vrais >> nationaux, que parmi les groupes minoritaires. Toutefois, cette lecture tend a surexposer l'importance de la division << eux >> et << nous >> fondee sur les seules differences culturelles et a occulter les differences sociales qui s'accroissement toujours plus. Elle occulte aussi le fait majeur : le repli sur soi des puissants de ce monde est, lui, volontaire et non subi.Les luttes politiques qui s'engagent a present tendent finalement a reproduire, sans que cela soit a l'identique, des questions qui se sont posees dans les annees 30 en Europe entre la volonte de promouvoir une societe ouverte ou une societe fermee. Le terrorisme islamique international, mais pas que lui, tend a exacerber les differences entre les etres humains selon leur culture et leur religion en instaurant une politique de la peur et de la guerre. La question reste posee du scenario que prend la reponse. Va-t-il aussi emprunter le chemin de la peur, de l'inimitie et de la guerre ? Une societe fermee ne conduirait-elle pas a un renforcement de l'Etat de securite et a la reduction des droits fondamentaux ? Une societe fermee n'instituerait-elle pas une ideologie de la guerre de tous contre tous, ou l'integration des uns se ferait au detriment de la marginalisation accrue des minoritaires ? Defendre une societe ouverte contre ces ennemis qu'ils soient gouvernes par l'obscurantisme religieux ou celui que peut prendre un populisme nationaliste suppose de transformer nos differences en potentialites. Est-ce possible et a quelles conditions ? Comment instituer une societe unitaire malgre nos differences, sans eluder l'existence de luttes sociales ? Comme faire de la cooperation plutot que de la competition, une valeur cardinale de nos activites ?La reflexion que nous, enseignants-chercheurs de l'ULB proposons dans Carnets d'identites ne fournit pas de reponses definitives a ces questions. Elle entend simplement alimenter les manieres de les penser, dans un esprit critique et scientifique, loin des opinions et des prejuges. Cette prise de parole se veut une participation au debat democratique. Elle nous a paru comme une necessite, une urgence.quelques regles de bonne conduite avant de reagir (c) Rossel & Cie - 2018 Conditions generales de vente - Droits de reproduction - Protection de la vie privee - Droit a l'oubli ", "theme": "archive"}