{"id_art": "8a96d22c2136664678e80b603e315583", "title": "Le Burundi, quadrille par les milices, vit toujours dans la peur ", "newspaper": "lesoir", "author": [""], "date_publi": ["2017-04-07"], "content": " Le Burundi, quadrille par les milices, vit toujours dans la peur Colette BraeckmanSur cette capture d'ecran, l'appel au viol lance dans une video par les miliciens <<Imbonerakure>> a de quoi susciter l'inquietude... Alors que, vingt-trois ans apres le genocide des Tutsis au Rwanda, le << plus jamais ca >> est repete a l'occasion de toutes les commemorations en Afrique et en Europe, le Burundi voisin sombre dans l'oubli, eclipse par les incertitudes qui pesent sur le devenir du Congo et les diverses crises internationales. Cependant, les informations qui filtrent depuis Bujumbura rappellent d'inquietants souvenirs : une video, devenue << virale >> sur les reseaux sociaux, montre des << Imbonerakure >>, membres de la ligue de la Jeunesse du parti au pouvoir, entonner des chants dans lesquels, en kirundi, ils clament << engrossez les opposantes, pour qu'elles enfantent des Imbonerakure >>.(c) Rossel & Cie - 2018 -- Conditions generales de ventes -- Droits de reproduction -- Protection de la vie privee - droit a l'oubli ", "theme": "archive"}