{"id_art": "c4cf1702f905febd9bb8839c1e16d208", "title": "Nemmoucheet deux complices aux assises ", "newspaper": "lesoir", "author": ["marc metdepenningen"], "date_publi": ["2018-01-26"], "content": "et deux complices aux assises Marc Metdepenningen Mehdi Nemmouche affirme qu'il est innocent. La chambre du conseil de Bruxelles a renvoye, sans surprise jeudi, l'auteur presume de l'attentat commis le 24 mai 2014 contre le Musee Juif de Bruxelles, Mehdi Nemmouche devant la cour d'assises. Ses complices presumes, Nacer Brender et Mounir Atallah, sont egalement renvoyes devant la juridiction populaire.Le parquet federal n'avait requis que le renvoi de Nemmouche et Brender, sollicitant un non-lieu pour Atallah dont seule une partie civile souhaitait le renvoi ; il appartient desormais a la Chambre des mises en accusation de statuer.(c) Rossel & Cie - 2018 -- Conditions generales de ventes -- Droits de reproduction -- Protection de la vie privee - droit a l'oubli ", "theme": "archive"}