{"id_art": "acdc1bd3cde173eafd2430244b4039e8", "title": "Londres victime a son tour du terrorisme <<low cost>> ", "newspaper": "lesoir", "author": [], "date_publi": [], "content": " Jean Chichizola (Le Figaro)L'attaque terroriste survenue a Londres, mercredi, sur le pont de Westminster et devant le Parlement britannique, a fait trois morts, dont un policier. Le titre est ridicule et insultant pour les victimes; pour rappel : tout \"low cost\" finit toujours par s'averer onereux et ici fatal. La meilleure maniere d'effectuer des \"controles\" est bien de les realiser envers tous les membres de toute la population habitant un pays . Si vous etes reellement ''clean\" vous n'avez rien a craindre (du moins selon vos dires) n'est-il pas ??? ", "theme": "archive"}