{"id_art": "d918a622a80b07ec7ce2807ac22b5531", "title": "Attentat dejoue: des liens tenus avec la Belgique ", "newspaper": "lesoir", "author": [""], "date_publi": ["2017-04-20"], "content": " Ludivine Ponciau On en sait un peu plus sur le parcours des deux Francais interpelles a Marseille et qui s'appretaient a commettre une action << violente >> et << imminente >> sur le territoire francais, sans que l'on puisse toutefois determiner quand cette attaque devait etre executee et quelle en etait la cible. Les premiers elements de l'enquete mettent par contre en evidence le processus de radicalisation du duo qui s'est effectue entre les murs de la prison de Lille-Sequedin.", "theme": "archive"}