{"id_art": "0b05cd75cdf98c853a98aaa479e46f39", "title": "Patrick Dewael demande une prolongation ", "newspaper": "lesoir", "author": [], "date_publi": [], "content": " Patrick Dewael demande une prolongationcommission AttentatsPatrick Dewael demande une prolongationLe president de la commission d'enquete sur les attentats terroristes, Patrick Dewael, demandera une nouvelle prolongation du mandat de celle-ci, a-t-il indique mercredi sur le plateau de << Ter Zake >> (VRT). Le mandat de la commission avait deja ete prolonge jusqu'au 30 avril, mais il apparait qu'une partie des recommandations ne pourra pas etre prete a cette date. (b)Le bilan de l'attentat s'alourdit : quinze morts(c) Rossel & Cie - 2018 -- Conditions generales de ventes -- Droits de reproduction -- Protection de la vie privee - droit a l'oubli ", "theme": "archive"}