{"id_art": "122c6b475eea104d1d16afac6cb39ad4", "title": "Terrorisme: Ossama Krayem a fait des reperages a Schiphol ", "newspaper": "lesoir", "author": [], "date_publi": [], "content": " Terrorisme: Ossama Krayem a fait des reperages a Schiphol AFP Seulement quelques heures avant les attentats de Paris, Ossama Krayem et Sofian Ayari se sont rendus a Amsterdam. Le Suedois Ossama Krayem (24 ans), un des membres presumes de la cellule terroriste qui a commis les attentats de Bruxelles et Paris, a mene une mission de reconnaissance a l'aeroport de Schiphol, a Amsterdam, a-t-il reconnu lors d'un interrogatoire revele par une source proche de l'enquete.Les enqueteurs savaient deja qu'Ossama Krayem et un autre suspect, le Tunisien Sofian Ayari (27 ans), s'etaient rendus a Schiphol quelques heures avant les attentats de Paris. Ils n'en connaissaient cependant pas la raison.Lors d'un interrogatoire mene par la police belge en octobre et novembre derniers, Krayem a admis qu'il s'etait rendu a Schiphol afin de << trouver des consignes assez grandes pour y conserver des armes, des explosifs et de l'argent >>. Il y est reste environ deux heures sans trouver de consignes et a ensuite quitte l'aeroport, precise la source proche de l'enquete. << Nous continuons a enqueter pour savoir quels etaient leurs plans a Schiphol >>, indique la source. << Peut-etre voulaient-ils y commettre un attentat ou l'utiliser comme une base arriere. >> (c) Rossel & Cie - 2018 Conditions generales de vente - Droits de reproduction - Protection de la vie privee - Droit a l'oubli ", "theme": "archive"}