{"id_art": "ab7308f41f9daa48d6347b340856f2ab", "title": "Double nationalite: le debat ne peut etre lie au referendum en Turquie, selon Reynders ", "newspaper": "lesoir", "author": [], "date_publi": [], "content": " Double nationalite: le debat ne peut etre lie au referendum en Turquie, selon Reynders BELGA Le ministre des Affaires etrangeres n'est pas surpris du vote massif des Turcs de Belgique en faveur du << oui >>. Le ministre des Affaires etrangeres Didier Reynders appelle au calme sur le debat autour de la double nationalite, au lendemain du referendum en Turquie lors duquel la majorite des Turcs de Belgique ont vote en faveur du << oui >>.<< Ce debat est bien plus large et ne doit pas etre ouvert a la suite d'une decision prise par une communaute bien precise. Nous devons prendre le temps de la reflexion, dans le calme. De nombreux Belges possedent une seconde nationalite, dont la Francaise par exemple. On ne pense pourtant pas rouvrir le debat sur la double nationalite en fonction des resultats des elections presidentielles >>, a reagi Didier Reynders.Quant au vote massif des Turcs de Belgique en faveur du 'oui', Didier Reynders ne se dit << pas surpris >>. << On sait bien qu'il existe une majorite favorable au president Erdogan et a son parti l'AKP. Il ne faut pas considerer cela comme neuf. >><< Au-dela du resultat, j'attends a present du president aux pouvoirs renforces qu'il reste fidele aux principes et aux regles edictees par le conseil de l'Europe dont la Turquie est membre. Et je m'inquiete quand j'entends, depuis la tentative de coup d'Etat manque l'ete dernier, l'evocation d'un retour de la peine de mort. Tant pour la Belgique que pour l'Union europeenne, c'est une ligne rouge. Le retablissement de la peine de mort marquerait la fin de toute perspective europeenne pour la Turquie >>, avertit le ministre.<< Les negociations d'adhesion de la Turquie a l'Union europeenne sont gelees de fait >>, constate egalement le ministre. << Le retablissement de la peine de mort empecherait toute reprise du processus d'adhesion. >>Selon Didier Reynders, << nous devons toutefois pouvoir continuer a dialoguer avec la Turquie, qui reste un partenaire important dans plusieurs dossiers, dont le terrorisme, l'OTAN et le dossier migratoire. >> (c) Rossel & Cie - 2018 Conditions generales de vente - Droits de reproduction - Protection de la vie privee - Droit a l'oubli ", "theme": "archive"}