{"id_art": "fb2915d70e71d487f58bc418d64d71d1", "title": "Les geants americains de l'informatique collaborent mieux avec la justice belge ", "newspaper": "lesoir", "author": [], "date_publi": [], "content": " Par AFPSi Facebook, Microsoft et Apple collaborent dans la majorite des cas, ce n'est pas le cas de Twitter. Les geants americains de l'informatique, tels que Facebook, Microsoft et Apple fournissent maintenant a la Justice, dans 8 cas sur 10, des informations sur des appareils suspects ou des comptes apparaissant dans un dossier d'accusation, rapportent vendredi L'Echo et De Tijd. Record de demande Durant le premier semestre 2017, Apple s'est ainsi montre pret, dans pres de huit cas sur dix, a reveler qui se cachait derriere un appareil suspect ou un compte qui apparaissait dans un dossier d'accusation, allant de la fraude sur internet au terrorisme. Au cours de la meme periode l'an dernier, cela ne s'etait produit que dans quatre cas sur dix. Apple recoit par ailleurs beaucoup plus de demandes de notre Justice pour divulguer des informations (199 au premier semestre 2017).Facebook a repondu a 85% des requetes emises par les tribunaux belges durant le premier semestre de cette annee. Au cours de cette periode, Facebook a recu 513 demandes d'informations emanant de notre pays, un record. Ces demandes portaient sur pas moins de 757 comptes Facebook, un record egalement.Microsoft n'a refuse de fournir des donnees a nos autorites judiciaires que dans 8% des cas. Remarques importantes: dans 15% des cas, les donnees demandees n'ont tout simplement pas pu etre trouvees, et Microsoft n'a jamais fourni de donnees de contenu a la Justice belge, a propos, par exemple, d'une conversation en ligne. L'entreprise etait seulement disposee a fournir des donnees sur un abonne ou une transaction particuliere.Le mauvais eleve est Twitter, qui n'a coopere, au premier semestre 2017, que dans 67% des cas. Twitter avait heureusement recu le moins de questions des autorites judiciaires (21 a propos de 32 comptes).quelques regles de bonne conduite avant de reagir LOCATION DROME VAISON LA ROMAINE Location Tenerife - La Caleta CItytrip LUXEMBOURG VILLE (c) Rossel & Cie - 2018 Conditions generales de vente - Droits de reproduction - Protection de la vie privee - Droit a l'oubli ", "theme": "archive"}