{"id_art": "f35cc99f14807db236a0359c31d5272b", "title": "Attentat a Stockholm: le couple princier se rend sur les lieux de l'attaque ", "newspaper": "lesoir", "author": [""], "date_publi": ["2017-04-08"], "content": "La princesse Victoria et le prince Daniel de Suede ont depose samedi matin des roses rouges a l'endroit ou un camion a renverse vendredi des passants en plein centre de Stockholm.<<Je sens beaucoup de tristesse et de vide, mais je sens aussi de la force, parce que notre societe montre que nous resistons>>, a declare le prince heritier, selon le journal Aftonbladet.Lorsqu'un journaliste a demande comment le pays se redresserait, la princesse Victoria a repondu: <<Ensemble>>. Quatre personnes sont decedees et une quinzaine ont ete blessees lors de l'attaque vendredi.", "theme": "archive"}