{"id_art": "d3dbf2fe0fb34bd9e671a4e3e74213e1", "title": "Terrorisme: perquisitions a Bruxelles dans un nouveau dossier ", "newspaper": "lesoir", "author": [], "date_publi": [], "content": " B.DN.Cinq personnes ont ete interpellees. Le parquet n'a livre que peu d'informations. Dans la nuit de jeudi a vendredi, soit quelques heures apres l'attentat sur les Champs-Elysees, la police judiciaire federale de Bruxelles a mene de multiples perquisitions en region bruxelloise et dans sa peripherie (deux a Molenbeek-Saint-Jean, une a Ganshoren et une a Roosdaal) dans le cadre d'un nouveau dossier de terrorisme.", "theme": "archive"}