{"id_art": "39eeb6f8d30580ce8f9b8cca86223611", "title": "Donald Trump assistera bien au sommet de l'Otan le 25 mai a Bruxelles ", "newspaper": "lesoir", "author": [], "date_publi": [], "content": " Donald Trump assistera bien au sommet de l'Otan le 25 mai a Bruxelles Le president americain << se rejouit de rencontrer ses homologues au sein de l'Otan et de reaffirmer son engagement ferme envers l'Organisation >>. Le president americain Donald Trump participera au sommet des dirigeants de l'Otan annonce a Bruxelles le 25 mai, a confirme la Maison Blanche dans une declaration publiee mardi soir (mercredi matin HB).<< Le president se rejouit de rencontrer ses homologues au sein de l'Otan, reaffirmer son engagement ferme envers l'Organisation du traite de l'Atlantique nord, et discuter des problematiques critiques pour l'alliance, particulierement les responsabilites partagees des allies et le role de l'Otan dans la lutte contre le terrorisme >>, indique la declaration de la Maison Blanche.Mardi, une porte-parole de l'Alliance atlantique avait annonce que les chefs d'Etat et de gouvernement membres de l'organisation se reuniraient a Bruxelles le 25 mai pour leur premier sommet depuis l'election du president americain Donald Trump. (c) Rossel & Cie - 2018 Conditions generales de vente - Droits de reproduction - Protection de la vie privee - Droit a l'oubli ", "theme": "archive"}