{"id_art": "d33d9736524c54ded773fcef39ec0640", "title": "Antiterrorisme: <<Sur l'echange d'informations, on n'est pas encore au niveau souhaite>> ", "newspaper": "lesoir", "author": ["jurek kuczkiewicz", "lorraine kihl"], "date_publi": ["2017-03-23"], "content": " Jurek Kuczkiewicz et Lorraine Kihl Nous sommes le 22 mars, premier anniversaire des attentats de Zaventem et Maalbeek. En tant que commissaire europeen, vous avez entame beaucoup d'actions de coordination entre les Etats membres en matiere de lutte antiterroriste. Pouvez-vous citer un ou deux exemples concrets et faciles a comprendre pour le citoyen, d'ameliorations dans ce domaine depuis un an ? Il y a un mot important : la confiance. Entre les autorites nationales, elle s'est beaucoup amelioree depuis deux ans. Mais on ne peut pas encore dire qu'on est arrive au niveau souhaitable. Sur une echelle de 1 a 10, on en est a combien ? Je dirais 6 a 6,5... ", "theme": "archive"}