{"id_art": "4bc385ede6ce15a37fa5f2ef5a48b609", "title": "Tueries du Brabant : 600 nouveaux temoignages ", "newspaper": "lesoir", "author": [], "date_publi": [], "content": " Tueries du Brabant : 600 nouveaux temoignages Ludivine PonciauLes familles des victimes des Tueries du Brabant ont rencontre lundi au cabinet du ministre de la Justice les deux magistrats en charge du dossier, Ignacio de la Serna et Christian de Valkeneer, ainsi que la juge d'instruction en charge de l'enquete, Martine Michel.Il est habituel qu'au cours de ce rendez-vous annuel, les autorites judiciaires fassent le point sur les derniers developpements de l'enquete. Du moins, lorsqu'il y en a... Ce lundi, les proches des victimes (ils etaient une cinquantaine) attendaient beaucoup de cette entrevue avec les procureurs generaux de Mons et de Liege, notamment en raison de nouveaux elements devoiles dans la presse en octobre dernier a propos de la piste dite << du geant >>.(c) Rossel & Cie - 2018 -- Conditions generales de ventes -- Droits de reproduction -- Protection de la vie privee - droit a l'oubli ", "theme": "archive"}