{"id_art": "9bcfaa5a51cc35a7c30ba18dcf5ec0d2", "title": "<<Terrifiant>>, <<un carnage>>: des temoins racontent l'explosion a Manchester ", "newspaper": "lesoir", "author": [""], "date_publi": ["2017-05-23"], "content": " Jennifer Dassy et J. Dy avec AFPAttentat Manchester Ariana Grande venait d'interpreter sa derniere chanson lorsque l'explosion a eu lieu. Un attentat a fait au moins 22 morts et pres de 59 blesses lundi soir a l'issue d'un concert d'Ariana Grande dans la salle Arena a Manchester, dans le nord-ouest de l'Angleterre, a indique la police. << Nous travaillons a etablir tous les details de ce qui est traite par la police comme une epouvantable attaque terroriste >>, a declare la Premiere ministre britannique Theresa May, en exprimant sa sympathie aux familles.", "theme": "archive"}