{"id_art": "e85beb833f12066dfa0d8d35be2b0f9a", "title": "<<Il faut y reflechir, et aussi aux cooperations renforcees>> ", "newspaper": "lesoir", "author": [], "date_publi": [], "content": " Corentin Di Prima Pour Marianne Dony, le sursaut de l'Union europeenne passe sans doute par un recentrage de ses domaines d'actions et des cooperations renforcees entre certains Etats. Marianne Dony est licenciee en droit (1977), licenciee speciale en droit economique (1979) et docteur en droit (1990) de l'ULB. Elle est actuellement professeur ordinaire a l'ULB, Chaire Jean Monnet de droit de l'Union europeenne, presidente de l'Institut d'etudes europeennes et membre de l'Academie royale de Belgique (classe des lettres, sciences morales et politiques). La Commission a mis sur la table plusieurs scenarios pour l'avenir de l'UE, plutot que de proposer un cap. Surprenant ? ", "theme": "archive"}