{"id_art": "d7ba4c7b7c5185208d5197d8fbb2df51", "title": "Le commissaire a la Migration: <<Si l'accord avec la Turquie s'effondre, ce sera un desastre>> ", "newspaper": "lesoir", "author": ["lorraine kihl", "jurek kuczkiewicz"], "date_publi": ["2017-03-23", "2017-03-23"], "content": " Lorraine Kihl et Jurek Kuczkiewicz Referendum en Turquie En depit des menaces des dirigeants turcs de denoncer l'accord sur les migrants et les refugies convenu avec l'UE, le commissaire europeen a la Migration Dimitris Avramopoulos met sur le compte de l'agitation electorale les saillies turques. L'accord entre l'UE et la Turquie a ete conclu il y a un an, et fait depuis l'objet de nombreuses critiques. Y compris par des Europeens, qui jugent que l'UE a sous-traite a la Turquie un probleme qu'elle devrait assumer seule en controlant mieux ses frontieres. Le Premier ministre belge Charles Michel lui-meme, qui a toujours ete critique, redit cette semaine dans Le Vif que l'accord aurait du etre mieux negocie. Dimitris Avramopoulos, le commissaire europeen a la Migration et aux Affaires interieures, assure que cet arrangement doit se poursuivre et refuse de donner trop de credit aux vociferations turques engendrees par les recentes interdictions de meetings electoraux turcs aux Pays-Bas et en Allemagne.", "theme": "archive"}