{"id_art": "a63cde703fab84bb81c93e4af43545f3", "title": "Syrie: reprise du processus d'evacuation apres un attentat meurtrier ", "newspaper": "lesoir", "author": [""], "date_publi": ["2017-04-15"], "content": "Des bus a bord desquels des milliers de personnes ont ete evacuees de localites syriennes assiegees sont repartis vers leur destination finale apres des heures de blocage et un attentat meurtrier qui les a vises, selon une ONG.La reprise du processus d'evacuation, qui avait ete interrompu vendredi en raison de divergences entre regime et rebelles, intervient apres un attentat a la camionnette piegee qui a fait 43 morts selon l'Observatoire syrien des droits de l'Homme (OSDH), en majorite des habitants des localites loyalistes de Foua et Kafraya (nord-ouest), pres d'Alep.", "theme": "archive"}