{"id_art": "6e530fe74cad4f7b576812c59a5f8aa1", "title": "l'enquete << On a eu vraiment de la chance >> ", "newspaper": "lesoir", "author": [""], "date_publi": ["2017-04-13"], "content": " l'enquete << On a eu vraiment de la chance >> Christophe BourdoiseauDe notre correspondantSi la piste islamiste n'est pas encore confirmee, une chose est sure : l'attentat aurait pu etre un carnage. Il etait bien destine a tuer des joueurs du club de football de Dortmund. << On peut dire qu'on a eu vraiment de la chance >>, a resume hier Frauke Kohler, porte-parole du parquet anti-terroriste a Karlsruhe.Mardi soir, a 19 h 15, trois explosions ont endommage le bus du Borussia Dortmund a la sortie de l'hotel alors que les joueurs se rendaient au stade pour le quart de finale de Ligue des champions contre Monaco. La deflagration a ete d'une telle puissance qu'elle a fait eclater la vitre blindee de la partie droite du bus. << Les explosifs etaient beaucoup plus puissants qu'on ne l'imaginait au depart >>, a confirme le parquet federal. Les trois engins explosifs, caches dans un buisson a la sortie de l'hotel, etaient remplis de pointes de metal dont l'une d'elles a ete retrouvee plantee dans un appuie-tete.(c) Rossel & Cie - 2018 -- Conditions generales de ventes -- Droits de reproduction -- Protection de la vie privee - droit a l'oubli ", "theme": "archive"}