{"id_art": "b0c0b18e29d109a8cd18b5130670f971", "title": "Amnesty denonce les discours des << marchands de peur >> ", "newspaper": "lesoir", "author": [], "date_publi": [], "content": " Amnesty denonce les discours des << marchands de peur >> Veronique Kiesel En 2016, explique le secretaire general d'Amnesty International Salil Shetty dans son rapport annuel, les notions de dignite humaine et d'egalite, et l'idee meme de famille humaine, ont ete attaquees de facon violente et incessante dans des discours remplis d'accusation instillant la peur et designant des boucs emissaires, propages par ceux qui cherchaient a prendre le pouvoir ou a le conserver a tout prix, ou presque >>. << Les discours clivants des marchands de peur sont devenus une force dangereuse dans les affaires de la planete, poursuit-il. Donald Trump, Viktor Orban, Recep Tayyip Erdogan, Rodrigo Duterte : de plus en plus de responsables politiques se declarent antisysteme, defendent des programmes nocifs qui s'acharnent sur des groupes entiers de population et les deshumanisent >>.(c) Rossel & Cie - 2018 -- Conditions generales de ventes -- Droits de reproduction -- Protection de la vie privee - droit a l'oubli ", "theme": "archive"}