{"id_art": "3a0b0f2928610b41e6f6f5956f949970", "title": "Se battre pour une Europe plus forte ", "newspaper": "lesoir", "author": [], "date_publi": [], "content": " la carte blanche Se battre pour une Europe plus forte Le projet d'integration europeenne a rarement essuye autant d'attaques que ces dernieres annees. Pour enfin devenir adulte, l'Europe doit preserver ses heritages et aller de l'avant.L'Europe celebre son anniversaire. Le 25 mars 1957, il y a 60 ans, les pays fondateurs signaient les traites de Rome. Cette date a marque la premiere etape decisive du projet de liberte, de paix et de prosperite le plus reussi que le monde ait jamais connu.Nous pouvons nous rejouir de ce succes.Apres 60 ans d'Europe, nous voici toutefois a un tournant. La crise financiere et l'arrivee massive de refugies ont brutalement mis a nu les faiblesses du projet d'integration europeenne. Dans quelques jours, la Grande-Bretagne enclenchera le processus de sa sortie de l'Union europeenne. C'est un signal d'alarme. Nous devons nous mettre d'accord sur ce que l'Europe represente pour nous, la direction dans laquelle nous voulons aller avec elle et ce que nous sommes prets a y investir.Voila ce qui compte vraiment avec cet anniversaire celebre a Rome.(c) Rossel & Cie - 2018 -- Conditions generales de ventes -- Droits de reproduction -- Protection de la vie privee - droit a l'oubli ", "theme": "archive"}