{"id_art": "21b27a84f14f5ad1b49e4faf361b9685", "title": "Francoise Schepmans ", "newspaper": "lesoir", "author": [], "date_publi": [], "content": " Francoise Schepmans Vanessa Lhuillier Sylvain Piraux/Le Soir Francoise SchepmansLa bourgmestre liberale de Molenbeek a vecu une annee 2016 particulierement mouvementee. Deja, apres les attentats de Paris en novembre, sa commune etait montree du doigt par les medias du monde entier. Suite a ceux du 22 mars 2016, elle a encore du gerer une crise mediatique et societale hors du commun. Elle a du affronter les critiques venant de l'etranger mais egalement du gouvernement federal estimant que Molenbeek etait la plaque tournante des departs en Syrie et donc du terrorisme. Malgre les critiques, elle s'est toujours battue pour defendre ses citoyens. V.Lh.(c) Rossel & Cie - 2018 -- Conditions generales de ventes -- Droits de reproduction -- Protection de la vie privee - droit a l'oubli ", "theme": "archive"}