{"id_art": "afaf677894ee52c57e371386ad849fa1", "title": "La difficile campagnedes opposants a Erdogan ", "newspaper": "lesoir", "author": [""], "date_publi": ["2017-02-27"], "content": " La difficile campagnedes opposants a Erdogan Anne Andlauer Ce week-end, l'AKPa lance officiellementsa campagne pourle << oui >> au referendum qui doit renforcerles pouvoirs du president Erdogan.Le camp du << non >> est diabolise et disperse.Son acces aux medias et a l'espace public est tres limite.Des opposants au renforcement des pouvoirs du president tentent de faire entendre leur voix samedi a Istanbul. de notre correspondante(c) Rossel & Cie - 2018 -- Conditions generales de ventes -- Droits de reproduction -- Protection de la vie privee - droit a l'oubli ", "theme": "archive"}