{"id_art": "a3425040eb530474ddf37702ea165007", "title": "Un Belge sur cinq est fiche dans la Banque nationale generale de la police ", "newspaper": "lesoir", "author": [], "date_publi": [], "content": " Un Belge sur cinq est fiche dans la Banque nationale generale de la police BELGA Entre 2010 et 2017, le nombre de citoyens identifies et fiches a connu une augmentation de 47,5 %. Des donnees portant sur 2.221.442 Belges sont encodees dans la Banque nationale generale (BNG) de la police alors qu'il y a sept ans 1.506.046 personnes y figuraient, rapporte La Derniere Heure samedi, sur base de chiffres de la police federale, fournis par le ministre de l'Interieur et de la Securite, Jan Jambon (N-VA). Actuellement en moyenne un Belge sur cinq est fiche, sur base des proces-verbaux rediges et stockes dans la BNG.Entre 2010 et 2017, le nombre de citoyens identifies et fiches a connu une augmentation de 47,5 %. Mais l'evolution la plus importante se demarque entre 2015 et 2016 : le nombre de personnes enregistrees fait un bond de 129.490.D'une part parce que de nouvelles incriminations sont entrees dans le code penal, et d'autre part parce que l'arsenal legislatif s'est renforce en matiere de lutte contre le terrorisme. (c) Rossel & Cie - 2018 Conditions generales de vente - Droits de reproduction - Protection de la vie privee - Droit a l'oubli ", "theme": "archive"}