{"id_art": "611a1f57a0822ddaff2fb330eb7b25c5", "title": "Ce qu'il faut retenir de la derniere journee du proces Abdeslam ", "newspaper": "lesoir", "author": [], "date_publi": [], "content": " Ludivine PonciauProces Salah Abdeslam Les avocats de la defense ont tente de prouver que la fusillade de la rue du Dries n'etait pas un acte terroriste. Et que leurs clients n'avaient pas appuye sur la detente. Le verdict est attendu pour avril. Les avocats de la defense ont longuement expose leurs arguments aux cours de la deuxieme et derniere journee dans le proces de la rue du Dries. Sans surprise, Sofien Ayari etait le seul prevenu a faire face a la presidente du tribunal correctionnel de Bruxelles, Salah Abdeslam ayant annonce mardi deja son intention de ne pas assister a l'audience de ce jeudi. De l'intention, il en a beaucoup ete question dans les plaidoiries meme si c'est sur un point de droits que Sven Mary a commence son expose. C'est exact c'est encore nous! les contribuables qui allons devoir payer le proces de ce lache individu qui n'ose meme pas reconnaitre ces actes et se cache derriere des soi-disant vices de procedures, quelle honte!!!!....un bon nettoyage par les armes s'impose dans ces castes d'extremistes sous developpes mentalement et culturellement!. Point! C'est exact c'est encore nous! les contribuables qui allons devoir payer le proces de ce lache individu qui n'ose meme pas reconnaitre ces actes et se cache derriere des soi-disant vices de procedures, quelle honte!!!!....un bon nettoyage par les armes s'impose dans ces castes d'extremistes sous developpes mentalement et culturellement!. Point! ce qu'il faut surtout retenir c'est qu'il coute la peau des fesses au contribuable! C'est tout de meme dans un contexte terroriste pour lequel ils etaient recherches et qu'ils fuyaient et sauver leur peau pour pouvoir continuer leurs crimes. Les arguties des avocats sont donc tres minces. ", "theme": "archive"}