{"id_art": "ee457bf317f9189f32945cc5d3c46d90", "title": "<< Tous les livres sont autobiographiques >> ", "newspaper": "lesoir", "author": ["jean claude"], "date_publi": ["2018-01-27"], "content": " << Tous les livres sont autobiographiques >> Jean-Claude Vantroyen Gerard de Cortanze a ecrit le roman virevoltant de la generation des yeyesIl y a deux ans, Gerard de Cortanze avait decrit le monde particulier des zazous, ces jeunes gens des annees 40, pendant l'occupation, qui clamaient leur resistance via leurs vetements et leur amour du swing. Ces Zazous, c'etait le titre du roman, sont devenus des parents. Et l'ecrivain francais s'est dit qu'il pourrait prolonger cette rencontre avec une histoire de France moins connue en compagnie des adolescents nes du baby-boom d'apres-guerre. Ceux qui avaient de 14 a 20 ans dans les annees 1960. Alors il en campe quatre : Lorenzo, Antoine, Francois et Michele. Et toute l'histoire debute le 22 juin 1963, place de la Concorde, a Paris, ou Salut les Copains, le magazine, fete son premier anniversaire avec ses idoles. Johnny, Sylvie, Danyel Gerard, Frank Alamo, Richard Anthony, les Chaussettes noires, les Chats sauvages sur scene. 150.000 jeunes autour. On en attendait quelque 5.000.(c) Rossel & Cie - 2018 -- Conditions generales de ventes -- Droits de reproduction -- Protection de la vie privee - droit a l'oubli ", "theme": "archive"}