{"id_art": "f4a6c00485148b875ca0c4493eb7e9cc", "title": "Comment le 22 mars a change nos vies ", "newspaper": "lesoir", "author": [""], "date_publi": ["2017-03-18"], "content": " Comment le 22 mars a change nos vies Un an apres les attentats, << Le Soir >> sonde la societe Un an apres les attentatspour savoir comment elle s'est remise de l'horreur.Pierre-Yves Thienpont/Le Soir. Les explosions qui ont fait couler le sang a Zaventem et a Maelbeek le 22 mars 2016 ont touche tout un chacun. Un an apres, alors que les commemorations rendront hommage aux victimes la semaine prochaine, notre vie a-t-elle change ? Le Soir a interroge citoyens et experts, qui expliquent comment ils ont adapte (ou non) leur quotidien, comment l'ombre du terrorisme plane sur leurs deplacements, quels mecanismes permettent a l'esprit humain et a la societe de se relever apres un tel choc. Pour certains, impossible d'aller dans un espace public sans envisager le pire. << Nous vivons comme avant mais nous ne pensons plus exactement comme avant >>, resume Vincent de Coorebyter, professeur a l'ULB. (c) Rossel & Cie - 2018 -- Conditions generales de ventes -- Droits de reproduction -- Protection de la vie privee - droit a l'oubli ", "theme": "archive"}