{"id_art": "8b3cf37acc48c1a39847a198668781ce", "title": "<< On exagere l'aspiration a la radicalite >> ", "newspaper": "lesoir", "author": ["william bourton"], "date_publi": ["2017-04-22"], "content": " << On exagere l'aspiration a la radicalite >> William Bourton Vincent de Coorebyter nous livre son analyse a la veille du premier tour de l'election.Quels enseignements tirez-vous de cette campagne qui vient de s'achever ?(c) Rossel & Cie - 2018 -- Conditions generales de ventes -- Droits de reproduction -- Protection de la vie privee - droit a l'oubli ", "theme": "archive"}