{"id_art": "c29a62c9257f82589b2cd584809e7113", "title": "L'Algerien <<dangereux>> recherche a ete interpelle a Verviers ", "newspaper": "lesoir", "author": [], "date_publi": [], "content": " L'Algerien <<dangereux>> recherche a ete interpelle a Verviers Theo Francken souhaite l'expulser au plus vite. Mohamed B., un Algerien en situation illegale sur le territoire belge, a ete interpelle lundi soir a Verviers, selon des informations divulguees sur Twitter mardi matin par le secretaire d'Etat a l'Asile et la Migration Theo Francken (N-VA). <<Nous allons tout faire pour l'emmener hors du pays le plus rapidement possible>>, precise Theo Francken sur le reseau social, faisant reference a un <<salafiste algerien>>. Son expulsion pourrait avoir lieu <<des que nous avons un nouveau laissez-passer de l'ambassade algerienne>>, indique le secretaire d'Etat. Mohamed B., un quadragenaire surveille par les services de renseignements pour liens presumes avec le terrorisme, avait ete detenu durant deux mois au centre ferme de Vottem, en vue d'un renvoi vers l'Algerie prevu au tout debut du mois de fevrier. Mais le tribunal de premiere instance de Liege avait suivi une requete unilaterale de sa part, empechant son expulsion au dernier moment et forcant les autorites a le relacher, pour raisons medicales, sous peine d'astreinte. Theo Francken avait eu recours a la procedure de tierce opposition contre cette decision, et le second jugement lui avait donne raison. Le secretaire d'Etat avait donc annonce la semaine derniere que l'homme en question etait a nouveau recherche.Mohamed B. avait ete decrit dans les medias comme un homme <<dangereux>>, marie a une jeune Neerlandaise arretee en Belgique apres etre revenue de Syrie. (c) Rossel & Cie - 2018 Conditions generales de vente - Droits de reproduction - Protection de la vie privee - Droit a l'oubli ", "theme": "archive"}