{"id_art": "0dd9e1b1aa4269a979ea5c0a37c545a9", "title": "Pakistan: l'explosion de Lahore pas due a une bombe mais bien a une fuite de gaz ", "newspaper": "lesoir", "author": [], "date_publi": [], "content": " Pakistan: l'explosion de Lahore pas due a une bombe mais bien a une fuite de gaz L'explosion qui a ravage jeudi un immeuble de Lahore, tuant sept personnes selon un nouveau bilan, n'est pas due a une bombe comme annonce initialement par la police mais a une fuite de gaz, ont affirme vendredi les autorites locales. << L'explosion d'hier est un accident. Elle n'a pas ete causee par des explosifs ou a attribuer au terrorisme >>, a declare Rana Sanaullah, ministre de la Justice de la province du Pendjab dont Lahore est la capitale, lors d'une conference de presse.<< La presence de bonbonnes de gaz et de fuites sur le site a ete confirmee >>, a-t-il ajoute : << ce matin nous avons recu les rapports d'enquete et les resultats et la conclusion sont qu'il n'a pas ete trouve d'explosifs ou de materiaux similaires >>. Le bilan de l'explosion est desormais de sept morts et 28 blesses, a precise le ministre. (c) Rossel & Cie - 2018 Conditions generales de vente - Droits de reproduction - Protection de la vie privee - Droit a l'oubli ", "theme": "archive"}