{"id_art": "e19d66c3092a4911fbb12736c0205904", "title": "Attentat de Londres: 3 morts, selon un bilan revu a la baisse par la police ", "newspaper": "lesoir", "author": [""], "date_publi": ["2017-03-23"], "content": "Trois personnes ont ete tuees dans l'attentat de Londres mercredi, ainsi que l'assaillant, selon un bilan revise a la baisse, a annonce jeudi Mark Rowley, le commandant de l'unite anti-terrorisme dans une declaration devant Scotland Yard.<<Le bilan a ete revise a la baisse>>, a dit M. Rowley precisant que les victimes etaient une femme d'une quarantaine d'annees, un homme d'une cinquantaine d'annees et le policer de 48 ans attaque devant l'entree du Parlement. Mercredi soir, la police avait fait etat de quatre morts, outre l'assaillant.", "theme": "archive"}