{"id_art": "ee3dfc541bebf4ab44303e037034d622", "title": "Londres: une altercation entre deux hommes a l'origine du mouvement de panique ", "newspaper": "lesoir", "author": [], "date_publi": [], "content": " Par AFPVendredi en fin d'apres-midi, un << incident >> a provoque la panique a Oxford street, en plein centre de Londres. Le mouvement de panique dans l'artere commercante de Oxford street a Londres vendredi suite a des signalements de tirs echanges a eu lieu apres une <<altercation>> entre deux hommes, a indique la police des transports britannique. <<Les agents estiment qu'une altercation est survenue entre deux hommes sur une plateforme>>, de la station de metro londonien Oxford Circus, indique la police dans une declaration. Celle-ci a publie des images filmees par des cameras CCTV ou apparaissent les deux hommes. La police souhaite les entendre et demande des informations au sujet de ce mouvement de panique a Oxford Circus.L'artere la plus commercante de Londres, Oxford street, s'est videe brusquement vendredi apres-midi en pleine journee de promotions du <<Black Friday>> dans un contexte tres tendu au Royaume-Uni apres une vague d'attentats.Neuf personnes blessees dans les bousculades qui ont suivi ont du etre hospitalisees et sept autres ont ete soignees pour des blessures legeres avant d'etre renvoyees chez elles, selon le service londonien des ambulances.Apres avoir traite dans un premier temps l'incident comme s'il s'agissait d'un acte de terrorisme, les forces de l'ordre ont indique un peu plus tard n'avoir trouve <<aucune trace de coups de feu, ni suspect, ni victime>>, et ont finalement declare qu'elles se retiraient des lieux.quelques regles de bonne conduite avant de reagir LOCATION DROME VAISON LA ROMAINE Location Tenerife - La Caleta CItytrip LUXEMBOURG VILLE (c) Rossel & Cie - 2018 Conditions generales de vente - Droits de reproduction - Protection de la vie privee - Droit a l'oubli ", "theme": "archive"}