{"id_art": "ba642d1c3873ed84f82b725c83d31e76", "title": "Attentat a Londres: le bilan revu a la baisse, huit personnes arretees ", "newspaper": "lesoir", "author": [], "date_publi": [], "content": " Attentat a Londres: le bilan revu a la baisse, huit personnes arretees AFP Le dernier bilan fait etat d'au moins trois morts et 29 blesses toujours hospitalises. Le chef de l'antiterrorisme britannique a annonce jeudi matin que des perquisitions avaient ete effectuees a six adresses et que sept personnes avaient ete arretees dans l'enquete sur l'attaque de mercredi pres du parlement a Londres. La police a ensuite annonce une huitieme arrestation.Trois personnes ont ete tuees (sans compter l'assaillant) selon un bilan revise a la baisse, a annonce jeudi Mark Rowley, le commandant de l'unite anti-terrorisme dans une declaration devant Scotland Yard.<< Le bilan a ete revise a la baisse >>, a dit M. Rowley precisant que les victimes etaient une femme d'une quarantaine d'annees, un homme d'une cinquantaine d'annees et le policer de 48 ans attaque devant l'entree du Parlement. Mercredi soir, la police avait fait etat de quatre morts, outre l'assaillant.Il a precise que l'assaillant, qui a ete abattu par des policiers, avait agi seul.Les perquisitions ont ete menees a Birmingham mais aussi en d'autres points du Royaume-Uni.<< Nous avons perquisitionne a six adresses et procede a sept arrestations. Les investigations se poursuivent a Birmingham ainsi qu'en d'autres endroits du pays >>, a dit Mark Rowley a la presse devant le QG de la police a Londres. (c) Rossel & Cie - 2018 Conditions generales de vente - Droits de reproduction - Protection de la vie privee - Droit a l'oubli ", "theme": "archive"}