{"id_art": "098f72d27658d27ae9f7750e781411da", "title": "Les voyageurs ont renoue avec le metro ", "newspaper": "lesoir", "author": [""], "date_publi": ["2017-04-16"], "content": " Les voyageurs ont renoue avec le metroLes voyageurs ont renoue avec le metroSur le reseau de la Stib, frappe directement a la station Maelbeek, la circulation a repris dans sa totalite un peu plus d'un mois apres les attentats. Dans les premiers mois, les voyageurs ont boude les transports en commun comme les touristes ont tourne le dos a Bruxelles. Il a fallu attendre la fin juin pour que la frequentation revienne a la normale. Mais malgre l'impact attendu des attentats, sur l'ensemble de l'annee 2016, la Stib a constate une quasi-stagnation avec 369 millions de voyages contre 370,2 en 2015. En 2016, 34,3 % des voyageurs ont opte pour le tram (contre 35,8 % en 2015) et 36,1 % ont choisi le metro (contre 36,5 % un an auparavant). (c) Rossel & Cie - 2018 -- Conditions generales de ventes -- Droits de reproduction -- Protection de la vie privee - droit a l'oubli ", "theme": "archive"}