{"id_art": "19f3083b8297e40270ba8e16bc6699cb", "title": "Charles Michel brise la glace avec Dmitri Medvedev ", "newspaper": "lesoir", "author": ["philippe regnier"], "date_publi": ["2018-01-31"], "content": " Charles Michel brise la glace avec Dmitri Medvedev Philippe Regnier La position belge est beaucoup plus aimable que celle de l'UE, note le Premier ministre russe.Michel : des interets economiques mais aussi de securite sont en jeu.Charles Michel ne veut pas seulement <<parler de la Russie>>, mais aussi <<parler avec la Russie>>: Dmitri Medvedev a apprecie... Photo News.de notre envoye specialBelgium, dix points ! Le Premier ministre des 147 millions de Russes n'a pas manque de remercier la Belgique, mardi, une nation << plus importante que ses bons chocolats >>. Au terme d'un entretien d'une bonne heure avec son homologue belge, Dmitri Medvedev a souligne que la << position belge >> est << beaucoup plus aimable que celle de l'Union europeenne >>.Tout un symbole : outre les drapeaux russes et belges, deux drapeaux de l'UE tronaient derriere Medvedev et Michel, cote a cote pour une conference de presse donnee a Gorki, dans l'immense datcha enneigee du Premier ministre russe, a une trentaine de kilometres du centre de Moscou. Au mur de cette grande salle lambrissee trone une tapisserie : les armoiries de la Russie, recuperees de l'ancien empire : un aigle a deux tetes, l'une lorgnant vers l'Europe, l'autre vers l'Asie.(c) Rossel & Cie - 2018 -- Conditions generales de ventes -- Droits de reproduction -- Protection de la vie privee - droit a l'oubli ", "theme": "archive"}