{"id_art": "477cb29a66db49c724a5dcd838683a3a", "title": "Violences sexuelles : l'alliee de choix de l'Otan ", "newspaper": "lesoir", "author": [""], "date_publi": ["2018-02-01"], "content": " Violences sexuelles : l'alliee de choix de l'Otan Marine BuissonAngelina Jolie, un choix qui n'est pas anodin. Un visage (tres) familier pour << sensibiliser >>. Au siege de l'Otan a Evere ce mercredi, Angelina Jolie avait enfile son costume d'ambassadrice de bonne volonte du Haut-Commissariat aux refugies (HCR) de l'ONU aux cotes du secretaire general de l'Otan Jens Stoltenberg. L'actrice et realisatrice americaine a annonce son intention de collaborer << dans les mois et les annees a venir >> avec l'Otan pour intensifier la lutte contre les violences sexuelles dans les conflits.(c) Rossel & Cie - 2018 -- Conditions generales de ventes -- Droits de reproduction -- Protection de la vie privee - droit a l'oubli ", "theme": "archive"}