{"id_art": "0df55c3919913242156847d4d8177753", "title": "Presidentielle francaise: <<Je vais gagner cette election>>, assure Fillon ", "newspaper": "lesoir", "author": [], "date_publi": [], "content": " Presidentielle francaise: <<Je vais gagner cette election>>, assure Fillon BELGA Francois Fillon est persuade que les juges ne pourront jamais demontrer que l'emploi de Penelope Fillon etait fictif. J e vous le dis dans les yeux : jamais les juges ne pourront demontrer que l'emploi de mon epouse etait fictif >>, a declare jeudi matin le candidat a la presidentielle francaise Francois Fillon sur la radio RTL France. Tant le Republicain que son epouse ont ete inculpes. Penelope Fillon est soupconnee d'avoir beneficie avec deux de ses enfants d'emplois fictifs a l'Assemblee nationale, notamment pour assister son mari, remuneres par de l'argent public. Mais cela ne l'empechera pas de gagner l'election, a-t-il proclame. << La demonstration a ete faite que cette accusation etait fausse. Il y a un nombre de temoignages considerables. Des preuves materielles, des temoignages et je vous le dis dans les yeux : jamais les juges ne pourront demontrer que l'emploi de mon epouse etait fictif. Jamais >>, a assure Francois Fillon, invite de RTL. << Je suis venu ici pour parler du chomage record de M. Hollande, je suis venu ici pour parler des deficits records de M. Hollande, je suis venu ici pour parler du terrorisme qui menace notre pays, je suis venu ici pour parler de l'alternance. Donc vous pouvez me poser toutes les questions que vous voulez sur les affaires pour alimenter la chronique, continuer a alimenter la chronique, je ne vous repondrai pas >>, a-t-il poursuivi.Pour lui, la question est plutot de savoir si << un candidat a l'election presidentielle, en ce moment-meme, est sous ecoutes judiciaires et si M. Hollande a acces aux ecoutes judiciaires d'un candidat >>. Aussi demande-t-il que la justice enquete plutot sur les revelations du livre controverse << Bienvenue Place Beauvau >>. << Non seulement je suis serein, mais je pense que je vais gagner cette election >>, a-t-il egalement affirme, << pour une raison tres simple : parce que je suis le seul a proposer une alternance >>.Les Francais << ont le choix entre le chaos de M. Melenchon ou de Mme Le Pen, avec 175, 150 milliards de depenses supplementaires, la sortie de la monnaie europeenne et quelques autres folies, et la poursuite de la politique de Francois Hollande, symbolisee encore hier par le ralliement de Manuel Valls a Emmanuel Macron >>. << Une fois que le brouillard de ces crises a repetition se dissipe >>, les Francais << verront l'alternance >>, pronostique-t-il. (c) Rossel & Cie - 2018 Conditions generales de vente - Droits de reproduction - Protection de la vie privee - Droit a l'oubli ", "theme": "archive"}