{"id_art": "fd5d2f1ea30425c830597851819272e7", "title": "surveillance des casernes Les militaires font place aux agents de gardiennage ", "newspaper": "lesoir", "author": [], "date_publi": [], "content": " surveillance des casernes Les militaires font place aux agents de gardiennage Ludivine PonciauConfrontee a une diminution du nombre de ses effectifs et a leur affectation a la surveillance des espaces publics dans le cadre de la lutte contre le terrorisme, la Defense a developpe une politique d'outsourcing.Objectif : confier toutes les missions et les fonctions de soutien qui ne sont pas specifiquement militaires a des partenaires civils ou du gouvernement. Et la securisation des batiments de la Defense en fait aujourd'hui partie.En fevrier 2017, le Conseil des ministres avait approuve la proposition du ministre de la Defense de confier le service de garde du quartier Commandant de Hemptinne, a Heverlee, a une entreprise de securite privee.Un juteux contrat (pour une duree de quatre ans avec prolongation possible d'un an) que vient de decrocher Securitas Belgique << apres avoir bien respecte toutes les procedures liees au marche public >>, souligne la societe des la premiere ligne de son communique officiel.(c) Rossel & Cie - 2018 -- Conditions generales de ventes -- Droits de reproduction -- Protection de la vie privee - droit a l'oubli ", "theme": "archive"}