{"id_art": "d1377965813327f7ca2b032666f7db35", "title": "<< Ici, on travaille aussi pour la securite en Europe >> ", "newspaper": "lesoir", "author": [], "date_publi": [], "content": " << Ici, on travaille aussi pour la securite en Europe >> Philippe Regnier Developpement et lutte contre le terrorisme ont domine les entretiens de Charles Michel et de son homologue luxembourgeois Xavier Bettel avec les autorites maliennes.Le Mali est un des 14 pays beneficiaires de la cooperation belge au developpement. Le Premier ministre se rendra ensuite a Abidjan pour participer au sommet entre l'Union europeenne et l'Afrique.Charles Michel aupres de la Mission europeenne de formation militaire, au Mali: <<montrer notre solidarite et notre soutien>> a ce pays sahelien fragile. Benoit Doppagne/ Belga. KOULIKORO (Mali)De notre envoye specialVers midi, ce mardi, un grand helicoptere blanc a debarque son contingent de VIP sur la base militaire malienne de Koulikoro dans un grand nuage de poussiere ocre. Les Premiers ministres belge Michel et luxembourgeois Bettel sont descendus de l'appareil flanques du ministre De Croo, en charge de la Cooperation et du Developpement. Charles Michel a effectue un crochet par le Mali avant de se rendre au sommet entre l'Union europeenne et l'Afrique, a Abidjan, pour << montrer notre solidarite et notre soutien >> a ce pays sahelien fragile, ronge par l'extreme pauvrete, les degats du changement climatique et le cancer terroriste du djihadisme, une guerilla menee par une nebuleuse de groupes.(c) Rossel & Cie - 2018 -- Conditions generales de ventes -- Droits de reproduction -- Protection de la vie privee - droit a l'oubli ", "theme": "archive"}