{"id_art": "fbe5b3d668dea3c14869aefb50cd35d9", "title": "Les USA frappent la Syrie: Poutine denonce <<une agression>> ", "newspaper": "lesoir", "author": [], "date_publi": [], "content": " Les USA frappent la Syrie: Poutine denonce <<une agression>> La Russie reclame une reunion d'urgence du Conseil de securite de l'Organisation des Nations unies.(c) EPA(c) EPA Les dernieres informations en direct Apres les frappes americaines sur une base militaire en Syrie ordonnees par Donald Trump, la Russie reclame une reunion d'urgence du Conseil de securite de l'Organisation des Nations unies, selon Reuters. Le president americain a en effet declenche des frappes contre la Syrie en riposte a une attaque chimique presumee menee sur la ville rebelle de Khan Cheikhoun et imputee au << dictateur Bachar al-Assad >>.Viktor Ozerov, le chef de la commission de defense de la chambre haute du parlement russe, a declare que ces frappes pourraient menacer la lutte contre le terrorisme. Pour poutine, il s'agit d'une <<agression>> contre <<un Etat souverain>>.Selon un bilan provisoire, les frappes americaines ont fait au mois 5 morts et 7 blesses, selon Talal Barazi, le gouverneur de Homs. Plus tot, l'Observatoire syrien des droits de l'Homme (OSDH) avait deja indique que quatre militaires avaient ete tues, dont un general.Pourtant, les Americains assurent que les Russes etaient au courant de l'operation. Le capitaine de vaisseau Jeff Davis, un porte-parole du Pentagone, a affirme que << toutes les precautions avaient ete prises pour executer la frappe avec un minimum de risques >> pour le personnel present sur la base et notamment les Russes qui s'y trouvaient. La frappe << n'etait pas faite pour viser des gens >>, a-t-il dit.Selon lui, les Russes ont ete prevenus a l'avance de la frappe via la ligne de communication speciale mise en place par les militaires americains et russes depuis l'automne 2015 pour eviter tout incident aerien entre leurs avions respectifs dans le ciel syrien. (c) Rossel & Cie - 2018 Conditions generales de vente - Droits de reproduction - Protection de la vie privee - Droit a l'oubli ", "theme": "archive"}