{"id_art": "dfa99ff2a7efd65ff673d584dcaba4f4", "title": "<< Tout ce qui est sacre est dangereux >> ", "newspaper": "lesoir", "author": [], "date_publi": [], "content": " << Tout ce qui est sacre est dangereux >> Nicolas Crousse Jeremy Ferrari est le createur de l'evenement.Au programme de la cinquieme edition : Jamel, Veronique Sanson, Lorant Deutsch, Laura Laune, Arnaud Tsamere...La Belgique? <<J'aime ce pays, j'aime ce public. Ma grand-mere etait belge. Mon grand-pere a travaille au journal Le Soir.>> Renaud CorlouerJeremy Ferrari est un homme presse. A 32 ans a peine, il court d'une aventure a l'autre, sans jamais donner l'impression de reprendre son souffle. En 2010, le voila propulse par Laurent Ruquier sur le plateau d'<< On ne demande qu'a en rire >>. Ses apparitions regulieres en font rapidement une vedette du petit ecran. Et sa carriere artistique est lancee.Au lendemain des attentats du 13 novembre 2015, Ferrari tente, avec << Vends 2 pieces a Beyrouth >>, un one-man-show autour des guerres et du terrorisme. Risque payant. Le spectacle fera un tabac.Le voici depuis 2014 a la tete du << Smile and song festival >>, lance a Louvain-la-Neuve et relocalise depuis l'an passe sur Bruxelles, pour pouvoir beneficier d'une plus grande diversite de salles. Le festival a accueilli, depuis sa naissance, de grandes affiches humoristiques : Christophe Aleveque, Jean-Marie Bigard, Jonathan Lambert, Eric Antoine, Nawel Madani, Oldelaf ou Guillaume Bats.(c) Rossel & Cie - 2018 -- Conditions generales de ventes -- Droits de reproduction -- Protection de la vie privee - droit a l'oubli ", "theme": "archive"}