{"id_art": "ac7f26088c3a03b0d70b986ccf1db3e4", "title": "Ali Aarrass devant la Cour de cassation le 29 mars ", "newspaper": "lesoir", "author": [], "date_publi": [], "content": " Ali Aarrass devant la Cour de cassation le 29 mars Baudouin Loos Farida Aarrass lors d'une visite au Maroc pour voir son frere.Du nouveau, enfin, pour Ali Aarrass ? Le cas de ce Belgo-Marocain condamne a 12 ans de prison au Maroc en 2012 pour terrorisme apres des aveux extorques sous la torture (denoncee par des experts de l'ONU) sera examine ce 29 mars par la Cour de cassation du royaume du Maroc. Une echeance longtemps esperee par le detenu et ses proches qui se materialise enfin.Comme dans nombre d'Etats europeens, la Cour de cassation ne jugera pas les faits mais controlera la legalite de la decision de la cour d'appel. << Nous avons depose de longues conclusions, nous explique Me Nicolas Cohen, qui fait partie des avocats qui defendent Ali Aarrass et qui se rendra au Maroc pour assister aux debats. Parmi nos arguments, il y a la violation de la Convention contre la torture. Il faut savoir que les aveux arraches sous la torture constituent la seule preuve de l'accusation contre Ali. >>(c) Rossel & Cie - 2018 -- Conditions generales de ventes -- Droits de reproduction -- Protection de la vie privee - droit a l'oubli ", "theme": "archive"}