{"id_art": "8cdcd4b1bf7e61a3d1a23c5561b7d248", "title": "Pourquoi le controle budgetaire a ete si simple a realiser ", "newspaper": "lesoir", "author": [], "date_publi": [], "content": " Dominique Berns En moins d'une semaine, la coalition federale a boucle ses travaux budgetaires. Au menu, il n'y a pas de nouvelles taxes, ni de nouvelles mesures d'economies. Le gouvernement federal a pris tout le monde par surprise, bouclant le controle budgetaire de printemps samedi en fin de soiree. Dimanche matin, des 9 heures, le Premier et les principaux ministres ont presente le resultat de leurs travaux.En un mot : pas de nouvelles taxes, pas de nouvelles mesures d'economies. Ce controle budgetaire est le plus simple qu'a jamais eu a effectuer la suedoise. Voici pourquoi...Le comite de monitoring avait rendu son rapport le 13 mars. Ces hauts fonctionnaires des administrations federales et de la Securite sociale, charges de surveiller l'evolution des recettes et des depenses, avaient chiffre a 313 millions l'effort additionnel necessaire pour maintenir la trajectoire budgetaire. Apres \"les affaires\", il est necessaire de donner de \"bonnes nouvelles\" et de cesser de gouverner sur la peur... Les lendemains seront douloureux lorsqu'il va falloir compenser la dimunution des recettes engendrees par le tax-shift. Ce \"vite\" ne presage rien de definitif !! c'est garanti sans facture !!!! Les premieres estimations ont deja ete replacees a la hausse......De nous, on aime et on aime encore se \"fouter\" et sans vergogne. ", "theme": "archive"}