{"id_art": "f5bab73fee5f7aad0308d9bb9b3f76e7", "title": "Pakistan: au moins 4 morts dans une explosion a Lahore, possible attentat ", "newspaper": "lesoir", "author": [], "date_publi": [], "content": " Pakistan: au moins 4 morts dans une explosion a Lahore, possible attentat Au moins 4 personnes ont ete tuees tot mercredi dans une explosion a Lahore apparemment provoquee par une bombe, ont indique des responsables.<<Cela semble etre un acte de terrorisme>>, a declare le ministre de la Justice du Punjab Rana Sanaullah a la television. Un responsable de police a confirme cette these sous couvert de l'anonymat: <<Oui, c'etait un attentat>>, a-t-il dit. (c) Rossel & Cie - 2018 Conditions generales de vente - Droits de reproduction - Protection de la vie privee - Droit a l'oubli ", "theme": "archive"}