{"id_art": "d8dd6aeaf706548694d93e9a0ace7607", "title": "Pas d'etat d'urgence, mais des mesures permanentes ", "newspaper": "lesoir", "author": [""], "date_publi": ["2017-04-16"], "content": " Pas d'etat d'urgence, mais des mesures permanentesPas d'etat d'urgence, mais des mesures permanentesContrairement a la France, la Belgique ne dispose pas d'un etat d'urgence. << La seule terminologie qui existe en Belgique, c'est l'etat de guerre ou l'etat de siege, prevu par un texte du 11 octobre 1916. Celui-ci prevoit le transfert d'une serie de pouvoirs en principe geres par les autorites civiles vers des autorites militaires et vise egalement a interdire et a reprimer les contacts avec l'ennemi >>, explique Julien Pieret, chercheur du Centre de droit public de l'ULB. (c) Rossel & Cie - 2018 -- Conditions generales de ventes -- Droits de reproduction -- Protection de la vie privee - droit a l'oubli ", "theme": "archive"}