{"id_art": "e6d36f4a8c71a3aa351330af8b55dfee", "title": "La vie de Zlatan a l'ecran ", "newspaper": "lesoir", "author": [], "date_publi": [], "content": " La vie de Zlatan a l'ecranLa vie de Zlatan a l'ecranLe Suedois Zlatan Ibrahimovic, star du football mondial et actuel joueur de Manchester United, pourrait voir son parcours adapte au cinema. C'est ce qu'a revele le quotidien suedois Aftonbladet vendredi. << Je peux confirmer que nous sommes en train de travailler sur le scenario et je pense qu'il peut etre tres bon >>, a raconte David Lagercrantz, auteur de la biographie du joueur Moi, Zlatan Ibrahimovic. Le livre, traduit dans plus de 30 langues, a ete vendu a des millions d'exemplaires depuis sa sortie en 2011. (afp)<< Djihad >> arrete un train(c) Rossel & Cie - 2018 -- Conditions generales de ventes -- Droits de reproduction -- Protection de la vie privee - droit a l'oubli ", "theme": "archive"}