{"id_art": "12d4bb400b9555705a8a4ff3b555bda5", "title": "Francken s'offre une polemique sur les emeutes a Bruxelles ", "newspaper": "lesoir", "author": [], "date_publi": [], "content": " Pascal LorentEmeutes a Bruxelles Le secretaire d'Etat a l'Asile et a la Migration a annonce la creation d'une << fast team >> chargee d'accompagner la police lors d'incidents tels que ceux vecus ce samedi a Bruxelles. L'opposition crie a l'amalgame, le MR rejette le projet. N e dites pas que c'est une << police des etrangers >> ; ce n'est pas cela du tout >>. La porte-parole de Theo Francken (N-VA) apporte un demi-dementi apres la repercussion de la depeche Belga sur les sites internet francophones. Non, le secretaire d'Etat n'a pas annonce la creation d'une << police >> au sein de l'Office des etrangers. Mais bien d'une << fast team >>. Soit une equipe chargee de seconder la police en cas d'incidents et, si les personnes arretees sont << en sejour illegal ou legal, de les placer en centre de detention en vue de leur expulsion >>. Une definition un peu plus precise que celle rapportee le matin apres les echanges en commission, ou il etait question << d'intervenir rapidement avec la police >>.Un projet qui, sur le fond, a suscite pas mal de reaction. Que des etrangers viennent mettre le bord.. chez nous pour des raisons qui n'ont rien a voir avec nous est insupportable! Et ce qui est encore plus insupportable, c'est que les degats seront payes en grande partie par...nous, les cochons de contribuables! Que Francken ou un autre responsable politique y mette bon ordre est indispensable! Ce n'est pas dans nos habitudes de casser du \"flic\" ou de piller nos commercants, notre reponse doit etre a la hauteur de cette abomination! ", "theme": "archive"}