{"id_art": "b8e96557bc1eb81df5b71697cca750f9", "title": "Qui sont les sept prevenus de la filiere djihadiste de Jumet? ", "newspaper": "lesoir", "author": [""], "date_publi": ["2017-05-10"], "content": " Caroline BordecqLe proces s'ouvre ce mercredi a Charleroi. Sur le banc des prevenus : une dizaine d'individus soupconnes de participation a une organisation terroriste. Le proces de la filiere djihadiste de Jumet a debute ce mercredi. Sur le banc des prevenus : une petite dizaine d'individus, dont cinq detenus, soupconnes de participation a une organisation terroriste. Certains sont suspectes d'avoir voulu partir en Syrie pour y faire le djihad, avec parfois meme le plan de revenir frapper sur le sol belge.L'une des missions de cette filiere : aider les combattants en Syrie, en leur trouvant, entre autres, des femmes a marier.En janvier 2016, peu apres les attentats de Paris, les forces speciales belges debarquaient en force a Jumet, au domicile d'un jeune couple : Albin M. - considere comme etant la tete du groupe - et Nawel Z. Dans le meme temps, un troisieme individu, Bilal M., etait arrete a Bruxelles.", "theme": "archive"}