{"id_art": "42fc54440e6e6d1d5edff59d59975004", "title": "Un chauffard fait un mortet 22 blesses a Times Square ", "newspaper": "lesoir", "author": [""], "date_publi": ["2017-05-19"], "content": " Un chauffard fait un mortet 22 blesses a Times SquareUn chauffard fait un mortet 22 blesses a Times SquareUn ex-militaire americain, avec un casier judiciaire mais apparemment sans motivations terroristes, a renverse 23 pietons sur Times Square jeudi a New York, faisant un mort et plusieurs blesses graves sur l'une des places les plus frequentees au monde. << Sur la base de l'information dont nous disposons pour l'instant, il n'y a aucune indication qu'il s'agissait d'un acte de terrorisme >>, a declare le maire de New York. Le conducteur, interpelle apres que sa voiture eut heurte des feux de signalisation, a ete identifie comme etant Richard Rojas. Le maire a precise qu'il s'agissait d'un citoyen americain de 26 ans, resident dans le quartier du Bronx, ayant ete << membre de l'US Navy >>. (afp)(c) Rossel & Cie - 2018 -- Conditions generales de ventes -- Droits de reproduction -- Protection de la vie privee - droit a l'oubli ", "theme": "archive"}