{"id_art": "8a70bb88956abdbe32450d65b77581fc", "title": "Peur a Beyrouth, Paris, Bruxelles ", "newspaper": "lesoir", "author": [], "date_publi": [], "content": " Par Nathalie Gobbe (ULB)Il n'y a pas d'echelle commune entre l'Europe, actuelle cible du terrorisme et Beyrouth, ravagee par la guerre civile et les attentats. Et pourtant un point commun : l'objectif de diviser.<< Le but des terroristes est de semer la peur, d'amener les gens a se mefier les uns des autres et de provoquer un climat d'insecurite en ville. J'ai connu cela, enfant et adolescente a Beyrouth, confrontee a une guerre civile et au chaos provoque par les voitures piegees, les attentats et les enlevements. Et j'ai ressenti la meme peur au ventre, ici, apres les attentats de Paris et de Bruxelles. Mais, ca a ete bref, ephemere >>, confie Jihane Sfeir.Francaise d'origine libanaise, Jihane Sfeir est nee a Beyrouth en 1970. Aujourd'hui coordinatrice de l'Observatoire des mondes arabes et musulmans (OMAM) de l'ULB, elle est specialiste de l'histoire du monde arabe contemporain.L'objectif ultime des terroristes est de diviser, de monter les gens les uns contre les autresDe ses annees a Beyrouth, elle garde une image de violence et de peur. << Le Liban de mon enfance et de mon adolescence est un champ de bataille ou s'affrontent plusieurs factions d'allegeances confessionnelles et ideologiques differentes evoluant dans un pays ou l'absence de souverainete le plonge dans un etat de nature. Durant plus de 15 ans une population entiere est maintenue dans la peur, dans une guerre opposant les hommes entre eux. Une guerre de tous contre tous. Les consequences directes de cette guerre et de ce terrorisme sont bien sur les victimes mais c'est aussi le territoire qui se fracture et se redessine ; des quartiers anciennement mixtes sont remplaces par des enclaves communautaires ou chacun reste chez soi. Ce nouvel espace geographique opposant un Beyrouth Est chretien a un Beyrouth Ouest musulman, marque la fin d'un vivre-ensemble et l'aneantissement de la souverainete nationale. Des frontieres materielles separent les hommes et les territoires et rendent difficile la circulation dans la ville. >>, observe la chercheuse. << Qu'ils agissent au Liban, en Europe ou ailleurs, l'objectif ultime des terroristes est de diviser, de monter les gens les uns contre les autres >>... Paris et Bruxelles ne sont pas Beyrouth, bien sur. Mais,<< juste apres les attentats de Paris et de Bruxelles, inconsciemment, j'ai commence a m'eloigner des voitures garees, des lieux de rassemblement, j'evitais de faire la queue ou d'aller au cinema. Des reflexes qui resurgissent d'un coup et qui rappellent les conseils que ma mere nous donnait avant de sortir de la maison. Un kit de survie en quelque sorte que chaque Libanais ayant vecu la guerre possede. Eviter les rues encombrees, reperer les lieux afin de s'abriter en cas d'attaques, ne pas ceder a la panique... et vivre avec la mort. Une familiarite avec la mort qui rend plus libre et surtout plus lucide >>, se souvient Jihane Sfeir.Les attentats ont eveille la peur ; ils ont pointe une menace - << le musulman parce que potentiellement, il pourrait etre un futur djihadiste ou un futur radicalise >> (lire l'interview Andrea Rea, dans ce dossier) - ; et ils divisent encore, un an apres. << Les attentats ont en effet provoque des reactions negatives : plus de racisme, des attitudes antimusulman, etc. Mais ils ont aussi suscite des emotions positives et de nombreux actes de solidarite >>. quelques regles de bonne conduite avant de reagir (c) Rossel & Cie - 2018 Conditions generales de vente - Droits de reproduction - Protection de la vie privee - Droit a l'oubli ", "theme": "archive"}