{"id_art": "35745dd6239a84944197370f359d7489", "title": "Debat presidentiel: les petits bousculent enfin les <<Big five>> ", "newspaper": "lesoir", "author": ["joelle meskens"], "date_publi": ["2017-04-05"], "content": " Joelle Meskens Election presidentielle 2017 Ils n'ont pas eu de pudeurs de gazelle. Pour leur quart d'heure de gloire, les << petits >> candidats ont mordu les gros. Et fait saigner sur les affaires. De notre envoyee permanente Les amateurs de safaris les appellent les << big five >> : les lions, les leopards, les elephants, les rhinoceros et les buffles. Mardi soir, sur BFM TV et C News, tout le monde etait embarque dans le pick-up en Afrique. Et s'attendait a bailler en observant les especes plus ou moins exotiques qui detourneraient l'attention des cinq gros candidats dont il conviendrait de jauger le souffle, la foulee, l'endurance. Emmanuel Macron allait-il courir assez vite pour esquiver les balles des chasseurs ? Jean-Luc Melenchon aurait-il le pelage aussi lustre que lors du premier debat sur TF1 ? Francois Fillon continuerait-il de faire la roue tel un paon indifferent aux affaires ? Benoit Hamon sortirait-il de sa taniere ? Et Marine Le Pen montrerait-elle les crocs ? Les raisons pour lesquelles l'electorat de Fillon se mobilise ont ete soigneusement glissees sous le tapis. quant a la fameuse image du President exemplaire, la disparite des avis noie le propos. A chaud. Cheminade est le plus authentique. Macron est plutot effrayant. Mais il me semble que quand une situation est catastrophique, on choisit celui qui semble avoir les plus les pieds sur terre. Fillon par realisme. ", "theme": "archive"}