{"id_art": "9171abe3d0f7e636ac36c114e033ad01", "title": "Jeremy Ferrari ", "newspaper": "lesoir", "author": [], "date_publi": [], "content": "Ne a Charleville-Mezieres le 6 avril 1985, Jeremy Ferrari quitte ses Ardennes a 17 ans pour tenter l'aventure a Paris. Il a 23 ans quand il cree son premier spectacle << Mes sept peches capitaux >>. Deux ans plus tard, il tente sa chance dans l'emission << On ne demande qu'a en rire >>. Sa carriere est lancee. En janvier 2016, quelques semaines apres les attentats du Bataclan, il cree avec << Vends 2 pieces a Beyrouth >> un spectacle remarque, centre sur les guerres et le terrorisme.", "theme": "archive"}