{"id_art": "61391a3f21ace0287a0e91e157979349", "title": "Trump accuse a tort Obama d'avoir relache 122 terroristes de Guantanamo ", "newspaper": "lesoir", "author": [], "date_publi": [], "content": " Trump accuse a tort Obama d'avoir relache 122 terroristes de Guantanamo Thomas Dufrane Le president americain cible << une autre decision terrible >> de son predecesseur. Ce mardi matin, Donald Trump s'est a nouveau attaque a Barack Obama sur Twitter. Selon lui, l'administration de l'ancien president americain a relache 122 prisonniers de Guantanamo qui seraient retournes sur les champs de batailles. L'actuel president denonce dans la foulee << une autre decision terrible >> de son predecesseur.En realite, selon les chiffres 2016 du << Office of the Director of National Intelligence >>, le bureau de renseignement americain, depuis l'entree en fonction de Barack Obama le 22 janvier 2009, neuf detenus relaches par l'administration Obama se sont bien reengages et sont donc consideres comme des terroristes.Par ailleurs, 113 detenus relaches avant le 22 janvier 2009 sont retournes sur les champs de batailles. Mais ils ont ete liberes par l'administration Bush. Le total des detenus liberes par les deux administrations presidentielles reengages en terroriste s'eleve donc a 122.Comme le note MSNBC, le tweet du president americain arrive peu de temps apres un message poste par l'emission << Fox and Friends >> sur le reseau social, qui disait bien qu'au moins 122 ex-detenus de Guantanamo s'etaient reengages en terrorisme. Le tweet ne faisait toutefois pas de distinction entre les deux administrations presidentielles. (c) Rossel & Cie - 2018 Conditions generales de vente - Droits de reproduction - Protection de la vie privee - Droit a l'oubli ", "theme": "archive"}