{"id_art": "5e52ee1aeaf6af8bf5b413c49f85b0aa", "title": "<< New York a toujours eteun epicentre du crime >> ", "newspaper": "lesoir", "author": [], "date_publi": [], "content": " << New York a toujours eteun epicentre du crime >> Maurin Picard Bernard Whalenest officier de policea New York.Il a participea l'ecriture d'un livre retracant l'histoiredu NYPD, de 1845a nos jours.<<Nous avons voulu retracer les prouesses technologiques qui ont revolutionne le travail de police>>, explique Bernard Whalen. new yorkde notre correspondantNew York n'a pas attendu les attentats de 2001 pour entrer dans les livres d'histoire comme un epicentre du crime et de la violence. C'est la these d'un ouvrage (voir ci-dessous) cosigne par plusieurs detectives veterans du NYPD (<< New York City Police Department >>, le service de police de la ville de New York) et un journaliste, balayant un arc de 172 ans, depuis la naissance d'une force de police officielle en 1845, avec 80 affaires hautes en couleur, qui ont defraye la chronique. Passage en revue avec Bernard Whalen, lieutenant en activite, de cette Amerique ultra-violente, qui s'est construite dans la rue.Les crimes evoques dans votre livre semblent avoir durablement frappe la conscience collective. En quoi se distinguent-ils ?(c) Rossel & Cie - 2018 -- Conditions generales de ventes -- Droits de reproduction -- Protection de la vie privee - droit a l'oubli ", "theme": "archive"}