{"id_art": "8e3c1bb20b0eac83c7ead9c8d44336af", "title": "L'enquete sur l'attentat au Musee juif est bouclee ", "newspaper": "lesoir", "author": [""], "date_publi": ["2017-04-12"], "content": "Le proces pourrait se derouler a Bruxelles en 2018, selon le parquet federal. L'enquete sur l'attentat au Musee juif de Bruxelles qui avait fait en mai 2014 quatre morts, considere comme le premier sur le sol europeen par un membre presume du groupe Etat islamique, le Francais Meddhi Nemmouche, est bouclee, a indique mercredi le parquet federal belge.La juge d'instruction bruxelloise a redige son rapport d'enquete apres trois annees d'instruction et l'a envoye au parquet federal, a precise a l'AFP un porte-parole du parquet, confirmant une information du quotidien belge La Derniere Heure.L'enquete n'a pas permis d'identifier un homme figurant sur les images d'une camera de surveillance montrant un individu marchant au cote de Nemmouche a proximite de la gare du Nord de Bruxelles une semaine apres l'attaque et a la veille de son depart pour la France.", "theme": "archive"}