{"id_art": "8bd088d814892bee08ed51703ac1d03a", "title": "Allemagne: un mort apres qu'une voiture a fonce dans la foule a Heidelberg ", "newspaper": "lesoir", "author": [], "date_publi": [], "content": " Allemagne: un mort apres qu'une voiture a fonce dans la foule a Heidelberg AFP L'attaquant a ete blesse et arrete par la police. (c)AFP (c) AFP (c) AFP (c) AFP (c) EPA Une personne a ete tuee et deux ont ete blessees samedi a Heidelberg apres qu'une voiture a fonce sur elles en pleine rue, a indique la police allemande, precisant qu'aucun indice ne faisait penser a un acte <<terroriste>>. Le suspect est un ressortissant allemand de 35 ans.<<La personne gravement blessee est morte vers 18 heures. Il s'agit d'un ressortissant allemand de 73 ans>>, a indique la police dans un communique, ajoutant qu'un Autrichien de 32 ans et une Bosnienne de 29 ans avaient ete legerement blesses.Apres l'incident, << le suspect est sorti du vehicule et s'est eloigne a pied, arme d'un couteau >>, ont par ailleurs explique dans un communique les services de police.Alerte par des temoins, une patrouille a pu localiser l'individu. Lors de l'interpellation les << fonctionnaires ont fait usage de leurs armes a feu >>. << Le suspect est grievement blesse et se trouve a la clinique de Heidelberg >>, est-il ajoute.La police a egalement publie sur son compte twitter une photo montrant des enqueteurs s'affairant autour d'une voiture de couleur sombre. Selon le quotidien populaire allemand Bild, l'homme souffrait de troubles psychiatriques. Les autorites n'ont donne aucune indication a ce sujet. (c) AFP Les autorites allemandes sont sur le qui-vive en raison de la menace djihadiste pesant sur l'Allemagne, particulierement depuis l'attentat au camion-belier en decembre a Berlin (12 morts) revendique par le groupe Etat islamique. La mouvance djihadiste a connu ces deux dernieres annees un essor croissant dans le pays.Les services de renseignement interieur estiment a environ 10.000 le nombre d'islamistes radicaux dans le pays dont 1.600 soupconnes de liens avec le << terrorisme >>.Outre l'attaque au camion-belier sur le marche de Noel de la capitale, l'EI a revendique en 2016 un meurtre a Hambourg, un attentat a la bombe (15 blesses) et une attaque a la hache (5 blesses). (c) Rossel & Cie - 2018 Conditions generales de vente - Droits de reproduction - Protection de la vie privee - Droit a l'oubli ", "theme": "archive"}