{"id_art": "6b818b54527e12f48d5375e1b150523d", "title": "Le patron du club de Dortmund: <<Nous ne cedons pas face au terrorisme>> ", "newspaper": "lesoir", "author": [], "date_publi": [], "content": " Le patron du club de Dortmund: <<Nous ne cedons pas face au terrorisme>> AFP L'operation du defenseur espagnol blesse dans les explosions s'est bien passee, a assure le president du Borussia. L'equipe de foot de Dortmund, qui a repris l'entrainement au lendemain de l'attentat l'ayant visee, va montrer qu'elle ne cede pas <<face au terrorisme>>, a annonce mercredi le patron du club allemand Hans-Joachim Watzke sur Twitter.<<Je viens d'en appeler a l'equipe dans le vestiaire, qu'elle montre a la societe que nous ne cedons pas face au terrorisme>>, a-t-il dit selon le compte officiel du Borussia Dortmund (BVB).<<La famille du BVB a toujours ete particulierement forte lorsqu'elle devait surmonter des situations difficiles. La, c'est peut-etre la situation la plus difficile des dernieres decennies>>, a ajoute le directeur executif dans un communique, assurant que le club se montrera <<fort et uni>>.De son cote, le vice-president de Monaco estime que << le football ne doit pas etre pris en otage >>.L'equipe, qui affronte mercredi soir Monaco en quart de finale aller de Ligue des champions, jouera bien sur aussi pour son defenseur Marc Bartra, blesse la veille dans l'attaque a l'explosif contre le bus, selon M. Watzke.Le joueur espagnol a ete opere au poignet, avec succes, selon son club. (c) Rossel & Cie - 2018 Conditions generales de vente - Droits de reproduction - Protection de la vie privee - Droit a l'oubli ", "theme": "archive"}