{"id_art": "f86ee2e0b0ce767e7a6fc214560c9e46", "title": "la chercheuse Peur a Beyrouth, Paris, Bruxelles ", "newspaper": "lesoir", "author": [""], "date_publi": ["2017-04-16"], "content": " la chercheuse Peur a Beyrouth, Paris, BruxellesLe but des terroristes est de semer la peur, d'amener les gens a se mefier les uns des autres et de provoquer un climat d'insecurite en ville. J'ai connu cela, enfant et adolescente a Beyrouth, confrontee a une guerre civile et au chaos provoque par les voitures piegees, les attentats et les enlevements. Et j'ai ressenti la meme peur au ventre, ici, apres les attentats de Paris et de Bruxelles. Mais, ca a ete bref, ephemere >>, confie Jihane Sfeir.Francaise d'origine libanaise, Jihane Sfeir est nee a Beyrouth en 1970. Aujourd'hui coordinatrice de l'Observatoire des mondes arabes et musulmans (OMAM) de l'ULB, elle est specialiste de l'histoire du monde arabe contemporain.(c) Rossel & Cie - 2018 -- Conditions generales de ventes -- Droits de reproduction -- Protection de la vie privee - droit a l'oubli ", "theme": "archive"}