{"id_art": "03555ddde6f6e2d429182d42e8a61834", "title": "La piste islamiste privilegiee a Londres ", "newspaper": "lesoir", "author": [], "date_publi": [], "content": " La piste islamiste privilegiee a Londres Une voiture-belier a fauche plusieurs pietons avant que son conducteur ne poignarde un policier devant Westminster.Une voiture-belierL'attaque a fait au moins cinq morts, dont l'assaillant, et quarante blesses, pour la plupart fauches sur le pont de Westminster. L a priorite absolue du gouvernement est la securite de son peuple et j'exhorte tout le monde a rester calme, mais a etre vigilant et s'ils voient quelque chose qu'ils craignent, ils doivent le signaler a la police. >>Le discours qu'Amber Rudd, la ministre britannique de l'Interieur, a livre aux Londoniens n'etait pas particulierement rassurant. C'est que les circonstances des attaques survenues sur le pont de Westminster et aux abords du parlement sont encore nebuleuses.Dans la soiree, Mark Rowley, le commandant de l'unite antiterrorisme dressait le bilan humain provisoire de l'attentat : 5 morts, dont l'assaillant, et au moins 40 blesses. Les deux attaques ont ete menees par un seul homme. << Je ne vais pas faire de commentaires sur l'identite de l'assaillant (...) mais nous privilegions la piste du terrorisme islamiste >>, a ajoute ce haut responsable de la police britannique.(c) Rossel & Cie - 2018 -- Conditions generales de ventes -- Droits de reproduction -- Protection de la vie privee - droit a l'oubli ", "theme": "archive"}