{"id_art": "3f058672e250e3b782fd9c806eeab25c", "title": "<< Il y a a boire et a mangerdans ces commissions >> ", "newspaper": "lesoir", "author": [], "date_publi": [], "content": " << Il y a a boire et a mangerdans ces commissions >>Ce qui pose probleme, ce sont les commissions parlementaires a caractere juridictionnel, comme pour le Kazakhgate, car les parlementaires n'ont pas a s'eriger en juges, estime Michel Claise...Les commissions d'enquete parlementaires sont-elles efficaces et utiles ?(c) Rossel & Cie - 2018 -- Conditions generales de ventes -- Droits de reproduction -- Protection de la vie privee - droit a l'oubli ", "theme": "archive"}