{"id_art": "6f3977c4e42904d8830f9bc71f8949cc", "title": "Cyril Dion: <<Le film Demain a rendu du pouvoir aux gens>> ", "newspaper": "lesoir", "author": [], "date_publi": [], "content": " Corentin Di Prima et Elodie Blogie Le realisateur du documentaire phenomene etait a Bruxelles pour prendre la parole dans le cadre d'un forum sur le << corps europeen de solidarite >>. Il porte cette eternelle mariniere, comme celle qu'il arbore sur l'affiche de son documentaire evenement, realise avec Melanie Laurent. Plusieurs mois apres le phenomene Demain, ce film qui presente une kyrielle de solutions ecologiques, sociales, solidaires qui fleurissent aux quatre coins de la terre, Cyril Dion parle avec le meme style decontracte mais surtout le meme engagement, la meme energie. Le lancement du << corps europeen de solidarite >>, pour lequel il a ete invite a Bruxelles, l'enthousiasme. Mais simplement comme un autre pas, un pas de plus, vers la societe de demain. Pourquoi vous engagez-vous pour soutenir ce projet de corps europeen de solidarite ? ", "theme": "archive"}