{"id_art": "a22fc5edcb64ca97b32221f46cf37e70", "title": "Fiche 10: James Earl Ray pretend avoir ete trompe par ses avocats ", "newspaper": "lesoir", "author": [""], "date_publi": ["2018-02-13"], "content": "Le lendemain de son proces, James Earl Ray se retracte. Il reclame un nouveau proces qu'il n'obtiendra jamais. Le 10 juin 1977, peu apres avoir temoigne, devant une commission du Congres americain sur les assassinats, qu'il n'avait pas tue Martin Luther King, James Earl Ray s'evade de sa prison du Tennessee. Il est recapture le 13 juin et retourne en prison. A l'age de 70 ans, James Earl Ray, decede a l'hopital Columbia a Nashville ou il avait ete admis pour une cirrhose en phase terminale. Article paru dans Le Soir, le 16 et 17 mars 1969 Memphis, 15 mars (Scop.) La tempete continue. Cinq jours apres la condamnation a 99 ans de prison de James Earl Ray, l'assassin du pasteur Martin Luther King, juge en 15 minutes d'audience, les protestations affluent, et tout le monde - y compris l'assassin - reclame un nouveau proces.", "theme": "archive"}