{"id_art": "4d98cf92f37f2b0b922b80918335c34c", "title": "Twitter a suspendu 377.000 comptes faisant la promotion du terrorisme ", "newspaper": "lesoir", "author": [], "date_publi": [], "content": " Twitter a suspendu 377.000 comptes faisant la promotion du terrorisme Le reseau social americain Twitter a annonce mardi avoir suspendu 376.890 comptes sur les six derniers mois dans le cadre de sa lutte contre les publications faisant la promotion du terrorisme, soit 60 % de plus que sur la precedente periode. Twitter a suspendu 377.000 comptes faisant la promotion du terrorisme (c) Rossel & Cie - 2018 Conditions generales de vente - Droits de reproduction - Protection de la vie privee - Droit a l'oubli ", "theme": "archive"}