{"id_art": "fd2e91da82fb1da453a960812b4d0861", "title": "Jeremy Ferrari : <<Tout ce qui est sacre est dangereux>> ", "newspaper": "lesoir", "author": [], "date_publi": [], "content": " Nicolas CrousseJeremy Ferrari est le createur de l'evenement. Au programme de la cinquieme edition : Jamel, Veronique Sanson, Lorant Deutsch, Laura Laune, Arnaud Tsamere... Jeremy Ferrari est un homme presse. A 32 ans a peine, il court d'une aventure a l'autre, sans jamais donner l'impression de reprendre son souffle. En 2010, le voila propulse par Laurent Ruquier sur le plateau d'<< On ne demande qu'a en rire >>. Ses apparitions regulieres en font rapidement une vedette du petit ecran. Et sa carriere artistique est lancee.Au lendemain des attentats du 13 novembre 2015, Ferrari tente, avec << Vends 2 pieces a Beyrouth >>, un one-man-show autour des guerres et du terrorisme. Risque payant. Le spectacle fera un tabac.", "theme": "archive"}