{"id_art": "f2e8087a5b754046edcee58364a569ed", "title": "Une voiture fauche des pietons a Melbourne: pas de signe de terrorisme <<a ce stade>> ", "newspaper": "lesoir", "author": [], "date_publi": [], "content": " Par AFPSelon la police, le conducteur de la voiture a des problemes mentaux. Le conducteur de la voiture qui a deliberement fonce jeudi sur une foule de pietons a Melbourne avait des problemes mentaux et n'avait pas de liens connus avec le terrorisme, a declare la police.L'Australien de 32 ans d'origine afghane etait connu des services de police et etait consommateur de stupefiants, a declare Shane Patton, le chef par interim de la police de l'Etat de Victoria. <<A ce stade, nous n'avons aucune preuve ou aucun renseignement qui indiquerait un lien avec le terrorisme>>, a-t-il dit.quelques regles de bonne conduite avant de reagir LOCATION DROME VAISON LA ROMAINE Location Tenerife - La Caleta CItytrip LUXEMBOURG VILLE (c) Rossel & Cie - 2018 Conditions generales de vente - Droits de reproduction - Protection de la vie privee - Droit a l'oubli ", "theme": "archive"}