{"id_art": "812dec9a6dfe0807526c67cbc6d64ac7", "title": "Anvers: trop d'alcool ou action terroriste? ", "newspaper": "lesoir", "author": ["camille tang"], "date_publi": ["2017-03-23"], "content": " Par Camille Tang Quynh et Ludivine PonciauCe jeudi matin, une voiture a fonce dans la foule dans le centre d'Anvers, avant d'etre interceptee un peu plus tard. Le conducteur, en etat d'ebriete, a ete prive de liberte. Pres d'un an apres les attentats de Bruxelles et un jour apres ceux de Londres, l'inquietude a gagne la ville d'Anvers ce jeudi matin.Aux environ de 10h45, une voiture rouge immatriculee en France est remarquee dans le centre d'Anvers - aux alentours du Meir, un quartier commercant - car elle roule a vive allure. Le vehicule semble foncer sur des pietons qui se trouvent sur son passage, mais ces derniers reussissent a eviter le vehicule, parfois en devant sauter sur le cote de la chaussee. Facile le coup de l'alcool! ", "theme": "archive"}