{"id_art": "1d39e80fd1d49543c9d953e3cc9c43fb", "title": "L'Asie centrale, une region au coeur du terrorisme islamiste ", "newspaper": "lesoir", "author": [], "date_publi": [], "content": " Benjamin QuenelleLes principaux suspects derriere les attentats de Saint-Petersbourg et de Stockholm sont originaires de Kirghizstan et d'Ouzbekistan. Les anciennes republiques sovietiques d'Asie centrale sont devenues un vivier pour l'integrisme islamiste. Un Kirghize porteur de la bombe dans le metro de Saint-Petersbourg. Un Ouzbek au volant du camion belier a Stockholm. Plus que jamais l'Asie centrale, vivier pour l'integrisme islamiste, est aujourd'hui pointee du doigt apres les deux attentats de la semaine derniere. Jusque-la, dans l'espace post-sovietique, c'est le Caucase qui inquietait : la rebellion islamiste apparue autour de la Tchetchenie, dans des republiques en proie a la crise economique et sociale malgre le controle de Moscou, est soupconnee de servir de relais au recrutement de jeunes extremistes pour la Syrie. Mais le Kirghizistan et l'Ouzbekistan, deux pays musulmans pauvres d'Asie centrale, ont pareillement fourni de forts contingents aux djihadistes de l'Etat islamique. Depuis des mois, en fait depuis le debut de son intervention militaire en septembre 2015 pour soutenir le regime de Bachar el-Assad, Moscou redoute le retour des combattants partis de ces deux zones ex-sovietiques faire le djihad en Syrie ou en Irak.", "theme": "archive"}