{"id_art": "7fabd48eb3d2715f2e31ab71088aea94", "title": "<< Pas de negociationpossible... ", "newspaper": "lesoir", "author": [], "date_publi": [], "content": " << Pas de negociation<< Pas de negociationLa Belgique ne negociera en aucun cas avec des combattants belges ou autres de l'organisation terroriste Etat islamique (EI) souhaitant revenir au pays, a indique dimanche le Premier ministre Charles Michel sur VTM. << Il n'y a pas d'espace pour ces gens dans notre societe >>, a-t-il dit. On a appris il y a quelques jours que Tarik Jadaoun, un des combattants les plus en vue de l'EI, qui sejourne dans une prison irakienne, souhaitait collaborer avec les services de securite belges. ... avec des combattants belges de l'EI >>(c) Rossel & Cie - 2018 -- Conditions generales de ventes -- Droits de reproduction -- Protection de la vie privee - droit a l'oubli ", "theme": "archive"}