{"id_art": "e9232706873aec6480f380718534d238", "title": "Un an apres les attentats, la Surete de l'Etat <<doit encore etre amelioree>> ", "newspaper": "lesoir", "author": [], "date_publi": [], "content": " Un an apres les attentats, la Surete de l'Etat <<doit encore etre amelioree>> Pour l'administrateur general de la Surete de l'Etat, Jaak Raes, le service de renseignement belge n'est pas encore arme de facon optimale contre la menace terroriste. L'administrateur general de la Surete de l'Etat estime qu'en depit de tous les efforts fournis depuis un an, a la suite des attentats perpetres a Brussels Airport et a Maelbeek, le service de renseignement belge n'est pas encore arme de facon optimale contre la menace terroriste. << Nous n'y sommes pas encore >>, estime Jaak Raes.<< Par respect pour les victimes, il est primordial de commemorer les attentats du 22 mars, naturellement. Mais par respect pour elles, j'estime qu'il est en mon devoir d'ameliorer encore notre service. En ce moment, des enquetes en lien avec les attentats sont encore en cours. Nous recueillons nos propres renseignements et repondons egalement aux questions des services de renseignement etrangers. Nous faisons avec ce que nous avons et nous le faisons au mieux que possible >>, indique M. Raes.M. Raes souligne qu'une plus grande attention a ete portee au contre-terrorisme. Davantage de moyens ont suivi, mais les taches de la Surete de l'Etat ont egalement augmente. Par rapport a d'autres services similaires a l'etranger, comme aux Pays-Bas, en Suede ou au Danemark, la Surete de l'Etat est aux prises avec un manque de personnel.<< Je remercie le gouvernement pour les efforts qui ont ete fournis >>, affirme M. Raes. << Mais nous n'y sommes pas encore. La charge de travail par employe doit diminuer pour que nous puissions continuer a garantir la qualite attendue. >><< Cela (ma revendication) est egalement repris dans le rapport du Comite R (Comite permanent de Controle des services de renseignement et de securite, ndlr) >>, conclu l'administrateur general de la Surete de l'Etat. (c) Rossel & Cie - 2018 Conditions generales de vente - Droits de reproduction - Protection de la vie privee - Droit a l'oubli ", "theme": "archive"}