{"id_art": "53d633e2cdd51b7565cb6183f8458006", "title": "L'inquietude de Walesa ", "newspaper": "lesoir", "author": [], "date_publi": [], "content": " L'inquietude de WalesaL'inquietude de WalesaL'ex-president polonais Lech Walesa (ph. rtr), chef historique du mouvement syndical Solidarite, a accuse mercredi les conservateurs au pouvoir a Varsovie de chercher a << eliminer >> toute opposition, denoncant un risque de << dictature >>. Le chef du parti nationaliste PiS - au pouvoir -, Jaroslaw Kaczynski, << veut eliminer tout ce qui le gene : le Tribunal constitutionnel, les tribunaux, le Parlement. Une question se pose desormais : veut-il la dictature ? >>, s'interroge Lech Walesa dans l'hebdomadaire allemand Die Zeit. (afp)La Turquie annonce la finde son operation militaire dans le nord(c) Rossel & Cie - 2018 -- Conditions generales de ventes -- Droits de reproduction -- Protection de la vie privee - droit a l'oubli ", "theme": "archive"}