{"id_art": "43f39306e7a044128b52619c8a5c0f80", "title": "Deux djihadistes admettent leur presence a Bruxelles ", "newspaper": "lesoir", "author": [""], "date_publi": ["2017-04-28"], "content": " Deux djihadistes admettent leur presence a Bruxelles Deux djihadistes admettent leur presence a Bruxelles Deux djihadistes presumes arretes mardi en Espagne ont admis qu'ils se trouvaient a l'aeroport de Bruxelles lors des attentats du 22 mars. Mais Mohamed Lamsalak et Youssef Ben Hammou << nient leur participation aux faits >>, a precise jeudi un porte-parole de l'Audience nationale, juridiction specialisee. (afp)le cumul sera clarifieEn Wallonie, le bourgmestre qui devient ministre est dit << empeche >> dans sa commune. La regle est claire, mais seme la confusion dans l'opinion. Le gouvernement en precise les contours. Principales mesures : la nomination d'un bourgmestre faisant fonction, l'interdiction d'assister au college communal et surtout de presider le conseil communal. Avec l'accord de la tutelle, l'octroi d'un bureau a l'hotel de ville restera possible. Ces regles valent pour tous les bourgmestres, y compris ceux qui sont ministres federaux. (E.D.)(c) Rossel & Cie - 2018 -- Conditions generales de ventes -- Droits de reproduction -- Protection de la vie privee - droit a l'oubli ", "theme": "archive"}