{"id_art": "017ea389f3ff8aaaac1bdcc2a81b09e8", "title": "Onze candidats ", "newspaper": "lesoir", "author": [], "date_publi": [], "content": " Onze candidatsOnze candidatsIls sont bel et bien onze sur la grille de depart. Neuf hommes et deux femmes. Le Conseil constitutionnel a valide definitivement samedi les candidatures de Francois Fillon, Emmanuel Macron, Jean-Luc Melenchon, Marine Le Pen, Benoit Hamon, Nicolas-Dupont Aignan, Nathalie Arthaud, Philippe Poutou, Jacques Cheminade, Francois Asselineau et Jean Lassalle. En 2012, ils etaient dix en course vers l'Elysee. En 2002, annee record, 15.La rage de Nicolas Dupont-Aignan(c) Rossel & Cie - 2018 -- Conditions generales de ventes -- Droits de reproduction -- Protection de la vie privee - droit a l'oubli ", "theme": "archive"}