{"id_art": "e153b6248a361686aa120dcc51a9a373", "title": "Egypte: un avocat condamne a 10 ans de prison pour <<incitation au terrorisme>> ", "newspaper": "lesoir", "author": [], "date_publi": [], "content": " Egypte: un avocat condamne a 10 ans de prison pour <<incitation au terrorisme>> Un avocat egyptien, accuse d'avoir insulte le president Sissi et incite au terrorisme sur les reseaux sociaux, a ete condamne a dix ans de prison, a indique jeudi un responsable judiciaire. << La cour penale d'Alexandrie a condamne mercredi par contumace Mohamed Ramadan a dix ans de prison, cinq ans de residence surveillee ensuite et a une interdiction d'utiliser internet pendant cinq ans pour insulte au president de la Republique et incitation au terrorisme sur les reseaux sociaux >>, a declare le responsable judiciaire.Le jugement a ete prononce lors de la premiere audience du proces, a declare a l'AFP son avocat, Mohamed Hafez, denoncant un verdict << tres dur >>. Mohamed Ramadan a ete juge en vertu de la loi antiterroriste adoptee en 2015 qui prevoit, outre la peine de mort pour les affaires de terrorisme, de lourdes peines pour des publications dans les medias ou internet. << Le jugement est un message pour tous ceux qui critiquent le regime >>, a ajoute M. Hafez. (c) Rossel & Cie - 2018 Conditions generales de vente - Droits de reproduction - Protection de la vie privee - Droit a l'oubli ", "theme": "archive"}