{"id_art": "8ecee37cae8866943665e5c584e10b93", "title": "psychologie Les Belges ont appris a vivre avec la menace terroriste ", "newspaper": "lesoir", "author": [""], "date_publi": ["2018-01-23"], "content": " psychologie Les Belges ont appris a vivre avec la menace terroristeRepos soldat. Depuis les attentats de Paris du 13 novembre 2015, l'armee etait presente dans les rues et les zones a risque (comme les gares) de plusieurs grandes villes belges. Avec l'abaissement du niveau d'alerte 3 au niveau 2 (menace peu vraisemblable), c'est la continuation du long processus de << retour a la normale >> qui se poursuit. Meme si la presence des militaires en rue reste effective dans des conditions qui restent a preciser.(c) Rossel & Cie - 2018 -- Conditions generales de ventes -- Droits de reproduction -- Protection de la vie privee - droit a l'oubli ", "theme": "archive"}