{"id_art": "4ea6ce7c1ce1dd9c46049a14c15304af", "title": "Chat: <<Les politiques belges font peu campagne de la lutte contre le terrorisme>> ", "newspaper": "lesoir", "author": [], "date_publi": [], "content": " Chat: <<Les politiques belges font peu campagne de la lutte contre le terrorisme>> Le 22 mars a-t-il change le discours politique ? Jean-Benoit Pilet, professeur de sciences politiques a l'ULB, a repondu a vos questions. Comment vivons-nous un an apres les attentats de Bruxelles ? Pendant une semaine, des chercheurs de l'Universite libre de Bruxelles (ULB) partagent leurs analyses critiques dans notre dossier << Carnets d'identites >>, a consulter en acces libre sur Le Soir +. A partir de leurs travaux et expertises scientifiques, 24 chercheurs de l'ULB decodent la realite et demontent les prejuges en cinq grands chapitres ( Face a nos peurs , la voix des politiques , les musulmans pluriels, vivre ensemble ou entre soi ? et echos mediatiques).Migration, terrorisme, securite sont desormais associes dans les discours politiques. Pourquoi et avec quelles consequences ? Chez nous et dans le monde ? Jean-Benoit Pilet, professeur de sciences politiques, a repondu a vos questions. L'ecart entre musulmans et non-musulmans semble s'accroitre de maniere importante ces dernieres semaines. Quel est, selon vous, le role des hommes et des femmes politiques dans ce phenomene ? Comment peuvent-ils y remedier, et, surtout, y ont-ils un interet ? (Jack) << La perception de l'ecart entre musulmans et non-musulmans est effectivement en augmentation. Pour une large part, il s'agit de perceptions, et non d'elements tangibles. Il y a une reelle polarisation sociale qui s'appuie sur des discours. Et les discours politiques y pesent beaucoup. >> Quel parti a le plus tire << avantage >>, via son discours politique, apres les attentats ? Qui joue le plus la carte securitaire ? La N-VA ? (Patrick Dubie) << Si l'on observe les recentes elections neerlandaises, on voit que les partis qui ont le plus a gagner d'une polarisation sur les questions comme le terrorisme ou l'integration sont, d'une part, ceux qui proposent des reponses securitaires et restrictives, mais aussi ceux qui osent prendre le contre-pied complet de ces positions. Ce sont les partis aux positions intermediaires qui ont le plus de mal a s'en sortir. >> Les partis politiques sont-ils restes soudes apres les attentats ? Il me semble qu'il y a moins de dissensions qu'en France et que nous avons un consensus national sur la question. (Louis Poisson) << Les partis belges font un peu moins de la lutte contre le terrorisme un objet de campagne. C'est moins le cas qu'en France ou aux Pays-Bas, en tout cas. Neanmoins, il n'y a pas non plus consensus ; Sur le detail des mesures qui doivent etre prioritaires, notamment, de reels desaccords existent. >> Et justement, que devraient proposer les politiques, selon vous ? (Louis Poisson) << Les politiques doivent assumer que la menace a laquelle nous faisons face est plus complexe et multiforme qu'on veut parfois le laisser penser. Il n'y a pas un et un seul facteur qui explique le fait de rejoindre un mouvement terroriste. Il y a plein d'histoires et de trajectoires differentes. Et donc, il n'y a pas de solution miracle mais un travail long, complexe, et parfois souvent peu visible. Les mesures symboliques (comme la decheance de nationalite ou la garde a vue pour 72h) n'apportent pas de reponses de fond... meme si elles sont faciles a communiquer. >> Comment, en tant que president de parti, reagir dans l'urgence face a un attentat ? Quelles sont les priorites et les erreurs a eviter ? Les partis francophones ont-ils bien reagi, selon vous ? (Jack) << Les decideurs politiques doivent separer deux types d'action dans l'immediat moment apres attentat. Il y a d'une part la gestion de la situation sur le plan de la securite et des secours. La, il faut eviter les polemiques. Ensuite, il y a le cadrage de l'evenement, en tentant d'imposer un discours qui definit quels sont les facteurs a l'origine de l'attentat. Sur ce cadrage, il y a plus de debats et de polemiques. Et c'est fondamental car ce cadrage va definir les termes du debat, et les priorites politiques des mois qui suivent. Et sur ce plan, il faut imperativement eviter les raccourcis. >> On dit toujours que les politiques ont une lourde responsabilite. Mais finalement est-ce que les discours sur la securite ; le terrorisme (souvent populistes) ont vraiment un impact sur les citoyens ? (leur facon de penser, et a la fin de voter) (Madeleine) << De nombreuses etudes montrent justement que le discours mediatique et politique ont un tres grand impact sur la facon dont les citoyens percoivent la realite sociale. C'est surtout le cas pour des phenomenes avec lequel les citoyens n'ont pas tous un contact direct (peu de personnes sont directement temoins d'attentats, ou directement en contact avec des personnes ayant commis des faits terroristes). Certains chercheurs disent meme que le pouvoir du discours est le principal pouvoir que les hommes et femmes politiques conservent. >> Je m'interroge sur cette phrase : << Ce que nous redoutions est arrive >>, de Charles Michel. S'agit-il d'une maniere de se dedouaner a travers son discours ? (Simon) << Il est evident que tout acteur politique va, dans son discours, viser deux horizons. Le premier est de parler de sa responsabilite (et de s'en dedouaner). Le second est de preparer la justification de ses futures actions. L'election etant a la fois un jugement par l'electeur sur ce qui a ete fait, et sur ce qu'on propose de faire pour l'avenir, c'est assez logique. >> Le chat sur mobile. (c) Rossel & Cie - 2018 Conditions generales de vente - Droits de reproduction - Protection de la vie privee - Droit a l'oubli ", "theme": "archive"}