{"id_art": "3a6aa52e82e271a2622b8249cfa83e85", "title": "<< Speed Marathon >>ce mercredi ", "newspaper": "lesoir", "author": [""], "date_publi": ["2017-04-15"], "content": " << Speed Marathon >>ce mercrediSecurite routiere<< Speed Marathon >>ce mercrediLa police federale et la commission permanente de la police locale ont confirme vendredi la tenue prevue mercredi prochain, le 19 avril, des 6 h du matin et pendant 24 h, du septieme << Speed Marathon >>. De nombreux controles de vitesse seront organises sur les autoroutes et sur les routes secondaires de tout le pays a l'aide de radars fixes et mobiles. Ce marathon de controles contre la vitesse excessive recevra la collaboration de 140 zones de la police locale. (b)Une troisieme revendication venant de l'extreme droite(c) Rossel & Cie - 2018 -- Conditions generales de ventes -- Droits de reproduction -- Protection de la vie privee - droit a l'oubli ", "theme": "archive"}