{"id_art": "3aef0caf906934aab0e92d69996a6290", "title": "Clash en vue entre les institutions europeennes sur la reponse a Panama Papers ", "newspaper": "lesoir", "author": [], "date_publi": [], "content": " Elodie Lamer Il y a comme un petit air de deja-vu dans les institutions europeennes sur la transparence des beneficiaires economiques des trusts et des societes ecrans. Les eurodeputes sont repartis pour le meme debat qu'ils ont eu il y a deux ans avec les gouvernements europeens (representes au Conseil de l'UE) sur le degre de publicite a imposer sur les informations concernant ces beneficiaires.", "theme": "archive"}