{"id_art": "07c5e99dbdd870fb4b81f050f474394b", "title": "Sous la bienveillance, la stricte determination ", "newspaper": "lesoir", "author": ["joelle meskens"], "date_publi": ["2017-05-15"], "content": " Sous la bienveillance, la stricte determination Joelle Meskens Emmanuel Macrona raccompagne Francois Hollande sans la moindre fausse note.Mais il ne faut pas confondre l'espritde rassemblementet la << synthese >>.Il agira avec une main de fer dans un gant de velours.Emmanuel Macron a raccompagne son predecesseura sa voiture, poussant la courtoisie jusqu'a l'applaudir. De notre envoyee permanenteFrancois Hollande a peine raccompagne apres leur longue conversation en aparte, Emmanuel Macron est revenu a l'Elysee en montant les marches quatre a quatre. L'image restera comme l'un des symboles de l'investiture d'un President presse. Celui qui n'a mis qu'un an a conquerir le pouvoir depuis la creation de son mouvement. Celui qui s'exclame des la fin de son discours : << Des ce soir, je serai au travail ! >> Celui qui partira des ce lundi voir Angela Merkel a Berlin pour parler d'Europe.(c) Rossel & Cie - 2018 -- Conditions generales de ventes -- Droits de reproduction -- Protection de la vie privee - droit a l'oubli ", "theme": "archive"}