{"id_art": "763ab4f1197b5416d02f7cdc3abf1ec3", "title": "Anvers: la piste de l'acte terroriste s'eloigne ", "newspaper": "lesoir", "author": [""], "date_publi": ["2017-03-24"], "content": " Par Ludivine PonciauLe suspect n'a pas livre d'explications sur son comportement de la veille. Mohamed R., a ete auditionne vendredi matin par une juge d'instruction anversoise qui a repris le dossier apres un bref passage entre les mains du parquet federal. Mais le suspect n'a pas livre d'explications sur son comportement de la veille. Selon nos informations, bien que n'etant plus sous l'emprise de l'alcool, l'homme - qui serait par ailleurs un gros consommateur de drogues - n'a formule que des propos incoherents. Il n'a en tout cas avance aucune revendication et nierait meme s'etre trouve sur les lieux jeudi. Une perquisition a ete menee a son domicile mais rien n'a permis aux enqueteurs de relier les evenements a une quelconque menace terroriste. ", "theme": "archive"}