{"id_art": "69f4c26d399d45be4e986caa3213d72f", "title": "De Franquin a Puertolas, le cine s'empare des livres ", "newspaper": "lesoir", "author": ["jean claude"], "date_publi": ["2018-01-13"], "content": " De Franquin a Puertolas, le cine s'empare des livres Jean-Claude Vantroyen Cette annee, une vingtaine d'adaptations litteraires sont attendues Cette annee, une vingtaine d'adaptations sur le grand et le petit ecran. Un phenomene qui ne fait que croitre.Une image de <<L'extraordinaire voyage du fakir>>, par Ken Scoot, qui sortira fin mai en Belgique. La star indienne Danush interprete le fakir. Leroman est en Livre de poche. D. R. Le 14 fevrier, nos ecrans diffuseront Le 15 h 17 pour Paris. Un film de Clint Eastwood qui raconte l'histoire de l'attentat manque du Thalys, le 21 aout 2015. Les trois protagonistes de l'affaire, qui avaient arrete un terroriste en puissance, Spencer Stone, Alek Skarlatos et Anthony Sadler, interpretent leur propre role. Ce film est tire du recit ecrit par les trois Americains, qui va sortir le 31 janvier aux editions de l'Archipel.(c) Rossel & Cie - 2018 -- Conditions generales de ventes -- Droits de reproduction -- Protection de la vie privee - droit a l'oubli ", "theme": "archive"}