{"id_art": "049c3d210a16916a810a8b30523b69c1", "title": "Bart Raeymaekers, patron du centre de crise: <<Nous sommes confrontes a des risques de plus en plus complexes>> ", "newspaper": "lesoir", "author": [], "date_publi": [], "content": " Ludivine PonciauLe centre de crise devient un centre d'expertise. Ses missions ont ete renforcees ou elargies. Le nouveau patron du centre expose sa vision strategique et annonce un doublement des effectifs a l'horizon 2020. Nombreux sont ceux qui ont decouvert son existence apres les attentats de Paris. Cela fait pourtant trois decennies (le Centre Gouvernemental de Coordination et de Crise a ete cree en 1986) que l'organe federal remplit ses missions. Celle d'analyser et de diffuser en continu des informations aux autorites politiques et executives et a la population. Ou encore d'assurer la coordination des acteurs de premiere ligne (pompiers, police, bourgmestres...) lors de crises ou des evenements de grande ampleur. D'ici 2020, le centre disposera de ses propres experts et verra ses competences elargies.Pour son nouveau patron entre en fonction en fevrier dernier, Bart Raeymaekers, le Centre de crise doit aujourd'hui pouvoir << donner le tempo >>.", "theme": "archive"}