{"id_art": "6a93c3a8aa0c38263d12f24442273a6d", "title": "Attentat a Londres: au moins quatre morts et une quarantaine de blesses ", "newspaper": "lesoir", "author": [""], "date_publi": ["2017-03-22"], "content": " C.TQ, L.CoLa piste du << terrorisme islamiste >> est privilegiee par la police. L'assaillant a egalement ete abattu. Au moins quatre personnes sont mortes dans l'attaque survenue au Parlement britannique et sur le pont de Westminster tout proche, mercredi apres-midi dans le centre de Londres. Parmi eux, le policier qui avait ete poignarde au Parlement, a indique le parlementaire britannique Tobias Ellwood qui lui avait prodigue les premiers soins. L'assaillant a egalement ete tue.On denombre une quarantaine de blesses, selon un nouveau bilan, dont plusieurs officiers de police et trois eleves francais du lycee Saint-Joseph de Concarneau. Plusieurs d'entre eux sont dans un etat tres grave. A ce stade, la police londonienne estime qu'il n'y a qu'un seul assaillant. << Je ne vais pas faire de commentaires sur l'identite de l'assaillant [...] Mais on privilegie la piste du terrorisme islamiste >>, a annonce Mark Rowley, le commandant de l'unite anti-terrorisme dans une declaration devant Scotland Yard.", "theme": "archive"}