{"id_art": "671883fd03286a3f9c1cdaa0d52ea3ff", "title": "Attentats : le statut de victime recale ", "newspaper": "lesoir", "author": [], "date_publi": [], "content": " Attentats : le statut de victime recale Les associations des victimes jugent le projet de loi creantLes associations des victimesun << statut de solidarite nationale >> complique et insuffisant.Adopte fin fevrier en cabinet restreint (Le Soir du 23 fevrier), le projet de loi << portant creation du statut de solidarite nationale pour les victimes d'actes de terrorisme >> sera presente ce mercredi en commission de la Sante.Maggie De Block (VLD) et Steven Vandeput (N-VA), ministres des Affaires sociales et de la Defense du gouvernement federal, portent le projet et se montrent soucieux de presenter des resultats tangibles pour le 22 mars, premier anniversaire des attentats a Maelbeek et Zaventem. Le statut qui entame son periple parlementaire prevoit notamment l'octroi d'une pension de dedommagement et vise au remboursement des soins medicaux a ces victimes ayants droit.(c) Rossel & Cie - 2018 -- Conditions generales de ventes -- Droits de reproduction -- Protection de la vie privee - droit a l'oubli ", "theme": "archive"}