{"id_art": "16a9235313fc33de02f9ba1a9e24bc36", "title": "Charles Michel: <<Nous n'allons pas nous laisser intimider>> par la Turquie ", "newspaper": "lesoir", "author": [], "date_publi": [], "content": " Charles Michel: <<Nous n'allons pas nous laisser intimider>> par la Turquie BELGA Le Premier ministre belge compte bien continuer a defendre les valeurs europeennes. Le Premier ministre Charles Michel a energiquement pris lundi la defense de sa secretaire d'Etat en charge de la Lutte contre la pauvrete et l'Egalite des chances Zuhal Demir, accusee par la presse turque de soutenir le terrorisme. Une campagne qui, selon lui, s'inscrit dans la strategie de polarisation que la Turquie mene actuellement envers l'UE. << Ces fausses accusations sont subversives et blessantes >>, a commente lundi le Premier ministre dans un communique, apres des articles parus dans la presse turque presentant Mme Demir comme un soutien au mouvement independantiste kurde PKK. << Nous n'allons pas nous laisser intimider par sa strategie de campagne >>, a ajoute Charles Michel.Selon le Premier ministre, ces attaques s'inscrivent dans la campagne menee actuellement par le president Erdogan en vue du prochain referendum sur l'extension de ses pouvoirs. << Cette strategie consiste a nous provoquer pour reveiller les sentiments nationalistes en Turquie qui se pose en victime >>, selon le chef du gouvernement. Apres les recentes critiques turques envers l'Allemagne et les Pays-Bas, M. Michel estime qu'Ankara a choisi la voie de la << polarisation >> avec l'Europe. << Les references au nazisme et a Srebrenica sont inacceptables >>, martele-t-il.Pour Charles Michel, la situation des droits de l'homme, de la liberte d'expression et l'Etat de droit en Turquie ne correspondent plus aux standards europeens, en particulier depuis juillet 2a16, marque par la tentative de coup d'Etat contre le president Erdogan. << En tant qu'Europeens, nous continuerons a defendre nos valeurs >>, conclut le Premier ministre. (c) Rossel & Cie - 2018 Conditions generales de vente - Droits de reproduction - Protection de la vie privee - Droit a l'oubli ", "theme": "archive"}