{"id_art": "03448ec54001ffccc926c0e224cd2256", "title": "Anvers s'est fait peur ", "newspaper": "lesoir", "author": [""], "date_publi": ["2017-03-24"], "content": " Anvers s'est fait peur Jeudi matin,une voiture francaisea emprunte a vive allure le << Meir >>, a Anvers.Son conducteurdisposait d'un riot-gun dans le coffre.Il avait deja ete controle mercredi.La Citroen C5 rouge immatriculee en France a rapidement ete examinee par les demineurs qui ont retrouve dans le coffre un riot-gun, des armes blanches et un jerrycan. La securite dans le centre d'Anvers, et particulierement, sur le Meir, cette rue pietonne et commercante du centre, a ete renforcee apres l'arrestation d'un Franco-Tunisien qui transportait dans sa voiture un riot-gun, des armes blanches et un jerrycan au contenu indefini. L'homme, qui etait ivre et probablement sous l'emprise de stupefiants n'avait toujours pas pu etre auditionne jeudi soir en raison de son etat.La Citroen C5 rouge du suspect, qui avait emprunte a vitesse elevee le Meir avait contraint, vers 10 h 45, plusieurs passants a l'eviter. Des militaires patrouillant dans cette artere bordee de magasins, avaient enjoint au conducteur de s'arreter, un ordre qu'il avait ignore, poursuivant sa route en brulant un feu rouge a hauteur du Meirbrug, au bout de la rue commercante.Le SRT, l'equipe d'intervention rapide de la police d'Anvers, avait ete appele a la rescousse. Le vehicule avait fini par etre localise au Sint-Michielskaai, ou elle put etre interceptee au niveau d'un parking.(c) Rossel & Cie - 2018 -- Conditions generales de ventes -- Droits de reproduction -- Protection de la vie privee - droit a l'oubli ", "theme": "archive"}