{"id_art": "56d560b789ee966236f4c84f13ca87ef", "title": "Une fausse alerte vide Londres ", "newspaper": "lesoir", "author": [], "date_publi": [], "content": " Une fausse alerte vide Londres L'artere la plus commercante de Londres, Oxford street, s'est videe brusquement vendredi apres-midi en pleine journee de promotions du << Black Friday >> a cause d'une fausse alerte survenue dans un contexte tres tendu au Royaume-Uni apres une vague d'attentats. Apres avoir traite dans un premier temps l'incident comme s'il s'agissait d'un acte de terrorisme, les forces de l'ordre ont indique un peu plus tard n'avoir trouve << aucune trace de coups de feu, ni suspect ni victime >>, et ont finalement declare qu'elles se retiraient des lieux. (afp)(c) Rossel & Cie - 2018 -- Conditions generales de ventes -- Droits de reproduction -- Protection de la vie privee - droit a l'oubli ", "theme": "archive"}