{"id_art": "e45845300ba6e834406d2aa012dff731", "title": "Donald Trump est un peu trop bavard avec ses invites russes ", "newspaper": "lesoir", "author": ["maurin picard"], "date_publi": ["2017-05-16"], "content": " Maurin Picard donald trump Le president americain se defend d'avoir divulgue des renseignements secrets au chef de la diplomatie russe, Seguei Lavrov, sur une operation contre Daesh. Mais les revelations du << Washington Post >> font grand bruit. Depuis New York ", "theme": "archive"}