{"id_art": "33a6c178247790024daa509e4c73bffc", "title": "Gwendolyn Rutten veut que toutes les religions s'autofinancent ", "newspaper": "lesoir", "author": [], "date_publi": [], "content": "La presidente de l'Open VLD Gwendolyn Rutten estime que le gouvernement ne doit plus financer les religions. Elle souhaite reviser l'article 181 qui regit le financement des cultes. Gwendolyn Rutten rouvre le debat sur la mosquee Fatih de Beringen, ecrivent nos confreres du Standaard dans leurs editions de samedi. La presidente de l'Open VLD estime que les mosquees attachees a la Diyanet (le ministere turc des Affaires religieuses) ne doivent plus beneficier d'une reconnaissance en Flandre. Elle s'oppose egalement a l'idee que le gouvernement finance une mosquee reconnue. En 2019, le parti liberal flamand veut changer la loi. Il est tout a fait normal que les cultes s'autofinancent. Ce financement est le relent de la mainmise passee de l'eglise sur les affaires de l'etat. Les deux plus grands ennemis de la democratie sont le glaive et le goupillon. Si la France s'est affranchie de cette mainmise de l'eglise a la Revolution, on a \"oublie\" de laiciser la Belgique au moment de sa fabrication. Quand je vais au bistrot, la seule subvention que j'ai, c'est la mienne, au lupanar, idem. Clairement, la question est de savoir si les religions ont un effet benefique sur la conduite de l'Etat, au point de devoir etre subsidiees. Certaines ont peut-etre cet effet benefique, mais d'autres causent au contraire de serieux problemes. Aujourd'hui, en moyenne, l'effet parait clairement negatif. ", "theme": "archive"}