{"id_art": "e12ed12f4a4ce3ad8cc08bbb6116d2b0", "title": "Entre Macron et Le Pen, le debat a vire au pugilat ", "newspaper": "lesoir", "author": ["louis colart"], "date_publi": ["2017-05-03"], "content": " Louis Colart Election presidentielle 2017 Le debat d'entre-deux-tours entre Marine Le Pen et Emmanuel Macron a ete extremement tendu. Affaires, radicalisme, international... chaque sujet a ete l'occasion d'un affrontement. C'est une tradition depuis 1974 : Emmanuel Macron et Marine Le Pen, les deux candidats du deuxieme tour de l'election presidentielle francaise, se sont retrouves ce mercredi soir pour le tres attendu debat de l'entre-deux-tours, diffuse simultanement par TF1 et France 2 ainsi que par les chaines d'information en continu. Si le debat de 2012 entre MM. Hollande et Sarkozy avait ete relativement courtois (exception faite des accusations de << mensonge >> de part et d'autre), l'edition 2017 a vire au pugilat.Tout avait pourtant ete regle comme du papier a musique pour l'un des grands moments de cette fin de campagne presidentielle : la place des candidats - Marine Le Pen a gauche de l'ecran, Emmanuel Macron a droite -, le decor - une image floutee de l'Elysee sur des ecrans places en cercle -, le nombre de cameras - 14 -, l'ordre des sujets abordes et meme la temperature du studio dont le public etait absent.", "theme": "archive"}