{"id_art": "218ee5bfd02218f5e6f49738a9e23086", "title": "Inefficace et trop chere, la police bruxelloise? ", "newspaper": "lesoir", "author": [], "date_publi": [], "content": " Ann-Charlotte Bersipont Emeutes a Bruxelles En marge du debat sur la fusion des zones de police bruxelloises, Bernard Clerfayt (Defi) a compare les polices des grandes villes belges. Malgre les idees recues, Bruxelles s'en tire bien, meme avec six zones. Suite aux echauffourees qui ont touche le centre-ville de Bruxelles les 11 et 15 novembre derniers, les elus neerlandophones enchainent les propositions : fusion des six zones de police de la capitale pour la N-VA, mise sur pied d'un etat-major unique pour le VLD... L'organisation policiere bruxelloise est plus que jamais au coeur des debats. Mais au fait, y a-t-il vraiment un probleme ? Bernard Clerfayt (Defi), bourgmestre de Schaerbeek et depute bruxellois, a compile une serie de chiffres consultables par tous dans les bases de donnees statistiques. En comparant les informations pour les grandes villes belges (Bruxelles, Anvers, Liege, Charleroi, Gand), il arrive a des conclusions surprenantes... Tout va bien puisqu'a Anvers cela va encore plus mal. Victoire. Tout va bien, non bien sur. Ce n'est pas une consolation, mais cela ne va pas mieux ailleurs et surtout pas chez les donneurs de lecons. Qu'Anvers et contre tous regarde ses chiffres et nous saurons qui doit donner ou recevoir des lecons. En clair, mele toi de tes affaires, surtout lorsque tu es a cote de la plaque. TOUT VA BIEN. ouf, tout va bien: donc ne changez rien.C'est le message que nos ediles nous font avaler. ", "theme": "archive"}