{"id_art": "c45c6adb5b1b4a2f0a61852034a0124e", "title": "Attaque terroriste lors d'un concert a Manchester: nouveau bilan de 22 morts et 59 blesses ", "newspaper": "lesoir", "author": [""], "date_publi": ["2017-05-23"], "content": "Attentat Manchester L'assaillant est decede dans l'explosion. La Grande-Bretagne a de nouveau ete frappee par un attentat, le plus meurtrier depuis douze ans, qui a fait 22 morts et 59 blesses a l'issue du concert d'Ariana Grande lundi soir a Manchester, selon un dernier bilan. Une foule de temoins ont affirme avoir entendu une puissante explosion, qui a provoque des scenes de panique dans la salle de concert, mais aussi dehors, ou des parents attendaient la sortie de leurs enfants.Le chef de la police, Ian Hopkins, a confirme que l'assaillant etait decede dans l'explosion. Actuellement, la police estime que l'homme a agi seul mais une enquete est en cours pour savoir s'il faisait partie ou non d'un reseau. L'homme << portait un engin explosif improvise, qu'il a declenche >>.Hopkins confirme egalement que des enfants se trouvent parmi les 22 personnes decedees.", "theme": "archive"}