{"id_art": "37812b8d232257dfb6d9a929679b2f4d", "title": "La Belgique inquiete de plus en plus Amnesty International ", "newspaper": "lesoir", "author": [], "date_publi": [], "content": " La Belgique inquiete de plus en plus Amnesty International BELGA En cause : les mesures prises apres les attentats, les conditions de detention et le commerce des armes, entre autres. Depuis quelques annees, la Belgique est devenue un point d'attention problematique pour l'organisation internationale de defense des droits humains Amnesty International, a declare le president de l'aile francophone belge, Philippe Hensmans, lors de la presentation du rapport annuel. Si chaque annee les conditions de detention, la discrimination et les violences faites aux femmes sont pointees du doigt, 2016 a apporte son lot de nouvelles mesures insuffisamment evaluees, selon Amnesty.Les attentats de Paris et Bruxelles ainsi que la menace terroriste ont mene le gouvernement belge a presenter des propositions de mesures << preoccupantes sur le plan des droits humains >>, estime M. Hensmans. Pour l'organisation, l'annonce de ces mesures immediatement apres les attaques terroristes indique que celles-ci ont ete prises dans l'urgence dans le but de rassurer l'opinion publique. Le danger, pointe Amnesty International, est qu'elles sont prises pour le long terme et non sur une courte periode alors que leur impact est trop peu evalue.Ce qui inquiete l'organisation, c'est que ces decisions -conservation des metadonnees des conversations telephoniques pendant 12 mois, modification des criteres pour l'incitation au terrorisme, etc.- ressortent desormais de l'executif et non plus du judiciaire. De plus, estime encore Amnesty, elles induisent un risque de lien entre les attentats et l'immigration.Eternel point noir de la Belgique, les conditions de detention alarment toujours l'organisation. Celle-ci pointe encore la surpopulation, la vetuste des equipements et le manque d'acces aux services de base, notamment aux soins de sante. De plus, la greve du personnel penitentiaire a encore deteriore les conditions carcerales au printemps dernier, rappelle-t-elle.Concernant la discrimination, Unia, qui publiait son rapport mardi, a fait etat d'une augmentation de la discrimination envers les personnes de confession musulmane a la suite des attentats de Bruxelles. Selon l'organisme belge charge de la promotion de l'egalite, des temoignages font egalement etat de profilage ethnique contre les minorites par des forces de police.En matiere de violences faites aux femmes, la Belgique a fait un pas en avant en adoptant une nouvelle politique contraignante qui eleve la lutte contre la violence liee au genre et la violence domestique au rang de priorite pour la police et le parquet. Cependant, << il reste beaucoup de travail >>, souligne Philippe Hensmans, precisant que << 70 % des actes de violence domestique signales n'ont pas donne lieu a des poursuites penales >> l'an dernier.Enfin, le rapport denonce la politique du pays dans son commerce des armes. << La Belgique et la Wallonie se retrouvent dans le meme bloc que des pays sans aucune morale >>, denonce le president de l'aile francophone. << L'Arabie saoudite reste le premier client de la Wallonie alors qu'elle ne respecte aucun droit humain chez elle et qu'elle commet des crimes de guerre au Yemen. >> Un commerce a l'aveugle juge << inacceptable >> par l'organisation qui appelle les autorites a se renseigner sur l'usage fait des armes qu'elles vendent. (c) Rossel & Cie - 2018 Conditions generales de vente - Droits de reproduction - Protection de la vie privee - Droit a l'oubli ", "theme": "archive"}