{"id_art": "4e14bfb34998d8d26035839d7e34f7e3", "title": "Daesh revendique l'attentat de Manchester ", "newspaper": "lesoir", "author": [""], "date_publi": ["2017-05-23"], "content": " Theo Anberree (st.)Attentat Manchester L'attaque a la bombe, declenchee lundi soir a fait au moins 22 morts, dont des enfants, et au moins 59 blesses a l'issue d'un concert de Ariana Grande. La police de Manchester a annonce l'arrestation d'un homme de 23 ans. Daesh a revendique l'attentat. La Grande-Bretagne a ete frappee par un attentat, le plus meurtrier depuis douze ans, dans la ville de Manchester. Une attaque a la bombe, declenchee lundi soir aux alentours de 22 heures 30, a fait au moins 22 morts, dont des enfants, et au moins 59 blesses a l'issue d'un concert de la pop-star americaine Ariana Grande. L'attentat a ete perpetre par un homme qui est mort en faisant detoner <<un engin explosif improvise>>, a precise la police de Manchester qui a annonce l'arrestation d'un homme de 23 ans en lien avec l'attentat suicide.", "theme": "archive"}