{"id_art": "a2b8e77273ad56ad65e06bc7338894f6", "title": "technologie << Il faut parfois appuyer sur pause, l'avenir appartient a ceux qui reflechissent >> ", "newspaper": "lesoir", "author": [], "date_publi": [], "content": " technologie << Il faut parfois appuyer sur pause, l'avenir appartient a ceux qui reflechissent >>Pourquoi avez-vous ressenti Pourquoi avez-vous ressenti (c) Rossel & Cie - 2018 -- Conditions generales de ventes -- Droits de reproduction -- Protection de la vie privee - droit a l'oubli ", "theme": "archive"}