{"id_art": "5c94dc0864b5e68f843624c3cc00ded9", "title": "<<L'analyse financiere, deja une realite en Belgique>> ", "newspaper": "lesoir", "author": [], "date_publi": [], "content": " Thomas Casavecchia Depuis 1993, la CTIF est chargee de lutter contre le blanchiment d'argent et le financement du terrorisme. D ans la cellule, la lutte contre le financement du terrorisme est une priorite >>, assure Kris Meskens, secretaire general de la Cellule de traitement des informations financieres (CTIF). << Un focus a d'ailleurs ete fait en 2016 lors de notre rapport d'activite de 2015 >>. La cellule a en effet la responsabilite de lutter contre le blanchiment d'argent d'origine criminelle et le financement du terrorisme depuis 1993. << Aujourd'hui, l'utilisation de donnees financieres pour lutter contre le terrorisme est deja une realite. Les banques, comptables, organismes de prets, etc. font partie de nos sources >>.", "theme": "archive"}