{"id_art": "f19acb696e8aeecfdd3f6c7ca4491966", "title": "Perquisitions a Bruxelles dans un nouveau dossier ", "newspaper": "lesoir", "author": [], "date_publi": [], "content": " Perquisitions a Bruxelles dans un nouveau dossier Bastien DoyenDans la nuit de jeudi a vendredi, soit quelques heures apres l'attentat sur les Champs-Elysees, la police judiciaire federale de Bruxelles a mene de multiples perquisitions en region bruxelloise et dans sa peripherie (deux a Molenbeek-Saint-Jean, une a Ganshoren et une a Roosdaal) dans le cadre d'un nouveau dossier de terrorisme.Le parquet federal a indique avoir trouve deux armes de poing, un gilet par balles, des munitions et des stupefiants (cannabis) au cours des operations. Cinq personnes, dont les identites n'ont pas ete officiellement revelees, ont ete emmenees pour audition. Selon la RTBF, celles-ci feraient partie de l'entourage d'Abdelhamid Abaaoud et de Brahim Abdeslam, qui ont participe aux attentats du 13 novembre 2015 a Paris. D'apres VTM, elles seraient issues du milieu de la drogue et le quintuor serait cite pour la premiere fois dans un dossier lie au terrorisme (c) Rossel & Cie - 2018 -- Conditions generales de ventes -- Droits de reproduction -- Protection de la vie privee - droit a l'oubli ", "theme": "archive"}