{"id_art": "43899ec040942dc9af85e3ed7f85c8eb", "title": "Europe: la commission Attentats en ligne de mire ", "newspaper": "lesoir", "author": [""], "date_publi": ["2017-03-24"], "content": " Elodie LamerLes socialistes ne sont pas tres enthousiastes a l'idee d'aller vers plus de securitaire. Ils veulent conserver l'equilibre avec les libertes fondamentales. Deux mois apres l'annonce de sa creation, le Parlement europeen tente toujours de mettre sur pied une commission speciale qui sera chargee d'enqueter sur les attentats qui ont touche l'Europe ces deux dernieres annees. Le groupe socialiste a d'ores et deja annonce qu'il s'opposerait a la mise en place de cette commission et s'active en coulisses pour constituer une minorite de blocage.", "theme": "archive"}