{"id_art": "3abe10b9d0de154111353e1f3cc03085", "title": "Des chicanes avec blocs de beton et policiers aux differentes entrees du Cwarme ", "newspaper": "lesoir", "author": [], "date_publi": [], "content": " Des chicanes avec blocs de beton et policiers aux differentes entrees du Cwarme Le Cwarme de Malmedy, programme du 25 au 28 fevrier, se deroulera sous haute protection lors du cortege du dimanche et du brulage de la Haguete mardi soir, a annonce jeudi a l'agence Belga Jean-Paul Bastin, le bourgmestre de Malmedy. Des blocs de beton disposes en chicane et des policiers en faction seront ainsi presents dimanche aux differentes entrees du parcours. Une attention particuliere sera egalement portee vers les vehicules suspects. Quant a la surveillance, elle sera egalement renforcee place Albert mardi soir lors du brulage de la Haguete qui cloture les festivites du Cwarme. \"Il n'y aura pas plus de policiers que les autres annees si on excepte le dispositif prevu le dimanche pour les entrees. On ne veut pas creer un sentiment de peur aux visiteurs\", assure le bourgmestre. Celui-ci a cependant pris, comme en 2015 et 2016, des arretes de police afin d'interdire les masques faisant l'apologie du terrorisme et du djihadisme et les armes de guerre factice. Les sacs pourront etre controles. Des gardes de securite ont ete engages pour veiller sur les principales salles. Ces mesures necessiteront une enveloppe budgetaire supplementaire estimee entre 5.000 et 10.000 euros. Les festivites debuteront samedi a midi avec la sortie de la Grosse Police qui annonce le debut des festivites, qui se poursuivront par la remise de la panule, symbole de pouvoir, au Trouv'le (14h45) et le premier cortege carnavalesque (16h15). Le dimanche, 559e cortege du Cwarme avec 2.500 participants masques et un public attendu en nombre. Le depart du cortege sera donne a 14h et suivi de la bane corante et le bouquet final programme a 18h30. Le lundi sera consacre aux roles joues par la Malmedienne et l'Union Wallonne. Les quatre jours de fete s'acheveront mardi par le Massis-Tours et surtout le brulage de la Haguete a 19h. (c) Rossel & Cie - 2018 Conditions generales de vente - Droits de reproduction - Protection de la vie privee - Droit a l'oubli ", "theme": "archive"}