{"id_art": "b7ec1bff8751e1e19f3ffb4aebd62720", "title": "<<Les Francais n'aiment pas tant les extremes qu'on le dit>> ", "newspaper": "lesoir", "author": ["william bourton"], "date_publi": ["2017-04-22"], "content": " William Bourton Election presidentielle 2017 Pour Vincent de Coorebyter, si les Francais aimaient tant les extremes qu'on le dit, il y aurait beaucoup moins d'indecis et d'abstentionnistes que les sondages n'en ont comptes. Reste cette inconnue nouvelle : l'impact de l'attentat de jeudi... Vincent de Coorebyter, titulaire de la chaire de Philosophie sociale et politique contemporaine a l'ULB, nous livre son analyse a la veille du premier tour de l'election. Quels enseignements tirez-vous de cette campagne qui vient de s'achever ? Le discours ambiant nous parle d'une campagne folle, inedite, imprevisible, marquee par une colere et une volonte de rupture generalisees... Il y a du vrai dans cette analyse, mais elle confond la campagne proprement dite avec des evenements anterieurs ou exterieurs a la campagne. Evenements anterieurs : l'echec des deux derniers quinquennats, qui a empeche aussi bien Francois Hollande que Nicolas Sarkozy d'etre candidats. ", "theme": "archive"}