{"id_art": "5f22080eb01d1af78599f72148d4a55d", "title": "<< C'est plus stimulant de pouvoir travailler pour la Defense >> ", "newspaper": "lesoir", "author": [""], "date_publi": ["2017-04-22"], "content": " << C'est plus stimulant de pouvoir travailler pour la Defense >> A l'aide de son ordinateur, defendre son pays des nouvelles cyber-attaques qui le menacent. Voila bien une mission connue dans de nombreux films a suspense. Mais aujourd'hui, celle-ci fait bien partie de la realite. Pour la remplir, la Defense recherche du personnel.Le lieutenant-colonel Filip Gillet: selon l'Otan, <<l'espace cyber aura un role capital dans les prochaines guerres>>. belga et drIl y a quelques semaines, une annonce plutot hors du commun etait postee sur le site du Selor. Celle-ci annoncait le recrutement par la Defense de specialistes en cyber-securite. Leur mission ? Assurer la protection de l'information militaire et garantir l'integrite et la disponibilite des reseaux informatiques et des systemes d'armes militaires, rien que ca.<< En realite, nous sommes a la recherche de deux types de profils precis. Des analystes, qui ont pour mission de denicher des informations utiles, d'identifier les capacites techniques et les objectifs et tactiques de nos adversaires, et des techniciens-experts, dont la fonction consiste a mettre en place tout ce qui est possible pour proteger nos donnees et pour reperer d'eventuelles attaques >>, explique le lieutenant-colonel Filip Gillet, chef de la direction Cyber du Service general de renseignement et de securite (SGRS).(c) Rossel & Cie - 2018 -- Conditions generales de ventes -- Droits de reproduction -- Protection de la vie privee - droit a l'oubli ", "theme": "archive"}