{"id_art": "4898b35d8815862e6a1174cd2719fd67", "title": "Alertesur le match Belgique - Japon ", "newspaper": "lesoir", "author": [], "date_publi": [], "content": "sur le match Belgique - Japon Frederic Larsimont Branle-bas de combat ce mardi soir aux environs de 17 heures au siege de l'Union belge. L'OCAM venait en effet d'informer les autorites du football belge d'une menace terroriste sur Belgique-Japon, arrivee sous la forme d'un appel anonyme parvenu a la Police de Bruxelles. Si la decision de suspendre le match amical a Bruges n'a jamais ete prise, le renforcement des mesures de securite a immediatement ete decrete, notamment avec l'apport de detecteurs de metaux. En fin de soiree, aucun incident ni aucun colis suspect n'avaient ete trouve.<< Une heure avant le match, nous n'etions pas surs que cette rencontre allait se tenir >>, a precise Stefan Van Loock, le responsable presse de l'Union belge. FREDERIC LARSIMONT(c) Rossel & Cie - 2018 -- Conditions generales de ventes -- Droits de reproduction -- Protection de la vie privee - droit a l'oubli ", "theme": "archive"}