{"id_art": "1a40835d1443c083c5aeb511ec219dd5", "title": "Paroles de detenus palestiniens de haute securite ", "newspaper": "lesoir", "author": [""], "date_publi": ["2017-03-23"], "content": " Paroles de detenus palestiniens de haute securite Serge DumontTEL AVIVDE NOTRE CORRESPONDANTIl n'est pas toujours facile de ramer a contre-courant en Israel. C'est donc une prouesse que vient de realiser le realisateur Itzik Lerner dont le premier episode de la serie documentaire Meggido a ete diffuse ce 22 mars par le cablodistributeur Yes. Pendant un an, Lerner a pu filmer la section securitaire de la prison de Meggido ou sont enfermes un millier de detenus palestiniens lourdement condamnes.(c) Rossel & Cie - 2018 -- Conditions generales de ventes -- Droits de reproduction -- Protection de la vie privee - droit a l'oubli ", "theme": "archive"}