{"id_art": "932acb14ea3118cefa33024e5f4549c9", "title": "Deux morts et deux blesses lors d'une fusillade dans une ecole en Californie ", "newspaper": "lesoir", "author": [""], "date_publi": ["2017-04-10"], "content": "La fusillade a eu lieu dans une ecole primaire de San Bernardino. Une enseignante est decedee ainsi qu'un eleve de 8 ans, Jonathan Martinez, des suites de ses blessures a l'hopital.Les deux autres victimes blessees de la fusillade -- une tentative de meurtre suivie d'une tentative de suicide -- ont ete hospitalisees, a precise Jarrod Burguan, le chef de la police de San Bernardino, deja le theatre d'un attentat d'inspiration islamiste en decembre 2015. ", "theme": "archive"}