{"id_art": "e60ba6aa9685eded2b7abb89beae8999", "title": "Israel: depuis les annees 90, le systeme cyber israelien n'a pas cesse de se renforcer ", "newspaper": "lesoir", "author": [""], "date_publi": ["2017-05-16"], "content": " Serge Dumont Quelque part au centre d'Israel, dans un bunker enfoui sous terre et protege par plusieurs portes blindees, des dizaines de membres des Renseignements militaires israeliens s'activent vingt-quatre heures sur vingt-quatre et sept jours sur sept pour detecter les intrusions informatiques hostiles. Pour tracer leur origine, et pour y riposter si necessaireOperationnel depuis 2015, le << quartier general cyber >> est l'un des organes les plus sensibles de l'appareil securitaire israelien et son personnel est evidemment sur le qui-vive depuis le debut de la cyber-attaque qui vient de toucher plus de cent cinquante pays. Mais il n'est pas le seul puisque l'<< Autorite nationale de defense de cyber >>, creee pour defendre les infrastructures civiles, est egalement montee au front, soutenue par la plupart des 400 entreprises israeliennes de cyber-defense ainsi que les experts de la vingtaine de et les vingt centres de recherche et developpement installes dans l'Etat hebreu.", "theme": "archive"}