{"id_art": "63f23fd7e0d02a050b62a7e23565a09f", "title": "Le spectre djihadiste pese plus que jamais sur la presidentielle ", "newspaper": "lesoir", "author": [""], "date_publi": ["2017-04-18"], "content": " MARINE BUISSONLes deux hommes arretes etaient connus pour leur radicalisation. L'un des deux << a ete en lien avec la mouvance djihadiste belge >>. L'attaque visait potentiellement un candidat a la presidentielle. La securite autour des candidats a ete renforcee. Ils etaient soupconnes d'un passage a l'acte violent et imminent. A cinq jours du premier tour de l'election presidentielle, deux hommes de 23 et 29 ans, suspectes de preparer un attentat, ont ete arretes a Marseille. La fin d'une traque qui a donne des sueurs froides a la Direction generale de la Securite interieure (DGSI) depuis une dizaine de jours.", "theme": "archive"}