{"id_art": "73b843c27b025247a316f8a0d36a528d", "title": "<< Le vote protestataire, c'est deux tiersde son electorat >> ", "newspaper": "lesoir", "author": ["william bourton"], "date_publi": ["2017-04-19"], "content": " << Le vote protestataire, c'est deux tiersde son electorat >> William Bourton Selon Christophe Barbier, Marine Le Pen est persuadee qu'elle sera face a la droite au second tour. Raison pour laquelle son programme possede des accents de gauche...Le FN de Marine Le Pen n'a-t-il vraiment plus rien a voir avec le parti de son pere ?(c) Rossel & Cie - 2018 -- Conditions generales de ventes -- Droits de reproduction -- Protection de la vie privee - droit a l'oubli ", "theme": "archive"}