{"id_art": "966b1ae8657f7e9992c7c8470121594f", "title": "La Suisse veut a nouveau seduire les investisseurs ", "newspaper": "lesoir", "author": [], "date_publi": [], "content": " Par Paolo LeonardiCoup de projecteur sur l'investissement immobilier en Suisse, un pays percu depuis toujours comme sur et sans histoire par les investisseurs. Les vacances de Noel approchent a grands pas et entrainent avec elles, pour ceux qui en ont bien sur les moyens, les envies de posseder leur chez-soi a la montagne.Au moment de porter son choix sur une eventuelle acquisition, la France vient automatiquement a l'esprit de l'acquereur belge. Mais avec ses cantons ou l'on parle le francais, la Suisse romande possede aussi ses adeptes.Depuis la nuit des temps, la Suisse est vue comme un pays sur a beaucoup de points de vue. Sa monnaie est forte (trop forte diront certains...). C'est un pays stable sur le plan politique qui est a l'abri des conflits sociaux et, ce qui ne gache rien, qui semble a des annees-lumiere de connaitre le terrorisme. Y investir, c'est donc privilegier la securite. Et l'on sait combien l'immobilier adore la securite et deteste l'incertitude.Responsable de la Suisse aupres du courtier international Knight Frank, Alex Koch de Gooreynd connait bien le marche helvete, et pas que francophone d'ailleurs. << L'immobilier suisse a traverse une mauvaise periode mais aujourd'hui, le marche reprend meme si la remontee est lente >>, affirme-t-il.Son marche de predilection concerne les biens de prestige, comme en temoigne le meilleur << deal >> qu'il a realise depuis que Knight Frank a mis les pieds en Suisse il y a huit ans : un chalet a Verbier vendu pour... 32 millions d'euros. Dans le dernier rapport annuel qui porte sur les biens a la montagne, le courtier qui a son siege principal a Londres pointe seulement trois villes suisses qui ont vu leurs prix augmenter ces douze derniers mois : Gstaad (+1,8 %), Andermatt (+1,6 %) et Saint-Moritz (+0,5 %). Les autres baissent, comme Verbier par exemple qui affiche -1,7 %, ou chutent carrement. C'est le cas de Villars-sur-Ollon (-5 %), Davos (-8,2 %) et meme Crans Montana ou la perte de vitesse est vertigineuse (-15 %).Plusieurs facteurs expliquent cette descente aux enfers. Le premier a trait au franc suisse. Celui-ci a considerablement augmente, rendant les achats en Suisse plus chers et favorisant dans une certaine mesure, par un effet de vases communicants, le marche des locations.Le deuxieme facteur concerne l'intransigeance des vendeurs a baisser leurs prix, un phenomene que l'on observe d'ailleurs dans d'autres pays. Enfin, le troisieme facteur concerne la fameuse loi Weber, introduite en 2012, qui restreint l'acces a la propriete pour les etrangers (lire ci-dessous). << Apres sa divulgation, le gouvernement a reflechi pendant trois ans pour savoir comment la mettre en application, intervient Alex Koch. Du coup, les acheteurs ont hesite et pour ceux qui etaient encore interesses, ils ont fortement reduit leur budget. La preuve ? Ce qui se vend le mieux aujourd'hui dans notre portefeuille, ce sont les biens de moins de 2 millions de francs suisses (NDLR : 1,7 million d'euros). >> S'il vend majoritairement a des Anglais et a des Suisses, Alex Koch voit aussi passer beaucoup d'acheteurs belges. Surtout a Verbier, ou il nous emmene en ce debut decembre. << Pour vos compatriotes, le chalet a la montagne represente tres souvent une seconde residence, la ou l'Anglais veillera d'abord a acheter une seconde residence dans la campagne anglaise, une troisieme a la Barbade ou ailleurs dans les Caraibes, puis seulement une quatrieme a la montagne, dit-il face a un paysage deja entierement recouvert de neige. Le Belge achete soit des petits appartements a maximum 3 ou 4 millions, soit des mega-chalets a 15 millions d'euros. Je ne vous apprendrai rien : les grandes familles qui ont de gros moyens ne manquent pas dans votre pays. Ces grands espaces sont acquis pour pouvoir accueillir les enfants, petits-enfants et amis pendant les vacances. >> Dans cette station qui fait partie de la commune de Bagnes que les Belges apprecient particulierement et ou Knight Frank a decide d'intensifier ses efforts, le courtier nous guide a travers les ruelles de Sonalon et des Esserts, ou les prix atteignent allegrement les... 12.800 euros/m2.Dans ces deux quartiers les plus exclusifs de Verbier, on y loue (facilement) son chalet a 40.000 euros la semaine. Un achat coute donc tres cher, mais il rapporte aussi cher et vilain. << A Verbier et ses environs, les prix varient fortement en fonction de la localisation, previent Alex Koch. Vous voyez ce village au loin ? C'est Bruson. Un chalet qui y coute 11 millions verra son prix tripler s'il est situe ici, derriere nous, a Sonalon alors qu'il n'est distant que de 300 metres a vol d'oiseau et qu'une telecabine relie les deux domaines skiables. Mais a Sonalon, les vues sont exceptionnelles et puis surtout, c'est l'endroit ou tout le monde veut etre... >> Verbier se presente comme une station << jeune et energique >>. Le ski est une chose, le divertissement en est une autre. Et l'un ne va pas sans l'autre. << Mais c'est une station qui vit toute l'annee, tient a preciser Florian Michellod, le president de la Societe de developpement du tourisme. Trois mille habitants y vivent a l'annee et l'hiver, on monte jusqu'a 40.000 personnes. Du 15 juillet a la fin octobre, toute une serie d'activites y sont organisees, dont le celebre Verbier Festival qui attire quelque 40.000 amateurs de musique classique pendant 17 jours. >> L'hotellerie y tient une part importante, comme en temoigne l'ouverture recente d'un etablissement trendy de la chaine << W >>. << Il y a egalement un projet visant a construire un hotel Mandarin Oriental, conclut Florian Michellod. Verbier a beaucoup mise sur ses infrastructures et va continuer a le faire. Vingt millions viennent d'etre injectes pour refaire la route principale et nous venons aussi de reconstruire le centre sportif pour 21 millions de francs suisses. Il est notamment dote d'une patinoire et d'une piscine. C'est fondamental si l'on veut continuer a attirer la clientele car aujourd'hui, les touristes ne recherchent plus uniquement le ski. Ils veulent autre chose... >> Par Paolo LeonardiDeux lois regissent l'immobilier suisse. La premiere est la loi Koller. Datant de 1997, elle restreint l'acquisition d'immeubles par des personnes etrangeres. Sans entrer dans les details, elle stipule qu'on ne peut pas acheter un bien sur le territoire national, a moins d'etre Suisse ou en possession d'un permis de resident. Une exception : des << zones >> ont ete designees par les autorites ou l'achat d'une residence de vacances est autorise. Toutes les stations de ski en font partie. Attention toutefois : un acheteur ne peut acheter qu'un seul bien et celui-ci ne peut exceder 200 m2 habitables. En outre, le bien ne peut etre revendu avec benefice endeans les 5 ans suivant l'acquisition. Il y a ensuite la loi Weber. Promulguee en 2012, elle vise a lutter contre les lits froids (inoccupes en dehors des periodes de vacances). En gros, 80 % du territoire des stations de ski doivent etre dedies exclusivement aux residences principales (pour lesquelles il faut la nationalite ou un permis de resident). Les 20 % restants peuvent etre destines a des residences secondaires.Voila pourquoi a Verbier, comme dans beaucoup d'autres stations suisses, un acheteur etranger ne peut plus acquerir un bien neuf puisque le quota de 20 % a ete depuis longtemps atteint. On notera malgre tout qu'il peut acheter un bien situe dans une residence hoteliere avec services. Il jouira alors de son bien quelques semaines par an mais le restant de l'annee, il devra le placer en gestion locative.Notons encore que si un bien a ete achete avant la promulgation de ces lois en tant que residence secondaire, il peut etre acquis en tant que tel par un acheteur etranger. Mis en ligne le 20/12/2017 a 13:53 Par Paolo Leonardi Plante au centre de la rue principale, la << Regie Turrian >> fait partie des meubles du petit village de Villars-sur-Ollon. Creee en 1964, d'abord comme fiduciaire, puis comme agence immobiliere, elle est aujourd'hui geree par Patrick Turrian, lequel endosse egalement la casquette de ... maire de Villars.Si cette commune des Alpes vaudoises de 800 ames (qui accueille jusqu'a 15.000 personnes au pic de la saison) merite aujourd'hui une attention particuliere, c'est qu'elle fait partie de ces stations de sports d'hiver suisses qui ont decide d'investir massivement dans leurs infrastructures.Bon pour l'immobilier et les acheteurs qui voient ainsi un avenir securise pour leur investissement. << Le marche compte environ 2.000 residences secondaires et toutes agences confondues, Villars enregistre une centaine de ventes par an, explique Patrick Turrian. Il y en a pour tous les gouts et toutes les bourses mais nous avons aussi des chalets qui se vendent entre 7 et 10 millions d'euros. >> Longtemps, Albert et Paolo sont venus se ressourcer a Villars-sur-Ollon, tout comme les Grands-Ducs du Luxembourg. Le lien avec la Belgique est reel, et pas uniquement parce que l'endroit n'est separe du plat pays que par 800 kilometres. << L'immobilier est en train de bouger, poursuit notre agent-maire. L'hotel du Golf et l'hotel Royal, un cinq etoiles avec un restaurant classe une etoile au Michelin, viennent d'etre vendus a des Chinois. Un troisieme, reste longtemps a l'abandon, a ete acquis par des habitants de Villars qui vont le restaurer. Nous avons besoin de capitaux frais pour renover notre parc immobilier qui est vieillissant... >> Ce n'est pas l'exposition plein sud et l'enneigement ideal de ce coin paisible du canton de Vaud qui ont attire les investisseurs de l'empire du Milieu. L'un de ceux-ci avait son enfant dans l'un des quatre colleges internationaux qui font la fierte de la commune. Le Beau Soleil, l'Aiglon, la Garenne et le Pre Fleuri figurent parmi les meilleurs etablissements secondaires au monde mais ils sont reserves a l'elite (le prix d'entree demarre a 100.000 francs suisses par annee). << Ces ecoles participent a la dynamique immobiliere car beaucoup de parents cherchent a acquerir une residence primaire ou secondaire pour etre proches de leur progeniture >>, sourit Patrick Turrian qui tient a preciser que sa station n'est pas uniquement dediee a la pratique du ski.Un golf 18 trous l'ete, des trains d'altitude qui peuvent emmener les cyclistes et autres randonneurs jusqu'a 1.800 metres d'altitude, une patinoire et un nouveau centre wellness qui a coute 20 millions d'euros et qui propose une piscine en plein air avec une eau chauffee (au bois) a 37 degres l'hiver figurent parmi les autres attraits de Villars. Sans parler de la proximite du lac de Montreux (une demi-heure de voiture a peine), endroit romantique a souhait.Deux grands projets vont permettre au village de se projeter dans le futur. Estime a 50 millions d'euros, celui baptise << Hedonia >> offrira 20 appartements haut de gamme, des commerces et du parking public avec une vue imprenable sur la vallee et le Mont-Blanc. Fait en bois et pierres du pays pour mieux faire ressortir l'<< esprit chalet >>, il est attendu comme le messie depuis... 30 ans. << Detail important : il peut etre vendu a des etrangers, souligne Patrick Turrian. La commercialisation debutera l'hiver prochain pour une ouverture programmee fin 2019. >> L'autre gros projet s'intitule << Domaine du Roc >>. Situe lui aussi a deux minutes a pied des pistes, il sera encore plus luxueux que l'Hedonia car il s'agit de deux chalets purement residentiels situes au milieu d'un parc, entre la telecabine et la gare. << Aujourd'hui, 16 appartements sont quasiment termines et 10 ont deja trouve preneurs, se rejouit notre interlocuteur. Les appartements les moins chers se sont vendus a 2,3 millions d'euros, pour environ 170 m2. La deuxieme phase prevoit la construction de deux chalets individuels. Un dernier immeuble de 8 appartements grand luxe figure au programme de la troisieme et derniere phase. >> Coquetterie du promoteur : les deux chalets s'appelleront Coco et Grace, en reference a Coco Chanel et Grace Kelly qui venaient passer leurs vacances a Villars.Toutefois, Patrick Turrian ne cache pas que les temps sont durs pour l'immobilier suisse. << Les lois Koller et Weber ne nous facilitent pas la tache. Et c'est pareil avec le franc suisse qui est devenu trop cher et qui rend les acquisitions pour des etrangers moins interessantes. Heureusement, depuis cet ete il a un peu baisse, ce qui est une bonne chose. Comptez 1,17 CHF pour 1 euro et 1,32 CHF pour 1 Livre sterling... >> Reste que Villars-sur-Ollon n'echappe pas a la regle qui veut que, comme dans toutes les stations de sports d'hiver, il y aura toujours des acheteurs pour des produits d'exception. << Mais le moment est propice a l'achat pour d'autres types de biens car le village regorge d'excellentes opportunites a saisir en revente... >> Agent immobilier quand tu nous tiens...quelques regles de bonne conduite avant de reagir LOCATION DROME VAISON LA ROMAINE Location Tenerife - La Caleta CItytrip LUXEMBOURG VILLE (c) Rossel & Cie - 2018 Conditions generales de vente - Droits de reproduction - Protection de la vie privee - Droit a l'oubli ", "theme": "archive"}