{"id_art": "8436fe160f3c1c93af70912adc318a0c", "title": "Par ici la monnaie ! ", "newspaper": "lesoir", "author": ["philippe regnier"], "date_publi": ["2017-05-20"], "content": " au << sommet >> de l'otan Par ici la monnaie ! Philippe Regnier Par ici la monnaie !Le 9 juillet 2016, les 28 pays allies au sein de l'Otan concluaient le communique de leur sommet a Varsovie, au 139e et dernier point d'un texte long de 114.838 caracteres, en declarant que << nous nous rejouissons a la perspective de nous reunir de nouveau en 2017 au nouveau siege de l'Otan a Bruxelles >>. A ce moment-la, la victoire probable de Mme Clinton est dans tous les esprits.Mais voila, le scrutin a consacre le magnat de l'immobilier, qui decreta que l'Otan etait << obsolete >> car inefficace contre le terrorisme islamiste et un fardeau insupportable pour le contribuable US, au point de sous-entendre que le sacro-saint principe du << un pour tous, tous pour un >> ne vaudrait en cas d'attaque ennemie que pour les bons payeurs...(c) Rossel & Cie - 2018 -- Conditions generales de ventes -- Droits de reproduction -- Protection de la vie privee - droit a l'oubli ", "theme": "archive"}