{"id_art": "9c5198e037e5d149fcd4171e4cdedb7c", "title": "Oussama Atar aurait ete apercu en Belgique apres les attentats de Bruxelles ", "newspaper": "lesoir", "author": [], "date_publi": [], "content": " Camille Tang Quynh Attentats de Bruxelles D'apres CNN, le terroriste belge - qui fait l'objet d'une chasse a l'homme internationale - aurait rendu visite a sa famille en aout dernier, quelques mois apres les attentats de Bruxelles. Soupconne d'etre aux commandes des attentats de Paris et de Bruxelles, il est l'un des hommes les plus recherches par les unites antiterroristes. Oussama Atar, cousin des freres kamikazes Khalid et Ibrahim El Bakraoui, aurait ete de passage en Belgique l'ete dernier, soit quelques mois apres les attaques terroristes perpetrees a Maelbeek et a Brussels Airport.D'apres CNN, le terroriste belge de 32 ans - qui fait l'objet d'une chasse a l'homme internationale - aurait rendu visite a sa famille en aout dernier. << Il est en contact direct avec eux et les a vus en personne >>, affirme une source judiciaire au media americain. Le parquet federal n'a pas souhaite reagir a cette information. Tout comme la famille d'Atar qui, contactee par CNN, s'est refusee a tout commentaire.", "theme": "archive"}