{"id_art": "58ae25e5eb49b88438be921e0cf604f6", "title": "La Russie accuse Trump de pousser la Coree du Nord a <<une catastrophe>> ", "newspaper": "lesoir", "author": [], "date_publi": [], "content": " Par AFPLe president americain a annonce lundi que les Etats-Unis avaient decide d'inscrire a nouveau la Coree du Nord sur leur liste noire des << Etats soutenant le terrorisme >> Moscou a accuse jeudi les Etats-Unis de pousser la Coree du Nord a << une catastrophe >>, en placant le pays dans la liste des Etats qui soutiennent le terrorisme.<< De telles actions, le fait d'entrainer la situation au bord du gouffre, cela risque de se terminer par une grande catastrophe, non seulement a l'echelle regionale, mais a l'echelle mondiale >>, a mis en garde la porte-parole du ministere russe des Affaires etrangeres, Maria Zakharova.La decision de Washington << ne contribue pas a faire baisser la tension >> sur la peninsule coreenne, a-t-elle ajoute au cours d'un point de presse. << Cela ressemble plus a une nouvelle action d'intimidation, a une demarche mediatique, alors qu'il faut se concentrer sur un travail diplomatique qui doit conduire a un reglement de la situation >>.Le president americain Donald Trump a annonce lundi que les Etats-Unis avaient decide d'inscrire a nouveau la Coree du Nord sur leur liste noire des << Etats soutenant le terrorisme >> pour accroitre la pression contre son programme nucleaire.quelques regles de bonne conduite avant de reagir LOCATION DROME VAISON LA ROMAINE Location Tenerife - La Caleta CItytrip LUXEMBOURG VILLE (c) Rossel & Cie - 2018 Conditions generales de vente - Droits de reproduction - Protection de la vie privee - Droit a l'oubli ", "theme": "archive"}