{"id_art": "fbb1b45efd4133024a3d9f060cd71b34", "title": "Pacte energetique: <<Charles Michel cherche a fuir ses responsabilites>>, denonce l'opposition ", "newspaper": "lesoir", "author": [], "date_publi": [], "content": "Le MR a pris vigoureusement la defense du Premier ministre. Les autres groupes de la majorite sont restes discrets. Le Premier ministre, Charles Michel, a confirme son absence mercredi et jeudi a la Chambre, est-il ressorti de la Conference des presidents de l'assemblee organisee a la suite d'une suspension de seance mercredi apres-midi. L'opposition a denonce une << vacance du pouvoir >> tandis que le president Siegfried Bracke a exprime son regret apres un troisieme contact infructueux avec les services du Premier ministre.<< Je le regrette mais ceci etant dit, j'en prends acte >>, a explique M. Bracke a la reprise des travaux.", "theme": "archive"}