{"id_art": "61866099cbb73f56d0347b683ce7df2e", "title": "Le Festival de Cannes observe une minute de silence pour Manchester ", "newspaper": "lesoir", "author": [""], "date_publi": ["2017-05-23"], "content": " S.Mn. avec AFPAttentat Manchester Des forces de securite plus imposantes que jamais ont ete deployees pour cette 70e edition du Festival. Une minute de silence sera observee mardi a 15H en haut des marches au Festival de Cannes, en solidarite avec Manchester, touchee lundi soir par un attentat qui a fait 22 morts, a annonce Thierry Fremaux, le directeur delegue du Festival.<< Je voulais dire notre solidarite avec la ville de Manchester, il faut montrer qu'on ne se laisse pas faire et que la vie continue. A 15H, nous serons en haut des marches pour observer une minute de silence >>, a-t-il annonce, avant la projection d'un film posthume du cineaste iranien Abbas Kiarostami. Voir la video sur mobile ", "theme": "archive"}