{"id_art": "9dda8d4039feec025dc2360f3d2ee8a8", "title": "Emploi et education : et si on decretait une tolerance zero? ", "newspaper": "lesoir", "author": [], "date_publi": [], "content": " Beatrice Delvaux Un jeune bruxellois entre 18 a 24ans sur cinq et un jeune wallon entre 18 et 24 ans sur six n'est ni a l'ecole ni au travail. Vous avez bien lu: ni en formation, ni en enseignement, ni en emploi. Un echec terrible pour le monde francophone. L'edito de Beatrice Delvaux. C'est la plaie principale des Bruxellois et Wallons, c'est la statistique la plus noire du monde francophone belge. Il ne s'agit ni de securite, ni de radicalisation, ni de terrorisme, mais d'une forme bien plus endemique de perdition : un jeune bruxellois entre 18 a 24 ans sur cinq et un jeune wallon entre 18 et 24 ans sur six n'est ni a l'ecole ni au travail. Vous avez bien lu : ni en formation, ni en enseignement, ni en emploi.Ce groupe flottant, sans perspective et pourtant quasi adulte, baptise <<Neet>> par les Anglo-Saxons, est la veritable bombe qui vit au coeur de notre societe francophone. Comment en effet considerer autrement la masse de ces jeunes, qui << errent >> en ce moment-cle ou ils devraient batir - ou trouver - une confiance dans l'avenir et en eux-memes par l'insertion dans un milieu professionnel, la perception d'un salaire. Des recettes ont tres bien fonctionne ; l'apprentissage ou le jeune apprenait tres tot le travail et la vie qui en decoule tout en continuant l'ecole. Et les cours du soir qui ont forme de A a Z de supers techniciens. Malheureusement, l'ecole obligatoire jusqu'a 18 ans a decourage ceux qui avaient besoin d'autre chose... Ayant lu votre texte (ou resume) reellement \"dramatique\" et lu ,tous les commentaires (qui n'apportent que peu ou rien de transcendant)......Qu'entendez vous Mme DELVAUX par scolarisation de personnes de 18 a 24 ans , deja passees par tous les echecs et tous les errements ?? Pouvez- vous Mme DELVAUX nous fournir une sorte de CANEVAS CONCRET afin de resoudre cette equation pitoyable dans nos regions fr.,,??? Canevas ,bien entendu qui tienne la route et ne soit en rien farfelu, ou realite \"fumeuse\" unilaterale?? Il est a songer qu'apres 40 annees ,ON aurait pu s'y atteler ,NON??? Enfin; les solutions viennent sans doute de l'exemple d'en haut ? Par ailleurs ,uniquement \"penser, passe\"; \"agir passe\" est meurtrier et un modele \"tranquille\" qui puisse vous agreer n'a plus rien a voir avec le FUTUR du PRESENT. Donc ,vous et les votres cherchez... et cessez de remettre le couvert a chaque edition de ce journal , car cela egalement s'avere deletere et demeure improductif. A ces 18 24 ans ; Il faut autre chose a apprendre.....mais ;il serait utile qu'ils puissent ENFIN FINALISER .... Je refuse de croire ,que ces 18 24 ans aiment a FAIRE NEANT. Le drame est que cette situation n'est pas prete de s'ameliorer.En effet la REFORME DU SIECLE DE L'ENSEIGNEMENT QU'EST LE PACTE, ignore cette situation. Les acteurs proposent un TRONC COMMUN de la 1degP a la 3degS avec passage automatique, sans evaluations certificatives. Connaissent-ils mal, a ce point, les etres humains pour croire que les eleves vont fournir le moindre effort s'il n'y a pas de contraintes? Ils refusent de voir que le passage automatique de 1deg S en 2deg S qui a lieu depuis 2 ans est une reelle catastrophe et en rajoute une couche.( Pour information, les resultats du CE1D 2017 n'ont pas ete publies et devaient faire l'objet d'une analyse en commission de pilotage en septembre/octobre, mais rien n'a filtre jusqu'a present!). En outre, \"le TRONC COMMUN proposera un enseignement VRAIMENT COMMUN a tous les eleves et cet enseignement, au contraire de la situation actuelle, proposera une formation\" pluridisciplinaire\" et \"polytechnique\". On sortira l'eleve des cours traditionnels (francais, maths, ...) pour lui proposer de l'art, davantage de sport, un eveil aux technologies\".On croit faire un cauchemar : le niveau de notre enseignement est au plus bas et LE PACTE propose (plutot impose) un enseignement egalitaire qui ne peut qu'en diminuer encore le niveau , un abandon des cours de base que sont les maths et le francais au profit d'art (???) et de sport, d'eveil aux technologies qui fera de nos eleves des sous-developpes intellectuels a la botte des asiatiques, toujours les MEILLEURS aux enquetes PISA (les eleves asiatiques sont travailleurs et les plus forts en maths!). Il serait fondamental de realiser que la suppression du redoublement ne va pas augmenter le niveau de formation, de connaissances, de competences de nos eleves! Selon certains, le redoublement engendrerait une devalorisation des eleves.Le passage de niveau sans les connaissances et competences necessaires n'engendre-t-il pas, chez ceux-ci, souffrances et decouragement? Assister a un cours de maths de 2deg S, par exemple, sans maitriser celui de 1degS est un supplice qui engendre des comportements inciviques vis-a-vis des profs et des autres eleves. \"Tu peux conduire ton cheval a la riviere mais tu ne peux pas le forcer a boire!\".Principe de liberte de chacun! ", "theme": "archive"}