{"id_art": "58eef4ba3ad0ebdb53a8bac46101436f", "title": "Pour 2018, le Plan chiffre l'effort budgetaire a 6,5 milliards ", "newspaper": "lesoir", "author": ["dominique berns"], "date_publi": ["2017-03-23"], "content": " Dominique Berns La trajectoire budgetaire suppose le retour a l'equilibre structurel de la Maison Belgique l'an prochain. Il faudra, selon le Bureau du Plan, un sacre coup de collier... Le Bureau federal du Plan a transmis cette semaine ses previsions economiques 2017-2022 au Conseil superieur des Finances (CSF), qui doit d'ici la fin du mois proposer aux gouvernements une trajectoire budgetaire qu'il s'agira ensuite d'aller defendre devant la Commission europeenne. Et c'est peu dire que les nouvelles ne sont pas bonnes.Apres un controle budgetaire federal sans douleur (lisez : sans nouvelles mesures d'economie, sans nouvelles taxes), le document confidentiel - revele ce mercredi par De Tijd et que nous avons pu consulter - sonne comme un mechant rappel a l'ordre.En effet, selon le Plan, le deficit budgetaire structurel de la Maison Belgique (Etat federal, entites federees et Securite sociale) atteindrait, a politiques inchangees, 1,5 % du PIB en 2018.", "theme": "archive"}