{"id_art": "c425ec5a691065ab23edfee08b41618c", "title": "<<La France, prochain domino aux mains des populistes>> ", "newspaper": "lesoir", "author": [""], "date_publi": ["2017-03-02"], "content": " Par SELIM DERKAOUI (st.)Nicolas Baverez, economiste francais de tendance liberale, denonce le declin d'une France qui s'empeche de se reformer depuis plusieurs annees, dans un contexte europeen extremement fragilise. Vous preconisez << un choc sur l'euro >> et une relance de l'integration europeenne. Comment la relancer dans un tel contexte de desintegration et de desaveux generalise ? ", "theme": "archive"}