{"id_art": "233a44a7a66ae5747735a290ab5a8753", "title": "<<Stockholm reste forte et belle>>: les Suedois s'expriment sur les reseaux sociaux ", "newspaper": "lesoir", "author": [], "date_publi": [], "content": " <<Stockholm reste forte et belle>>: les Suedois s'expriment sur les reseaux sociaux Apres les attentats a Stockholm, les Suedois ont decide de montrer sur les reseaux sociaux qu'ils n'avaient pas peur. Apres Paris, Bruxelles, Nice et Londres, c'est la ville de Stockholm a malheureusement ete la cible d'attentats. Suite a cet acte odieux, les Suedois ont decide de montrer sur les reseaux sociaux qu'ils n'avaient pas peur, et que Stockholm restait << la plus belle ville au monde >>. Quelques heures apres les attaques, le Premier ministre suedois, Stefan Lofven, avait demande au pays de ne surtout pas ceder face au terrorisme. Des mots qui ont ete apparemment entendus par les Suedois, etant donne qu'ils ont ete nombreux a partager sur Twitter ou les autres reseaux sociaux, leur fin de soiree ou encore des photos en commentant que leur ville reste la << plus belle du monde >>. A travers ces differentes publications, ils veulent montrer que le terrorisme ne changera pas leur facon de vivre.<< Stockholm reste forte et belle >>.<< Aujourd'hui, je bois ma boisson du vendredi, comme je le fais toujours >>.<< Aucun terroriste pourra detruire la decadence suedoise. Quelque chose a defendre >>. (c) Rossel & Cie - 2018 Conditions generales de vente - Droits de reproduction - Protection de la vie privee - Droit a l'oubli ", "theme": "archive"}