{"id_art": "58d5c57b45b65db79df9930517be0a25", "title": "Les avocats inquiets de l'evolution du secret professionnel ", "newspaper": "lesoir", "author": [], "date_publi": [], "content": "Des menaces dues aux nouvelles lois. L'Ordre des avocats francophones s'inquiete de l'evolution des lois encadrant le secret professionnel. << Le secret de ceux qui detiennent les confidences des citoyens par necessite, voire utilite, est menace >>, a averti le president d'Avocats.be, Jean-Pierre Buylle, dans la lettre d'information de l'Ordre.Plusieurs reformes ont ete entreprises recemment et certaines ont fait la une de l'actualite, en particulier celle qui touche les travailleurs sociaux des CPAS. Une modification de l'article 458 du Code penal, qui punit la violation du secret professionnel, est aussi en chantier. Une exception serait introduite des lors qu'il est question de proteger l'integrite d'une personne, la securite publique ou la securite de l'Etat. Elle ne s'appliquerait pas a la transmission d'informations confidentielles d'un client par son avocat lorsqu'elles sont susceptibles d'incriminer ce client.", "theme": "archive"}