{"id_art": "b5489b1860fb71be82ecd53792c69a51", "title": "securite Une affaire de frontieres ", "newspaper": "lesoir", "author": [""], "date_publi": ["2017-05-02"], "content": " securite Une affaire de frontieresRestauration effectivedes frontieres de l'Hexagone.Traitement administratif ou penal immediat des fiches S (radicalises).Le retablissement de la peinede mort pourrait etre proposea referendum.Ce n'est pas dans la lutte contre le terrorisme que se place la difference entre partis traditionnels et extreme droite, constate d'emblee Pascal Delwit. En la matiere, chaque parti entend marquer le caractere martial de l'Etat. >> Proposer la restauration des frontieres de l'Hexagone au detriment de Schengen, comme le fait le FN, consiste a aller tres loin pour lutter contre le terrorisme. << Mais dans le propos, comme on a encore pu le voir recemment apres l'attentat des Champs-Elysees, chaque parti tient a se montrer \"martial\". >>(c) Rossel & Cie - 2018 -- Conditions generales de ventes -- Droits de reproduction -- Protection de la vie privee - droit a l'oubli ", "theme": "archive"}