{"id_art": "f4077ca2515ade0ebeb85cbe09d0a513", "title": "<< Sans accord avec la Turquie, on aura un desastre >> ", "newspaper": "lesoir", "author": [""], "date_publi": ["2017-03-23"], "content": " << Sans accord avec la Turquie, on aura un desastre >> Dimitris Avramopoulos lance un message a la Turquie.<< Revenons ou on en etait, et travaillons a rapprocher la Turquie de l'Europe ! >>Un blocus pour refouler les migrants? <<L'Europe n'est pas envahie par des ennemis!>>, tonne Dimitris Avramopoulos. Gert VerbelenL'accord entre l'UE et la Turquie a ete conclu il y a un an. Il fait depuis l'objet de nombreuses critiques. Y compris par des Europeens. Le Premier ministre belge Charles Michel lui-meme, qui a toujours ete critique, redit cette semaine dans Le Vif que l'accord aurait du etre mieux negocie. Dimitris Avramopoulos, le commissaire europeen a la Migration et aux Affaires interieures, assure que cet arrangement doit se poursuivre et refuse de donner trop de credit aux vociferations turques engendrees par les recentes interdictions de meetings electoraux turcs aux Pays-Bas et en Allemagne.Ces deux dernieres semaines, la Turquie a menace a plusieurs reprises de suspendre le deal avec l'Union europeenne. Avez-vous un plan B ?(c) Rossel & Cie - 2018 -- Conditions generales de ventes -- Droits de reproduction -- Protection de la vie privee - droit a l'oubli ", "theme": "archive"}