{"id_art": "6082198229b14e8ec24d67b2ac90407c", "title": "A Bigorno, on a vote Macron pour << une ruralite moderne et innovante >> ", "newspaper": "lesoir", "author": ["veronique kiesel"], "date_publi": ["2017-05-06"], "content": " A Bigorno, on a vote Macron pour << une ruralite moderne et innovante >> Veronique Kiesel Bigorno est la championne de France des votes pro-Macron (77,11%). Bigorno (Haute-Corse)De notre envoyee specialeVoila, vous etes a Bigorno, bienvenue ! >> Christophe Graziani, 26 ans, maire de la commune de Bigorno, championne de France des votes pro-Macron (77,11 %), est heureux de faire visiter son village : des grappes de maisons accrochees a la montagne, exposees plein sud. La vue sur la vallee et les montagnes enneigees, le ciel ou plane un aigle, les hauteurs couvertes de maquis : tout est magnifique.(c) Rossel & Cie - 2018 -- Conditions generales de ventes -- Droits de reproduction -- Protection de la vie privee - droit a l'oubli ", "theme": "archive"}