{"id_art": "1fc7c5b95a0a511cc05f344c82df130c", "title": "La lecon d'une association islamique dans la maison communale de Genk cree la polemique ", "newspaper": "lesoir", "author": [], "date_publi": [], "content": "Le predicateur neerlandais Ali Houri a mis en garde les personnes presentes contre la musique et les a exhortees a ne pas se rendre dans des endroits ou de l'alcool etait vendu. L'emission neerlandaise <<Nieuwsuur>> a cree la polemique en Flandre a la suite d'un reportage montrant la lecon donnee par un predicateur islamique dans la maison communale de Genk. La secretaire d'Etat a l'Egalite des chances, Zuhal Demir (N-VA), a exprime son indignation. Le bourgmestre a demande une enquete.Au cours de cette lecon donnee le 30 septembre a l'invitation de l'association <<Al Qiblah-Het Kompas>>, le predicateur neerlandais Ali Houri a mis en garde les personnes presentes contre la musique et les a exhortees a ne pas se rendre dans des endroits ou de l'alcool etait vendu. Dans l'assistance, hommes et femmes etaient separes. Selon le quotidien <<Het Belang van Limburg>>, le predicateur s'est distingue il y a quelque temps par un appel aux dons en faveur de Tarik Ibn Ali, religieux salafiste arrete a la suite des attentats en Espagne et soupconne d'incitation au terrorisme.", "theme": "archive"}