{"id_art": "ade90daf6251ab64bdbb54402ac05dbe", "title": "L'apres ", "newspaper": "lesoir", "author": [""], "date_publi": ["2017-05-22"], "content": " L'apres Des noms pourront etre associes a 251 victimes, sur un total (jamais etabli avec certitude par les pompiers) de 323 mortsCent cinquante blesses sont repartis dans les hopitaux bruxellois. Le Roi Baudouin et le Premier ministre Paul Vanden Boeynants rendent hommage aux victimes. Le travail d'identification des corps est terrible. Les analyses ADN, a cette epoque, ne sont pas connues. Des volontaires de la Croix-Rouge seront assignes a la lourde tache de recuperer dans les decombres des restes humains calcines.(c) Rossel & Cie - 2018 -- Conditions generales de ventes -- Droits de reproduction -- Protection de la vie privee - droit a l'oubli ", "theme": "archive"}