{"id_art": "bf5ce9ecadcba1b08b0b6d3f6ecc626f", "title": "Un arret tres attendu de la cour de Cassation en Belgique ", "newspaper": "lesoir", "author": [""], "date_publi": ["2018-02-02"], "content": " A.MoDans la traque mondiale que mene la Turquie a l'egard du Parti des travailleurs du Kurdistan (PKK) et des gauches qu'elle juge subversives, une breche s'est ouverte...Le PKK - dont le Parti de l'union democratique (PYD) est l'emanation syrienne - est une organisation turco-kurde classee << terroriste >> par Ankara, l'Union europeenne et les Etats-Unis. Toutefois, les branches armees des deux partis (1) sont soutenues par la coalition arabo-occidentale (dont fait partie la Belgique) dans le cadre de la lutte contre Daesh en Irak et en Syrie.En Belgique, une decision de la Cour de cassation, concernant un dossier de terrorisme lie au PKK, est par ailleurs tres attendue. Le Parquet federal avait exige le renvoi en correctionnelle de 36 personnes et societes belges pour participation aux activites terroristes du PKK. L'enquete, lancee en 2006, concernait les filieres de recrutement et de financement de l'organisation en Belgique.", "theme": "archive"}