{"id_art": "6548096dbc3e7f1f1f31dadcd7e268d5", "title": "Le meurtre d'un homme a New York requalifie en acte terroriste ", "newspaper": "lesoir", "author": [], "date_publi": [], "content": " Le meurtre d'un homme a New York requalifie en acte terroriste Un ex-militaire avait tue un sexagenaire au couteau mercredi dernier.Image d'illustration (c) AFPImage d'illustration. (c) AFP L'ex-militaire interpelle pour le meurtre au couteau d'un sexagenaire noir fait desormais l'objet de deux chefs d'inculpation pour acte de terrorisme, en plus de celui pour crime raciste, a indique lundi le bureau du procureur de Manhattan, a New York.Le suspect, James Jackson, <<a rode dans les rues de New York pendant trois jours a la recherche d'une personne noire a assassiner, afin de lancer une campagne terroriste contre les habitants de Manhattan et les valeurs que nous portons>>, a indique le procureur Cyrus Vance, dans un communique.<<C'est avec toute sa presence d'esprit que la semaine derniere, il a mis son plan a execution, selectionnant au hasard un new-yorkais sur la seule base de la couleur de sa peau, en le poignardant a plusieurs reprises et publiquement dans une rue de Midtown>>, a-t-il ajoute.James Jackson, 28 ans, s'etait presente de lui-meme au commissariat de Times Square mercredi dernier pour livrer des aveux, un peu plus de 24 heures apres son crime.Assurant appartenir au mouvement qui prone la suprematie blanche, il avait indique s'etre rendu a New York en bus depuis Baltimore (est), car New York est <<la capitale mediatique du monde>> et qu'il souhaitait <<faire parler de lui>>, avait declare vendredi William Aubry, responsable des enquetes de la police de New York pour le quartier de Manhattan. (c) Rossel & Cie - 2018 Conditions generales de vente - Droits de reproduction - Protection de la vie privee - Droit a l'oubli ", "theme": "archive"}