{"id_art": "716956ad7e6d909ecf2ce8cc372472e7", "title": "Un controle budgetaire sans douleur ", "newspaper": "lesoir", "author": [], "date_publi": [], "content": " Un controle budgetaire sans douleur Dominique Berns En moins d'une semaine,la coalition federale a boucle ses travaux budgetaires.Au menu, il n'y a pasde nouvelles taxesni de nouvelles mesures d'economies.Ce controle budgetaire etait le plus simple qu'a jamais eu a effectuer la suedoise. Le gouvernement federal a pris tout le monde par surprise, bouclant le controle budgetaire de printemps samedi en fin de soiree. Dimanche matin, des 9 heures, le Premier et les principaux ministres ont presente le resultat de leurs travaux.En un mot : pas de nouvelles taxes, pas de nouvelles mesures d'economies. Ce controle budgetaire est le plus simple qu'a jamais eu a effectuer la suedoise. Voici pourquoi...1La copie du comite de monitoring... Le comite de monitoring avait rendu son rapport le 13 mars. Ces hauts fonctionnaires des administrations federales et de la Securite sociale, charges de surveiller l'evolution des recettes et des depenses, avaient chiffre a 313 millions l'effort additionnel necessaire pour maintenir la trajectoire budgetaire.(c) Rossel & Cie - 2018 -- Conditions generales de ventes -- Droits de reproduction -- Protection de la vie privee - droit a l'oubli ", "theme": "archive"}