{"id_art": "b995bf65512ab96ce00eda797584da38", "title": "Carlos devant ses juges 43 ans apres l'attentat ", "newspaper": "lesoir", "author": [], "date_publi": [], "content": " Marc Metdepenningen Deja condamne deux fois a perpetuite, le vieux terroriste repond a Paris d'un attentat commis en 1974 Le proces du Venezuelien Carlos Illich Ramirez Sanchez, alias Carlos, qui s'est ouvert lundi devant la Cour d'assises speciale de Paris, entend etablir, 43 ans apres les faits, la responsabilite de cette figure du terrorisme propalestinien, dans l'attentat commis le 15 septembre 1974 au Drugstore Publicis (Paris) et qui avait fait deux morts et 34 blesses.", "theme": "archive"}