{"id_art": "bfa68ff378d6b7111d8ce8593404ca4c", "title": "Pologne, Hongrie : oser defendrela democratie ", "newspaper": "lesoir", "author": ["jurek kuczkiewicz"], "date_publi": ["2017-05-17"], "content": " Pologne, Hongrie : oser defendrela democratie Jurek Kuczkiewicz Serait-ce du a un << effet Macron >>, qui aurait leve une nouvelle part de reticences a prendre de front l'extreme droite et les populistes plutot que de les eviter ? Serait-ce la lassitude des responsables europeens, qui auraient constate qu'il ne sert a rien de regarder ailleurs, car les problemes non traites finissent quand meme par s'accumuler et embarrasser la marche en avant ? Ou ne serait-ce plus prosaiquement que l'effet mecanique des procedures europeennes : une fois lancees, il est difficile d'empecher leur arrivee a (bon) terme, alors meme qu'on n'y avait pas accorde beaucoup de credit ?(c) Rossel & Cie - 2018 -- Conditions generales de ventes -- Droits de reproduction -- Protection de la vie privee - droit a l'oubli ", "theme": "archive"}