{"id_art": "6d8f53512f0f44ef43dc22750a5416fd", "title": "Un scrutin plonge dans un climat de tension extreme ", "newspaper": "lesoir", "author": [], "date_publi": [], "content": " Un scrutin plonge dans un climat de tension extreme Joelle Meskens Un peu avant 21h, un assaillant a tire sur des policiers sur les Champs-Elysees a Paris.Un membre des forces de l'ordre a ete tue. Deux policiers et une passante ont egalement ete blesses.Revendique par Daesh, l'attentat survient a quelques jours de l'election presidentielle.Les citoyens seront proteges, assure Francois Hollande.Les forces de l'ordre se sont rapidement deployees sur la <<Plus belle avenue du monde>>, qui a ete evacuee. Ian Langsdon/EPA. De notre envoyee permanenteNous sommes convaincus que les pistes nous orientent vers le terrorisme >>. Une meme voix blanche. Une meme intervention au coeur de la nuit apres une reunion de crise a l'Elysee. Un meme comite de Defense programme pour les premieres heures de la matinee du lendemain. Comme le 13 novembre 2015, Francois Hollande a endosse jeudi soir l'habit du pere d'une nation endeuillee.(c) Rossel & Cie - 2018 -- Conditions generales de ventes -- Droits de reproduction -- Protection de la vie privee - droit a l'oubli ", "theme": "archive"}