{"id_art": "26fe6a60d63dc3eefa52c3c10dae28d7", "title": "Commerce d'armes: la Wallonie s'en remet a l'Europe ", "newspaper": "lesoir", "author": [], "date_publi": [], "content": " Ludivine PonciauLe ministre de la Cooperation plaide pour que la Belgique cesse de fournir des armes aux Saoudiens. La Wallonie ne veut pas faire une croix sur ces juteux contrats et s'en remet a l'Europe. La Wallonie joue-t-elle avec le feu en continuant a vendre des armes aux Saoudiens ? Vendredi, l'ONU annoncait que le mois de mars serait particulierement meurtrier au Yemen, ou pres de 5.000 civils ont trouve la mort depuis le debut de l'intervention militaire menee contre les rebelles houthis par une coalition arabe sous commandement saoudien. Le Yemen qui traverse actuellement une effroyable crise humanitaire et alimentaire et ou l'ideologie djihadiste ne cesse de gagner du terrain. Et si la FN etait une entreprise gantoise ou anversoise, entendrait-on De Croo, l'ultra liberal, refuser un marche. La FN. de HERSTAL est l'Un des dernier fleuron de l' Industrie Liegeoise , ses armuriers sont reconnus Internationalement et on voudrait donc la reduire a neant . Mr. De CROO Ministre federal n'a qu'a s'en tenir a ses attributions et s'en prendre a l' Europe pour commencer au lieu de porter le debat au sein des Regions, n'a t'on pas voulu en Flandre surtout, Regionaliser a tout prix ? ? ? Et si au moins on produisait des armes de destruction massive , je dirais encore ! Pr. parler de l' Arabie parlons en donc et commencons donc par fermer ses mosquees ici chez nous et tout le monde ne s'en portera que mieux . La FN. de HERSTAL est l'Un des dernier fleuron de l' Industrie Liegeoise , ses armuriers sont reconnus Internationalement et on voudrait donc la reduire a neant . Mr. De CROO Ministre federal n'a qu'a s'en tenir a ses attributions et s'en prendre a l' Europe pour commencer au lieu de porter le debat au sein des Regions, n'a t'on pas voulu en Flandre surtout, Regionaliser a tout prix ? ? ? Et si au moins on produisait des armes de destruction massive , je dirais encore ! Pr. parler de l' Arabie parlons en donc et commencons donc par fermer ses mosquees ici chez nous et tout le monde ne s'en portera que mieux . ", "theme": "archive"}