{"id_art": "ee35d8b4b7aa5d134fc8f87a9613062b", "title": "Emeutes a Bruxelles: pour le ministre Jambon, tous les debordements sont lies ", "newspaper": "lesoir", "author": [], "date_publi": [], "content": " BelgaEmeutes a Bruxelles Le vice-Premier ne croit pas que les organisateurs de la manifestation soient a l'origine de ces actes. Il existe un systeme derriere les differentes emeutes survenues ces derniers jours a Bruxelles, estime Jan Jambon, le ministre de l'Interieur (N-VA). Des jeunes s'infiltrent dans des evenements pour creer du grabuge, a-t-il analyse dimanche dans l'emission De Zevende Dag de la VRT. Le ministre ne peut en effet se figurer que des gens aient des acces subits de violence. << Je pense qu'il y a un systeme derriere. Il devra etre mis a nu et demantele >>, a-t-il affirme. Attention a l'orthographe dans le titre de l'article... Que 5.000 policiers Bruxellois n'arrivent pas a empecher moins de 100 adolescents de detruire des magasins pendant trois jours, laisse quand meme perplexe. Les officiers responsables n'ont aucune obligation de resultat? Les bourgs sont juste la pour faire les clowns? Monsieur Jambon a raison et principalement n'a rien invente, en general ces manifestations sont la pour attirer l'attention du public en general et des petits cons s'y infiltrent pour satisfaire leur besoin de demolir. Le plus difficile par contre sera de les trouver. Les recents debordements a Bruxelles ont, en tout cas, un point commun indeniables: correlativement a leur importance, elles sont montees en epingle mediatiquement. ", "theme": "archive"}