{"id_art": "e3a1ef5c853eda81551a0b30d4b4513b", "title": "Cela s'est passe un 11 avril : <<Le seisme Milquet>> ", "newspaper": "lesoir", "author": [], "date_publi": [], "content": " Ann-Charlotte Bersipont Apres la demission de la ministre, des questions subsistent. Quelles consequences pour elle, pour le CDH, pour l'enseignement, pour la culture? (article paru le 12 avril 2016) Mon pupitre est aussi bancal que l'inculpation>>, dira Joelle Milquet lundi devant les medias, place Surlet de Chokier, a Bruxelles, alors que ses feuillets glissent sur l'ecritoire improvise et brinquebalant. Eprouvee, elle ne se demonte pas pour autant. Inculpee pour l'engagement et le travail d'une serie de collaborateurs au sein de son cabinet au ministere de l'Interieur en 2014, demissionnaire aujourd'hui comme ministre francophone de l'Education et de la Culture, elle martele un argument entre tous: a travers elle, c'est la politique qu'on attaque. C'est sa ligne de defense. Une ligne dure.", "theme": "archive"}