{"id_art": "ddabec871a52b71434d511bb40e11e16", "title": "Reactions ", "newspaper": "lesoir", "author": [""], "date_publi": ["2017-05-24"], "content": "Le ministre des Affaires etrangeres, Didier Reynders, s'est dit << choque >> par l'attentat terroriste. La reine Elizabeth II a condamne un acte << barbare >>.Les drapeaux belges ont ete mis en berne sur les batiments des institutions et administrations federales. La Tour Eiffel et la Tour Montparnasse ont ete symboliquement eteintes mardi soir. Securite renforceeLes instances sportives etudient le renforcement des mesures de securite avant la tenue prochaine d'evenements majeurs en Grande-Bretagne.(c) Rossel & Cie - 2018 -- Conditions generales de ventes -- Droits de reproduction -- Protection de la vie privee - droit a l'oubli ", "theme": "archive"}