{"id_art": "39a1683823dabad67cc1cd8179abf2eb", "title": "Gerhard Richter, de la peinture, tout simplement ", "newspaper": "lesoir", "author": [], "date_publi": [], "content": " Gerhard Richter, de la peinture, tout simplement Daniele Gillemon Le S.M.A.K a Gand fete les 85 ans de l'artiste allemand qui a mis la peinture au coeur d'un questionnement tres contemporainIl y a eu autant d'expositions Gerhard Richter en Europe ces vingt dernieres annees qu'il y a de facettes a sa demarche. Londres, Paris, Berlin, Bonn... consacrerent tour a tour cette oeuvre unique et sans bavure, capable de proceder a une complete revolution sur elle-meme sans jamais renier ses debuts, poursuivant sa quete au contraire, innovant avec le temps et les moyens nouveaux. Chaque oeuvre du peintre allemand pose une question materielle, plastique, semantique, metaphysique et engendre une autre piece souvent totalement differente dans un chasse-croise que la mise en espace explicite.(c) Rossel & Cie - 2018 -- Conditions generales de ventes -- Droits de reproduction -- Protection de la vie privee - droit a l'oubli ", "theme": "archive"}