{"id_art": "c1df4f94c3701aa15b1c32dadb73b2d1", "title": "Attentat a Paris en 1974: Carlos a nouveau condamne a la perpetuite ", "newspaper": "lesoir", "author": [], "date_publi": [], "content": " Attentat a Paris en 1974: Carlos a nouveau condamne a la perpetuite Figure du terrorisme des annees 1970-1980, le Venezuelien Ilich Ramirez Sanchez, dit Carlos, a ete condamne mardi a la reclusion criminelle a perpetuite pour un attentat a Paris en 1974 qui avait fait deux morts et 34 blesses.Pour cet attentat contre le Drugstore Publicis, la cour d'assises speciale de Paris a suivi les requisitions de l'avocat general qui avait la veille reclame la peine la plus severe du droit francais contre Carlos, 67 ans, deja condamne auparavant a deux reprises a la perpetuite et incarcere en France depuis 1994. (c) Rossel & Cie - 2018 Conditions generales de vente - Droits de reproduction - Protection de la vie privee - Droit a l'oubli ", "theme": "archive"}