{"id_art": "eff960f364b72885847ffae85aa8c892", "title": "Les premiers pas de Macron annoncent la couleur de son mandat ", "newspaper": "lesoir", "author": ["joelle meskens"], "date_publi": ["2017-05-14"], "content": " Joelle Meskens Emmanuel Macron a raccompagne Francois Hollande sans la moindre fausse note. Mais il ne faut pas confondre l'esprit de rassemblement et la << synthese >>. Il agira avec une main de fer dans un gant de velours. Francois Hollande a peine raccompagne apres leur longue conversation en aparte, Emmanuel Macron est revenu a l'Elysee en montant les marches quatre a quatre. L'image restera comme l'un des symboles de l'investiture d'un President presse. Celui qui n'a mis qu'un an a conquerir le pouvoir depuis la creation de son mouvement. Celui qui s'exclame des la fin de son discours : << Des ce soir, je serai au travail ! >> Celui qui partira des ce lundi voir Angela Merkel a Berlin pour parler d'Europe.", "theme": "archive"}