{"id_art": "ff31c5569908dead5b11380ce9940bd3", "title": "Ce que l'on sait sur la fusillade dans un lycee a Grasse ", "newspaper": "lesoir", "author": [], "date_publi": [], "content": "L'un des blesses est le proviseur de l'etablissement. Huit personnes ont ete legerement blessees, dont trois par des plombs, lors d'une fusillade dans un lycee de Grasse, dans le sud-est de la France. Un eleve de 17 ans a ete interpelle en possession d'armes dans le cadre de l'enquete. L'enquete ouverte apres la fusillade a Grasse ne s'oriente <<pas du tout>> sur la voie du terrorisme, a declare le president de la region Provence-Alpes-Cote d'Azur, Christian Estrosi. La ministre francaise de l'Education, Najat Vallaud-Belkacem, s'est rendue a Grasse dans l'apres-midi. Elle decrit << l'acte fou d'un jeune homme fragile fascine par les armes >> avant d'ajouter : << Nous sommes passes a cote du pire >>.", "theme": "archive"}