{"id_art": "d510db94cd618244f4f278fb2e62c859", "title": "Chantal Kesteloot: <<Il y a des comparaisons historiques a faire>> ", "newspaper": "lesoir", "author": [], "date_publi": [], "content": " Par Nathalie Gobbe (ULB)Depuis sa creation, la Belgique a toujours tente d'exclure la violence de l'espace public. Evocation avec Chantal Kesteloot, chercheuse aux Archives de l'Etat et a l'ULB La Belgique a-t-elle longtemps vecu sans menace interne ? Chantal Kesteloot : Elle a vecu en canalisant autant que possible toute forme de violence mais la menace etait bien la et, des le 19e, l'Etat belge se mefie de la classe ouvriere, de la gauche, puis de l'extreme-gauche. Ils sont suspectes d'etre des perturbateurs ; la Surete de l'Etat, les polices locales vont infiltrer les groupes juges suspects ; ils vont etre surveilles ; des rapports les concernant vont etre etablis ; etc. Et cette mefiance va durer. Une mefiance peut-etre justifiee puisque dans les annees '80, les Cellules Communistes Combattantes, les CCC, passent a l'action. Chantal Kesteloot : Oui, il faut relever que si leurs premiers attentats n'ont fait aucune victime ; en revanche, le 1er mai 1985, deux pompiers sont tues. Et c'est precisement un point de rupture : si certains pouvaient jusqu'alors se sentir proches des ideaux defendus, voire assimiler les attentats a des actes de resistance, comme pendant la guerre, la, ils ont passe un cap et il y a eu mort d'hommes. Il y a eu des victimes, et des victimes innocentes de surcroit. Les auteurs seront identifies et juges. En revanche, a la meme epoque, la Belgique est confrontee aux Tueurs du Brabant, une affaire sur laquelle la lumiere n'a jamais ete faite meme si tres rapidement on a evoque la piste de l'extreme droite, une menace moins bien cernee a l'epoque. Confronte au terrorisme dans les annees '80, comment l'Etat a-t-il reagi ? Chantal Kesteloot : Il a surtout renforce son dispositif de surveillance deja existant sur les groupuscules d'extreme-gauche. En revanche, il n'y a pas eu de militaires en rue ou de surveillance de police renforcee, comme aujourd'hui. Cela s'explique sans doute par le fait que l'on n'avait pas le sentiment alors que les terroristes pouvaient frapper n'importe ou, n'importe quand. Et pour ce qui est des Tueurs du Brabant qui sevissaient dans les supermarches, les mesures de protection ont ete ciblees et les centres commerciaux ont engage des vigiles prives. Y a-t-il des enseignements a en tirer pour gerer la situation actuelle ? Chantal Kesteloot : Il y a en tout cas des comparaisons a faire. Tout comme pour l'extreme-droite dans les annees '80, la Surete de l'Etat s'est trouvee confrontee au lendemain des attentats de 2001, a des groupes sur lesquels elle n'avait pas necessairement investi. On a appris, par exemple, qu'elle manquait de personnel parlant arabe... Un autre exemple eclairant nous vient d'un peu plus loin dans notre histoire : apres la Seconde guerre mondiale, l'Etat est confronte a des milliers de collaborateurs radicalises dont certains ont eu sur le front de l'est l'experience de violences extremes. Une grande partie d'entre eux est animee de sentiments anti-belges. La politique de repression est rapidement mise en oeuvre, beaucoup sont emprisonnes ; on reflechit a comment les reconcilier avec l'Etat belge qu'ils ont combattu : on tente des resocialisations par le travail, du tutorat par des membres de la societe civile, etc. Mais ce sera un demi-echec. Tout comme toutes les politiques menees ici ou ailleurs de decheance de la nationalite... quelques regles de bonne conduite avant de reagir (c) Rossel & Cie - 2018 Conditions generales de vente - Droits de reproduction - Protection de la vie privee - Droit a l'oubli ", "theme": "archive"}