{"id_art": "3cd1ed79bf57a07d45bd12aac40269a3", "title": "Clint Eastwoodprend le Thalys ", "newspaper": "lesoir", "author": [""], "date_publi": ["2017-04-22"], "content": " Clint Eastwoodprend le ThalysClint Eastwoodprend le ThalysClint Eastwood veut realiser un film a partir de l'histoire vraie des trois Americains qui ont mis en echec l'attaque d'un djihadiste dans un train Amsterdam-Paris en 2015. (afp)Oriane Jeancourt Galignani Prix de la Closerie des LilasLa romanciere est recompensee pour Hadamar (Grasset) a l'occasion de la 10e edition du prix decerne par le restaurant parisien, qui couronne aussi Veronique Sanson du Prix de l'Academie Lilas pour l'ensemble de sa carriere. Ce troisieme roman d'Oriane Jeancourt Galignani narre le retour, a la fin de l'ete 1945, de Frantz, un journaliste qui a ete deporte a Dachau, dans sa ville d'Hadamar, en Allemagne, ou il se heurte au silence des habitants et au mysterieux secret qui plane sur l'hopital.L'Ancienne Belgique va bien(c) Rossel & Cie - 2018 -- Conditions generales de ventes -- Droits de reproduction -- Protection de la vie privee - droit a l'oubli ", "theme": "archive"}