{"id_art": "4a077779825e14110f9af455532b826c", "title": "sur la Russie<< Une approche tres similaire a la notre >> ", "newspaper": "lesoir", "author": [], "date_publi": [], "content": " sur la Russie<< Une approche tres similaire a la notre >> Philippe Regnier Sur la Libye : vous pensez que les Etats-Unis veulent jouer un role ? Ou laisser le dossier aux Russes ? Meme chose pour la Syrie ?Sur la Libye : vous pensez que les Etats-Unis veulent jouer un role ? Ou laisser le dossier aux Russes ? Meme chose pour la Syrie ?Ils etaient interesses d'entendre notre analyse de la situation en Libye. Et tres interesses par le travail que nous menons pour l'entrainement de gardes-cotes libyens. Je n'ai pas vu de volonte de laisser de l'espace aux Russes, ni sur la Libye ni ailleurs. J'ai plus longuement discute de la Syrie et de l'Ukraine. Sur la Libye, la Syrie et l'Ukraine, nous pourrons certainement travailler ensemble. J'ai vu pour le moment une approche tres similaire a la notre.Sur la Russie et l'Ukraine, avez-vous percu une vision politique claire de la nouvelle Administration ?(c) Rossel & Cie - 2018 -- Conditions generales de ventes -- Droits de reproduction -- Protection de la vie privee - droit a l'oubli ", "theme": "archive"}