{"id_art": "5ee49095ee1d926c9134743d96a6e3bd", "title": "Andrea Rea: <<1968, la liberation de la parole>> ", "newspaper": "lesoir", "author": [""], "date_publi": ["2018-01-20"], "content": " Nathalie Gobbe (ULB)Selon Andrea Rea, sociologue et doyen de la Faculte de Philosophie et Sciences sociales de l'ULB revient, nous avons bien plus peur aujourd'hui du conflit qu'en '68. Entretien. Andrea Rea elargit la focale : 1968 commence deja en 1964 ; 1968 concerne tant Chicago que Prague, Trente ou Paris. Il interroge notre volonte en 2018 a prendre la parole et a contester. 1968 est qualifiee d'annee de la contestation. A juste titre ? Que reste-t-il de Mai 68 ? Des chansons, notamment celles de Georges Moustaki, par exemple \"Le temps de vivre\" : Viens, ecoute ces mots qui vibrent Sur les murs du mois de mai Ils nous disent la certitude Que tout peut changer un jour Viens je suis la je n'attends que toi Tout est possible tout est permis Nous prendrons le temps de vivre D'etre libres mon amour Sans projets et sans habitudes Nous pourrons rever notre vie Rien que ca, et le fait qu'elles restent et qu'on les chante dans le monde entier, ca valait la peine! ", "theme": "archive"}