{"id_art": "22aa00eb621108ad8186cd1e4e9ba801", "title": "Emplois fictifs, laicite, Europe: les 5 moments forts du debat presidentiel (videos) ", "newspaper": "lesoir", "author": [], "date_publi": [], "content": " Emplois fictifs, laicite, Europe: les 5 moments forts du debat presidentiel (videos) Jennifer Dassy De la laicite aux affaires d'emplois fictifs en passant par le terrorisme, tous les sujets etaient l'objet de tensions entre les candidats.(c) Reuters Le premier debat televise de l'histoire politique francaise opposant tous les candidats inscrits pour le premier tour de l'election presidentielle aura dure pas moins de quatre heures. L'occasion pour certains candidats de regler leurs comptes.Le candidat du Nouveau Parti anticapitaliste a releve les paradoxes entre les discours de Fillon et Le Pen et la realite des faits. << Fillon, plus on fouille, plus on sent la corruption, plus on sent la triche. Ce sont des bonshommes qui nous expliquent qu'il faut la rigueur, l'austerite, alors qu'eux-memes piquent dans les caisses publiques ! >>, a lance Philippe Poutou a l'ancien Premier ministre de Nicolas Sarkozy.Il s'est ensuite attaque la candidate FN et l'affaire des emplois fictifs au Parlement europeen. << Pour quelqu'un qui se dit antieuropeen, ca ne la gene pas de piquer de l'argent de l'Europe. Et le pire, c'est que le FN qui se dit antisysteme ne s'emmerde pas du tout, se protege grace aux lois du systeme, grace a l'immunite parlementaire et refuse d'aller a une convocation policiere >> , a souligne Poutou. << Nous, quand on est convoque par la police, on n'a pas d'immunite ouvriere >> , a-t-il ajoute. Voir la video sur mobile Les candidats etaient invites a s'exprimer sur leur vision de la laicite. Jean-Luc Melenchon n'a pas pu s'empecher d'interrompre Marine Le Pen, qui estimait que des objets, tels qu'une creche ou un sapin de Noel releve davantage de la << tradition >> et des << racines >> que de la religion. << Je sais que cela vous derange M. Melenchon >>, a commence la candidate du FN devant la reaction de Melenchon. << Mais qu'est-ce que vous savez de moi ? Peut-etre que j'ai une creche chez moi, qui sait ? Mais c'est chez moi, j'embete pas tout le monde avec >>, a immediatement enchaine le candidat de la France Insoumise. << 60 % des Francais n'ont pas de religion. Fichez-nous la paix avec la religion ! Nous ne sommes pas obliges de subir vos foucades, vos trouvailles, vos manieres de nous imposer a tous votre maniere de vivre qui n'est pas la notre ! >>, a-t-il ajoute. Voir la video sur mobile Francois Asselineau a ete tres clair sur un point : il veut mettre fin a << toute complaisance >> avec l'Emirat du Qatar et avec l'Arabie Saoudite << qui sont les principaux pourvoyeurs financiers et d'armes du terrorisme >>. Il interpelle ensuite Macron sur le sujet. Le candidat de << En marche ! >> se dit d'accord avec les propos tenus par son adversaire. << Ah, vous etes toujours d'accord avec tout le monde ! >>, s'est enerve Asselineau. Voir la video sur mobile Pour contrer les attaques sur sa mise en examen dans le cadre de l'affaire sur les emplois fictifs de son epouse (et de ses enfants), Francois Fillon a utilise l'anaphore << Un president exemplaire, c'est un president... >>. << Un president exemplaire, c'est un president qui met en oeuvre les engagements qu'il a pris devant le peuple quelles que soient les difficultes. Un president exemplaire, c'est un president qui respecte son Premier ministre, qui respecte le gouvernement >>.Des propos qui ont beaucoup fait rire sur les reseaux sociaux. Voir la video sur mobile S'il y a bien une chose que Nicolas Dupont-Aignan ne pardonnera jamais au gouvernement Sarkozy, c'est d'avoir signe le traite de Lisbonne en 2007 alors que les Francais s'y etaient opposes lors d'un referendum deux ans plus tot. << Vous n'avez pas signe le traite parce que vous n'avez jamais eu le pouvoir >>, a releve Fillon.Mais Dupont-Aignan ne s'est pas laisse demonter. << Comment croire le Premier ministre qui a bafoue le vote des Francais lors du referendum de 2005, qui a fait voter le traite de Lisbonne par le Parlement ? >> , s'est-il interroge. << Le viol du peuple ! C'etait une forfaiture >> , a-t-il conclu. Voir la video sur mobile (c) Rossel & Cie - 2018 Conditions generales de vente - Droits de reproduction - Protection de la vie privee - Droit a l'oubli ", "theme": "archive"}