{"id_art": "160008d05c5c7ef6fc020bbd9d318322", "title": "Huit a dix appels par jour au numero d'alerte de la Stib ", "newspaper": "lesoir", "author": [], "date_publi": [], "content": " Huit a dix appels par jour au numero d'alerte de la Stib Patrice Leprince Un budget de 60 a 70.000 euros par an prevu pour le 1707 qui est gere par G4S, une centrale d'alarme professionnelle. Lance le 10 janvier dernier, le numero 1707 permet aux voyageurs qui empruntent les transports en commun de signaler tout objet ou comportement suspect sur le reseau de la Stib. Un gros mois apres son lancement et c'etait deja l'heure du premier bilan, au gre des questions posees ce mardi durant la commission Infrastructure par les deputes Celine Delforge (Ecolo) et Ridouane Chahid (PS, qui remplacait son collegue Jamal Ikazban, absent).Ce dernier a notamment demande au ministre Pascal Smet (SP.a) si le 1707 etait uniquement centre sur la prevention du risque terroriste ou s'il etait egalement utilisable en cas de malaise d'un usager, par exemple. Le socialiste a egalement voulu savoir si le dispositif etait gere par la Stib ou par un sous-traitant et le cas, echeant si celui-ci etait installe a Bruxelles. Une interrogation partagee par Celine Delforge. << Pourquoi creer un nouveau dispatching alors qu'il en existe deja quatre, au risque de rajouter une etape sur le chemin de la transmission des informations ? >> Pointe aussi par l'ecolo, le risque de multiplication d'appels. << Le dispositif ne vise pas uniquement le terrorisme, mais toute situation suspecte, a repondu le ministre Smet. A ce jour, il n'existait pas de contact dedie a ce genre de choses et le voyageur ne savait pas toujours vers qui se tourner ou hesitait a contacter la police pour certains faits >>. Le 1707 n'est donc pas destine a repondre aux situations de malaise ou d'accident pour lesquelles les numeros d'urgence << traditionnels >> (101, 100, 112) restent de mise, a precise le ministre.Un ministre qui a egalement confirme que le systeme etait gere en sous-traitance et plus precisement par le prive G4S, une centrale d'alarme professionnelle installee a Vilvorde << qui s'est engagee a recruter des Bruxellois >>. Un choix dicte par des imperatifs financiers. Actuellement, on a enregistre 8 a 10 appels par jour pour un cout annuel estime entre 60.000 et 70.000 euros. << Creer un nouveau dispatching et engager du personnel nous aurait coute beaucoup plus cher >>, a conclu Pascal Smet. (c) Rossel & Cie - 2018 Conditions generales de vente - Droits de reproduction - Protection de la vie privee - Droit a l'oubli ", "theme": "archive"}