{"id_art": "cca53d04e7e98f8f063c499f67a8931a", "title": "<<Notice rouge>> ", "newspaper": "lesoir", "author": [""], "date_publi": ["2017-05-05"], "content": "La Belgique a transmis a Interpol 15 noms de fugitifs, dont 5 pour des faits de terrorisme.A ce jour, 122 personnes font l'objet d'une << notice rouge >>, ce qui signifie qu'elles sont activement recherchees par Interpol. L'organisation internationale qui coordonne les avis emanant des 190 pays membres diffuse egalement des notices de disparition.La Belgique a transmis a Interpol 15 noms de fugitifs qu'elle souhaite vivement voir derriere les barreaux, dont 5 pour des faits de terrorisme.Depuis janvier 2016, Europol dispose d'un portail similaire. Le site www.eumostwanted.eu compile une cinquantaine de predateurs (dont certains figurent aussi sur le site d'Interpol).", "theme": "archive"}