{"id_art": "dea9f4090a64d31ea2aba452cecbd166", "title": "Le decret controverse de Trump autorise ", "newspaper": "lesoir", "author": [], "date_publi": [], "content": " Le decret controverse de Trump autoriseDonald Trump a justifie son decret par des motifs de securite nationale. GEORGE FREY/afpLa Cour supreme des Etats-Unis a autorise lundi l'application dans sa totalite du decret anti-immigration signe par Donald Trump, une victoire pour le president qui defendait cette mesure controversee au nom de la lutte contre le terrorisme.La troisieme version de ce decret, signee le 24 septembre, interdisait de facon permanente le franchissement des frontieres americaines aux ressortissants de sept pays (Yemen, Syrie, Libye, Iran, Somalie, Coree du Nord et Tchad) et suspendait l'entree dans le pays de responsables gouvernementaux venezueliens.Mais la mesure avait ete suspendue le 17 octobre, la veille de son entree en vigueur, par un juge de Hawai. Celui-ci estimait que le texte peinait a demontrer en quoi l'entree autorisee a plus de 150 millions de ressortissants etrangers des pays vises << nuirait aux interets des Etats-Unis >>. Un juge du Maryland avait egalement bloque la mesure.(c) Rossel & Cie - 2018 -- Conditions generales de ventes -- Droits de reproduction -- Protection de la vie privee - droit a l'oubli ", "theme": "archive"}