{"id_art": "f7d9368c9247e5692171f72df24721b8", "title": "<< Ne plus avoir peur et apprendre a nos enfantsa travailler comme des logiciels libres >> ", "newspaper": "lesoir", "author": [""], "date_publi": ["2017-10-28"], "content": " << Ne plus avoir peur et apprendre a nos enfantsa travailler comme des logiciels libres >> Daniel CouvreurChaque samedi, Francis et Nadette refont le monde en guitares et en chansons. Dominique duchesnes.Faut-il remettre la politique d'accueil des migrants en question ? L'enquete Noir Jaune Blues indiquait que 45 % des Belges estimaient que le gouvernement hongrois a eu raison de construire un mur pour les empecher d'entrer sur son territoire. Braine-le-Comte a integre une importante communaute etrangere d'origine africaine sans tensions particulieres. Mais la bienveillance a ses limites, que la crise des refugies vient eprouver.(c) Rossel & Cie - 2018 -- Conditions generales de ventes -- Droits de reproduction -- Protection de la vie privee - droit a l'oubli ", "theme": "archive"}