{"id_art": "3b63b9cc82ec94a40e8e62968ee320ad", "title": "<<La France, prochain domino aux mains des populistes>> ", "newspaper": "lesoir", "author": [], "date_publi": [], "content": " SELIM DERKAOUI (st.)Nicolas Baverez, economiste francais de tendance liberale, denonce le declin d'une France qui s'empeche de se reformer depuis plusieurs annees, dans un contexte europeen extremement fragilise. Vous preconisez << un choc sur l'euro >> et une relance de l'integration europeenne. Comment la relancer dans un tel contexte de desintegration et de desaveux generalise ? ", "theme": "archive"}