{"id_art": "da01a3a826ad923add8d80ceeb2bc80a", "title": "<< Nos valeurs se sont degradees >> ", "newspaper": "lesoir", "author": [], "date_publi": [], "content": " << Nos valeurs se sont degradees >> Serge Dumont Le verdict du tribunal militaire a ete tres clement pour le soldat Elor Azaria.Certains le deplorent.Mais beaucoup,y compris dans la classe politique, traitentce soldat en heros.Manifestation de soutien au soldat israelien poursuivi pour homicide, ce mardi devant le ministere de la Defense a Tel-Aviv.JACK GUEZ/AFP.DE NOTRE CORRESPONDANTUn an et demi de prison sans incarceration immediate. Le tribunal militaire de Tel-Aviv a rendu mercredi un verdict particulierement clement pour Elor Azaria, ce soldat franco-israelien filme le 24 mars 2016 a Hebron alors qu'il abattait de sang-froid Abdul Fatah Al-Sharif, un Palestinien etendu au sol.Certes, Al-Sharif venait de poignarder un autre militaire israelien mais il avait ete << neutralise >> (blesse) et ne presentait plus aucun danger. Azaria, qui etait arrive une dizaine de minutes apres les faits, n'avait donc aucune raison de le tuer.(c) Rossel & Cie - 2018 -- Conditions generales de ventes -- Droits de reproduction -- Protection de la vie privee - droit a l'oubli ", "theme": "archive"}