{"id_art": "d4837a98070a87e2da7453dbae9d0460", "title": "L'arrestation immediate pour les peines de moins de trois ans, c'est termine ", "newspaper": "lesoir", "author": [""], "date_publi": ["2018-01-26"], "content": " Laurence WautersEntrant en application cette semaine, la loi modifiant les conditions liees a l'arrestation immediate ne permet plus au juge de la prononcer lorsque la peine est inferieure a trois ans ferme. Censee faire diminuer le nombre de detenus en preventive, elle presente des avantages, mais aussi des inconvenients. Denonce par les enfants de sa compagne, qui avaient pretexte une visite a la piscine pour se rendre au commissariat, un trentenaire d'Oupeye, en region liegeoise, avait zappe son proces pour coups et blessures sur les petits et leur maman. Son absence a l'audience avait ete appreciee par le tribunal correctionnel de Liege comme etant un << manque de prise de conscience de la gravite des faits >>. Vu l'extreme violence des coups portes et leur caractere repete, le trentenaire avait ecope de deux ans de prison ferme ; le parquet avait sollicite son arrestation immediate << car il y a des risques qu'il tente de se soustraire a l'execution de sa peine >>. C'est entre deux policiers, apres un court passage a Lantin, qu'il etait revenu comparaitre sur opposition, ou il a ecope la semaine derniere de la meme peine, mais accompagnee d'un sursis probatoire partiel.", "theme": "archive"}