{"id_art": "5032a703759815be7dbec25f6567aedf", "title": "moyens << Un engagementpour un financement durable >> ", "newspaper": "lesoir", "author": [], "date_publi": [], "content": " moyens << Un engagementpour un financement durable >> Pascal Martin et Marc Metdepenningen Les attentats ont permis de reflechir autrement a la collaboration entre les services de securite ?Les attentats ont permis de reflechir autrement a la collaboration entre les services de securite ?Tout le monde est conscient que maintenant, tout seul, on n'y arrivera plus jamais. Il faut travailler, collaborer, reconnaitre les points forts et les points faibles de chacun. A Bruxelles, j'ai la conviction que la collaboration entre les zones locales et la police federale s'est fortement amelioree.Vous aviez signe, avec le procureur general de Bruxelles, une lettre s'inquietant de la concentration des forces d'enquete sur le terrorisme au detriment des autres affaires.(c) Rossel & Cie - 2018 -- Conditions generales de ventes -- Droits de reproduction -- Protection de la vie privee - droit a l'oubli ", "theme": "archive"}