{"id_art": "cb04418b49e4274b09fca85df539eaea", "title": "<< Ma reponse a ceux qui ont detruit ma vie >> ", "newspaper": "lesoir", "author": [], "date_publi": [], "content": " a l'origine << Ma reponse a ceux qui ont detruit ma vie >> Beatrice Delvaux << Ma reponse a ceux qui ont detruit ma vie >>Tout commence en rue. Mohamed est interpelle par Fatima Zibouh (doctorante en sciences politiques a l'ULg, tres active sur le terrain de l'integration). << Tu ne serais pas le mari de Loubna ? On te cherche, il y a une marche pour la paix, vers la Bourse, il faut que tu participes. >> Il est completement perdu mais accepte d'ecrire un texte pour Loubna. De fil en aiguille, Mohamed El Bachiri est convie dans des eglises pour des rencontres interculturelles. C'est la que nait Le djihad de l'amour.(c) Rossel & Cie - 2018 -- Conditions generales de ventes -- Droits de reproduction -- Protection de la vie privee - droit a l'oubli ", "theme": "archive"}