{"id_art": "51d3674db9e53e05d198a2284f6ec06c", "title": "Gaz a tous les etages ", "newspaper": "lesoir", "author": [""], "date_publi": ["2017-04-08"], "content": " Gaz a tous les etagesBachar al-Assad vient opportunement de nous rappeler qu'on avait enterre trop tot les celebrations de la Grande Guerre. Merci a lui ! Des 1914, les Francais d'abord puis les Allemands - plus tard les Americains - se lancerent joyeusement dans des attaques au gaz, devenues massives a partir de 1915. Et, en 1917 (bon anniversaire !), apparut le gaz moutarde (l'yperite), produit a grande echelle par les Allemands. Un petit pas pour l'homme ; un grand pas pour l'humanite.<< Moi, mon colon, cell' que j'prefere, c'est la guerre de quatorz'-dix-huit ! >>, chantait Brassens. Prudent, il ajoutait : << Du fond de son sac a malices, Mars va sans doute, a l'occasion, en sortir une - un vrai delice ! - qui me fera grosse impression. >>T'es plus la, tonton Georges mais celle de Syrie t'en aurait bouche un coin !(c) Rossel & Cie - 2018 -- Conditions generales de ventes -- Droits de reproduction -- Protection de la vie privee - droit a l'oubli ", "theme": "archive"}