{"id_art": "3d97d9dc26809cff9c34f8483cbf7044", "title": "Difficile de savoir ce qui sera sur la table dimanche ", "newspaper": "lesoir", "author": [""], "date_publi": ["2017-05-12"], "content": " Difficile de savoir ce qui sera sur la table dimanche Le gouvernement verrouille sa communication autour du conseil des ministres extraordinaire.Un conseil des ministres extraordinaire se tiendra donc ce dimanche. Le premier, d'une serie de trois, qui sera consacre a la securite au sens large et a la Justice. Les suivants s'interesseront, eux, aux affaires sociales puis a l'economie. Que va-t-on se dire autour de la table dimanche ? Mystere. Des informations ont fuite cette semaine dans divers medias. Pourtant les membres du Kern restent muets quant aux dossiers qui seront examines ce week-end a Val Duchesse.Selon nos informations, le document a la base de ces revelations n'est plus d'actualite et beaucoup des mesures relayees ne seront en fait pas examinees.(c) Rossel & Cie - 2018 -- Conditions generales de ventes -- Droits de reproduction -- Protection de la vie privee - droit a l'oubli ", "theme": "archive"}