{"id_art": "df8be0fd5fe4390b3cc64730a5c7d1f6", "title": "Hommage a Wembley ", "newspaper": "lesoir", "author": [""], "date_publi": ["2017-03-27"], "content": " Hommage a Wembley Hommage a WembleyLe football anglais, reuni dimanche a Wembley pour le match des eliminatoires du Mondial 2018 contre la Lituanie, a rendu hommage aux victimes de l'attentat de Londres de mercredi. Menes par leur capitaine Joe Hart, les Trois Lions, qui arboraient comme leurs adversaires un brassard noir, se sont rassembles de part et d'autre du rond central a la sortie des vestiaires. Une minute de silence a ete respectee avant le debut de la rencontre.(afp)(c) Rossel & Cie - 2018 -- Conditions generales de ventes -- Droits de reproduction -- Protection de la vie privee - droit a l'oubli ", "theme": "archive"}