{"id_art": "3610762bc7975564b289cb01551c0cbc", "title": "Diplomaties russe et americaine peinent a se reconcilier apres leur premier entretien ", "newspaper": "lesoir", "author": [""], "date_publi": ["2017-04-12"], "content": " Benjamin Quenelledonald trump Le secretaire d'Etat americain et le ministre russe des affaires etrangeres sont sortis tendus ce soir de leurs deux heures d'entretien au Kremlin. Ils maintiennent le dialogue, tout en restant plus opposes que jamais sur la Syrie. Les visages etaient tendus et la poignee de mains finale semblait plus forcee qu'enthousiaste. Ce soir, Rex Tillerson et Serguei Lavrov ont etale leurs divergences sur la Syrie apres les presque deux heures d'entretien du secretaire d'Etat americain et du ministere russe des affaires etrangeres dans le bureau du chef du Kremlin. Vladimir Poutine ne s'est pas exprime apres cette rencontre qui a confirme les positions diametralement opposees de Moscou et Washington sur la Syrie. Rex Tillerson a repete avoir les preuves que le regime de Damas << a mene >> l'attaque chimique de la semaine derniere sur le village syrien de Khan Cheikhoun. Serguei Lavrov a au contraire rappele que Moscou est garant des accords internationaux sur la destruction des stocks d'armes chimiques en Syrie mais que des arsenaux chimiques << sont encore dans les mains d'extremistes", "theme": "archive"}