{"id_art": "bcaa649b9c6ceebf419f6cbc8544f5ee", "title": "profil Defraigne, la liberalequi ose defier la ligne du parti ", "newspaper": "lesoir", "author": ["martine dubuisson"], "date_publi": ["2018-01-31"], "content": " profil Defraigne, la liberalequi ose defier la ligne du parti Martine Dubuisson Lorsque la coalition suedoise est sur le point de voir le jour, le nom de Christine Defraigne apparait sur toutes les listes de nomines. Certains re-citent meme son nom cet ete, quand le CDH lache le PS et ouvre la porte du gouvernement wallon au MR. Mais la Liegeoise n'est pas adoubee ministre par son parti, par son chef Charles Michel plutot. Depuis octobre 2014, elle tente de faire vivre l'institution senatoriale depuis la presidence, malgre les velleites de la N-VA de la faire disparaitre - elle traine son ennui au perchoir, disent plutot ceux qui la connaissent.Apres avoir ete l'une des plus ferventes partisanes de Charles Michel durant la guerre des clans au MR, Christine Defraigne n'a donc pas ete << recompensee >>, contrairement a d'autres, par un portefeuille. Le Premier ministre a du faire des choix, operer des arbitrages, peser des equilibres claniques et geographiques. Et elle en a fait les frais, son inimitie avec Didier Reynders n'ayant pas non plus joue en sa faveur.(c) Rossel & Cie - 2018 -- Conditions generales de ventes -- Droits de reproduction -- Protection de la vie privee - droit a l'oubli ", "theme": "archive"}