{"id_art": "b459f29572704cdaab6268a5f6f0060b", "title": "Lettre d'Europe: l'Espagne mise en danger ", "newspaper": "lesoir", "author": [], "date_publi": [], "content": " Emilio Ontiveros, economiste, chroniqueur pour <<El Pais>>Lettres d'Europe Le Brexit a cree une source de tension imprevue entre Londres et Madrid : la situation sur le << rocher >> de Gibraltar. Un dossier geopolitique qui s'ajoute aux preoccupations economiques engendrees par le depart du Royaume-Uni de l'Union europeenne. Et qui impose a l'Espagne la plus grabnde vigilance dans les negociations qui s'ouvrent. Il y a encore quelques jours de cela, les preoccupations principales causees par le Brexit en Espagne etaient purement economiques, en depit des possibles repercussions du probleme de l'Ecosse sur la situation en Catalogne. Nous n'avions pas prevu la possibilite evoquee par Michael Howard selon laquelle le Royaume-Uni declencherait une guerre contre l'Espagne pour defendre le territoire de Gibraltar. Meme si cette provocation n'etait qu'un coup d'epee dans l'eau, je suis inquiet a l'idee que l'attitude de ce conservateur n'inspire le processus de negociation au cours des deux prochaines annees. En effet, l'issue serait malheureuse pour nous tous.", "theme": "archive"}