{"id_art": "0387635e5cfc38ad42c2093c759b3a4a", "title": "La clemence pour le soldat Azaria bafoue les valeurs humanistes ", "newspaper": "lesoir", "author": [], "date_publi": [], "content": " Baudouin LoosUn tribunal militaire israelien a condamne mardi a 18 mois de prison ferme un soldat accuse d'avoir acheve un assaillant palestinien, point d'orgue d'un proces qui a divise le pays et decu les defenseurs des droits. Commentaire. Le cas du soldat israelien Elor Azaria condamne ce 21 fevrier par un tribunal militaire a la peine d'un an et demi de prison pour avoir tue de sang-froid un Palestinien blesse gisant au sol inerte inspire plusieurs reflexions.Une nette majorite des Israeliens a pris passionnement la defense du soldat. Ce conscrit pourrait etre notre fils, pensent nombre d'Israeliens tandis que la haine enflamme les reseaux sociaux locaux sur fond de deshumanisation des Palestiniens...", "theme": "archive"}