{"id_art": "b5088dd7e487e597e5a01c6d88f8b768", "title": "Le BIFFF, le paradis des realisateurs qui debutent ", "newspaper": "lesoir", "author": ["didier stiers"], "date_publi": ["2017-04-13", "2017-04-13"], "content": " Didier Stiers Au festival du film fantastique de Bruxelles, nombreux sont ceux qui font leurs premiers pas a l'ecran. Mais meme les habitues connaissent encore de nouveaux departs Vivier de films inedits dans nos contrees, des decouvertes belges, europeennes, voire, mais c'est plus rare, galactiques, le Festival du film fantastique de Bruxelles accueille tous les ans des realisateurs effectuant leurs premiers pas. Parfois en mode petit budget, donc moyennant debrouille et bricolage. Mais apres tout, c'est ainsi qu'un Peter Jackson s'est fait connaitre, au siecle passe...", "theme": "archive"}