{"id_art": "c65bd557ff11d22ae09a69b599750a85", "title": "Attentat de Stockholm : le suspect demande un avocat sunnite ", "newspaper": "lesoir", "author": [""], "date_publi": ["2017-04-10"], "content": "L'auteur presume de l'attentat de Stockholm, un Ouzbek soupconne de sympathies jihadistes, a exige la recusation de son avocat, commis d'office, et reclame un defenseur <<musulman sunnite>>, ce qui lui a ete refuse par la justice, a-t-on appris lundi de source judiciaire.Rakhmat Akilov, un ouvrier en situation illegale de 39 ans, est soupconne d'avoir percute vendredi apres-midi, au volant d'un camion vole, une vingtaine de pietons sur l'artere commercante la plus frequentee de la capitale suedoise, tuant quatre personnes et en blessant quinze autres.Interpelle quelques heures plus tard a Marsta, une petite ville de l'agglomeration stockholmoise, il est passe aux aveux au cours de sa garde a vue, se rejouissant d'avoir ecrase des <<infideles>>, ont ecrit des quotidiens locaux citant des sources proches de l'enquete.L'attentat n'a pas ete revendique.", "theme": "archive"}