{"id_art": "dc6ff7311c5f358b4176f151cb995f09", "title": "Des meres pretes a tout contre la radicalisation ", "newspaper": "lesoir", "author": [""], "date_publi": ["2017-04-29"], "content": " Des meres pretes a tout contre la radicalisation Fatima Zohra et Leila sont deux mamans molenbeekoises. Elles oeuvrent au quotidien pour empecher leurs enfants d'etre Fatima Zohra et Leila sont deux mamansinfluences et de se radicaliser. Elles sont davantage a l'ecoute et investies dans l'education et le developpement constructif de leurs enfants.Les parents ont parfois de la difficulte a obtenir de la legitimite sur le plan religieux. hatim kaghat.Avoir peur que son enfant soit influence par son entourage et prenne le mauvais chemin, c'est un fait universel. Mais lorsque l'on vit a Molenbeek, commune bruxelloise montree du doigt par les medias internationaux et presentee comme l'arriere-base du terrorisme, cette inquietude est decuplee. Pres d'un cinquieme des Belges partis rejoindre le groupe Etat islamique en Syrie residaient a Molenbeek. Un chiffre qui resonne dans l'esprit de nombreuses meres molenbeekoises pretes a tout faire pour ne pas voir leur progeniture les quitter et commettre l'irreparable.(c) Rossel & Cie - 2018 -- Conditions generales de ventes -- Droits de reproduction -- Protection de la vie privee - droit a l'oubli ", "theme": "archive"}