{"id_art": "84d18ba51f3081a6307d44255fbb56ae", "title": "<<Si les Francais de Belgique etaient de gauche, ca se saurait!>> ", "newspaper": "lesoir", "author": [""], "date_publi": ["2017-04-23"], "content": " Marine BuissonElections Presidentielles 2017 42.291 Francais ont rendez-vous au Heysel ce dimanche pour choisir leur nouveau president, dans 12 bureaux de vote. Reportage. << L a derniere fois que j'ai vu autant de Francais au meme endroit, c'etait a Flagey pour l'Euro ! >>, siffle, admirative, Celine. La jeune femme ne votera pas pour l'election presidentielle ce dimanche. << Je suis Belge ! Je viens juste accompagner mon amie. Soutien moral quoi. >> Et de soutien, son amie va en avoir besoin : le plateau du Heysel est noir de monde ce dimanche. Je m'inscris en faux (pour avoir passe hier 11h a le faire) sur la question et le probleme effectif des procurations. La regle est simple. Les procurations sont attachees, toutes, quels que soient les patronymes, a la personne qui accompli le mandat (pour autant qu'elle soit inscrite), un point c'est tout. J'ai eu un cas de mandataire ... non inscrit. Le mandant avait pris la precaution de deleguer aupres d'un proche ... non inscrit. Gasp ! Au moins, ca, c'est simple. La ou ca se complique, c'est qu'il faut que le mandataire prennent n fois les, disons, 11 bulletins de votes ... Moment ou l'angoisse de l'ego reprend \"systematiquement\" le dessus ... C'est tres fun de faire au moins une fois, assesseur dans un bureau de vote. Des tranches de vie. Des moments comiques, des curiosites, d'autres touchants ... Pour que cela \"se sache\", tous les Francais de Belgique ne sont pas de droite. Dans le bureau de vote ou j'etais assesseur a Liege (et j'ai toutes les raisons de penser que les 3 autres bureaux etaient a l'unisson aux ecarts \"thermiques\" pres), tres nette succes de Macron et Melenchon (dans cet ordre mais proches) loin devant Fillon et a distance derriere lui, Hamon et Le Pen. Les autres, a peine a l'etat de trace. ", "theme": "archive"}