{"id_art": "edfeb327b00d2a5d6ea3082de08da50e", "title": "Enki Bilal: <<Marine Le Pen, je crois que c'est fini>> ", "newspaper": "lesoir", "author": [""], "date_publi": ["2017-05-05"], "content": " Daniel CouvreurElection presidentielle 2017 L'auteur d'Exterminateur 17, de La Foire aux Immortels, de Partie de chasse ou d'Animal'z est un maitre de la prospective. Il pose dans << Le Soir >> son regard lucide sur l'avenir de la France. Enki Bilal, le titan de la generation Metal Hurlant , l'auteur prophetique du Sommeil du monstre , un album dans lequel il avait eu l'intuition de l'attaque contre les tours jumelles de Manhattan, etait jeudi soir a Liege. Dans une conference sur l'art de la bande dessinee au musee La Boverie, il a frappe les esprits, affirmant que la science-fiction n'existe plus, tant on vit dedans chaque jour. C'est particulierement vrai en France, avec une campagne presidentielle completement deboussolante. A l'issue du debat et a la veille d'un week-end electoral de tous les dangers, l'artiste de La Femme piege nous a accorde un entretien sur l'avenir de la France. Oui, mais quelq'un bien de bien plus au fait de l'economie peut prendre la place. La colere des perdants avec la toute puiisance technocrato-financiere va prendre les commandes...Un Asselineau par exemple; ", "theme": "archive"}