{"id_art": "1a61941616363bf8f7a8b7d52538df01", "title": "Les aeroports europeens ont accueilli un record de 2 milliards de passagers en 2016 ", "newspaper": "lesoir", "author": [], "date_publi": [], "content": " Les aeroports europeens ont accueilli un record de 2 milliards de passagers en 2016 << Les aeroports europeens ont franchi l'an dernier la barre des 2 milliards de passagers, un record absolu. Alors que la geopolitique et le terrorisme en particulier jouent un role croissant dans les heurs et malheurs de beaucoup d'aeroports, le fil rouge est celui d'une croissance et d'une expansion continue, avec un nombre de passagers en hausse de 5 % pour la troisieme annee consecutive. Cela signifie que les aeroports europeens ont accueilli 300 millions de passagers en plus depuis 2013, dont 240 millions sur le seul marche de l'UE. Sans surprise, cette augmentation commence a peser sur les niveaux de capacite, les operations et les ressources >>, commente Olivier Jankovec, directeur general d'ACI Europe, cite dans un communique.Les aeroports situes dans l'UE affichent une croissance << impressionnante >> de 6,7 % alors que les aeroports situes hors-UE voient leur frequentation se tasser, a la suite d'une baisse du nombre de voyageurs en Turquie dans un contexte de terrorisme et d'instabilite politique. L'aeroport europeen le plus frequente est celui de Londres (Heathrow), avec plus de 75,7 millions de passagers en 2016, devant Paris (Charles de Gaulle, 65,9 millions) et Amsterdam (63,6 millions). (c) Rossel & Cie - 2018 Conditions generales de vente - Droits de reproduction - Protection de la vie privee - Droit a l'oubli ", "theme": "archive"}