{"id_art": "4004fb46cb8151d7ba9b0829adbef3d6", "title": "Des liens avec les attentats de Bruxelles ", "newspaper": "lesoir", "author": [""], "date_publi": ["2017-04-26"], "content": " Des liens avec les attentats de Bruxelles Joel MayerDe notre correspondantMardi, les Mossos d'Esquadra - la police regionale catalane - ont interpelle quatre suspects accuses d'etre lies aux attentats de Bruxelles de 2016, a Barcelone et dans sa banlieue. L'operation, qui a ete menee avec la participation de la police federale belge, a dure une bonne partie de la journee. Cinq autres personnes ont ete arretees dans le cadre de cette operation visant un groupe qui pourrait etre lie au terrorisme djihadiste international, ainsi qu'au crime organise.Dans le cadre de cette operation baptisee Apolo, des perquisitions ont egalement ete menees au Maroc. La police marocaine, en collaboration avec la Police nationale espagnole et les Mossos catalans, a notamment fouille les domiciles familiaux des suspects arretes. La police catalane affirme que les quatre principaux sont lies aux auteurs des attentats de Bruxelles en mars 2016. Elle n'a cependant fourni aucune precision quant a leur implication dans des attentats terroristes.(c) Rossel & Cie - 2018 -- Conditions generales de ventes -- Droits de reproduction -- Protection de la vie privee - droit a l'oubli ", "theme": "archive"}