{"id_art": "666242efd79d0ace078a6d15eb4fc658", "title": "Violences sexuelles: l'Otan s'offre Angelina Jolie comme alliee de choix ", "newspaper": "lesoir", "author": [""], "date_publi": ["2018-01-31"], "content": " Marine BuissonL'actrice et productrice Angelina Jolie et l'organisation lancent leur cooperation dans la lutte contre les violences sexuelles. Un visage (tres) familier pour << sensibiliser >>. Au siege de l'Otan a Evere ce mercredi, Angelina Jolie avait enfile son costume d'ambassadrice de bonne volonte du Haut-Commissariat aux refugies (HCR) de l'ONU aux cotes du secretaire general de l'Otan Jens Stoltenberg. L'actrice et realisatrice americaine a annonce son intention de collaborer << dans les mois et les annees a venir >> avec l'Otan pour intensifier la lutte contre les violences sexuelles dans les conflits. \"l'Otan s'offre Angelina Jolie\", autrement dit : l'Otan se fait plaisir en prenant Angelina Jolie, ce bel objet !!! Dans un article sur les violences sexuelles, c'est tres a propos. ", "theme": "archive"}