{"id_art": "8eb77495f9f5958c7c58c5876058667f", "title": "Sous l'ere Trump, le supremacisme blanc reprend des couleurs ", "newspaper": "lesoir", "author": [""], "date_publi": ["2017-02-28"], "content": " Par Mathilde Poncet (st.)donald trump Une centaine de tombes juives ont ete vandalisees dans un cimetiere en Philadelphie ce week-end. La parole des groupes pronant la haine s'est liberee avec l'election de Donald Trump.917. C'est le nombre de groupes pronant la haine recenses en 2016 aux Etats-Unis par le Southern Poverty Law Center (SPLC), association de defense de minorites et de droits civiques. C'est 15 de plus qu'en 2015. Avec une nette augmentation pour les groupes consideres comme antimusulmans, qui ont triple en un an, passant de 34 a 101. Et aucune communaute ne semble epargnee.Dimanche, une centaine de tombes juives ont ete vandalisees dans un cimetiere en Philadelphie. Une semaine avant, un cimetiere de Saint-Louis (Missouri) avait ete degrade. Le journaliste oublie que selon le storytelling de l'epoque, les juifs sont assimiles comme des privilegies avec les blancs, hommes, heteros et que les discours antisemites ne viennent plus de blancs de droite, mais de gauchistes musulmans ou blacks. Le KKK est pour l'instant completement insignifiant. KKK completement insignifiant?? Je n'ai pas les memes infos! ", "theme": "archive"}