{"id_art": "4756cc699c4eb59ade575dafc0c2514a", "title": "<< France et Belgique sont deja des partenaires unis >> ", "newspaper": "lesoir", "author": [], "date_publi": [], "content": " la carte blanche << France et Belgique sont deja des partenaires unis >> Nous sommes entres dans l'ere des prises de conscience. Nous avons cru a la fin des conflits et la defense, trop longtemps, a ete utilisee comme une variable d'ajustement.Aujourd'hui, les menaces se rappellent a nous, plus violentes, plus diverses, plus imprevisibles. Chacun a su prendre ses responsabilites : en Europe, les Etats ont choisi de consacrer a la defense des moyens forts, de trouver des equipements meilleurs et de nouer des partenariats solides.C'est ce qu'a choisi la France. C'est aussi ce qu'a choisi la Belgique.Le gouvernement belge a pris la decision de renouveler sa flotte d'avions de combats. C'est une decision importante, car elle sert pleinement l'objectif que nous poursuivons ensemble : renforcer nos capacites de defense en Europe.La France et la Belgique sont deja des partenaires unis. Nous combattons sur les memes theatres, ou nous luttons ensemble contre le terrorisme. Nos armees de l'air travaillent ensemble, notamment pour la police de l'air de l'OTAN. Nos soldats, nos pilotes, nos marins operent ensemble et la France n'oubliera pas la presence de la fregate Leopold aux cotes du Charles de Gaulle en des jours decisifs.Quand la Belgique a voulu renouveler sa flotte d'avions de combats, la France devait repondre. Elle devait repondre par une offre ambitieuse, durable, utile a nos deux pays comme a l'Europe. C'est ce que nous avons fait en proposant a la Belgique une offre simple : honorer sa demande d'avions de combat tout en lui proposant un partenariat plus large.(c) Rossel & Cie - 2018 -- Conditions generales de ventes -- Droits de reproduction -- Protection de la vie privee - droit a l'oubli ", "theme": "archive"}