{"id_art": "2b48adaefffd4a26b9d8848a06b9f7a9", "title": "L'union, mais aussi des mesures structurelles exemplaires feront notre force ", "newspaper": "lesoir", "author": [], "date_publi": [], "content": " Par Mohsin Mouedden, Mouvement Democratique BruxelloisLa lutte contre la radicalisation s'appuie trop frequemment sur le securitaire. C'est necessaire mais totalement insuffisant. La Belgique a urgemment besoin d'un plan Marshall pour le benefice de tous. Ce mercredi 22 mars, notre pays s'arretera de vivre pendant quelques instants pour commemorer les victimes des attentats terroristes de Bruxelles. Il y a 1 an, deux terribles attentats terroristes vont siderer nos compatriotes avec comme resultat, des dizaines de victimes et des centaines de blesses graves. Pour la premiere fois de son histoire recente, notre pays va connaitre l'horreur absolue.Nos concitoyens ont ete remarquables et ont reagi avec responsabilite, face a une situation exceptionnelle. Les familles des victimes, les secouristes et les forces de l'ordre ont chacun permis a notre pays de ne pas sombrer plus encore dans le chaos. Nous tenions a les remercier les plus chaleureusement en rappelant que << l'union fait toujours la force >>.Neanmoins, nous restons dubitatifs et globalement attriste de constater qu'il n'y a pas de solutions structurelles pour mettre fin a la radicalisation. Comme souvent, les solutions de facilite ou uniquement securitaire ne sont en rien une reponse sur le moyen et le long terme. Le securitaire a son importance et est necessaire, mais ne doit en aucun cas etre la seule politique pronee par notre gouvernement.La question de la radicalisation ne tombe pas de nulle part, il y a un terreau favorable qui permet a tant de jeunes desorientes de tomber dans l'escarcelle de manipulateurs. Les solutions structurelles existent, elles sont connues de beaucoup mais semblent a chaque fois ecartees pour ne se focaliser que sur des politiques simplistes et peu courageuses.Nous estimons comme beaucoup d'experts de terrain qu'il faut un plan Marshall afin de permettre l'egalite des droits. Il y a a nos yeux une responsabilite politique ecrasante, dans le chaos actuel concernant le dossier << radicalisation >>. Nous pouvons le lier avec celui de la delinquance et in fine de l'echec scolaire. Il y a aussi une responsabilite communautaire, certes minime, puisqu'objectivement l'Etat belge a choisi des le depart de negocier l'islam belge qu'avec le regime petrolier d'Arabie Saoudite en mettant de cote les musulmans de ce pays. Vingt-cinq ans plus tard, notre pays n'a pas tire les lecons de ce mariage douteux, il continue cette politique avec d'autres pays musulmans. Des lors, nous constatons que nos valeurs sont plus portees vers le mercantilisme que la protection de nos citoyens.Nous invitons le monde politique a investir massivement dans une ecole mixte socialement pour faire cesser les << ecoles des immigres >>, un boulevard pour la delinquance et la radicalisation et les << ecoles des blancs >>, preparant les elites qui demain perpetueront les castes sociales...Cette segregation est insupportable dans une Region comme Bruxelles.Nous pensons egalement que la suppression a terme des cours philosophiques est un acte politique qui demontre s'il le fallait que ce dernier n'a pas comme objectif de permettre l'apaisement et de favoriser l'acces a un savoir spirituel encadre et de qualite, mais plutot de gagner une bataille ideologique afin de liquider l'heritage d'une ecole publique ouverte a tous. L'idee dangereuse est de faire un lien entre << terrorisme >> apres l'attentat de Charlie Hebdo et les cours philosophiques et en particulier, le cours de religion islamique. C'est irresponsable comme attitude, deplorable comme strategie et mediocre comme calcul politique.Nous estimons egalement que le marche du travail est encore trop sujet aux discriminations multiples et qu'il s'agit pour le service public de montrer l'exemple en imposant une politique de quotas. Le plafond de verre est terriblement penalisant, la Region bruxelloise est l'une des plus discriminantes d'Occident !Nous pensons egalement que certains elements des forces de l'ordre provoquent le desordre et un sentiment d'injustice caracterise, qui permet a des policiers racistes, brutaux et violents de souvent passer a travers les mailles d'une justice parfois tres laxiste.Nous constatons aussi que la politique menee envers le culte musulman depuis sa creation est contre-productive. Le noyautage de l'EMB par des clans politiques et etatiques proches de pays etrangers ne favorise ni l'islam europeen, ni ne solutionne les immenses attentes de cette communaute. Il y a bien un traitement paternaliste et interesse qui bloque la bonne gestion de l'EMB.Les solutions entendues ici et la depuis des mois, a savoir organiser des rencontres pour le vivre-ensemble sont interessantes et necessaires, mais ne sont en rien des solutions structurelles. Nous avons besoin de courage politique, d'une vision pour notre pays, de projection pour faire de ces jeunes, des minorites et des exclus des citoyens egaux qui ne doivent subir ni discriminations, ni ecoles ghettos, ni rejet, ni mepris.Ce n'est qu'a travers l'enseignement, l'emploi et la formation, la mixite sociale urbaine et l'inclusion des leaders de la seconde generation que notre pays pourra honorer la memoire des victimes.Nous esperons etre entendues, car si nos voix portent au sein des quartiers populaires, ils trouvent peu d'echos au sein des medias et du monde politique, des decideurs et des intellectuels preferant soit les Ali Alibi ou ceux qui tiennent un discours extremiste.Nous le regrettons et continuerons a sensibiliser, eduquer et former les citoyens pour une societe reellement plurielle et egalitaire.Le Mouvement Democratique Bruxellois sera present lors des commemorations a Bruxelles ce 22 mars 2017. Nos pensees ce jour-la, iront uniquement aux victimes et a leurs familles.quelques regles de bonne conduite avant de reagir (c) Rossel & Cie - 2018 Conditions generales de vente - Droits de reproduction - Protection de la vie privee - Droit a l'oubli ", "theme": "archive"}