{"id_art": "fa63bd9d82f6d43fa0ed936d818695c6", "title": "Une ascension rapide ", "newspaper": "lesoir", "author": [], "date_publi": [], "content": " Une ascension rapide Une ascension rapide1985 Naissance de Mohamed Ben Salmane a Djeddah le 31 aout.2009 Entree en politique comme conseiller de son pere, gouverneur de Riyad.2015 Son pere Salmane succede comme roi a Abdallah, decede ; il designe MBS comme ministre de la Defense et comme vice-prince heritier. En mars, une coalition menee par Riyad entre en guerre au Yemen contre la rebellion << houthie >>.2016 En janvier, execution de dizaines de djihadistes et d'un notable de la minorite chiite. Sortie du plan << Vision 2030 >> pour en finir avec la dependance de l'economie au petrole.2017 Designation de MBS comme prince heritier. Crise avec le Qatar accuse de soutenir le terrorisme. Annonce de la fin de l'interdiction du droit de conduire pour les Saoudiennes. Le 3 novembre, purge << anticorruption >> sans precedent vue par d'aucuns comme un << coup d'Etat >>.(c) Rossel & Cie - 2018 -- Conditions generales de ventes -- Droits de reproduction -- Protection de la vie privee - droit a l'oubli ", "theme": "archive"}