{"id_art": "36bedb2f931c6d92336319d354b596b6", "title": "La <<terreur>> a Londres a la Une des medias du monde entier (revue de presse) ", "newspaper": "lesoir", "author": [], "date_publi": [], "content": " C.BqAu moins trois personnes ont ete tuees ce mercredi lors d'une attaque qualifiee de << terroriste >> par la police britannique. Un attentat a fait au moins 3 morts (sans compter l'assaillant) et 29 blesses, ce mercredi. Une attaque que la police a rapidement qualifiee de << terroriste >> tant qu'elle n'avait pas la preuve du contraire.Ce jeudi matin, l'attaque fait la Unes de tous les journaux britanniques et du monde. Un mot revient partout : la << terreur >>.<< Nous ne laisserons jamais le diable nous diviser >><< Terreur a Westminster >>", "theme": "archive"}