{"id_art": "6fa57bbf4e573d3d17197c770eb8fb6b", "title": "<< L'Europe est a une heure de verite >> ", "newspaper": "lesoir", "author": [], "date_publi": [], "content": " << L'Europe est a une heure de verite >> L'economiste francais Nicolas Baverez denonce le declin d'une France qui s'empeche de se reformer depuis plusieurs annees, dans un contexte europeen fragile.L'economiste francais <<Le probleme n'est pas de savoir si on aime ou on n'aime pas Vladimir Poutine>>, estime Nicolas Baverez. Rene Breny.Malgre la crise qu'elle subit, l'Europe possede le potentiel necessaire pour un sursaut. L'election presidentielle francaise pourrait se reveler decisive, opposant ce que Nicolas Baverez appelle les << reformistes >> aux << populistes >>.Comment relancer l'integration europeenne dans un contexte de desintegration et de desaveux generalise ?(c) Rossel & Cie - 2018 -- Conditions generales de ventes -- Droits de reproduction -- Protection de la vie privee - droit a l'oubli ", "theme": "archive"}