{"id_art": "be5b9c655b1476ae4deab0d037b3dcac", "title": "Fusillade dans une ecole ", "newspaper": "lesoir", "author": [""], "date_publi": ["2017-04-11"], "content": " Fusillade dans une ecole Deux adultes sont morts lundi lors d'une fusillade dans une ecole primaire de San Bernardino en Califonie (Etats-Unis) qui, selon un bilan encore provisoire, a aussi fait deux blesses, probablement des enfants, a indique le chef de la police.Les autorites pensent qu'il s'agit d'une tentative de meurtre suivie par une tentative de suicide, dans cette ville qui avait deja ete le theatre d'un attentat d'inspiration islamiste en decembre 2015. (afp)(c) Rossel & Cie - 2018 -- Conditions generales de ventes -- Droits de reproduction -- Protection de la vie privee - droit a l'oubli ", "theme": "archive"}