{"id_art": "917461c580481f5ab83dd47db8ffd3ef", "title": "Le califat virtuel mis sous pression ", "newspaper": "lesoir", "author": [], "date_publi": [], "content": " Le califat virtuel mis sous pressionMalgre des progres indeniables dans la lutte contre la propagation des idees des groupements djihadistes sur internet, l'epuration complete du Net est illusoire. Elle est d'autant plus compliquee que les desaccords abondent sur ce qu'implique la lutte contre l'extremisme. Comment neutraliser les sites djihadistes qui engorgent Internet et les reseaux sociaux ? En bombardant les lieux de production de contenus et en eliminant ceux qui les animent, a repondu la coalition militaire anti-Daesh. Resultat, comme l'explique Charles Winter, chercheur au King's College de Londres, alors qu'en ete 2015, l'organisation djihadiste sortait chaque semaine plus de 200 << produits >> (videos, sequences radio, magazines, etc.), elle n'en diffuse plus aujourd'hui qu'une vingtaine. Le retrecissement du territoire physique controle par l'Etat islamique en Syrie et en Irak s'est accompagne d'un ratatinement du << califat virtuel >>, specifiquement vise par les frappes aeriennes.(c) Rossel & Cie - 2018 -- Conditions generales de ventes -- Droits de reproduction -- Protection de la vie privee - droit a l'oubli ", "theme": "archive"}