{"id_art": "8be8f0364ae652163a88ebeddcfcacdf", "title": "<< Je ne me plains pas, on se sent juste oublie >> ", "newspaper": "lesoir", "author": ["julie huon"], "date_publi": ["2017-03-11"], "content": " << Je ne me plains pas, on se sent juste oublie >> Julie Huon Il y a un an, Anna racontait : << J'avais 17 ans quand maman est partie. C'etait pas facile, surtout pour papa qui est reste seul la-bas avec trois enfants. >> Il y a un an, on apprenait la mort a Maelbeek de Janina Grazyna Panasewicz, 61 ans, qui avait quitte la Pologne en 1998 pour venir travailler a Bruxelles et offrir des etudes a ses enfants.Aujourd'hui, dans cette brasserie bruxelloise, devant son cafe qui refroidit, Anna dit : << Je porte ses vetements, je respire ses chales, j'utilise ses cremes et ses shampoings. Je sais que ca ne va pas la faire revenir. Je regarde des photos tout le temps, comme celle de mon mariage ou elle arrange mes cheveux. Et le pull qu'elle porte, je le porte aussi. J'ai tellement de regrets. Je ne lui ai pas assez dit \"je t'aime\", je ne l'ai pas assez prise dans mes bras. >>(c) Rossel & Cie - 2018 -- Conditions generales de ventes -- Droits de reproduction -- Protection de la vie privee - droit a l'oubli ", "theme": "archive"}