{"id_art": "001a9da91c66b5d8801e00ff87e568f6", "title": "L'entraineur de Dortmund, furieux: <<Nous nous sommes sentis ignores>> ", "newspaper": "lesoir", "author": [""], "date_publi": ["2017-04-12"], "content": " AfpL'entraineur du Borussia Dortmund Thomas Tuchel a vivement critique mercredi la decision de l'UEFA d'avoir fait jouer a son equipe un match de Ligue des champions 24 heures apres un attentat qui a fait un blesse. << Apres l'attaque, nous aurions aime avoir plus de temps pour digerer tout cela. Et on ne nous a pas laisse de temps. On nous a dit, demain vous devez jouer >>, a-t-il denonce apres le match perdu contre Monaco 2-3 mercredi soir en quart de finale de Ligue des champions.<< Nous nous sommes sentis ignores. On ne nous a pas demande notre avis, ils ont decide ca a l'UEFA a Suisse. Quelques minutes apres l'attaque, on nous a dit qu'on devrait jouer, comme si on nous avait envoye une canette de biere contre le bus >>, a-t-il poursuivi.L'UEFA avait decide mardi soir de ne pas faire disputer le match, mais annonce en meme temps que la rencontre serait reportee a ce mercredi 18h45, soit moins de 24 heures apres l'attaque.", "theme": "archive"}