{"id_art": "f49ff72f50b2489079d754d4da196589", "title": "Dortmund renoue avec la victoire quatre jours apres l'attentat ", "newspaper": "lesoir", "author": [""], "date_publi": ["2017-04-15"], "content": " Le Borussia Dortmund a remporte samedi son premier match depuis l'attentat de mardi, en battant Francfort a domicile 3-1 pour la 29e journee de Bundesliga.Les buts ont ete marques par Marco Reus (2e), Sokratis (34e) et Aubameyang (86e) pour Dortmund, et Marco Fabian (29e) pour Francfort.Apres l'attaque a la bombe contre le bus de l'equipe, dans lequel l'Espagnol Marc Bartra a ete blesse, le Borussia avait perdu mercredi son quart de finale aller de Ligue des champions contre Monaco (2-3).", "theme": "archive"}