{"id_art": "24a58e44cca2903dee8c9862cc2986a2", "title": "Syrie: l'assaut turc risque d'aggraver les relations deja abimees avec l'Occident ", "newspaper": "lesoir", "author": [""], "date_publi": ["2018-01-21"], "content": " Anne Andlauer Des soldats turcs sont entres dimanche dans la region d'Afrin, dans le nord-ouest de la Syrie, au deuxieme jour d'une offensive contre des milices kurdes considerees comme terroristes par Ankara. Depuis Istanbul La Turquie a lance samedi sa deuxieme campagne militaire en Syrie, ouvrant un nouveau front dans la guerre qui mine ce pays depuis bientot sept ans. Baptisee << Rameau d'olivier >>, l'offensive vise les milices kurdes des Unites de protection du peuple (YPG), partenaires des Etats-Unis dans la lutte contre Daesh mais ennemis d'Ankara en raison de leurs liens avec le Parti des travailleurs du Kurdistan (PKK). L'armee turque a pour mission de deloger ces combattants de leur bastion d'Afrin, l'un des trois << cantons >> kurdes dans le Nord syrien, evacue en 2012 par le regime du president Bachar al-Assad. Merci le journal pour l'ajout de la carte ........ Le Soir, comme, il l'a deja realise autrefois, ne peut-il reediter une sorte de \"carte des influences diverses et multiples\" en Syrie. Cette ancienne carte , maintenant a modifier , montrerait aujourd'hui , toutes les differentes potentialites de conflits. Un seul coup d'oeil attentif suffirait a chacun. ", "theme": "archive"}