{"id_art": "93f6509cf785a9877c563dfc82c64b17", "title": "Terrorisme: perquisitions a Bruxelles dans un nouveau dossier ", "newspaper": "lesoir", "author": [""], "date_publi": ["2017-04-21"], "content": " B.DN.Cinq personnes ont ete interpellees. Le parquet n'a livre que peu d'informations. Dans la nuit de jeudi a vendredi, soit quelques heures apres l'attentat sur les Champs-Elysees, la police judiciaire federale de Bruxelles a mene de multiples perquisitions en region bruxelloise et dans sa peripherie (deux a Molenbeek-Saint-Jean, une a Ganshoren et une a Roosdaal) dans le cadre d'un nouveau dossier de terrorisme.", "theme": "archive"}