{"id_art": "b9552fe68cd3deb7c83c5473e174f8dd", "title": "Enquete ", "newspaper": "lesoir", "author": [""], "date_publi": ["2017-05-20"], "content": " en brefL'hypothese d'un attentat fut evoquee. Dans les jours precedant le drame, des activistes de gauche avaient denonce par voie de tracts l'organisation de la << semaine americaine >>. Cette piste ne deboucha sur rien. 1.800 temoins furent interroges. L'enquete se clotura sur un non-lieu le 4 juin 1970, l'hypothese de l'accident etant retenue, au desespoir de certaines parties civiles.Les failles decelees dans l'organisation des services de secours (materiel incompatible, absence de commandement central) entrainerent une restructuration du service d'incendie de Bruxelles, debouchant le 26 juillet 1971 sur la fusion des corps de pompiers bruxellois. La reglementation incendie fut considerablement renforcee, avec imposition de sprinklers ou de portes coupe-feu.Les milliers de tonnes de deblais calcines de l'Innovation furent transportes par des militaires du Genie dans un terrain de Woluwe-Saint-Lambert devenu le parc Schuman.(c) Rossel & Cie - 2018 -- Conditions generales de ventes -- Droits de reproduction -- Protection de la vie privee - droit a l'oubli ", "theme": "archive"}