{"id_art": "064708f298ded9be854ebeb6ab26c04a", "title": "Gilles de Kerchove: <<La vraie menace? Ceux qui se radicalisent sur internet>> ", "newspaper": "lesoir", "author": [], "date_publi": [], "content": " Camille Tang Quynh Attentats de Bruxelles Le coordinateur europeen en matiere de lutte contre le terrorisme dresse le bilan de l'annee qui vient de s'ecouler apres les attentats de Bruxelles. A la veille des commemorations des attentats de Maelbeek et de Brussels Airport, le coordinateur europeen en matiere de lutte contre le terrorisme, Gilles de Kerchove, dresse le bilan un an apres les tragiques evenements. << On n'a pas simplement appris, on a surtout beaucoup agi >>, affirme-t-il sur Bel RTL ce mardi matin.", "theme": "archive"}