{"id_art": "a80f004106755f8c05a659fc7fdfa35c", "title": "Quand Daesh cafouille ", "newspaper": "lesoir", "author": [], "date_publi": [], "content": " Quand Daesh cafouille Ludivine PonciauQuand Daesh cafouilleL'Etat islamique se serait-il trompe de terroriste ? Deux heures a peine apres la fusillade et alors qu'aucun nom n'avait encore fuite, l'organisation terroriste affirmait, via son organe de propagande Amaq, etre l'instigateur de la fusillade aux Champs-Elysees. Et livrait en prime le nom de son combattant : Abu Yusuf << al belgiki >>, sous-entendant que ce dernier avait des origines belges ou, a tout le moins, des liens avec la Belgique. Sauf qu'a l'heure a laquelle le communique tombait, les informations que livrait au Soir une source proche du dossier indiquaient que l'assaillant non seulement << n'etait pas belge >> mais que, plus largement, << aucun lien avec la Belgique >> n'etait << a ce stade >> apparu dans l'enquete. Ce qu'a d'ailleurs confirme Jan Jambon vendredi matin. De plus, cote francais, on avait deja formellement identifie un certain Karim C.(c) Rossel & Cie - 2018 -- Conditions generales de ventes -- Droits de reproduction -- Protection de la vie privee - droit a l'oubli ", "theme": "archive"}