{"id_art": "b9cc6d5711c68cb847bdfcb6a07c4c20", "title": "Les Diwan Awards rendent hommage aux victimes des attentats bruxellois ", "newspaper": "lesoir", "author": [""], "date_publi": ["2017-03-28"], "content": " Par Belga.Le prix a ete remis Mohamed El Bachiri dont l'epouse est decedee le 22 mars Mohamed El Bachiri, dont l'epouse est decedee dans l'attentat du metro bruxellois, a recu vendredi le prix Citoyennete lors de la cinquieme edition des Diwan Awards. Ceux-ci mettent traditionnellement a l'honneur des talents belges issus de la diversite. Cette annee, les organisateurs tenaient a rendre hommage a toutes les victimes des attentats a Bruxelles. << Un homme, Mohamed El Bachiri, symbolise leur souffrance mais aussi la foi et l'espoir dans l'humain. C'est son engagement pour un veritable dialogue entre les communautes que nous saluons avec affection et solidarite avec tous ceux qui croient en un monde plus juste et en une victoire de la dignite contre la violence obscure >>, commente l'ASBL Divers-City, organisatrice. Le prix Citoyennete lui a ete remis << au nom de tous ceux qui sont tombes, de leurs proches >>.", "theme": "archive"}