{"id_art": "6d84120a6b8cbbd5da884809fb745053", "title": "Gros cumulards et petits voleurs: une question de perspective ", "newspaper": "lesoir", "author": [], "date_publi": [], "content": " Par Francois Degrande, Docteur en Langues et lettres, Charge de cours invite a l'UCL, Prof a l'Institut Saint-Joseph a Ciney, Prof a l'Illeps a VielsalmL'affaire Fillon et le scandale Publifin qui font la << Une >> de l'actualite depuis plusieurs semaines, ont inspire l'auteur. Lequel constate, avec une lucidite grincante, qu'a notre epoque, les vraies infractions ne sont malheureusement pas les plus visibles. Le jeudi 23 fevrier 2017, j'ai constate qu'un vol avait ete commis chez moi. Un violon fabrique par mon frere Vincent, laureat d'un prix de la Fondation Roi Baudouin il y a deux ans, figurait sur la liste des objets disparus. Une piece unique signee en 2005 par le luthier (etiquette sur parchemin, inscription en lettres manuscrites), au fond, eclisses et volutes en erable onde et a la table en epicea des Alpes. J'ai vite compris que ce vol n'interessait pas grand monde a la police. Les inspecteurs n'ont pas juge utile de faire descendre la police scientifique sur les lieux. Ils semblaient plus soucieux de proteger leur uniforme sur lequel mon chien avait detecte je ne sais quelles signatures olfactives de plus gros poissons.Grace a la bienveillance d'un fin lecteur de presse locale, un habitant de mon village du Condroz dont je tairai le nom, j'ai pu faire des recoupements et arriver a la conclusion que les malandrins avaient cumule les vols en toute impunite cette matinee-la. Sur la route qu'ils ont empruntee en repartant de chez moi, ils ont traverse trois communes avant leur coup suivant, manque. On les aurait laisses filer, faute de preuve. Le vol chez eux possede donc une vraie dimension intercommunale. Ces cambrioleurs ont peut-etre l'honnetete de ne pas se mettre de limite fictive dans leurs entreprises. De ne pas se retrancher dans de faux-plafonds a ne pas depasser.Vous l'aurez compris, apres une phase de revolte, j'en suis revenu a des sentiments plus chretiens vis-a-vis des malfrats qui ont fait le coup.Apres tout, il s'agissait peut-etre de Robins des bois s'etant trompes de cible. J'ai appris un jour que dans un Etat de Droit, on ne rendait pas la justice soi-meme. Tout se regle helas a coups de jetons de presence dans la gueule des travailleurs fantomes. Avec en toile de fond l'affaire Fillon et le scandale Publ ifin, j'ai fini par accepter que le cumul des vols de ces voyous a la petite semaine d'un petit mois de vingt-huit jours meritait qu'on leur trouvat au moins quelques circonstances attenuantes, dont la crise et le mauvais exemple dicte par nos dirigeants, payes grassement pour creer de la frustration. Il faut etre d'un stoicisme heroique pour rester calme en lisant du Louis Michel dans le texte : << Quel entrepreneur acceptera de sacrifier ses week-ends, ses soirees, ses vacances, pour gagner 4 800 euros net/mois ? >>.A part une poignee de privilegies, tout le monde peut se sentir blesse par ces propos-la. Chez certains, fragilises par le systeme, la vengeance peut constituer une reponse machinale au mal de vivre qui les habite.Suite a ma mesaventure, me sentant pousser des ailes d'enqueteur, j'ai procede moi-meme a une breve enquete de voisinage, rendue compliquee par le fait qu'en realite, je n'ai pas de voisin. La position geopolitique de vivre au fin fond de la campagne est en realite plus geostrategique qu'il n'y parait. On pense que le terrorisme ne viendra pas voler au hasard les droits sur la vie jusque-la. Et puis, vivre sans voisin donne l'illusion qu'on vit dans tous les pays du monde. Une telle ouverture de perspectives fait qu'on evolue, entre autres, sans prejuge aucun sur les petits voleurs, d'ici ou d'ailleurs. Ce retrait du monde amene a voyager sans bouger dans une zone ou l'on pense que les lois ne servent a rien. Ce vol m'a helas rappele a la dure realite. Chaque jour, en Belgique, des petits voyous se font coffrer, quand la graisse des gros voleurs tapisse chez ces derniers une couche supplementaire d'immunite pour mieux sortir de l'hiver qu'ils installent dans nos economies.Dans tous les cas, la multiplication des cambriolages dans les endroits les plus recules montre que les petits malfrats sont de veritables travailleurs compulsifs. Leur emploi n'a rien de fictif. Il est methodique, en amont et en aval. Laissons a ces petits bandits qu'au moins eux, ils bossent.Certains se sentent dans votre salon comme dans un salon litteraire ou l'on ne sent pas tout le travail qui preside a la performance ; d'autres sont plus grossiers et plus brouillons dans leurs manoeuvres. Mais tous laissent des traces palpables de leurs agissements sur terre.Soustractions (vols de biens), transformations (refonte de bijoux), ajouts (empreintes), reamenagement de votre territoire. Sans parler des autres oeuvres surrealistes qu'ils creent dans votre maison grace aux rencontres fortuites avec votre materialisme. Une vraie prise sur le reel.Leur breve prestation suppose en general un espionnage fin, une organisation sequencee, une presence verifiable sur le lieu de travail, bref un dispositif de qualite, pilote par un cerveau au sang-froid. Un homme qui aurait pu mettre son intelligence au service d'un projet plus noble que le vol, si l'ecole n'avait pas failli a sa mission d'education. Un homme qui, s'il etait amene a rendre des comptes quant au fruit de son labeur le jour du jugement dernier dans un tribunal du travail d'outre-tombe, pourrait faire un bilan precis de ses missions sur terre. Peut-on en dire autant des gens qui nous gouvernent et des cumulards entrelardes ? Tout au plus, les Moreau et Gilles pourront-ils dire un jour qu'ils n'ont rien fait d'autre que de faire disparaitre des documents. Une soustraction en moins dans un reel dans lequel il est de bon ton de se soustraire a ses responsabilites.Chomeur et travailleur fictif. A premiere vue, deux emplois differents.Celui-ci, qui a un statut enviable, critique celui-la, qui est paye a ne rien faire. Sans mesurer que c'est son double. Tous deux font exactement le meme metier. Le chomage, c'est la somme de tous les vrais metiers, puisqu'on peut tout etre virtuellement quand on n'est rien. Le metier de cumulard, c'est la somme de tous les emplois fictifs, avec l'avantage que l'ubiquite permet : en etant partout, on peut se payer le luxe de ne rien faire, en disant qu'on etait ailleurs, occupe sur un autre dossier, plus utile et plus urgent. Je sais que je caricature, mais je pense etre proche du ressenti global des Belges en ce moment. A partir du moment ou on cumule des mandats pour des emplois fictifs, de ceux qui ne creent absolument rien dans le reel, on prend le boulot des autres. Donc, on cree du chomage. Au final, je ne vois pas pourquoi on devrait juger avec plus de durete les petits voleurs qui bossent vraiment, parfois avec l'acharnement qui habite les gens passionnes qui croient en leur projet. Vu le contexte actuel, j'ai la faiblesse de croire que quand des cambrioleurs spolient des biens, certains le font plus par necessite que par vice. Est-ce une necessite, chez les cumulards, d'aller chercher des dizaines de milliers d'euros par mois ?Je ne peux pas non plus m'empecher de reconnaitre, encore a decharge des joyeux larrons, que leurs pesees sur nos chassis montrent qu'ils savent s'ouvrir des portes tout seuls. Sans l'aide de papa et maman.Sans leur reseau riche de contacts notables, des la naissance. Voler de ses propres ailes n'est plus la norme en Belgique. Je planche en ce moment sur un dictionnaire des noms propres a la belge, recensant tous les fils de qui nous entourent. Il semble qu'en Belgique, Midas dine a la table des gros voleurs tous les jours. Mais si tu es pauvre, et que tu as le malheur d'etre ne avec une tache de vin sur la tronche, sois sur qu'on te fera payer les accises tous les jours que Dieu fait.On m'objectera que je fais l'apologie du vol et que je m'adonne a un plaidoyer dangereux pour sauver le monde de la truande. Je ne suis pas de cette utopie-la. Loin s'en faut. Je crois plutot que ma reaction est symptomatique d'un malaise par rapport au climat ambiant. Elle revele les peurs normales des gens normaux, au salaire normal, qui font leur boulot, au singulier, normalement. Non, tout travail ne merite pas un double salaire.La version actuelle du merite est abjecte. On finira par trouver des circonstances attenuantes a tous ceux qui arrondissent les fins des mois en cherchant des petits extras, parce que de toute facon, en substance, tout le monde vole.Quand je mesure l'acte illegal dont j'ai ete victime a l'aune des pratiques actuelles et des montants astronomiques percus pour des travaux non faits, je relativise en hierarchisant ces deux types d'infraction et leur degre de visibilite. Mais, je n'ose pas imaginer la reaction de tous ceux qui, leses dans une affaire, n'ont rien a faire des fondements qui regissent un Etat de droit. Comme le rappelait simplement Daniel Balavoine sur un plateau tele il y a quelques decennies : << le desespoir est mobilisateur >>. Il nous faut voir clair : les vraies infractions ne sont malheureusement pas les plus visibles. Le budget des menages se trouve impacte par quelques gros fraudeurs qui utilisent une rhetorique lache, parlent de frais de tenue pour gerer la fortune inexistante de nombreux comptes en banque, tout en se refugiant derriere la seule valeur refuge qui les protege : l'argent, immateriellement illimite.quelques regles de bonne conduite avant de reagir (c) Rossel & Cie - 2018 Conditions generales de vente - Droits de reproduction - Protection de la vie privee - Droit a l'oubli ", "theme": "archive"}