{"id_art": "d7d65e78c1e8e10a9ae0b429092265a7", "title": "<<Ensemble contre le terrorisme>>: les dirigeants europeens reagissent apres l'attaque en Suede ", "newspaper": "lesoir", "author": [], "date_publi": [], "content": " <<Ensemble contre le terrorisme>>: les dirigeants europeens reagissent apres l'attaque en Suede Apres l'attaque au camion belier a Stockholm, qui a fait plusieurs morts, les dirigeants apportent leur soutien a la Suede. Le president de la Commission europeenne Jean-Claude Juncker a egalement envoye un message de solidarite a la Suede, estimant qu'une attaque visant un pays europeen etait << une attaque contre nous tous >>. << Nos pensees sont avec le peuple suedois apres les evenements tragiques a Stockholm aujourd'hui >>, a-t-il declare dans un communique. << Une attaque contre tout Etat membre (de l'UE, ndlr) est une attaque contre nous tous >>, a-t-il ajoute. <<Nous condamnons la violente attaque en Suede aujourd'hui>>, a declare le secretaire general des Nations unies Antonio Guterres, souhaitant, dans un communique, que les responsables de l'attaque soient <<rapidement presentes a la justice>>. <<Nous sommes encore en deuil pour la perte d'innocents. Fermement unis contre la haine et la terreur>>, ecrit le president du Parlement europeen Antonio Tajani qui s'est declare <<choque>> par l'attentat.L'Allemagne est aux cotes de la Suede << contre le terrorisme >> apres l'attaque au camion belier qui a fait plusieurs morts vendredi a Stockholm, a indique le porte-parole de la chanceliere allemande Angela Merkel. << Nous sommes ensemble contre le terrorisme >>, a ecrit dans un tweet Steffen Seibert, ajoutant que << nos pensees vont aux gens a Stockholm, aux blesses aux proches, aux secouristes (et) aux policiers >>.En Russie, le president Vladimir Poutine a affirme qu'<<en cette heure difficile, les Russes pleurent avec le peuple suedois>>. <<Dans notre pays, nous connaissons bien les crimes du terrorisme international>>, a-t-il dit dans un communique, quelques jours apres un attentat qui a fait 13 morts dans le metro de Saint-Petersbourg. <<Un jour triste mais nous croyons en la resistance des Suedois>>, a tweete, le chef du gouvernement belge Charles Michel.Se disant <<choque par l'attentat terroriste dans la capitale suedoise>> commis avec un camion dans une rue commercante animee, le ministre des Affaires Etrangeres belge, Didier Reynders, a precise que ses pensees allaient aux victimes ainsi qu'a leurs familles et amis. <<Notre pays est solidaire avec les Suedois>>, a ajoute Didier Reynders disant esperer que le ou les auteur(s) pourra(ont) etre punis. M. Reynders a repete que <<la Belgique continuera a s'impliquer au niveau international pour la lutte commune contre le terrorisme>>. << La France solidaire de la Suede face au terrorisme >>, a declare son homologue francais, Jean-Marc Ayrault. Dans un communique, le president de la Republique, Francois Hollande, a << fait part de son effroi et de son indignation >> apres l'attentat de Stockholm. << La France exprime sa sympathie et sa solidarite aux familles des victimes et a tous les Suedois >> .Le president finlandais, Sauli Niinisto, s'est dit choque par cet << acte maniaque de terreur >>. << Toute attaque terrorisme doit etre condamnee mais cela nous touche profondement quand une telle attaque a lieu dans notre voisinage nordique >>. <<Apres les attaques de ces dernieres semaines a Londres et Saint-Petersbourg, il s'agit d'une enieme, dramatique attaque a nos villes, a notre maniere de vivre et a nos valeurs les plus profondes>>, a deplore le ministre italien des Affaires etrangeres Angelino Alfano.Le chef de la diplomatie autrichienne Sebastian Kurz, s'est dit <<tres affecte par ces evenements tragiques>>. <<Nou sommes aux cotes de nos amis suedois en cette heure de deuil. Nous combattrons ensemble toutes les formes de terrorisme>>, a-t-il tweete. <<Nous sommes ensemble dans ce combat contre le terrorisme>>, a aussi ecrit sur sont compte twitter le Premier ministre portugais Antonio Costa.Son homologue neerlandais Mark Rutte a deplore <<une terrible nouvelle>>, soulignant que <<les Pays-Bas sont pres a aider si besoin>>.Le Ministere des Affaires etrangeres et du commerce hongrois a condamne <<un acte meprisable>>, se disant <<sous le choc>>. <<Le peuple suedois peut compter sur la Hongrie dans le combat contre le terrorisme>>, a-t-il ajoute, tandis que la Pologne, la Lituanie et l'Estonie ont egalement exprime leur condoleances aux familles. Suivre le direct sur mobile (c) Rossel & Cie - 2018 Conditions generales de vente - Droits de reproduction - Protection de la vie privee - Droit a l'oubli ", "theme": "archive"}