{"id_art": "bbe3437ce834693979b58aa5bfcaef46", "title": "<< Il faut que je profite de tout ce que je peux encore faire maintenant, c'est le present qui prime >> ", "newspaper": "lesoir", "author": [], "date_publi": [], "content": " << Il faut que je profite de tout ce que je peux encore faire maintenant, c'est le present qui prime >> Julien Bosseler Derriere ses epaisses lunettes fumees, Claire, 63 ans, irradie de lumiere, celle de la resilience. Et malgre sa silhouette frele, elle degage une energie hors du commun. Son parcours, pourtant, aurait pu - aurait du - eteindre cette Auderghemoise, ancienne kinesitherapeute et professeure d'education physique. Des soucis articulaires la menent a devenir bibliothecaire. Elle le restera durant vingt ans. Mais son amour des livres est contrarie par une sclerodermie, maladie auto-immune qui altere sa vue. Qu'a cela ne tienne : elle se met au service de la Ligue Braille et vit chichement d'une petite allocation de handicapee.(c) Rossel & Cie - 2018 -- Conditions generales de ventes -- Droits de reproduction -- Protection de la vie privee - droit a l'oubli ", "theme": "archive"}