{"id_art": "213363ef1dd552531ce93f4ff5688bab", "title": "<< Il faut poursuivre la verite sur le genocide rwandais >> ", "newspaper": "lesoir", "author": [""], "date_publi": ["2017-04-07"], "content": " << Il faut poursuivre la verite sur le genocide rwandais >> Colette Braeckman Le 7 avril 1994, commencait l'extermination de plus de 800.000 Tutsis au Rwanda. Le 7 avril 1994,Johan Swinnen, qui y etait ambassadeur de Belgique, evoque le contexte de cette tragedie.La question qui hante toujours Johan Swinnen est de comprendre <<pourquoi tant de Rwandais tomberent dans le piege de la radicalisation>>. (c) Rossel & Cie - 2018 -- Conditions generales de ventes -- Droits de reproduction -- Protection de la vie privee - droit a l'oubli ", "theme": "archive"}