{"id_art": "c47b514003c3e89e62cedc677f126151", "title": "Cela s'est passe un 29 mars : <<Les Caucasiens ont peur>> ", "newspaper": "lesoir", "author": [""], "date_publi": ["2017-03-29"], "content": " Benjamin QuenelleLe chef du groupe islamiste tchetchene << Emirat du Caucase >>, revendique les attentats de Moscou. (article paru le 1er avril 2010) Une curieuse atmosphere regne dans le metro de Moscou, depuis qu'un double attentat-suicide a tue 39 personnes lundi matin en pleine heure de pointe. Un climat general d'incertitudes et de malaises en Russie accru, ce mercredi, apres les deux explosions qui ont tue 12 personnes au Daghestan, la republique voisine de la Tchetchenie. Les attentats de Moscou ont ete revendiques hier par le chef d'un groupe tchetchene actif dans le Nord-Caucase.", "theme": "archive"}