{"id_art": "c81de32cf17f34997917572dba6d1209", "title": "Les Bourses europeennes finissent dans le vert ", "newspaper": "lesoir", "author": [""], "date_publi": ["2017-05-24"], "content": " Le point sur les marches Les Bourses europeennes finissent dans le vertLes Bourses europeennes finissent dans le vertLes Bourses europeennes ont termine dans le vert mardi - sauf celles de Londres et de la Suisse - encouragees par de bons indicateurs d'activite en Allemagne, en zone euro et en France. Le moral des entrepreneurs en Allemagne a bondi en mai, depassant nettement les pronostics des economistes, et la croissance de l'activite privee dans la zone euro a continue au meme rythme ce mois-ci qu'en avril, se maintenant a son plus haut niveau depuis six ans. En France, l'optimisme sur la conjoncture economique se confirmait dans le secteur prive en mai, les chefs d'entreprise affichant un moral au plus haut, element crucial pour demarrer d'un bon pied le nouveau quinquennat. A Londres et en Suisse, notamment, les investisseurs ont prefere ne pas prendre d'initiatives en raison de l'attentat de Manchester qui a fait 22 morts lundi soir.L'Eurostoxx 50 a pris 0,52 %.(c) Rossel & Cie - 2018 -- Conditions generales de ventes -- Droits de reproduction -- Protection de la vie privee - droit a l'oubli ", "theme": "archive"}