{"id_art": "1a8b55be798a74e765c1fd49e3b1a8dd", "title": "<< Je ne suis pas d'accord avec ce que vous dites, mais je me battrai jusqu'au bout a vos cotes pour que vous puissiez le dire >> ", "newspaper": "lesoir", "author": [], "date_publi": [], "content": " << Je ne suis pas d'accord avec ce que vous dites, mais je me battrai jusqu'au bout a vos cotes pour que vous puissiez le dire >> Interview imaginaire de Voltaire, philosophe et moraliste francais dont les reponses -authetiques- sont faites a base de citations exactes et verifiees. Esprit libre et superieur, Francois Marie Arouet, dit Voltaire, a marque le XVIII e siecle par ses idees progressistes et ses ecrits. Citons dans une oeuvre profuse son \"Candide \" (a qui il fait dire << Il faut cultiver notre jardin >> mais aussi que << Tout est pour le mieux dans le meilleur des mondes possibles >>) et \"Le traite pour la tolerance \". Ce grand defenseur de la liberte pour qui <<le mieux est l'ennemi du bien >> dominait l'Europe de la pensee. A l'ecouter, on disseque mieux la nature humaine. Bonjour M. Voltaire. Il est une question qui nous preoccupe fortement en ce moment : celle du radicalisme prenant sa source dans la religion. Le terrorisme au nom de Dieu est-il une magistrale erreur ? Le fanatisme est un monstre sans coeur, sans yeux et sans oreilles. Il ose se dire le fils de la religion. Nous avons assez de religion pour hair et persecuter, et nous n'en avons pas assez pour aimer et secourir. On voit evidemment que toutes les religions ont emprunte leurs dogmes et tous leurs rites les unes des autres. Plus les hommes seront eclaires et plus ils seront libres. N'est-il pas honteux que les fanatiques aient du zele et que les sages n'en aient pas ? Comment nous premunir ? Par la pensee ? La reflexion? L'amour d'autrui ? Ceux qui peuvent vous faire croire a des absurdites peuvent vous faire commettre des atrocites. Plus on a medite, plus on est en etat d'affirmer qu'on ne sait rien. Le prudent se fait du bien, le vertueux en fait aux autres. C'est n'etre bon a rien de n'etre bon qu'a soi. Le seul moyen d'obliger les hommes a dire du bien de nous, c'est d'en faire. Que conclure a la fin de tous mes longs propos ? C'est que les prejuges sont la raison des sots. Rien n'est plus dangereux que lorsque l'ignorance et l'intolerance sont armees de pouvoir. Alors l'antidote, ce serait le bonheur revendique ? Le bonheur n'existe pas, il n'y a que des instants de bonheur. Le bonheur est un etat d'ame et par consequent il ne peut etre durable. J'ai decide d'etre heureux parce que c'est bon pour la sante. Le bonheur est la seule chose que l'on puisse donner sans l'avoir et c'est en le donnant qu'on l'acquiert. Le corps d'un athlete et l'ame d'un sage, voila ce qu'il faut pour etre heureux. Le paradis terrestre est la ou je suis. A moins que l'amitie, forte et vivifiante ne soit le bon remede : qu'en pensez-vous ? Ou alors le travail ? Ou un optimisme forcene ? L'amitie d'un grand homme est un bienfait des dieux. Toutes les grandeurs du monde ne valent pas un bon ami. Un ami vaut mieux que cent pretres. (Mais) Mon Dieu, gardez-moi des amis. Quant a mes ennemis, je m'en charge. Le travail eloigne de nous trois grand maux, l'ennui, le vice et le besoin. L'optimisme est la rage de soutenir que tout est bien quand on est mal. Puissent tous les hommes se souvenir qu'ils sont freres, qu'ils aient en horreur la tyrannie exercee sur les ames. Peut-on tout de meme compter sur la politique ? Ou doit-on faire confiance aux hommes ? Les hommes sont des insectes se devorant les uns les autres sur un petit atome de boue. On peut juger du caractere des hommes par leur entreprise. Le meilleur gouvernement est celui ou il y a le moins d'hommes inutiles. (c) Rossel & Cie - 2018 Conditions generales de vente - Droits de reproduction - Protection de la vie privee - Droit a l'oubli ", "theme": "archive"}