{"id_art": "4957cd206869d3af615a6cddbd89446e", "title": "<< Nous voulons plusde transparence fiscale >> ", "newspaper": "lesoir", "author": ["joel matriche"], "date_publi": ["2017-03-25"], "content": " << Nous voulons plusde transparence fiscale >> Joel Matriche La cheffe dela diplomatie du Panama etait a Bruxelles.Operation seduction afin de convaincredes efforts de son pays en matierede transparenceet collaboration fiscales. Isabel de Saint Malo de Alvarado a rencontre pendant deux jours les autorites belges et europeennes. RENE BRENY. Vice-presidente du Panama - un pays dont l'image fut durement ecornee par la publication, il y a pres d'un an, des Panama Papers -, Isabel de Saint Malo etait a Bruxelles jeudi et vendredi afin d'y rencontrer les autorites belges et europeennes. Elle a partage son agenda, ou a tout le moins une partie de celui-ci, avec Le Soir.Quel est le programme de ces deux journees de visites et de rencontres ?(c) Rossel & Cie - 2018 -- Conditions generales de ventes -- Droits de reproduction -- Protection de la vie privee - droit a l'oubli ", "theme": "archive"}