{"id_art": "23fd2aaf8b1cb7f6ca50483de26da623", "title": "l'enquete Karim Cheurfi, le recidiviste qui haissait la police ", "newspaper": "lesoir", "author": [""], "date_publi": ["2017-04-22"], "content": " l'enquete Karim Cheurfi, le recidiviste qui haissait la police Ludivine PonciauQui etait Karim Cheurfi ? Vendredi, sur le coup de 18 h, le procureur de Paris Francois Molins a fait le point sur l'enquete et dresse le portrait de l'assaillant des Champs-Elysees.<< Il y a trois jours, nous nous felicitions de l'operation a Marseille qui a conduit a l'interpellation de deux individus qui s'appretaient a commettre de facon imminente un attentat terroriste. Hier, un policier est tombe sous les balles d'un terroriste... >>, a entame le procureur de Paris, rappelant la necessite de faire preuve d'humilite << malgre la mobilisation et l'engagement total de tous les acteurs de l'antiterrorisme >>.(c) Rossel & Cie - 2018 -- Conditions generales de ventes -- Droits de reproduction -- Protection de la vie privee - droit a l'oubli ", "theme": "archive"}