{"id_art": "c744e6277652c20c4b5d4c2e52f773c3", "title": "Terrorisme et criminalite: les vases communicants ", "newspaper": "lesoir", "author": [], "date_publi": [], "content": "L'homme qui a fait 86 morts avec son camion le 14 juillet 2016 sur la Promenade des Anglais, a Nice, etait connu pour des faits de delinquance depuis 2010. Son casier judiciaire comportait cinq condamnations pour violences, vols et degradations. En 2016, il avait ecope d'une peine de six mois de prison avec sursis pour violence volontaire lors d'un accident de la route.", "theme": "archive"}