{"id_art": "53128b9b492201bc31e8b2f08070e5d8", "title": "une clemence influencee par la vox populi ", "newspaper": "lesoir", "author": [], "date_publi": [], "content": " une clemence influencee par la vox populi Baudouin Loos Le cas du soldat israelien Elor Azaria condamne par un tribunal militaire a la peine d'un an et demi de prison pour avoir tue de sang-froid un Palestinien blesse gisant au sol inerte inspire plusieurs reflexions.Une majorite des Israeliens a pris passionnement la defense du soldat. Ce conscrit pourrait etre notre fils, pensent nombre d'Israeliens tandis que la haine enflamme les reseaux sociaux sur fond de deshumanisation des Palestiniens.Mais l'armee israelienne a voulu ce proces. Sa reputation, fletrie par de nombreuses actions violentes ordonnees d'en haut ou non, etait en jeu. Celle qui se veut << l'armee la plus morale du monde >> - expression qui etouffe d'indignation les Palestiniens sous occupation militaire depuis bientot 50 ans - entendait peut-etre faire un exemple. Pourtant, le procureur militaire avait ecarte l'accusation de meurtre, lui preferant celle d'homicide involontaire. Elor Azaria risquait donc 20 ans de prison, le procureur avait reclame entre 3 et 5 ans, et les juges ont tranche pour... 18 mois.(c) Rossel & Cie - 2018 -- Conditions generales de ventes -- Droits de reproduction -- Protection de la vie privee - droit a l'oubli ", "theme": "archive"}