{"id_art": "dae449d7e0618c4ab5fea866210dec46", "title": "Un arsenal de mesures antiterroristes ", "newspaper": "lesoir", "author": ["marc metdepenningen"], "date_publi": ["2017-04-16"], "content": " Un arsenal de mesures antiterroristes Marc Metdepenningen Un arsenal de mesures antiterroristesLe deploiement massif de militaires dans les rues a ete la consequence la plus visible des attentats commis d'abord en France, puis en Belgique. Apres Verviers, 200 a 400 soldats avaient ete deployes. Apres l'attaque de l'aeroport et du metro Maelbeek, ils furent portes a 1.600 avant de revenir a 1.100.Le gouvernement a arrete 30 mesures pour optimaliser la lutte contre le terrorisme. Les perquisitions sont desormais autorisees de nuit. Les echanges de donnees entre services de police et de renseignement ont ete optimises. La liste des infractions permettant la mise en oeuvre de Methodes particulieres de recherche (MPR) a ete etendue, tout comme la lutte contre les predicateurs de haine. Le screening pour l'exercice d'emplois sensibles a ete renforce et les detenteurs de cartes telephoniques prepayees doivent desormais s'identifier.(c) Rossel & Cie - 2018 -- Conditions generales de ventes -- Droits de reproduction -- Protection de la vie privee - droit a l'oubli ", "theme": "archive"}