{"id_art": "d353d174aa367c5edf6f0dd2581b5951", "title": "En Egypte, les chretiens coptes restent la cible des djihadistes ", "newspaper": "lesoir", "author": [], "date_publi": [], "content": " Aziz El MassassiDeux attentats visant des eglises, dans le Delta du Nil et a Alexandrie, ont fait au moins 44 morts. Ils ont ete revendiques par Daesh - le groupe Etat islamique. Le president Al-Sissi a decrete l'etat d'urgence pour trois mois. Depuis le Caire Bras dessus bras dessous, le regard alourdi par les larmes, des femmes vetues de noir longent des ruelles etroites de Tanta, la grande ville du Delta du Nil, dans le gouvernorat egyptien de Gharbiya. Toutes convergent vers l'eglise Saint George, frappee dimanche matin par une explosion qui a fait 29 morts et 78 blesses, selon le ministere de la Sante egyptien. Plus tard dans la journee, une attaque pres de l'eglise Saint-Marc d'Alexandrie a fait, quant a elle, 17 morts et 48 blesses, juste apres que le pape copte orthodoxe Tawadros II ait quitte les lieux. Partout en Extreme Orient les Chretiens sont systematiquement eradiques par les islamistes. C'est une extermination dont personne ne se soucie. Turquie, Syrie, Lybie, Egypte .... ", "theme": "archive"}