{"id_art": "e7876a4fab8617e30708508407387124", "title": "Une femme suspectee d'avoir aide a preparer un attentat inculpee en Belgique ", "newspaper": "lesoir", "author": [], "date_publi": [], "content": " Une femme suspectee d'avoir aide a preparer un attentat inculpee en Belgique Molly B., 24 ans est originaire de Wevelgem. Dans le cadre d'une enquete du parquet federal en matiere de terrorisme, une perquisition a ete menee dans la nuit du 7 au 8 mars 2017 par la police judiciaire federale de Flandre Orientale a la demande d'un juge d'instruction specialise en matiere de terrorisme de Flandre Occidentale, annonce ce jeudi le parquet federal dans un communique.Aucune arme ni explosif n'ont ete trouves. Une femme, Molly B., 24 ans et originaire de Wevelgem, a ete emmenee pour audition.L'enquete fournit des indices selon lesquels cette femme aurait apporte son aide a des personnes qui avaient l'intention de commettre un attentat en Europe.Le juge d'instruction a decide de placer l'interesse sous mandat d'arret. Elle est inculpee de participation aux activites d'un groupe terroriste.Le parquet precise qu'aucun autre renseignement ou precision supplementaire ne sera donne. (c) Rossel & Cie - 2018 Conditions generales de vente - Droits de reproduction - Protection de la vie privee - Droit a l'oubli ", "theme": "archive"}