{"id_art": "aa040187c210dea2b9d404d0e2281769", "title": "Les Belges ont appris a vivre avec la menace terroriste ", "newspaper": "lesoir", "author": [""], "date_publi": ["2018-01-22"], "content": " Celine Druez (st.)Selon Vincent Yzerbyt, professeur de psychologie sociale, apres s'etre montres tres vigilants, les Belges ont integre le caractere aleatoire des attentats. Repos soldat. Apres avoir passe plus de deux ans a arpenter les trottoirs des villes, armes aux poings, une partie des militaires deployes en raison de la menace terroriste vont pouvoir vaquer a d'autres occupations. Depuis les attentats de Paris du 13 novembre 2015, l'armee etait presente dans les rues et les zones a risque (comme les gares) de plusieurs grandes villes belges. Avec l'abaissement du niveau d'alerte 3 au niveau 2 (menace peu vraisemblable), c'est la continuation du long processus de << retour a la normale >> qui se poursuit. Meme si la presence des militaires en rue reste effective dans des conditions qu'il reste a preciser. (personnel). Cet avis me semble le sien, sans plus. Je vais svt en ville. J'y vois le contraire de cette analyse. L'empathie semble etre totale. C'est rasurant...et je n'ai jamais vu une arme levee. Ces soldats sont joviaux et sourient amicalement. Etant anti-militariste et anti fanatismes, je m'etais inquiete. Aujourd'hui, devant les faits du calme regnant, je pense le contraire...sans y avoir perdu mes convictions fondamentales. Cet avis est une injure aux hommes qui s'epuisent loin de leur famille depuis si longtemps. J.L. delmee ", "theme": "archive"}