{"id_art": "debfad4d63e2a89dbe5c2b0202469d5b", "title": "Mennel Ibtissem, une voix en or et un cruel dilemme pour TF1 ", "newspaper": "lesoir", "author": [], "date_publi": [], "content": " Baudouin Loos La jeune femme de 22 ans originaire de Besancon, syrienne par son pere, est au centre de cette polemique de grande ampleur apres son audition dans The Voice France. On ne parle plus que d'elle en France. Tout le monde donne son avis, souvent tranche. Les reseaux sociaux se dechainent, ses partisans et ses adversaires se houspillent avec acrimonie. Mennel Ibtissem, une jeune femme de 22 ans originaire de Besancon, syrienne par son pere, est au centre de cette polemique de grande ampleur depuis quelques jours.L'histoire, en deux mots. Samedi dernier, une voix d'une richesse et d'une sensibilite hors du commun fait tressaillir les quatre membres du jury de l'emission The Voice France, diffusee en prime time sur la chaine privee TF1. Elle a recolte ce qu'elle a seme ! Faire l'apologie du terrorisme et souiller le memoire des personnes disparues lors des attentats de Nice, je reste sans voix !!! Sa place n'etait plus #TheVoiceFrance et meme si TF1 l'avait maintenue, la chaine aurait subie une chute d'audience ! Oui, c'est bien dommage, vraiment dommage, mais...... Je concois difficilement que TF1 ratisse sur You Tube pour trouver des candidats \"spontanes\" a son crochet-concours ... Imaginez qu'un candidat ait tenu le meme genre de propos et soutenu le meme genre d'idees, mais a l'encontre des musulmans. Penserait-on a le garder dans ce concours ? ", "theme": "archive"}