{"id_art": "75ebbd266659e70a60e8af700792d385", "title": "les effets L'attentat de jeudine bouleversera pas le scrutin ", "newspaper": "lesoir", "author": [], "date_publi": [], "content": " les effets L'attentat de jeudine bouleversera pas le scrutin Marine BuissonElection presidentielle 2017 Coincee entre l'attentat dejoue de Marseille et l'attaque terroriste sur les Champs-Elysees, la campagne a brusquement change de nature. En direct sur France Televisons ce jeudi, les candidats a la presidentielle l'ont bien compris : difficile de faire l'impasse sur l'attentat parisien qui coutait la vie a un policier pendant qu'ils deroulaient consciencieusement leur programme.(c) Rossel & Cie - 2018 -- Conditions generales de ventes -- Droits de reproduction -- Protection de la vie privee - droit a l'oubli ", "theme": "archive"}