{"id_art": "3ac1da3ca93937b408663f25afb83073", "title": "ALIVE ", "newspaper": "lesoir", "author": ["catherine makereel"], "date_publi": ["2017-05-10"], "content": " Catherine Makereel <<ALIVE>>, un western decale d'Emmanuel Dekoninck, Benoit Verhaert et Gilles Masson. Aux Riches-Claires. Dominique Breda. Centre culturel des Riches-ClairesEmmanuel Dekoninck, Benoit Verhaert et Gilles Masson signent un western decale pour interroger notre besoin de consolation par la fiction. Il y est question d'un ami imaginaire, cowboy libre et solitaire, qu'il faut tuer pour se liberer de la fiction et vivre enfin dans le reel. La bande-son, live, est extraordinaire, revisitant Marvin Gaye ou les Bee Gees en balades country. Et l'humour n'est pas en reste pour detourner les references au western, saloons foireux, duels sous le soleil et chasseurs de primes tenebreux. (C.Ma.)Amants a mi-tempsKoek's Theatre(c) Rossel & Cie - 2018 -- Conditions generales de ventes -- Droits de reproduction -- Protection de la vie privee - droit a l'oubli ", "theme": "archive"}