{"id_art": "b5fa3b55871238d7ede0a7942640ac42", "title": "<< A Dortmund, on a pu vouloir cibler l'esprit du sport >> ", "newspaper": "lesoir", "author": [], "date_publi": [], "content": " << A Dortmund, on a pu vouloir cibler l'esprit du sport >> Mathieu Colinet Plusieurs actions terroristes recentes etaient en lien avecdes evenements sportifs.Malgre les contours encore flous de l'attaque de Dortmund, certains estiment que le lienavec le sport n'est pas forcement fortuit.Mercredi, avant d'entrer dans le stade, supporters de Dortmund et de Monaco ont plaide ensemble pour un monde sans violence et pour que le sport reste une fete. Parmi les trois localisations qu'avaient choisies les auteurs des attentats de Paris pour frapper le 13 novembre 2015, il y avait le Stade de France ou les Bleus affrontaient ce soir-la l'Allemagne, en match amical. Lorsque, quelques mois plus tard, Najim Laachraoui, l'artificier des attaques de Paris et Bruxelles, planifiait les prochaines actions de Daesh en Europe dans des conversations depuis lors retrouvees, il evoquait l'Euro 2016 de football, programme l'ete suivant dans l'Hexagone. Mardi soir, l'explosion qui a retenti a Dortmund visait le car de l'equipe de football locale, qui devait affronter celle de Monaco un peu plus tard en Ligue des Champions. Trois elements qui, mercredi, a l'heure des premieres tentatives d'explication, ont semble mettre en evidence un denominateur commun, le football, et l'interet que Daesh aurait a frapper durant des evenements qui y sont lies.(c) Rossel & Cie - 2018 -- Conditions generales de ventes -- Droits de reproduction -- Protection de la vie privee - droit a l'oubli ", "theme": "archive"}