{"id_art": "78a6e2e15157d41b96b10c8d6942d5b5", "title": "Menace terroriste: un retour au niveau 2 serait aussi un risque politique ", "newspaper": "lesoir", "author": [], "date_publi": [], "content": " Marc Metdepenningen Le ministre de l'Interieur Jan Jambon (N-VA) espere que le niveau de la menace pourra etre ramene de 3 a 2 dans les prochains mois. Les militaires aussi. Mais la presence de l'armee en rue est plebiscitee par la population qui ressent cette presence comme securisante. Le ministre de l'Interieur Jan Jambon espere voir le niveau de la menace etre ramenee de 3 (le niveau atteint apres les attentats contre Charlie Hebdo) a 2 dans les mois qui suivent, indiquait << De Standaard >> ce week-end. Cette decision, qui depend d'une evaluation en ce sens de l'Ocam (Organe de coordination pour l'analyse de la menace), permettrait de reduire le nombre de militaires affectes a la surveillance des centres urbains, d'alleger les budgets consacres a leur engagement et de diminuer la pression securitaire sur certains evenements.", "theme": "archive"}