{"id_art": "fb9d46a85f7539607e75a3e309002968", "title": "Maroc: Ali Aarrass n'aura pas droit a un proces supplementaire ", "newspaper": "lesoir", "author": ["baudouin loos"], "date_publi": ["2017-04-28"], "content": " Baudouin Loos La Cour de cassation du royaume du Maroc confirme la condamnation en appel du Belgo-Marocain a 12 ans de prison. Comme le craignaient nombre de ses proches, Ali Aarrass n'aura pas droit a un proces supplementaire. Les avocats du condamne ont effet appris que la Cour de cassation du royaume du Maroc avait rendu son verdict, qui rejette le recours et confirme la condamnation en appel du Belgo-Marocain a 12 ans de prison.Rappelons qu'Ali Aarrass subit un veritable calvaire depuis son extradition d'Espagne en 2010. Il avait ete condamne en premiere instance (15 ans) puis en appel (12 ans) par la justice marocaine pour des faits lies au terrorisme sur la base de ses seuls aveux, qu'il affirme avoir ete extorques sous la torture. Une enquete de l'ONU a confirme l'usage de la torture sur le condamne. Avant d'etre extrade, Ali Aarrass avait ete blanchi de la meme accusation par la justice espagnole au terme d'une enquete menee par le celebre juge Baltazar Garzon.", "theme": "archive"}