{"id_art": "64893d3ae4aa8ef3d43737fb68a6ceda", "title": "Dallemagne (CDH) : << La reputation de la Belgique est en jeu >> ", "newspaper": "lesoir", "author": ["david coppi"], "date_publi": ["2017-03-08"], "content": " Dallemagne (CDH) : << La reputation de la Belgique est en jeu >> David Coppi Dallemagne (CDH) : << La reputation de la Belgique est en jeu >>Les attentats du 22 mars 2016 a Bruxelles ont entraine une charge provisionnee de 136 millions d'euros pour les assureurs, a indique l'Union professionnelle des entreprises d'assurances, relayee par l'agence Belga. Environ 16 millions d'euros ont deja ete verses. Les assureurs ont enregistre 1.068 victimes pour l'attaque a Zaventem et 293 a Maelbeek. La plupart (85 %) ont subi des dommages corporels, 10 % des dommages materiels et 5 % des dommages moraux.(c) Rossel & Cie - 2018 -- Conditions generales de ventes -- Droits de reproduction -- Protection de la vie privee - droit a l'oubli ", "theme": "archive"}