{"id_art": "a227801c0a33535defeaccee1521a7ce", "title": "Guy Haarscher: <<Il ne faut pas trop attendre du proces de Salah Abdeslam>> ", "newspaper": "lesoir", "author": ["corentin di"], "date_publi": ["2018-02-01"], "content": " Corentin Di Prima Proces Salah Abdeslam Le proces de Salah Abdeslam suscite une attente enorme aupres des victimes des attentats et de leurs proches. Le philosophe Guy Haarscher analyse la fonction sociale d'un tel proces. Le proces de la rue du Dries qui doit s'ouvrir ce lundi a Bruxelles est le premier a juger l'un des acteurs directs des attentats terroristes de novembre 2015 a Paris. Logiquement, l'attente qu'il suscite est a la hauteur du fracas qui a secoue la France et la Belgique lorsque, le 13 novembre 2015 puis le 22 mars 2016, des attentats suicide ont frappe leurs capitales. Ajoutez a cela que Salah Abdeslam est, avec << l'homme au chapeau >> Mohamed Abrini, le seul terroriste a pouvoir etre traduit en justice - et pour cause, les autres s'etant suicides en meme temps qu'ils assassinaient. Guy Haarscher, philosophe et professeur emerite de l'ULB, analyse la fonction sociale d'un tel proces.", "theme": "archive"}