{"id_art": "2e2fd7b56ca60ca2d8aa19112af5ca58", "title": "Benghazi meurtrie par des attentats ", "newspaper": "lesoir", "author": [""], "date_publi": ["2018-01-25"], "content": " Benghazi meurtrie par des attentats Au moins 34 personnes ont ete tuees et des dizaines blessees dans un double attentat a la voiture piegee devant une mosquee du centre de Benghazi, la deuxieme ville de Libye, minee par l'insecurite et les rivalites politiques depuis la chute La mosquee pres de laquelle le double attentat s'est produit est connue pour etre un fief de groupes salafistes qui ont combattu les djihadistes a Benghazi aux cotes de l'homme fort de l'est libyen, le marechal Haftar. (afp)(c) Rossel & Cie - 2018 -- Conditions generales de ventes -- Droits de reproduction -- Protection de la vie privee - droit a l'oubli ", "theme": "archive"}