{"id_art": "795ae1bb05ac572f5acd93c4e2a3c6e7", "title": "Pascal Boniface preface 2018: <<En Coree, la logique veut que l'on s'arrete la>> ", "newspaper": "lesoir", "author": [], "date_publi": [], "content": " William Bourton Experts 2018 ,Coree du Nord Pour Pascal Boniface, Kim Jong-un et Donald Trump n'ont aucun interet a en decoudre. Mais la tension profite a l'industrie de l'armement americaine... Le 20 novembre dernier, Donald Trump replacait la Republique democratique populaire de Coree parmi les Etats soutenant le terrorisme. Le president americain entendait de la sorte augmenter un peu plus encore la pression exercee sur le regime communiste, afin que celui-ci mette fin a son programme nucleaire, et dissuader les pays tiers et autres entites financieres d'entretenir des relations avec lui. Une mesure qui venait ponctuer une annee sous haute tension entre Washington et Pyongyang.", "theme": "archive"}