{"id_art": "d61faced02d2168672e72440ce42e241", "title": "gestuelle << De Monsieur conquerant a Monsieur controle >> ", "newspaper": "lesoir", "author": ["elodie blogie"], "date_publi": ["2017-05-08"], "content": " gestuelle << De Monsieur conquerant a Monsieur controle >> Elodie Blogie Stephen Bunard est <<specialiste du geste>>. D. R. Stephen Bunard est un synergologue francais, c'est-a-dire specialiste du geste, et coach en communication non verbale. Il analyse le contraste entre un premier discours tres fige depuis son QG et un second, au Louvre, plus tribun.Quelle est l'impression dominante par rapport au premier discours d'Emmanuel Macron, depuis son QG ?Il y a un retournement tres etrange. Sa reaction au premier tour etait une reaction de second tour et inversement : sa reaction au deuxieme tour, est une reaction de premier tour. Il y a deux semaines, il etait dans l'euphorie ; c'etait un discours de victoire, comme s'il etait deja president. Par contre, maintenant qu'il est elu, il prononce un discours tres contenu, solennel, sans sourire, sans un seul geste. Le type de discours que l'on tiendrait plutot a l'issue d'un premier tour parce que l'heure est grave...(c) Rossel & Cie - 2018 -- Conditions generales de ventes -- Droits de reproduction -- Protection de la vie privee - droit a l'oubli ", "theme": "archive"}