{"id_art": "9e744cfac69b3879a79ed2f006755d1a", "title": "A Stockholm, les passantsune fois de plus cibles ", "newspaper": "lesoir", "author": [], "date_publi": [], "content": " A Stockholm, les passantsune fois de plus cibles Louis Colart Une attaque dans une rue pietonne de Stockholm a fait au moins quatre morts vendredi.Les attentats au vehicule belier se multiplienten Europe.Au moins quatre personnes ont ete tuees et 15 blessees par l'attaque du camion belier qui a renverse des passants vendredi apres-midi, dans une rue pietonne en plein centre de Stockholm. photo news.Apres Nice (86 morts), Berlin (12) et Londres (5), la liste funeste des attaques au vehicule belier s'est allongee vendredi avec un probable nouvel attentat dans la capitale suedoise. Au moins quatre personnes ont ete tuees et 15 blessees lorsqu'un camion a renverse des passants en plein centre de Stockholm.Le camion a fonce, peu avant 15 heures, sur les passants, de la rue pietonne la plus frequentee de la capitale, Drottninggatan. Il a fini sa course dans la facade d'un grand magasin, Ahlens City, pres du croisement avec une artere a forte circulation, Klarabergsgatan. Le camion a alors pris feu et les pompiers ont du intervenir.(c) Rossel & Cie - 2018 -- Conditions generales de ventes -- Droits de reproduction -- Protection de la vie privee - droit a l'oubli ", "theme": "archive"}