{"id_art": "2a4e7a1c93f5daa7c2ac4dea889317e9", "title": "Terrorisme : l'internationale djihadiste passe aussi par la Suisse", "newspaper": "LePoint", "author": ["De notre correspondant à Genève, Ian Hamel "], "date_publi": "2016-04-30", "content": " Aux reseaux deja connus entre djihadistes francais et belges il faut ajouter les islamistes venus de Suisse, raconte un ancien du renseignement helvetique. Ne prononcez pas les mots << loup solitaire >>, surtout lorsqu'il s'agit de Mohamed Merah, devant Jean-Paul Rouiller, fondateur du Geneva Centre for Training and Analysis of Terrorism (GCTAT), et ancien du service de renseignement strategique de la Confederation. Il risque de se facher. Le 22 fevrier 2005, il a participe a l'arrestation, dans le canton de Fribourg, de Moezeddine Garsallaoui. Parfois presente comme le chef des operations des reseaux Al-Qaida, Moezeddine Garsallaoui a ete le mentor de Mohamed Merah, l'ancien petit voyou, coupable d'avoir assassine sept personnes, dont trois enfants juifs, en mars 2012. Les deux djihadistes ont meme habite ensemble dans les montagnes pakistanaises. Dans Le Djihad comme destin, la Suisse pour cible ?, paru cette semaine, Jean-Paul Rouiller revele les liens etroits qu'entretiennent depuis des annees deja des islamistes vivant en France, en Belgique et en Suisse (*). Invite jeudi au Salon du livre de Geneve a l'occasion d'un debat sur << La Suisse face au terrorisme >>, l'ancien des services suisses a prefere parler d'<< oreiller de paresse >>, quand d'autres auraient carrement montre du doigt le manque de cooperation entre les pays dans la lutte contre le terrorisme. En aout 2004, les autorites decouvrent qu'un site suisse, islamic-minbar.ch, diffuse les communiques d'Al-Qaida. Son administrateur ? Moezeddine Garsallaoui, d'origine tunisienne, ancien militant du parti an-Nahdah, proche des Freres musulmans. Il s'est installe a Guin, une petite ville du canton de Fribourg. Les enqueteurs suisses decouvrent avec etonnement qu'il est marie a la Belge Malika el-Aroud, la veuve d'un des assassins du commandant Massoud. Surnommee la << veuve noire >>, la pasionaria des djihadistes a quitte Molenbeck pour la Suisse sans que les enqueteurs belges aient pense a en informer leurs homologues suisses ! Comme la Suisse ne dispose pas d'une loi specifique sur le terrorisme, Garsallaoui et son epouse ne restent pas longtemps incarceres. En 2007, pour << soutien a une organisation criminelle >> et << incitation publique a la violence et au crime >>, il ecope de deux ans et demi de prison, dont six mois ferme. Malika, de six mois avec sursis. Ils font appel et quittent la Suisse... pour la Belgique. Tandis que la << veuve noire >> anime le site Ansar al-Haqq, une reference pour les apprentis djihadistes francophones, aidee par l'epouse du Francais Djamel Beghal, le mentor des auteurs des attentats de Charlie Hebdo, Garsallaoui part tranquillement dans les zones tribales pakistano-afghanes. Le djihadiste d'origine tunisienne y cree sa propre unite de combattants, comptant des Kazakhs, des Tadjiks, des Arabes et des francophones. Il a notamment pris sous son aile le Toulousain Mohamed Merah. Dans Le Djihad comme destin, la Suisse pour cible ?, Jean-Paul Rouiller ecrit que, selon l'audition d'un djihadiste kazakh emprisonne, Merah a habite dans la meme maison que Garsallaoui. << Il vivait aussi sur le territoire du Waziristan. Pendant un temps il a vecu avec Mouaz [Moezeddine] a Miram Shah. [...] D'apres les dires de Mouaz, il avait une entente avec Yussuf [Mohamed Merah] : si Yussuf entreprenait une action, Mouaz les prendrait a son compte, c'est-a-dire comme ayant ete organisees et executees selon ses directives. >> Selon une autre source, emanant d'un certain Abou a-Qaqa al-Andalousi, << Merah ne voulait pas s'entrainer aux explosifs malgre une preparation dans un cercle tres etroit [...], mais il m'a dit qu'il preferait l'affrontement avec les armes... Selon son desir et ses capacites physiques et mentales, ce qui lui convenait le mieux etait les assassinats cibles. >> On connait la suite. Qui a longtemps pretendu que Mohamed Merah etait un << loup solitaire >> ? Quant a Moezeddine Garsallaoui, il a ete tue par une frappe de drone le 12 octobre 2012. (*) Jean-Paul Rouiller et Francois Ruchti, editions Favre, 217 pages. ", "theme": "monde"}