{"id_art": "08d138bfaffb875c4711aefcc3efc5e0", "title": "Les armureries prises d'assaut apres les attaques terroristes", "newspaper": "LePoint", "author": ["6Medias"], "date_publi": "2015-11-18", "content": " Traumatises par les attentats de vendredi, les Parisiens cherchent a acheter des armes pour se defendre et des gilets pare-balles pour se proteger. Depuis samedi, Yves Gollety, patron d'une armurerie parisienne, est deborde. << Les gens ont peur et veulent s'acheter une arme pour se defendre >>, explique le president de la Chambre syndicale des armuriers europeens sur le site de 20minutes. << D'habitude, on n'a que des chasseurs. La, c'est Monsieur Tout-le-Monde, des gens comme vous et moi qui ont vu les images des attentats de vendredi et veulent savoir comment s'acheter une arme de poing >>, confirme la patronne d'une autre armurerie de la capitale. S'il est impossible en France de se procurer une arme sans un permis specifique, les Francais peuvent en revanche s'equiper de gilets pare-balles : << Quelqu'un voulait s'acheter un gilet pare-balles pour prendre le metro >>, rapporte ainsi Yves Gollety, qui a tente de raisonner son client en lui expliquant qu'il ressemblerait a un terroriste. La demande d'armes d'autodefense legales, comme les bombes lacrymogenes, explose egalement. Les vendeurs se defendent de ne pas << profiter >> de la psychose et estiment que le phenomene ne sera que passager. << Pendant quinze jours, on va vendre des bombes lacrymo. (...) Mais c'est tout >>, explique l'un d'eux. Si les particuliers cherchent a se proteger, i>Tele a, des samedi, equipe ses journalistes de gilets pare-balles. Sur Twitter, plusieurs photos ont montre les reporters, proteges de gilets pare-balles identiques a ceux sur les terrains de guerre. Ce matin, aussi, les journalistes a Saint-Denis etaient vetus de ces gilets. A Saint-Denis c'est gilet pare-balles pour certains journalistes pic.twitter.com/jcgxclzIlJ Consultez notre dossier : Special attentats de Paris ", "theme": "societe"}