{"id_art": "af0cd14274a4abd277663407b84c9ed1", "title": "JO-2016: arrestation du dernier membre du groupe terroriste", "newspaper": "LePoint", "author": ["AFP"], "date_publi": "2016-07-25", "content": "La police bresilienne a annonce l'arrestation dimanche du douzieme et dernier homme encore en fuite d'un groupe de Bresiliens qui planifiaient des attentats pendant les Jeux Olympiques de Rio de Janeiro. \"La police militaire de l'Etat du Mato Grosso (centre-ouest) a localise le fugitif dans la ville de Comodoro. Il sera entendu puis transfere vers une prison federale\", ont explique les autorites dans un communique. Dix de ses complices avaient ete arretes jeudi et un onzieme s'etait rendu de lui-meme aux autorites vendredi. Les onze hommes sont tous detenus a l'heure actuelle dans un etablissement de haute securite dans l'Etat de Mato Grosso do Sul, pres de la frontiere avec le Paraguay. La police soupconne les douze hommes de s'etre livres a des preparatifs d'attentats pendant les JO (5-21 aout). Pres de 130 policiers avaient ete mobilises pour executer des mandats judiciaires dans les Etats de Amazonas, Ceara, Paraiba, Goias, Minas Gerais, Rio de Janeiro, Sao Paulo et Rio Grande do Sul. Le ministre de la Justice Alexandre de Moraes, et son homologue de la defense Raul Jungmann, ont declare que les membres de la cellule etaient des amateurs desorganises. Certains avaient fait allegeance au groupe Etat islamique sur internet, sans toutefois echanger par la suite avec le groupe jihadiste, avait precise jeudi le ministre de la Justice. Les services de renseignement bresiliens n'ont pas detecte de contact direct des membres du groupe avec l'EI. Les suspects, dont la plupart ne se connaissaient pas personnellement, etaient surveilles depuis avril par les services de renseignement. Ils \"participaient a un groupe denomme +Defenseurs de la charia+ et projetaient d'acquerir des armes pour commettre des crimes au Bresil et meme a l'etranger\", selon le ministre de la Justice. Ils avaient \"un leader\", domicilie dans l'Etat du Parana, qui a cherche a acquerir un fusil d'assaut AK-47 par internet sur un site de vente d'armes au Paraguay voisin, selon le ministre. \"Des informations obtenues a partir de la levee du secret de donnees et de conversations telephoniques ont revele que les suspects prechaient l'intolerance raciale, de genre et religieuse, ainsi que l'utilisation d'armes et tactiques de guerilla pour atteindre leurs objectifs\", avait precise la justice de l'Etat du Parana qui a emis les mandats. 25/07/2016 08:54:41 - Brasilia (AFP) - (c) 2016 AFP ", "theme": "monde"}