{"id_art": "ed8f1ae07923901b747e02896448678d", "title": "Etats-Unis : le terroriste n'etait qu'un mathematicien", "newspaper": "LePoint", "author": ["Source AFP"], "date_publi": "2016-05-09", "content": " Insolite. Une passagere americaine a fait arreter un vol, car son voisin \"griffonnait rapidement des suites de chiffres et de lettres sans signification\". Lorsqu'une passagere d'un avion americain qui s'appretait a decoller a vu son voisin, a la peau mate et aux cheveux bruns frises, griffonner rapidement sur un papier des suites de chiffres et de lettres sans signification, elle a fait stopper l'avion. Se pretendant trop malade pour voyager, elle a obtenu que l'avion, deja sur la piste, revienne a la porte pour qu'elle puisse descendre. Et la, une fois au sol, elle a explique ce qu'elle avait vu : manifestement un terroriste et son code secret. La securite a alors interroge le passager en question, qui s'est revele etre un economiste celebre qui travaillait sur... une equation differentielle. Ce professeur italien, Guido Menzio, laureat de la medaille Carlo Alberto qui recompense le meilleur economiste italien de moins de 40 ans, est professeur a l'universite de Pennsylvanie, sur la cote est des Etats-Unis. Tout en reconnaissant, aupres du Washington Post, qu'il avait ete traite tout a fait correctement par ceux qui l'ont interroge, il a estime qu'on pouvait << reconnaitre dans ce genre d'incident les emotions qui guident les electeurs de Donald Trump >>, avec ses discours anti-immigrants et anti-musulmans. Un porte-parole de la compagnie qui operait le vol, American Airlines, n'a pas su dire si le nombre d'incidents de ce genre avait augmente ces derniers mois. Au mois d'avril, un etudiant avait ete debarque d'un vol d'une autre compagnie americain parce qu'il parlait au telephone en arabe avant le decollage. ", "theme": "insolite"}