{"id_art": "a1be822fd81039b051c3b7685718b052", "title": "Donald Trump promet de vaincre le \"terrorisme islamique radical\"", "newspaper": "LePoint", "author": ["Source AFP"], "date_publi": "2017-02-06", "content": " Sans donner d'information sur la strategie qu'il entend mener, le president americain a jure que l'El \"ne prendra(it) pas racine\" sur le sol americain. Le president americain Donald Trump a assure lundi que les Etats-Unis et leurs allies vaincraient le << terrorisme islamique radical >>, sans donner la moindre indication sur sa strategie ou un eventuel changement d'approche par rapport a celle de Barack Obama. Prenant la parole depuis la base de MacDill (Tampa, Floride), centre militaire nevralgique de la lutte contre le groupe Etat islamique (EI), le president republicain a promis de ne jamais laisser l'organisation << prendre racine >> sur le sol americain. << Aujourd'hui, nous envoyons un message uni a ces forces de mort et de destruction : l'Amerique et ses allies vous vaincront >>, a-t-il lance depuis cette base qui abrite le siege du commandement militaire americain au Moyen-Orient (Centcom) et quartier general des forces speciales americaines. Le president republicain a signe fin janvier un decret donnant jusqu'a fin fevrier a ses responsables militaires pour lui presenter un plan detaillant << une strategie exhaustive pour vaincre l'EI >>. Le Centcom a mene pres de 18 000 frappes en Syrie et en Irak depuis le debut, en aout 2014, des operations de la coalition internationale dirigee par les Americains contre le groupe Etat islamique (EI). Ce dernier est engage << dans une campagne de genocide, commettant des atrocites a travers le monde >>, a ajoute Donald Trump, promettant, sans autres precisions, des investissements << historiques >> dans les forces armees americaines. << Les terroristes islamiques radicaux sont determines a frapper notre pays comme ils l'ont fait lors des attentats du 11 Septembre, comme ils l'ont fait de Boston a Orlando, en passant par San Bernardino, et a travers l'Europe >>. Affirmant, sans aucun element factuel pour appuyer ses dires, que certaines attaques n'etaient parfois << meme pas mentionnees >> dans les medias, il s'en est une nouvelle fois pris a << la presse tres malhonnete >> qui, a-t-il affirme, << ne veut pas en parler >>. << Ils ont leurs raisons >>, a-t-il ajoute, sans la moindre explication sur cette etonnante declaration. Aux Etats-Unis, l'organisation djihadiste a revendique le pire attentat commis sur le sol americain depuis le 11 Septembre, avec 49 personnes tuees dans un club gay d'Orlando en Floride, en juin 2016. Et l'EI avait salue l'attaque a San Bernardino (Californie) en decembre 2015, qui a fait 14 morts. En campagne, Donald Trump avait mis ces attentats sur le compte de l'ouverture des frontieres, promettant meme, apres les attentats de Paris, d'interdire aux musulmans d'entrer aux Etats-Unis. A peine arrive au pouvoir, il a signe le 27 janvier un decret interdisant temporairement l'entree aux Etats-Unis des refugies et des ressortissants de sept pays majoritairement musulmans (Iran, Irak, Libye, Somalie, Soudan, Syrie, Yemen). Une decision hautement emblematique, et polemique, qui a provoque un tolle mondial et a, depuis, ete bloquee par la justice americaine. Si les lignes directrices de la strategie de Donald Trump face a l'EI restent a definir, il a deja ordonne a son ministre de la Defense, James Mattis, d'<< identifier de nouveaux partenaires pour la coalition >>. Une consigne percue comme un signe en direction de la Russie. Moscou a d'ailleurs indique que Donald Trump et Vladimir Poutine voulaient << une reelle coordination contre l'EI en Syrie >>, apres un appel telephonique entre les deux presidents. Les Americains ont pour l'instant deploye un peu plus de 5 000 militaires en Irak aux cotes des troupes irakiennes, et pres de 500 soldats des forces speciales en Syrie, aux cotes essentiellement des Forces democratiques syriennes (FDS), une coalition arabo-kurde. Les soldats americains sont censes jouer un role de conseil, mais des demineurs, des formateurs et des forces speciales epaulent aussi la campagne des FDS pour reprendre Raqqa. Assurant soutenir << fortement >> l'Otan, Donald Trump a par ailleurs une nouvelle fois insiste sur la necessite pour tous ses membres de remplir << pleinement >> leurs engagements financiers, << ce que nombre d'entre eux n'ont pas fait >>. ", "theme": "monde"}