{"id_art": "eb213101a909852632e25855d0152c33", "title": "Urvoas met en garde contre l'instrumentalisation du terrorisme", "newspaper": "LePoint", "author": ["AFP"], "date_publi": "2016-11-23", "content": "Le ministre de la Justice Jean-jacques Urvoas a mis en garde mercredi contre la \"surenchere\" en matiere terroriste a des fins electorales en ciblant le favori de la primaire de la droite et du centre, Francois Fillon. \"Il faut sans doute regretter que la vie politique continue a faire de ce sujet un element polemique parce que les terroristes sont assez impermeables aux changements democratiques\", a explique le garde des Sceaux en ouverture d'un colloque consacre au 30 ans de la legislation antiterroriste. \"Sans doute que nous devrions enfin comprendre qu'il n'y a pas de profits electoraux a faire de la surenchere sur ce sujet et que souvent, malheureusement encore, les idees avancees n'arrivent pas a masquer la vacuite de la reflexion\", a-t-il ajoute. M. Urvoas a pris en exemple l'une des \"15 mesures phares\" du programme de Francois Fillon dans laquelle l'ancien Premier ministre propose de condamner les terroristes partis combattre a l'etranger dans les rangs terroristes \"d'intelligence avec l'ennemi\". \"C'est meconnaitre la particularite du sens des mots en droit. Il faut faire la difference entre le sens juridique des termes et leur impact emotionnel car la loi penale est toujours d'interpretation stricte\", a explique le ministre de la Justice. \"Il serait complique de retenir des charges d'intelligence avec l'ennemi pour ces individus car il faudrait etre en mesure d'etablir un lien continu et certain entre ces mis en examen et le commanditaire. De surcroit, il faudrait faire la preuve qu'il y a bien eu un accord precis pour commettre l'infraction\", a souligne le garde des Sceaux. \"De plus, Daech est une organisation qui est heureusement pas reconnue comme Etat par la communaute internationale. Des lors, l'idee de poursuivre un jihadiste a l'aide du livre 4 du code penal me parait peu operationnel\", a-t-il ajoute. Le ministre de la justice avait auparavant signifie son attachement au role de la Cour europeenne des droits de l'Homme (CEDH) recemment critiquee par Francois Fillon. Ce dernier a propose que la France quitte l'organisation, qui \"se mele de plus en plus de questions de societe qui font notre identite\". \"Si l'etat de droit est notre boussole, la CEDH reste notre vigie\", a rappele M. Urvoas. \"Rien ne peut se construire dans le respect des libertes individuelles et collectives si nous n'avons pas ce regard europeen qui est loin d'etre une entrave mais qui est au contraire une protection pour notre action au quotidien\". 23/11/2016 11:29:25 - PARIS (AFP) - (c) 2016 AFP ", "theme": "politique"}