{"id_art": "a46e3267202d4e124710578e3c82c362", "title": "Russie: arrestation de \"terroristes\" preparant des attaques suicide et a la hache a Moscou", "newspaper": "LePoint", "author": ["AFP"], "date_publi": "2017-08-31", "content": "Les services secrets russes ont annonce jeudi l'arrestation de deux membres presumes de l'organisation Etat islamique (EI) qui se preparaient a perpetrer des attaques suicide et a la hache vendredi a Moscou lors de la rentree scolaire. Selon un communique du FSB (ex-KGB), les deux hommes, \"originaires d'Asie centrale\", ont ete arretes alors qu'ils planifiaient \"des actes terroristes dans des lieux tres frequentes le 1er septembre\". L'un devait poignarder des civils, l'autre devait etre un \"kamikaze\". Les chaines de television ont montre des images fournies par les autorites dans lesquelles un homme dit au FSB etre venu \"faire le jihad\" et \"se faire exploser selon les ordres de l'Etat islamique\". Les images montrent egalement une hache destinee a frapper des civils et une boite Tupperware reliee a un telephone. Le 1er septembre est le jour de la rentree scolaire en Russie. C'est un jour de fete ou traditionnellement familles et enfants se rendent ensemble et en nombre a l'ecole. C'est aussi une date marquee au fer rouge en raison du drame de Beslan. Le 1er septembre 2004, un commando islamiste, compose de Tchetchenes et d'Ingouches, avait fait irruption dans une ecole d'Ossetie du nord et y avait pris en otages 1.200 personnes. Cinquante-deux heures durant, parents et enfants avaient vecu un calvaire, prives d'eau, les tentatives de negociations entre les autorites et les preneurs d'otages ne donnant que de maigres resultats. Le 3 septembre, une double explosion a l'interieur du gymnase avait seme la panique, les enfants tentant de fuir sous les tirs des preneurs d'otages tandis que les forces speciales donnaient l'assaut dans un chaos total. A la fin de l'operation, plus de 330 civils avaient ete tues, dont 186 enfants. Depuis le debut de son intervention militaire en Syrie le 30 septembre 2015, la Russie a ete menacee a plusieurs reprises par l'EI et par la branche syrienne d'Al-Qaida. L'EI a revendique en aout deux attaques au couteau en Russie. Le 19 aout, un jeune homme a poignarde sept personnes en pleine rue a Sourgout, en Siberie occidentale. Et le 28 aout, deux hommes ont attaque au couteau des policiers au Daguestan, republique instable du Caucase russe, en tuant un et en blessant un autre avant d'etre abattus. Pour Sourgout comme pour l'attaque au Daguestan, les autorites ont ouvert des enquetes pour tentative d'homicide, et non pour \"acte terroriste\", malgre les revendications des jihadistes de l'Etat islamique. Les groupes jihadistes appellent, depuis des annees maintenant, leurs partisans a passer a l'action la ou ils resident, en employant les moyens a leur disposition. Les attaques au couteau se sont multipliees, notamment en Europe. 31/08/2017 17:21:17 - Moscou (AFP) - (c) 2017 AFP ", "theme": "monde"}