{"id_art": "f172b6b5cdca3cd69a5ae746d2fefc8e", "title": "Antiterrorisme: le controle des juges sur les assignations a residence renforce", "newspaper": "LePoint", "author": ["AFP"], "date_publi": "2018-02-16", "content": "Le Conseil constitutionnel a, pour la premiere fois, partiellement censure vendredi une disposition de la nouvelle loi antiterroriste: il a renforce le controle des juges administratifs sur les assignations a residence, l'une des mesures emblematiques heritees de l'etat d'urgence. Les \"Sages\" etaient saisis d'une question prioritaire de constitutionnalite (QPC) visant les \"mesures individuelles de controle administratif et de surveillance\". Prevues dans la loi d'octobre 2017 voulue par le gouvernement d'Emmanuel Macron, ces mesures ont remplace les assignations a residence en vigueur sous l'etat d'urgence, regime d'exception instaure au soir des attentats jihadistes du 13 novembre 2015 a Paris et Saint-Denis. Dans la nouvelle loi, l'article sur l'assignation a residence autorise le ministre de l'Interieur, pour prevenir des actes de terrorisme, a interdire a certaines personnes de se deplacer hors d'un perimetre geographique determine (et non hors du seul domicile comme sous l'etat d'urgence). Cette interdiction peut etre assortie de l'obligation de pointer periodiquement a un service de police ou de gendarmerie. Le recours contre ce texte avait ete depose par les avocats de Farouk Ben Abbes, une figure de la mouvance islamiste radicale. Ce dernier a ete assigne a residence le 17 novembre 2015, une mesure regulierement renouvelee pendant l'etat d'urgence. Il a ensuite fait l'objet d'une mesure de controle administratif, dans le cadre de la nouvelle loi. \"C'est une demi-victoire, le principe de la mesure est maintenu mais l'arbitraire de l'administration est mieux encadre par le controle du juge\", a reagi aupres de l'AFP Me Patrice Spinosi, avocat de la Ligue des droits de l'Homme (LDH) qui etait intervenu a l'audience. Durant l'etat d'urgence, 754 assignations a residence ont ete prononcees. Dans le cadre de la nouvelle loi, 33 \"mesures individuelles de controle administratif et de surveillance\" sont actuellement en cours, selon le ministere de l'Interieur. Le domaine essentiel sur lequel le Conseil constitutionnel a exerce sa censure concerne les recours en justice des personnes visees par une assignation a residence. Il a d'abord considere que le delai accorde par le legislateur pour contester la mesure devant le tribunal administratif etait trop court, et l'a porte d'un a deux mois. Il a en revanche estime trop long le delai d'un mois laisse au juge pour statuer sur ce recours, et demande que la decision intervienne \"dans de brefs delais\". Concernant la contestation par un assigne a residence de la prolongation de cette mesure, les \"Sages\" ont juge necessaire qu'une formation collegiale du tribunal administratif se penche sur la question. La loi renvoyait la decision a un juge unique des referes, statuant seulement sur d'eventuelles \"atteintes graves et manifestement illegales\". Ils ont reporte au 1er octobre la date de cette abrogation, pour laisser au legislateur le temps de modifier les dispositions censurees. Les avocats de Farouk Ben Abbes estimaient que l'article incrimine meconnaissait certains droits constitutionnels comme \"la liberte d'aller et venir\" et \"le respect de la vie privee et familiale\". Ils reprochaient egalement au legislateur de ne pas avoir prevu de dispositions transitoires entre les deux regimes d'assignation a residence (sous l'etat d'urgence et dans la nouvelle loi). Mais, d'une maniere generale, le Conseil constitutionnel a considere que le texte assurait un equilibre entre l'exigence d'ordre public et les libertes. Il a toutefois juge que, \"compte tenu de la rigueur de la mesure\", l'assignation a residence ne pourra \"exceder, de maniere continue ou non, une duree totale cumulee\" d'un an. Si la loi limitait deja la mesure a 12 mois, les \"Sages\" ont voulu s'assurer que le legislateur ne pourrait etendre cette duree dans le futur et que l'administration n'utiliserait pas une interruption entre deux assignations pour prolonger egalement le delai maximum autorise. D'autres recours contre la nouvelle loi ont ete deposes par la LDH et un Francais residant a Grenoble. Ces recours visent la nouvelle version des assignations mais egalement les \"perimetres de protection\", les \"fermetures de lieux de cultes\" et \"les visites et saisies\" (perquisitions administratives). Ils seront examines plus tard par le Conseil constitutionnel. 16/02/2018 18:46:59 - Paris (AFP) - (c) 2018 AFP ", "theme": "societe"}