{"id_art": "e0d91c578cfd8f878928e0f826927a22", "title": "Terrorisme : la faculte de Rouen fouillee, un fiche S en garde a vue", "newspaper": "LePoint", "author": ["Source AFP"], "date_publi": "2016-09-21", "content": " Du materiel informatique a ete saisi au domicile de l'individu, situe au sud de la ville. La fac pourrait rouvrir ses portes des jeudi 22 septembre. Il manifestait << un comportement suspect >>, un homme fiche S a ete place en garde a vue mercredi a Rouen. La faculte de droit a subi une << fouille de securite >>, a-t-on indique a la prefecture. << Un homme qui n'est pas de l'universite a ete repere en raison de son comportement suspect par un etudiant qui a prevenu la police. Connu des services de police, fiche S, il a ete apprehende a son domicile et place en garde a vue >>, a-t-on indique a la prefecture, confirmant des informations du quotidien Paris-Normandie. << Les services de police ont procede mercredi en fin de journee a une fouille de securite qui n'a rien donne >>, a-t-on ajoute. << Dans une reaction citoyenne tout a fait interessante, l'etudiant avait suivi l'individu et note l'immatriculation de son vehicule avant de prevenir la police >>, a-t-on precise. Des policiers de la Brigade de recherche et d'intervention l'ont apprehende a son domicile de Val-de-Reuil (Eure), au sud de Rouen, et il a ete place en garde a vue dans les locaux de la police judiciaire. Le parquet de Rouen, contacte par l'AFP, n'a pas souhaite faire de commentaires a ce stade. Avant la fouille de securite, le doyen de l'universite avait prevenu les etudiants via Facebook que la faculte serait exceptionnellement fermee jeudi et ne rouvrirait que lundi matin. La fouille n'ayant rien donne, il est possible que l'etablissement universitaire rouvre ses portes des jeudi. Selon Paris-Normandie citant une << source judiciaire >>, les policiers n'auraient pas retrouve de << choses particulieres >> au domicile de l'individu interpelle mais du materiel informatique aurait ete saisi. ", "theme": "societe"}