{"id_art": "315ddf05dbe0e70c45d5e1895cf77329", "title": "Cameroun: 89 condamnations a mort pour \"terrorisme\" depuis un an", "newspaper": "LePoint", "author": ["AFP"], "date_publi": "2016-03-18", "content": "Quatre vingt-neuf condamnations a mort pour \"terrorisme\" ont ete prononcees au Cameroun contre des membres du groupe islamiste nigerian Boko Haram depuis un an, a-t-on appris vendredi de source judiciaire. Le tribunal militaire de Maroua, chef-lieu de la region de l'Extreme-Nord, en proie aux attaques recurrentes des islamistes nigerians, a deja condamne a mort \"89 Boko Haram\", a affirme a l'AFP une source proche des autorites judiciaires locales. \"Ces personnes ont ete reconnues coupables d'actes de terrorisme\" a l'occasion de \"plusieurs jugements\" prononces depuis le debut de l'annee 2015, a-t-elle ajoute. Selon cette source, ces personnes ont ete arretees \"au front\", dans les zones de l'Extreme-Nord frontalieres du Nigeria ou Boko Haram mene ses attaques et attentats, ou encore lors d'operations speciales de traque des islamistes lancees par les forces armees camerounaises dans la region. Le Cameroun a adopte en decembre 2014 une loi anti-terroriste tres controversee prevoyant la peine capitale pour les auteurs et complices d'actes de terrorisme. L'apologie du terrorisme y est aussi severement reprimee. Le code penal camerounais prevoyait deja la peine capitale pour les coupables de meurtres et d'assassinats, mais aucune execution n'a eu lieu depuis le milieu des annees 1980. Outre les 89 condamnes a mort, un detenu a ete condamne a la prison a perpetuite tandis que \"3 autres suspects ont ete liberes\" apres avoir ete innocentes, affirme de son cote l'hebdomadaire regional l'Oeil du Sahel. D'apres le journal, qui cite egalement une source judiciaire, pres de 850 personnes soupconnees de liens avec Boko Haram sont actuellement detenues a la prison de Maroua, la plupart encore en attente de jugement. Plusieurs proces pour \"actes terroristes\" dans l'Extreme-Nord sont egalement en cours devant le tribunal militaire de Yaounde, a constate un journaliste de l'AFP. Parmi les personnes detenues au Cameroun, figurent des Camerounais mais aussi de nombreux Nigerians et Tchadiens. Depuis que les islamistes de Boko Haram, rallies a l'organisation de l'Etat islamique (EI), ont commence a attaquer le territoire camerounais en 2013, plus de 1.200 personnes ont ete tuees dans des attaques et des attentats perpetres par les jihadistes dans la region de l'Extreme-Nord, selon le gouvernement camerounais. Bien qu'affaiblie par une operation militaires lancee en 2015 par les armees de la region au Nigeria, au Tchad et au Cameroun, l'organisation islamiste continue a mener de sanglantes attaques en territoire camerounais depuis ses bastions nigerians. Six attentats-suicide ont ainsi ete perpetres dans l'Extreme-Nord depuis le debut de l'annee. 18/03/2016 14:40:05 - Yaounde (AFP) - (c) 2016 AFP ", "theme": "monde"}