{"id_art": "ed0474011ce0e582f4eeac012fa231b4", "title": "Abadi trouve Trump \"plus implique\" qu'Obama contre le terrorisme", "newspaper": "LePoint", "author": ["AFP"], "date_publi": "2017-03-21", "content": "Le Premier ministre irakien Haider al-Abadi a juge lundi que Donald Trump etait \"plus implique\" que son predecesseur Barack Obama dans la lutte contre le terrorisme, apres que le nouveau president americain l'eut recu a la Maison Blanche. L'entrevue entre les deux dirigeants s'est deroulee, hasard du calendrier, le jour du 14e anniversaire de l'invasion de l'Irak le 20 mars 2003 ordonnee par le president republicain de l'epoque George W. Bush, et a deux jours d'une reunion au grand complet a Washington des 68 pays de la coalition contre le groupe jihadiste Etat islamique (EI) en Irak et en Syrie. Apres sa rencontre avec M. Trump dans le Bureau ovale, M. Abadi s'est exprime devant un groupe de reflexion, The Institute of Peace: il a affirme que l'aide americaine aux troupes irakiennes pour reprendre la ville de Mossoul aux jihadistes \"accelererait\" davantage sous l'administration Trump qu'elle ne l'aurait fait sous le gouvernement Obama. \"Je crois que cette administration veut etre plus impliquee dans la lutte contre le terrorisme. Je ressens une difference dans la confrontation avec le terrorisme\", a juge le Premier ministre irakien, qui avait ete largement soutenu a son arrivee au pouvoir par l'administration Obama. En le recevant un peu plus tot a la Maison Blanche, le president Trump avait reaffirme sa determination a \"se debarrasser\" du groupe EI. \"Je vous remercie d'etre ici, j'ai beaucoup de respect pour vous et je sais que vous travaillez tres dur, (...) vos soldats se battent avec courage\", avait declare M. Trump, soulignant les progres en cours dans la bataille pour Mossoul. Les forces irakiennes, soutenues par la coalition internationale anti-jihadiste sous commandement americain, ont lance le 17 octobre l'offensive pour reprendre cette ville, la deuxieme d'Irak et le dernier grand bastion de l'EI dans ce pays. Apres en avoir conquis fin janvier les quartiers orientaux, les forces irakiennes menent depuis le 19 fevrier une operation sur l'ouest de la ville. \"Nous devons nous debarrasser de l'EI, nous devons nous debarrasser de l'EI\", a martele M. Trump en presence du Premier ministre irakien, qui doit participer mercredi a la reunion ministerielle des 68 pays de la coalition anti-jihadiste. \"Nous n'aurions jamais du partir\" d'Irak, a ajoute M. Trump, alors qu'en campagne il avait maintes fois dit son opposition a l'invasion de 2003 et exprime son soutien au retrait militaire des Etats-Unis acheve en decembre 2011. Dans le cadre de la lutte contre le groupe EI a partir de l'ete 2014, Barack Obama avait toutefois envoye plus de 5.000 soldats americains en Irak pour entrainer et conseiller les troupes locales. Lors de sa rencontre avec M. Trump, M. Abadi lui a promis, en plaisantant, qu'il n'avait rien a voir avec l'affaire des ecoutes a la Trump Tower, mise en avant par le president republicain mais qu'aucun haut responsable americain n'a jamais corroboree. Des tensions entre Bagdad et Washington avaient vu le jour apres l'instauration fin janvier d'un decret par Donald Trump qui bloquait l'entree aux Etats-Unis des ressortissants de sept pays a majorite musulmane, dont l'Irak. La mesure a ete bloquee en justice et un nouveau decret remplacant le premier a ete signe en mars, mais cette fois les Irakiens ne sont plus concernes par les restrictions d'entree aux Etats-Unis. Ce second decret est aussi bloque par la justice. 21/03/2017 11:30:22 - Washington (AFP) - (c) 2017 AFP ", "theme": "monde"}