{"id_art": "6a5d095a47f0c4ca27013cb559b81ac7", "title": "Terrorisme : quand la justice inflige un camouflet aux services de renseignements francais", "newspaper": "LePoint", "author": [" Marc Leplongeon"], "date_publi": "2016-02-23", "content": " Le tribunal administratif de Versailles a annule la retention d'un homme de 24 ans soupconne d'avoir participe au djihad et suivi par la DCRI... depuis 2008. C'est un veritable camouflet pour les services de l'Etat. Vakha D., 24 ans, d'origine tchetchene, a obtenu vendredi du tribunal administratif de Versailles l'annulation de sa retention administrative. La prefecture de l'Essonne s'etait appuyee sur des renseignements fournis par la DGSI pour reclamer l'expulsion du jeune homme soupconne d'entreprise terroriste. Mais les juges ont estime vendredi que le prefet n'avait pas verse suffisamment d'elements au soutien de sa demande et que la << note blanche >> versee au debat etait incomplete. Apres plusieurs mois de detention, Vakha D. est donc libre. La situation est prise tres au serieux dans les plus hautes spheres de l'Etat. La DGSI soupconne en effet Vakha D. d'avoir participe au djihad en Syrie entre janvier 2014 et fevrier 2015... Entre en France a 14 ans sous le statut de refugie politique, Vakha D. a grandi avec sa mere en region parisienne. Des 2008, la Direction centrale du renseignement interieur (DCRI, devenue DGSI en 2012) se penche sur son cas et s'inquiete de ses frequentations troubles dans la mouvance islamiste tchetchene. Selon les services de renseignements, Vakha D. aurait en effet, a l'epoque, manifeste aupres de ses enseignants et camarades de classe son envie de quitter la France pour rejoindre la rebellion tchetchene. L'idee aurait infuse a l'occasion de vacances scolaires passees chez sa tante, connue pour avoir heberge a Nice plusieurs combattants de la deuxieme guerre de Tchetchenie. A cette epoque, Vakha D. vient tout juste d'avoir 16 ans. Le processus de radicalisation a commence, assure la DCRI. Convoque en 2008 a un entretien administratif, l'adolescent nie tout devant les agents des services specialises. Non, il n'a pas envie de quitter la France. Oui, il va aller a l'ecole, promet sa mere. Mais ses deboires avec la justice s'enchainent. Entre 2007 et 2009, il est condamne plusieurs fois pour violences volontaires avec arme blanche et pour avoir conduit une voiture sans permis et sous l'emprise de la drogue. Le temps passe et le jeune refugie va finalement sortir des radars des services specialises. Avant d'y revenir de plus belle a l'automne 2012. Le numero de telephone qu'il utilise apparait dans le repertoire d'une cible de la DGSI : un certain Adam G., ressortissant russe d'origine tchetchene, candidat au djihad arme en Syrie... La situation est jugee serieuse et la surveillance s'intensifie. Adam G. est designe par les policiers comme le leader d'un groupe de Tchetchenes vivant en France, prets a combattre pour la katiba d'Omar al-Chichani et a la soutenir financierement. En fevrier 2013, Vakha est vu en compagnie d'aspirants djihadistes au domicile d'Adam G.. La police a vu juste : Adam G. s'envole pour la Syrie quelques semaines plus tard, bientot imite par plusieurs de ses amis. Vakha, lui, reste en France jusqu'en decembre 2013, avant de subitement disparaitre de la circulation. Le jeune homme sera condamne en son absence a 15 mois de prison ferme par le tribunal de Nice pour vol de carburant. Un mandat d'arret international est aussitot lance contre lui. Puis plus rien. Ce n'est qu'en mars 2015, soit plus d'un an apres son depart, que la DGSI apprend que Vakha D. est actuellement en retention administrative a Erdine, dans le sud-est de la Turquie. De retour sur le territoire francais, le jeune homme est immediatement incarcere. Et comme c'est d'usage lorsqu'un individu constitue une << menace particulierement grave pour l'ordre public >>, la prefecture de l'Essonne lui notifie son expulsion du territoire francais avant meme la fin de sa detention, en octobre 2015. En clair : Vakha s'apprete a passer d'une cellule a une autre. C'est ainsi qu'en fevrier 2016, Vakha est transfere au centre de retention administrative de Palaiseau. Il n'y reste que quelques jours : le tribunal administratif de Versailles vient d'ordonner l'annulation de sa retention. Les juges ont estime que la << note blanche >> de la DGSI, qui se borne a evoquer des rencontres entre Vakha D. et des membres de la communaute tchetchene partis rejoindre Daesh, ne prouvait en aucune maniere un quelconque projet terroriste. Les juges ajoutent que le prefet, qui n'etait << ni present ni represente a l'audience >>, n'a verse aucun complement d'information prouvant que le jeune Tchetchene s'etait rendu en Syrie. Enfin, le tribunal evoque des << risques personnels pour la securite >> du jeune homme, qui avait obtenu le statut de refugie politique pour echapper aux persecutions dont il faisait l'objet en Russie apres le deces de son pere, combattant dans la guerilla tchetchene. Contacte, le ministere de l'Interieur n'a pas fait suite a notre demande. ", "theme": "justice"}