{"id_art": "7ff0a9cdae85e1e25274b5e80882af3e", "title": "Le G7 uni face au terrorisme", "newspaper": "LePoint", "author": ["Source AFP"], "date_publi": "2015-06-08", "content": " Le sommet, qui se cloture lundi en Allemagne, s'est deroule sans la Russie, maintenue a l'ecart pour son implication dans le conflit en Ukraine. Les dirigeants du G7 vont reaffirmer lundi en Allemagne leur unite face au terrorisme et aux foyers internationaux de crise, en cloture d'un sommet sur lequel plane l'ombre de la Russie, maintenue a l'ecart pour son implication dans le conflit en Ukraine. Le communique final de la reunion au chateau d'Elmau en Baviere (Sud) devrait faire echo aux discours de fermete que les Occidentaux ont multiplies dimanche a l'intention du president russe Vladimir Poutine, plaidant notamment pour le maintien de leurs sanctions contre Moscou. << Je pars du principe que nous allons envoyer un signal d'unite >> sur cette question, a predit la chanceliere allemande Angela Merkel dimanche soir dans un entretien televise. Au premier jour de la rencontre organisee dans les Alpes bavaroises, le president americain Barack Obama et Angela Merkel ont estime que les sanctions devaient rester en place jusqu'a ce que la Russie << respecte la souverainete ukrainienne >>. La Maison-Blanche a souligne un plein << accord >> avec Berlin << sur le fait que la duree des sanctions devrait etre clairement liee a la mise en oeuvre complete par la Russie des accords de Minsk >>, negocies en fevrier par Mme Merkel et le president francais Francois Hollande. L'Ukraine et, dans une moindre mesure, l'impasse des negociations entre la Grece et ses creanciers internationaux pour eviter a Athenes un defaut de paiement ont eclipse dimanche l'agenda officiel du G7, forum qui reunit les Etats-Unis, l'Allemagne, la France, le Royaume-Uni, l'Italie, le Canada et le Japon. La crise grecque risque de revenir a la table des dirigeants lundi, avec la presence attendue de la directrice du FMI Christine Lagarde. Mais << nous sommes tous d'avis qu'il y a encore beaucoup de travail devant nous >>, a prevenu Angela Merkel dimanche. Le sommet des sept puissances industrielles doit consacrer une bonne part de sa derniere journee a des debats sur la lutte contre le terrorisme et sur l'aide au developpement avec six chefs d'Etat et de gouvernement du Moyen-Orient et d'Afrique. Le nouveau president nigerian Muhammadu Buhari est l'un des plus attendus. Il a decrete que la lutte contre Boko Haram serait sa priorite, mais, depuis sa prise de fonction fin mai, les attaques attribuees a la secte islamiste ont tue pres d'une centaine de personnes. Le G7 doit aussi revenir, en presence du Premier ministre irakien Haider al-Abadi, sur la lutte contre les djihadistes de l'Etat islamique (EI) en Irak et en Syrie. La coalition internationale menee par les Etats-Unis - dont la strategie est un << echec >>, selon Haider al-Abadi - a apporte mardi son soutien au plan irakien de reconquete des territoires perdus, tout en appelant a des reformes politiques a Bagdad. Un an apres le debut de l'offensive de l'EI, l'Irak est plus que jamais dechire par le cycle continu des violences, des tensions interconfessionnelles et des tragedies humanitaires. Les dirigeants entameront leurs discussions lundi sur le dossier du climat. Ils vont negocier jusqu'au bout la teneur du message a envoyer a six mois de la COP21, la conference cruciale de l'ONU en decembre a Paris. Les Europeens, le couple Merkel-Hollande en tete, s'affichent determines a obtenir de leurs partenaires des engagements ambitieux de reduction des emissions de gaz a effet de serre et de limitation du recours aux energies fossiles. Mais le Japon et le Canada freinent. Francois Hollande a, selon son entourage, instamment rappele dimanche au Premier ministre nippon Shinzo Abe que la contribution du Japon etait << attendue >>. Sans impulsion forte du G7, peu est a attendre de l'echeance de Paris. Un compromis a minima serait une promesse vague de decarbonisation avant la fin du siecle. ", "theme": "monde"}