{"id_art": "ed68228a01f73677f5c557df04ce7c4d", "title": "<< J'aime trop la vie >> pour heberger des djihadistes, clame Jawad Bendaoud", "newspaper": "LePoint", "author": ["Source AFP"], "date_publi": "2018-01-25", "content": " Au deuxieme jour de son proces, le << logeur >> presume des terroristes du 13 novembre s'est defendu d'avoir eu connaissance de leur identite. Alors que deux djihadistes du 13 novembre logeaient dans son squat, Jawad Bendaoud passait une soiree << sans aucun stress >> chez lui. Il s'est defendu jeudi, extremement nerveux et confus, devant le tribunal a Paris d'avoir su qu'il hebergeait ces hommes recherches dans toute la France. << Personne ne m'a mis au courant que j'hebergeais des terroristes >>, a repete le prevenu de 31 ans, juge pour << recel de malfaiteurs terroristes >>. << Sur la tete de mon fils, je ne savais pas que c'etaient des terroristes >>, a dit Jawad Bendaoud. << J'aime trop la vie. J'aime trop les femmes, j'aime trop mon fils. >> Avec un debit ultrarapide et tenant des propos tres decousus, Jawad Bendaoud a tente de reconstruire ces jours precedant le 18 novembre, quand le Raid a pris d'assaut l'appartement qu'il s'etait approprie a Saint-Denis, au nord de Paris. Les deux djihadistes, dont le cerveau presume des attaques, Abdelhamid Abaaoud, sont morts dans cet assaut, ainsi qu'Hasna Ait Boulahcen, qui leur avait trouve la planque par l'intermediaire de Mohamed Soumah, egalement juge pour << recel de malfaiteurs terroristes >>. Celle-ci aurait dit a Jawad Bendaoud qu'elle cherchait un logement pour son frere. L'interrogatoire s'est deroule dans une atmosphere tendue, le prevenu interrompant sans cesse la presidente de la 16e chambre du tribunal correctionnel, Isabelle Prevost-Desprez. << Madame, vous ne m'impressionnez pas >>, a-t-il meme ose, face a une juge d'une patience extreme. Jawad Bendaoud etait vetu d'un gilet zippe rouge du PSG, le meme, dit-il, que celui qu'il portait quand il a rencontre Abdelhamid Abaaoud, le 17 novembre 2015 au soir. Il a raconte cette rencontre, qui a dure, selon lui, 6 ou 7 minutes. Il demande au djihadiste : << Ca va mon pote ? >>, apres lui avoir serre la main. Abdelhamid Abaaoud repond : << Je me suis pris la tete avec la mere de mes enfants. J'ai passe trois jours de fils de pute. Je veux faire la priere, me laver et dormir >>. Jawad Bendaoud l'interroge : << Tu viens d'ou ? >> << Je viens de Belgique >>, repond Abdelhamid Abaaoud, qui lui demande la direction de La Mecque. << Franchement je ne fais pas la priere, frere >>, aurait dit Jawad Bendaoud. << Comment j'ai pu etre assez con pour ne pas capter ? >>, demande le prevenu au tribunal. << J'etais defonce, Madame >>. Le 17, le prevenu raconte avoir pris de la cocaine, puis fume du cannabis. << A aucun moment, je me dis que le mec est en cavale >>, affirme-t-il. Il confiera tout de meme a sa compagne : << Ils sont chelous. Ils veulent juste faire la priere et dormir. >> Il affirme aussi que son complice Mohamed Soumah ne connaissait pas le profil de ces hommes. << Madame, Mohamed Soumah qui me ramene des terroristes, c'est comme si je vous disais JoeyStarr a rejoint Daech ! >> lache-t-il. Jawad Bendaoud affirme ne pas avoir reconnu Abdelhamid Abaaoud, dont le portrait etait pourtant partout. Il pensait que tous les djihadistes etaient morts le 13 novembre. En accueillant ces hommes, il voulait << rendre service >>, gagner de l'argent. Les djihadistes devaient payer 150 euros pour quatre nuits dans le squat. Le 17 novembre, a quelques heures de l'assaut et de son arrestation, il a passe une soiree tranquille chez lui. << Aucun stress. Je suis alle sur le balcon. J'ai fume un gros joint en regardant le Stade de France. J'ai mange un sandwich escalope-Boursin. >> Son ADN a ete retrouve sur le scotch ayant servi a fabriquer une ceinture explosive, mais les djihadistes se sont servis d'un rouleau qui se trouvait dans le squat et que Jawad Bendaoud a pu utiliser plus tot. Aucun contenu djihadiste n'a ete retrouve dans les ordinateurs et telephones expertises, a dit la presidente. << Je n'ai pas saisi la gravite de l'affaire dans laquelle j'etais implique. La premiere fois que j'entends parler du Bataclan, c'est dans ma cellule en prison. >> Il devra repondre vendredi aux questions des parties civiles et du parquet. Jawad Bendaoud, delinquant multirecidiviste, encourt 6 ans de prison. ", "theme": "justice"}