{"id_art": "dbb4814a9af8a42a0fb753f4d30be0d6", "title": "La Ligue arabe declare le Hezbollah libanais groupe \"terroriste\"", "newspaper": "LePoint", "author": ["Source AFP"], "date_publi": "2016-03-11", "content": " Les tensions sont vives entre l'Arabie saoudite sunnite et le Hezbollah, accuse de servir de tete de pont a l'Iran chiite. Les ministres arabes des Affaires etrangeres reunis vendredi au siege de la Ligue arabe au Caire ont classe groupe \"terroriste\" le mouvement libanais chiite Hezbollah, a annonce un diplomate du Bahrein, lisant a la presse une resolution de l'organisation. Le Liban et l'Irak ont emis \"des reserves\" sur la decision des ministres, a precise le diplomate bahreini Wahid Moubarak Sayar. Debut mars, les six monarchies du Conseil de cooperation du Golfe (CCG) - Arabie saoudite, Qatar, Bahrein, Koweit, Emirats arabes unis et Oman -, toutes membres de la Ligue arabe, avaient pris une decision similaire. Les tensions sont vives entre l'Arabie saoudite sunnite et le Hezbollah, poids lourd du gouvernement libanais et accuse de servir de tete de pont a l'Iran chiite, puissance regionale engagee dans des luttes d'influences avec Riyad. \"La resolution du conseil (des ministres des Affaires etrangeres, NDLR) de la Ligue comprend la designation du Hezbollah comme groupe terroriste\", a indique Wahid Moubarak Sayar, un haut responsable du ministere des Affaires etrangeres du Bahrein, pays qui assure actuellement la presidence tournante du conseil. Plus tot dans la matinee, la delegation saoudienne s'etait brievement retiree des discussions en cours pour protester contre le discours du ministre irakien des Affaires etrangeres Ibrahim al-Jaafari, qui refusait la qualification du Hezbollah de groupe \"terroriste\". Debut janvier, le royaume de Bahrein avait annonce avoir \"demantele\" une cellule \"terroriste\" liee aux Gardiens de la revolution iraniens et au Hezbollah. La cellule projetait \"plusieurs attentats a l'explosif\" selon le ministere de l'Interieur de Bahrein. Le Hezbollah, ou Parti de Dieu, a ete cree par les Gardiens de la revolution iraniens dans les annees 1980. Finance par Teheran, il est le seul parti libanais a ne pas a avoir depose les armes apres la guerre civile (1975-1990). Les Etats-Unis, le Canada et l'Australie considerent egalement ce mouvement comme une organisation \"terroriste\". Sa branche armee a ete classee comme telle par l'Union europeenne. ", "theme": "monde"}