{"id_art": "86c5b83f22954492264c2a943451319d", "title": "Royaume-Uni: 8 personnes arretees soupconnees de preparer des actes terroristes", "newspaper": "LePoint", "author": ["AFP"], "date_publi": "2017-03-23", "content": "La police britannique a annonce jeudi que les huit personnes arretees suite a l'attentat de Londres etaient soupconnees de preparer des actes terroristes. Dans un communique, la police a precise que sept de ces personnes avaient ete arretees a Birmingham (centre), et une a Londres, et que des operations avaient egalement ete menees a Brighton (sud) et dans le Carmarthenshire, un comte du sud du pays de Galles. 23/03/2017 19:30:10 - Londres (AFP) - (c) 2017 AFP ", "theme": "monde"}