{"id_art": "a6f3e857232ff2d9f7c201a649b6d094", "title": "Espagne: nouvelle arrestation en lien avec les attentats en Catalogne", "newspaper": "LePoint", "author": ["AFP"], "date_publi": "2017-09-22", "content": "La Garde civile a arrete un Marocain soupconne d'avoir aide les auteurs des attentats meurtriers d'aout dernier en Catalogne a preparer des explosifs, a annonce vendredi le ministere espagnol de l'Interieur. Ce Marocain de 24 ans, vivant en Espagne, avait des liens etroits avec plusieurs membres de la cellule qui a commis les attentats, en particulier l'imam Abdelbaki Es Satty, considere comme le cerveau du groupe, precise le ministere dans un communique. Le suspect leur aurait prete ses documents d'identite pour acheter du peroxyde d'oxygene, un composant essentiel pour la fabrication de 100 kg de TATP (triperoxyde de triacetone), un explosif artisanal frequemment utilise par les jihadistes du groupe Etat islamique (EI), qui peut etre fabrique a partir d'ingredients trouvables dans le commerce. De plus il leur aurait fourni des vehicules pour transporter les composants, selon les premiers elements de l'enquete livres par le communique. Deux des membres de la cellule, dont l'imam Es Satty, sont morts dans l'explosion accidentelle de leur atelier a Alcanar, dans le sud de la Catalogne. Les autres ont ensuite lance des vehicules dans la foule a Barcelone le 17 aout, et le lendemain a Cambrils, une station balneaire catalane. Ces attaques, revendiquees par l'EI, ont fait 16 morts et plus de 120 blesses. Six des terroristes presumes ont ete tues par la police. Deux autres, dont un survivant de l'explosion a Alcanar, sont en detention provisoire en attendant d'etre juges a Madrid, et deux autres suspects sont en liberte surveillee. 22/09/2017 10:43:19 - Madrid (AFP) - (c) 2017 AFP ", "theme": "monde"}