{"id_art": "05bbe18387089df5a58e2196f2623103", "title": "Terrorisme, economie: Poutine en partenaire incontournable a Saint-Petersbourg", "newspaper": "LePoint", "author": ["AFP"], "date_publi": "2016-06-16", "content": "Lutte antiterroriste, echanges commerciaux: le president russe Vladimir Poutine devrait se poser jeudi en partenaire incontournable des Occidentaux en depit des sanctions qu'ils lui imposent, devant des investisseurs etrangers reunis a Saint-Petersbourg dont la Russie a besoin pour sortir de la crise. Avec pour invites le president de la Commission europeenne Jean-Claude Juncker, le Premier ministre italien Matteo Renzi et le secretaire general de l'ONU Ban Ki-Moon, le Forum economique international de Saint-Petersbourg (SPIEF), voulu par le Kremlin comme un \"Davos russe\", constitue cette annee pour la Russie un moyen de s'afficher moins isolee au moment ou la recession la frappant semble toucher a sa fin. \"D'annee en annee, le Forum devient de plus en plus influent\", s'est felicite Vladimir Poutine, appelant a une \"action concertee\" entre les principaux acteurs de l'economie mondiale. L'essentiel de ce rendez-vous des investisseurs s'annonce domine par les relations commerciales avec l'Union europeenne (UE), mises a mal par plus de deux ans de sanctions reciproques entre Bruxelles et Moscou, declenchees par l'annexion de la peninsule ukrainienne de Crimee par la Russie puis la rebellion prorusse dans l'Est ukrainien. Peu avant l'ouverture du Forum, l'ancien president francais Nicolas Sarkozy, qui s'est entretenu avec M. Poutine mercredi soir, a appele la Russie a faire le premier pas pour sortir de l'engrenage des sanctions que se sont decretees Moscou et Bruxelles. \"Levez les sanctions et nous, vos amis, on fera tout pour vous aider\", a demande le chef de file du parti de droite Les Republicains. \"La dynamique actuelle est extremement negative, il faut casser ce processus en prenant une initiative.\" - Pas de 'changement d'attitude' de l'UE - M. Juncker, dont c'est la premiere venue au SPIEF, a deja prevenu que sa visite ne marquera pas de \"changement d'attitude\" de l'UE, Bruxelles liant toute levee des sanctions a l'application des accords de paix de Minsk pour l'est de l'Ukraine. Une prorogation pour six mois de l'ensemble des mesures punitives en vigueur est a prevoir, ont fait savoir des responsables europeens tandis que Moscou a de son cote deja menace de prolonger jusqu'a fin 2017 son embargo alimentaire. La visite de M. Juncker vise cependant a etablir \"des ponts\" avec Moscou, a explique sur Twitter une porte-parole de la Commission europeenne, Mina Andreeva. Le conseiller du Kremlin Iouri Ouchakov a juge cette rencontre \"tres importante\", assurant que les difficultes actuelles seraient discutees \"franchement\". Les sanctions, qui visent aussi bien la finance que la production d'hydrocarbures ou la defense, constituent un frein considerable pour l'economie russe au moment ou elle semble approcher de la fin de la recession actuelle, la plus longue depuis l'arrivee au Kremlin de Vladimir Poutine en 2000. Affaiblie par la chute des prix du petrole, la Russie craint desormais de s'engluer dans une stagnation et multiplie les promesses de reformes structurelles pour attirer les investisseurs et dynamiser son economie. Les chefs d'entreprises europeens, tres critiques des sanctions contre une Russie ou ils ont considerablement investi, ne cachent pas leur volonte de reprendre les affaires de maniere plus active. Le Premier ministre Matteo Renzi, a la tete d'une importante delegation, devrait lui aussi emettre des reserves contre les sanctions lors de son intervention vendredi. - Contrat gazier - Malgre deux ans de crise entre Moscou et les Occidentaux, un certain dialogue a ete renoue avec les pays europeens et les Etats-Unis dans le domaine de la lutte anti-terroriste. Moins d'une semaine apres le carnage dans un club gay d'Orlando (49 morts), Vladimir Poutine doit ainsi s'entretenir jeudi de la lutte contre les jihadistes de l'Etat islamique et du conflit syrien avec Ban Ki Moon, accompagne de l'emissaire des Nations Unies en Syrie Staffan de Mistura. Si les Americains restent peu nombreux au SPIEF, les patrons de plusieurs groupes de premier plan sont attendus, comme les francais Total, Societe Generale, JCDecaux et Schneider Electric. Avant de recevoir M. Juncker, M. Poutine doit signer un important contrat pour la construction d'une usine de liquefaction du gaz en Russie avec le directeur general de la compagnie energetique anglo-neerlandaise Royal Dutch Shell, Ben van Beurden. Et en filigrane du SPIEF, une ombre sportive, inhabituelle pour cet evenement, plane sur les discussions, quelques jours apres les violences des hooligans russes a l'Euro de foot et la possible suspension vendredi des athletes russes des JO de Rio. 16/06/2016 11:57:24 - Saint-Petersbourg (AFP) - (c) 2016 AFP ", "theme": "monde"}