{"id_art": "9eb2d5896760a1304f0e568973084c23", "title": "Attentats en Espagne: la police ignore ou se trouve le fugitif", "newspaper": "LePoint", "author": ["AFP"], "date_publi": "2017-08-20", "content": "Le chef de la police regionale de Catalogne a declare dimanche que ses services ignoraient si l'homme recherche pour les attentats en Espagne jeudi et vendredi se trouvait encore dans le pays. \"Si je savais qu'il est en Espagne et ou, nous irions le chercher. Nous ne savons pas ou il est\", a declare Josep Lluis Trapero. 20/08/2017 13:20:33 - Barcelone (AFP) - (c) 2017 AFP ", "theme": "monde"}