{"id_art": "ca8fecd396c4cf18ef5abc5c943a79b1", "title": "Nice: une Franco-tunisienne condamnee a 3 ans de prison pour apologie du terrorisme", "newspaper": "LePoint", "author": ["AFP"], "date_publi": "2016-06-18", "content": "Une Franco-tunisienne de 28 ans, en possession a son domicile d'une impressionnante bibliotheque d'ouvrages fondamentalistes et de videos d'executions de Daesh, a ete condamnee vendredi a trois ans de prison ferme, a confirme samedi le parquet de Nice. La jeune femme, qui transmettait aussi a d'autres ses videos et photos de decapitations, a ete condamnee pour apologie publique d'un acte de terrorisme et recel de documents faisant l'apologie du terrorisme, a precise le procureur de Nice Jean-Michel Pretre. Selon un journaliste de Nice-Matin qui assistait vendredi a sa comparution immediate devant le tribunal correctionnel de Nice, le mot de passe de sa tablette remplie de propagande violente etait \"Djihad 11/09/2001\". La jeune femme du Cannet (Alpes-Maritimes), fichee S, revenait d'un voyage en Tunisie, lorsque les douaniers ont controle mercredi ses bagages a l'aeroport, selon le journal. Ancienne chef de rang dans un restaurant, elle vit depuis deux ans du RSA. 18/06/2016 20:32:37 - Nice (AFP) - (c) 2016 AFP ", "theme": "societe"}