{"id_art": "93cc6aea3dab0374694346c198abecbb", "title": "Londres : 11 pietons blesses par une voiture, un incident non lie au terrorisme", "newspaper": "LePoint", "author": [" Le Point.fr avec AFP"], "date_publi": "2017-10-07", "content": " Un homme a ete arrete apres avoir percute plusieurs personnes a Londres. Onze blesses sont a deplorer. La police traite l'affaire comme un accident de la circulation. Onze personnes ont ete blessees ce samedi apres-midi apres avoir ete fauchees par un vehicule pres du Musee d'histoire naturelle de Londres, a indique Scotland Yard, qui a interpelle un homme. Cette collision est un accident de la route et n'est cependant pas traitee comme un << incident lie au terrorisme >>, a indique Scotland Yard sur Twitter. The incident in #ExhibitionRoad #SouthKensington earlier is not being treated as a terror-related incident. It is a road traffic collision. << Nous avons traite 11 patients, la plupart pour des blessures a la tete et aux jambes, et hospitalise neuf d'entre eux >>, a precise le London Ambulance Service sur Twitter. << J'etais pres de la station de metro South Kensington, il y avait beaucoup de policiers. Et puis soudain une policiere a crie a la foule de courir, et tout le monde est parti dans un mouvement de panique, beaucoup de gens criaient >>, a declare Leonard, la trentaine. << Nous etions en train de dejeuner quand nous avons vu des policiers armes >>, a dit Ana, une Londonienne d'une trentaine d'annees. << Et alors nous avons vu des gens paniques qui couraient >>, a-t-elle ajoute. Un journaliste de l'Agence France-Presse a vu des groupes de personnes courir dans plusieurs directions, et entendu des cris. La police britannique avait confie a une journaliste de la BBC, temoin de la scene, que les blessures des passants etaient legeres. << J'ai vu une foule autour de deux personnes allongees sur le trottoir >>, a-t-elle declare. Une video sur Twitter montrait un homme plaque a terre par d'autres personnes, pres d'une voiture accidentee. Footage shows a man being held down on the floor by police in the aftermath of the incident near to London's Natural History Museum pic.twitter.com/nNtddplslp << Des policiers sont sur place >>, a indique la police dans un communique, tandis que les services ambulanciers de la ville intervenaient egalement sur le site. Cet incident est intervenu dans un contexte de menace terroriste au Royaume-Uni apres une vague d'attaques revendiquees par le groupe djihadiste Etat islamique ces derniers mois dans le pays. Mi-septembre, un attentat, le cinquieme en six mois au Royaume-Uni, avait vise une station du metro londonien, faisant 30 blesses. A Downing Street, la Premiere ministre Theresa May etait tenue informee de l'evolution de la situation, ont indique ses services. L'incident du musee est survenu alors que se tenait, non loin de la, une marche silencieuse reunissant quelques dizaines de milliers de supporteurs de football denoncant << l'extremisme >>. Il s'agissait d'exprimer une << inquietude >> apres les recentes attaques terroristes en Europe, a declare John Meighan, le fondateur de l'organisation Football Lads Alliance, a l'origine de la manifestation. ", "theme": "monde"}