{"id_art": "6746a474d6b3c18937ef92a1798a5d78", "title": "Un jeune Marseillais condamne a un an ferme pour apologie du terrorisme", "newspaper": "LePoint", "author": [""], "date_publi": "2015-11-16", "content": "Un Marseillais de 23 ans, qui avait crie a plusieurs reprises \"Allah akbar\" en mimant l'egorgement a l'adresse d'un groupe de policiers samedi, a ete condamne lundi a Marseille a un an de prison ferme. \"Vous avez crie trois fois +Allah akbar+. Ces faits sont constitutifs d'apologie du terrorisme\", a lance la presidente du tribunal correctionnel au jeune habitant des quartiers nord, juge en comparution immediate, delivrant un mandat de depot et indiquant qu'il etait egalement coupable de recidive de detention de stupefiants. Une peine conforme aux requisitions du representant du parquet, Max Gazan, qui a explique quelques minutes plus tot que la phrase \"Dieu est grand\" en arabe, utilisee par les terroristes vendredi a Paris \"avant de commettre leurs crimes\" et associee au geste de l'egorgement, entrait dans \"le champ de l'apologie du terrorisme\". \"Je ne suis pas sur que vous ayez pense a assassiner des policiers mais vous avez profite de ce climat pour exprimer une forme d'agressivite. L'Etat d'urgence impose que des comportements comme le votre soient severement reprimes\", a affirme M. Gazan. Samedi en debut d'apres midi, l'homme qui circulait dans son vehicule avec un ami sur la Canebiere, a crie Allah Akbar a des policiers qui se trouvaient devant le commissariat de Noailles dans le 1er arrondissement de la ville. Les fonctionnaires ont immediatement pris en chasse le vehicule et interpelle le jeune homme. Il a alors tente de nier les faits et s'est oppose a son arrestation. Outre la peine prononcee lundi, il devra egalement executer 30 mois de prison, pour differentes condamnations precedentes liees a des faits de violences, la detention de stupefiants ou des vols. 16/11/2015 17:07:01 - Marseille (AFP) - (c) 2015 AFP ", "theme": "societe"}