{"id_art": "619cd21e3cb23edba97caf465a997c19", "title": "Kamel Daoud - Trump en Arabie, sur les lieux du crime", "newspaper": "LePoint", "author": [" Kamel Daoud"], "date_publi": "2017-06-01", "content": " L'ecrivain porte un regard tres critique sur les rapports entre l'Occident et l'Arabie saoudite qui pretendent lutter ensemble contre le terrorisme. Dans une caricature simple, le dessinateur algerien Le Hic trace le portrait du roi d'Arabie saoudite avec un pistolet pointe sur sa propre tete, geste de suicide sobre et sans mot. La seule enseigne est le commentaire qui accompagne le trait : << L'Arabie saoudite luttant contre le terrorisme. >> On peut modifier le dessin avec la derniere visite de Trump au royaume : le truculent president americain pointant une arme sur son meilleur << ami >> dans la region et annoncant qu'ils vont lutter tous deux contre le terrorisme. Car ce fut l'evenement des dernieres semaines que cette visite qui laiss... Deja abonne ? Pas encore abonne ? ", "theme": "editos-du-point/sebastien-le-fol"}