{"id_art": "ec7c5e547ac766b0713188f02553a038", "title": "L'Europe face au terrorisme : l'austerite en question", "newspaper": "LePoint", "author": ["Source AFP"], "date_publi": "2015-11-25", "content": " Les Etats europeens ont realise ces dernieres annees des economies drastiques en matiere de securite. La situation les oblige a faire marche arriere. Le verdict des analystes est sans appel : les coupes budgetaires operees durant la crise economique en Europe ont fragilise les capacites des forces de securite a faire face a la menace terroriste et les autorites n'ont pas d'autre choix que de faire machine arriere. << Les policiers ont ete tres durement touches et cela fait quelque temps qu'ils disent tout haut qu'ils n'ont pas assez d'argent. C'est particulierement le cas en Grande-Bretagne, mais c'est aussi vrai dans d'autres pays europeens >>, souligne ainsi le professeur Christian Kaunert, de l'universite de Dundee, en Ecosse. Les economies ont ete drastiques : suppression de 13 000 postes dans les forces de securite interieures francaises entre 2007 et 2012 ; chute de pres de 12 % des forces de police en Angleterre et au pays de Galles depuis 2010 ; remplacement de seulement 20 % des departs a la retraite en Italie entre 2008 et 2014 (sauf en 2010 et 2011). << Lorsque les budgets sont reduits, les tactiques les plus couteuses, comme la surveillance, sont souvent les premieres a etre affectees >>, souligne Jon Moran, professeur a l'universite de Leicester. A Bruxelles, << notre zone de police est confrontee a un deficit de 125 effectifs >>, qui << manquent cruellement au niveau de la police de quartier, mais aussi dans les cellules specialisees comme la cellule radicalisme >>, s'est plaint la semaine derniere le commissaire Johan De Becker, chef de la zone Bruxelles Ouest, dont fait partie Molenbeek, commune decrite comme un foyer jihadiste. Plusieurs auteurs d'attaques terroristes recentes en Europe, dont les attentats de Paris du 13 novembre, vivaient ou ont sejourne a Molenbeek, et la capitale belge restait mardi en etat d'alerte maximale apres l'inculpation d'un cinquieme suspect lie a ces attentats. << En reaction aux attentats de Paris, on observera surement une augmentation des moyens des services de securite et il y aura un renversement de tendance >>, prevoit Christian Kaunert. Selon lui, << cela doit constituer un signal d'alarme, car ce ne sera probablement pas la derniere attaque >>. En Belgique, le gouvernement est deja revenu sur des projets d'economies a la suite du demantelement d'une cellule jihadiste a Verviers en janvier. Toutefois, selon les medias belges, il manquerait toujours 100 personnes dans chacun des deux services de renseignements belges (la Surete de l'Etat et le Service general du renseignement et de la securite de l'armee), qui en theorie doivent fonctionner avec 600 agents chacun. Au Royaume-Uni, le gouvernement a annonce dimanche une hausse de 30 % du budget du contre-terrorisme d'ici a 2020, destinee a financer notamment l'embauche de 1 900 personnes dans les services de renseignement et de surveillance. Mais cela n'a pas rassure ceux qui s'inquietent de nouvelles economies dans la police britannique, dont l'annonce est attendue mercredi lors de la presentation du budget rectificatif d'automne. << Le contre-terrorisme n'est pas juste une affaire des services de contre-terrorisme et de securite, cela concerne tous les services de police >>, a ainsi prevenu Robert Quick, ancien commissaire adjoint de Scotland Yard, dans le quotidien The Guardian. Selon lui, les coupes dans la police de proximite rendront le Royaume-Uni << plus vulnerable au terrorisme >>. En France, la controverse sur la suppression de la police de proximite sous la presidence de Nicolas Sarkozy ressurgit regulierement, y compris dans son propre camp. Dans la foulee des attentats contre Charlie Hebdo et l'Hyper Cacher en debut d'annee, l'executif a annonce la creation de 1 400 emplois pour le ministere de l'Interieur (dont 1 100 pour le renseignement) et 950 pour le ministere de la Justice. De nouvelles annonces ont ete faites apres les attentats du 13 novembre : creation de 5 000 postes de policiers et de gendarmes, de 2 500 postes dans la justice et de 1 000 emplois dans les douanes. Quant a savoir si les attaques recentes auraient pu etre dejouees avec davantage de moyens, il est impossible de le dire avec certitude, estiment ces experts. << Si un pays a une politique etrangere qui le met en premiere ligne de la lutte contre le djihadisme, les terroristes vont forcement le cibler, independamment du niveau de financement de ses services de securite et de police >>, souligne ainsi M. Moran. Consultez notre dossier : Special attentats de Paris ", "theme": "europe"}