{"id_art": "e1e5c5fb6a2b67710a867486e81a9ed5", "title": "Espagne : l'ETA veut deposer les armes", "newspaper": "LePoint", "author": ["Source AFP"], "date_publi": "2017-03-17", "content": " L'organisation, consideree comme terroriste par l'Union europeenne, souhaite se desarmer d'ici le 8 avril, avant les elections en France. Apres des decennies de lutte armee, l'organisation separatiste basque pourrait bien rendre definitivement les armes, selon une source proche des pourparlers pour ce desarmement. L'ETA a l'intention de se desarmer d'ici au 8 avril et devrait pour cela transmettre des coordonnees de caches d'armes. << Il y a une initiative qui a une date : celle du 8 avril >>, a declare cette source a l'Agence France-Presse en precisant qu'avant cela << l'ETA fera des pas de sorte que (le desarmement) soit acheve >>, plus de 50 ans apres la fondation dans le nord de l'Espagne de cette organisation armee. La source a ainsi confirme des declarations de Txetx Etcheverry, militant de l'organisation basque Bizi, assurant que le desarmement complet de l'ETA, consideree comme une organisation terroriste par l'Union europeenne, doit si possible se produire << avant les elections >> prevues fin avril en France. << ETA nous a confie la responsabilite du desarmement de son arsenal et, au soir du 8 avril, ETA sera totalement desarmee >>, a aussi declare Txetx Etcheverry au journal Le Monde. Avant le 8 avril, l'ETA a l'intention de transmettre les coordonnees des caches d'armes afin que ce desarmement puisse etre complet, a precise cette source proche des pourparlers a l'Agence France-Presse. << Le gouvernement basque accorde une credibilite a la possibilite d'un desarmement final a court terme >>, a declare lors d'une breve allocution Inigo Urkullu, chef du gouvernement regional basque. << Il demande (...) au gouvernement espagnol et francais de faire preuve de hauteur de vue et de fournir des voies de communication directes >>, afin << d'atteindre cet objectif a l'importance historique pour notre societe >>, a-t-il ajoute. L'ETA avait annonce en octobre 2011 renoncer definitivement a la violence. Apres plus de quarante ans de violence au nom de sa lutte pour l'independance du Pays basque et de la Navarre, elle avait commis son dernier attentat en 2010, faisant un mort, un policier, sur le sol francais et portant le bilan des victimes attribuees a cette violence a 829 morts. Mais elle refusait depuis de se dissoudre et de desarmer, exigeant une negociation avec Paris et Madrid sur le sort de ses membres encore detenus dans les prisons en Espagne et en France. Madrid et Paris ont toujours refuse toute negociation, exigeant sa dissolution sans contrepartie. << L'ETA, ce qu'elle doit faire, c'est se dissoudre et disparaitre >>, a declare le ministre de l'Interieur espagnol, Juan Ignacio Zoido, sur son compte Twitter. L'organisation separatiste ETA << a dispose de temps pour se desarmer et elle doit savoir qu'elle n'obtiendra rien en echange >>, a-t-il ajoute. Le chef du gouvernement conservateur espagnol, Mariano Rajoy, a demande vendredi a l'ETA de se dissoudre. << L'ETA a decide de se desarmer unilateralement. Qu'elle le fasse, et au passage qu'elle se dissolve >>, a-t-il declare lors d'un congres regional de son parti a Madrid. Il a ajoute que << le gouvernement espagnol appliquera la loi de maniere egale pour tous >>. ", "theme": "societe"}