{"id_art": "dd81226d1d12671337e68f62bc13e029", "title": "Tel Aviv: un Israelien poignarde a mort au cours d'une \"attaque terroriste\"", "newspaper": "LePoint", "author": ["AFP"], "date_publi": "2017-12-01", "content": "Un Israelien age d'une vingtaine d'annees a ete poignarde a mort par un ou plusieurs agresseurs qui ont pris la fuite dans la ville d'Arad, dans le sud d'Israel, a annonce la police. \"Il n'y a pas de doute sur le caractere terroriste de l'attaque\", qui s'est produite dans une rue adjacente a un centre commercial, a declare a l'AFP le porte-parole de la police Micky Rosenfeld. 01/12/2017 00:06:35 - Jerusalem (AFP) - (c) 2017 AFP ", "theme": "monde"}