{"id_art": "55b371109a9f4c9c520187601b97ccdb", "title": "Un \"terroriste\", allie encombrant des Americains contre Daech", "newspaper": "LePoint", "author": [" Michel Colomès"], "date_publi": "2016-06-07", "content": " La milice de Jaafar Ibrahimi represente a la fois une force decisive dans la bataille pour Falloujah et un double embarras pour la coalition. Dans les rangs de l'armee irakienne et dans les groupes paramilitaires qui essaient de combler le manque de tonus et d'efficacite des troupes regulieres, on l'appelle avec respect << l'ingenieur >>. Jamal Jaafar Ibrahimi, 63 ans, cheveux d'un blanc soigne, treillis kaki au combat comme a la ville, est le commandant d'une milice exclusivement composee de chiites, les PMF (Popular Mobilization Forces). Le gouvernement irakien lui doit une fiere chandelle. En juin 2014, apres la prise de Mossoul par Daech, il a bloque la route de Bagdad avec ses forces et empeche que la capitale ne soit prise pa... Deja abonne ? Pas encore abonne ? ", "theme": "monde"}