{"id_art": "a0b30dddb2fd1ccf1845338b0049340f", "title": "Suspecte a tort de terrorisme, il perd son emploi", "newspaper": "LePoint", "author": ["Le Point.fr"], "date_publi": "2012-10-07", "content": " Un agent de fret de l'aeroport de Roissy a decide de porter plainte pour \"discrimination operee a raison de la religion\". Un agent de fret, qui s'etait vu retirer son badge d'acces a la zone securisee de l'aeroport de Roissy apres avoir ete soupconne a tort de terrorisme, a decide de porter plainte pour discrimination, faute d'avoir pu conserver son emploi, a-t-on appris aupres de son avocat. Adressee cette semaine au procureur de la Republique de Paris, cette plainte contre X vise des faits de \"discrimination operee a raison de la religion\", a precise Me Hosni Maati, selon qui l'appartenance du plaignant a la communaute musulmane est la cause du retrait du badge. Titulaire d'un DUT en logistique, ce dernier, qui souhaite conserver l'anonymat, avait ete embauche en septembre 2011 par la societe de transport de fret Fedex, a Roissy-CDG. Une histoire qui a pris fin le 9 mars dernier, par le biais d'une lettre recommandee. \"C'etait un courrier du prefet de la Seine-Saint-Denis\", a raconte ce pere de famille de 30 ans, habitant a Creil (Oise). \"On me disait que je n'etais plus habilite a utiliser le badge d'acces a la zone securisee de l'aeroport, qui m'avait ete attribue six mois plus tot\", ajoute-t-il. Le jeune homme, qui dit avoir d'abord cru a une erreur de personne, assure n'avoir obtenu d'explications que quelques jours plus tard, apres de multiples coups de telephone infructueux. \"On m'a donne un numero au ministere de l'Interieur. Et la, on m'a indique que j'etais soupconne de financer un reseau terroriste. Je suis tombe des nues !\" assure le trentenaire, qui n'a jamais ete mis en examen, se definit comme \"un musulman modere\" et nie tout lien \"de quelque nature que ce soit\" avec le terrorisme. Contactee par l'AFP, la prefecture de Seine-Saint-Denis n'etait pas en mesure de preciser les motifs a l'origine de cette decision. Apres avoir perdu son emploi, faute de pouvoir travailler sur la plate-forme securisee de Roissy, l'homme a depose un recours devant le tribunal administratif d'Amiens, qui lui a donne gain de cause en demandant que son badge lui soit restitue. \"J'ai decide de porter plainte malgre tout, car je n'ai pas pu recuperer mon emploi\", explique le plaignant. ", "theme": "societe"}