{"id_art": "5883854d37921ae7b38e115ba40417c6", "title": "Terrorisme : ce qu'a dit Mohamed Abrini au juge d'instruction", "newspaper": "LePoint", "author": [" Le Point.fr"], "date_publi": "2016-04-14", "content": " L'homme au chapeau, compagnon de route de Salah Abdeslam, soupconne d'avoir participe aux attentats de Paris et de Bruxelles, affirme ne pas etre radicalise. Il est l'homme au chapeau, le terroriste vu sur les videos de surveillance de l'aeroport de Zaventem aux cotes des kamikazes de Bruxelles. En garde a vue, pourtant, selon des proces-verbaux consultes par BFM TV, Mohamed Abrini a minimise son role. S'il a reconnu etre l'homme au chapeau, le terroriste presume a nie etre radicalise et a affirme ne jamais etre alle en Syrie. << Je ne ferai pas de mal a une mouche >>, a-t-il dit. L'homme decrit Najim Lachraoui et les freres Bakraoui comme les veritables organisateurs des attaques, et affirme ne s'etre mele a eux que pour se cacher. A l'aeroport de Zaventem, Mohamed Abrini affirme avoir fui apres les deux premieres explosions et avoir laisse sa veste dans une poubelle. Aurait-il, comme Salah Abdeslam a Paris, renonce au dernier moment a mourir en kamikaze ? Mohamed Abrini, toujours selon BFM TV, reconnait avoir passe une partie de sa cavale aux cotes de Salah Abdeslam, avec lequel il avait ete vu pour la derniere fois le 11 novembre, deux jours avant les attaques de Paris, dans une station-service. ", "theme": "societe"}