{"id_art": "669586c3cbbf7991acbd96b36512ad2b", "title": "Apologie du terrorisme sur internet: l'autorite de controle livre son bilan 2016", "newspaper": "LePoint", "author": ["AFP"], "date_publi": "2017-05-03", "content": "Jusqu'ou interdire la diffusion sur internet de photos ou de videos d'attentats ? L'autorite chargee de controler les retraits, blocages ou dereferencements de contenus a caractere terroriste a justifie mercredi ses decisions en presentant son rapport d'activite 2016. Conformement a la loi du 13 novembre 2014 relative a la lutte contre le terrorisme, une \"personnalite qualifiee\" designee par la Commission informatique et liberte (Cnil) a pour mission d'eviter toute mesure de blocage, retrait ou dereferencement sur internet disproportionnee ou abusive. Ces mesures coercitives sont prises par l'Office central de lutte contre la criminalite liee aux technologies de l'information et de la communication (OCLCTIC) du ministere de l'Interieur souvent sur la base d'alertes enregistrees sur sa plateforme de signalisation Pharos. Dans son deuxieme rapport d'activite, Alexandre Linden, qui endosse le role de \"personnalite qualifiee\", note l'augmentation de l'activite de ses services avec 5.512 demandes de l'OCLCTIC verifiees en 2016 dont 2.561 portant sur des retraits de contenus (+78 %), 2.077 sur des dereferencements d'adresses electroniques (+143 %) et 874 sur des blocages de sites (+180 %). Les contenus a caractere terroriste representent 60 % des demandes operees, le reste portant sur les contenus pedopornographiques. M. Linden insiste sur l'insuffisance des moyens humains et techniques dont il dispose, qui, faute de renforcement, pourrait, selon lui, compromettre a terme l'effectivite du controle. Ce juriste regrette egalement que l'OCLCTIC ne lui fournisse pas toujours les elements justifiant l'illicite des contenus mis en cause. En 2016, il a ainsi du adresser 712 demandes d'informations complementaires au ministere dont certaines sont restees sans reponse. Au final, le controleur n'a emis que dix recommandations demandant de renoncer a des mesures qu'il ne trouvait pas justifiees. Dans huit cas, le ministere a obtempere, dans un cas M. Linden s'est range a l'avis de la place Beauvau. Reste un cas pour lequel le controleur etudie la suite a donner, qui pourrait etre judiciaire. Parmi ces cas figure la photographie d'un homme tenant dans sa main une tete coupee avec cette legende \"tete d'un soldat syrien\". Un autre cas concerne une video relative a l'assassinat d'un policier en janvier 2015, boulevard Richard Lenoir, apres l'attaque jihadiste contre Charlie Hebdo. Un troisieme porte sur une photo de la tuerie d'un policier et sa compagne en juin 2016 a Magnanville, en region parisienne. Enfin, un autre concernait une video de l'attentat de Nice du 14 juillet accompagne du texte \"video en direct du camion\". A chaque fois, la \"personnalite qualifiee\", qui doit arbitrer entre la lutte contre l'apologie du terrorisme et la liberte d'expression, s'est fondee sur le contexte pour se prononcer. Ainsi, pour certaines images, le rapporteur a estime que le fait qu'elles montrent des actes de terrorisme n'etait pas suffisant en lui-meme pour justifier leur retrait. \"Le texte d'accompagnement etant neutre, l'ensemble ne pouvait donc etre considere comme une appreciation positive d'un acte terroriste, a-t-il juge. Pour M. Linden, l'efficacite du dispositif de lutte contre la propagande terroriste sur internet repose pour beaucoup sur la reactivite des hebergeurs et fournisseurs d'acces. Ainsi, Twitter a indique avoir supprime 612.000 comptes faisant l'apologie du terrorisme en 2016. Et l'on a constate la meme annee que 82.125 internautes ont tente d'acceder a des pages dont le contenu venait d'etre retire. 03/05/2017 16:26:14 - Paris (AFP) - (c) 2017 AFP ", "theme": "societe"}