{"id_art": "51545e357e04e3048855bf4c66192803", "title": "Abu Dhabi : 11 islamistes condamnes pour \"complot terroriste\"", "newspaper": "LePoint", "author": ["Source AFP"], "date_publi": "2016-03-27", "content": " Ils sont accuses d'avoir projete d'attaquer differentes cibles, y compris des hotels et des centres commerciaux, dans ce pays du Golfe. La Cour de surete de l'Etat d'Abu Dhabi a condamne dimanche 11 membres d'un groupe radical a la prison a vie pour avoir projete de mener des << operations terroristes >> aux Emirats arabes unis et d'y etablir un << califat >> inspire du groupe Etat islamique (EI). Deux membres du meme groupe ont ete condamnes a quinze ans de prison, treize autres a dix ans, deux a cinq ans et six a trois ans, tandis que sept ont ete acquittes, a precise l'agence officielle emiratie WAM. La presse internationale n'a pas ete autorisee a assister a ce proces de quarante et un hommes, dont quatre etrangers, appartenant au << groupe terroriste Al Manara >>, qui s'etait ouvert en aout 2015 a Abu Dhabi, la capitale federale des Emirats. Ils etaient accuses d'avoir projete d'attaquer differentes cibles, y compris des hotels et des centres commerciaux, dans ce pays du Golfe et d'avoir complote pour renverser le regime avec l'intention d'etablir un Etat islamique aux Emirats. Il leur etait egalement reproche d'avoir fait entrer des armes et d'avoir entretenu des liens avec le Front al-Nosra en Syrie (branche d'Al-Qaida) ainsi qu'avec l'EI. ", "theme": "monde"}