{"id_art": "f19e7ca4095abe6d1265e7ec68f0325d", "title": "Attentats: Ibrahim El Bakraoui sur une liste anti-terroriste americaine", "newspaper": "LePoint", "author": ["AFP"], "date_publi": "2016-03-26", "content": "L'un des kamikazes de l'aeroport de Bruxelles, Ibrahim El Bakraoui, figurait sur une des listes anti-terroristes des Etats-Unis \"avant les attentats de Paris\" du 13 novembre, a rapporte vendredi la chaine CNN, citant des responsables americains. Son frere Khalid, qui s'est lui fait exploser dans le metro de Bruxelles, a ete ajoute a cette liste \"peu apres les attaques de Paris il y a plusieurs mois\", a ajoute CNN, sans preciser de quelle liste il s'agissait. Mardi, deux kamikazes se sont fait exploser a l'aeroport de Bruxelles et un autre s'est fait sauter dans le metro de la capitale belge. Ibrahim El Bakraoui avait ete expulse vers les Pays-Bas par la Turquie en juillet, apres avoir ete arrete en juin par les autorites turques pres de la frontiere syrienne. Les deux freres de nationalite belge etaient des caids endurcis des faubourgs bruxellois et avaient ete tous les deux condamnes a de la prison pour des vols ou braquages. La chaine americaine NBC avait rapporte jeudi soir que les deux freres figuraient dans les fichiers anti-terroristes americains. Mais elle ne precisait pas quand ni dans laquelle des nombreuses bases de donnees ou listes americaines les deux freres figuraient. Khalid El Bakraoui etait pour sa part recherche dans l'enquete sur les attentats de Paris pour avoir loue sous un faux nom un logement a Charleroi, en Belgique, utilise par certains assaillants du 13 novembre. Il etait vise depuis le 11 decembre par deux mandats d'arret, international et europeen, delivres par les juges d'instruction parisiens charges d'enqueter sur ces attentats ayant fait 130 morts a Paris et Saint-Denis. Les autorites belges ont ete accusees de laxisme dans la lutte antiterroriste apres les attentats de mardi, qui ont fait 31 morts et 300 blesses, selon un bilan provisoire. Trois ministres belges, Didier Reynders (Affaires etrangeres), Koen Geens (Justice) et Jan Jambon (Interieur) ont du s'expliquer vendredi pendant plusieurs heures sur le cas d'Ibrahim El Bakraoui, ancien condamne qui a echappe a la justice belge apres sa remise en liberte sous conditions en 2014. 26/03/2016 09:08:03 - Washington (AFP) - (c) 2016 AFP ", "theme": "monde"}