{"id_art": "73f80f313b2437cc0749dbaa4ef005b0", "title": "Ukraine: enquete pour \"terrorisme\" apres une explosion visant un depute", "newspaper": "LePoint", "author": ["AFP"], "date_publi": "2017-10-26", "content": "Les autorites ukrainiennes ont ouvert une enquete pour \"terrorisme\" et montre la Russie du doigt jeudi, au lendemain de l'explosion d'une bombe visant un depute de l'opposition, blesse, et qui a tue deux personnes. Une enquete a ete ouverte pour \"acte de terrorisme\", a declare a l'AFP la porte-parole des services de securite ukrainiens (SBU) Olena Gitlianska. L'explosion, qui a retenti pres d'un scooter gare dans une rue de Kiev mercredi soir, alors que le depute Igor Mossiitchouk sortait des studios de la chaine de television Espreso, a tue son garde du corps et un passant, selon les autorites. Membre du Parti radical, actuellement dans l'opposition, l'elu a ete blesse par l'explosion, ainsi que quatre autres personnes. Selon la \"premiere hypothese\" etudiee par les enqueteurs, il s'agit d'une \"tentative de meurtre\" du depute \"organisee par les services speciaux russes\", a de son cote declare Pavlo Kononenko, vice-procureur de Kiev. Deux autres hypotheses principales portent sur les \"activites politiques\" du parlementaire et un conflit personnel, a-t-il poursuivi. Le Kremlin, via son porte-parole Dmitri Peskov, a rejete toute accusation mettant en cause des responsables russes, estimant qu'elle relevait de la \"russophobie\". Il s'agit d'un \"engin explosif artisanal, probablement construit sur la base d'une alarme de voiture\", selon M. Kononenko. Aucun suspect n'a encore ete arrete, a ajoute le procureur de Kiev, Roman Govda. Immediatement apres l'explosion, le chef de file du Parti radical du depute, Oleg Liachko, avait evoque une \"tentative d'assassinat\" liee \"a ses activites professionnelles et a ses opinions politiques\", mettant en cause les \"services secrets\" des \"ennemis\" de l'Ukraine dans une apparente reference a la Russie. Le president Petro Porochenko a declare sur Twitter avoir \"exige\" aux enqueteurs d'\"elucider ce crime le plus vite possible\". Igor Mossiitchouk a ete emprisonne de 2011 a 2014, accuse de participation a un groupe \"terroriste\" ultra-nationaliste qui aurait prepare une explosion contre un monument a Lenine dans une petite ville pres de Kiev. Le demontage du monument avait deja ete decide par le conseil municipal. M. Mossiitchouk avait ete libere apres le soulevement pro-europeen du Maidan de fevrier 2014. Il avait par la suite ete implique dans une affaire de corruption, en 2015, mais ce dossier avait finalement ete referme par les enqueteurs sans qu'aucune poursuite ne soit engagee. Cette explosion intervient a la suite d'une serie d'incidents ayant vise des hommes politiques ou des journalistes dans la capitale ukrainienne. Parmi les meurtres les plus retentissants, l'ancien depute russe Denis Voronenkov, critique envers le Kremlin et qui avait demenage de Russie pour Kiev, a ete abattu en mars par balles dans la rue et en plein jour. En juillet 2016, le journaliste ukrainien Pavlo Sheremet a ete tue dans un attentat a la voiture piegee a Kiev. L'enquete sur ces deux meurtres est toujours en cours. 26/10/2017 16:15:26 - Kiev (AFP) - (c) 2017 AFP ", "theme": "monde"}