{"id_art": "be40e0c52a2401105e34515f0a840bf6", "title": "Terrorisme : 2015 a ete la 2e annee la plus meurtriere", "newspaper": "LePoint", "author": ["Source AFP"], "date_publi": "2016-11-16", "content": " Le nombre de morts a neanmoins baisse de 10 % par rapport a 2014, la premiere baisse depuis 2010, en raison du recul de l'Etat islamique et de Boko Haram. Le terrorisme a fait 10 % de morts en moins l'an dernier avec les reculs du groupe Etat islamique et de Boko Haram en Irak et au Nigeria, selon l'index du terrorisme mondial, meme si 2015 est la deuxieme annee la plus meurtriere jamais vue. Cette baisse, representant 3 389 deces de moins qu'en 2014, est la premiere depuis 2010, selon l'index publie mercredi par l'Institute for Economics and Peace (IEP). << Le declin du nombre de morts causees par le terrorisme est attribue principalement a un affaiblissement de Boko Haram et du groupe Etat islamique (EI) au Nigeria et en Irak du fait des operations militaires menees contre eux >>, note l'index. Dans ces deux pays, il y a eu 5 556 deces de moins qu'en 2014. L'index note cependant que << l'expansion des activites de ces deux groupes dans d'autres pays entraine de nouvelles menaces >>. Boko Haram aurait ainsi developpe sa presence au Niger, au Cameroun et au Tchad, faisant augmenter le nombre de victimes du terrorisme de 157 % dans ces trois pays. L'EI et ses groupes affilies sont quant a eux << actifs dans 15 nouveaux pays >>, ce qui porte a 28 le nombre de pays ou ils agissent. Avec un total de 29 376 morts, << 2015 reste la deuxieme annee la plus meurtriere enregistree >> sur les 16 dernieres annees. Selon ces donnees, 90 % des deces causes par le terrorisme ont eu lieu dans des pays deja engages dans des conflits, qu'ils soient locaux ou internationaux. Les cinq pays les plus touches ont ete l'Irak, l'Afghanistan, le Nigeria, le Pakistan et la Syrie. L'index note deux tendances negatives pour l'annee: l'evolution tactique de l'EI vers << le terrorisme transnational, pas seulement dans d'autres parties du Moyen-Orient, mais aussi en Europe >> et << l'extension de Boko Haram dans les pays voisins d'Afrique de l'Ouest >>. Six pays ont ete particulierement durement touches en 2015 : la France, la Turquie, l'Arabie saoudite, le Koweit, la Tunisie et le Burundi, note l'index, qui releve que l'augmentation du terrorisme en Europe a atteint << des plus hauts jamais enregistres >>. Du point de vue economique, le rapport note que l'impact du terrorisme en 2015 est stable par rapport a 2014, coutant 89,6 milliards de dollars (83,6 milliards d'euros) a l'economie mondiale. Ce cout ne represente que pres de 1 % de l'impact de la violence sur l'economie mondiale qui a represente en 2015 13 600 milliards de dollars (12 700 milliards d'euros). Dans les pays de l'OCDE, << les facteurs socio-economiques tels que le chomage des jeunes, la militarisation, les niveaux de criminalite, l'acces aux armes et la defiance vis-a-vis du processus electoral sont les facteurs les plus significatifs, statistiquement >>, en matiere de terrorisme. ", "theme": "societe"}