{"id_art": "badf55d0be0dd5af7785bfc537436825", "title": "Khartoum : disparition d'Hassan al-Tourabi, \"pape noir du terrorisme\"", "newspaper": "LePoint", "author": [" Ian Hamel"], "date_publi": "2016-03-07", "content": " Dans les annees 1990, Hassan al-Tourabi avait accueilli au Soudan Carlos et Ben Laden. \"Le Point\" s'etait entretenu avec ce francophone, diplome de la Sorbonne. Disparu a l'age de 84 ans samedi 5 mars, Hassan al-Tourabi, dirigeant des Freres musulmans soudanais, est a l'origine du coup d'Etat militaire qui a porte au pouvoir en 1999 le general Omar Hassan el-Bachir (un pouvoir que ce dernier n'a jamais quitte depuis). Il inaugure aussitot un regime de terreur ou purges et executions se succedent. La torture est generalisee, les opposants disparaissent dans les << ghost houses >>, les villas fantomes des services secrets. Auteur d'une these a la Sorbonne sur << les pouvoirs de crise, dans les droits anglo-saxons et francais compares >>, Hassan al-Tourabi se reve alors en leader du monde musulman. En 1991, il organise a Khartoum la premiere Conference populaire islamique, reunissant le Who's Who du djihad sur les bords du Nil. Imaginez la Jama'at-i Islami pakistanaise devisant tranquillement avec le Front islamique du salut (FIS) algerien, le Djihad islamique de l'Egyptien Ayman al-Zawahiri, futur responsable d'Al-Qaida, le Hamas palestinien et le Hezbollah libanais ! Car Hassan al-Tourabi entend reunir sunnites et chiites afin de << defier l'Occident tyrannique >>. Autre personnalite conviee a cette Conference populaire islamique, l'intellectuel suisse d'origine egyptienne, Tariq Ramadan, petit-fils d'Hassan al-Banna, le fondateur des Freres musulmans egyptiens. Il vend Carlos a la France Le Soudan accueille alors tous les musulmans, sans reclamer de visa, sans se soucier de leur passe criminel. Il leur attribue de vrais faux passeports soudanais. Parmi les plus \"celebres\", Illich Ramirez Sanchez, dit << Carlos >>, qui vient d'etre chasse de la Syrie, son dernier << employeur >>. Mais aussi Abou Nida, chef du Fatah-Conseil revolutionnaire, la plus sanguinaire des organisations palestiniennes. Et surtout Oussama Ben Laden, qui debarque en 1992 a Khartoum avec ses quatre femmes et ses 17 enfants. Il va rester au Soudan jusqu'en 1996, habitant dans une villa plutot cossue dans le quartier de Riyadh, pres de l'aeroport de la capitale. Une maison situee a moins d'un kilometre de celle d'Hassan al-Tourabi. Les experts forgent un nouveau mot, << Islamintern >>, en reference au Komintern, l'internationale communiste. Et les medias baptisent Tourabi << le pape noir du terrorisme >>. Il arrive toutefois a ce dernier de commettre certaines entorses dans sa poursuite du djihad international, surtout si celles-ci sont remuneratrices. Sans etat d'ame, il livre ainsi en 1994 Carlos a la France. Plus tard, en 1996, Hassan al-Tourabi fait le meme type de proposition aux Americains : il est pret a leur \"abandonner\" Oussama Ben Laden. Mais pour une raison inexpliquee, Washington decline l'offre. Le futur fondateur d'Al-Qaida quitte alors le Soudan pour l'Afghanistan... << Ben Laden, gentil mais limite >> Depuis une quinzaine d'annees, l'ancien << pape noir du terrorisme >> etait entre dans une opposition farouche au regime de Khartoum. Il alternait les sejours en prison et en residence surveillee. Grand, mince, tout de blanc vetu, Hassan al-Tourabi accusait le pouvoir en place << d'etre totalement corrompu, non democratique. J'ai passe une partie de ma vie en prison. Eh bien a mon age, je prefererais encore etre jete dans une cellule plutot que negocier avec le pouvoir soudanais actuel >>, nous avait-il confie il y a quelques annees, dans un excellent francais. Il ne se montrait guere admiratif vis-a-vis d'Oussama Ben Laden. << Au Soudan, ce n'etait pas quelqu'un de tres important. La presse n'en parlait jamais. J'ai le souvenir d'un homme gentil, mais assez limite. Je reste persuade qu'il n'a pas les competences pour diriger une organisation comme Al-Qaida >>, confiait-il au Point peu avant la mort de Ben Laden. Avec l'age, ce diplome de la Sorbonne en etait venu a professer un islam si modere que certains l'accusaient d'apostasie. << Les musulmanes peuvent epouser des chretiens et des juifs, a condition bien entendu que ces chretiens ou ces juifs soient tolerants. Par ailleurs, rien ne s'oppose a ce qu'une femme puisse devenir imam si elle en a les qualites. Je ne suis pas sectaire >>, nous avait-il declare. ", "theme": "monde"}