{"id_art": "8530d51f14766984962c9f9efd9b13fb", "title": "Terrorisme, la securite illusoire des aeroports", "newspaper": "LePoint", "author": [" Michel Colomès"], "date_publi": "2015-11-30", "content": " Les decouvertes effectuees a Roissy, dans les casiers d'employes ayant acces aux avions, montrent que la menace islamiste n'existe pas qu'en Afrique ou a Charm el-Cheikh. On savait que certains quartiers de banlieues sensibles etaient devenus des zones de non-droit. On se rend compte maintenant que des vestiaires et parfois des salles de repos du personnel de piste a l'aeroport Roissy-Charles-de-Gaulle ou a Orly sont, depuis quelque temps, des zones interdites. Meme les superieurs hierarchiques des employes n'osent plus, dit-on, s'y aventurer, sauf a risquer des conflits. Au point d'avoir decide la DGSI, les renseignements interieurs, a ordonner, depuis l'application du plan Vigipirate, des perquisitions dans les casiers de certains membres du personnel ayant un badge << zone reservee >>. << Ni drogue, ni armes n'ont ete decouvertes >>, a cru se feliciter le prefet charge de la securite des aeroports. Dans des zones aussi sensibles, on serait tente de dire : << Encore heureux. >> En revanche, de la litterature islamiste et meme de la propagande pour le djihad et l'Etat islamique ont ete trouvees dans 82 des casiers perquisitionnes. Des decouvertes qui ont amene les autorites a retirer leur badge de securite donnant acces aux pistes a 57 membres du personnel. Et ce n'est qu'un debut. Les autorites ont decide de revoir en detail les 86 000 autorisations de travail sur la zone reservee actuellement accordees au personnel de piste ou a celui des compagnies aeriennes de Roissy et d'Orly. C'est le moins qu'elles puissent faire. Il ne faudrait pas oublier que l'attentat au cours duquel un Airbus d'une compagnie russe a explose au-dessus du Sinai a eu lieu tout juste treize jours avant l'action sanglante des barbares du Bataclan. Et les responsables de la lutte antiterroriste connaissent mieux que personne la vulnerabilite du transport aerien. Certes, depuis le 11 septembre 2001, les mesures de securite mises en place dans les aeroports ont ete renforcees pour controler les passagers et leurs bagages. Mais leur mise en place, disent les specialistes, a surtout permis de rassurer les voyageurs et a eu, au mieux, un effet dissuasif sur ceux qui preparaient un mauvais coup. L'efficacite reelle est plus douteuse : les controles a Charles-de-Gaulle n'avaient pas permis de reperer Richard Reid, l'homme qui avait cache des substances explosives dans ses baskets sur un vol Paris-Miami, en decembre 2001. Et ce ne sont pas les agents de securite de l'aeroport d'Amsterdam, mais les passagers du vol Northwest Airline 253 a destination de Detroit ont empeche Omar Abdulmutallab de faire exploser le PETN qu'il avait cache dans ses sous-vetements le jour de Noel 2009. En juin dernier, le TSA, l'organisme americain charge de la securite dans les aeroports a fait un test aussi inquietant que demoralisant : des equipes anonymes du TSA ont fait passer des armes factices au controle de securite dans 70 aeroports americains. Dans trois cas seulement on les a demasques. Cela dit, les specialistes de la lutte antiterroriste continuent a penser que le plus grand danger vient moins des passagers que des complicites dans le personnel des aeroports. Dans l'affaire du vol de Metrojet 9268, les enqueteurs sont persuades que la cannette explosive et le detonateur a effet barometrique (il se declenche a une certaine altitude) places, sans doute, dans les toilettes de l'appareil avaient ete introduits par un agent ayant eu acces a l'appareil avant son decollage. Charm el-Cheikh n'est pas, helas !, le seul aeroport passoire dans le monde. Dans le cadre de la cooperation en matiere de securite aerienne des experts francais sont venus faire des briefings au personnel au sol de plusieurs capitales africaines. Ils ont ete effares des reponses - d'une desarmante franchise - a cette question : vous arrive-t-il de faire passer des bagages << par-dessus bord >>, sans controle de securite ni surprime pour excedent de bagages ? Seuls 10 % du personnel interroge ont repondu << jamais >>. Pire, si c'est possible : les experts se sont apercus dans plusieurs cas que les photos sur les badges de securite ne correspondaient pas au porteur du document. Explication : les badges passent de main en main pour permettre a plusieurs membres d'une meme famille de profiter des avantages - bakchich ou autres - decoulant d'une presence dans la zone reservee des aeroports. Depuis cette mission, la plupart des compagnies aeriennes qui desservent les aeroports en question ont mis en place - quand les gouvernements y ont consenti - un systeme de double filtre pour le controle des bagages et des passagers. Le deuxieme filtre etant bien sur, sous la responsabilite de la compagnie. Cette vulnerabilite du transport aerien doit, malgre tout, etre relativisee. Meme en periode de forte alerte terroriste, la surete des voyages en avion n'a cesse de s'ameliorer. On est loin de l'annee record 1972, ou l'agence internationale pour la securite aerienne avait repertorie 6 appareils victimes d'explosions criminelles et 52 detournements d'avion. L'attentat qui a coute la vie a 244 personnes a bord de l'Airbus russe le 30 octobre etait le premier reussi par des terroristes depuis 2004. Ce qui implique que beaucoup ont ete dejoues. Consultez notre dossier : Special attentats de Paris ", "theme": "societe"}