{"id_art": "44c3d94800d5b18efd66c7c4ff3d5f86", "title": "Terrorisme: nouveau conseil de defense a l'Elysee", "newspaper": "LePoint", "author": ["AFP"], "date_publi": "2016-08-11", "content": "Le president Francois Hollande a reuni jeudi a l'Elysee un nouveau conseil restreint de defense en presence du chef de gouvernement et de plusieurs ministres pour faire le point sur les operations anti-terroristes en cours, a l'interieur et a l'exterieur de la France. Dans la foulee de la reunion, le chef de l'Etat doit se rendre en Correze pour visiter l'Ecole de gendarmerie de Tulle et Manuel Valls a Montlucon, dans l'Allier, egalement pour visiter une Ecole de gendarmerie accueillant des reservistes en formation. Le Conseil a commence juste apres 9H00 par un point d'information sur les graves incendies dans les Bouches-du-Rhone effectue par le ministre de l'Interieur Bernard Cazeneuve. A cote des deux tetes de l'executif, etaient egalement presents le ministre de la Defense Jean-Yves Le Drian, de la Justice Jean-Jacques Urvoas et des Affaires etrangeres Jean-Marc Ayrault. Avec eux se trouvaient le chef d'etat-major des armees, le general Pierre de Villiers, le directeur de la DGSE Bernard Bajolet et Louis Gauthier, secretaire general de la Defense et de la Securite nationale. \"Il s'agit de faire le point sur la lutte contre le terrorisme et l'ensemble des mesures prises dans cette optiques\", a dit l'Elysee, citant les operations exterieures, la mise en oeuvre de l'etat d'urgence, de l'operation Sentinelle et la mobilisation de la reserve operationnelle. 11/08/2016 11:52:15 - Paris (AFP) - (c) 2016 AFP ", "theme": "politique"}