{"id_art": "c1fd113c74d6f2f222e57af179036d79", "title": "Terrorisme : une rentree scolaire sous haute surveillance", "newspaper": "LePoint", "author": [" Le Point.fr (avec AFP)"], "date_publi": "2016-08-31", "content": " Pour le jour de la rentree, 3 000 reservistes de la gendarmerie nationale seront mobilises. Au sein des etablissements, la securite sera egalement renforcee. Le porte-parole du gouvernement Stephane Le Foll a annonce mercredi a l'issue du conseil des ministres une << vigilance totale et extreme >> pour la rentree scolaire, jeudi, face aux risques d'attentats. << Toutes les mesures sont mises en oeuvre pour proteger et se donner les moyens d'eviter ce qui pourrait etre des attentats >>, a affirme Stephane Le Foll lors du compte rendu du conseil. << On est dans un niveau de menaces qui sont extremement elevees >> et qui appellent << une vigilance totale et extreme >>, a-t-il ajoute. Il a rappele que des mesures avaient ete presentees la semaine derniere pour assurer la securite dans les etablissements scolaires, cibles potentielles du groupe djihadiste Etat islamique (EI). Pour le jour de la rentree, le 1er septembre, 3 000 reservistes de la gendarmerie nationale seront notamment mobilises et << une attention particuliere sera portee aux abords des etablissements tout au long de l'annee, avec des patrouilles mobiles en lien avec les polices municipales >>. Au sein des etablissements, la securite sera egalement renforcee et les membres du personnel formes. Par ailleurs, la ministre de l'Education nationale et le ministre de l'Interieur Bernard Cazeneuve se sont rendus mercredi dans une ecole a la veille de la rentree des eleves, pour discuter des mesures de securite des etablissements, avec des membres du personnel de l'ecole, le prefet de Paris Michel Cadot, et plusieurs autres responsables. << Aujourd'hui, jour de pre-rentree des enseignants, nous avions demande a ce qu'on simule la situation dans laquelle on serait oblige d'envoyer un SMS de facon immediate a l'ensemble de nos directeurs d'ecole. Cela a ete fait pendant notre reunion et tout le monde l'a bien recu >>, a indique la ministre de l'Education, a l'issue d'une table ronde fermee a la presse a l'ecole Saint-Sebastien dans le 11e arrondissement. Il s'agit de << bien preparer et former nos equipes a anticiper le risque et a reagir >>, a precise Najat Vallaud-Belkacem. Selon le ministre de l'Interieur, << il n'y a pas de menace explicite sur les etablissements scolaires, il y a une menace generale sur l'Europe et il y a une menace generale sur la France et il y a des terroristes dont la propagande est concue de telle maniere, qu'elle peut conduire des individus, parfois desequilibres, a s'engager dans des actes (...) dangereux et meurtriers >>. L'ecole ou les ministres se sont rendus << n'est pas anodine >>, a souligne la ministre de l'Education, elle est << situee entre Charlie et le Bataclan >>, elle a << a plusieurs reprises connu les attentats terroristes >>. Les eleves avaient ainsi ete confines lors de l'attentat a Charlie en janvier 2015. Cette ecole a fait aussi l'objet de plusieurs travaux de securisation sous l'egide de la mairie de Paris, avant ou apres les attentats : installation de la loge du gardien face a la porte d'entree, mise en place d'un visiophone pour qu'il puisse controler l'identite des personnes qui veulent entrer, opacification des fenetres du rez-de-chaussee... << toutes ces choses que nous demandons a l'ensemble des etablissements scolaires avec les collectivites locales de bien vouloir faire >>, a precise Najat Vallaud-Belkacem. ", "theme": "societe"}