{"id_art": "69332956a01dd6eb6e3e46697a8f05e4", "title": "La Belgique, en lutte contre le terrorisme, reste menacee", "newspaper": "LePoint", "author": ["AFP"], "date_publi": "2016-06-19", "content": "La menace terroriste continue a planer sur la Belgique trois mois apres les attentats de Bruxelles, et l'inculpation samedi de trois hommes pour \"tentative d'assassinat\" demontre que si l'enquete se poursuit sans relache, les jihadistes restent eux aussi actifs sur le sol belge. A-t-on evite un nouvel attentat, apres ceux qui ont fait 32 morts et plus de 300 blesses a l'aeroport et dans le metro bruxellois le 22 mars, grace aux dizaines de perquisitions effectuees dans 16 communes belges dans la nuit de vendredi a samedi? Les autorites judiciaires et politiques ne l'ont pas affirme clairement, sans doute pour ne pas renforcer le sentiment d'insecurite, deja bien present et alors que les Belges se rassemblent dans des lieux publics pour suivre le parcours des Diables Rouges a l'Euro-2016. Mais plusieurs elements permettent de le penser. Tout d'abord, cette petite phrase, lachee samedi dans un communique par le parquet federal, qui coordonne la lutte antiterroriste: \"Les elements recueillis dans le cadre de l'instruction necessitaient d'intervenir immediatement\". L'ampleur des perquisitions ensuite: \"des dizaines\" d'operations, principalement dans a Bruxelles mais aussi en Flandre (nord) et en Wallonie (sud). Des centaines d'enqueteurs ont fouille des habitations, mais aussi 152 boxes de garage, procedant a l'interpellation d'une quarantaine de personnes, dont 12 ont ete entendues par un juge d'instruction antiterrorisme, qui a finalement decide d'en inculper trois et de les placer en detention provisoire. Selon des informations de la presse belge, non confirmees officiellement, les trois hommes, Samir C., Moustapha B. et Jawad B, sont des connaissances des freres Khalid et Ibrahim El Bakraoui et de Najim Laachraoui, les kamikazes qui se sont fait exploser le 22 mars a l'aeroport de Bruxelles-Zaventem et a la station de metro Maelbeek. Toujours selon des medias belges, les enqueteurs avaient acquis la conviction, sur la base d'ecoutes telephoniques, qu'une cellule s'appretait a commettre un attentat ce week-end, notamment a l'occasion du match Belgique-Irlande samedi apres-midi. Le parquet federal n'a donne aucun detail sur les cibles potentielles, mais le chef d'inculpation retenu contre les trois suspects laisse peu de doutes sur leurs intentions: \"tentative d'assassinat dans un contexte terroriste\" et \"participation aux activites d'un groupe terroriste\". Le spectaculaire coup de filet a-t-il pour autant permis de circonscrire la menace? Dans l'immediat, sans doute, puisque le match Belgique-Irlande (3-0), suivi par des milliers de supporters en Belgique sur des ecrans geant, s'est deroule sans incident. Mais de l'aveu meme du parquet, l'operation n'a pas atteint l'ensemble de ses objectifs, puisqu'\"aucune arme ni explosif\" n'ont jusqu'ici ete retrouves. Deux cellules etaient en fait visees, mais \"une seule a pu etre mise hors d'etat de nuire\", a explique un expert en terrorisme, Claude Moniquet, interroge par la chaine France 24. Le Premier ministre Charles Michel a assure samedi que la situation etait \"sous controle\". Le chef du gouvernement a aussi salue le \"travail gigantesque\" des enqueteurs, \"qui mettent tout en oeuvre pour demanteler les cellules terroristes qui ont de mauvaises intentions et pour tenter d'empecher les passages a l'acte\". L'Organe de coordination pour l'analyse de la menace terroriste (Ocam) n'a pas non plus rehausse samedi son niveau d'alerte, qui reste a 3 (menace \"possible et vraisemblable\"). - Pays honnis - Des messages qui se veulent rassurant, alors que la presse belge avait revele mercredi que les services de police du royaume avaient ete avertis que des combattants du groupe Etat islamique (EI) avaient recemment quitte la Syrie pour commettre des attentats en Belgique et en France. Pour la justice belge, il faut non seulement contenir les nouveaux risques, mais aussi poursuivre l'enquete sur les attentats du 22 mars. Vendredi, un huitieme homme a ete inculpe pour \"terrorisme\" dans ce dossier. Il s'agit de Yousef E. A., (Ali El Haddad Asufi, selon la presse), qui selon les medias locaux travaillait a l'aeroport de Bruxelles. Selon ces sources, c'etait un proche des freres El Bakraoui, a qui il aurait notamment indique que des vols partaient tous les mardis de Bruxelles pour les Etats-Unis, la Russie et Israel, trois pays honnis par l'organisation Etat islamique (EI). Quant a la Belgique, elle fait partie de la coalition qui lutte contre le groupe islamiste ultra-radical en Irak et, bientot, en Syrie. Les attentats du 22 mars, revendiques par l'EI, se sont produits un mardi. 19/06/2016 11:43:14 - Bruxelles (AFP) - (c) 2016 AFP ", "theme": "monde"}