{"id_art": "12d29012cfc27d6cb3496f7c73473a03", "title": "Les eurodeputes adoptent le PNR, nouvel outil anti-terroriste", "newspaper": "LePoint", "author": ["AFP"], "date_publi": "2016-04-14", "content": "Apres cinq ans de debats, le registre europeen des donnees des passagers aeriens, dit PNR, a enfin ete adopte jeudi par les eurodeputes, dotant l'UE d'un nouvel outil antiterroriste apres le choc des attentats de Paris et Bruxelles. Le PNR europeen (\"Passenger Name Record\" en anglais) doit permettre de mieux tracer les itineraires aeriens des terroristes potentiels, a partir d'informations que les compagnies aeriennes auront desormais l'obligation de transmettre aux Etats membres, lesquels pourront ensuite se les partager. \"En collectant, partageant et analysant les donnees PNR, nos agences de renseignements pourront deceler des types de comportements suspects a surveiller\", a fait valoir le rapporteur du texte au Parlement, le depute conservateur britannique Timothy Kirkhope. Mais il ne s'agit \"pas d'un remede miracle\", a-t-il prevenu, alors que des deputes europeens ont deplore que le partage entre Etats membres des informations recueillies restera dependant d'une bonne volonte dont ils n'ont pas toujours fait preuve en la matiere. Propose des 2011 par la Commission europeenne, le PNR europeen a donne lieu a des tractations laborieuses entre le Parlement et les Etats membres, les eurodeputes exigeant des garanties sur la protection de la confidentialite des donnees recueillies. Sous la forte pression de certains pays comme la France, un compromis politique avait ete trouve en decembre 2015, mais le vote definitif du texte au Parlement a ensuite pris du retard. Les groupes socialistes, liberaux et Verts demandaient qu'un autre texte, encadrant l'utilisation par la police et la justice des donnees personnelles, soit vote en meme temps, ce qui a ete le cas jeudi. - \"Outil precieux\" - \"Le PNR sera un outil precieux pour renforcer la securite des citoyens europeens en facilitant en amont le reperage des mouvements des terroristes jihadistes qui empruntent les transports aeriens\", s'est felicite jeudi le ministre francais de l'Interieur Bernard Cazeneuve dans un communique. \"Les atroces attaques terroristes a Paris le 13 novembre l'an dernier et a Bruxelles le 22 mars ont montre une fois de plus que l'Europe devait amplifier sa reponse commune pour combattre le terrorisme et le crime organise\", a reagi de son cote la Commission europeenne. La directive PNR, que les Etats membres ont deux ans pour transposer dans leurs legislations nationales, oblige les transporteurs aeriens a communiquer des donnees sur leurs passagers - comme leurs dates de voyages, itineraires ou coordonnees - aux Etats europeens concernes par un vol depuis ou vers un pays tiers. Les pays de l'UE se sont deja engages entre eux a elargir le champ aux vols intra-europeens et a inclure les vols charters. L'objectif est de permettre de detecter des individus qui n'ont pas ete soupconnes de terrorisme par le passe, mais dont l'analyse des donnees suggere qu'ils pourraient etre impliques dans de tels actes, et donc provoquer le declenchement d'une enquete. Il appartiendra ensuite aux Etats membres d'alerter d'autres pays, si necessaire. Ils pourront aussi demander des donnees PNR a d'autres, de leur propre initiative, dans le cadre d'une enquete. Ce nouvel outil ne se materialisera en effet pas par un fichier europeen partage, mais par l'instauration harmonisee de PNR nationaux (plusieurs pays en sont deja dotes, a l'instar du Royaume-Uni), avec un partage, si cela est juge necessaire, de certaines informations entres les pays de l'UE. Un amendement demandant que le partage d'informations entre pays soit \"automatique\", depose par le groupe des Liberaux et democrates europeens (ALDE), a ete rejete jeudi, malgre le soutien d'eurodeputes de plusieurs groupes. Toujours sur le front de l'antiterrorisme, dans l'enquete sur les attentats de Paris et de Bruxelles, la justice belge se penchait jeudi sur la question du maintien en detention de plusieurs inculpes, dont Mohamed Abrini et Osama Krayem, arretes vendredi dernier dans la capitale belge. Abrini, un Belgo-Marocain de 31 ans, deja implique dans les attentats de Paris, a reconnu etre le troisieme homme en compagnie des deux kamikazes qui se font exploser le 22 mars a l'aeroport de Bruxelles-Zaventem. 14/04/2016 20:48:47 - Strasbourg (AFP) - (c) 2016 AFP ", "theme": "societe"}