{"id_art": "c852e2578b95c5bc8a68c30cde97d1ca", "title": "La fabrique des terroristes", "newspaper": "LePoint", "author": ["Le Point.fr"], "date_publi": "2015-01-17", "content": " Une ancienne responsable d'association a croise la route des freres Kouachi quand ils etaient enfants, livres a eux-memes dans une misere totale. Temoignage. Il ne s'agit pas de faire pleurer dans les chaumieres sur les deux hommes cagoules qui ont fait irruption dans une salle de redaction et fait feu a l'arme automatique sur des journalistes et des dessinateurs. Mais s'interroger sur la fabrique du terrorisme est evidemment necessaire. Parce qu'on ne nait pas terroriste, mais qu'on le devient. Parce que les freres Kouachi sont nes en France et sont devenus \"fous de Dieu\" en France. On sait deja que Cherif Kouachi s'est radicalise au contact de la filiere des Buttes-Chaumont, un processus qui s'est poursuivi en prison. On sait aussi que Said, plus reserve que son plus jeune frere, s'est entraine au Yemen avec al-Qaida. Mais avant ? D'ou vient que ces jeunes gens se soient rapproches de l'islam radical jusqu'a prendre les armes ? Reporterre, un journal ecologiste en ligne, a retrouve Evelyne, une femme qui les a croises dans leur enfance dans le 19e arrondissement de Paris. Elle decrit l'immense misere affective et sociale dans laquelle ont grandi les deux freres. Cela n'explique pas tout. Evidemment. Mais son temoignage vaut pourtant la peine d'etre lu. Evelyne est a l'origine dans les annees 90 de l'association Jeunes et locataires, qui s'est donne pour but de sortir des gamins du quartier de plus en plus ghettoise. Elle organise notamment une sortie a Eurodisney. C'est ainsi qu'elle a croise la route de Cherif, le plus turbulent des freres, qu'elle surveille, dit-elle, \"comme le lait sur le feu\" : \"On les emmenait au cinema, Cherif adorait y aller. [...] J'adorais cet enfant. Il suffisait qu'on le cajole, qu'on le prenne dans les bras, pour qu'il se calme. Moi, je l'ai trouve touchant, ebahi comme tous les autres par la bande a Mickey.\" Selon les temoignages recueillis par Reporterre, il n'y a pas de pere. Les freres appartiennent a une fratrie de cinq enfants. Deux d'entre eux ont ete places par les services sociaux, la mere isolee ne parvenant pas a subvenir a leurs besoins. Toujours selon le site, elle en vient a se prostituer. Jusqu'a ce que, un apres-midi, Cherif et Said rentrent chez eux et decouvrent leur mere morte d'un abus de medicaments. Suicide ? Orphelins, les deux enfants sont places en Correze dans un etablissement de la Fondation Claude Pompidou. C'est en regardant la television qu'Evelyne a reconnu Cherif. \"J'ai appele mon gendre, qui lui aussi a grandi dans le quartier. Il m'a bien confirme. J'ai pleure. Je me suis dit que je suis responsable. J'aurais du aider cette maman. On n'aurait jamais du emmener les enfants a Eurodisney. Avec cet argent-la, on aurait du aider cette maman. Cherif avait une dizaine d'annees, pas plus. Finalement, a n'avoir rien vu, nous avons tue cette mere et avons ete incapables de sauver ses enfants.\" Evelyne accuse le manque d'encadrement, la resignation des services sociaux debordes, le manque de moyens des associations : \"Je ne voudrais pas que vous pensiez que je le defends. Mais je veux dire, s'il avait eu une enfance heureuse, serait-il devenu un terroriste ?\" ", "theme": "societe"}