{"id_art": "3aa2167b06a56ce086eda86b84227b4b", "title": "La Libye ne servira pas de base au \"terrorisme\"", "newspaper": "LePoint", "author": ["Source AFP"], "date_publi": "2013-02-17", "content": " Le president de l'Assemblee nationale libyenne s'est exprime a Benghazi a l'occasion du 2e anniversaire de la revolution. Mohamed al-Megaryef a souligne dimanche la \"determination\" des autorites a empecher le pays de devenir \"une base pour le terrorisme\". Il s'est exprime devant quelques centaines de personnes sur la place Tahrir de Benghazi, qui fut le berceau de la revolution libyenne. Le president de l'Assemblee, la plus haute autorite du pays, s'est egalement adresse aux \"amis de la Libye qui l'ont soutenue durant la revolution\", en reference aux pays occidentaux et arabes ayant apporte leur soutien au soulevement populaire contre le regime de Muammar Kadhafi en 2011. Il a appele ces \"partenaires\" a encourager leurs entreprises a contribuer a la relance de l'economie et a la reconstruction de la Libye. M. Megaryef a souligne que le \"chaos securitaire coute enormement au pays\", en empechant notamment le retour des societes etrangeres qui ont quitte la Libye pendant la revolution. Il a promis d'accelerer la redaction d'une Constitution ainsi que les reformes dans les domaines de la justice et de la reconciliation nationale. \"Nous comprenons le mecontentement de la population dans certaines regions, en particulier dans la ville de Benghazi\", a-t-il dit, ajoutant que ces regions ont ete marginalisees sous l'ancien regime.\"Nous vous promettons que nous allons inciter le gouvernement a prendre les mesures necessaires pour mettre fin a cette marginalisation et ameliorer le niveau de vie des habitants\", a-t-il precise. L'ambiance festive a Benghazi n'a pas empeche des manifestants de critiquer, depuis vendredi, les nouvelles autorites, appelant \"a corriger le processus de la revolution\" et reclamant plus de decentralisation du pouvoir. Plusieurs groupes et organisations de la societe civile, dont des partisans du federalisme dans l'est du pays, ont cependant decide de reporter leurs mouvements de protestation, initialement prevus a partir du 15 fevrier, par crainte de violences. Benghazi a connu une serie d'attaques contre des interets occidentaux, des postes de police et des assassinats de responsables de la securite ou d'anciens rebelles et est devenue un repere pour les groupes djihadistes. Quatre Americains, dont l'ambassadeur Chris Stevens, y ont ete tues lors de l'attaque du consulat par des groupes lourdement armes le 11 septembre 2012. ", "theme": "monde"}