{"id_art": "b7e050f36c6d86d7f7e2fb7c6be4810b", "title": "Canada: deux personnes arretees pour \"terrorisme\"", "newspaper": "LePoint", "author": [""], "date_publi": "2010-08-25", "content": "Deux personnes soupconnees d'\"actes de terrorisme\" ont ete arretees a Ottawa, a annonce mercredi la police federale canadienne, precisant que d'autres arrestations etaient a prevoir. Les deux suspects, arretes vers huit heures du matin mercredi, feront face a des accusations de terrorisme aux termes du code criminel canadien, selon la police. Ce sont des accusations \"tres tres graves\", a affirme a l'AFP Stephane Turgeon, porte-parole de la Gendarmerie royale du Canada (GRC), ajoutant que ce genre d'accusation est rare au Canada, meme s'il y \"a eu des cas dans le passe, comme le Groupe des 18 a Toronto\" qui voulait notamment faire sauter la bourse de Toronto. Selon les autorites, le groupe terroriste, demantele par les services de securite, avait l'intention de commettre plusieurs importants attentats a l'explosif, contre la bourse de Toronto, une centrale nucleaire et une base militaire. La GRC doit divulguer de plus amples informations jeudi, lors d'une conference de presse. La television publique CBC a indique, citant des source policieres, que le complot actuel avait ete devoile a l'etape de preparation. ", "theme": "monde"}