{"id_art": "31e0068ca0e2040c83274da84967ec2e", "title": "Hollande : \"Des actes terroristes\" ont ete dejoues \"cette semaine\"", "newspaper": "LePoint", "author": ["Source AFP"], "date_publi": "2015-07-15", "content": " Alors qu'il est actuellement en deplacement a Marseille, le chef de l'Etat a assure que des attaques terroristes auraient pu se produire cette semaine. Le president Francois Hollande a declare mercredi que << des actes terroristes >> avaient ete dejoues << cette semaine >> en France, en marge d'un deplacement a Marseille avec le president mexicain Enrique Pena Nieto. << Cette semaine, nous avons egalement prevenu des actes terroristes qui auraient pu etre produits. Le ministre de l'Interieur [Bernard Cazeneuve] fera une communication demain a cet effet >>, a declare le chef de l'Etat, qui etait interroge sur les explosions sur le site petrochimique proche de l'etang de Berre (Bouches-du-Rhone). A propos de ces explosions, il a promis que l'Etat ferait << tout pour connaitre les circonstances de ce qui s'est produit >> et que << les auteurs >> seraient << pourchasses, retrouves et condamnes >>. A l'occasion de l'interview du 14 Juillet, Francois Hollande avait deja reaffirme sa volonte de lutter contre la menace terroriste. << Les Francais ne doivent pas avoir peur >>, avait lance le chef de l'Etat. << La question du renseignement est majeure. Je n'ose pas dire tous les jours, mais toutes les semaines nous prevenons des actes terroristes >>, avait-il ensuite ajoute. ", "theme": "societe"}