{"id_art": "d9113b34cde2c59e3c4e708667895efc", "title": "Terrorisme : 448 adresses internet bloquees ou dereferencees depuis 2015", "newspaper": "LePoint", "author": [" Marc Leplongeon"], "date_publi": "2016-04-29", "content": " En deplacement a Lyon pour le forum Technology Against Crime (TAC), le ministre de l'Interieur s'est felicite du travail des forces de l'ordre. Depuis des mois, on sait les services du ministere de l'Interieur particulierement actifs dans la lutte contre la propagande de l'EI et dans l'elaboration d'un contre-discours a destination des jeunes. Annonce en 2015, un plan de 108 millions d'euros investis sur trois ans devrait permettre de moderniser les outils et moyens mis a la disposition de nos forces de l'ordre. C'est deja le cas, assure Bernard Cazeneuve. Soixante mille equipements de mobilite operationnelle seront deployes sur l'ensemble d'ici a la fin 2017, a-t-il promis. Il s'agit d'un systeme permettant aux policiers et gendarmes d'acceder de maniere securisee au reseau informatique de la securite interieure, directement depuis leurs terminaux mobiles. Reste pour le moment a l'etat d'experimentation, ce projet est donc generalise. Le but est que les autorites puissent acceder beaucoup plus rapidement a des informations sensibles qui leur permettraient de mieux apprehender des individus juges dangereux. Face au terrorisme, il faut << continuer a faire preuve d'une vigilance et d'un engagement de tout instant >>, la France et l'Europe etant des << cibles prioritaires >>, a lance le ministre de l'Interieur. << En 2016, la menace sera au moins aussi elevee >>, ajoute le premier flic de France, qui compte nouer des partenariats strategiques avec les entreprises fournissant des services contre le terrorisme et le crime organise. Elles seraient 2 000 en France, selon des chiffres fournis par la Place Beauvau. << Plus que jamais, a conclu le president de Lyon Metropole Gerard Collomb, il faut travailler ensemble entre acteurs publics et representants des entreprises privees. (...) Il est fini, le temps ou chaque acteur, chaque Etat, pouvait assurer seul sa securite >>. Bernard Cazeneuve a egalement affirme que 448 adresses internet ont fait l'objet d'une << mesure de blocage administratif ou ont ete dereferencees pour avoir diffuse de la propagande djihadiste >>. Une nette augmentation justifiee par la vague d'attentats en France et en Belgique. En janvier 2016, le ministre avait ainsi indique que 283 sites internet avaient ete bloques en 2015. Un travail de prevention qui << respecte les libertes >>, selon Bernard Cazeneuve, mais qui reste tres critique car il ne passe pas par l'aval d'un juge judiciaire. En 2015, la plateforme de signalement en ligne de contenus illicites Pharos avait recu 32 000 avertissements concernant de la propagande terroriste sur les sites et reseaux sociaux. ", "theme": "high-tech-internet"}