{"id_art": "b368f15eea2b98d72bb85a44f6884a37", "title": "Omar Diaby est un \"terroriste international\", selon les Etats-Unis", "newspaper": "LePoint", "author": ["Source AFP"], "date_publi": "2016-09-16", "content": " Le Franco-Senegalais est accuse de jouer un role crucial dans le depart de jeunes Francais au djihad. Il aurait aide 50 d'entre eux a passer en Syrie. Pou les Etats-Unis, le Franco-Senegalais Omar Diaby est un << terroriste international >>. Celui qui est considere comme un important recruteur de candidats au djihad en Syrie par les services francais du renseignement est devenu desormais particulierement recherche par les forces americaines qui le soupconnent d'etre toujours en vie, malgre les informations transmises par sa famille. Sa designation comme << terroriste international >> s'accompagne de sanctions economiques americaines Le militant du Front al-Nosra, qui se fait aussi appeler Fateh al-Cham apres avoir renonce a son rattachement a Al-Qaida fin juillet, est connu egalement sous le nom d'Omar Omsen. Selon les Americains, il a mene un groupe de 50 volontaires francais vers la Syrie pour combattre dans les rangs d'al-Nosra. << Bien qu'il ait ete considere comme mort en aout 2015, il a refait surface en mai 2016, affirmant que (l'annonce de) son deces etait un stratageme pour qu'il puisse se rendre en Turquie pour une intervention chirurgicale >>, a releve le departement d'Etat. << Diaby avait attire l'attention des services francais de renseignement a cause de son implication avec un groupe extremiste francais et de ses videos de propagande sur Internet >>, a-t-il poursuivi, soulignant que ces videos << sont considerees comme la principale raison pour laquelle autant de ressortissants francais ont rejoint les groupes combattants en Syrie et en Irak >>. Les parents de cet homme de 40 ans, originaire de Nice, avaient annonce sa mort l'an dernier, mais il est reapparu en mai dernier, dans une interview par Skype pour l'emission Complement d'enquete de France 2. Le journaliste Romain Boutilly etait entre en contact avec lui, d'abord via des proches, puis les reseaux sociaux. Il avait ensuite envoye dans son camp en Syrie, dans la region de Lattaquie, un cameraman syrien pour parler avec ce commandant d'une katiba (cellule) d'une trentaine de jeunes Francais, la plupart originaires comme lui de la region de Nice. En mars, le nom de cette figure du djihadisme francais avait deja ressurgi lors de l'arrestation en region parisienne d'un homme soupconne de vouloir mener des << projets d'actions violentes >> en France. Ancien delinquant franco-senegalais, devenu un imam radical autoproclame a Nice, Diaby a rejoint la Syrie en 2013. Considere comme un proche de Forsane Alizza, un groupuscule islamiste dissous en 2012 par le gouvernement francais, il affirmait se battre pour le Front al-Nosra. Il n'a pas ete accuse d'avoir des liens directs avec les attentats commis en France, mais il a apporte son soutien a posteriori a l'attaque contre le journal satirique Charlie Hebdo en janvier 2015 a Paris. ", "theme": "societe"}