{"id_art": "8fd8410a061e7b3af902090b36021ad2", "title": "JO-2016: terrorisme, le flair du RAID a Rio", "newspaper": "LePoint", "author": ["AFP"], "date_publi": "2016-05-25", "content": "\"Quand on s'entrainait, on entendait des tirs de la favela d'a cote\", confient deux membres du RAID francais venus a Rio de Janeiro apporter leur savoir-faire a l'anti-terrorisme bresilien en vue des JO, dans une ville plus habituee a la violence des narco-trafiquants. Quentin D. et Christophe B., bases a Paris, achevent une mission de quinze jours aupres de la Brigade d'intervention canine (BAC) de Rio, une section de la Police militaire, afin de lui apporter leur experience dans la securisation preventive et la detection d'explosifs. Les echanges nourris de tirs entre trafiquants et militaires sont frequents dans les favelas de Rio. La criminalite liee au trafic de drogue represente l'une des douze menaces listees par les autorites en vue des JO (5-21 aout). Le Bresil n'a jamais eu a deplorer d'acte de terrorisme sur son sol mais, avec la recente vague d'attentats djihadistes dans le monde, le risque terroriste est devenu le principal. La menace etait montee d'un cran lorsque, trois jours apres les attentats de novembre qui ont fait 130 morts a Paris et Saint-Denis, le Francais Maxime Hauchard, considere comme l'un des bourreaux de l'organisation Etat islamique (EI), a tweete cette menace, ensuite effacee: \"Bresil, vous etes notre prochaine cible\". Ce mercredi matin, les deux membres du RAID supervisent un exercice dans l'aeroport international de la \"Ville merveilleuse\", qui consiste a securiser un espace avant le passage d'une personnalite. - 'Chiens efficaces' - Pendant les Jeux, \"on evaluera les besoins de securisation preventive selon la localisation de la personnalite et les forces de l'ordre qui s'en chargeront\", precise Daniel Puga, premier lieutenant du Commandement des operations speciales. Devant les medias, les militaires bresiliens inspectent d'abord les lieux, examinant les recoins a la lampe de poche. Ils y amenent ensuite deux chiens policiers, qui flairent le terrain et les chariots porte-bagage. Ils tombent en arret devant une porte, derriere laquelle etait placee un paquet asperge d'odeur d'explosif. Mission accomplie. \"La BAC de Rio ne connaissait pas ce type d'approche\", releve Christophe B. \"On a voulu transmettre nos savoirs et nos experiences dans un echange de methodologies\". \"On ne va pas entrer dans les details\": les informations devoilees a la presse seront limitees, sur les methodes elles-memes comme sur leur eventuelle actualisation apres les attentats de 2015 en France. Les forces de l'ordre bresiliennes sont habituees a la lutte a grande echelle contre le trafic de drogue, dont les gangs mettent sous coupe reglee des favelas entieres, a Rio comme ailleurs dans le pays. Mais flairer des explosifs est une nouveaute pour leurs chiens recemment entraines. \"Ca reste une recherche olfactive\", soutient Quentin D. \"Les chiens bresiliens sont aussi efficaces que les chiens francais, quand on voit le nombre de saisies de drogue qu'ils font\". D'ailleurs, parmi les deux chiens bresiliens qui ont fait l'exercice a l'aeroport, se trouvait Chefe, fils d'une legende carioca: le labrador Boss, aujourd'hui a la retraite, multipliait les decouvertes de drogue il y a quelques annees, au point d'avoir eu sa tete mise a prix par des malfaiteurs en 2012. - 'Guerilla urbaine' - Christophe B. et Quentin D. estiment en tout cas les forces d'elite de la Police militaire tout a fait \"operationnelles\". \"Ils sont confrontes a une sorte de terrorisme dans les favelas\", disent a l'AFP les deux Francais, une fois micros et cameras coupes. \"La BAC est en-dessous, la favela au-dessus. Ce n'est pas une position ideale. Quand on s'entrainait, on entendait des tirs de la favela d'a cote\". \"Au Bresil, les militaires ont une culture de prevention naturelle, poursuivent-ils. Ici, c'est la guerre! Ils ont donc des methodes de guerilla urbaine. Ils sont tres bons\". Quelque 85.000 membres des forces de securite -47.000 policiers et 38.000 militaires- seront mobilises pour assurer la securite des 10.500 athletes mais aussi des officiels, journalistes et touristes du monde entier attendus a Rio pour les Jeux (5-21 aout). C'est le double qu'a ceux de Londres en 2012. 25/05/2016 21:57:39 - Rio de Janeiro (AFP) - (c) 2016 AFP ", "theme": "sport"}