{"id_art": "a3120f49ad351759d03f3df5d7524abd", "title": "20 ans de prison requis contre Salah Abdeslam", "newspaper": "LePoint", "author": [" Le Point.fr (avec AFP)"], "date_publi": "2018-02-04", "content": " VIDEOS. Membre presume du commando terroriste du 13 novembre 2015, il comparait a Bruxelles pour sa participation a une fusillade avec des policiers en 2016. Une peine de vingt ans de prison, assortie d'une periode de surete des deux tiers, a ete requise contre Salah Abdeslam et son complice Sofien Ayari. Il s'agit de la peine maximale prevue devant le tribunal correctionnel pour tentative de meurtre de policiers, a precise la representante du parquet federal Kathleen Grosjean. Se murant dans le silence, le dernier survivant des attentats du 13 Novembre avait refuse de repondre aux questions sur les faits reproches. << Mon silence ne fait pas de moi un criminel, c'est ma defense >>, avait-il declare un peu plus tot dans la journee, entoure de deux policiers encagoules. << C'est en mon Seigneur que je place ma confiance en Allah. [...] Ce que je constate, c'est que les musulmans sont juges et traites de la pire des manieres. >> Son proces, qui aurait du initialement se derouler en decembre 2017, s'est ouvert ce lundi dans un climat particulierement tendu. << Maintenant il y a des preuves dans cette affaire, des preuves tangibles, scientifiques, j'aimerais que ce soit sur ca qu'on se base et qu'on ne se base pas, qu'on n'agisse pas pour satisfaire l'opinion publique >>, a poursuivi Salah Abdeslam. L'audience a ete suspendue le temps de la pause du midi a la suite de la demande de l'avocat de Salah Abdeslam, maitre Sven Mary. Ce dernier voulant s'entretenir seul a seul avec son client. L'audience devrait reprendre aux alentours de 13 h 30. Interpelle le 18 mars 2016 apres quatre mois d'une cavale consecutive a sa participation presumee aux attentats du 13 novembre 2015 a Paris et a Saint-Denis, Abdeslam comparait pour la premiere fois publiquement pour une fusillade avec les forces de l'ordre a Bruxelles le 15 mars 2016, trois jours avant sa capture. Trois policiers avaient ete blesses et un djihadiste algerien de 35 ans, Mohamed Belkaid, tue en faisant face aux policiers pour couvrir la fuite d'Abdeslam et d'un complice, Sofiane Ayari, un Tunisien de 24 ans, qui sera juge avec lui. Une empreinte ADN du survivant des commandos du 13 novembre avait ete decouverte dans la planque. L'echange de tirs, puis la fuite d'Abdeslam et d'Ayari avaient precipite la fin de sa cavale. Les deux djihadistes avaient ete interpelles trois jours plus tard, le 18 mars, a Molenbeek. Une arrestation consideree par les enqueteurs comme l'element declencheur des attentats du 22 mars, quand trois kamikazes se sont fait exploser a l'aeroport et dans le metro de la capitale belge. Detenu a la prison de Fleury-Merogis en region parisienne, d'ou il a ete extrait en fin de nuit escorte par des unites d'elite, Salah Abdeslam est arrive en veste blanche au palais de justice de Bruxelles environ quatre heures plus tard. Ce proces en correctionnelle n'est qu'un preambule a celui qui aura lieu en France pour les attentats qui y ont fait 130 morts. Mais il est tres attendu pour savoir si le petit delinquant devenu << ennemi public numero un >> sortira du mutisme qu'il observe face aux enqueteurs francais. << Le droit au silence est un droit important et au moment ou je vous parle il n'y a rien qui indique quelle sera la position de l'interesse >>, a declare devant la presse, peu avant l'ouverture des debats, le president du tribunal Luc Hennart. << Il faut que ca reste un proces ordinaire. S'il y a le moindre probleme, je fais evacuer la salle >>, a-t-il aussi averti. Salah Abdeslam ne souhaite aucune image de lui par les medias a son proces a Bruxelles. Ce proces est tres attendu pour evaluer a quel point Salah Abdeslam est pret a collaborer avec la justice, alors qu'il est reste mutique devant les enqueteurs tout au long de ses vingt et un mois d'incarceration en France. Age aujourd'hui de 28 ans, ce Francais d'origine marocaine qui a grandi a Molenbeek, quartier de Bruxelles ou il s'est radicalise, s'est retrouve au coeur d'une cellule djihadiste impliquee dans au moins trois dossiers terroristes majeurs. Les attentats de novembre 2015 a Paris (130 morts), ceux du 22 mars 2016 a Bruxelles (32 morts) et l'attaque avortee dans le train Thalys Amsterdam-Paris en aout 2015 relevent << peut-etre d'une unique operation >> de l'organisation Etat islamique (EI), selon le parquet federal belge. A ce proces, Salah Abdeslam et Sofiane Ayari doivent repondre de << tentative d'assassinat sur plusieurs policiers >> et << port d'armes prohibees >>, le tout << dans un contexte terroriste >>. Ils encourent jusqu'a 40 ans de prison. Le proces doit durer jusqu'a vendredi, avec relache le mercredi 7 fevrier, dans un palais de justice equipe d'un dispositif de securite exceptionnel. Lire aussi : Salah Abdeslam : << Lettre pour ma mere >> Un dispositif de securite hors norme etait en place, lundi, dans et autour du palais de justice de Bruxelles, un helicoptere survolant l'imposant batiment du XIXe siecle avec un projecteur. Des vehicules blindes de la police et de l'armee etaient positionnes a proximite et l'on pouvait voir des militaires armes et cagoules. Des dizaines de journalistes specialement accredites faisaient la queue des les premieres heures de la matinee. La detention et le transport de Salah Abdeslam pendant toute la duree de ce proces font egalement l'objet de grandes precautions. Incarcere un temps dans le quartier de haute securite de la prison de Bruges (Nord-Ouest), Abdeslam avait ete transfere fin avril 2016 a Fleury-Merogis, en region parisienne, ou il a toujours ete maintenu a l'isolement, sous videosurveillance 24 heures sur 24. Pendant le proces, il sera heberge seul dans une aile en cours de reamenagement d'une prison du nord de la France, a Vendin-le-Vieil. Il fera quotidiennement le trajet de 150 kilometres vers Bruxelles, soit par la route, soit par les airs en helicoptere, escorte par des unites d'elite, du GIGN francais et de la police judiciaire federale belge alternativement. ", "theme": "justice"}