{"id_art": "795c3a51a7cb4053efefae6f01bc2a18", "title": "Le Qatar se dit victime d'une campagne l'accusant de soutien au \"terrorisme\"", "newspaper": "LePoint", "author": ["AFP"], "date_publi": "2017-05-20", "content": "Le Qatar s'est dit samedi victime d'une campagne calomnieuse de certains medias qui l'ont accuse de \"soutien\" au terrorisme, des allegations qualifiees de \"mensongeres\" par Doha. Dans un communique publie par le service de communication du gouvernement, l'emirat du Golfe affirme avoir ete deliberement cible avant la tournee du president americain Donald Trump dans la region, qui a debute samedi. \"A la veille de la visite de M. Trump au Moyen-Orient, un plan orchestre par des organisations anti-Qatar dans diverses publications (...) a pretendu que le Qatar voyait avec sympathie, ou neutralite, les actions de groupes terroristes au Moyen-Orient \", deplore le communique. \"C'est absolument faux\", retorque-t-il, assurant que toute \"allegation selon laquelle le Qatar soutient le terrorisme est un mensonge\". Le communique ne cite aucun exemple d'articles ni d'\"organisations anti-Qatar\" auxquels ils fait reference mais assure que les responsables de cette campagne pourraient etre demasques. Doha a longtemps fait l'objet d'accusations selon lesquelles il parraine le terrorisme. L'emirat a ete critique pour son soutien aux groupes rebelles qui se battent contre le president syrien Bachar al-Assad, et des Qataris ont ete sanctionnes par le Tresor americain pour des activites de financement du terrorisme. Le pays, qui accueillera la Coupe du monde de football 2022, est membre de la coalition internationale commandee par Washington qui combat le groupe jihadiste Etat islamique. 20/05/2017 17:54:10 - Doha (AFP) - (c) 2017 AFP ", "theme": "monde"}