{"id_art": "df2bf77d69a4cc9d45cd0064da56b9d5", "title": "Attentat de Nice : le pere du terroriste presume temoigne", "newspaper": "LePoint", "author": ["Source AFP"], "date_publi": "2016-07-15", "content": " \"De 2002 a 2004, il a fait une depression nerveuse. Il devenait colerique\", affirme son pere, qui ne lui connait aucun lien avec la religion. Vingt-quatre heures apres la tuerie qui a endeuille la ville de Nice, le portrait de l'auteur des faits se dessine de facon plus precise. Il avait fait une depression au debut des annees 2000 et n'avait pas de lien avec la religion, a affirme a l'Agence France-Presse son pere en Tunisie. << De 2002 a 2004, il a eu des problemes qui ont provoque une depression nerveuse. Il devenait colerique, il criait, il cassait tout ce qu'il trouvait devant lui >>, a declare Mohamed Mondher Lahouaiej Bouhlel devant son domicile dans la ville de Msaken, dans l'est de la Tunisie. Il raconte que la famille avait alors emmene Mohamed Lahouaiej Bouhlel chez le medecin, qui lui avait prescrit des medicaments pour lutter contre ses crises nerveuses. Il a decrit un homme << toujours seul, toujours deprime >> et qui ne voulait pas parler. Cheveux blancs et visage tendu, le pere de l'auteur du massacre du 14 juillet a affirme que sa famille en Tunisie n'avait pratiquement plus eu de contacts avec lui apres son depart en France. Il n'a pas pu indiquer a quelle date son fils etait parti vivre dans ce pays. << Quand il est parti en France, nous ne savions plus rien de lui >>, a-t-il insiste. Selon lui, son fils n'avait << aucun lien avec la religion >>. << Il ne faisait pas la priere, il ne jeunait pas, il buvait de l'alcool, il se droguait meme >>, a-t-il raconte. << Nous sommes aussi choques >> par ce qui est arrive, a ajoute le pere de l'auteur de la tuerie de Nice. Ne le 31 janvier 1985 a Msaken dans la banlieue de Sousse (Tunisie), Mohamed Lahouaiej Bouhlel avait epouse une Nicoise franco-tunisienne et etait pere de trois enfants, dont un bebe. Son pere a indique que l'homme << n'etait pas en bons termes >> avec son ex-femme. ", "theme": "societe"}