{"id_art": "b16887b8441f502f322920f44343f913", "title": "Canada: Trudeau denonce un \"attentat terroriste\" a Edmonton, cinq blesses", "newspaper": "LePoint", "author": ["AFP"], "date_publi": "2017-10-01", "content": "Le Premier ministre canadien Justin Trudeau a denonce dimanche un \"attentat terroriste\" a Edmonton (ouest) ou un homme a agresse a l'arme blanche un policier avant de renverser et de blesser quatre pietons avec une camionnette. Le gouvernement est solidaire d'Edmonton \"a la suite de l'attentat terroriste (...) qui a force l'hospitalisation d'un policier et blesse d'autres personnes innocentes\", a declare Justin Trudeau tout en se disant \"extremement preoccupe et indigne par cette tragedie\". \"Le terrorisme n'a pas sa place en Alberta (...), la haine et l'extremisme\" non plus, a declare dimanche la chef du gouvernement de la province de l'ouest canadien, Rachel Notley. Le fait que des voitures aient deja ete utilisees a plusieurs reprises pour commettre des attentats ces derniers mois dans le monde et un drapeau de l'organisation Etat islamique (EI) retrouve dans la voiture du suspect ont notamment conduit la police a ouvrir une enquete pour \"acte de terrorisme\". Tout a commence samedi vers 20h15 locale (02H15 GMT dimanche) aux abords du stade de la capitale de l'Alberta ou se deroulait un match de football canadien. Un homme a bord d'une automobile roulant a vive allure a percute une barriere metallique puis projete un policier a cinq metres de hauteur, selon la police. Les images d'une camera de surveillance routiere, diffusees par la police d'Edmonton dimanche, temoignent de la violence du choc et du sang-froid du conducteur. Apres le choc, l'homme sort de son vehicule, en fait le tour pour venir porter au moins deux coups de couteau au policier a terre, avant de prendre la fuite a pied. Un peu avant minuit, la police qui a dresse differents barrages routiers dans cette ville de 800.000 habitants, controle une camionnette de demenagement ou le conducteur est identifie comme le proprietaire de la voiture impliquee dans l'agression du policier pres du stade. Une course poursuite est alors engagee, avec plus d'une dizaine de voitures de police. Dans sa fuite \"a plus de 80 km/h\" dans Edmonton, la camionnette heurte volontairement une premiere fois deux pietons, a raconte un temoin au journal local. \"J'ai vu des gens s'enfuir\" completement paniques, a raconte Kim Andresson, sous le choc, a l'Edmonton Journal. \"Le suspect a deliberement tente de heurter des pietons dans les passages reserves ou sur les trottoirs\" en laissant quatre blesses a deux endroits differents, a confirme Rod Knecht, chef de la police d'Edmonton lors d'une conference de presse televisee. Dans sa course folle, le conducteur perd le controle de la camionnette qui se renverse. Rapidement, des policiers extraient le conducteur \"par le pare-brise casse\" et le menottent, a temoigne Pat Hannigan. \"La police d'Edmonton a interpelle et place en garde a vue un homme (...) responsable de ces actes de violence\", a declare le chef de la police. \"Nous pensons que c'est un individu qui a agi seul, bien que l'enquete en soit a son tout debut\", a-t-il indique, en demandant aux \"habitants d'Edmonton d'etre vigilants et de surveiller\" tout mouvement suspect. Pour le maire d'Edmonton, Don Iverson, l'attaque est celle \"d'un loup solitaire\". \"Le terrorisme vise a creer la panique et a perturber la vie des gens\", a-t-il souligne lors d'une conference de presse en assurant que ses concitoyens \"vont s'elever au-dessus de la haine et des divisions de la tragedie\". \"Nous ne pouvons pas laisser, et nous ne laisserons pas, l'extremisme violent prendre racine\" parmi les populations, a assure Justin Trudeau. Cet incident rappelle les modes operatoires d'attaques jihadistes dans plusieurs capitales europeennes, comme a Barcelone, Londres, Nice, Berlin ou Stockholm, ou des elements radicaux a bord de vehicules ont fauche mortellement des pietons. Au Quebec, en octobre 2014, un Canadien avait renverse avec son vehicule deux militaires sur un parking, dont un avait ete tue. L'homme avait ensuite ete abattu par des policiers alors qu'il cherchait a les attaquer avec un couteau. Cette attaque avait ete perpetree deux jours avant la tuerie au Parlement a Ottawa ou un jeune de 23 ans avait ete tue apres avoir tire mortellement sur un soldat. En mars 2016, un Canadien se reclamant de l'islamisme radical avait agresse deux militaires dans un centre de recrutement a Toronto. 01/10/2017 20:31:01 - Montreal (AFP) - (c) 2017 AFP ", "theme": "monde"}