{"id_art": "0fba3861ec1f96415b579ae4e0bfe6e1", "title": "Terrorisme : une soeur de Fabien Clain mise en examen", "newspaper": "LePoint", "author": ["Source AFP"], "date_publi": "2016-09-24", "content": " Anne Clain, 41 ans, a ete ecrouee par un juge antiterroriste a Paris. Elle avait ete arretee avec son mari et leurs enfants a l'aeroport de Roissy. Anne Clain est la soeur de la << voix de Daech >>, Fabien Clain. Elle avait ete arretee mardi avec son mari et leurs enfants a l'aeroport de Roissy en provenance de Turquie, apres etre partis en Syrie. Elle vient d'etre mise en examen samedi a Paris et ecrouee, soupconnee d'avoir voulu rejoindre les rangs du groupe Etat islamique en Syrie, a-t-on appris de source judiciaire. A l'issue de quatre jours de garde a vue, Anne Clain, 41 ans, a ete mise en examen par un juge antiterroriste du chef d'association de malfaiteurs terroriste criminelle et placee en detention provisoire, conformement aux requisitions du parquet de Paris. Son second mari, Mohammed Amri, de nationalite tunisienne, et vise par un mandat d'arret, a deja ete mis en examen jeudi pour association de malfaiteurs terroriste criminelle et ecroue. Le couple avait ete arrete avec l'aine de leurs enfants, 16 ans, par la Direction generale de la securite interieure (DGSI). Leurs trois autres enfants ont fait l'objet d'une mesure de placement, d'apres la source judiciaire. Selon des sources policieres et judiciaires et les premiers elements d'enquete, cette famille etait partie en Syrie avec des << velleites >> de se rendre << sur le theatre des operations >> en aout 2015. Interpelles par les autorites turques, en juillet 2016, a la frontiere turco-syrienne, ils etaient depuis places en retention en Turquie. Le couple et leurs quatre enfants ont ete achemines vers la France, sous escorte, mardi soir. Anne Clain, son mari et leur aine ont ete interpelles a leur descente d'avion pour etre interroges a la DGSI, a Levallois-Perret (Hauts-de-Seine). Fabien Clain, 37 ans, est la voix du message sonore du groupe Etat islamique revendiquant les attentats du 13 novembre a Paris et Saint-Denis. Son frere Jean-Michel a ete identifie comme le chanteur de l'enregistrement. Veterans du djihad, ils sont dans le viseur des services antiterroristes depuis des annees et se trouvent probablement en Syrie, selon les enqueteurs. Mohammed Amri, le mari de Mme Clain, n'a rien a voir avec son homonyme belgo-marocain soupconne d'avoir aide dans sa cavale le suspect-cle des attentats de novembre a Paris, Salah Abdeslam, qui est ecroue en France depuis juillet 2016, ont aussi precise les sources. Ces interpellations s'inscrivent dans l'enquete ouverte en 2015 sur le depart de Fabien Clain et d'autres djihadistes vers la zone irako-syrienne. ", "theme": "societe"}