{"id_art": "d2baab2f61cf798d183aa5471080fc0c", "title": "Explosion a Bruxelles : une \"attaque terroriste\", selon le parquet", "newspaper": "LePoint", "author": ["Source AFP"], "date_publi": "2017-06-20", "content": " VIDEO. Une explosion a eu lieu dans la gare de Bruxelles-Central mardi soir, sans faire de victimes. L'assaillant a ete \"neutralise\" par des soldats belges. Mardi soir, un individu a ete << neutralise >> par des soldats belges apres l'explosion de son bagage dans la gare de Bruxelles-Central, qui n'a pas fait de blesse. L'explosion est << consideree comme une attaque terroriste >> a fait savoir dans la soiree le parquet federal. Selon un temoin, l'auteur a crie << Allah Akbar >> juste avant l'explosion, qui a cause un fort souffle, d'apres la police. << Les militaires l'ont neutralise avec des coups de feu >> vers 20 h 50 (18 h 50 GMT), a explique un porte-parole de la police belge, Peter De Waele. << On ne sait pas s'il est mort ou pas >>, a indique une porte-parole de la police locale a la chaine de television belge RTL. Vers 22 h 30 (20 h 30 GMT), le suspect etait toujours au sol, immobile, et le service de deminage verifiait la presence eventuelle d'explosifs sur lui, selon les informations transmises par le parquet federal, charge des affaires de terrorisme et qui a pris la main sur l'enquete, a l'agence Belga. Incident #garecentrale #Bruxelles. Services de secours sont sur place. Suivre les canaux officiels des autorites pour plus d'information La gare a ete bouclee par les forces de l'ordre et evacuee, ce qui a provoque un << reel mouvement de panique >>, selon un porte-parole d'Infrabel, le gestionnaire du reseau ferroviaire belge. << Des gens traversaient des voies >>, a-t-il ajoute. Tout le trafic ferroviaire a ete interrompu. La << petite explosion >>, selon les termes utilises par la police, semble etre provenue d'une valise, selon un temoin. Des photos de temoins sur les reseaux sociaux montraient une gerbe de feu de plusieurs metres dans les couloirs de la gare, apparemment peu frequentes. << A l'entresol, quelqu'un criait. J'ai pas prete attention. Puis il a crie Allah Akbar. Et la il a fait exploser le trolley (valise a roulettes, NDLR) >>, a declare Nicolas Van Herrewegen, temoin direct de la scene, agent de triage de la Societe nationale des chemins de fer belges (SNCB). << C'etait pas vraiment une grande explosion, mais l'impact etait pas mal. Autour a deux trois metres les gens sont partis en courant >>, a temoigne l'agent de triage. Le parquet federal devait donner une conference de presse dans la soiree. La situation etait << sous controle >> dans la gare, qui se trouve en plein centre de Bruxelles et a quelques encablures de la fameuse Grand-Place de la capitale belge, a precise le Centre de crise belge sur Twitter. Toutes les rues autour etaient bloquees par de nombreux vehicules de police et militaires armes, a constate un journaliste de l'AFP. Des policiers en arme avec gilet pare-balles etaient postes. Cet incident survient dans un contexte de multiplication des attaques terroristes djihadistes en Europe ces derniers mois, en particulier au Royaume-Uni et en France. Lundi apres-midi, un homme fiche pour son appartenance a la << mouvance islamiste radicale >> a tente de percuter volontairement avec sa voiture un fourgon de gendarmerie sur les Champs-Elysees a Paris, a quelques centaines de metres de l'endroit ou un policier avait ete tue par un djihadiste il y a deux mois. Apres avoir ete extrait du vehicule par les forces de l'ordre, l'assaillant a succombe peu apres d'un << arret cardio-respiratoire >>, probablement cause par << un effet de souffle >> et par << l'inhalation de fumees >>, a-t-on appris mardi de source proche du dossier. Bruxelles avait ete touchee le 22 mars 2016 par des attentats revendiques par l'organisation Etat islamique (EI). Des djihadistes s'etaient fait exploser dans le metro et a l'aeroport de Bruxelles, faisant 32 morts. L'enquete avait montre qu'ils appartenaient a la meme cellule que celle qui a frappe Paris le 13 novembre 2015, faisant 130 morts. ", "theme": "europe"}