{"id_art": "d9e838886f65c720b3434b40a31893da", "title": "Terrorisme : les armees sur le pied de guerre", "newspaper": "LePoint", "author": [" Jean Guisnel"], "date_publi": "2015-01-11", "content": " La mise en place de militaires autour des lieux de culte est inedite. La defense se mobilise pour une crise sans precedent. Jean-Yves Le Drian a decide d'annuler son deplacement prevu lundi 12 janvier a Pau dans les forces speciales. Il est retenu a Paris par les reunions de crise qui se succedent. Il avait prevu de se rendre au 4e regiment d'helicoptere des forces speciales de Pau (Pyrenees-Atlantiques) pour marquer son appui aux militaires conduisant actuellement des operations antiterroristes en Afrique saharo-sahelienne et voler a bord d'un helicoptere de combat Tigre. Le ministre devait egalement inaugurer le quartier-chef de bataillon Damien-Boiteux, du nom du premier soldat tue dans l'operation Serval au... Deja abonne ? Pas encore abonne ? Consultez notre dossier : La France face au terrorisme ", "theme": "editos-du-point/jean-guisnel"}