{"id_art": "645a43ae904e2bdf4319fb68f31d4af1", "title": "Terrorisme : Roissy et Nice, premiers aeroports a tester le PNR", "newspaper": "LePoint", "author": ["Source AFP"], "date_publi": "2016-05-21", "content": " Il s'agit de detecter les profils a risque chez les voyageurs. Cette premiere phase de test ne devrait concerner que 40 % du trafic. Le registre des donnees de passagers aeriens, dit PNR (Passenger Name Record, en anglais), a pour objectif de detecter les profils a risque chez les voyageurs et sera teste fin mai aux aeroports de Roissy et de Nice, a indique samedi un responsable du ministere de l'Interieur, confirmant une information du Figaro. L'experimentation se deroulera tout d'abord dans ces deux aeroports, et sera etendue a l'ensemble du territoire d'ici a la fin de l'annee. Le but est d'avoir un systeme pleinement operationnel fin 2016, selon le responsable. L'idee est de << raccorder peu a peu toutes les compagnies aeriennes >> operant depuis les aeroports francais, a-t-il ajoute. Une unite interministerielle est dediee a cette operation. Cette phase initiale de test ne concernerait que 40 % du trafic, selon Le Figaro, qui cite parmi les huit premieres compagnies participantes Air France, Delta Airlines, Air Transat, Etihad, Emirates, une compagnie marocaine et une autre europeenne de taille moyenne. Cette experimentation intervient quelques semaines apres l'adoption du PNR europeen par les eurodeputes. Le PNR europeen (<< Passenger Name Record >> en anglais) doit permettre de reperer des terroristes potentiels, a partir d'informations que les compagnies aeriennes auront desormais l'obligation de transmettre aux autorites. Coordonnees, bagages, itineraires des vols, moyens de paiement : les donnees PNR sont toutes les informations que fournissent les passagers aux transporteurs aeriens lorsqu'ils effectuent une reservation ou lorsqu'ils s'enregistrent pour un vol. La directive votee a la mi-avril au Parlement europeen, qui devra etre transposee dans les deux ans dans les Etats membres, imposera aux transporteurs aeriens d'envoyer ces donnees aux pays europeens a partir desquels ou vers lesquels ils proposent des vols internationaux. Ils se partageront ensuite les informations recueillies, quand ils le jugeront necessaire. Tous les pays de l'Union europeenne sont concernes, sauf le Danemark. Certains deputes europeens ont regrette que l'echange des informations soit laisse a l'appreciation des Etats membres. ", "theme": "societe"}