{"id_art": "3041f0fbb0e18ef46ced2d874006d4c7", "title": "Attentat a Istanbul : la Turquie en proie a la surenchere terroriste", "newspaper": "LePoint", "author": ["De notre correspondant à Istanbul, Quentin Raverdy"], "date_publi": "2016-03-19", "content": " Un attentat-suicide a une nouvelle fois frappe le pays, dans une rue d'Istanbul prisee des touristes. La piste du groupe Etat islamique n'est pas ecartee. Six jours seulement apres l'attaque meurtriere (35 morts) dans le coeur d'Ankara, revendiquee par un groupe terroriste kurde, la Turquie est une nouvelle fois prise pour cible. Aux alentours de 11 heures samedi matin, a Istanbul, un kamikaze s'est fait exploser sur l'avenue Istiklal, artere pietonne tres prisee des touristes etrangers. Le bilan provisoire fait etat de 4 morts (3 Israeliens et 1 Iranien) et de plus d'une trentaine de blesses, parmi lesquels de nombreux etrangers. Dans les minutes qui ont suivi l'attaque, les abords de l'avenue pietonne ont ete entierement cadenasses par la police. Bon nombre de magasins ont baisse leurs rideaux et le centre-ville d'Istanbul a ete completement deserte. Tres vite apres l'attentat - et comme apres chaque attaque - des officiels turcs ont privilegie la piste kurde, pointant du doigt le Parti des travailleurs du Kurdistan (PKK), contre qui Ankara mene une violente lutte dans le sud-est du pays. La semaine derniere, un groupe terroriste kurde, les Faucons de la liberte du Kurdistan (TAK), avait revendique une attaque suicide dans le centre-ville d'Ankara. Selon les specialistes, les TAK ne seraient pourtant que le prete-nom du PKK. LIRE aussi Les Faucons de la liberte, ennemis publics numero 1 en Turquie Au fil de la journee, la presse turque s'est pourtant davantage focalisee sur la piste de l'Etat islamique. Une organisation djihadiste qui a deja frappe la Turquie a plusieurs reprises l'annee derniere, tuant notamment 103 personnes lors d'une manifestation pour la paix a Ankara, en octobre 2015. Plus recemment, en janvier dernier, un kamikaze - membre suppose de l'EI - avait egalement tue onze touristes allemands, au cours d'une attaque suicide dans le quartier touristique de Sultanahmet, au coeur d'Istanbul. Le media turc Karar, evoque le nom de Savas Yildiz, un jeune homme de 32 ans, originaire de Van (dans l'est de la Turquie), membre suppose de l'organisation Etat islamique, qui aurait ete reconnu sur les videos de l'attaque suicide ce samedi sur l'Istiklal. Un nom qui n'est pas inconnu des services de renseignements puisqu'en mai dernier, l'homme aurait attaque a la bombe deux locaux du parti pro-kurde HDP dans les villes d'Adana et de Mersin, rapporte Aaron Stein, chercheur au centre de reflexion americain Atlantic Council, interroge par Deutsche Welle. Cette nouvelle attaque visant une metropole turque - la cinquieme en cinq mois - renforce un peu plus l'extreme climat de tension qui regne deja dans le pays. Alors que dans le Sud-Est les combats entre membres du PKK et forces de securite se poursuivent pour un neuvieme mois consecutif, a l'Ouest, la peur des attentats est bien palpable. Depuis jeudi la Republique allemande a par exemple decide de fermer son ambassade a Ankara ainsi que son consulat et son lycee a Istanbul, par crainte d'une attaque. Une decision vivement critiquee par les medias pro-gouvernementaux turcs qui ont accuse Berlin de jouer avec les peurs de la population. Mais la menace semble pourtant bien reelle, estimait l'analyste en securite du think tank turc Tepav, Nihat Ali Ozcan qui pointait vendredi deja les lacunes dans les services de renseignements turcs. Et d'alerter : << Les jours a venir en Turquie seront de plus en plus dangereux, car les groupes terroristes ont percu les faiblesses de l'Etat et redoublent d'efforts en se lancant dans une competition de puissance. >> ", "theme": "monde"}