{"id_art": "01dddd55af330f99c8a07ce91d567b96", "title": "Zapping du \"Point\" : \"Notre vie privee est plus importante que nos craintes sur le terrorisme\"", "newspaper": "LePoint", "author": [" Le Point.fr"], "date_publi": "2016-07-29", "content": " VIDEO. L'application Telegram pointee du doigt, l'hommage au pere Jacques Hamel, et le dispositif israelien contre le terrorisme, c'est le Zapping du jour. Jeudi soir, plusieurs milliers de personnes ont rendu un hommage solennel au pere Jacques Hamel, dans la commune de Saint-Etienne-du-Rouvray, ou le pretre de 86 ans a ete assassine deux jours plus tot par un commando djihadiste. Environ 3 500 personnes, selon la prefecture de Seine-Maritime, ont assiste a la ceremonie rendue par la mairie dans un parc. << L'emotion intense en reaction a cet acte ignoble ne se tarira pas, ni ici ni au-dela >>, a lance le maire de la ville de 29 000 habitants, Hubert Wulfranc (PCF), tres emu a la tribune, un vaste podium noir. << Nous sommes au travail, Jacques Hamel, aussi longtemps qu'il le faudra pour etre les derniers a pleurer >>, a-t-il ajoute, avant d'etre longuement applaudi. L'Express s'est procure plusieurs fichiers audio enregistres par l'un des deux auteurs de l'attentat de Saint-Etienne-du-Rouvray. Durant les semaines precedant son passage a l'acte, Adel Kermiche s'est regulierement enregistre, et a diffuse des messages audio sur Internet, constituant une sorte de journal intime social de sa radicalisation. Ces documents ont ete diffuses a environ 200 personnes sur sa chaine privee de l'application chiffree Telegram. En Israel, les autorites, confrontees a une vague d'attaques par des Palestiniens isoles, disent avoir fait des progres dans l'identification de ces << loups solitaires >> avant qu'ils ne passent a l'acte. Un defi auquel sont maintenant confrontes d'autres pays occidentaux comme la France. Des responsables de l'Etat hebreu ont mis au point un systeme d'alerte combinant notamment la surveillance des reseaux sociaux et des techniques de renseignements classiques, ce qui a permis, selon eux, d'empecher ou de limiter certaines attaques. Aujourd'hui, Israel demande aux geants internet, comme Google ou Apple, de l'aider dans ses investigations. Pas sur que le message soit entendu. Pavel Durov, le co-createur de la fameuse application Telegram, que l'un des deux auteurs de l'attentat de Saint-Etienne-du-Rouvray utilisait, declarait en septembre 2015 que << le droit a la vie privee etait plus important que nos craintes sur le terrorisme >>. ", "theme": "zapping-du-point"}