{"id_art": "2bb3f077f9fabf9a24e24a58cfb643e9", "title": "Attentat terroriste de Barcelone : au moins 13 morts et plus de 100 blesses", "newspaper": "LePoint", "author": [" Le Point.fr"], "date_publi": "2017-08-17", "content": " L'enquete avance sur l'attaque a la voiture-belier en plein centre-ville de Barcelone. L'Etat islamique a revendique l'attentat. Ce qu'il faut retenir : - Une fourgonnette a fonce sur la foule sur les Ramblas, une artere de Barcelone tres frequentee par les touristes. Des photos diffusees sur les reseaux sociaux montrent le vehicule fortement abime par le choc ; - A 23 heures, la police catalane a indique que le bilan provisoire s'elevait a 13 morts et plus de 100 blesses. Elle precise que ce bilan pourrait s'alourdir dans les prochaines heures ; - Les autorites ont annonce qu'elles avaient arrete deux personnes, un Espagnol et un Marocain, en lien avec l'attentat. Le conducteur de la camionnette est, lui, toujours en fuite ; - L'attentat pourrait etre en lien avec l'explosion d'un logement qui avait fait un mort la nuit derniere a Alcanar, une commune situee a 200 kilometres au sud de Barcelone ; - Les chefs d'Etat du monde entier et les maires de grandes villes ont exprime leur solidarite. << Toutes mes pensees et la solidarite de la France pour les victimes de la tragique attaque a #Barcelone >>, a declare jeudi le president Emmanuel Macron sur Twitter. << Nous restons unis et determines >>, a ajoute le president de la Republique. La police catalane affirme ce soir que les deux suspects arretes, un Espagnol et un Marocain, sont bien en lien avec l'attentat, mais que le conducteur de la fourgonnette est, lui, toujours en fuite. Ils precisent qu'il n'existe aucune preuve que le chauffeur etait arme. Les autorites estiment egalement que l'attaque de ce jeudi apres-midi pourrait etre en lien avec l'explosion d'un logement qui avait fait un mort la nuit derniere a Alcanar, une commune situee a 200 kilometres au sud de Barcelone. The two detainees are related to the attack in #Barcelona, but they are not the driver of the van #MajorTrapero #barcelonaattack La police catalane annonce a 23 heures que l'attaque d'une fourgonnette sur les Ramblas ce jeudi apres-midi a fait treize morts et plus de 100 blesses. Les mossos d'esquadra previennent que ce bilan pourrait s'alourdir dans les prochaines heures. En estos momentos podemos confirmar 13 victimas mortales y mas de 100 heridosEsta cifra puede subir en proximas horas@interiorcat Des chefs d'Etat de nombreux pays au monde politique francais, en passant par des sportifs celebres, nombreux ont ete ceux qui ont partage leur emotion ce jeudi soir et exprime leur soutien aux victimes de l'attentat de Barcelone. LIRE >> Attentat de Barcelone : le monde entier dit sa solidarite Une minute de silence sera observee avant le debut des matches de la premiere journee de la Liga, vendredi, en hommage aux victimes de l'attentat perpetre jeudi a Barcelone. Tous les clubs de la Ligue de premiere et seconde division \"rendront hommage aux victimes et a leurs proches\", selon un communique des instances professionnelles. Auparavant, le FC Barcelone avait annonce que ses joueurs porteraient \"un brassard noir lors de toutes les rencontres\" programmees en fin de semaine. C'est avec le coeur noue apres l'attaque de notre ville que nous transmettons toutes nos pensees aux victimes et a leurs proches a Barcelone Deux policiers ont ete renverses jeudi dans la soiree par un vehicule lors d'un controle a la sortie de Barcelone, a indique la police regionale de Catalogne, sans que l'on sache si l'incident etait lie a l'attentat qui a frappe la ville. \"Leur vie n'est pas en danger\", a declare une porte-parole des mossos d'esquadra, ajoutant que des agents avaient tire en direction du vehicule pour tenter de l'arreter. Le vehicule a ensuite ete localise a Sant Just Desvern, commune voisine de Barcelone, et un dispositif de deminage a ete active, a-t-elle precise, ajoutant que les policiers ne savaient pas si le conducteur se trouvait dans le vehicule ni si celui-ci contenait des explosifs. Sacha, un Parisien de 27 ans, etait en vacances a Barcelone depuis lundi avec sa compagne. Il a assiste a l'attentat. \"J'etais Porta Ferrissa, a 50 metres des Ramblas, en train de faire du leche-vitrine, quand j'ai vu debouler une camionnette blanche, type Iveco, avec trois hommes a son bord. Un au volant et deux dans le fourgon. Ils ont chevauche la rue semi-pietonne a vive allure. C'est d'un acces difficile pour les voitures a ce niveau.\" \"J'ai vu les pietons en panique. On est tous partis a contresens de la camionnette. Tout est alle tres vite. Ma copine que j'ai eue sur son portable est a l'heure actuelle enfermee avec une dizaine de personnes dans une pharmacie, a quelques metres d'ou le vehicule s'est encastre. Elle me dit qu'elle a tout vu, elle est choquee. Ils attendent les consignes. On leur a donne a boire. Les helicopteres, et surtout les ambulances, affluent.\" Temoignage recueilli par notre journaliste Aziz Zemouri Le president russe Vladimir Poutine a appele la communaute internationale a \"unir ses efforts\" pour une lutte \"sans compromis contre les forces du terrorisme\", jeudi. \"Ce qui s'est passe confirme une fois de plus la necessite d'une unification veritable des efforts de toute la communaute mondiale dans une lutte sans compromis contre les forces du terrorisme\", a declare Vladimir Poutine dans un telegramme de condoleances au roi d'Espagne Felipe VI, qualifiant l'attaque de \"crime cruel et cynique\". Une personne de nationalite belge a ete tuee dans l'attaque terroriste, a annonce dans la soiree le ministre belge des Affaires etrangeres Didier Reynders sur son compte Twitter. Il a ensuite precise a plusieurs medias belges qu'il s'agissait d'une femme. \"Nous devons malheureusement deplorer une victime belge a #Barcelone. J'adresse mes condoleances a sa famille et a ses proches\", a tweete Didier Reynders. Le groupe djihadiste Etat islamique (EI) a revendique l'attentat qui a fait au moins 13 morts jeudi a Barcelone dans un communique diffuse par son agence de propagande Amaq et relaye par le centre americain de surveillance des sites djihadistes, Site. \"Les assaillants de l'attaque de Barcelone etaient des soldats de l'Etat islamique\", indique le communique, ajoutant que \"l'operation a ete menee en reponse aux appels a cibler les Etats de la coalition\" internationale anti-djihadiste operant en Syrie et en Irak. #Barcelone la formule est classique \"ont repondu favorablement aux apl a viser les pays de la coalition\" Le maire de Barcelone a annonce ce jeudi soir qu'une minute de silence serait respectee en memoire des victimes vendredi sur la principale place de Barcelone, \"afin de montrer que nous n'avons pas peur\". BREAKING: Barcelona's mayor: Minute of silence to be held Friday in main square 'to show that we are not scared' after van attack. Le president de la region Catalogne, Carles Puigdemont, a annonce pendant une conference de presse que la police avait procede a une deuxieme arrestation en lien avec l'attentat de Barcelone. Un suspect arrete apres l'attaque a la camionnette qui a fait au moins 13 morts et 50 blesses a Barcelone jeudi a ete identifie, selon le principal syndicat de police espagnol. Il s'agit de Driss Oukabir, a affirme un porte-parole du Syndicat unifie de policiers (SUP). Un homme portant ce nom avait poste sur sa page Facebook, consultee par l'AFP avant qu'elle ne devienne inaccessible vers 21 heures, des photos le montrant sur la plage, d'autres devant un miroir, et une image du drapeau berbere, peuple present notamment au Maroc et en Algerie. Le pape Francois a fait part jeudi de sa \"grande preoccupation\" et de sa proximite avec le peuple espagnol apres l'attentat qui a fait au moins 13 morts a Barcelone. \"Le pape prie pour les victimes de cet attentat et desire exprimer sa proximite avec tout le peuple espagnol, en particulier les blesses et les familles des victimes\", a annonce dans un communique le porte-parole du Vatican, Greg Burke. ", "theme": "europe"}