{"id_art": "79ef0bd0aa1a4652cd64546ead5fd613", "title": "Bruxelles: le president du Conseil europeen condamne \"les attaques terroristes\"", "newspaper": "LePoint", "author": ["AFP"], "date_publi": "2016-03-22", "content": "Le president du Conseil europeen Donald Tusk a fait part de son \"horreur\" apres les \"attentats terroristes\" qui ont fait au moins 21 morts et des dizaines de blesses mardi matin a l'aeroport international de Bruxelles et dans le metro de la capitale belge. \"Ces attaques marquent un nouveau niveau de bassesse par les terroristes au service de la haine et de la violence\", a deplore M. Tusk dans une communique. Un des attentats a vise la station de metro de Maelbeek, a quelques centaines de metres des batiments des institutions europeennes a Bruxelles. La chef de la diplomatie europeenne Federica Mogherini a deplore un \"jour tres triste pour l'Europe\" apres les attaques de Bruxelles qui ont fait au moins 21 morts, lors d'une conference de presse mardi a Amman. Le president du Conseil europeen condamne \"les attaques terroristes\" a Bruxelles C'est \"un jour tres triste pour l'Europe, au moment ou l'Europe et sa capitale souffrent de la meme douleur que cette region (du Moyen-Orient) a connue et connait chaque jour\", a declare Mme Mogherini, emue aux larmes, aux cotes du ministre jordanien des Affaires etrangeres Nasser Judeh. 22/03/2016 11:38:33 - Amman (AFP) - (c) 2016 AFP ", "theme": "monde"}