{"id_art": "b1a06cc2161c565dd6eb0d2bf5c332e8", "title": "Terrorisme : Bernard Cazeneuve defend Taubira", "newspaper": "LePoint", "author": ["Source AFP"], "date_publi": "2016-01-12", "content": " Le ministre de l'Interieur a attaque ceux qui manient \"la contre-verite\" sur le sujet, rappelant le demantelement de 18 filieres de recrutement djihadiste. La mise en cause de la garde des Sceaux Christiane Taubira est << injuste >>, selon le ministere de l'Interieur Bernard Cazeneuve, qui s'est emporte mardi contre ceux qui << manient la contre-verite >> sur la lutte antiterroriste. << Le sujet de la lutte contre le terrorisme merite beaucoup mieux que les contre-verites et les mises en cause injustes de ministres qui, comme la garde des Sceaux, donnent le meilleur d'eux-memes et prennent les decisions qui doivent etre prises >>, a affirme, furieux, Bernard Cazeneuve. Il repondait a l'Assemblee nationale a une question du depute LR d'Eure-et-Loir Olivier Marleix adressee initialement a Christiane Taubira sur le traitement judiciaire des 250 djihadistes de retour de Syrie et d'Irak en France. Sur 250 djihadistes, << il y a eu 232 interpellations, 168 incarcerations, 60 controles judiciaires >>, a-t-il detaille, apres avoir remercie, le ton grincant, pour la << chaleur de leur accueil >> les deputes qui l'avaient hue a son arrivee au pupitre. << Sur la question de la lutte contre le terrorisme, le ministere de la Justice et le ministere de l'Interieur, comme en temoigne l'excellence des relations entre le parquet antiterroriste et les services de police, agissent de concert >>, a-t-il ajoute. Par ailleurs, il a affirme que 18 filieres de recrutement djihadiste avaient ete demantelees en 2015 et 11 attentats dejoues, dont 6 entre le printemps et la fin 2015. Un peu plus tot dans la journee, il s'en etait pris a ceux qui critiquent << sans analyse >> des << failles >> du renseignement francais dans la lutte antiterroriste. Le ministre a evoque des critiques et articles sur les << failles >> dans la protection de victimes ou la surveillance des djihadistes ayant frappe la France, un an apres les attentats contre Charlie Hebdo et l'Hyper Cacher. Cela est fait, selon lui, << sans la moindre analyse >>. Rien n'est dit, a-t-il ajoute, sur les efforts faits par la France, dans le << controle aux frontieres >> ou pour ameliorer au niveau europeen l'espace Schengen et la lutte contre la fraude aux papiers d'identite. Il s'exprimait a l'occasion de l'inauguration, en compagnie de la maire de Paris Anne Hidalgo, d'un immeuble de bureaux pres de la place de la Nation, ou sont desormais regroupees 11 directions de l'Interieur, dont la police aux frontieres (PAF) et la << police des polices >> (IGPN). Depuis les attentats de Paris de janvier et novembre 2015, le gouvernement a essuye de nombreuses critiques sur les defaillances des services de securite. La droite et le Front national accusent l'executif d'avoir tarde a reagir a la menace terroriste. Ces critiques ont ete relancees a l'occasion des commemorations des attentats de janvier organisees la semaine derniere. ", "theme": "politique"}