{"id_art": "bbc7a2faea6e786b4a33049ec75650fa", "title": "Al-Qaida toujours aussi resistant, l'EI s'affaiblit", "newspaper": "LePoint", "author": ["Source AFP"], "date_publi": "2018-02-08", "content": " << Les groupes lies a Al-Qaida restent les principales menaces terroristes dans certaines regions comme la Somalie et le Yemen >>, note l'ONU. Le rapport ne rassure pas. Le reseau mondial d'Al-Qaida reste << remarquablement resistant >> et plus dangereux dans certaines regions que le groupe Etat islamique (EI), ont conclu des observateurs de l'ONU dans un rapport consulte par l'AFP mercredi. Ce rapport envoye au Conseil de securite explique ainsi que Al-Qaida dans la peninsule arabique (Aqpa), base au Yemen, sert de centre de communication pour l'ensemble du groupe djihadiste. << Les groupes lies a Al-Qaida restent les principales menaces terroristes dans certaines regions comme la Somalie et le Yemen >>, developpe le document. Lire aussi Al-Qaida livre ses secrets En Afrique de l'Ouest ou dans le sud de l'Asie, les groupes affilies a Al-Qaida sont d'autant plus dangereux que les combattants affilies a l'EI << ne sont pour l'instant pas en capacite de parvenir a une position dominante >>. << Les Etats membres estiment possible que les dirigeants de l'EI en Libye se deplacent dans d'autres zones de conflits en Afrique de l'Ouest et dans le Sahel >>, ajoute le rapport. Enfin, toujours selon cette meme source onusienne, certains groupes affilies a l'EI et a Al-Qaida pourraient s'apporter un soutien mutuel dans certaines regions, ce qui pourrait representer une nouvelle menace. ", "theme": "monde"}