{"id_art": "6f4031faa7563278eeb0d1ebf70132a7", "title": "Marseille : un ex-interne en medecine soupconne d'apologie du terrorisme", "newspaper": "LePoint", "author": ["Source AFP"], "date_publi": "2016-12-29", "content": " Cet homme de 29 ans est aussi soupconne d'avoir voulu rejoindre la zone de combat irako-syrienne. Il a ete mis en examen et ecroue. Un ex-interne de l'hopital de la Timone a Marseille, expulse de Turquie le 25 decembre, a ete mis en examen et ecroue jeudi soir, soupconne d'apologie du terrorisme et d'avoir voulu se rendre dans la zone irako-syrienne, a-t-on appris de source judiciaire. Amine L., qui se faisait surnommer \"Albistouri\" ou \"Elbistouri\" sur Internet, a ete mis en examen pour \"association de malfaiteurs en relation avec une entreprise terroriste criminelle\" et place en detention provisoire conformement aux requisitions du parquet de Paris, a precise la source. Age de 29 ans, il avait ete presente a un juge antiterroriste jeudi dans la journee apres avoir passe quatre jours en garde a vue dans les locaux de la Sous-direction antiterroriste (SDAT), a Levallois-Perret (Hauts-de-Seine). L'ancien interne, qui travaillait depuis trois ans dans les services hospitaliers marseillais et avait effectue un stage en orthopedie a la Timone de mars a octobre, s'est radicalise au contact de certains membres de la mouvance radicale, a precise une source proche de l'enquete. Le jeune homme consultait regulierement des sites djihadistes et menacait sur Twitter de commettre des attentats, ce qui lui avait valu d'etre signale a plusieurs reprises en 2015 aux autorites par des internautes sur la plateforme Pharos, mise en place pour denoncer des contenus illicites sur les reseaux sociaux. Amine L. s'est rendu en Turquie en octobre, ou il a ete interpelle quelques jours avant Noel. Les enqueteurs pensent qu'il souhaitait rejoindre la zone de combat irako-syrienne. ", "theme": "justice"}