{"id_art": "307193debc5efe422c2d50765edfe59c", "title": "Terrorisme - \"Un projet de loi liberticide\", selon Patrick Devedjian", "newspaper": "LePoint", "author": ["Propos recueillis par Marc Leplongeon"], "date_publi": "2016-03-03", "content": " VIDEO. Contrairement a son parti, le depute LR des Hauts-de-Seine, ancien proche de Nicolas Sarkozy, s'oppose au projet de loi Urvoas contre le terrorisme. A l'Assemblee nationale, Patrick Devedjian ferraille et ne lache rien. Non, l'elu de droite ne sera pas le porte-drapeau du tout securitaire prone par son parti politique. Pendant que les Republicains, emmenes par Eric Ciotti, cherchent a muscler le projet de loi Urvoas juge trop laxiste, Devedjian s'oppose a chaque mesure qu'il juge << liberticide >>. Retenue administrative de 4 heures, affaiblissement du juge judiciaire, Etat omnipresent et de plus en plus intrusif... << Je ne suis pas un liberal hemiplegique ! >> s'emporte Devedjian. Entretien. ... Deja abonne ? Pas encore abonne ? ", "theme": "politique"}