{"id_art": "0066b3f9e41d398321d4ee3ddd35e887", "title": "Terrorisme : l'Elysee consacre sa matinee a la securite interieure", "newspaper": "LePoint", "author": ["Source AFP"], "date_publi": "2015-01-12", "content": " Confronte a la menace de nouveaux attentats, Francois Hollande reunit autour de lui Manuel Valls, Bernard Cazeneuve et Christiane Taubira. Une reunion au sommet consacree a la securite interieure doit avoir lieu lundi matin a l'Elysee, au lendemain d'une mobilisation historique a Paris et dans toute la France contre le terrorisme islamiste qui a endeuille le pays. Confronte a une menace plus presente que jamais de nouveaux attentats, le president Francois Hollande reunit autour de lui le Premier ministre Manuel Valls, les ministres de l'Interieur, Bernard Cazeneuve, et de la Justice, Christiane Taubira, ainsi que les responsables des services de securite. \"La France n'en a pas termine avec les menaces\", avait averti vendredi le president francais, alors que le gouvernement a reconnu \"des failles\" dans la securite du pays engage sur plusieurs theatres d'operations contre les mouvements djihadistes. Dimanche, pour expurger entre larmes et sourires la souffrance d'une folle semaine de violence, une maree humaine record, plus de 3,7 millions de personnes, a communie en province comme dans les rues d'un Paris en etat de siege, marchant avec Francois Hollande et des dirigeants etrangers. Au moins 3,7 millions de manifestants dans la France entiere, dont 1,2 a 1,6 million a Paris selon le ministere de l'Interieur - des \"Charlie\", des \"musulmans\", des \"juifs\" et des \"policiers\", reference aux 17 morts des attentats a Charlie Hebdo et dans une superette casher - ont defile, sans aucun incident, pour dire leur refus du terrorisme islamiste qui a frappe trois jours durant au coeur de la capitale. Cette marche etait concue initialement comme un hommage aux victimes des trois djihadistes revendiques, dont les irreverencieux dessinateurs de Charlie Hebdo massacres mercredi, une jeune policiere municipale tuee jeudi et quatre juifs assassines dans une superette casher vendredi. Elle a finalement ete inedite par sa dimension planetaire et l'image stupefiante de dirigeants etrangers defilant bras dessus dessous sur quelques centaines de metres : Francois Hollande entoure du Malien Ibrahim Boubacar Keita et de la chanceliere Angela Merkel, le president palestinien Mahmoud Abbas a quelques metres du Premier ministre israelien Benyamin Netanyahou, le Britannique David Cameron, le roi de Jordanie, l'Italien Matteo Renzi... Applaudis par la foule a leur arrivee a la marche, les dignitaires etrangers ont observe une minute de silence avant de quitter le defile et de retourner a l'Elysee, siege de la presidence francaise. Francois Hollande a longuement salue les familles et proches des victimes, qui etaient en tete du cortege. Il a ensuite rendu visite a la famille d'Ahmed Merabet, le policier musulman froidement abattu mercredi apres l'attaque contre le journal Charlie Hebdo. \"Paris est aujourd'hui la capitale du monde. Le pays tout entier va se lever vers ce qu'il a de meilleur\", avait declare le president francais peu avant de rejoindre les manifestants brandissant des slogans tels que \"Faites l'humour pas la guerre\", \"Paris stand up for freedom\". \"Je suis Charlie, je suis juif, je suis policier\". Ce slogan resumait l'hommage rendu aux 17 victimes des attaques. Sur la place de la Republique, les manifestants agitaient des drapeaux francais, mais aussi de Palestine, de Tunisie, d'Ukraine, du Liban, debattaient ou communiaient dans l'emotion et la solidarite. La manifestation a egalement donne lieu a des scenes inhabituelles : les forces de l'ordre ont ainsi ete chaleureusement applaudies et saluees tout au long du parcours. Mais certains n'ont pas manifeste, \"pour ne pas donner d'importance aux djihadistes\", pour \"denoncer la recuperation politique\", \"par peur\", ou parce qu'ils n'etaient pas d'accord avec la ligne irreverencieuse de Charlie Hebdo, qui avait publie a plusieurs reprises ces dernieres annees des caricatures du Prophete. C'est d'ailleurs \"la presence de caricatures blasphematoires\" dans la manifestation qui a conduit la delegation marocaine a refuser de participer a la marche. De nombreuses villes de province ont egalement connu une mobilisation inedite, comme a Lyon ou ont defile 300 000 personnes, soit l'equivalent du quart de l'agglomeration. Des manifestations de soutien ont aussi eu lieu dans de nombreuses capitales d'Europe et d'Amerique, a Madrid, Londres, Bruxelles, Berlin, Washington, Montreal... En soiree, Francois Hollande et Benjamin Netanyahou se sont rendus a la Grande Synagogue de Paris, ou ils ont ete ovationnes avant de participer a une ceremonie d'hommage aux victimes des attentats. Le Premier ministre israelien, qui avait irrite Paris en appelant les juifs de France a venir en Israel, a dit apprecier \"la position tres ferme\" de la France contre \"le nouvel antisemitisme\" et le terrorisme. Il a aussi remercie un employe musulman du supermarche qui a sauve des otages vendredi en les cachant. De leur cote, les enqueteurs progressaient dans leurs investigations concernant Amedy Coulibaly, l'un des trois djihadistes impliques dans les attaques qui ont secoue la France. Auteur de la prise d'otages du supermarche juif dans l'est de Paris (dont les quatre victimes juives seront inhumees en Israel) et du meurtre d'une policiere a Montrouge, dans la proche banlieue parisienne, Coulibaly est en outre soupconne de l'agression d'un joggeur mercredi, grievement blesse par balle. Dimanche matin, une conference internationale sur le terrorisme a eu lieu a Paris. Les ministres europeens et americain de l'Interieur ont appele a renforcer les controles des mouvements aux frontieres exterieures de l'Union europeenne. Un sommet pour combattre l'extremisme se tiendra le 18 fevrier aux Etats-Unis, a annonce le ministre americain de la Justice, Eric Holder. Avant d'etre tues par les commandos francais vendredi, les freres Cherif et Said Kouachi, responsables de la tuerie a Charlie Hebdo, ont affirme agir au nom d'al-Qaida tandis qu'Amedy Coulibaly s'est revendique du groupe Etat islamique. Eric Holder a toutefois estime dimanche qu'il n'y avait \"pas d'information credible\" attestant qu'al-Qaida ou que l'EI etait derriere les attentats. ", "theme": "societe"}