{"id_art": "b6e0767cbdbe73b0e13d7a8a92027c81", "title": "Londres: une exposition au coeur de la guerre contre le terrorisme", "newspaper": "LePoint", "author": ["AFP"], "date_publi": "2016-07-27", "content": "De la prison de Guantanamo a la Grande-Bretagne en passant par la Libye, une exposition consacree a la guerre contre le terrorisme s'ouvre jeudi au Musee imperial de la guerre de Londres. Intitulee \"War of Terror\" (\"Guerre de terreur\"), l'exposition du photographe britannique Edmund Clarke, ou se cotoient photographies, videos et croquis, est une plongee au coeur des mesures prises par les Etats pour proteger leur population contre la menace terroriste. L'exposition revient sur les transferements secrets de prisonniers orchestres par la CIA apres le 11 septembre 2001, la prison de Guantanamo ou encore le quotidien d'un homme assigne a residence en Grande-Bretagne. \"J'ai voulu utiliser autant de formes visuelles que possible. Mon but est de montrer que la guerre contre le terrorisme affecte non seulement la sphere geopolitique mais aussi la sphere personnelle\", a explique a l'AFP Edmund Clarke. \"Mon fil conducteur est la maniere dont le terrorisme affecte nos vies et la facon dont nous concevons la peur\", ajoute l'artiste, qui a commence a travailler sur ce sujet en photographiant d'anciens detenus de Guantanamo rentres en Grande-Bretagne. A travers son exposition, qui se tient jusqu'au 28 aout, l'artiste souhaite egalement montrer que, dans cette guerre contre le terrorisme, le banal se mele a l'extraordinaire, comme ces \"transferements secrets impliquant des lieux tres ordinaires\" tels que des hotels, des pavillons de banlieue ou des forets. 27/07/2016 20:32:43 - Londres (AFP) - (c) 2016 AFP ", "theme": "culture"}