{"id_art": "7c936f4d0605aaed0a437f67ff29c5f1", "title": "Lydia Guirous : \"Je ne trouve pas d'excuse sociale aux terroristes\"", "newspaper": "LePoint", "author": ["Source AFP"], "date_publi": "2015-12-04", "content": " La porte-parole du parti Les Republicains estime que le communautarisme islamique permet a des \"petites frappes\" de \"s'auto-envenimer\". Lydia Guirous, porte-parole du parti Les Republicains, a estime vendredi que le Premier ministre Manuel Valls \"se contredi(sai)t un petit peu\" dans ses propos sur les causes de la radicalisation des auteurs d'attentats. \"Manuel Valls apres Charlie avait parle de l'apartheid comme pour trouver une excuse aux terroristes Kouachi et Coulibaly et aujourd'hui, il nous dit qu'il n'y a pas d'excuses sociales a trouver aux terroristes, donc il se contredit un petit peu et je trouve cela effrayant pour un Premier ministre cense assurer la securite des Francais\", a estime Lydia Guirous interrogee sur RFI. \"Aucune excuse sociale, sociologique et culturelle\" ne doit etre cherchee au terrorisme apres les attentats de Paris, avait affirme Manuel Valls fin novembre car \"rien ne justifie\" en France de s'attaquer a ses compatriotes. Apres les attentats de janvier, l'executif avait en revanche declenche une reponse egalement societale, Manuel Valls denoncant alors un \"apartheid social, territorial et ethnique\" en France et dans ses banlieues. \"Je ne trouve pas d'excuses sociales aux terroristes : on peut etre ne dans un quartier, etre pauvre, avoir peu d'education et on n'a aucune excuse pour tomber dans le terrorisme\", a dit Lydia Guirous. Selon la porte-parole LR, le point commun entre les differents auteurs d'attentats est le \"communautarisme islamique\". Il \"permet a certains tares, degeneres, desoeuvres - souvent des petites frappes qui n'ont que la radicalisation pour se donner un statut social et une existence sociale - de s'auto-envenimer et creer un environnement propice a l'emulation dans la haine de l'autre et la haine de la France\", a-t-elle argumente. \"Pour lutter contre ce communautarisme islamique, il n'y a pas besoin de reinventer et de creer de nouvelles lois, il faut juste appliquer les principes de la Republique avec une forme de rigueur, de discipline\", a-t-elle dit. \"La Republique a depuis trop longtemps cede, la Republique a recule au nom d'une culpabilite post-coloniale\", a-t-elle ajoute. L'auteur de \"Allah est grand la Republique aussi\" a par ailleurs rappele les critiques dont elle avait fait l'objet lors de la parution de cet ouvrage fin 2014 : \"A l'epoque, on m'avait dit que j'etais anxiogene voire islamophobe parce que je pointais certaines derives.\" ", "theme": "politique"}