{"id_art": "aad4b607ce3d307ecef9331157808021", "title": "Terrorisme : Obama pour le retrait de Cuba de la liste noire americaine", "newspaper": "LePoint", "author": ["Source AFP"], "date_publi": "2015-04-14", "content": " Dans un rapport, le president a fait part de son \"intention de supprimer\" Cuba de la liste noire americaine des Etats soutenant le terrorisme. Le president des Etats-Unis Barack Obama souhaite retirer Cuba de la liste noire americaine des Etats soutenant le terrorisme, a annonce mardi la Maison-Blanche. Dans un rapport presente au Congres, le president americain a fait part de son \"intention de supprimer\" Cuba de cette liste, une etape essentielle dans la normalisation des relations entre les deux pays. \"Le gouvernement cubain n'a apporte aucun soutien au terrorisme international ces six derniers mois\", a fait remarquer le president dans sa note au Congres. Les elus ont maintenant 45 jours pour manifester leur opposition. Dick Durbin, numero deux des democrates du Senat, a appuye cette initiative. \"Bien que je ne sois pas un fervent soutien du regime de Castro, je continue a croire que l'ouverture de l'ile aux idees, au commerce et a l'elan americains est la maniere la plus efficace de voir un pays plus ouvert et plus tolerant\", a-t-il declare. Cuba figure depuis 1982 sur cette liste, aux cotes de la Syrie, du Soudan et de l'Iran. L'administration Reagan l'y avait placee pour son soutien aux separatistes basques de l'ETA et aux rebelles des Farc en Colombie. Si elle en etait retiree, l'ile pourrait de nouveau pretendre a l'ouverture d'une ambassade aux Etats-Unis ou encore l'acces au systeme bancaire americain. Cette initiative du president americain intervient trois jours apres une rencontre historique avec son homologue cubain Raul Castro a Panama, la premiere depuis que les deux pays ont rompu leurs relations diplomatiques en 1961. ", "theme": "monde"}