{"id_art": "3ffe776b3f635af8d11f26ed060b9d49", "title": "Terrorisme: 63% des Francais d'accord pour limiter les libertes", "newspaper": "LePoint", "author": [""], "date_publi": "2015-04-13", "content": "Quand il s'agit de lutter contre le terrorisme, plus de six Francais sur dix sont favorables a une limitation des libertes individuelles, revele un sondage CSA pour Atlantico publie lundi, premier jour de l'examen du projet de loi sur le Renseignement. Au total, 63% sont favorables a la limitation des libertes individuelles sur internet, notamment en surveillant les donnees de navigation des internautes, alors que 32% des sondes y sont opposes. Plus on est age et plus on accepte que les libertes soient rognees: pres de la moitie des 18-24 ans sont contre, alors que les 65 ans et plus y sont tres massivement favorables (76%). Les termes du projet de loi, qui sera presente par Manuel Valls lundi apres-midi dans l'hemicycle, ne sont pourtant pas encore bien percus par tous: plus des deux tiers des Francais en ont entendu parler (68%), mais moins d'un sur trois voit bien de quoi il s'agit (27%). Les mieux renseignes sont les retraites, les hommes et les sympathisants de gauche. Parmi les opposants au projet de loi, on trouve en particulier des cadres (54% trouvent qu'il va trop loin), et des sympathisants du Front de Fauche (55%). Les 18-24 ans sont partages: une premiere moitie estime qu'il s'agit d'un outil indispensable, quand l'autre juge qu'il va trop loin. Le dispositif automatique de surveillance des donnees de navigation des internautes est approuve par les deux tiers des Francais, en particulier par les plus ages et les sympathisants de droite. Au total, 77% des 65 ans et plus s'y disent favorable contre 52% des 18-24 ans. Au sein de la gauche, socialistes et sympathisants du Parti socialiste sont 68% a approuver une limitation des libertes individuelles sur internet alors que les sympathisants de la gauche (Front de gauche, Europe Ecologie Les Verts) sont plus mesures. Il y a toutefois systematiquement plus de sondes en faveur de ces mesures que le contraire. Enfin, les personnes interrogees qui se disent proches des idees du Front national se declarent en majorite tres favorables a une limitation des libertes individuelles sur internet (69%), meme si elles sont aussi les moins informees sur le sujet (32% declarent n'avoir pas entendu parler du projet de loi). Le sondage a ete realise sur internet entre le 8 et le 10 avril 2015 sur un echantillon national representatif de 997 personnes agees de 18 ans et plus. 13/04/2015 12:39:16 - Paris (AFP) - (c) 2015 AFP ", "theme": "societe"}