{"id_art": "f0bc191025683221843760e2cc5dd813", "title": "Attentats en Espagne: quatre suspects inculpes d'assassinats terroristes", "newspaper": "LePoint", "author": ["AFP"], "date_publi": "2017-08-22", "content": "Les quatre hommes presentes mardi a un juge en charge de l'enquete sur les attentats qui ont fait 15 morts jeudi et vendredi en Catalogne ont ete inculpes d'assassinats de nature terroriste, a-t-on appris de source judiciaire. Les quatre suspects sont mis en examen pour \"appartenance a une organisation terroriste, assassinats terroristes, possession d'explosifs\" notamment, a declare cette source. Le juge devait dans la soiree decider s'ils les place en detention. Le parquet a demande a ce que tous soient incarceres. 22/08/2017 18:34:38 - Madrid (AFP) - (c) 2017 AFP ", "theme": "monde"}