{"id_art": "1a4516b257431a873ed02febc29053c6", "title": "Attentats de Bruxelles: Mohamed Abrini inculpe d'\"assassinats terroristes\"", "newspaper": "LePoint", "author": ["AFP"], "date_publi": "2016-04-10", "content": "Mohamed Abrini, deja inculpe dans le dossier des attentats de Paris, a ete egalement inculpe d'\"assassinats terroristes\" dans le dossier des attaques du 22 mars a Bruxelles, a annonce dimanche le parquet federal belge. Le juge a retenu a son encontre les chefs de \"participation aux activites d'un groupe terroriste, d'assassinats terroristes et de tentatives d'assassinats terroristes\". Arrete vendredi, Abrini, qui etait recherche depuis novembre, a finalement reconnu etre le troisieme homme de l'aeroport de Bruxelles-Zaventem, qui avait quitte les lieux juste avant la double attaque suicide. 10/04/2016 10:35:49 - Bruxelles (AFP) - (c) 2016 AFP ", "theme": "societe"}