{"id_art": "c73e56c30c70c98cd0cd0b4d6faa1c03", "title": "Immigration, terrorisme: Philippe defend sa politique face aux \"belles ames\"", "newspaper": "LePoint", "author": ["AFP"], "date_publi": "2017-11-22", "content": "Le Premier ministre Edouard Philippe a dit mercredi \"assumer\" la politique de son gouvernement en matiere d'immigration et de lutte contre le terrorisme, faisant fi des critiques \"des belles ames\". \"Notre politique en matiere migratoire repose sur cette idee que nous devons faire beaucoup, et beaucoup mieux pour les demandeurs d'asile, et etre beaucoup plus efficaces pour ceux qui doivent etre reconduits a la frontiere. Et on n'est bon ni dans l'un, ni dans l'autre\", a estime le Premier ministre lors d'un entretien sur Mediapart. \"Ceux qui n'ont pas vocation a entrer doivent etre raccompagnes\", a-t-il developpe, en meme temps qu'\"il faut toujours veiller (que ceux qui entrent puissent) formuler une demande d'asile\". Interroge sur les ventes de migrants africains comme esclaves en Libye, le chef du gouvernement a decrit une situation \"evidemment revulsante\". \"La France n'a pas vocation a accueillir tous ceux qui voudraient partir d'Afrique. Je peux concevoir que certaines belles ames...\", a toutefois fait valoir Edouard Philippe, coupe par un journaliste, qui l'a alors interroge sur la connotation pejorative de cette expression, que le Premier ministre a reconnue. \"Parce que je ne suis pas sur que notre pays collectivement, que notre systeme francais puisse encaisser un choc de cette nature, d'une frontiere totalement ouverte\", a-t-il argumente. \"Notre politique consiste a dire que, partout dans le monde, il y a des gens dont la securite est remise en cause : quand ils sont effectivement menaces, nous ne devons jamais renoncer\" a les accueillir, a-t-il toutefois souligne, en affirmant que l'\"objectif est d'ameliorer notre capacite d'accueil\". Sur la question de la lutte contre le terrorisme, Edouard Philippe a dit \"parfaitement assumer\" les dispositions legislatives prises pour prendre le relais de l'etat d'urgence, malgre les nombreuses critiques, notamment des associations de defense des droits de l'Homme. \"L'Etat de droit, ca n'est pas donner aucun moyen pour se preserver ou se premunir contre ceux qui veritablement veulent nous faire du mal\", a justifie le chef du gouvernement qui a, a nouveau, affirme n'avoir \"jamais considere qu'(il) etait une belle ame\". \"La securite et la lutte contre le terrorisme, ca n'est pas une question de norme : une mesure juridique a elle seule ne peut pas etre une reponse\", a-t-il fait valoir. \"La securite, c'est des mesures juridiques, de moyens, une coordination du renseignement, des operations militaires a l'exterieur: c'est une ensemble de choses\", a-t-il ajoute, en estimant que \"focaliser sur une loi, c'est le petit bout de la lorgnette\". 22/11/2017 22:43:04 - Paris (AFP) - (c) 2017 AFP ", "theme": "politique"}