{"id_art": "e353f7e892bebe929d4a1dfcdd11eef0", "title": "EgyptAir, etat d'urgence : comment le risque terroriste a envahi nos vies", "newspaper": "LePoint", "author": ["Le Point.fr (avec AFP)"], "date_publi": "2016-05-20", "content": " La presse constate au lendemain du crash du vol Paris-Le Caire que le risque terroriste, comme l'etat d'urgence, s'est tristement banalise. Au lendemain du crash de l'Airbus A320 d'EgyptAir, l'evocation immediate de l'hypothese d'un attentat en dit long sur l'intrusion du terrorisme dans nos vies et dans nos esprits, selon les editorialistes de la presse quotidienne. << Le peril djihadiste a envahi notre espace mental >>, estime Florence Chedotal dans La Montagne Centre-France, << Le terrorisme est devenu le bruit de fond de notre societe. On y pense. Ce qu'on a pu traiter, un temps, comme une anomalie, une aberration est entre a notre insu dans le paysage. >> Il faut donc << vivre desormais, et sans doute pour longtemps, avec de telles questions et affronter de tels risques >>, souligne aussi Guillaume Goubert, de La Croix. Dans Le Journal de la Haute-Marne, Christophe Bonnefoy se desole : << C'est triste a dire, mais le terrorisme, meme si evidemment on ne se resout pas a vivre avec, entre desormais dans le domaine du possible, au meme titre que la defection d'un element de l'A320. >> << Le crash de l'Airbus d'EgyptAir et la multiplication des attentats de Bagdad resonnent comme un rappel. Daech fait peser sur nos societes une menace constante >>, ecrit Jean-Louis Hervois dans La Charente libre. << Le premier devoir des autorites est de travailler sans cesse a renforcer la securite des citoyens, enjeu tres lourd en France a quelques semaines de l'ouverture de l'Euro de football >>, note encore Goubert, de La Croix. Des lors, abonde Yves Threard dans Le Figaro, << on ne comprend pas la persistance du gouvernement a vouloir installer des fans-zones au coeur de plusieurs grandes villes pendant l'Euro de football >>. << Les milliers de spectateurs qui s'y regrouperont seront des cibles ideales >>, selon lui. << Si la piste de l'attentat contre l'avion d'EgyptAir se verifiait, cela devrait lui rappeler que les ennemis de la France guettent la moindre de nos failles >>, poursuit-il. Sur l'etat d'urgence, prolonge une nouvelle fois jeudi matin par les deputes, Herve Favre, de la Voix du Nord, constate avec consternation que le vote a eu lieu << dans un hemicycle clairseme >> avec << un depute sur douze present >>. On ne saurait mieux illustrer la banalisation depuis le 13 novembre de cette situation d'exception que Francois Hollande a echoue a faire entrer dans la Constitution. Or, ajoute-t-il, de cet << etat d'urgence, on attend qu'il soit efficace contre la menace terroriste. Si la piste d'un attentat se confirme pour l'avion d'EgyptAir parti de Roissy, la question sera reposee de la plus brutale maniere >>. De meme, Jean-Louis Hervois souligne que << personne ne s'etonnera dans ces conditions que l'etat d'urgence ait ete proroge de deux mois hier a l'Assemblee sans l'ombre d'une discussion ou presque >>. Un etat d'urgence << qui ne semble pas avoir empeche les citoyens d'exprimer librement leurs opinions. Et meme plus pour quelques defenseurs patentes des libertes dans les manifs >>, constate-t-il. Est-ce a dire que le terrorisme, qui cherche a miner nos valeurs, a echoue ? Pas si simple pour Florence Chedotal, qui se demande, dans La Montagne Centre-France, quand sautera << le seuil de resistance populaire >> des Francais. << Un ou deux attentats encore, et c'est fait, pretend le renseignement interieur, qui guette du coin de l'oeil les extremistes europeens, marchands de peur. >> ", "theme": "societe"}