{"id_art": "87604b802112cabf8131b247e6ffafcb", "title": "Sahel : une force anti-djihadiste d'un budget de 423 millions d'euros", "newspaper": "LePoint", "author": ["Source AFP"], "date_publi": "2017-07-02", "content": " Lors du sommet du G5 Sahel, dimanche 2 juillet, la force conjointe de lutte contre le terrorisme islamiste a recu le soutien d'Emmanuel Macron. Present a Bamako pour assister au sommet du G5 Sahel reunissant le Mali, la Mauritanie, le Burkina Faso, le Niger et le Tchad, Emmanuel Macron a apporte son soutien au deploiement d'une force africaine conjointe de lutte contre le terrorisme islamiste. Les cinq dirigeants ont convenu d'un budget global de 423 millions d'euros, comme l'a annonce le president malien Ibrahim Boubacar Keita. Le president de la Republique a cependant demande aux pays membres de demontrer l'efficacite de cette force. Face a la degradation de la situation dans le centre du Mali, limitrophe du Burkina Faso et du Niger, gagnes a leur tour par les violences djihadistes, le G5 a reactive, lors d'un sommet en fevrier, egalement dans la capitale malienne, le projet de creation de cette force. Deployee dans un premier temps aux confins du Mali, du Burkina Faso et du Niger, avec un effectif initial de 5 000 hommes, basee a Sevare (centre du Mali), elle s'ajoutera a l'operation francaise Barkhane, qui traque les djihadistes dans le Sahel, et a la Mission de l'ONU au Mali (Minusma). Le nord du Mali etait tombe en mars-avril 2012 sous la coupe de groupes djihadistes lies a Al-Qaida. Ils ont ete en grande partie chasses par une intervention militaire internationale lancee en 2013 a l'initiative de la France. Mais des zones entieres echappent au controle des forces maliennes, francaises et de l'ONU, regulierement visees par des attaques. << Chacun de nos Etats (Mali, Niger, Burkina Faso, Mauritanie, Tchad) va faire l'effort de 10 millions d'euros >>, a souligne Ibrahim Boubacar Keita lors d'une conference de presse conjointe avec Emmanuel Macron. << La question du financement a pris la plus grande place, presque tout le temps >>, des discussions a huis clos, a-t-il releve. << Le financement tel que nous l'avons evalue est de 423 millions d'euros >>, a precise le president malien. L'Union europeenne (UE) a deja promis 50 millions d'euros, << l'amorce d'un engagement dans la duree >> que compte favoriser Paris, selon le president francais. Une conference des donateurs doit se tenir dans les prochains mois. Emmanuel Macron a ajoute avoir << bon espoir que le 13 juillet >>, le conseil franco-allemand a Paris permette aux deux pays d'<< annoncer des engagements communs autour de cette alliance >>. Le 21 juin, le Conseil de securite de l'ONU a adopte une resolution qui << salue >> le deploiement de cette force mais sans lui delivrer ni mandat ni fonds. Derriere cet acronyme du #G5Sahel, il y a une dynamique, un mouvement nouveau. C'est une communaute soudee face a un meme defi. pic.twitter.com/jClj4Z5QQy Dans un nouveau geste de defi aux dirigeants du G5, la principale alliance djihadiste du Sahel, liee a Al-Qaida, a diffuse samedi, veille du sommet, une video montrant six etrangers enleves au Mali et au Burkina Faso entre 2011 et 2017: une Francaise, une Colombienne, un Sud-Africain, un Roumain, une Suissesse et un Australien. Cette meme alliance a revendique l'attentat du 18 juin contre un lieu de villegiature proche de Bamako, qui avait fait cinq morts, en plus de quatre assaillants tues. L'allegeance de nombreux mouvements djihadistes du Sahel a Al-Qaida ou au groupe Etat islamique << projette notre region dans un champ de confrontation mondiale >>, a souligne le president malien. << Nous avons chaque jour a affronter des terroristes, des voyous, des assassins >>, a affirme Emmanuel Macron, mais ils << se sont nourris de nos faiblesses, de nos hypocrisies, des complexes du passe, de notre inefficacite collective >>. ", "theme": "monde"}