{"id_art": "a20de1b9ffb6ee613503fe2216f107ad", "title": "Irak : confessions televisees pour des djihadistes condamnes a mort", "newspaper": "LePoint", "author": ["Source AFP"], "date_publi": "2018-02-06", "content": " Chaque semaine, une emission de la television irakienne interroge des terroristes djihadistes et les ramene sur les lieux de leurs crimes. << Salam Aleikoum, chers auditeurs, ou que vous soyez >> : chaque vendredi, le presentateur introduit ainsi les confessions de djihadistes condamnes a mort en Irak avant de les conduire sous bonne escorte sur les lieux de leurs crimes. Dans un pays qui a ete terrorise par le groupe Etat islamique (EI), chaque emission diffuse, a une heure de grande ecoute, des images, parfois insoutenables, des crimes attribues a celui qui va etre interroge, menotte et vetu d'une tunique orange ou jaune. << Je recois l'information du ministere de l'Interieur, de la Defense ou de la securite nationale, qui les ont captures. Eux choisissent le dossier a traiter, moi, je demande au ministere de la Justice l'autorisation d'interviewer le condamne >>, explique Ahmad Hassan, 36 ans, qui presente depuis fin 2013 Dans les griffes de la loi sur la chaine officielle Iraqiya. Son emission fete son 150e numero et elle n'est pas pres de s'arreter car, selon lui, meme si l'EI << a peut-etre perdu militairement, son ideologie existe toujours >>. << Ses partisans considerent les autres comme des incroyants et continueront a assassiner tant que son ideologie perdurera >>, declare-t-il. Cela commence toujours pas des images choc, comme la photo d'une cinquantaine de membres de la tribu d'Abou Nimr gisant dans une mare de sang. Ils ont ete executes par l'EI a Hit (Ouest). Puis apparait l'un des meurtriers condamnes, Mithaq Hamid Hekmet, 41 ans, qui raconte le massacre en detail et donne les noms de ceux qui y ont participe. D'autres videos tournees par l'EI montrent l'attaque d'une bijouterie, des attentats, un camion bourre de 750 kilos d'explosifs, l'execution au pistolet de six hommes en tunique orange agenouilles sur une place, ou des rapts. Dans la plupart des emissions, les coupables se rendent sur place pour la reconstitution. Un responsable des finances de l'EI, Mohammad Hamid Omar, surnomme Abou Hajjaj, detaille sa specialite : l'extorsion de fonds aupres des pharmacies, ecoles, agences immobilieres, stations essence, medecins. Le presentateur assure qu'il n'interroge que des personnes deja << condamnees >>. Pour la majorite, le verdict est la peine de mort, mais certains ecopent de la reclusion a perpetuite ou des peines allant jusqu'a 20 ans de prison. Dans son emission, la plupart sont des Irakiens, mais il y a aussi des ressortissants d'autres pays arabes. << Certains de ceux que j'ai interroges ont ete depuis executes. C'est l'affaire de la justice, pas la mienne >>, dit-il. Le Haut-Commissariat aux droits de l'homme a comptabilise en 2017 106 executions, principalement pour terrorisme. L'article 4 de la loi antiterroriste irakienne stipule que toute personne qui commet, incite, planifie, finance ou assiste des actes de terrorisme sera condamnee a mort. L'ambiance se veut celle d'un bureau de detectives dans les annees 20 aux Etats-Unis, avec un bureau en acajou, un portemanteau, un meuble rempli de classeurs, des cartes de Bagdad et les photos des coupables du jour. << Le decor est important pour attirer l'audience >>, assure le producteur Rami Ahmad al-Lami. Costume beige, cravate et pochette marrons, Ahmad Hassan assure que les condamnes participent volontairement a son emission et savent que cela ne leur donne aucune chance de voir leur peine reduite. << S'ils le font, c'est parce qu'ils ont des regrets, ils veulent montrer les actes horribles qu'ils ont commis et reveler la facon de penser du groupe auquel ils ont appartenu, pour en dissuader d'autres de commettre la meme erreur >>, assure-t-il. Mais les moments les plus poignants sont les rencontres sur le terrain entre les meres de victimes et les meurtriers. << Pourquoi avez-vous tue mes deux fils Ahmed et Hamid ? Ils etaient vos amis. Vous ont-ils fait du tort ? Pourquoi avoir detruit ma famille ?\", demande cette femme tout en noir face aux trois hommes qui baissent la tete. Ses deux fils etaient des officiers de police. Une autre mere lance a quatre prisonniers : << Comment pouvez-vous manger avec ces mains qui ont tue mon fils en lui tirant dans la tete ? >> Pour le porte-parole du ministere de l'Interieur, le general Saad Maan, << les gens peuvent voir grace a cette emission que les forces de securite fournissent des informations veridiques et cela cree des liens avec la population >>. Face aux organisations des droits de l'homme critiques du fait de montrer a la television des condamnes qui vont certainement etre executes, Ahmad Hassan se defend : << Les interviews sont conformes aux droits de l'homme. Nous ne faisons pression sur personne, mais nous sommes en situation de guerre et il vaut mieux s'interesser aux droits des victimes plutot qu'a ceux des terroristes. >> ", "theme": "monde"}