{"id_art": "a91de25a553768254cd04bcc236bb00b", "title": "Belgique : un Francais condamne pour terrorisme", "newspaper": "LePoint", "author": ["Source AFP"], "date_publi": "2014-10-14", "content": " Rachid Benomari, 41 ans, a recu une peine de 18 ans de prison pour avoir dirige un \"groupe terroriste\" specialise dans le recrutement de djihadistes. Un Francais de 41 ans, Rachid Benomari, a ete condamne mardi a 18 ans de prison ferme a Bruxelles pour avoir dirige en Belgique un \"groupe terroriste\" specialise dans le recrutement de djihadistes pour la Somalie et la Syrie, a rapporte l'agence Belga. L'individu, contre qui le parquet avait requis une peine de 20 ans de prison, a ete reconnu coupable d'\"avoir participe a des actes de groupes terroristes en qualite de dirigeant\", a precise l'agence de presse belge. Deux autres prevenus ont ete reconnus coupables d'\"appartenance\" a une organisation terroriste : le Belge Mustapha Bouyahbaren a ete condamne a 5 ans de prison avec sursis partiel et l'Algerien Mohamed Said a 5 ans de prison ferme, des peines conformes au requisitoire du parquet, selon la meme source. Les trois hommes avaient comparu lors d'un proces qui s'etait acheve le 5 septembre. Rachid Benomari avait deja ete condamne en mai a 20 ans de prison par le meme tribunal et les deux autres prevenus a 5 annees de prison. Mais lors de l'ouverture de ce premier proces, ils etaient en detention au Kenya et avaient demande a etre rejuges, apres avoir ete extrades vers la Belgique. Le trio avait ete arrete au Kenya le 4 juillet 2013 alors qu'il venait de passer la frontiere en provenance de Somalie. Rachid Benomari a conteste devant ses juges belges avoir dirige un groupe terroriste. \"Rachid Benomari conteste etre un leader. Peut-etre qu'il ne l'est pas... Mais a partir du moment ou c'est lui qui a organise le depart en Somalie, il doit etre considere comme dirigeant et non simple membre d'une filiere terroriste\", avait declare le procureur, Jean-Marc Trigaux. Rachid Benomari a en revanche avoue a l'audience avoir participe a un guet-apens en Somalie avec des milices islamistes shebab, qui selon lui avait fait une trentaine de victimes. Ses avocats avaient plaide l'incompetence du tribunal correctionnel et demande que leur client soit juge par une cour d'assises. Mustapha Bouyahbaren et Mohamed Said ont reconnu devant les juges avoir ete heberges et s'etre entraines dans des camps shebab mais ont nie avoir participe a des combats. ", "theme": "justice"}