{"id_art": "c511d7043186759a5686e300de2fcab8", "title": "L'ONU veut un cadre juridique pour les cyberguerres", "newspaper": "LePoint", "author": ["AFP"], "date_publi": "2018-02-16", "content": "Les cyberguerres sont devenues une realite et la communaute internationale doit les reguler au plus vite, la survie de l'humanite etant en jeu du fait des progres techniques, a estime vendredi le secretaire general de l'ONU. \"Il est clair que nous sommes les temoins de cyberguerres plus ou moins deguisees (...) il est grand temps d'avoir une discussion serieuse sur le cadre legal international dans lequel les cyberguerres ont lieu\", a indique Antonio Guterres lors de la Conference de securite de Munich. \"Je peux garantir que les Nations Unies sont pretes a etre une plateforme ou les differents acteurs pourront se reunir\", a-t-il dit, \"particulierement au moment ou l'intelligence artificielle represente un potentiel de progres enorme (...) mais aussi, selon bien des gens, une menace existentielle pour l'humanite\". \"Le niveau de menace ne cesse d'augmenter\", a mis en garde le secretaire general, relevant que des acteurs non-etatiques comme \"des organisations criminelles ou terroristes\" etaient en train de devenir des acteurs de guerres cybernetiques. Les Occidentaux ont ces dernieres annees accuse a plusieurs reprises la Russie et la Chine de lancer des offensives informatiques a des fins d'espionnage ou de sabotage. Jeudi encore, la Maison Blanche a menace la Russie de \"consequences internationales\" pour avoir mene la cyberattaque NotPetya en juin 2017, une accusation refutee par le Kremlin. Cette cyberattaque au rancongiciel (ransomware) avait affecte plusieurs milliers d'ordinateurs a travers le monde, perturbant des multinationales, et des infrastructures critiques, comme les controles sur le site de l'accident nucleaire de Tchernobyl et les ports de Bombay et d'Amsterdam. 16/02/2018 16:48:18 - Berlin (AFP) - (c) 2018 AFP ", "theme": "monde"}