{"id_art": "7554f1e8ca8bdc941fdc9e0440208e34", "title": "Philippe: l'Etat solidaire des victimes de terrorisme \"dans la duree\"", "newspaper": "LePoint", "author": ["AFP"], "date_publi": "2017-09-19", "content": "Le Premier ministre Edouard Philippe a assure mardi lors de l'hommage national aux victimes de terrorisme que l'Etat serait solidaire vis-a-vis d'elles \"dans la duree\", en echo a la polemique qui avait suivi la suppression du secretariat d'Etat aux victimes en mai. \"Si je suis present ici aujourd'hui au nom du president de la Republique, c'est pour vous exprimer, vous garantir cette solidarite dans la duree\", a-t-il declare dans un bref discours lors la ceremonie aux Invalides, organisee depuis 1998 par les associations d'aide aux victimes. \"Je ne connais rien de pire, rien de plus cruel ni de plus absurde, que d'ajouter de la tracasserie, du souci, de l'incertitude a la douleur\", a-t-il ajoute. Rappelant la nomination, le 12 juillet, d'Elisabeth Pelsez comme deleguee interministerielle a l'aide aux victimes, le Premier ministre a explique avoir ainsi souhaite \"que cette action recouvre sa dimension interministerielle\". \"Parce qu'elle n'est pas l'affaire d'une administration, d'un service, mais de toute la Republique\". La suppression du secretariat d'Etat aux victimes apres l'election d'Emmanuel Macron avait suscite l'inquietude des associations d'aide aux victimes. Le president de la Federation nationale des victimes d'attentats et d'accidents collectifs (Fenvac), Pierre-Etienne Denis, l'a rappele dans sa courte allocution. \"La verite (..) fait de moi le relais de la vive inquietude des associations de victimes, et de beaucoup de victimes (...) Apres une regrettable periode de flottement ou d'incertitude aux mois de mai et juin, une nouvelle organisation se met en place, avec des moyens humains et une ambition affiches\", a-t-il souligne. La Fenvac et l'Association francaise des victimes du terrorisme (AfVT) se reunissent depuis 1998 devant la statue \"La parole portee\" aux Invalides pour rendre hommage aux tues durant l'annee ecoulee. Le bilan etait particulierement lourd cette annee, avec des attentats survenus notamment a Berlin, Istanbul, Bruxelles, Paris, Londres, Manchester, Bogota, Bamako, Levallois-Perret, Ouagadougou, Barcelone et Cambridge, a enumere Guillaume Denoix de Saint-Marc, fondateur de l'AfVT. 19/09/2017 15:25:40 - Paris (AFP) - (c) 2017 AFP ", "theme": "politique"}