{"id_art": "88cca91c3dba1a8f459461ccc881fd43", "title": "La Russie visee par une attaque terroriste de l'ampleur de celle de Paris ?", "newspaper": "LePoint", "author": ["Source AFP"], "date_publi": "2016-11-13", "content": " Selon des medias, des lieux frequentes devaient etre la cible d'engins explosifs et de tirs a l'arme automatique. Des djihadistes ont ete arretes. Alors que la France commemore les attaques du 13 novembre 2015, la Russie a-t-elle evite le pire ? Un groupe de djihadistes arretes par les services de securite russes planifiaient des attaques simultanees similaires a celles de Paris dans plusieurs lieux publics a Moscou et Saint-Petersbourg, rapportent dimanche les medias russes, citant des sources officielles. Le Service federal de securite (FSB, ex-KGB) a annonce samedi avoir arrete dix ressortissants de pays d'Asie centrale lies au groupe djihadiste Etat islamique (EI), qui planifiaient << une serie d'actes terroristes et de sabotage a Moscou et a Saint-Petersbourg >>. Selon le site d'informations de Saint-Petersbourg Fontanka.ru, les sept personnes arretees dans cette ville sont soupconnees d'avoir planifie des attaques contre deux importants centres commerciaux. Pour sa part, le journal gouvernemental Rossiiskaya Gazeta a indique tard samedi, en citant des sources des services de securite, que les personnes arretees << planifiaient des attaques terroristes similaires au scenario de Paris >>, ou des attaques revendiquees par l'EI ont fait 130 morts il y a un an, aux abords d'un stade, sur des terrasses de cafes et restaurants et dans une salle de spectacles. << Plusieurs engins explosifs devaient exploser simultanement dans des lieux tres frequentes. Au meme moment, dans plusieurs quartiers de la ville, certains terroristes (...) devaient ouvrir le feu a l'arme automatique sur la foule >>, affirme le journal. Rossiiskaya Gazeta a declare que les personnes arretees formaient << un groupe terroriste professionnel >>. Lors de l'arrestation, quatre bombes artisanales, des armes a feu, des detonateurs, des munitions et du materiel de communication ont ete saisis, selon le FSB. L'operation a ete menee conjointement avec les forces de securite du Tadjikistan et du Kirghizistan, deux ex-Republiques sovietiques d'Asie centrale a majorite musulmane, selon le FSB. Les personnes arretees ont avoue avoir ete en contact avec des chefs de l'EI au Moyen-Orient, a-t-il affirme. Selon les autorites du Tadjikistan et du Kirghizistan, un millier de Tadjiks et environ 500 Kirghizes combattent dans les rangs de l'EI en Syrie et en Irak. Le ministere de l'Interieur du Tadjikistan a indique avoir eu vent de la preparation de ces attaques par un complice local du groupe et avoir averti les autorites russes. Le FSB a publie des images d'un suspect menotte, qui semble etre un adolescent et affirme etre un citoyen tadjik. Il dit vouloir commettre << une attaque terroriste >> a Moscou et indique que son frere fait le djihad en Syrie. Selon le site Fontanka.ru, les personnes arretees a Saint-Petersbourg << suivent aveuglement l'ideologie de l'EI >> et l'un d'eux affirme avoir combattu en Syrie. L'annonce de l'arrestation du groupe est intervenue alors que la Russie mene depuis un peu plus d'un an une campagne de bombardements aeriens en Syrie en soutien aux forces du president Bachar el-Assad en assurant ne viser que des djihadistes, notamment ceux de l'EI. ", "theme": "monde"}