{"id_art": "149cb4bee262f4d46cf933c65c32bc91", "title": "L'UE suspend les Farc de sa liste des organisations terroristes", "newspaper": "LePoint", "author": ["AFP"], "date_publi": "2016-09-26", "content": "L'Union europeenne a suspendu lundi la guerilla colombienne des Farc de sa liste des organisations terroristes, apres la signature officielle de l'accord de paix entre les Farc et le gouvernement de Colombie. Le Conseil europeen \"a suspendu l'application des mesures restrictives pris par l'UE\" contre les Forces armees revolutionnaires de Colombie (Farc), indique un communique du Conseil. Les Farc sont inscrites depuis 2002 sur cette liste de l'UE, sur laquelle figurent \"les personnes, groupes et entites impliques dans des actes de terrorisme et faisant l'objet de mesures restrictives\". Un responsable de l'UE a precise les consequences et les modalites de cette mesure de suspension, entree en vigueur apres la signature de l'accord de paix intervenue lundi lors d'une ceremonie a Carthagene, dans le nord de la Colombie. \"L'effet de la suspension est que les Farc resteront sur la liste de l'UE des organisations terroristes, mais que les mesures de restriction (gel d'avoirs et interdiction d'acces a des fonds) cesseront de s'appliquer\", a declare ce responsable sous le couvert de l'anonymat. \"Les Farc ont pris un certain nombre de mesures positives que le Conseil reconnait. Cependant, ces mesures positives doivent etre confirmees\", a souligne ce responsable. Le retrait complet des Farc de la liste \"pourrait en consequence etre envisage apres un examen au bout de six mois, en fonction de l'application effective de l'accord de paix\", a-t-il precise. La mesure decidee par l'UE \"va nous permettre de soutenir le programme de l'apres-conflit, au benefice du peuple colombien\", a declare la chef de la diplomatie europeenne Federica Mogherini dans une intervention filmee et diffusee sur la chaine YouTube par le Service europeen pour l'action exterieure (SEAE), le service diplomatique de l'UE. \"Nous sommes dans les faits prets a lancer un paquet d'aide, dont un fonds pesant 600 millions d'euros, avec la contribution active de plusieurs de nos Etats membres\", a precise Mme Mogherini dans un communique. La suspension des sanctions requiert l'accord de toutes les capitales europeennes. - 'Courage de tourner la page' - Au sein de l'UE, 27 pays ont deja donne leur feu vert, la Slovaquie ne devant donner son accord, pour des raisons \"symboliques\", qu'apres la signature officielle de l'accord de paix, ont explique des sources diplomatiques europeennes. L'ambassadrice de l'UE en Colombie, Ana Paula Zacarias, a declare dimanche dans un entretien avec la chaine de television colombienne RCN que les 28 pourraient retirer definitivement ce mouvement marxiste de leur liste noire apres une procedure de six mois, periode pendant laquelle les Etats membres pourraient \"avoir des contacts politiques avec des elements de la guerilla\". L'UE a inscrit la guerilla colombienne, en rebellion contre le gouvernement colombien depuis 1964, sur sa liste des organisations terroristes en 2002. Les pays europeens ont en consequence gele les avoirs financiers des membres des Farc. \"Aujourd'hui, la Colombie a le courage de tourner la page apres un conflit long de 50 ans et montre au monde entier que la paix est possible et peut devenir une realite, grace au leadership et a de la determination\", a declare Mme Mogherini, qui n'a pu se rendre a Carthagene et y est representee par un envoye special. 27/09/2016 02:29:51 - Bruxelles (AFP) - (c) 2016 AFP ", "theme": "monde"}