{"id_art": "2d680ac7fea151fbae3497d5a973d67a", "title": "Menace terroriste: Cazeneuve a Lourdes et dans le Var ce weekend", "newspaper": "LePoint", "author": ["AFP"], "date_publi": "2016-08-11", "content": "Le ministre de l'Interieur Bernard Cazeneuve se rendra samedi a Lourdes et dimanche dans le Var pour \"inspecter les dispositifs de securite\" dans le cadre d'une menace terroriste qui reste \"extremement elevee\", a-t-il annonce jeudi a l'issue du 8e conseil de defense depuis l'attentat de Nice le 14 juillet. \"Je me rends dans les jours qui viennent sur le site du deroulement de plusieurs evenements importants pour inspecter le dispositif de securite en liaison avec les maires et les autorites militaires des zones de defense\", a declare M. Cazeneuve dans la cour de l'Elysee apres plus d'une heure et demie de reunion autour du chef de l'Etat. \"Ce sera le cas le 13 aout au matin ou je me rendrai a Lourdes et le 14 au matin ou je me rendrai dans le departement du Var pour inspecter les dispositifs mis en place dans le cadre des feux d'artifice\", a-t-il precise. Le ministre a rappele que sur 60 evenements organises dans toute la France pendant la periode estivale \"15 seulement ont ete deprogrammes ou reportes\" parce que la securite ne pouvait pas etre assuree de maniere satisfaisante. Francois Hollande a rappele lors de ce conseil de defense \"la necessite d'une vigilance de tous les instants\", et \"a confirme la montee en regime des reserves operationnelles\", a indique la presidence de la Republique dans un communique. M. Cazeneuve a rappele que la reserve operationnelle de gendarmerie avait ete portee a 12.500 hommes, que \"pres de 4.700 contrats\" avaient ete signes pour la reserve de la police nationale et que les effectifs militaires de l'operation Sentinelle avaient ete portes a 10.000 hommes, dont 60% deployes en province. Il a en outre assure qu'il rencontrerait son homologue allemand Thomas de Maiziere le 23 aout pour \"lancer une initiative europeenne destinee a preparer une initiative plus internationale\" sur la question du chiffrement. \"Beaucoup des messages echanges en vue de la commission d'attentats terroristes le sont desormais par des moyens cryptes, ce qui rend difficile le travail des services de renseignement\", a explique M. Cazeneuve, evoquant \"un enjeu considerable sur lequel les interpellations recentes, les enquetes conduites par les services de renseignements montrent l'importance de l'enjeu et la necessite d'y faire face au plan international\". \"C'est une question sur laquelle nous travaillons, sur laquelle la France est en premiere ligne\", a-t-il ajoute. Outre M. Cazeneuve, le Premier ministre Manuel Valls, les ministres de la Defense, Jean-Yves Le Drian, de la Justice, Jean-Jacques Urvoas, et des Affaires etrangeres, Jean-Marc Ayrault, ont assiste a ce conseil restreint de defense. Le prochain doit se tenir le 17 aout. 11/08/2016 12:09:21 - Paris (AFP) - (c) 2016 AFP ", "theme": "societe"}