{"id_art": "1a6c973c72a80f044675259c2a5bd6bc", "title": "Adoption definitive de la loi contre le terrorisme", "newspaper": "LePoint", "author": ["AFP"], "date_publi": "2016-05-25", "content": "Le Parlement a definitivement adopte mercredi le projet de loi de reforme penale destine a la lutte contre le crime organise et le terrorisme, permettant son application des la fin juillet, lorsque l'etat d'urgence post-attentats aura pris fin. Les senateurs ont vote a main levee le texte issu d'une commission mixte paritaire (CMP) entre les deux chambres dans les memes termes que les deputes la semaine derniere, ce qui rend son adoption definitive. Aux cotes des socialistes, le groupe Les Republicains et les centristes ont soutenu ce vaste projet de loi qui traite aussi de \"l'efficacite et des garanties de la procedure penale\". En revanche communistes, ecologistes et une partie du RDSE (a majorite PRG) s'y sont opposes. La droite s'est felicitee en particulier que le texte issu de la CMP reprenne des dispositions figurant dans la proposition de loi tendant a renforcer l'efficacite de la lutte antiterroriste adoptee en fevrier a l'initiative du president de la commission des lois du Senat Philippe Bas (LR), des presidents des groupes LR et UDI-UC Bruno Retailleau et Francois Zocchetto, et de l'ancien Garde des Sceaux Michel Mercier (UDI-UC). Autres apports du Senat, l'accroissement des outils d'investigation accordes au parquet, avec la possibilite de recourir aux perquisitions de nuit lors des enquetes preliminaires, la saisie des correspondances electroniques, et l'utilisation des techniques de l'IMSI catcher permettant d'intercepter des conversations telephoniques, ou encore la creation de nouveaux delits terroristes sanctionnant la consultation habituelle des sites internet provoquant aux actes terroristes. Les senateurs sont aussi a l'initiative de l'instauration d'un regime plus strict d'amenagement et d'execution des peines pour les detenus terroristes, avec en particulier des regles nouvelles destinees a assurer la \"perpetuite reelle\". Mais pour Esther Benbassa (Ecologiste), \"depuis son depot en fevrier dernier, ce texte a ete modifie en profondeur et significativement allonge, toujours dans le sens du durcissement et du tout securitaire\". - \"Perennisation de la loi d'urgence dans la loi ordinaire\" - Donnant l'exemple de l'article introduit a l'initiative du gouvernement qui prevoit la possibilite de recourir aux fouilles integrales des detenus, elle a estime qu'il s'agit d'\"un important recul des droits fondamentaux\", qui \"aura pour consequence certaine la condamnation de la France\" par la Cour europeenne des droits de l'Homme (CEDH). \"Je ne suis vraiment pas convaincue que l'humiliation de detenus vivant deja dans des conditions indignes contribuera a la securite des etablissements penitentiaires et a la lutte contre le terrorisme\", a-t-elle commente. De la meme maniere, elle a doute \"que l'instauration d'une perpetuite reelle pour les crimes terroristes soit de nature a dissuader les candidats a l'attentat suicide\". Cecile Cukierman (Communiste, republicain et citoyen) a qualifie de son cote ces deux dispositions de \"particulierement graves\". \"L'ensemble de ces mesures sera non seulement inefficace quant a l'objectif qu'il poursuit, la lutte contre Daech, mais surtout inapplicable etant donnes les moyens derisoires alloues a notre justice\", a-t-elle estime. \"Pire encore, ce projet de loi vient entacher notre droit penal de mesures securitaires de surenchere populiste et emotionnelle\". \"Nous ne pouvons pas partager certaines orientations fondamentales de ce texte\", a dit Jacques Mezard (RDSE). Estimant que ce texte est \"une co-production des deux groupes dominants du Senat\", il a ajoute qu'il \"est la perennisation de la loi d'urgence dans la loi ordinaire\". De son cote, le ministre de la justice Jean-Jacques Urvoas s'est felicite que \"ce texte vien(ne) consolider un modele francais de lutte contre le terrorisme\". \"Avec ce texte (..), nous armons la Republique pour lutter contre le terrorisme et le crime organise sans avoir a recourir a l'etat d'urgence\", a declare le rapporteur Michel Mercier. \"La menace etant latente et permanente, il nous fallait des outils de lutte eux aussi permanents dans notre droit commun\". L'etat d'urgence mis en place apres les attentats de novembre avait ete prolonge une troisieme fois la semaine derniere par le parlement. 25/05/2016 17:18:51 - Paris (AFP) - (c) 2016 AFP ", "theme": "politique"}