{"id_art": "a2d9e6e113be1245e1fe22d72d6d77b0", "title": "Entre meetings et visites de terrain, la campagne se poursuit sous menace terroriste", "newspaper": "LePoint", "author": ["AFP"], "date_publi": "2017-04-19", "content": "A quatre jours du premier tour de l'election presidentielle, les candidats font campagne mercredi dans un climat alourdi par la menace terroriste, avec des visites de terrain pour Jean-Luc Melenchon et Francois Fillon et de grandes reunions publiques pour Emmanuel Macron, Marine Le Pen ou Benoit Hamon. La problematique terroriste a fait irruption dans la campagne mardi avec l'arrestation, apres six jours de traque, de deux hommes soupconnes d'avoir voulu perpetrer une \" action violente (...) imminente\", sans precision de date ni sur les cibles, selon le procureur de Paris Francois Molins. Les photos des deux hommes avaient ete distribuees des jeudi aux services de securite des candidats, selon les entourages de Marine Le Pen et Emmanuel Macron. Francois Fillon avait, lui, ete informe de \"risques averes\" d'attentat contre sa campagne. Apres avoir rempli Bercy lundi, le candidat d'En Marche ! donne un de ses derniers meetings de campagne mercredi a Saint-Herblain, pres de Nantes, en presence notamment de Jean-Yves Le Drian et Daniel Cohn-Bendit. M. Macron, qui a recu mercredi un nouveau soutien gouvernemental, celui du ministre PRG de l'Amenagement du territoire Jean-Michel Baylet, tiendra egalement deux reunions publiques vendredi, a Rouen et Arras. Le president du MoDem Francois Bayrou, qui le soutient, a juge qu'il y avait \"plusieurs seconds tours possibles\" et evoque l'hypothese d'une finale entre Jean-Luc Melenchon et Marine Le Pen, qui serait, a ses yeux, \"effrayant[e] pour le pays\" . Marine Le Pen -donnee un demi-point derriere M. Macron a 22,5 % des intentions de vote, selon un sondage Ipsos Sopa Steria- tient egalement un grand meeting de fin de campagne a Marseille. Mercredi matin, la presidente du FN a souligne qu'il n'y avait pas de \"risque zero\" en matiere terroriste, apres avoir assure lundi au Zenith de Paris qu'avec elle, \"il n'y aurait pas eu Mohammed Merah\" ni \"les terroristes migrants du Bataclan et du Stade de France\". Autre candidat a rassembler ses soutiens: Benoit Hamon. Le representant du PS, distance dans les sondages a la cinquieme place, va tenter de ramener a lui des electeurs tentes de voter \"utile\" pour Emmanuel Macron ou Jean-Luc Melenchon, lors d'un meeting se voulant festif et citoyen place de la Republique a Paris. Le candidat de Debout la France (DLF) Nicolas Dupont-Aignan tiendra au meme moment, a quelques encablures au Cirque d'Hiver, un grand meeting de fin de campagne. Philippe Poutou (Nouveau Parti anticapitaliste) reunit ses partisans a Aubervilliers et Nathalie Arthaud (Lutte ouvriere) a Lille. Jean Lassalle participait a un colloque sur la politique etrangere. Francois Fillon et Jean-Luc Melenchon ont, quant a eux, opte pour des visites de terrain. Le candidat de la droite s'est rendu dans les locaux de l'entreprise de musique en ligne Deezer avec Alain Juppe, son ex-rival de la primaire, avec qui il n'avait pas ete vu depuis fin janvier. La visite, initialement programmee de l'Ecole informatique 42, a finalement ete annulee, pour raisons de securite selon la direction de l'ecole, a cause de l'hostilite d'une partie des eleves, selon certains medias. Des employes de Deezer ont de leur cote affiche sur leurs ecrans d'ordinateur des \"Rends l'argent ! ! !\", allusion aux affaires ayant emaille la campagne du candidat. Apres son meeting mardi soir a Dijon retransmis dans six autres villes par hologrammes, Jean-Luc Melenchon se rendait mercredi dans le Jura pour une visite du site de production \"Trivolution\" du groupe cooperatif Demain. Le leader de La France insoumise a annonce la venue de celui du mouvement espagnol Podemos Pablo Iglesias en soutien de sa candidature vendredi a Paris. 19/04/2017 17:43:04 - Paris (AFP) - (c) 2017 AFP ", "theme": "societe"}