{"id_art": "95b43dfa67e4e89f0e70d45681960c79", "title": "Terrorisme : Khalid Zerkani, mentor de Kriket, Abaaoud et Laachraoui", "newspaper": "LePoint", "author": ["Source AFP"], "date_publi": "2016-03-25", "content": " Qui est Khalid Zerkani, qualifie par les autorites judiciaires belges de \"plus grand recruteur de candidats au djihad qu'on ait jamais connu en Belgique\" ? Les autorites belges ont confirme le lien entre les attentats de Bruxelles et ceux de Paris, mais aussi entre l'arrestation d'un terroriste presume jeudi soir a Argenteuil et des operations de police menees vendredi a Bruxelles. Un nom revient systematiquement dans ces enquetes, celui de Khalid Zerkani, un predicateur bruxellois actuellement incarcere en Belgique. En juillet 2015, a Bruxelles, lors d'un proces de filiere djihadiste vers la Syrie, Reda Kriket, arrete jeudi a Argenteuil, avait ete condamne en son absence, avec Abdelhamid Abaaoud, organisateur presume des attaques parisiennes du 13 novembre. A l'issue de ce vaste proces d'acheminement de djihadistes vers la Syrie, une filiere dirigee par un Bruxellois de 42 ans, Khalid Zerkani, qualifie par les autorites judiciaires belges de << plus grand recruteur de candidats au djihad qu'on ait jamais connu en Belgique >>, Reda Kriket avait ecope de dix ans de prison par defaut. Reda Kriket, Abdelhamid Abaaoud, organisateur presume des attaques de Paris, ou encore Najim Laachraoui, l'un des kamikazes de Bruxelles, font tous partie de la mouvance de ce predicateur bruxellois. Sous le coup d'une enquete ouverte des avril 2012 par la justice belge parce qu'elle organisait des << reunions seditieuses a visees djihadistes >> dans la commune bruxelloise de Molenbeek, la nebuleuse Zerkani, bien que surveillee, a ete laissee en liberte jusqu'a ce que la police belge procede a de vastes coups de filet debut 2014. Entre-temps, plusieurs de ses membres ont multiplie les allers-retours en Syrie, en proie a la guerre. Finalement, lorsque le proces s'est ouvert au printemps 2015 devant le tribunal correctionnel de Bruxelles, seuls 13 des 32 prevenus etaient presents - parmi eux Zerkani -, les 19 autres etant a l'epoque consideres comme etant en Syrie ou comme y ayant ete tues. Lors de ce proces, Reda Kriket, l'homme arrete jeudi en France, avait ecope de dix ans de prison par defaut. L'interpellation de ce Francais de 34 ans, un ancien braqueur, a conduit jeudi soir les policiers a un appartement d'Argenteuil, pres de Paris, ou une petite quantite d'explosifs a ete decouverte. Selon le gouvernement francais, il preparait un nouvel attentat. Ne le 23 septembre 1973 a Zinata (Maroc), Zerkani, qui se faisait egalement appeler << Abou Riad >>, avait quant a lui ecope d'une peine de douze ans de prison pour avoir recrute et envoye en Syrie de nombreux jeunes. Dont le Belgo-Marocain Abdelhamid Abaaoud, soupconne d'avoir joue un role central dans les attentats djihadistes du 13 novembre a Paris (130 morts) et tue 5 jours plus tard dans un raid policier en banlieue parisienne. Abaaoud avait ete condamne par contumace a vingt ans de reclusion. Le tribunal avait egalement condamne a cinq ans Gelel Attar, un Belge d'origine marocaine finalement arrete au Maroc le 15 janvier 2016. Attar est soupconne de s'etre rendu en Syrie en septembre 2012 avec Chakib Akrouh, dont on sait aujourd'hui qu'il a ete l'un des membres des commandos djihadistes du 13 novembre et qu'il s'est fait exploser lors de l'assaut policier de Saint-Denis (nord de Paris) cinq jours apres. A Bruxelles, Akrouh avait ecope de cinq ans par contumace. Khalid Zerkani, qui nie en bloc les accusations portees contre lui, a fait appel de sa condamnation a douze annees de reclusion. Le 18 fevrier, le procureur Bernard Michel a requis contre lui une peine de quinze ans, le decrivant comme << le plus grand recruteur de candidats au djihad qu'on n'ait jamais connu en Belgique >>. << M. Zerkani a perverti toute une jeunesse, particulierement celle du quartier maritime de Molenbeek-Saint-Jean >>, le fief notamment des freres Abdeslam et d'Abaooud, avait-il accuse. Le jugement de la cour d'appel est attendu le 14 avril. Dans un autre proces, qui s'est deroule au debut de l'annee devant le tribunal correctionnel de Bruxelles, le procureur a requis des peines de 2 a 15 ans de prison a l'encontre de 30 membres d'une autre filiere qu'aurait egalement dirigee Zerkani. Parmi les absents de ce proces, dont le jugement est attendu le 3 mai, figurait Najim Laachraoui, contre qui une peine de quinze ans avait ete requise. L'homme de 24 ans, soupconne d'etre l'artificier des attentats de Paris, s'est fait exploser a l'aeroport de Bruxelles mardi. Khalid Zerkani avait obtenu lors de l'ouverture de ce proces, le 15 fevrier, d'etre juge separement, lors d'un proces qui aura lieu apres l'arret de la cour d'appel. Lire aussi Verviers : la cellule terroriste qui voulait faire sauter un aeroport (edition abonnes) ", "theme": "monde"}