{"id_art": "f974371caeae8d4a5b593406384aebca", "title": "Najam Laachraoui, terroriste et ancien etudiant a Polytechnique Bruxelles", "newspaper": "LePoint", "author": ["Source AFP"], "date_publi": "2016-03-25", "content": " Ceux qui ont connu le kamikaze de Zaventem ne comprennent pas comment il a pu en arriver la et decrivent un homme sociable, sportif et bon eleve. Comment un jeune homme comme lui a-t-il pu basculer ? Pour ceux qui l'ont connu, la question est sur toutes les levres. << Bon eleve, sans probleme disciplinaire >> qui passait ses week-ends a faire des << tournois de frisbee >>, Najim Laachraoui a bascule dans le terrorisme, decidant de mourir en kamikaze mardi a l'aeroport de Bruxelles a l'age de 24 ans. La derniere image qu'on a de lui, figee par les cameras de l'aeroport, montre un jeune homme au visage fin, cheveux noirs et fine barbiche, poussant un chariot a bagages quelques minutes avant les explosions qui devasteront le terminal. C'etait << un garcon sportif, et surtout intelligent >>, decrit son frere de 20 ans, Mourad Laachraoui, international belge de taekwondo, << accable >> par le choix de son aine. Un musulman << pratiquant >>, << dans une famille de pratiquants >> d'origine marocaine. Diplome de ses humanites (l'equivalent du bac) en 2009 a l'Institut de la Sainte-Famille, dans la commune bruxelloise de Schaerbeek, << c'etait un bon eleve, sans aucun probleme disciplinaire >>, raconte la directrice Veronica Pellegrini : << Je ne sais pas ce qui a pu arriver. >> Laachraoui obtient la premiere annee de baccalaureat en electromecanique avec une << satisfaction >>, la plus basse mention pour un examen, selon une revue d'anciens eleves de la Sainte-Famille. Il s'inscrit en premiere annee a l'Ecole polytechnique de l'Universite libre de Bruxelles (ULB) en 2009/2010. << Il a ete ajourne en premiere et deuxieme sessions apres avoir passe tous ses examens et ne s'est pas reinscrit >>, explique Valerie Bombaerts, du service communication de l'universite. Un ancien camarade, Brice Vanhee, raconte sur sa page Facebook l'avoir alors croise dans la rue. Laachraoui lui avait confie vouloir arreter << Polytech >> : << C'est pas fait pour moi... Je vais probablement plutot faire medecine >>. << Medecine, bordel. Sauver des vies >>, se desole son ancien camarade, << bouleverse >> de voir le nom de Laachraoui qu'il << voyait toutes les semaines >> associe aux plus sanglantes attaques menees sur le sol belge depuis 1945 (au moins 31 morts). << Je n'arrive pas a comprendre comment un homme peut se faire laver le cerveau en si peu de temps ? Ca veut dire quoi, qu'on peut tous changer de bord et se faire exploser, alors qu'on avait pour habitude de faire des tournois de frisbee tous les week-ends ? >> lache-t-il. Selon le parquet federal belge, Laachraoui gagne la Syrie en fevrier 2013 ou il rejoint les rangs de l'organisation Etat islamique (EI). Sa famille apprend son depart << par un coup de telephone >> passe a ses parents, qui le signalent a la police, sans reaction particuliere des autorites, selon son frere Mourad. Sa trace reapparait le 9 septembre 2015, deux mois avant les attentats de Paris, lors d'un controle routier a la frontiere austro-hongroise. Il presente une fausse carte d'identite au nom de Soufiane Kayal, qui n'eveille pas les soupcons. A bord de la Mercedes se trouvent egalement Salah Abdeslam, suspect-cle des attentats de Paris (130 morts) arrete le 18 mars, et Mohamed Belkaid, qui se presente alors sous le faux nom de Samir Bouzid. Ce dernier sera tue le 15 mars lors d'une perquisition dans la commune bruxelloise de Forest. Depuis le 4 decembre, les policiers recherchaient le pretendu Kayal dans l'enquete sur les attaques de Paris, soupconne d'en avoir ete l'artificier, voire l'un des coordinateurs. C'est en effet sous ce faux nom qu'a ete louee l'une des cachettes des commandos de Paris avant les attaques, a Auvelais, pres de Namur (sud de la Belgique). Ses traces ADN ont egalement ete retrouvees dans un appartement de Schaerbeek, ou ont ete confectionnees des ceintures d'explosifs utilisees a Paris et Saint-Denis (banlieue parisienne). Laachraoui et Belkaid sont aussi soupconnes d'avoir ete en liaison telephonique avec certains des kamikazes du 13 novembre. Le mois dernier, il avait egalement ete juge par defaut a Bruxelles dans le proces d'une filiere de recrutement de combattants par l'EI, pour avoir accueilli des combattants en Syrie. Mardi, c'est d'un appartement de la commune bruxelloise de Schaerbeek, a deux kilometres de chez ses parents, qu'il serait parti avec deux autres assaillants vers l'aeroport de Zaventem. Aujourd'hui, la petite maison familiale dans le paisible quartier residentiel de Terdelt garde ses volets tires et sa porte close. << La famille est effondree >>, explique l'avocat de Mourad Laachraoui, Me Philippe Culot. En apprenant sa participation aux attentats, << je ne voulais pas croire que c'etait lui >>, confie Mourad Laachraoui : << Mais on ne choisit pas sa famille... >> ", "theme": "europe"}