{"id_art": "0625c4f4da257c875260a4c7695f5713", "title": "Estrosi veut que l'Europe aide les communes a se proteger \"contre le terrorisme\"", "newspaper": "LePoint", "author": ["AFP"], "date_publi": "2017-08-18", "content": "Le maire de Nice Christian Estrosi a propose vendredi la creation d'un \"fonds\" europeen pour les communes qui luttent \"contre le terrorisme\", au lendemain des attaques a la voiture belier a Barcelone et Cambrils. Interroge sur RTL, l'elu LR a souhaite que \"puisse etre mis en place, a l'exemple du plan Juncker sur l'innovation, des fonds pour les communes qui amenageront leur espace public pour lutter contre le terrorisme\". \"La Commission europeenne doit nous donner des moyens\", a insiste l'edile, dont la ville a ete frappee par un attentat suivant le meme mode operatoire le 14 juillet 2016, qui avait fait 86 morts et plus de 400 blesses. \"Je souhaite organiser au mois de septembre une grande reunion des maires des grandes villes et moyennes villes europeennes. Celles qui sont les plus ciblees parce qu'elles representent des villes touristiques, a forte frequentation\", a-t-il egalement annonce, expliquant que les representants des communes etaient \"en premiere ligne desormais\". Peu apres l'attaque il avait exprime sur Twitter son \"effroi apres l'attaque terroriste a Barcelone. La ville de Nice est solidaire des Barcelonais. Soutien aux victimes de cette attaque ignoble\", a-t-il ecrit. Laurent Wauquiez, president LR de la region Auvergne-Rhone-Alpes et candidat pressenti a la presidence de LR, a lui aussi reagi sur son compte Twitter: \"l'horreur, une fois de plus. La lutte contre le terrorisme islamiste doit etre plus que jamais prioritaire\". 18/08/2017 09:35:10 - Paris (AFP) - (c) 2017 AFP ", "theme": "politique"}