{"id_art": "cdb4f71590212a729f5507c2ae722b24", "title": "Egypte: \"les musulmans premieres victimes\" du terrorisme, assure Le Drian", "newspaper": "LePoint", "author": ["AFP"], "date_publi": "2017-11-25", "content": "Les musulmans \"sont souvent les premieres victimes\" du terrorisme, a souligne samedi a Pekin Jean-Yves Le Drian, au lendemain d'un carnage dans une mosquee en Egypte, condamnant \"l'intolerance et la barbarie\" d'une attaque survenue en pleine priere. Le ministre francais des Affaires etrangeres, en visite en Chine jusqu'a dimanche, a indique a l'AFP avoir fait part a son homologue egyptien Sameh Choukry de \"l'emotion de la France (...) aux cotes (de l'Egypte) face a ce drame\". Au moins 235 fideles qui assistaient a la priere hebdomadaire dans une mosquee du nord-est de l'Egypte ont ete tues vendredi par des hommes armes, l'attaque la plus meurtriere dans l'histoire recente de ce pays. \"Ce n'est pas la premiere fois que le terrorisme frappe des musulmans. Ce sont souvent les musulmans qui sont les premieres victimes du terrorisme qui se reclame du fondamentalisme islamiste\", a insiste M. Le Drian. \"Cette cible (montre) l'intolerance et la barbarie\", a-t-il ajoute, rappelant par ailleurs qu'une autre communaute religieuse egyptienne, les Coptes chretiens, avait ete severement frappee l'an dernier. L'attaque de vendredi s'est produite a 40 km a l'ouest de la capitale de la province du Nord-Sinai, une region ou les forces de securite combattent la branche egyptienne du groupe jihadiste Etat islamique (EI). \"Le mode operatoire et le lieu, les methodes, nous laissent penser que c'est un groupement affilie a Daech (acronyme arabe de l'EI, NDLR)\" qui est responsable de l'attaque, a observe le ministre francais. \"Ce n'est pas parce que l'EI a perdu son emprise territoriale qu'il a perdu sa volonte nefaste pour la securite et l'equilibre du monde\", a-t-il insiste, appelant a \"la grande vigilance de la communaute internationale\". 25/11/2017 14:18:58 - Pekin (AFP) - (c) 2017 AFP ", "theme": "politique"}