{"id_art": "c0e98d7a1067092606a2487b2da861b5", "title": "Cinq ans apres Merah, Hollande s'adresse aux familles", "newspaper": "LePoint", "author": ["Source AFP"], "date_publi": "2017-03-11", "content": " La Republique \"poursuivra inlassablement sa lutte contre le terrorisme\", a rappele Francois Hollande aux familles des victimes de Mohammed Merah. La France << poursuivra inlassablement sa lutte contre le terrorisme >>. C'est avec ces mots que Francois Hollande s'est adresse aux familles des victimes tuees il y a cinq ans par Mohammed Merah. << Il y a cinq ans, entre le 11 et le 22 mars 2012, sept de nos compatriotes sont morts a Toulouse et a Montauban, victimes de l'equipee meurtriere d'un terroriste inspire par la haine >>, a rappele Francois Hollande dans un communique. Nommant les victimes, mais pas leur meurtrier, le chef de l'Etat a souligne qu'<< Imad Ibn Ziaten, Abel Chennouf et Mohamed Legouad ont ete assassines parce qu'ils etaient des soldats francais. Jonathan Sandler, ses deux fils, Gabriel, 3 ans, Arieh, 6 ans, ainsi que Myriam Monsonego, 8 ans, parce qu'ils etaient de confession juive >>. << En tuant des soldats, en s'en prenant a des enfants dans une ecole, c'est toute la France qui a ete agressee >>, a-t-il encore dit. << Je veux dire a leurs familles que la France est toujours a leurs cotes et que la democratie sera toujours plus forte que la barbarie islamiste qui lui a declare la guerre. La Republique, qui fait face a l'adversite et est capable de preserver son unite et son attachement a la liberte, poursuivra inlassablement sa lutte contre le terrorisme >>, a conclu Francois Hollande. ", "theme": "politique"}