{"id_art": "5735c1b2c9601bc854b92d55167b5ea3", "title": "Au moins quatre morts lors d'une attaque \"terroriste\" a Londres", "newspaper": "LePoint", "author": ["AFP"], "date_publi": "2017-03-22", "content": "Un an jour pour jour apres les attentats de Bruxelles, Londres a ete la cible mercredi d'une attaque \"terroriste\" qui a fait au moins quatre morts, plus l'assaillant, devant le Parlement de Westminster, symbole de la democratie britannique. \"Je ne vais pas faire de commentaires sur l'identite de l'assaillant (...), mais nous privilegions la piste du terrorisme islamiste\", a declare Mark Rowley, le commandant de l'unite antiterroriste devant Scotland Yard mercredi soir, precisant que \"l'enquete avance a grand pas\" et que la scene de l'attaque serait examinee au cours de la nuit. Une quarantaine de personnes ont egalement ete blessees lorsqu'un homme barbu vetu de noir a lance en debut d'apres-midi sa voiture contre la foule sur le pont de Westminster, face a Big Ben, avant de poignarder a mort un policier en essayant de penetrer dans le Parlement. L'assaillant, qui a agi seul selon les enqueteurs, et dont l'acte n'a pas ete revendique pour le moment, a ensuite ete \"abattu par un autre policier\", selon M. Rowley. L'attaque a entraine un vent de panique dans le centre de Londres: les passants qui s'affolent, certains se ruant dans le metro le plus proche, la police qui se deploie en masse, le Parlement qui se barricade, la Premiere ministre Theresa May evacuee... Parmi les blesses figurent trois lyceens francais en voyage scolaire, dont deux sont dans un etat grave. Deux ressortissants roumains ont egalement ete blesses, a annonce Bucarest, ainsi que cinq touristes sud-coreens, d'apres l'agence Yonhap, et un Portugais, selon le gouvernement portugais. Vetue de noir, Theresa May a denonce dans la soiree un attentat \"pervers\", lors d'une allocution solennelle devant sa residence de Downing Street. \"Le terroriste a choisi de frapper en plein coeur de notre capitale ou les gens de toutes nationalites, religions et cultures convergent pour celebrer les valeurs de liberte, de democratie et de liberte de parole (...) les forces du mal ne nous diviseront pas\", a-t-elle lance, apres une reunion interministerielle de crise. Il s'agit de l'attaque la plus meurtriere au Royaume-Uni depuis les attentats-suicides revendiques par des sympathisants d'Al-Qaida qui avaient fait 56 morts le 7 juillet 2005 dans les transports en commun londoniens. Mme May a cependant indique que le niveau d'alerte terroriste restait fixe a \"grave\", le quatrieme sur une echelle de cinq, comme depuis aout 2014. Les presidents francais Francois Hollande et americain Donald Trump ont appele Mme May, et la Tour Eiffel s'est eteinte a minuit en hommage. La chanceliere allemande Angela Merkel a exprime son soutien a ses \"amis britanniques\", tandis que le ministre des Affaires etrangeres francais Jean-Marc Ayrault doit venir a Londres jeudi au chevet des Francais blesses. L'attaque est survenue le jour ou la Belgique commemorait les attentats jihadistes qui avaient fait 32 morts a Bruxelles il y a exactement un an. Elle rappelle les attentats de Nice (France, 84 morts) et Berlin (12 morts), egalement en 2016, commis en lancant un vehicule contre la foule, et s'inscrit dans un contexte de risque eleve d'attentats en Europe, notamment des jihadistes de l'Etat islamique (EI). Selon le commandant Rowley, l'assaillant a d'abord renverse plusieurs pietons, dont trois policiers, sur le pont. Au moins deux personnes y sont mortes et plus d'une dizaine ont ete soignees sur place, selon les secours. Une femme ayant saute dans la Tamise pour echapper au vehicule a ete repechee grievement blessee. Apres avoir embouti son SUV gris contre des grilles du palais de Westminster, peu apres la sortie du pont, l'assaillant s'est rue vers une entree du Parlement toute proche, avant de poignarder un policier, a ajoute M. Rowley. La police a tire sur lui alors qu'il essayait d'attaquer un deuxieme agent. Des images montrent le depute conservateur Tobias Ellwood, qui a perdu son frere dans un attentat a Bali (Indonesie) en 2002, pratiquer en vain un massage cardiaque sur le policier, un pere de famille de 48 ans mortellement blesse. \"Nous etions en train de prendre des photos de Big Ben lorsque tout le monde s'est mis a courir, nous avons vu un homme d'une quarantaine d'annees portant un couteau d'environ 20 centimetres. Ensuite on a entendu trois coups de feu. Nous avons traverse la rue et on a vu l'homme en sang par terre\", a raconte Jayne Wilkinson a l'agence britannique Press Association. \"J'ai vu trois corps allonges sur le sol et enormement de policiers. C'etait terrifiant\", a declare a l'AFP Jack Hutchinson, 16 ans, un touriste americain. Il est reste coince trois heures sur la grande roue du London Eye situee a l'autre bout du pont, avant d'etre evacue. Les deputes ont ete confines a l'interieur du Parlement et dans Westminster Abbey, toute proche, avant de pouvoir sortir dans la soiree. \"C'etait la panique\", a raconte la deputee britannique travailliste Mary Creagh. Theresa May a quitte a grande vitesse le Parlement, ou elle s'etait exprimee devant les deputes, a bord de sa voiture officielle. Au Parlement ecossais a Edimbourg, les debats sur un referendum d'independance ont ete suspendus sine die. Londres avait ete epargnee ces dernieres annees par les attentats de grande ampleur. Scotland Yard a cependant annonce debut mars que les services de securite britanniques avaient dejoue 13 tentatives d'attentats depuis juin 2013. Les journaux britanniques titraient tous jeudi sur l'attentat, qualifie d'\"attaque contre la democratie\" par le tabloid (gauche) Daily Mirror. \"Les Londoniens ne se laisseront pas intimider par le terrorisme\", a lance le maire de Londres Sadiq Khan. 23/03/2017 03:30:32 - Londres (AFP) - (c) 2017 AFP ", "theme": "monde"}