{"id_art": "076d2f9ea70fd5c76ed458c2daa50a49", "title": "Douanes : record de saisies et lutte contre le terrorisme", "newspaper": "LePoint", "author": ["Source AFP"], "date_publi": "2016-03-17", "content": " Les douanes, qui publient leurs resultats annuels, ont saisi pres de 17 tonnes de cocaine en 2015 et ont activement participe a la lutte antiterroriste. Les douanes, qui publient leurs resultats annuels jeudi matin, ont saisi pres de 17 tonnes de cocaine en 2015, un record, deux fois superieur au meilleur resultat annuel jamais enregistre, ont-elles annonce. L'annee precedente, les douaniers avaient saisi 6,6 tonnes de cocaine, soit 2,5 fois moins. Un resultat qui s'explique par plusieurs saisies exceptionnelles, fruit du travail de renseignement mene en particulier par la Direction nationale du renseignement et des enquetes douanieres (DNRED) et de la cooperation avec les autres services, francais et internationaux. En avril, la douane francaise avait ainsi mis la main sur 2,25 tonnes de cocaine, d'une valeur de 70 millions d'euros, a bord d'un voilier aux Antilles. Cette saisie etait l'aboutissement d'une enquete de deux ans menee par les agents de la DNRED avec leurs collegues britanniques et espagnols. En decembre, le cargo Carib Palm, un navire battant pavillon moldave en route vers Gdansk (Pologne), etait intercepte au large de Boulogne-sur-Mer (Pas-de-Calais). A son bord, cachees derriere une cloison en salle des machines, 2,4 tonnes de cocaine, d'une valeur totale de 80,5 millions d'euros en l'etat et de pres d'un demi-milliard d'euros une fois coupee. Les douanes francaises assurent aussi avoir permis, grace a leurs informations, la saisie de plus de 3 tonnes de cocaine au large d'Aberdeen (Ecosse) en avril, et de plus d'une tonne dans les Acores le mois suivant. Dissimulee au milieu de crevettes ou de boites de cirage dans des conteneurs arrivant au port du Havre, la precieuse poudre blanche est parfois tout simplement placee dans une valise transportee dans la soute d'un avion de ligne. Ainsi, fin mars, les douaniers de Nice avaient decouvert 21 kilos de cocaine dans une valise abandonnee sur le tapis roulant de l'aeroport. Les trafiquants avaient utilise le nom d'un voyageur present sur le vol pour tenter d'importer la drogue de Republique dominicaine. Des saisies record de drogue ou de tabac de contrebande mais aussi des controles aux frontieres renforces et davantage d'armes a feu saisies : la douane ne s'attaque plus seulement aux trafics mais lutte aussi contre le terrorisme. Le ministre des Finances Michel Sapin et le secretaire d'Etat au Budget Christian Eckert presentent jeudi ce bilan gare du Nord a Paris, ou les douaniers controlent les voyageurs empruntant le Thalys et l'Eurostar. Depuis les attentats du 13 novembre, les missions de la douane ont evolue. Trois jours apres les attaques, le president de la Republique annoncait le recrutement d'un millier d'agents en plus en 2016 et 2017 et 45 millions d'euros de credits supplementaires pour soutenir la lutte contre le terrorisme. Ces moyens serviront, entre autres, a renforcer les controles aux frontieres, qui permettent de recueillir renseignements et indices (faux papiers, armes, documents de propagande...), voire d'interpeller des personnes en fuite. Ainsi le 16 janvier 2015, en Savoie, des douaniers arretaient deux personnes recherchees en Belgique et liees a la cellule terroriste islamiste dite de Verviers, qui tentaient de passer en Italie. L'annee precedente, des douaniers avaient intercepte l'auteur presume de la tuerie du Musee juif de Bruxelles, Mehdi Nemmouche, a la gare routiere de Marseille. Pour centraliser et transmettre les informations recueillies aux differents services de lutte contre le terrorisme, un groupe operationnel de lutte contre le terrorisme (GOLT) a par ailleurs ete cree au sein de la Direction nationale du renseignement et des enquetes douanieres. Autre facette du terrorisme : les armes et explosifs, acquis illegalement et dissemines sur le territoire. En 2015, 1 158 armes a feu ont ete saisies, contre 828 en 2014. La douane prepare aussi le programme PNR (Passenger Name Record, registre europeen des donnees des passagers aeriens), qu'elle hebergera dans ses locaux a Roissy. Mais, pour les syndicats, les 1 000 postes annonces ne sont qu'une \"mascarade,\" car les suppressions prevues sur 2016 et 2017 sont maintenues, \"soit 500 suppressions\". Deplorant \"6 000 emplois\" perdus en vingt ans, une intersyndicale (CGT, Solidaires, Unsa, USD-FO) appelle a une mobilisation le 24 mars. Trafics de drogue, contrefacon, fraude... En 2015, la douane a poursuivi ses missions, enregistrant dans certains domaines des records. D'abord, la quantite de cocaine saisie : pres de 17 tonnes, un volume deux fois superieur au meilleur resultat annuel jamais atteint. En 2014, les douaniers avaient saisi 6,6 tonnes de cocaine, soit 2,5 fois moins. Ce resultat historique s'explique notamment par plusieurs saisies exceptionnelles: 2,4 tonnes a bord d'un cargo intercepte en decembre au large de Boulogne-sur-Mer (Pas-de-Calais), 2,25 tonnes a bord d'un voilier aux Antilles... Une poudre blanche precieuse : a chaque fois, plusieurs dizaines de millions d'euros echappent aux trafiquants. Ajoute aux autres prises de drogue, et surtout le cannabis (63 tonnes), le volume total de stupefiants saisis atteint 88 tonnes. Second record : le tabac de contrebande, avec 630 tonnes saisies en 2015, une augmentation de pres de 50 % par rapport a l'annee precedente. Sacs a main, medicaments ou jouets imitant les grandes marques, la contrefacon continue de prosperer, mettant en danger le consommateur et menacant la competitivite des entreprises et l'emploi. En 2015, la douane a intercepte 7,7 millions d'articles contrefaits. Autre priorite, la fraude fiscale : 55,4 millions d'avoirs criminels ont ete saisis ou identifies. Par ailleurs, 377,4 millions d'euros de droits et taxes ont ete redresses. Enfin, la douane pourchasse les trafiquants d'especes protegees convoitees pour etre collectionnees ou utilisees dans la pharmacopee, en particulier asiatique : en fevrier, les douaniers de Roissy interceptaient ainsi pres de 18 700 hippocampes venant de Madagascar et deux pieds d'elephant en provenance d'Afrique du Sud. En juin, ils decouvraient pres de 140 kilos d'ivoire brut d'elephant dans deux caisses en provenance de Republique democratique du Congo. ", "theme": "justice"}