{"id_art": "c15b946e955fe9ea1eee4291624ed99f", "title": "Le gouvernement essaie de bloquer 5 sites \"terroristes\", en vain", "newspaper": "LePoint", "author": [" Guerric Poncet"], "date_publi": "2015-03-17", "content": " Non seulement le blocage est facilement contournable, mais il offre en outre une promotion inesperee aux sites faisant l'apologie du terrorisme. Voila, c'est fait : le gouvernement a utilise pour la premiere fois le blocage de sites internet faisant l'apologie du terrorisme, prevu par la loi antiterroriste de novembre 2014. Le ministere de l'Interieur fait usage de ses nouveaux pouvoirs et se passe donc de l'autorisation du pouvoir judiciaire. Mais comme nous l'avions craint lors des debats a l'Assemblee, l'Etat fait plutot la promotion de ces sites et augmente leur aura en les interdisant. Leurs noms sont deja relayes sur de nombreux sites web d'information, et il suffit d'utiliser Google pour trouver leur adresse. C'est ce qu'on appelle l'effet Streisand : quand on veut a tout prix etouffer quelque chose, on finit par le promouvoir. Dans ce cas, l'Etat a gentiment constitue les marque-pages du parfait petit terroriste, aux frais du contribuable. Et comme si ce n'etait pas suffisant, la France s'humilie un peu plus, car elle n'arrive pas a bloquer totalement les sites. Cela aussi, des deputes l'avaient signale des les premieres minutes des debats, mais le gouvernement n'a rien voulu entendre. Resultat : quelques clics suffisent pour contourner le blocage et ne plus voir l'avertissement du ministere de l'Interieur : \"Vous avez ete redirige vers ce site officiel car votre ordinateur allait se connecter a une page dont le contenu provoque a des actes de terrorisme ou fait publiquement l'apologie d'actes de terrorisme.\" Lors du vote de la loi antiterroriste, Reporters sans frontieres avait denonce un texte qui \"pourrait engendrer un recul de la liberte d'information puisqu'il [...] prevoit le blocage administratif de sites internet et augmente les mesures de surveillance\". LIRE EGALEMENT : La France s'apprete a promouvoir les sites web terroristes ", "theme": "chroniqueurs-du-point/guerric-poncet"}