{"id_art": "8f922696f48d94988e31a1f0edc0819e", "title": "Terrorisme : 8 Francais sur 10 favorables a des restrictions de circulation dans l'UE", "newspaper": "LePoint", "author": ["Source AFP"], "date_publi": "2016-03-31", "content": " Paradoxalement, 6 Francais sur 10 (59 %) pensent que l'echelon europeen est le plus a meme de lutter contre la menace terroriste. Pres de 8 Francais sur 10 (78 %) se disent favorables a la renegociation des accords de Schengen afin de restreindre la circulation pour lutter contre le terrorisme, selon un sondage Elabe pour BFM TV publie jeudi. Pour 8 Francais sur 10 (78 %), et quelle que soit leur preference partisane, la lutte antiterroriste passe par la renegociation des accords de Schengen, qui regule la libre circulation des citoyens des pays signataires. Une majorite de sondes (63 %) ne fait par ailleurs << pas confiance >> a l'Union europeenne et a ses 28 Etats membres pour lutter avec efficacite contre le terrorisme. Parmi eux, 19 % ne << font pas du tout confiance >> et 44 % ne font << pas vraiment confiance >>. Ils sont en revanche 3 % a faire << tout a fait confiance >> et 33 % a faire << plutot confiance >>. Paradoxalement, 6 Francais sur 10 (59 %) pensent que l'echelon europeen est le plus a meme de lutter contre la menace terroriste. Lutter de << maniere collective >> est la facon la plus efficace de faire pour 59 % des sondes, tandis que 40 % pensent qu'il faut le faire au cas par cas, au niveau des Etats. Sondage realise sur Internet, entre le 29 et 30 mars, sur un echantillon de 1 000 personnes, representatif de la population francaise agee de 18 ans et plus, selon la methode des quotas. ", "theme": "europe"}