{"id_art": "ecf07f8384ba50ef4bb54dc0646b4d36", "title": "Attentats en Espagne: l'Allemagne observera une minute de silence", "newspaper": "LePoint", "author": ["AFP"], "date_publi": "2017-08-18", "content": "Une minute de silence sera observee dans les stades du championnat d'Allemagne ce week-end en memoire des victimes des attentats de Barcelone et Cambrils, a annonce vendredi la Ligue allemande de football (DFL). Les joueurs porteront en outre des brassards de deuil. Le football allemand, indique la Ligue, \"veut ainsi temoigner de sa solidarite avec le peuple espagnol et en particulier avec les 15 joueurs espagnols qui evoluent actuellement en premiere et deuxieme division allemande\". La Bundesliga reprend vendredi soir avec le match Bayern Munich-Leverkusen, suivi samedi et dimanche des huit autres rencontres. La minute de silence sera egalement respectee dans les enceintes de deuxieme division, qui dispute sa troisieme journee. 18/08/2017 14:21:33 - Berlin (AFP) - (c) 2017 AFP ", "theme": "sport"}