{"id_art": "bd25db74fb4e2f37afc0d8b842ade9ba", "title": "Attentat de Tunis : une video montre les terroristes du musee du Bardo", "newspaper": "LePoint", "author": ["Source AFP"], "date_publi": "2015-03-22", "content": " VIDEO. Les autorites tunisiennes ont diffuse un enregistrement ou l'on voit les deux terroristes dans le musee du Bardo pendant l'attaque. Les autorites tunisiennes ont diffuse samedi soir une video, tiree en partie de cameras de surveillance, montrant les deux assaillants deambulant dans le musee du Bardo, kalachnikov a la main, au moment de l'attentat ayant coute la vie a 21 personnes a Tunis mercredi. D'une duree d'une minute environ, cette video, publiee par le ministere de l'Interieur sur sa page officielle Facebook, debute dans l'une des salles du musee. L'enregistrement mentionne la date de mercredi, a 12 h 9 et une poignee de secondes. On y voit les deux hommes marcher tranquillement, arme a la main, capuche rouge sur la tete pour l'un et casquette a l'envers pour l'autre. Des photos montrent ensuite leur cadavre. L'abdomen d'un premier corps est cercle de rouge pour montrer ce qui parait etre une ceinture d'explosifs. Le second baigne dans le sang. Il est, dans les deux cas, possible de distinguer les visages, plutot juveniles. Puis une autre camera de surveillance les montre, encore vivants, au pied d'un escalier. Ils croisent un homme qu'ils semblent sur le point de mettre en joue, avant de le laisser partir en courant. Un bref echange a pu avoir lieu. Ces deux assaillants ont ete identifies par les autorites comme etant Jabeur Khachnaoui, un lyceen originaire de la region de Kasserine (centre-ouest), et Yassine Laabidi (Abidi), 27 ans, dont la famille vit dans le Grand Tunis. Formes au maniement des armes en Libye selon le gouvernement, ils etaient connus des services de police. Revendiquee par le groupe Etat islamique (EI), cette attaque contre le principal musee du pays, sans precedent depuis la revolution de 2011, a coute la vie a vingt touristes etrangers et un policier tunisien. ", "theme": "monde"}