{"id_art": "7e2297a74d30b8667637b837e3a26364", "title": "Un hommage a \"toutes les victimes du terrorisme\" aux Invalides le 19 septembre", "newspaper": "LePoint", "author": ["Source AFP"], "date_publi": "2016-09-03", "content": " Francois Hollande presidera la ceremonie aux cotes des associations de victimes. La date a ete choisie en reference a l'attentat du DC-10 d'UTA en 1989. Depuis l'attentat de Nice et les polemiques qui l'ont suivi, l'annonce etait attendue. Le president de la Republique rendra hommage << a toutes les victimes du terrorisme >> le 19 septembre aux Invalides, a annonce vendredi la secretaire d'Etat a l'Aide aux victimes. << Le 19 septembre, hommage de Francois Hollande a toutes les victimes du terrorisme dans les jardins de l'intendant de l'hotel national des Invalides >>, a tweete Juliette Meadel. Juliette Meadel a estime sur franceinfo qu'il << etait aujourd'hui absolument necessaire de rendre cet hommage, qui est un hommage global >>, precisant qu'il aurait << lieu aux Invalides >> et que << toutes les victimes d'attentats terroristes, toutes les associations de victimes seront naturellement invitees >>. Le 19 septembre est, a-t-elle ajoute, << une journee qui correspond a un ancien attentat que vous avez connu puisque c'est le DC-10 d'UTA >>. Le 19 septembre 1989, un avion DC-10 francais de la compagnie UTA effectuant la liaison Brazzaville-Paris explosait en vol au-dessus du Niger. L'attentat avait fait 170 victimes, dont 54 Francais. << Moi, je ne crois pas du tout a la concurrence victimaire >>, a encore declare la secretaire d'Etat. << Ce discours du president repond a un besoin de reconnaissance des victimes d'attentats terroristes, a un besoin de solidarite (...) nous avons ete atteints dans notre chair, dans nos valeurs republicaines. La Republique doit donc rendre cet hommage et manifester ainsi sa solidarite et son soutien. >> Lundi, des responsables d'associations de victimes de l'attentat de Nice, ou Juliette Meadel s'est rendue vendredi, avaient annonce que la France rendrait un hommage national, a Nice, aux victimes de l'attentat du 14 Juillet qui a fait 86 morts. ", "theme": "societe"}