{"id_art": "e64ec5f546fa66d93aa492b8c55a6346", "title": "Espagne: les enqueteurs cherchent a savoir pourquoi l'Audi des \"terroristes\" etait en region parisienne", "newspaper": "LePoint", "author": ["AFP"], "date_publi": "2017-08-23", "content": "Les enqueteurs cherchent a savoir pourquoi la voiture utilisee par les auteurs de l'attaque de Cambrils (Espagne) se trouvait en region parisienne les 11 et 12 aout, moins d'une semaine avant les attentats en Catalogne, a indique mercredi le procureur de Paris Francois Molins. \"Les premieres investigations ont permis de determiner que le vehicule Audi A3 utilise par les terroristes (...) se trouvait en France, notamment en region parisienne, les 11 et 12 aout\", a declare le procureur lors d'un point presse. \"Il faut s'attacher a determiner les raisons de ce voyage: pourquoi ils etaient la, est-ce que c'etait pour faire des reperages, est-ce que c'etait pour recuperer des choses, est-ce que c'etait pour rencontrer des gens ?\", a-t-il poursuivi. Ils etaient \"a priori deux ou trois personnes\" a bord de l'Audi A3, ont sejourne dans un hotel a Malakoff et \"sont alles dans un certain nombre de lieux\", a ajoute M. Molins, sans vouloir donner plus de details. Mais, a souligne le procureur, \"personne ne peut penser a l'heure actuelle que ce voyage eclair etait effectue pour acheter un appareil photo a la Fnac\". Le Parisien a revele que l'Audi utilisee lors de l'attaque de Cambrils, qui avait fait un mort et six blesses, a ete \"flashee\" en Essonne le 12 aout, soit moins d'une semaine avant les attaques qui ont coute la vie a 15 personnes a Barcelone et Cambrils. \"Nous essayons de savoir pourquoi les auteurs sont montes a Paris\", a declare plus tot mercredi le ministre de l'Interieur Gerard Collomb lors d'une conference de presse a la Direction generale de la gendarmerie nationale (DGGN) a Issy-les-Moulineaux (Hauts-de-Seine). Il s'exprimait apres la signature avec son homologue espagnol Juan Ignacio Zoido d'un protocole sur la mise en place d'une formation conjointe des gendarmes des deux pays. \"Nous savons qu'une des voitures utilisees est venue en region parisienne\", a-t-il dit, sans plus de precisions. Juan Ignacio Zoido a de son cote affirme: \"Toutes les informations (...) seront communiquees en detail par le juge, toute anticipation pourrait compromettre le cours de l'enquete\". Gerard Collomb a egalement declare que l'imam Abdelbaki Es Satty, soupconne d'avoir radicalise la douzaine de jeunes tenus pour les auteurs des attentats en Espagne, \"s'est rendu en Belgique et voulait devenir imam dans une mosquee de Belgique\". \"Aujourd'hui on voit que la cooperation entre les differents pays europeens est d'autant plus necessaire que les auteurs d'attentats ne connaissent pas de frontieres et que donc, si nous ne coordonnons pas nos forces, nous ne pourrons pas ni prevenir un certain nombre d'attentats, ni arreter leurs auteurs lorsqu'ils ont ete commis\", a-t-il fait valoir. \"Les reseaux aujourd'hui circulent a travers l'Europe. Il est extremement important que nous puissions echanger nos renseignements de maniere a deceler les signaux qui prouvent que ces individus sont prets a passer a l'acte\", a-t-il ajoute. \"La France et l'Espagne ont travaille la main dans la main\", a salue Juan Ignacio Zoido, remerciant \"les services policiers francais de toute la collaboration apportee aux services espagnols\". 23/08/2017 17:38:02 - Paris (AFP) - (c) 2017 AFP ", "theme": "politique"}