{"id_art": "8e664b9f40537d7b20b2988e6f802ab4", "title": "Savoie : un maire se deguise en terroriste", "newspaper": "LePoint", "author": ["6Medias"], "date_publi": "2015-12-24", "content": " Habille d'une parka militaire et d'un bonnet, l'elu s'est rendu dans une ecole pour sensibiliser les eleves aux attaques terroristes. L'idee est pour le moins surprenante. A Coise-Saint-Jean-Pied-Gauthier, en Savoie, le maire de la commune s'est deguise en terroriste pour sensibiliser les enfants d'une ecole aux attaques terroristes, rapporte France Bleu. Et pour cause, depuis les attentats du 13 novembre, le ministere de l'Education demande aux ecoles de mettre en place des exercices de confinement, dans toutes les classes. Pour que l'exercice soit le plus realiste possible, Bernard Frison, le dirigeant de cette petite ville de 1 000 habitants, a revetu un bonnet ainsi qu'une parka militaire. C'est au moment de la sieste, un lundi apres-midi, debut decembre, que le faux terrorise a fait irruption dans l'ecole, precise le site d'informations. Si les maternelles dorment a poings fermes, les plus grands, eux, sont en classe. Tres vite, l'alerte est donnee. Une corne de brume retentit, prevenant les enfants qu'il faut aller se cacher. << J'ai essaye de rentrer pour voir si la porte etait obstruee, si elle resistait >>, a raconte a la radio le maire de la ville. Et d'ajouter : << C'etait impressionnant, quand vous pensez qu'il y a 140 enfants dans l'ecole, on entendait les mouches voler. >> Si la methode a ete validee par l'Academie et par le representant des parents d'eleves, l'exercice a tout de meme provoque quelques pleurs chez les petits. Mais pour le president de l'association, << c'est un bon exercice, on ne sait jamais ce qu'il peut arriver, meme en Combe de Savoie >>. ", "theme": "societe"}