{"id_art": "1d90b23cd488ea9f39d7dee64c7c8945", "title": "Attentats : un Francais parmi les terroristes", "newspaper": "LePoint", "author": ["Source AFP"], "date_publi": "2015-11-14", "content": " Selon des sources policieres, le corps d'un Francais, connu des services de renseignements, a ete identifie au Bataclan. Il pourrait etre l'un des terroristes. L'enquete commence a peine, mais le corps d'un Francais connu des services de renseignement, tres probablement l'un des assaillants de la salle de concert du Bataclan ou plus de 80 personnes ont ete tuees vendredi soir, a ete identifie, a-t-on appris de sources policiere et proche du dossier. Ces sources n'ont pas precise son identite ni son parcours. Huit assaillants sont morts, dont sept en se faisant exploser, dans ces attaques perpetrees vendredi soir a Paris dans la salle de concert du Bataclan, dans plusieurs rues du coeur de la capitale et pres du Stade de France a Saint-Denis, au nord de Paris, qui ont fait au moins 128 morts. La \"piste syrienne\" est l'une des hypotheses de travail des enqueteurs, ont souligne les sources policieres, precisant que des verifications etaient effectuees en lien avec des services de renseignements etrangers, notamment europeens. Un passeport syrien a ete retrouve pres de l'un des auteurs des attaques, ce qui pose clairement la question d'un eventuel sejour en zone de djihad d'autres membres du commando et leur entrainement. D'ores et deja, une source policiere evoque \"des types aguerris a premiere vue et parfaitement entraines, que les temoins decrivent comme assez jeunes et surs d'eux\". ", "theme": "societe"}