{"id_art": "5d9cf2de9025137b8af1b138a272a6ca", "title": "Loi contre le terrorisme : retour sur un consensus etonnant", "newspaper": "LePoint", "author": [" Marc Leplongeon"], "date_publi": "2012-12-27", "content": " Manuel Valls s'est appuye sur l'affaire Merah pour obtenir l'approbation des parlementaires. Son texte n'est pourtant pas exempt de critiques. Manuel Valls a decidement marque de son empreinte l'annee 2012. Tres apprecie a gauche, le premier flic de France est egalement plebiscite par une partie de l'electorat de droite. Grace a lui, le theme securitaire n'est plus l'epouvantail des socialistes. Le prouve cette nouvelle loi sur la securite et la lutte contre le terrorisme qui a recueilli au Parlement les voix du PS, mais egalement celles de l'UMP et du FN. Les Verts ont vote a l'Assemblee et se sont abstenus au Senat. Seule l'extreme gauche n'a pas approuve le texte. D'apres Jacques Mezard (PRG), rapporteur au Senat, il n'y a rien d'etonnant a cela. \"C'est un texte raisonnable protecteur des libertes\", soutient-il. Le premier objectif de la loi est de repondre a une situation illustree par l'affaire Merah : \"Poursuivre plus efficacement les personnes ayant participe a des camps d'entrainement terroriste a l'etranger\", expliquait-on debut octobre en conseil des ministres. Sanctionner les gens qui se rendent a l'etranger pour y suivre un entrainement militaire terroriste n'est pas nouveau. La loi antiterroriste de 2006 prevoyait deja le delit d'\"association de malfaiteurs en relation avec une entreprise terroriste\". Mais Manuel Valls a elargi la competence des tribunaux francais. Ils pourront desormais se saisir de tous les delits lies au terrorisme des qu'un Francais ou une personne \"residant habituellement sur le territoire francais\" est implique. Le ministre de l'Interieur s'assoit ainsi sur certains principes bien ancres dans notre droit. La plainte de la victime n'est, par exemple, plus necessaire pour engager des poursuites. La denonciation officielle de l'auteur des faits par le pays etranger ne l'est pas non plus. Enfin, la regle de la double incrimination (pour sanctionner des faits en France, il faut qu'ils soient egalement punissables dans le pays ou ils ont ete commis) disparait aussi du vocabulaire. D'apres l'Union syndicale des magistrats (USM), \"cette extension de competences n'est pas en conformite avec le droit international\". \"Il aurait fallu un controle du Conseil constitutionnel pour s'en assurer\", ajoute-t-elle. Mais ce texte, qui a ete promulgue vendredi par Francois Hollande, a ete adopte dans l'urgence. Presente en conseil des ministres en octobre 2012, le texte a ete vote en procedure acceleree (une seule lecture par chambre). La Commission nationale consultative des droits de l'homme (CNCDH) s'est irritee de cette pratique. \"La procedure acceleree ne permet pas un fonctionnement normal du Parlement et une prise en compte satisfaisante des droits et libertes. [...] La CNCDH n'a pu adopter un avis en temps utile\", ecrit-elle dans un avis rendu public le jour de la promulgation de la loi. Jacques Mezard balaie la remarque : \"Je suis le premier a critiquer le recours abusif a cette procedure, mais dans le cas present elle etait justifiee, explique-t-il. Il fallait imperativement un texte a la fin de l'annee, car la loi de 2006 sur le terrorisme arrivait a expiration. Nous l'avons donc reconduite jusqu'a 2015.\" La loi de 2006 donne aux forces de l'ordre le pouvoir d'acceder a un certain nombre de fichiers informatiques, et ce, dans l'objectif de prevenir les actes de terrorisme. Elle permet egalement a la police d'obtenir aupres des operateurs telephoniques des donnees sur leurs clients (fadettes, par exemple). Le fait que les socialistes aient vote la loi est d'autant plus etonnant qu'ils s'etaient refuses a le faire en 2006. A l'epoque, le ministre de l'Interieur qui en etait a l'origine etait alors... Nicolas Sarkozy. La CNCDH considere que certaines mesures de la loi Valls ne visent pas a \"lutter contre le terrorisme, mais bien a lutter contre l'immigration clandestine\". Selon elle, il en va par exemple ainsi de la possibilite offerte aux policiers de mener des controles d'identite dans les \"trains effectuant des liaisons internationales\". La CNCDH juge egalement insuffisant le delai d'un mois dont dispose la commission dite d'expulsion (Comex) pour se prononcer. Avant qu'un etranger ne soit expulse, il doit en effet etre entendu par cette commission (composee de trois magistrats). L'USM avait reclame que ce delai, autrefois fixe par decret, soit inscrit dans la loi. La CNCDH affirme que les parlementaires en ont profite pour le raccourcir. De tels delais \"peuvent avoir pour effet d'empecher en pratique la commission de se reunir\", ecrit-elle. Jean-Claude Paye, sociologue belge, explique sur Oumma.com que l'objectif de cette loi est de prolonger \"l'effet de sideration\" qui a suivi l'affaire Merah. D'apres lui, la demarche de Manuel Valls est identique a celle de son predecesseur. Claude Gueant avait en effet declare a propos de l'affaire Merah : \"En France, on ne defere pas a la justice des gens pour des intentions, pour des idees salafistes. On ne peut arreter les gens que pour des faits.\" Puis il avait finalement retropedale, preparant un texte comparable a celui que Manuel Valls a fait voter a l'Assemblee. Pour Jacques Mezard, ces critiques ne sont pas fondees : \"La loi de Manuel Valls n'est ni une loi de circonstance ni une loi mediatique.\" ", "theme": "societe"}