{"id_art": "c8b49ae29ca3b64abe7301e029d65883", "title": "Menace terroriste: un mineur arrete samedi a Paris", "newspaper": "LePoint", "author": ["AFP"], "date_publi": "2016-09-11", "content": "Un mineur de quinze ans a ete arrete samedi a Paris sur fond de menace terroriste tres forte, apres le demantelemement cette semaine d'un commando de femmes qui projetaient des attentats jihadistes, a-t-on appris dimanche de sources proches de l'enquete. L'adolescent, interpelle dans le XIIe arrondissement de la capitale, est actuellement entendu en garde a vue par les policiers de la Direction generale de la securite interieure (DGSI) a Levallois-Perret (Hauts-de-Seine), pres de Paris. \"Il est interpelle car on s'interroge sur un possible passage a l'acte en reponse aux appels a attaquer la France depuis la Syrie\", selon une source. Les enqueteurs s'interessent particulierement au jihadiste francais du groupe Etat islamique (EI) Rachid Kassim, qui depuis la zone irako-syrienne et via internet appelle regulierement a frapper la France. Le procureur de Paris Francois Molins avait deja estime que le commando de femmes demantele cette semaine etait \"teleguide depuis la Syrie\" par des jihadistes de l'EI. L'enquete sur un attentat avorte a la voiture piegee a Paris ainsi que sur d'autres projets d'attaques a conduit jusqu'ici a la mise en examen samedi d'une jeune femme, Ornella G., et a plusieurs interpellations. Le Premier ministre Manuel Valls a prevenu dimanche sur Europe 1 que la menace terroriste restait \"maximale\" pour la France, touchee depuis 2015 par une serie d'attentats meurtriers. 11/09/2016 13:43:34 - Paris (AFP) - (c) 2016 AFP ", "theme": "societe"}