{"id_art": "f6adc8873467d4260a88f7e79ded171f", "title": "Securite, terrorisme: Melenchon vante le \"serieux\" de ses propositions", "newspaper": "LePoint", "author": ["AFP"], "date_publi": "2016-11-10", "content": "Jean-Luc Melenchon a propose jeudi une refonte totale de la police et du renseignement, vantant le \"serieux\" de ses solutions en matiere de securite et de terrorisme face a celles de l'extreme droite. Le candidat a la presidentielle s'est presente comme un meilleur \"point d'appui\" que l'extreme droite pour les policiers et militaires, dans son long discours de cloture d'une matinee de travail sur les questions de securite et d'anti-terrorisme. \"J'ai trop souffert qu'on laisse croire que nous serions ceux qui sont les desinvoltes sur ces questions, ce n'est pas vrai, c'est le contraire, c'est nous les plus serieux\", a assure M. Melenchon: \"on peut choisir de voter pour la solution d'extreme droite dans la police et dans l'armee, comme on le fait dans toute la societe, mais je veux qu'on sache qu'on peut aussi choisir l'extreme Republique que j'incarne\". Tres severe envers la politique actuelle de maintien de l'ordre, en particulier l'etat d'urgence, la \"politique du chiffre\" et les suppressions de postes, le candidat a estime que le manque de moyens n'etait \"pas le seul aspect qui revele l'effondrement de l'autorite de l'Etat republicain\". \"C'est aussi la doctrine d'emploi des forces et des institutions qui participent de la vie de la nation\", a-t-il developpe. Pour lui, ce sont \"les +pareil au meme+, les +pire en pire+ que sont les siamois du Parti socialiste et des Republicains qui ont amene l'Etat a ce point de decomposition\" - autrement dit Nicolas Sarkozy entre 2007 et 2012 et Francois Hollande depuis sont egalement responsables de la situation actuelle. \"Rien de ce qu'ils ont entrepris n'a marche, tout echoue continuellement\", a-t-il tranche. Il propose donc de \"refonder\" la politique de securite publique sur la base du triptyque \"prevention, dissuasion, sanction\", selon le texte provisoire d'un livret programmatique intitule \"Securite: retour a la raison\". Il s'agit de \"montrer a la population que les taches de police se font dans l'interet general\", avec la mise en place du recepisse de controle d'identite, l'amelioration de l'accueil du public ou encore l'interdiction des tasers et des flashball. \"Coalition universelle\" Il signale au passage qu'a l'heure actuelle, la repartition des forces de l'ordre sur le territoire \"ressemble de tres pres a la carte des zones riches et des zones pauvres\", les depots de plainte etant \"plus faciles\" dans les premieres et les controles d'identite \"plus rapides\" dans les secondes. Jean-Luc Melenchon propose egalement d'\"unifier les forces de police dans un meme corps constitue\", appele \"garde republicaine citoyenne\". \"Certaines unites de la gendarmerie continueront a etre militaires\", comme la protection des institutions de l'Etat ou des sites sensibles, precise le programme mais \"il est temps que les militaires de l'operation Sentinelle rentrent dans leurs casernes\", estime le depute europeen, qui defend en revanche la rehabilitation de la police de proximite. Au dela, le candidat souhaite re-specialiser les services de renseignement et augmenter leurs effectifs pour eviter \"la proliferation de l'illusion technique\": il s'agit de privilegier la surveillance humaine aux depens de la surveillance numerique. \"Nous devons tenir bon collectivement pour mettre l'intelligence, la raison et le droit commun republicain au coeur de nos analyses et de nos solutions politiques\", affirme le programme. Sur les questions anti-terroristes, M. Melenchon a a nouveau defendu la paix comme \"meilleur moyen d'eradiquer le terrorisme\". \"Si le terrorisme existe, c'est toujours en lien avec un conflit\", a-t-il explique, condamnant les \"circuits bancaires\", \"les societes\" et les \"Etats\" qui participent au financement de Daech. Designant directement la Turquie, il a estime que \"nous ne pouvons pas etre allies avec des gens qui organisent, financent des meurtres chez nous\". Mais il a egalement cite les Etats du Golfe, appelant de ses voeux une \"coalition internationale\" contre Daech. \"Des lors qu'il y aura une coalition universelle, je fais le pari que l'ennemi n'existera plus car on trouvera dans la coalition ceux qui le paient et qui donc cesseront de le faire\", a-t-il raisonne. 10/11/2016 19:07:32 - Paris (AFP) - (c) 2016 AFP ", "theme": "politique"}