{"id_art": "e2698ca560b1ab68420f19990ed41804", "title": "Attentat du Bataclan : plainte contre l'entreprise de securite", "newspaper": "LePoint", "author": [" Beatrice rino"], "date_publi": "2017-05-06", "content": " INFO LE POINT.FR. Le 13 novembre 2015, certains agents de securite n'avaient pas, en effet, de carte professionnelle, obligatoire pour exercer ces fonctions. Des victimes de l'attentat du 13 novembre 2015 au Bataclan, durant lequel 90 personnes ont trouve la mort et des dizaines d'autres ont ete blessees, ont decide de porter plainte contre l'entreprise privee chargee de la securite ce soir-la ainsi que contre certains de ses salaries. Des elements de l'enquete ont fait apparaitre qu'ils n'exercaient pas tous dans les regles. Certains agents en poste le 13 novembre 2015 n'avaient pas, en effet, de carte professionnelle, obligatoire pour exercer ces fonctions. << Cela peut paraitre un detail. Mais pour les victimes, c'est une accumulation de details sur la securite du Bataclan qui commence a faire beaucoup >>, souligne l'avocat Bernard Benaiem, qui represente une quinzaine de victimes dans ce dossier. Certains s'interrogent aussi sur le fait que l'etablissement apparaissait comme cible potentielle, et sur le niveau de protection mis en place autour au Bataclan. << Il faut comprendre la psychologie des victimes. Au debut, elles etaient tres entourees et puis, le temps passant, d'autres attentats frappant le territoire, elles peuvent se sentir livrees a elles-memes. Elles peuvent avoir l'impression d'etre des victimes a vie. >> ", "theme": "societe"}