{"id_art": "593c26ee95f52201f9ea72094f1a384f", "title": "Le terrorisme, 1ere preoccupation des Francais, selon une enquete", "newspaper": "LePoint", "author": ["AFP"], "date_publi": "2016-12-07", "content": "La vague d'attentats de 2015 a change le regard des Francais en matiere d'insecurite: le terrorisme est desormais leur premiere source de preoccupation, selon une vaste enquete annuelle publiee mercredi. L'Observatoire national de la delinquance et des reponses penales (ONDRP) et l'Institut national de la statistique (Insee) ont rendu publique leur dixieme enquete annuelle, consistant a sonder plus de 15.000 personnes de 14 ans et plus sur leur ressenti de l'insecurite et sur les faits de delinquance dont ils se disent victimes mais pour lesquels ils ne portent pas automatiquement plainte. Les resultats, qui tranchent souvent avec les statistiques officielles, portent sur l'annee 2015, marquee par les attentats jihadistes de janvier contre Charlie Hebdo et l'Hyper Cacher et ceux du 13 novembre. Quand on les interroge plus generalement sur le \"probleme le plus preoccupant\" a leurs yeux, le terrorisme bondit, a 30,4%, pour se retrouver quasiment au meme niveau que le chomage (30,9%). Il y a un an, le terrorisme n'etait cite en tete que par 17,7% des Francais (et seulement 5% auparavant), loin derriere le chomage (38,3%). En revanche, la proportion de personnes declarant ressentir de l'insecurite chez eux ou dans leur quartier baisse, passant de 21% a 19,5% en un an, selon l'ONDRP. En matiere de delinquance, les vols de vehicules a moteur ainsi que les actes de vandalisme contre des voitures continuent a baisser, tout comme les vols sans violence, de maniere assez marquee. Les violences physiques, hors menage, declarees par les femmes sont en revanche en augmentation. Pres de 60 victimes de ces violences sur 100 sont en effet des femmes, celles-ci ayant souvent lieu au travail de la part d'usagers ou de clients, selon l'ONDRP. - La cybercriminalite \"veritable fleau\" - En outre, deux tiers des violences au sein du menage (65%) visent les femmes, toujours selon les personnes sondees. \"Il se confirme, comme ces dernieres annees, que le nombre de femmes victimes\" de la delinquance \"est toujours tres important, que ce soit dans ou hors du menage\", a commente a l'AFP Cyril Rizk, criminologue et l'un des responsables de l'ONDRP. La hausse la plus forte concerne la cybercriminalite, s'illustrant par des retraits frauduleux sur les comptes bancaires. Le nombre de menages se declarant victimes atteint ainsi plus de 1,1 million en 2015, contre moins de 900.000 en 2014. L'enquete souligne que 500.000 menages s'etaient declares victimes en 2010. \"La cybercriminalite est devenue un veritable fleau\", juge M. Rizk, prenant par exemple le pas sur les vols de voiture voire les cambriolages qui etaient un point noir il y a encore quelques annees. \"Le delinquant n'a pas besoin de sortir de chez lui maintenant!\", ajoute-t-il. \"L'automobile est de moins en moins souvent l'objet par lequel le patrimoine des menages est atteint. Desormais, ce dernier est davantage expose a des actes de cybercriminalite qui sont en pleine croissance\", selon l'enquete. Enfin, les Francais jugent d'un bon oeil l'action des forces de l'ordre, avec plus de 59% de \"satisfaits\" ou de \"tres satisfaits\". La bonne perception des forces de l'ordre, selon Cyril Rizk, est sans doute a mettre en rapport avec la crainte du terrorisme: \"Les Francais ont envie d'etre proteges et savent qu'elles sont en premiere ligne\". 07/12/2016 12:18:40 - Paris (AFP) - (c) 2016 AFP ", "theme": "societe"}