{"id_art": "1343dc85dede3fe1286622d78e627c0d", "title": "VIDEO. Manuel Valls accuse la droite du \"retour du terrorisme\"", "newspaper": "LePoint", "author": ["Source SIPA"], "date_publi": "2012-11-13", "content": " Le ministre de l'Interieur a provoque l'interruption de la seance des questions au gouvernement a l'Assemblee nationale. Interpelle par l'UMP Eric Ciotti sur les chiffres \"catastrophiques\" de la delinquance au mois d'octobre, Manuel Valls a provoque mardi un incident de seance a l'Assemblee nationale en accusant la droite d'etre a l'origine du \"retour du terrorisme\" en France. \"C'est vous qui avez echoue et les Francais aujourd'hui paient dix ans d'une politique de securite faite de lois qui n'ont servi a rien, qui n'ont pas ete appliquees\", a lance le ministre de l'Interieur lors de la seance des questions au gouvernement. \"L'esbroufe, c'est vous ; l'echec, c'est vous ; la hausse de la delinquance, c'est vous ; les suppressions de postes de policiers et de gendarmes, c'est vous ; le retour du terrorisme dans ce pays, c'est vous ; la division des Francais, c'est vous !\" a-t-il enchaine, suscitant une bronca dans les rangs des deputes de droite, qui se sont leves pour quitter l'Hemicycle. \"Eric Ciotti, vous n'avez pas protege les Francais (...) ni dans la delinquance au quotidien ni sur l'essentiel\", a encore assene Manuel Valls dans un brouhaha indescriptible. \"Alors ne nous donnez aucune lecon !\" Le president PS de l'Assemblee, Claude Bartolone, a tente de retablir le calme avant de lever la seance, alors que des deputes UMP s'approchaient des bancs des ministres. REGARDEZ Valls accuse l'opposition a l'Assemblee : ", "theme": "politique"}