{"id_art": "aeeff31de0a46df59a5488fc1ce01496", "title": "Turquie: arrestations pour \"propagande\" en lien avec l'offensive en Syrie", "newspaper": "LePoint", "author": ["AFP"], "date_publi": "2018-01-22", "content": "Les autorites turques ont arrete lundi 24 personnes soupconnees d'avoir fait de la \"propagande terroriste\" sur les reseaux sociaux contre l'offensive que mene Ankara contre une milice kurde en Syrie, a annonce lundi le ministre de l'Interieur turc tandis que Human Rights Watch (HRW) rapportait 30 arrestations. Ces personnes ont ete interpellees dans le cadre d'un coup de filet mene a travers la Turquie contre des internautes soupconnes de vouloir ternir l'image de l'operation militaire, a rapporte l'agence de presse etatique Anadolu, citant le ministere de l'Interieur. Ces arrestations surviennent alors que la Turquie mene depuis samedi, dans le nord de la Syrie, une offensive contre les Unites de protection du peuple (YPG), une milice kurde qualifiee de \"terroriste\" par Ankara. Mais les YPG sont soutenues par les Etats-Unis qui voient en cette milice une force combattante efficace pour lutter contre le groupe Etat islamique (EI). Les YPG ont ete le fer de lance de la prise, l'an dernier, de Raqa, bastion des jihadistes en Syrie. Anadolu avait rapporte lundi matin l'emission de 57 mandats d'arret par un procureur d'Istanbul contre des personnes soupconnees notamment de \"propagande terroriste\" et d'\"insulte au president\" sur Internet en lien avec l'offensive turque en Syrie. Il n'etait pas clair dans l'immediat si les 24 personnes interpellees l'ont ete dans le cadre de cette procedure. Les medias faisaient etat de l'ouverture d'enquetes dans plusieurs province de la Turquie, en particulier dans le sud-est a majorite kurde. De leur cote, l'agence de presse Dogan et l'organisation Human Rights Watch ont rapporte que 30 personnes avaient ete arretees a Diyarkabir, chef-lieu du sud-est anatolien a majorite kurde, en raison de leurs publications sur les reseaux sociaux. Parmi les personnes retenues en garde a vue se trouvait l'ecrivaine et militante des droits de l'homme Nurcan Baysal, arretee dimanche soir a son domicile, selon un communique de HRW. \"Aucun des tweets de Mme. Baysal n'encourage la violence\", a declare Emma Sinclair-Webb de HRW, ajoutant que la militante defendait depuis longtemps la voie du dialogue pour mettre fin a des decennies de conflit entre le gouvernement turc et le Parti des travailleurs du Kurdistan (PKK) qui mene une sanglante guerilla sur le sol turc depuis 1984. Les reseaux sociaux sont particulierement surveilles en Turquie, qui se classe regulierement en tete des pays demandant le retrait de contenus sur Twitter. Selon la chaine de television publique TRT, le procureur general de Van (sud-est) a ouvert une enquete contre quatre deputes du principal parti prokurde de Turquie, le HDP, qui avaient appele sur Twitter a manifester contre l'offensive turque. La police turque a empeche dimanche le deroulement de deux manifestations contre l'operation, l'une a Istanbul, ou sept personnes ont ete arretees, et l'autre a Diyarbakir. Le president turc Recep Tayyip Erdogan a prevenu dimanche que quiconque manifesterait contre l'offensive a l'appel du HDP paierait \"un prix tres eleve\". 22/01/2018 22:57:38 - Istanbul (AFP) - (c) 2018 AFP ", "theme": "monde"}