{"id_art": "b7f8ee14689b674e28acba7f7255b8e8", "title": "Terrorisme : Francois Hollande et le champ de bataille lexical", "newspaper": "LePoint", "author": [" Jean Guisnel"], "date_publi": "2016-07-21", "content": " VIDEO. Face aux attentats et a la menace de Daech, le president de la Republique a totalement modifie le discours militaire traditionnel. Comment reagir ? Comment montrer que l'on est en mesure de ne pas se laisser imposer le tempo infernal des actions terroristes ? La reponse de Francois Hollande, chef de l'Etat occidental devenu la cible principale du djihadisme radical, n'est autre que le recours a la frappe militaire. \"Nous devons etre capables de repondre aux attaques par la force lorsque nous sommes obliges de l'utiliser\", declarait-il dans son adresse a la nation du 9 janvier 2015, deux jours apres les attentats contre Charlie Hebdo et l'Hyper Cacher. Le 13 juillet, devant les representa... Deja abonne ? Pas encore abonne ? Consultez notre dossier : Carnage a Nice ", "theme": "politique"}