{"id_art": "64ab32a2c3f5f167b871d25b8451dca6", "title": "Attentats en Espagne: des familles de vacanciers dechirees par la mort", "newspaper": "LePoint", "author": ["AFP"], "date_publi": "2017-08-18", "content": "A Barcelone, des familles ont ete separees brutalement par l'attentat mene avec une camionnette meurtriere qui a fauche jeudi des dizaines de pietons: certaines se cherchent toujours, tandis que d'autres, deja en deuil, sont revenues sur les Ramblas pour des hommages. \"Disparu\". Sur la photo, un petit garcon tout sourire, T-shirt vert. \"S'il vous plait partagez\": Tony Candman supplie les internautes de l'aider a retrouver son petit-fils de sept ans, disparu depuis l'attentat qui a tue 13 personnes sur l'allee centrale de l'avenue la plus celebre de la capitale catalane. \"Nous avons retrouve Jom (ma belle-fille), elle est a l'hopital\" explique-t-il sur Facebook. \"Julian a sept ans et etait avec elle quand ils ont ete separes, apres l'attaque terroriste. S'il vous plait, partagez si vous avez de la famille ou des amis a Barcelone\". La publication, reprise plus de 105.000 fois, est un exemple parmi d'autres du desespoir de personnes a la recherche de leurs proches, ou de ceux qui ont deja commence leur deuil apres les deux attentats et Barcelone et Cambrils, qui ont fait 14 morts et plus de 120 blesses. Au moins 35 nationalites figurent parmi les victimes, selon un bilan provisoire de la protection civile catalane. L'attaque de Barcelone a eu lieu jeudi a 16H50. Les temoins decrivent une camionnette roulant a toute vitesse, fendant la foule, laissant derriere elle des corps inanimes, tandis que d'autres cherchaient par tous les moyens a fuir la trajectoire du vehicule. Bruno Gulotta, un Italien de 35 ans, a ete heurte de plein fouet par le vehicule alors qu'il tenait par la main son fils de 5 ans, a explique sa compagne Martina Gulotta aux medias italiens. Elle-meme portait leur fille de un an dans un porte-bebe et a reussi a tirer l'aine pour le sauver. La mort de Bruno Gulotta a ete annoncee par son employeur, l'entreprise informatique Tom's Hardware, qui a publie un message sur son site internet en denoncant \"un terroriste infame\". Ses collegues louent sa gentillesse et sa generosite dans le communique: \"Nous nous mettons a la place du petit Alessandro, qui est sur le point d'entrer a l'ecole primaire et dont la vie ne sera plus jamais la meme. Et nous pensons a Aria, un bebe, qui ne connaitra jamais son pere\". Une famille belge a ete egalement aneantie : \"Le pere et les deux enfants ont vu leur femme et mere mourir sous leurs yeux\", a indique la municipalite de Barcelone. La soeur de Luca Rosso, un Italien de 25 ans blesse dans l'attentat de Barcelone, a publie sur Facebook une photo du jeune homme souriant, ainsi que des images tirees d'une video ou l'on voit un homme en short, inerte et ensanglante, le visage masque par un passant qui tente de lui porter secours. \"Aidez-moi a le ramener a la maison, je vous en prie\", ecrit-elle. A la cafeteria de l'hopital Mar a Barcelone, la famille d'un Espagnol blesse dans l'attaque grignote des sandwiches, les yeux embues de larmes, visages tires. \"C'est un tres, tres mauvais moment\", lache une des femmes du groupe, sans rien ajouter. Quand a ceux qui sont encore ensemble, ils restent sideres. Sur les Ramblas, enlacee a son mari, Encarna Salas Moreno, couturiere catalane de 53 ans, se tient derriere sa fille qui pleure discretement, epaulee par une jeune cousine: \"Ma fille etait ici hier\", explique-t-elle. \"Peut-etre est-elle vivante par miracle, elle venait d'un peu plus bas et elle est partie en courant par une ruelle\". \"Les Ramblas pleurent mais sont vivantes\", tente de reconforter une pancarte sur la grande avenue descendant vers la mer, ou un jeune homme pleure en deposant une petite guitare verte parmi les objets et les petits mots laisses par les passants. Une femme a son cote explique qu'il fait partie de la famille d'un enfant de 4 ans de la region tue dans l'attentat. \"On ne s'attendait pas a une telle multitude, le jour suivant\" le drame, confie Sergio Lopez, 36 ans, fils du gerant d'un kiosque de souvenirs qui a choisi d'ouvrir vendredi apres avoir vu le vehicule faucher les promeneurs devant ses etals. \"Les gens viennent comme pour chercher le regard des uns et des autres\". 18/08/2017 21:44:07 - Barcelone (AFP) - (c) 2017 AFP ", "theme": "monde"}