{"id_art": "8698205bc2b79d0769e2482b57dd3f6c", "title": "Autriche : \"La peur du terrorisme fait le jeu de l'extreme droite\"", "newspaper": "LePoint", "author": ["Propos recueillis par Yves Cornu"], "date_publi": "2016-12-04", "content": " Le deuxieme tour de la presidentielle qui se rejoue dimanche pourrait favoriser Norbert Hofer. Decryptage avec Danny Leder, journaliste au quotidien \"Kurier\". Le Point : Quels sont les facteurs qui pourraient donner un resultat inverse de celui enregistre il y a sept mois ? Danny Leder : Le resultat avait ete tres serre avec 50,3 % des suffrages pour Van der Bellen (le candidat ecologiste, NDLR), soit 31 000 voix d'avance. Or, depuis, le corps electoral a evolue. Des electeurs sont morts et un certain nombre de jeunes qui ont atteint l'age legal de voter, 16 ans, se sont inscrits sur les listes electorales. A la marge, cela peut jouer. Par ailleurs, le contexte a change. La victoire de Donald Trump aux Etats-Unis a ete saluee par le FPO et cela peut avoir un effet d'entrainement, meme si sa personnalite outranciere ne constitue pas un argument electoral aux yeux des Autrichiens. LIRE aussi : Autriche : le vert ou le brun Le Brexit est-il lui aussi susceptible de peser sur le scrutin ? Oui, mais pas dans le sens attendu. Dans un premier temps, Norbert Hofer avait envisage un referendum, suivant ainsi l'exemple britannique, mais il a change d'avis. Le cafouillage du gouvernement dirige par Theresa May et les menaces que le Brexit fait peser sur l'economie britannique ont fait l'effet d'une douche froide en Autriche, qui est tres dependante de ses exportations. Hofer s'efforce desormais d'apparaitre comme quelqu'un qui ne remet aucunement en question l'Union europeenne. Sur cette question, il a meme ete oblige de prendre ses distances avec Marine Le Pen, qui est pourtant la principale alliee du FPO en Europe. Au bout du compte, quel serait l'element susceptible de garantir la victoire du candidat d'extreme droite ? La peur du terrorisme. Les Autrichiens, comme beaucoup d'autres Europeens, ont ete traumatises par l'attentat islamiste de Nice et ses 95 morts, le 14 juillet. Depuis 2015, le pays a accueilli environ 140 000 refugies, soit plus que l'Allemagne, par rapport au nombre d'habitants. Hofer insiste sur le fait que certains des auteurs des attentats en France s'etaient glisses parmi le flot des refugies. Par ailleurs, certains faits divers impliquant des immigres ou leurs enfants, notamment des rixes entre jeunes Afghans et Tchetchenes a Vienne, sont montes en epingle par les puissants tabloids autrichiens et jouent en faveur de Hofer. Il semble etonnamment modere pour un candidat d'extreme droite. V eritable recentrage ou simple operation cosmetique destinee a gagner les elections ? Il s'efforce de tenir des propos consensuels. Son parti, dont les origines remontent a un regroupement d'anciens nazis impenitents dans l'apres-guerre, a surtout tente recemment de se debarrasser de son passe antisemite. Le FPO a ainsi organise une ceremonie a la memoire des victimes de la Nuit de cristal de novembre 1938 (le debut des pogroms generalises sous Hitler), en presence d'un Israelien qui avait mene la traque d'Adolf Eichmann. Le FPO est aussi aujourd'hui le parti autrichien le plus pro-israelien de par son soutien au gouvernement de Benjamin Netanyahu. A l'inverse, Hofer s'est permis des attaques contre les musulmans qui debordent largement le seul cadre de la lutte contre l'islamisme ou le djihadisme. Lors d'un meeting au Tyrol, il a declare qu'il ne connaissait << aucun musulman travaillant dans le domaine des soins aux personnes agees et qui serait dispose a changer les couches des vieux >>. C'est delirant. Beaucoup d'organismes de sante ont vivement reagi et ont apporte la preuve du contraire. Je peux d'ailleurs en temoigner : ma mere nonagenaire est dans une maison medicalisee de la ville de Vienne ; des soins lui sont prodigues, entre autres, par deux Tunisiens et une Algerienne. ", "theme": "europe"}