{"id_art": "0eff21a1216c510bcc0b3bd27830e855", "title": "Sarkozy:  le terrorisme ne \"fracturera\" pas la communaute francaise", "newspaper": "LePoint", "author": [""], "date_publi": "2012-03-21", "content": "Le president Nicolas Sarkozy a estime mercredi que le \"terrorisme\" ne parviendrait \"pas a fracturer notre communaute nationale\" et a appele a ne \"ceder ni a l'amalgame ni a la vengeance\", apres l'identification de l'auteur presume des tueries de Toulouse et Montauban. \"Je le dis a la Nation tout entiere, nous devons etre rassembles. (...) Le terrorisme ne parviendra pas a fracturer notre communaute nationale\", a affirme le chef de l'Etat dans une allocution. \"Nous ne devons ceder ni a l'amalgame ni a la vengeance\", a ajoute M. Sarkozy, qui venait de recevoir les representants des communautes juive et musulmane. Nicolas Sarkozy a annonce qu'il allait se rendre a Toulouse ce mercredi dans l'apres-midi, \"au chevet des victimes et des policiers blesses\" dans l'operation de police menee dans cette ville contre l'homme soupconne des tueries. \"Je presiderai cet apres-midi a Montauban la ceremonie d'hommage national qui doit etre rendu a nos soldats assassines\", a declare le chef de l'Etat lors d'une breve allocution a l'Elysee. \"Auparavant, je me rendrai a Toulouse au chevet des victimes et des policiers blesses\", a-t-il ajoute. ", "theme": "societe"}