{"id_art": "5ff6878310f91177fd50eff37f8ea8be", "title": "Salah Abdeslam mis en examen pour assassinats a caractere terroriste", "newspaper": "LePoint", "author": [" Le Point.fr"], "date_publi": "2016-04-27", "content": " Salah Abdeslam a ete place en detention provisoire a Fleury-Merogis. Il ne sera pas interroge avant le 20 mai sur le fond du dossier. Salah Abdeslam, presente comme seul survivant du commando djihadiste qui a commis les attentats du 13 novembre a Paris et Saint-Denis, a ete mis en examen mercredi, notamment pour assassinats en relation avec une entreprise terroriste et association de malfaiteurs, et incarcere. Il est poursuivi pour assassinats et tentatives d'assassinats en bande organisee en relation avec une entreprise terroriste, participation a une association de malfaiteurs en vue de la preparation d'un ou plusieurs crimes d'atteinte aux personnes ou encore << sequestration >> pour les faits relevant du Bataclan, precise le procureur de Paris Francois Molins dans un communique. << Il a ete place en detention provisoire a Fleury-Merogis >>, a de son cote annonce Frank Berton, precisant que son client serait interroge le 20 mai sur le fond du dossier. La cellule de Salah Abdeslam est << equipee d'un dispositif de videosurveillance >>, a precise le ministre de la Justice Jean-Jacques Urvoas. << Pour aujourd'hui (il a dit qu') il souhaitait garder le silence, qu'il s'expliquerait ulterieurement et qu'il etait fatigue par son transfert >>, a ajoute l'avocat. Franck Berton a dit avoir << beaucoup reflechi avant d'accepter ce dossier >>. << J'ai rencontre M. Abdeslam en maison d'arret. Nous avons etabli une ligne de defense qu'il impulse lorsqu'il dit notamment au juge d'instruction : je m'expliquerai ulterieurement. Il est important qu'on sache qu'il a envie de s'expliquer. >> Avec le transferement de Salah Abdeslam, << la justice est en route >>, s'est felicite Jean Reinhart, avocat d'une trentaine de familles de victimes. Sans s'attendre a << une veritable collaboration >>, sa consoeur Samia Maktouf, conseil de 17 familles de victimes, a dit esperer << qu'il fournisse quand meme certains elements pour permettre d'identifier les recruteurs et les financiers de la nebuleuse terroriste a laquelle il appartient >>. << C'est un acteur majeur des attentats du 13 novembre, il sait beaucoup de choses. Il a fait beaucoup de declarations pour dire qu'il voulait et allait parler, j'espere qu'il restera dans cet etat d'esprit >>, a reagi Georges Salines, president de l'Association 13 novembre : fraternite et verite, et dont la fille a ete tuee au Bataclan. Salah Abdeslam a ete remis a la France ce mercredi matin, ou il est arrive a 9 h 5, transfere par voie aerienne sous escorte du GIGN, unite d'elite de la gendarmerie francaise. A Fleury-Merogis, la plus grande prison d'Europe, il doit etre place << dans un quartier d'isolement >> et << pris en charge par une equipe de surveillance dediee, composee de surveillants aguerris >>, a declare le garde des Sceaux Jean-Jacques Urvoas. << La cellule est equipee d'un dispositif de videosurveillance, dont les modalites d'usage ont ete fixees conformement aux exigences de la Convention europeenne de sauvegarde des droits de l'homme et des libertes fondamentales et du droit francais de la protection des donnees personnelles >>, a indique le garde des Sceaux dans un communique. << La perennisation eventuelle de cette mesure fera l'objet d'une etude complementaire >>, a-t-il ajoute. L'incarceration d'un detenu dans une cellule equipee d'une videosurveillance est << une premiere en France >>, a indique a l'Agence France-Presse une source penitentiaire. Il existe deja dans nombre d'etablissements des cellules de protection d'urgence (CPU) equipees de cameras, mais elles sont reservees aux detenus suicidaires en periode de crise et ne peuvent etre utilisees que pour une periode de 24 heures. Age de 26 ans, ne a Bruxelles mais de nationalite francaise, Salah Abdeslam avait ete arrete le 18 mars a Bruxelles apres plus de quatre mois de cavale. Les autorites francaises avaient delivre un mandat d'arret europeen le 19 mars pour qu'il soit transfere en France. Il est soupconne d'avoir joue au moins un role-cle dans les preparatifs des attentats de Paris, qui ont fait 130 morts et plusieurs centaines de blesses le 13 novembre. C'est lui qui a loue deux des trois vehicules utilises au soir des attaques, dont la Polo noire retrouvee devant le Bataclan, et une planque a Alfortville (Val-de-Marne), d'ou sont partis certains des tueurs le 13 novembre. Il a conduit en voiture les trois kamikazes qui se sont fait exploser aux abords du Stade de France, pendant que des dizaines de milliers de personnes, dont Francois Hollande, assistaient a une rencontre de football entre la France et l'Allemagne. Lors de son premier interrogatoire en Belgique, il avait affirme avoir fait machine arriere, alors qu'il aurait ete missionne pour se faire sauter lui aussi au Stade de France. Controle ou repere avec des protagonistes dans differents pays europeens dans les mois ayant precede les attaques, il est egalement soupconne d'avoir joue un role dans la constitution des commandos. Represente jusqu'a present par l'avocat belge Sven Mary, il sera defendu en France par le tenor du barreau lillois Frank Berton, celebre notamment pour avoir defendu des accuses d'Outreau ou Florence Cassez, avait revele mardi soir La Voix du Nord. << Il est soucieux de s'expliquer, presque impatient de partir a Paris >>, avait confie l'avocat au site internet du quotidien regional, en indiquant l'avoir trouve << tres abattu >> lors de son seul entretien avec lui. LIRE aussi - Attentats de Paris : Frank Berton nouvel avocat de Salah Abdeslam ", "theme": "societe"}