{"id_art": "acddd87142878372b82a08fe5a1ed96b", "title": "Terrorisme: Collomb veut poursuivre la reflexion sur l'utilisation des fichiers de renseignement", "newspaper": "LePoint", "author": ["AFP"], "date_publi": "2017-09-06", "content": "Gerard Collomb veut poursuivre la reflexion sur l'utilisation des fichiers de renseignement dans le cadre de la lutte anti-terroriste, selon la feuille de route adressee par le ministre de l'Interieur aux prefets mardi. \"Le cadre juridique et technique de l'utilisation des fichiers, notamment du FSPRT (fichier des signalements pour la prevention de la radicalisation a caractere terroriste), pour prevenir les actes terroristes et empecher l'exercice de certains emplois, l'acces a certains lieux, ou encore l'acquisition et la detention d'armes par des personnes dont le comportement justifie ces restrictions, sera consolide\", souligne la feuille de route. \"Nous avons l'intention de poursuivre cette reflexion et de voir comment les informations contenues dans ces fichiers peuvent etre utilisees pour fonder des decisions. Ce sont des sujets assez complexes sur lesquels nous sommes decides a avancer\", a commente l'entourage de M. Collomb, sans donner davantage de precisions sur les modalites de cette reflexion. \"Un fichier de renseignement n'est pas un fichier judiciaire. Le simple fait de figurer dans un fichier de renseignement ne veut pas dire grand-chose en soi, c'est l'exploitation qui en est faite derriere. Et en meme temps nous sommes convaincus qu'il y a un certain nombre d'informations qui peuvent etre utilisees pour un certain nombre de decisions sensibles\", a ajoute l'entourage du ministre. \"On a un cadre juridique qui est assez abouti. Est-ce qu'il faudra aller plus loin, est-ce qu'il faudra le faire evoluer, ce sont des sujets que l'on veut mettre sur la table\", a complete la meme source. L'utilisation des fichiers de renseignement, comme le fichier des personnes recherchees (FPR), ou le FSPRT, fait regulierement l'objet de debats et de polemiques comme l'a encore montre le cas d'Adam Djaziri, auteur de l'attentat rate en juin, sur les Champs-Elysees. Fiche S en 2015, il avait pu renouveler son autorisation de detention d'armes, renouvelee en 2017, et acquerir en toute legalite deux pistolets automatiques et une carabine de chasse, de categorie B. \"Un dysfonctionnement\", avait commente le president de la Republique. Depuis le 3 aout, un decret permet aux agents autorisant la detention d'armes de consulter le fichier des personnes recherchees dans lequel se trouvent les fiches S. D'autres decrets permettant une plus large consultation des fichiers, a des fins d'enquete administrative, ont egalement ete publies au coeur de l'ete. 06/09/2017 08:29:30 - Paris (AFP) - (c) 2017 AFP ", "theme": "politique"}