{"id_art": "9e6a7de88a0037d7a78e98f187c72c4d", "title": "Trump designe Pyongyang comme soutien du terrorisme, Pekin appelle au dialogue", "newspaper": "LePoint", "author": ["AFP"], "date_publi": "2017-11-21", "content": "La Chine a appele mardi au dialogue pour resoudre le dossier nucleaire nord-coreen, apres la reinscription la veille de la Coree du Nord sur la liste noire americaine des \"Etats soutenant le terrorisme\". \"Nous esperons que toutes les parties concernees puissent faire davantage pour favoriser l'apaisement des tensions, le retour de toutes les parties aux pourparlers de paix, et qu'elles adoptent la voie correcte du dialogue et des negociations pour resoudre le probleme de la peninsule\", a indique Lu Kang, porte-parole du ministere chinois des Affaires etrangeres, interroge sur le retour de Pyongyang sur la liste noire des Etats-Unis. \"En plus de menacer le monde de devastation nucleaire, la Coree du Nord a soutenu de maniere repetee des actes de terrorisme international, dont des assassinats en territoire etranger\", a declare lundi le president americain Donald Trump. Interroge par l'AFP sur les \"assassinats\" qui ont fonde juridiquement le choix de l'administration, le departement d'Etat a refuse de les detailler. Donald Trump a evoque le cas de l'etudiant americain Otto Warmbier, detenu par Pyongyang et decede en juin apres son rapatriement dans le coma. M. Trump a encore recemment accuse les Nord-Coreens de l'avoir torture. \"L'utilisation d'un agent neurotoxique par Pyongyang pour tuer Kim Jong-Nam, le demi-frere du dirigeant nord-coreen Kim Jong-Un\", en fevrier en Malaisie, \"est l'exemple le plus flagrant des attaques de la Coree du Nord contre ses dissidents a l'etranger\", a reagi le specialiste des sanctions Anthony Ruggiero, du groupe de pression conservateur Foundation for Defense of Democracies. Le regime nord-coreen rejoint les autres ennemis des Etats-Unis inscrits sur cette liste noire: l'Iran et la Syrie, et le Soudan, qui rentre toutefois progressivement dans les bonnes graces americaines. Pyongyang y avait deja figure de 1988 a 2008, pour son implication presumee dans l'attentat a la bombe contre un avion sud-coreen qui avait fait 115 morts en 1987. Pyongyang n'a pas immediatement reagi. Le Japon a \"salue\" l'annonce de Washington mais Seoul s'est montre plus mesure. Cette decision \"entre dans le cadre des efforts (internationaux) pour pousser la Coree du Nord sur la voie de la denuclearisation grace a de fortes sanctions\", a dit le ministere sud-coreen des Affaires etrangeres. Mais certains analystes ont mis en garde contre un retour de baton. \"Pyongyang va voir cela comme une declaration de guerre\", a declare a l'AFP Yang Moo-Jin, professeur a l'Universite des etudes nord-coreennes de Seoul. \"Il est possible qu'il tire prochainement en represailles un ICBM (missile balistique intercontinental)\". La plupart des experts estiment que le regime ne renoncera jamais a l'arme atomique, qu'il considere comme son assurance-vie. Selon le departement d'Etat, Pyongyang est expose a de nouvelles sanctions penalisant des personnes et pays qui maintiennent des echanges commerciaux avec lui, meme si l'essentiel des outils juridiques est deja en place. Le Tresor americain annoncera des mardi des mesures pour atteindre \"le plus haut niveau de sanctions\", a prevenu M. Trump. Apres les deux dernieres resolutions du Conseil de securite de l'ONU repondant a de nouveaux essais balistiques et nucleaires, les sanctions multilaterales ont ete nettement durcies. Et les Etats-Unis incitent le reste de la communaute internationale a prendre des mesures unilaterales. Washington demande notamment a la Chine, principal soutien economique du Nord, de lacher definitivement son voisin -- Donald Trump s'est montre confiant a cet egard apres sa recente visite a Pekin, malgre le scepticisme de nombreux observateurs. Les Etats-Unis esperent qu'une fois totalement isole, soumis a un blocus economique draconien et sous la menace de l'option militaire souvent brandie par le president americain, Kim Jong-Un finira par accepter des negociations sur son programme nucleaire. Le secretaire d'Etat Rex Tillerson a souhaite la poursuite de la \"periode de calme\" en cours -- aucun tir de missile ni essai nucleaire nord-coreen depuis le 15 septembre -- mais s'est abstenu d'y voir le resultat de la politique americaine. 21/11/2017 11:59:16 - Pekin (AFP) - (c) 2017 AFP ", "theme": "monde"}