{"id_art": "29640a20edbbe692b69735f4af1b659f", "title": "L'attaque de Benghazi etait \"terroriste\"", "newspaper": "LePoint", "author": ["Le Point.fr"], "date_publi": "2012-09-21", "content": " Le caractere organise de l'attaque du 11 septembre ne semble plus faire de doute, le niveau de premeditation reste a determiner. La Maison-Blanche a pour la premiere fois jeudi qualifie de \"terroriste\" l'attaque du 11 septembre contre le consulat americain de Benghazi au cours de laquelle l'ambassadeur en Libye a ete tue, mais s'interrogeait toujours sur le niveau de premeditation de l'attaque. Alors que lundi l'ambassadrice americaine a l'ONU Susan Rice refusait de speculer sur le caractere terroriste de l'attaque qui a coute la vie a l'ambassadeur Christopher Stevens et trois autres Americains, arguant du manque d'informations, le porte-parole de la Maison-Blanche Jay Carney a franchi le pas jeudi. \"D'evidence, ce qui s'est passe a Benghazi etait une attaque terroriste\", a declare Jay Carney a bord de l'avion presidentiel Air Force One. Cette prise de position officielle apres une semaine de declarations parfois contradictoires semble indiquer que les Etats-Unis ont dans l'intervalle progresse dans l'enquete. Mercredi, le patron de la lutte antiterroriste des Etats-Unis avait deja qualifie l'acte de \"terroriste\", mais assure que l'attaque avait ete menee \"de maniere opportuniste\". Cette attaque, le jour anniversaire des attentats du 11 Septembre, avait initialement ete mise sur le compte de manifestants en colere contre L'Innocence des musulmans, un film amateur denigrant le prophete Mahomet produit et realise aux Etats-Unis. Jeudi, la secretaire d'Etat Hillary Clinton, le directeur national du renseignement (DNI) James Clapper et de hauts responsables du Pentagone ont detaille a huis clos devant les elus de la Chambre des representants puis les senateurs les elements en possession des Etats-Unis. A la sortie, l'influent senateur republicain John McCain s'est dit \"stupefait qu'ils (les membres de l'administration Obama, ndlr) aient pense qu'il s'agissait d'une manifestation spontanee\". \"Il semble evident qu'il y a eu une organisation terroriste qui a eu au moins un role dans l'attaque, qui a inclus des mortiers et des roquettes RPG, ce qui n'est pas vraiment le cas lors de manifestations spontanees\", a-t-il ironise. Selon l'ancien candidat a la presidentielle, il est \"possible\" que des elements d'al-Qaida ou d'une organisation islamiste radicale aient pris part a l'attaque. La chaine de television Fox News, citant des \"sources des services de renseignement\", a affirme mercredi qu'un ancien detenu de Guantanamo, Sufyan Ben Qumu - transfere en Libye en 2007 et libere un an plus tard - etait implique dans l'operation. Cette affirmation \"n'est pas corroboree\", selon John McCain. Pour Adam Smith, un democrate de la commission de la Defense de la Chambre, le nom de Ben Gumu a bien ete evoque lors de la reunion \"mais pas en relation directe avec l'attaque\". Sur le caractere spontane ou premedite des evenements du 11 septembre, l'administration \"n'a pas fait de conclusion\", selon lui. \"Il semble qu'il y ait eu une forme de planification mais il est difficile de dire a quand elle remonte. Ce n'est pas arrive spontanement mais ce n'etait pas bien prepare non plus, ils (les assaillants, ndlr) n'ont pas apporte de mortiers avant six ou sept heures\" passees devant le consulat, a-t-il explique. Le jeune senateur republicain Mark Rubio est sur la meme ligne, \"les preuves s'accumulent\" sur le niveau de coordination des assaillants, selon lui. \"Les gens ne viennent pas avec des roquettes a une manifestation spontanee,\" a-t-il fait valoir. La secretaire d'Etat a par ailleurs mis sur pied jeudi une commission dirigee par un ancien ambassadeur qui se penchera sur les mesures de securite en vigueur dans le poste diplomatique au moment des faits et sur les renseignements sur l'etat de la menace. ", "theme": "monde"}