{"id_art": "99618f048d763bed8a77e129f69e356d", "title": "Terrorisme: Fillon evoque \"une forme de guerre mondiale\"", "newspaper": "LePoint", "author": ["AFP"], "date_publi": "2016-07-24", "content": "L'ancien Premier ministre Francois Fillon (LR) a estime, dans le JDD, qu'\"une forme de guerre mondiale\" est engagee et que \"la societe francaise tout entiere doit se mobiliser contre le totalitarisme islamiste\", avec les valeurs de la Republique a \"imposer\" aux musulmans. \"Nous sommes entres dans une forme de guerre mondiale qui s'etend de l'Asie du Sud-Est jusqu'a l'Afrique occidentale, en passant par tout le Proche-Orient. Une fois passee l'emotion, la tentation, c'est de faire comme si on pouvait rentrer tranquillement chez soi en esperant qu'il n'y ait plus d'attentats. Sauf que l'Etat islamique ? qui nous fait la guerre ? ne connait ni faiblesse ni treve\", a-t-il declare au quotidien. S'il a concede que \"c'est une expression forte qui rappelle la Premiere et la Seconde Guerre mondiale, aux caracteres extremement differents\", cet ancien chef du gouvernement a dit constater \"un mouvement totalitaire, comme le nazisme. Il emploie les memes ressorts : imposer par la force au reste du monde un mode de vie et de pensee\". \"Il a deja destabilise de nombreux pays et descend vers l'Afrique occidentale via le Sahel. Nous avons a juste titre choisi de riposter militairement\", a ajoute ce depute de Paris et membre de la commission des Affaires etrangeres. Interroge sur des mesures qui pourraient etre prises en plus de l'etat d'urgence et du nouveau renforcement de l'arsenal antiterroriste adoptes au Parlement, M. Fillon a demande \"l'application du livre?IV du Code penal, qui permet d'aggraver fortement les peines pour les actes de terrorisme ou de complicite\" et \"surtout d'arreter, de juger et de condamner jusqu'a trente ans de prison toute personne pour intelligence avec l'ennemi\". \"La notion d'intelligence avec l'ennemi est conforme a l'etat de droit, ce qui ne serait pas le cas avec une sorte de Guantanamo des fiches ?S?\", a-t-il glisse, dans un tacle a plusieurs elus du parti LR. Ce candidat a la primaire de la droite s'est aussi dit favorable au retablissement de la double peine, supprimee par Nicolas Sarkozy lorsqu'il etait ministre de l'Interieur, car \"nous sommes en guerre\" et il faut \"des mesures d'exception\" comme \"l'expulsion immediate des personnes etrangeres condamnees pour des faits de delinquance\". Pour cette proposition, \"je n'ai attendu ni le FN, ni les tragiques evenements de Paris et de Nice. C'etait d'ailleurs la regle avant 2003. Il suffit d'y revenir\", s'est-il justifie. Outre la necessite \"d'aller combattre l'Etat islamique sur place au Moyen-Orient avec les allies capables de gagner\", l'ex-chef du gouvernement a plaide que \"la societe francaise tout entiere doit se mobiliser contre le totalitarisme islamiste. Au premier rang de laquelle doivent se trouver les Francais de confession musulmane\". \"La Republique a su imposer aux catholiques, aux protestants et aux juifs le respect de ses valeurs. Il n'existe aucune raison pour qu'elle ne les impose pas avec autorite aux musulmans\", selon lui. 24/07/2016 09:14:53 - Paris (AFP) - (c) 2016 AFP ", "theme": "politique"}