{"id_art": "5d56194216bc84c08754bac1013f6ac1", "title": "Terrorisme : Abdelkader Merah renvoye aux assises pour complicite d'assassinats", "newspaper": "LePoint", "author": [" Marc Leplongeon"], "date_publi": "2016-03-21", "content": " Le frere de Mohammed Merah, defendu par Eric Dupond-Moretti, va etre juge pour son role dans les attentats de Toulouse de mars 2012. La cour d'appel de Paris a confirme, vendredi, le renvoi aux assises d'Abdelkader Merah, 33 ans, pour complicite d'assassinats. Les juges d'instruction Teissier, Le Vert et Poux avaient rendu leur ordonnance le 15 mars 2016, mais Me Eric Dupond-Moretti l'avait contestee, affirmant qu'aucune charge serieuse ne pouvait etre retenue contre son client. << C'est la bataclanisation des esprits >>, avait lance le penaliste, affirmant qu'Abdelkader Merah n'avait << jamais ete le complice de son frere >> dans la commission et la preparation des tueries de mars 2012. << Il a pris des positions radicales. Si on considere que tous les radicaux sont tres dangereux, il faut tous les enfermer >>, avait-il ajoute. La cour d'appel vient de lui donner tort : Abdelkader Merah devrait bel et bien etre juge. L'homme est accuse d'avoir donne a son frere Mohammed les moyens logistiques de commettre ses crimes. Et plus precisement de lui avoir fourni << un blouson >> et de l'avoir aide a << derober un scooter >>, permettant au terroriste de << commettre les faits, puis d'assurer sa fuite >>. Il est reproche a Abdelkader Merah d'avoir adhere a un groupement affilie a Al-Qaida pronant un << islamisme djihadiste >> : une << ideologie que lui-meme revendiquait et dont le seul objectif etait la commission d'attentats et d'assassinats visant notamment des militaires ou des membres de la communaute juive >>, selon les juges. << Une fratrie d 'islamo-delinquants >> Longtemps, Abdelkader Merah a ete considere par les services de renseignements comme plus dangereux que son frere. Tres actif dans les annees 2000 au sein de la mouvance islamiste toulousaine, il reussit a passer entre les mailles du filet de la police. Alors que ses amis Sabri Essid - futur bourreau de l'Etat islamique (EI) - ou encore Fabien Clain - celui qui revendiquera dans une video diffusee sur le Web les attentats du 13 novembre 2015 - sont interpelles fin 2006-debut 2007 dans le cadre du demantelement de la filiere dite << Artigat >>, lui n'est pas inquiete. Le jeune homme poursuit tranquillement son initiation au radicalisme ; frequente les salafistes locaux ; assiste le 23 janvier 2007, comme le mentionne une note declassifiee de la Direction centrale du renseignement interieur (DCRI), a une conference donnee par un islamiste notoire et future star de YouTube, Rachid Haddach. Lire aussi << Abdelkader Merah : l'hypothese qui pourrait bouleverser le proces >> Une autre << note blanche >> de la DCRI mentionne aussi sa presence a Toulouse un jour d'avril 2008 alors qu'il s'affaire a convertir de jeunes dealers de rue... Comme Fabien Clain avant lui, Abdelkader Merah s'envole pour Le Caire a plusieurs reprises ou il paracheve sa formation religieuse. Les deux freres, brouilles depuis des annees, renouent dans un fanatisme religieux de plus en plus effrayant. Les services s'inquietent d'une montee de ces salafistes qui se font de plus en plus influents sur la communaute musulmane locale. Dans une note longtemps gardee secrete, Abdelkader et Mohammed sont ainsi designes comme faisant partie d'une << fratrie d'islamo-delinquants >> a garder a l'oeil. C'est a l'occasion d'un voyage en Afghanistan, puis au Pakistan en 2011, que Mohammed renoue definitivement avec son aine et cherche conseil. Abdelkader vante sa << science >> de la religion. C'est un << grand manipulateur >>, disent certains. Mohammed ne peut plus se passer de lui, affirment d'autres. Le 6 mars 2012, Abdelkader est present lorsque son frere vole le scooter - le tristement celebre T-max - qui servira a commettre l'abominable. Et c'est encore Abdelkader qui lui achetera un blouson discret de motard et lui trouvera un endroit pour cacher la moto. Les deux freres se rencontreront ensuite le 11 mars, avant et apres la mort de la premiere victime de Mohammed, le militaire Imad Ibn-Ziaten ; puis le 15 mars et enfin dans la nuit du 17 au 18 mars 2012. Soit << precisement les jours ou veilles des jours ou Mohammed Merah commettait ou preparait la commission de ses actions terroristes >>, notent les magistrats. Bref, assez d'elements, estiment les juges d'instruction, qui montrent non seulement qu'Abdelkader Merah avait connaissance des projets criminels de son frere, mais que, mue par la meme ideologie, il les avait de surcroit encourages. Comme le montre, par exemple, le vol du scooter. Face au manque de preuves materielles qui le rattachent aux attentats, les juges ont considere qu'il s'etait << sciemment >> et avec << conscience >> associe aux attaques terroristes. C'est ce point que Me Dupond-Moretti conteste particulierement. Car pour le reste, cela fait peu de doute : Abdelkader Merah a bel et bien approuve les tueries qui ont ensanglante la France en mars 2012. A la documentation glorifiant le djihad et les actes de torture retrouvee chez lui lors des perquisitions s'ajoutent des propos qui ne souffrent d'aucune ambiguite : << Je me sens tres bien, je suis fier de mon frere >>, avait-il dit. Ajoutant que << tout musulman [a son sens, NDLR] aimerait se faire tuer par son ennemi >>. Un ennemi qui, en l'occurrence, se trouve etre la France. ", "theme": "justice"}