{"id_art": "907281605a3cbad5f1787c25dece9ca3", "title": "Policier et sa compagne tues: les enqueteurs sur la piste terroriste", "newspaper": "LePoint", "author": ["AFP"], "date_publi": "2016-06-14", "content": "Une revendication du groupe Etat islamique, un passe dans une filiere jihadiste: les enqueteurs remontaient mardi la piste terroriste au lendemain du meurtre d'un policier et de sa compagne pres de Paris. Le ministre de l'Interieur Bernard Cazeneuve a denonce \"un acte terroriste abject\", mardi matin a la sortie d'une reunion d'urgence a l'Elysee avec Francois Hollande, Manuel Valls et le ministre de la Justice Jean-Jacque Urvoas. Le meurtrier presume, abattu dans une operation du Raid, etait un homme de 25 ans du nom de Larossi Abballa, condamne en 2013 pour participation a une filiere jihadiste entre la France et le Pakistan, a-t-on appris mardi de sources concordantes. L'homme, originaire de Mantes-la-Jolie selon une source proche du dossier, avait ete juge avec sept autres prevenus et condamne a trois ans de prison, dont six mois avec sursis, pour \"association de malfaiteurs en vue de preparer des actes terroristes\". Cette filiere souhaitait favoriser le recrutement en France, la formation physique et ideologique et l'envoi au Pakistan de jeunes volontaires pour le jihad arme. Le suspect faisait egalement l'objet d'une fiche S, a-t-on appris de source policiere. Lundi vers 21H00, il a tue a coups de couteau un policier habille en civil, avant de se retrancher au domicile de sa victime dans un quartier pavillonnaire de Magnanville (Yvelines) et d'etre abattu lors d'un assaut du Raid. Dans la maison, les policiers ont decouvert le corps de sa compagne et retrouve le fils du couple, age de trois ans, \"choque et indemne\". Quelques heures apres l'attaque, l'agence Amaq liee au groupe jihadiste a affirme qu'un \"combattant de l'Etat islamique\" (EI) avait tue le couple pres de Paris, selon le centre americain de surveillance de sites jihadistes SITE. Selon des sources policieres, l'homme \"s'est revendique du groupe jihadiste\" durant les negociations avec le Raid. Des temoins ont rapporte aux enqueteurs qu'il aurait crie \"Allah akbar\" en attaquant le policier. - Commissariat sous le choc - Des perquisitions ont commence tot mardi matin. L'enquete a ete confiee a la sous-direction antiterroriste (SDAT), a la police judiciaire de Versailles et a la Direction generale de la securite interieure (DGSI). Le parquet antiterroriste s'est saisi lundi soir de l'enquete, ouverte pour \"assassinats sur personnes depositaires de l'autorite publique en relation avec une entreprise terroriste\", \"tentatives d'assassinats sur mineur de 15 ans en relation avec une entreprise terroriste\", \"sequestration sans liberation volontaire en relation avec une entreprise terroriste\" et association de malfaiteurs en relation avec une entreprise terroriste\" criminelle. Le policier tue etait un commandant de police de 42 ans, en poste aux Mureaux (Yvelines), qui a fait l'essentiel de sa carriere dans les Yvelines, selon une source du ministere de l'Interieur. Sa compagne etait secretaire administrative au commissariat de Mantes-la-Jolie. Bernard Cazeneuve devait se rendre mardi matin dans les Yvelines pour rencontrer \"les collegues de ces deux fonctionnaires qui sont traumatises\", a-t-il declare. Au commissariat des Mureaux, qui compte 150 fonctionnaires, le choc etait visible. Des policiers s'y sont reunis des cette nuit. \"C'est comme dans une famille, tout le monde se retrouve, tout le monde a besoin de se retrouver ensemble\", a explique a l'AFP sur place une source du ministere de l'Interieur. Cette attaque intervient en plein Euro de football et moins de deux jours apres la tuerie d'Orlando (Etats-Unis) qui a fait 49 morts et 53 blesses dans un club gay, un acte perpetre par un Americain d'origine afghane egalement revendique par l'EI. Depuis les attentats parisiens du 13 novembre, qui ont fait 130 morts, la France vit dans un climat de menace terroriste et d'importants dispositifs de securite militaire et policier ont ete mis en place. Le 24 novembre 2015, le service de presse de l'Etat islamique dans la province d'Al-Raqqa avait diffuse une video, dans laquelle des combattants francophones de l'EI menacaient les Francais de nouvelles attaques contre leurs \"maisons\". 14/06/2016 09:15:17 - Magnanville (France) (AFP) - (c) 2016 AFP ", "theme": "politique"}