{"id_art": "b02dafb69297b9c11d717794053fd8a9", "title": "Justice : les mesures de Christiane Taubira contre le terrorisme", "newspaper": "LePoint", "author": ["Source AFP"], "date_publi": "2015-01-29", "content": " Ces mesures vont prendre \"la forme concrete de l'octroi de 950 emplois, et un supplement budgetaire, hors masse salariale, de 181 millions d'euros\". La garde des Sceaux Christiane Taubira a detaille mercredi soir au ministere de la Justice, lors de ses voeux pour 2015, certaines des mesures du plan de son ministere pour lutter contre le terrorisme. \"Nous devons etre capables de proteger les Francais tout en restant dans le cadre de l'Etat de droit\", a dit la ministre devant un parterre de personnalites du monde judiciaire. \"Il s'agit d'un defi, d'un enjeu ethique profond pour la justice que de faire appel a l'intelligence et a la raison. Nous sommes lucides et clairvoyants sur les enjeux\", a ajoute Mme Taubira, en rappelant que l'Etat avait deja commence a apporter des reponses a la lutte contre le terrorisme depuis 2012 avec toute une serie d'actions qu'il entendait maintenant amplifier, avec le nouveau plan annonce en janvier 2015 par le Premier ministre Manuel Valls. Ces mesures vont pour la justice prendre \"la forme concrete de l'octroi de 950 emplois, dont 700 des 2015, et un supplement budgetaire, hors masse salariale, de 181 millions d'euros\", a precise le ministere de la Justice. L'administration penitentiaire beneficiera de 483 ETPT (equivalent temps plein annuel travaille) pour mener des actions sur la securite des etablissements, le renseignement penitentiaire, la formation des agents et la prise en charge des personnes, a-t-on precise de meme source. Parmi les actions mises en place figurent \"la generalisation de brouilleurs de telephones portables, la creation d'equipes legeres d'intervention pour augmenter la frequence des fouilles ou encore la mise en place en detention de modules d'education civique et d'histoire des religions pour les moins de 25 ans ainsi que des modules sur la citoyennete et la laicite pour tous les arrivants. La protection judiciaire de la jeunesse (PJJ) beneficiera, elle, de 169 ETPT. Parmi les nouveautes figurent \"l'instauration d'un referent laicite et citoyennete dans chaque direction territoriale et la mise en place d'intervention laicite aupres des mineurs et du personnel\". Les services judiciaires verront egalement les formations et les effectifs (+ 283 ETPT) renforces. Un accent sera aussi mis sur la prise en compte des frais de justice induits par la securisation des lieux de justice et les nouvelles pratiques (perquisition informatique a distance, captation de donnees, nouvelles techniques d'analyse genetique et techniques de filatures electroniques), a-t-on indique a la chancellerie. ", "theme": "justice"}