{"id_art": "476c56585956e1f4dae41203ca33e56d", "title": "Terrorisme : 11 attentats dejoues depuis le debut de l'annee en France", "newspaper": "LePoint", "author": ["Source AFP"], "date_publi": "2017-09-08", "content": " Selon les declarations, vendredi, de Gerard Collomb, la menace perdure. Le dernier projet terroriste a ete dejoue en Seine-Saint-Denis, la semaine derniere. La France maintient sa lutte contre le terrorisme et Gerard Collomb tient a le faire savoir. Ainsi, vendredi, le ministre de l'Interieur a annonce que depuis le debut de l'annee, onze attentats avaient ete dejoues sur le sol francais. Mais la menace perdure, a insiste le ministre qui s'exprimait dans le cadre de l'installation du nouveau directeur general de la securite interieure (DGSI), Laurent Nunez. Selon une source proche du dossier, le dernier projet a ete dejoue avec l'arrestation la semaine derniere a Saint-Ouen (Seine-Saint-Denis) d'un homme voulant s'attaquer aux forces de l'ordre. Presente a un juge antiterroriste jeudi, il a ete mis en examen pour << association de malfaiteurs terroriste en vue de preparer des crimes d'atteinte aux personnes >> avant d'etre place en detention provisoire, a ajoute une source judiciaire. << Onze attentats ont ete dejoues depuis le debut de l'annee et, evidemment, il peut demain se passer en France ce qui s'est passe a Barcelone >>, a declare le ministre, en reference a l'attaque a la camionnette qui a fait 16 morts le 17 aout. << On voit bien l'importance de la menace et l'equilibre qu'il faut rechercher entre securite et liberte >>, a-t-il ajoute, alors que les opposants au projet de loi antiterroriste, qui y voient << l'instauration d'un etat d'urgence permanent >>, appellent a manifester dimanche. Dans ce projet de loi, destine a prendre le relais au 1er novembre du regime exceptionnel de l'etat d'urgence instaure apres les attentats djihadistes du 13 novembre 2015 a Paris, figure notamment << le renforcement du positionnement de la DGSI comme principal coordinateur de la lutte contre le terrorisme islamiste >>. Le ministre a affirme qu'il souhaitait voir << aboutir prochainement >> les reflexions en cours sur l'evolution du dispositif de coordination interne au ministere de l'Interieur avec la fusion de l'Uclat (l'unite de coordination de la lutte antiterroriste) et de l'Etat-major operationnel de prevention du terrorisme (Emopt). << Dans un contexte d'accroissement significatif des moyens, il vous appartiendra de continuer a adapter le profil de vos agents et de veiller a l'evolution constante de vos moyens technologiques >>, a ajoute le ministre a l'intention de Laurent Nunez, soulignant que les effectifs auront ete augmentes de 1 200 agents entre 2013 et 2018, pour atteindre 4 368 personnes. << Si la lutte contre le terrorisme islamiste constitue evidemment notre principale priorite, la DGSI devra rester active pour faire face aux autres formes de menaces >>, a ajoute Gerard Collomb, faisant notamment reference a l'espionnage ou aux cyberattaques. << Nous sommes pleinement mobilises aux cotes des prefets >>, a affirme Laurent Nunez, se disant conscient des << efforts qu'il va falloir mettre en place en termes de management, d'immobilier, de formation et d'acculturation de nos equipes >>, composees majoritairement de policiers. ", "theme": "societe"}