{"id_art": "88423554bec4db627b8c18c906648d83", "title": "Quatre universitaires turcs juges pour \"propagande terroriste\"", "newspaper": "LePoint", "author": ["Source AFP"], "date_publi": "2016-04-22", "content": " Ces professeurs sont poursuivis pour avoir signe une petition denoncant les violences de l'armee dans ses operations contre les rebelles kurdes. Le proces de quatre universitaires turcs accuses de << propagande terroriste >> pour avoir signe une petition denoncant les violences de l'armee dans ses operations contre les rebelles kurdes s'ouvre vendredi a Istanbul dans un climat tendu. En detention depuis le mois dernier, Esra Munger, professeur a l'universite Bogazici, Muzaffer Kaya, qui enseigne aux Beaux-Arts, Kivanc Ersoy, professeur a l'universite Nisantasi, et Meral Camci, professeur jusqu'en fevrier a l'universite Yeni Yuzyil, risquent jusqu'a sept ans et demi de prison. Ils sont accuses de propagande pour avoir lu en public une << petition pour la paix >> denoncant les << massacres >> commis par les forces de securite turques pendant des operations contre les rebelles du Parti des travailleurs du Kurdistan (PKK) dans plusieurs villes sous couvre-feu. Des manifestations de soutien sont attendues devant le palais de justice d'Istanbul avant le debut du proces, a 13 heures (heure de Paris). En janvier dernier, plus de 1 200 intellectuels turcs et etrangers avaient signe cette petition, suscitant la fureur du president islamo-conservateur Recep Tayyip Erdogan, qui avait promis que les petitionnaires paieraient le << prix >> de leur << trahison >>. Dans la foulee, des procedures judiciaires avaient ete declenchees dans toute la Turquie et une vingtaine d'universitaires, places en garde a vue, ravivant dans ce pays comme a l'etranger les critiques de la derive autoritaire de monsieur Erdogan. Le sud-est a majorite kurde de la Turquie revit depuis des mois au rythme des combats meurtriers et quotidiens entre les forces de securite turques et les rebelles. Le president turc a propose au debut du mois de dechoir de leur citoyennete turque tous ceux qu'ils considerent comme les << complices >> du PKK, avocats, intellectuels, journalistes ou elus. Le proces a huis clos de deux journalistes du quotidien d'opposition Cumhuriyet se poursuit egalement avec une troisieme audience vendredi matin a partir de 9 heures. Can Dundar, son redacteur en chef, et Erdem Gul, son chef de bureau a Ankara, sont accuses d'espionnage, de divulgation de secrets d'Etat et de tentative de coup d'Etat, et risquent la prison a vie. ", "theme": "monde"}