{"id_art": "a8501558573ceae458f1632293b52bf2", "title": "Le projet de loi sur le terrorisme adopte", "newspaper": "LePoint", "author": ["Source AFP"], "date_publi": "2012-12-13", "content": " Le texte cree les mentions \"victime du terrorisme\" et \"mort pour le service de la nation\", visant les victimes de Merah et de l'attentat de Karachi. Le Parlement a adopte dans un large consensus, par un vote de l'Assemblee mercredi soir, le projet de loi sur la securite et le terrorisme qui permet de poursuivre des Francais commettant des actes de terrorisme a l'etranger ou partant s'y entrainer au djihad. Apres le Senat lundi, l'Assemblee a vote le texte dans sa version issue de la commission mixte paritaire (CMP, 7 senateurs, 7 deputes). A l'Assemblee, seul le Front de gauche s'est abstenu. Contrairement a leurs collegues senateurs qui avaient opte pour l'abstention, les deputes ecologistes ont vote pour. L'UMP, le R-UMP et l'UDI ont vote pour. En deplacement au Maroc, le ministre de l'Interieur etait remplace au banc du gouvernement par Anne-Marie Escoffier, ministre deleguee chargee de la Decentralisation. Celle-ci a mis en avant \"la necessite d'une reponse ferme et resolue contre le terrorisme\", evoquant aussi la recente \"nuit bleue\" en Corse. Aux termes de ce texte, un Francais parti s'entrainer dans un camp, meme s'il n'a commis aucun acte reprehensible en France, meme s'il n'a pas grandi sur le territoire francais, pourra etre poursuivi pour association de malfaiteurs en relation avec une entreprise terroriste, punie de 10 ans de prison et de 225 000 euros d'amende. Pour Alain Marsaud (UMP), ce texte prolonge celui concocte par l'ancienne majorite avant la presidentielle. \"Il a fallu l'intervention violente d'un denomme Merah pour que tout le monde en vienne a la raison\", a-t-il lance. Jacques-Alain Benisti (R-UMP) a juge le texte \"vital pour notre securite interieure et exterieure\". Le depute ecologiste Paul Molac a prevenu qu'il serait \"vigilant\", rappelant que son groupe avait par ailleurs obtenu une commission d'enquete sur les services de renseignements, notamment dans l'affaire Merah. Quant au depute communiste Patrice Carvalho, il a declare que son groupe ne pouvait pas soutenir ce projet de loi, qui prolonge des dispositions avec lesquelles ils ont ete en desaccord par le passe. En commission mixte paritaire, deputes et senateurs ont reintroduit l'incrimination des actes de recrutement, meme non suivis d'effet, que l'Assemblee avait supprimee. Un nouvel article a ete introduit par le gouvernement creant les mentions \"victime du terrorisme\" et \"mort pour le service de la nation\", visant notamment les victimes de Mohamed Merah et de l'attentat de Karachi. Le projet de loi, qui a ete examine selon une procedure acceleree (une seule lecture par chambre), prevoit egalement de prolonger les dispositions temporaires de la loi du 23 janvier 2006, permettant notamment de surveiller des donnees telephoniques et sur la Toile. ", "theme": "societe"}