{"id_art": "dd74091c61b1a1e12c42010bfd1ee2b9", "title": "Bataclan: une convalescence encourageante deux ans apres l'attentat", "newspaper": "LePoint", "author": ["AFP"], "date_publi": "2017-11-03", "content": "Un an apres sa reouverture, le Bataclan a repris le cours de sa vie d'avant la tuerie du 13 novembre, soulage d'avoir a resoudre les problemes ordinaires de n'importe quelle salle de spectacle, meme s'il restera marque a jamais par la tragedie de 2015. Symboliquement, c'est le 12 novembre 2016, veille du premier anniversaire des attaques terroristes qui avaient frappe Paris et le Stade de France (130 morts) que la salle du boulevard Voltaire etait revenue a la vie, avec un concert de la star britannique Sting. Un evenement fort en emotion qui avait fait le tour du monde. \"Les mois qui ont suivi la reouverture ont ete assez difficiles en terme de programmation. Puis les choses se sont retablies peu a peu\", raconte a l'AFP Jules Frutos, codirecteur du Bataclan. \"On a eu un nombre de spectacles (au) premier trimestre 2017 qui etait tres inferieur a un premier trimestre classique\", precise-t-il, expliquant qu'un evenement \"se decide six, neuf, douze mois avant\". Finalement, au cours des douze derniers mois, le nombre de spectacles organises au Bataclan a accuse une baisse d'environ 20 %. En revanche le taux de remplissage, de 90 %, est lui \"tres satisfaisant\". Pendant que le Bataclan terminait sa reconstruction presque a l'identique, sa jauge passant de 1.500 a 1.700 personnes, la concurrence, deja forte avec La Cigale, l'Olympia et le Trianon, a grandi avec les reouvertures de l'Elysee Montmartre et de la Salle Pleyel en septembre 2016. \"L'offre est plus importante, le contexte economique est hyper-tendu. Mais c'est bien, ca nous oblige a reagir\", affirme J. Frutos, ajoutant que \"le paysage a aussi change\" pour les spectacles humoristiques, avec l'ouverture d'une nouvelle salle comme le 13eme Art. Du cote des artistes francais, il constate \"qu'il n'y a plus de langue de bois\". Si certains comme Vianney ou Saez ont vite manifeste leur envie d'y rejouer dans une demarche quasi-militante, d'autres comme Francis Cabrel ont avoue qu'ils ne pourraient pas. Nicola Sirkis, le leader d'Indochine, fut plus vehement, declarant en septembre au Parisien avoir trouve \"ignoble de rouvrir cette salle\", ajoutant qu'\"il fallait en faire un sanctuaire\". \"Je ne comprends pas comment un artiste peut dire ca, comment il peut dire qu'une salle doit etre un mausolee\", s'insurge J. Frutos. \"Mais la chose qui est la plus importante, c'est le public\", enchaine-t-il. \"Notre plus grande inquietude c'etait ca. C'est quand meme lui qui etait vise. Pas Eagles of Death Metal\", a l'affiche ce soir-la. \"On craignait un blocage. On voulait voir comment le public se comporterait, s'il se sentirait a l'aise... Maintenant, on n'a plus peur de ca, meme si des drames, comme l'attentat a Manchester (au concert d'Ariana Grande), peuvent nous ramener a ce qui s'est passe chez nous\". La tuerie du 13 novembre a fait 90 morts au Bataclan. Depuis sa reouverture, la protection policiere est permanente autour de la salle. \"On fait partie des endroits sensibles pour lesquels une mobilisation se declenche. On a beaucoup parle avec la police pour que son dispositif soit moins visible qu'au debut\", dit le co-directeur. Cote billetterie, le retour a la normale se confirme, puisque pour le premier trimestre 2018, une cinquantaine de spectacles sont programmes. Une bonne moyenne, selon le responsable pour qui \"l'annee prochaine s'annonce plutot bien\". \"On est dans une phase qu'il nous tardait de retrouver. Desormais, on se prend la tete avec des problemes normaux, ceux qu'on rencontre au travail. La vie quoi... C'est apaisant.\" De ces douze mois pleins de sentiments meles, jaillit un souvenir personnel: \"au concert de Pete Doherty, le 17 novembre, je me suis dit +ca y est, la salle vient de renaitre+. Mais pas a cause de ce qui se passait sur scene. J'etais aux toilettes, et la ils avaient detruit les chiottes. +C'est bon, tout va bien+. J'etais explose de rire, la, tout seul. Quand t'as des degats comme ca, tu realises vraiment que ca vit de nouveau\". 03/11/2017 11:20:04 - Paris (AFP) - (c) 2017 AFP ", "theme": "societe"}