{"id_art": "ca46814a7197e71522ee2c8b81e7f627", "title": "Terrorisme : l'Allemagne ouvre la voie de la decheance de nationalite", "newspaper": "LePoint", "author": ["Source AFP"], "date_publi": "2016-08-11", "content": " Cette disposition s'applique deja aux Allemands qui combattent dans une armee etrangere. Le pays prend des mesures apres une serie d'attentats. Apres la serie d'attaques qui a frappe l'Allemagne en juillet, le ministre allemand de l'Interieur, Thomas de Maiziere, a ouvert jeudi le debat sur la decheance de nationalite de djihadistes binationaux en introduisant cette proposition controversee dans un catalogue de mesures visant a durcir la legislation face au terrorisme. << Les Allemands qui participent aux combats a l'etranger pour une milice terroriste et qui possedent une autre nationalite doivent a l'avenir perdre leur nationalite allemande >>, a propose le ministre lors d'une conference de presse. Au total, 820 djihadistes ont quitte l'Allemagne pour la Syrie et l'Irak, selon un decompte au mois de mai des services secrets allemands. Pres d'un tiers d'entre eux sont deja rentres en Allemagne et environ 140 autres ont ete tues. Quelque 420 seraient ainsi encore en territoire syrien ou irakien. Mais de son propre aveu, le ministre conservateur va devoir travailler dur pour imposer cette mesure aux sociaux-democrates, partenaires incontournables au sein du gouvernement de coalition de la conservatrice Angela Merkel. << Ce sera un point difficile avec le SPD, mais je pense que ca deviendra acceptable >> a terme pour ce parti, a-t-il dit, se fixant comme objectif de faire adopter cette mesure et d'autres avant les legislatives de l'automne 2017. Un responsable du parti des Verts, Volker Beck, a, lui, qualifie cette proposition de << gesticulation >>. Thomas de Maiziere a souligne qu'il etait deja possible de priver de leur nationalite allemande les binationaux combattant dans les forces regulieres d'un pays etranger. << Je ne comprends pas pourquoi on dit pas question de faire ca lorsqu'un (binational) combat pour une milice terroriste semblable a des forces armees et qui se considere comme une armee >>, a-t-il souligne. La decheance de nationalite avait ete proposee aussi en France apres les attentats du 13 novembre 2015 a Paris, avant d'echouer sur fond de tiraillements politiques. Parmi les autres mesures proposees jeudi par Thomas de Maiziere a la suite de deux attaques fin juillet revendiquees par le groupe Etat islamique et qui auraient ete commises par des migrants, la creation du motif d'arrestation de << mise en danger de la securite publique >> pour pouvoir placer en detention rapidement des etrangers suspectes de preparer des attaques. Il s'agira aussi, selon le ministre, d'accelerer les procedures d'expulsions. Il compte placer aussi sous une seule direction les differentes forces speciales allemandes pour qu'une seule << main puisse mettre a disposition >> les forces necessaires en cas d'attaque. Enfin, le ministre s'est oppose a une interdiction du port du voile integral reclame par certains responsables conservateurs : << On ne peut pas interdire tout ce qu'on rejette, et je rejette le port de la burqa. >> L'Allemagne, qui a accueilli plus d'un million de migrants en 2015, a ete profondement choquee par l'attaque a la hache commise dans un train par un adolescent de 17 ans, probablement originaire d'Afghanistan, qui a fait cinq blesses et par un attentat qui a tue son auteur syrien et blesse 15 personnes a l'entree d'un festival de musique. Dans la foulee de ces attaques, la chanceliere, qui avait ouvert grand les frontieres aux refugies, a vu sa popularite plonger de 12 points, a 47 % d'opinions favorables, selon un sondage debut aout. Son parti, la CDU, se voit desormais concurrence sur sa droite, a un an des legislatives, par les populistes au discours anti-migrants de l'Alternative pour l'Allemagne (AfD). Par ailleurs, des scrutins regionaux sont prevus en septembre d'abord en Mecklembourg-Pomeranie-Occidentale, fief electoral d'Angela Merkel mais aussi bastion de l'extreme droite, puis viendra l'election du maire de Berlin. Thomas de Maiziere a aussi propose jeudi de gonfler les effectifs de la police << dans les prochaines annees de plusieurs milliers de personnes >>, d'investir dans les technologies de reconnaissance faciale, de fonder un office central charge de lutter << contre la criminalite et le terrorisme sur internet', notamment << les communications entre terroristes >> et << le commerce illegal d'armes >> sur le Darknet. Toujours en juillet, un desequilibre inspire par le tueur norvegien d'extreme droite Anders Behring Breivik a abattu neuf personnes avant de se donner la mort a Munich. Celui-ci avait achete son arme sur le Darknet, cet internet parallele prise des trafiquants en tous genres. ", "theme": "europe"}