{"id_art": "6afe8ab3857ce4035b21caa1c6c2e1d6", "title": "Turquie : cinq journalistes du \"Cumhuriyet\" maintenus en detention", "newspaper": "LePoint", "author": ["Source AFP"], "date_publi": "2017-09-11", "content": " Les journalistes du prestigieux quotidien d'opposition sont accuses d'\"activites terroristes\". Un tribunal turc a decide lundi de maintenir en detention cinq journalistes du quotidien d'opposition Cumhuriyet, dont son redacteur en chef Murat Sabuncu et son directeur Akin Atalay, juges pour << activites terroristes >> lors d'un proces emblematique de l'erosion de la liberte de la presse en Turquie. Cette decision est provisoire, dans l'attente d'une prochaine audience le 25 septembre au cours de laquelle une << decision plus ferme >> sur le sujet sera prise, a indique le president du tribunal. Il a motive sa decision par le fait qu'il n'avait pas pu interroger trois temoins appeles a la barre lundi. Akin Atalay, Murat Sabuncu, le chroniqueur Kadri Gursel, le journaliste d'enquete Ahmet Sik et un comptable du journal, Yusuf Emre Iper, ont quitte la salle d'audience sous les applaudissements du public. Au total, 17 dirigeants, journalistes et autres employes actuels ou passes du Cumhuriyet sont accuses d'avoir aide diverses << organisations terroristes armees >>. Ils risquent jusqu'a quarante-trois ans de prison. Pour les defenseurs des droits de l'homme, cette affaire traduit le declin des libertes en Turquie depuis le putsch manque du 15 juillet 2016, suivi de purges massives qui ont frappe les milieux critiques : elus pro-kurdes, medias et ONG. ", "theme": "monde"}