{"id_art": "7bcaa7e1963bb7438c6d0ba28fb3b9da", "title": "L'Allemagne tiraillee sur le role de son armee face au terrorisme", "newspaper": "LePoint", "author": ["AFP"], "date_publi": "2016-08-11", "content": "Si la presence de soldats armes fait partie du quotidien en France ou en Belgique apres plusieurs attentats meurtriers, une telle eventualite provoque des remous en Allemagne ou le role de l'armee est tres encadre depuis la fin de la periode nazie. La ministre de la Defense Ursula von der Leyen a relance les debats fin juillet en ordonnant a l'armee de se tenir prete a intervenir lors de la tuerie de Munich (sud). Un Germano-iranien de 18 ans souffrant de troubles psychiques avait alors abattu neuf personnes avant de se suicider. Ce coup de folie etait survenu quelques jours apres deux attentats, revendiques cette fois par le groupe Etat islamique (EI): une attaque a la hache commise dans un train par un adolescent de 17 ans, probablement originaire d'Afghanistan, qui avait fait cinq blesses, et un attentat qui avait tue son auteur syrien et blesse 15 personnes a l'entree d'un festival de musique. La chanceliere Angela Merkel avait dans la foulee presente un plan visant a accroitre la securite, evoquant entre autres un renfort de l'armee en cas de gros attentats. \"Il est temps desormais d'organiser des exercices sur des situations de grand terrorisme (...) qui peuvent impliquer les forces armees sous la direction de la police\", avait-elle declare, suggerant de tester l'idee dans un ou deux Etats regionaux. La perspective de patrouilles de soldats de la \"Bundeswehr\" dans les rues d'Allemagne est inedite depuis la fin de la Seconde Guerre mondiale et fait debat. Sous le nazisme, le flou des attributions entre les forces de police et de l'armee est considere comme ayant en partie facilite la persecution des juifs et des opposants a l'Etat. Dans sa Constitution de l'apres-guerre, l'Allemagne avait en consequence decide de separer clairement les taches. Aujourd'hui, l'armee n'est pas autorisee a intervenir sur le territoire allemand, sauf pour des actions humanitaires en cas de catastrophes naturelles ou en cas de menace \"contre l'ordre democratique de l'Etat federal\". - 'Besoin d'un debat honnete' - Et l'idee provoque des remous au sein de la coalition gouvernementale au pouvoir entre les chretiens-democrates d'Angela Merkel et les sociaux-democrates (SPD). Le debat, latent dans le pays, avait deja resurgi dans le sillage des attentats du 13 novembre 2015 a Paris qui avait fait 130 morts. Le ministre des Finances Wolfgang Schauble (CDU) avait alors juge que l'Allemagne devrait pouvoir recourir a ses soldats pour aider les policiers si le pays se retrouvait dans une situation similaire a celle de son voisin. Les Allemands sont toutefois tres reserves si l'on en croit un sondage recent de l'hebdomadaire Die Zeit, montrant que 66% de la population n'est pas favorable a cette idee. Les sociaux-democrates membres de la coalition au pouvoir s'y sont aussi opposes, reclamant a la place un renforcement des moyens de la police. Cette derniere n'a pas non plus cache son desaccord. \"Les forces armees sont completement incapables de nous offrir l'aide dont nous avons besoin\", essentiellement des enqueteurs, a assure le dirigeant du syndicat policier GdP Oliver Malchow. Mais les evenements de juillet ont donne du poids aux defenseurs d'un role domestique accru de l'armee. Pour le ministre de l'Interieur CDU de la Sarre (ouest) Klaus Bouillon, il serait \"paradoxal et absurde de voir la police atteindre ses limites en cas d'urgence exceptionnelle pendant que l'armee regarde sans aider\". Christian Molling, expert en defense et en securite au German Marshall Fund, denonce l'absence de debat fond sur le sujet. \"Je ne peux pas vous dire si je suis pour ou contre car personne ne me dit pourquoi. Pourquoi les forces armees devraient-elles etre utilisees?\", declare-t-il a l'AFP. \"Nous avons besoin d'un debat honnete, c'est a dire (qui definit) ce qui se passe sur le terrain et comment l'armee peut soutenir la police\", estime l'expert, pour qui l'Allemagne a eu beaucoup \"de chance ces dernieres annees parce que nous savons qu'elle est une cible pour les terroristes et nous avons ete en mesure d'eviter presque toutes les attaques jusqu'a present\". 11/08/2016 08:28:36 - Berlin (AFP) - (c) 2016 AFP ", "theme": "monde"}