{"id_art": "817ecf3918320a9795fada243b1fa64d", "title": "La Russie promet de continuer a combattre les \"terroristes\" en Syrie", "newspaper": "LePoint", "author": ["AFP"], "date_publi": "2016-02-19", "content": "La Russie a promis samedi de continuer a aider Damas a combattre les groupes \"terroristes\" en Syrie, alors que l'opposition pose comme condition a une treve l'arret des operations des allies du regime. Le conflit en Syrie, qui va entrer le mois prochain dans sa sixieme annee, a connu un nouveau rebondissement il y a une semaine lorsque la Turquie a commence a bombarder dans le nord du territoire syrien les positions des milices kurdes, qualifiees de \"terroristes\". Moscou, qui soutient une participation des Kurdes syriens a des negociations de paix, a presente vendredi devant le Conseil de securite de l'ONU un projet de resolution visant a faire cesser les operations turques en Syrie, mais celui-ci a ete rejete. \"Le Kremlin est preoccupe par la montee des tensions a la frontiere syro-turque\", a indique le porte-parole du Kremlin, Dmitri Peskov, qualifiant d'\"inacceptables\" les tirs d'artillerie turcs. Samedi, les Turcs ont encore bombarde des positions kurdes dans le nord de la province septentrionale d'Alep, a declare l'Observatoire syrien des droits de l'Homme (OSDH). La Turquie considere les milices kurdes syriennes comme des organisations \"terroristes\" proches du Parti des travailleurs du Kurdistan (PKK) qui poursuit depuis 1984 une rebellion meurtriere sur le sol turc. Les Occidentaux, notamment l'Union europeenne et ls Etats-Unis, tout comme Ankara, qui soutiennent la rebellion syrienne, exhortent de leur cote la Russie a cesser ses bombardements en appui au regime, ceux-ci visant selon eux en premier lieu l'\"opposition moderee\". A cet egard, le secretaire d'Etat americain John Kerry a plaide samedi au telephone aupres de son homologue russe Serguei Lavrov pour qu'un cessez-le-feu en Syrie soit mis en oeuvre le plus tot possible, condamnant une nouvelle fois les frappes de l'aviation russe. Le Kremlin a quant a lui prevenu que la Russie, qui a declenche ses raids aeriens fin septembre, allait continuer d'aider Damas a combattre les \"terroristes\". - Opposition affaiblie - Des frappes russes ont vise samedi des positions rebelles au nord d?Alep, dans le nord-ouest et dans le centre de la Syrie, selon l'OSDH. Les forces gouvernementales syriennes ont declenche debut fevrier une offensive d'envergure qui leur a permis de resserrer encore un peu plus l'etau autour des rebelles dans cette ville et de reprendre des territoires au nord de celle-ci, provoquant un exode massif de la population. Samedi, les troupes du regime se sont emparees de 18 villages de part et d'autre d'un axe d'environ 40 km reliant l'est d'Alep a Raqa (nord), le fief du groupe Etat islamique en Syrie, selon l'OSDH. L'offensive du regime a affaibli la rebellion qui, apres avoir conquis des territoires un peu partout en Syrie au debut de la guerre, a vu ses capacites de plus en plus reduites ces derniers mois, devant egalement affronter l'EI. La coalition chapeautant les principaux groupes de l'opposition a annonce samedi qu'elle serait prete a une \"treve\" proposee par les grandes puissances, a condition d'obtenir la garantie de l'arret des operations militaires des allies du regime. Un cessez-le-feu propose le 11 fevrier a Munich par le Groupe international de soutien a la Syrie (ISSG), qui comprend 17 pays membres et est copreside par la Russie et les Etats-Unis, aurait du intervenir vendredi mais les combats se sont poursuivis sans relache entre les differentes parties. - Conditions - \"Les factions rebelles ont exprime leur accord de principe sur la possibilite de parvenir a un cessez-le-feu provisoire, a condition que cela se fasse (...) avec des garanties obligeant la Russie, l'Iran et les milices confessionnelles et les mercenaires qui leur sont rattaches a cesser le combat\", a affirme dans un communique le chef du Haut comite de negociations (HCN) Riad Hijab. \"Il n'y aura de treve que si tous les belligerants cessent le combat de maniere simultanee, si le siege des regions et des villes est leve, si l'aide humanitaire est livree a ceux qui en ont besoin et si les prisonniers\" sont liberes, precise le communique. Une reunion de l'ISSG, qui devait avoir lieu samedi a Geneve, a ete reportee, a annonce la porte-parole de la diplomatie russe. Quant aux negociations sous l'egide de l'ONU entre le regime et l'opposition, suspendues le 3 fevrier, elles sont au point mort. John Kerry a d'ailleurs admis qu'il restait \"encore beaucoup de travail\" avant de parvenir a un cessez-le-feu. Il se trouvait samedi soir en Jordanie ou il doit s'entretenir dimanche de la Syrie avec le roi Abdallah II. En pres de cinq ans, le conflit a fait 260.000 morts et pousse des millions de personnes a l'exil, notamment dans le royaume hachemite. Quant a Bachar al-Assad, il dit vouloir etre d'ici a dix ans celui qui aura \"sauve\" son pays, dans un entretien reproduit samedi sur le site internet du quotidien espagnol El Pais. \"Dans dix ans, je veux avoir ete capable de sauver la Syrie, mais cela ne signifie pas que je serai encore president\", y declare M. Assad, au pouvoir depuis 2000. \"La Syrie ira bien et moi je serai celui qui a sauve son pays\", assure-t-il, avant de reconnaitre que, \"sans aucun doute, le soutien russe et iranien a ete essentiel\" dans la progression de ses troupes face aux forces d'opposition. 20/02/2016 22:57:55 - Beyrouth (AFP) - (c) 2016 AFP ", "theme": "monde"}