{"id_art": "17950ac5c3135dfa3099ea18cad11d9a", "title": "Mazarine Pingeot - Face au terrorisme, defendre la vie. Oui, mais comment ?", "newspaper": "LePoint", "author": [" Mazarine Pingeot*, sur theconversation.com"], "date_publi": "2016-03-24", "content": " TRIBUNE. La multiplication des attentats djihadistes et l'ambition theocratique affichee par Daech nous contraignent a reaffirmer, sinon a repenser, nos valeurs. Article publie sur theconversation.com Le terrorisme a encore frappe le sol europeen. Cela fait desormais partie de notre horizon d'attente, bien que la surprise le dejoue chaque fois. Comment s'attendre a ce qui << frappe a l'aveugle >>, et s'inscrit precisement dans la revendication du chaos, le deni des valeurs qui fondent notre civilisation, au premier chef : la vie, puisqu'en plus d'etre une donne biologique elle devient la valeur supreme, celle que l'on veut detruire. Et si la vie devient la valeur supreme, c'est qu'a contrario elle est contestee par les terroristes : injonction contradictoire, la leur ne vaut pas grand-chose a titre individuel puisqu'ils sont prets a la sacrifier au nom d'une croyance, quelle qu'elle soit (celle en un dieu vengeur, celle en un programme historique en train de se realiser, celle en un folklore puritano-erotique, avec ses charrettes de vierges, etc.) ; mais la vie des autres, encore moins, puisqu'on peut la supprimer a loisir, dans une certaine jouissance, et avec le sentiment du devoir accompli. Pourtant, il faut bien postuler que la vie a quelque valeur, voire est une valeur, pour decider qu'en la supprimant on gagne des points pour le paradis et fait avancer dans l'echiquier geopolitique des forces, les pions << califat >>. La coherence n'est pas la preoccupation premiere de Daech et de ses epigones. En revanche, la fascination morbide pour la mort a quelque chose de deroutant. Puisque Daech et consorts font de la vie la valeur a attaquer, elle devient pour nous celle a defendre. Il est alors logique, en tant que reponse immediate et parfaitement formatee par la question - a l'initiative des terroristes donc -, de se preoccuper aujourd'hui presque exclusivement de << securite >>. Et il est fort instructif, a ecouter les radios d'information qui reagissent dans une instantaneite problematique et neanmoins necessaire, d'entendre un leitmotiv qui ecrase toute autre forme d'analyse, toute premisse de reflexion, toute tentative de distance : n'a-t-on pas neglige la securite du pays (declinee en securite du metro, des aeroports, des transports) ? l'Europe ne peche-t-elle pas par deficit de dispositifs de securite. A-t-on fait preuve de negligence ? Et de multiplier les micro-trottoirs au sein de l'aeroport, aupres des temoins, des bagagistes, des professionnels, bref, de tous ceux qui se trouvaient la ou auraient pu se trouver la : ne pensez-vous pas que la securite etait insuffisante ? Question a laquelle aujourd'hui, 22 mars 2016, les temoins de la violence ne peuvent que repondre oui. Il y a a cela deux consequences. D'une part, on croirait entendre - toute proportion gardee - ceux qui vous reprochent de n'avoir pas cadenasse votre sac lorsque vous vous plaignez qu'on vous a vole votre portefeuille. Faites l'experience, personne n'invectivera les voleurs. C'est votre propre negligence qui sera seule mise en cause. Mais la consequence plus grave est la facon dont cette maniere de couvrir ces evenements traumatiques face auxquels peine et colere sont legitimes est percue comme naturelle, alors qu'elle n'est qu'une construction sociale : dans le conflit ancestral entre liberte et securite, qui a accompagne toutes les reflexions politiques fondees sur le contrat social depuis le XVIIe siecle, c'est aujourd'hui la securite qui l'emporte. Non pas necessairement dans les faits, mais dans la representation que nous nous faisons de notre societe. Nous ne serions pas assez proteges ! Et cette reponse securitaire, qui ressemble a une reaction epidermique et affective, verse doucement dans des propositions aussi absurdes que celle de Marine Le Pen apres les attentats : fermer les frontieres entre la Belgique et la France ! (Et pourquoi pas la construction d'un mur ?) Il est tres etonnant que la premiere reaction - au lieu d'invectiver ceux qui sont censes nous proteger (papa, maman, l'armee) - ne soit celle, pleine elle aussi d'une colere legitime : mais qui sont ces Belges et ces Francais qui se retournent contre leur pays pour tuer, detruire, repandre le sang et la haine ? Qui sont ceux-la qui, apparemment gratuitement, viennent deverser l'horreur, avec fierte, une fierte aiguisee par la question systematique qui leur donnera raison : mais comment ont-ils fait pour passer entre les grilles securitaires ? Bah, c'est qu'ils sont trop forts, pardi. Au lieu de demander : mais pourquoi ? Tendance inherente a notre epoque d'interroger le comment plutot que le pourquoi et d'apporter des reponses techniques en lieu et place de reponses politiques. Peut-etre la politique s'est-elle integralement rabattue sur la technique. Or, de deux choses l'une, aucune armee ne sera assez efficace contre l'ennemi invisible qui peut frapper en tout lieu et en tout temps, pret a tout perdre, et au premier chef la vie : comment faire peur a celui qui a evacue le motif ultime de la peur, a savoir perdre la vie ? Comment etre partout et en tout lieu, a moins de quadriller le territoire par un reseau de delations, tel qu'aucun contre-pouvoir ne pourra le limiter et qui pourrait vite deborder le cadre du terrorisme ? Comment maintenir une vigilance permanente ? Il suffit d'observer son propre comportement, on fait attention, on fait attention, jusqu'au jour ou on ne fait plus attention, parce qu'on ne peut pas vivre en faisant toujours attention. Du moins, en democratie. Alors, quelle est la reponse attendue, telle qu'elle semble formulee en creux par la maniere dont les journalistes formulent aujourd'hui leurs questions ? D'augmenter la vigilance ? De rationaliser toujours plus les dispositifs securitaires ? La guerre asymetrique est la nouvelle modalite de la guerre, peut-etre serait-il temps, et sans l'evacuer (cela va de soi), de penser autrement que par le renforcement securitaire : se deplacer plutot que renforcer. Et c'est le deuxieme point : peut-etre faudrait-il du meme coup repenser la << valeur-vie >> dans son rapport a la valeur << liberte >>. Notre devise francaise associe la liberte, l'egalite et la fraternite. L'un des presupposes est la vie, mais elle peut etre mise en balance lorsque la liberte est en jeu, ce qui a justifie, par exemple, l'engagement dans la resistance, au risque de sa vie, mais au profit d'une idee du pays, ou d'une idee de l'humanite, ou des deux. En revanche, la << vie >> intervient des l'article 1 de la declaration americaine des droits de l'homme : << Tout etre humain a droit a la vie, a la liberte, a la securite et a l'integrite de sa personne. >> L'accent est ici clairement mis sur la vie comme valeur, quand elle n'etait, dans la declaration francaise, qu'un prealable, un support des valeurs, mais non une << valeur >> a proprement parler. Comment l'expliquer ? Tout simplement parce que la declaration americaine considere la vie comme sacree du seul fait qu'elle est le don de Dieu, tandis que la declaration francaise a laisse le Dieu createur de cote. Or la facon dont on parle de la vie a travers le discours collectif ambiant est bien le retour a une vision theocratique, ou la vie est une valeur en soi, ce qui signifie qu'elle a ete creee. Ou les opposes se retrouvent, ou les monotheismes s'affrontent, mais ou la France se laisse etouffer par deux types de discours qui ne sont pas les siens. Qu'on nous entende bien, rien n'est plus beau que la vie, et ceux qui veulent attenter a la notre sont de sinistres criminels (pourtant heroises par le seul fait qu'on les appelle dorenavant par leur nom, et Abdeslam par-ci et Abdeslam par-la, meme les enfants connaissent les terroristes par leurs noms !). Mais a quoi sert d'en faire une << valeur >> a cote de la liberte, sans meme en rendre compte ni mettre au jour les presupposes d'un tel discours, sinon a brouiller la reponse politique et philosophique a la guerre que Daech et les fondamentalistes ont decide de nous livrer ? ", "theme": "chroniques"}