{"id_art": "3a0e13287d0b3b660b3da8d453d21f05", "title": "Attentats de Paris : trois des terroristes sur les listes de l'EI", "newspaper": "LePoint", "author": ["Source AFP"], "date_publi": "2016-03-11", "content": " Les trois assaillants francais du Bataclan, Samy Amimour, Foued Mohammed Aggad et Omar Mostefai, figurent sur les listings de l'EI reveles par Sky News. Les noms de trois des auteurs des attentats de Paris de novembre 2015 figurent sur les listes des combattants du groupe Etat islamique (EI) qui ont recemment fuite, affirment vendredi plusieurs medias allemands. Il s'agit de Samy Amimour, de Foued Mohammed Aggad et d'Omar Mostefai, les trois assaillants francais du Bataclan, responsables de la mort de 90 personnes dans cette salle de spectacle parisienne, affirment le quotidien Suddeutsche Zeitung et les chaines de television publiques NDR et WDR, qui ont eu acces ensemble aux documents et les ont exploites. Le nom d'Abdelhamid Abaaoud, considere comme l'un des principaux organisateurs des attaques ayant fait 130 morts au total, apparait aussi sur ces documents, mais seulement en tant que \"garant\" pour l'entree en Syrie d'un autre djihadiste francais fiche, dont l'identite n'est pas precisee. Au total, les medias mentionnent les fiches de 16 djihadistes francais, dont les 3 membres du commando du Bataclan. Foued Mohammed Aggad est pour sa part alle en Syrie rejoindre les rangs de l'EI au sein d'un \"important groupe de djihadistes francais\" entre le 18 decembre 2013 dans ce pays, selon les fiches de l'organisation Etat islamique. \"Ce jour-la, au moins 14 hommes et leurs familles ont traverse la frontiere turco-syrienne avec le meme passeur et avec la caution d'un djihadiste d'origine marocaine\", ecrivent les medias allemands. \"Tous voulaient devenir des combattants de l'Etat islamique\", poursuivent-ils, precisant que Foued Mohammed Aggad figurait dans ce groupe. Les documents de l'EI ayant fuite sont en possession de plusieurs medias et des autorites de certains pays occidentaux. Le gouvernement allemand en a confirme l'authenticite pour ce qui releve de membres allemands de l'EI dont les noms apparaissent dans les fiches. Ces documents se presentent sous la forme de formulaires revelant noms, adresses, autres informations personnelles et numeros de telephone de candidats occidentaux au djihad. Ainsi, les formulaires, qui datent de 2013 et 2014, donnent des precisions sur leur groupe sanguin, le nom de jeune fille de leur mere, leur niveau de comprehension de la charia, la loi islamique, et le nom de la personne a contacter en cas de deces, selon les medias allemands. Les candidats au djihad pouvaient alors egalement preciser dans quel secteur ils souhaitaient rejoindre l'EI : combat classique, attentats-suicides, renseignements ou administration, indiquent le Suddeutsche Zeitung et les chaines WDR et NDR. En debut de semaine, ces trois medias ont d'abord dit etre en possession de plusieurs dizaines de fiches de membres allemands de l'EI, revelant le fonctionnement \"bureaucratique\" de l'organisation. La chaine de television Sky a quant a elle affirme jeudi disposer de documents revelant 22 000 noms, qu'elle a remis aux autorites britanniques. Selon les trois medias allemands, qui ont entre-temps eux aussi obtenu l'integralite des 22 000 fiches, les documents contiennent toutefois \"de multiples doublons\" et le nombre de personnes effectivement enregistrees est \"considerablement moins eleve\", sans doute \"quelques milliers\" de personnes, originaires des Etats-Unis, d'Indonesie, de Russie ou encore d'Afrique du Sud. ", "theme": "monde"}