{"id_art": "bb81d2d720b1156da577c1b6472bfda3", "title": "Terrorisme : en 2016, un \"11 Septembre europeen\" ?", "newspaper": "LePoint", "author": ["Source AFP"], "date_publi": "2016-01-07", "content": " Une attaque simultanee dans plusieurs pays : c'est la grande crainte des services antiterroristes qui savent que Daech tire tres vite les lecons de ses echecs. Davantage que les attaques isolees, comme celle qui a vise jeudi un commissariat parisien, ce sont des attentats djihadistes multiples, coordonnes dans plusieurs pays europeens, que craignent pour 2016 les services antiterroristes du continent. Les massacres du 13 novembre a Paris (130 morts) ont montre que plusieurs equipes de kamikazes motives, equipes de kalachnikovs et d'explosifs artisanaux, pouvaient causer de terribles pertes et traumatiser le pays avant d'etre neutralisees. Multiplie a l'echelle de l'Union europeenne, l'effet n'en serait que plus devastateur. << Je pense qu'helas !, en 2015, on n'a rien vu >>, confie a l'AFP, sous le sceau de l'anonymat, un responsable de la lutte antiterroriste. << On va vers une espece de 11 Septembre europeen : des attaques simultanees, le meme jour dans plusieurs pays, plusieurs endroits. Un truc tres coordonne. Nous savons que les terroristes travaillent la-dessus. >> << Nous assistons actuellement dans les regions tenues par Daech (acronyme arabe du groupe Etat islamique) au recrutement de groupes de jeunes Europeens, a leur entrainement, dans le but de les renvoyer frapper dans leurs pays d'origine >>, ajoute-t-il. << Ils ont les faux papiers necessaires, la maitrise de la langue, des lieux, des armes. Nous en arretons beaucoup, mais il faut le reconnaitre, nous sommes submerges par le nombre. Certains passeront. Sont deja passes. >> Les recentes arrestations de djihadistes rentrant des << terres de djihad >> ajoutent a l'inquietude, dit-il. << Les profils changent. On voit revenir des gens ultra-radicaux, tres aguerris, qui auraient du rester la-bas. Certains sont chasses par les bombardements russes, qui au moindre soupcon de presence djihadiste dans un village vitrifient tout le secteur. Mais d'autres rentrent pour mener a bien des missions en Europe. >> << Avant, on avait surtout le retour de gens qui s'etaient trompes, qui n'avaient pas realise que la guerre, ca pique >>, ajoute-t-il. << La, on assiste au retour de gars qui tiennent la route. >> Le complot visant a mener des attaques coordonnees en Europe n'est pas nouveau : il a deja echoue plusieurs fois, dont une fin aout 2010, indique a l'AFP Yves Trotignon, ancien analyste des services antiterroristes de la DGSE, les services secrets francais. << A l'epoque, c'etait encore Al-Qaida, mais l'idee a ete reprise, bien sur, par l'EI >>, dit-il. << Les equipes devaient arriver d'Europe orientale, recuperer du materiel pre-positionne, des armes de poing et des fusils d'assaut. Ca avait ete dejoue par les Americains, qui avaient effectue une serie de frappes de drones preventives en Afghanistan et au Pakistan contre les gens censes monter l'operation. >> << Ce genre d'attaques multiples fait partie des scenarios du pire pour 2016 >>, poursuit Yves Trotignon. << Je sais que dans les capitales europeennes, a Londres notamment, les services specialises travaillent sur cette hypothese. >> Si policiers, militaires, analystes, legislateurs tentent sans cesse d'adapter leurs reponses et leurs modes operatoires aux methodes employees par les assaillants djihadistes, l'autre camp fait de meme, et souvent de facon plus rapide et plus efficace, estiment les deux specialistes. << Il n'y a pas que nous qui tirons les lecons, l'Etat islamique aussi >>, fait valoir le responsable de la lutte antiterroriste. << Par exemple, ils ont compris qu'il ne faut pas toucher au telephone, ou tres peu, que tout est ecoute. Chaque attaque, meme ratee, est mise a profit. >> En jargon militaire, c'est ce qu'on appelle les << retours d'experience >> (retex). << Et des retex, ils en font aussi >>, confirme Yves Trotignon. << Ils profitent des enquetes de presse, lisent tout ce qui s'ecrit sur le sujet. Ils ont vu qu'il a fallu deux heures et demie pour donner l'assaut au Bataclan >>, la salle de spectacle visee le 13 novembre a Paris. << Que leurs explosifs ne sont pas bons, donc qu'il faut en changer, que les gars ont laisse trop de traces. Ils apprennent vite. >> << Le 13 novembre a montre qu'on peut se faire avoir par des gars qui n'etaient pas de tres haut niveau operationnel >>, conclut-il. << Donc, si le niveau des agresseurs augmente, on va avoir un probleme. Il y a un pessimisme horrible chez tous les professionnels autour de 2016. Peut-etre que dans un an, on se dira que l'annee 2015 n'a ete qu'une repetition, une espece de validation operationnelle. >> ", "theme": "societe"}