{"id_art": "954ce724edd6796513e26af8973801ec", "title": "Terrorisme: les lecons d'autres pays pour aider les victimes", "newspaper": "LePoint", "author": ["AFP"], "date_publi": "2017-01-09", "content": "Prise en charge medicale, indemnisation, organisation des secours... Une conference internationale a dresse lundi a Paris un panorama de l'aide internationale aux victimes d'actes de terrorisme dans le monde, afin de construire a terme une politique internationale dediee. \"Le soir du nouvel an, a Istanbul, une Francaise est decedee et quatre autres ressortissants ont ete blesses physiquement. A Nice, 37 etrangers, de 19 nationalites differentes, ont ete touches\", a explique la secretaire d'Etat chargee de l'Aide aux victimes, Juliette Meadel. \"Les dangers et les reponses qu'exige l'aide aux victimes ne sont plus l'affaire d'un seul pays\", a-t-elle declare a l'ouverture de la conference internationale pour l'aide aux victimes, a laquelle participent une vingtaine de pays, et dont le but est de \"comparer et regarder ce qui se fait de mieux\". Israel, ou 2.600 personnes sont mortes et 13.000 ont ete blessees dans des actes de terrorisme depuis l'an 2000, selon des chiffres officiels, fait figure de reference en terme d'intervention sur les lieux des attentats. Magen David Adom, une importante structure d'urgence du pays, compte 2.000 salaries qu'assistent 3.500 citoyens volontaires dont tous \"disposent d'un equipement de premiere urgence dans le coffre de leur voiture\", explique Chaim Rafalowski, coordinateur de cette organisation. L'aide du badaud est encouragee. \"Le probleme quand il y a des pertes massives, c'est qu'il n'y a pas assez de ressources humaines. Pourquoi repousser les personnes presentes\", quand elles peuvent par exemple aider a \"controler les saignements des blesses\", s'interroge-t-il. En France, ou depuis 2015, 255 Francais sont \"morts du terrorisme\", soit \"plus qu'entre 1945 et 2015\", dont 17 a l'etranger, la formation aux soins de premier secours est devenue obligatoire pour tous les eleves de 3e depuis la derniere rentree scolaire. - Discrimination positive - Les luttes independantistes ont fait \"plus de 10.000 victimes\" en Espagne. Ses victimes \"beneficient d'un traitement different\" car \"le terrorisme a un sens particulier : il attaque la democratie\", explique Sonia Ramos Pineiro, directrice generale de l'Aide aux victimes du terrorisme, qui depend du ministere de l'Interieur. Les \"victimes du terrorisme\", pour ne pas etre doublement discriminees, beneficient de quotas dans les entreprises, ajoute Paloma Perez Cortijo, sa sous-directrice. Les Etats-Unis sont cites en exemple pour le travail de memoire, avec le memorial du 11 septembre 2001, qui depuis son inauguration en 2011, a accueilli plus de 30 millions de visiteurs. Les voix des victimes ont ete \"fondatrices\" pour la construction de ce lieu symbole \"d'espoir, d'unite, de resilience\", souligne Anthony Gardner, son vice-president et frere d'un des 2.977 morts du World trade center. L'\"amelioration de la prise en charge\" des \"victimes du terrorisme\", au niveau global, passe par l'elaboration d'ici 2027 d'une \"politique internationale\" dediee, basee sur quatre priorites : l'\"acces a l'information\" pour les victimes et leurs proches, la \"prise en charge des victimes etrangeres\", \"l'organisation du systeme d'aide et l'acces aux soins\", et l'\"indemnisation\", a liste Mme Meadel. Un comite compose de la Belgique, l'Espagne, l'Estonie, La France, la Hongrie, le Luxembourg et la Roumanie se reunira dans trois mois pour observer les \"avancees\" realisees, a-t-elle poursuivi. 09/01/2017 21:39:07 - Paris (AFP) - (c) 2017 AFP ", "theme": "societe"}