{"id_art": "43e41eb97831dbde20a9d13efad0487a", "title": "Et si l'attitude de Jawad Bendaoud etait finalement un axe de defense ?", "newspaper": "LePoint", "author": [" 6Medias"], "date_publi": "2018-01-30", "content": " Alors que le proces du logeur presume des terroristes du Bataclan se poursuit, son attitude jugee extravagante est montree du doigt. Elle pourrait pourtant le sauver. Lors du cinquieme jour de son proces, Jawad Bendaoud a ecoute la prise de parole de certaines parties civiles. Soupconne d'avoir heberge les terroristes du 13 novembre, il est juge pour << recel de malfaiteurs terroristes >>. Depuis le premier jour de son proces, l'accuse ne cesse de repeter qu'il n'en savait rien. Il n'a pas hesite a hausser le ton et a s'emporter pour tenter de convaincre les jures. Il a egalement utilise des punchlines surrealistes qui peuvent faire sourire, mais qui agacent particulierement les familles des victimes. Alors que les experts ont conclu qu'il a une intelligence << moyenne >> et qu'il ne souffre d'aucun trouble psychiatrique, selon Julia Katlama, avocate penaliste et ancienne secretaire de la conference du Barreau de Paris, interrogee par Franceinfo, il pourrait adopter cette attitude pour repondre a une strategie de defense. << Son attitude extravagante peut finalement lui etre favorable dans le sens ou elle colle a la version des faits qu'il expose, a-t-elle explique. Il donne ainsi l'image d'un homme centre sur lui-meme (...) Sa spontaneite deconcertante, qui de prime abord apparait etre une defense catastrophique, donne, a mon sens, du credit au personnage qu'il disait etre a l'epoque des faits et donc in fine , un peu a sa version des faits. >> Une attitude qui a deja porte ses fruits puisque ce mardi matin, Bley Bilal Mokono, victime des attentats du 13 novembre 2015 pres du Stade de France, a declare, selon les informations de RTBF : << Jawad Bendaoud m'a convaincu qu'il n'etait pas au courant >> qu'il hebergeait des terroristes. Suite a cette declaration, l'accuse a tenu a le remercier. << Je te jure sur ma tete, tout ce que je dis depuis le debut est la stricte verite (...) Je te remercie d'avoir ete correct. >> Neanmoins, Bley Bilal Mokono est le seul a avoir tenu ce genre de propos. Les autres parties civiles ont toutes ete dures avec l'accuse. Elles ne comprennent pas qu'il puisse prendre ce proces autant a la legere. Point sur lequel Julia Katlama insiste. Pour elle, << en adoptant cette posture, il semble se moquer de l'institution judiciaire et cela pourrait lui porter prejudice >>. Consultez notre dossier : 13 novembre : les logeurs des terroristes face aux victimes ", "theme": "justice"}