{"id_art": "2e9218621b930c866d4da352bcdc7fc9", "title": "Turquie: des universitaires juges pour \"propagande terroriste\" liberes", "newspaper": "LePoint", "author": ["AFP"], "date_publi": "2016-04-22", "content": "Quatre universitaires turcs qui comparaissaient vendredi pour \"propagande terroriste\" apres avoir signe une petition ont ete remis en liberte, mais leur proces pourrait continuer sur la base de nouvelles accusations, a indique a l'AFP une avocate presente a l'audience. Les quatre intellectuels n'ont pas ete acquittes, mais liberes dans l'attente de possibles poursuites \"selon l'article 301 du code penal turc\" relatif aux insultes envers la Turquie, l'identite turque et les institutions turques, ce qui necessite l'aval du ministre de la Justice, a ajoute Benan Molu, avocate au barreau d'Istanbul. La prochaine audience est fixee au 27 septembre, a indique Me Molu. Detenus depuis le mois dernier, les universitaires comparaissaient pour \"propagande terroriste\" pour avoir lu en public et signe une petition denoncant des \"massacres\" imputes aux forces de securite turques pendant des operations contre les rebelles du Parti des travailleurs du Kurdistan (PKK) dans plusieurs villes sous couvre-feu. Hasard du calendrier judiciaire, la troisieme audience du proces a huis clos de deux journalistes du quotidien Cumhuriyet accuses d'\"espionnage\", Can Dundar et Erdem Gul, s'est deroulee juste avant celle des universitaires dans le meme palais de justice d'Istanbul. \"Nous n'avons pas reussi a etouffer la voix de notre conscience\", avait declare au tribunal l'un des universitaires, Muzaffer Kaya, cite par l'agence de presse Dogan. \"Vous pouvez trouver notre petition ridicule, mais vous ne pourrez jamais dire que nous faisons de la propagande terroriste. (...) Je demande mon acquittement\". Au moins 500 personnes, dont de nombreux universitaires, s'etaient rassemblees devant le batiment, a rapporte un journaliste de l'AFP, aux cris de \"Liberte a nos stylos\" et \"Fiers de nos universitaires\". - 'Regrettez-vous d'avoir signe ?' - En janvier, plus de 1.200 intellectuels turcs et etrangers avaient signe cette petition, suscitant la fureur du president islamo-conservateur Recep Tayyip Erdogan, qui avait promis que les petitionnaires paieraient le \"prix\" de leur \"trahison\". Dans la foulee, des procedures judiciaires avaient ete declenchees dans toute la Turquie et une vingtaine d'universitaires places en garde a vue, ravivant dans ce pays comme a l'etranger les critiques sur les atteintes a la liberte d'expression sous M. Erdogan. De nombreux universitaires ayant signe la petition affirment avoir ete limoges. Meral Camci, jugee vendredi, dit ainsi avoir perdu son poste a l'universite Yeni Yuzyil en fevrier. \"Les signataires sont appeles par des comites d'universite et on leur pose des questions du genre (...) +pensez-vous que le PKK est une organisation terroriste ?+\", a temoigne Teoman Pamukcu, professeur de universite Technique du Moyen Orient d'Ankara et signataire de la petition. Le sud-est a majorite kurde de la Turquie vit a nouveau depuis des mois au rythme des combats meurtriers et quotidiens entre les forces de securite turques et les rebelles. - 'Leur plan a vole en eclats' - Le proces a huis clos de deux journalistes de Cumhuriyet s'est poursuivi avec une troisieme audience vendredi. Can Dundar, son redacteur en chef, et Erdem Gul, son chef de bureau a Ankara, sont accuses d'espionnage, de divulgation de secrets d'Etat et de tentative de coup d'Etat et risquent la prison a vie. Au cours de cette audience, le tribunal a rejete la demande de l'accusation qui voulait fusionner le dossier des journalistes avec une affaire d'ecoutes massives impliquant d'anciens magistrats et des membres des services de renseignement soupconnes d'etre proches du predicateur Fethullah Gulen, bete noire de M. Erdogan. \"Leur plan a vole en eclats. Nous sommes des journalistes et n'avons rien a voir avec cette affaire (...) Je pense que nous avons fait un pas de plus vers l'acquittement\", s'est felicite a la sortie du tribunal M. Dundar. La prochaine audience de leur proces est prevue le 6 mai. Le proces de ces deux journalistes reconnus, qui avaient fait etat de livraisons d'armes par les services secrets turcs a des rebelles islamistes en Syrie, est devenu pour nombre d'ONG et d'opposants a M. Erdogan le symbole d'une liberte de la presse menacee. La Turquie pointe a la 151e place sur 180 au dernier classement mondial de la liberte de la presse etabli par Reporters sans frontieres (RSF), derriere le Tadjikistan et juste devant la Republique democratique du Congo. 22/04/2016 19:08:45 - Istanbul (AFP) - (c) 2016 AFP ", "theme": "monde"}