{"id_art": "add0124cfe3c54f2ff0df9fbeb4dfe59", "title": "La France a-t-elle pris toutes les dispositions pour contrer le terrorisme ?", "newspaper": "LePoint", "author": ["Source AFP"], "date_publi": "2016-07-16", "content": " Apres l'attentat de Nice, les decisions du gouvernement ont provoque de vives critiques dans l'opposition, qui estime qu'il fallait en faire davantage. Face a une menace terroriste inedite, la France a-t-elle pris toutes les dispositions pour contrer les djihadistes ? Apres l'attentat de Nice qui a fait au moins 84 morts jeudi, les decisions du gouvernement ont suscite de vives critiques dans l'opposition, estimant qu'<< il faut faire plus >>. Le dispositif du 14 Juillet, arrete en concertation avec la mairie, repondait a << un tres haut niveau de securite >>, a assure samedi le ministre de l'Interieur Bernard Cazeneuve, repondant aux fleches de Christian Estrosi, president LR de la region Paca. Selon la prefecture des Alpes-Maritimes, << 64 fonctionnaires de la police nationale et 42 de la police municipale >> et 20 militaires de la mission Sentinelle etaient mobilises, avec des controles aleatoires en entree de zone et un acces aux 1 400 cameras de videoprotection de la ville. Le camion du tueur << a force le passage en montant sur le trottoir >>, a affirme la prefecture. Des vehicules de police etaient stationnes au barrage. << C'est par le trottoir et de facon tres violente que ce camion a reussi a penetrer >>, a precise Bernard Cazeneuve. << Si le terroriste, determine a tuer jusqu'a mourir, sort de chez lui arme sans etre detecte, il est deja trop tard. Une fois en action, on ne peut plus que limiter les degats >>, estime Yves Trotignon, ancien analyste du service antiterroriste de la DGSE. Un constat partage par le sociologue Laurent Mucchielli. << Le probleme est en amont : qu'est-ce qu'on peut faire pour ne pas arriver a cette situation, plutot que se demander quelle arme utiliser pour le tuer encore plus vite. >> Mohamed Lahouaiej Bouhlel a reussi a rouler sur pres de deux kilometres avant d'etre abattu par les tirs des policiers. Les forces de l'ordre ont-elles tarde ou n'avaient-elles pas les moyens de riposter ? Depuis les attentats du 13 novembre, le gouvernement a donne des consignes aux forces de l'ordre sur la conduite a tenir face aux << tueurs de masse >>, leur demandant d'intervenir le plus vite possible pour les neutraliser. Pour mieux armer les << primo-intervenants >>, le gouvernement a lance en fevrier un plan pour les equiper de fusils d'assaut (HK G36), de gilets pare-balles et de boucliers resistant aux balles de kalachnikovs, jusque-la reserves aux seules unites d'elite. << Pour tirer plus rapidement, les forces de l'ordre doivent etre mieux entrainees aux tirs >>, estime Yves Trotignon. Un diagnostic partage par la commission d'enquete parlementaire sur les attentats de 2015, qui veut augmenter le nombre de cartouches tirees chaque annee. Pour Patrice Ribeiro, secretaire general du syndicat de police Synergie-officiers, << il faut aussi que la justice soutienne l'ouverture du feu des policiers, a qui on repete de faire preuve de prudence et de discernement, sous peine d'etre condamnes >>. Selon lui, les fusils d'assaut, actuellement stockes dans le coffre des vehicules, devraient etre accroches a l'interieur du vehicule, comme aux Etats-Unis. << Il a fallu batailler pour obtenir le port d'arme hors service des forces de l'ordre >>, peste Patrice Ribeiro. Attention, toutefois, de ne pas << surarmer >> les forces de l'ordre, estime Yves Trotignon, interroge sur l'idee du depute LR des Yvelines Henri Guaino d'armer les militaires de lance-roquettes. << Interdire les rassemblements, c'est ceder aux terroristes >>, affirme Patrice Ribeiro, mais << il va falloir vivre autrement, comme en Israel ou il y a une culture de la securite au quotidien, des barrages et des portiques de securite a l'entree des bars et des discotheques >>. << Si on veut continuer de vivre comme on veut, il faut consentir a certaines restrictions >> visant une population ciblee - les islamistes radicaux - grace a des mesures administratives, estime-t-il. Dans la foulee de l'attentat de Nice, le plan Vigipirate a ete releve a << alerte attentat >> dans les Alpes-Maritimes, entrainant l'annulation de manifestations. La prefecture de police de Paris a appele au << discernement >> dans l'organisation de rassemblements >> pour ne pas << detourner les forces de l'ordre de leur mission >>. Les fan-zones ayant fait leurs preuves pendant l'Euro 2016, << on pourrait reflechir a une nouvelle conception des services d'ordre festifs >>, avec l'emploi d'agents de securite privee pour filtrer les spectateurs, propose Frederic Lagache, secretaire general adjoint du syndicat policier Alliance. << Ce qui soulagerait d'autant des forces de l'ordre tres mobilisees >> depuis 2015. Faut-il etendre le niveau << alerte attentat >> a toute la France alors que s'ouvre la saison des festivals ? << A trop vouloir s'adapter, on cederait a la menace >>, estime l'ancien analyste de la DGSE. << Si les grands evenements sont annules, les terroristes s'attaqueront a d'autres cibles comme un centre commercial ou un camping. La securisation absolue est un mythe. >> ", "theme": "societe"}