{"id_art": "dfc2e58cff72a66848c96668abc28ff7", "title": "Moyen-Orient : le Qatar mis au ban par ses allies", "newspaper": "LePoint", "author": ["Le Point.fr avec AFP"], "date_publi": "2017-06-05", "content": " VIDEO. L'Arabie saoudite, l'Egypte, les Emirats arabes unis et Bahrein rompent leurs relations diplomatiques avec le Qatar, accuse de soutenir le terrorisme. C'est un coup de tonnerre diplomatique au Moyen-Orient. L'Egypte, l'Arabie saoudite, les Emirats arabes unis et Bahrein ont annonce la rupture de leurs relations diplomatiques avec le Qatar. L'emirat, qui doit organiser le Mondial de football en 2022 et qui n'a cesse ces dernieres annees d'accroitre son poids dans la region, se retrouve mis au ban des pays du golfe Persique, en raison de son << soutien au terrorisme >>. Il a en outre ete exclu de la coalition arabe qui intervient au Yemen sous la direction de Riyad. Ce seisme diplomatique est intervenu 15 jours apres une visite a Riyad du president americain Donald Trump qui a demande aux pays musulmans d'agir de maniere decisive contre l'extremisme religieux. Lire aussi Pierre Conesa : << L'Arabie saoudite est un vivier de djihadistes >> L'Iran a appele le Qatar et ses voisins du Golfe a << un dialogue franc >> pour resoudre leurs differends, apres la rupture des relations avec Doha decidee par l'Arabie saoudite et ses allies. << La resolution des differends dans les pays de la region, y compris les problemes actuels entre les trois voisins du Qatar et ce pays, n'est possible que par des moyens politiques et pacifiques et un dialogue franc entre les parties >>, indique un communique de Bahram Ghasemi, porte-parole du ministere iranien des Affaires etrangeres. La Turquie, qui entretient des rapports etroits avec les monarchies du Golfe, a prone lundi le dialogue et s'est declaree prete a y aider, pour regler la crise nee de la rupture par l'Arabie saoudite et ses allies de leurs relations avec le Qatar. << Il peut y avoir des problemes entre les pays (...), mais il faut que le dialogue se poursuive >>, a declare le chef de la diplomatie turque Mevlut Cavusoglu lors d'une conference de presse a Ankara. << Et bien sur, nous fournirons tout type de soutien pour que la situation revienne a la normale >>, a-t-il ajoute. La Turquie entretient des rapports privilegies avec le Qatar, mais aussi de bonnes relations avec les autres monarchies du Golfe, notamment l'Arabie saoudite. Comme le Qatar, la Turquie est souvent accusee de soutenir divers groupes issus de la mouvance de freres musulmans dans le monde arabe. Ces mesures sont << injustifiees >> et << sans fondement >>, a reagi le ministere des Affaires etrangeres du Qatar dans un communique. Elles ont un << objectif clair : placer l'Etat [du Qatar] sous tutelle, ce qui marque une violation de sa souverainete >> et est << totalement inacceptable >>, a-t-il ajoute. Le Qatar << n'interfere pas dans les affaires d'autrui >> et << lutte contre le terrorisme et l'extremisme >>, affirme le communique qui conclut que l'emirat prendra << les mesures necessaires pour mettre en echec les tentatives d'affecter sa population et son economie >>. L'agence officielle saoudienne SPA a annonce que Riyad rompait ses relations diplomatiques et fermait ses frontieres avec le Qatar pour << proteger sa securite nationale des dangers du terrorisme et de l'extremisme >>. Un responsable saoudien a precise que son pays << rompait ses relations diplomatiques et consulaires avec le Qatar et fermait ses frontieres terrestres et maritimes ainsi que son espace aerien >> avec son voisin du Golfe. << L'Arabie saoudite a pris cette mesure decisive en raison des serieux abus des autorites de Doha tout au long des dernieres annees [...] pour inciter a la desobeissance et nuire a sa souverainete >>, a-t-il ajoute. << Le Qatar accueille divers groupes terroristes pour destabiliser la region, comme la confrerie des Freres musulmans, Daech [acronyme en arabe de l'EI] et Al-Qaida >>, a accuse ce responsable saoudien. Egalement via son agence officielle, Bahrein a justifie sa decision en accusant Doha d'<< ebranler la securite et la stabilite [de son royaume] et de s'ingerer dans ses affaires >> interieures. Au Caire, l'Egypte a egalement annonce la rupture de ses relations diplomatiques avec le Qatar, qu'elle accuse de soutenir << le terrorisme >>. Le gouvernement du Caire a << decide de mettre fin a ses relations diplomatiques avec l'Etat du Qatar qui persiste a adopter un comportement hostile vis-a-vis de l'Egypte >>, a indique le ministere des Affaires etrangeres egyptien. Le communique egyptien annonce la fermeture des frontieres << aeriennes et maritimes >> avec le Qatar. Le communique evoque << l'echec de toutes les tentatives pour dissuader [le Qatar] de soutenir les organisations terroristes >>, y compris la confrerie islamiste des Freres musulmans, dont est issu Mohamed Morsi. La confrerie, classee << organisation terroriste >> par les autorites du Caire et plusieurs pays du Golfe, nie avoir recours a la violence. Le Qatar etait l'un des principaux soutiens du president dechu par un coup d'Etat militaire en 2013. Son eviction avait ete annoncee par l'ex-chef de l'armee et actuel president Abdel Fattah al-Sissi. Le riche emirat gazier du Golfe a condamne a plusieurs reprises la repression lancee par le regime contre les pro-Morsi. Le Caire accuse Doha << de vehiculer l'ideologie d'Al-Qaida et de Daech et de soutenir les operations terroristes dans le Sinai >>. Dans son communique, l'Egypte accuse le Qatar << d'ingerence dans ses affaires internes >>, mais aussi << d'abriter des dirigeants [des Freres musulmans] qui font l'objet de condamnations judiciaires pour des operations terroristes >>. Le secretaire d'Etat americain Rex Tillerson a appele les pays du Golfe a tenter de regler leurs divergences et a rester unis. << Certainement, nous encouragerions les parties a s'asseoir et a parler de ces divergences >>, a-t-il declare a Sydney apres l'annonce de l'Arabie saoudite, de l'Egypte, de Bahrein et des Emirats arabes unis. << Si nous avons un role a jouer pour les aider a affronter [leurs differends], nous pensons qu'il est important que le CCG [Conseil de cooperation du Golfe, NDLR] reste uni. >> Lire aussi Le Qatar sur la sellette : qu'est-ce que le Conseil de cooperation du Golfe ? La Bourse de Doha a chute de 8 % a l'ouverture des transactions. Les grandes compagnies aeriennes Emirates, de Dubai, et Etihad, d'Abou Dhabi, ont annonce la suspension de tous leurs vols vers et en provenance du Qatar a partir de mardi matin << jusqu'a nouvel ordre >>. Les diplomates du Qatar ont 48 heures pour quitter leur poste dans ces pays. Les citoyens qataris ont pour leur part 14 jours pour partir d'Arabie saoudite, des Emirats et de Bahrein, et les ressortissants de ces trois pays se voient interdire de se rendre au Qatar. Le contexte La semaine derniere, des propos attribues a l'emir cheikh Tamim ben Hamad Al Thani avaient ete publies sur le site internet de l'agence de presse officielle QNA. Ils rompaient avec le consensus regional sur plusieurs sujets sensibles, notamment l'Iran, vu comme un allie strategique, alors qu'il vient d'etre accuse par l'Arabie saoudite d'etre << le fer de lance du terrorisme >> et que Donald Trump a opere une spectaculaire volte-face diplomatique en rompant avec Teheran au profit de Riyad. Selon Doha, ces propos sont faux et leur publication etait le fait de << hackers >>. Les propos en question contenaient aussi des commentaires negatifs sur les relations entre l'administration de Donald Trump et le Qatar, pourtant un proche allie des Etats-Unis. Lire aussi Donald Trump et le retour de l'Iran dans << l'Axe du mal >> La visite du president Trump a Riyad, son premier deplacement a l'etranger, avait ete couronnee par la signature d'un accord sur << une vision strategique >> pour renforcer les relations economiques et de defense entre le royaume saoudien et les Etats-Unis. Dans un discours le 21 mai a Riyad devant des dirigeants du monde musulman, Donald Trump avait appele a << chasser >> les extremistes et << les terroristes >>, en reference aux groupes djihadistes, auteurs d'attaques dans plusieurs pays. Il avait aussi demande a la communaute internationale << d'isoler >> l'Iran. Le Qatar s'est plaint d'etre victime d'une campagne hostile, notamment aux Etats-Unis, concernant son soutien presume aux groupes islamistes. La derniere crise ouverte dans le Golfe remonte a 2014 lorsque trois pays du CCG (Arabie, Bahrein et Emirats) avaient rappele leur ambassadeur a Doha pour protester contre le soutien presume du Qatar aux Freres musulmans. ", "theme": "monde"}