{"id_art": "fa6d3c63265d905ef63f5c4cbdd55b1e", "title": "Attentats du 13 novembre : nouvelles revelations sur les projets des terroristes", "newspaper": "LePoint", "author": ["6Médias"], "date_publi": "2016-10-05", "content": " Selon \"Le Monde\", les enqueteurs ont decouvert que les attentats auraient pu etre beaucoup plus sanglants. Et seraient sur la piste d'autres complices. Pres d'un an apres les attentats du 13 novembre a Paris, les enqueteurs progressent petit a petit sur les intentions des terroristes de l'Etat islamique. Et ce qu'ils decouvrent depasse largement ce qu'ils avaient imagine, d'apres les revelations du Monde mercredi 5 octobre. \"Le systeme des planques, le nombre d'hommes impliques, les cibles envisagees, tout confirme la piste d'une cellule aux ambitions initiales bien plus vastes encore que les tueries perpetrees au Stade de France, sur les terrasses du 11e arrondissement et au Bataclan\", ecrit le journal. C'est dans un ordinateur retrouve fin mars, au lendemain des attentats bruxellois, dans une poubelle situee a proximite d'une des dernieres planques des djihadistes, rue Max-Roos, a Schaerbeek pres de Bruxelles, que les enqueteurs ont decouvert de nombreuses informations. Selon Le Monde, ils ont trouve dans cet ordinateur, qui avait transite de planque en planque, un dossier baptise 13 novembre, contenant lui-meme plusieurs sous-fichiers : \"groupe Omar\", \"groupe francais\", \"groupe irakien\", \"groupe Schiphol\", \"groupe metro\". Pour les policiers, il s'agit la de la structure du veritable \"plan des attentats terroristes du 13 novembre\", \"voire d'attaques futures\". Des lors se pose la question de l'existence de cinq commandos, et non pas trois comme on le croyait jusqu'ici. Le \"groupe Omar\" fait reference au surnom d'Abdelhamid Abaaoud, le leader du commando qui a pris pour cible les terrasses des cafes parisiens. Le \"groupe francais\" serait celui qui a attaque le Bataclan (Foued Mohamed-Aggad, Samy Amimour et Ismael Omar Mostefai). Le \"groupe irakien\" correspondrait aux kamikazes du Stade de France. Restent les groupes \"metro\" et \"Schipol\", qui ne correspondent pas au schema du 13 novembre. D'apres le quotidien, les enqueteurs n'ont pas de certitudes definitives concernant ces deux possibles commandos. Un projet d'attentat visait-il le metro parisien avant d'etre reporte sur celui de Bruxelles, le 22 mars ? Quant au groupe Schipol, du nom de l'aeroport international d'Amsterdam, il pourrait s'agir d'un commando qui n'est finalement pas passe a l'acte. Car le travail des enqueteurs revele aussi un nombre eleve d'hommes lies a la cellule franco-belge. La sous-direction antiterroriste (SDAT) francaise a pu etablir que deux suspects arretes \"par hasard\" en mars et avril en Belgique, Sofien A. et Ossama K., avaient tous les deux pris un aller simple en bus Eurolines de la gare de Bruxelles-Nord pour Amsterdam, le 13 novembre. \"Pourquoi ne sont-ils pas passes a l'acte ? Devaient-ils etre plus nombreux ? Ces questions sont pour l'instant sans reponse\", ecrit Elise Vincent, journaliste au Monde. L'enquete montre aussi la logistique elaboree des planques. Plus d'une dizaine ont ete decouvertes au fil des mois, la plupart aux alentours de Bruxelles. \"A chaque fois qu'une nouvelle equipe arrivait dans une planque, le frigo etait plein, une nouvelle tablette avec connexion Internet etait bien souvent presente pour occuper les heures, suivre l'actualite. Dans l'une des planques, les djihadistes ont meme eu droit a une PlayStation\", ecrit le quotidien. Et, toujours selon les memes sources, de possibles complices egalement soupconnes d'avoir ete en contact avec des membres de la cellule franco-belge, seraient toujours dans la nature. ", "theme": "societe"}