{"id_art": "7305ffe242a45216096cab6e25e26296", "title": "Lutte contre le terrorisme : Cazeneuve organise la riposte en region", "newspaper": "LePoint", "author": [" Le Point.fr"], "date_publi": "2016-02-26", "content": " Le ministere de l'Interieur va mettre en place un dispositif muscle ayant vocation a intervenir en moins de vingt minutes partout sur le territoire. Des << forces d'intervention rapide >>. C'est la nouvelle mesure que Bernard Cazeneuve a decide de mettre en place pour repondre << en moins de vingt minutes >> a d'eventuelles attaques terroristes n'importe ou sur le territoire, annonce Le Figaro . Ce dispositif est dans la lignee de la declaration qu'a faite le ministre de l'Interieur a Metz le 12 fevrier dernier : << La menace terroriste pese sur l'ensemble du territoire national, et non seulement en region parisienne. >> Ces << forces d'intervention rapide >> auront donc pour objectif de contenir une attaque terroriste, voire de la neutraliser, en attendant l'arrivee des forces d'elite de la Brigade de recherche et d'intervention (BRI), du Raid ou du GIGN. Et le ministere de l'Interieur ne badine pas avec les moyens octroyes a ces forces d'intervention rapide puisqu'il compte les equiper de 300 fusils d'assaut allemands HK G36, une arme de guerre pouvant percer les gilets pare-balles et ayant une portee de 500 metres ainsi qu'une cadence de 750 coups par minute. En parallele, cette mesure devrait s'accompagner d'une intensification du renseignement en region. ", "theme": "politique"}