{"id_art": "af1ecd71eb751503b543460cb331b97f", "title": "Indonesie : accusee de \"terrorisme\", Telegram partiellement bloquee", "newspaper": "LePoint", "author": ["Source AFP"], "date_publi": "2017-07-15", "content": " Les autorites menacent de bloquer la totalite du service si Telegram ne s'engage pas a adopter \"des procedures standard pour traiter les contenus illegaux\". L'application Telegram bannie d'Indonesie. Les autorites du pays ont decide de couper l'acces web a la messagerie accusee de faciliter la propagation du << terrorisme >>. Ils ont menace de bloquer totalement le service, a annonce le ministere des Communications. Dans un communique publie vendredi soir, le ministere a justifie sa decision de restreindre les acces a Telegram par le grand nombre de messages << contenant des encouragements au radicalisme et au terrorisme, ainsi que des conseils pour assembler des bombes et perpetrer des attaques >>. Pour le moment, seul l'acces a la messagerie pour ordinateurs via le Web a ete coupe. Mais les autorites ont menace de bloquer la totalite du service, qui est egalement accessible via une application pour appareils mobiles, si Telegram ne s'engage pas a adopter << des procedures standard pour traiter les contenus illegaux >>. Reputee pour son haut niveau de cryptage, Telegram s'est deja retrouvee dans le collimateur de plusieurs pays pour servir de moyen de communication a des groupes terroristes, mais aussi pour son refus de principe de communiquer les donnees de ses utilisateurs aux autorites. L'Indonesie a subi ces derniers mois plusieurs attentats attribues au groupe Etat islamique (EI). En juin, un individu a notamment poignarde deux policiers dans une mosquee. Selon la police, il n'avait pas de lien avec une organisation terroriste, mais s'etait radicalise tout seul avec du materiel lu sur Telegram. Le PDG de Telegram, Pavel Durov, s'est etonne sur Twitter de n'avoir << jamais recu la moindre demande-reproche de la part du gouvernement indonesien >>. Il a neanmoins ajoute que sa societe allait enqueter sur les griefs formules contre elle. Montree du doigt apres les attentats de Paris en 2015, Telegram s'etait alors decidee a bloquer des comptes utilises par l'EI. Fin juin, l'application a echappe de peu a un blocage en Russie, ou les services de securite ont indique qu'elle avait servi aux auteurs de l'attentat du metro de Saint-Petersbourg en avril dernier. ", "theme": "high-tech-internet"}