{"id_art": "31616af194b65e535fa18d67d1e3d978", "title": "L'argent du terrorisme \"cache\" dans des societes creees aux Etats-Unis", "newspaper": "LePoint", "author": ["Source AFP"], "date_publi": "2016-07-12", "content": " Des Etats americains permettent de creer une societe sans avoir a reveler l'identite de son reel ayant droit. Les cartels et les terroristes en profitent. Des organisations terroristes et des cartels de la drogue utilisent des societes-ecrans immatriculees aux Etats-Unis pour << cacher >> et << blanchir >> leur argent, a assure un haut responsable du Tresor americain. << Pour chaque menace que nous traquons, que ce soit des terroristes etrangers, des cartels de narcotrafiquants, des regimes frappes par des sanctions ou des hackers, nos enqueteurs se trouvent nez a nez avec des societes-ecrans americaines utilisees pour cacher et transferer de l'argent >>, ecrit Adam Szubin, sous-secretaire au Tresor charge de la lutte contre le terrorisme. << C'est la que leur traque s'arrete >>, ajoute le responsable dans une tribune publiee par le magazine The Hill, specialise dans les affaires parlementaires. Plusieurs Etats americains permettent de creer une societe sans avoir a reveler l'identite de son reel ayant droit, offrant un anonymat total qui a ete utilise par des trafiquants d'armes et de drogue notoires. Des societes offshore immatriculees aux Etats-Unis ont egalement ete utilisees pour contourner les sanctions americaines contre l'Iran. << Les societes-ecrans americaines ont le triste privilege d'offrir la seule methode de blanchiment d'argent ou l'opacite est garantie par une agence gouvernementale >>, affirme Adam Szubin. Apres le scandale d'evasion fiscale des Panama Papers, les Etats-Unis ont annonce plusieurs mesures pour lutter contre cette opacite. Les etablissements financiers americains sont ainsi desormais tenus d'identifier les proprietaires reels des societes immatriculees aux Etats-Unis avant d'ouvrir des comptes bancaires. << Mais cela n'empechera pas des criminels qui utilisent des societes-ecrans americaines d'ouvrir des comptes bancaires a l'etranger >>, a admis Adam Szubin. Selon lui, seul le Congres (controle par les republicains) a la possibilite de combler cette faille en exigeant que le beneficiaire d'une societe immatriculee aux Etats-Unis soit identifie lors de sa creation. Des propositions de loi allant dans ce sens ont ete recemment deposees ces dernieres annees, mais elles ont ete abandonnees sous la pression des lobbys, selon Adam Szubin. << C'est simplement inacceptable >>, juge-t-il. A la mi-avril, les pays du G20, dont font partie les Etats-Unis, avaient recommande l'adoption de moyens pour savoir qui se cache derriere les societes-ecrans. ", "theme": "monde"}