{"id_art": "f53874f12fb2e47b7d128640512184a9", "title": "Comme Jean Jaures, Benoit Hamon refuse de \"ceder aux terroristes\"", "newspaper": "LePoint", "author": ["AFP"], "date_publi": "2017-04-21", "content": "\"Nous ne cederons rien\" face aux \"terroristes\" islamistes, ni aux \"integristes antirepublicains entourant\" Marine Le Pen, a lance vendredi Benoit Hamon a Carmaux (Tarn), sur les terres de Jean Jaures, lui aussi victime de l'extremisme. \"Je refuse de faire le cadeau aux terroristes de suspendre la democratie quand eux le decident\", a declare le candidat du Parti socialiste, justifiant sa decision de poursuivre sa campagne alors que certains de ses adversaires l'ont suspendue apres l'attentat, jeudi soir a Paris, qui a coute la mort a un policier. \"C'est justement parce qu'ils haissent ce grand moment de democratie qu'il faut la cherir\", s'est-il justifie, devant un demi-millier de personnes environ, qui n'avaient reussi a remplir que la moitie de la place Jean Jaures de Carmaux. \"Jean Jaures, c'est le courage de tenir pour ses idees face aux extremistes, meme au prix de sa vie\", a rappele M. Hamon dans un discours prononce a l'ombre de la statue de Jean Jaures a Carmaux, dont cette icone du socialisme etait depute. Jean Jaures, cofondateur du Parti socialiste en 1905, avait ete assassine le 31 juillet 1914, a quelques heures de la Premiere guerre mondiale. M. Hamon a estime que les integristes ne sont pas seulement dans le camp des islamistes mais que \"Mme Le Pen est entouree d'integristes tous plus antirepublicains que les autres\". \"Je n'accepte plus ce poison du racisme\", a-t-il fustige, citant Marine Le Pen mais egalement l'ecrivain polemiste Eric Zemmour, \"qui veulent revenir sur des siecles de progres\". \"Les territoires qu'a conquis Mme Le Pen, ce sont les tetes, les coeurs, les tripes et c'est de la qu'il faut l'extirper. Il faut s'attaquer a la peur\", a-t-il ajoute dans son discours cloturant sa campagne du premier tour. 21/04/2017 19:22:48 - Carmaux (France) (AFP) - (c) 2017 AFP ", "theme": "politique"}