{"id_art": "e4e04df491a8e3021872770c25a305f4", "title": "Turquie : Ankara, une nouvelle fois meurtrie par le terrorisme", "newspaper": "LePoint", "author": ["De notre correspondant à Istanbul, Quentin Raverdy"], "date_publi": "2016-02-18", "content": " VIDEO. Quatre mois apres le carnage du 10 octobre, la capitale turque est une nouvelle fois frappee par une attaque terroriste d'ampleur, qui a fait 28 morts. Il etait aux alentours de 18 h 30, mercredi soir, quand une lourde explosion a secoue le centre-ville d'Ankara. Au croisement du boulevard Inonu et de la place Kizilay, au coeur de la capitale turque, une attaque a la voiture piegee a vise un convoi de bus de l'armee, arrete a un feu rouge. La detonation a ete entendue a plusieurs kilometres a la ronde. Dans la rue, des carcasses de vehicules sont en feu et un epais panache de fumee s'eleve au-dessus de la ville. Tres vite, le porte-parole du gouvernement, Numan Kurtulmus, annonce un lourd bilan : 28 morts (civils et militaires) et plus de 60 blesses. Selon la presse turque, l'enquete se focaliserait sur un jeune homme, Salih Necar, originaire de Syrie, enregistre recemment a la frontiere avec les refugies et dont l'ADN a ete retrouve sur les lieux de l'attentat. L'endroit vise est un quartier strategique - et ultra-securise - d'Ankara qui abrite notamment le Parlement turc et le ministere de l'Interieur. Mais il est egalement le centre nevralgique de l'armee turque : dans un rayon de quelques centaines de metres se concentrent le ministere de la Defense, les quartiers generaux des differents corps d'armee et l'academie militaire. << Le lieu de l'attaque est tres symbolique mais la cible, des bus militaires, l'est encore plus. L'objectif vise laisse penser que c'est le Parti des travailleurs du Kurdistan (guerilla kurde, en conflit avec Ankara depuis 30 ans, NDLR). Le PKK a les capacites d'attaquer jusqu'ici, meme si, pour l'heure, il faut rester prudent, analyse Sinan Ulgen, president du Center for Economics and Foreign Policy (EDAM). Bien que l'attaque n'ait pas encore ete revendiquee, les yeux de la presse pro-gouvernementale et de plusieurs officiels se tournent bel et bien vers les rebelles du PKK, a qui Ankara mene une guerre feroce depuis juillet et l'eclatement du cessez-le-feu. Une guerre qui se concentre notamment dans le sud-est du pays, a majorite kurde. Depuis decembre, plus de 600 membres du PKK ont ete tues au cours des nombreuses operations menees par l'armee dans plusieurs cites kurdes, placees sous de longs et sanglants couvre-feux. Les forces de securite, elles, ont perdu en l'espace de sept mois plus de 250 membres. Des rebelles kurdes que la Turquie combat egalement de l'autre cote de sa frontiere, en Syrie. En effet, depuis ce week-end, Ankara bombarde des forces du PYD (emanation syrienne du PKK) qui, profitant de l'offensive du regime de Damas, ont etendu leur territoire pres de la frontiere turque. Une menace de taille pour Ankara qui craint de voir un territoire autonome kurde se former au nord du territoire syrien. D'ailleurs, les rumeurs d'une intervention militaire au sol par la Turquie sont desormais quasi quotidiennes. Au regard du modus operandi utilise ce mercredi, plusieurs observateurs estiment cependant que la piste du groupe Etat islamique ne doit pas etre ecartee. Selon Ankara, l'organisation djihadiste serait deja responsable de plusieurs attaques sur le sol turc, au cours de l'annee passee. A Suruc (frontiere turco-syrienne) notamment ou un kamikaze a tue plus d'une trentaine de personnes. Puis le 10 octobre a Ankara, lors d'une manifestation pour la paix, organisee par la gauche et le mouvement pro-kurde. Le pire attentat de le la Turquie moderne : 103 morts et plus de 500 blesses. Et enfin plus recemment, en janvier, avec l'attaque suicide d'un jeune Syrien contre des touristes allemands (11 morts), au coeur d'un quartier historique d'Istanbul. Mais mercredi soir, c'etait un autre acteur qui etait dans le collimateur des reseaux sociaux : le MIT. Une nouvelle fois, les services de renseignements turcs sont vertement critiques pour leur inefficacite, quatre mois seulement apres le premier bain de sang dans la capitale. << Certes, apres cette attaque ils ont, par exemple, demantele des reseaux de l'EI, ils ont saisi du materiel pour faire des attentats mais ils n'ont pas reussi, une fois de plus, a empecher une attaque au coeur d'Ankara. Ils n'ont pas comble leurs lacunes. Les faiblesses du service de renseignements turc sont manifestes, qu'importe le responsable de l'attaque >>, tranche Sinan Ulgen. D'autant que << les ennemis >> de la Turquie sont aujourd'hui nombreux. << La Turquie est un pays vulnerable. Son gouvernement a sous-estime les risques pris a cause de sa politique exterieure ambitieuse, notamment dans la guerre en Syrie. Les acteurs de ce conflit sont nombreux. Ankara ne doit pas faire face uniquement aux forces du regime mais aussi a l'Iran, a la Russie. Tous ont une capacite de nuisance >>, estime l'ancien diplomate. Une influence etrangere, une nouvelle fois denoncee mercredi soir par le president Erdogan qui rappelait la determination de la Turquie a lutter contre ces << forces derriere eux >>, responsables de ces attaques. Et de rappeler que << la Turquie n'hesitera pas a recourir a tout moment, a tout endroit et en toute occasion a son droit a la legitime defense >>. ", "theme": "monde"}