{"id_art": "6861c02bae01f4ac4fdfdc59b30ae17c", "title": "Menace terroriste : l'inquietant rapport sur les centrales nucleaires", "newspaper": "LePoint", "author": ["Source AFP"], "date_publi": "2017-10-10", "content": " Des experts de Greenpeace pointent des failles securitaires dans les centrales nucleaires francaises en cas d'attaque ou d'acte de malveillance. Les resultats de ce rapport publie mardi 10 octobre ont de quoi inquieter. Sept experts mandates par Greenpeace alertent sur des failles securitaires dans les centrales nucleaires francaises en cas d'attaque ou d'acte de malveillance. Ces experts (France, Allemagne, Royaume-Uni et Etats-Unis), specialistes en surete nucleaire, securite, radioprotection et economie, se sont particulierement interesses a la capacite de resistance des piscines d'entreposage des combustibles nucleaires uses. Des constats similaires ont ete realises pour les centrales belges de Doel et Tihange. Selon ces experts, qui ont analyse des elements tires de publications des operateurs industriels ou des autorites, d'articles d'actualite ou d'observations sur le terrain, des attaques seraient << en mesure de provoquer sur le type de structures et d'equipements des batiments d'entreposage du combustible en piscine les degats conduisant aux scenarios redoutes >>. << Certaines faiblesses connues sont generiques a l'ensemble des installations, comme l'absence de protection autre que des poutres et un bardage metallique sur les toits >> de ces batiments, estime leur rapport, resume par l'ONG. Pour des raisons de securite, la version integrale du rapport ne sera pas publiee, mais doit etre remise mardi par le directeur general de Greenpeace France a de hauts responsables en charge des questions de defense et securite. << Le constat qui ressort de ce travail est sans appel >>, souligne Greenpeace dans un communique. << Les piscines d'entreposage du combustible use sont extremement fragiles face aux actes de malveillance. Si le batiment reacteur est lui protege par une enceinte de confinement renforcee, les piscines de combustible use, elles, ne sont pas protegees. >> << Il s'agit pourtant des batiments qui contiennent le plus de radioactivite dans les centrales nucleaires >>, ajoute l'organisation ecologiste. En comptant La Hague et Creys-Malville, la France compte un total de 63 piscines de combustible use. Greenpeace s'en prend a EDF, accuse de n'avoir << pas procede aux renforcements necessaires >> malgre plusieurs rapports precedents, mais aussi le survol de centrales, a repetition et toujours inexplique, par des drones. << Ce probleme de fragilite des piscines d'entreposage du combustible use face au risque d'attaques exterieures ne peut etre ignore par l'exploitant des centrales nucleaires francaises EDF >>, ajoute l'ONG. << Il faut briser l'omerta sur les risques qui planent sur les centrales nucleaires. EDF, qui exploite les centrales, ne peut ignorer cette situation. Elle doit imperativement prendre en main ce probleme de securite en effectuant les travaux necessaires pour securiser les piscines d'entreposage du combustible use >>, estime Yannick Rousselet, charge de campagne nucleaire pour Greenpeace France. Le directeur du parc nucleaire d'EDF, Philippe Sasseigne, a assure mardi au Parisien que << tous les moyens sont mis en oeuvre et de maniere coordonnee, entre EDF et l'Etat >>, pour assurer la securite des centrales face aux nouvelles formes de menaces. ", "theme": "societe"}