{"id_art": "3db554f175926d5f53cc8f55fe35aedc", "title": "Terrorisme : la lente reconstruction de l'imprimeur de Dammartin-en-Goele", "newspaper": "LePoint", "author": [" 6Medias"], "date_publi": "2018-01-07", "content": " Michel Catalano dirige l'imprimerie ou s'etaient refugies les freres Kouachi apres l'attentat de << Charlie Hebdo >>. Il raconte au << JDD >> son difficile parcours. Il y a trois ans, le 9 janvier 2015, la vie de Michel Catalano basculait. Le directeur de l'imprimerie de Dammartin-en-Goele (Seine-et-Marne) etait pris en otage par les freres Kouachi. Ce 7 janvier, alors que la France commemore les attentats de Charlie Hebdo et de l'Hyper Cacher, il s'est livre au Journal du dimanche pour revenir sur les epreuves traversees et son combat pour retrouver une vie normale. LIRE aussi Charlie Hebdo et Hyper Cacher : trois ans apres, un hommage sobre aux victimes S'il reconnait la necessite des commemorations, Michel Catalano evoque egalement la douleur liee a ces moments de souvenirs. << Ca reste des moments difficiles, particuliers, pour nous, les victimes. Tous les souvenirs rejaillissent. La douleur, les images remontent. C'etait il y a trois ans, mais je peux vous raconter ce qui s'est passe le 9 janvier, minute par minute, de 8 heures a 2 heures du matin. >> Les freres Cherif et Said Kouachi s'etaient retranches dans l'imprimerie apres l'attentat de Charlie Hebdo. Ils avaient pris le directeur de l'imprimerie en otage avant de finalement le liberer. << J'ai encore des nuits qui sont difficiles. Les souvenirs sont toujours presents, ils font desormais partie de ma vie. Je pense qu'ils s'attenueront avec le temps, mais ils ne pourront jamais completement disparaitre. C'est comme une cicatrice que vous avez sur le visage >>, decrit Michel Catalano. Au meme moment, son employe Lilian se trouvait lui aussi dans l'entreprise. Il etait alors parvenu a se cacher sous un evier de la salle de restauration de l'imprimerie. Aujourd'hui, les deux hommes se voient encore. << Il est devenu mon client, on se voit donc regulierement, toujours avec autant de plaisir. Ce que j'explique souvent, c'est qu'on a une relation que les gens ne peuvent pas comprendre. Lorsqu'on se voit, on se comprend. Je pense que notre vie, quoi qu'il arrive, sera toujours liee, d'une maniere ou d'une autre >>, a confie l'imprimeur au JDD. Lire aussi Dammartin : l'imprimeur bientot indemnise par l'Etat S'il continue de se reconstruire et veut avancer, il revendique la necessite d'un proces. << Le proces fait partie d'une etape. On s'attend a avoir des reponses aux questions que l'on se pose. Ce qu'on espere, c'est que le proces puisse nous aider a passer a autre chose. Car tout ce qui nous importe, c'est d'avancer. >> Et les questions, il s'en pose encore beaucoup. << Comment sont-ils arrives jusque-la ?, Ont-ils ete aides ?, Sont-ils arrives chez moi par hasard, comme ce que j'ai pu comprendre lorsque j'avais echange avec eux, ou etait-ce prevu ? >> Interroge par Le Journal du dimanche, il revient egalement sur les indemnisations recues par l'Etat mais evoque la lenteur du remboursement lie a la destruction de l'imprimerie. << L'activite commerciale de mon entreprise n'a pas ete aussi simple a remettre sur pied, comme j'avais pu l'imaginer. Aujourd'hui, trois ans apres, mon entreprise n'a pas encore atteint son equilibre financier. J'en suis encore assez loin. >> Si, apres l'attaque, Michel Catalano a envisage de tout arreter, il a rapidement change d'avis. << Au depart, on pensait quitter les lieux, nous echapper. Trois semaines apres l'attaque, j'ai eu une discussion avec le president de la Republique de l'epoque. Je lui ai dit qu'au fond de moi je voudrais continuer mon activite, qu'aller ailleurs m'aurait donne l'impression de fuir. >> Et d'ajouter ensuite : << J'ai donc pris la decision de reconstruire mon entreprise au meme endroit, de me relever la ou je suis tombe. >> Le 9 janvier 2015, l'assaut contre les deux freres de 32 et 34 ans a ete lance a 16 h 57 par les forces de l'ordre. Trois ans plus tard, le directeur de l'imprimerie conserve la meme inquietude. << Tous les matins, j'arrive a l'entreprise avec une boule au ventre, encore aujourd'hui. J'ai toujours un noeud a l'estomac. Ca n'a pas change. Un jour, peut-etre que ce noeud s'en ira. >> ", "theme": "societe"}