{"id_art": "c3c334bd8ebec22c7178e5f4baa3e3ae", "title": "\"Pour lutter contre le terrorisme, il faut creer des prisons specialisees\"", "newspaper": "LePoint", "author": ["Propos recueillis par Laurence Neuer", "Laurence Neuer", "Laurence Neuer"], "date_publi": "2016-08-08", "content": " La surpopulation carcerale favorise la radicalisation. Isoler les detenus les plus dangereux est-il \"la\" solution pour lutter contre ce fleau ? Entretien. La surpopulation carcerale, veritable serpent de mer de la politique penitentiaire, est au coeur de l'actualite estivale avec la visite, par Manuel Valls et le garde des Sceaux Jean-Jacques Urvoas, de la maison d'arret de Nimes, l'une des plus surpeuplees de France. D'apres la controleure generale des lieux de privation de liberte Adeline Hazan, la surpopulation << cree une emprise des plus forts sur les plus faibles >> et constitue << l'une des causes de la radicalisation des esprits >>. D'ou l'idee, defendue notamment par Emmanuel Gauthrin, secretaire general du syndicat SNPFO, de creer des etablissements dedies aux detenus incarceres pour des infractions liees au terrorisme. Stephane Jacquot, ancien secretaire national de l'UMP et auteur de Prison. Le choix de la raison (coecrit avec Dominique Raimbourg) y souscrit egalement. Entretien. Le Point.fr : Le placement sous bracelet electronique d'Adel Kermiche ne l'a pas empeche d'assassiner le pere Hamel a l'eglise de Saint-Etienne-du-Rouvray. Au contraire... Est-ce un aveu d'echec de la justice ? Du politique ? Stephane Jacquot : La question n'est pas de reporter la faute sur tel acteur judiciaire ou politique, sur la gauche ou sur la droite, mais de trouver la solution la plus efficace dans un << Etat d'urgence >> avec un << E >> majuscule. Face au terrorisme, il faut repenser notre justice, modifier notre arsenal penal. Des lors qu'une personne a une fiche S ou qu'elle est mise en examen pour une infraction a caractere terroriste, le placement sous bracelet electronique ne devrait pas etre possible. Dans ce contexte, l'enfermement me parait indispensable, et c'est la tout le role de la prison que de proteger la societe civile de ceux qui portent le plus gravement atteinte a ses valeurs et a ses membres. La prison est aussi un lieu de reinsertion. Et meme, avant cela, de prevention de la radicalisation. Or, elle est devenue un terreau de recrutement de petits delinquants... La prison est en effet un lieu de radicalisation ou prechent les recruteurs de Daech, qui reperent les plus vulnerables et leur proposent, une fois liberes, de partir combattre en Syrie ou ils trouveront un nouveau sens a leur vie. Il faut commencer par reperer les detenus radicalises ou en voie de l'etre, et nous avons besoin a cette fin d'agents de l'Etat qui se consacrent reellement au renseignement dans toutes les prisons de France. Ce qui n'est pas le cas aujourd'hui. Je suggere de doter le ministere de la Justice d'un office central du renseignement penitentiaire ; cela permettrait de professionnaliser des personnels deja rompus a la gestion de publics difficiles et qui ne demandent qu'a integrer la communaute du renseignement. Il y a dans nos prisons une somme d'informations inexploitees qui pourraient nous permettre d'anticiper et d'empecher la commission du pire... Quelle serait la mesure ideale pour prevenir les attentats ? Je pense que, face au terrorisme, il faut creer des prisons specialisees, separees des structures penitentiaires << ordinaires >>, et un regime de detention dedie. On a adopte cette approche criminologique pour les personnes coupables de crimes et de delits sexuels, qui beneficient d'un regime de detention specifique. Pourquoi ne pas l'adopter pour les personnes prevenues ou condamnees pour des actes terroristes ? De cette maniere, les normes europeennes qui s'appliquent au regime de detention ordinaire ne s'appliqueraient pas dans ce contexte. Vous pensez, par exemple, au droit a l'information des detenus, qui n'aurait pas lieu d'etre au sein de ces etablissements ? Tout a fait. Ce droit ne peut que favoriser les demarches de radicalisation et les passages a l'acte. Mais il y a aussi le droit au maintien des liens familiaux. Dans ce cadre precis, ces liens devraient etre temporairement coupes. Ne redoutez-vous pas que l'on se dirige alors vers un Guantanamo a la francaise ? Ce n'est pas le cas ! Le droit a la dignite et les autres droits de la personne ne souffriraient d'aucune exception. En outre, ces detenus seraient pris en charge en se voyant proposer des parcours de deradicalisation. Qu'en serait-il justement de leur prise en charge et de leur reinsertion ? Les quartiers de deradicalisation sont-ils la panacee ? Comment lutter contre le lavage de cerveau des plus faibles au sein meme des prisons ? La reinsertion n'est possible qu'a partir du moment ou la personne n'est plus consideree comme dangereuse. A cet egard, je preconise de reinstaurer, pour ces populations, le diagnostic a visee criminologique (DAVC), qui avait ete supprime par Christiane Taubira, afin d'evaluer la dangerosite des detenus. Donc, tant qu'un detenu est considere comme << dangereux >>, il doit etre maintenu sous ce regime de detention specifique. Quant a la reinsertion, elle doit passer en effet par la deradicalisation et celle-ci doit se faire en lien avec l'aumonerie musulmane. L'aumonier devrait etre dote d'un statut penitentiaire equivalant a celui de l'aumonier militaire afin de garantir un controle de l'Etat sur les nominations. Pour lutter contre le lavage de cerveau des plus faibles, il faut justement eviter de melanger les plus << vulnerables >> ou << influencables >> avec les plus radicalises, d'ou la necessite de lancer rapidement un etablissement dedie pour detenus en lien avec le terrorisme. Construire un etablissement dedie, cela peut prendre des annees... En effet, et pour eviter ce delai, je propose de requalifier l'ancien centre de jeunes detenus de la maison d'arret de Fleury-Merogis (actuellement vide), qui a une capacite d'accueil de 450 places, en etablissement specialise pour detenus en lien avec le terrorisme. Notre pays serait ainsi dote immediatement d'un etablissement proche de Paris et du parquet antiterroriste, bien protege, d'une capacite souple, adaptable et totalement separe des autres categories de personnes detenues. ", "theme": "chroniqueurs-du-point/laurence-neuer"}