{"id_art": "2a5d78be5e48caf5d17ca0919cccb11c", "title": "Attentat sur les Champs-Elysees : le terrorisme frappe la fin de la campagne presidentielle", "newspaper": "LePoint", "author": ["Source AFP"], "date_publi": "2017-04-21", "content": " A deux jours de l'election presidentielle francaise, les quotidiens de ce vendredi consacrent leur une a la fusillade meurtriere, a Paris, jeudi soir. Alors que la campagne presidentielle se termine, avec le premier tour programme dimanche, l'attaque djihadiste sur les Champs-Elysees a Paris ce jeudi soir, qui a coute la vie a un policier, est largement evoquee dans les quotidiens ce vendredi 21 avril. \"Le terrorisme frappe a nouveau en plein Paris\", titre en une Le Figaro. \"Un lourd tribut paye par les forces de securite depuis 2012\", titre aussi le quotidien en pages interieures. \"Attaque sur les Champs-Elysees\", titre en une Le Parisien qui souligne egalement que la police est encore \"frappee\". \"Fusillade aux Champs-Elysees\", ecrit Liberation. \"Fusillade meurtriere sur les Champs\", titre Sud-Ouest. La Voix du Nord titre \"Attentat sur les Champs-Elysees\" et Ouest-France \"Champs-Elysees : fusillade mortelle\". \"Le souffle du terrorisme a seme la mort jeudi soir dans le quartier hautement symbolique des Champs-Elysees. La barbarie vient de frapper de nouveau la capitale en plein coeur\", ecrit en page interieure du Figaro Christophe Cornevin. \"Les policiers sont des cibles. Comme les militaires. Comme les cures. Comme les juifs. Comme les dessinateurs, les journalistes (..) les enfants sur la promenade des Anglais, les femmes aux terrasses et les jeunes aux concerts\", enumere Jean-Marie Montalie dans Le Parisien. Et de prevenir qu'\"en realite la menace est permanente, universelle\" puis d'assener : \"Ces gens ne sont rien d'autre que des tueurs.\" Bruno Dive, de Sud-Ouest, dresse le bilan suivant : \"Apres le Louvre, puis Orly, et maintenant les Champs-Elysees\". \"Chacun sait que le risque zero n'existe pas. Et que la meilleure reponse a apporter aux terroristes et djihadistes et de tout poil, c'est encore et toujours l'unite nationale\", affirme l'editorialiste. \"Distiller la peur pour voir s'installer la haine, et inversement, voila le but recherche\", explique Christophe Bonnefoy, du Journal de la Haute-Marne. Et de rappeler qu'\"a defaut de s'habituer a ces attaques terroristes, il faut garder en tete qu'elles peuvent intervenir a tout moment\". La preuve, \"la violence, qui porte clairement la signature du terrorisme, s'est invitee hier soir dans l'actualite\", deplore Jean-Claude Soulery, dans la Depeche du Midi. Et \"sur un lieu symbolique connu de tous, et juste a quelques heures d'une election presidentielle\", ajoute-t-il. A moins de trois jours du premier tour de l'election presidentielle, \"la mort d'un policier a la suite d'une fusillade sur les Champs-Elysees a subitement confronte le discours des candidats a la realite du terrorisme qui menace la France et l'Europe\", constate Jean-Louis Hervois, de la Charente Libre. Dans l'attentat des Champs-Elysees, un policier a ete tue et deux autres ont ete blesses, dont l'un grievement, tandis qu'une touriste a ete plus \"legerement\" touchee par balle. L'assaillant a ete abattu par la police. L'attaque, qui a eu lieu vers 21 heures, a ete revendiquee par le groupe djihadiste Etat islamique. ", "theme": "presidentielle"}