{"id_art": "7487c94207a9aeb0b5d2d85c3383ae50", "title": "Le G7 et les geants de l'internet s'accordent pour bloquer la propagande \"terroriste\"", "newspaper": "LePoint", "author": ["AFP"], "date_publi": "2017-10-20", "content": "Les pays du G7 et les geants de l'internet se sont mis d'accord vendredi en Italie sur un plan visant a bloquer les contenus en ligne a caractere \"terroriste\", au moment ou l'organisation Etat Islamique (EI) \"ne dispose plus de territoire\" apres la chute de son ultime bastion de Raqa. La chute de Raqa, fief du groupe Etat islamique (EI) en Syrie, \"est une defaite militaire tres dure mais cela ne signifie pas que ce groupe n'existe plus\", a declare le ministre italien de l'Interieur, Marco Minniti, en cloture d'une reunion de ses homologues du G7 sur l'ile italienne d'Ischia, au large de Naples. \"C'est la premiere fois\" que les pays du G7 et les representants des principaux operateurs internet et reseaux sociaux se retrouvent ensemble autour de la meme table, s'est felicite M. Minniti. Il a rappele qu'internet s'etait revele \"un moyen de recrutement, d'entrainement et de radicalisation important des combattants etrangers\" et que la lutte contre le terrorisme sur la toile etait particulierement importante au moment ou l'EI \"ne dispose plus de territoire\". Les representants de Google, Facebook ou encore Twitter et les ministres du G7 se sont mis d'accord sur un plan d'action visant a bloquer \"des contenus a caractere terroriste\". \"La rencontre avec les operateurs d'internet a ete plus que satisfaisante\", a estime M. Minniti en deplorant le fait que l'EI circule sur internet \"comme un poisson dans l'eau\". L'accord prevoit que les contenus faisant l'apologie du terrorisme, ou appelant a mener des actes terroristes, \"soient supprimes dans les deux heures qui suivent leur mise en ligne\", a explique a l'AFP le ministre francais de l'Interieur, Gerard Collomb. Une declaration commune des dirigeants francais, britannique et italien en marge de l'assemblee generale de l'ONU allait deja \"dans ce sens et c'est ce a quoi les grands acteurs d'internet de sont engages\", a ajoute M. Collomb. \"Nous devons en faire davantage\", a insiste Elaine Duke, secretaire americaine a la Securite par interim, remerciant les grands reseaux sociaux pour leur collaboration. Selon une source diplomatique, la France, le Royaume-Uni et l'Italie sont parvenus \"apres deux heures de negociations a obtenir l'accord des Etats-Unis sur le texte\". Mme Duke \"a fait valoir le Premier amendement de la constitution des Etats-Unis qui fait de la liberte d'expression, quel que soit le contenu, quelque chose de fondamental\", a precise Gerard Collomb. \"De notre cote, nous avons soutenu qu'internet n'etait plus un vecteur de liberte mais un facteur d'insecurite premiere avec des milliers de morts a travers le monde\", a-t-il poursuivi. Cette reunion du G7 a debute vendredi matin par un echange de vues lie a la menace representee par les combattants etrangers en fuite apres la chute de plusieurs bastions jihadistes en Irak et en Syrie. Apres la liberation de Raqa, le monde redoute en effet le retour des 25.000 a 30.000 combattants etrangers, dont 5.000 venus d'Europe, qui avaient rejoint les rangs de l'EI et forment un contingent entraine susceptible d'essaimer a travers la planete. Les participants ont \"tout d'abord discute de la maniere de lutter contre le retour des combattants etrangers\" dans leur pays d'origine, a explique Marco Minniti. \"Nous avons decide de recueillir ensemble les informations et de les partager\", a-t-il ajoute en assurant que Raqa, desormais liberee, allait devenir \"une mine d'informations\". \"Il est clair que les empreintes et les documents qui vont etre trouves sur place peuvent nous aider a connaitre mieux l'adversaire et a identifier ceux qui, venus de l'etranger, se sont engages aux cotes de Daesh\", a-t-il explique. Les Etats-Unis et l'Italie ont signe un accord en marge de la reunion du G7 pour partager leurs bases de donnees d'empreintes digitales afin de reperer les extremistes qui se font passer pour des demandeurs d'asile. Les dirigeants du G7 ont indique que l'organisation internationale de police Interpol, qui detient des informations sur pres de 40.000 combattants etrangers, jouerait un role plus important dans le partage des informations. Le secretaire general d'Interpol Juergen Stock a declare que la base de donnees de l'organisation servirait de \"systeme d'alerte precoce\" contre la menace terroriste et qu'elle contribuerait a \"fermer les echappatoires potentielles\" des terroristes. M. Minniti avait prevenu que les combattants etrangers de l'EI pourraient tenter de revenir en Europe sur des bateaux de migrants en provenance de Libye. Le president du Conseil europeen Donald Tusk a promis que l'UE debourserait plus de financements pour aider l'Italie a fermer, en cooperation avec les autorites libyennes, la voie de migration Libye-Italie. 20/10/2017 23:01:23 - Ischia (Italie) (AFP) - (c) 2017 AFP ", "theme": "monde"}