{"id_art": "0f768c069c5355b29d031e1933e08770", "title": "Apologie du terrorisme : un enfant de 8 ans entendu par la police", "newspaper": "LePoint", "author": ["Source AFP"], "date_publi": "2015-01-28", "content": " VIDEOS. L'eleve de CE2 a ete auditionne au commissariat de Nice, mercredi, pour \"apologie d'acte de terrorisme\". Le pere et le fils seraient profondement choques. Pendant 30 minutes, un ecolier de 8 ans a ete entendu dans un commissariat de Nice, ce mercredi. La raison ? Il aurait profere des propos radicaux de solidarite envers les terroristes, dans l'enceinte de son ecole primaire, a-t-on appris de source policiere. L'enfant a refuse d'observer une minute de silence et de participer a une ronde de solidarite dans son ecole primaire, au lendemain de la tuerie de Charlie Hebdo, a indique le directeur departemental de la securite publique Marcel Authier. Selon son instituteur, il a aussi tenu des propos de \"solidarite\" avec les terroristes qui ont attaque Charlie Hebdo. Le pere de l'enfant est venu a plusieurs reprises a l'ecole. ECOUTEZ le compte-rendu de Fabienne Lewandowski, directrice adjointe de la securite publique des Alpes-Maritimes, au micro de BFMTV : \"Dans le contexte actuel, le directeur de l'ecole a decide de signaler ce qui s'est passe a la police\", precise le commissaire Authier, en notant qu'il ne s'agit aucunement d'une plainte. \"On a convoque l'enfant et son pere pour essayer de comprendre comment un garcon de 8 ans peut etre amene a tenir des propos aussi radicaux\", explique M. Authier. L'enfant a ete entendu pendant 30 minutes, puis a joue avec des jouets pendant l'audition de son pere, civilement responsable. \"Visiblement, l'enfant ne comprend pas ce qu'il a dit. On ne sait pas ou il est alle chercher ses propos\", selon le directeur departemental de la securite publique. L'avocat de l'enfant, Me Sefen Guez Guez, qui n'etait pas joignable mercredi soir, a tweete sous le pseudonyme \"S. Ibn Salah\" deux series de questions-reponses entendues durant l'audition. L'enfant dit notamment ne pas connaitre la signification du mot terrorisme. ECOUTEZ Me Sefen Guez Guez, l'avocat de l'enfant, au micro de BFMTV : \"Le pere et son fils sont profondement choques d'un tel traitement qui illustre l'hysterie collective dans laquelle la France est plongee depuis debut janvier\", a estime dans un communique le Collectif contre l'islamophobie en France. ", "theme": "societe"}