{"id_art": "33a995e10d294e688d4abd16c444cb3b", "title": "Lutte contre le terrorisme: Bercy prend une serie de mesures", "newspaper": "LePoint", "author": [""], "date_publi": "2015-03-18", "content": "Le ministre des Finances Michel Sapin a presente mercredi une serie de mesures destinees a lutter contre le financement du terrorisme parmi lesquelles l'abaissement du plafond de paiement en liquide de 3.000 euros aujourd'hui, a 1.000 euros. Les recents attentats ou tentatives \"ont mis en lumiere la capacite de certains reseaux terroristes a se financer de facon souterraine, souvent grace a des montants modestes\", a explique le ministre lors d'une conference de presse, evoquant un \"terrorisme a bas cout dans sa realisation mais a fort effet en terme humain\". Il s'agit donc, a-t-il detaille, de \"renforcer le cadre reglementaire\". Premiere priorite, eviter la circulation de trop d'argent en especes \"et plus generalement des moyens de paiement anonymes\" parce qu'ils limitent le controle et favorisent les trafics. Le seuil de paiement en liquide autorise sera donc abaisse de 3.000 euros aujourd'hui a 1.000 euros \"pour les personnes physiques ou morales residentes en France\". Ce seuil passe de 15.000 a 10.000 euros pour les non-residents. Il s'agit de privilegier les moyens de paiement avec une meilleure tracabilite (cheque, carte bancaire, virements), a detaille M. Sapin, reconnaissant neanmoins que ce resserrement \"des mailles du filet\" risquait de provoquer des \"genes\", des \"inconvenients\" a des personnes n'ayant rien a se reprocher. Toujours sur le terrain de l'argent liquide, le ministre envisage un signalement systematique de tout depot ou retrait d'argent superieur a 10.000 euros a Tracfin, la cellule de renseignement de Bercy sur la fraude fiscale. Il n'a d'ailleurs pas exclu que ces moyens de lutte permettent de \"reperer d'autres types d'infractions\", notamment la fraude fiscale. M. Sapin a egalement defendu une idee qu'il avait plusieurs fois evoquee: le gel des avoirs detenus par des personnes \"qui commettent ou tentent de commettre des actes de terrorisme\" sera etendu aux biens mobiliers (voiture...) et immobiliers alors qu'il s'appliquait pour l'instant aux seuls comptes bancaires. Lors de sa conference de presse, il a en outre insiste sur un \"renforcement des moyens\" dans le domaine des credits a la consommation, qui avaient notamment ete utilises par Amedy Coulibaly, l'auteur de la prise d'otages meutriere de l'Hyper Cacher le 9 janvier. M. Sapin a ainsi souhaite que le seuil a partir duquel une verification d'identite est obligatoire soit baisse. Meme si en l'occurence, a-t-il rappele, Amedy Coulibaly avait presente un faux document d'identite. Par ailleurs, les controles seront renforces aux frontieres, avec une obligation declarative plus large, le seuil mensuel des cartes prepayees sera abaisse a 250 euros et une piece d'identite sera obligatoire pour toute operation manuelle de change superieure a 1.000 euros. 18/03/2015 16:45:16 - Paris (AFP) - A(c) 2015 AFP ", "theme": "politique"}