{"id_art": "e6d851cf583c606db00639d2973bb719", "title": "Royaume-Uni: May promet de combattre tous les terrorismes", "newspaper": "LePoint", "author": ["AFP"], "date_publi": "2017-06-19", "content": "La Premiere ministre britannique Theresa May a promis lundi de combattre le terrorisme sous toutes ses formes apres une nouvelle \"attaque terroriste\" a Londres, frappant cette fois des fideles musulmans pres de la mosquee de Finsbury Park, en plein ramadan. Cette attaque \"nous rappelle que le terrorisme, l'extremisme et la haine prennent de nombreuses formes, et notre determination a les combattre quel que soit le responsable\", a declare Mme May devant ses bureaux du 10, Downing Street, apres une reunion d'urgence. \"C'est clairement une attaque contre les musulmans\", a declare la cheffe de Scotland Yard, Cressida Dick. L'agression s'est produite dans la nuit de dimanche a lundi pres de la mosquee de Finsbury Park, dans le nord de Londres. Un homme de 47 ans, au volant d'une camionnette blanche, a fonce sur les pietons qui sortaient pour la plupart d'un service religieux, apres l'Iftar, la rupture du jeune. Il est \"detenu pour terrorisme\", a indique la police, qui estimait, a ce stade de l'enquete, que l'agresseur avait agi seul. Le secretaire d'Etat a la securite Ben Wallace a indique sur BBC Radio 4 que le suspect \"n'etait pas connu\" des services de police. Un homme a ete declare mort sur les lieux de l'attaque mais selon la police il est \"trop tot\" pour dire si son deces est lie aux evenements ou non. Il recevait des premiers soins apres un malaise lorsque le vehicule a fauche la foule. Onze personnes, issues de la communaute musulmane, ont ete blessees lors de cette attaque, a precise la police. Abdiqadir Warra, un temoin, a raconte a l'AFP que l'attaquant \"a fonce sur les gens. Il en a traine quelques-uns sur plusieurs metres\". \"Je veux tuer tous les musulmans\", aurait crie l'auteur des faits, selon Khalid Amin, un temoin interroge par la BBC. Plusieurs medias britanniques ont identifie le suspect comme Darren Osborne. D'apres la BBC, ce pere de quatre enfants aurait grandi a Weston-super-Mare, une ville cotiere de l'ouest de l'Angleterre. Dans la soiree, des dizaines d'habitants du quartier de Finsbury se sont rassembles pres de la mosquee pour une veillee d'hommage oecumenique. Sur certaines pancartes on pouvait lire \"L'amour vaincra\", ou \"Unis contre la terreur\", a releve un journaliste de l'AFP. Au meme moment, la police menait une perquisition dans une propriete du quartier de Pentwyn, au nord de Cardiff (Pays de Galles), a constate un photographe de l'AFP, qui a obtenu confirmation aupres d'une voisine que la maison appartient a Darren Osborne. Theresa May s'est rendue a la mosquee en debut d'apres-midi, et a rencontre des responsables religieux. \"Je suis heureuse d'etre venue aujourd'hui, pour voir toutes les croyances reunies dans un desir de chasser l'extremisme\", a-t-elle declare. Elle avait ete vivement critiquee la semaine derniere pour n'avoir pas immediatement rencontre les sinistres d'un immeuble de logements sociaux, la tour Grenfell, ravagee par un incendie qui a fait au moins 79 morts ou presumes morts. Le maire de Londres, Sadiq Khan, lui-meme musulman, a denonce une \"attaque terroriste horrible\" qui a vise \"deliberement d'innocents Londoniens dont beaucoup finissaient de prier en ce mois saint de ramadan\". Le chef de l'opposition travailliste Jeremy Corbyn, depute de la circonscription d'Islington-nord, ou s'est produite l'attaque, s'est lui aussi rendu a la mosquee, pour signifier aux fideles qu'ils etaient \"libres de pratiquer leur religion, libres de marcher dans les rues\". Le Conseil musulman du Royaume-Uni (MCB) a denonce le fait que \"ces dernieres semaines et mois, les musulmans ont endure beaucoup d'actes d'islamophobie\". En Egypte, la prestigieuse institution de l'islam sunnite Al-Azhar a condamne l'attaque, et reclame des pays occidentaux des mesures \"preventives\" pour lutter contre \"l'islamophobie\". De nombreux Londoniens ont depose des bouquets de fleurs, accompagnes pour certains de message de solidarite. \"Une seule communaute, rassemblee\", pouvait-on lire sur l'un d'eux. \"Nous vivons ensemble, il appartient a chacun d'entre nous de rompre ce cycle. Nous ne pourrons pas regler les problemes du monde, mais nous devons regler ceux de notre quartier\", a declare a l'AFP Mendy Korer, rabbin d'une synagogue locale. Cette attaque se produit dans un climat d'extreme febrilite, apres trois attentats en trois mois revendiques par le groupe jihadiste Etat islamique qui ont fait 35 morts, et l'incendie de la tour Grenfell. La mosquee de Finsbury Park etait connue au debut des annees 2000 pour etre un haut lieu des islamistes de Londres qui venaient y ecouter les preches enflammes d'Abou Hamza. Celui-ci a ete condamne a la perpetuite en 2015 aux Etats-Unis pour onze chefs d'inculpation lies a une prise d'otages et pour terrorisme. La direction de la mosquee a change mais des lettres de menaces avaient ete recues apres les attentats a Paris en novembre 2015. \"Notre communaute est en etat de choc\", a dit son president Mohammed Kozbar, appelant les fideles a se montrer vigilants. Un appel relaye par la police. \"Des forces supplementaires ont ete deployees a travers Londres pour rassurer les communautes, specialement celles qui observent le ramadan. Nous appelons tout le monde a rester calme et vigilant\", a declare un responsable du contre-terrorisme, Neil Basu. 19/06/2017 22:33:22 - Londres (AFP) - (c) 2017 AFP ", "theme": "monde"}