{"id_art": "567a5e96bbb71da22a84bdbe2f975f82", "title": "Terrorisme : jusqu'ou Les Republicains vont-ils aller ?", "newspaper": "LePoint", "author": [" Marc Leplongeon"], "date_publi": "2016-08-09", "content": " Eric Ciotti a tweete une photo d'un centre israelien de retention administrative permettant, selon lui, de \"lutter efficacement contre le terrorisme\". Apres la proposition de Nathalie Kosciusko-Morizet de rendre << le salafisme hors la loi >>, celle de Geoffroy Didier de faire des << tests de radicalisation au college et au lycee >>, le depute LR Eric Ciotti a franchi, mardi matin, une nouvelle etape dans la surenchere. Le politique a tweete une photo d'un centre israelien de retention administrative qui permet, selon lui, de << lutter efficacement contre le terrorisme >>. Le message a fait bondir le ministre de la Justice, Jean-Jacques Urvoas, qui a immediatement repondu sur le reseau social a l'oiseau bleu. Un centre de retention administrative israelien qui permet de lutter efficacement contre le #terrorisme pic.twitter.com/Qdb4jTaQEG Dans ce type de centre, explique le garde des Sceaux, les << informations justifiant >> la detention << ne sont communiquees ni au detenu ni a l'avocat >>. D'autant plus, ajoute le ministre, que les << conditions du proces juste et equitable ne sont pas reunies : l'acces au dossier est reserve au procureur et aux juges militaires >>. Et Jean-Jacques Urvoas d'interroger : << Un modele ? >> Plusieurs personnalites, comme Guillaume Larrive, depute LR, ou Ariel Goldmann, avocat et president de la Fondation du judaisme francais, ont aussitot soutenu Eric Ciotti. Le premier a estime qu'Israel etait un << exemple de resilience antiterroriste et une democratie vivante, une nation courageuse qu'il faut respecter >>. Le second a considere que le modele israelien avait ete concu pour << tenter de sauver des vies >>. << On y viendra en France, et vous le savez, a-t-il ajoute. (...) La seule question est de savoir apres combien de morts. >> La volonte des Republicains de vouloir placer tous les individus dangereux en retention, sans meme l'intervention d'un juge, n'est pas nouvelle. Dans une proposition de loi deposee fin juillet a l'Assemblee nationale, Christian Jacob, soutenu par son groupe, proposait ainsi que le ministre de l'Interieur puisse placer en retention toute personne qui constitue une menace grave pour la securite et l'ordre publics. Etaient ainsi vises en particulier toute personne fichee S et tout candidat au djihad mais dont il n'existe pas d'elements assez factuels pour ouvrir une procedure judiciaire a leur encontre. Dans la proposition de loi des Republicains, la retention etait valable quinze jours. Le ministre devait ensuite obtenir l'autorisation d'un juge des libertes et de la detention (JLD) pour une prolongation de deux mois et demi. A l'issue de ce premier delai de trois mois, le ministre pouvait decider de reconduire la mesure. La proposition avait ete evacuee d'un geste par le gouvernement socialiste, selon lequel nous sommes alles au bout de ce que l'Etat de droit nous permet de faire. C'est un choix politique. Mais, avec l'exemple israelien, la droite a encore durci le ton. << La detention administrative permet aux autorites israeliennes de placer des personnes en detention sans inculpation ni jugement pour une periode indeterminee >>, precise Amnesty International. Le delai normal est de six mois, mais l'administration peut le renouveler sans autre forme de proces. En aout 2015, selon un article du Monde, Jeffrey Feltman, le sous-secretaire general aux affaires politiques de l'ONU, avait juge ces detentions et absences de charges publiques << incompatibles avec les standards internationaux des droits de l'homme >>. Les detenus ont la possibilite de faire appel, mais leur avocat n'a pas acces au dossier et l'armee est juge et partie. Certaines preuves, sous pretexte de preserver la securite publique, sont gardees secretes et sont donc par defaut inverifiables. Ac @GLarrive,echange avec Benny Begin,depute @Likud_Party,sur la nouvelle legislation israelienne sur le terrorisme pic.twitter.com/zkF1nzcrBi Sur Twitter, le depute LR Eric Ciotti, en deplacement en Israel pour etudier la legislation antiterroriste, a raille la << naivete du gouvernement >> et l'indecence du bilan du gouvernement en la matiere. << La situation tragique de notre pays devrait vous inviter a plus de modestie et de realisme >>, a-t-il dit a Jean-Jacques Urvoas, ajoutant : << En quinze ans, le nombre de victimes du terrorisme a ete divise par dix en Israel et plusieurs milliers d'attentats sont evites par an. >> La situation d'Israel est tres differente de celle de la France, victime d'attentats odieux et meurtriers, certes, mais qui restent sporadiques. Israel, elle, est engluee dans un conflit qui dure depuis des dizaines d'annees. Son dispositif de retention administrative ne protege en rien sa population des attaques au couteau, a la voiture-belier, a la kalachnikov, au jet de pierres, au lance-roquettes ou au cocktail Molotov qui ont lieu chaque mois sur son territoire. ", "theme": "societe"}