{"id_art": "1b977874e654f1c1e360ddf3b83c770a", "title": "Assad: des \"terroristes\" parmi les refugies syriens", "newspaper": "LePoint", "author": ["AFP"], "date_publi": "2017-02-10", "content": "Le president syrien Bachar Al-Assad a affirme que des \"terroristes\" se cachaient parmi les millions de refugies ayant fui le conflit dans leur pays, dans un entretien publie vendredi. Interroge par Yahoo News sur les propos du president americain Donald Trump, selon lequel des extremistes se cachent parmi les refugies, M. Assad a appuye ses dires, affirmant : \"Vous pouvez trouver cela sur le net\". \"Ces terroristes en Syrie, qui brandissent des fusils ou tuent des gens, sont des refugies pacifiques en Europe ou en Occident\", a-t-il ajoute. Il n'a pas precise quelle etait la proportion de \"terroristes\" parmi les quelque 4,8 millions de refugies syriens. \"Vous n'avez pas besoin d'un nombre significatif pour commettre des atrocites\", a-t-il encore dit. M. Assad a par ailleurs rejete le projet de Donald Trump d'etablir des \"zones de securite\" pour les civils en Syrie. Le president americain avait affirme le mois dernier que le gouvernement americain envisageait la creation de zones securisees pour accueillir les Syriens deplaces. \"Des zones de securite pour les Syriens ne peuvent etre etablies que lorsque vous avez la stabilite et la securite\", a soutenu le president syrien. \"La ou vous n'avez pas de terroristes. La ou vous n'avez pas un flux de terroristes soutenus par les pays voisins ou les pays occidentaux\". \"C'est beaucoup plus viable, beaucoup plus pratique et moins couteux d'avoir la stabilite que de creer des zones de securite. Cette idee n'est pas realiste du tout\", a affirme M. Assad. Le chef de l'Etat syrien a assure que la crise des refugies avait ete provoquee par des actes \"terroristes\" soutenus par les forces \"etrangeres\" ainsi que par les sanctions occidentales imposees a la Syrie. \"Beaucoup de gens n'ont pas quitte la Syrie seulement en raison des problemes de securite\", a-t-il soutenu. Donald Trump avait evoque la perspective de \"zones de securite\" en Syrie ayant pour objectif d'eviter que des Syriens ne quittent leur pays pour aller se refugier dans les pays voisins ou en Europe. Les modalites pratiques de ces \"zones de securite\" n'ont pas ete detaillees. Selon des medias americains, le Pentagone doit etablir sous 90 jours un plan en vue d'etablir de telles zones en Syrie ou dans des pays frontaliers. 10/02/2017 13 :57 :10 - Washington (AFP) - (c) 2017 AFP ", "theme": "monde"}