{"id_art": "2af4148e66c3345f32524f8dd20fe58e", "title": "Terrorisme : doit-on autoriser les lyceens a fumer dans la cour ?", "newspaper": "LePoint", "author": [" Le Point.fr"], "date_publi": "2016-02-02", "content": " Le principal syndicat des chefs d'etablissement reclame la possibilite de laisser les eleves fumer dans la cour jusqu'a la fin de l'etat d'urgence. Alors que de fausses alertes a la bombe se multiplient dans plusieurs lycees de Paris et de province depuis la mi-janvier, le principal syndicat des chefs d'etablissement - le SNPDEN - reclame l'autorisation de laisser les eleves fumer dans la cour, et plus dans la rue. A lire : nouveaux appels anonymes menacants contre des lycees francais Pour Michel Richard, secretaire general adjoint du SNPDEN, c'est << une question de bon sens. Nos lyceens ne peuvent etre des cibles faciles alors que Daech a adresse directement des menaces sur les etablissements scolaires >>. Des le 18 novembre 2015, le syndicat envoyait un courrier a Manuel Valls l'interpellant sur les risques que courent les eleves en allant fumer sur la voie publique devant les lycees, reclamant ainsi de contrevenir au Code de la sante publique. Dans sa reponse, le Premier ministre informe le syndicat qu'il saisit a la fois le ministere de l'Education nationale et celui de la Sante. Si l'Education nationale et Matignon ont publie une circulaire le 25 decembre permettant aux etablissements de mettre en place des << zones specifiques >>, evitant aux eleves d'aller sur la rue, la reponse du ministere de la Sante est, elle, totalement opposee. << En aucun cas [des emplacements specifiques] ne peuvent etre amenages au sein des etablissements. Le contexte d'etat d'urgence ne change en rien cette reglementation. >> Le ministere de la Sante se permet aussi dans le courrier de rappeler que les etablissements peuvent se voir infliger des amendes a hauteur de 750 euros. De quoi provoquer la colere et l'incomprehension des proviseurs. Dans une troisieme lettre adressee a Matignon le 28 janvier, le secretaire general du SNPDEN Philippe Tournier demande une clarification sur les directives gouvernementales entre l'Education nationale et la Sante. Mais negliger les risques du tabagisme, voila qui ne plait pas non plus aux antitabac. Meme s'il s'agit de terrorisme. Sur RTL, le pneumologue Bertrand Dautzenberg s'est dit agace. << Le nombre de jeunes qui vont mourir du tabac est infiniment superieur a ceux qui vont mourir des attentats. C'est le temoin d'une betise totale, absolue, et de vouloir mettre la vie des gens en danger sous pretexte de vouloir la proteger >>, a-t-il fustige. D'autres reclamations ont ete faites par le SNPDEN, notamment a la ministre Najat Vallaud-Belkacem : ouvrir plus tot les lycees et les colleges pour diminuer le stationnement devant, former et recruter du personnel de securite et renforcer la videosurveillance. Des propositions qui demeurent pour l'heure sans reponse. ", "theme": "societe"}