{"id_art": "870c8fe9ec3b5271fed679a6f9cb6084", "title": "Terrorisme: le \"niveau de protection\" a baisse depuis deux ans, estime Wauquiez", "newspaper": "LePoint", "author": ["AFP"], "date_publi": "2017-11-12", "content": "Laurent Wauquiez, candidat a la presidence de LR, estime, deux ans apres les attentats du 13 novembre, que le \"niveau de protection\" des Francais a \"baisse\", contrairement a ce qu'affirme le gouvernement. \"Je crains que toutes les lecons n'aient pas ete tirees\" depuis 2015, a regrette M. Wauquiez dans l'emission Dimanche en politique sur France 3. Selon lui, \"on a baisse le niveau de protection des Francais par rapport a la loi sur l'etat d'urgence\", instaure apres les attaques du 13 novembre. A la veille des commemorations des attentats du 13 novembre 2015, le ministre de l'Interieur Gerard Collomb estime au contraire que face au terrorisme, la France est \"mieux armee qu'il y a deux ans\", dans une interview au Journal du Dimanche (JDD). M. Wauquiez a donne deux exemples: la loi sur l'etat d'urgence, remplacee il y a quelques semaines par une nouvelle loi antiterroriste, \"permettait de fouiller un vehicule sans autorisation du conducteur\", ce qui n'est plus possible selon lui aujourd'hui. De meme, \"la nouvelle loi ne permet plus que des perquisitions judiciaires\" alors que l'etat d'urgence autorisait des perquisitions administratives. M. Wauquiez s'est aussi demarque d'Emmanuel Macron, qui prone un traitement \"au cas par cas\" du retour potentiel des jihadistes francais sur le territoire. \"Je ne veux pas de cas par cas, ca ouvre la voie a une faiblesse dangereuse\", a-t-il mis en garde. Il a rappele qu'\"au moment ou nous parlons, il y a 110 jihadistes en liberte sur le sol francais\", un nombre donne par M. Collomb. \"Ce qu'on attend d'un president, ce n'est pas le cas par cas\", a-t-il fait valoir, se disant favorable a ce que les jihadistes francais soient juges en Syrie et en Irak. \"Je demande surtout qu'ils ne reviennent pas en France\". \"Il faut que nous ayons le courage de remettre sur la table la decheance de nationalite, Francois Hollande la-dessus avait raison\", a-t-il aussi preconise, accusant le chef de l'Etat d'etre \"trop souvent dans la naivete sur ces questions\". 12/11/2017 12:56:38 - Paris (AFP) - (c) 2017 AFP ", "theme": "politique"}