{"id_art": "940fedd1e5fa51cf7e64006cd16e3cda", "title": "Apologie du terrorisme: deux ans de prison ferme contre une jeune femme", "newspaper": "LePoint", "author": ["AFP"], "date_publi": "2017-08-16", "content": "Une femme de 26 ans, ancienne candidate a un concours de Miss, a ete condamnee mercredi a trois ans de prison dont un avec sursis pour apologie de terrorisme, par le tribunal correctionnel de Montpellier. Le tribunal a assorti le sursis d'une mise a l'epreuve pendant trois ans avec obligation de se soigner, de travailler et d'obtenir l'autorisation du juge d'application des peines avant tout deplacement a l'etranger. Le procureur avait requis trois ans de prison dont six a neuf mois avec sursis, s'interrogeant sur les \"changements brusques\" de la prevenue survenus depuis son incarceration le 27 janvier pour \"apologie publique d'un acte de terrorisme\" sur les reseaux sociaux. \"Elle dit avoir change, modifie son etat d'esprit. La question est de savoir si ce changement qu'elle allegue est reel ou n'est que superficiel\", a dit le representant du ministere public, Andre Dutil. L'examen du telephone de la jeune femme, qui avait participe a une election de Miss dans une commune proche de Montpellier, a revele \"des photos de femmes et d'enfants en niqab ou en burqa, des fichiers audios de chant a la gloire de l'Etat islamique, des videos d'un enfant qui decapite une poupee, des images d'attentats et de decapitations de prisonniers\", a enumere le president, Jerome Reynes. Lors de conversations telephoniques avec un homme vivant en Tunisie qu'elle envisageait d'epouser avant de rejoindre \"la Syrie, l'Irak ou le Yemen\", ou dans des notes redigees, elle tenait \"un discours particulierement virulent sur la necessite de faire le jihad et de combattre\" tous les non-musulmans, a ajoute le president. \"A l'epoque, je le pensais\", a admis la jeune femme, a l'aise dans le box, disant s'etre convertie a l'islam \"fin fevrier-debut mars 2016\" a la mosquee de Lunel, ville de l'Herault qui a vu une vingtaine de jeunes partir en Syrie, dont une partie a ete tuee lors d'affrontements armes. \"Je cherchais quelque chose que je n'avais pas et j'ai rencontre ces gens-la qui etaient gentils, me portaient de l'attention. Au fil du temps, ces gens-la ne se sont pas reveles si gentils\", a dit la prevenue. Sa vie a ete marquee des l'adolescence par des fugues, la vente et la consommation de drogue. Son avocat, Me Luc Abratkiewicz, l'a decrite comme \"une grande adolescente, une jeune femme paumee, une proie facile\" qui a ete \"rasta, baba-cool, gothique\" et pour qui le suivi socio-judiciaire \"est une evidence\". 16/08/2017 23:13:21 - Montpellier (AFP) - (c) 2017 AFP ", "theme": "societe"}