{"id_art": "d601cef689443475e0070f74105c2f27", "title": "L'Iran a execute 20 personnes accusees de terrorisme", "newspaper": "LePoint", "author": ["AFP"], "date_publi": "2016-08-04", "content": "L'Iran a pendu 20 membres d'un groupe \"terroriste\" sunnite accuses de meurtres et d'avoir menace la securite nationale, l'une des plus importantes executions de masse en Republique islamique. Les 20 supplicies ont ete executes mardi, a indique jeudi le procureur general Mohammad Javad Montazeri a la television d'Etat IRIB, sans preciser la nationalite des condamnes ni le lieu de leur execution. \"Ils ont commis des meurtres (...) tue des femmes et des enfants, cause des destructions, agi contre la securite nationale et tue des responsables religieux sunnites dans des regions kurdes\", a-t-il ajoute. Le ministere iranien des Renseignements a fait etat mercredi dans un communique de 24 cas d'attaques armees, explosions de bombes et vols entre 2009 et 2012 commises par le groupe \"Tawhid et Jihad\", ayant fait 21 morts et pres de 40 blesses dans l'ouest de l'Iran. \"102 membres et partisans de ce groupe jihadiste ont ete identifies (...) certains ont ete tues dans des combats avec la police, d'autres ont ete arretes. Certains parmi ceux arretes ont ete condamnes a mort et d'autres purgent des peines de prison\", a-t-il ajoute. Le groupe est notamment accuse d'avoir assassine en 2009 deux religieux sunnites, dont l'un etait un representant provincial de la puissante Assemblee des experts. Le procureur a precise que les inculpes suivaient l'ideologie \"takfiri\", terme utilise pour designer les groupes jihadistes ou islamistes radicaux sunnites. - Complot 'dejoue' - Fin juin, l'Iran chiite a annonce avoir dejoue \"l'un des plus importants complots terroristes\" d'organisations jihadistes sur son territoire. Des responsables avaient alors fait etat de l'arrestation de \"terroristes\" qui envisageaient de mener des attentats suicide a Teheran. Les grandes villes iraniennes sont generalement sures et preservees des attentats d'organisations jihadistes telles que le groupe Etat islamique (EI). Mais des accrochages opposent frequemment les forces iraniennes a des groupes jihadistes ou a des rebelles kurdes pres des frontieres de l'Irak (ouest), de l'Afghanistan et du Pakistan (sud-est). Quelques executions de masse ont eu lieu ces dernieres annees en Iran dont celle de 24 trafiquants de drogue pendus en juillet 2009 a l'ouest de Teheran. Un an avant, 29 personnes avaient ete pendues pour trafic de drogue, meurtre et viol. En Iran, le meurtre, le viol, le vol a main armee, le trafic de drogue et l'adultere sont passibles de la peine capitale. La detente depuis un an des Occidentaux avec l'Iran, a la faveur d'un accord sur le nucleaire iranien, inquiete les opposants a la peine de mort, alors que selon l'ONU, la Republique islamique a execute pres d'un millier de personnes en 2015. - 'Reprobation' francaise - Dans un communique jeudi, la France a fait part de sa \"reprobation\" apres ces executions. Paris et l'Union europeenne ont rappele \"leur opposition a l'utilisation de la peine de mort\". L'UE qui s'est dite \"preoccupee par le grand nombre d'executions en Iran a qualifie ce chatiment d'inhumain\". L'Iran a souvent denonce les accusations des ONG et de l'ONU au sujet de la situation des droits de l'Homme. En mars, il avait denonce un rapport du rapporteur special de l'ONU, Ahmad Shaheed, \"prepare de maniere partiale avec des motivations politiques et discriminatoires\". M. Shaheed s'etait alarme devant le Conseil des droits de l'Homme de l'ONU a Geneve de ce que 966 personnes ont ete executees en Iran en 2015, un record au cours des 20 dernieres annees selon lui. \"Au moins 73 mineurs delinquants auraient aussi ete executes\" entre 2005 et 2015, dont 16 ces deux dernieres annees, avait-il ajoute, en precisant qu'au moins 160 autres etaient dans le couloir de la mort. Amnesty International avait estime que l'Iran est le pays qui execute le plus de mineurs au monde. L'ONG avait affirme que l'Iran avait execute en 2015 quelque 977 personnes, en majorite condamnees pour trafic de drogue. Ce pays figure parmi les Etats qui executent le plus grand nombre de personnes avec la Chine, l'Arabie saoudite et les Etats-Unis, selon elle. 04/08/2016 19:51:50 - Teheran (AFP) - (c) 2016 AFP ", "theme": "monde"}