{"id_art": "19aee693c9faca0e871c38ed7c3d64e6", "title": "Crise du Golfe : aucun \"compromis\" tant que le Qatar ne renonce pas au \"terrorisme\", selon Le Caire", "newspaper": "LePoint", "author": ["AFP"], "date_publi": "2017-07-25", "content": "L'Egypte a averti mardi l'Union europeenne que la crise du Golfe ne serait pas reglee tant que le Qatar ne renoncerait pas au terrorisme. \"Ce n'est pas une question de compromis. Nous ne pouvons pas faire de compromis avec une quelconque forme de terrorisme. Nous ne pouvons pas nous engager dans la moindre forme de negociations\", a declare le ministre egyptien des Affaires etrangeres Sameh Choukri a l'issue d'une reunion UE-Egypte a Bruxelles. \"Ce n'est qu'une fois que les mesures necessaires auront ete prises par le Qatar, qu'il acceptera vraiment d'etre un partenaire dans la lutte contre le terrorisme, que la crise sera reglee\", a insiste M. Choukri. Le diplomate egyptien a accuse Doha d'\"heberger des elements associes a des ideologies radicales et terroristes, et d'avoir utilise ses organisations mediatiques pour promouvoir, justifier et glorifier des activites terroristes\", en reference a la chaine de television qatarienne Al-Jazira. L'Egypte accuse depuis longtemps Al-Jazira de soutenir les Freres musulmans, mouvement interdit par les autorites du Caire, qui l'accusent de violences commises apres son eviction du pouvoir en 2013. Debut juin, l'Egypte, l'Arabie saoudite, les Emirats arabes unis et Bahrein ont rompu leurs relations diplomatiques avec le Qatar, accusant l'emirat de soutenir des groupes islamistes radicaux et de ne pas prendre assez de distance avec l'Iran, puissance regionale chiite, rivale de l'Arabie saoudite. Les Etats-Unis s'efforcent de jouer les bons offices pour resoudre cette crise sans precedent entre le Qatar et ses voisins arabes qui l'accusent de soutenir le \"terrorisme\", mais jusqu'a present sans succes apparemment. De son cote, la chef de la diplomatie europeenne, Federica Mogherini, qui s'est rendue dimanche au Koweit - dont l'emir cheikh Sabah al-Ahmad Al-Sabah est implique dans une mission de mediation - a reitere son appel a des pourparlers entre le Qatar et ses voisins, soulignant neanmoins que l'UE partageait avec l'Egypte sa \"determination a combattre le terrorisme\". Dimanche, dans un communique, Mme Mogherini avait exhorte \"toutes les parties a engager des negociations afin de s'entendre sur des principes clairs et une feuille de route en vue d'une solution rapide de la crise\", proposant l'aide de l'UE pour soutenir ce processus. 25/07/2017 15:16:49 - Bruxelles (AFP) - (c) 2017 AFP ", "theme": "monde"}