{"id_art": "791ac8af7f68294525afb726314ac653", "title": "Macedoine: des Albanais condamnes pour terrorisme a de lourdes peines de prison", "newspaper": "LePoint", "author": ["AFP"], "date_publi": "2017-11-02", "content": "Un tribunal macedonien a condamne a de lourdes peines de prison 33 Albanais de Macedoine, du Kosovo et d'Albanie declares coupables de terrorisme et d'aide a des terroristes, pour leur responsabilite dans un affrontement sanglant en 2015 qui avait fait 18 morts. Sur les 37 personnes jugees, sept ont ete condamnees a la perpetuite. Vingt-six accuses ont ete condamnes a des peines allant de 12 a 40 ans de prison et quatre, juges pour complicite avec un groupe terroriste, ont ete acquittes. L'enonce du verdict s'est deroule dans une atmosphere tendue, dans une salle bondee de representants des medias. D'importantes mesures de securite avaient ete deployees dans la capitale macedonienne. Les accuses, qui dans un premier temps avaient refuse d'entrer dans la salle, y sont finalement entre en scandant \"UCK, UCK\" (Armee de liberation du Kosovo, la guerilla independantiste kosovare), \"pas de paix sans justice\" ou encore \"les victimes seront vengees\". Les plus bruyants ont ete expulses de l'audience. Les preuves presentees au tribunal \"montrent comment ils ont agi (...) comment ils ont entame leur operation, quelles armes ils ont utilise, comment ils sont arrives dans le quartier Divo a Kumanovo, ou ils ont commis les 9 et 10 mai une attaque terroriste\", a explique la juge Verka Petkovska. Naser Raufi, un des avocats de la defense, a confie qu'il ne s'attendait pas \"a des peines aussi lourdes\", denoncant \"un dossier monte\" et demandant \"une enquete independante\". Pendant le proces, les accuses avaient nie les accusations de terrorisme, affirmant avoir agi en legitime defense. Huit policiers et dix membre d'un groupe arme avaient ete tues et plusieurs dizaines d'autres personnes blessees lors d'un affrontement debut mai 2015 dans la ville ethniquement mixte de Kumanovo (nord), proche des frontieres de la Macedoine avec le Kosovo et la Serbie. Il s'agissait du plus grave incident arme dans ce pays depuis le conflit de 2001 qui avait oppose des rebelles albanais de Macedoine aux forces de Skopje. Les accords d'Ohrid (sud-ouest de la Macedoine) ont mis un terme a six mois de conflit et apporte aux Albanais, en majorite de confession musulmane et qui representent environ 25 % des 2,1 millions d'habitants de Macedoine, davantage de droits. Ces incidents de Kumanovo etaient intervenus apres qu'un groupe arme d'Albanais venus du Kosovo eut brievement pris possession le 21 avril 2015 d'un commissariat de police dans le village de Gosince, a la frontiere nord de la Macedoine, ou ils avaient vole des armes. La Macedoine etait a l'epoque en proie a une grave crise politique. L'opposition de gauche accusait le pouvoir conservateur de Nikola Gruevski de corruption et d'avoir mis sur ecoute 20.000 personnes, dont des hommes politiques, des journalistes et des chefs religieux. Pour certains opposants, M. Gruevski - qui a depuis cede le pouvoir a l'opposition - a joue un role dans les incidents de Kumanovo, provoques selon eux pour detourner l'attention de la crise, ce que l'ex-Premier ministre avait dementi. A la suite des incidents, des milliers de Kosovars avaient participe a Pristina, au Kosovo voisin, aux funerailles, dignes de heros, de huit Kosovars tues lors des affrontements a Kumanovo avec la police macedonienne. jmi-bur-rob-mat/mra 02/11/2017 17:45:40 - Skopje (AFP) - (c) 2017 AFP ", "theme": "monde"}