{"id_art": "30b6494d30de76ae4bffe8bc35272bcb", "title": "Attentats en Espagne: messe en hommage aux victimes a Notre-Dame de Paris", "newspaper": "LePoint", "author": ["AFP"], "date_publi": "2017-08-20", "content": "Un hommage a ete rendu aux victimes des attentats en Espagne pendant la messe de dimanche soir a la cathedrale Notre-Dame de Paris, en presence de la maire de la capitale francaise Anne Hidalgo. Le cardinal Andre Vingt-Trois, archeveque de Paris, a souhaite que la messe soit dediee aux victimes de la \"folie meurtriere\" des attentats en Catalogne de jeudi et de vendredi, qui ont coute la vie a 14 personnes, a declare l'eveque auxiliaire de la capitale, Denis Jachiet, qui officiait. La ministre chargee des Affaires europeennes, Nathalie Loiseau, et des representants de l'ambassade d'Espagne a Paris ainsi qu'un pretre espagnol etaient egalement presents. Rappelant les attentats qui avant Barcelone ont aussi frappe Nice, Londres ou Paris, Mgr Jachiet a estime que \"toutes ces grandes villes europeennes, ces lieux cosmopolites\" etaient \"la cible privilegiee des terroristes islamistes car ils sont un symbole du brassage de nations et des cultures\". La messe a ete egalement dediee aux victimes de l'attentat de Ouagadougou et des terribles inondations en Sierra Leone. Dimanche matin, Barcelone a rendu hommage aux victimes des attentats en Catalogne dans sa celebre cathedrale de la Sagrada Familia, en presence de pres de 2.000 personnes. 20/08/2017 21:54:42 - Paris (AFP) - (c) 2017 AFP ", "theme": "societe"}