{"id_art": "d985a176bfd64e83ee6772a053a01868", "title": "Loi sur le renseignement : des victimes du terrorisme s'inquietent", "newspaper": "LePoint", "author": ["Source AFP"], "date_publi": "2015-05-04", "content": " A la veille du vote du texte a l'Assemblee, l'Association francaise des victimes du terrorisme reclame \"davantage de garde-fous legislatifs\". L'Association francaise des victimes du terrorisme (AFVT) a exprime lundi ses inquietudes sur le projet de loi controverse sur le renseignement. L'association en \"appelle au legislateur pour garantir le respect des droits fondamentaux\", a la veille du vote du texte a l'Assemblee. Tout en saluant \"l'engagement du gouvernement a pourvoir les structures de l'Etat de toutes les ressources pour lutter efficacement contre le terrorisme\", L'AFVT fait part de son \"inquietude au sujet de certaines dispositions au coeur du projet de loi relatif au renseignement\", dans un communique. Elle reclame \"davantage de garde-fous legislatifs\", estimant notamment que \"les criteres du fichier judiciaire national automatise doivent etre repenses\". >> A lire aussi - Notre entretien avec Nils Muiznieks, commissaire aux Droits de l'homme du Conseil de l'Europe. \"On ne voudrait pas que, sous pretexte de lutter contre le terrorisme, on ait une loi trop liberticide\", a explique Guillaume Denoix de Saint-Marc, directeur general de l'AFVT. Il craint qu'\"on soit ecoute trop facilement\" et reclame un \"equilibre entre protection et libertes individuelles\". L'association souligne la necessite de \"garantir le respect des fondamentaux democratiques : la presomption d'innocence, la protection de la vie privee, la protection des sources et la confidentialite pour les professions concernees, notamment celles de magistrat, d'avocat, de medecin et de journaliste, pour ne citer qu'elles\". >> A lire aussi - Loi sur le renseignement : le pouvoir peut \"tomber aux mains d'extremistes\". Plusieurs associations et syndicats (Amnesty, Ligue des droits de l'homme, Syndicat de la magistrature, Syndicat national des journalistes...) se mobilisent depuis plusieurs semaines contre un texte qui ouvre, selon eux, les possibilites d'\"une surveillance de masse\" en autorisant certains dispositifs d'ecoute et de recueil de donnees internet. ", "theme": "politique"}