{"id_art": "c6ae170c69db5ed56c07bc0ee61f3808", "title": "Le G7 determine a combattre le financement du terrorisme", "newspaper": "LePoint", "author": ["AFP"], "date_publi": "2016-05-21", "content": "Les grands argentiers du G7, reunis au Japon, ont decide de muscler leur offensive contre le financement du terrorisme, via un plan d'action qui sera enterine lors du sommet des chefs d'Etat et de gouvernement la semaine prochaine. Les debats ont aussi ete occupes par le brulant sujet du Brexit, \"un choc\" qui fragiliserait une croissance deja poussive, tandis que le Japon, qui avait recemment ravive le spectre d'une \"guerre des monnaies\", etait rappele a l'ordre. Dans un document final, les ministres des Finances et gouverneurs des banques centrales des sept pays les plus industrialises ont reaffirme leur \"engagement a contrer le financement du terrorisme, qui fournit aux terroristes les moyens de commettre leurs attaques, d'alimenter leurs reseaux et de diffuser leur ideologie via la propagande\". \"Nous sommes maintenant dans une phase operationnelle. Nous allons deposer des outils efficaces de lutte contre le financement du terrorisme, c'est absolument necessaire\", a declare le ministre francais des Finances, Michel Sapin, dans un entretien a l'AFP. La mise en oeuvre sera \"rapide\", a-t-il assure, dans la foulee du sommet organise les 26-27 mai a Ise-Shima, alors que la communaute internationale a intensifie son combat dans ce domaine depuis les attentats de Paris de janvier 2015 puis du 13 novembre. Tout d'abord, \"bien echanger entre les organismes de renseignement dans le domaine financier de maniere a ce que ce qui se passe dans un pays soit connu du pays d'a cote. Tout particulierement pour lutter contre les grands mouvements de financement, par exemple du groupe Etat islamique en Syrie ou en Irak\", a explique le ministre. Il faut aussi \"lutter contre l'anonymat: des cartes prepayees mais anonymes, des mouvements de cash qui permettent anonymement de financer. Il faut des traces\", a-t-il ajoute. Autres actions promises: mieux collaborer dans la mise en oeuvre des sanctions financieres, comme le gel de comptes bancaires, et renforcer le Gafi, le Groupe d'action financiere sur le blanchiment des capitaux. - Tensions sur les monnaies - Sujet incontournable, le ralentissement economique mondial etait dans tous les esprits, avec la volonte reaffirmee d'utiliser \"tous les outils\" monetaires, budgetaires et structurels a leur disposition et de \"ne pas cibler les taux de change\". Les pays du G7 ont reitere leur promesse \"d'eviter les devaluations competitives\". Sur ce sujet, le secretaire au Tresor americain Jacob Lew a accentue la pression sur le Japon, qui avait recemment menace d'intervenir pour freiner la hausse du yen. Le gardien des deniers japonais, Taro Aso, a dit a plusieurs reprises qu'il n'hesiterait pas a agir en cas de mouvements juges \"biaises\" dans une optique purement speculative. Mais selon Washington, le renforcement recent du yen, meme s'il porte un coup aux exportateurs japonais, ne justifie aucunement une intervention sur le marche. De son cote, M. Sapin a calme le jeu en estimant qu'il ne \"pouvait pas y avoir\" et qu'\"il n'y aurait pas\" de guerre des monnaies, perspective d'ailleurs \"tres peu\" abordee dans les discussions communes. Enfin, a l'approche du referendum sur la sortie du Royaume-Uni de l'Union europeenne, prevu le 23 juin, tous ont parle d'une meme voix pour souligner le danger d'un tel scenario. A l'heure ou \"les incertitudes\" sont nombreuses, avec les conflits geopolitiques, le terrorisme, l'afflux de refugies, \"le choc d'une eventuelle sortie du Royaume-Uni de l'Union europeenne complique l'environnement economique mondial\", ont insiste les grands argentiers du G7. Les avertissements se sont multiplies, de la part du Britannique George Osborne, du Francais Michel Sapin ou encore de l'Allemand Wolfgang Schauble. Appuye par les grandes institutions multilaterales (FMI, OCDE), le camp des partisans du maintien de Londres dans l'UE multiplie les declarations alarmistes sur l'impact economique ravageur que pourrait entrainer un depart, ce qui enrage les partisans du Brexit (pour \"British exit\", ou sortie britannique) selon lesquels le Royaume-Uni serait plus prospere sans l'entrave bureaucratique bruxelloise. Nul doute que Japon, Etats-Unis, France, Allemagne, Royaume-Uni, Italie et Canada renouvelleront a l'occasion du sommet la semaine prochaine leur mise en garde. 21/05/2016 11:01:27 - Sendai (Japon) (AFP) - (c) 2016 AFP ", "theme": "monde"}