{"id_art": "53299ffe93a19757735029a0a9384c51", "title": "Terrorisme : un djihadiste livre par sa famille", "newspaper": "LePoint", "author": [" Aziz Zemouri"], "date_publi": "2015-06-05", "content": " Apres un sejour en Syrie, l'individu a ete entendu au 36 quai des Orfevres. Il affirme avoir suivi une formation ideologique a Al-Farouq. Debut mars, un presume djihadiste de 33 ans rentrant de Syrie se presente sur l'injonction de sa famille a la prefecture de police a Paris. En dehors de son profil Facebook, qui revele son activite a Raqqa, ville qui sert de laboratoire a l'embryon d'Etat que constitue Daech, le jeune homme n'utilise ni Internet ni smartphone pour communiquer. La politique antiterroriste, qui mise sur le tout-electronique au detriment du renseignement humain, est prise en defaut. Il est passe a travers les mailles du filet de tous les services. Au mois d'octobre 2014, de Gaziantep, en Turquie, il avait prev... Deja abonne ? Pas encore abonne ? ", "theme": "societe"}