{"id_art": "2116fe71aae6c175ffa3fae4569cb891", "title": "Comment la DGSI a piege les terroristes arretes a Strasbourg et a Marseille", "newspaper": "LePoint", "author": [" Aziz Zemouri"], "date_publi": "2016-11-22", "content": " Pour demanteler la cellule djihadiste suspectee d'un projet d'attentat en France, les agents ont monte un veritable traquenard. Revelations. C'est apparemment une premiere. Pour demanteler le reseau << Strasbourg-Marseille-Raqqa >>, la DGSI a fait appel aux infiltres du Service interministeriel d'assistance technique (SIAT). Avec 15 000 dollars en poche (fournis par la DGSI), un agent du SIAT a pu approcher un djihadiste europeen base a Raqqa en pretendant pouvoir lui fournir des armes. A charge pour le << Syrien >> de faire venir dans la region parisienne ses complices bases a Strasbourg pour les recuperer. L'agent avait laisse entendre a son interlocuteur qu'il avait cache les armes dans une forte du Val-d'Oise, non loin d'une ville reputee pour ses quartiers sensibles. L'operation de police a mis du temps a aboutir. Le reseau de financement a ete repere par les services francais en fevrier et a permis l'interpellation de certains membres du reseau avant l'Euro de football, en juin dernier. Pourtant, le << Syrien >> a persevere dans son projet mortifere. Et ce, malgre quelques rates... Alors que, cet ete, tout semblait pret, l'un des Strasbourgeois attendait son RSA pour pouvoir s'acheter le billet de train Strasbourg-Paris qui lui permettrait d'aller recuperer les armes. Finalement, il ne viendra jamais dans la capitale. Cette enquete, menee par la DGSI depuis huit mois, revele de nouvelles pratiques des djihadistes, de plus en plus difficiles a reperer. Les individus interpelles a Strasbourg et a Marseille, identifies seulement quatre jours avant leur arrestation, ne communiquaient pas entre eux. C'est le << Syrien >> qui faisait le lien via des messageries cryptees. Lui encore qui a organise le projet d'attentat. Les Francais, eux, devaient designer leur cible. Les Strasbourgeois Hicham M et Yassine B, 37 ans, etaient jusque-la inconnus des services de police. Leurs complices presumes, Zakaria M et Sami Ben Z, 36 ans, sont, eux, connus defavorablement pour des delits sans rapport avec le djihadisme et n'avaient jusque-la aucune implication politico-religieuse. Seul le nom du Marocain residant au Portugal, Hicham el-H, etait consigne dans le fichier des personnes recherchees (FPR). << Ils sont tres, tres motives. Ils veulent vraiment nous taper la gueule et, avec les combats la-bas, ils ont envie de se remonter le moral, donc l'alerte est maximale >>, s'inquiete une source proche de l'enquete. ", "theme": "societe"}