{"id_art": "a2353396e0c63bcd96499527c8dfbdbe", "title": "Irlande du Nord : un militaire arrete pour preparation \"d'actes de terrorisme\"", "newspaper": "LePoint", "author": ["Source AFP"], "date_publi": "2016-08-24", "content": " Un homme de 30 ans a ete arrete dans le Sommerset \"dans le cadre d'une enquete sur le terrorisme lie a l'Irlande du Nord\", a precise la police britannique. Un militaire britannique soupconne d'etre implique dans la preparation \"d'actes de terrorisme\" en lien avec l'Irlande du Nord a ete interpelle mercredi dans le sud-ouest de l'Angleterre, a annonce Scotland Yard dans un communique. L'homme, age de 30 ans, a ete arrete dans le comte de Somerset par la section antiterroriste (SO15) de la police britannique \"dans le cadre d'une enquete sur le terrorisme lie a l'Irlande du Nord\", a-t-on precise de meme source. La police ajoute qu'il n'existe aucune information suggerant l'existence d'une \"menace immediate\". Pendant trois decennies (1969-1998), l'Irlande du Nord a ete le theatre de violences interconfessionnelles qui ont fait 3 500 morts. Les accords de paix de 1998 ont conduit au partage du pouvoir entre protestants et catholiques, mais des groupes republicains dissidents sont toujours suspectes d'agir. En mai dernier, le gouvernement britannique avait releve au niveau 3 sur une echelle de 5 la menace terroriste liee a l'Irlande du Nord, l'une des quatre nations constitutives du Royaume-Uni. La mesure concerne l'Angleterre, l'Ecosse et le Pays de Galles. En Irlande du Nord, le niveau d'alerte est fixe depuis des annees deja a \"grave\", soit le quatrieme niveau. Quelques jours apres, la police nord-irlandaise avait annonce la decouverte d'une cache d'armes \"terroriste\" a environ cinquante kilometres au nord de Belfast, une des \"plus importantes\" realisees ces dernieres annees. En mars, un groupe se presentant comme la \"nouvelle\" IRA a revendique un attentat a la bombe a Belfast qui a coute la vie a un gardien de prison. ", "theme": "europe"}