{"id_art": "007d4463193f49d439032d6c45ff635c", "title": "Faut-il condamner les terroristes a une \"vraie\" perpetuite ?", "newspaper": "LePoint", "author": ["Le Point.fr (avec AFP)"], "date_publi": "2016-03-23", "content": " Apres la proposition de NKM, Valls s'est montre ouvert a l'aggravation des peines pour les auteurs d'attentats terroristes. Mais la gauche est reticente. Apres les attentats de Bruxelles, un nouveau debat surgit sur la meilleure reponse penale a opposer au terrorisme. Des avant les tragiques attaques du 22 mars, c'est Nathalie Kosciusko-Morizet qui a lance lundi l'idee d'une << perpetuite effective >> pour les auteurs d'attentats terroristes, alors que la reforme de la decheance de nationalite s'est enlisee, et alors que Salah Abdeslam venait d'etre arrete. Manuel Valls s'est montre ouvert a l'aggravation des peines, voire a etudier cette idee. Rebelote mardi a l'Assemblee nationale. Interpelle par la deputee de l'Essonne, Manuel Valls a repondu qu'il n'avait << aucun probleme a examiner >> cette piste. Un signe d'ouverture confirme mercredi matin sur Europe 1, le Premier ministre estimant qu'il fallait << sans doute que les condamnations >> pour terrorisme << soient encore plus lourdes >>. C'est une nouvelle fois de sa gauche que le Premier ministre a vu monter l'opposition a cette piste. << C'est la peine de mort lente, en fin de compte, cet element-la >> (la perpetuite incompressible), a ainsi declare sur LCI le chef de file des deputes PS a l'Assemblee, Bruno Le Roux. Il a juge que << nous devrions avoir une peine de surete longue (22 ans actuellement, NDLR) avec une capacite de deradicalisation, de reinsertion >>. Le patron des deputes PS a egalement insiste sur la decheance de nationalite : << Il faut egalement des peines tres claires en termes de citoyennete, la decheance (...), qui serait un outil de protection, en est une. >> Cette prise de position lui a valu d'etre taxe d'angelisme de la part du patron du groupe LR au Senat : M. Le Roux << apparait une nouvelle fois en complet decalage avec la realite >>, a reagi Bruno Retailleau. << L'angelisme habite toujours une partie de la gauche. >> << La perpetuite reelle merite debat et merite examen >>, a de son cote estime Bruno Le Maire, candidat comme NKM a la primaire de la droite en vue de 2017. Meme son de cloche de la part d'Eric Ciotti : << Il est impensable d'imaginer que ces personnes puissent demain sortir de prison, parce qu'elles presenteront toujours un risque >>, a-t-il plaide mercredi. La proposition d'une << perpetuite effective >> intervient au moment ou le Senat, a majorite de droite, vient de modifier la revision constitutionnelle voulue par Francois Hollande apres les attentats de novembre et adoptee par l'Assemblee, hypothequant ainsi les chances de reunir le Congres. Les senateurs ont limite la decheance de nationalite aux seuls binationaux, arguant du fait de ne pas vouloir creer d'apatrides, la ou l'Assemblee l'avait elargie a tous les Francais, au motif de ne pas vouloir creer de discrimination. Mais ce recentrage senatorial sur les binationaux est intervenu quelques jours apres l'arrestation du Francais Salah Abdeslam, qui n'est donc theoriquement plus concerne par la mesure. La perpetuite existe en France. En l'etat du droit, devant une cour d'assises speciale, un homme reconnu coupable d'un crime terroriste encourt la reclusion criminelle a perpetuite assortie d'une periode de surete de vingt-deux ans, a l'issue de laquelle il pourra demander reduction de peine ou liberation anticipee, sans garantie d'obtenir satisfaction. Cette mesure n'est cependant pas la sanction la plus severe prevue par le Code penal. Celui-ci prevoit que la peine de surete puisse etre portee a trente ans dans les cas d'assassinat d'un mineur de moins de quinze ans precede ou accompagne de tortures et actes de barbarie. Une loi de 2011, a l'initiative du gouvernement de Nicolas Sarkozy et Francois Fillon, a elargi cette possibilite aux cas d'assassinats d'un policier, gendarme ou magistrat dans l'exercice ou en raison de ses fonctions. Plus severe encore, cette loi prevoit que la cour peut choisir, par decision speciale, de priver le condamne des mesures attachees a une periode de surete. Dans ce cas, il ne pourra formuler aucune demande de liberte conditionnelle ou de reduction de peine et la perpetuite semble bien << effective >>. Sauf que, selon le Code de procedure penale, le tribunal de l'application des peines pourra tout de meme accorder des mesures (suspension, reduction de peine, liberation conditionnelle)... au bout de trente ans d'ans d'incarceration. La peine encourue par un criminel terroriste est donc, sur le papier, moins lourde. Mais un amendement au projet de loi penale vote en premiere lecture par l'Assemblee prevoit desormais le meme dispositif pour les crimes terroristes les plus graves. Le texte doit etre examine en seance publique au Senat a compter du 29 mars. La Convention europeenne des droits de l'homme interdit de son cote toute perpetuite << sans reexamen >> ni << chance d'elargissement >>. Le Royaume-Uni a d'ailleurs deja ete condamne sur ce theme. ", "theme": "justice"}