{"id_art": "9c7bd7c32244096cb5a9c1132de21073", "title": "Terrorisme: le renseignement \"seul rempart\", selon la presse", "newspaper": "LePoint", "author": ["AFP"], "date_publi": "2016-12-21", "content": "Le renseignement est le \"seul veritable rempart\" contre les attaques terroristes, face auxquelles l'Europe doit montrer un visage uni et ne pas ceder au \"repli\", estime la presse mercredi. Deja tres present dans les quotidiens de mardi, l'attentat au camion-belier de lundi a Berlin, revendique par l'organisation Etat islamique (EI) et qui a fait douze morts, continue d'etre largement commente. \"Il va nous falloir apprendre a etre vigilants ensemble et doter les services de renseignement, seul veritable rempart a ces crimes de masse, des moyens necessaires\", ecrit Donat Vidal Revel dans Le Parisien/Aujourd'hui en France. Dans La Croix, Francois Ernenwein opine: \"Ce n'est en effet que grace a un elan et par une cooperation renforcee, il est vrai encore balbutiante, que nous pourrons esperer vaincre le terrorisme\". Pour Le Monde, \"le repli national est illusoire, un dangereux fantasme\" et \"la lutte contre le terrorisme islamiste passe par une cooperation renforcee entre Etats membres ? et pas par un demembrement de l'Europe\". \"Apres Berlin, les Europeens se doivent d'etre enfin unis, efficaces. Sereins dans la fermete, mais aussi fermes dans la serenite\", fait valoir Arnaud de La Grange dans Le Figaro. - 'Reglements de comptes a chaud' - Car \"il n'est pas de lutte efficace contre le terrorisme sans une etroite coordination entre les pays europeens, a commencer par la France et l'Allemagne qui ont les moyens d'une action efficace\", insiste Georges Valance dans L'Eclair des Pyrenees. De son cote, Laurent Joffrin fustige dans Liberation \"les leaders de l'extreme droite (qui) ont incrimine la politique d'accueil mise en oeuvre par Angela Merkel\". \"L'occasion est trop belle d'instrumentaliser les douleurs, de les rendre aveugles\", deplore Patrick Apel-Muller dans L'Humanite. \"Contrairement a l'union sacree qui avait prevalu en France apres Charlie et le Bataclan ? moins apres le terrible 14-Juillet de Nice ?, l'Allemagne ne s'epargne pas, l'espace d'un temps de deuil, les reglements de comptes a chaud\", regrette Michel Klekowicki dans Le Republicain Lorrain. 21/12/2016 06:09:46 - Paris (AFP) - (c) 2016 AFP ", "theme": "societe"}