{"id_art": "fe88de443fd8b9886ff9648294aa5ded", "title": "Trump revient sur sa promesse de torturer les terroristes", "newspaper": "LePoint", "author": ["AFP"], "date_publi": "2016-03-04", "content": "Le candidat republicain a la Maison Blanche Donald Trump est revenu vendredi sur sa promesse de torturer les terroristes et de tuer leur famille dans une declaration au Wall Street Journal, affirmant qu'il respecterait les lois. Donald Trump est critique, y compris au sein de son propre camp, pour avoir propose d'aller plus loin que la torture par simulation de noyade et promis de tuer non seulement les terroristes mais aussi leurs familles. \"J'utiliserai tout mon pouvoir legal pour arreter ces ennemis terroristes. Je comprends, cependant, que les Etats-Unis sont lies par des lois et des traites et je ne demanderai pas a notre armee ou a d'autres responsables de violer la loi\", a ecrit le candidat republicain au journal. \"C'est clair que, en tant que president, je suis lie par des lois comme simplement tous les Americains et j'assumerai ces responsabilites\", a-t-il ajoute. Plus de 70 experts republicains dans le domaine des affaires etrangeres et de la securite nationale ont publie jeudi une lettre ouverte denoncant l'incoherence du candidat et notamment ses declarations ambigues sur la torture. Un general a la retraite et ancien directeur de la CIA Michael Hayden avait affirme pour sa part que jamais l'armee americaine ne suivrait des ordres illegitimes. Pour justifier ses changements de position sur de nombreux sujets, Donald Trump a vante jeudi la necessite pour un dirigeant d'etre \"flexible\", lors d'un debat avec ses concurrents a l'investiture republicaine. \"J'ai un noyau tres solide\", a-t-il assure, \"mais je n'ai jamais vu quelqu'un reussir sans un certain degre de flexibilite\". Donald Trump, dont les positions mettent mal a l'aise une bonne partie de l'establishment republicain meme si les electeurs semblent le plebisciter, a subi jeudi les attaques repetees de ses rivaux ainsi que de personnalites du parti desormais en guerre ouverte avec le favori de l'investiture. 04/03/2016 20:40:55 - Washington (AFP) - (c) 2016 AFP ", "theme": "monde"}