{"id_art": "337384d0eb95dca7aa796e52bb3e0c2a", "title": "Le Pakistan repond avec colere au tweet de Trump metttant en cause son engagement contre le terrorisme", "newspaper": "LePoint", "author": ["AFP"], "date_publi": "2018-01-02", "content": "Le Pakistan a repondu avec colere mardi a Donald Trump, mettant en avant les \"sacrifices enormes\" consentis dans la lutte contre le terrorisme, apres les menaces du president americain de lui supprimer certaines aides financieres en raison de son inefficacite dans ce domaine. Le Pakistan a \"combattu la guerre contre le terrorisme en premier lieu sur ses propres deniers et avec un cout tres eleve pour son economie\", en plus de \"sacrifices enormes\" incluant \"la perte de dizaines de milliers de vies de civils et de forces de securite\", s'est defendu le Pakistan au terme d'une reunion de son Conseil national de securite, auxquels ont participe les ministres regaliens et les principaux generaux de ce pays ou l'armee est tres puissante. Cela ne peut pas etre \"banalise avec si peu de pitie en ne parlant que de valeur monetaire\", peut-on lire dans un communique des services du Premier ministre, qui font part de la \"profonde deception\" des autorites apres de \"recentes declarations completement incomprehensibles du leadership americain, qui manifestement contredisent les faits\". Quelques heures plus tot, un tweet du gouvernement pakistanais soulignait deja les \"innombrables sacrifices\" du pays, qui selon Islamabad a perdu plus de 62.000 morts et 123 milliards de dollars dans la guerre contre le terrorisme sur la periode 2003-2017. L'ambassadeur americain David Hale avait lundi soir ete convoque au ministere des Affaires etrangeres, apres un tweet de Donald Trump, tres dur, contre le Pakistan lundi, qui fait suite a des mois de crispation. \"Les Etats-Unis ont betement donne 33 milliards de dollars d'aide au Pakistan ces quinze dernieres annees et ils ne nous ont rien donne en retour si ce n'est des mensonges et de la duplicite, prenant nos dirigeants pour des idiots\", a ecrit le president americain. \"Ils abritent les terroristes que nous chassons en Afghanistan, sans grande aide. C'est fini !\", a-t-il lance. Le Pakistan, allie des Etats-Unis depuis la guerre froide, avait noue avec Washington un partenariat strategique apres les attentats du 11 septembre 2001, pour defaire les groupes armes islamistes dans la region. Mais les Etats-Unis, tout comme l'Afghanistan, accusent le Pakistan de soutenir les talibans actifs dans ce pays voisin. Le reseau Haqqani, qui pendant longtemps trouvait refuge au Pakistan tout en realisant certaines des pires attaques contre les forces americaines en Afghanistan, a ete qualifie de \"veritable bras\" des services secrets pakistanais par Mike Mullen, ancien chef d'etat-major americain des armees. Islamabad, apres avoir lance en 2014 une nouvelle campagne d'operations militaires dans ses zones tribales, a la frontiere afghane, affirme avoir desormais eradique toutes les bases arriere des groupes islamistes. L'administration Trump a indique au Congres en aout qu'elle examinait tres serieusement la possibilite de ne pas verser 255 millions de dollars d'aide, dont le versement a deja ete retarde. Les relations americano-pakistanaises, deja difficiles, pour les memes raisons, sous l'administration de Barack Obama, qui avait donne en 2011 son feu vert a l'operation qui a conduit a la mort d'Oussama Ben Laden a Abbottabad, une ville de garnison pakistanaise, se sont encore degradees avec l'arrivee de Donald Trump a la Maison Blanche. Le president americain a accuse en aout Islamabad de jouer un double jeu en Afghanistan et d'abriter sur son sol des \"agents du chaos\". L'accueil de son secretaire d'Etat Rex Tillerson avait ete glacial fin octobre a Islamabad. En decembre, Donald Trump avait deja menace le Pakistan. \"Nous versons des sommes enormes chaque annee au Pakistan. Il faut qu'ils nous aident\", avait-il mis en garde. \"Une coupe dans les aides, a un certain moment, devient inevitable\", a reagi l'analyste Michael Kugelman, specialiste du Pakistan, sur Twitter. \"Trump est habitue a faire des declarations tres dures que ne font que vicier l'atmosphere (...). Mais il n'y a aucune possibilite de reaction dure\", comme \"une coupure totale des aides\", a de son cote estime l'expert pakistanais Hassan Askari. Selon lui, les Etats-Unis \"ne prendront pas de mesure extreme\" car ils ont besoin de l'aide logistique du Pakistan pour acceder a leurs troupes basees en Afghanistan. La polemique n'a pour l'instant occasionne que de petites manifestations anti-Trump de groupes islamistes a Karachi et Lahore, les deux plus grosses villes pakistanaises. La Chine, tres active dans un projet d'infrastructure massif au Pakistan, d'un cout total de 54 milliards de dollars, a prefere louer \"la remarquable contribution\" de son nouvel allie a \"la cause globale du contre-terrorisme\", via un porte-parole de son ministere des Affaires etrangeres. Fin decembre, Pekin, desormais actif diplomatiquement dans la region, avait accueilli un premier sommet tripartite contre la menace terroriste avec le Pakistan et l'Afghanistan. 02/01/2018 18:13:34 - Islamabad (AFP) - (c) 2018 AFP ", "theme": "monde"}