{"id_art": "44a1978bb9a5863c3c1b631f69eb17aa", "title": "Coignard - Terrorisme : les incoherences du gouvernement", "newspaper": "LePoint", "author": [" Sophie Coignard", "Sophie Coignard", "Sophie Coignard"], "date_publi": "2015-10-07", "content": " Le pouvoir, qui bombarde en Syrie pour eviter les attentats en France, ne parvient pas a garder un oeil sur les islamistes deja sur notre territoire. Lundi 5 octobre, au terme d'une course-poursuite entre policiers et braqueurs a Saint-Ouen, en Seine-Saint-Denis, des coups de feu sont echanges. Un des braqueurs, Wilston Blam, 24 ans, est abattu tandis qu'un membre des forces de l'ordre, age de 36 ans, recoit deux balles dans la tete, et se trouve dans un etat desespere. Un fait divers de plus ? Pas tout a fait. Le malfaiteur etait detenu a la prison de Reau, en Seine-et-Marne, pour une peine de six ans apres s'en etre pris a des distributeurs de billets a Versailles. Il a beneficie, au mois de mai, d'une permission de sortie d'u... Deja abonne ? Pas encore abonne ? ", "theme": "editos-du-point/sophie-coignard"}