{"id_art": "ab85a2eec9356aac0d39e7946a533898", "title": "\"Un parquet antiterroriste europeen serait un vrai pas federal\"", "newspaper": "LePoint", "author": ["Propos recueillis par Loreline Merelle"], "date_publi": "2017-09-29", "content": " ENTRETIEN. Le coordinateur de l'UE pour la lutte contre le terrorisme salue les idees de Macron sur le renseignement, mais doute de leur mise en oeuvre. Il est au coeur de la politique europeenne de lutte contre le terrorisme depuis 2007. Voila dix ans que le Belge Gilles de Kerchove coordonne les differentes initiatives europeennes antiterroristes et participe aux reunions des ministres et des chefs d'Etat europeens. On le retrouve aussi aux Etats-Unis, en Turquie ou au Liban, jouant les porte-parole de l'Union europeenne sur le terrorisme. Il est egalement l'un des rares a pouvoir s'exprimer publiquement sur l'etat actuel du renseignement en Europe. Pour Le Point, il revient sur les propositions d'Emmanuel Macron pour l'Europe. Deja abonne ? Pas encore abonne ? ", "theme": "europe"}