{"id_art": "2fbad13c39de964f72f6c61b3e57921a", "title": "Terrorisme : le depute Olivier Dassault favorable a la peine de mort", "newspaper": "LePoint", "author": ["Source AFP"], "date_publi": "2016-03-25", "content": " Auteur d'une proposition de loi a ce sujet en 2004, le depute LR prone le retablissement de la peine de mort \"pour les auteurs d'actes terroristes\". \"Les derniers attentats terroristes en Belgique ont montre l'inefficacite des differents gouvernements europeens pour lutter contre ce fleau qui gangrene notre societe, explique Olivier Dassault. Ce n'est pas les simples represailles du retrait de la nationalite ou une peine d'une periode de surete pouvant aller jusqu'a 30 ans qui effrayeront ces ennemis de la liberte mais bien davantage la peur de tomber sous le couperet de la justice\", estime-t-il dans un communique. Comme il l'avait deja suggere en 2004 dans une proposition de loi cosignee par une quarantaine de deputes de son camp, le depute Les Republicains prone le retablissement de la peine de mort \"pour les auteurs d'actes terroristes\". La peine capitale a ete abolie en France en 1981. Le depute juge le Premier ministre Manuel Valls \"coupable de non-assistance a peuple en danger\" et pense que \"ces individus qui sont prets a massacrer nos enfants, endeuiller des familles sur le territoire qui les a accueillis par leur naissance ou leur integration n'ont plus a recevoir de compassion de la part de notre nation\". Selon lui, une perpetuite \"incompressible\", idee avancee par certains a droite, dont Nathalie Kosciusko-Morizet, est insuffisante, car elle \"ne perturbera jamais les projets diaboliques de ces bombes humaines\". Jeudi, l'ancien depute LR et actuel president de la region Hauts-de-France, Xavier Bertrand, a declare a BFM TV et RMC que s'il avait ete parlementaire en 1981, il croit qu'il \"n'aurai(t) pas vote l'abolition de la peine de mort\". \"Aujourd'hui, avec le recul je pense que supprimer la peine de mort a du sens a une condition : ceux qui etaient susceptibles d'en relever ne doivent jamais sortir de prison\", a-t-il ajoute. ", "theme": "politique"}