{"id_art": "b2e103d5b802a915fbd302bb6cb3a0b4", "title": "Tarnac : renvoyes en correctionnelle, mais pas pour \"terrorisme\"", "newspaper": "LePoint", "author": ["Source AFP"], "date_publi": "2015-08-08", "content": " Huit militants libertaires, dont Julien Coupat, ont ete renvoyes en correctionnelle dans l'affaire des sabotages de lignes TGV en 2008. Huit militants libertaires, dont Julien Coupat, ont ete renvoyes en correctionnelle dans l'affaire du groupe Tarnac sur des sabotages de lignes TGV en 2008, a-t-on appris samedi de sources concordantes. Parmi les prevenus, Julien Coupat, leader presume du groupe, sa compagne Yildune Levy et deux autres personnes sont renvoyes en proces pour \"association de malfaiteurs\". Dans son ordonnance rendue ce vendredi, Jeanne Duye, la juge d'instruction antiterroriste en charge du dossier, n'a pas suivi les requisitions du parquet qui demandait que la circonstance aggravante d'\"entreprise terroriste\" soit retenue a l'encontre de trois militants, dont Julien Coupat et Yildune Levy. \"La qualification terroriste a ete abandonnee pour l'ensemble des infractions\", a confirme une source judiciaire. Le parquet a cinq jours apres la signature de l'ordonnance pour faire appel devant la chambre d'instruction. \"Apres pres de sept annees d'instruction completement a charge, nous avons enfin une decision de justice courageuse. C'est un desaveu total pour le parquet\", ont reagi Marie Dose et William Bourdon, avocats des prevenus. \"Depuis le debut, nos clients ont ete consideres et traites comme des terroristes. On se rend compte enfin que ce qualificatif ne tient pas\", ont-ils ajoute. Cette affaire a suscite une vive polemique, le gouvernement et la ministre de l'Interieur de l'epoque, Michele Alliot-Marie, ayant ete accuses de l'instrumentaliser en insistant sur son caractere terroriste. Le \"groupe de Tarnac\", presente comme proche de l'ultra-gauche, est soupconne d'etre a l'origine de sabotages de lignes SNCF sur des catenaires dans l'Oise, l'Yonne et la Seine-et-Marne. Julien Coupat, 40 ans, et son epouse Yildune Levy, 31 ans, ont reconnu leur presence a Dhuisy (Seine-et-Marne) aux abords de la voie ferree ou passe le TGV Est, mais ont toujours nie avoir participe a la pose d'un fer a beton, retrouve plus tard sur la catenaire. Tordu en forme de crochet, il avait cause d'importants degats materiels au premier TGV du matin, et fortement perturbe le trafic. Pour les agents SNCF interroges par les enqueteurs, cet acte pouvait entrainer des degats materiels, sans menacer la securite des voyageurs. Quatre autres personnes sont renvoyees devant le tribunal correctionnel pour avoir refuse de donner leur ADN et, pour deux d'entre elles, pour \"falsification de documents administratifs\". ", "theme": "justice"}