{"id_art": "ca63129663dc45e8ebb6b3dd5f9bd24f", "title": "Terrorisme : Issa K., 28 ans, condamne pour avoir menace des policiers", "newspaper": "LePoint", "author": [" Marc Leplongeon"], "date_publi": "2017-01-27", "content": " INFO LE POINT.FR. Les perquisitions administratives post-attentats de novembre 2015 ont debouche debut janvier sur les premieres peines de prison. << C'est une reponse a ceux qui affirment que les perquisitions administratives ne servent a rien >>, veut croire un haut magistrat parisien. Depuis la proclamation de l'etat d'urgence en novembre 2015, pres de 4 500 perquisitions administratives ont ete menees sur le territoire francais. Un recours massif de la part des forces de l'ordre a une procedure qui, par definition, echappe au controle du juge judiciaire. Et qui a valu au gouvernement de nombreuses critiques des associations et des defenseurs des droits de l'homme et des libertes individuelles. De nombreux cas, documen... Deja abonne ? Pas encore abonne ? ", "theme": "societe"}