{"id_art": "6d0571b89e1223aaad6934bdbff87862", "title": "Terrorisme: l'amertume des Delory dont le fils a ete tue au Niger", "newspaper": "LePoint", "author": ["AFP"], "date_publi": "2017-01-07", "content": "\"On a ete traites comme des chiens\", bouillonnent les Delory. Six ans apres la mort de leur fils Vincent lors d'une intervention de l'armee francaise contre une prise d'otages d'AQMI au Niger, et alors que les hommages aux victimes d'attentats se succedent, eux se sentent abandonnes par l'Etat. Dans le salon de leur confortable maison de Linselles (Nord), ou s'alignent les photos de Vincent, Gilles et Jacqueline Delory ressassent les evenements, qu'ils semblent connaitre par coeur, minute par minute. L'affaire avait a l'epoque fait grand bruit, dans un contexte d'enlevements recurrents de Francais en Afrique. Le 7 janvier 2011, l'humanitaire Antoine de Leocour et l'ingenieur Vincent Delory, 25 ans, sont enleves dans un restaurant de Niamey par un groupe d'AQMI (Al Qaida au Maghreb islamique). Le lendemain, l'intervention des forces speciales francaises cote malien met en deroute les terroristes mais debouche sur la mort des deux otages. Si le deces d'Antoine ne fait pas de mystere - execute d'une balle par un djihadiste -, celui de Vincent, officiellement mort dans l'incendie d'un 4X4 d'AQMI, suscite la polemique. La France voulait ne rien ceder aux ravisseurs et Vincent est donc un sacrifie de la lutte antiterroriste, jugent Gilles et Jacqueline. \"En intervenant de cette facon, ils avaient decide de tuer les otages, alors que le role de l'Etat est de proteger ses citoyens\", martele Gilles Delory. \"Dans le 4X4 brule, ils ont dit avoir voulu tuer un terroriste, mais on n'a retrouve que le cadavre de Vincent\". Pour autant, insiste le sexagenaire, chemise et cravate impeccables, \"ce n'est pas une bavure de l'armee. On est une famille de militaires depuis trois generations\". A ses yeux, la responsabilite est davantage du cote de l'Etat. De ses dirigeants de l'epoque, Nicolas Sarkozy a la presidence et Alain Juppe aux Affaires etrangeres. Mais aussi de ceux qui ont suivi, incapables de rendre un hommage digne a un jeune Francais victime du terrorisme. - 'On est tout seuls' - C'est la le plus cruel pour ses parents. Les politiques se pressent emus aux hommages aux victimes des derniers attentats, quand ils rechignent tant a accorder a leur fils la reconnaissance de la nation - un aveu des erreurs commises, une plaque commemorative, voire une legion d'honneur posthume... \"La serie des recents attentats nous fait revivre ce qui est arrive a Vincent, on en est malade. Les victimes de ces drames sont rassemblees en collectifs, alors que nous, on est tout seuls\", souffle Jacqueline. Dimanche, l'anniversaire de la mort de Vincent sera politiquement et mediatiquement recouvert par celui de l'attentat de Charlie Hebdo. Gilles et Jacqueline, leurs deux filles et quelques proches iront se recueillir devant la stele de Linselles qu'ils ont financee quasi seuls (leur fils est enterre a Gravelines). La secretaire d'Etat chargee de l'Aide aux victimes Juliette Meadel, qui les a recus en decembre, ne viendra finalement pas, et sa proposition de faire poser une plaque aux Invalides parait bien floue aux yeux des parents (date, lieu exact, texte appose). Contacte par l'AFP, son cabinet n'a pas donne suite et le ministere de la Defense n'a pas souhaite faire de commentaire. Gilles tremble de colere: \"Juste apres la mort de Vincent, ils nous avaient promis monts et merveilles, Nicolas Sarkozy nous a dit qu'il viendrait... Puis on a ete traites comme des chiens, comme si notre fils avait ete pique. Quelqu'un du ministere nous a meme laisse entendre que ce qui lui est arrive etait toujours mieux que la torture...\" 07/01/2017 09:52:46 - Linselles (France) (AFP) - (c) 2017 AFP ", "theme": "societe"}