{"id_art": "1e932efac903927a37f7220bb90f6d42", "title": "Syrie : assaut final sur la ville de Raqqa, le fief de l'EI", "newspaper": "LePoint", "author": ["Source AFP"], "date_publi": "2017-06-07", "content": " VIDEO. Les Forces democratiques syriennes (FDS) ont lance mardi \"la grande bataille pour liberer\" la ville, consideree comme la \"capitale du terrorisme\". Le dernier fief de Daech est-il en train de tomber ? Mercredi, les combattants arabes et kurdes syriens soutenus par les Etats-Unis poursuivaient l'assaut final sur la ville de Raqqa, le principal bastion syrien du groupe djihadiste Etat islamique (EI). Les combattants kurdes et arabes soutenus par les Etats-Unis gagnaient du terrain. Sept mois apres le debut d'une offensive d'envergure qui leur a permis de s'emparer de vastes regions autour de Raqqa, dans le nord du pays, les Forces democratiques syriennes (FDS) sont entrees mardi dans le quartier de Mechleb, dans l'est de la ville. Tot mercredi, le commandement de l'operation visant a reprendre Raqa, baptisee << Colere de l'Euphrate >>, a annonce dans un communique la prise du quartier de Mechleb (est) et de la citadelle de Harqal, situee sur une colline dominant la peripherie ouest de Raqqa. Selon l'Observatoire syrien des droits de l'homme (OSDH), les combats faisaient rage mercredi sur trois fronts autour de Raqqa. << Il y a des combats a l'est ainsi qu'a l'ouest de la ville >>, a indique le directeur de l'OSDH, Rami Abdel Rahmane. << Les FDS combattent aussi dans le complexe militaire Division 17, a environ deux kilometres au nord de Raqqa, mais la zone est truffee de mines. >> Les Forces democratiques syriennes (FDS) ont lance mardi << la grande bataille pour liberer >> la ville, qualifiee de << capitale du terrorisme >>. Les FDS attaquent la ville depuis le nord, l'ouest et l'est, a egalement indique le porte-parole des FDS Talal Sello devant des journalistes a Hazima, au nord de Raqqa. Peu apres, une commandante de cette alliance arabo-kurde ainsi qu'une ONG ont fait etat de l'entree des FDS dans Raqqa a partir de l'est. << Nos forces sont dans le quartier de Mechleb >>, a indique la commandante Rojda Felat. L'Observatoire syrien des droits de l'homme (OSDH) a affirme que les FDS avaient chasse les djihadistes de plus de la moitie de ce secteur. Ces forces tentaient par ailleurs d'avancer dans le secteur d'Al-Andalous, dans le nord-ouest de la ville, majoritairement peuple de Kurdes avant la guerre, d'apres l'OSDH. Chef des forces de la coalition internationale anti-djihadistes qui fournit aux FDS des armes, un appui aerien et les assiste au sol avec des conseillers, le general americain Steve Townsend a averti dans un communique que la bataille de Raqqa serait << longue et difficile >>. Neanmoins, elle << assenera un coup decisif >> au << califat >> autoproclame par l'Etat islamique en 2014 sur les territoires qu'il avait conquis en Syrie et en Irak et dont il a depuis perdu une grande partie. RELIRE l'article de 2015 de Nicolas Henin sur Raqqa assiegee par l'EI De son cote, l'armee syrienne est entree mardi, pour la premiere fois depuis un an, dans l'ouest de la province de Raqqa, selon l'OSDH et une source militaire. Elle y a pris le controle de deux villages et se trouve desormais a quelque 70 kilometres de la ville de Raqqa. << On ne sait pas s'il y a une coordination entre les forces du regime et les FDS >>, a indique le directeur de l'OSDH Rami Abdel Rahmane. Selon la source militaire, le but de l'armee << est d'assurer la securite de la province (voisine) d'Alep contre les attaques des djihadistes >>. Le groupe djihadiste est d'ailleurs en passe de perdre Mossoul, son dernier grand fief urbain en Irak. En preparation de l'assaut sur Raqqa, << la coalition a mene des raids aeriens toute la nuit >> de lundi a mardi, selon l'OSDH. Les FDS ont demande aux civils dans la ville, qui comptait 300 000 habitants avant le debut en 2011 de la guerre en Syrie, de s'eloigner des positions de l'EI et des zones de front. Elles accusent en effet l'EI de se cacher au milieu de la population. D'apres Thomas Garofalo, un responsable de l'International Rescue Committee (IRC), << le nombre de civils ayant fui la ville au cours de la semaine derniere est en baisse >>. << Cela pourrait refleter l'intention de l'EI d'utiliser les (...) personnes toujours prises au piege comme des boucliers humains >>, selon lui. D'apres l'OSDH, une frappe aerienne de la coalition internationale a fait 21 morts parmi des civils qui tentaient lundi de fuir Raqqa. Des avions russes ont aussi effectue des raids contre des convois de l'EI partant de cette ville. En Syrie, l'EI controle des secteurs du sud de la province de Raqqa ainsi qu'une grande partie de celle de Deir ez-Zor (Est), riche en petrole. Il occupe des zones dans celle de Homs (Centre) et a une presence minime dans celles de Hama (Centre), Alep (Nord), Deraa (Sud) et Damas. Malgre ses reculs sur le terrain, le groupe extremiste parvient a frapper en menant des attentats meurtriers en Syrie et en Irak, et meme hors de la region, comme en Grande-Bretagne ou il a revendique une serie d'attaques ces derniers mois. Declenchee en 2011 par la repression de manifestations pacifiques prodemocratie, la guerre en Syrie a fait plus de 320 000 morts. Elle s'est progressivement complexifiee avec l'entree en jeu des djihadistes et l'implication d'acteurs regionaux et internationaux, comme la Russie et l'Iran, allies du regime de Bachar el-Assad. Mardi, des forces proregime ont de nouveau ete la cible de la coalition internationale pres d'Al-Tanaf (Sud-Est), non loin des frontieres irakienne et jordanienne. La coalition menee par Washington a affirme que ce groupe << de plus de 60 soldats >> avec << un char et de l'artillerie >> representait << une menace >> pour ses propres forces presentes dans ce secteur, ou elle avait deja bombarde des forces proregime le 18 mai. Des avions de la coalition << ont attaque une de nos positions militaires sur la route vers Al-Tanaf, tuant plusieurs personnes et causant des dommages materiels >>, a confirme l'agence Sana, citant une source militaire syrienne. Al-Tanaf est le lieu choisi par la coalition pour entrainer des forces syriennes locales destinees a se battre contre le groupe Etat islamique. La coalition a etabli dans un rayon de 55 kilometres autour de la ville une zone de securite, dite << zone de deconfliction >>, ou toute intrusion est consideree comme menacante. ", "theme": "monde"}