{"id_art": "c48b7adb29ccb71a24aa778b4e112b52", "title": "Kamel Daoud - Le paradis nuit a l'avenir", "newspaper": "LePoint", "author": [" Kamel Daoud"], "date_publi": "2018-01-25", "content": " L'<< obligation >> de croire au paradis, moteur du precheur et quete du terroriste, revele l'enfer du quotidien des pays arabes qui ont abandonne l'utopisme. Qu'est-ce qui fait s'agiter les peuples dans le monde dit << arabe >> ? Les jeunesses souvent, les croyants. Pas le vieux reve, aujourd'hui demode, du << developpement >>, de l'<< emergence >> economique ou de la construction d'Etats forts apres les decolonisations couteuses, non. Ce qui agite les ames, c'est le << paradis >>. Merzak Allouache, le realisateur algerien, a eu cette idee simple et geniale de filmer le reve, l'algerian dream, extensible a d'autres pays << arabes >> : il a fait parler, dans un documentaire, imams, ecrivains, jeunes, passants, femmes, revoltes ou soumis, sur comment ils im... Deja abonne ? Pas encore abonne ? ", "theme": "editos-du-point/sebastien-le-fol"}