{"id_art": "50783284926677aa63c66fdc504e0244", "title": "Anonymat des terroristes : que font les autres pays europeens ?", "newspaper": "LePoint", "author": [" Alice Bonnetain"], "date_publi": "2016-07-30", "content": " La possibilite de laisser dans l'anonymat des victimes ou des forcenes fait debat en France. Nos voisins ont des positions divergentes. Thatcher aussi ! Apres l'attentat de Nice, une petition a ete lancee sur Change.org pour demander l'anonymat des terroristes dans les medias. Dans le sillage de Jerome Fenoglio, redacteur en chef du Monde, BFM TV, Europe 1 ou encore La Croix ont choisi de ne plus publier de photos de terroristes. D'autres, comme France Televisions, Le Figaro ou Liberation se sont clairement opposes a cette mesure. Mais qu'en est-il chez nos voisins europeens ? Panorama des differentes situations qui varient au sein meme des pays. En Allemagne. Apres l'attentat-suicide a Ansbach, petite ville au sud de l'Allemagne, la photo du terroriste affilie a Daech est omnipresente dans la sphere mediatique. La presse ecrite a choisi de decider de publier ou non au cas par cas. Le porte-parole du groupe Springer, qui edite Bild, le tabloid aux 4 millions de lecteurs, affirme dans Liberation : << Faire preuve de responsabilite dans l'usage des photos veut dire que nous gardons notre liberte, et decidons toujours au cas par cas. >> Stern, un journal hebdomadaire, a choisi de publier une photo floutee du tueur de Nice en couverture, mais non floutee a l'interieur. << Notre preoccupation est d'eviter la publication de tout materiel de propagande qui pourrait glorifier les terroristes, stimuler les recrutements ou inciter des jeunes a imiter leurs actes >>, explique la redaction a Liberation. En revanche, la television allemande a majoritairement decide de ne pas montrer les photos des terroristes. La chaine publique ARD s'est ainsi prononcee en faveur de l'anonymat complet des photos concernant une tuerie de masse apres << consultation de criminologue et de psychologue >>. Le redacteur de la chaine precise : << Cette directive ne concerne pas les actes de terreur a teneur politique ou religieuse, meme si nous faisons preuve d'une tres grande retenue dans la publication de photos de terroristes islamistes. >> En Italie. Le magazine Vita a decide jeudi 28 juillet, comme l'explique le journaliste Marco Dotti, de ne plus publier en une des photos des forcenes ni des victimes. Ce choix, non seulement << ethique >> mais aussi << strategique >>, s'explique par la visibilite que donnent les medias traditionnels, visibilite a partir de laquelle Daech << tente de capitaliser >>. En Belgique. Les Belges se posent aussi la question, mais sans la trancher. En temoignent les deux points de vue publies par le journal La Libre Belgique. Pas de regle absolue, mais des recommandations du conseil de deontologie : << C'est toujours la notion d'interet general et de pertinence de l'information qui est mise dans la balance par rapport a d'autres interets, ceux des victimes par exemple. [...] Il ne faut pas necessairement donner la photo des auteurs ou l'identite, mais l'ensemble des elements qui concourent a mieux comprendre un phenomene, la c'est le role des medias de les donner. >> Le debat n'est pas tranche chez nos voisins europeens, mais l'initiative francaise a le merite de soulever la question dans de nombreux pays sauf... en Angleterre ! Outre-Manche, les tabloids a sensation qui saturent le paysage mediatique utilisent des photos (non floutees) des terroristes pour faire leur couverture et, plaident-ils, << interpeller l'opinion publique >>. Des journaux, reputes comme plus serieux, publient aussi des images sur leur site web. Ainsi, The Independent diffusait la video des deux terroristes de Saint-Etienne-du-Rouvray pretant allegeance a Daech. Comme le souligne Liberation, le redacteur en chef du service diplomatie du Guardian, Patrick Wintour, faisait, lui, reference au << debat sur l'oxygene de la publicite >> lance par Margaret Thatcher dans les annees 80. Le Monde will no longer publish photos of terrorists to end their glorification. The oxygen of publicity debate. https://t.co/owYg7km2Ui Lors d'un discours sur le terrorisme en 1985 qui visait non pas Daech mais l'IRA, la Dame de fer avait lance : << Nous devons trouver des moyens de priver les terroristes de l'oxygene de la publicite dont ils dependent. Ne devrions-nous pas demander aux medias de s'accorder sur un code de conduite, qui consisterait a ne pas dire ou montrer des choses qui aideraient les terroristes ou leur cause ? >> Des voeux qui restent encore pieux chez nos voisins d'outre-Manche ! Consultez notre dossier : Saint-Etienne-du-Rouvray : un nouveau pas dans l'horreur ", "theme": "europe"}