{"id_art": "c0bf9a80f07b59507dc7325c9424a6c0", "title": "Menace terroriste: l'Euro-2016 \"representera un risque\" (Cazeneuve)", "newspaper": "LePoint", "author": ["AFP"], "date_publi": "2016-05-03", "content": "L'Euro-2016 de football qui se disputera en France du 10 juin au 10 juillet \"representera un risque\", a declare mardi le ministre de l'Interieur Bernard Cazeneuve, soulignant que des groupes jihadistes pouvaient toujours \"cibler\" la France. Il s'exprimait a la veille de la presentation en Conseil des ministres de la troisieme loi de prorogation de l'etat d'urgence. \"Ce grand evenement festif d'ampleur internationale representera un risque, il faut le dire, en raison des capacites qu'ont toujours les groupes a cibler nos pays et je tiens a ce que nous puissions, face a ce risque, (...) disposer de l'ensemble des moyens qui nous permettent de le surmonter\", a lance M. Cazeneuve devant la commission des lois du Senat, alors que le gouvernement veut prolonger l'etat d'urgence pour deux mois. \"Il ne nous est pas permis de nous croire a l'abri, ni de considerer que le peril imminent qui a justifie, en novembre dernier, la proclamation de l'etat d'urgence a disparu\", a-t-il encore explique, avant d'ajouter que \"nous n'allons pas renoncer a continuer a vivre comme une grande nation\". Decrete apres les attentats parisiens du 13 novembre, l'etat d'urgence permet a l'Etat d'assigner a residence toute personne \"dont l'activite est dangereuse pour la securite et l'ordre publics\" et d'ordonner \"des perquisitions a domicile de jour comme de nuit\" sans passer par l'autorite judiciaire. Depuis la proclamation de l'etat d'urgence, 3.559 perquisitions administratives ont ete effectuees et 743 armes saisies, a indique Bernard Cazeneuve. Parmi ces perquisitions administratives, 592 ont donne lieu a l'ouverture d'une procedure judiciaire, notamment pour infraction a la legislation sur les armes, ou sur les stupefiants. En outre, \"56 personnes ont ete placees en detention\", a souligne le ministre. 03/05/2016 21:50:58 - Paris (AFP) - (c) 2016 AFP ", "theme": "sport"}