{"id_art": "4eff9f9cd24a7eec14baae56cad5f35d", "title": "Comment le Bangladesh a longtemps nie le terrorisme", "newspaper": "LePoint", "author": [" Ian Hamel"], "date_publi": "2016-07-02", "content": " Pour ne pas effrayer les investisseurs etrangers, Dacca mettait sur le dos de \"bandits de grand chemin\" les attentats commis par les djihadistes. Son pere Sheikh Mujibur Rahman, premier leader du Bangladesh en 1971, a ete assassine par les militaires, avec presque toute sa famille. Elle-meme, Sheikh Hasina, 68 ans, actuelle Premier ministre, a la tete de la Ligue Awani, un parti laique de centre gauche, a failli perir dans un attentat commis par les islamistes. Cette femme a poigne, qui aurait souhaite que son pays, peuple a 90 % de musulmans, abandonne l'islam comme religion d'Etat, a pourtant longtemps nie l'existence de groupes djihadistes (l'organisation Etat islamique et Al-Qaida dans le sous-continent indien). Les raisons ? Le Bangladesh surpeuple, avec 170 millions d'habitants sur un territoire quatre fois plus petit que la France, denue de ressources naturelles, craignait d'effaroucher les industriels etrangers, alleches par les tres bas salaires. Pas moins de 5 000 entreprises textiles generent plus de 35 milliards de dollars par an, faisant de l'ancien Pakistan oriental le deuxieme exportateur mondial de vetements, derriere la Chine. Ces societes procurent du travail a 3,5 millions de Bangladais, principalement des femmes. Mais depuis quelques mois, il devenait de plus en plus difficile de fermer les yeux devant la multiplication des attaques, principalement a l'arme blanche, contre les minorites religieuses, les hindous, les chretiens, mais aussi les chiites, les soufis, la minorite Ahmadiyya. Sans oublier les athees, les blogueurs, les etrangers. Lors de notre sejour au Bangladesh, il y a quelques semaines, trois tueurs avaient assassine un pretre indien dans la region de Panchagarh, dans l'extreme nord du pays. Non seulement les militants du Jamaat-ul-Mujahideen Bangladesh (JMB) lui avaient tranche la gorge, mais, selon la description des policiers, ils lui auraient << hache le corps a l'aide d'armes coupantes >>. Selon les temoignages recueillis lors de cette derniere attaque revendiquee par l'organisation Etat islamique dans un restaurant du quartier diplomatique de Dacca, les vingt victimes, toutes des etrangers, pour la plupart des Italiens et des Japonais, ont ete massacrees << a coups d'armes tranchantes >>. C'est neanmoins la premiere fois, depuis plusieurs annees, que des djihadistes menent une operation commando au coeur de la capitale. Jusqu'a present, ils s'etaient contentes d'agresser des personnes isolees. Comme cet etudiant en droit assassine recemment a la machette dans une rue de Dacca aux cris d'<< Allah Akbar >>. Son crime ? Celui de denoncer sur son compte Facebook le fanatisme religieux. S'il est possible, pour les etrangers, de circuler a peu pres librement dans tout le pays durant la journee. En revanche, le soir venu, ils ne doivent pas quitter leur hotel, garde par des hommes armes. Explication officielle longtemps donnee aux rares voyageurs : il s'agit d'eviter de << vous faire agresser par des bandits de grand chemin >>. Ah, ces << bandits de grand chemin >> ! Ils etaient alors servis quotidiennement a toutes les sauces. Depuis juin, le pouvoir bangladais a change son fusil d'epaule en arretant plus de 11 000 personnes suspectees d'avoir des liens avec l'islam radical. Apres cette attaque dans le quartier diplomatique de Gulshan, le Bangladesh devrait definitivement modifier son vocabulaire officiel. Coincidence, les Etats-Unis ont place jeudi dernier Al-Qaida dans le sous-continent indien (Aqsi), qui sevit en Afghanistan, au Pakistan, au Bangladesh, en Inde et en Birmanie, sur la liste noire des organisations terroristes. On peut simplement se demander pourquoi cette decision n'a pas ete prise avant. ", "theme": "monde"}