{"id_art": "3954060afe9cf6cc41773cb38a9ddbaf", "title": "Terrorisme: creation d'un fichier recensant les interdictions de sortie du territoire", "newspaper": "LePoint", "author": ["AFP"], "date_publi": "2017-08-12", "content": "Le gouvernement va creer un fichier de donnees concernant les interdictions de sortie du territoire (IST) pour mieux traquer les personnes susceptibles de projeter des actes terroristes, selon un arrete publie samedi au Journal officiel. Cet arrete autorise le ministere de l'Interieur a \"mettre en oeuvre un traitement de donnees a caractere personnel\" permettant \"l'instruction et le suivi des decisions d'IST\" prevues dans la loi de \"lutte contre le terrorisme\" de novembre 2014, qui visait notamment a freiner les departs pour le jihad vers la Syrie et l'Irak. Ces donnees sont conservees pendant trois ans a compter de la date de la decision d'IST, precise l'arrete. En cas de nouvelle mesure dans ce delai de trois ans, la duree de conservation est prorogee de trois ans a compter de la nouvelle decision. Dans tous les cas, la duree maximale de conservation des donnees ne peut exceder 20 ans. Si la decision d'interdiction de sortie du territoire n'est pas adoptee, les donnees sont conservees pendant un an, puis supprimees. \"Dans un contexte marque par l'aggravation de la menace terroriste, le recours a des mesures d'IST est de plus en plus frequent\", d'ou la decision du ministere de \"disposer d'un outil facilitant la conservation et le suivi des donnees\", note la Commission nationale de l'informatique et des libertes (Cnil) dans une deliberation autorisant le traitement de ces donnees, egalement publiee samedi au Journal officiel. La loi de novembre 2014 permet d'interdire la sortie du territoire a tout Francais soupconne de projeter des deplacements a l'etranger en vue de participer a des activites terroristes, ou de se rendre sur un theatre d'operations de groupes terroristes. L'IST peut egalement etre prononcee a l'encontre d'une personne susceptible de porter atteinte a la securite publique lors de son retour en France. L'IST ne peut etre prononcee que pour une duree maximale de six mois, mais peut etre renouvelee. Outre l'inscription dans le fichier des personnes recherchees, elle entraine l'invalidation du passeport et de la carte d'identite de l'interesse(e). La France est visee depuis janvier 2015 par une vague d'attentats jihadistes qui a fait au total 239 morts. En janvier 2017, le gouvernement avait retabli l'obligation d'une autorisation de sortie du territoire francais pour les mineurs, supprimee en 2012, afin d'eviter les departs en Syrie ou en Irak. 12/08/2017 12:41:17 - Paris (AFP) - (c) 2017 AFP ", "theme": "societe"}