{"id_art": "81ab98763d1ad04ab9fa9a90a9a135d5", "title": "Terrorisme : les 13-14 ans des quartiers, ces \"bombes a retardement\"", "newspaper": "LePoint", "author": [" Le Point.fr"], "date_publi": "2016-07-29", "content": " Nadia Remadna lutte contre le radicalisme religieux chez les jeunes des quartiers. Ce qui lui fait peur desormais : les \"13-14 ans\" qui arrivent... << Aujourd'hui le religieux est partout >>. Vendredi matin, au micro d'Europe 1, Nadia Remadna ne mache pas ses mots, et elle sait parfaitement de quoi elle parle. La presidente de l'association La Brigade des meres lutte depuis 2014 contre la montee des extremismes religieux. Dans son quartier de Sevran, en Seine-Saint-Denis, elle essaie d'apporter son soutien aux familles dont les enfants se radicalisent. Mais, impuissante, elle assiste au fleau qui se metastase. Car, malgre ses nombreux avertissements, son combat reste ignore : << Cela fait des annees que j'alerte. Mais le probleme quand on alerte, c'est qu'on nous dit que le salafisme n'est pas un delit. >> Pourtant, dans les quartiers difficiles, le salafisme se joue au quotidien. Le visage a peine masque, il a progresse et s'est enracine sans qu'aucun responsable politique ne s'en soit soucie, juge-t-elle, elle qui est en premiere ligne pour en constater l'avancee. << Tres pessimiste >>, elle regrette avant tout ce manque de prise en consideration des foyers de radicalisation qui laisse presager le pire : << Aujourd'hui ce qui me fait peur, ce sont ceux de 13-14 ans qui arrivent. Ce sont des bombes a retardement, puisqu'on n'a rien a cote. >> Lire aussi notre portrait : \"Nadia Remadna, l'amazone des territoires perdus\" Car les quartiers difficiles sont devenus le terreau fertile de la pensee extremiste. Souvent delaisses par leurs parents au profit du << religieux >>, ces adolescents representent les cibles ideales du salafisme moderne. Comme l'explique Nadia Remadna, << sous couvert d'associations >>, les discours radicaux emergent et s'immiscent dans l'esprit des plus jeunes. << Les cours d'arabe, par exemple, ce sont en fait des cours coraniques et tout le monde le sait. >> Profondement inquiete du sort de ces laisses-pour-compte, elle precise : << On une association dans notre ville [...] la maman n'a meme pas le droit d'entrer pour aller inscrire son enfant. Celui qui fait les cours d'arabe se cache derriere la porte et fait entrer les enfants. >> Avant d'insister une nouvelle fois : << Et ca tout le monde le sait. >> Le plus souvent ignorees, les familles restent desarmees. La presidente de l'association estime pourtant qu'elles ont encore un role a jouer pour que leurs enfants ne tombent pas dans le piege, desormais meurtrier, de l'extremisme religieux. Selon elle, si la famille d'Adel K. avait ete entendue lorsqu'elle avait alerte de la radicalisation de leur fils, l'attentat de Saint-Etienne-du-Rouvray << aurait pu etre evite >>. Et demain ? ", "theme": "societe"}