{"id_art": "bd8e8e0f88cd130b15fb93ec453c7a83", "title": "Pakistan : une ecole de police attaquee par des terroristes", "newspaper": "LePoint", "author": ["Source AFP"], "date_publi": "2016-10-24", "content": " Aucun groupe n'a pour le moment revendique cette action. D'apres les autorites pakistanaises, au moins 20 personnes ont ete blessees. Le bilan est deja lourd. Au moins 20 personnes ont ete blessees lundi soir dans un assaut contre une ecole de police dans le sud-ouest du Pakistan, selon un bilan des autorites qui pourrait s'alourdir apres que des renforts ont ete envoyes sur place. Une demi-douzaine d'assaillants ont penetre peu avant minuit dans le college de police situe a une vingtaine de kilometres au sud de Quetta, la capitale de la province instable du Baloutchistan. Deux heures plus tard, on entendait toujours des tirs a l'endroit ou s'est deroulee l'attaque que survolaient des helicopteres militaires. << Cinq a six terroristes ont attaque un centre de formation de la police. Des soldats sont arrives sur les lieux. Une operation est en cours >>, a annonce l'armee dans un communique. Les chaines de television montraient des soldats entrant dans l'academie de police tandis que des ambulances emmenaient les blesses a toute allure. Un photographe de l'AFP sur place a constate que toute la zone etait plongee dans le noir et encerclee par les forces de securite, militaires, commandos de la police et unites chargees de la surveillance des frontieres. Selon le ministre de l'Interieur de la province, Mir Sarfaraz Ahmed Bugti, en temps normal, l'etablissement compte environ 700 pensionnaires, mais, un certain nombre d'entre eux ayant recemment ete diplomes, il ne pouvait dire << combien ils sont maintenant >>. << Au moins 20 personnes ont ete blessees dans l'attaque >>, a dit un haut responsable provincial sous le couvert de l'anonymat. Le porte-parole du gouvernement du Baloutchistan, Anwar Kakar, a pour sa part fait etat de 21 blesses, des recrues pour la plupart. Aucun groupe n'a pour le moment revendique cette action, mais des separatistes sont actifs depuis des annees au Baloutchistan, une province qui est par ailleurs en proie a des conflits intercommunautaires et a des violences commises par des islamistes. Le 7 octobre, six personnes avaient ete tuees et 19 blessees au Baloutchistan dans une attaque qui visait des militaires voyageant dans un train de passagers et dont l'Armee de liberation baloutche (BLA) avait endosse la responsabilite. En aout, un attentat revendique a la fois par une faction dissidente talibane, Jammat-ul-Ahrar (JuA), et par le groupe Etat islamique (EI) avait fait 73 morts dans un hopital de Quetta au moment ou la foule s'y recueillait sur la depouille du batonnier de la province, assassine quelques heures plus tot. Le Baloutchistan, la plus vaste et la plus pauvre des provinces du Pakistan en depit d'importantes ressources naturelles, est egalement strategique, car c'est la que debouchent d'ambitieuses infrastructures routieres et energetiques reliant la Chine a la mer d'Arabie. Ce couloir economique sino-pakistanais (CPEC), qui a requis 46 milliards de dollars d'investissements chinois, a ete la cible de nombre d'attaques, notamment de separatistes baloutches, mais la Chine s'est dite confiante quant a la capacite de l'armee pakistanaise d'y controler la situation. ", "theme": "monde"}