{"id_art": "6ad5f03f8a9163fcb049400514c08933", "title": "Terrorisme : le double jeu de Christiane Taubira", "newspaper": "LePoint", "author": [" Marc Leplongeon"], "date_publi": "2016-01-08", "content": " La ministre de la Justice se dit opposee a la decheance de nationalite. Mais elle va devoir endosser des reformes securitaires voulues par le gouvernement. Fragile caution de gauche de l'executif, Christiane Taubira semble plus seule que jamais. Apres les attentats meurtriers de janvier, puis ceux de novembre, on l'attendait la ou elle a toujours brille : une vigie des libertes et du progressisme, un bouclier contre les demagogies. Depuis sa prise de fonctions, la ministre de la Justice n'a eu de cesse de vouloir << redonner du sens a la peine >> et de faire sauter les verrous ideologiques qui enferment la matiere penale. Aussi, la voir aujourd'hui endosser au nom du gouvernement - alors qu'elle y est parfaitement opposee - une mesure comme la decheance de nationalite laisse pantois. Jeudi sur i>Tele, la ministre de la Justice a ainsi tance une mesure aussi inutile qu'inutilement blessante, a l'efficacite << absolument derisoire >>. Avant, aussitot, de redire sa loyaute au president de la Republique et au gouvernement. Une derniere ruade avant de rentrer dans les rangs. Francois Hollande a jusque-la toujours tolere les libertes que sa ministre de la Justice prenait, au nom de ses convictions personnelles, avec la solidarite gouvernementale, jugeant qu'elle lui apportait les faveurs indispensables d'une partie de la gauche. Mais pour combien de temps encore ? Dans son edition datee du vendredi 8 janvier, Le Monde titrait ainsi : << Taubira assume le virage securitaire >>. Cruel pour l'icone socialiste. << Elle est surtout tres loyale >>, la defend Jean-Pierre Sueur, vice-president PS de la commission des Lois du Senat. << Tout cela est de la faute de Hollande, lance un autre parlementaire. Tout le monde lui avait dit : ne fais pas la decheance de nationalite, ca va mettre un binz pas possible. Resultat, Taubira s'est fait pieger. >> De nombreux elus militent aujourd'hui pour abandonner la decheance, et se prononcent en faveur d'une peine d'indignite nationale, seule capable de rassembler la gauche. Cela consisterait par exemple, a l'occasion d'une condamnation, a priver une personne de ses papiers d'identite, de ses droits civiques, ou encore de son autorite parentale. << C'est le seul moyen de sortir de ce debat tres politicien dans lequel on s'est engages et de resoudre un probleme insoluble : on ne peut pas faire d'apatrides >>, assure Jean-Pierre Sueur. Christiane Taubira n'a pas fini d'avaler des couleuvres. La decheance de nationalite n'est rien compare a ce qui l'attend. Dans les prochains mois, la garde des Sceaux va devoir assurer le service apres-vente de textes ultra-securitaires, qui transposent en droit commun des mesures inspirees de l'etat d'urgence, et destinees a durer dans le temps. Parmi elles, la possibilite pour les prefets d'assigner a residence des personnes de retour de Syrie et de les soumettre a un tas d'obligations. << Un controle judiciaire sans juge >>, resume le journaliste Franck Johannes. Comprendre : des droits moins garantis. Le gouvernement promet que le texte evoluera dans les prochains jours et sera modifie via des amendements parlementaires. << On n'est pas encore sous Pol Pot, sourit le depute PS Dominique Raimbourg. Mais on devra nous laisser du temps a l'Assemblee pour examiner tout cela. >> Pour pouvoir agir rapidement, le gouvernement se sert d'un texte sur la simplification de la procedure penale, que Christiane Taubira devait defendre devant le Parlement debut fevrier. Le gouvernement l'a largement rabote, pour y ajouter des mesures repressives, issues de deux autres projets de loi : l'un soutenu par Michel Sapin sur la lutte contre le blanchiment d'argent et le financement du terrorisme ; l'autre, en cours d'elaboration, sur le renforcement des pouvoirs des prefets, de la police et du parquet. Toutes ces mesures vont accoucher d'une sorte de \"pot-pourri de procedure penale\", sans aucune coherence, qui devrait etre distribue aux parlementaires a la mi-fevrier. << Nous devons faire attention, previent Jean-Pierre Sueur. Nous aurions prefere avoir trois textes differents. Nous ne tenons pas a instaurer en France un etat d'urgence permanent. Tout devra se faire sous le controle du juge. >> Sous le feu des critiques, Christiane Taubira et Bernard Cazeneuve ont reagi dans une tribune commune publiee dans Le Monde et intitulee : << Non, le gouvernement ne procede pas a une mise a l'ecart de la justice >>. Il s'agit d'une << contreverite >>, affirment les deux ministres, << une offense aux convictions qui n'ont cesse de dicter nos choix dans une periode trouble >>. Le projet du gouvernement conduit pourtant bel et bien a accroitre les pouvoirs des prefets. Mais egalement ceux des procureurs, qui pourront par exemple avoir recours a des techniques d'espionnage poussees, des prerogatives jusque-la reservees aux juges d'instruction. << Avant d'accroitre le pouvoir des procureurs, encore faut-il les rendre independants vis-a-vis du pouvoir politique. Il faut enfin mener la reforme constitutionnelle sur l'independance du parquet ! >> lance le respecte Jean-Pierre Sueur. Une promesse du candidat Hollande que l'on avait presque oubliee. A force d'avaler des couleuvres, Christiane Taubira voit ressurgir les vieux serpents de mer. ", "theme": "politique"}