{"id_art": "4b4fb56bd1448427e2cc51a2deff75e4", "title": "Le FBI fabrique-t-il des terroristes ?", "newspaper": "LePoint", "author": ["Le Point.fr (avec AFP)"], "date_publi": "2015-10-21", "content": " Afin de traquer les djihadistes, les agents infiltres peuvent aller tres loin pour aider les personnes vulnerables a passer a l'acte. Necessaire ou abusif ? Pour lutter contre le terrorisme, tous les moyens sont-ils bons ? La question se pose a toutes les democraties, et particulierement aux Etats-Unis ou, pour traquer les apprentis djihadistes sur le sol americain, le FBI dispose d'une armee grandissante d'informateurs infiltres. Lesquels sont accuses de parfois pousser des personnes influencables a organiser des attentats. Agissant sous couverture et jouissant d'une immunite, un indicateur peut aller jusqu'a designer une cible ou fournir des armes afin de mieux confondre des suspects. Bref, sous le couvert de la lutte, de \"creer le terroriste\", selon les organisations de defense des droits de l'homme. Une situation inevitable, selon Mubin Shaikh, un ex-agent clandestin canadien, auteur de l'ouvrage Undercover Jihadi : \"Il faut que [les suspects, NDLR] soient convaincus que vous etes de leur bord, justifie-t-il. Vous devez jouer le jeu, faire ce qu'ils vous disent. Sinon, toute l'operation est compromise.\" Selon lui, suggerer fait partie du \"jeu\". Et de raconter une de ses missions aupres d'un extremiste presume : \"Je lui ai dit : Il se pourrait que nous organisions en decembre un camp (d'entrainement au djihad). Tu ne voudrais pas venir former quelques gars ? Il m'a parfaitement compris, mais a repondu : Non, mon frere, je suis la pour etudier la religion. Tres bien, j'en ai conclu qu'il n'etait pas le genre de type qu'on recherchait, il n'a pas mordu a l'hamecon. Mais si je dis exactement la meme chose a quelqu'un d'autre et qu'il repond oh oui, je ne tends pas un piege deloyal, c'est lui qui se fait prendre.\" Le FBI dispose, selon les chiffres generalement admis, d'au moins 15 000 informateurs souterrains, souvent grassement retribues, engages dans une vaste gamme d'enquetes, de la pedophilie aux stupefiants. Mais l'identification des sympathisants du groupe Etat islamique (EI), dont le nombre connait un essor \"spectaculaire\", mobilise desormais les energies. \"Cet ete, nous avons piste des dizaines et des dizaines de personnes, dans tous les Etats-Unis, a declare le 8 octobre le chef du FBI, James Comey. Nous avons perturbe les plans de beaucoup.\" A ceci pres que, dans certaines operations, des infiltres font un veritable \"forcing\" pour inciter des suspects a realiser des actes qu'ils n'auraient peut-etre sinon jamais commis. Le 10 avril, le FBI annoncait l'arrestation d'un homme de 20 ans, John Booker, pret a perpetrer un attentat-suicide a la voiture piegee contre une base militaire du Kansas. Or, selon le compte-rendu d'enquete consulte par l'AFP, Booker etait depuis six mois manipule par le FBI. Ce sont des agents infiltres qui ont aide l'apprenti djihadiste a realiser sa video de \"martyr\". Ils lui ont fourni la liste des composants necessaires pour sa bombe. Enfin, ils ont confectionne l'engin - en fait inactive - et l'ont remis avec un vehicule au suspect. Dans un rapport de juillet 2014, l'ONG de defense des droits de l'homme Human Rights Watch avait accuse le FBI de \"creer des terroristes\" en ciblant des personnes vulnerables, dans des coups montes. Le theme fait l'objet d'un documentaire, (T)ERROR, presente cette annee au festival du cinema independant de Sundance. Murtaza Hussain a, lui, corealise une contre-enquete edifiante, publiee fin juin, sur \"les Cinq de Fort Dix\", des hommes d'origine albanaise impliques dans un projet d'attentat contre une base militaire dans le New Jersey. Quatre ont ete condamnes a la prison a vie, dont trois freres. Avant leur arrestation en 2007, ils avaient ete places dix-huit mois sous surveillance apres avoir tourne une video de vacances les montrant s'amusant a tirer sur des cibles en pleine nature - une activite courante aux Etats-Unis - en criant \"Allah est le plus grand\". Ils n'avaient jusqu'alors manifeste aucun desir d'attentat. Dans des sequences tournees secretement par le FBI, l'informateur pousse clairement les Albanais a passer a l'acte, malgre leur reticence. \"Vous vivez selon le Coran, et pourtant vous ne combattez pas pour les musulmans ! leur reproche l'indicateur. Arretez de vous interroger !\" Le recours aux infiltres \"est une strategie necessaire, mais que nous devrions utiliser avec moderation et seulement pour des complots averes\", conclut Murtaza Hussain. \"Desormais regne un sentiment de paranoia, en particulier dans la communaute musulmane. Ils ne peuvent plus discuter ou militer en politique sans craindre que quelqu'un alentour ne soit un informateur\", deplore-t-il. Le FBI admet officiellement que le recours aux informateurs \"peut inclure une part de tromperie, d'ingerence dans des vies privees ou de cooperation avec des personnes dont le serieux et les motivations sont sujets a caution\". Mais, justifie l'agence federale, la justice a reconnu que ce moyen etait \"legal et souvent crucial pour l'efficacite\" d'une enquete. De plus, assure le FBI, l'utilisation d'indicateurs \"fait l'objet d'une evaluation attentive et d'un encadrement rapproche pour ne pas enfreindre les droits des personnes sous enquete\". Beaucoup pensent que certains \"radicalises\" americains sont avant tout des jeunes mal dans leur peau, trouvant sur Internet une facon d'exister. Ainsi, Joshua Ryne Goldberg, jeune juif vivant chez ses parents en Floride, s'etait invente une seconde vie en pretendant habiter en Australie et en inondant les reseaux sociaux de messages pronant le djihad. Il a ete piege par le FBI, a qui il a transmis des informations pour confectionner une bombe. Arrete le mois dernier, ce garcon de 20 ans risque de passer ses 20 prochaines annees en prison. Autre exemple : Ali Amin, un chetif adolescent de l'Etat de Virginie, qui a, lui, ete condamne fin aout a onze ans de prison pour avoir soutenu le groupe Etat islamique avec son compte Twitter suivi par 4 000 abonnes. Pour l'ex-agent clandestin Mubin Shaikh, ce garcon \"maigrelet, faiblard\" est un \"cas tragique\". \"Ce gamin est passe d'un statut de zero a heros, grace aux 140 caracteres (d'un tweet). Tout a coup, il devient important, les gens le consultent pour une opinion religieuse...\" D'un autre cote, poursuit-il, \"quand de tels gars se connectent, prechent les idees du groupe Etat islamique, tentent d'endoctriner et de recruter les gens, n'est-on pas force d'agir ?\". Oui, mais jusqu'ou et comment ? ", "theme": "monde"}