{"id_art": "d18eb509c06ec9b477df90b21925b6a0", "title": "Terrorisme : Manuel Valls a \"besoin des chercheurs\" sur la radicalisation", "newspaper": "LePoint", "author": ["Source AFP"], "date_publi": "2016-10-24", "content": " Le Premier ministre a par ailleurs annonce que l'Etat soutiendrait les collectivites a hauteur de 100 millions d'euros dans la lutte contre la radicalisation. Alors qu'il avait declare au lendemain des attentats de novembre 2015 qu'<< expliquer >> la radicalisation, c'etait << deja vouloir un peu excuser >>, Manuel Valls a revu son jugement lundi, reconnaissant que les debats sur ce sujet sont << legitimes >> et qu'on avait << besoin des chercheurs >>. Le Premier ministre s'exprimait en cloture des << Rencontres nationales Etat-Collectivites territoriales : tous les territoires mobilises contre la radicalisation >>, ce lundi a la Villette. << Les debats sur les raisons qui poussent les individus a basculer dans la radicalisation et le terrorisme sont nombreux, ces debats sont legitimes >>, a declare le chef du gouvernement. << Nous avons besoin du travail des chercheurs, des universitaires, des specialistes pour analyser, apprehender ce phenomene dans sa globalite, et dans sa complexite. Il s'agit de comprendre les differents ressorts - sociologiques, psychologiques, psychiatriques - qui amenent a basculer dans le terrorisme >>, a developpe celui qui avait profondement irrite nombre de specialistes en novembre. << Comprendre, non pas pour expliquer, justifier, cela n'a bien evidemment pas de sens ! Mais comprendre pour combattre plus efficacement ! >> a-t-il cependant poursuivi. Lundi dernier a Evry, Manuel Valls avait deja nuance son habituel discours tres tranchant sur la laicite. Par ailleurs, Manuel Valls s'est dit ce lundi favorable a ce que les prefets informent << regulierement les maires sur la nature et l'intensite des menaces >> terroristes sur leur territoire prevenant neanmoins qu'on ne << peut pas tout partager >>. Il a precise qu'il fallait a ce titre << prendre garde a ne pas placer les maires en situation de responsabilite politique ou juridique par le maniement inapproprie d'informations sensibles et nominatives qui relevent des services de l'Etat >>. << Il faut donc cesser de reduire ce debat a la fiche S >>, sous peine, a-t-il estime, de prendre << le risque d'affaiblir les outils de travail des services de renseignement et la protection des Francais >>. Pour Manuel Valls neanmoins, << travailler ensemble ne signifie pas que l'on peut tout partager ni entrer dans la confusion des responsabilites de chacun >>, car il s'agit d'abord de << veiller a ne pas compromettre des enquetes en cours et a ne pas eveiller les soupcons des individus qui font l'objet d'investigations de la justice ou des services de renseignement >>. Le Premier ministre a en outre annonce que l'Etat soutenait financierement << des actions initiees par les collectivites >> territoriales contre la radicalisation via le fonds interministeriel de prevention de la delinquance (FIPD), abonde en mai dernier de 40 millions d'euros. << Au total, ce sont plus de 100 millions d'euros qui sont consacres, sur trois ans, a la lutte contre la radicalisation >>, a ajoute Manuel Valls. ", "theme": "politique"}