{"id_art": "3fdbd2291bec84231343540a6de0e11c", "title": "De bien pietres terroristes", "newspaper": "LePoint", "author": ["Source Sipa Media"], "date_publi": "2013-05-01", "content": " Six hommes avaient planifie un attentat lors d'une reunion d'un groupe d'extreme droite anti-islam en Grande-Bretagne, mais sont arrives trop tard... Ils ont rate leur attentat et ont ete arretes le jour meme par la police. C'est cette histoire singuliere que raconte le quotidien britannique The Guardian et qu'a relevee Le Monde, alors que le proces de ces six hommes a commence outre-Manche. L'histoire remonte au 30 juin 2012. Originaires de Birmingham, ces individus avaient prevu de commettre un attentat lors d'un rassemblement, dans une ville du West Yorkshire, de l'English Defence League, une organisation d'extreme droite anti-islam. Ils se rendent sur les lieux avec un arsenal important comprenant une bombe artisanale, des armes a feu, des couteaux et des machettes. Oui, mais voila : lorsqu'ils arrivent, le meeting - qui avait rassemble entre 400 et 700 personnes selon la police - est deja fini. Ils circulent un moment en voiture dans la ville, puis, apres s'etre arretes acheter des frites et s'etre rendus a la mosquee, rentrent a Birmingham. Mais leur amateurisme ne s'arrete pas la. Sur l'autoroute, un officier de police arrete l'une des voitures pour un controle de routine. Le conducteur n'est pas en regle : un peu plus tot dans la journee, il s'est trompe lorsqu'il a donne son numero de plaque d'immatriculation pour renouveler l'assurance du vehicule. L'officier de police saisit alors la voiture et conduit son passager jusqu'a la gare la plus proche pour le ramener a Birmingham. Le lundi suivant, la police decouvre leurs armes. Au bout de 48 heures et a l'issue d'une chasse a l'homme d'une grande ampleur, tous les apprentis terroristes sont sous les verrous. Outre leur arsenal de guerre, la police a retrouve un document imprime adresse a David Cameron et a la reine dans lequel ils affirment leur determination a prendre leur revanche sur les \"ennemis d'Allah\". Les enqueteurs n'ont etabli aucun lien entre leur organisation et le Pakistan ou al-Qaida. Les hommes n'etaient pas surveilles. Lors de leur premiere audience, les six hommes ont plaide coupable. Ils seront fixes sur leur sort le 6 juin ", "theme": "de-l-air"}