{"id_art": "00ebc419316a8c9607e283025a9cc5f9", "title": "Tel-Aviv : un des terroristes s'est refugie chez un policier", "newspaper": "LePoint", "author": ["Source AFP"], "date_publi": "2016-06-10", "content": " Les medias israeliens revelent l'arrestation impromptue de l'un des auteurs palestiniens de l'attaque, qui a fait quatre morts mercredi soir. On en sait un peu plus sur l'arrestation des auteurs de l'attentat commis mercredi a Tel-Aviv, grace aux revelations des medias israeliens. Et elles sont surprenantes : l'un des deux Palestiniens a ete interpelle par un policier dans son propre salon, ou le terroriste s'etait cache. Deux Palestiniens ont pris d'assaut un marche tres populaire mercredi soir, tuant quatre Israeliens et en blessant au moins cinq autres. Des centaines de personnes ont alors fui dans toutes les directions. Parmi elles figuraient un officier de police et sa femme qui degustaient une glace dans un cafe. Selon l'epouse de l'officier citee dans tous les medias, le couple s'est precipite vers leur domicile proche pour permettre au policier de recuperer son arme et a sa femme de s'abriter. Quand ils ont ouvert la porte, ils ont ete rejoints par un inconnu. << Nous lui avons demande qui il etait, mais il n'a pas parle, il a juste demande water, water (de l'eau, de l'eau) >>, a-t-elle raconte. A voir l'individu en costume-cravate, ils ont pense a un avocat fuyant la fusillade comme eux. Apres avoir recupere son arme, le policier s'est precipite pour aller preter main-forte a ses collegues sur les lieux de la fusillade, laissant sans le savoir le Palestinien a la maison avec sa femme. Mais lorsqu'il a vu le deuxieme auteur de l'attentat a terre habille lui aussi en costume-cravate sombre, il a compris son erreur et est retourne en courant vers son appartement. << Mon mari est entre avec son arme a la main, il a saisi le terroriste, l'a plaque au sol et l'a menotte >>, a ajoute l'epouse, saine et sauve, citee par le quotidien Yedioth Ahronoth. La police a refuse de confirmer et/ou de dementir cette version des faits en invoquant une interdiction de publier des details sur cette affaire. ", "theme": "monde"}