{"id_art": "1aa0c1cc18ab3bac4e7df1694887fb2a", "title": "Terrorisme : le double mea culpa de Juppe", "newspaper": "LePoint", "author": [" Sophie Coignard", "Sophie Coignard", "Sophie Coignard"], "date_publi": "2015-11-18", "content": " L'ancien Premier ministre adopte un parler-vrai qui tranche avec les declarations de circonstance. Un antidote aux plaidoyers partisans ? Il est toujours reconfortant d'entendre des hommes d'Etat reconnaitre leurs erreurs. C'est un gage d'honnetete intellectuelle et de liberte politique. Et c'est ce que fait Alain Juppe, avec un courage certain, depuis les attentats qui ont frappe Paris. L'ancien Premier ministre de Jacques Chirac, charge des Affaires etrangeres entre 2011 et 2012, reconnait deux erreurs d'appreciation au regard des evenements historiques que vient de vivre la France. Le candidat a la primaire des Republicains a reconnu avoir oeuvre pour une cause qu'on ne pe... Deja abonne ? Pas encore abonne ? Consultez notre dossier : Attentats de janvier a Paris ", "theme": "societe"}