{"id_art": "818854961eab495f874648f974361bf9", "title": "Paris : des imams a l'origine d'une \"marche des musulmans contre le terrorisme\"", "newspaper": "LePoint", "author": ["Source AFP"], "date_publi": "2017-07-08", "content": " Plusieurs imams europeens ont lance samedi cette marche contre le terrorisme depuis la France. Celle-ci devrait egalement passer par la Belgique et l'Allemagne. Ils viennent de France et d'Europe et souhaitent eux aussi s'engager dans la lutte contre le terrorisme. Samedi, a Paris, des imams ont ainsi lance une << marche contre le terrorisme >>. Celle-ci les menera jusqu'en Allemagne, apres un passage en Belgique. Sur leur chemin, ces imams de toute l'Europe souhaitent appeler << a ne pas associer les musulmans aux crimes commis au nom de l'islam >>. Ils ne sont qu'une trentaine au depart des Champs-Elysees, << symbole de l'union nationale >> et theatre d'un recent attentat djihadiste, mais esperent << lancer un mouvement d'ampleur en Europe >>, ont-ils explique a la presse. << Notre message est clair : on ne peut pas associer l'islam a ces barbares et ces assassins >> qui tuent au nom d'Allah, a declare l'imam Hassen Chalghoumi, a l'initiative de cette marche, soutenue par l'intellectuel Marek Halter. Entoure d'une trentaine d'imams venus de differentes regions de France mais aussi d'Italie, du Portugal ou de Belgique, il a appele << la societe civile a la mobilisation >> alors que les attentats djihadistes ont fait ces dernieres annees des centaines de victimes en Europe et que << 7 000 jeunes sont partis en Irak ou en Syrie >>. Connu pour ses prises de position contre l'islam integriste et ses rapports d'amitie avec la communaute juive, qui lui valent critiques et menaces, l'ancien imam de Drancy (Seine-Saint-Denis) est largement rejete par les responsables musulmans. Interroge sur l'absence de fideles au lancement de cette << marche des musulmans >> et sur le rejet de son initiative par le Conseil francais du culte musulman (CFCM, organe representatif et premier interlocuteur du gouvernement), Hassen Chalghoumi a << refuse d'entrer dans une polemique >>, relevant qu'il fallait interroger les motivations de ceux qui << critiquent l'initiative d'une marche contre les barbares >>. Descendant l'avenue des Champs-Elysees, une jeune femme, musulmane, s'est arretee par curiosite : << Chalghoumi ? Il ne me represente pas du tout. On a tous souffert du terrorisme, mais cette marche, on n'en a jamais entendu parler. >> L'imam de Lisbonne, David Munir, a lui salue << une initiative historique en Europe >> : << Certaines personnes commettent des crimes au nom de l'islam, nous sommes ici pour dire pas en notre nom. Pas pour dire que l'islam est une religion de paix, ce que vous savez, mais pour dire que nous cherchons ici notre identite, une identite europeenne. >> D'autres ont appele le gouvernement francais a << prendre ses responsabilites >>, car << les idees extremistes se nourrissent du malaise social qui existe dans nos banlieues >>. Cette << marche >> debute et s'achevera (le 14 juillet) en France, ou vit la plus importante communaute musulmane d'Europe avec plus 3,5 millions. La delegation d'imams se rendra en car dans differents lieux marques par des attentats : Berlin, Bruxelles, Saint-Etienne-du-Rouvray, Toulouse et Nice. ", "theme": "societe"}