{"id_art": "ab48abde5992e930c9d2009173bacd23", "title": "Terrorisme : une vaste traque aux djihadistes est lancee", "newspaper": "LePoint", "author": [" Aziz Zemouri"], "date_publi": "2016-02-01", "content": " La police diffuse plusieurs avis de recherche de suspects qui auraient frequente Abaaoud en Belgique et prepareraient des attentats en France. Et si Abdelhamid Abaaoud, considere comme l'un des cerveaux des attentats du 13 novembre, avait raison ? Et si, comme il l'affirmait devant temoins durant sa cavale post-attentats, il y avait bien plusieurs djihadistes - << 90 >>, a-t-il precise - en Ile-de-France prets a lancer des attaques sur le territoire ? En tout cas, les policiers l'ont pris au serieux. Plusieurs mandats de recherche en diffusion urgente concernant des suspects << d'association de malfaiteurs en vue de preparer des actes de terrorisme >> ont ete lances par la police judiciaire. Sous leur photo, il est indique en rouge << individu extremement dangereux susceptible de se deplacer avec une arme >>. Les suspects ont frequente Abaaoud et/ou Khalid Zerkani, qui avait monte a Bruxelles une filiere de recrutement de djihadistes pour la Syrie. Dans une audition devant la Direction generale de la securite interieure, un djihadiste repenti, qui s'est rendu lui-meme a la police francaise a son retour de Raqqa en juin 2015, avait indique que les << Franco-Belges >> preparaient des attentats en France et en Belgique, faisant allusion au futur reseau Abaaoud et Zerkani. Il s'etait lui-meme entretenu avec Abaaoud, lequel avait affirme qu'il etait entre en possession de 25 kilos de TNT en Belgique. Ce repenti avait egalement detaille l'organisation mise en place par Daech pour parvenir a commettre ses crimes en Europe. Selon lui, l'Etat islamique propose 50 000 euros au kamikaze pour se faire exploser. ", "theme": "societe"}