{"id_art": "60e11605c60c74bdc4aa2a6af0d93244", "title": "Plan anti-djihad : Valls annonce la creation de centres de reinsertion dans chaque region", "newspaper": "LePoint", "author": ["Source AFP"], "date_publi": "2016-05-09", "content": " Le gouvernement a annonce ce lundi son nouveau plan de lutte contre le terrorisme, qui comprend 80 mesures, dont une cinquantaine de nouvelles. C'est l'un des objectifs principaux du gouvernement. Manuel Valls a annonce ce matin un nouveau plan contre le terrorisme et la radicalisation, << 80 mesures, dont 50 nouvelles >>, parmi lesquelles plusieurs ont toutefois deja ete annoncees et sont en voie d'etre adoptees. Ce plan, qui est dote d'une enveloppe de 40 millions d'euros supplementaires d'ici a 2018, vise a doubler en deux ans les capacites de prise en charge des jeunes actifs dans les reseaux djihadistes ou susceptibles de rejoindre leurs rangs. Un centre de reinsertion pour << personnes radicalisees >> ou susceptibles de basculer dans le djihadisme va etre cree dans << chaque region >> francaise d'ici a la fin 2017, a annonce le Premier ministre. Ce nouveau plan d'action contre la radicalisation et le terrorisme vise a << remettre en perspective, avec une forte coherence >>, les mesures adoptees depuis le debut du quinquennat Hollande, dans le cadre des lois antiterroristes et sur le renseignement, ainsi que du premier plan adopte en avril 2014 et renforce apres les attentats de 2015. << Le plus gros volet concerne la prise en charge des personnes radicalisees et la politique de deradicalisation >>, a-t-on declare dans l'entourage de Manuel Valls. << L'objectif est de doubler, en deux ans, la capacite de prise en charge alors qu'aujourd'hui 1 600 jeunes et 800 familles beneficient, sur la base d'un volontariat, d'un suivi. >> Soulignant que les structures chargees de cette << deradicalisation >> etaient au depart << quasi inexistantes >> et qu'il s'agit encore d'associations << souvent fragiles >>, le gouvernement entend les renforcer en accompagnant leur << professionnalisation >>. Il souhaite egalement s'appuyer sur des structures plus etablies de lutte contre la delinquance en mettant en place des formations pour qu'elles puissent s'occuper de la deradicalisation, selon cette source. Autre objectif : renforcer un << contre-discours public >> face a la propagande djihadiste et << developper et soutenir financierement un contre-discours prive >>. Le fonds interministeriel de prevention de la delinquance, deja abonde de 20 millions d'euros supplementaires en 2015 pour la lutte antiterroriste, recevra 20 millions de plus par an en 2016-2017. << Face a un phenomene d'ampleur, qui concerne aujourd'hui plus de 2 000 personnes identifiees dans les filieres syro-irakiennes et pres de 9 300 personnes signalees pour radicalisation >>, Matignon revendique une << approche la plus transversale possible >> qui n'est << pas uniquement dans le champ securitaire >>. Douze ministres (Interieur, Justice, Education, Culture, Ville...) participent a la reunion de lundi. Le plan reprend aussi plusieurs mesures du projet de reforme penale en cours d'examen au Parlement, comme le controle administratif pour des personnes de retour du djihad ou la refonte du renseignement penitentiaire. Il evoque une << grille d'analyse partagee >> de la radicalisation et le renforcement de la recherche en la matiere, avec davantage de bourses. ", "theme": "societe"}