{"id_art": "b47343c666cdd7bae14a44eeb7c28191", "title": "Aux Etats-Unis, les terroristes tuent moins que... les enfants", "newspaper": "LePoint", "author": ["6Medias"], "date_publi": "2016-03-14", "content": " En pleine campagne presidentielle americaine, une statistique parue dans \"The Guardian\" interpelle : les enfants ont tue davantage que les terroristes en 2015. C'est une statistique surprenante livree dans une tribune sur le site du Guardian par une militante pour la regulation du port d'armes a feu aux Etats-Unis. Dans cet article, Lindy West soutient qu'en 2015, les jeunes enfants americains ont tue plus de monde avec des armes que les terroristes. Pour appuyer son propos, The Guardian renvoie sur un lien : Snopes.com. Objectif de ce site : verifier la veracite des rumeurs qui circulent un peu partout sur la Toile. Et l'affirmation de Lindy West est confirmee. L'annee derniere : 5 personnes ont ete tuees dans la tuerie de Chattanooga, 14 lors de la tuerie de San Bernardino. S'ajoute a cela une victime americaine pendant les attentats de Paris en novembre dernier. Vingt personnes ont donc trouve la mort dans des fusillades. En comparaison, 21 jeunes enfants ont tue quelqu'un aux Etats-Unis en 2015. Un decompte livre par un journaliste du Washington Post. La difference est minime, mais bien presente. La tribune de cette militante Lindy West intervient apres une affaire qui a fait polemique. La semaine derniere, en Floride, une militante pour la defense des armes a feu a ete blessee par son fils de 4 ans. L'enfant lui a tire dessus avec un revolver. Jamie Gilt avait poste, quelques jours auparavant sur les reseaux sociaux, une photo d'elle avec son fils et un fusil en affirmant : << Meme mon fils de 4 ans est tout content de s'entrainer a tirer avec un calibre 22. >> Pour Lindy West : << Cet incident est la lecon que mon pays merite. Quand meme des experts n'arrivent pas a se proteger de leurs propres enfants, on devrait envisager cela comme le rappel que les armes sont fondamentalement dangereuses. Ce sont des machines qui expulsent un projectile cree pour tuer. [...] Les Etats-Unis n'ont pas le droit de faire des lecons de morale alors qu'ils abritent - legislativement et culturellement - un systeme dans lequel des incidents comme celui auquel a eu affaire Jamie Gilt ne sont pas seulement possibles, mais inevitables. >> ", "theme": "monde"}