{"id_art": "da0d81c01382b674a7445a7289a12d14", "title": "Gerard Collomb : \"nous sommes mieux armes qu'il y a deux ans\"", "newspaper": "LePoint", "author": ["AFP"], "date_publi": "2017-11-12", "content": "A la veille des commemorations des attentats du 13 novembre 2015, le ministre de l'Interieur Gerard Collomb a estime que face au terrorisme, la France est \"mieux armee qu'il y a deux ans\", dans une interview au Journal du Dimanche (JDD). Rappelant qu'apres les attentats de Toulouse, de Charlie Hebdo et de l'HyperCacher, ceux du 13 novembre etaient \"le premier cas de tuerie de masse, concue pour faire un maximum de victimes\", le premier flic de France affirme que \"nos services sont mieux armes pour detecter les menaces\". \"Ils le font chaque semaine a bas bruit\", assure-t-il. Estimant que la menace contre la France \"reste tres elevee\", M.Collomb affirme que si \"les apprentis terroristes evoluent dans leurs methodes, nous aussi !\" M. Collomb souligne que les attentats du 13 novembre etaient le fait de \"commandos organises\", alors que \"c'est moins le cas desormais. \"Et c'est d'autant plus difficile a detecter\", a-t-il admis. Interroge sur la radicalisation en prison, M. Collomb a explique : \"nous sommes plus vigilants sur ce qui se passe dans nos prisons : certains detenus qui approchaient du terme de leur peine n'ont pas ete liberes parce que nous avons appris qu'ils prevoyaient des attentats une fois dehors. Ils font l'objet de poursuites pour cela\". Selon le ministre, une trentaine d'attentats ont ete dejoues depuis la mise en place de l'etat d'urgence instaure dans la foulee des attaques jihadistes, les plus meurtrieres jamais commises en France. 12/11/2017 08:39:25 - Paris (AFP) - (c) 2017 AFP ", "theme": "societe"}