{"id_art": "1c1e1c0b6159caab0dbd6d9dab4072a2", "title": "Un an ferme requis contre Rouillan pour apologie du terrorisme", "newspaper": "LePoint", "author": ["AFP"], "date_publi": "2016-06-24", "content": "Le parquet a requis vendredi une peine d'un an de prison ferme contre l'ancien membre d'Action directe Jean-Marc Rouillan, juge a Paris pour apologie du terrorisme pour avoir qualifie de \"tres courageux\" les jihadistes qui ont commis les attentats du 13 novembre. Jean-Marc Rouillan, 63 ans, est le dernier membre du noyau dur d'Action directe a avoir recouvre la liberte en mai 2012, apres 24 ans de prison. Le groupe arme d'extreme gauche a l'origine de plusieurs attentats et assassinats dans les annees 1980 choisissait \"des victimes ciblees\", souligne-t-il, et condamnait \"tous les attentats massacre\". Le 23 fevrier, lors de l'enregistrement de l'emission \"La Grande Tchatche\" a la redaction du mensuel satirique marseillais Le Ravi, diffusee sur les ondes de \"Radio grenouille\", Jean-Marc Rouillan etait venu pour faire la promotion de son dernier film. \"Moi, je les ai trouves tres courageux, en fait\", declarait-il dans l'emission au sujet des jihadistes du 13 novembre, \"ils se sont battus courageusement: ils se battent dans les rues de Paris (alors qu'ils) savent qu'il y a 2.000 ou 3.000 flics autour d'eux\". \"J'aurais du dire +determines+\", dit-il aujourd'hui pour parler des jihadistes avec lesquels il n'a \"aucune connivence\", \"ce sont des ennemis\". \"Vous auriez pu le dire mais vous ne l'avez pas dit\", a retorque la magistrate du parquet dans son requisitoire. Pour elle, ces propos sont \"sans ambiguite\", et Jean-Marc Rouillan \"essaie tant bien que mal de faire machine arriere\" et ne les \"assume pas\". Se situerait-il du \"point de vue de ceux qui affrontent la mort, plutot que ceux qui sement la mort\", lui demande le tribunal. \"Effectivement vous avez peut-etre raison, je ne sais pas, je suis parti en vrille a ce moment-la\", repond Jean-Marc Rouillan. Lache / courageux, selon lui, il s'agit d'une \"terminologie neutre et technique\". \"Bien sur\" qu'il condamne les attentats, dit-il devant le tribunal correctionnel de Paris. - 'Je ne suis pas un sanguinaire' - Lors de l'entretien, Rouillan critiquait aussi l'ideologie \"mortifere\" des partisans de l'organisation jihadiste Etat islamique (EI), qui a revendique les attaques. \"D'un point de vue de l'islam, ils sont impies\", argumentait-il. Condamne a la reclusion criminelle a perpetuite, pour les assassinats terroristes de l'ingenieur general de l'armement Rene Audran et du PDG de Renault Georges Besse, il avait ete reincarcere apres une interview dans l'Express en 2007, ou il declarait qu'il ne \"crachait\" pas sur tout ce qu'il avait fait, violant ainsi l'interdiction qui lui est faite de s'exprimer publiquement sur des faits pour lesquels il avait ete condamne. Au tribunal, Jean-Marc Rouillan explique etre frequemment confronte au \"risque\" pour lui d'accorder des interviews, ce qu'il a fait a 200 ou 300 reprises, et a la \"pression\" pour la promotion de ses activites culturelles. Rebondissant sur une interpretation divergente de ses avocats et ceux des parties civiles, il explique qu'il n'etait lui-meme \"pas sur\" qu'il parlait des jihadistes du 13 novembre. \"J'ai ete tres maladroit\", ajoute-t-il, estimant que dans cette interview, il n'y a \"pas un brin de bout de phrase dite en francais\". \"Je ne suis pas un sanguinaire. Je suis totalement desole pour les familles qui ont perdu des gens au Bataclan\", insiste-t-il, evoquant aussi les victimes d'autres attentats du groupe Etat islamique. Trente victimes ou proches de victimes des attentats du 13 novembre sont parties civile, tout comme l'Association francaise des victimes du terrorisme (AFVT). A l'issue des plaidoiries de la defense, le tribunal devrait mettre son jugement en delibere. 24/06/2016 20:22:28 - Paris (AFP) - (c) 2016 AFP ", "theme": "societe"}