{"id_art": "9bfc216bc6cea033fbd27902d3950d6c", "title": "Terrorisme: l'Algerien arrete refuse de repondre au juge italien", "newspaper": "LePoint", "author": ["AFP"], "date_publi": "2016-03-27", "content": "L'Algerien Djamal Eddine Ouali, arrete samedi pres de Salerne (sud de l'Italie) dans le cadre d'une enquete liee aux reseaux terroristes de Paris et de Bruxelles, a ete interroge dimanche en prison mais a refuse de repondre, a-t-on appris de source judiciaire. A la fin de l'interrogatoire conduit par des magistrats du parquet de Salerne, le juge des enquetes preliminaires a confirme l'arrestation de l'Algerien de 40 ans jusqu'a sa prochaine extradition vers la Belgique. L'interrogatoire s'est deroule a la prison proche de Fuorni ou Ouali avait ete transfere des samedi soir. Le prevenu, comme il en avait le droit, a refuse de repondre aux questions, a-t-on precise de meme source. L'audience judiciaire qui doit donner le feu vert a son extradition est prevue le 1er avril, a-t-on encore indique de source judiciaire. \"Ouali sera extrade\", s'est dit convaincu au micro de la chaine Rai-Uno le prefet de police de Salerne, Alfredo Anzalone. En revanche, aucune confirmation n'a ete donnee sur les recherches d'un autre homme qui aurait ete en lien avec Ouali, des nouvelles contradictoires circulant sur l'existence de ce complice. Djamal Eddine Ouali a ete arrete samedi dans la petite ville de Bellizzi, en Campanie, lors d'une operation conjointe du service central antiterroriste et de la division des operations speciales (DIGOS), a indique le communique de la police. Dans cette zone de plaine, beaucoup de saisonniers immigres, notamment du Maghreb, viennent travailler dans les champs. L'homme fait l'objet d'un mandat d'arret europeen emis en Belgique, dans le cadre d'une vaste enquete sur des documents falsifies utilises par les kamikazes de Paris et de Bruxelles et leurs complices. Il est soupconne d'avoir fait partie d'un reseau criminel qui fabriquait de faux documents d'identite et favorisait ainsi l'immigration clandestine. Les soupcons des enqueteurs locaux ont ete eveilles quand ils ont etudie sa demande de permis de sejour deposee recemment aupres du service d'immigration de la prefecture de police. Un homme portant le meme nom et appartenant a la meme organisation faisait l'objet d'un avis de recherche international emis par la police belge le 6 janvier dernier. Son nom etait apparu la premiere fois lors de perquisitions effectuees en octobre 2015 a Saint-Gilles, une banlieue de Bruxelles, a precise la police italienne. Un millier de photos numerisees avaient alors ete saisies dans un repaire de faussaires. Parmi elles auraient figure celles de trois terroristes qui appartenaient au groupe ayant planifie les attentats du 13 novembre dernier a Paris, dont Najim Laachroui, un des kamikazes de l'aeroport de Zaventem, selon les enqueteurs cites. La police italienne a contacte Interpol et a pu obtenir rapidement la confirmation qu'il s'agissait d'une meme personne. L'homme a ete arrete samedi alors qu'il se trouvait avec sa femme a un arret d'autobus. \"Il ne s'attendait pas a etre arrete, il est en Italie depuis pas mal de temps, il a des parents ici et sa femme est sur le point d'accoucher\", a affirme Me Gerardo Cembalo, l'avocat commis d'office de Ouali a l'agence AGI. 27/03/2016 17:29:33 - Rome (AFP) - (c) 2016 AFP ", "theme": "monde"}