{"id_art": "34e4435898db7fee393cf7b07bb5567f", "title": "Enquete terroriste: le policier mis en examen n'est pas dangereux, assure son avocat", "newspaper": "LePoint", "author": ["AFP"], "date_publi": "2017-07-09", "content": "Le policier, soupconne d'avoir aide son frere implique dans une filiere jihadiste et d'etre partisan du groupe Etat islamique, ne presente \"aucun signe de dangerosite\" qui justifierait son incarceration, a assure dimanche a l'AFP son avocat. Le gardien de la paix de 42 ans, interpelle le 27 juin alors qu'il venait de prendre son service au commissariat du Kremlin-Bicetre (Val-de-Marne), a ete mis en examen vendredi pour les delits d'association de malfaiteurs et d'escroquerie en lien avec une entreprise terroriste et place sous controle judiciaire, avec interdiction de porter une arme. Le parquet a fait appel et demande son placement en detention provisoire \"au vu des elements qui ne laissent guere de doute sur l'adhesion du fonctionnaire de police aux theses de l'EI\", d'apres une source proche de l'enquete. Le fonctionnaire de police, qui a fait l'objet d'une suspension administrative, est aussi soupconne d'avoir aide son frere, place depuis un an en detention provisoire pour avoir entretenu des liens avec des jihadistes francais en zone irako-syrienne et pour financement du terrorisme. \"Les enqueteurs disposaient des le mois de juin 2016 des principaux elements qui ont justifie la mise en examen vendredi de mon client. Le fait qu'il n'ait pas ete inquiete plus tot demontre qu'il ne presentait pas une menace et que son implication dans le dossier est limitee\", a affirme a l'AFP son avocat Me Gabriel Dumenil. \"Aucun element de la procedure ne permet serieusement d'affirmer qu'il serait a l'heure actuelle acquis aux theses de l'islam radical. Il ne faut pas faire de ce dossier ce qu'il n'est pas\", a-t-il ajoute. Le policier est aussi suspecte d'avoir consulte des fichiers de police sans lien avec son poste d'agent a la brigade accidents et delits routiers et d'avoir utilise de faux papiers pour tenter de recuperer des colis. Dans la foulee de son arrestation, les services de renseignements avaient mene des perquisitions, notamment au commissariat du Kremlin-Bicetre. 09/07/2017 10:34:04 - Paris (AFP) - (c) 2017 AFP ", "theme": "societe"}