{"id_art": "a793d1c4d2133a9c0fa2e5b0fbe28241", "title": "\"Vive la tolerance\": les mots d'un \"orphelin du terrorisme\"", "newspaper": "LePoint", "author": ["AFP"], "date_publi": "2016-11-13", "content": "Il aura ete le seul a prendre la parole lors des commemorations officielles du 13 novembre: Michael Dias, fils de la premiere victime des jihadistes, Manuel Dias, a lance dimanche au pied du Stade de France un appel emouvant a la \"tolerance\" et a \"l'intelligence\". Apres que Francois Hollande a devoile une plaque en memoire de son pere, Michael, 31 ans a pris la parole pour evoquer le destin de ce Portugais arrive en France a 18 ans apres avoir fui la dictature, qui estimait que la \"reponse\" a la violence \"passe par la connaissance\" et \"l'intelligence\". Voici des extraits de son texte: \"Il est ?21H22, je dine au restaurant, quand l'ecran de television au fond de la salle affiche soudainement un bandeau : +Explosion au Stade de France: 1 mort+. Je me dis: +Heureusement, il n'y a qu'un mort+... A cet instant, je suis loin de m'imaginer que cette seule premiere victime, c'est mon pere\". \"Comment continuer a vivre apres avoir ete frappe par le terrorisme, comment ne pas se nourrir de ressentiments, ni de haine, comment redevenir un pays libre et sans la menace de nouvelles attaques ? Ces questions, je me les pose chaque jour\". \"C'est un defi personnel en tant qu'orphelin du terrorisme, mais qui nous concerne tous, Francais. Mon pere n'etant plus parmi nous, j'ai essaye de trouver dans son histoire de vie les enseignements dont j'avais besoin pour avancer. Et j'ai trouve\". \"Je n'ai cesse d'entendre mon pere nous dire qu'il etait impossible de vivre avec la peur au ventre. Face a cette peur de vivre, de sortir de chez soi, nous devons tous continuer a avancer en toute liberte (...) en ne cedant jamais face a ceux qui souhaiteraient nous terroriser\". \"Pour continuer a vivre en liberte nous devons egalement combattre ce terrorisme qui nous menace et la reponse passe par la connaissance, par l'intelligence\". \"A l'heure ou certains sombrent par ignorance dans des ideologies aussi simplistes que funestes, ce n'est que par l'instruction, la culture et la connaissance que l'on pourra eviter que les enfants de demain n'acceptent de s'humilier en tant que chair a canon au service d'interets criminels et mafieux qui les depassent, comme c'est le cas aujourd'hui. Incapables qu'ils sont de reflechir, de penser le monde et d'exprimer le mal-etre et l'exclusion sociale qu'ils ressentent\". \"Nous devons nous efforcer de combattre la stigmatisation et la division; l'integration est la solution. Ce n'est qu'en offrant les memes opportunites a tous que nous reussirons a empecher que les ressentiments de certains ne se transforment en brutalite pour tous\". \"Vive la tolerance, vive l'intelligence et vive la France\". 13/11/2016 14:10:02 - Saint-Denis (AFP) - (c) 2016 AFP ", "theme": "societe"}