{"id_art": "3cb5e52cc86970c39d032964d7514740", "title": "L'enquete pour apologie du terrorisme sur un assistant parlementaire PS classee sans suite", "newspaper": "LePoint", "author": ["AFP"], "date_publi": "2017-04-11", "content": "L'enquete qui visait l'assistant parlementaire d'un senateur PS de Paris pour apologie du terrorisme sur Facebook, des faits qu'il contestait vigoureusement, a ete classee sans suite par le parquet de Paris, a appris l'AFP mardi de source judiciaire. Cette enquete avait ete ouverte le 25 janvier, apres un signalement aux autorites d'une responsable associative, pour qui Yacine Chaouat, assistant parlementaire du senateur Roger Madec, s'etait radicalise. L'affaire avait ete revelee un mois plus tard par le Canard Enchaine, qui evoquait des appels au jihad et des images d'egorgements sur la page Facebook de l'assistant. Mais son avocat, Me Antoine Casubolo-Ferro avait conteste les faits en bloc, affirmant qu'aucun contenu de ce type n'avait ete retrouve. L'enquete n'a pas demontre que M. Chaouat a poste des propos faisant l'apologie du terrorisme sur sa page Facebook, ni qu'il ait \"like\" publiquement (apprecie via un clic, ndlr) de tels propos, a explique a l'AFP une source proche du dossier. L'assistant avait ete entendu en mars par la Brigade de repression de la delinquance contre la personne (BRDP), a precise une autre source proche du dossier. \"Lorsque j'ai appris (...) qu'on me reprochait d'avoir +like+ trois articles qui faisaient l'apologie du terrorisme, les bras m'en sont tombes\", avait raconte Yacine Chaouat dans une interview au Parisien, affirmant n'avoir \"rien trouve\" de tel dans l'historique de sa page. Son avocat avait estime que ses ennuis venaient d'une \"vengeance personnelle\" de la responsable associative a l'origine du signalement. \"Nous attendions cette decision avec impatience, parce que mon client a ete socialement et moralement tres touche par cette affaire\", a commente Me Casubolo-Ferro. \"Dans ces cas-la, vous avez beau protester de votre innocence, on commence a vous eviter, on se dit qu'il n'y a +pas de fumee sans feu+\", a-t-il deplore, assurant qu'il deposerait plainte pour diffamation et denonciation calomnieuse. \"Je n'avais pas beaucoup de doutes sur lui puisque je le connais depuis tres longtemps mais je prefere avoir une decision de justice qui confirme mon jugement\", a reagi pour sa part le senateur Roger Madec. Il a egalement deplore un \"signalement abusif\". Yacine Chaouat avait du demissionner en juin 2015 de son poste de secretaire national adjoint du PS en charge de l'integration, 24 heures seulement apres sa nomination, en raison de la polemique provoquee par la revelation de sa condamnation passee pour violences conjugales. 11/04/2017 19:01:26 - Paris (AFP) - (c) 2017 AFP ", "theme": "politique"}