{"id_art": "3bce9b5f59bb783e0610fd5bf7e61d72", "title": "Terrorisme: deux tiers des Francais pour un gouvernement d'union nationale", "newspaper": "LePoint", "author": ["AFP"], "date_publi": "2016-07-24", "content": "Deux tiers des Francais sont favorables a la mise en place d'un gouvernement d'union nationale, selon un sondage Ifop pour le JDD realise les 22 et 23 juillet. Dix jours apres l'attentat de Nice, 84 morts, 67% des Francais seraient favorables a un gouvernement d'union nationale \"face au defi du terrorisme\", formule l'institut de sondage. La plus grande adhesion est rencontree parmi les sympathisants UDI (81%), LR (71%), FN (70%) puis PS (68%). Au total a droite, 72% des sondes sont pour, contre 58% a gauche. L'idee rencontre un grand succes chez les 18-24 ans, dont 80% sont pour. La tranche des 25-34 ans est la moins favorable (63% pour, 32% contre). Parmi les sondes, qui etaient egalement invites a se prononcer sur leur confiance en Francois Hollande et le gouvernement pour lutter contre le terrorisme, seuls 35% se disent \"confiants\". Pour rappel, ils etaient 51% les 8 et 9 janvier 2015 et 50% le 16 novembre 2015. Ce taux de confiance a toutefois remonte de deux points depuis les 15 et 16 juillet, ou il avait chute a 33%. Pres de trois-quarts des sympathisants PS (74%) font encore confiance a Francois Hollande pour lutter contre le terrorisme, contre 42% au Front de Gauche, 19% chez les proches LR et 15% pour le FN. Le record de defiance est constate parmi les sympathisants FN (85%). Le president de la Republique et son gouvernement rencontrent une defiance particuliere chez les 25-34 ans (81% de \"pas confiance\"), contrairement aux 50-64 ans (52%). Ces derniers sont d'ailleurs les plus nombreux a lui accorder leur confiance (48%). Toutefois, 60% des Francais estiment que l'opposition ne ferait \"ni mieux ni moins bien\" que le chef de l'Etat, dont 64% chez les sondes \"sans sympathie partisane\". Parmi les proches du PS et du Front de Gauche, ce taux atteint 70%, 38% chez les LR et 50% au FN. L'enquete a ete menee par telephone aupres d'un echantillon de 1 004 personnes, representatif de la population francaise agee de 18 ans et plus, indique l'Ifop. 24/07/2016 10:08:44 - Paris (AFP) - (c) 2016 AFP ", "theme": "politique"}