{"id_art": "f097bef286ee4e90705a847a858685f6", "title": "Allemagne : une organisation terroriste d'extreme droite demantelee", "newspaper": "LePoint", "author": ["Source AFP"], "date_publi": "2015-05-06", "content": " La cellule interpellee mercredi matin est soupconnee de projets d'attentats anti-musulmans et contre des foyers de demandeurs d'asile. Quatre Allemands membres presumes d'une \"organisation terroriste d'extreme droite\" ont ete interpelles mercredi matin en Allemagne, soupconnes de projets d'attentats anti-musulmans et contre des foyers de demandeurs d'asile. Ces arrestations se produisent alors que plusieurs foyers d'accueil pour refugies ont ete attaques ces derniers mois, sans faire de victimes. Le batiment d'un futur centre a ete incendie mardi soir a Limburgerhof (ouest), un autre debut avril a Troglitz (est). Les suspects, trois hommes et une femme ages de 22 a 56 ans, sont suspectes d'avoir pour \"objectif de commettre, sur le sol allemand, en petits groupes, des attaques visant des personnalites salafistes, des mosquees et des foyers pour demandeurs d'asile\", a indique dans un communique le parquet federal, competent en matiere de terrorisme. Les perquisitions ont permis de retrouver du materiel \"pyrotechnique d'une forte puissance explosive ainsi que d'autres pieces a conviction\", a ajoute le Parquet base a Karlsruhe (sud-ouest). Les suspects ont ete identifies comme Denise Vanessa G., 22 ans, Olaf O., 47 ans, Andreas H., 56 ans, et Markus W., 39 ans. Ces deux derniers sont respectivement \"president\" et \"vice-president\" d'une organisation visiblement structuree et hierarchisee, selon la meme source. Des perquisitions ont ete menees a leur domicile et dans d'autres locaux. Par ailleurs, les appartements de \"cinq autres inculpes\" ont egalement ete fouilles par les policiers, selon le Parquet federal, qui ne donne aucune precision sur ces personnes. Le parquet n'a pas non plus precise les lieux des interpellations et des perquisitions, indiquant seulement que ces mesures avaient touche les Etats regionaux de Saxe (est), Rhenanie-du-Nord-Westphalie (nord), Baviere (sud), Rhenanie-Palatinat et Mecklembourg-Pomeranie anterieure (nord). Les quatre personnes interpellees mercredi matin sont soupconnees \"de s'etre associes avec d'autres inculpes, au plus tard en novembre 2014, au sein de l'organisation terroriste Oldschool Society (OSS)\", a encore indique le parquet de Karslruhe. Selon l'edition en ligne de l'hebdomadaire Der Spiegel, la Oldschool Society s'etait dotee d'armoiries associant un char d'assaut stylise, des runes germaniques et deux tetes de mort, renvoyant aux symboles classiques de l'extreme droite allemande. Selon Der Spiegel, l'association avait egalement pour devise : \"Une balle ne suffit pas.\" Les interpellations ont ete conduites sur la base d'un mandat d'arret delivre mardi par un juge du tribunal federal de Karlsruhe et ont mobilise environ 250 policiers, selon le parquet federal, selon lequel les enqueteurs se sont bases sur des informations des services de renseignements interieurs allemands. Le parquet ajoute que les quatre suspects seront presentes mercredi et jeudi a un juge enqueteur qui statuera sur leur placement en detention provisoire. L'Allemagne a vu ces derniers mois plusieurs milliers de personnes hostiles a l'islam et aux refugies descendre dans la rue, emmenees notamment a Dresde (est) par le mouvement islamophobe et populiste Pegida. En novembre 2011, l'Allemagne avait ete choquee en decouvrant l'existence d'une cellule neonazie, la Clandestinite nationale-socialiste (NSU), soupconnee d'au moins dix meurtres dans differentes regions du pays entre 2000 et 2007, dont ceux de huit Turcs, en raison de leur origine etrangere. Cette serie de crimes racistes avait ete en partie elucidee, apres la mort de deux des trois principaux suspects Uwe Mundlos, 38 ans, et Uwe Bohnhardt, 34 ans. Leur complice, Beate Zschape, s'etait livree a la police et est jugee depuis deux ans a Munich (sud). L'enquete a mis en evidence ces erreurs graves des services de renseignements interieurs. ", "theme": "monde"}