{"id_art": "16cf79db470b9c39c80c51d3e5cc9a58", "title": "Deces dans une prison americaine de l'islamiste egyptien Omar Abdel-Rahman", "newspaper": "LePoint", "author": ["AFP"], "date_publi": "2017-02-18", "content": "L'islamiste egyptien, le \"cheikh aveugle\" Omar Abdel-Rahman, condamne a la prison a vie aux Etats-Unis pour terrorisme est decede samedi de \"causes naturelles\" a l'age de 78 ans dans une prison de Caroline du Nord, a annonce le ministere americain de la Justice. Ce dirigeant jihadiste non-voyant, qui souffrait de diabete, avait ete condamne en 1995 pour des complots visant a attaquer des cibles a New York et a assassiner l'ancien president egyptien Hosni Moubarak. Il a aussi ete cite comme inspirateur des premiers attentats contre le World Trade Center a New York en 1993. D'apres un communique du ministere de la Justice, Omar Abdel-Rahman est decede samedi vers 05H40 locales (10H40 GMT) \"de causes naturelles apres une longue bataille contre le diabete et une maladie coronarienne\". En Egypte, son fils Mohamed Omar a confirme a l'AFP la mort de son pere. \"Nous avons contacte les autorites egyptiennes et americaines pour rapatrier\" son corps, a-t-il declare. Omar Abdel-Rahman avait dirige le groupe islamiste radical Gamaa Islamiya en Egypte avant d'emigrer aux Etats-Unis ou il avait ete emprisonne en 1993 et condamne en 1995 a la prison a vie pour complot en vue de perpetrer des attentats. Surnomme le \"cheikh aveugle\", Omar Abdel-Rahman etait ne en 1938 et avait aussi ete cite comme inspirateur de l'attentat contre le World Trade Center a New York en 1993, qui avait fait six morts et un millier de blesses. Fin 2006, les autorites americaines s'etaient alarmees de sa sante chancelante, souffrant deja de diabete et de problemes cardiaques, et le FBI avait dit craindre a l'epoque des represailles \"terroristes\" en cas de deces. En 2012, le president egyptien islamiste de l'epoque Mohamed Morsi avait souhaite qu'Omar Abdel-Rahman puisse purger sa peine dans son pays pour des \"raisons humanitaires\" et dans le cadre d'un eventuel \"echange de prisonniers\" avec les Etats-Unis. 18/02/2017 19 :03 :50 - Washington (AFP) - (c) 2017 AFP ", "theme": "monde"}