{"id_art": "5df4edccf417e8de6c2a7ec1f44a9906", "title": "Menace terroriste : un Francais sur trois a change ses habitudes", "newspaper": "LePoint", "author": ["Source AFP"], "date_publi": "2016-03-14", "content": " Plus d'un Francais sur dix a egalement modifie ses habitudes dans sa maniere de frequenter les salles de spectacle et les transports. Selon un sondage CSA pour Direct Matin devoile lundi soir, pres d'un Francais sur trois a change ses habitudes depuis les attentats de 2015, que ce soit en matiere de voyages, de transport, de shopping ou de frequentation des salles de spectacle. A la question << la menace terroriste actuelle a-t-elle change vos habitudes...? >> pres d'un tiers des citoyens (29 %) repond << oui >> concernant au moins un des domaines enumeres. Ainsi, 24 % des sondes repondent par l'affirmative en ce qui concerne les voyages. Plus d'un Francais sur dix (13 %) a egalement modifie ses habitudes dans sa maniere de frequenter - ou non - les salles de spectacle. Une proportion semblable (11 %) n'utilise plus les transports de la meme facon. Et 10 % des Francais ne font plus du shopping comme avant depuis les attentats. Ce changement de comportement touche davantage les femmes (30 %, contre 27 % chez les hommes), les jeunes adultes (25-34 ans) et les Franciliens. Trente-six pour cent des habitants d'Ile-de-France ont change leurs habitudes depuis les attentats, contre 27 % en province, selon ce sondage. Les 25-34 ans representent la tranche d'age la plus importante a avoir modifie son mode de vie avec 34 % de reponses positives contre 21 % pour les 18-24 ans, ou encore 25 % pour les plus de 65 ans. Les attentats du 13 novembre, qui ont fait 130 morts et des centaines de blesses, ont vise a Paris des bars et les restaurants et la salle de spectacle du Bataclan, frequentes par une clientele jeune, ainsi que les abords du Stade de France a Saint-Denis. Le sondage du CSA a ete realise du 8 au 10 fevrier par Internet sur un echantillon national representatif de 985 Francais ages de 18 ans et plus. ", "theme": "societe"}