{"id_art": "e8d2897f8d93a4284634b60c9425f7a9", "title": "Les 10 mesures securitaires de la droite pour contrer la menace terroriste", "newspaper": "LePoint", "author": [" Marc Leplongeon"], "date_publi": "2016-02-18", "content": " Attention, surenchere ! Fouilles systematiques, expulsion des etrangers... Voici comment Les Republicains repondent aux projets deja droitiers du PS. Et si, sur la securite, Les Republicains n'avaient plus guere de place ? Obliges de faire dans la surenchere face a une gauche au pouvoir qui occupe deja tout le terrain. Que proposer, en effet, des lors que le gouvernement socialiste soumet lui-meme au Parlement la prolongation de l'etat d'urgence, l'augmentation des pouvoirs des prefets et de la police, l'extension du domaine du renseignement penitentiaire, le developpement massif des techniques d'espionnage, des retenues administratives sans avocat, des assignations a residence en dehors de toute intervention d'un juge judiciaire ? Autant de mesures que la droite aurait endossees sans sourciller si elle avait ete elle-meme aux commandes. Le PS veut proroger l'etat d'urgence pour trois mois ? << Six ! >> reclament Les Republicains. << La menace est permanente >>, justifie Eric Ciotti. Dans les prochaines semaines sera discute au Parlement le projet de loi relatif au << terrorisme >>, a << la criminalite organisee >> et a << leur financement >>, actuellement debattu en commission des Lois. Le Point.fr s'est plonge dans les dizaines d'amendements deja deposes par la droite, et qui dessinent le projet ultra-securitaire des Republicains. Rejetes mercredi en commission des Lois, ces amendements devraient faire leur reapparition en seance publique. Voici leur teneur. 1) lorsqu'eux-memes ou autrui font face a un danger imminent presente par des personnes armees ;2) lorsque sont exercees contre eux-memes ou autrui des violences graves qu'ils ne peuvent faire cesser autrement ;3) lorsque des personnes armees, qui ont ou ont eu un comportement manifestement dangereux, refusent de deposer leur arme apres deux sommations a haute et intelligible voix, faisant etat de la qualite de leur auteur et ordonnant le depot des armes. La seconde sommation precise que le refus d'obtemperer est suivi de l'emploi de la force armee ;4) lorsqu'ils ne peuvent defendre autrement le terrain qu'ils occupent, les postes ou les personnes qui leur sont confies ;5) lorsqu'ils ne peuvent immobiliser autrement les vehicules, embarcations ou autres moyens de transport dont les conducteurs qui ont manifeste un comportement violent et dangereux n'obtemperent pas a l'ordre d'arret, si l'emploi de la force armee ne fait pas peser un risque manifeste sur la vie d'autrui. << Ils sont egalement autorises a faire usage de tous engins ou moyens appropries tels que herses, herissons, cables pour immobiliser les moyens de transport quand les conducteurs ne s'arretent pas a leurs sommations. >> ", "theme": "justice"}