{"id_art": "203c934d5d8da88e206db21fe8a92cdd", "title": "\"Terroristes\" ou partenaires? Ankara et Washington s'affrontent sur les Kurdes de Syrie", "newspaper": "LePoint", "author": ["AFP"], "date_publi": "2016-05-27", "content": "\"Terroristes\" pour Ankara, rempart contre l'Etat islamique pour Washington: la Turquie et les Etats-Unis se sont affrontes vendredi a propos des combattants kurdes de Syrie, un dossier qui empoisonne les relations entre ces allies au sein de l'Otan. \"Hypocrisie\", \"deux poids, deux mesures\", \"inacceptable\": le chef de la diplomatie turque Mevlut Cavusoglu a lache ses coups contre les Etats-Unis, dont des militaires des forces speciales ont ete photographies par l'AFP dans le nord de la Syrie arborant sur leurs uniformes l'insigne des Unites de protection du peuple (YPG), une milice kurde consideree comme \"terroriste\" par Ankara. \"Il est inadmissible que des soldats des Etats-unis (...) utilisent l'insigne d'un groupe terroriste\", a denonce le ministre turc devant la presse a Antalya (sud). \"Nous leur recommandons de porter des badges de Daech (acronyme arabe de l'EI), du Front al-Nosra lorsqu'ils sont ailleurs en Syrie, et de Boko Haram lorsqu'ils vont en Afrique\", a-t-il ironise. Le Pentagone a reconnu la presence a des fins de \"conseil et d'assistance\" de soldats americains dans la province de Raqa, fief du groupe EI, ou une coalition de combattants kurdes et arabes (Forces democratiques syriennes, FDS) a lance une offensive majeure contre les jihadistes. Dans un geste d'apaisement a l'egard de l'allie turc ulcere, Washington a demande a ses militaires photographies d'oter l'ecusson des YPG, a annonce le colonel Steve Warren, porte-parole de la coalition militaire internationale contre l'EI en Syrie et en Irak. - Washington 'soutient' les YPG - Mais pas question d'abandonner les YPG. \"Nous allons continuer a les soutenir\", a meme affirme le porte-parole du departement d'Etat, Mark Toner. Ce diplomate americain a nie toute crise avec Ankara, assurant que les Etats-Unis \"comprenaient les inquietudes de la Turquie\" sur le dossier kurde. Il faut dire qu'aux yeux d'Ankara les milices YPG sont etroitement liees au Parti des travailleurs du Kurdistan (PKK), organisation jugee \"terroriste\" par la Turquie, accusee d'avoir commis des attentats a Ankara et qui mene depuis 1984 une rebellion meurtriere. Pour Washington aussi, le PKK est une \"organisation terroriste etrangere\". Mais \"au contraire, les YPG, comme d'autres forces dans le nord de la Syrie, combattent efficacement l'EI\", a souligne l'Americain Toner. De fait, ces combattants kurdes se sont forge une reputation de redoutables fantassins en chassant l'an dernier les jihadistes de l'EI de la ville syrienne de Kobane, a la frontiere turque. En fait, \"les Etats-Unis voient les YPG comme un acteur local avec qui cooperer en Syrie, alors que la Turquie les considere - a juste titre - comme les partenaires du PKK en Syrie\", resume l'expert Ozgur Unluhisarcikli, du German Marshall Fund, pour qui \"il est improbable que les deux camps surmontent leurs differends dans un avenir proche\". - Chacun sa guerre - A long terme, le soutien americain aux combattants kurdes risque de provoquer une \"erosion de la confiance\" entre Washington et Ankara, analyse pour l'AFP Soner Cagaptay, du centre de reflexion Washington Institute. Pour l'expert, \"la Turquie et les Etats-Unis menent deux guerres differentes en Syrie: Washington contre l'EI et Ankara contre (le president syrien Bachar) al-Assad\". Et \"tant que cela sera le cas, les deux pays continueront d'etre en desaccord au sujet des alliances a nouer en Syrie\", explique-t-il. Longtemps accusee de soutenir des elements radicaux opposes au president syrien, la Turquie a fini par rejoindre la coalition internationale anti-EI et met a disposition sa base aerienne d'Incirlik (sud) pour des bombardiers de plusieurs pays allies. Mais en parallele, la Turquie, qui dit ne faire \"aucune difference\" entre les groupes \"terroristes\", continue de voir dans les YPG une menace pour ses interets. Invoquant regulierement la fable du \"Scorpion et la Grenouille\", le president turc Recep Tayyip Erdogan estime que les groupes \"terroristes\" finissent toujours par \"piquer\" ceux qui les soutiennent. Jeudi, la presidence turque avait deplore la decision de plusieurs pays europeens, dont la France et l'Allemagne, d'autoriser le Parti de l'union democratique (PYD), aile politique des YPG, a ouvrir des antennes sur leurs territoires. Si le PKK figure sur la liste des organisations \"terroristes\" des Etats-Unis et de l'Union europeenne, les Occidentaux refusent d'y ajouter les Kurdes de Syrie, malgre les demandes repetees d'Ankara. 27/05/2016 22:09:10 - Antalya (Turquie) (AFP) - (c) 2016 AFP ", "theme": "monde"}