{"id_art": "d8c690f68853111a5a60a581f64b092b", "title": "Burkini, Hollande, terrorisme, les verites d'Isabelle Adjani", "newspaper": "LePoint", "author": [], "date_publi": "2016-08-21", "content": "Discrete dans les medias, Isabelle Adjani s'est confiee au Journal du dimanche. Dans une interview publiee dimanche 21 aout, l'actrice s'est exprimee sur l'actualite, Francois Hollande, le burkini et les reseaux sociaux. Sans langue de bois, elle a tacle l'actuel president de la Republique qui avait confie qu'il n'avait << pas eu de bol >>. << Quand les engagements deviennent des promesses et les promesses des paris, invoquer le manque de chance pour un chef de l'Etat, c'est drole, non ? >> se demande l'actrice avant de s'interroger : << Au fond, la politique ce n'est peut-etre plus une affaire serieuse. >> LIRE notre article Francois Hollande : l'aveu Concernant l'actuel debat autour du burkini, Isabelle Adjani trouve la polemique << ridicule et dangereuse >>. << Je suis toujours mal a l'aise quand on veut imposer la liberte a coups d'interdits >> et elle ajoute ensuite : << On ne peut pas refuser a des femmes d'aller a la plage a cause d'une tenue, meme si celle-ci releve d'un neofondamentalisme archaique, et peut a juste titre choquer. >> L'actrice actuellement a l'affiche du drame social Carole Matthieu a egalement souhaite s'exprimer sur Daech. << Quand j'entends dire : C'est la guerre a propos de Daech... Non, c'est un groupe qui procede a des attaques criminelles, certainement pas un Etat. Cela revient a terroriser les gens, les radicaliser du cote du Front national. >> Dans une interview decidement tres eclectique, l'actrice engagee s'en prend a Monsanto : << La guerre, elle est plutot dans la cause environnementale contre Monsanto and co et tous ces monstres sans visage contre lesquels les Etats sont totalement desarmes. >> Interrogee sur les reseaux sociaux, Isabelle Adjani confie n'avoir ni profil Facebook, ni Instagram, ni Twitter. << Je n'ai pas envie de devenir dingue ni d'etre referencee. >> L'actrice se sent en decalage avec la modernite imposee a la societe actuelle. << Il est prouve que le Q. I. des generations futures sera reduit. Le prix a payer pour vivre hyperconnectes ? Non, cette modernite, je n'y adhere pas. >> L'ancienne << Reine Margot >> doit presenter dans les prochains jours son nouveau film a l'occasion du Festival du film francophone d'Angouleme. Dans Carole Matthieu, elle incarne une medecin du travail confrontee a une importante vague de suicides dans une entreprise. Isabelle Adjani decrit ce film comme << un thriller social tres realiste, avec du suspense, mais aussi du symbolisme et une touche de fantastique >>. ", "theme": "people"}