{"id_art": "acba582ff41f5845ad33989e59eda495", "title": "Birmanie: une fosse commune avec 28 hindous \"tues par des terroristes\" rohingyas", "newspaper": "LePoint", "author": ["AFP"], "date_publi": "2017-09-24", "content": "L'armee birmane a annonce dimanche la decouverte d'une fosse commune dans le nord-ouest de la Birmanie contenant les corps de 28 hindous, affirmant qu'ils ont ete tues par des \"terroristes\" musulmans rohingyas, ce qui risque d'aggraver les violences intercommunautaires. C'est la premiere fois que la decouverte d'un charnier est signale depuis le 25 aout et le debut du conflit qui a demarre lorsque des rebelles rohingyas ont attaque des forces de l'ordre birmanes. Depuis, l'armee birmane est accusee, y compris par les Nations unies, de se livrer a une \"epuration ethnique\" contre cette minorite musulmane, brulant des villages rohingyas et commettant des exactions. Face a la situation, quelque 430.000 Rohingyas ont fui vers le Bangladesh voisin en moins d'un mois. \"Des membres des forces de securite ont trouve et deterre 28 corps d'hindous tues par les terroristes\" musulmans rohingyas, a affirme le chef de l'armee birmane, le general Min Aung Hlaing, sur sa page Facebook. Cette fosse commune a ete decouverte pres de Kha Maung Seik, dans la region de Maungdaw, dans l'Etat Rakhine, theatre des violences entre armee et rebelles rohingyas. Y cohabitaient jusqu'alors des villages musulmans, hindous et bouddhistes, qui sont majoritaires dans ce pays d'Asie du sud-est ou la haine des musulmans s'exprime de facon parfois violente. Consideres comme des etrangers en Birmanie, les Rohingyas sont victimes de multiples discriminations - travail force, extorsion, restrictions a la liberte de mouvement, regles de mariage injustes et confiscation des terres. Le porte-parole du gouvernement civil, Zaw Htay, a confirme a l'AFP la decouverte, faite \"sur la base de temoignages de survivants refugies au Bangladesh\". Les autorites ont publie des photos de cadavres. Les autorites birmanes sont promptes a accuser les rebelles des exactions et mises a sac de villages, et se livrent a une guerre de l'information avec les rebelles. Mais il est tres difficile pour les journalistes d'avoir acces a des sources directes dans cette region, dont des zones sont bloquees par l'armee depuis pres d'un mois. Des hindous rencontres vendredi par l'AFP dans une zone accessible ont evoque ce massacre. Ni Maw, leader de la communaute hindoue locale, a assure a l'AFP que le massacre remonte au 25 aout, quand plusieurs centaines de rebelles rohingyas ont attaque le village. La dirigeante birmane Aung San Suu Kyi, tres critiquee a l'etranger pour sa gestion de la crise, a appele la semaine derniere les Occidentaux a la patience envers sa \"democratie imparfaite\". Elle a aussi appele ses concitoyens a ne pas se diviser pour des \"croyances religieuses\". Les tensions sont cependant elevees, notamment sur les reseaux sociaux, secoues par les diatribes contre les Rohingyas, consideres comme des immigres illegaux venus du Bangladesh voisin. Les violences se sont poursuivies ce week-end en Etat Rakhine, le chef de l'armee birmane accusant deja les rebelles rohinygas d'une explosion devant une mosquee. Et au Bangladesh voisin, la crise humanitaire se poursuit. Pas assez de nourriture, d'eau, des camps difficile d'acces et jonches d'excrements: la situation dans les camps est de plus en plus complexe pour les ONG et les autorites locales, qui redoutent une catastrophe humanitaire. Filippo Grandi, Haut commissaire de l'ONU aux refugies, a affirme dimanche que le Bangladesh a besoin d'une aide internationale \"massive\" pour fournir vivres et abris aux refugies. En outre, les autorites bangladaises ont interdit, sous peine d'amende, aux fournisseurs de telephonie mobile de vendre des connexions et des forfaits aux refugies rohingyas en invoquant des imperatifs de securite. 24/09/2017 21:21:54 - Rangoun (AFP) - (c) 2017 AFP ", "theme": "monde"}