{"id_art": "56d358e361ab570e24ccbfb1a05c9398", "title": "Attentats en Espagne: l'enquete retrace le parcours des suspects", "newspaper": "LePoint", "author": ["AFP"], "date_publi": "2017-08-23", "content": "Une semaine apres les sanglants attentats en Catalogne, la police continue de retracer en Espagne et a l'etranger le parcours de leurs auteurs, qui preparaient une operation encore plus meurtriere avec une enorme quantite d'explosifs. Les Mossos d'Esquadra, les policiers catalans, ont effectue de nouvelles perquisitions apres les auditions mardi des quatre suspects encore en vie, qui ont revele que les comploteurs, inspires par un imam marocain, prevoyaient de faire sauter un ou plusieurs monuments en faisant un maximum de victimes. Mercredi, la justice espagnole a confirme que cet imam, Abdelbaki Es Satty, avait failli etre expulse d'Espagne mais qu'un juge avait estime en 2015 qu'il ne constituait pas \"une menace reelle et suffisamment grave (...) pour la securite publique\". Apres avoir purge une peine de prison pour trafic de drogue en 2014, l'imam etait sous le coup d'un arrete d'expulsion, qui a ete annule au vu de ses \"efforts pour s'integrer\", selon un communique de la justice, qui corrobore une information du journal El Mundo. Par ailleurs, la mosquee de Diegem, pres de Bruxelles, a refuse en 2016 d'employer l'imam Es Satty en raison de la violence de ses preches, a declare mercredi le maire de la commune. Es Satty a sejourne de janvier a mars 2016 dans la grande banlieue de Bruxelles, selon les autorites, et il a tente en vain d'obtenir un emploi d'imam a la mosquee de Diegem. Apres la mort de l'imam dans l'explosion accidentelle de leur laboratoire clandestin le 16 aout, les jeunes jihadistes ont decide d'utiliser des vehicules pour faucher des passants, comme a Nice, Londres et Berlin. Deux des survivants de la cellule a laquelle la police attribue la preparation des attentats, Mohamed Houli Chemlal, 20 ans, blesse dans l'explosion, et Driss Oukabir, 27 ans, ont ete inculpes mardi d'\"assassinats terroristes\". Huit autres sont morts, deux dans l'explosion, les autres apres avoir massacre 15 personnes au total, jeudi et vendredi derniers. Ils en ont tue deux a coups de couteau et ecrase 13 autres en lancant dans la foule une camionnette sur les Ramblas de Barcelone, puis une Audi A3 dans la station balneaire de Cambrils, au sud-ouest de la metropole catalane. Un troisieme suspect, Mohammed Aalla, proprietaire de l'Audi, a ete place en liberte sous controle judiciaire, les charges contre lui etant minces. Le juge a prolonge de trois jours, pour complement d'enquete, la garde a vue du quatrieme, Sahl El Karib, qui tenait un taxiphone (boutique d'appels telephoniques) a Ripoll, petite ville au pied des Pyrenees ou vivaient la plupart des suspects. L'enquete a des prolongements a l'etranger, la plupart des suspects etant marocains et leurs deplacements ayant ete signales en Belgique, en Suisse et en France. Les enqueteurs francais ont determine que l'Audi A3 utilisee par les assaillants de Cambrils se trouvait en France les vendredi 11 et samedi 12 aout. Ils doivent a present \"determiner les raisons precises\" de ce voyage, a declare le procureur Francois Molins. Interrogees par l'AFP, les autorites marocaines n'ont pas reagi aux informations de la presse espagnole selon lesquelles plusieurs personnes ont ete arretees au Maroc. A Rotterdam, la police neerlandaise enquete sur une camionnette immatriculee en Espagne et contenant des bouteilles de gaz dont elle a arrete mercredi le conducteur espagnol. Au meme moment, les autorites de Rotterdam ont annule un concert du groupe rock americain Allah-Las, la police ayant ete avertie par son homologue espagnole d'une menace terroriste. A Barcelone, les autorites ont annonce mercredi un renforcement des mesures de securite, notamment a proximite des sites touristiques comme la basilique de la Sagrada Familia et pendant les matches de football, concerts ou manifestations. La maire de Barcelone, Ada Colau, critiquee pour ne pas avoir protege les Ramblas par des bornes anti-intrusion, a annonce la creation d'une commission qui devra determiner ou il conviendrait d'en placer. Mme Colau et le president de la region de Catalogne, Carles Puigdemont, doivent participer jeudi a une ceremonie religieuse interconfessionnelle en memoire des victimes. Quelque 200 musulmans ont defile mercredi a Grenade, dans le sud-ouest de l'Espagne, pour protester contre le terrorisme, alors que les attentats de Barcelone et de Cambrils ont declenche une montee des discours anti-islam. Dans les decombres du laboratoire clandestin, les policiers ont trouve 120 bonbonnes de gaz, une grande quantite de clous pour servir de mitraille, des detonateurs et au moins 500 litres d'acetone, de l'eau oxygenee et du bicarbonate - des ingredients du TATP, un explosif artisanal utilise par l'organisation jihadiste Etat islamique (EI), qui a revendique les attentats de Catalogne. Sous les gravats, la police a aussi decouvert un texte manuscrit: \"Au nom d'Allah... Breve lettre des soldats de l'Etat islamique sur la terre d'Al-Andalous (designation de la partie de l'Espagne sous domination musulmane jusqu'en 1492, ndlr) a l'attention des croises, des haineux, des pecheurs, des corrupteurs...\". 24/08/2017 04:03:51 - Barcelone (AFP) - (c) 2017 AFP ", "theme": "monde"}