{"id_art": "400dca6a236648e3400205443146f920", "title": "Canada : des attaques \"terroristes\" font au moins 5 blesses a Edmonton", "newspaper": "LePoint", "author": [""], "date_publi": "2017-10-01", "content": " Un homme au volant d'un camion a blesse au moins 5 personnes, dont un policier, a Edmonton. Un suspect a ete arrete par les forces de police. La police canadienne a dit dimanche enqueter pour \"acte de terrorisme\" apres l'agression d'un policier par un individu qui a ensuite heurte et blesse quatre autres personnes a Edmonton (Ouest) dans la nuit de samedi. Vers 20 h 15 locale samedi (2 h 15 GMT dimanche), un homme a bord d'une automobile a force a vive allure des barrieres de circulation puis a heurte un policier en faction pour une rencontre sportive a Edmonton, capitale de la province de l'Alberta. L'homme est sorti de son vehicule puis s'est jete sur le policier en le frappant de plusieurs coups de couteau avant de prendre la fuite a pied. Un peu avant minuit, identifie a un barrage routier, le suspect a reussi a s'echapper a bord d'une camionnette qu'il a projetee ensuite sur des pietons dans deux endroits differents, selon le recit de la police. Le conducteur aurait ensuite perdu le controle de sa camionnette qui s'est renversee, selon des temoins cites par des televisions locales. La police a simplement mentionne l'arrestation dimanche d'un individu sans reveler son identite. \"La police d'Edmonton a interpelle et place en garde a vue un homme que nous pensons etre responsable de ces actes de violence\", a declare Rod Knecht, chef de la police d'Edmonton. \"Nous pensons que c'est un individu qui a agi seul, bien que l'enquete en soit a son tout debut\", a indique le chef de police. Cet incident rappelle les modes operatoires d'attaques a la voiture-belier dans plusieurs capitales europeennes mais aussi une attaque en octobre 2014 au Quebec ou un militaire avait ete tue. \"Je suis extremement preoccupe et indigne par cette tragedie\", a declare le chef du gouvernement canadien, parlant d'\"un attentat terroriste\" sur \"un policier (...) et d'autres personnes innocentes qui etaient venues encourager leur equipe de football\". \"Nous ne laisserons pas l'extremisme violent prendre racine dans nos communautes\", a affirme le Premier ministre Justin Trudeau. ", "theme": "monde"}