{"id_art": "8d6f78275c08e3a09d65ebaff522fbc7", "title": "Attentats a Paris : un neuvieme terroriste recherche", "newspaper": "LePoint", "author": [" Le Point.fr"], "date_publi": "2015-11-17", "content": " Alors que Salam Abdelsam est toujours en fuite et activement recherche, on apprend qu'un neuvieme homme pourrait lui aussi etre en fuite. Alors que Salah Abdeslam est activement recherche, on apprend ce mardi soir qu'un autre homme serait lui aussi recherche. Il est soupconne d'avoir participe aux fusillades qui ont eu lieu devant les terrasses de la capitale. Ces informations sont apparues en recoupant plusieurs videos. Dans l'une d'entre elles, on apercoit deux hommes en train de tirer en rafale, tandis qu'un troisieme homme est dans la voiture. Les sept personnes interpellees en Allemagne pres d'Aix-la-Chapelle, dans le cadre de la traque de Salah Abdeslam, recherche pour son role-cle dans les attentats de Paris, ont ete toutes liberees en l'absence d'elements a charge, a indique la police. Selon les informations de 20 Minutes.fr, un policier a ouvert le feu ce mardi apres-midi apres un refus d'obtemperer rue Saint-Honore (1er arrondissement) a Paris, dans des circonstances qui restent a eclaircir. Les pompiers font etat d'un blesse par balle dans un etat grave. Le ou les coups de feu ont eu lieu au croisement de la rue de l'Echelle et de la rue Saint-Honore. La place a ete bloquee par les forces de l'ordre et un perimetre de securite a ete mis en place autour du quartier. Selon Metronews.fr, un jeune homme a tente de voler un vehicule en milieu d'apres-midi au niveau du Palais-Royal. Une course-poursuite s'est engagee. L'individu a finalement abandonne le vehicule rue Saint-Honore et s'est refugie dans un hall d'immeuble. C'est la qu'un ou plusieurs coups de feu ont ete tires. Le fuyard a ete touche au niveau du bras, blesse legerement. Il a ete interpelle et conduit a l'hopital. Le frere de Salah Abdeslam, un suspect-cle des attaques terroristes de Paris vise par un mandat d'arret international, \"lui conseille de se rendre a la police\", dans un entretien diffuse mardi sur le site internet de la chaine francaise BFM TV. \"Evidemment, je lui conseille de se rendre a la police\", dit Mohamed Abdeslam, qui vit a Bruxelles, \"afin que la justice puisse faire toute la lumiere sur cette histoire\". Il souligne que son frere est \"toujours presume innocent\". La ministre de la Sante Marisol Touraine a annonce mardi \"la mise en place immediate de la gratuite des soins\" pour les victimes de terrorisme, prevue dans le projet de budget de la Securite sociale en cours d'examen au Parlement. \"A la suite des attentats du 13 novembre 2015, la ministre a decide que les personnes victimes de ces actes beneficieraient sans delai, par anticipation, de la prise en charge de leurs soins et du versement de leurs indemnites journalieres\", indique-t-elle dans un communique. Apres #NotInMyName, la campagne lancee en septembre 2014 par les jeunes musulmans britanniques contre l'Etat islamique, voici #NousSommesUnis, le slogan adopte par l'association des Etudiants musulmans de France (EMF) apres les attentats du 13 novembre. Dans une video partagee sur sa page Facebook, l'association mele aux images des attaques celles d'etudiants musulmans face camera, tenant silencieusement une pancarte noire sur laquelle est inscrit le hashtag \"#NousSommesUnis\". Leur silence est couvert par un slam ecrit et recite par Nadjib Bedani, l'etudiant toulousain a l'origine de la mobilisation. \"Verser le sang d'un innocent ne repond a aucune loi. Si eux ne l'ont pas compris, moi, je ne les comprends pas\", dit-il. Son appel a l'union et a la fraternite s'acheve sur ces versets du Coran : \"Celui qui tue un homme tue toute l'humanite.\" La tour Eiffel va rouvrir mardi vers 18 heures a la suite d'un vote de l'assemblee generale du personnel, a annonce a l'Agence France-Presse le president de la societe d'exploitation (SETE) du monument parisien qui avait ferme ses portes ce matin. \"L'assemblee generale du personnel vient de voter la reouverture de la tour Eiffel, qui aura lieu vers 18 heures\", a declare Bernard Gaudillere, president de la SETE. Il avait ete decide de fermer les portes du monument ce matin apres que le personnel eut signale des problemes dans l'organisation du dispositif de securite sur le parvis du monument. Francois Hollande rencontrera le president americain Barack Obama a Washington mardi 24, puis son homologue russe Vladimir Poutine deux jours plus tard, dans le cadre de la lutte contre l'Etat islamique et du reglement de la situation en Syrie, a annonce mardi l'Elysee. Le president francais avait annonce lundi devant le Parlement reuni en congres a Versailles qu'il rencontrerait les deux dirigeants \"dans les prochains jours\" pour parvenir a \"une grande et unique coalition\" contre le groupe djihadiste EI en Syrie, qui a revendique les sanglants attentats de Paris vendredi. Cent dix-sept personnes, parmi les 129 decedees lors des attentats du 13 novembre a Paris, ont ete identifiees, a annonce la garde des Sceaux Christiane Taubira mardi a l'Assemblee nationale. Jusqu'a present, les autorites evoquaient le chiffre de 103 personnes identifiees a la suite des attentats qui ont frappe vendredi soir le Stade de France, la salle de spectacle du Bataclan et plusieurs bars et restaurants de l'est de la capitale, qui ont fait en outre 352 blesses. \"Cent dix-sept personnes decedees ont ete identifiees et l'Institut medico-legal, en cooperation avec le parquet de Paris, s'active a proceder aux dernieres identifications aussi vite que possible et dans la plus grande securite, avec la plus grande attention pour la sensibilite des familles\", a declare la ministre de la Justice Christiane Taubira. \"Selon le dernier bilan dont nous disposons, il y a actuellement encore dans les hopitaux de Paris ou de la petite couronne 221 victimes hospitalisees, 57 en reanimation\", a pour sa part affirme la ministre de la Sante Marisol Touraine. Le president russe Vladimir Poutine a ordonne mardi a ses navires de guerre deployes en mer Mediterranee d'entrer en \"contact direct\" avec le porte-avions Charles-de-Gaulle et de \"cooperer avec les allies\" francais. \"Un detachement naval francais mene par un porte-avions arrivera bientot dans votre secteur. Il faut etablir un contact direct avec les Francais et travailler avec eux comme avec des allies\", a declare Vladimir Poutine lors d'une reunion de l'etat-major de l'armee russe consacree aux operations militaires en Syrie. Une assistance psychologique pour les etudiants touches par les attentats de Paris vendredi soir a ete mise en place par La Mutuelle des etudiants (LMDE), a annonce mardi dans un communique l'organisme. Une ligne d'assistance psychologique dediee aux etudiants, ouverte 7 jours sur 7 et 24 heures sur 24, est joignable au 05 49 34 88 01, a precise la mutuelle, dont des adherents figurent parmi les victimes. Une prise en charge psychologique gratuite au point d'accueil du 7, rue Danton, dans le 6e arrondissement de Paris, est egalement ouverte. \"Les situations des etudiants touches directement ou indirectement par les attentats seront traitees avec la plus grande celerite\", a assure la mutuelle. Consultez notre dossier : Special attentats de Paris ", "theme": "societe"}