{"id_art": "82f2ae1b5295a9a6e342133948b7d3f8", "title": "Terrorisme : \"Nous pourrions revenir a l'etat d'urgence\", estime Collomb", "newspaper": "LePoint", "author": ["Source AFP"], "date_publi": "2017-11-01", "content": " Le ministre de l'Interieur s'est exprime sur le remplacement, ce mercredi 1er novembre, de l'etat d'urgence par la loi antiterroriste. Un retour a l'etat d'urgence envisageable ? Le ministre de l'Interieur Gerard Collomb a estime qu'en cas d'attentat de masse, la France pourrait de nouveau avoir recours au regime exceptionnel de l'etat d'urgence, qui a ete remplace mercredi par une loi antiterroriste. << S'il y avait un meurtre de masse - ce qu'on a pu connaitre au moment du Bataclan -, c'est possible qu'on soit oblige de le remettre, mais nous allons faire en sorte que nous puissions gerer des situations de crise. Si elle devenait [la situation] extremement dramatique, nous pourrions revenir a cet etat d'urgence >>, a-t-il affirme mercredi 1er novembre sur BFM TV. Le ministre a neanmoins ajoute qu'avec la nouvelle loi, << on sera aussi bien proteges >> : << La loi que nous avons faite nous permet de gerer ce genre de situation, et surtout de prevenir un certain nombre d'attentats. >> Gerard Collomb, interviewe dans le << fumoir >>, nom donne a la salle de crise du ministere de l'Interieur lors des attentats de 2015 et 2016, a ajoute qu'une << vingtaine de personnes >> seront assignees a residence dans le cadre de la nouvelle loi antiterroriste, alors que 41 personnes etaient jusqu'a present assignees a residence. Ces personnes devront << pointer tous les jours au commissariat ou a une gendarmerie >>, a-t-il precise, soulignant << qu'au depart de l'etat d'urgence, il y avait des centaines de personnes concernees, aujourd'hui il y a un nombre relativement limite >>. Instaure dans la foulee des attaques djihadistes du 13 novembre 2015 a Paris, les plus meurtrieres jamais commises en France avec 130 personnes tuees, l'etat d'urgence laisse place a une loi antiterroriste qui a ete critiquee par des associations de defense des droits de l'homme. Signee par Emmanuel Marcron lundi 30 octobre, cette loi perennise plusieurs mesures de l'etat d'urgence : elle renforce les pouvoirs de l'executif pour assigner quelqu'un (non plus a residence, mais dans un perimetre au minimum egal a la commune) et realiser des perquisitions a domicile. Les autorites peuvent aussi fermer un lieu de culte ou se diffuseraient des idees incitant au terrorisme ou effectuer des controles d'identite pres des frontieres et des gares ou aeroports, le tout sans feu vert judiciaire, perquisitions exceptees. ", "theme": "politique"}