{"id_art": "05d3be7c1ebb91ce6137f7449e1c062c", "title": "Francais arrete en Ukraine : terroriste ou trafiquant d'armes ?", "newspaper": "LePoint", "author": ["Source AFP"], "date_publi": "2016-06-07", "content": " Gregoire Moutaux a ete arrete avec un arsenal de guerre par les services secrets ukrainiens lundi. De nombreuses questions subsistent. L'histoire de Gregoire Moutaux, un Francais inconnu des services de police, arrete avec un arsenal de guerre par les services secrets ukrainiens, qui le soupconnent d'avoir prepare des attentats pendant l'Euro 2016, est truffee de zones d'ombre. Comment ce jeune homme de seulement 25 ans peut-il financer l'achat de 125 kilos de TNT, de lance-roquettes et de fusils d'assaut kalachnikov ? Avait-il un complice ? L'objectif de \"15 actes terroristes\" perpetres par un homme seul est-il realiste ? Pourquoi les autorites francaises n'ont-elles pas ete prevenues par leurs homologues ukrainiens ? Reponse en quatre points aux interrogations soulevees par cette affaire revelee a la veille de l'ouverture de l'Euro 2016 en France. Repere en decembre 2015 en Ukraine, Gregoire Moutaux a ete interpelle le 21 mai a la frontiere ukraino-polonaise apres six mois d'enquete, en possession de 125 kilos de TNT, deux lance-roquettes antichar, cinq fusils d'assaut kalachnikov et plus de 5 000 munitions, ont affirme les services ukrainiens (SBU). Immediatement, l'ampleur de cet arsenal de guerre suscite les interrogations : comment un jeune de 25 ans, ouvrier agricole, peut-il financer un achat qui se chiffre au bas mot en dizaines de milliers d'euros ? Son arrestation a ete entierement filmee, sous differents angles et par plusieurs cameras et la video a ete diffusee par les services de securite ukrainiens. Elle debute avec des images tournees dans un garage, ou l'on voit un homme charger des armes dans une camionnette blanche. La deuxieme sequence montre l'interpellation musclee d'un jeune homme portant un tee-shirt rouge, alors qu'il monte et s'assoit dans son vehicule. La scene se deroule dans ce qui ressemble a un poste-frontiere. Les forces de l'ordre arrivent precipitamment et le plaquent au sol. Une derniere sequence montre l'arsenal que le jeune homme transportait. Certains observateurs s'interrogent sur cette arrestation, filmee de A a Z, qui ressemble pour eux a une mise en scene. La decision de diffuser lundi cette video, alors que l'arrestation remonte selon le SBU au 21 mai, a egalement souleve de nombreuses questions. Pour leur defense, les services secrets ukrainiens affirment que leur intention etait d'attendre la fin de l'Euro 2016 mais que les fuites dans la presse francaise les ont obliges a rendre l'affaire publique. Sur la video, un deuxieme homme apparait clairement a l'image. Il se trouve dans le vehicule, avec le Francais, et est lui aussi interpelle et plaque au sol par les forces de l'ordre. Aucune information sur l'identite ou le role de ce deuxieme homme n'a filtre jusqu'a present. \"Peut-etre que nous en parlerons plus tard. Mais pour l'instant, sans autorisation de l'enqueteur, je ne peux pas reveler de details. C'est dans l'interet de l'enquete\", s'est contente de declarer a l'AFP la porte-parole du SBU, Olena Guitlianska. Gregoire Moutaux etait inconnu des services de police. Domicilie a Nant-le-Petit, un village de 80 habitants de la Meuse (est de la France), il a ete decrit comme un \"gamin tres agreable avec ses voisins, intelligent et sympathique\" par le maire du village et un \"salarie irreprochable\" par le directeur technique de la cooperative qui l'employait en tant qu'inseminateur. Un tee-shirt sigle d'un groupe d'extreme droite a ete saisi lors d'une perquisition a son domicile dans la Meuse, selon une source policiere francaise. Selon les services secrets ukrainiens, il prevoyait de cibler une mosquee, une synagogue et des centres d'impots pour montrer son opposition a la politique migratoire de la France, a \"la diffusion de l'islam\" et a \"la mondialisation\". Ces services n'indiquent pas comment un homme seul et sans reseau pourrait perpetrer un nombre aussi important d'attentats. De leur cote, les enqueteurs francais semblent privilegier la piste du trafic d'armes, sans visees terroristes. Un enquete a ete ouverte et confiee a l'Office central de lutte contre la criminalite organisee et au service regional de la police judiciaire de Nancy (Est). Les enqueteurs francais n'ont \"rien pour confirmer ou infirmer une eventuelle piste terroriste\" et vont demander \"des complements d'informations\" aux Ukrainiens, selon une source policiere. Les Ukrainiens n'ont pas prevenu leurs homologues francais qu'ils surveillaient un Francais sur leur territoire, selon une source policiere francaise. D'apres une autre source policiere, ce sont les gardes-frontieres polonais qui ont fait le premier signalement a la France. Ensuite, l'attache de securite interieure couvrant la zone a recolte avec difficulte des elements aupres des autorites ukrainiennes. ", "theme": "societe"}