{"id_art": "4ccce1be62f0521a6d07392a68eb65f9", "title": "Attentat d'Istanbul : ce Tunisien voulait combattre le terrorisme, il en est mort", "newspaper": "LePoint", "author": [" Le Point.fr"], "date_publi": "2016-06-30", "content": " Un colonel de 58 ans a perdu la vie dans l'attentat perpetre a l'aeroport Ataturk alors qu'il negociait le retour en Tunisie de son fils repenti de Daech. Le colonel Fathi Bayoudh se trouvait en Turquie dans un but precis, le 28 juin, lorsqu'il a perdu la vie dans le triple attentat-suicide perpetre a l'aeroport international Ataturk d'Istanbul. A 58 ans, cet officier de l'armee tunisienne avait fait le deplacement de Tunisie pour tenter d'obtenir le rapatriement de son fils, incarcere apres avoir un temps rejoint les rangs de l'Etat islamique en Syrie. Le pere, qui l'avait enfin convaincu de rentrer avec lui en Tunisie, a ete tue en attendant la mere, sur le point de les rejoindre dans la capitale turque. Selon le site tunisien Business News, qui cite une source ministerielle, Fathi Bayoudh faisait, depuis deux mois, << de frequents allers-retours >> en Turquie afin d'organiser le retour au bercail de son garcon. Faycal Ben Mustapha, le directeur general des affaires consulaires au ministere des Affaires etrangeres, a indique que le fils de Fathi Bayoudh s'etait aussi rendu en Irak par le passe. << On ne sait pas precisement ce qu'il [y] a fait >> a-t-il ajoute, precisant que le consulat de Tunisie a Istanbul etait en contact avec la famille Bayoudh << depuis decembre >> 2015. Le destin tragique du colonel a mis la Toile en emoi. Les internautes tunisiens en ont profite pour evoquer sa participation a une mission humanitaire en Algerie datant de 2003. La Tunisie, elle-meme frappee par des attentats sanglants depuis l'an dernier, compte des milliers de ressortissants au sein de l'organisation djihadiste en Syrie, en Irak et en Libye voisine. #tunisie en deuil. Dr. Fathi Bayoudh Mai 2003 Mission Medico-humanitaire en #Algerie#attentatistanbul #terrorisme pic.twitter.com/C1C18uiMT8 ", "theme": "monde"}