{"id_art": "e63ea78ffc8396d3090fc38b2af25f7d", "title": "Filiere djihadiste de Strasbourg : le destin croise de deux freres accuses de terrorisme", "newspaper": "LePoint", "author": [" Marc Leplongeon"], "date_publi": "2016-05-27", "content": " Le cadet s'est fait exploser au Bataclan. L'aine est juge a Paris a partir d'aujourd'hui. Il est revenu de Syrie en 2014. Histoire de fratrie. Karim Mohamed-Aggad n'est revenu de Syrie que depuis quelques semaines lorsque la DGSI decide, ce 13 mai 2014, de l'interpeller. << Profession ? >> l'interrogent les enqueteurs. << Profession ? >> repete, moqueur, le Strasbourgeois de 23 ans. << Djihadiste >>, finit-il par repondre. Silence glacial. Les policiers dressent aussitot un proces-verbal. Une foucade plus qu'une reelle menace, en realite, pour celui qui savait le moindre de ses gestes epie depuis son retour en France. Il y a quelques jours encore, son petit frere adore, Foued, reste sur place en Syrie, lui demandait sur Skype de lui envoyer un peu d'argent. << Fais un braquo, j'sais pas moi, faut les depouiller ces kouffars [mecreants, NDLR] ! >> lui suggerait-il. << MDR, si tu savais, tu parlerais meme pas, j'crois ! Meme mon caca, ils le sentent quand je vais aux W.-C. C'est un truc de fou. L'humiliation >>, avait repondu Karim, selon des informations obtenues par Le Point.fr. Parti en Syrie en decembre 2013 avec neuf copains, Karim n'est revenu fin fevrier 2014 qu'avec six d'entre eux. Tous ont ete mis en prison un mois et demi plus tard. Ils seront juges a partir de lundi devant le tribunal correctionnel de Paris pour association de malfaiteurs en relation avec une entreprise terroriste. Deux autres, avec qui Karim a grandi, sont decedes au combat en janvier 2014. Leur mort avait refroidi un peu tout le monde, au sein de la bande, et tous s'etaient decides a rentrer. Tous sauf un : Foued, 20 ans, le petit frere, determine a rester a Raqqa. << Si je rentre en France, c'est pas pour aller en prison, c'est pour tout exploser. Alors, ne me tentez pas trop a rentrer et laissez-moi ou je suis. Je suis tres bien >>, raconte-t-il le 8 mars 2014 a un proche qui tente de le convaincre de revenir. Une semaine plus tard, sur Facebook, Foued s'emporte encore : << Si je pouvais revenir en France, wallahi, je ferais tout sauter ! Et la, ils auront une raison d'avoir peur ces putains de kouffars ! Inch'Allah, la promesse d'Allah va s'accomplir. Un jour, la France, on va l'attaquer. >> Lui, l'eternel gamin, le deconneur a la barbe dense et noire, profere desormais publiquement des menaces. Il pose tout sourire avec sa kalach ou au volant d'un pick-up, sur des photos qui sont ensuite diffusees sur le Web. Sur les videos, il adopte des attitudes menacantes. Exhibe un tee-shirt a la gloire du califat, sur lequel on distingue cet avertissement : << SVP, encore un peu de patience. La loi d'Allah est bientot de retour. Loading : 90 %. >> Comment ce mome de 20 ans qui vivait tranquillement a Toulouse avec sa copine, et qui travaillait dans une entreprise de pose de fenetres, a-t-il pu basculer si rapidement ? Fin 2013, Foued est de passage a Strasbourg pour embrasser sa mere. Karim, son grand frere qu'il ne voit pas souvent, en profite pour lui faire part de son projet de depart. Foued n'hesite pas une seconde et s'engage sur un coup de tete. Il sera de la partie. En l'espace de quelques jours, et alors qu'il n'etait pas specialement pratiquant jusqu'ici, le jeune homme se met a prier cinq fois par jour, frequente la mosquee, vit comme un religieux qui aurait des decennies de croyance derriere lui. Jusqu'au depart, les deux frangins gardent jalousement leur secret : << Moi et mon frere avions convenu de ne pas le dire, raconte Karim aux enqueteurs. On ne voulait pas l'inquieter. >> A la mi-decembre, la petite bande des dix apprentis djihadistes s'envole par deux ou trois, petris de leurs ideaux et d'une realite du terrain fantasmee. Aux policiers, Karim, hebete, dit son incomprehension : << Il y a d'un cote la France qui est contre le regime de Bachar, contre les attaques chimiques, qui condamne le regime et tout le reste. Et de l'autre, les gens vont la-bas pour aider, faire de l'humanitaire ou apporter des denrees a la frontiere, et lorsqu'ils rentrent, on les traite de terroristes et on les condamne. >> A partir de mars 2014, seul Foued est encore en Syrie. Chaque jour, sur Skype et au telephone, ses parents tentent de le faire revenir, jouant coup sur coup la colere, l'indifference ou la culpabilite. Il ne cede pas. << Ca m'a saoule de parler de la meme chose, surtout avec papa, confie-t-il a son frere dans un message du 9 mai 2014. Tu crois qu'il a compris et boum il revient a la charge. >> Meme reaction face a ses soeurs qui l'assaillent aussi de textos : << Reviens vivant >> ; << Il y a d'autres facons d'aller au paradis >>. Foued s'endurcit encore. Reste qu'il se sent un peu seul, la-bas, en Syrie. Sur Facebook, Foued echange avec Myriam*, une jeune Francaise folle amoureuse de lui. << Je suis inquiete >>, << tu me manques trop >>, << je stresse tous les jours >>, lui confie-t-elle. Il saisit sa chance : << J'espere que c'est toujours pareil, que rien n'a change malgre la distance. >> En fevrier 2014, les choses accelerent : le couple virtuel parle de se marier. << Je veux vraiment venir, mais y a un truc qui me bloque a chaque fois, lui dit-elle. Je me pose trop de questions. [...] Je veux qu'on reparle de tout ca. Et je te dirai vite une reponse ! >> - Une femme peut pas avoir mieux comme homme qu'un mujahid (combattant, NDLR), fanfaronne-t-il au telephone. - C'est trop vrai, repond-elle Le 14 mars, Myriam le rejoint a la frontiere. C'est Foued qui, sur Internet, se chargera d'annoncer son arrivee a sa famille. Les services de renseignements, eux, sont sur les dents, ecoutent la moindre de ses conversations, branchent chacun de ses telephones, mais ne parviennent pas a le localiser. Foued fait l'objet d'une fiche S. Il est juge particulierement dangereux. En avril 2014, il raconte a sa mere vouloir mourir en martyr pendant le mois du ramadan. Sa maman craint le pire. Regulierement, toutes les semaines, tous les jours parfois, il donne de ses nouvelles. Sa Myriam est enceinte. Bientot, elle accouchera. En juillet 2015, Foued est plus froid, plus distant. Il dit a sa mere qu'il << travaille >> et qu'il habite du cote de Mossoul. Sa femme et le bebe vont bien, assure le jeune djihadiste. En septembre, il ne donne plus de signe de vie. Le 13 novembre 2015, il se fait exploser au Bataclan et fait des dizaines de victimes. La mere de Foued, effondree, recoit un SMS de sa belle-fille : << Ton fils est mort en martyr. >> Lundi, devant le tribunal correctionnel de Paris, Karim Mohamed-Aggad, le grand frere, va devoir expliquer, avec ses six amis, ce qui l'a conduit a partir en Syrie. Va-t-il se desolidariser des actes commis par son frere ? ", "theme": "justice"}