{"id_art": "82e9fa382792ed308e7acb98992af56b", "title": "Menace terroriste: Le Foll pour une \"logique de Defense commune\" en Europe", "newspaper": "LePoint", "author": ["AFP"], "date_publi": "2016-08-10", "content": "Le porte-parole du gouvernement Stephane Le Foll a plaide mercredi pour une \"logique de Defense commune\" en Europe face a la menace terroriste, souhaitant developper \"des coordinations, des armees europeennes, des factions communes\". \"Tous ceux qui laissent penser que face au terrorisme aujourd'hui, a ce qui se passe sur l'ensemble du bassin mediterraneen et au Moyen et Proche-Orient, ceux qui laissent penser que c'est chacun pour soi et chacun chez soi qu'on va regler les problemes, c'est un mensonge historique qu'ils font devant leur peuple\", a declare Stephane Le Foll sur France Info. \"On ne va pas faire une armee commune, mais on ne peut plus raisonner sans avoir une logique de defense commune, c'est-a-dire cette capacite de developper des coordinations, des armees europeennes, d'avoir des factions communes. Qu'elles soient completees, coordonnees ou mises en oeuvre de maniere collective, c'est tout l'enjeu de cette Europe de la Defense\", a affirme M. Le Foll. \"Au debut de la construction de l'Europe, on avait commence par la CED (Communaute europeenne de Defense) (...) et l'Europe a explose sur cette question de la Defense (...) L'histoire de l'Europe a echoue sur la Defense, chaque pays chaque nation voulant garder sa Defense\", a-t-il regrette. \"L'Europe ne pourra pas rester comme elle est aujourd'hui sans cette capacite a pouvoir agir de concert\", a-t-il insiste. \"Je regarde ce qui s'est passe en Grande-Bretagne, j'ai vu et j'ai entendu aujourd'hui la situation economique qui s'est legerement degradee, ceux qui ont vendu la sortie de l'Union comme la solution a tout ont menti (...) Ceux qui disent que quitter ou detruire l'Europe ca va nous permettre de regler les problemes d'immigration mentent\", a-t-il aussi assure. \"C'est en s'organisant, en etant coherent qu'on reglera les problemes\", a-t-il conclu. Dans une tribune au journal Les Echos mardi, Stephane Le Foll proposait \"un nouveau contrat pour l'Europe\", avec \"une ambition autour de trois engagements: garantir la liberte et la securite, approfondir l'organisation de la zone euro; oeuvrer pour la stabilite et le developpement de ses voisins\". \"Ce sont nos democraties qui sont menacees, ce sont nos libertes qui sont contestees. Et c'est dans l'union que nos pays pourront definitivement terrasser leurs ennemis, durablement relever les defis qui leur sont poses\", avait-il ecrit. 10/08/2016 10:06:45 - Paris (AFP) - (c) 2016 AFP ", "theme": "politique"}