{"id_art": "b6800fbf38059f8fb184ed24aace5ba1", "title": "Fusillade en Floride : la piste terroriste ecartee", "newspaper": "LePoint", "author": ["Source AFP"], "date_publi": "2016-07-25", "content": " La police ne considere pas la fusillade dans laquelle deux adolescents ont ete tues et une vingtaine de personnes blessees comme un attentat. Deux adolescents ont ete tues et vingt personnes blessees dans une fusillade survenue dans la nuit de dimanche a lundi a la sortie d'une fete organisee pour des jeunes en Floride, un drame que la police ne considere pas comme un attentat. \"Ce n'est pas un acte de terreur. Ce n'est pas un attentat terroriste\", a martele Dennis Eads, chef de la police par interim de Fort Myers, lors d'une conference de presse lundi apres-midi. Cette piste avait rapidement ete ecartee par les autorites de cet Etat du sud-est des Etats-Unis recemment marque par la fusillade qui a fait 49 morts le 12 juin dans un night-club d'Orlando, le pire attentat sur le sol americain depuis le 11 Septembre. Dennis Eads a confirme que trois \"personnes presentant un interet pour l'enquete\" ont ete placees en detention. Mais \"d'autres\" sont toujours recherchees, a-t-il fait savoir. En revanche, il n'a donne aucune indication sur le mobile du ou des auteurs des tirs, signales vers 00h38 lundi, car \"c'est une enquete en cours\". Deux adolescents de 14 et 18 ans ont ete tues. Le gouverneur de Floride Rick Scott a indique lors de la meme conference de presse que vingt personnes avaient egalement ete blessees, le dernier bilan de la police evoquait entre 14 et 16 blesses, dont certains grievement. Selon Dennis Eads, les policiers sont arrives \"tres vite\" sur place, trouvant une scene \"tres chaotique, encore tres active\". Certains blesses se sont rendus par eux-memes dans des hopitaux alentour, tandis que d'autres ont ete transportes par les secours, a-t-il releve. Les tirs ont eclate sur le parking de la boite de nuit Club Blu ou etait organisee une fete pour des adolescents ages de 12 a 17 ans, protegee par des agents de securite armes, a explique le club sur Facebook. Les deux victimes ont ete identifiees comme Sean Archilles, 14 ans, et Stefan Strawder, 18 ans. Ce dernier jouait dans l'equipe de basket du lycee Lehigh Senior High School, a Lehigh Acres non loin de Fort Myers, selon le site local Wink News qui a reproduit un message que le jeune homme aurait poste sur Facebook dans la soiree dimanche. Il y disait : \"Je vais peut-etre aller a cette fete, qui y va ?\" La police avait plus tot fait part d'autres coups de feu en lien avec cette affaire, signales pres d'une maison non loin du club, ou \"il y a eu un blesse leger\". Des temoins ont decrit dans des medias des scenes de panique, les jeunes se ruant hors de la boite, pleurant et hurlant. \"C'etait une fete pour jeunes adolescents. Il y avait des enfants. Le petit que je tenais sur les genoux, il avait 14 ans, il a ete touche par balle\", a temoigne une habitante du quartier, Tatianna Nouhaioi, sur la chaine ABC News. \"Et puis il y avait aussi cette petite fille qui a recu une balle et elle avait 13 ans. La fille d'un des vigiles a ete touchee par balle, c'etait des enfants de 13, 14, 15, 16 ans\", a-t-elle deplore. \"C'est lorsque le club fermait et que les parents venaient chercher leurs enfants... que tout ca a eu lieu\", a pour sa part explique le Club Blu. Insistant sur les mesure de securite prises, l'etablissement assure qu'il \"n'aurait rien pu faire puisque ce ne sont pas des enfants de la fete qui ont commis cet acte meprisable\". \"Nous sommes terriblement desoles pour tous ceux qui ont ete touches. Nous voulions offrir aux adolescents ce que nous pensions etre un endroit sur pour s'amuser\", a-t-il ajoute. Les fusillades meurtrieres secouent regulierement les Etats-Unis, ou les armes a feu causent environ 90 deces par jour. Le debat sur ces armes a ete ravive par les attentats d'Orlando et de San Bernardino (Californie) en decembre 2015 - un couple avait tue 14 personnes - mais sans avancees notables dans un pays ou le droit de porter des armes est inscrit dans la Constitution. ", "theme": "monde"}