{"id_art": "749bfbcb8f05ee61bcfacba146e0cb38", "title": "Attentats : Bruxelles etait un plan B, les terroristes visaient la France", "newspaper": "LePoint", "author": ["Source AFP"], "date_publi": "2016-04-10", "content": " Pris de court par l'enquete qui avancait a grands pas, ils se sont finalement decides a lancer des attaques dans la capitale belge. La France a-t-elle evite un nouvel attentat de justesse ? Il faut croire. La cellule djihadiste de Bruxelles avait l'intention de frapper a nouveau Paris, mais, se sentant traquee, elle a decide precipitamment de viser plutot la capitale belge, selon les premieres revelations de l'enquete. Ces revelations font suite au coup de filet antiterroriste et a l'inculpation du suspect-cle Mohamed Abrini dans le dossier des attentats. << L'objectif du groupe terroriste etait de frapper a nouveau la France >>, a annonce le parquet federal belge dimanche, s'appuyant sur << plusieurs elements de l'enquete >>, confirmant une information parue dans le quotidien belge L'Echo. Mais, << pris de court par l'enquete qui avancait a grands pas, ils ont finalement decide dans l'urgence de frapper Bruxelles >>, poursuit le parquet, lors de la funeste journee du 22 mars, quand une serie d'attentats-suicides a l'aeroport international de Bruxelles-Zaventem et dans une station du metro avait fait 32 morts et des centaines de blesses. Le Premier ministre francais a estime dimanche a Alger que les nouvelles attaques que projetait de mener a Paris la cellule djihadiste de Bruxelles constituaient << la preuve des menaces tres elevees qui pesent sur la France >>. << C'est une preuve supplementaire des menaces tres elevees qui pesent sur toute l'Europe et, bien sur, sur la France en particulier >>, a ainsi declare Manuel Valls. << Nous ne relacherons pas notre vigilance >>, a-t-il assure. Les rebondissements se multiplient depuis l'arrestation vendredi dans la commune bruxelloise d'Anderlecht de Mohamed Abrini, un Belgo-Marocain de 31 ans, ami d'enfance de Salah Abdeslam, suspect-cle des attentats de Paris capture le 18 mars a Bruxelles, et de trois autres individus. Au lendemain des attentats a la bombe bruxellois, les enqueteurs avaient retrouve, dans un ordinateur ayant appartenu a un des deux kamikazes de l'aeroport, Ibrahim El Bakraoui, un message ou il affirmait << ne plus savoir quoi faire >> car << recherche de partout >>. Au meme moment, mais sans lien avere, un djihadiste presume, Reda Kriket, avait ete arrete le 24 mars a Paris dans une enquete sur un projet d'attentat << imminent >> dejoue en France, ainsi que trois complices presumes en Belgique. Lors de ses auditions, Abrini a reconnu etre le troisieme homme qui accompagnait les deux kamikazes de l'aerogare de Bruxelles, << l'homme au chapeau >> que les enqueteurs cherchaient a identifier a l'aide d'images de videosurveillance. En consequence, Mohamed Abrini n'est plus seulement inculpe dans le volet francais, il l'est egalement desormais pour << participation aux activites d'un groupe terroriste, assassinats terroristes et tentatives d'assassinats terroristes >> dans l'enquete sur les attentats de Bruxelles. Un mandat d'arret europeen avait ete publie contre lui par les juges francais : possible soutien logistique, Mohamed Abrini a ete filme en compagnie de Salah Abdeslam dans une station-service de l'Oise (nord de Paris), dans la voiture qui servira a convoyer les kamikazes au Stade de France deux jours plus tard. Des traces de son passage avaient ete localisees dans deux logements de Schaerbeek, une commune de Bruxelles, qui pour l'un a pu servir de cachette a Salah Abdeslam en fuite et pour l'autre etait le point de depart du commando de l'aeroport de Bruxelles. << Confronte aux resultats de diverses expertises, (il) a reconnu sa presence lors des faits >>, avait explique samedi soir le parquet federal belge. Il s'agit principalement des images de videosurveillance, selon une source proche du dossier. Les enqueteurs avaient pu retracer une partie du parcours de << l'homme au chapeau >>, de l'aerogare quittee a pied juste avant les explosions a sa disparition deux heures plus tard dans le centre de Bruxelles. Mais Mohamed Abrini a-t-il dit la verite aux enqueteurs et au juge d'instruction ? << Cela ne correspond pas au mode operatoire de l'EI >>, le groupe Etat islamique, qui a revendique les attentats, a declare un specialiste belge de l'islamisme radical, Peter Van Ostaeyen, estimant qu'il a pu mentir pour proteger le reste du reseau. Selon la RTBF, Osama Krayem, un Suedois de 23 ans arrete le meme jour que Mohamed Abrini et identifie comme le deuxieme homme du metro bruxellois, est egalement passe aux aveux. Il a indique etre parti le 22 mars d'un appartement d'Etterbeek, a Bruxelles, avec Khalid El Bakraoui, selon la RTBF. Les deux hommes ont ete filmes ensemble quelques minutes avant que ce dernier ne se fasse exploser a la station de metro Maelbeek. Les enqueteurs seraient a la recherche du sac a dos d'Osama Krayem, visible sur les images de videosurveillance. Une perquisition menee samedi a Etterbeek n'a rien donne. Les enqueteurs soupconnent Salah Abdeslam d'etre alle le chercher, ainsi que le denomme Amine Choukri, a Ulm (Allemagne), le 3 octobre quand ils sont, tres probablement, rentres de Syrie. Deux autres hommes, Herve B. M., un Rwandais de 25 ans, et Bilal E. M., 27 ans, ont egalement ete inculpes dans le volet belge pour avoir aide Abrini et Krayem. << C'est la justice >>, celui << qui a fait quelque chose, il doit payer >>, a declare le pere de Salah Abdeslam dans un entretien diffuse dimanche a la radio francaise Europe 1. << J'espere que tout le monde va parler >>, a lance cet homme de 67 ans, residant depuis 40 ans en Belgique. << On etait la, on etait heureux, on etait bien, on sortait, on rigolait, maintenant on peut meme pas sortir de chez nous. >> ", "theme": "societe"}