{"id_art": "efd4cc772faa6e8f728bc238802841f7", "title": "Tunisie: \"ni terroristes ni casseurs\", des manifestants du sud ne \"lachent rien\"", "newspaper": "LePoint", "author": ["AFP"], "date_publi": "2017-05-24", "content": "\"Ni terroristes ni casseurs\": pres du site petrolier d'El-Kamour, dans le sud tunisien, des protestataires assis en plein soleil et munis de grands reservoirs d'eau se disent determines a defendre leurs \"droits\", mais insistent sur leur caractere pacifique apres des violences. A plus de 130 km de Tataouine, en plein desert, ils sont environ 250 a poursuivre la contestation. Initie mi-mars pour reclamer notamment le \"droit a l'emploi\", leur sit-in s'est inscrit dans la duree malgre l'ouverture de negociations avec les autorites, avant de basculer dans la violence lundi. Alors que le calme est revenu depuis la veille, certains, pieds nus et tetes couvertes pour se proteger du soleil, se rafraichissent pres de cinq reservoirs. D'autres jouent aux cartes dans leurs tentes, ou discutent des evenements qui ont abouti lundi a la mort d'un des leurs, percute par une voiture de la Garde nationale (gendarmerie). \"Nous ne sommes ni des terroristes, ni des casseurs ! Nous sommes des habitants de cette region marginalisee qui reclament leurs droits a une vie digne\", affirme a l'AFP Saber Bou Ajalaa, un chomeur de 28 ans. Denoncant une \"diabolisation\" du mouvement et la tentative des forces de l'ordre de les chasser des lieux, il se dit \"plus que jamais determine\". \"Nous ne sortirons pas du cadre pacifique\", promet-il, pres d'une voiture de la protection civile calcinee et encore fumante. Dans plusieurs tentes, des matelas uses, des marmites vides ou encore un stock de produits alimentaires gisent au sol, temoignant des semaines de vie rudimentaire deja ecoulees. C'est devant le complexe petrolier garde par l'armee qu'Anouar Sekrafi, 21 ans, a ete tue durant des heurts avec les forces de l'ordre. Selon le ministere de l'Interieur, il a ete percute accidentellement par une voiture de la Garde nationale alors qu'elle faisait marche arriere. Des manifestants continuent toutefois de refuter cette version, en s'appuyant notamment sur une video partagee en masse sur les reseaux sociaux ou l'on voit une voiture de la gendarmerie roulant a grande vitesse en direction du manifestant. Quelques instants plus tard, un attroupement est visible autour du meme homme gisant au sol. \"Les manifestants jetaient des pierres sur les agents de la Garde nationale et d'un coup j'ai vu des vehicules des forces de l'ordre circulant rapidement: l'une d'elles a percute un manifestant qui est tombe sur le ventre puis a ete ecrase\", affirme a l'AFP Tarek Saidi, l'auteur de la video. A Tunis, un collectif citoyen a reclame l'ouverture d'une enquete \"impartiale\" et, mardi, des milliers de personnes en colere ont assiste aux funerailles du jeune homme, a Bir Lahmer, a 30 km au nord de Tataouine. A El-Kamour, un memorial fait de pierres et orne d'une plaque commemorative a ete erige a l'endroit meme de l'accident. Habib Lilaoui, 31 ans, n'en demord pas. \"C'est a cause des autorites et de leurs fausses promesses que nous en sommes arrives la, jusqu'a perdre notre ami !\", enrage-t-il. Le 10 mai, ces manifestants ont entendu le chef de l'Etat Beji Caid Essebsi annoncer le recours a l'armee pour proteger les sites de production d'eventuels blocages. \"Le president nous a laisse tomber ! Le chef du gouvernement et le ministre de l'Emploi (Iyed Hammami) encore davantage !\", estime Radhouane Harrar, un chomeur de 43 ans. \"Nous n'avons peur de personne, meme pas des scorpions et des serpents qui se promenent entre nos tentes. Nos revendications sont legitimes\", rencherit Bechir Bilouli, 27 ans. Recrutement de 5.000 chomeurs, creation d'un fonds d'investissement de 100.000 dinars (40.000 euros) par an...: a Tataouine, face aux propositions faites jusque-la par le gouvernement, le porte-parole du comite de coordination du mouvement, Tarek Haddad, en fournit volontiers la liste. A ceux qui voient des mains politiques tirer les ficelles, il dement \"toute influence exterieure\" et revendique le soutien d'une region tout entiere. Des tags reprenant le slogan du mouvement --\"Errakh le\" (\"On ne lache rien\")-- captent le regard a divers endroits de la cite, dont certaines routes restent entravees par des pneus, des grosses pierres et du sable. \"Le mot d'ordre de la revolution (de 2011) etait +Degage+. Maintenant, c'est +Errakh le+\", clame Abdessalem, un habitant du centre-ville, la trentaine. 24/05/2017 19:00:29 - El-Kamour (Tunisie) (AFP) - (c) 2017 AFP ", "theme": "monde"}