{"id_art": "e07b941f05bb96e6c19bb4d292451cea", "title": "Braquage du Ritz: l'ecrivain Frederic Beigbeder a cru \"a une attaque terroriste\"", "newspaper": "LePoint", "author": ["AFP"], "date_publi": "2018-01-12", "content": "\"J'ai pense a une attaque terroriste\" mais \"ce n'etait qu'un hold-up\". Present au bar du Ritz au moment du braquage du palace parisien, l'ecrivain Frederic Beigbeder livre son temoignage au Figaro de vendredi, decrivant une atmosphere \"surrealiste\". Il est 18H00 mercredi. Frederic Beigbeder est attable au bar Hemingway en train de deguster un cocktail. \"Soudain, un serveur est arrive en courant et en criant: +Partez tous, partez tous !+\" \"Juste apres, trois types cagoules ont fait a leur tour irruption dans le bar. Ils ont juste dit: +Barrez vous, on ne va pas vous faire de mal.+ Ces quelques mots, qui se voulaient j'imagine rassurant, ont declenche un vent de panique\", relate l'ecrivain. \"J'ai pense a une attaque terroriste, car nous etions le lendemain du jour anniversaire de la mort des freres Kouachi\", les auteurs de l'attaque contre Charlie Hebdo en janvier 2015. L'auteur de \"99 francs\", accompagne de son attachee de presse, trouve alors refuge dans les toilettes de l'hotel. Apres une dizaine de minutes, \"nous avons entendu a l'etage des coups de feu en rafale\". \"J'ai aussitot pense a un attentat du type Bataclan. J'imaginais qu'on allait se faire tuer un par un, qu'on allait tous y passer\", confie-t-il, precisant qu'\"entre deux claquements de balles, on entendait dans les couloirs la musique de l'hotel qui diffusait du Franck Sinatra et des melodies de Noel. C'etait assez surrealiste, on se serait cru dans un film de David Lynch\". L'attachee de presse de Frederic Beigbeder reussit a envoyer un SMS a son mari journaliste qui lui repond qu'il s'agit d'un braquage. \"On a vecu un grand moment de soulagement car ce n'etait qu'un hold-up, que les malfaiteurs etaient repartis avec leur butin et que personne n'allait venir se faire exploser\". \"Sorti en chaussettes pour ne pas faire de bruit\", Frederic Beigbeder croise alors un policier qui l'informe \"que tout etait fini\". \"Je me suis dit que la meilleure chose a faire etait alors de remonter finir nos verres. (...) J'ai fait remarquer a une barmaid que ma boisson n'avait plus le meme gout, qu'elle etait tres pimentee\", conclut-il. La totalite du butin du spectaculaire braquage a ete retrouvee jeudi, au lendemain de l'interpellation de trois malfaiteurs restes bloques dans le palace tandis que deux de leurs complices etaient toujours activement recherches. 12/01/2018 07:31:36 - Paris (AFP) - (c) 2018 AFP ", "theme": "societe"}