{"id_art": "b68eb87ce579af110199b729b7cbbdd7", "title": "Terrorisme nucleaire : la menace qui hante la communaute internationale", "newspaper": "LePoint", "author": ["Source AFP"], "date_publi": "2016-04-01", "content": " Le scenario catastrophe d'une \"bombe sale\" hante les travaux d'une cinquantaine de dignitaires etrangers reunis autour de Barack Obama a Washington. Le president americain Barack Obama a prevenu vendredi que la << menace >> d'un acte de << terrorisme nucleaire >> qui serait perpetre par des djihadistes << fous >> de l'Etat islamique (EI) continuait de planer sur la communaute internationale, en depit des efforts mondiaux pour la contrecarrer. << Nous avons sensiblement reduit le risque. Mais (...) la menace du terrorisme nucleaire persiste et continue d'evoluer >>, a declare Barack Obama en ouvrant la session pleniere d'un sommet international sur la surete nucleaire a Washington. << Il ne fait aucun doute que si ces fous mettaient la main sur une bombe nucleaire ou sur du materiel nucleaire, ils l'utiliseraient certainement pour tuer autant d'innocents que possible >>, a mis en garde le president des Etats-Unis. << Heureusement, grace a nos efforts coordonnes, aucun groupe terroriste n'a reussi jusqu'a present a acquerir une arme nucleaire ou une bombe sale faite de materiaux radioactifs >>, a-t-il toutefois souligne. Mais Barack Obama a rappele que le groupe islamiste << Al-Qaida avait longtemps cherche (a s'emparer) de materiaux nucleaires >> et que << des individus impliques dans les attentats de Paris et de Bruxelles avaient filme par video un responsable officiel d'une infrastructure nucleaire >>. Le president americain faisait reference a des informations de la presse belge et internationale la semaine derniere apres les attentats de Bruxelles revendiques par l'Etat islamique (EI) : la presse affirmait que la cellule islamiste bruxelloise des attaques du 22 mars avait prevu de fabriquer une << bombe sale >> radioactive, a la suite d'une surveillance par video d'un << expert nucleaire >> belge mise sur pied par deux des kamikazes, les freres Bakraoui. Le scenario catastrophe d'un << attentat terroriste nucleaire >>, au moyen d'une << bombe sale >> entre les mains de djihadistes, hante les travaux d'une cinquantaine de dignitaires etrangers reunis jeudi et vendredi a Washington autour de Barack Obama pour parler de << surete nucleaire >>. Si tres peu d'experts pensent qu'une organisation djihadiste puisse se doter d'une arme atomique, beaucoup craignent qu'elle ne s'empare d'uranium ou de plutonium pour assembler une << bombe sale >>. Un tel engin ne provoquerait pas d'explosion nucleaire, mais la diffusion de radioactivite pourrait avoir de terribles consequences sanitaires, psychologiques et economiques. Barack Obama, qui quittera le pouvoir en janvier, est le chef d'orchestre de ce sommet sur le nucleaire dont il avait lance la premiere edition en 2010, un an apres son celebre discours de Prague en avril 2009 ou il avait expose sa vision d'un << monde sans armes nucleaires >>. ", "theme": "monde"}