{"id_art": "a1ab38e931486bad577312afc7374c76", "title": "Menace terroriste : un jeune homme de 18 ans mis en examen et ecroue", "newspaper": "LePoint", "author": ["Source AFP"], "date_publi": "2016-10-04", "content": " L'individu, en lien avec le djihadiste Rachid Kassim, mais inconnu des services de renseignements, est soupconne d'avoir voulu commettre un attentat. Un nouveau proche de Rachid Kassim, djihadiste francais considere par la police comme le probable commanditaire d'attaques terroristes en France, a ete mis en examen et ecroue mardi 4 octobre dans la soiree. Le jeune homme de 18 ans est soupconne d'avoir vouloir commettre une attaque, a-t-on appris de source judiciaire. Inconnu des services de renseignements, il a ete mis en examen pour association de malfaiteurs criminelle en relation avec une entreprise terroriste, a precise cette source. Le jeune homme avait ete interpelle vendredi lors d'une operation antiterroriste a Clichy, dans les Hauts-de-Seine, menee par les policiers de la Direction generale de la securite interieure (DGSI) et du Raid. << Il y avait une suspicion de passage a l'acte >> du suspect, decrit comme << une personnalite fragile >>, a releve une source proche de l'enquete. Il etait en contact via la messagerie Telegram avec Rachid Kassim, soupconne de teleguider des attentats en France depuis la zone irako-syrienne. Kassim, 29 ans, originaire de Roanne dans la Loire, est suspecte d'avoir inspire de maniere plus ou moins directe l'assassinat d'un policier et de sa compagne le 13 juin a Magnanville (Yvelines), et celui d'un pretre, egorge dans son eglise a Saint-Etienne-du-Rouvray (Seine-Maritime) le 26 juillet. Il aurait aussi pilote les projets d'attentats du commando de femmes, arrete debut septembre a Boussy-Saint-Antoine (Essonne) apres la decouverte d'une voiture chargee de bonbonnes de gaz en plein coeur de Paris. Ces dernieres semaines, une dizaine de personnes, souvent jeunes, voire mineures, ont ete interpellees et ecrouees, soupconnees de vouloir commettre des attaques djihadistes. La plupart etaient en contact, via Telegram, avec Kassim. Ces arrestations interviennent alors que, selon le Premier ministre Manuel Valls, la menace terroriste est << maximale >> en France, touchee depuis 2015 par une serie d'attentats qui ont fait 238 morts. ", "theme": "societe"}