{"id_art": "86373e5818e15339eb314f6555dd7809", "title": "Le gouvernement veut perenniser l'etat d'urgence", "newspaper": "LePoint", "author": [" Le Point.fr"], "date_publi": "2017-06-08", "content": " Le projet de loi \"renforcant la lutte contre le terrorisme et la securite interieure\" transforme l'etat d'urgence en un regime de droit commun. Revele par Le Monde, le projet de loi discretement prepare par le gouvernement d'Edouard Philippe est un veritablement bouleversement de notre appareil judiciaire. Il ambitionne de faire entrer dans le droit commun la quasi-integralite des mesures prevues par l'etat d'urgence (perquisitions et fermetures administratives de certains lieux de culte, assignations a residence, surveillance electronique, etc.). Des mesures qui etaient donc, jusqu'a present, purement temporaires... Seul garde-fou prevu par le texte : ce nouvel arsenal securitaire ne pourra s'appliquer qu'a la matiere terroriste, alors qu'il est aujourd'hui egalement utilise, dans le cadre de l'etat d'urgence, pour lutter contre la criminalite organisee (trafic d'armes, grand banditisme, etc.). Le projet de loi devrait etre presente le 21 juin en conseil des ministres et a d'ores et deja ete transmis au Conseil d'Etat, selon Le Monde. Il repond a une tendance legislative claire depuis les attentats de 2015 : une augmentation des pouvoirs des prefets et du juge administratif, et une mise a l'ecart du juge judiciaire. Pour une grande partie des mesures prevues par le projet de loi, l'autorisation du parquet n'est ainsi pas necessaire, seul son avis est recueilli. Exemple : si le ministere de l'Interieur souhaite placer, pour une duree determinee, une personne sous bracelet electronique, car elle estime que le comportement de cette meme personne \"constitue une menace pour l'ordre public\", elle pourra le faire sans avoir besoin de l'autorisation du procureur. \"Est-ce que tout le monde se rend bien compte qu'on sortirait alors de l'etat de droit ?\", a tweete Cecile Duflot, jeudi matin. Est ce que tout le monde se rend bien compte qu'on sortirait alors de l'etat de droit ?? Vertigineux ! https://t.co/JxERvkWCf0 De nombreux defenseurs des libertes ont eux aussi reagi a la lecture du Monde. Ce projet de loi est une \"derive mortifere\", selon le juriste Nicolas Hervieu, qui denonce le \"poison des legislations d'exception\" qui se diffuse dans le droit commun \"dans l'indifference quasi generale\". Plusieurs personnes ont egalement pointe les abus du texte, comme cette obligation faite a l'assigne a residence de livrer aux autorites, sous peine de sanction, l'integralite de ses identifiants electroniques (mails, reseaux sociaux, plateformes de partage de videos, etc.) Les policiers pourront mener des perquisitions administratives en pleine nuit apres autorisation speciale du procureur de la Republique. Et auront le droit d'utiliser a cette occasion des Imsi-catchers (des appareils qui permettent de surveiller les systemes de communication), afin de recueillir des donnees informatiques sans l'assentiment de leur proprietaire. Une fois n'est pas coutume : ce n'est pas, selon le projet de loi, le juge judiciaire qui autorisera leur exploitation, mais bel et bien le juge des referes du tribunal administratif. Le Parti socialiste a quant a lui fait part \"de sa plus vive inquietude\". \"Cela temoigne, comme le soulignait (l'ancien ministre de la Justice) Jean-Jacques Urvoas, du risque de banalisation de l'exception que fait courir a notre democratie +l'accoutumance a cette situation hors norme\", insiste egalement le PS. ", "theme": "societe"}