{"id_art": "f4f8d7ecb194b8be0904df79995153cb", "title": "Attentat de Londres : une nouvelle ombre sur l'election de Theresa May", "newspaper": "LePoint", "author": [" Yves Cornu"], "date_publi": "2017-06-04", "content": " VIDEO. La Premiere ministre comptait sur les elections de jeudi pour asseoir sa legitimite. Les attentats de Manchester puis de Londres contrarient ses plans. Il y a encore un mois, l'affaire etait entendue. Le Parti conservateur et Theresa May seraient les grands gagnants des elections legislatives anticipees organisees ce jeudi 8 juin. Et la chef du gouvernement y gagnerait doublement. La large victoire qui lui etait promise allait lui donner la legitimite qui lui fait encore defaut puisqu'elle a succede l'an dernier a David Cameron sans passer par la case election, dans la foulee de la victoire des partisans du Brexit. Elle devait, en outre, lui assurer une majorite absolue renforcee a la Chambre des communes, l... Deja abonne ? Pas encore abonne ? ", "theme": "europe"}