{"id_art": "f9a6a7b282102620f650331d55a08f3a", "title": "Une section de Radio Free Europe, fermee au Pakistan, emet depuis Prague", "newspaper": "LePoint", "author": ["AFP"], "date_publi": "2018-01-26", "content": "Accusee de presenter le pays comme un \"noeud du terrorisme\", la section pachtoune de Radio Free Europe a ete fermee par les autorites au Pakistan, en plein regain de tension entre Islamabad et Washington, et emet desormais depuis Prague en attendant \"que la poussiere retombe\". Le bureau d'Islamabad de Radio Mashaal (\"Torche\"), qui s'adresse a quelque dix millions de personnes dans les zones du Pakistan proches de la frontiere afghane, a ete ferme la semaine derniere. Selon le ministere de l'Interieur, les services de renseignement pakistanais, l'ISI, ont juge que ses emissions etaient \"en phase avec le programme d'une agence de renseignement hostile\". Une notice du ministere postee sur le site web de la radio accuse cette derniere de presenter le Pakistan comme un \"Etat en faillite\" et un \"noeud du terrorisme et lieu d'accueil pour differents groupes de militants\", et d'inciter les populations pachtounes a la revolte contre l'Etat. \"Des equipes de policiers sont arrivees a notre bureau a Islamabad et ont demande a nos employes de ramasser leurs affaires et de fermer les locaux\", raconte a l'AFP Daud Khattak, un des chefs de la redaction de la radio qui s'est refugiee au quartier general de Radio Free Europe a Prague. \"Plus tard, en regardant certaines chaines pakistanaises, j'ai entendu aux informations que nous travaillions pour la CIA\". Financee par le Congres des Etats-Unis, Radio Free Europe/Radio Liberty a ete fondee en 1950 pour emettre vers le bloc sovietique. Elle emet aujourd'hui en 25 langues et cherche a \"se substituer aux medias libres dans 23 pays ou la libre circulation des informations est interdite ou sous-developpee\". La fermeture de la radio survient au moment ou les tensions montent entre Islamabad et Washington. Le president Donald Trump a gele jusqu'a 1,5 milliard d'euros de fonds destines au Pakistan pour forcer ce pays a cesser son soutien presume aux talibans afghans et autres groupes islamistes. Le Pakistan a dementi ces allegations et accuse Washington d'ignorer ses sacrifices dans la guerre contre l'extremisme. Fondee en 2010, Radio Mashaal couvre les zones tribales, une region sensible s'etendant des deux cotes de la frontiere, ou les talibans sont tres presents et ou l'armee pakistanaise mene regulierement des operations contre des groupes extremistes. La radio compte plus de 1,6 million d'\"amis\" sur Facebook. Tout media critiquant l'armee au Pakistan s'expose aux foudres des autorites. Mais il est rarissime que le role des services de renseignement dans une intervention contre la presse soit officiellement confirme, comme c'est le cas avec Radio Mashaal. C'est le dernier cas en date des pressions exercees sur les journalistes pakistanais par les forces de securite. Plusieurs enlevements et attaques contre des journalistes et des militants, dont la tentative d'enlevement d'un correspondant de la television France24, font craindre que l'establishment militaire agisse pour reduire l'espace de critique et de liberte d'expression. Couvrir cette region, \"c'est comme marcher sur la corde raide. Mais nous l'avons fait tout le temps\", dit M. Khattak a l'AFP. Ce journaliste avec vingt ans de metier assure que les emissions de la radio n'avaient aucun caractere agressif. \"Nous couvrons les problemes des zones tribales, qu'il s'agisse de l'eau potable, des services de sante, des routes ou des ecoles detruites\" par les talibans, affirme-t-il. Selon lui, les reporters de Mashaal sont surveilles par les agences de renseignement depuis deux ans. Des messages de soutien ont afflue a la station apres que Reporters sans Frontieres, le Comite pour la protection des journalistes (CPJ) et plusieurs hommes politiques pakistanais eurent manifeste leur inquietude. Le chef de Radio Mashaal a Islamabad, ses quatre reporters et deux douzaines de pigistes sont actuellement en conge. La radio emet depuis Prague neuf heures par jour. M. Khattak espere qu'\"une fois la poussiere retombee, les choses vont revenir a la normale\" \"Mais je ne sais pas s'il sera possible de rouvrir le siege\", reconnait-il. frj/amj/via/mc/roc/sg 26/01/2018 16:48:28 - Prague (AFP) - (c) 2018 AFP ", "theme": "monde"}