{"id_art": "6b8742b58cea898aab275b36cb91e62e", "title": "\"Risque reel\" de financement de nouvelles attaques terroristes en Europe", "newspaper": "LePoint", "author": ["AFP"], "date_publi": "2017-09-07", "content": "Le repli des troupes du groupe Etat islamique (EI) en Irak et Syrie s'accompagne de transferts d'argent qui pourraient servir a des attaques en Europe, a averti jeudi le commissaire europeen Julian King, parlant de \"risque reel\". \"Pendant que nous enregistrons des succes contre Daech (acronyme en arabe de l'EI) en Irak et Syrie, ils transferent des fonds a l'exterieur\" de ces pays, a declare Julian King devant la commission des libertes civiles du Parlement europeen. \"Il y a un risque reel d'un nouvel afflux de financements pour le terrorisme. Nous devons etre conscients de cela et travailler ensemble pour voir ce qu'on peut y faire\", a ajoute le commissaire charge des questions de securite. Dans le cadre de sa strategie tous azimuts, visant notamment l'Europe ou \"le rythme des attaques s'accelere\", l'EI poursuit ses envois de fonds a l'etranger, souvent des petites sommes difficiles a detecter, relevait le mois dernier un rapport de l'ONU. La situation financiere de l'EI \"continue de se deteriorer\", soulignait aussi le rapport, faisant valoir que les sources de financement (petrole, impots preleves sur les populations locales) se tarissaient au rythme des replis et pertes de terrain. Mais les experts sont toutefois unanimes pour dire que la prochaine defaite militaire du groupe jihadiste en Irak et en Syrie ne le fera pas disparaitre. Daech pourrait se reconstituer dans un avenir proche \"tout en continuant d'animer dans le monde des reseaux de sympathisants et de militants galvanises par l'extreme violence de ce combat\", a estime recemment le chercheur Jean-Pierre Filiu, professeur a Sciences Po Paris. 07/09/2017 15:02:38 - Bruxelles (AFP) - (c) 2017 AFP ", "theme": "monde"}