{"id_art": "d532cc756fd3cb1463aa96fbfdd6e75e", "title": "Le terrorisme devient le premier sujet de preoccupation des Francais, devant le chomage", "newspaper": "LePoint", "author": ["AFP"], "date_publi": "2017-12-07", "content": "Le terrorisme est le premier sujet de preoccupation des Francais et devance pour la premiere fois depuis 2006 le chomage, selon une enquete annuelle publiee jeudi sur le ressenti face a l'insecurite. Il s'agit de la onzieme enquete annuelle dite de \"victimation\" portant sur l'annee 2016, publiee par l'Observatoire national de la delinquance et des reponses penales (ONDRP) et l'Institut national de la statistique (Insee). Cette enquete permet de mesurer l'evolution de la delinquance au-dela des seules statistiques administratives de la police et de la gendarmerie, en sondant 16.000 Francais de 14 ans et plus, qui ne portent pas systematiquement plainte lorsqu'ils sont victimes. \"En 2017, une personne sur trois cite le terrorisme et les attentats comme le probleme le plus preoccupant pour la societe francaise (32 %)\", selon cette etude. Pour la premiere fois depuis 2006, la \"proportion de personnes inquietes a cause du terrorisme prend le pas sur celle mesuree pour le chomage (23 %)\", poursuit l'etude. Pour autant, les Francais declarent etre moins preoccupes par la delinquance (9 % en 2017 contre un peu un peu moins de 14 % en 2014). Une nouvelle fois, l'etude met en evidence des taux de plainte variables selon le type de faits. Si les atteintes aux biens sont celles pour lesquelles les taux de plaintes sont les plus elevees (75 %), les violences sont suivies d'une plainte dans moins de 30 % des cas. Ce taux tombe a moins de 15 % lorsqu'il s'agit de violences sexuelles ou de violences dans le menage ou au sein du couple. Parmi les indicateurs a la baisse, l'etude releve le recul en 2016 des cambriolages et tentatives de cambriolages, amorce en 2015. L'etude estime a 470.000 le nombre de menages victimes contre 550.000 en 2014. Les violences physiques hors menage connaissent aussi une baisse significative en 2016 (610.000 victimes estimees contre 770.000 en 2015). Apres avoir augmente jusqu'en 2013 (372.000 victimes), le nombre de personnes ayant subi un vol ou une tentative de vol avec violence, qui avait significativement baisse en 2014, continue a decroitre en 2016 avec 186.000 victimes. Dans 40 % des cas de vols violents, un telephone portable etait convoite par l'agresseur. L'enquete souligne aussi la forte hausse depuis 2010 des debits frauduleux sur les comptes bancaires: un peu plus de 1,2 million de menages possedant un compte bancaire ont declare en avoir subi un. 07/12/2017 10:54:49 - Paris (AFP) - (c) 2017 AFP ", "theme": "societe"}