{"id_art": "8dc9092cd0b3884215dec18db7802a35", "title": "Sihem Souid - Ne laissons pas les terroristes gagner, sortons !", "newspaper": "LePoint", "author": [" Sihem Souid", "Sihem Souid", "Sihem Souid"], "date_publi": "2016-04-28", "content": " Ne cedons pas a la peur : il faut que les Francais combattent leur apprehension et continuent de sortir et de boire des verres en terrasse. Les specialistes le disent : nous avons encore peur de sortir, de boire un verre en terrasse, d'aller dans les lieux publics pour nous divertir. Notre apprehension se ressent aupres des agences de voyages, des parcs d'attractions, des restaurants..., qui se plaignent tous d'une baisse d'activite d'au moins 20 %. C'est normal et comprehensible. D'ailleurs, le professeur Charles Peretti, chef de service du pole psychiatrie de l'hopital Saint-Antoine, l'affirme : << La reaction des gens est comprehensible apres les attentats. C'est un evitement phobique anticipatoire, c'est une sorte de contagion de type phobique. Apres un stress important ou les gens sont concernes de pres ou de loin, ils evitent les endroits qui peuvent leur rappeler des lieux dangereux (cafes, terrasses...). >> Toutefois, il est venu, le temps des beaux jours et des sourires sur nos visages. Meme si, dans quelques endroits en France, le soleil est legerement timide, il est important pour nos vies de surmonter nos peurs. Nous pensons que << dehors >> n'est pas sur. Or cette pensee est avant tout illusoire et notre crainte d'un certain manque de securite devrait fondre comme neige au soleil. D'ailleurs, toujours selon Charles Peretti, << il y a l'imaginaire de la scene traumatique amplifiee par les medias qui vont dramatiser sans le vouloir le contexte traumatique des gens. >> En d'autres termes, ecoutez-vous, vous et vos envies. Sortez ! Ici ou la, il y a plein d'endroits qui nous proposent d'etre heureux. Ne nous privons pas des petits plaisirs partages, par exemple boire un verre en terrasse avec des amis, aller manger au restaurant, sortir au musee ou aller a Disneyland en famille. De plus, souvent des l'entree, comme au parc Disneyland, il y a toutes les ressources humaines (agents de securite) et materielles (portiques de securite) pour assurer notre securite et nous rassurer. Tout est present pour que nous plongions, pour une journee, dans un autre monde. Le parc Asterix, la Foire du Trone, le musee Grevin, la tour Eiffel et tout un tas d'autres endroits a Paris et en province disposent aujourd'hui de dispositifs nous permettant d'etre rassures et de passer des moments heureux. Qu'attendons-nous pour nous faire plaisir ? Ceder a la peur, c'est l'objectif des terroristes. Alors, ne les laissons pas gagner et influer sur le quotidien de nos vies. ", "theme": "societe"}