{"id_art": "1fa2cf2f68be44636692d3117a7638c4", "title": "Allemagne: le festival \"Rock am Ring\" evacue en raison d'une \"menace terroriste\"", "newspaper": "LePoint", "author": ["AFP"], "date_publi": "2017-06-02", "content": "Le festival de musique \"Rock am Ring\", le plus important du genre en Allemagne, a ete evacue vendredi soir en raison d'une \"menace terroriste\", moins de deux semaines apres l'attentat de Manchester contre une salle de concert qui a fait 22 morts. La police de Coblence (ouest) a indique disposer \"d'elements concrets, au vu desquels une possible menace terroriste n'est pas a exclure\", dans un communique diffuse au premier jour de l'evenement, ou 90.000 spectateurs etaient attendus, et qui doit s'achever dimanche. Vendredi soir, la tete d'affiche devait etre le groupe berlinois Rammstein. \"Comme la securite est la priorite et que toute mise en danger des festivaliers doit etre autant que possible evitee, il a ete decide de suspendre le festival pour aujourd'hui\", poursuit la police, sans precisions sur la nature de la menace et les elements tangibles dont elle dispose. Les organisateurs de leur cote ont prie les visiteurs, dans un message distinct, de se diriger \"dans l'ordre et le calme vers les sorties et les terrains de camping\" afin de \"soutenir les investigations de la police\". Ils ont dit esperer que le festival, qui s'etend en partie sur la ligne des stands du celebre circuit automobile du Nurburgring, reprenne des samedi. L'evenement avait ete en partie annule l'an dernier en raison de violents orages, la foudre ayant fait des dizaines de blesses. La police a precise que la securite de \"Rock am Ring\" avait deja ete renforcee dans la foulee de l'attentat commis le 22 mai a Manchester apres un concert de la chanteuse pop americaine Ariana Grande, avec \"1.200\" hommes supplementaires deployes pres du village d'Adenau, dans le massif de l'Eifel. Les autorites allemandes sont par ailleurs sur le qui-vive en raison de la menace islamiste pesant sur l'Allemagne, particulierement depuis un attentat au camion-belier revendique par le groupe Etat islamique qui a fait 12 morts en decembre dernier sur un marche de Noel a Berlin. Les mouvements islamistes potentiellement violents ont connu ces deux dernieres annees un essor dans le pays. Les services du renseignement interieur estiment a environ 10.000 le nombre d'islamistes radicaux en Allemagne, dont 1.600 soupconnes de pouvoir passer a la violence. Outre l'attaque au camion-belier a Berlin, l'EI a revendique en 2016 un meurtre a Hambourg (nord), un attentat a la bombe a Ansbach (sud) qui avait fait 15 blesses et tue l'assaillant, ainsi qu'une attaque a la hache dans un train en Baviere (5 blesses) dont l'auteur a ete abattu par la police. Si le meurtre n'a jamais ete elucide, les trois autres attentats revendiques ont ete commis par des demandeurs d'asile --un Tunisien, un Syrien et un Afghan-- arrives en Allemagne lors de la crise migratoire de 2015. La chanceliere Angela Merkel avait alors ouvert les portes du pays a quelque 900.000 demandeurs d'asile. L'Allemagne a egalement connu une serie de fausses alertes, notamment lors du match de football Allemagne-Pays-Bas annule moins d'une heure avant la rencontre a Hanovre (nord), le 17 novembre 2015, quatre jours apres les attentats de Paris. La gare centrale de Munich (sud) et celle de Pasing, a l'ouest de la ville, avaient par ailleurs ete evacuees dans la nuit du 31 decembre 2015, en raison d'une crainte d'attentat suicide. Aucune arrestation n'avait eu lieu dans ces deux affaires. 02/06/2017 23:04:49 - Berlin (AFP) - (c) 2017 AFP ", "theme": "monde"}