{"id_art": "543c6c501baf6666e13a6d6cb52c8112", "title": "Hariri met en garde Le Pen contre l'\"amalgame\" entre islam et terrorisme", "newspaper": "LePoint", "author": ["AFP"], "date_publi": "2017-02-20", "content": "Le Premier ministre libanais Saad Hariri a mis en garde lundi a Beyrouth la candidate d'extreme droite francaise a la presidentielle Marine Le Pen contre tout \"amalgame\" entre l'islam et le terrorisme. \"L'erreur la plus grave serait l'amalgame entre islam et musulmans d'une part, terrorisme d'autre part\", a affirme le chef du gouvernement au cours de sa rencontre avec Mme Le Pen, selon un communique diffuse par ses services. \"Les Libanais et les Arabes comme la majorite du monde considerent la France comme la patrie des droits de l'Homme et de l'Etat republicain qui ne fait aucune distinction ethnique, religieuse, ou de classe entre ses citoyens\" a encore affirme M. Hariri, leader de la communaute sunnite libanaise. \"Les musulmans sont les premieres victimes du terrorisme se reclamant de la religion\" a aussi affirme le Premier ministre. \"Les moderes qui constituent l'ecrasante majorite des musulmans en sont la cible\". M. Hariri est nettement hostile au regime syrien, soutenu par le FN : il accuse Damas d'etre implique dans l'assassinat en 2005 de son pere Rafic Hariri et soutient le mouvement de revolte contre Bachar al-Assad. Mme Le Pen avait auparavant eu une entrevue au palais presidentiel avec le president libanais Michel Aoun. S'exprimant devant la presse a l'issue de la rencontre avec M. Hariri, Mme Le Pen s'est a nouveau \"rejouie\" de rencontrer un responsable etranger en exercice avec lequel il y a \"bien entendu des analyses communes\" sur la crise syrienne, \"notamment sur la necessite absolue de pouvoir mettre autour de la table l'ensemble des nations qui veulent lutter contre le fondamentalisme islamiste et Daech\". \"Sur un certain nombre de points nous avons des divergences, ca n'etonnera personne, qui sont liees aussi peut-etre a la situation geographique de nos deux pays\", a-t-elle convenu. \"J'ai exprime l'analyse qui est la mienne : en l'etat il m'apparaissait n'y avoir aucune solution viable et plausible en dehors de ce choix binaire qui est Bachar al-Assad d'un cote, l'Etat islamique (EI) de l'autre\". Le premier constitue \"une solution bien plus rassurance pour la France\" que le second, a-t-elle dit, en vantant sa \"politique realiste\". \"Chacun defend, c'est naturel, nous sommes deux patriotes, l'interet de son pays\", a relativise la fille de Jean-Marie Le Pen. Mme Le Pen, arrivee dimanche a Beyrouth, doit rencontrer d'autres responsables politiques, dont le ministre des Affaires etrangeres mais aussi religieux d'ici a la fin de sa visite, mardi apres-midi. 20/02/2017 13 :50 :41 - Beyrouth (AFP) - (c) 2017 AFP ", "theme": "monde"}