{"id_art": "5a62a04e47ec267309b5ab531bb4cfdc", "title": "Terrorisme : pour les JO, le Bresil se prepare au pire", "newspaper": "LePoint", "author": ["Source AFP"], "date_publi": "2016-02-04", "content": " A 6 mois de l'ouverture des Jeux olympiques a Rio, \"nous nous preparons pour affronter le pire scenario\", confie le responsable a la securite. Les nuages s'amoncellent sur les Jeux olympiques de Rio. En plus de la menace du virus Zika, c'est un autre risque que doit affronter le Bresil. Choque par les attentats de 2015 a Paris, le pays se prepare << pour le pire scenario >> a six mois des JO, meme s'il n'a jamais subi d'attaque terroriste et que, vu de Rio de Janeiro, le Proche-Orient parait bien lointain. << Nous ne pouvons rester indifferents a la barbarie de Paris. Nous sommes en etat d'alerte permanent. Nous nous preparons pour affronter le pire scenario >>, explique Andrei Rodrigues, chef du Secretariat a la securite pour les grands evenements. Cet organisme gouvernemental s'est deja solidement rode avec la Coupe des confederations de football et la visite du pape Francois en 2013, puis le Mondial 2014 de football. Quelque 85 000 membres des forces de securite - 47 000 policiers et 38 000 militaires - seront mobilises pour assurer la securite des 10 500 athletes, mais aussi des officiels, journalistes et touristes du monde entier attendus a Rio pour les Jeux (5-21 aout). C'est le double de Londres en 2012. Criminalite urbaine endemique du narcotrafic, vols, manifestations violentes : les autorites ont recense douze menaces potentielles. Mais le risque terroriste s'est hisse en tete de liste apres la vague d'attentats commis par Daech en 2015, a Paris, mais aussi en Egypte, en Tunisie, au Mali... << Comme le Bresil n'est pas partie prenante aux divers conflits du Proche-Orient et que globalement l'Amerique du Sud est dans une zone eloignee des troubles geopolitiques actuels, on pourrait penser qu'il n'est pas dans le champ de vision des terroristes >>, explique Pascal Boniface, directeur de l'Institut de relations internationales et strategiques (Iris) a Paris. << Sauf que ce que recherchent les terroristes, c'est de marquer les opinions. Or, a part la Coupe du monde de football, il n'y a pas d'evenement mondial plus visible que les JO. (...) Le risque terroriste suit les cameras >>, met en garde ce specialiste. L'olympisme en a deja fait la douloureuse experience a Munich lors des Jeux de 1972 : un commando palestinien avait pris en otage l'equipe olympique israelienne et execute 11 de ses membres. Le Bresil en est conscient. Meme s'il n'a pas d'ennemi declare, les Jeux vont attirer des ressortissants de pays particulierement cibles par les djihadistes: Etats-Unis, France, Israel, Russie... Le 16 novembre, trois jours apres les derniers attentats de Paris, le Francais Maxime Hauchard, considere comme l'un des bourreaux de l'organisation Etat islamique (EI) en Syrie, avait ainsi poste sur Twitter cette menace explicite, depuis effacee: << Bresil, vous etes notre prochaine cible. >> Les autorites bresiliennes vont reproduire pour les JO le modele eprouve avec succes au Mondial de football. Elles vont reactiver leurs centres nationaux de controle et de commandement integres a Brasilia et Rio de Janeiro, qui ont facilite un important rapprochement entre les forces de police, l'armee, les douanes, le service de renseignements Abin. Ces centres nevralgiques activeront les forces sur le terrain au moindre signal suspect. Ils seront en liaison permanente avec les centres de securite des quatre zones olympiques de Rio : Barra da Tijuca, Maracana, Deodoro, Copacabana. En outre, apres l'attaque contre Charlie Hebdo en janvier 2015, << nous avons decide d'innover pour les JO en creant egalement un centre integre antiterroriste >>, souligne Andrei Rodrigues. Des juillet, des policiers des services de contre-espionnage de nombreux pays y partageront avec leurs collegues bresiliens des informations sensibles, explique Andrei Rodrigues. << Tous les Etats ont interet a ce que ca se passe bien. On peut penser que la cooperation sera tres forte. Les rivalites nationales seront mises de cote >>, commente Pascal Boniface. Le Bresil est par ailleurs membre du systeme API-PNR, le fichier de controle des deplacements aeriens. La Police federale est ainsi informee en temps reel sur tous les passagers qui embarquent vers le Bresil. La cooperation internationale bat deja son plein. Une centaine de policiers bresiliens ont voyage pour s'informer des procedures sur le Tour de France cycliste, les marathons de Boston et de Berlin, l'Assemblee generale de l'ONU. Des unites d'elite bresiliennes sont regulierement entrainees par des collegues etrangers pour intervenir sur une prise d'otages. << A ce stade, le risque d'une attaque multiple et coordonnee est juge plutot faible >>, estime-t-on de source diplomatique francaise. Ce type d'operation demande une solide preparation et une base logistique moins evidente a mobiliser qu'en Europe ou EI a recrute quelque 5 000 djihadistes et prepare de nouvelles attaques, selon Europol. Les autorites craignent surtout l'action d'un << loup solitaire >>, type double attentat du marathon de Boston (3 morts et 264 blesses le 15 avril 2013) commis par deux freres d'origine tchetchene. Restent des points noirs : le geant d'Amerique du Sud possede 15 754 kilometres de frontieres terrestres impossibles a controler hermetiquement, par ou entrent de grandes quantites d'armes et de drogue. Il est tres facile de se procurer une arme de guerre a bas prix aupres des narcotrafiquants de Rio, qui ont meme braque l'an dernier un camion transportant une tonne de dynamite. ", "theme": "monde"}