{"id_art": "b869687449d9f69c450519ae93933ce3", "title": "Menace terroriste : Valls prevoit des annees d'augmentations budgetaires", "newspaper": "LePoint", "author": ["Source AFP"], "date_publi": "2016-04-04", "content": " Le Premier ministre estime qu'il sera necessaire d'\"augmenter massivement les budgets de securite et de la justice\" pendant plusieurs annees. Manuel Valls a affirme lundi soir la necessite pour la France d'\"augmenter massivement les budgets de securite et de la justice, pendant sans doute des annees\", face a la menace terroriste. \"Nous allons devoir (...) augmenter massivement les budgets de securite et de la justice pendant sans doute des annees\", a declare Manuel Valls lors de la cloture d'un colloque au theatre Dejazet a Paris sur \"L'islamisme et la recuperation populiste en Europe\". La justice francaise est \"sinistree\" et \"en etat d'urgence absolue\", avait estime dimanche le ministre de la Justice Jean-Jacques Urvoas dans un entretien au Journal du dimanche. Le Premier ministre a affirme que \"jamais autant n'a ete fait pour repondre\" a la menace terroriste, tout en soulignant que \"ce sont des moyens considerables en hommes, en femmes, en nouvelles technologies, en moyens de protection qui sont deployes\". \"Et il faudra continuer, continuer longtemps pendant plusieurs annees \", a-t-il insiste. \"Nous sommes confrontes a une menace terroriste qui va necessiter des investissements majeurs dans la securite pendant plusieurs annees\", a-t-il insiste. Dans son allocution televisee du 30 mars, le president Francois Hollande avait souligne avoir \"degage un milliard d'euros pour assurer la securite des Francais\" dans la foulee des attentats du 13 novembre. ", "theme": "politique"}