{"id_art": "8d8c6fbe1a0c718eb4fb4b2dc7abaa4e", "title": "Terrorisme : la strategie de la pieuvre", "newspaper": "LePoint", "author": [" Jean Guisnel"], "date_publi": "2015-07-06", "content": " Daesh a acquis une dimension que ceux qui l'ont precede n'ont jamais approchee. Armes lourdes, recrutement, propagande. Le djihadisme 2.0 gagne du terrain. Les conquetes territoriales de l'Etat islamique feront date dans l'histoire du djihadisme. Sur le plan militaire, ce groupe a acquis une dimension que ceux qui l'ont precede n'ont jamais approchee. La fameuse mouvance Al-Qaida a beau avoir mene a bien des actions spectaculaires, elle n'est jamais parvenue a se tailler un territoire d'une telle superficie ni a menacer des Etats dans leur existence meme - ce que le groupe d'Abou Bakr al-Baghdadi est en passe de reussir en Syrie, en Irak et dans une moindre mesure en Libye. La concretisation des objectifs de guerre des djihadistes - c... Deja abonne ? Pas encore abonne ? ", "theme": "monde"}