{"id_art": "687da17be4dea2bc7c238e358d39f2b5", "title": "Tunisie: les autorites appellent aux dons pour la lutte contre le terrorisme", "newspaper": "LePoint", "author": ["AFP"], "date_publi": "2016-03-12", "content": "Le chef du gouvernement tunisien Habib Essid a appele samedi ses concitoyens a faire des dons au Fonds national de lutte contre le terrorisme, moins d'une semaine apres une attaque sans precedent contre des installations securitaires a Ben Guerdane, pres de la Libye. M. Essid \"a invite les membres du gouvernement et les hauts cadres de l'Etat a faire don d'un jour de travail au profit du Fonds de lutte contre le terrorisme\", selon un communique du gouvernement. \"Il a egalement exhorte les fonctionnaires, les agents de l'Etat et les citoyens a prendre part a cette initiative pour soutenir l'effort national dans la lutte contre le fleau du terrorisme\". Le president Beji Caid Essebsi s'etait auparavant rendu dans un bureau de poste du centre-ville de Tunis pour faire don d'un mois de salaire a ce Fonds, \"une participation symbolique afin de soutenir les institutions securitaires et militaires\" selon un communique de la presidence. M. Essebsi a appele \"tous les Tunisiens, a l'interieur et a l'exterieur du pays, a appuyer les efforts de l'Etat dans sa guerre contre le terrorisme\". Lundi a l'aube, des dizaines de jihadistes lourdement armes ont attaque une caserne militaire, un poste de police et un poste de la garde nationale a Ben Guerdane. Selon un bilan officiel, 49 \"terroristes\" ont ete tues et neuf arretes pendant les assauts et les operations securitaires qui ont suivi. Treize membres des forces de l'ordre et sept civils ont aussi ete tues lors des attaques. Ces assauts n'ont pas ete revendiques jusqu'a present mais les autorites les ont imputes au groupe extremiste Etat islamique (EI), accuse de chercher a creer un \"emirat\" dans cette region frontaliere de la Libye. Depuis la revolution de 2011, la Tunisie est confrontee a l'essor d'une mouvance jihadiste responsable de la mort de dizaines de policiers et de soldats ainsi que de touristes, mais les attaques de lundi sont sans precedent par leur ampleur. 12/03/2016 15:31:04 - Tunis (AFP) - (c) 2016 AFP ", "theme": "monde"}