{"id_art": "ffb59c599c5d9b6846f913794724455f", "title": "Terrorisme : l'incroyable traque du rappeur djihadiste", "newspaper": "LePoint", "author": [" Marc Leplongeon"], "date_publi": "2016-12-20", "content": " Suivi pendant sept mois en 2013 par les services de renseignements, Ibrayma S. est juge a partir de lundi par la cour d'assises speciale de Paris. Ce 9 mars 2013, un policier en civil penetre dans une petite cite de Seine-et-Marne, a quelques metres de la gare RER, et s'approche d'une Volkswagen Polo rouge garee en epi sur le parking. L'operation est delicate, mais le policier n'a besoin que de quelques secondes pour poser un micro et repartir sans attirer l'attention. L'homme est rompu aux techniques d'infiltration : c'est un espion du tres discret Service interministeriel d'assistance technique (Siat), requis pour les expeditions a haut risque... Ibrayma S., sorti de prison six mois plus tot et considere comme un des hommes les plus... Deja abonne ? Pas encore abonne ? Consultez notre dossier : Les services secrets : Histoire, heros, revelations ", "theme": "societe"}