{"id_art": "903b57f07a0d761b0a8b5fcdfcaa1ab4", "title": "Nouveau delit de consultation des sites terroristes : Sureau denonce un acharnement", "newspaper": "LePoint", "author": [" Le Point.fr"], "date_publi": "2017-12-04", "content": " DOCUMENT. A l'occasion de l'examen du nouveau texte par le Conseil constitutionnel, l'avocat part en guerre contre le pouvoir politique et l'administration. Consulter des sites web terroristes est-il un delit ? L'article du Code penal, cree par la loi de juin 2016, sanctionnant le delit de consultation << habituelle >> de sites djihadistes avait ete retoque en fevrier dernier par le Conseil constitutionnel, ce dernier estimant que le texte portait atteinte aux libertes fondamentales. A l'epoque, dans une demonstration remarquee, l'avocat de la Ligue des droits de l'homme, Me Francois Sureau, s'etait eleve contre cette mesure arguant : << L'incrimination en question a pour effet direct et necessaire [...] d'empecher radicalement, si vous me passez cet adverbe, le citoyen d'une democratie de se former une opinion justifiee sur l'une des menaces les plus graves qui pesent sur notre societe, sur sa nature et sur ses formes. >> Ce lundi 4 decembre, c'est un nouvel article du Code penal, cree par la loi de fevrier 2017, que les sages ont a examiner afin de juger de sa constitutionnalite. Dans une plaidoirie offensive, Francois Sureau a denonce << l'acharnement parlementaire qui confine a l'obstination deraisonnable >>. Le texte integral est a lire ci-dessous : ", "theme": "societe"}