{"id_art": "4333fc118041a4393db55c6e6fa04ef4", "title": "Haiti: jets de pierre contre son cortege, \"acte terroriste\" pour le president", "newspaper": "LePoint", "author": ["AFP"], "date_publi": "2017-04-09", "content": "Le president haitien Jovenel Moise a denonce samedi soir les jets de pierre essuyes un peu plus tot dans l'apres-midi par les vehicules de son cortege, et condamne \"l'ignominie de ces actes terroristes\", selon un communique de son bureau. \"Les mots ne sont pas assez forts pour dire toute l'ignominie de ces actes terroristes\", a indique la note envoyee par le bureau de la Presidence haitienne. \"Face a cette barbarie, le pays tout entier doit etre uni et porter haut les valeurs republicaines de liberte, egalite et de fraternite\" precise le texte envoye dans la nuit de samedi a dimanche. Selon les informations diffusees sur les reseaux sociaux par des partisans proches du pouvoir, le cortege du chef de l'Etat haitien a ete la cible de jets de pierre lors de son passage dans la commune d'Arcahaie. Cette ville, situee a une quarantaine de kilometres au nord de la capitale Port-au-Prince, est depuis pres de deux ans regulierement paralysee par des barricades dressees par des habitants manifestant contre une decision de l'ancien president. En juillet 2015, alors chef de l'Etat, Michel Martelly a decide par decret de scinder la ville en deux communes, provoquant la colere de la population, refractaire a une telle division administrative. Le communique emis samedi par le bureau de Jovenel Moise denonce des \"actes attentatoires a la vie du President de la Republique\" mais certaines personnes, presentes dans le cortege, nient la veracite de ces faits, evoquant seulement des mouvements de colere dans la ville avant meme le passage du president. 09/04/2017 08:40:09 - Port-au-Prince (AFP) - (c) 2017 AFP ", "theme": "monde"}