{"id_art": "1bcae0e329a5b2c84ef2a6267e729f27", "title": "Holeindre : \"Pour faire la guerre aux terroristes, il faut relire Homere\"", "newspaper": "LePoint", "author": ["Propos recueillis par François-Guillaume Lorrain"], "date_publi": "2017-07-25", "content": " Seule l'alliance de la ruse (Ulysse) et de la force (Achille) menera a la victoire, explique ce professeur de science politique specialiste de la strategie. Dans La Ruse et la force (Perrin), le professeur de science politique Jean-Vincent Holeindre, laureat 2017 du prix Emile-Perreau-Saussine - qui honore chaque annee le travail d'un chercheur en sciences humaines de moins de 40 ans -, revisite Homere a la lumiere de la dualite strategique que celui-ci avait inventee dans son oeuvre : la force contre la ruse, Achille contre Ulysse. Cette opposition, fondatrice dans l'histoire de la strategie, a penche en faveur de la force au detriment de la ruse, delaissee, que Holeindre remet a l'honneur en meme temps que ses partisans successifs, en parcoura... Deja abonne ? Pas encore abonne ? ", "theme": "societe"}