{"id_art": "e6b5b51f7e8f17d8d7c1adcaea54b168", "title": "Trois parents de jihadistes partis en Syrie mis en examen pour \"financement du terrorisme\"", "newspaper": "LePoint", "author": ["AFP"], "date_publi": "2017-06-25", "content": "Trois parents de jihadistes, soupconnes d'avoir envoye de l'argent a leurs enfants en Syrie, notamment en detournant des fonds de leur association subventionnee, ont ete mis en examen, a-t-on appris dimanche de source proche du dossier, confirmant une information du JDD. La presidente de l'association Syrie Prevention Familles et un couple de membres ont ete mis en examen vendredi soir pour \"association de malfaiteurs terroristes, financement du terrorisme et abus de confiance en relation avec une entreprise terroriste\" et places sous controle judiciaire, a precise cette source. La presidente Valerie de Boisrolin et les epoux Anne et Raymond Duong avaient ete places en garde a vue en debut de semaine dans le cadre d'une enquete preliminaire ouverte fin 2016, a la suite d'un signalement de Tracfin, l'office antiblanchiment du ministere des Finances, qui avait detecte ces transferts de fond. Mme de Boisrolin se voit reprocher d'avoir organise, via l'association, des envois d'argent a sa fille, une convertie partie en 2013 en Syrie a l'age de 16 ans, ainsi qu'un virement a une mere qui voulait aider son enfant a revenir en France. Elle a raconte son experience dans un livre, \"Embrigadee\". Quant a la famille Duong, dont un fils et une fille ont rejoint la zone de combats a l'ete 2014, \"la mere des enfants et son mari ont envoye plusieurs milliers d'euros\" via des mandats, a indique cette source. \"Le probleme, c'est que ces associations ne servent pas a ca\", a explique la source. Syrie Prevention Familles, qui a absorbe deux associations de parents d'enfants partis pour le jihad en Syrie, \"gere de l'ordre de 90.000 euros de subventions\". Selon ses statuts, l'association vise a soutenir les familles des \"proches embrigades par des groupes extremistes\", participer a la prevention des departs dans la zone et \"aider les familles a maintenir le contact avec leurs proches toujours presents en Syrie et en Irak\". L'enquete, confiee a l'Office central pour la repression de la grande delinquance financiere (OCRGDF) et a la sous-direction antiterroriste de la police judiciaire (SDAT) se poursuit dans le cadre de l'information judiciaire ouverte vendredi. 25/06/2017 15:05:51 - Paris (AFP) - (c) 2017 AFP ", "theme": "societe"}