{"id_art": "138701a88d4df08e64363aaa2d2d1526", "title": "Burkina et Cote d'Ivoire veulent lutter \"ensemble\" contre le terrorisme", "newspaper": "LePoint", "author": ["AFP"], "date_publi": "2017-07-18", "content": "Le Burkina Faso et la Cote d'Ivoire, deux pays frappes par des attaques jihadistes, veulent lutter \"ensemble contre le terrorisme\", ont affirme les presidents Roch Marc Christian Kabore et Alassane Ouattara mardi a Ouagadougou, lors du 6e Traite de l'Amitie et de la Cooperation (TAC) entre les deux pays. \"Nous devons faire face ensemble a la question de l'immigration illegale, du terrorisme, de la criminalite transnationale ainsi qu'aux defis du rechauffement climatique\", a declare le president ivoirien Alassane Ouattara a l'ouverture du sommet entre les deux pays. Le president du Burkina, Roch Marc Christian Kabore, a tenu un discours similaire: \"Il est important et urgent d'oeuvrer a dissiper le climat d'insecurite qui fait peser de graves menaces sur nos efforts de developpement\", a-t-il estime. \"Nous devons gagner le combat contre le terrorisme, la criminalite transfrontaliere organisee, les trafics de tous genres et toutes les formes d'extremisme\", a-t-il martele. Le Burkina Faso et la Cote d'Ivoire ont ete frappes en 2016 par les attaques jihadistes de Ouagadougou (15 janvier, 30 morts) et Grand-Bassam (13 mars, 19 morts), obligeant les deux pays a renforcer leur cooperation strategique. Les enquetes ont montre qu'il existait des liens entre les deux attaques. Par ailleurs, le Burkina doit faire face a des attaques jihadistes recurrentes dans le nord du pays a la frontiere avec le Mali. La Cote d'Ivoire, qui a aussi une frontiere avec le Mali (mais dans un secteur moins cible par les jihadistes), surveille particulierement cette zone. Au cours du sommet, une vingtaine d'accords doivent etre signes entre les deux pays notamment sur la fourniture d'electricite ivoirienne au Burkina et la prolongation de la ligne de chemin de fer qui relie les deux pays. Le Burkina et la Cote d'Ivoire ont toujours ete intimement lies. Ils ne formaient qu'un seul territoire au debut de l'ere coloniale. Quelque trois millions de Burkinabe vivent en Cote d'Ivoire. Les deux pays partagent en outre des ethnies communes comme les Senoufo ou les Lobi. Le Burkina est par ailleurs tres dependant de son voisin pour l'acces a la mer, ainsi que pour les importations. 18/07/2017 16:05:08 - Ouagadougou (AFP) - (c) 2017 AFP ", "theme": "monde"}