{"id_art": "97a2b6ee43db7af9602a95b80865e6b1", "title": "Ou en est le renseignement territorial francais ?", "newspaper": "LePoint", "author": [" Ludovic Jeanne*, The Conversation France"], "date_publi": "2017-05-24", "content": " Emmanuel Macron a annonce une reorganisation du renseignement. Pour mieux contrer la menace terroriste, une meilleure coordination entre services s'impose. Le rapport 2016 de la Delegation parlementaire au renseignement (DPR) a ete rendu il y a quelques semaines. Secret, ce rapport est destine au president de la Republique, au Premier ministre et aux presidents des deux assemblees. C'est donc a partir de ce document que les quatre nouveaux plus hauts responsables de l'Etat (ils changeront tous entre mai et septembre 2017) devront decider de l'avenir et des orientations de nos moyens et de notre politique de renseignement. A n'en pas douter, l'importance de ces enjeux n'a pas echappe au nouveau president de la Republique, Emmanuel Macron : fait inhabituel et peut-etre significatif, il a mentionne << le renseignement >> dans son recent discours d'investiture. Il est peut-etre utile de rappeler les grandes lignes de la structure du renseignement en France. Les six principaux services sont ceux du << premier cercle >> : Direction generale de la securite exterieure (DGSE), Direction generale de la securite interieure (DGSI), Direction du renseignement militaire (DRM), Direction du renseignement et de la securite de la defense (DRSD), Direction nationale de recherche et des enquetes douanieres (DNRED) et Tracfin. Ils sont completes et epaules par les services du << second cercle >> : le Service central du renseignement territorial (SCRT, Direction generale de la police nationale, incluant des gendarmes), la Sous-direction de l'anticipation operationnelle (SDAO, Direction generale de la gendarmerie nationale), le Bureau central du renseignement penitentiaire (BCRP). Il faut y ajouter la Direction du renseignement de la Prefecture de police de Paris (DRPPP) ainsi que le Coordonnateur national du renseignement qui, depuis 2008, assure la remontee du renseignement a l'Elysee et a Matignon. Ce sont les services de ce second cercle qui vont nous interesser ici, car ils sont le vecteur principal du renseignement territorial en lien avec la DGSI. Quelques elements permettent de mieux apprehender la nature et l'intensite de l'activite recente de ces services. Ainsi il y a eu deux sujets de mobilisation sur 2015 et 2016 : la lutte antiterroriste ; l'espionnage et l'ingerence economiques. Cote antiterrorisme, l'accent a ete mis sur les vecteurs de coordination avec la creation de la cellule INTERSERVICES (creee en 2015 avec un pilotage DGSI) et le renforcement de l'Unite de coordination de la lutte antiterroriste. La cellule INTERSERVICES integre le renseignement en provenance de tous les services, y compris SCRT et DRPPP, sur les organisations terroristes sunnites qui ciblent la France. Elle travaille ensuite au benefice des enqueteurs de tous les services integres. Ainsi la circulation horizontale et verticale du renseignement est beaucoup mieux assuree. Le rapport de la DPR commence, d'ailleurs, par une evocation du contexte lie au terrorisme islamiste et confirme qu'en 2016, ce sont une vingtaine de tentatives d'attentats qui ont ete dejouees. Cela permet de remettre en perspective les attentats commis et ceux empeches (6 contre 20) et ainsi de prendre la mesure de l'activite des services et de leur efficacite. Cote espionnage et ingerence economiques, l'annee 2016 a vu la creation du Commissaire a l'information strategique et a la securite economiques (CISSE) a Bercy. Ce nouveau service a une fonction strategique et operationnelle nationale sans plus se preoccuper outre mesure de la propagation de la culture de l'intelligence economique dans les services de l'Etat, les territoires et les entreprises. Il faut peut-etre y voir l'effet du poste precedent du CISSE, Jean-Baptiste Carpentier : la direction de Tracfin. Mais il semble, d'apres nos propres observations sur le terrain, que sur certains territoires cette creation ait nettement freine les efforts de mobilisation des acteurs economiques et institutionnels. Cet aspect est dommageable car les TPE-PME restent pour les territoires le composant essentiel de leur tissu economique. Or les efforts pour diffuser dans leur direction et a leur benefice les pratiques d'intelligence economique (IE) ne font que des progres lents dont les benefices refluent a chaque soubresaut de la politique nationale en la matiere. La creation du CISSE n'est pas seule responsable de ces effets. La reforme territoriale est aussi passee par la en provoquant des reorganisations importantes et parfois soudaines des competences et des effectifs prefectoraux. Cela a parfois stoppe des dynamiques ou des processus regionaux associant aux services de l'Etat d'autres acteurs territoriaux (collectivites, etablissements d'enseignement superieur, Chambres, etc.). Des les premieres pages du rapport, la DPR insiste sur la question territoriale en en faisant l'un des six principes directeurs de la politique du renseignement. La Delegation insiste notamment sur le renforcement des echelons regionaux et departementaux de la DGSI en termes de personnel, sur la coordination des services territoriaux, mais aussi sur le renseignement penitentiaire. La circulation du renseignement est une preoccupation centrale. La DPR propose donc une reforme assez radicale de l'outil assurant le renseignement dit de proximite en fusionnant SCRT et SDAO en un seul service qui deviendrait le septieme service de renseignement du premier cercle. Les effets de coordination, tant entre les deux services territoriaux existant deja qu'entre ces memes services et ceux du premier cercle, semblent seduisants quoiqu'ils soient deja aujourd'hui significatifs. Ainsi le SCRT produit des analyses pour la police comme pour la gendarmerie, par exemple. Mais la proposition de la DPR tait les differences de culture et d'identite professionnelle, sans compter les nombreuses differences organisationnelles. Cela ne doit pas empecher d'etudier cette option, mais l'anticipation des consequences des fusions reste un facteur majeur de leur reussite comme de leur echec ou des difficultes rencontrees. Au-dela, la criminalite organisee a une forte territorialite qui impose le principe defendu par la DPR. A defaut de fusion, il sera necessaire de rechercher la plus forte integration possible des ressources de chaque service. Par ailleurs, il y a une question de rythme : a trop reformer, on risque de destabiliser. Les services ont vecu de nombreuses et tres importantes refontes ou evolutions en moins de dix ans. Une certaine stabilisation doit etre recherchee, a la fois pour orienter les capacites vers les missions et pour avoir le temps de reellement evaluer le nouveau dispositif. La dimension territoriale du renseignement penitentiaire doit egalement etre soulignee. De nombreuses analyses suggerent que le lieu << prison >> a joue et joue un role significatif dans le processus de dissemination du terrorisme islamiste. C'est sans doute utile de travailler sur les methodes de deradicalisation. Mais il faut concentrer autant d'efforts sur la non-radicalisation, autrement dit sur tous les dispositifs, y compris spatiaux, permettant dans les prisons d'entraver les processus et les actions par lesquelles se diffusent et s'acquierent les dispositions favorables a un avenir de terroriste islamiste. LIRE aussi Olivier Falorni : << Une partie de la radicalisation islamiste se joue dans les prisons >> La premiere des luttes du contre-terrorisme doit etre d'entraver les cheminements qui y menent, des cheminements a la fois sociologiques et geographiques qui passent souvent par le lieu carceral. C'est d'autant plus essentiel qu'une portion importante de la population carcerale est de confession musulmane. Les chercheurs specialistes du sujet comme Farhad Khosrokhavar l'evaluent entre 40 % et 60 %, hors conversions. Cette donnee a ete reprise par le depute Guillaume Larrive dans son rapport de 2014. En tout etat de cause, les detenus de << culture >> ou de confession musulmane sont vraisemblablement sur-representes dans bien des lieux d'incarceration. Or la composition sociale du lieu, quelles qu'en soient les causes, a un effet facilitant sur la diffusion des dispositions (ideologiques et pratiques) pouvant mener a la radicalisation puis a un passage a l'acte. LIRE aussi Farhad Khosrokhavar : << Le terrorisme favorise le populisme carceral >> Par ailleurs, le nombre de personnes condamnees et ecrouees chaque annee pour des faits lies au terrorisme islamiste a cru de 322 % entre 2012 et 2015, en passant de 18 a 76 selon les donnees de la Direction de l'administration penitentiaire. Face a ces phenomenes, le nouveau Bureau central du renseignement penitentiaire (BCRP) a un role de premier plan a jouer. Celui-ci ne comporte pourtant que 17 agents qui passeront a 40 d'ici fin 2017. Ils s'appuient sur 177 delegues locaux pour 188 etablissements penitentiaires. La DPR estime, a raison, que ce reseau lui aussi territorial reste tres insuffisant et qu'il devra etre renforce << sans delai >>, indiquant ainsi l'urgence de la situation. LIRE aussi : Le renseignement penitentiaire, ou le petit frere qui prend du galon On le comprend au regard des chiffres que divulgue la DPR : sur les 68 560 detenus en France, 2 811 sont dits << detenus particulierement signales >> (DPS : la << fiche S >> du BCRP, en quelque sorte). Parmi eux sont recenses les nombres de detenus suivants : Une majorite des DPS le sont donc au titre de la radicalisation et du terrorisme islamistes qui deviennent ainsi les problematiques prioritaires du BCRP. Il faut ajouter a ces effectifs les 412 personnes suivies << en milieu ouvert >> pour des comportements indiquant une radicalisation. Ces detenus sont disperses dans differents etablissements sur le territoire national, ayant eux-memes diverses origines geographiques. Mais, curieusement, le rapport de la DPR n'evoque pas la question de la coordination entre le BCRP et les autres services de renseignement territorial. La prison comme lieu de dissemination de la radicalite islamiste doit en tout cas etre a l'agenda de recherche des geographes, sociologues, psychologues sociaux et anthropologues. Ce lieu joue un role incontournable dans la production de djihadistes. L'examen des trajectoires socio-spatiales de plusieurs des djihadistes francais, impliques ces dernieres annees dans les attentats sur notre sol ou dans le djihadisme en zone syro-irakienne, montre que beaucoup d'entre eux sont passes par nos prisons et qu'ils y ont fait des rencontres et des experiences significatives dans leur cheminement vers le terrorisme islamiste : c'est le cas de Cherif Kouachi comme d'Amedy Coulibaly, par exemple. Ce n'est pas le seul lieu ou s'operent ces processus. Mais ce lieu-la est cense etre sous le controle de la societe. Le BCRP a d'autant plus besoin de renforts et de coordination avec l'ensemble du renseignement territorial, qu'il doit apprecier le role d'autres acteurs : les associations et les imams. Le processus de coordination entre services reste donc un enjeu prioritaire, peut-etre plus encore pour les services territoriaux, malgre d'evidentes ameliorations. Elles se sont traduites, notamment, par la multiplication des officiers de liaison entre les differents services ainsi que par celle des structures communes ou de mutualisation. L'enjeu, la aussi, n'est pas mineur. En effet, le ministere de l'Interieur a cree en 2015 un fichier dedie aux personnes signalees comme radicalisees pour s'assurer du suivi effectif de chaque cas. Ce fichier regroupe environ 15 000 noms. Evidemment, il est peu probable que tous ces noms correspondent a des personnes regroupees sur un meme territoire. Une large place est donc faite au terrorisme dans le rapport de la delegation. Si cela est legitime au regard des perceptions sociales et des risques de decohesion sociale que les attentats vehiculent, il faut toutefois se garder de toute << obsession >> et d'une captation excessive des ressources des services. Ils ont d'autres missions d'une egale importance pour la nation et ses territoires. Or, l'examen du rapport de la DPR est edifiant : on trouve 53 occurrences pour << terrorisme >> et 25 pour << radicalisation >> et ses variantes, contre 17 pour << espionnage >>, 21 pour << ingerence >>, 15 pour << interet >> ou 5 pour << proliferation >>. C'est, au demeurant, un danger que la DPR elle-meme semble avoir percu, de meme que l'ex-ministre de la Justice, Jean-Jacques Urvoas, qui a l'occasion de l'inauguration du BCRP soulignait comme un defi d'<< eviter l'ecueil qui consiste a etre accapare par la lutte contre le terrorisme >>. La question des criminalites organisees ou celle de la securite economique des TPE-PME, aux echelons territoriaux, meriteraient en particulier de ne pas etre occultees. On peut ainsi s'etonner de l'absence de prise en compte du service d'information, de renseignement et d'analyse strategique sur la criminalite organisee (SIRASCO) de la Direction centrale de la police judiciaire. C'est pourtant un service de renseignement... dont on parle peu et que l'on n'a pas integre au 2e cercle. Esperons que la nomination d'un elu territorial, Gerard Collomb, au ministere de l'Interieur facilitera les progres encore necessaires. *Ludovic Jeanne est directeur de l'Institut du developpement territorial (IDeT), Enseignant-chercheur en Developpement territorial, Laboratoire Metis, Ecole de Management de Normandie - UGEI. ", "theme": "societe"}