{"id_art": "80287aaf94cf18221b55b43c2b0423ad", "title": "Terrorisme: 89% des Francais ne modifieront pas leurs projets de vacances", "newspaper": "LePoint", "author": ["AFP"], "date_publi": "2016-07-23", "content": "Pres de neuf Francais sur dix (89%) ne comptent pas modifier leurs projets de vacances apres les attentats qui ont endeuille les derniers mois, selon un sondage Odoxa pour le Parisien/Aujourd'hui en France a paraitre samedi. \"Apres l'attentat du 14 juillet (a Nice, NDLR), les Francais affirment tres majoritairement que leur etat d'esprit en vacances ne sera pas modifie\", indique le sondage realise les 21 et 22 juillet aupres d'un echantillon de 1.036 personnes, representatives de la population francaise de 18 ans et plus. Seuls 11% d'entre eux prevoient de modifier leur destination de vacances ou les activites qu'ils comptent pratiquer cet ete. L'etat d'esprit est tres majoritairement le refus de se laisser gagner par la peur. Ainsi, 80% des personnes interrogees repondent qu'ils \"se refusent a ce que le terrorisme les empeche de vivre et de profiter de leurs vacances\". A l'inverse, 19% declarent qu'ils \"penseront regulierement\" au risque terroriste \"et ne pourront pas vraiment se sentir l'esprit leger\". Ce sentiment apparait plus marque chez les plus jeunes (29%) que chez leurs aines de 60 ans et plus (16%). 23/07/2016 09:31:44 - Paris (AFP) - (c) 2016 AFP ", "theme": "societe"}