{"id_art": "70b1e79f1a0e8d52fe27937fd8191237", "title": "Terrorisme: medaille nationale de reconnaissance pour les victimes", "newspaper": "LePoint", "author": ["AFP"], "date_publi": "2016-07-13", "content": "Une medaille nationale de reconnaissance a ete creee pour \"manifester l'hommage de la Nation\" aux victimes du terrorisme, pour des faits survenus depuis le 1er janvier 2006, selon le Journal officiel publie mercredi. Cette medaille, attribuee par decret du president de la Republique et qui pourra egalement etre decernee a titre posthume, concerne les \"Francais tues, blesses ou sequestres lors d'actes terroristes commis sur le territoire national ou a l'etranger\" et les \"etrangers tues, blesses ou sequestres lors d'actes terroristes commis sur le territoire national ou a l'etranger contre les interets de la Republique francaise\". La decoration representera \"une fleur a cinq petales marques de raies blanches pour rappeler la couleur du ruban et chargee de cinq epis de feuilles d'olivier pour symboliser la valeur de la paix au sein de la Republique\", avec au centre une medaille couleur argent bordee de bleu, avec l'inscription \"Republique Francaise\" et, au coeur, la statue qui represente la Republique sur la place du meme nom a Paris, devenue un lieu de recueillement emblematique apres les attentats de 2015. 13/07/2016 10:36:42 - Paris (AFP) - (c) 2016 AFP ", "theme": "societe"}