{"id_art": "b409e8ca9d8a3fb6fd11b5da49ece440", "title": "AU TRIBUNAL DE L'INTERNET #46 ! Le fichier des passagers aeriens permettra-t-il de stopper les terroristes et trafiquants ?", "newspaper": "LePoint", "author": [" Anne-Sophie Jahn, Laurence Neuer", "Laurence Neuer", "Laurence Neuer"], "date_publi": "2016-07-04", "content": " VIDEO. Le PNR, qui recueille certaines donnees personnelles, fait-il redouter des atteintes a nos libertes ? A vous de juger ! Le registre europeen des donnees des passagers aeriens ou << PNR >> (<< Passenger Name Record >> en anglais), en phase de test dans plusieurs aeroports francais, est-il le remede miracle pour reperer les trafiquants de drogue ou d'etres humains ? Permettra-t-il de dejouer les attentats terroristes ? Car tel est l'objectif de ce fichier, ne d'une directive votee en avril 2016 au Parlement europeen, qui recense toutes les donnees liees a l'achat d'un billet d'avion au depart ou a destination de l'Europe : coordonnees completes du passager, itineraire emprunte et moyen de paiement utilise, a l'exclusion de donnees sensibles ayant trait notamment a l'origine ethnique, a la religion ou a l'etat de sante. Ces donnees sont ensuite transmises par les compagnies aux autorites des differents pays de l'UE par lesquels transitent ces passagers, l'objectif etant a terme pour les Etats de partager et croiser les informations recueillies. Le PNR est deja en vigueur dans certains pays, et notamment aux Etats-Unis qui l'ont mis en place au lendemain des attentats du 11 Septembre. Le Royaume-Uni, le Canada et l'Australie l'ont aussi rendu obligatoire. Reste que son adoption a l'echelle europeenne a suscite de vifs debats entre les partisans du systeme et les defenseurs des libertes. Car, comme d'habitude, tout est question d'equilibre et de proportionnalite : la lutte contre le terrorisme et la grande criminalite impose-t-elle de collecter, de conserver et de traiter les informations des milliers de passagers effectuant quotidiennement des vols de ou vers des pays tiers a l'Union europeenne ? D'autant que, outre le fait que cet outil peut etre potentiellement detourne a des fins de surveillance de masse, sa veritable efficacite au sein de l'Europe ou l'on se deplace facilement en train ou en voiture est contestee. En effet, rien n'empeche les criminels de contourner le systeme en voyageant sous des identites trafiquees ou de payer leurs billets en especes. La plus-value du PNR vaut-elle la peine d'y conceder une partie de nos libertes ? L'encadrement de cet outil dans le temps (donnees masquees au bout de six mois et effacees au bout de cinq ans maximum) et, quant aux types de donnees recueillies, offre-t-il des garanties suffisantes ? A vous de juger ! Mais apres avoir regarde le 46e episode de la serie << Au tribunal de l'Internet ! >> dans lequel nos deux expertes, Myriam Quemener et Christiane Feral-Schuhl, plaident le << pour >> et le << contre >> en... trois minutes ! ", "theme": "justice-internet"}