{"id_art": "79ee85933ce07abe0db60808bedd6d6e", "title": "Terrorisme: hommage aux victimes lors d'une ceremonie aux Invalides", "newspaper": "LePoint", "author": ["AFP"], "date_publi": "2016-09-19", "content": "Francois Hollande et de nombreux membres du gouvernement et de l'opposition, dont Nicolas Sarkozy, assisteront lundi a la ceremonie d'hommage aux victimes du terrorisme, organisee depuis 18 ans par les associations mais avec une dimension particuliere dans une France marquee par les attaques jihadistes. A moins de huit mois de la presidentielle, la lutte antiterroriste s'annonce comme un des themes incontournables de la campagne et la classe politique sait qu'elle ne peut ignorer les attentes des victimes, tant en matiere d'indemnisation que sur le travail de memoire. La ceremonie de lundi, organisee depuis 1998 par les associations, se tiendra a l'Hotel national des Invalides, dans les jardins de l'intendant. \"Apres plusieurs temoignages de victimes et proches, le president de la Republique prononcera un discours pour exprimer la solidarite de la France\", a indique Juliette Meadel, secretaire d'Etat chargee de l'Aide aux victimes, dans un entretien lundi dans des quotidiens du groupe Ebra, dont les Dernieres nouvelles d'Alsace et l'Alsace. Le discours de Francois Hollande est tres attendu, 10 mois apres l'hommage solennel tres orchestre par l'executif dans la cour d'honneur des Invalides aux victimes des attentats du 13 novembre 2015 a Paris et Saint-Denis. De nombreux membres du gouvernement et de l'opposition seront presents cette fois encore, notamment l'ancien president Nicolas Sarkozy et l'ancien Premier ministre Alain Juppe, tous deux candidats a la primaire a droite en vue de 2017. \"Le 19 septembre, hommage de Francois Hollande a toutes les victimes du terrorisme dans les jardins de l'intendant de l'hotel national des Invalides\": le tweet de Juliette Meadel sonnait debut septembre comme l'annonce d'une ceremonie inedite. \"Elle va etre comme d'habitude, elle existe depuis 18 ans, c'etait une initiative associative, a laquelle nous sommes tres attaches\", replique Stephane Gicquel, secretaire general de la Federation nationale des victimes d'attentats et d'accidents collectifs (Fenvac). - 'Nombre inegale de victimes' - Le 19 septembre 1989, un avion DC-10 francais de la compagnie UTA effectuant la liaison Brazzaville-Paris explosait en vol au-dessus du Niger, tuant 170 personnes, dont 54 Francais. Depuis 1998, l'Association francaise des victimes du terrorisme (AfVT) et la Fenvac se reunissent a cette date devant la statue-fontaine de \"La parole portee\" aux Invalides, seul monument parisien dedie aux victimes du terrorisme, pour rendre hommage aux tues durant l'annee ecoulee, et invitent des responsables politiques. Ce fut le cas de Francois Hollande en 2012. Mais, depuis l'an dernier, la France a bascule dans une nouvelle ere, avec \"un nombre inegale de victimes du terrorisme\", souligne Stephane Gicquel. Le 13 novembre 2015 a Paris et Saint-Denis (130 morts), le 15 janvier 2016 a Ouagadougou (30 morts dont deux Francais), le 13 mars a Grand-Bassam en Cote d'Ivoire (19 morts, quatre Francais), le 22 mars a Bruxelles (32 morts, un Francais), le 1er juin a Gao au Mali (quatre morts, un Francais), le 13 juin un policier et sa compagne assassines chez eux a Magnanville (Yvelines), le 14 juillet a Nice (86 personnes tuees sur la promenade des Anglais). Enfin, le 26 juillet, un pretre est egorge dans son eglise de Saint-Etienne-du-Rouvray, pres de Rouen. Et si la menace reste \"maximale\" en France, comme le martele notamment Manuel Valls et comme en temoigne la serie d'arrestations menees ces derniers jours en lien avec des projets d'attaques jihadistes, le terrorisme est un sujet eminemment politique. Nicolas Sarkozy, qui s'est rendu samedi a Nice rencontrer des victimes de l'attentat du 14 juillet, a ainsi dit trouver \"insupportable de ne pas savoir ce qu'il s'est passe exactement\" lors de l'attaque du camion, reactivant les vives critiques lancees cet ete par une partie de l'opposition contre le gouvernement. Francois Hollande, que les derniers sondages donnent elimine au 1er tour de l'election presidentielle de 2017 s'il etait candidat, se pose de son cote en defenseur de l'Etat de droit, rejetant tout \"Etat d'exception\", en reference par exemple aux propositions de certains a droite visant les \"fiches S\". Selon Juliette Meadel, deux mois apres l'attentat de Nice, \"plus de 1.100 demandes\" ont ete deposees aupres du Fonds de garantie des victimes d'actes terroristes et \"pres de cinq millions d'euros\" d'avances sur indemnisation verses. 19/09/2016 09:29:55 - Paris (AFP) - (c) 2016 AFP ", "theme": "politique"}