{"id_art": "6f7faa2f6f192c6b52d0a24d9372cd6d", "title": "Praud - Terrorisme : faut-il annuler l'Euro 2016 de football ?", "newspaper": "LePoint", "author": [" Pascal Praud", "Pascal Praud", "Pascal Praud"], "date_publi": "2016-03-23", "content": " Maintenir en France cette competition de prestige n'est pas seulement une question de securite. C'est une exigence de dignite, de liberte. Au moment ou la Belgique vit son 13 novembre, j'ai pense comme beaucoup de Francais a l'Euro de football qui est organise a Paris, Marseille ou Lyon et qui commencera le 10 juin. << Il faut tout annuler >> est une tentation. A quoi bon ? Inutile de prendre des risques supplementaires. 2,5 millions de personnes sont attendues dans les stades et les fans-zones. Securiser les villes est impossible. Organiser l'Euro augmente les risques. Qui le niera ? Par ailleurs, imaginer des stades de football vides et des matches retransmis par la television, regardes uniquement par des telespectateurs est une solution theorique qui ne tient pas la route. L'Euro est une fete. Les supporteurs accompagnent leur equipe. Le football n'est pas un huis clos avec pour seuls spectateurs des cameramen. L'Euro se disputera avec ses supporteurs ou il n'aura pas lieu. Ne pas ceder Quelques heures apres les attentats de Bruxelles, le ministre de l'Interieur Bernard Cazeneuve a confirme qu'il n'etait pas question d'annuler quoi que ce fut. Palpation systematique, detection d'objets metalliques, intervention de services de deminage, installation de systemes de videosurveillance seront mises en place dans et autour des stades. Chacun sait que ces controles sont efficaces mais qu'ils ne garantissent pas a 100 % contre la possibilite d'un attentat. Mais au fond la question n'est pas la. L'interrogation majeure n'est pas celle de la securite. La question essentielle reste : faut-il se coucher ? Faut-il abandonner le terrain au sens propre comme au figure ? Ne plus aller en tribune ? Ne plus regarder un match sur grand ecran, assis sur une pelouse un soir d'ete avec ses amis, ses enfants, sa fiancee ? Deserter le football et les plaisirs parce que des fous menacent, qu'ils ont decide d'attaquer nos societes jusque dans ses lieux de fete : une terrasse de cafe, une salle de concert, un stade de foot ? La reponse est non. Evidemment, non. Je posais la question ce mardi aux uns et aux autres : faut-il annuler l'Euro ? Tous m'ont repondu la meme chose : ce serait donner raison aux terroristes. Et puis si nous cedons la-dessus, pourquoi ne pas fermer les restaurants ? Condamner les theatres ? Etc. L'Euro commence le 10 juin au Stade de France. Il est hors de question d'abdiquer. ", "theme": "invites-du-point/pascal-praud"}