{"id_art": "a34a974484dfb95c6a9cf108a52d5916", "title": "Chomage, terrorisme, mariage homosexuel... le bilan fortement contraste de Hollande", "newspaper": "LePoint", "author": ["AFP"], "date_publi": "2017-05-09", "content": "Chomage, terrorisme, environnement, mariage homosexuel... Le bilan du quinquennat de Francois Hollande restera fortement contraste comme en temoigne son renoncement a un second mandat. + La fragile inversion de la courbe du chomage Il en avait fait la pierre de touche de sa presidence, promettant en septembre 2012 d'inverser la courbe ascendante du chomage des l'annee suivante. Puis il avait lie sa candidature a un second mandat a cette inversion. Mais cinq ans plus tard et meme si elle se dessine enfin, la tendance demeure incertaine. Apres un leger inflechissement en 2016, avec 105.400 chomeurs de moins inscrits a Pole emploi, leur nombre a de nouveau bondi de 43.700 (+1,3 %) en mars. + Le defi du deficit public C'etait l'un de ses 60 engagements de campagne : \"Je retablirai l'equilibre budgetaire en fin de mandat\". Las, la reprise economique attendue par Francois Hollande des 2013 a fait long feu. Trois ans plus tard, le deficit public s'elevait encore a 3,4 % du PIB. Et meme si le gouvernement prevoit qu'il sera ramene a 2,8 % cette annee, nombre d'analystes en doutent, a commencer par la Cour des comptes. Quant a \"l'equilibre des comptes en fin de mandat\", il est repousse aux calendes grecques. + COP21 et bilan ecologique La France aura reussi avec la COP21 le pari diplomatique de mettre d'accord 195 pays sur un texte peniblement negocie depuis des annees pour tenter de juguler le dereglement du climat. Elle s'est fixe pour sa part des objectifs ambitieux comme la baisse de la consommation energetique, une moindre dependance aux energies nucleaire et fossiles, la taxe carbone ou l'amorce d'un rapprochement entre les fiscalites de l'essence et du gasoil. Mais l'executif a donne des signes contradictoires, renoncant a l'eco-taxe et ne tenant pas la promesse presidentielle de fermer Fessenheim. + Education: peut mieux faire \"Je creerai en cinq ans 60.000 postes supplementaires dans l'education\". Cet objectif quantitatif est atteint, mais sans effet determinant sur l'egalite des chances. Comme le classement Pisa de l'OCDE l'a souligne en 2016, l'ecole francaise figure toujours parmi les plus inegalitaires. + Chef de guerre Les operations exterieures ont assure a Francois Hollande, chef constitutionnel des armees, une reputation de chef de guerre. En janvier 2013, alors que des colonnes de jihadistes menacent de fondre sur Bamako, il lance l'operation Serval qui mettra fin a cette offensive. En decembre, les force francaises sont deployees en Centrafrique ou un conflit inter-religieux menace de faire sombrer le pays dans le chaos. Puis c'est l'operation Chammal en Irak, en septembre 2014, etendue un an plus tard a la Syrie. + La gauche eparpillee Francois Hollande laisse une gauche en charpie, a commencer par le Parti socialiste, traverse pendant la plus grande partie du quinquennat par de fortes tensions entre \"frondeurs\" et soutiens au gouvernemet. Au premier tour de la presidentielle, Benoit Hamon a realise avec 6,36 % le plus mauvais score de l'histoire du PS. Mines par leurs dissensions, les Verts ont presque disparu du champ politique. La majorite presidentielle qui detenait tous les leviers du pouvoir en debut de mandat (Etat, Assemblee nationale, Senat, la plupart des regions...) se retrouve reduite a peau de chagrin. + \"Pere de la Nation\" Le 7 janvier 2015, quand la redaction de Charlie Hebdo est decimee par les freres Kouachi, Francois Hollande se rend immediatement sur place pour appeler ses compatriotes a \"l'unite nationale\" face a la \"barbarie\". Il reunit dans la foulee un Conseil de defense a l'Elysee, premier d'une tres longue serie. Le meme schema se reproduira apres les attaques du Bataclan ou de Nice. Un faux-pas: la decheance de nationalite qu'il propose d'etendre aux binationaux nes francais, trois jours apres les attentats du 13 novembre. Le projet divise profondement la majorite presidentielle et est abandonne. + Mariage pour tous Pourfendue par la droite au Parlement et par la Manif pour tous dans la rue, la loi du 17 mai 2013 \"ouvrant le mariage aux couples de personnes de meme sexe\" est adoptee a l'issue de 136 heures de bataille parlementaire. Elle ouvre de nouveaux droits pour le mariage, l'adoption et la succession aux couples de gays ou de lesbiennes. + Culture : le regime des intermittents preserve Le principal acquis culturel du quinquennat Hollande restera sans doute la solution trouvee a la crise des intermittents du spectacle, qui menacait les grands festivals a l'ete 2014. Le 28 avril 2016, un accord unanime est signe par le secteur culturel sur le regime d'assurance chomage specifique aux intermittents. Le gouvernement compense le manque a gagner pour l'assurance chomage de sa mise en oeuvre. 09/05/2017 14:02:13 - Paris (AFP) - (c) 2017 AFP ", "theme": "societe"}