{"id_art": "2f2572bf75460749e69973a74a00e1ae", "title": "Neumann - Terrorisme : les nouveaux enjeux de la bataille de 2017", "newspaper": "LePoint", "author": [" Laurent Neumann", "Laurent Neumann", "Laurent Neumann"], "date_publi": "2016-07-23", "content": " La polemique depuis le 14 juillet prefigure ce que sera la campagne presidentielle. Toutes les questions sont legitimes, mais gare a la demagogie ! L'Histoire retiendra que le 14 juillet 2016, la campagne presidentielle de 2017 a bascule. Dans quel sens ? Au benefice de quel(le) candidat(e) ? Trop tot pour le dire, mais ce qui est certain, c'est qu'elle ne ressemblera a aucune autre. Pas seulement parce qu'elle se deroulera sans doute sous etat d'urgence, mais parce que les images de Nice, les martyrs de la promenade des Anglais, seront dans toutes les tetes, celles des electeurs comme celles des impetrants. LIRE aussi L'attentat de Nice va-t-il faire basculer l'election presidentielle ? Il n'est qu'a voir avec quelle rapidite certains leaders de l'opposition ont cru bon de lancer l'offensive contre l'executif, quelques heures seulement apres le drame, avant meme que l'enquete n'ait debute et que les victimes ne soient identifiees. Si apres un tel carnage, toutes les questions sont legitimes, les basses polemiques politiciennes, elles, sont pitoyables. Pire, elles constituent une forme de victoire posthume pour celui qui a ensanglante l'une des plus belles baies du monde. La concurrence qui fait rage a droite pour la primaire de novembre prochain et la course folle derriere un Front national que les sondages disent qualifie d'office pour le second tour ne justifient pas tout. LIRE aussi Attentat de Nice : Estrosi en fait-il trop ? Mais qu'on ne s'y trompe pas : le spectacle politique qui a suivi ce funeste 14 juillet 2016 n'est qu'une repetition de ce que sera la campagne presidentielle, un galop d'essai, un test grandeur nature. Il prefigure, helas, la tournure que prendront les debats entre la droite, la droite extreme et la gauche. Propos demagogiques : << On aurait pu eviter ca >>. Recherche de boucs emissaires : << Cazeneuve, demission ! >> Propositions risibles : << Des lance-roquettes sur la promenade des Anglais >>. Concours Lepine de la mesure la plus securitaire : vite un << Guantanamo a la francaise >> ! Vite, l'interdiction du voile sur tout le territoire ! Vite, decretons l'etat de siege (article 36 de la Constitution) ! Vite, expulsons tous les etrangers condamnes et, avec eux, tous les binationaux en voie de radicalisation ! Vite, les fiches << S >> en centres de retention ! Oui, on a entendu tout ca entre le 15 juillet au matin et le 22 juillet au soir. Et qu'importe si aucune de ces mesures n'aurait evite la tuerie de Nice. Une semaine d'exces ou le debat democratique, legitime lui, a sombre. Voila pour la forme. Le fond est plus eclairant. On le devine aisement : ce n'est ni la courbe du chomage (inversee ou non) ni la loi travail (trop liberale ou pas assez) qui structureront la campagne de 2017. Encore moins le bien-fonde du CICE ou de la suppression de l'ISF. La campagne se resumera a un sujet : la securite. Ou plutot a une question : qui pour proteger les Francais ? Disons-le autrement : quel sera le meilleur << protecteur de la Maison France >>, pour reprendre l'expression utilisee par Francois Hollande moins de dix heures avant l'horreur de Nice. Si la question semble simple, presque etroite, son champ est infini : quel budget et quels moyens pour l'armee, les forces de police, les prisons, la justice ? Comment controler les frontieres, nationales et europeennes ? Comment encadrer l'immigration ? Comment retablir une integration digne de ce nom ? Comment lutter efficacement contre le fondamentalisme islamiste ? Moins de libertes individuelles pour plus de securite collective ? Plus d'Europe ou moins d'Europe ? Frexit ou pas Frexit ? Quelle politique etrangere pour la France ? Poursuivre les frappes en Irak et en Syrie ? Envoyer des troupes au sol ? Quelles relations diplomatiques avec la Russie de Vladimir Poutine et la Syrie de Bachar el-Assad ? La France doit-elle persister dans son role de gendarme de l'Afrique ? Au fond, ce sont les memes debats ou presque qui ont structure la recente campagne presidentielle en Autriche, les memes questions qui ont fait basculer le referendum anglais en faveur du Brexit, les memes sujets qui alimentent le duel entre Donald Trump et Hillary Clinton aux Etats-Unis. Les memes controverses, aussi, que doit desormais affronter Angela Merkel, depuis l'attentat au couteau dans un train bavarois. Un refugie afghan de 17 ans, beneficiaire du droit d'asile et integre dans une famille d'accueil, passe a l'acte au nom de Daech, et c'est toute la classe politique allemande qui change de logiciel. Le 14 juillet 2016, les responsables politiques francais ont eux aussi change de logiciel. Alors repetons-le, avant le coup d'envoi officiel de la campagne : tous les debats, toutes les questions sont legitimes, a condition que les reponses, elles, ne debouchent pas sur la demagogie la plus crasse. La meilleure facon de proteger la France, c'est de proteger la Republique, son droit, ses valeurs. Consultez notre dossier : Carnage a Nice ", "theme": "invites-du-point/laurent-neumann"}