{"id_art": "3b6089a229e06e87cf3e97660427940d", "title": "Attentat de Nice : Nadine Morano veut \"terroriser les terroristes\"", "newspaper": "LePoint", "author": ["Source AFP"], "date_publi": "2016-07-18", "content": " \"La guerre est la, bien presente sur notre sol, dans les mosquees, dans les rues, alimentee par les memes qui detestent la France\", s'alarme la deputee. Nadine Morano, eurodeputee LR, a demande lundi \"des actes forts\" pour \"terroriser les terroristes\" et refuse de trouver des \"excuses a ce barbare\" qui a commis l'attentat de Nice, \"une petite frappe condamnee par la justice et qui aurait merite d'etre expulsee\". Apres le massacre de Nice, \"comme beaucoup d'entre vous, j'ai pleure, le coeur serre, revoltee, en colere\", ecrit egalement Nadine Morano sur sa page Facebook. \"La guerre est la, bien presente sur notre sol, sur nos reseaux sociaux, dans les mosquees, dans les rues, alimentee par les memes qui detestent la France mais y vivent quand meme, beneficiant de ses avantages sociaux, souvent issus du monde arabe, ils ont vire vers l'islamisme. Nous les laissons nous envahir et proliferer\", denonce-t-elle. \"Je le dis : trop de morts en France, trop de massacres ! Assez de discours, des actes forts. Je ne veux plus entendre de palabres. Le gouvernement n'est pas a la hauteur, les Francais ne sont pas en securite face a la barbarie, a la propagande, a la manipulation a l'origine de tous ces drames. Ne fermons pas les yeux, arretons de tourner la tete (...) Nous avons des ennemis de notre peuple au sein de notre peuple, renforces par des infiltres dans la vague migratoire de masse sans precedent que subit l'Europe.\" L'eurodeputee \"demande une nouvelle fois la fermeture immediate des mosquees salafistes\", \"la tolerance zero contre tous ceux qui font des preches au contenu contraire a nos valeurs, a nos lois et a notre Republique, ceux qui revendiquent la soumission de la femme\", \"le durcissement de la loi sur l'interdiction du port du voile integral\". Selon l'ex-ministre, \"il est aussi temps de remettre de l'ordre et de l'autorite dans nos quartiers en perdition en y associant nos forces armees\". \"Notre democratie est en danger, nous devons nous defendre. Nous devons terroriser les terroristes\", affirme-t-elle. ", "theme": "politique"}