{"id_art": "69a1b8e35b032a0cd95f08ed632b6361", "title": "Dati (LR): \"La perpetuite reelle transformerait les terroriste en fauves\"", "newspaper": "LePoint", "author": ["AFP"], "date_publi": "2016-03-27", "content": "L'ancienne Garde des Sceaux Rachida Dati se demarque d'autres representants de la droite sur l'idee d'une \"perpetuite effective\" pour les auteurs d'actes terroristes, estimant qu'une \"perpetuite reelle\" les transformerait en \"fauves\", dans une interview publiee par le Journal du Dimanche. \"Je ne suis pas favorable a une perpetuite reelle qui transformerait ces terroristes en +fauves+ ingerables et incontrolables prets a tout a l'interieur de la prison, mais aussi avec un impact a l'exterieur de la prison\", fait valoir la deputee europeenne Les Republicains. \"Ceux qui proposent cela meconnaissent notre tradition juridique et judiciaire et, surtout, ne pensent pas au personnel penitentiaire qui sera veritablement en danger\", ajoute-t-elle. Rappelant le dispositif legislatif existant, Mme Dati estime que pour les auteurs d'actes terroristes, \"la solution serait une peine de reclusion criminelle a perpetuite avec une periode de surete de trente ans, voire de quarante ans, completee par la retention de surete\", qu'elle a instauree en 2008. Rachida Dati estime par ailleurs que la France est \"au degre zero de la deradicalisation\", ajoutant que \"toutes les annonces de creation de centres de deradicalisation sont un leurre.\" \"On ignore le statut, le lieu, l'objectif de ces centres, et quels seront les acteurs en charge du programme de deradicalisation\", souligne-t-elle. Faut-il mettre en prison ou en retention tous les fiches S, comme le suggere Laurent Wauquiez?(LR) ? \"La faille n'est pas le manque d'informations ou de renseignements, c'est le manque d'experts pour les analyser et permettre des interpellations pour eviter le pire\", affirme l'ancienne Garde des Sceaux. 27/03/2016 07:27:55 - Paris (AFP) - (c) 2016 AFP ", "theme": "politique"}