{"id_art": "48b75373217936c9049c247f0a780bc3", "title": "Terrorisme : Cazeneuve sort l'artillerie lourde", "newspaper": "LePoint", "author": ["Source AFP"], "date_publi": "2016-04-01", "content": " Le ministre de l'Interieur a passe ses troupes en revue a Reims, ou policiers et gendarmes ont fait une demonstration avec leur nouvel equipement. Intervenir au plus vite, armes lourdes en bandouliere et bien equipes : le ministre de l'Interieur Bernard Cazeneuve a detaille vendredi a Reims la batterie de mesures pour les premiers policiers intervenant face a un attentat de type Bataclan. Le ministre s'est rendu aupres de gendarmes puis de policiers a qui il a donne ses instructions concernant leurs nouveaux equipements precisant que la << politique de renforcement >> de leurs moyens par le gouvernement, depuis les attentats, etait << massive et unique en Europe >>. Ils lui ont fait une demonstration grandeur nature des nouveaux et puissants elements du materiel dont sont progressivement dotes les << primo-intervenants >> - brigade anticriminalite (BAC) de la police et pelotons de surveillance et d'intervention de la gendarmerie (Psig) -, c'est-a-dire ceux susceptibles d'etre les premiers sur les lieux d'un attentat type << tuerie de masse >>, comme ceux du 13 novembre 2015 (130 morts) particulierement au Bataclan. Un commissaire de police de la BAC et son chauffeur avaient ete les premiers a penetrer dans la salle de spectacle ce soir-la, reussissant a tuer un des djihadistes. Avec les moyens du bord. Le ministre a repete que les forces d'intervention, GIGN, Raid ou BRI, doivent etre << rapides >> et << situees a 20 minutes de distance >> de n'importe quel point du territoire. Il entend aussi faire cesser une << guerre des polices >> qui couve parmi les forces d'elite - Raid et brigade de recherche et d'intervention (BRI) de la police, GIGN de la gendarmerie - s'accusant mutuellement, sous le manteau, de ne pas avoir ete sollicitees comme il se devait le soir du 13 novembre. A Paris, ce sont les << super-flics >> qui ont agi, pas ceux de la gendarmerie, intervenant traditionnellement en province. Cet aspect du plan antiterroriste de Bernard Cazeneuve a ete << tranche >> et sera presente << dans une quinzaine de jours >> lors d'un exercice commun GIGN/Raid, selon son entourage. << Il faut que les cloisons tombent >>, a dit le ministre a Reims, << que les chapelles se parlent >>. Pour ce qui est des << primo-intervenants >>, un plan specifique BAC/Psig a ete decide en octobre 2015 et officiellement lance en fevrier par le ministre a Paris. Il prevoit la dotation de fusils d'assaut, de casques et de visieres balistiques, gilets pare-balles, boucliers qui resistent aux balles de kalachnikov. Pour un montant a 17 millions d'euros. A Reims, les forces de l'ordre ont fait la demonstration de leurs equipements face a de potentiels terroristes tout de noir vetus et puissamment armes semant la terreur dans une fete de quartier. Les policiers et gendarmes sont notamment progressivement dotes de puissants fusils HK G36, jusque-la reserves aux seules unites d'elite, et de pistolets a impulsion electrique LBD. Les premiers sont destines a parer toute tuerie de masse, a insiste M. Cazeneuve, mais aussi le grand banditisme comme le braquage de Saint-Ouen (Seine-Saint-Denis) en octobre 2015 ou un policier avait ete tres grievement blesse et qui, a-t-il dit, << m'a marque >> . Il a egalement annonce 300 nouveaux vehicules d'ici a la fin du mois de juin pour remplacer ceux hors d'age et il a pointe << l'effort massif >> du gouvernement pour doter les forces de l'ordre en moyens et materiels. << 9 000 emplois auront ete crees entre 2012 et 2017 >>, a-t-il aussi assure en rappelant la << menace terroriste plus elevee qu'elle n'a jamais ete >>. << Ma priorite >>, a repete Bernard Cazeneuve, c'est << un maillage resserre >>, une << fine articulation >> police/gendarmerie pour << que l'ensemble du territoire soit couvert >>. Il a rendu un hommage appuye aux forces de l'ordre, << de grands republicains >>, ajoutant qu'il ne tolerera pas << le moindre manquement >>. << Vous devez etre exemplaires, on ne vous pardonnera rien. >> ", "theme": "societe"}