{"id_art": "760ac590756f167a3ec046b6f9764b36", "title": "Alain Bauer : \"On assiste a une uberisation du terrorisme\"", "newspaper": "LePoint", "author": ["Propos recueillis par Olivia Recasens"], "date_publi": "2016-06-17", "content": " Le criminologue denonce l'idee de loups solitaires, deplore les manques de nos services de renseignements et plaide pour une lutte sur mesure. Le Point : Deux attaques terroristes, sur le sol americain et en France. Et voila que ressurgit le concept de << loup solitaire >>... Alain Bauer : C'est LA bonne excuse apres un ratage. L'explication facile agitee depuis l'affaire Merah par les services de securite. Ici, il s'agit certes d'operateurs isoles, mais qui ont des contacts reguliers, directs ou indirects, avec des predicateurs ou des leaders de groupes terroristes structures. Ils sont autonomes, mais pas independants. En France... Deja abonne ? Pas encore abonne ? ", "theme": "societe"}