{"id_art": "827199286d6304c1954ef6025181cc33", "title": "Terrorisme : Manuel Valls \"regrette\", mais ne s'excuse pas", "newspaper": "LePoint", "author": ["Source Sipa"], "date_publi": "2012-11-14", "content": " Mardi, le ministre de l'Interieur a provoque un incident de seance a l'Assemblee en imputant a la droite \"le retour du terrorisme\" en France. Le ministre de l'Interieur Manuel Valls a regrette mercredi ses propos tenus la veille a l'Assemblee nationale, ou il avait impute a la droite \"le retour du terrorisme\" en France. \"Dans le chaudron de l'Assemblee nationale, on peut etre emporte par le verbe et je le regrette bien evidemment\", a-t-il declare sur BFMTV. Il a employe exactement la meme expression lors de la seance de questions au gouvernement a l'Assemblee nationale, en debut d'apres-midi. Quand on lui a demande si la droite etait responsable du retour du terrorisme, Manuel Valls a repondu : \"Non, bien sur\", ajoutant avoir tenu ces propos sans arriere-pensee. \"Pour ce qui concerne la lutte contre le terrorisme [...], le rassemblement de tous, l'unite nationale sont necessaires\", a rappele le ministre. Il a exclu en revanche de s'excuser : \"Pourquoi presenter des excuses ?\" \"Ce que je reproche a la droite [...], c'est d'instrumentaliser en permanence les questions de securite, de diviser notre pays. Eh bien, je dois m'appliquer le meme principe : il ne faut jamais diviser notre pays sur les questions de terrorisme\", a ajoute Manuel Valls. \"Il a fait de l'esbroufe et j'attends de Manuel Valls aujourd'hui que lui-meme reconnaisse qu'il a derape\", avait lance, sur France Inter, quelques minutes avant que le ministre ne prenne la parole l'UMP Eric Ciotti, membre de la commission des Lois. Interpelle par le directeur de campagne de Francois Fillon sur les chiffres \"catastrophiques\" de la delinquance au mois d'octobre, Manuel Valls avait provoque mardi un spectaculaire incident de seance a l'Assemblee nationale en imputant a la droite \"le retour du terrorisme\" en France. Regardez Manuel Valls accusant la droite a l'Assemblee nationale, mardi : ", "theme": "politique"}