{"id_art": "f87d63ffb576ba6bc22dba45d2cdcf8a", "title": "Les voeux de Francois Hollande marques par le terrorisme", "newspaper": "LePoint", "author": ["Source AFP"], "date_publi": "2015-12-29", "content": " L'annee 2015 aura ete marquee par les attentats de janvier et de novembre. Le president a donc decide d'y consacrer son discours en appelant au rassemblement. 2016 sera la derniere annee pleine du quinquennat de Francois Hollande. Pour ses voeux, le chef de l'Etat a prevu de mettre l'accent sur la protection des Francais, le rassemblement face a la menace terroriste avec la defense de la controversee decheance de nationalite et la poursuite des reformes. Des voeux empreints de << gravite et de solennite >> au dernier jour d'une annee 2015 marquee par les attentats de Charlie Hebdo et du Bataclan, precise son entourage, qui evoque un president << determine a tout faire pour proteger les Francais >>. << A coup sur >>, le chef de l'Etat s'exprimera sur l'une des dispositions phares de la lutte antiterroriste, qui divise profondement la gauche : l'inscription dans la Constitution de l'elargissement de la decheance de nationalite aux binationaux francais condamnes pour terrorisme. Mais pour le reste, il devrait une nouvelle fois se draper dans les habits de << pere de la Nation >>, garant de son unite, posture qui lui a valu une spectaculaire remontee dans les sondages au lendemain des attentats du 13 novembre. De nouveau aussi, il exhortera les Francais a << se rassembler, s'unir et s'accorder face aux perils qui menacent la France >>, selon l'un de ses proches. Comme le veut la tradition, le president de la Republique s'exprimera a 20 heures precises et pendant sept a huit minutes. Une allocution radiotelevisee qui sera enregistree dans les deux heures precedant sa diffusion au palais de l'Elysee, sans doute sous les ors du Salon Napoleon III. Il saluera l'engagement des soldats francais au Proche et au Moyen-Orient ainsi qu'en Afrique ou ils font face a des mouvements djihadistes. Il rappellera aussi le succes de la conference mondiale sur le climat de l'ONU, presidee par la France. Mais il dressera surtout << des perspectives pour 2016 >> avec << la poursuite du mouvement de reforme pour stimuler la croissance et faire baisser le chomage >>, confie son entourage, meme si aucune revolution copernicienne n'est attendue apres le pacte de responsabilite du 31 decembre 2013. Cet exercice de la Saint-Sylvestre ouvrira la non moins traditionnelle litanie des voeux presidentiels de janvier a tout ce que la France compte de parlementaires ou de corps constitues. Avec toutefois une innovation majeure, dictee la aussi par les attentats. Le 7 janvier, un an jour pour jour apres l'attaque contre Charlie Hebdo, Francois Hollande presentera ses voeux aux forces de securite engagees dans l'operation Sentinelle declenchee debut 2015 pour proteger les nombreux points sensibles du territoire national. Tres symboliquement, ces voeux seront prononces dans la cour de la prefecture de police de Paris, en echo a l'hommage rendu par le chef de l'Etat, le 13 janvier au meme endroit, aux trois policiers tues dans les attentats des jours precedents. Debut janvier, Francois Hollande devrait egalement participer a plusieurs commemorations organisees par les villes de Paris et de Montrouge - devoilement de plaques, evenement place de la Republique - ou par le Conseil representatif des institutions juives de France (Crif), devant l'Hyper Cacher, porte de Vincennes. Des le 4, il presentera ses voeux au gouvernement, dans la foulee du premier conseil des ministres de l'annee qui se tient traditionnellement le lundi. Et le lendemain, ce sera au tour des autorites religieuses et du Conseil constitutionnel. Le 8, Francois Hollande se rendra a Jarnac (Charente) pour se recueillir sur la tombe de Francois Mitterrand, vingt ans jour pour jour apres sa mort. Il poursuivra ensuite son marathon des voeux avec les corps constitues et les assemblees, le 13, les armees, le 14 a Coetquidan (Morbihan), les territoires, dans son fief de Correze le 16, les acteurs de l'entreprise et de l'emploi, le 18, et le corps diplomatique, le 21. ", "theme": "politique"}