{"id_art": "003c7f3a4dec9dd5502f17ae5f05477a", "title": "Terrorisme : Omar Diaby hante toujours les palais de justice", "newspaper": "LePoint", "author": [" Marc Leplongeon"], "date_publi": "2016-04-05", "content": " Le nom du djihadiste, vraisemblablement tue en aout 2015, revient sans cesse dans la bouche des jeunes Francais qui se sont laisse tenter par la Syrie. Quand, a l'issue de nombreuses conversations sur Facebook, Z. a enfin pu voir, en vrai, son mentor, le jeune homme s'est laisse gagner par l'emotion : << Quand il nous a serres dans les bras, j'ai eu l'impression qu'il me transmettait quelque chose. On sentait tout >>, raconte-t-il a un copain, en ce jour de l'ete 2013, dans une conversation telephonique ecoutee par la police. Quelques semaines plus tard, voila Z. sous le charme du charisme d'Omar Diaby, parti pour la Syrie. Un voyage qu'il a bien du mal a expliquer aujourd'hui, devant le tribunal correctionnel de Paris : << A ce moment-la, je m'ennuyais (...). Je voulais juste quitter la France. >> Z. n'a pas de difficultes particulieres a l'ecole, tout va bien dans sa famille. << J'etais en quete de verite, dit-il. Je voulais savoir quelle etait la pratique religieuse la plus veritable. >> A l'autre bout de la salle d'audience, Cedric, un gros et grand barbu, tee-shirt gris et cheveux longs, a quant a lui tranche la question : ce sera l'islam radical. Le jeune homme a tente en juin 2015, alors qu'il etait sous controle judiciaire, de braver les autorites et de franchir la frontiere turque. Cela lui a valu d'etre incarcere. Lundi apres-midi, le fanatique a rejete l'assistance de son avocat et n'a pas voulu s'exprimer devant le tribunal, emanation d'une France << democratique >> et << laique >> qu'il rejette, a-t-il lance. L'imposant Cedric a ensuite suivi l'audience en silence depuis son box, interrompant toutefois les debats pour reclamer un temps afin de faire sa priere. Hors de question, a tranche le president, qui l'a toutefois laisse reciter ses sourates en silence. De toutes les personnes presentes cette semaine devant la 16e chambre, c'est Cedric qui a le profil le plus inquietant. Sur les onze prevenus juges depuis lundi a Paris, quatre sont partis en Syrie a partir de l'ete 2013. Mais ceux-la, a la difference de Z., ne sont jamais revenus. Les autres comparaissent pour avoir fourni un soutien logistique au djihad de leurs camarades ou pour avoir eu eux-memes le dessein, a un moment donne, de les rejoindre. Bref, pour avoir participe d'une maniere ou d'une autre, a ce que la justice appelle une << association de malfaiteurs en lien avec une entreprise terroriste >>. Le point commun de toutes ces personnes ? Omar Diaby, un des principaux recruteurs du djihad francais, donne pour mort par ses proches en aout 2015. Alors que les services de renseignements soupconnent cet ancien braqueur d'avoir enrole au combat des dizaines de jeunes Francais, on commence a peine, au tribunal, a saisir l'ampleur des degats qu'il a causes chez nos jeunes generations. A chaque proces pour terrorisme, le nom d'Omar Diaby retentit dans les murs de la salle d'audience : il est l'etendard du djihadisme francais, l'homme par qui tout est arrive. Omar Diaby, alias Omar Omsen, a dirige en 2013 la principale brigade francophone de Syrie. Tres actif sur Internet, il publiait des videos appelant au djihad, visionnees des milliers de fois en prison et dans les milieux islamistes. Un << grand manipulateur >>, selon les prevenus, << une sorte de precheur >> : << Il jouait avec les emotions. >> Fin mai 2013, lui et un de ses comparses, un certain Mourad Fares, << animent des sortes de conferences sur Internet, ouvertes a tout le monde >>, raconte un prevenu. Lequel ajoute : << Le sujet etait l'immigration. Ils ne voulaient pas se griller ouvertement et parler de djihad. Ils ne parlaient que d'immigration. Ils parlaient de quitter la France pour aller sur une terre musulmane. Ils parlaient aussi de religion, de theologie, de trucs comme ca. >> Sur le Web, les deux hommes ont un succes considerable. D'autant plus que Mourad Fares, le << binome de Diaby >>, selon un apprenti djihadiste, n'est pas n'importe qui. L'homme federe lui aussi aux quatre coins de la France, a Strasbourg, a Lyon, et dans la banlieue parisienne. Plus tard, on le retrouvera meme a Lunel. C'est egalement Mourad Fares, comme nous l'avions ecrit ici, qui a converti au djihad un des kamikazes du Bataclan. En juin 2013, il est temps, pour Fares et Diaby, de transformer l'essai. Deux reunions physiques sont organisees a Saint-Denis avec << le groupe >> qui les suit activement sur Internet. << Ils parlaient un peu de tout, relate Z. De la patience, des epreuves qui nous attendent, de la fin des temps, des signes d'apocalypse. Je n'ai pas entendu de leur bouche le mot djihad. >> << C'etait comme dans ses videos de propagande, lache un autre. Omar Diaby essaie d'amener les gens en Syrie pour faire le djihad. Mais il ne le dit pas directement. Il ne parle pas juste de massacres en se disant que les gens vont aimer ca. C'est un cheminement, un lavage de cerveau. >> Aujourd'hui, plusieurs des prevenus soutiennent que tout cela est derriere eux. Omar Diaby mort, la parole se libere. << On s'est rendu compte qu'Omar, il ne savait meme pas lire le Coran en arabe, et qu'il ne savait pas comment mener la priere. (...) On s'est dit qu'il etait fou >>, a dit l'un d'entre eux en garde a vue. Interroge sur les 11 285 photos retrouvees sur son portable, et dont certaines representent des scenes de guerre abominables, le petit S., tout juste majeur a l'epoque des faits, a rentre ses epaules et degluti peniblement : << Je suis tombe dans le n'importe quoi. (...) Je n'ai pas envie d'y retourner, j'en suis sorti. >> Et le president de repondre : << Moi, ce que je veux comprendre, c'est pourquoi vous vous y etes mis. >> ", "theme": "justice"}