{"id_art": "c52f3256d7b7c8c9673fee65f2937beb", "title": "Macron place la lutte contre le \"terrorisme islamiste\" au coeur de sa diplomatie", "newspaper": "LePoint", "author": ["AFP"], "date_publi": "2017-08-29", "content": "Le president Emmanuel Macron a place mardi la lutte contre le terrorisme au coeur de la diplomatie francaise et assure qu'il allait redonner a une France \"independante\" son rang dans le monde, dans son premier discours de politique etrangere devant les diplomates francais. \"La securite des Francais est la raison d'etre de notre diplomatie, cette exigence est viscerale et nous devons y repondre sans faiblir\", a lance le chef de l'Etat devant plus de 150 ambassadeurs francais reunis a l'Elysee pour la traditionnelle rentree diplomatique. Fixant a ses diplomates \"trois axes forts\", la securite, l'independance et l'influence de la France, M. Macron a decline, dans un long inventaire de l'etat du monde, sa volonte d'une France \"reprenant son rang parmi les nations\" et \"capable de se faire entendre\". Depuis son arrivee au pouvoir en mai, ce president de 39 ans s'est fait remarquer sur la scene internationale par des coups d'eclat qui ont seduit ou irrite, mais c'est la premiere fois qu'il dessine les contours de sa doctrine etrangere generale. \"La lutte contre le terrorisme islamiste (est) la premiere priorite de notre politique etrangere. Oui, je parle bien d'un terrorisme islamiste et j'assume parfaitement l'emploi de cet adjectif\", a declare le chef de l'Etat, assurant que \"l'angelisme n'est pas de mise a cet egard\". \"Daech (acronyme arabe du groupe Etat islamique) est notre ennemi\", a martele M. Macron, ajoutant que \"le retour de la paix et la stabilisation en Irak et en Syrie sont une priorite vitale pour la France\". M. Macron, qui avait choque l'opposition syrienne en juin en disant qu'il ne voyait pas de successeur legitime au president Bachar al-Assad, a assure que \"la reconstitution d'un Etat de droit en Syrie devra s'accompagner de la justice pour les crimes commis, notamment par les dirigeants\". Concernant les autres terrains ou la France est engagee dans cette lutte, M. Macron a annonce la nomination d'un envoye special sur le developpement et la securite pour le Sahel, et une reunion fin septembre sur la Libye en marge de l'Assemblee generale des Nations unies. Sur le Moyen-Orient en general, le chef de l'Etat s'est refuse a \"choisir son camp\" entre les deux grands rivaux de la region, l'Arabie saoudite sunnite et l'Iran chiite, et a reaffirme l'attachement de la France a l'accord nucleaire de 2015 avec l'Iran, au moment ou ce pays est menace par la degradation de ses relations avec les Etats-Unis de Donald Trump. S'il n'a que tres brievement aborde certaines regions comme l'Asie et l'Amerique latine, le president francais n'a pas hesite a qualifier le regime du president venezuelien Nicolas Maduro de \"dictature\", un mot qui n'a ete que tres rarement employe jusque-la, sauf par exemple par le president americain Donald Trump. \"Une dictature tente de se survivre au prix d'une detresse humanitaire sans precedent\", a commente M. Macron au sujet de la grave crise qui secoue le Venezuela depuis des mois et qui a deja fait plus de 130 morts. Le chef de l'Etat est en revanche longuement revenu sur l'Europe, \"outil\" de la puissance francaise, et a assure que Paris ferait des propositions de reformes apres les elections allemandes. Il a de nouveau plaide pour une Europe \"refondee\" et \"a plusieurs formats\", tiree par une \"avant-garde\" des pays qui voudront \"aller plus loin\" dans la convergence de leurs economies et de leurs politiques. Le Brexit montre que \"quand l'Europe n'est qu'un marche, elle est rejetee\", a-t-il dit. \"Cela doit nous obliger a etre plus innovants : nous devons penser une Europe a plusieurs formats, aller plus loin avec tous ceux qui souhaitent avancer, sans etre entraves par les Etats qui desirent, et c'est leur droit, avancer moins vite ou moins loin\", a-t-il poursuivi. Enfin, sur le climat, un sujet dont s'est empare M. Macron pour s'affirmer face a Donald Trump, dont le pays est sorti en juin de l'Accord de Paris, il a confirme une conference internationale dans la capitale francaise le 12 decembre et annonce qu'il oeuvrerait a l'ONU pour \"un pacte mondial\" sur l'environnement, sans plus de details. 29/08/2017 14:57:19 - Paris (AFP) - (c) 2017 AFP ", "theme": "societe"}