{"id_art": "c225f5ec43579f9ba64b0d894012ef87", "title": "Nice : pour Cazeneuve, \"c'est un attentat a caractere terroriste\"", "newspaper": "LePoint", "author": ["Source AFP"], "date_publi": "2016-07-18", "content": " Cette information a ete donnee par le ministre de l'Interieur, interroge ce lundi sur RTL. Bernard Cazeneuve s'est exprime sur le drame qui a fait 84 morts. Encore de nombreuses zones d'ombre. Les liens entre le tueur de Nice Mohamed Lahouaiej Bouhlel et << les reseaux terroristes >>, et notamment le groupe djihadiste Etat islamique qui a revendique l'attaque, << pour l'instant ne sont pas etablis par l'enquete >>, a declare lundi le ministre de l'Interieur. << Le mode operatoire emprunte totalement a ce que sont les messages de Daech >>, l'Etat islamique, a toutefois ajoute Bernard Cazeneuve sur RTL. << On ne peut pas exclure qu'un individu desequilibre et tres violent, et il semble que sa psychologie temoigne de ces traits de caractere, ait ete a un moment, dans une radicalisation rapide, engage dans ce crime absolument epouvantable. >> Selon le ministre, << c'est un attentat a caractere terroriste, cela est apparu clairement des les premiers instants >>. << L'enquete avance >> et << les premiers elements >>, a-t-il souligne, << semblent reveler >> qu'il y a bien eu premeditation. << Il y a des personnes qui ont ete mises en garde a vue >>, << dans l'entourage ou parmi ceux qui ont pu a un moment donne etre en contact avec le terroriste pour lui fournir des armes >>, a ajoute Bernard Cazeneuve. Selon le dernier bilan en sa disposition, l'attaque de jeudi soir a fait 84 morts et 308 blesses, 58 personnes etant encore hospitalisees, dont 29 sont en reanimation. A la presidente du FN qui reclame sa demission, il a lance : << C'est precisement parce qu'elle me le demande que je ne le ferai pas et je le ferai d'autant moins que Marine Le Pen n'a vote aucune loi antiterroriste. >> << Marine Le Pen n'a qu'un discours, c'est de pointer les musulmans de France. (...) Lorsque Daech espere a travers les attentats qu'il commet creer des blessures et des fractures irreparables dans la societe francaise (...), jusqu'a creer des tensions qui pourraient conduire au pire, eh bien, nous avons une formation politique en France qui tend la main a la division >>, a accuse le ministre. << Il faut que les Francais sachent qu'il y a une mobilisation exceptionnelle de moyens et une volonte absolue de proteger le pays face a la menace terroriste >>, a-t-il assure. Interroge sur les critiques sur l'absence de herses pour barrer l'acces a la promenade des Anglais, le ministre a repondu : << Est-ce que vous imaginez que l'on puisse, des lors que les terroristes peuvent frapper a tout moment en tout lieu du territoire national, mettre des herses partout, en tout lieu, en sachant de toutes les facons que, meme si nous le faisions, nous ne protegerions pas necessairement les Francais en garantissant le risque zero ? >> Ce lundi, la France rend hommage aux 84 victimes de l'attentat de Nice. Partout dans le pays, les habitants se figeront a 12 heures pour respecter une minute de silence. Le chef de l'Etat observera ce moment de recueillement Place Beauvau en compagnie du ministre de l'Interieur Bernard Cazeneuve, de tous les chefs de la police, de la gendarmerie et des pompiers, ainsi que de 350 membres du personnel de tous les corps du ministere, a-t-on precise. A Nice, la promenade des Anglais sera ensuite rouverte aux passants. ", "theme": "societe"}