{"id_art": "ff030ca3c81b2a905c02a997b3cef85d", "title": "Ariege: un trentenaire en comparution immediate pour apologie du terrorisme", "newspaper": "LePoint", "author": ["AFP"], "date_publi": "2016-12-13", "content": "Un homme de 32 ans, interpelle samedi apres le signalement d'un utilisateur de Facebook, doit etre presente mardi en comparution immediate a Foix pour \"apologie publique d'un acte de terrorisme\" et \"menace de mort en raison de la religion\", a-t-on appris aupres du parquet. L'audience est fixee a 14H00 au tribunal correctionnel de Foix, a precise une representante du parquet. Samedi, un utilisateur de Facebook avait signale a la police des \"menaces de mort reiterees\" de la part d'un \"individu se reclamant d'Allah et faisant l'apologie du terrorisme\", selon un communique du procureur de la Republique a Foix, Karline Bouisset. Selon le document, \"sans enoncer de cible particuliere, l'interesse indiquait parallelement vouloir donner son ame a Allah le 12 decembre 2016\", jour d'une visite du Premier ministre, Bernard Cazeneuve, en Ariege. Le trentenaire a ete interpelle samedi apres-midi avec l'assistance du RAID a Pamiers (Ariege) et place en garde a vue au SRPJ de Toulouse. Dimanche, sa garde a vue a ete prolongee. Entendu, il s'est \"defend[u] d'avoir concu un quelconque projet criminel\", avait indique dimanche Mme Bouisset. \"La minutieuse perquisition menee chez lui confirme l'absence d'armes et aucun element materiel n'accredite a ce stade de l'enquete l'existence d'actes preparatoires tendant a la commission d'un crime\", selon la meme source. \"Questionne sur sa volonte de donner son ame a Allah le 12 decembre 2016, le mis en cause a explique qu'il avait choisi ce jour car il s'agit de la date anniversaire du prophete\", poursuivait le parquet. Dimanche, la procureur ecartait ainsi \"en l'etat des investigations\", \"tout lien\" avec la venue du Premier ministre, Bernard Cazeneuve, et du Garde des Sceaux, Jean-Jacques Urvoas, dans le departement lundi. Ce qu'une source proche du dossier a confirme mardi a l'issue de la garde a vue. En janvier, le prevenu avait ete condamne a 8 mois de prison en comparution immediate, pour \"outrage sur personne depositaire de l'autorite publique\", \"menaces de mort sous condition\", \"intrusion dans un etablissement scolaire\" et \"detention de stupefiants\", avait precise le parquet. 13/12/2016 11:18:45 - Toulouse (AFP) - (c) 2016 AFP ", "theme": "societe"}