{"id_art": "59335f1254ce87805cf0c548a67f9d39", "title": "\"La democratie face au terrorisme\" : un discours de Hollande pour prendre date ?", "newspaper": "LePoint", "author": ["Source AFP"], "date_publi": "2016-08-29", "content": " Le 8 septembre, le president prendra la parole et evoquera \"l'Etat de droit, la laicite ou le vivre ensemble\" devant la Fondation Jean-Jaures. Quatre mois apres avoir dresse le bilan de son quinquennat lors d'un discours au theatre du Rond-Point, Francois Hollande s'exprimera le 8 septembre sur le theme de << la democratie face au terrorisme >> dans un cadre comparable, a-t-on appris lundi aupres de la Fondation Jean-Jaures. << Ce sera l'un de ses discours importants de la rentree sur un theme qui sera, a l'evidence, central en 2017 >>, a declare a l'AFP le directeur general de la fondation, Gilles Finchelstein, confirmant des informations de presse. Ce << discours a large spectre >> explorera les reactions de << la democratie, de la Republique, de la France et de l'Europe face au terrorisme >> et evoquera << l'Etat de droit, la laicite ou le vivre ensemble >>, a-t-il precise. Le chef de l'Etat, qui doit dire en decembre s'il brigue un nouveau mandat, s'exprimera de 11 heures a 13 heures sur la scene de la salle Wagram, a Paris, lors de cette rencontre coorganisee par la Fondation Jean-Jaures, Terra nova et la Fondation europeenne d'etudes progressistes. Le discours du Rond-Point, le 3 mai, avait ete percu comme le premier acte d'une pre-campagne presidentielle, Francois Hollande esquissant a cette occasion son projet politique, resume d'une phrase : << Moderniser, proteger et permettre a la France d'aller mieux tout en restant elle-meme. >> ", "theme": "politique"}