{"id_art": "306c8b7e0c43019e5be2d89350f4e10a", "title": "Mali: cinq soldats tues par des jihadistes, la France neutralise des \"terroristes\"", "newspaper": "LePoint", "author": ["AFP"], "date_publi": "2017-04-18", "content": "Cinq soldats maliens ont peri mardi dans une attaque jihadiste dans la region de Tombouctou, au nord du Mali, selon Bamako, la France annoncant que sa force Barkhane avait neutralise une dizaine de \"terroristes\". L'attaque a vise un \"detachement des Forces armees maliennes base a Gourma Rharous\", une localite d'acces difficile situee a quelque 120 km a l'est de Tombouctou, selon un communique du gouvernement malien. L'assaut a ete mene \"par un groupe terroriste aux environs de 05H00 du matin\" (heure locale et GMT), elle \"a occasionne la mort de cinq soldats et une dizaine de blesses\", a ajoute le gouvernement, sans identifier de groupe en particulier. L'attaque avait ete rapportee plus tot mardi a l'AFP par le porte-parole de l'armee malienne, le colonel Diarran Kone, qui avait parle de \"pertes en vies humaines et en materiel du cote des forces armees et de securite\". Une source locale avait parle de quatre soldats tues, bilan egalement evoque dans un communique par l'etat-major de l'armee francaise, en attribuant l'attaque a \"un groupe arme terroriste\". Les soldats maliens, qui ont mis \"hors de combat plusieurs assaillants\", ont transmis \"une alerte a (la force francaise) Barkhane afin de declencher une mission d'appui\", a explique l'etat-major francais. En reponse, Barkhane a envoye \"un module d'intervention\" de combat aerien et aeroporte avec \"un detachement de commandos de montagne\". Les Francais ont repere \"les terroristes en fuite a une trentaine de kilometres du lieu de l'attaque\" et neutralise \"deux pick-up derobes et lourdement armes, ainsi qu'une dizaine de terroristes\", selon le communique, qui n'a pas precise si les \"terroristes\" neutralises avaient ete tues ou blesses. De meme source, \"le militaires maliens blesses ont ete evacues par la Minusma (Mission de l'ONU au Mali). Les blesses les plus graves ont ete pris en charge par les equipes medicales de Barkhane\" a Gao (nord-est). La Minusma a fait egalement etat d'une attaque mardi vers 04H00 GMT contre un vehicule d'un de ses convois logistiques, qui a \"heurte un engin explosif improvise ou une mine, a environ 30 km au sud de Tessalit\" (nord-est), \"le bilan preliminaire est de trois blesses graves, dont deux Casques bleus et un civil\". \"Il n'y a presque pas un jour ou l'on ne recoit pas de rapports sur des actes abominables de terrorisme commis par les ennemis de la paix et les ennemis de ce pays et de son peuple\", s'est indigne le chef de la Minusma, Mahamat Saleh Annadif. Le nord du Mali etait tombe en mars-avril 2012 sous la coupe de groupes jihadistes lies a Al-Qaida a la faveur de la deroute de l'armee face a la rebellion a dominante touareg, d'abord alliee a ces groupes qui l'ont ensuite evincee. Ces jihadistes en ont ete en grande partie chasses par une operation militaire internationale lancee en janvier 2013 a l'initiative de la France et qui se poursuit actuellement. Mais des zones entieres du pays echappent au controle des forces maliennes, francaises et de l'ONU, regulierement visees par des attaques malgre la signature en mai-juin 2015 d'un accord de paix, cense isoler definitivement les jihadistes. 18/04/2017 23:40:54 - Bamako (AFP) - (c) 2017 AFP ", "theme": "monde"}