{"id_art": "4eb4e6cdbc0a311cf275afb86a3e5dae", "title": "Prison ferme requise contre une mere de jihadiste pour \"financement du terrorisme\"", "newspaper": "LePoint", "author": ["AFP"], "date_publi": "2017-09-06", "content": "Dix-huit mois d'emprisonnement ont ete requis dans la nuit de mardi a mercredi a Paris a l'encontre de la mere d'un jihadiste presume mort en Syrie, accusee d'avoir finance son dessein jihadiste en lui envoyant de l'argent, ce dont elle se defend. Le proces de Nathalie Haddadi, conseillere commerciale en Alsace, s'est deroule jusqu'a 04H00 du matin mercredi dans une atmosphere tendue, devant la 16eme chambre du tribunal correctionnel de Paris. Le procureur a requis un mandat de depot a son encontre, c'est a dire son incarceration immediate. Le jugement sera rendu le 28 septembre. Si ce type de proces est rare, \"ce n'est pas la premiere fois\" qu'un parent de jihadiste comparait pour financement du terrorisme, avait precise le representant de l'accusation en debut d'audience. Cette femme de 43 ans est accusee d'avoir paye des billets d'avion pour l'Algerie a son fils Belabbas Bounaga, qui y avait rejoint son pere debut novembre 2015 alors qu'il etait vise par une interdiction de sortie du territoire francais a l'issue d'une peine d'emprisonnement. Il est reproche a la prevenue, musulmane non pratiquante, de lui avoir ensuite paye d'autres billets d'avion et fait parvenir de l'argent alors qu'il voyageait en Malaisie. De Malaisie, il avait rejoint l'organisation Etat islamique en Syrie via le Golfe et, en aout 2016, elle avait recu un appel lui annoncant sa mort, a 21 ans. Avant l'ouverture de l'audience, Mme Haddadi, cheveux bruns et escarpins, avait denonce \"une double peine\", la perte d'un fils et ce proces. Quand cet enfant delinquant, radicalise derriere les barreaux, etait sorti de prison en juillet 2015, \"j'avais peur\" qu'il aille en Syrie, a-t-elle explique a la barre, voix fluette. \"J'aurais pu sauver mon fils si j'avais eu de l'aide\". Elle a raconte l'avoir envoye chez son pere pour \"le sauver\" puis lui avoir adresse quelque 2.800 euros, notamment pour l'aider apres une agression en Malaisie, mais a \"aucun moment\" n'avoir envoye d'argent en Syrie ou finance son projet. Pour le procureur, qui a deplore les \"mensonges\" et revirements de Mme Haddadi dans ce dossier, \"elle etait au courant des aspirations de son fils\" lorsqu'elle lui a envoye l'argent, mais a malgre tout aide cet aine \"hypervalorise\" car \"tout ce qu'il faisait etait necessairement bien\". Un an d'emprisonnement, dont six mois avec sursis, a ete requis a l'encontre du frere cadet de Belabbas Bounaga, accuse de lui avoir fait parvenir de l'argent - issu du trafic de drogue. Pour la meme raison, trois ans d'emprisonnement avec mandat de depot ont ete requis contre le meilleur ami du jihadiste. Contre Belabbas Bounaga, juge par defaut en l'absence de certitude sur sa mort, le procureur a demande 10 ans de prison et un mandat d'arret. Le tribunal n'avait commence a examiner le fond de l'affaire que vers 21H30 et l'ambiance s'etait fortement tendue en fin de soiree lorsque l'avocat de Mme Haddadi, Me Herve Denis, avait accuse la presidente Isabelle Prevost-Desprez de se montrer \"odieuse\" avec sa cliente, qui avait alors quitte la salle en sanglots, begayant: \"J'ai perdu la chair de ma chair\". \"La plupart des parents, on est victimes de la radicalisation\", a plaide a la barre Veronique Roy, dont le fils Quentin est presume mort en Syrie, citee comme temoin. \"C'est ca qu'il faut combattre, c'est pas les parents\". 06/09/2017 05:30:53 - Paris (AFP) - (c) 2017 AFP ", "theme": "societe"}