{"id_art": "04714784a0c899883416eba91359bab8", "title": "Quand l'Occident fabrique des terroristes", "newspaper": "LePoint", "author": [" Romain Gubert"], "date_publi": "2015-03-03", "content": " EXTRAITS. Le journaliste et ex-otage Nicolas Henin relate dans un livre le cheminement vers l'extremisme en Syrie et les strategies pour grossir les rangs de groupes djihadistes. Nos lecteurs connaissent bien Nicolas Henin. En cheminant depuis dix ans a ses cotes au fil de ses reportages, ils ont pu tout comprendre des revolutions arabes, de l'Irak et de la Syrie. Dans Jihad Academy, un livre eblouissant de lucidite, notre collaborateur raconte comment la menace terroriste a rattrape l'Europe. D'abord, a pas de loup, par petites touches. Puis, et nous y sommes, en faisant parler les armes et la barbarie. Henin decrit aussi comment l'Occident a multiplie les faux pas dans la region : aveuglement, cynisme, faiblesse ou inconsequence. Il nous raconte ces personnages ob... Deja abonne ? Pas encore abonne ? ", "theme": "monde"}