{"id_art": "2bb222bbc269a9367c82d75805f9da9e", "title": "\"L'evolution de la menace terroriste\" justifie la creation d'un parquet dedie, selon Molins", "newspaper": "LePoint", "author": ["AFP"], "date_publi": "2017-12-18", "content": "Le procureur de Paris Francois Molins estime \"legitime\" la proposition de creer un parquet national antiterroriste, annoncee lundi par la ministre de la Justice, pour faire face a \"une mutation profonde de la menace terroriste qui va perdurer plusieurs annees\", a-t-il declare a l'AFP. \"Nous vivons dans un cadre juridique qui a 31 ans et qui a permis de faire face aux attentats, comme ceux de 1995\", a explique le magistrat, dont le parquet a competence nationale pour tous les dossiers terroristes depuis 1986. \"Mais la menace terroriste a considerablement evolue (...) et il est legitime de vouloir anticiper les defis futurs en faisant evoluer l'organisation\", a ajoute le procureur. Disposant d'une section specialisee, dite C1, composee de quatorze magistrats specialises permanents, il jugeait pourtant \"contre-productif\" en 2016 le principe d'un parquet dedie et invoquait l'efficacite du renfort immediat d'une soixantaine de magistrats que son parquet parisien pouvait fournir en cas de crise. \"A l'epoque de mes propos, on nous proposait de prendre les effectifs de la section C1 pour en faire un parquet en soi, ce n'etait pas suffisant\", a-t-il explique. En outre, \"il y a deux ans, le parquet de Paris s'occupait seul de ces questions. Mais aujourd'hui, il traite le haut du spectre des infractions et les parquets locaux se chargent de celles de basse intensite (consultation de sites, apologies du terrorisme...). Cette collaboration cree un besoin supplementaire de coordination\", dont pourrait heriter le nouveau parquet. \"Toute reorganisation est bonne si elle a du sens et ameliore fortement le dispositif\", a ajoute le procureur, \"et le parquet de Paris apportera son experience et ses reflexions\" a ce projet dont le perimetre doit etre precise. Arrive quatre mois avant les tueries de Mohamed Merah et au debut de la guerre en Syrie, Francois Molins, 64 ans est devenu, au rythme de ses conferences de presse televisees, le visage de la lutte antiterroriste en France. Sa nomination a ce poste-cle en 2011 sous le president Nicolas Sarkozy avait a l'epoque suscite des critiques a gauche, mais les proces en independance ont ete vite abandonnes. Jusqu'a se faire reprocher en coulisses a droite de trop en faire dans les affaires visant l'ancien president et ses proches. Si aucun nom n'a encore circule pour la tete de ce nouveau parquet, la ministre Nicole Belloubet a salue lundi \"le travail remarquable\" de Francois Molins, dont le mandat a Paris arrive a echeance en novembre 2018. 18/12/2017 19:15:43 - Paris (AFP) - (c) 2017 AFP ", "theme": "societe"}