{"id_art": "4d208f3d0bab421869d52cee2e499669", "title": "RSF craint \"une defaite de nos democraties face au terrorisme\"", "newspaper": "LePoint", "author": [" Guerric Poncet"], "date_publi": "2013-08-20", "content": " L'utilisation par la Grande-Bretagne d'une loi antiterroriste contre les journalistes et les informateurs est une \"ligne rouge\" qui \"a ete franchie\". Londres a cree une vive polemique dimanche en interrogeant pendant neuf heures David Miranda, le mari bresilien de Glenn Greenwald, journaliste du Guardian qui travaille sur le scandale de la surveillance generalisee et du programme americain Prism. En transit a l'aeroport de Londres, l'homme de 28 ans a ete isole pendant neuf heures sous le regime du \"Terrorism Act\", la loi antiterroriste. Tous ses appareils electroniques ont ete confisques, dont notamment son telephone mobile, son ordinateur et ses cartes memoire. \"Cette detention de neuf heures en vertu d'une loi qui s'applique aux personnes soupconnees de terrorisme est injustifiable\", a declare le ministre bresilien des Affaires etrangeres, Antonio Patriota. Johann Bihr, responsable de bureau chez Reporters sans frontieres, nous explique pourquoi Londres a franchi un cap tres dangereux. Le Point.fr : David Miranda, qui aide son mari journaliste (David et Glenn sont maries) dans ses investigations sur le scandale Prism et dans ses contacts avec l'informateur Edward Snowden, ne dispose d'aucune protection juridique. Est-ce un probleme ? Johann Bihr (RSF) : C'est un probleme plus large, qui concerne aussi les blogueurs, les lanceurs d'alerte, qui sont completement depourvus de protection juridique. Il ne s'agit pas de discrediter la lutte contre le terrorisme, qui est necessaire et legitime. Mais pour etre efficace, elle n'a pas besoin de limiter le journalisme d'investigation. Tout est une question de proportionnalite. Cela aurait-il change quelque chose si David Miranda avait eu une carte de journaliste ? Je ne pense meme pas ! L'usage des lois antiterroristes permet de passer outre les protections de la presse, sous couvert de lutte contre les atteintes a la securite publique, ou d'atteinte aux reseaux informatiques. Et ces definitions sont tellement floues qu'on peut penser qu'elles representent une faille deliberee de ces lois. C'est tres inquietant. Concretement, comment cela s'est-il passe pour David Miranda ? L'homme, qui est suspect et non accuse, n'avait pas le droit de se taire. Refuser de repondre aux questions est un delit dans le cadre de la loi antiterroriste britannique. Quel est le rapport entre son travail d'investigation et la menace terroriste ? On touche ici au probleme de la definition de l'acte de terrorisme. De la stricte violence, c'est devenu aussi le risque de trouble a l'ordre public, ou la perturbation d'un systeme informatique. La, on risque beaucoup d'abus ! Ce qui est surprenant, c'est qu'Edward Snowden (l'homme qui a devoile le scandale, ndlr) n'est pas soupconne de terrorisme, lui. Il est plutot soupconne d'etre un traitre, ce qui n'est pas beaucoup mieux. Londres a-t-elle outrepasse le droit en s'attaquant ainsi a David Miranda ? Les lois antiterroristes se multiplient et sont de plus en plus severes. Assimiler un journaliste a un terroriste, c'est courant dans des regimes autoritaires et repressifs comme l'Ethiopie, la Turquie ou l'Ouzbekistan. Mais aujourd'hui, ces pratiques se repandent dans les democraties, et Londres a franchi une ligne rouge extremement grave. Dans les democraties, on est vraiment en train de passer un cap, qui pourrait remettre en question l'existence meme du secret des sources. Si cela se confirme, ce serait une defaite de nos democraties face au terrorisme. Y compris en France ? L'affaire des fadettes (dans le dossier Bettencourt, ndlr) a prouve qu'il est tres facile en France de violer le secret des sources sans grande consequence. Sous Nicolas Sarkozy, une loi a consacre le secret des sources sans vraiment donner de moyen de le faire respecter. Un autre projet de loi du gouvernement Ayrault devait combler ce manque, mais il a ete vide de sa substance dans la version recemment validee par le Conseil des ministres du gouvernement Ayrault. Au depart, l'exception au secret des sources pouvait etre invoquee en cas de menace d'atteinte grave a la personne. Aujourd'hui, on parle d'atteinte grave aux interets fondamentaux de la nation, sans que ce concept soit defini : il inclut eventuellement les interets economiques et politiques... C'est un grand retour en arriere, qui aurait pu justifier la censure de la couverture de l'intervention francaise au Mali par exemple. Si la France n'est pas la Grande-Bretagne ou les Etats-Unis, on constate que la meme tendance est a l'oeuvre pour limiter la pratique du journalisme d'investigation. Peut-on imaginer qu'un fonctionnaire ait fait du zele sans prevenir ses superieurs et son gouvernement ? Cela semble difficilement imaginable. Les autorites americaines ont reconnu avoir ete informees de l'interpellation imminente de David Miranda, ce n'est donc pas une initiative d'un agent de douane britannique. Cela signifie-t-il qu'il est desormais dangereux pour des journalistes occidentaux de transiter par la Grande-Bretagne ? C'est la conclusion que semble tirer le redacteur en chef du Guardian, qui a annonce que les travaux sur Prism seraient desormais menes depuis l'etranger. Puisqu'elles sont allees aussi loin, pourquoi les autorites britanniques n'ont-elles pas perquisitionne le Guardian ? On n'en est pas si loin. Le redacteur en chef du journal a publie hier un article pour expliquer que les services de renseignement ont tente de detruire ou de recuperer des documents fournis par Edward Snowden. Il etait totalement inimaginable il y a quelques semaines que deux agents du CGHQ (un service secret britannique) supervisent la destruction de documents dans les sous-sols du Guardian, comme le raconte le journaliste. ", "theme": "chroniqueurs-du-point/guerric-poncet"}