{"id_art": "7d938e1f69079eed3158d63bc2379b94", "title": "Lutte contre le terrorisme : Sarkozy conseille Cazeneuve", "newspaper": "LePoint", "author": ["Source AFP"], "date_publi": "2015-01-15", "content": " Dans une lettre au ministre de l'Interieur, le president de l'UMP a egraine les propositions de son parti, dont des \"centres de deradicalisation\". Nicolas Sarkozy a juge jeudi \"indispensable d'aller plus loin\" que les mesures proposees pour l'instant par le gouvernement pour lutter contre le terrorisme, dans un courrier adresse au ministre de l'Interieur. Bernard Cazeneuve l'a ensuite contacte par telephone. Dans son courrier, le president de l'UMP juge que, si \"certaines des annonces du Premier ministre peuvent recueillir notre assentiment, elles sont encore insuffisantes\". Le gouvernement doit \"decider de mesures energiques\" et l'UMP \"soutiendra toutes les initiatives qui iront dans cette direction\". Nicolas Sarkozy egrene ensuite les propositions de son parti, qui avaient ete devoilees mercredi soir, comme la decheance de nationalite et l'interdiction administrative de retour pour \"les terroristes binationaux\", ou encore la creation de \"centres de deradicalisation\", ou l'instauration du crime d'indignite nationale comme peine complementaire. Le president de l'UMP avait reuni mercredi tous les specialistes de son parti en matiere de securite : anciens ministres de l'Interieur, anciens president de commissions, experts... Il a egalement commence a recevoir autorites religieuses, syndicats de police et d'enseignants. Il recoit jeudi notamment Dalil Boubakeur, recteur de la Grande Mosquee de Paris, Roger Cukierman et Francis Kalifat, president et vice-president du Conseil representatif des institutions juives de France (Crif). Vendredi, Bernard Cazeneuve doit recevoir place Beauvau pour consultation afin de preparer les mesures demandees par Manuel Valls cinq anciens ministres de l'Interieur : Pierre Joxe, Daniel Vaillant, Francois Baroin, Brice Hortefeux et Michele Alliot-Marie. Dominique de Villepin sera recu samedi et Paul Quiles, mardi. Nicolas Sarkozy et Charles Pasqua ont ete consultes par telephone. Par ailleurs, dans une tribune publiee mercredi sur le site internet du Monde, et intitulee \"Il doit y avoir un avant et un apres-11 janvier 2015\", 80 elus UMP demandent d'\"agir vite et fort pour eradiquer le terrorisme\". \"Nous nous sommes reunis mardi dans le bureau de Jean-Francois Cope et nous avons eu la volonte de cette tribune avec notamment le rappel de ce qui a ete fait, comme la loi sur l'interdiction de la burqa,\" a explique a l'AFP Michele Tabarot, une proche de l'ex-president de l'UMP. La tribune, qui n'est pas signee de Jean-Francois Cope, reprend notamment l'idee, emise dans le passe, d'un \"code de la laicite\". \"Nous ne partons pas d'une page blanche\", a detaille Mme Tabarot. Parmi les signataires figurent notamment les deputes Julien Aubert, Sebastien Huygue, Philippe Gosselin, Guy Geoffroy et Thierry Mariani ainsi que les senateurs Roger Karoutchi et Pierre Charon. ", "theme": "politique"}