{"id_art": "7d7042d51dc9937f589ffd8c37ee2da3", "title": "Le realisateur ukrainien Oleg Sentsov juge pour \"terrorisme\" en Russie", "newspaper": "LePoint", "author": [""], "date_publi": "2015-07-21", "content": "Le proces du realisateur ukrainien Oleg Sentsov, opposant a l'annexion de la Crimee par Moscou et detenu depuis plus d'un an pour \"terrorisme\", s'est ouvert mardi dans le sud de la Russie, sur fond d'appels internationaux a sa liberation. Le cineaste, soupconne avec un autre accuse, Alexandre Koltchenko, de \"terrorisme\", \"organisation d'un groupe terroriste\" et \"trafic d'armes\", encourt au maximum 20 ans de detention. \"Je ne considere pas ce tribunal comme un tribunal\", a lance M. Sentsov, qui plaide non-coupable, lors de l'audience dans un tribunal de Rostov-sur-le-Don (Sud), suivie par des dizaines de ses partisans et de nombreux journalistes. \"Nos droits sont deja violes a un tel point qu'on ne peut pas faire pire\", a-t-il ajoute. Il \"a ete torture selon lui par des officiers du FSB et detenu longtemps en prison\", a explique a l'AFP son avocat Dmitri Dinze. Arrete en mai 2014 a son domicile en Crimee, M. Sentsov, 39 ans, est accuse d'avoir coordonne un groupe d'activistes affilies au mouvement paramilitaire ultranationaliste ukrainien Pravy Sektor (Secteur Droit), qui avaient pour mission de frapper les organisations prorusses et les infrastructures de la peninsule. Lors de l'audience, une video d'une attaque presumee contre le bureau d'un parti prorusse qui aurait ete commise par ce groupe a ete presentee, et deux temoins ont ete entendus via une visio-conference, selon une journaliste de l'AFP sur place. Comme M. Sentsov, Alexandre Koltchenko rejette toutes les accusations portees contre lui. - Peu d'espoir - Dmitri Dinze a, de son cote, affirme qu'il avait peu d'espoir de voir son client beneficier d'un proces equitable. \"Je pense que le verdict sera defavorable. Personne ne sera acquitte et aucune accusation ne sera abandonnee\", a-t-il declare a l'AFP. Dans le meilleur des cas, \"nous esperons que lorsque toutes les procedures seront finies, Sentsov sera echange en Ukraine contre d'autres personnes qui sont plus importantes pour la Russie\", a-t-il precise ajoutant \"Je n'ai aucun espoir dans le systeme judiciaire en Russie\". Deux co-accuses d'Oleg Sentsov ont deja ete reconnus coupables par la justice russe et condamnes a sept ans de camp. En detention provisoire depuis plus d'un an, M. Sentsov a affirme qu'il se sentait bien et a raconte aux journalistes qu'il lisait beaucoup dans sa cellule, notamment un journal d'opposition russe Novaia gazeta. Grace aux medias, \"je sais ce qui se passe en matiere politique en Ukraine, mais comment les gens vivent la-bas maintenant, je ne sais pas\", a-t-il ajoute. Plusieurs cineastes russes, du liberal Andrei Prochkine au conservateur Nikita Mikhalkov, ont demande au president Vladimir Poutine sa liberation. Une vingtaine de realisateurs et de producteurs europeens se sont egalement inquietes en juin du sort du realisateur. Le president ukrainien Petro Porochenko a egalement appele la semaine derniere, lors d'une conversation telephonique avec son homologue francais Francois Hollande, le president Vladimir Poutine et la chanceliere allemande Angela Merkel, a la liberation du realisateur. Oleg Sentsov a ete l'une des figures du Maidan, le mouvement de contestation qui a abouti au renversement du president ukrainien Viktor Ianoukovitch l'an dernier. La prochaine audience a ete fixee au 27 juillet. 21/07/2015 19:38:04 - Rostov-sur-le-Don (Russie) (AFP) - (c) 2015 AFP ", "theme": "monde"}