{"id_art": "b59b7e76176af3e2fc492b5202efaf6e", "title": "Terrorisme : la France maintient les controles aux frontieres jusqu'au 30 avril", "newspaper": "LePoint", "author": ["Source AFP"], "date_publi": "2017-10-12", "content": " \"Ces controles seront effectues dans le respect du principe de proportionnalite\", ecrivent les autorites francaises dans la note destinee a l'Union europeenne. Au soir des attentats de novembre 2015, la France a decide de retablir les controles aux frontieres. Face a la menace terroriste, le pays les maintient jusqu'au 30 avril 2018, faisant valoir \"la persistance\" de la menace terroriste, a-t-on appris jeudi aupres du ministere de l'Interieur. \"Ces controles seront effectues dans le respect du principe de proportionnalite\", affirment les autorites francaises dans la note du 3 octobre ou elles ont annonce leur decision a l'Union europeenne. Les controles aux frontieres ont ete retablis, conformement aux dispositions des articles 25 et 27 du code frontieres Schengen, apres les attentats parisiens du 13 novembre 2015 qui ont fait 130 morts. \"Ces controles seront effectues dans le respect du principe de proportionnalite\", affirment les autorites francaises dans la note du 3 octobre ou elles ont annonce leur decision a l'Union europeenne. La Commission europeenne a confirme jeudi avoir recu la \"notification\" de la France - ainsi que celles de l'Allemagne et du Danemark - l'informant qu'elle allait prolonger ses controles. \"La Commission va desormais evaluer les notifications de ces controles temporaires annonces\", a-t-elle indique. Toutefois, Paris n'a pas a attendre de \"feu vert\" formel pour appliquer sa decision. Pour justifier son choix, la France invoque une nouvelle fois la menace terroriste, affirmant que \"depuis le debut de l'annee 2017, 22 attentats ont vise le territoire francais, dont cinq ont abouti, cinq ont echoue et 12 ont ete dejoues\". \"L'analyse de risque (...) confirme l'existence d'un niveau durablement eleve de la menace et fait redouter la preparation d'autre attentats sur le sol national a l'instigation de Daech\" (acronyme arabe du groupe djihadiste Etat islamique), expliquent les autorites francaises. Si, pour Paris, \"la principale menace reste issue de la mouvance endogene\", c'est-a-dire d'individus presents sur le sol francais, \"le franchissement des frontieres interieures de l'UE demeure une strategie des groupes terroristes\". Les autorites citent notamment les attentats commis a Barcelone et a Cambrils en Espagne les 17 et 18 aout, qui ont fait 16 morts et 120 blesses. \"Les controles aux frontieres nationales ont fait au cours des derniers mois la preuve de leur utilite\", estime le gouvernement francais. Lors du debat recent sur le nouveau projet de loi antiterroriste au Parlement, la droite avait reclame \"le maintien inconditionnel des controles aux frontieres\" contre \"une lecture bureaucratique du code Schengen\". Au total, six pays (l'Autriche, l'Allemagne, le Danemark, la France, la Suede et la Norvege) ont actuellement retabli les controles frontaliers dans l'espace Schengen. La France est le seul a l'avoir fait en invoquant la menace terroriste. ", "theme": "politique"}