{"id_art": "93841c2c6f647e1cc6517ade4682bf6d", "title": "Rhone : deux faux terroristes sement la panique dans un village", "newspaper": "LePoint", "author": ["6Médias"], "date_publi": "2016-07-25", "content": " Deux hommes qui tournaient un clip mettant en scene un assaillant muni d'une ceinture d'explosifs factice ont declenche un veritable branle-bas de combat. Grosse frayeur dans la commune de Condrieu, situee dans le departement du Rhone. Alors qu'elle passe devant le bureau de poste du village aux alentours de 17 h 15 samedi 23 juillet, une automobiliste a eu la peur de sa vie. Apercevant un homme muni d'une arme de poing et portant une ceinture d'explosifs scotchee de laquelle sortaient des fils electriques, l'habitante a cru vivre une nouvelle attaque terroriste, comme le rapporte Le Progres. L'individu etait affuble d'un foulard et son equipement semblait bel et bien reel. Completement paniquee, elle a tout de meme eu le reflexe de prevenir immediatement la gendarmerie, qui est arrivee rapidement sur les lieux. Un dispositif particulierement important est alors mis en place devant le bureau de poste puisque pas moins de trente gendarmes et une douzaine de vehicules ont converge vers le lieu de la possible attaque. Condrieu (#Rhone) : le faux djihadiste provoque l'intervention massive des forces de l'ordre https://t.co/CaxEz7dIF1 pic.twitter.com/i1iPukfwbU Les forces de l'ordre ont alors interpelle deux individus, dont le terroriste presume, et son compere qui le filmait. En realite, l'ensemble des armes, la ceinture explosive et l'arme de poing etaient factices. Les deux fauteurs de troubles etaient en train de tourner un clip video parodique, dans le but selon leurs dires de \"tourner en ridicule\" les terroristes. Un projet bien inconsequent dans un contexte anxiogene marque par de veritables tueries de masse. Le duo a ete place en garde a vue durant 10 heures. Le faux terroriste a alors concede aux gendarmes qu'il aurait du demander les autorisations necessaires au tournage. Le parquet de Lyon, qui ne goute que tres peu a la plaisanterie, a ouvert une enquete \"pour violences avec premeditation\". ", "theme": "faits-divers"}