{"id_art": "97c8c63f69ac852a301beb9752ca9e05", "title": "Syrie : le cimentier Lafarge accuse de financer le terrorisme", "newspaper": "LePoint", "author": ["Source AFP"], "date_publi": "2016-11-15", "content": " L'ONG Sherpa a porte plainte a la suite des revelations du journal \"Le Monde\" sur de possibles arrangements entre l'entreprise et l'Etat islamique. Le cimentier Lafarge est vise par la plainte de deux ONG et d'anciens employes qui l'accusent d'avoir finance le groupe djihadiste Etat islamique (EI) pour maintenir, en pleine guerre, l'activite d'un site en Syrie. Cette plainte, avec constitution de partie civile, vise a obtenir l'ouverture d'une enquete confiee a des juges d'instruction. Ceux-ci pourraient alors lancer des investigations sur de possibles arrangements entre la filiale syrienne de Lafarge et l'EI, pour continuer de faire fonctionner une cimenterie a Jalabiya, dans le Nord syrien, jusqu'a ce que l'organisation djihadiste en prenne le controle en septembre 2014. L'enquete pourrait aussi porter sur la connaissance qu'auraient eue des responsables du cimentier en France de tels accords et du danger qu'ils ont pu faire courir aux employes sur place. << En Syrie comme ailleurs, la priorite du groupe a toujours ete la securite de nos collaborateurs et de leurs familles >>, a reagi dans un communique LafargeHolcim, issu de la fusion de Lafarge et du Suisse Holcim en 2015. Le groupe a souligne que cette usine, un << employeur important dans la region >>, << avait un role vital >> pour les Syriens << car elle leur fournissait les materiaux de construction essentiels a leurs besoins en matiere de developpement et d'urbanisation >>. Dans une enquete en juin, Le Monde s'est appuye sur les temoignages d'anciens employes et de courriels internes pour reveler ces << troubles arrangements >>, alors que l'organisation Etat islamique gagnait du terrain et devenait incontournable dans la zone. D'apres le quotidien, c'est dans ce contexte qu'<< un certain Ahmad Jaloudi est envoye par Lafarge a Manbij, pour obtenir des autorisations de l'EI de laisser passer les employes aux checkpoints >>. Le Monde a diffuse un extrait de courriel entre cet intermediaire et le PDG de la filiale syrienne de Lafarge, puis un autre message, adresse au directeur surete du groupe a Paris. Le journal a aussi evoque un laissez-passer estampille du tampon de l'EI, permettant aux camions de circuler pour approvisionner le site, et laissant supposer le paiement de taxes. Enfin, il a relate l'intervention d'intermediaires et de negociants pour vendre au cimentier du petrole raffine par l'EI. Deposee par l'ONG Sherpa, qui defend les victimes de << crimes economiques >>, le Centre europeen pour les droits constitutionnels et les droits de l'homme (ECCHR) et onze anciens salaries, la plainte vise des faits de financement du terrorisme, complicite de crimes de guerre et de crimes contre l'humanite, mise en danger deliberee d'autrui, exploitation du travail d'autrui et negligence. Au-dela de l'enquete, Sherpa veut denoncer << l'obsession d'une entreprise de maintenir une activite profitable, au risque de devoir rendre des comptes et que soient mis au jour des liaisons pour le moins dangereuses avec ceux qui sont percus comme les pires ennemis de l'humanite >>, a declare le president de l'ONG, William Bourdon. LafargeHolcim avait assure en juin qu'il examinerait les faits reveles par Le Monde. Un examen << dans le cadre de notre code de conduite des affaires qui appelle au strict respect des lois en vigueur, incluant l'interdiction de traiter avec des groupes classes comme terroristes >>, affirme le groupe mardi. En juillet, la mission parlementaire francaise sur les moyens du groupe djihadiste avait pris la defense du cimentier. << Rien ne permet d'etablir que le groupe, ou ses entites locales ont participe directement ou indirectement, ni meme de facon passive, au financement de Daech >>, avait-elle ecrit dans son rapport. L'usine, d'une capacite annuelle de 2,6 millions de tonnes de ciment, representait l'un des investissements etrangers les plus importants jamais consentis en Syrie en dehors du secteur petrolier. Au moment de son lancement, le projet avait ete chiffre a 600 millions d'euros. La construction de l'usine avait ete engagee par le groupe egyptien Orascom, rachete par Lafarge en 2007. La production avait commence en 2010. ", "theme": "justice"}