{"id_art": "72e5d4f0f2a7badc91ac6f106de7524d", "title": "Twitter a suspendu 377.000 comptes faisant la promotion du terrorisme", "newspaper": "LePoint", "author": ["AFP"], "date_publi": "2017-03-21", "content": "Le reseau social americain Twitter a annonce mardi avoir suspendu 376.890 comptes sur les six derniers mois dans le cadre de sa lutte contre les publications faisant la promotion du terrorisme, soit 60 % de plus que sur la precedente periode. Twitter avait commence a donner ces chiffres il y a un an. En cumule, Twitter a supprime quelque 636.248 comptes a contenus terroristes sur la periode allant du 1er aout 2015 au 31 decembre 2016. Twitter a egalement indique avoir engage depuis 2010 un partenariat avec l'organisme de recherche americain Lumen. Selon Twitter, Lumen agit comme \"tierce partie independante\" et le reseau social lui fournira, lorsqu'il n'en sera pas expressement empeche, une copie des demandes de suppression des comptes de maniere a ce \"chacun puisse voir quel type de contenu a ete retire et qui en a fait la demande\". Twitter a toutefois indique qu'il se reservait le droit de ne pas transmettre certaines informations a Lumen comme les adresses personnelles, les numeros de telephone pour des raisons de confidentialite et de respect de la vie privee. Twitter precise que les demandes d'information de la part d'autorites gouvernementales ont augmente de 7 % par rapport a la periode precedente mais portant sur 13 % de comptes de moins. Concernant les demandes de suppressions de compte, elles ont augmente de 13 % mais la encore portant sur un nombre de comptes en baisse de 37 %. Twitter a egalement indique qu'aux Etats-Unis le FBI l'avait autorise a faire etat de demandes de surveillance specifiques portant sur deux comptes, levant le secret qui pesait sur ces requetes adressees a Twitter sous forme de \"National Security Letters\". Le reseau social consacre aussi dans son rapport une section devolue aux comptes de journalistes et de medias \"reconnus\", soulignant avoir recu de la part des autorites dans le monde 88 demandes de suppressions de tweets emanant de tels comptes mais n'avoir pas pris de mesures \"dans la majorite des cas\", avec toutefois des exceptions pour l'Allemagne et la Turquie, ce dernier pays representant 88 % de ce type de demandes. 21/03/2017 15:49:50 - Washington (AFP) - (c) 2017 AFP ", "theme": "high-tech-internet"}