{"id_art": "3eaf7294a70aecbbd4ac5699e41673b3", "title": "Terrorisme : Farouk Ben Abbes, l'homme qui passait \"du bon temps\" avec les freres Clain", "newspaper": "LePoint", "author": [" Marc Leplongeon"], "date_publi": "2016-08-10", "content": " Blanchi dans des projet d'attentats contre la France et dans l'attentat du Caire en 2009, l'islamiste pourrait etre juge pour propagande terroriste. Comment fait-il pour passer a ce point entre les mailles du filet ? Le Belgo-Tunisien Farouk Ben Abbes, connu ces dix dernieres annees pour des amities avec tout le gratin de l'islamisme radical, est tout simplement insaisissable. Et le gouvernement vient d'echapper de justesse a un enorme naufrage judiciaire. Le 22 juillet, alors que l'islamiste de 31 ans est encore sous controle judiciaire pour une vieille histoire de propagande terroriste, les gendarmes viennent le cueillir dans la petite ville de Brienne, dans l'Aube, ou il est assigne a residence dans le cadre de l'etat d'urgence. Farouk Ben Abbes etait deja assigne a residence a Toulouse depuis les attentats de novembre 2015, raconte Le Parisien, mais les autorites avaient cru bon de lui faire quitter la ville pour toute la duree de l'Euro de football... Signe de sa dangerosite. Ce 22 juillet, donc, Ben Abbes est expulse par les autorites vers la Tunisie. Le ministere de l'Interieur justifie sa demarche par le fait qu'il est << susceptible, a tout moment, de fomenter, commettre ou apporter un soutien logistique a une action terroriste en France >>. Mais au dernier moment, et alors que Ben Abbes est deja dans son avion, un membre du cabinet ministeriel donne l'ordre de le faire debarquer. L'islamiste, du fait d'un controle judiciaire en place depuis le 15 novembre 2011, a en effet interdiction de quitter le territoire francais. Il s'en est fallu d'un cheveu : le pouvoir administratif a failli empieter totalement sur les prerogatives des juges. Mis en examen dans une affaire de propagande terroriste remontant a la fin des annees 2000, l'homme pourrait en effet etre juge prochainement, apres de longues annees d'instruction et plusieurs fiascos judiciaires. Soit #FaroukBenAbbes individu radicalise doit etre en detention prov. en attente de jgt soit il doit etre expulse #quefaitlegouvernement? Tout remonte au mois de mai 2009. A cette epoque, le ministere de l'Interieur egyptien annonce avoir interpelle sept personnes. Parmi elles, Dude Hohxa, une Francaise de 30 ans d'originise albanaise, et Farouk Ben Abbes, un Belge de 24 ans, tous deux extremement radicalises. Les services de renseignements egyptiens affirment que Farouk Ben Abbes est implique dans deux projets d'attentat en France : l'un doit viser le Bataclan, l'autre une cible israelite en Seine-Saint-Denis. Dude Hohxa et Farouk Ben Abbes auraient egalement joue un role dans l'attentat du Caire de fevrier 2009, qui avait coute la vie a la jeune Cecile Vannier, en voyage scolaire. Probleme : les Egyptiens ne livrent aucune preuve pour etayer leurs affirmations. Debut 2010, les sept mis en cause sont finalement relaches dans des conditions mysterieuses. Dude Hohxa et Ben Abbes reviennent en Europe. La Direction centrale du renseignement interieur (DCRI) decide de les placer immediatement sous surveillance. Quelques mois plus tard, trois informations judiciaires distinctes sont ouvertes a Paris. La premiere pour l'attentat du Caire, la deuxieme pour le projet d'attentat contre le Bataclan, la troisieme pour propagande terroriste. LIRE AUSSI - EXCLUSIF. Projet d'attentat contre le Bataclan : l'incroyable inertie des autorites L'instruction des deux premieres affaires sera un echec terrible, malgre la volonte des juges d'instruction en charge des dossiers. Sur le volet de l'attentat du Caire, aucun element factuel et incontestable ne permettra de mettre reellement en cause Farouk Ben Abbes et Dude Hohxa. Quant aux projets d'attentats en France, la encore les juges se heurtent a un mur. Dans une ordonnance de non-lieu rendue en septembre 2012, et dont Le Point.fr livrait les details ici, les juges d'instruction Poux et Teissier ecrivent : << les renseignements initiaux percus par la DCRI, dont une grande partie resultant des informations communiquees par les services de securite egyptiens >>, n'ont pu etre verifies << en raison de l'inertie patente des autorites egyptiennes >>. Les magistrats ajoutent : << Malgre plusieurs demandes d'entraide penale, [les autorites egyptiennes] n'ont jamais transmis la moindre piece de procedure permettant d'etayer les elements qu'elles avaient pu elles-memes recueillir, notamment les declarations de Farouk Ben Abbes ou de Dude Hohxa relatives a un projet d'attentat en France. >> La critique est saillante. Cerise sur le gateau : les aveux de Dude Hohxa et de Farouk Ben Abbes ont ete extirpes par les services egyptiens sous la torture. Autrement dit : ils sont inexploitables devant la justice francaise. Sur les trois dossiers dans lesquels Farouk Ben Abbes etait mis en cause, n'en reste finalement qu'un aujourd'hui. Farouk Ben Abbes est en effet sous controle judiciaire depuis... le 15 novembre 2011. Un delai extremement long, meme en matiere terroriste. Mais cette fois-ci, les elements recueillis a son encontre semblent un peu plus solides. Depuis des annees Ben Abbes frequente les spheres islamistes. Il voyage un peu partout en France, en Arabie saoudite et en Belgique, ou il a ses habitudes a Molenbeeck. Farouk est en conflit latent avec son pere, professeur, qui ne lui pardonne pas son extremisme. A la fin des annees 2000, sachant son fils de passage en Belgique et sur la voie de la radicalisation, le pere lui ecrit ainsi, selon un courriel que le Point.fr a retrouve : << J'irai dans toutes les mosquees de Bruxelles, comme ca tu n'iras plus. Alors, envoie-moi tes amis pour me couper le chemin. T'as bien entendu. Je denoncerai, toi et tes amis barbus, la ou vous priez. >> Rien n'y fait : Farouk poursuit son oeuvre proselyte. Selon les Egyptiens, Ben Abbes aurait ete tres actif sur le forum djihadiste Ansar-al-Haqq et aurait joue les traducteurs pour le Global islamic media front (Gimf), un media diffusant la propagande d'Al-Qaida, lors d'un sejour en 2007 dans la bande de Gaza. L'islamiste y etait entre depuis l'Egypte via des tunnels souterrains et avait fraye sur place avec plusieurs groupes armes. C'est egalement en Egypte qu'il etait devenu ami avec les freres Clain, Fabien et Jean-Michel, connus pour leur implication dans la filiere dite << Artigat >>. Les freres Clain, qui, le 13 novembre 2015, apres les attentats de Paris, revendiqueront les attaques au nom de l'Etat islamique (EI) dans une video diffusee sur le Web. Interroge en garde a vue en 2011, selon des auditions que Le Point.fr a pu consulter, Farouk Ben Abbes dira avoir << tisse des liens >> avec Fabien Clain. << On se voyait assez souvent pour manger ensemble, confiera-t-il aux enqueteurs. Je le considere comme un ami. >> L'islamiste affirmera egalement s'etre << rapidement rapproche >> de Jean-Michel Clain, devenu aussi un << ami >>. << On se voyait trois ou quatre fois par semaine. Souvent pour aller diner ensemble ou passer du bon temps. >> En Egypte, ou ils sejournent, les trois hommes habitent le meme quartier. Leur chemin se separera lorsque Farouk Ben Abbes decidera de << partir a l'aventure >> vers Gaza avec un certain Farid, bien connu des services antiterroristes belges. La petite bande ne perd pas pour autant contact. << Ils (Farouk et Farid, NDLR) ont achete de la nourriture, prepare plein de sacs et sont partis. (...) Avant qu'ils partent, nous avons cree des adresses e-mail pour rester en contact >>, expliquera Fabien Clain a la DCRI le 19 janvier 2011, d'apres un document auquel nous avons eu acces. La suite est particulierement floue. Les policiers francais et leurs homologues egyptiens n'ont pas reussi a determiner exactement ce que Farouk Ben Abbes a fait sur place, et de quelle maniere il etait en contact avec les freres Clain. Une chose est sure : Ben Abbes est actif sur le forum djihadiste Ansar-al-Haqq. Auditionne par les autorites egyptiennes, Farouk confie avoir choisi le pseudo << Abou Moussab >>, car il portait << beaucoup d'admiration >> a Abou Moussab Al Zarquaoui, l'ancien chef d'Al-Qaida en Irak. Des propos qu'il niera ensuite avec vigueur devant les policiers francais. Farid Ben Abbes soutient etre parti faire de l'humanitaire et avoir travaille quelques semaines comme ambulancier. << L'idee de participer a la resistance armee m'a effleure l'esprit, mais je ne l'ai pas fait >>, assure-t-il a la DCRI, lors de son retour en France. Plusieurs elements s'opposent a ses denegations. D'abord les temoignages d'amis, qui affirment qu'il menait bien un << djihad virtuel >> depuis Gaza, au service de plusieurs groupes armes. Ensuite ce courriel, qu'il nie avoir ecrit, adresse a sa soeur le 1er septembre 2008 et qu'il conclut ainsi : << J'ai repondu a l'appel de Dieu : dispersez-vous et partez leger. Faites le djihad pour Dieu. >> Lorsqu'il est interpelle par les services egyptiens en mai 2007, Farouk Ben Abbes porte sur lui une cle USB et une carte memoire qui contiennent de nombreux documents aux titres explicites. << Explosions avec un portable ou un reveil >>, << les explosifs et les charges de dynamite >>, << securite generale et technologie >>, << voitures piegees >>... Autant de textes particulierement inquietants. Mais Farouk Ben Abbes niera les avoir jamais possedes et affirmera qu'il s'agissait d'une manoeuvre des services egyptiens, totalement << corrompus >>. Devant la justice francaise, l'homme ne concedera qu'une seule chose : la traduction sur un support audio du programme << Moudjahideen Secret >>, destine aux djihadistes et qui leur expliquait comment chiffrer leurs echanges. Faisant reference a ses activites de traduction pour le Gimf, il tente de se justifier : << C'etait la premiere fois que je faisais une traduction audio, et surtout la traduction ecrite existait deja. Je voulais apporter une certaine forme d'originalite >>, dira-t-il etrangement. Depuis, les investigations se poursuivent. Et Farouk Ben Abbes erre en France sous controle judiciaire, en attendant un eventuel proces qui tarde a venir. L'homme dit avoir change et avoir repris des etudes de langue, selon la Depeche du Midi. A la fin des annees 2000, les enqueteurs n'avaient en tout cas aucun doute sur sa radicalisation extreme. En fevrier 2008, le frere de Farouk avait ainsi envoye un e-mail groupe a une quinzaine de personnes, dont Farouk, pour les inviter a une partie de paintball. << PS : les demoiselles sont les bienvenues >>, ecrivait-il. Farouk, dans un message electronique que Le Point.fr a retrouve, etait alors entre dans une colere noire : << Je peux comprendre que tu es en Belgique et cela est difficile de ne pas rencontrer ce probleme de mixite, mais il faut l'eviter le plus possible. >> Et Farouk de sermonner son cadet pour avoir des amis non musulmans : << Le Prophete nous interdit de passer le salam aux kouffar >>, lui dit-il. Citant << Allah >> dans le Coran, il ajoute que les croyants ne doivent pas prendre << les mecreants pour amis >>. Il concluait alors : << Quand vas-tu changer ? Quand vas-tu comprendre ? Quand vas-tu te soumettre aux ordres d'Allah et de son messager ? >> Fin decembre, Me William Bourdon, avocat de Farouk Ben Abbes, avait ete sollicite par Mediapart : << Nous attendons un nouveau non-lieu en sa faveur dans l'affaire de la propagande djihadiste sur Internet >>, confiait-il. << Aucun element n'etablit que Farouk Ben Abbes presente aujourd'hui, pas plus que par le passe, une quelconque menace pour l'ordre public francais >>, ajoutait-il fin juillet aupres de l'AFP. ", "theme": "societe"}