{"id_art": "854e11bd243cc220a27cae866bb70413", "title": "Une medaille pour les victimes du terrorisme: hommage ou accessoire ?", "newspaper": "LePoint", "author": ["AFP"], "date_publi": "2016-09-06", "content": "Satisfaction pour certaines associations, perplexite pour d'autres et colere des anciens combattants: la medaille de reconnaissance aux victimes du terrorisme, creee la veille de l'attentat de Nice, divise, certains deplorant une demarche qui risque de les enfermer dans leur souffrance. Janvier 2016: la Legion d'honneur est decernee aux quinze des 17 victimes des attaques jihadistes de janvier 2015, et pas seulement aux trois policiers parmi elles. Les deux autres, le dessinateur Georges Wolinski et au chroniqueur Bernard Maris, avaient eux ete decores de leur vivant. \"L'ensemble des victimes du mois de janvier 2015 avaient ete faites chevaliers de la Legion d'honneur. Des victimes d'attentats precedents avaient la meme exigence, ne comprenaient pas pourquoi leurs enfants ne pouvaient pas avoir la meme reconnaissance\", rappelle Guillaume Denoix de Saint Marc, president de l'Association francaise des victimes du terrorisme (AFVT). Comment recevoir la plus haute distinction francaise, une decoration qui recompense quelqu'un \"ayant fait preuve de merites eminents au service de la nation, a titre militaire ou a titre civil\" quand il s'agit de victimes ayant vecu, plus qu'agi ? \"Il fallait une decoration particuliere qui honore une personne, non pas pour ce qu'elle a fait mais ce qu'elle a subi, au nom de l'Etat. Une medaille de reconnaissance, pas destinee a recompenser une bravoure particuliere\", explique Guillaume Denoix de Saint Marc. Le 13 juillet, a la veille du sanglant attentat de Nice (86 morts), un decret annonce la creation de la medaille pour \"manifester l'hommage de la Nation\". Elle concernera des \"faits survenus depuis le 1er janvier 2006\" pour des Francais ou etrangers \"tues, blesses ou sequestres lors d'actes terroristes commis sur le territoire national ou a l'etranger contre les interets de la Republique francaise\". Attribuee par decret presidentiel, elle pourra etre decernee a titre posthume. A l'Union nationale des combattants (UNC), on est furieux non pas sur le principe, mais sur le rang donne a cette medaille qui \"arrive juste apres l'Ordre national du merite et devant les Croix de guerre\". \"Soit c'est une maladresse et il faut la corriger, soit c'est un mepris delibere pour les combattants: il y a une difference fondamentale entre un malheureux citoyen qui se trouve au mauvais endroit au mauvais moment et un soldat appele et qui risque sa vie pour sa Nation\", tempete le General Philippe Schmidt, directeur administratif de l'UNC. - 'Ni necessaire ni legitime' - Il souligne d'ailleurs que cette decision \"honore plus les victimes que les combattants et devaloriser les combattants, c'est donner raison aux terroristes\". Si l'AFVT se rejouit, d'autres associations comme la Federation nationale des victimes d'attentats et d'accidents (Fenvac) ne voient pas d'un bon oeil cette decoration. \"Elle n'est ni necessaire, ni legitime\", commente Stephane Gicquel, son secretaire general. Certes, \"le but est louable, reconnait-il, sauf que les attentes se situent a un autre niveau, par exemple, que tous les moyens soient mis sur la procedure d'enquete\". Et de rappeler la situation duale des victimes: \"entre besoin de reconnaissance de l'Etat et colere contre lui parce qu'il a ete defaillant dans sa mission protectrice\". D'autant qu'il existe selon lui un risque d'entretenir les gens dans \"une sorte de victimisation\" : \"Est-ce qu'on ne va pas a l'encontre de la politique d'aide aux victimes, qui est de les sortir de la, de les aider a depasser leur position de victimes ?\" Interrogee sur la question lors de sa venue a Nice vendredi, la secretaire d'Etat a l'Aide aux victimes Juliette Meadel s'est contentee de repondre que certains avaient \"besoin d'Etat, d'autres veulent une medaille, d'autres n'en veulent pas(...) Il y a autant de reponses que de victimes\". Aux medailles, l'association 13 novembre Fraternite et solidarite qui regroupe plus de 600 adherents prefere \"les plaques ou les monuments aux morts\" ou les \"revendications plus tangibles comme l'indemnisation ou la prise en charge des soins\", explique son president Georges Salines. Voulant eviter la polemique, il estime toutefois que cette medaille pourrait compter pour \"les personnes oubliees car victimes d'evenements qui ont moins marque l'Histoire ou la memoire nationale comme le 13 novembre ou Nice\". 06/09/2016 14:16:23 - Paris (AFP) - (c) 2016 AFP ", "theme": "societe"}