{"id_art": "ebf4302b846330f6c06b15b1160e56ab", "title": "Kersaudy - Quand arrachera-t-on les racines du terrorisme en France ?", "newspaper": "LePoint", "author": [" François Kersaudy", "François Kersaudy", "François Kersaudy"], "date_publi": "2016-07-25", "content": " Les gouvernements de gauche et de droite ont eu leur lot d'attentats. Aucun n'a pris a temps les mesures adaptees a la situation, releve Francois Kersaudy. Comment diable rendre ce gouvernement responsable de l'attentat de Nice - et de tous ceux qui l'ont precede ? Au siecle dernier, le celebre philosophe georgien Joseph Vissarionovitch Djougachvili[1] avait formule le probleme en ces termes : << Lorsqu'il se produit quelque chose de soudain et d'inattendu, vous pouvez etre sur que, des le lendemain, cinquante imbeciles feront la queue devant votre bureau pour vous annoncer qu'ils l'avaient prevu ! >> En l'occurrence, il s'agissait pour les politiciens d'opposition de recuperer l'evenement a des fins electoralistes, avec les habituelles aberrations accompagnant ce genre d'exercice. Pour le ministere de l'Interieur, par contre, il fallait minimiser a posteriori les carences inevitables dans la protection d'une des 516 villes de France les plus vulnerables un soir de 14 Juillet. Quant a la foule nicoise qui sifflait le Premier ministre, elle exprimait simplement une rage impuissante devant le crime d'un ennemi insaisissable, exactement comme la foule irakienne qui lancait des pierres contre la voiture du Premier ministre al-Abadi sur les lieux du sanglant attentat de Bagdad. En fait, la verite simple et triste, c'est que lorsque des fanatiques sont prets a mourir pour faire un maximum de victimes innocentes, certains finiront toujours par reussir. Que ce soit sous des gouvernements de gauche ou de droite ne fait rien a l'affaire : tous ont eu leur lot d'attentats destines a semer l'epouvante, et aucun n'a pu prendre a temps les mesures adaptees a la situation. On ne verra pas la un soudain acces d'affection a l'egard de l'actuel gouvernement. Comme la plupart des Francais, je constate que Francois Hollande etait fait pour etre president comme DSK pour etre archeveque ; que le Premier ministre controle mal ses nerfs, ses ministres, sa majorite, sa politique, son ambition et sa communication ; que la ministre de l'Education est aussi fachee avec l'enseignement qu'avec les accords du participe ; que le ministre des Affaires etrangeres est tres mal a l'aise dans ses nouvelles fonctions, au point de confondre Bachar el-Assad et Saddam Hussein ; que la ministre du Travail connait bien mal un Code du travail qu'elle va pourtant enrichir de 400 pages supplementaires ; que le ministre de l'Interieur, pique au vif, se met a porter plainte contre une policiere placee sous ses ordres ; que le ministre de l'Economie joue sa propre partition en denigrant la politique economique qu'il est charge de mettre en oeuvre ; que l'ancienne compagne du chef de l'Etat n'a pu devenir ministre de l'Ecologie qu'a la faveur du remplacement de la deuxieme maitresse du souverain par une troisieme maitresse en titre ; que le ministre delegue au Budget cachait son propre budget a l'etranger ; que la ministre de la Justice avait autant d'antipathie pour les prisons que de sympathie pour les prisonniers ; qu'une partie des deputes socialistes etant ideologiquement hostile a l'autre partie, la majorite parlementaire s'est montree hors d'etat de legiferer rationnellement sur les questions essentielles de securite, du travail, de l'immigration et de l'incontinence budgetaire. A l'evidence, il faudra aux futurs exegetes une habilete peu commune pour defendre un quinquennat aussi dejante... Il reste pourtant que le gouvernement ne peut agir que dans le cadre des institutions, des structures, des lois et des contraintes existantes, et que c'est sous cet eclairage qu'il faut considerer les evenements de Nice. Voici par exemple un citoyen tunisien beneficiant d'un titre de sejour temporaire, defavorablement connu des services de police pour menaces, degradations, vols, violences conjugales et agression ayant entraine une condamnation judiciaire a six mois d'emprisonnement avec sursis. Dans plus de 130 pays au monde, de tels exploits auraient justifie une incarceration plus ou moins longue, suivie d'une expulsion immediate vers le pays d'origine. En France, c'est impossible : le maquis des lois, la pusillanimite ou la compassion des juges, le formalisme et l'engorgement des tribunaux, le foisonnement d'associations de defense du delinquant etranger, la culpabilite post-coloniale, l'antiracisme agressif et selectif, le droit-de-l'hommisme ideologique, l'absence de controles aux frontieres, l'hostilite a l'egard des forces de l'ordre, la suppression de la double peine a l'initiative du president Sarkozy, les directives europeennes hors-sol, l'omnipresence de medias obnubiles par la quete du sensationnel, le tabou de l'amalgame et le culte de la bien-pensance - autant d'elements qui se conjuguent de longue date pour assurer la perennite et la prosperite en France de la delinquance comme de la criminalite crapuleuse et pseudo-religieuse. Cette delinquance et cette criminalite, ce n'est pas depuis quatre ans, mais bien depuis quarante ans qu'elles prosperent et se multiplient dans quelque 700 zones de non-droit, laissees en marge de la Republique par l'angelisme, l'electoralisme, la demagogie, l'assistanat, l'immigration massive, les petites concessions, les grandes lachetes, les petits trafics et les grandes emeutes. C'est egalement depuis quarante ans que des juges, des professeurs, des syndicalistes, des educateurs et autres ideologues d'extreme gauche se sont crus habilites a contester et a affronter l'Etat, afin de promouvoir une societe utopique a leur convenance. Ce n'est donc pas non plus d'hier, ni meme d'avant-hier, que datent les preches de haine dans les mosquees salafistes, les exactions commises par des enfants d'immigres deracines, les agressions de policiers et de pompiers aux abords des << zones sensibles >>, les effarantes lacunes de la politique penale, les errements et les immixtions d'une justice capable de condamner l'administration du fait de la survenue d'actes de terrorisme, le vote de lois securitaires inapplicables ou inappliquees au sein d'une Assemblee nationale rongee par l'absenteisme, le clientelisme et les discordes partisanes, la gouvernance concue comme une navigation a vue ponctuee de coups de communication en prevision des prochaines echeances electorales, ainsi que l'utilisation de l'armee de terre comme variable d'ajustement budgetaire et comme instrument de dissuasion illusoire a usage de propagande interne. Tout ceci devrait suggerer en creux les elements d'une politique efficace contre les racines du terrorisme en France. La droite, dont les chefs sont actuellement obnubiles par la perspective de la primaire a venir, ne pourra concevoir un agenda serieux en la matiere qu'une fois cet obstacle surmonte. Dans l'intervalle, le tout recent rapport Fenech-Pietrasanta sur la lutte contre le terrorisme meriterait une tout autre attention de la part du president et du Premier ministre. ", "theme": "invites-du-point/francois-kersaudy"}