{"id_art": "3af7b7a998d8ce4935e99c2d332cac1a", "title": "Proces terroristes: le parquet general craint un \"engorgement\"", "newspaper": "LePoint", "author": ["AFP"], "date_publi": "2016-09-13", "content": "Procureure generale a la cour d'appel de Paris, Catherine Champrenault est l'une des pilotes de l'antiterrorisme en France. Alors que se succedent les attentats et les arrestations, elle met en garde contre un \"engorgement\" des tribunaux. QUESTION: Plus de 250 detenus en France attendent d'etre juges pour des delits ou crimes lies au terrorisme. La justice peut-elle faire face? REPONSE: \"Dans l'etat de notre procedure et de nos moyens, nous ne pouvons pas absorber cette masse d'affaires nouvelles. Je crains l'engorgement de la cour d'assises de Paris comme celui des juridictions correctionnelles. Les citoyens francais sont dans une demande legitime de repression a l'egard d'hommes et femmes qui ont demontre leur dangerosite et revendiquent leur haine de la France. Il faudra en 2017 creer au moins deux nouvelles formations de cour d'assises et ajuster les effectifs. Je pense et j'espere que des effectifs supplementaires en magistrats et en greffiers nous seront donnes, mais peut-etre en correlation pouvons-nous voir comment simplifier la procedure.\" Q: A quelles simplifications pensez-vous? R: \"Certainement pas la restauration de la cour de surete de l'Etat, qui fut une parodie de justice. Nous ne voulons pas de justice expeditive, mais il faut chercher des moyens d'accelerer le processus judiciaire sans perdre le genie et l'ame de notre procedure penale. La cour d'assises qui juge les affaires de terrorisme et celles de la criminalite organisee est composee a l'heure actuelle de sept magistrats professionnels, on pourrait envisager de reduire leur nombre a cinq sans nuire a la qualite de la justice. On peut aussi se poser la question de l'oralite des debats. Dans la procedure d'assises de droit commun comparaissent devant la cour (composee majoritairement de jures populaires, ndlr) les enqueteurs, tous les temoins, les experts: psychologues, psychiatres, balistique? C'est une necessite pour les jures qui n'ont pas acces au dossier. Mais cette exigence d'oralite est peut-etre moins imperieuse pour des magistrats professionnels.\" Q: Avec le procureur de Paris Francois Molins, vous entendez renvoyer aux assises des jihadistes presumes qui jusqu'ici passaient au tribunal correctionnel, en particulier celles et ceux partis rejoindre le groupe Etat islamique apres janvier 2015. Pourquoi? R: \"Pour les associations de malfaiteurs en relation avec une entreprise terroriste commises par des individus qui s'organisent en filieres sur le territoire national sans passage a l'acte, les tribunaux correctionnels prononcent deja des peines generalement comprises entre quatre et neuf ans d'emprisonnement. Pour juger ceux qui sont partis sur les zones de combat dont il est demontre qu'ils ont participe aux entrainements et aux exactions, la repression se doit d'etre plus importante. Ces individus savent tres bien qu'ils rejoignent une organisation criminelle, qui revendique l'elimination par tous moyens et en tous lieux de ceux qu'ils considerent comme des mecreants. J'ai propose qu'en matiere de delit, la repression passe de dix ans a quinze ans d'emprisonnement pour differencier les velleitaires de ceux qui ont fait la demarche de partir ou de ceux qui preparent une action violente sur le territoire national. Mais les pouvoirs publics n'ont pas voulu bouleverser l'echelle des peines. Il a donc ete decide de recourir a la qualification criminelle retenue des l'origine a l'encontre des associations de malfaiteurs a caractere terroriste les plus graves et les plus dangereuses, afin que leurs auteurs encourent des peines superieures a dix ans.\" Q: Cette strategie passe par la jurisprudence... R: \"Nous avons forme un pourvoi en cassation concernant deux individus partis en Syrie, ayant participe aux entrainements et aux combats, l'un d'eux s'etant fait photographier avec la tete coupee d'un otage, afin que cette affaire recoive une qualification criminelle et qu'elle soit ainsi jugee par la cour d'assises specialement composee de Paris. Dans un arret du 12 juillet 2016, la Cour de cassation a suivi notre analyse juridique. Je suis attentive a consolider la jurisprudence en matiere d'association de malfaiteurs terroriste. Nous avons forme deux pourvois en cassation, dont l'un dans l'affaire Merah. Ce recours sera prochainement examine.\" 13/09/2016 17:41:54 - Paris (AFP) - (c) 2016 AFP ", "theme": "societe"}