{"id_art": "f6fd1f7fca65dde51774cac2ca7b05cd", "title": "Terrorisme : l'Etat allemand demande a sa population de faire des stocks de vivres", "newspaper": "LePoint", "author": ["Source AFP"], "date_publi": "2016-08-22", "content": " Le pays va adopter un plan de defense civile afin d'etre \"suffisamment prepare a l'eventualite de la concretisation d'une menace\", selon les medias. L'Allemagne va adopter un plan de defense civile, le premier depuis la fin de la guerre froide, appelant notamment la population a faire des reserves de nourriture et d'eau pour plusieurs jours, a affirme un journal allemand dimanche. Le plan, qui souligne la priorite du soutien des troupes par les civils, insiste sur la necessite de renforcer les capacites de prise en charge du systeme de sante et la solidite des batiments, doit etre adopte mercredi par le gouvernement, selon le quotidien Frankfurter Allgemeine Zeitung. Contacte par l'Agence France-Presse, un porte-parole du ministere de l'Interieur allemand a confirme que le Conseil des ministres allait adopter une << strategie de defense civile >> sans toutefois donner plus de details. Si le document explique qu'<< une attaque sur le territoire allemand qui reclamerait (le recours a) une defense conventionnelle soit peu probable >>, il preconise que le pays soit << suffisamment prepare a l'eventualite de la concretisation d'une menace >>, selon des extraits cites par le journal. Dans un livre blanc du ministere de la Defense publie a la mi-juillet, l'Allemagne pointait en particulier la menace potentielle que constitue la Russie, pays qui << remet ouvertement en question la paix en Europe >> notamment apres l'annexion de la Crimee, en 2014. << Il faut encourager la population a faire des reserves de nourriture pour dix jours >>, precise le plan de defense civile de 69 pages, ainsi que des reserves d'eau pour cinq jours, a raison de deux litres par jour et par personne. L'Allemagne, pays reste tres longtemps frileux sur les questions militaires, a enterine a la mi-juillet de nouvelles directives qui doivent amener le pays a assumer un role militaire plus important sur la scene internationale. L'armee allemande va connaitre sa premiere hausse d'effectifs depuis 1990 et davantage d'investissements, mettant fin a un quart de siecle de coupes budgetaires depuis la fin de la guerre froide. ", "theme": "europe"}