{"id_art": "8ebe8a3386a8eb9d2e6bb16ca0738003", "title": "Londres veut un nouveau traite de securite avec Bruxelles post-Brexit", "newspaper": "LePoint", "author": ["Source AFP"], "date_publi": "2017-09-17", "content": " Le Royaume-Uni souhaite maintenir la cooperation dans la lutte contre le terrorisme avec l'Union europeenne, et ce, meme apres sa sortie de l'union. Le Brexit ne doit pas remettre en cause la cooperation entre Londres et Bruxelles en matiere de lutte antiterroriste. C'est ce qu'a tenu a faire entendre le gouvernement britannique, dimanche, qui a affirme vouloir conclure un nouveau traite de securite avec l'Union europeenne. Celui-ci prendrait effet apres la sortie effective de Londres de l'Union, une sortie prevue en mars 2019. << Un traite fournirait une base legale pour poursuivre la cooperation policiere, securitaire et penale apres notre sortie de l'UE >>, a explique l'executif dans un communique diffuse avant la publication lundi d'un document de travail sur le sujet. Un traite permettrait ainsi d'eviter l'apparition de << lacunes operationnelles >> apres le Brexit, a-t-il ajoute. Le document de travail, qui fera suite a d'autres prises de position sur la future relation douaniere avec l'Union europeenne, la frontiere nord-irlandaise ou encore la cooperation en matiere de defense, devra notamment preciser la position du Royaume-Uni sur son maintien ou non dans Europol, l'agence qui soutient les pays de l'UE dans la lutte contre la grande criminalite internationale et le terrorisme. << Une cooperation internationale efficace est absolument cruciale tant pour le Royaume-Uni que l'Union europeenne si nous voulons maintenir nos citoyens en securite et traduire les criminels devant la justice >>, a declare David Davis, le ministre charge du Brexit, dans le communique. << Nous avons deja un niveau approfondi de collaboration avec l'UE sur les questions de securite et il est dans notre interet mutuel de trouver des moyens de l'ameliorer >>, a-t-il ajoute. La Premiere ministre britannique, Theresa May, doit prononcer son prochain grand discours sur le Brexit le 22 septembre a Florence (Italie), trois jours avant le debut du quatrieme round de negociations avec Bruxelles sur les termes du divorce, le 25 septembre. ", "theme": "europe"}