{"id_art": "8a860534da5ee526774bcc61574c5a55", "title": "La Belgique arrete un suspect pour tentative d'assassinat terroriste", "newspaper": "LePoint", "author": ["AFP"], "date_publi": "2016-07-30", "content": "La justice belge a inculpe samedi un homme de tentative d'assassinat terroriste dans le cadre d'un dossier concernant un possible attentat en Belgique, au moment ou la France et l'Allemagne, pays voisins, sont la cible d'une vague d'attaques jihadistes. Interpelle vendredi, Nourredine H., 33 ans, est accuse de \"tentative de commettre un homicide volontaire dans un contexte terroriste et participation aux activites d'un groupe terroriste\", a indique le parquet federal belge dans un communique. Son frere, Hamza H., egalement \"emmene pour audition\" vendredi, a lui ete libere samedi sans etre inculpe, a precise le parquet. Les deux hommes ont ete apprehendes a la suite de mandats de perquisitions vendredi soir en Wallonie. Sept maisons ont ete perquisitionnees par la police dans la region de Mons (ouest de la Belgique) et une autre a Liege (est), a la demande d'un juge d'instruction specialise dans les dossiers de terrorisme. Aucune arme ni explosif n'ont ete decouverts au cours des fouilles, selon le parquet. \"Sur base des resultats provisoires de l'enquete, il s'avere qu'il y aurait eu des projets d'attentats en Belgique\", a precise le parquet dans un autre communique. A ce stade des investigations, ces perquisitions et interpellations n'ont aucun lien avec l'enquete sur les attentats du 22 mars a l'aeroport international de Bruxelles et dans la station de metro Maelbeek qui avaient fait 32 morts. - Filieres syriennes - Le parquet n'a pas voulu donner de details supplementaires \"dans l'interet de l'enquete\". D'apres la chaine de radio-television francophone RTBF, Nourredine H. aurait recemment beaucoup voyage en Europe et aurait eu de nombreux contacts avec la France. Il semblerait qu'il etait a la recherche de \"materiel\", notamment des armes, a explique la RTBF, affirmant que Nourredine H. servait de logisticien pour les departs et les retours de jihadistes en Syrie, et qu'il aurait recemment \"bascule\". Cette nouvelle inculpation pour une affaire de terrorisme en Belgique survient alors que l'Europe est sous tension apres la recente serie d'attaques en France et en Allemagne, revendiquees par l'organisation Etat islamique (EI) et qui ont fait des dizaines de morts. La Belgique, encore meurtrie par les deux tueries du printemps a Bruxelles, reste menacee. Le niveau d'alerte est toujours au niveau 3 (menace \"possible et vraisemblable\") sur une echelle de 4. Le 25 juin dernier, la police avait arrete deux hommes lors d'operations antiterroristes a Verviers (est) et a Tournai, pres de la frontiere francaise. Ils ont ete inculpes de \"participation aux activites d'un groupe terroriste\". Selon des medias belges, l'un des suspect aurait projete de se faire exploser pendant une des retransmissions publiques organisees en Belgique a l'occasion de l'Euro 2016 de football. - Coups de filet - La police belge a effectue des dizaines de descentes dans les milieux islamistes radicaux depuis les attentats du 13 novembre 2015 a Paris, auxquels ont participe des jihadistes belges. Au moins quatre suspects cles ont ete remis par la Belgique aux autorites francaises dans le cadre de l'enquete sur les attaques de Paris, dont Salah Abdeslam, soupconne d'y avoir joue un role de premier plan. D'autres personnes visees par un mandat d'arret des juges francais doivent etre prochainement remises a la France. C'est le cas de Mohamed Bakkali, soupconne d'avoir loue une BMW et des planques belges ayant servi a la preparation des attentats de Paris et de Bruxelles. Selon le ministere belge de l'Interieur, il y a 457 Belges partis combattre a un moment ou un autre en Syrie ou en Irak, ou ayant eu l'intention de s'y rendre, dont pres d'un tiers de femmes et d'enfants. Sur ces 457 personnes ayant rejoint ou tente de rejoindre les rangs des groupes jihadistes, 266 sont toujours en Syrie ou en Irak, dont 90 sont portees disparues et ont vraisemblablement ete tuees, selon des chiffre de l'Organe belge de coordination de l'analyse de la menace (Ocam). Jeudi, le gouvernement belge a pour la premiere fois gele les avoirs de dix personnes soupconnees d'etre en lien avec des activites de terrorisme, dont Mohamed Abrini, mis en cause dans les attentats de Bruxelles et Paris. 30/07/2016 18:48:16 - Bruxelles (AFP) - (c) 2016 AFP ", "theme": "monde"}