{"id_art": "22eabb5a21aa3f45f68a7889c9e7fc67", "title": "Attentat au Burkina : trois terroristes \"encore recherches\"", "newspaper": "LePoint", "author": ["Source AFP"], "date_publi": "2016-01-19", "content": " Trois assaillants qui ont ouvert le feu dans la capitale Ouagadougou ont ete tues, mais trois autres ont fui, a rapporte Manuel Valls. L'assaut djihadiste qui a fait 30 morts vendredi au Burkina Faso a ete mene par << six >> personnes au total, dont trois ont ete tuees tandis que trois sont << encore recherchees >>, a affirme mardi Manuel Valls devant les deputes. Lors de l'attaque vendredi soir dans la capitale Ouagadougou, revendiquee par Al-Qaida au Maghreb islamique (Aqmi), << six individus ont ouvert le feu sur le cafe Cappuccino (...) avant de se refugier dans l'hotel Splendid >>, a relate le chef du gouvernement a l'Assemblee. << Des six agresseurs, trois ont ete tues et trois sont encore recherches >>, a ajoute Manuel Valls. Ce dernier point n'avait pas encore ete rendu public par les autorites du Burkina Faso. << Je veux exprimer a mon tour ma solidarite avec le Burkina Faso, attaque, les morts de ce pays et toutes les victimes de ces attentats terroristes >>, a declare le Premier ministre devant l'Assemblee, qui, en debut de seance, avait observe une minute de silence en hommage aux victimes. Il a en particulier salue les victimes francaises, Arnaud Cazier, Eddie Touati et Leila Alaoui, ainsi qu'Antonio Basto, un Portugais vivant depuis longtemps en France. Manuel Valls a rappele qu'au total trois attaques, << distinctes mais certainement coordonnees >>, s'etaient produites vendredi dans ce petit pays d'Afrique de l'Ouest, avec l'attaque de l'escorte d'un prefet dans le nord du pays (deux morts et deux blesses) et l'enlevement d'un couple d'Australiens << installe dans le pays depuis plus de quarante ans >>. Le Premier ministre a rendu hommage aux autorites du Burkina << pour leur reactivite et leur sang-froid >>. << La jeune democratie du Burkina Faso a besoin de notre soutien et de notre aide et le president de la Republique a propose l'assistance de la France, notamment pour le bon deroulement de l'enquete >>, a-t-il souligne. Manuel Valls, interroge par le depute socialiste et president du groupe d'amitie parlementaire France-Burkina Faso Francois Loncle, a souligne que les democraties africaines etaient les premieres visees par les attentats djihadistes. << L'Afrique est la cible des actes terroristes, la cible de ces groupes terroristes. Et notamment des pays comme le Burkina Faso, le Mali ou la Tunisie, qui representent la democratie, l'apaisement >>, a-t-il dit. << Et plus que jamais nous devons etre aux cotes des Africains, de nos amis africains, qui comme nous vivent ce qu'est le terrorisme, qui comme nous combattent le terrorisme et la barbarie au nom de nos valeurs >>, a-t-il poursuivi. ", "theme": "monde"}