{"id_art": "2342ea1958a7c281f738fdde415f0055", "title": "Cameron dit \"ne pas regretter\" ses propos sur le terrorisme", "newspaper": "LePoint", "author": ["AFP"], "date_publi": "2010-08-03", "content": "Le Premier ministre britannique, David Cameron, a declare mardi \"ne pas regretter\" d'avoir accuse le Pakistan d'exporter le terrorisme, quelques heures avant l'arrivee a Londres du president pakistanais Asif Ali Zardari. \"Je ne le regrette pas du tout\", a declare David Cameron lors d'une seance de questions-reponses avec des auditeurs sur les ondes d'une radio de la BBC. Le Premier ministre a precise avoir donne \"une reponse tres claire et franche\" a une question qui lui avait ete posee en Inde. En visite dans ce pays, voisin et frere ennemi du Pakistan, le Premier ministre britannique avait declare il y a une semaine : \"Nous ne pouvons tolerer en aucun cas l'idee que ce pays (le Pakistan) soit autorise a regarder des deux cotes et puisse, de quelque maniere que ce soit, promouvoir l'exportation de la terreur en Inde ou en Afghanistan ou n'importe ou ailleurs dans le monde.\" Les propos du chef du gouvernement britannique ont suscite un tolle a Islamabad et ternissent la visite qu'effectue a partir de mardi soir le president pakistanais Asif Ali Zardari, pour plusieurs jours au cours desquels il doit notamment s'entretenir avec David Cameron a Chequers (sud-est), sa residence secondaire officielle. Une porte-parole du Premier ministre avait dit lundi que David Cameron \"maintenait ses remarques\". \"Il faisait reference a des elements au sein du Pakistan qui soutiennent le terrorisme, pas au gouvernement pakistanais\", avait-elle releve. Lundi, les autorites pakistanaises ont convoque l'ambassadeur britannique Adam Thomson au Pakistan. Et les services de renseignement pakistanais ont annule une visite prevue en Grande-Bretagne pour protester contre ces declarations de David Cameron, a rapporte samedi le quotidien The Times. ", "theme": "monde"}