{"id_art": "0780763be2551de98f0b37b20c778a4a", "title": "Menace terroriste: les Francais vivent un ete inedit", "newspaper": "LePoint", "author": ["AFP"], "date_publi": "2016-08-04", "content": "Annulations d'evenements festifs, policiers armes sur les plages, patrouilles militaires bien visibles dans les rues de Paris... Les Francais vivent un ete inedit, ou la menace de nouveaux attentats fait desormais partie de leur quotidien. \"C'est nouveau pour nous. Il y a des pays, comme Israel, ou le risque terroriste est un risque quotidien. On parle d'ailleurs d'+israelisation+ (de notre societe) mais meme en Israel on ne peut pas empecher les personnes de commettre des actes, on va s'habituer d'une certaine facon\", resume Evelyne Josse, psychologue. \"Comment tenir\", titrait recemment le magazine Le Point. C'etait apres l'attentat de Nice du 14 juillet (84 morts) et avant l'egorgement moins de quinze jours plus tard d'un pretre dans son eglise, tous deux revendiques par le groupe jihadiste Etat islamique. Pour la premiere fois cette annee, une centaine de policiers ont ete mobilises pour patrouiller armes sur les plages de France. Leur mission: riposter en cas d'attaque similaire a celle survenue sur la plage de Sousse en Tunisie en juin 2015 (38 morts). Pour ne pas affoler les vacanciers, ils ont place leur arme dans une sacoche etanche attachee discretement autour de la taille. La ville de Cannes (sud-est) a, elle, ete jusqu'a interdire les gros sacs sur ses plages pour eviter la dissimulation d'armes ou produits explosifs. - \"Traumatises\" - Certains Francais reconnaissent ne plus emmener leurs enfants dans les foules depuis l'attentat au camion a Nice. Sur les 84 morts, dix enfants ont peri ecrases. \"On est un peu traumatise (...) on y pense (au risque d'attentat) quand on va dans un lieu public ou il y a beaucoup de monde: cinema, theatre et maintenant les eglises\", avoue Francoise, une retraitee de 69 ans preferant taire son nom. L'assassinat inedit en Europe du pretre par deux jeunes jihadistes de 19 ans, a acheve de siderer le pays. Parmi les modifications de comportement, certains Francais tentent de se proteger de l'angoisse nee de la multiplicite d'attaques ou projets d'attentats en ne s'informant desormais plus qu'avec parcimonie. \"J'ai pris un peu de recul avec les medias: je m'informe mais pas en continu. Pour l'attentat au Bataclan (novembre 2015, 130 morts au total avec les autres attentats le meme soir), je suis reste jusqu'a 05H00 du matin a regarder la tele en boucle. La j'arrete, parce que ca me ronge\", confie Norbert Goutmann, un avocat de 56 ans vivant pres de Paris et qui indique avoir consulte un psychiatre pour \"s'apaiser\". Au coeur de l'ete, les terrasses parisiennes et les berges de Seine, livrees aux pietons, ne desemplissent pas. Mais la vigilance reste de mise avec des militaires munis de fusils d'assaut dans les rues et lieux touristiques. Dans le metro, les annonces d'arret de lignes en \"raison d'un colis suspect\" sont legion. \"La vie quotidienne a change pour tous les Parisiens. On est plus mefiant, on est plus vigilant. L'angoisse est toujours la\", temoigne Thibaut Chaize, un technicien de 32 ans. \"Mais on ne peut pas s'arreter de vivre...\" L'atmosphere se tend parfois pour un rien. En deambulant avec une arme factice sur une plage a Gruissan dans le sud-est, un jeune a ainsi rapidement seme la panique. Trois hommes ont de leur cote ete arretes fin juillet au large de Marseille (sud) apres avoir crie \"Allah Akbar\" a bord d'un bateau qui semblait foncer vers la rive. \"Des personnes tres choquees ont ete entendues comme temoins, certaines ont porte plainte\", selon une source judiciaire. - Des festivites annulees - Par mesure de precaution, de nombreuses festivites traditionnelles, comme les feux d'artifice du 15 aout, ou culturelles tels les festivals de cinema en plein air, ont ete restreintes ou supprimees un peu partout en France. \"Nous sommes en situation de guerre. Donc, par moment, il faut interdire des manifestations si les normes de securite ne sont pas respectees\", a justifie cette semaine le ministre de la Defense, Jean-Yves Le Drian. Les festivites maintenues ont bon gre mal gre affiche un bilan positif, illustrant un besoin pour la population de se changer les idees et de vivre ensemble des evenements positifs. Les Fetes de Bayonne (sud-ouest), l'un des plus grands rassemblements populaires au monde melant traditions et corridas, ont neanmoins cloture dimanche avec une baisse de frequentation de 20%. L'ambiance etait \"differente\". \"On guette vraiment ce qui se passe autour de nous, a droite a gauche\", a decrit Noelle Ausquy, 49 ans. Quelques voix se sont distinguees sur le theme du \"Meme pas peur\", cette inscription qui a longtemps trone Place de la Republique a Paris apres les attentats de novembre. \"Daesh (acronyme arabe de l'EI) menace Marseille, je menace Daesh\", a ainsi ecrit sur sa page Facebook un Marseillais, Mohamed Nenni, avant d'ajouter une video debitant un flot d'injures vue par plus de 300.000 personnes en 24 heures. \"Votre philosophie moyenageuse ne nous effraie pas\", a rencheri un mouvement clandestin nationaliste corse en menacant d'une \"reponse determinee sans aucun etat d'ame\" en cas d'attaque jihadiste. 04/08/2016 17:59:08 - Paris (AFP) - (c) 2016 AFP ", "theme": "societe"}