{"id_art": "4f0034946a25543888ca606a502edfdf", "title": "Philippe: \"il faut mener un combat sur tous les fronts\" contre le terrorisme", "newspaper": "LePoint", "author": ["AFP"], "date_publi": "2017-10-03", "content": "Le Premier ministre Edouard Philippe a estime mardi qu'il fallait \"mener un combat sur tous les fronts\" contre la menace terroriste, citant \"un combat culturel, un combat social, un combat d'ordre public\". Si \"les instruments juridiques\" contre le terrorisme vont etre \"completes\" dans la loi antiterroriste que l'Assemblee doit voter mardi, \"la loi n'est pas le seul instrument pour lutter contre la menace terroriste\" et au dela, \"elle ne doit pas etre le seul instrument pour lutter contre la menace terroriste\", a dit le chef du gouvernement devant l'Assemblee nationale. Repondant a une question de la deputee LREM Alexandra Louis (Bouches-du-Rhone), M. Philippe a defendu la necessite de \"mener un combat sur tous les fronts, un combat culturel, un combat social, un combat d'ordre public, en donnant des moyens aux forces de l'ordre, en ameliorant la communication entre les services de renseignement\". \"Le combat dans lequel nous sommes engages, ce n'est pas le combat des forces de l'ordre contre le terrorisme, c'est le combat de la France contre les gens qui veulent la defaire\", a-t-il dit, exhortant \"l'ensemble des citoyens francais\" a etre \"vigilants par rapport a cette menace\". \"Ca veut dire qu'ils doivent tous regarder, observer et participer a cet effort de defense de la nation, nous ne devons pas nous arreter a ce qui releve de nous seul, le droit, nous devons bien envisager cette lutte contre le terrorisme d'une facon generale, d'une facon determinee, afin que notre pays, ses valeurs, prevalent definitivement\", a declare M. Philippe lors d'une longue intervention solennelle, manifestement preparee. Il a en invite les deputes et senateurs a \"s'inspirer\" du \"sang froid\" des militaires de l'operation Sentinelle qui ont abattu dimanche un homme qui venait de tuer a coups de couteau deux jeunes femmes sur le parvis de la gare Saint-Charles a Marseille. \"Comme nous le disons depuis le debut, comme d'autres avant nous l'ont dit avec des mots tres clairs, le niveau de menace qui prevaut dans notre pays est eleve\", a poursuivi le Premier ministre. Il a evoque une \"menace proteiforme\", oscillant entre \"organisation structuree\" et \"individu basculant dans l'acte et commettant l'irreparable\". 03/10/2017 16:50:50 - Paris (AFP) - (c) 2017 AFP ", "theme": "politique"}