{"id_art": "58df67663083bd0da96b498dd23fc627", "title": "Menace terroriste: \"protection renforcee\" pour les fetes", "newspaper": "LePoint", "author": ["AFP"], "date_publi": "2016-12-14", "content": "\"Il y aura une protection renforcee\" pour les fetes de fin d'annee face a la menace d'attentats et le nombre de militaires engages dans l'operation Sentinelle va augmenter, a annonce mercredi le ministre de l'Interieur Bruno Le Roux. \"Il y aura une protection renforcee et nous sommes dans une discussion qui va s'achever (...) avec le ministre de la Defense, mon collegue Jean-Yves Le Drian, pour remonter le niveau de militaires engages dans l'operation Sentinelle\", a declare au micro de RTL le nouveau ministre. \"La menace est forte\", a-t-il ajoute, avant de preciser que le nombre de militaires engages dans cette operation mise en place en 2015 se situerait entre \"7.000 hommes mobilises aujourd'hui, qui est le plancher, et 10.000 qui est le plafond\". \"Nous avons et allons tomber d'accord dans les minutes qui viennent avec Jean-Yves le Drian pour avoir un chiffre qui corresponde totalement aux demandes qui sont faites par nos prefets sur le terrain pour assurer la securite maximale\", a-t-il dit. Ce renforcement est prevu \"pour la periode de Noel jusqu'au debut de l'annee\", et sera reevalue debut 2017. \"Il convient quand il y a des rassemblements de personnes a Noel et je souhaite qu'il y en ait, que les touristes viennent massivement dans notre pays, que nos concitoyens puissent sortir et s'amuser, il faut assurer leur securite totalement dans la coordination de tous les services de securite\", a estime Bruno Le Roux. Interroge sur le vote la veille du prolongement de l'etat d'urgence jusqu'a l'ete, le ministre a estime qu'il fallait \"faire en sorte que la securite soit assuree et que les echeances democratiques puissent se tenir dans les meilleures conditions\", avec les elections presidentielle et legislatives du printemps. 14/12/2016 09:04:32 - Paris (AFP) - (c) 2016 AFP ", "theme": "societe"}