{"id_art": "98f2d6ee22c756f78f07dc3244a4a2dc", "title": "Coignard - Terrorisme : la guerre des polices racontee de l'interieur", "newspaper": "LePoint", "author": [" Sophie Coignard", "Sophie Coignard", "Sophie Coignard"], "date_publi": "2017-11-13", "content": " L'ex-patron du Raid raconte dans un livre quatre annees d'operations antiterroristes. Il leve aussi le voile sur les rivalites au sein de la police. La prudence, Jean-Michel Fauvergue a appris a l'exercer pour ne pas mettre la vie de ses hommes en danger. Patron du Raid de 2013 a 2017, il a mene les operations apres les attaques terroristes contre Charlie Hebdo et l'Hyper Cacher en janvier 2015, puis apres les attentats du 13 novembre de la meme annee, dont le deuxieme anniversaire est celebre ce lundi. C'est cette meme prudence qui le guide dans le livre-temoignage eloquent qu'il publie en collaboration avec Caroline de Juglart (ed. Mareuil). Mais il n'est pas interdit de lire entre les lignes... Pourquoi ce chef apprecie... Deja abonne ? Pas encore abonne ? ", "theme": "editos-du-point/sophie-coignard"}