{"id_art": "0f8da9631502b93031399526722474f2", "title": "Aurelie Chatelain, une victime collaterale du terroriste presume ?", "newspaper": "LePoint", "author": ["Source AFP"], "date_publi": "2015-04-22", "content": " Les enqueteurs ont etabli un lien entre l'arme du meurtre de la jeune femme et l'etudiant arrete pour avoir projete un attentat contre des eglises. Le meurtre d'Aurelie Chatelain a Villejuif (Val-de-Marne), dans lequel serait implique l'etudiant arrete pour avoir projete un attentat contre \"une ou deux eglises\", remonte a dimanche matin, a affirme mercredi une source proche du dossier. La jeune femme de 32 ans a succombe a ses blessures par balle, a precise cette source. Les enqueteurs ont etabli un lien entre l'arme du meurtre et le suspect, tandis que des traces de son ADN ont ete retrouvees dans la voiture commencant a prendre feu ou a ete decouvert le corps d'Aurelie Chatelain, a-t-on ajoute de meme source. L'homme en question, un etudiant en informatique franco-algerien de 24 ans, a ete arrete de maniere fortuite dimanche matin, apres qu'il eut appele les secours en se disant blesse, a revele mercredi le ministre de l'Interieur Bernard Cazeneuve. Connu des services de renseignements pour ses \"velleites de depart en Syrie\" pour y rejoindre les rangs djihadistes, il est soupconne d'avoir projete un attentat contre une ou deux eglises de Villejuif. Atteint d'une balle dans la jambe, le suspect avait evoque aupres de la police un reglement de comptes. Les enqueteurs ont alors remonte les traces de sang et sont arrives a son vehicule, ou ils ont decouvert des armes de guerre, de poing et des munitions. Le corps d'Aurelie Chatelain, une Nordiste venue dans la banlieue de Paris pour suivre un stage professionnel, avait ete, lui, decouvert dimanche matin dans sa voiture, qui commencait a prendre feu. Le cadavre presentait trois impacts de balle. Sa mort a bien ete provoquee par ses blessures par balle et non par les fumees de l'incendie, a revele l'autopsie realisee lundi, selon cette source. \"L'incendie du vehicule n'etait pas tres important\", a-t-elle egalement precise, et son origine reste a determiner. Le parquet du Val-de-Marne, initialement charge de l'enquete sur ce meurtre, s'en est dessaisi mardi au profit de celui de Paris. ", "theme": "societe"}