{"id_art": "da0b27e5b5a4fd5202fc85a0b72c08c3", "title": "Exit le \"french-bashing\", le chef du Pentagone salue l'armee francaise", "newspaper": "LePoint", "author": [" Guerric Poncet"], "date_publi": "2017-04-25", "content": " Pour le secretaire americain a la Defense, James Mattis, la France combat \"vigoureusement\" le terrorisme sur les theatres exterieurs. Oubliee, la mode du \"french-bashing\" (moquerie contre la France), qui perdurait a Washington depuis 2003 et la decision de Jacques Chirac de ne pas participer a l'intervention en Irak. Le secretaire americain a la Defense, l'ex-general James Mattis, a publiquement salue lundi l'action de l'armee francaise contre les groupes armes terroristes. \"Les Francais sont de tres bons partenaires dans ce combat\", a-t-il explique. \"Ils s'engagent vigoureusement dans la region, et sont tres dynamiques dans chaque bataille\", a-t-il ajoute au cours d'une visite a Djibouti, ou les Etats-Unis comme la France disposent d'une base permanente. \"Je ne doute pas que les Francais vont continuer a prendre leurs propres decisions en fonction de leurs propres interets, et que les terroristes ne vont pas apprecier ces decisions\", a-t-il aussi lance. Un appel a peine deguise, alors que l'un des finalistes de la presidentielle francaise, Marine Le Pen, a manifeste plusieurs fois son hostilite a l'Otan et \"son obsession anti-russe\", et plaide pour definir \"strictement les criteres d'engagements de l'armee francaise\", en clair reduire drastiquement les operations exterieures. Cette intervention de James Mattis peut paraitre insignifiante, mais sa rarete lui donne une valeur symbolique forte. Si la cooperation entre militaires americains et francais se passe globalement bien, la parole politique americaine a souvent ete dure ou absente pour saluer ce travail collectif, preferant envoyer des fleurs a l'allie britannique, un peu plus fidele, aux yeux de la Maison-Blanche. Le fait que le patron du Pentagone prenne la peine de saluer l'action des militaires francais est donc un signal important, tout comme sa visite aux militaires francais apres la conference de presse. Son passe de militaire rend James Mattis particulierement conscient des efforts consentis par Paris pour deployer des milliers de soldats hors de ses frontieres. Mais il y a aussi une part de realisme. Les Americains sont tres contents que la France prenne en charge la securisation de regions entieres, comme la bande sahelo-saharienne, ou la cooperation militaire franco-americaine est aujourd'hui vitale. Ainsi, l'operation francaise Barkhane, qui bloque avec 4 000 hommes l'avancee djihadiste vers le Mali, le Tchad, le Niger, le Burkina Faso et la Mauritanie, ne pourrait pas etre menee sans le soutien logistique americain, en particulier pour le ravitaillement en vol des chasseurs francais ou le renseignement. Enfin, James Mattis souhaite aussi rassurer, apres des declarations floues du president Donald Trump qui pouvaient laisser penser que le soutien americain aux Francais pourrait prendre fin. Deja en 2014, un think-tank americain tres influent au Pentagone avait salue l'operation francaise Serval au Mali (a laquelle Barkhane a succede), jugeant l'intervention \"exemplaire\". \"Les Francais ont prouve qu'ils savent projeter rapidement des forces limitees mais hautement efficaces, taillees pour des besoins et des objectifs specifiques\", avaient explique les analystes americains. LIRE EGALEMENT notre reportage avec la force Barkhane : Ces soldats francais perdus au fin fond du Sahara Djibouti est un point strategique pour de nombreuses armees. Alors que la France y etait seule il y a quelques annees, ce petit territoire coince entre l'Erythree, l'Ethiopie et la Somalie accueille depuis 2002 une importante base americaine, ainsi que les seules bases de la Chine et du Japon hors de leurs territoires respectifs (la base chinoise, une emprise navale, etant en construction). ", "theme": "monde"}