{"id_art": "9d5f708d44b10787f166eb19920682f4", "title": "Les arrestations liees au \"terrorisme jihadiste\" ont double en 2 ans dans l'UE", "newspaper": "LePoint", "author": ["AFP"], "date_publi": "2017-06-15", "content": "Le nombre des arrestations liees au \"terrorisme jihadiste\" a presque double en deux ans au sein de l'Union europeenne (UE), a annonce jeudi l'Office europeen des polices Europol. En 2016, 718 personnes soupconnees d'infractions liees au \"terrorisme jihadiste\" ont ete arretees, contre 395 en 2014, d'apres le rapport sur le terrorisme dans l'UE 2017 publie par Europol. La plupart des 1.002 arrestations au total en lien avec des \"activites terroristes\" ont eu lieu en France (456), en Grande-Bretagne (149) et en Espagne (120). Le nombre des attaques jihadistes est, quant a lui, passe de 17 en 2015 a 13 en 2016, dont six liees au groupe Etat islamique. Sur l'ensemble de l'Union, 142 personnes ont ete tuees dans des attentats l'an dernier, dont 135 dans des attaques jihadistes. \"Jamais auparavant, le besoin de partager l'information n'est devenu plus evident que ces deux dernieres annees\", en raison de ces attaques terroristes jihadistes en Europe, a declare Rob Wainwright, directeur d'Europol, cite dans un communique. Quelque 142 attaques, y compris celles ayant echoue ou ayant ete dejouees, ont ete signalees par huit Etats membres de l'UE, dont plus de la moitie (76) par le Royaume-Uni, 23 par la France, 17 par l'Italie et 10 par l'Espagne. Le Royaume-Uni a recemment ete frappe par l'attentat de Londres qui a fait huit morts le 3 juin ainsi que par l'attentat-suicide le 22 mai a Manchester, qui a fait 22 morts a la sortie d'un concert de la pop-star americaine Ariana Grande. \"Les victimes etaient de nombreuses nationalites\" sur le London Bridge et dans le quartier de Borough Market, a souligne le commissaire europeen charge de la Securite, Julian King, cite dans le communique. \"Les terroristes ne respectent, ni ne reconnaissent les frontieres\", a-t-il ajoute. \"Dans notre volonte de les combattre, nous devons reiterer notre determination a cooperer en partageant nos informations et notre expertise\". Les femmes et les jeunes adultes, parfois meme des enfants, jouent un \"role operationnel de plus en plus important dans la realisation d'activites terroristes de maniere independante dans l'UE\", a remarque Europol. Pres d'un tiers de l'ensemble des personnes arretees etaient agees de 25 ans ou moins tandis qu'une personne arretee sur quatre (26 %) etait une femme, contre 18 % en 2015. Des explosifs ont ete utilises dans 40 % des attaques. Toutefois, precise Europol, un grand nombre d'attentats n'etaient pas connectes au jihadisme : \"La majorite des attaques (99) dans laquelle une filiation terroriste a pu etre identifiee etaient menees par des extremistes nationalistes et separatistes.\" Des groupes dissidents republicains en Irlande du Nord ont ete impliques dans 76 de ces attaques, a rapporte Europol. En outre, le nombre des attaques menees par des extremistes violents de gauche est en augmentation depuis 2014, avec un total de 27 l'annee derniere, dont 16 en Italie, selon le rapport. Le Centre europeen de lutte contre le terrorisme d'Europol a apporte son soutien a 127 enquetes effectuees dans le cadre de la lutte contre le terrorisme en 2016, \"ce qui donne une indication claire de la croissance de l'activite jihadiste\", a souligne l'Office europeen des polices. 15/06/2017 22:24:06 - La Haye (AFP) - (c) 2017 AFP ", "theme": "monde"}