{"id_art": "eb347d71783b58181bdba2d18173d371", "title": "A la une ce vendredi 29 septembre...", "newspaper": "LePoint", "author": [" Le Point.fr (avec AFP)"], "date_publi": "2017-09-28", "content": " Reunion a Nice de maires europeens contre le terrorisme, suite de la visite d'Emmanuel Macron a Tallinn, debut du proces du rappeur Rohff... Toute l'actu du jour. Terrorisme. La ville de Nice (Alpes-Maritimes) reunit a partir de 14 heures les representants de plus de 25 grandes villes d'Europe et de Mediterranee pour debattre de la prevention de la radicalisation et de la securite. Le ministre de l'Interieur Gerard Collomb participera a cette conference. La signature d'une declaration est prevue a l'issue de cette conference. Diplomatie. Le president de la Republique Emmanuel Macron poursuit sa visite a Tallinn (Estonie), apres avoir notamment rencontre la chanceliere allemande Angela Merkel, qui a salue un << large consensus >> entre la France et l'Allemagne au sujet de l'avenir de l'Europe. Justice. Debut du proces du rappeur Rohff, juge avec son garde du corps pour << violences aggravees >> lors d'une bagarre survenue en avril 2014 dans une boutique distribuant les vetements de la marque de son rival Booba a Paris. Israel. L'Etat hebreu renforce les mesures de securite, notamment en Cisjordanie et a Jerusalem-Est, a quelques heures du debut des celebrations de Kippour, le jour du Grand Pardon, qui commencent vendredi en fin d'apres-midi. Etats-Unis. La situation humanitaire reste preoccupante a Porto Rico, une dizaine de jours apres le passage devastateur de l'ouragan Maria et avant la venue annoncee du president americain Donald Trump. Ligue 1. Trois jours apres sa lourde defaite (0-3) en Ligue des champions, l'AS Monaco va certainement chercher a mettre les choses au point sur sa pelouse face a une equipe de Montpellier qui reste sur un resultat nul face au PSG. ", "theme": "actu-du-jour"}