{"id_art": "db8bce9ca11f49317f28223bcd3a6388", "title": "Paris : un acte terroriste, commis par un homme isole ?", "newspaper": "LePoint", "author": [" Le Point.fr"], "date_publi": "2016-01-07", "content": " L'individu abattu a l'entree d'un commissariat parisien, dans le quartier de la Goutte-d'Or, avait prete allegeance au chef de l'Etat islamique. Peu apres midi, un an jour pour jour apres l'attaque des freres Kouachi, un homme arme d'une feuille de boucher a tente de s'en prendre aux forces de l'ordre. Il a ete abattu devant le commissariat du 18e arrondissement a Paris. On a retrouve sur lui un papier ou figurait un drapeau de Daech et une formule en arabe par laquelle il prete allegeance a l'EI. Pour autant, selon Christiane Taubira, \"ce qui apparait tres clairement de ce qui est connu de cette personne, (c'est qu'elle) n'a aucun lien avec la radicalisation violente\". L'homme a ete identifie. Il etait connu des services de police pour une affaire de vol en reunion en 2013 dans le sud de la France, a appris par ailleurs l'AFP jeudi de sources proches de l'enquete. A l'epoque des faits, l'homme avait declare aux gendarmes charges de l'enquete s'appeler Sallah Ali. L'identification de l'assaillant a ete difficile. En effet, il a signe le papier retrouve sur lui d'un nom different de celui qu'il avait donne lors de son interpellation pour un vol commis en 2013 a Sainte-Maxime (Var). Mais les analyses ADN confirment qu'il s'agit bien du meme homme. Il est ne en 1995 et il est de nationalite marocaine. Le papier retrouve sur le corps de l'homme abattu jeudi devant un commissariat parisien mentionne, en arabe, que l'assaillant \"prete allegeance\" au chef du groupe djihadiste Etat islamique (EI) et justifie son acte par une vengeance contre les \"attaques en Syrie\", a-t-on appris de source proche de l'enquete. Pour autant, \"ce qui apparait tres clairement de ce qui est connu de cette personne, (c'est qu'elle ) n'a aucun lien avec la radicalisation violente, aucun\", a affirme la ministre de la Justice, Christiane Taubira, sur i>Tele. A l'epoque des faits, l'homme avait declare aux gendarmes charges de l'enquete s'appeler Sallah Ali. Il se presentait comme un sans domicile fixe, ne en 1995 a Casablanca au Maroc. Ses empreintes digitales avaient alors ete entrees dans le fichier automatise des empreintes digitales (FAED) et correspondent a celles de l'homme tue jeudi apres avoir attaque le commissariat, ont indique des sources proches de l'enquete citees par l'AFP. L'homme abattu jeudi devant un commissariat du 18e arrondissement a ete identifie. Il avait ete mis en cause dans un vol en 2013, selon des sources proches de l'enquete citees par l'Agence France-Presse. Le ministre de l'Interieur s'est rendu sur les lieux : \"L'agresseur est en cours d'identification. Il sera par consequent possible dans les heures qui viennent d'en savoir davantage sur son parcours et ses motivations.\" La maire de Paris Anne Hidalgo a egalement fait le deplacement. Notre envoye special dans le 18e arrondissement, Olivier Perou, a recueilli le temoignage d'une passante qui etait sur les lieux au moment des evenements. Elle affirme avoir vu l'homme, qui etait habille d'un jean et d'une doudoune grise et noire, s'approcher du commissariat. Les policiers lui auraient alors demande de reculer. L'homme aurait obtempere, avant de revenir pres du commissariat les deux bras en l'air et de se voir une nouvelle fois somme de reculer par les policiers. Ce temoin assure que l'homme est reste silencieux. Trois coups de feu auraient ensuite retenti. Cette habitante du quartier se serait alors cachee derriere une voiture avant de rentrer se refugier chez elle. Le procureur de la Republique a publie un communique dans lequel il precise qu'un \"papier sur lequel figure le drapeau de Daech ainsi qu'une revendication manuscrite non equivoque en langue arabe\" ont ete decouverts sur l'assaillant. \"L'enquete en flagrance pour tentative d'assassinat sur personnes depositaires de l'autorite publique en relation avec une entreprise terroriste se poursuit desormais (...) sous l'autorite de la section anti-terroriste du parquet de Paris et confiee conjointement a la section anti-terroriste de la brigade criminelle de la prefecture de police (SAT) et a la direction generale de la securite interieure (DGSI)\", rajoute le communique. Selon Olivier Perou, notre journaliste sur place, le corps de l'individu est toujours \"au pied du commissariat, sous l'analyse de la police scientifique\". \"Le corps est au pied du commissariat. Encore sous l'analyse de la police scientifique\", m'indique un policier sur place. #Paris #Gouttedor Selon notre reporter sur place, toutes les personnes habitant dans les environs sont cloitrees chez elles. Une voisine qui habite un appartement donnant derriere le commissariat : \"J'ai entendu un coup de feu. Puis deux.\" Selon notre journaliste sur place, Olivier Perou, la police scientifique est actuellement toujours sur place. Selon Le Parisien, les enqueteurs auraient retrouve un telephone portable pres de l'individu abattu qui ne possedait, par ailleurs, aucun papier d'identite sur lui. Or, pour l'heure, rien n'indique que ce telephone appartient a l'assaillant. La RAPT annonce que le trafic sur les lignes 2 et 4 du metro parisien est revenu a la normale apres avoir ete totalement interrompu. Le funiculaire de Montmartre repart egalement. Retour a un trafic normal sur la l#ligne2. Fin d'incident #RATP Retour a un trafic normal sur la l#ligne4. Fin d'incident #RATP Un an jour pour jour apres les evenements qui ont frappe \"Charlie Hebdo\", un assaillant invoquant Allah a ete abattu devant le commissariat du 18e arrondissement. Selon nos informations, le parquet de Paris a ouvert une enquete de flagrance confiee a la brigade criminelle de la prefecture de police de Paris. Pour l'instant, pas de qualification terroriste. Deux policiers, un robot et un chien renifleur examinent le cadavre de l'homme abattu devant le commissariat de la Goutte-d'Or. 13:41, le trafic est ralenti sur la ligne (mesure de securite) #RATP #Ligne4 13:42, le trafic est ralenti sur la ligne (mesure de securite) #RATP #Ligne2 ", "theme": "societe"}