{"id_art": "06af5aab8afb2b9ac60c6b67b696fdae", "title": "Terrorisme islamiste : \"Le Senat a eu les yeux plus gros que le ventre\"", "newspaper": "LePoint", "author": ["Propos recueillis par Hugo Domenach"], "date_publi": "2016-08-18", "content": " Le journaliste independant Yvan Stefanovitch denonce le manque de transparence de la commission d'enquete du Senat sur le terrorisme djihadiste. Le 23 juin, les senateurs autorisaient par vote leur president Gerard Larcher a deposer une plainte en diffamation au nom du Senat contre Yvan Stefanovitch, auteur du livre Le Senat. Un paradis fiscal pour des parlementaires fantomes (paru le 2 juin aux editions du Rocher). Son auteur y denonce les privileges legaux, mais << scandaleux >>, des senateurs, et la vraie fausse transparence qui les protege. Il s'attaque aujourd'hui au travail de la commission d'enquete du Senat sur le terrorisme islamiste. Entretien. Le Point.fr : Pourquoi l'enquete du Senat pour ameliorer la lutte contre le terrorisme islamique est-elle, selon vous, inefficace ? Yvan Stefanovitch : Engage comme d'habitude dans une competition classique avec l'Assemblee nationale, le Senat a eu un coup d'avance en publiant debut avril 2015 le rapport Goulet de 440 pages sur les << Reseaux djihadistes - Filieres djihadistes : pour une reponse globale et sans faiblesse >>. Deux mois plus tard, la commission d'enquete Ciotti de l'Assemblee nationale deposait le sien sur << La surveillance des filieres et des individus djihadistes >>. Et presque un an apres en juillet 2016, la commission d'enquete Fenech de cette meme Assemblee publiait un autre rapport sur << les moyens mis en oeuvre par l'Etat pour lutter contre le terrorisme depuis le 7 janvier 2015 >>. Une certitude : la transparence n'est toujours pas la plus grande vertu de la Haute Assemblee. Sur une soixantaine de personnes auditionnees par la commission Goulet au Senat, 40 l'ont ete a huis clos et sans aucune publication du moindre compte rendu. Ce qui n'a pas ete le cas a l'Assemblee ou les auditions de ministres et de responsables policiers ont ete plus ouvertes a la presse et aux cameras de television. D'ou, a l'evidence, le plus grand succes dans la presse des rapports des deputes. Comme d'habitude, une vraie-fausse transparence et une forme d'omerta handicapent terriblement le travail des senateurs. Ne faudrait-il pas former des commissions d'enquete mixtes Assemblee nationale-Senat comme aux Etats-Unis ? Bien sur, mais personne ne veut stopper ce gachis financier et cette competition sterile entre l'Assemblee et le Senat. Pourtant, la puissance et l'efficacite du Congres americain en matiere d'antiterrorisme et de controle des services secrets reposent sur la convocation des hauts fonctionnaires de l'executif en seance publique. Rassemblant pour partie des representants de la chambre basse (435) et 100 senateurs (2 par Etats), la commission d'enquete du Congres americain sur les attentats du 11 septembre 2001 (<< National Commission on Terrorist Attacks upon the United States >>) a ainsi fait temoigner en public et sous serment, de mars 2003 a juin 2004, tous les patrons de l'antiterrorisme aux Etats-Unis. De George Tenet (directeur de la CIA) a John Ashcroft (ministre de la Justice), en passant par Colin Powell (secretaire d'Etat), Condoleezza Rice (conseillere a la Securite nationale) et quantite d'autres responsables majeurs de l'administration ont ete entendus en direct sur les chaines de television. Rien a voir avec les auditions en catimini par les senateurs du patron de la DGSE (Bernard Bajolet) ou de la DGSI (Patrick Calvar). Resultat evident : nombre de patrons des services secrets americains ont ete remercies, les fautes ou erreurs de leurs services mises en exergue et de nouveaux services ont depuis ete crees a la suite de 16 auditions publiques du Congres. Dans l'Hexagone, les responsables de l'antiterrorisme restent intouchables malgre le massacre de Charlie Hebdo, la tuerie du Bataclan et les fusillades des terrasses parisiennes ainsi que le carnage de la promenade des Anglais a Nice. Tout va tres bien, madame la marquise... La commission d'enquete senatoriale a tout de meme propose 110 mesures concretes pour lutter contre le terrorisme islamiste. Ce n'est pas rien... Le Senat a eu les yeux plus gros que le ventre en voulant traiter en cinq mois le terrorisme djihadiste, depuis sa prevention jusqu'a sa repression tant dans l'Hexagone qu'au Moyen-Orient ! Une sorte de vade-mecum de l'antiterrorisme islamiste. Alors que chercheurs, policiers, sous-officiers, officiers et analystes des services de renseignements planchent sur ce sujet difficile depuis des annees, en redoutant aujourd'hui les debuts d'une guerre civile larvee entre communautes dans l'Hexagone. Au final, ces 21 senateurs ont pondu un rapport tres consensuel qui n'apporte pas de reelles innovations dans le cadre d'une vision tres institutionnelle de la lutte antiterroriste. Une sorte de rapport d'un stagiaire de l'ENA, ou il ne manque pas grand-chose. Sauf que la mesure de prevention la plus efficace pour faire reculer le radicalisme n'est meme pas abordee : l'obligation des preches en francais des imams dans toutes les mosquees de l'Hexagone. Sur les 110 mesures proposees par la commission Goulet, la majorite d'entre elles sont evidentes et aujourd'hui dans la loi ou en voie de l'etre : renforcement des effectifs des services concernes, acces a des fichiers existants ou creation de nouveaux fichiers, lutte contre le microfinancement, fichier europeen des passagers aeriens, renforcement des controles aux frontieres de Schengen... D'autres sont naives ou irrealistes, comme la fin de la guerre entre services de renseignements. Pourtant, a l'epoque, la presse avait plutot bien accueilli le rapport de la commission d'enquete senatoriale... Certes, certes... Quoi de mieux que laisser la parole a l'initiatrice et presidente de cette commission d'enquete, Nathalie Goulet, senatrice UDI de l'Orne et presidente du groupe d'amitie France-Pays du Golfe ? Interviewee par Paris Match neuf jours apres le depot du rapport le 1er avril 2015, cette vice-presidente de la commission des Affaires etrangeres du Senat mettait le doigt sur la vraie fausse transparence de la Haute Assemblee : << Je trouve que le rapport est d'une grande faiblesse, je suis extremement decue. Il ne pose aucun probleme. Personne n'a ose faire de vagues, de polemiques. Le resultat est lisse. Or l'objectif de ce travail d'enquete etait de degager des solutions pratiques et efficaces, d'aider les familles, de trouver des moyens pour prevenir le depart de ces gamins au djihad. Une des lacunes de ce rapport : il y a peu de solutions pratiques sur la prevention. Tous les amendements que j'ai proposes autour de ce theme ont ete refuses... Certes, le constat de la premiere partie est bien construit, il y a beaucoup de dispositions, elles sont interessantes. Mais ces 110 propositions sont purement techniques, elles ne vont pas regler les problemes de fond. >> La presidente de la commission d'enquete senatoriale Nathalie Goulet explique-t-elle cette sorte d'omerta ? Toujours dans le meme interview a Paris Match, Nathalie Goulet declarait : << La commission s'est interdit de debattre sur certaines questions. Comme la mise en place de statistiques ethniques et religieuses. Elle n'aurait pas du. Nous aurions du etre beaucoup plus prospectifs, plus derangeants. A defaut d'y repondre, nous aurions du au moins poser les questions essentielles de ce debat pour l'ouvrir. Peser le pour et le contre. >> Elle ajoutait : << Je souhaite que lors de la priere du vendredi, les preches soient prononces en francais, je voudrais egalement interdire le financement etranger des lieux de culte. >> Rapporteur par ailleurs de la mission d'information du Senat sur l'organisation et le financement de l'islam en France et de ses lieux de culte, Nathalie Goulet a signe, en juillet 2016, le rapport de cette enquete qui souligne simplement << le financement etranger marginal des mosquees dans l'Hexagone, mais qui suscite des interrogations >>. Selon ce rapport, le royaume d'Arabie saoudite a participe au financement de huit mosquees francaises pour un total de 3 759 400 euros. Cet Etat finance egalement en partie le salaire mensuel de 14 imams exercant dans des mosquees en France. La senatrice Nathalie Goulet en a pris bonne note. La meme parlementaire a ete rapporteur de deux projets de loi, l'un portant convention d'assistance avec l'Arabie saoudite et l'autre de cooperation militaire avec les Emirats arabes unis. La commission d'enquete du Congres americain a enquete sur d'eventuels liens entre les dirigeants d'Arabie saoudite et les attentats du 11 septembre 2001, mais les soupcons n'ont jamais ete confirmes par des preuves irrefutables, selon des documents jusque-la secrets et publies en juillet 2016. L'Arabie saoudite est egalement soupconnee d'aider certains rebelles syriens, toujours sans preuve. Droit de reponse de Nathalie Goulet : J'ai demande une commission d'enquete en juin 2014, six mois avant l'attaque contre Charlie Hebdo, suivie par mon groupe, a la suite du travail de David Thomson sur les djihadistes francais. Je pensais que nous n'avions pas les outils necessaires pour faire face a cette menace, et a l'epoque personne n'en parlait, ou presque, au sein des deux assemblees. Par la suite, c'est un rapporteur socialiste qui s'est impose a l'anciennete (c'etait la regle au Senat jusqu'a la reforme recente du reglement), me laissant la presidence. Jean-Pierre Sueur, rapporteur, n'est pas mentionne dans l'entretien, alors que c'est son rapport et qu'il l'a oriente d'une facon contraire a ce que j'imaginais. C'est pourquoi avec le copresident Les Republicains Andre Reichardt, conscients de la faiblesse du rapport, nous avons publie une note divergente pour contester les choix du rapporteur d'exclure toute question liee a l'islam. Cette note figure au rapport : http://www.senat.fr/rap/r14-388/r14-38812.html#toc897. Jean-Pierre Sueur a refuse d'examiner nos propositions concernant l'islam au motif de << hashtag pas d'amalgame >>. C'est pour combler les lacunes de ce rapport que j'ai demande et rapporte la mission sur l'organisation de l'islam qui repond aux questions auxquelles Jean-Pierre Sueur ne souhaitait pas repondre. Par ailleurs, il n'y a pas eu de course entre les deux assemblees, nous avions commence bien avant Charlie. Quand nous avons rendu notre rapport, en avril 2015, l'heure etait au consensus, pas aux querelles partisanes. Merci de rappeler la note divergente des senateurs UDI-UC et LR au rapport Sueur, et non Goulet, ainsi que mes nombreuses interventions lors du vote de ce rapport et amendements non retenus par le rapporteur, qui a la main et la plume dans ce genre de situation. Le travail a ete interessant, mais decevant. Il a ete complete par un rapport sur l'islam de France coredige par Andre Reichardt et moi-meme au sein d'une mission presidee par Corinne Feret, qui repond aux questions laissees en suspens par le rapport Sueur. ", "theme": "politique"}