{"id_art": "5cb5f85f454f479d476e5db682089861", "title": "Le president turc accuse l'Allemagne d'\"heberger des terroristes\"", "newspaper": "LePoint", "author": ["AFP"], "date_publi": "2016-11-03", "content": "Le president turc Recep Tayyip Erdogan a accuse jeudi l'Allemagne d'\"heberger des terroristes\", affirmant que Berlin refusait d'extrader des putschistes presumes que reclame Ankara depuis le coup d'Etat manque de juillet. \"En ce moment, l'Allemagne est devenue l'un des plus importants pays en ce qui concerne l'hebergement des terroristes\", a lance M. Erdogan dans un discours enflamme a Ankara. \"Vous allez rester dans l'histoire comme un pays qui accueille des terroristes\", a-t-il insiste. M. Erdogan a affirme que les autorites turques avaient transmis a Berlin plus de 4.000 dossiers de demande d'extradition apres le putsch manque du 15 juillet, sans obtenir de reponse favorable. Apres la tentative de coup d'Etat, les autorites turques ont lance de vastes purges dans l'armee, l'education et les medias, notamment, dont l'ampleur a suscite l'inquietude en Occident. La chanceliere allemande Angela Merkel a qualifie mercredi d'\"alarmantes\" les mesures prises par le pouvoir turc contre les medias, qualifiant de \"triste evolution\" l'arrestation de journalistes du quotidien d'opposition turc Cumhuriyet. \"Regardez-les. Ils se levent et nous font la morale: +Nous sommes preoccupes+, disent-ils. Eh bien, l'Allemagne, nous, c'est votre attitude qui nous preoccupe\", a replique M. Erdogan jeudi. Ankara accuse un predicateur musulman exile aux Etats-Unis, Fethullah Gulen, d'avoir fomente la tentative de coup d'Etat, ce que l'interesse dement categoriquement. M. Gulen dirige un reseau d'ecoles, d'ONG et d'entreprises baptise \"Hizmet\" (\"service\", en turc). Les autorites turques y voient une organisation terroriste qu'elles ont nommee FETO, pour \"Organisation terroriste des partisans de Fethullah\". Si M. Erdogan n'a pas precise qui etait concerne par les demandes d'extradition d'Ankara, nombre de proches du reseau de M. Gulen ont trouve refuge en Allemagne, selon les medias turcs. \"L'Allemagne est en train de devenir l'arriere-cour de FETO, cela nous preoccupe\", a declare M. Erdogan, qui a accuse Berlin de \"prendre sous son aile\" les membres du Parti des travailleurs du Kurdistan (PKK) et du Parti-Front revolutionnaire de liberation du peuple (DHKP-C), deux organisations classees \"terroristes\" par Ankara. \"Je l'ai toujours dit, les groupes terroristes sont comme des scorpions: ils finissent toujours par se retourner et par piquer ceux qui les portent sur leur dos\", a mis en garde le president turc. 03/11/2016 15:00:50 - Istanbul (AFP) - (c) 2016 AFP ", "theme": "monde"}