{"id_art": "833416f74bbe01b35e3cab42b5b264c4", "title": "Alerte terroriste a Bruxelles : le suspect inculpe pour \"fausse menace d'attentat\"", "newspaper": "LePoint", "author": ["Source AFP"], "date_publi": "2016-06-22", "content": " Apres avoir affirme qu'il avait ete enleve et depose a cote d'un centre commercial \"avec une ceinture d'explosifs\", l'individu a avoue avoir tout invente. L'homme qui avait declenche mardi une fausse alerte terroriste d'ampleur a Bruxelles en portant une ceinture explosive factice remplie de \"biscuits et de sel\" a ete inculpe de \"fausse menace d'attentat\", a indique mercredi le parquet de la capitale belge. Un juge d'instruction bruxellois a egalement decide de placer en detention provisoire l'homme de 26 ans, identifie par ses initiales \"J. B.\", a precise le parquet dans un communique. \"J. B.\" avait lui-meme contacte la police vers 5 h 30 (3 h 30 GMT) mardi, affirmant avoir ete enleve et avoir ete depose a proximite du centre commercial City 2, dans le centre de Bruxelles, \"avec une ceinture d'explosifs qui devait etre declenchee a distance par une tierce personne\". Un large perimetre de securite avait ete installe dans ce quartier proche de la gare du Nord et le Conseil national de securite s'etait reuni dans l'urgence autour du Premier ministre Charles Michel. Envoyes sur place, les demineurs ont rapidement etabli que sa ceinture artisanale ne recelait aucune substance explosive, contenant seulement \"du sel et des biscuits\". Apres une perquisition au domicile de sa mere, ou les enqueteurs ont decouvert \"du materiel ayant servi a la fabrication de ladite ceinture factice\", le suspect a \"reconnu avoir invente son enlevement\", selon le parquet. L'homme etait deja \"connu de la justice pour divers faits, y compris certains lies a des problemes psychiatriques\", avait egalement indique le parquet mardi. Trois mois apres les attentas du 22 mars (32 morts dans le metro et a l'aeroport de Bruxelles), l'alerte avait ete prise d'autant plus au serieux que le centre commercial en question faisait partie des sites mentionnes ces derniers jours dans les medias belges en tant que cible potentielle de nouvelles attaques. ", "theme": "europe"}