{"id_art": "bc561803f3815e1783d4f3ed0907a085", "title": "Turquie : deux journalistes de \"Vice News\" inculpes de \"terrorisme\"", "newspaper": "LePoint", "author": ["Source AFP"], "date_publi": "2015-08-31", "content": " Les deux journalistes sont accuses de \"participer a des activites terroristes\" pour le compte du groupe Etat islamique. Ils sont en attente de leur proces. Un tribunal turc a decide lundi de maintenir en detention deux journalistes britanniques travaillant pour Vice News, arretes la semaine derniere, les inculpant d'\"activites terroristes\". Les deux journalistes et leur traducteur irakien ont ete accuses par un tribunal de Diyarbakir, dans le sud-est en majorite kurde, de \"participer a des activites terroristes\" pour le compte du groupe Etat islamique (EI). Les trois hommes ont ete emmenes jusqu'a une prison de Diyarbakir, dans l'attente de leur proces. Aucun detail sur leurs liens presumes avec l'EI n'a filtre. Un quatrieme suspect, le chauffeur du groupe, a ete libere. Selon certaines informations, la police a arrete les journalistes apres avoir ete informee de leur presence dans la region, secouee par des violences entre les forces de securite turques et les rebelles kurdes, et a confisque les images qu'ils avaient prises. Les journalistes ont rejete les accusations portees a leur encontre, en presence de leurs avocats. Vice News, une chaine d'information sur Internet dont le siege est aux Etats-Unis, a identifie les deux journalistes comme etant Jake Hanrahan et Philip Pendlebury. La chaine a precise dans un communique que, selon certaines sources, ils avaient ete arretes pour avoir filme sans autorisation gouvernementale, mais qu'ils avaient ensuite ete \"accuses de soutenir le soi-disant Etat islamique\". Un porte-parole de Vice News a ajoute que les journalistes faisaient face a \"des accusations de terrorisme sans fondement\". Les journalistes s'etaient rendus dans le sud-est de la Turquie, region secouee par des violences depuis qu'Ankara a declenche fin juillet une \"guerre contre le terrorisme\" visant le groupe EI, mais surtout la guerilla kurde turque du Parti des travailleurs du Kurdistan (PKK). Amnesty International a appele a la liberation \"immediate\" des journalistes, qualifiant les accusations a leur encontre de \"scandaleuses et etranges\". \"C'est un nouvel exemple de la maniere dont les autorites turques suppriment les informations qui les embarrassent\", a estime Andrew Gardner, chercheur specialise sur la Turquie a Amnesty International. L'arrestation des journalistes survient dans un contexte de preoccupation croissante pour la liberte de la presse dans la Turquie du president Recep Tayyip Erdogan, ou des journalistes sont notamment vises par des procedures judiciaires pour des accusations d'insulte envers le pouvoir. \"Les autorites devraient proteger les journalistes qui font leur travail, au lieu de les baillonner\", a affirme Nina Orgianova, du Comite pour la protection des journalistes. ", "theme": "monde"}