{"id_art": "7adeb2ca99ce358727f31992b5114682", "title": "Terrorisme : une soeur de Fabien Clain placee en garde a vue", "newspaper": "LePoint", "author": ["Source AFP"], "date_publi": "2016-09-21", "content": " La soeur du djihadiste francais ainsi que son mari et leurs enfants ont ete interpelles mardi soir a l'aeroport de Roissy. Ils etaient de retour de Syrie. Elle est la soeur de l'un des veterans du djihadisme francais, et se trouvait, comme lui, en Syrie. Anne Clain a ete interpellee mardi soir avec son mari et leurs enfants a l'aeroport de Roissy en provenance de Turquie apres etre partis en zone irako-syrienne, a-t-on appris de sources policieres. Anne Clain et son second mari, Mohammed Amri, de nationalite tunisienne, ont ete places en garde a vue a la Direction generale de la securite interieure (DGSI) en compagnie du plus age de leurs enfants, un mineur de 16 ans. Selon ces sources et les premiers elements d'enquete, cette famille etait partie en Syrie avec des << velleites >> de se rendre << sur le theatre des operations >> en aout 2015. Ils ont ete interpelles par les autorites turques un an plus tard en juillet 2016 a la frontiere turco-syrienne et places en retention en Turquie. Le couple et leurs quatre enfants ont ete achemines vers la France, sous escorte, mardi soir et ont aussitot ete interpelles a leur descente d'avion pour etre interroges par la DGSI a son siege de Levallois-Perret (Hauts-de-Seine). Leurs trois autres enfants, mineurs egalement, ont pour leur part fait l'objet d'une mesure de placement, selon une source judiciaire. Fabien Clain, 37 ans, a enregistre le message sonore du groupe djihadiste Daech revendiquant les attentats du 13 novembre a Paris et Saint-Denis. La voix de son frere Jean-Michel a ete identifiee comme celle du chanteur entendu dans l'enregistrement. Les deux sont probablement en Syrie, selon les enqueteurs. Mohammed Amri, le mari d'Anne Clain, n'a rien a voir avec son homonyme belgo-marocain soupconne d'avoir aide dans sa cavale le suspect-cle des attentats de novembre a Paris Salah Abdeslam qui est ecroue en France depuis juillet 2016, ont aussi precise les sources. ", "theme": "societe"}