{"id_art": "3294dd0cff1fe269e86240a1bf3333ae", "title": "Menace terroriste: pour 65% des Francais, Hollande et Valls ne prennent pas \"tous les moyens necessaires\"", "newspaper": "LePoint", "author": ["AFP"], "date_publi": "2016-08-06", "content": "Deux Francais sur trois (65%) estiment que Francois Hollande et le gouvernement de Manuel Valls \"ne mettent pas en oeuvre tous les moyens necessaires a la lutte contre la menace terroriste\", un chiffre en forte hausse depuis janvier, affirme samedi un sondage Elabe pour Atlantico. Cette opinion est en hausse de 19 points par rapport au precedent sondage realise les 4 et 5 janvier apres les attentats du 13 novembre 2015, indique Elabe qui note que ces resultats \"marquent un tournant dans l'opinion publique\". 34% pensent a l'inverse qu'ils prennent tous les moyens necessaires, une opinion en baisse de 19 points. Seulement une majorite de sympathisants de gauche (67%, dont 74% des sympathisants socialistes, en baisse respectivement de 15 et 18 points par rapport a janvier) exprime un jugement positif. Les jugements negatifs atteignent 78% (+26) chez les sympathisants de la droite et du centre, dont 85% (+23) parmi les partisans des Republicains. Les sympathisants Front National sont les plus severes avec 95% d'opinion negative (+ 16 points). Par ailleurs, 77% des personnes interrogees affirme \"pas efficace\" la lutte menee contre la menace terroriste, soit une hausse de 24 points, contre 22% qui la trouvent \"efficace\" (en baisse de 25 points). Les sympathisants du Parti Socialiste sont les seuls a juger, a une courte majorite toutefois (55%, -28 points par rapport a janvier), que la politique menee par l'executif est efficace. A l'inverse, 94% (+28) des sympathisants LR et 97% (+20) de ceux du Front National jugent sa politique inefficace. 63% des partisans FN la jugent \"pas efficace du tout\", contre 35% pour la droite et le centre et 10% pour la gauche. Le sondage a ete realise par internet les 2 et 3 aout aupres de 1.000 personnes selon la methode des quotas. 07/08/2016 07:57:56 - Paris (AFP) - (c) 2016 AFP ", "theme": "politique"}