{"id_art": "4d86d2f1143cc83eac2cca9d27746ddf", "title": "Terrorisme: la justice europeenne maintient le Hamas sur la liste noire de l'UE", "newspaper": "LePoint", "author": ["AFP"], "date_publi": "2017-07-26", "content": "La Cour de justice de l'UE (CJUE)a decide mercredi de maintenir le mouvement islamiste palestinien Hamas, au pouvoir a Gaza, sur la liste des organisations terroristes de l'UE. Dans un arret, la Cour de justice a estime que le Tribunal de premiere instance de l'UE \"n'aurait pas du annuler le maintien du Hamas sur la liste europeenne des organisations terroristes et lui renvoie d'affaire\", selon un communique. 26/07/2017 09:51:14 - Luxembourg (AFP) - (c) 2017 AFP ", "theme": "monde"}