{"id_art": "46fea45a618f194ffb737198a16c6066", "title": "Les banques suisses tracent le microfinancement du terrorisme", "newspaper": "LePoint", "author": ["De notre correspondant à Genève, Ian Hamel"], "date_publi": "2015-11-24", "content": " Comment reperer le financement du terrorisme quand il passe par des \"money-transmitters\" ou des organismes de bienfaisance islamiques ? Votre fils est parti faire le djihad ? Vous prevenez la police. Celle-ci se mettra immediatement en relation avec la banque de votre enfant. Quelques heures plus tard, l'etablissement financier signale que le jeune homme a effectue un retrait en Turquie. Le Money Laundering Reporting Office Switzerland (MROS), le bureau de communication en matiere de blanchiment d'argent, previent le pays concerne et le djihadiste en herbe est arrete. C'est l'un des exemples donnes lors de la derniere conference de l'Association romande des intermediaires financiers (ARIF). Les financiers suisses, souvent accuses de ne pas etre particulierement regardants concernant l'argent depose par leurs clients fortunes, se montrent en revanche tres performants des qu'il s'agit de traquer l'argent du terrorisme. Les raisons ? Dans son rapport de juin 2015 sur les risques de blanchiment d'argent et de financement du terrorisme, l'Office federal de la police constate que la Suisse \"ne constitue pas une cible prioritaire pour des groupes terroristes\". Toutefois, la menace porte principalement \"sur le financement d'activites terroristes commises a l'etranger, mais utilisant le secteur financier en Suisse comme lieu de transition\". Pour la finance helvetique, pas question de noircir son image en fermant les yeux sur cette menace. Mais si les affaires de fraude fiscale et de blanchiment portent sur des sommes consequentes, celles liees au financement du terrorisme n'engrangent souvent que de tres petites sommes. \"La valeur mediane des valeurs signalees se situe autour de 250 francs suisses [230 euros]\", constate le rapport de la police federale. Meme si, pour un nombre limite de cas suspects, \"le montant implique depassait un million de francs suisses\". Pour memoire, en janvier dernier, les criminels qui ont frappe Charlie Hebdo puis l'Hyper Cacher ont fait appel a des \"money-transmitters\" pour accomplir leurs forfaits. En France, les salaries de ces organismes ne recoivent pas de formation pour deceler chez un jeune qui reclame un credit a la consommation un apprenti terroriste. Mais en Suisse, de tres nombreuses professions sont dorenavant soumises a la fameuse Loi sur le blanchiment d'argent (LBA). Pas seulement les banquiers et les gerants de fortune, mais aussi les assureurs, les avocats, les notaires, les responsables de maisons de jeux, de trafic de paiements (cartes de credit, cartes prepayees, argent electronique), les commercants de metaux precieux, etc. Une enquete recente menee par l'Association romande des intermediaires financiers (ARIF) montrait que la moitie de ses membres avait deja suivi un seminaire sur le financement du terrorisme, et que 62 % d'entre eux controlaient systematiquement l'Annexe 2 de l'Ordonnance du 2 octobre 2000 designant les personnes et entites liees a Oussama Ben Laden et a Al-Qaida. Cette ordonnance, remise a jour regulierement, publiee par le Secretariat d'Etat a l'Economie, est accessible par Internet. Elle donne les noms de personnes soupconnees d'etre liees au terrorisme, leurs dates de naissance, leurs differents pseudonymes. Le financement du terrorisme passe notamment par des organismes a but non lucratif, plus precisement par des \"organismes de bienfaisance islamiques a vocation nationaliste ou globaliste\". Le probleme, c'est que les fonds recoltes sont ensuite transferes et distribues a l'etranger a d'autres organismes et fondations qui ne sont pas sous le controle direct de l'organisme qui a initialement recolte les fonds ! La police federale cite le cas de fonds recoltes en Suisse, destines au depart a des orphelins dans une zone de conflit. L'argent est ensuite arrive entre les mains d'autres fondations locales. La procedure judiciaire n'a pas pu etablir que les fonds avaient ete utilises a d'autres fins que des fins humanitaires. \"Meme si les fondations en question sont reputees etre ideologiquement proches d'un mouvement politique engage dans des activites de type terroriste dans ladite zone de conflit.\" Consultez notre dossier : Special attentats de Paris ", "theme": "monde"}