{"id_art": "4a7354cf9d127f9223a6e7a6b0bedbb2", "title": "Terrorisme : Francois Hollande a Molenbeek pour combattre les cliches", "newspaper": "LePoint", "author": ["Source AFP"], "date_publi": "2017-11-20", "content": " Plusieurs des djihadistes responsables des attaques de Paris et Bruxelles etaient originaires de ce quartier. Les habitants veulent redorer l'image de la commune. Lundi, Francois Hollande, Charles Michel et le dessinateur Plantu ont tendu la main aux habitants de Molenbeek, commune a forte population immigree qui s'est sentie stigmatisee apres les attentats de Paris et Bruxelles : plusieurs assaillants djihadistes en etaient originaires. Aux yeux du monde entier, ce quartier defavorise limitrophe de la capitale belge a ete montre du doigt, apres les attaques du 13 novembre 2015 a Paris qui ont fait 130 morts, comme le << terreau du djihadisme >> en Europe, au grand dam des Molenbeekois. Une reputation renforcee au lendemain des attentats de l'aeroport et du metro de Bruxelles du 22 mars 2016 (32 morts) et qui continue de lui coller a la peau. Soucieux de combattre les cliches et de stimuler le dialogue entre communautes, Plantu, caricaturiste du quotidien Le Monde, a mis sur pied une exposition baptisee << Traits d'union >>, pronant le vivre ensemble via les dessins de presse, organisee a Molenbeek jusqu'au 30 novembre. On peut y voir notamment l'un de ses dessins parus juste apres les attentats de Paris, montrant un eveque, un imam et un rabbin qui dansent, abrites sous des parapluies dont le manche est un crayon, au milieu des gouttes, au-dessous de l'expression du philosophe stoicien grec Seneque: << Vivre ce n'est pas attendre que l'orage passe. Vivre c'est apprendre a danser sous la pluie. >> << Il etait tres important pour nous de revenir ici, de montrer qu'il y a des hommes et des femmes qui veulent vivre libres >>, a declare l'ex-president francais apres avoir rencontre de jeunes collegiens de cette commune populaire. << Je ne voulais pas que l'on dise Molenbeek, c'est la ville des terroristes. Non ! Molenbeek est peuplee d'hommes, de femmes et de jeunes qui veulent vivre en paix >>, a-t-il plaide. De son cote, Plantu qui a reussi dans cette meme exposition a montrer cote a cote des oeuvres du dessinateur belgo-israelien Michel Kichka et d'un Syrien refugie politique a Molenbeek Hossam Al Saadi a appele les jeunes a echanger, quoi qu'il arrive. Il a raconte que tres frequemment, lors de ses deplacements aupres de jeunes dans des quartiers defavorises, on lui disait : << Vos copains caricaturistes sont morts, c'est bien fait ! >> << Eh bien, je prefere entendre des betises que d'entendre des balles siffler >>, a-t-il explique. Decide a reconcilier les gens et surtout les jeunes avec les medias traditionnels, Plantu a convie des collegiens de Molenbeek avec qui il debattait a assister a une conference de redaction du Monde en decembre. Le Premier ministre belge Charles Michel a quant a lui insiste sur l'importance de << diffuser plus fortement les valeurs de democratie, respect, ouverture et tolerance >> dans les quartiers, se disant confiant de << l'enthousiasme des jeunes generations >>. J'etais ce matin a Molenbeek pour l'exposition de @CartooningPeace, laureate de @LaFrancesengage, avec @CharlesMichel, @plantu, @geluckofficiel et @pierrekroll. Merci aux jeunes habitants de ce quartier pour ce temps d'echange de qualite. pic.twitter.com/cKvtz3eVXI ", "theme": "societe"}