{"id_art": "e1dcee0a9cdda71a068adc8636750c8f", "title": "Pourquoi Olivier Corel n'a jamais ete condamne pour terrorisme", "newspaper": "LePoint", "author": [" Marc Leplongeon"], "date_publi": "2015-11-24", "content": " L'islamiste radical a ete place en garde a vue apres une perquisition administrative pour detention illegale d'un fusil de chasse. Il etait, dans les annees 2000, un des maitres a penser de Fabien Clain, revenu sur le devant de la scene ces derniers jours pour avoir revendique les attentats de Paris au nom du groupe Etat islamique. Gourou pour les uns, theologien de la pensee islamiste radicale pour les autres, Olivier Corel - << l'emir blanc >>, comme on l'appelle - avait ete mis en examen en 2007 dans le cadre du demantelement de la filiere << Artigat >>. Aux cotes des autres mis en cause, << l'emir blanc >> etait soupconne d'avoir incite des jeunes a partir en terre de djihad et d'avoir facilite leur depart en Irak. Apres une instruction de plusieurs mois menee par le juge Marc Trevidic, Olivier Corel avait finalement beneficie d'un non-lieu. Ce qui n'est pas le cas de ses comparses, qui avaient tous ete condamnes en juillet 2009 a une peine de prison ferme. LIRE aussi notre article Fabien Clain, la voix du djihad Mardi matin, l'homme, qui fetera ses 69 ans le 29 novembre, avait les gendarmes sur son perron. Les forces de l'ordre ont deploye un important dispositif pour mener des perquisitions administratives au siege de son association. L'homme a ensuite ete place en garde a vue, apres que les enqueteurs ont decouvert un fusil pour lequel il n'avait pas d'autorisation. Une saisie qui parait bien derisoire au regard du dispositif qui avait ete deploye. Mais les gendarmes ont certainement profite de l'etat d'urgence pour s'assurer qu'Olivier Corel n'etait pas en contact avec d'eventuels terroristes, et qu'il ne poursuivait pas ses activites proselytes au contact de jeunes de banlieue, comme il avait l'habitude de le faire il y a encore une dizaine d'annees. Et ce d'autant plus que son nom etait ressorti au moment de l'affaire Merah, une partie de la famille du tueur de Toulouse ayant ete en contact avec lui pendant plusieurs annees. En 2014, la justice a d'ailleurs fait verser la procedure << Artigat >> au dossier Merah, afin d'avoir une vision complete du reseau djihadiste toulousain. Un reveil de la filiere Artigat ? Les perquisitions menees chez Olivier Corel montrent que les enqueteurs craignent plus que jamais un reveil de la filiere << Artigat >>, connue pour avoir fourni a Daech quelques-uns de ses plus pires bourreaux. C'est au milieu des annees 2000 qu'Olivier Corel apparait pour la premiere fois dans le viseur des services de renseignements. En 2005, l'ambassadeur de France en Tunisie est ainsi destinataire d'un courrier anonyme l'avertissant qu'un certain Sabri Essid prepare des actes terroristes contre deux supermarches de Toulouse et contre la residence du consul americain a Lyon. L'homme est rapidement interpelle puis relache : rien ne permet d'etablir la veracite de ces projets. Les perquisitions menees par les enqueteurs vont cependant les amener a s'interesser de plus pres a Sabri Essid et a son entourage. Chez lui, sont en effet retrouves des dizaines de preches islamiques, certains a la gloire d'Oussama Ben Laden. La police investigue plusieurs mois jusqu'a identifier a Toulouse et dans ses environs un reseau salafiste, dont Olivier Corel semble etre le guide, le \"savant\". Parmi les membres du groupe, plusieurs radicaux et convertis du quartier du Mirail a Toulouse. En tete de gondole : les freres Clain, Jean-Michel et Fabien l'aine, qui enrole a tour de bras des jeunes pour les expedier en Irak. A tous, Olivier Corel dispense des cours de lecture du Coran et donne, de temps en temps, en petit comite, des informations sur le djihad. En fevrier 2007, une perquisition est menee chez lui. Les policiers decouvrent des images de Ben Laden et d'Abou Moussab Al-Zarquaoui, ex-chef d'Al-Qaida en Irak, a qui l'on doit plusieurs attentats et assassinats. Des livres, Pour la defense de l'Islam ou encore Le Jihad en Islam, sont egalement places sous scelles. Mais sa participation a la filiere n'est pas demontree. Alors que les autres sont extremement actifs et partent nouer des contacts a l'etranger, en Egypte, en Syrie ou encore en Belgique, << l'emir blanc >>, lui, se fait particulierement discret. Des islamistes, parmi les plus radicalises du coin, se bousculent pourtant chez lui. C'est par exemple le cas d'Abdelkader Merah, le grand frere de Mohamed. Dans sa ferme reculee, Olivier Corel celebrera meme le mariage spirituel entre la mere de Mohamed Merah et le pere de Sabri Essid. Sabri Essid, que l'on verra des annees plus tard dans une video de l'EI ordonner a un enfant d'abattre un otage. Interroge en garde a vue courant 2007, Olivier Corel cantonnera son role a celui de simple guide spirituel. Il est radical - << Tout musulman doit faire le djihad >>, lance-t-il aux policiers -, mais ce n'est pas un delit. Aucun de ses eleves ne le contredira. En l'absence de preuves le rattachant aux activites du reste du groupe, Olivier Corel beneficie d'un non-lieu le 11 fevrier 2009, en depit, note Marc Trevidic, de la << dangerosite potentielle >> de ses agissements. Il n'a jamais ete condamne. Consultez notre dossier : Special attentats de Paris ", "theme": "justice"}