{"id_art": "58f015952bacc9ca18f716ebdc7568cb", "title": "Marseille, le terroriste qui n'aurait pas du etre la", "newspaper": "LePoint", "author": [" Aziz Zemouri et Stéphane Sellami"], "date_publi": "2017-10-04", "content": " Le tueur de la gare Saint-Charles, delinquant tunisien en situation irreguliere, venait d'etre arrete pour vol. Et libere alors qu'il etait expulsable. \"Un copier-coller\", ironise un officier de la Direction generale de la securite interieure (DGSI). Les deux communiques diffuses par l'agence Amaq, relais de la propagande de l'Etat islamique, qui revendique la double tuerie de Marseille et le meurtre de masse de Las Vegas, sont presque identiques. << Ils ont mis Las Vegas a la place de Marseille, mais c'est presque le meme >>, confirme une autre source au sein du Service central du renseignement territorial. Si Daech felicite << son soldat de l'Etat islamique >> d'avoir repondu a son appel a Marseille, l'organisation terroriste... Deja abonne ? Pas encore abonne ? ", "theme": "societe"}