{"id_art": "fe1818ecf59f6a24638c5ee58d382785", "title": "Valls au Mali et au Burkina Faso, frappes eux aussi par le terrorisme", "newspaper": "LePoint", "author": ["AFP"], "date_publi": "2016-02-17", "content": "Manuel Valls se rend au Mali jeudi et vendredi et au Burkina Faso samedi, l'occasion d'echanges avec les autorites de ces pays recemment frappes par des attentats sanglants mais aussi de visites aux troupes francaises sur place. Le Premier ministre doit \"assurer de la permanence du soutien de la France\" au Burkina Faso et au Mali, touches par des attentats dans les capitales des deux pays, faisant 30 morts le 15 janvier a Ouagadougou, et 20 morts a Bamako le 20 novembre 2015, explique l'entourage de M. Valls. Il rencontrera le president malien Ibrahim Boubakar Keita des son arrivee a Bamako jeudi puis participera vendredi soir a un diner organise par la presidence malienne. A Ouagadougou, il s'entretiendra samedi matin avec le president Roch Marc Christian Kabore. M. Valls devrait egalement exprimer sa \"reconnaissance a tous ceux, membres des forces de securite comme des services de secours, civils, representants de la France et de la communaute internationale qui ont participe a la gestion de la crise et s'investissent au quotidien pour porter assistance aux gouvernements et peuples de la region\", a precise Matignon. Une rencontre avec les communautes francaises au Mali et au Burkina sont prevues, ainsi qu'un hommage rendu aux victimes francaises de l'attentat de Ouagadougou samedi. La France est extremement attendue, cette visite a une dimension militaire et une dimension developpement\", ajoute l'entourage du Premier ministre, rappelant que l'aide au developpement annuelle de la France au Sahel s'eleve a 500 millions d'euros. Cote militaire, M. Valls se rendra a Gao, la plus grande ville dans le nord du Mali ou sont stationnees des troupes francaises de l'operation Barkhane engagee contre les groupes armes islamistes au Sahel. - Formation et renseignement - L'operation Barkhane mobilise 3.500 hommes pour lutter \"contre le terrorisme\" et s'etend sur une zone couvrant cinq pays: Mauritanie, Mali (environ 1.300 hommes), Niger, Tchad et Burkina Faso. Elle est dirigee depuis un poste de commandement unique stationne a N'Djamena. Elle a pour objectif d'une part d'\"organiser la cooperation regionale entre les pays partenaires de la France, mais aussi de neutraliser les terroristes et de limiter leur flux a partir de la frontiere saharo-sahelienne vers le sud\", a precise Matignon. Une grosse partie de l'action consiste en un travail de renseignements sur le terrain, afin de contenir la menace jihadiste. A Gao, le premier ministre doit participer a un hommage aux sept casques bleus victimes, dont une femme (les deux autres femmes etant blessees), d'une attaque meurtriere a Kidal vendredi, revendiquee par le groupe jihadiste malien, Ansar Dine. Parallelement, M. Valls rencontrera a Bamako vendredi le commandant de la mission de formation de l'Union europeenne au Mali (EUTM Mali) et Mahamat Saleh Annadif, le chef de la Minusma, la force onusienne venue renforcer l'armee malienne. L'EUTM Mali assure une mission de formation des soldats maliens dont ont beneficie depuis 2013 selon Matignon quelque 7.000 militaires. Elle comprend des troupes de 26 Etats differents. Le chef du gouvernement sera accompagne du ministre de la Defense Jean-Yves Le Drian, ainsi que du depute socialiste Francois Loncle, president du groupe d'amitie France-Burkina et du depute socialiste Razzy Hammadi, president du groupe d'amitie France-Mali. Manuel Valls s'etait deja rendu au Tchad et au Niger en novembre 2014, ou il avait rencontre les troupes francaises. 17/02/2016 14:10:28 - Paris (AFP) - (c) 2016 AFP ", "theme": "politique"}