{"id_art": "5825283a47cb2d16592c11c48b92bcf2", "title": "Terrorisme : Farid Melouk, djihadiste au \"carnet d'adresses phenomenal\"", "newspaper": "LePoint", "author": [" Le Point.fr"], "date_publi": "2016-03-14", "content": " Ancien proche de Djamel Beghal et de Cherif Kouachi, l'homme aurait egalement cotoye Abdelhamid Abaaoud, selon une information de Mediapart. Et si Farid Melouk etait le trait d'union entre les attentats de janvier et ceux de novembre 2015 ? Auditionne en fevrier par la commission d'enquete de l'Assemblee nationale sur les filieres djihadistes - il avait notamment enquete sur la premiere filiere afghane en 2000 -, le juge d'instruction Marc Trevidic s'etait inquiete que d'anciens terroristes reprennent << du service >>. Et le magistrat de citer Farid Melouk, de retour aux affaires en Syrie : << Il etait a la tete d'un tres important reseau d'acheminement de djihadistes. (...) Ces anciens ont un carnet d'adresses phenomenal, en France et en Belgique. >> Faussaire, logisticien, et ancien financeur des Groupes islamiques armes (GIA) dans les annees 1990, Farid Melouk, dit le Chinois, avait pris la fuite vers l'Afghanistan apres les attentats de Saint-Michel en 1995. Condamne en son absence, le terroriste ne se fera interpeller en Belgique que trois ans plus tard, en 1998, apres un sejour en Croatie : << J'etais parti en tant qu'humanitaire aupres d'une association d'une mosquee de Venissieux >>, racontera-t-il a la sous-direction antiterroriste (Sdat), selon des propos rapportes par Mediapart. Arrete a Verviers apres un echange de tirs avec les forces de l'ordre, il ecopera de 9 ans de prison devant la cour d'appel de Bruxelles. En detention, il rencontre plusieurs protagonistes des filieres tchetchenes et afghanes, avant de se lier d'amitie avec Djamel Beghal, condamne pour avoir fomente un projet d'attentat contre l'ambassade des Etats-Unis en France. C'est Farid Melouk que l'on voit en 2010 sur des photographies prises dans le Cantal par les services de renseignements, aux cotes de Djamel Beghal et de Cherif Kouachi, lors de randonnees dans la foret et d'entrainements de football, comme Le Point.fr l'expliquait des le 8 janvier 2015, le lendemain de l'attentat contre Charlie Hebdo . C'est lui qui, lorsque Djamel Beghal se fera arreter pour avoir tente de faire evader de prison Smain Ait Ali Belkacem (artificier des attentats de 1995), demenagera ses effets personnels. C'est lui, enfin, que mariera religieusement Djamel Beghal a sa sortie de prison... Farid Melouk se fait ensuite oublier avant de refaire son passeport en octobre 2012, selon Mediapart. Il part alors pour la Syrie, fait venir femme et enfants, monte un camp d'entrainement au maniement des armes. Il est aujourd'hui une des cibles prioritaires de l'antiterrorisme francais. Et ce, d'autant plus qu'une image tres troublante a ete trouvee dans le portable d'Hasna Ait Boulahcen, la cousine d'Abdelhamid Abaaoud, morte dans l'assaut de Saint-Denis. Dans la memoire du telephone : une photographie d'Abdelhamid Abaaoud, grand sourire, aux cotes d'un homme portant une longue barbe blanche. Selon Mediapart, il pourrait s'agir de Farid Melouk : << Sollicites, d'anciens agents de renseignements et des magistrats ayant enquete sur Melouk ou l'ayant eu dans leurs bureaux ont tous confirme, sans toutefois pouvoir, bien sur, le certifier a 100 %, que la photo exhumee par Mediapart etait criante de ressemblance, selon l'expression de l'un d'eux. >> ", "theme": "societe"}