{"id_art": "254956ae47673426c57188b107473f07", "title": "AU TRIBUNAL DE L'INTERNET ! Faut-il associer les entreprises privees a la lutte contre le terrorisme ?", "newspaper": "LePoint", "author": [" Laurence Neuer, Anne-Sophie Jahn", "Laurence Neuer", "Laurence Neuer"], "date_publi": "2016-01-11", "content": " VIDEO. Encourager l'innovation privee pour lutter contre le terrorisme ? Utile pour les uns, c'est une boite de Pandore pour les autres. A vous de juger ! Dans quelques jours, un << hackathon >> rassemblera a Paris des medias sociaux, start-up, associations et autres acteurs de la societe civile autour d'une mission : << trouver des idees nouvelles sur la prevention, le signalement et la gestion de crise >>, a indique Jean-Louis Missika, adjoint charge du developpement economique et de l'attractivite a la Mairie de Paris. Cette initiative est nee apres les attentats du 13 novembre 2015 durant lesquels des milliers de Parisiens se sont mobilises et ont pu s'entraider sur les reseaux sociaux. Le hashtag #PorteOuverte de Twitter a ainsi permis aux riverains d'accueillir des passants. Le message << Je suis en securite >> adresse via l'outil Safety Check de Facebook a pu rassurer les proches de nombreuses personnes presentes sur les lieux des attentats. Cette implication tres forte de la societe civile dans la gestion de crise, grace aux outils numeriques, a montre que l'innovation privee pouvait epauler efficacement les autorites pour detecter des comportements suspects ou mieux identifier les contenus lies au terrorisme. Une cooperation << public-prive >> faciliterait aussi le travail des enqueteurs et permettrait sans doute de sauver des vies en cas d'alerte... D'un autre cote, leur confier une telle tache, c'est ouvrir la boite de Pandore d'une surveillance de tous par tous, d'un profilage plus cible... Comment s'assurer que des entreprises privees, mues par les lois du marche et deja decriees pour leurs pratiques attentatoires aux libertes, ne feront pas un usage detourne de ces prerogatives en s'arrogeant des pouvoirs quasi regaliens ? Faut-il encourager l'innovation privee pour s'armer contre le terrorisme ? ... mais apres avoir regarde le 34e episode de la serie << Au tribunal de l'Internet ! >> dans lequel nos deux expertes, Myriam Quemener et Christiane Feral-Schuhl, plaident le << pour >> et le << contre >> en... trois minutes ! ", "theme": "justice-internet"}