{"id_art": "3e06f8d3b10684c7565a7fd3a60374c8", "title": "Terrorisme : \"En France, on n'a pas vu les choses arriver\"", "newspaper": "LePoint", "author": [" Marc Leplongeon"], "date_publi": "2016-04-29", "content": " Invite du forum TAC, Hubert Bonneau, commandant du GIGN, n'a pas manie la langue de bois. Son constat est a la fois accablant et inquietant. << Une tuerie rapide, un retranchement long, une issue qui est toujours la meme : la mort. >> Le colonel Hubert Bonneau, commandant du GIGN, n'a pas mache ses mots vendredi pour resumer les attentats terroristes qui ont endeuille la France. Le gendarme etait invite en cloture du forum Technology Against Crime (TAC) de Lyon. Une intervention publique extremement rare pour cet homme connu pour son franc-parler, et qui n'a une nouvelle fois pas deroge a la regle : << Les groupes terroristes profitent d'une veritable faiblesse de nos democraties. J'ose le dire, a-t-il lance. Ce sont des gens qui travaillent pour plonger la population, par leurs actions, dans la sideration. On a des gens qui agissent avec peu de materiel, peu de technologie et qui s'autofinancent. L'argent ne vient pas du Moyen-Orient, il vient de Cofidis et de Cetelem. >> Et le commandant du GIGN de souligner un << rapport cout-efficacite >> absolument << terrible pour nous >>. << A Sousse, un type a abattu trente Occidentaux sur une plage. Le resultat ? C'est la faillite de la Tunisie. L'Etat coule. C'est l'economie qui est visee. >> Selon le colonel, << ca peut taper n'importe ou, n'importe quand, sachant qu'on attaque des cibles molles, pas renforcees >>. Le << champ des possibles est tres vaste >>, a-t-il ajoute. << On tue a l'arme blanche, a la kalachnikov, a l'explosif. Il n'y a sur le moment aucune revendication. Des qu'il y a reponse des forces de l'ordre, les tueries s'arretent. Aucune tuerie ne depasse cinquante minutes. >> Ce n'est que lorsque l'operation debouche sur des morts que l'organisation terroriste la revendique : << Les franchises agissent et la marque recupere l'ensemble quand ca fonctionne, c'est ca, le solo djihad. [...] On s'est trompes sur la definition du loup solitaire. >> Une fois la fusillade terminee, celui qui tient bon face aux troupes d'elite cherchant a le neutraliser est ensuite glorifie sur les reseaux sociaux : << Quand on resiste trente-six heures a un Etat [comme Mohamed Merah l'a fait a Toulouse, NDLR], c'est imparable : on devient un heros. >> << Faut etre honnete, faut etre clair : on n'a pas vu en France les choses arriver, a critique Hubert Bonneau. Malgre les attentats de Londres et de Madrid, malgre les evenements en Afghanistan, au Pakistan, etc. >> Si on ne les a pas vus, c'est parce que cela << se passait loin de chez nous >>, a-t-il precise. Pour le patron du GIGN, les attentats visent deux objectifs : rassembler la communaute et << frapper l'ennemi, qu'il soit proche ou lointain >>. << La cible numero un est la France. Je mets de cote Israel, qui est hors categorie >>, a-t-il ironise. << Ces terroristes vont rechercher un 11 Septembre 2.0. [...] On est passe d'une entreprise centralisee et secrete a, aujourd'hui, une entreprise decentralisee qui marche sous forme de franchise. Leur strategie est en place depuis longtemps. Ceux qui passent a l'acte en France sont ceux qui sont capables d'evoluer facilement dans nos societes >>, a-t-il conclu. Le colonel s'est egalement exprime sur la propagande et les moyens de communication des terroristes. Ils se sont appuyes sur Internet, << mais pas forcement sur les reseaux cryptes, tout est ouvert >>, a continue Hubert Bonneau. Et le grade de repeter : << Tout est ouvert, c'est imparable. Aujourd'hui, on a des reseaux Twitter, Instagram ou encore Telegram, qui est un reseau russe crypte qu'on ne controle pas. Vous pouvez recevoir un message Telegram directement dans votre telephone qui vous dira : Dans trois minutes sort sur tel et tel site internet le dernier numero d'Inspire [la revue d'Al-Qaida, NDLR]. Vous n'avez qu'a cliquer . Qu'est-ce que vous faites ? Vous ne pouvez pas bloquer autant de sites internet en si peu de temps. Les vieux, vous ne vous en rendez pas compte ! Mais les jeunes ? [...] C'est tres facile d'avoir sur son telephone des videos de decapitation. >> Le colonel s'alarme de la force de frappe de ces revues terroristes : << En septembre 2015, le numero 14 d'Inspire a fait un retour d'experience des attentats de janvier. C'etait remarquable et tres interessant : on a cinquante pages qui disent ce qui a ete bien fait et ce que les Kouachi et Coulibaly ont mal fait ou n'auraient pas du faire. En substance, le magazine dit : Pour l'avenir, voila ce qu'on vous propose. [...] Inspire, c'est le petit marmitton.com du terrorisme : comment creer des grenades, confectionner des armes, etc. >> Fataliste, le haut grade de la gendarmerie reconnait tout de meme que l'on ne peut pas, en France, << decider de tout ce qui se passe >>. << On est en democratie, pas en Coree du Nord. Il suffit de regarder a quel point c'est difficile pour nous de bloquer des sites internet, et pour les Americains d'obtenir des cles de chiffrage [allusion a l'affaire San Bernardino dans laquelle le FBI a assigne Apple en justice, NDLR]. >> Pour Hubert Bonneau, le probleme ne trouvera une solution que sur la scene internationale : << Il faut accepter de s'inscrire dans le temps long. Aujourd'hui, il n'y a pas une guerre de l'avant en Syrie, une guerre de l'arriere en Europe. Tout est global. N'oubliez pas qu'apres les attentats de Bamako et de Ouagadougou les revendications ne visaient pas le Burkina ou le Mali, elles visaient la France. Ce sont nos interets qu'on vise. >> Et le chef du GIGN de pointer du doigt la proliferation de ces groupes un peu partout sur le continent africain. << Le contexte international est tres defavorable. La baisse du prix de l'hydrocarbure impacte directement les choses. Nous, on est peut-etre contents. Mais l'Algerie a consacre deux ans de reserve financiere pour garantir le prix des denrees alimentaires de base. >> Une remarque contestee par le representant d'Interpol Algerie, present dans la salle. Qu'importe, le message que veut faire passer Hubert Bonneau, c'est qu'un appauvrissement de la population peut jouer en faveur des groupes terroristes qui sauront recruter les plus faibles et jouer sur les peurs. << L'Algerie, dans les annees 90, on a vu ce que ca a donne. Il y a des terreaux de terrorisme partout. Regardez ce qui se passe en Afrique : Boko Haram, Aqmi, les shebabs de Somalie... >> Un bon point, tout de meme, dans ce discours tres pessimiste : << Les echanges internationaux se font tres regulierement >>, a-t-il assure. << L'annee derniere, apres les attentats du mois de janvier, la Belgique a fait appel a la France dans le cadre d'une operation a Verviers. L'idee des terroristes etait d'enlever une haute autorite belge et de la decapiter en direct pour mettre les images sur les reseaux. Le GIGN est intervenu en Belgique, il y a eu une demande de cooperation internationale qui a fonctionne. >> Mais le commandant, dans une ultime sortie, de rappeler : << Sur les attentats en France, a part quelques personnages en novembre, tous ceux qui agissent sont francais. [...] C'est avant tout une problematique de securite interieure. C'est quelque chose qui nous a beaucoup surpris. >> En debut d'intervention, Hubert Bonneau avait affirme : << Je ne fais pas de politique, moi. >> On n'a pas ete decu. ", "theme": "societe"}