{"id_art": "a1e07ab0a1ee095801114479baf62d45", "title": "Menace terroriste : un Francais arrete aux Pays-Bas", "newspaper": "LePoint", "author": ["Source AFP"], "date_publi": "2016-03-27", "content": " Age de 32 ans, Anis B. a ete arrete a la demande des autorites francaises et sera livre a la France \"sous peu\", a indique le parquet national. Dimanche, Anis B., un Francais de 32 ans, ne a Montreuil et domicilie dans le Val-de-Marne, a ete interpelle a Rotterdam (Pays-Bas). Cet homme, qui a sejourne en Syrie, est soupconne d'avoir ete mandate par l'organisation jihadiste Etat islamique (EI) pour commettre un attentat en France avec Reda Kriket, a indique une source policiere. Un mandat de recherche avait ete emis par la France a l'encontre de ce natif de la region parisienne le 24 decembre 2015 pour association de malfaiteurs en relation avec une entreprise terroriste, selon la meme source. \"Les autorites francaises ont demande vendredi l'arrestation de ce Francais\" qui est suspecte \"de preparation d'un attentat terroriste\", avait indique le parquet neerlandais plus tot dans un communique. L'homme sera livre a la France \"sous peu\", a ajoute le parquet, sans preciser si l'homme etait concerne par les attentats de Paris ou non. Cela peut prendre \"plusieurs jours\", a precise a l'Agence France-Presse le porte-parole du parquet, Wim de Bruin, refusant de fournir des details sur le suspect: \"il s'agit d'une enquete francaise\", a-t-il ajoute. L'interpellation a eu lieu dans le quartier de Rotterdam-Ouest. La police neerlandaise y a egalement arrete trois autres suspects, dont deux hommes de 43 et 47 ans d'origine algerienne, dans le cadre d'une enquete neerlandaise. Aucun detail n'est encore connu sur la troisieme personne interpellee, a souligne le parquet. Les logements des suspects, situes dans deux rues distinctes de ce quartier, ont ete fouilles. Plusieurs maisons alentour ont ete evacuees \"par precaution\", a ajoute la meme source. Deux perquisitions sont toujours en cours. Dimanche soir, le ministre de l'Interieur Bernard Cazeneuve, soulignant de nouveau le \"contexte de menace tres elevee\" en France, s'est felicite dans un communique de \"la cooperation\" avec les partenaires europeens dans cette enquete. ", "theme": "europe"}