{"id_art": "9590aef7253229493640ea3f4318e0ef", "title": "Raoult - Le terrorisme, c'est les autres", "newspaper": "LePoint", "author": [" Didier Raoult", "Didier Raoult", "Didier Raoult"], "date_publi": "2016-01-20", "content": " L'ONU a cherche a definir le terrorisme. Elle n'y est pas parvenue. Mais elle a defini ce qui en favorise l'eclosion. Une lecon pour nos gouvernants. Pendant la guerre, ma famille de resistants fut poursuivie pour terrorisme. Qu'est-ce donc que le terrorisme ? Le regne de la terreur qui lui a donne son nom est issu de la France revolutionnaire. Il s'agit la de terrorisme d'Etat. Toutefois, la terreur est utilisee depuis toujours par les armees du monde entier pour soumettre les populations, Alexandre le Grand, Gengis Khan ou le Turco-Mongol Tamerlan en sont des exemples celebres. Le XXe siecle n'en fut pas avare avec les nazis, les sovietiques, mais aussi les Anglais qui pilonnerent des villes entieres pour decourager les civils allemand... Deja abonne ? Pas encore abonne ? ", "theme": "invites-du-point/didier_raoult"}