{"id_art": "930a78282b567115f4ba2acca93d76de", "title": "Mireille Delmas-Marty : \"Le terroriste, c'est toujours l'autre\"", "newspaper": "LePoint", "author": ["Propos recueillis par Sophie Pujas"], "date_publi": "2016-07-22", "content": " Pour la professeur emerite au College de France, il est temps que les Etats s'accordent sur une definition du terrorisme. Pour mieux y repondre. Le Point : Faut-il prolonger l'etat d'urgence ? Mireille Delmas-Marty : S'il se prolonge pendant des mois, l'etat d'urgence se banalise et les mesures administratives, telles que perquisitions et assignations a residence, qu'il autorise sans l'aval d'une autorite judiciaire, perdent leur efficacite. L'etat d'urgence devient signe de l'impuissance de l'Etat. Justifie apres les attentats de novembre 2015, l'etat d'urgence n'aurait pas du etre prolonge si longtemps. Le rapport de la commission d'enquete parlementaire montre... Deja abonne ? Pas encore abonne ? ", "theme": "societe"}