{"id_art": "4c3e7e5250d576ef7c9c0d7991d988f9", "title": "A Paris, des imams lancent une \"marche des musulmans contre le terrorisme\"", "newspaper": "LePoint", "author": ["AFP"], "date_publi": "2017-07-08", "content": "Des imams francais, mais aussi venus d'autres pays europeens, ont lance samedi a Paris une \"marche contre le terrorisme\" qui doit les mener en Allemagne et en Belgique, appelant a \"ne pas associer les musulmans aux crimes commis au nom de l'islam\". Ils ne sont qu'une trentaine au depart des Champs-Elysees, \"symbole de l'union nationale\" et theatre d'un recent attentat jihadiste, mais esperent \"lancer un mouvement d'ampleur en Europe\", ont-il explique a la presse. \"Notre message est clair: on ne peut pas associer l'islam a ces barbares et ces assassins\" qui tuent au nom d'Allah, a declare l'imam Hassen Chalghoumi, a l'initiative de cette marche, soutenue par l'intellectuel Marek Halter. Entoure d'une trentaines d'imams venus de differentes regions de France mais aussi d'Italie, du Portugal ou de Belgique, il a appele \"la societe civile a la mobilisation\" alors que les attentats jihadistes ont fait ces dernieres annees des centaines de victimes en Europe et que \"7.000 jeunes sont partis en Irak ou en Syrie\". Connu pour ses prises de position contre l'islam integriste et ses rapports d'amitie avec la communaute juive, qui lui valent critiques et menaces, l'ancien imam de Drancy (banlieue nord de Paris) est largement rejete par les responsables musulmans. Interroge sur l'absence de fideles au lancement de cette \"marche des musulmans\" et sur le rejet de son initiative par le Conseil francais du culte musulman (CFCM, organe representatif et premier interlocuteur du gouvernement), M. Chalghoumi a \"refuse d'entrer dans une polemique\", relevant qu'il fallait interroger les motivations de ceux qui \"critiquent l'initiative d'une marche contre les barbares\". L'imam de Lisbonne, David Munir, a lui salue \"une initiative historique en Europe\": \"Certains personnes commettent des crimes au nom de l'islam, nous sommes ici pour dire +pas en notre nom+. Pas pour dire que l'islam est une religion de paix, ce que vous savez, mais pour dire que nous cherchons ici notre identite, une identite europeenne\". Cette \"marche\" debute et s'achevera (le 14 juillet) en France, ou vit la plus importante communaute musulmane d'Europe avec plus 3,5 millions de membres. La delegation d'imams se rendra en car dans differents lieux marques par des attentats: Berlin, Bruxelles, Saint-Etienne-du Rouvray, Toulouse et Nice. 08/07/2017 13:46:56 - Paris (AFP) - (c) 2017 AFP ", "theme": "societe"}