{"id_art": "80f78b6a70eaf8474a8b39c84b37432a", "title": "Victimes du terrorisme : les assurances davantage taxees", "newspaper": "LePoint", "author": ["Source AFP"], "date_publi": "2016-10-19", "content": " La taxe sur les contrats passera de 4,3 a 5,9 euros. Cette hausse va rapporter \"140 millions d'euros par an\", annonce Juliette Meadel. Le fonds de garantie qui indemnise les victimes du terrorisme (FGTI) va obtenir davantage de ressources. La taxe sur les contrats d'assurance qui le finance va passer de 4,30 a 5,90 euros, a annonce mercredi la secretaire d'Etat chargee de l'Aide aux victimes, Juliette Meadel. Cela << permet de stabiliser les ressources du fonds >>, a explique Juliette Meadel sur France Info, confirmant que l'Etat se portera garant des ressources du fonds. A la demande de la secretaire d'Etat, le FGTI va aussi publier << un referentiel sur l'indemnisation >>, c'est-a-dire une << sorte de bareme >>, indiquant quelle somme d'argent peut percevoir une victime en fonction de son prejudice, a precise Juliette Meadel. Cette transparence etait souhaitee par les associations de victimes. << Ca va rapporter 140 millions d'euros par an, ce qui va permettre de ne pas puiser dans les reserves du fonds >>, a-t-elle poursuivi, confirmant que l'Etat se porterait garant des ressources du fonds, comme l'avait declare Francois Hollande lors d'une ceremonie en hommage aux victimes, le 19 septembre. Le president de la Republique avait alors annonce une reforme du systeme d'indemnisation des victimes du terrorisme, assurant que les ressources du Fonds seraient << revues en consequence >>. La question des moyens du FGTI, qui indemnise les personnes blessees, physiquement ou psychologiquement, ou les ayants droit de personnes decedees lors d'attentats, avait ete posee apres la serie d'attaques djihadistes qui ont touche la France depuis 2015 et fait au total 238 morts. << En deux ans, il a ete sollicite plus que depuis sa creation >>, en 1986, a souligne Juliette Meadel. Cree en 1986, le FGTI est finance par une contribution de 4,30 euros prelevee sur chacun des 80 millions de contrats d'assurance de biens signes en France (auto, habitation, etc.). Cette taxe avait ete rehaussee pour la premiere fois (3,30 euros precedemment) depuis plus de dix ans par un arrete du 30 octobre 2015 afin d'augmenter les ressources du fonds. Le niveau maximum prevu par la loi est de 6,50 euros. ", "theme": "societe"}