{"id_art": "1cb25b855a3d1295bacd752bd89d4335", "title": "Attentats en Espagne: la cellule aurait fabrique 100 kilos de TATP", "newspaper": "LePoint", "author": ["AFP"], "date_publi": "2017-09-14", "content": "La cellule responsable des attentats a Barcelone et Cambrils, qui ont fait 16 morts les 17 et 18 aout, voulait utiliser 100 kilos de TATP repartis dans trois camionnettes pour mener ses attentats, a affirme jeudi un quotidien catalan. Selon El Periodico de Catalunya, c'est ce qu'aurait explique a la justice Mohamed Houli Chemlal, seul survivant de l'explosion de la maison ou la cellule confectionnait des explosifs, a Alcanar (200 kilometres au sud-ouest de Barcelone). Interroge par la presse, le ministre de l'Interieur Juan Ignacio Zoido a refuse de confirmer l'information, couverte par le secret de l'instruction, de meme que les sources judiciaires consultees par l'AFP. Selon son recit au juge en charge du dossier mentionne par le quotidien, l'explosion s'est produite quand les membres de la cellule presents dans la maison avaient atteint la phase finale, de sechage, de preparation de l'explosif, qu'ils voulaient repartir dans 20 sacs de cinq kilos repartis dans trois vehicules pour les faire exploser a proximite de monuments. Cela representerait une quantite beaucoup plus importante que celles saisies habituellement par les forces de police en Europe dans le cadre d'operations antiterroristes, qui depassent rarement quelques kilos. Apres les attentats-suicide a l'aeroport de Bruxelles en mars 2016, les enqueteurs avaient retrouve 15 kilos de cet explosif instable en perquisitionnant un appartement. Le TATP (triperoxyde de triacetone), surnomme la \"mere de Satan\", est prise des jihadistes du groupe Etat islamique (EI), car il peut etre fabrique a partir d'ingredients trouvables dans le commerce. Il avait ete utilise entre autres lors des attentats de Paris en novembre 2015, de Bruxelles en mars 2016 ou de Manchester en mai 2017. Dans la villa detruite, \"le sol du premier etage etait totalement occupe par la substance en cours de sechage\", selon le quotidien. Les enqueteurs y avaient retrouve plus de 100 bombonnes de butane, mais ne savent toujours pas ce que la cellule dirigee par l'imam Abdelbaki Es Satty, mort dans l'explosion, comptait en faire, selon le quotidien. Les 17 et 18 aout, le double attentat a Barcelone et Cambrils a l'aide de vehicules-beliers, revendique par l'EI, avait fait 16 morts et plus de 120 blesses. Huit membres de la cellule soupconnee d'avoir ourdi ces attentats sont morts. Deux hommes - dont Mohamed Houli Chemlal - sont en detention provisoire en attendant d'etre juges a Madrid, et deux autres en liberte surveillee. 14/09/2017 15:40:47 - Madrid (AFP) - (c) 2017 AFP ", "theme": "monde"}