{"id_art": "f82c692584085297519d0f7a0aebce5c", "title": "Terrorisme : Juppe veut \"une vraie politique commune\" europeenne", "newspaper": "LePoint", "author": ["Source AFP"], "date_publi": "2016-03-24", "content": " Dans un billet publie sur son blog, l'ancien Premier ministre reclame des \"mesures fortes pour faire face a cette nouvelle situation\". Solidaire avec la Belgique apres les attentats de Bruxelles, Alain Juppe a appele, jeudi, a << une vraie politique commune >> de l'Union europeenne contre le terrorisme. << Je veux temoigner toute ma solidarite au peuple belge, au gouvernement federal et a la couronne de Belgique >>, ecrit Alain Juppe jeudi, dans un billet publie sur son blog, deux jours apres les attentats (31 morts, 300 blesses). L'ancien Premier ministre, qui refuse de << ceder a la simplification excessive, a la stigmatisation de l'autre >>, reclame << une vraie politique commune et efficace contre le terrorisme >> et l'adoption de << mesures fortes pour faire face a cette nouvelle situation >>. Le favori des sondages pour la primaire a droite en vue de 2017 souhaite, << au niveau national >>, << l'analyse approfondie du role des services de renseignements, de justice et de police de facon a pouvoir reellement coordonner le travail de ces trois entites entre elles >>. Il prone de << permettre la simplification des echanges et (de) favoriser la circulation des informations entre les differents services >>. La France doit decreter << la mobilisation integrale des forces disponibles en matiere de renseignement territorial >>, proceder a << la creation d'une structure operationnelle de commandement unifiee des forces de securite interieure et des forces armees >>, ainsi qu'au << recrutement de personnels qualifies correspondants aux besoins cibles >>, ajoute le maire de Bordeaux. << Au plan europeen >>, Alain Juppe reaffirme son souhait de << refonder l'espace Schengen >> pour une << politique commune de controle >> des frontieres, << l'adoption rapide du PNR >>, un fichier europeen des donnees personnelles des voyageurs aeriens reclame par la France mais bloque pour l'instant au Parlement europeen, et << l'harmonisation des legislations antiterroristes des 28 pays de l'UE pour permettre des reponses judiciaires communes >>. Alain Juppe souhaite egalement << faciliter l'interconnexion sur les plans techniques et juridiques de tous les fichiers permettant la tracabilite des personnes suspectes dans l'espace de l'UE >> et << renforcer les plateformes d'echanges de donnees policieres et judiciaires >>. << L'heure n'est pas a la critique mais a la mobilisation contre un ennemi qui est d'autant plus determine a frapper notre territoire et notre population qu'il perd de ses forces sur son terrain d'origine >>, conclut l'ancien Premier ministre. ", "theme": "politique"}