{"id_art": "a51eff36a5f3d855aa8da43ffd7f8ff7", "title": "Menace terroriste : un mineur de 15 ans arrete a Paris", "newspaper": "LePoint", "author": ["Le Point.fr (avec AFP)"], "date_publi": "2016-09-11", "content": " Le soupconnant de pouvoir passer a l'acte, les policiers ont arrete le jeune homme de 15 ans dans le 12e arrondissement, ou il etait assigne a residence. Elijah, un adolescent de 15 ans soupconne de pouvoir << passer a l'acte >>, a ete arrete samedi a Paris dans un contexte de menace terroriste << maximale >>. Une nouvelle affaire en lien avec le djihadiste francais Rachid Kassim, deja au coeur de l'enquete sur un commando de femmes demantele cette semaine. L'affaire serait pourtant independante de celle des bonbonnes de gaz retrouvees aux abords de Notre-Dame de Paris. Il s'agit du plus jeune radicalise assigne a residence en France. Elijah a ete interpelle dans le 12e arrondissement, ou il reside. Il avait fait l'objet d'une perquisition administrative en avril, dans le cadre de l'etat d'urgence instaure apres les attentats du 13 novembre, a precise dimanche a l'Agence France-Presse une source proche de l'enquete. Jusqu'a present, le jeune homme ne faisait l'objet que d'enquetes administratives et le ministere de l'Interieur n'avait pas trouve d'elements assez probants pour communiquer le dossier a la justice. L'adolescent etait entendu dimanche en garde a vue par les policiers de la Direction generale de la securite interieure (DGSI) a Levallois-Perret, pres de Paris. La menace terroriste s'etait traduite samedi par des messages d'alerte concernant plusieurs sites sensibles dans la capitale (commissariats et lieux publics), selon une autre source proche de l'enquete. Cette interpellation repose la question du pilotage a distance des projets d'attentats par le groupe djihadiste Etat islamique (EI), et en particulier du role de Rachid Kassim, Francais parti faire le djihad et qui appelle regulierement, via Internet, a frapper la France. << Des indices ont fait craindre un possible passage a l'acte imminent >>, a explique une source proche de l'enquete. Cette source a precise que le mineur etait en contact via Telegram, messagerie internet securisee appreciee des djihadistes pour sa confidentialite, avec Rachid Kassim. Ce dernier, qui a quitte la France - il est originaire de Roanne - pour l'Egypte en 2012 avant d'arriver en zone irako-syrienne, est un propagandiste tres actif de l'EI. Il diffuse a partir de ces regions en guerre des listes de cibles potentielles et de scenarios d'attentats en France. Selon les enqueteurs, il a teleguide, de maniere plus ou moins decisive, les attaques de Magnanville (Yvelines), ou Larossi Abballa a tue un policier et sa compagne le 13 juin, de Saint-Etienne-du-Rouvray (Seine-Maritime), ou Adel Kermiche et Abdel Malik Petitjean ont tue un pretre le 26 juillet, ainsi que le commando de femmes djihadistes demantele cette semaine. << Abballa faisait partie de son groupe Telegram, et Kassim a eu une veritable influence dans cette affaire >>, assure une source proche de l'enquete. Des liens ont egalement ete etablis entre Rachid Kassim et au moins un des tueurs de Saint-Etienne-du-Rouvray. Selon les enqueteurs, << c'est lui qui a mis en contact les deux tueurs et donne les consignes >>. Il a par ailleurs felicite l'auteur de l'attentat qui a fait 86 morts le 14 juillet a Nice, dans une video mettant en scene l'execution de prisonniers syriens. Rachid Kassim a aussi ete en contact << via Telegram >> avec Ines Madani, << l'une des protagonistes >> du commando de femmes qui a tente de faire exploser une voiture remplie de bonbonnes de gaz en plein Paris, il y a une semaine, et qui preparait une autre attaque jugee << imminente >>. ", "theme": "justice"}