{"id_art": "2a402b657fd42d1ca1596ddb1f1be2e3", "title": "Attentats de Bruxelles #2 : \"Nous allons subir une vague de terrorisme tres puissante\"", "newspaper": "LePoint", "author": [" Le Point.fr"], "date_publi": "2016-03-22", "content": " Un responsable francais de la lutte antiterroriste s'alarme apres les explosions qui ont fait une trentaine de morts et pres de 200 blesses mardi. Retrouvez ici la suite de notre direct sur les attentats de Bruxelles. \"L'Union europeenne et les institutions doivent rester et resteront unies face a la terreur\", a reagi le president de la Commission europeenne Jean-Claude Juncker dans un communique. Il y rend hommage aux victimes des attentats et salue le travail des forces de securite et de \"toutes les personnes qui ont porte secours aux victimes\". Il affirme, entre autres, que \"toutes les mesures possibles [de securisation des institutions] seront prises de concert avec les autorites belges.\" \"Ces evenements nous touchent mais ne nous effrayent pas\", conclut-il. Jan Jambon, le ministre de l'Interieur belge, annonce trois jours de deuil national suite aux attentats qui ont ensanglante son pays. Le Premier ministre a de nouveau appele mardi le Parlement europeen a adopter rapidement, apres les attentats de Bruxelles, le registre europeen des passagers aeriens, dit \"PNR\", malgre l'hostilite de parlementaires europeens, de gauche notamment, a l'encontre de cet outil de l'antiterrorisme. \"A mon tour, je le dis : il est temps de l'adopter. Et je dis notamment aux groupes socialiste et ecologiste du Parlement europeen : chacun doit prendre ses responsabilites (...) On a assez perdu de temps sur cette question\", a-t-il dit devant les deputes francais a l'Assemblee nationale. Les principaux centres commerciaux de Bruxelles ont annonce leur fermeture, a la suite des attentats. City 2, le Woluwe Shopping Center, le Westland Shopping et les shoppings Cora d'Anderlecht et de Woluwe sont fermes. Le shopping Cora precise sur son site internet que \"le but est pouvoir rouvrir les centres commerciaux a la clientele des que les conditions de securite et les instructions des autorites le permettront\". Plusieurs chaines ont egalement annonce leur fermeture. Chez Carrefour, onze magasins au total sont fermes, situes principalement dans les zones evacuees, et dix Carrefour Express, situes dans les stations de train et de metro. Delhaize a ferme neuf filiales de Shop & Go dans les stations de train et de metro (egalement a Anvers-Central) et trois supermarches dont celui de Westland Shopping Center. En revanche, les magasins Delhaize de Molenbeek et d'Anderlecht restent ouverts. \"Nous allons battre ceux qui menacent notre securite a travers le monde\", a declare depuis Cuba le president des Etats-Unis, Barack Obama. La circulation des trains sera possible a partir de 16 heures a Bruxelles Midi et Bruxelles-Nord (entree Albert II). Bruxelles centrale reste fermee pour l'instant. Attentats a #Bruxelles: Les gares rouvriront a 16h. 500 militaires assureront la securite https://t.co/MhZxB3oHV1 pic.twitter.com/oDrkTnCBHR Les reseaux de telephonie mobile restaient perturbes mardi a Bruxelles en debut d'apres-midi, conduisant les operateurs et le gouvernement a demander d'eviter les appels non urgents. \"Certains endroits a Bruxelles sont dans une situation de congestion. Le reseau fonctionne, mais les utilisateurs peuvent devoir appeler plusieurs fois\" avant d'arriver a joindre leur interlocuteur, a explique a l'Agence France-Presse un porte-parole de Proximus (ex-Belgacom), le premier operateur mobile belge. Le reseau de telephonie fixe et internet fonctionne, lui, normalement, a-t-il ajoute. Sur les reseaux sociaux, de nombreuses personnes font etat de difficultes a contacter un proche ou informent qu'elles sont injoignables par telephone portable. L'evacuation du Parlement europeen a debute a 15 heures. Ses employes avaient ete confines dans les batiments ce matin, suite a l'attentat dans le metro, a deux pas de la. Les bus etant annules et les metros bloques, le retour des employes chez eux s'annonce complique. Ne pouvant contenir son emotion, la chef de la diplomatie europeenne Federica Mogherini a interrompu la conference de presse qu'elle devait tenir a Amman. \"2015 a ete difficile, je crains que 2016 ne soit terrible\", confie a l'Agence France-Presse un responsable francais de la lutte antiterroriste, qui demande a rester anonyme. Sur son ecran de television, dans son bureau, les images d'une bouche de metro fumante, de l'aeroport devaste de Bruxelles, siege de l'Union europeenne et de l'Otan. \"Les attaques de Bruxelles sont clairement une vengeance apres la vague d'arrestations, c'est une escalade. Elles prouvent qu'ils ont des hommes prets a tout moment a des operations kamikazes, avec des armes, des explosifs, affirme-il. Leur message, c'est : Nous sommes toujours la, vous ne pourrez pas nous arreter. En France, mais aussi en Europe, il y a du souci a se faire, ajoute-t-il. Nous allons subir une vague de terrorisme tres puissante, qu'on ne pourra enrayer que partiellement. On attrapera certaines equipes, il n'y a jamais eu autant d'arrestations, mais on ne pourra pas les avoir tous. C'est impossible. Nous sommes submerges.\" \"Par solidarite avec nos amis Belges\", le compte Twitter du gouvernement francais est passe aux couleurs du drapeau belge. Solidarite avec nos amis Belges #Bruxelles pic.twitter.com/BAu4rDnfEU La solidarite entre salaries se met en place grace au hashtag #brusselslift sur Twitter. Le covoiturage semble etre la solution privilegiee puisque, dans de nombreuses entreprises, les employes belges s'organisent entre eux pour le trajet du retour ce soir. Sur Twitter aussi, la solidarite s'organise et de nombreux automobilistes proposent de ramener des personnes chez elles. Malgre les attentats de Bruxelles,\"l'Euro 2016 est maintenu\", annonce Noel Le Graet. Malgre les attentats qui ont frappe Bruxelles ce matin, le president de la Federation francaise de football (FFF) vient d'indiquer que l'Euro 2016 n'etait pas remis en question. Interroge sur la menace pesant sur l'Euro, Noel Le Graet a indique que la competition etait maintenue, a tout le moins a ce stade. L'Euro est cense se derouler dans differents stades a travers la France, du 10 juin au 10 juillet prochain. Yvan Mayeur, le bourgmestre de Bruxelles, evoque \"probablement une vingtaine de deces\" apres une explosion a l'interieur d'un metro dans la station de Maelbeek ce matin. Toujours selon le bourgmestre, 106 personnes ont ete blessees dans l'explosion. Les pompiers font par ailleurs etat de 14 morts et de 92 blesses a l'aeroport, portant ainsi le total des blesses a la suite des explosions a pres de 200. ", "theme": "societe"}