{"id_art": "2b0eb0815c146f96d1a92b47d2d7a880", "title": "Policiers tues : \"J'ai vu le terroriste droit dans les yeux\"", "newspaper": "LePoint", "author": [" 6Medias"], "date_publi": "2016-06-20", "content": " Zacharia, un temoin qui a tente de sauver la vie a Jean-Baptiste Salvaing et a vu Larossi Abballa, a livre son temoignage glacant a BFM TV. Il est le premier temoin de l'horreur. Le 14 juin 2016, Zacharia accourt devant le domicile de Jean-Baptiste Salvaing et de Jessica Schneider et tente de sauver la vie au policier qui git au sol, poignarde. En vain. L'homme s'est confie sur BFM TV et a raconte son face-a-face avec Larossi Abballa, le terroriste qui a assassine le couple a Magnanville, au nom du groupe Etat islamique. Alors qu'il se trouve a quelques metres du domicile des victimes, dans un complexe sportif de cette ville des Yvelines, Zacharia apercoit une femme paniquee qui explique qu'un homme vient d'etre sauvagement agresse. << Le portail de trois metres etait ferme, donc il a fallu qu'on escalade le mur. Et finalement, le policier etait allonge dans la rue >>, se rememore-t-il. Zacharia et ses proches se precipitent pour porter assistance a Jean-Baptiste Salvaing, tentent de lui faire un massage cardiaque. << Il avait le pouls tres faible. C'est a ce moment-la qu'on a crie : Reveillez-vous ! Reveillez-vous ! Reveillez-vous ! >> C'est a cet instant qu'il apercoit la porte Velux de la maison des policiers s'ouvrir. Devant lui se tient Larossi Abballa qui lui dit : << Je represente l'Etat islamique, vous avez attaque chez nous. On va vous attaquer chez vous. J'ai un otage, je suis arme. >> Pourtant terrifie, Zacharia continue ses gestes de premiers secours et s'assure que l'homme n'est pas arme : << J'ai regarde s'il n'avait pas une arme, un pistolet ou une kalachnikov a la main. Il avait juste une lacrymo et une matraque >>, explique-t-il a la camera de BFM TV, qui prend soin de ne pas devoiler le visage du sauveur. << Je l'ai vu droit dans les yeux. Car quand il s'est exprime, il pensait qu'il y avait deja les autorites. Et finalement, on n'etait que tous les trois. C'est moi qu'il a regarde en face, j'ai bien vu le terroriste. >> Le tueur referme ensuite la porte-fenetre. Zacharia et ses amis sont ensuite rapidement relayes par les pompiers qui ne parviendront pas a reanimer le policier trop grievement atteint. Apres trois heures de negociations vaines avec le terroriste, le Raid prend d'assaut le domicile dans lequel, apres avoir abattu Larossi Abballa, ils retrouvent le corps de Jessica Schneider. Musulman pratiquant, Zacharia est revolte par le fait que des assassins justifient leurs actes au nom de sa religion. << Je suis musulman pratiquant, je fais le ramadan. [...] Peut-etre qu'ils pensent qu'ils sont musulmans, ils interpretent ca, une religion a leur facon. Mais moi, la religion que je pratique, ce n'est pas du tout celle-la. >> Traumatise par cette experience, Zacharia, qui a ete arrete quelques jours, a repris le travail ce lundi 20 juin. ", "theme": "societe"}