{"id_art": "05108059ef43c86ff0bbf5713668a115", "title": "Quatre hommes aux assises pour un braquage en vue d'actions terroristes", "newspaper": "LePoint", "author": ["Source AFP"], "date_publi": "2017-02-13", "content": " Le principal accuse est soupconne d'avoir voulu recruter afin de commettre une serie de vols pour reunir un butin de guerre. Il risque la prison a perpetuite. En 2013, quatre hommes avaient pris en otage la famille d'un postier pour constituer un butin destine a des actions terroristes. Ce lundi 13 fevrier, le groupe comparait devant les assises de Paris. Le principal accuse, Ibrayima Sylla, 37 ans, a un lourd palmares avec 12 condamnations au casier, dont l'une a 12 ans de reclusion criminelle aux assises de l'Aube. Parfois appele le \"moujahid au taser\" pour son mode operatoire, il est specialiste du braquage avec sequestration et violence et n'a pas connu grand-chose en dehors de la detention. En decembre 2012, peu apres sa derniere sortie de prison, il est signale a la justice par les services antiterroristes, sur la base de renseignements penitentiaires. Sylla est soupconne de vouloir recruter en vue d'une serie de vols pour reunir un butin de guerre, un \"butin hallal\", en vue d'actions terroristes. Il est des lors place sur ecoutes, son appartement de Trappes (Yvelines) et sa voiture sonorises. C'est une des caracteristiques de ce proces, qui se tient devant une cour composee de magistrats professionnels : l'abondance d'ecoutes qui mettent au jour des appels confus au djihad dans d'interminables logorrhees de Sylla, scandees en rap. Il veut faire de son appartement de Trappes \"le nid des aigles d'Allah\" et cite en exemple le djihadiste toulousain Mohamed Merah, l'auteur des tueries de Toulouse et Montauban en 2012. Les enqueteurs identifient rapidement comme son bras droit Pierre Roubertie, un jeune de 26 ans converti a l'islam apres la mort de son pere. Les deux hommes se sont rencontres en prison, ou s'est renforcee leur radicalisation religieuse. Alors que Sylla est muet face aux juges, Roubertie affirmera s'etre interesse au djihad pour \"mieux comprendre l'islam\", expliquant que le braquage avait ete programme deux semaines avant les faits, mais niera tout projet d'envergure comme l'assassinat de personnalites. Outre l'accusation d'association de malfaiteurs en vue de commettre des actes terroristes, ils devront repondre d'un crime commis presque sous les yeux de la police. Fin mars 2013, Sylla, parfois accompagne d'un acolyte, multiplie les reperages a Pontcarre et Roissy-en-Brie, en region parisienne. Les ecoutes parlent de \"butin de guerre\", de passer \"a l'action\", les mots de \"sequestration\" ou \"otage\" sont prononces. Face a l'imminence d'une action, une filature est mise en place. Mais le 3 avril peu apres 6 h 35, les policiers perdent la trace de Sylla et de Roubertie alors qu'ils viennent de quitter une salle de priere. Vers 8 h 30, deux hommes, visages dissimules, armes de couteaux et d'un taser, prennent en otages Claire Penhouet, enceinte de sept mois, et son fils a leur domicile de Roissy-en-brie, pour forcer le mari, guichetier a la Poste, a remettre l'argent de son agence de Pontcarre. L'un des hommes, identifie par les enqueteurs comme etant Roubertie, garde la famille en otage, pendant que l'autre, identifie comme etant Sylla, se rend a la Poste de Pontcarre avec Jacques Penhouet, qui lui remettra quelque 2 000 euros en liquide. Les otages seront liberes vers 9 h 10, sans blessure physique mais tres choques. Le maigre butin est partage entre Sylla et Roubertie, a l'exception de 150 euros donnes a un autre des accuses, Roushdane Kelani, pour le pret du taser. Un quatrieme accuse au discours radical, Emmanuel Nsomoto, gravite dans l'entourage de Sylla qui le juge toutefois peu fiable. Le lien avec la piste terroriste n'est fait que le lendemain. Les quatre hommes ne seront interpelles que trois mois plus tard, le 24 juin 2013, sans doute dans l'espoir d'amasser plus de preuves de la constitution d'un \"butin hallal\". Multirecidiviste, Sylla risque la prison a perpetuite. Le proces va durer deux semaines. ", "theme": "justice"}