{"id_art": "29afbfded779b8fa41aaa4ea26780653", "title": "Londres: la collision pres du musee pas traitee comme un acte terroriste", "newspaper": "LePoint", "author": ["AFP"], "date_publi": "2017-10-07", "content": "La collision entre une voiture et des pietons survenue samedi pres d'un musee londonien est un accident de la route et n'est pas traitee comme un \"incident lie au terrorisme\", a indique Scotland Yard sur Twitter. Onze personnes ont ete blessees dans cet accident, qui s'est produit en debut d'apres-midi a proximite du Museum d'histoire naturelle, dans l'ouest de la ville, selon les services ambulanciers. 07/10/2017 19:13:24 - Londres (AFP) - (c) 2017 AFP ", "theme": "monde"}