{"id_art": "704e5161376e6bc4af3b86cf03090185", "title": "Terrorisme: la justice europeenne maintient le Hamas palestinien sur la liste de l'UE", "newspaper": "LePoint", "author": ["AFP"], "date_publi": "2017-07-26", "content": "La Cour de justice de l'Union europeenne (CJUE)a decide mercredi de maintenir le mouvement islamiste palestinien Hamas, au pouvoir dans la bande de Gaza, sur la liste des organisations terroristes de l'UE. Dans un arret tres attendu, la Cour de justice a juge que le Tribunal de premiere instance de l'UE \"n'aurait pas du annuler le maintien du Hamas sur la liste europeenne des organisations terroristes\", selon un communique. Le 17 decembre 2014, a la surprise generale, le Tribunal de l'UE avait annule - pour vice de procedure - l'inscription du Hamas sur la liste terroriste de l'Union europeenne. Mais la Cour a juge que le Tribunal avait \"ainsi commis une erreur de droit\", et lui renvoie l'affaire. En septembre 2016, l'avocat general de la CJUE avait pourtant estime que le Hamas ne devrait pas - toujours pour des raisons legales - etre maintenu sur la liste noire de l'UE. Il est rare que les \"opinions\" de l'avocat general ne soient pas suivies par la Cour de justice. L'arret du Tribunal de 2014 avait ete condamne avec virulence par le Premier ministre israelien Benjamin Netanyahu tandis que le Hamas s'en felicitait, esperant en tirer profit sur la scene internationale. Le Mouvement de la Resistance islamique (dont l'acronyme en arabe est \"Hamas\") est inscrit sur la liste noire de l'UE depuis decembre 2001, apres les attentats du 11-Septembre aux Etats-Unis. Le Hamas, qui controle sans partage depuis 2007 l'enclave de Gaza sous blocus israelien, est egalement considere comme une entite terroriste par Israel et les Etats-Unis. Depuis 2008, trois guerres meurtrieres ont oppose sa branche militaire - la Brigade Ezzedine Al-Qassam - et ses allies locaux a l'armee israelienne. La derniere confrontation, pendant l'ete 2014, a fait plus de 2.200 morts du cote palestinien, en majorite des civils selon l'ONU, et 73 du cote israelien. En mai dernier, pour la premiere fois de son histoire, le Hamas a presente de nouvelles orientations politiques dans l'espoir de revenir dans le jeu diplomatique international, notamment en Europe. En revanche, la Cour a confirme l'annulation du maintien sur la liste des Tigres de liberation de l'Eelam tamoul (LTTE), organisation separatiste tamoule au Sri Lanka. Dans un arret rendu le 16 octobre 2014, le Tribunal de l'UE avait decide de soustraire les Tigres tamouls de la liste de l'UE egalement pour vice de forme. Vaincus par Colombo, les Tigres ont depose les armes en mai 2009 apres une guerre feroce entre la minorite tamoule et la majorite cinghalaise qui a dure pres de 40 ans et fait des dizaines de milliers de morts. En janvier 2015, le Conseil de l'UE, qui represente les Etats membres, avait saisi la CJUE, la juridiction supreme de l'UE basee a Luxembourg, d'un pourvoi suspensif pour obtenir l'annulation des deux arrets. \"Par ses arrets de ce jour, la Cour reaffirme sa jurisprudence selon laquelle le Conseil (europeen) peut maintenir une personne ou une entite sur la liste s'il conclut a la persistance du risque de l'implication de celle-ci dans des activites terroristes ayant justifie son inscription initiale\", explique-t-elle dans son communique. En 2014, le Tribunal de l'UE avait considere que l'Union ne disposait pas d'une base juridique \"suffisante\" pour justifier le maintien du Hamas et des Tigres tamouls sur sa liste. Il avait argue que les \"mesures restrictives\" prises a l'encontre des deux organisations etaient fondees \"non pas sur des actes examines et confirmes par des decisions prises par des autorites competentes (...), mais sur de simples imputations factuelles que le Conseil (de l'UE) avait tirees lui-meme de la presse et d'Internet\". Ces jugements n'avaient toutefois pas entraine le retrait des deux organisations de la liste noire, ni le degel de leurs avoirs detenus dans l'UE. \"L'arret du Tribunal etant annule, les actes du Conseil (europeen)maintenant le gel de fonds du Hamas restent pour l'instant en vigueur\", note la Cour mercredi. 26/07/2017 12:43:19 - Bruxelles (AFP) - (c) 2017 AFP ", "theme": "monde"}