{"id_art": "8f191ba43e7404a636c72a119621cecc", "title": "Attaque dans un train en Suisse: pas d'\"indice\" d'acte terroriste", "newspaper": "LePoint", "author": ["AFP"], "date_publi": "2016-08-14", "content": "La police suisse enquetait dimanche sur l'attaque qui a fait un mort et cinq blesses dans un train circulant la veille dans le nord-est de la Suisse, excluant a priori la piste terroriste. Une femme de 34 ans, qui se trouvait dans un etat critique, est finalement decedee dimanche matin de ses blessures, a annonce la police. \"La question du mobile reste entiere\", affirme un communique de la police regionale de Saint-Gall, expliquant qu'\"a l'heure actuelle, il n'y a aucun indice montrant que cet acte est terroriste ou motive politiquement\". \"Le terrorisme n'est pas notre piste privilegiee\", a insiste aupres de l'AFP le porte-parole de police Bruno Metzger, affirmant que \"d'autres mobiles\" sont plus probables, sans souhaiter en dire davantage. Un Suisse de 27 ans avait mis le feu a un wagon avec un liquide inflammable samedi en debut d'apres-midi avant de poignarder des passagers, blessant initialement six personnes dont une petite fille de six ans. L'assaillant a ete gravement brule dans l'incendie. La police, qui a recupere des images video de l'attaque, affirme que celles-ci permettent de confirmer que le jeune homme a agi seul. On le voit, arme d'un couteu, verser le liquide et y mettre feu, selon la police. Le train, qui s'approchait de la gare de Salez, circulait non loin des frontieres de la Suisse avec l'Autriche et le Liechtenstein. Les victimes --deux hommes de 17 et 50 ans, trois femmes de 17, 34 et 43 ans, et la petite fille-- avaient ete hospitalises pour des brulures ou des plaies provoquees par les coups de couteau. L'agresseur, qui n'a pas de casier judiciaire, reste dans un etat critique, selon Bruno Metzger. Opere samedi soir, il n'a pas encore pu etre entendu par la police, a affirme l'agence ATS. Une autre femme ainsi que la petite fille restent egalement dans un etat grave. - Connaissait-il ses victimes? - L'un des blesses n'etait pas un passager, mais un homme qui se trouvait sur le quai a la gare de Salez. Il s'est precipite a l'interieur de train, lors de son entree en gare, pour en sortir l'agresseur dont les vetements etaient en feu, a raconte la police. \"Son intervention a sans doute permis d'empecher le pire\", a explique un porte-parole de la police au quotidien Blick, laissant entendre que d'autres auraient pu etre blesses. La jeune femme qui est decedee avait ete la plus grievement blessee a bord du train, ayant recu beaucoup de liquide inflammable sur ses vetements. Bruno Metzger a affirme qu'il ne pouvait pas confirmer pour autant qu'elle ait ete particulierement visee par l'agresseur. Et un autre porte-parole de la police, Hanspeter Kruesi, a affirme a l'AFP qu'il ne semblait pas que l'attaque ait ete dirigee contre une personne en particulier. On ne sait pas, a ce stade de l'enquete, si l'agresseur connaissait ses victimes, a-t-il ajoute. La maison du suspect, qui vit dans un canton proche de Saint-Gall, a ete perquisitionnee samedi soir. Et le wagon concerne etait examine par la police scientifique. Des photos de ce wagon, publiees par la presse suisse, montrent des sieges brules devant une fenetre noircie, les dossiers de deux sieges reduits en cendres. La police a fait savoir qu'elle ne divulguerait pas d'informations a ce stade sur l'identite ou la nationalite des blesses. Cette attaque est intervenue dans un climat de forte tension en Europe suscite par une vague d'attentats au cours des derniers mois, dont beaucoup ont ete revendiques par le groupe jihadiste Etat islamique. 14/08/2016 13:19:53 - Geneve (AFP) - (c) 2016 AFP ", "theme": "monde"}