{"id_art": "9c2afb8040ef1d79e969dff04434d342", "title": "Attaque a Marseille: pour M. Le Pen \"le terrorisme est un acte de guerre contre notre pays\"", "newspaper": "LePoint", "author": ["AFP"], "date_publi": "2017-10-01", "content": "Marine Le Pen, presidente du Front national, a denonce \"le terrorisme\", qui est \"un acte de guerre contre notre pays\", apres la mort de deux femmes dimanche a Marseille, tuees a coups de couteau par un homme criant Allah akbar. \"Nous apprenons le enieme attentat qui une fois de plus nous horrifie et ensanglante nos rues, frappe nos compatriotes en plein coeur\", a affirme Mme Le Pen en ouverture de son discours au Futuroscope a Poitiers, ou elle a reuni ce week-end les elus FN pour aborder la refondation de son parti. \"Face a ces meurtres barbares, notre espoir est qu'on prenne en haut enfin la mesure du danger que court notre peuple et qu'on considere enfin le terrorisme pour ce qu'il est, un acte de guerre et non pas un crime de droit commun ou un acte de delinquance comme un autre\", a-t-elle ajoute. Deux femmes ont ete tuees a coups de couteau dimanche gare Saint-Charles a Marseille par un homme qui a crie \"Allah Akbar\" avant d'etre abattu par des militaires, selon une source proche de l'enquete, conduisant le parquet antiterroriste a se saisir de l'enquete. gd-npk/chr/ct 01/10/2017 17:06:15 - Poitiers (AFP) - (c) 2017 AFP ", "theme": "societe"}