{"id_art": "9a70ecaf14ab1270a97c9df58d331a2d", "title": "Une suspecte dans un dossier terroriste maintenue in extremis en detention", "newspaper": "LePoint", "author": ["AFP"], "date_publi": "2016-09-19", "content": "La justice a ordonne lundi le maintien en detention provisoire d'une femme de 36 ans detenue dans un dossier terroriste, alors qu'un imbroglio de procedure aurait pu conduire a sa remise en liberte, a-t-on appris de source proche du dossier. Les magistrats devaient dire si une convocation judiciaire irreguliere parce qu'envoyee avec du retard etait de nature a entrainer la remise en liberte de cette detenue des lundi soir. A l'issue des debats, la cour d'appel de Paris a finalement infirme lundi apres-midi l'ordonnance de non-prolongation de la detention provisoire de Farida Bekhaled, incarceree depuis deux ans a la prison de Lyon-Corbas, selon cette source. L'affaire revelee dimanche sur le site internet de BFMTV a ete examinee par la chambre de l'instruction de la cour d'appel. Mise en examen pour association de malfaiteurs en relation avec une entreprise terroriste, cette femme avait ete interpellee mi-septembre 2014 lors d'un coup de filet dans la banlieue lyonnaise. Son mandat de depot expirant ce lundi soir, Farida Bekhaled etait convoquee le 14 septembre pour un debat contradictoire devant le juge des libertes et de la detention (JLD) sur la prolongation de son incarceration. Or selon son avocate Florence Vincent, la convocation envoyee en recommande est partie de Paris le 7 septembre et elle l'a recue le lendemain, soit moins de cinq jours ouvrables avant la date de l'audience, le delai legal requis par l'article 114 alinea 2 du code de procedure penale. A l'origine, le greffier du JLD avait pourtant adresse cette convocation par fax le 6 septembre vers 12H00, selon une source proche du dossier. Mais le document n'est jamais arrive chez l'avocate. Le greffier avait alors envoye un recommande le jour-meme. Les delais legaux de convocation n'ayant pas ete respectes, le JLD avait decide de ne pas prolonger la detention provisoire, decision dont avait fait appel le parquet de Paris. Sollicitee par l'AFP, l'avocate \"attend la motivation de l'arret et envisage en toutes hypotheses un pourvoi en cassation\". Dans ce dossier terroriste, quatre autres personnes avaient ete arretees a Vaulx-en-Velin et Meyzieu il y a deux ans, dont Karim et Reda Bekhaled, deux freres de la suspecte, dans le cadre d'une enquete du parquet antiterroriste de Paris sur des filieres de recrutement de jihadistes vers la Syrie. Mais le parquet avait alors affirme que les deux freres \"nourrissaient l'ambition de mourir en martyrs\" et projetaient \"un passage a l'acte violent imminent\". Ancien membre du groupe Forsane Alizza (\"Les Cavaliers de la fierte\"), dissous en fevrier 2012, Reda Bekhaled avait trahi ses intentions lors d'une conversation telephonique interceptee par les policiers. Trois autres freres Bekhaled - Mohamed, Farid et Rafik - avaient rejoint la Syrie au second semestre 2013, selon la justice, afin de combattre dans les rangs des jihadistes. Interpol a diffuse trois mandats d'arret internationaux a leur encontre, a la demande de la France. 19/09/2016 19:44:57 - Lyon (AFP) - (c) 2016 AFP ", "theme": "societe"}