{"id_art": "7e33721724c366e5511fdf2e98871120", "title": "Thalys : comment lutter contre \"les fourmis\" du terrorisme", "newspaper": "LePoint", "author": [" Le Point.fr (avec AFP)"], "date_publi": "2015-08-26", "content": " Alors que Hollande a durci son discours face au terrorisme, les editorialistes soulignent les dangers de la guerre contre un ennemi de l'interieur. Les editorialistes reviennent sur l'attentat manque du Thalys pour souligner le durcissement du discours de Francois Hollande face au terrorisme et pour mettre en garde face a la tentation du repli ou de la \"discrimination\" entre les victimes. \"Deja, la veille, au moment d'epingler la Legion d'honneur sur les polos des heros du Thalys, Francois Hollande avait surpris. Chef des armees, le president de la Republique avait pris des accents guerriers. Face au mal qui est la, qui s'appelle le terrorisme, il y a le bien, celui de l'humanite. Des propos etonnants dans la bouche d'un homme qui, face aux dangers, avait, jusque-la, surtout evolue sur le registre de l'union. Au moment de rendre hommage au courage de trois citoyens americains, le discours de Francois Hollande rappelait celui de George Bush en 2002 justifiant l'intervention en Irak par un sermon quasiment biblique : la guerre du bien contre le mal. On sait, depuis, combien l'operation, qui a destabilise toute la region et ouvert la voie au chaos, s'est revelee desastreuse. Hier encore, face aux ambassadeurs, le chef de l'Etat s'est positionne sur la meme ligne de front. Nous devons nous preparer a d'autres assauts et donc nous proteger . Facon de dire que, pour lui, la guerre n'est plus a notre porte, elle campe sur notre territoire. Et les premiers elements de l'enquete (un impressionnant arsenal, une operation preparee...) en attestent. Apres la communion post-Charlie Hebdo de janvier, le temps est desormais a la mobilisation et a la cooperation entre des pays europeens aujourd'hui confrontes a une meme menace.\" \"Il faut choisir son camp ! Devant les ambassadeurs de France reunis a Paris, le president de la Republique, dans son intervention sur la situation generale, a rappele qu'il nous fallait etre vigilants, car il y aura d'autres tentatives d'attentat. Ce parler-vrai a le merite de dire aux Francaises et aux Francais que nous sommes parvenus a un point de rupture avec la douce quietude dans laquelle nous vivons depuis de nombreuses annees. Il y a eu d'autres attentats par le passe, parfois tres meurtriers, mais c'etaient des operations montees par des specialistes qui ne se produisaient pas en grand nombre. Aujourd'hui, nous avons affaire a des fourmis du terrorisme, parfois bien encadrees, parfois electrons libres imprevisibles, qui sortent du bois sans qu'on puisse les neutraliser avant le passage a l'acte. Dire que nous sommes en guerre est une chose. Comprendre qu'on nous fait la guerre en est une autre.\" \"Dans l'affaire du Thalys comme dans la crise migratoire, la tentation est grande de se replier sur la forteresse, France ou Europe, c'est selon. Pour empecher les terroristes d'agir contre ses usagers, le transport aerien a fait sa revolution securitaire apres le 11 Septembre. Et le ferroviaire, cible depuis des annees par les poseurs de bombes, n'en a ete empeche qu'en raison des difficultes a quadriller des milliers de gares frequentees par des foules. Portiques, videosurveillance, controles systematiques ou aleatoires, patrouilles renforcees des forces de securite : les autorites elevent des barrieres, esperant decourager des passages a l'acte et, au minimum, rassurer les opinions publiques. Celles-ci sont aussi demandeuses d'obstacles a l'arrivee de migrants clandestins et, sur ce terrain, les Etats tentent de repondre. Mais les solutions extremes sont-elles les meilleures ? L'edification par la Hongrie d'une cloture a sa frontiere avec la Serbie ne va pas arreter le flot sur la route des Balkans de l'Ouest...\" \"Quel point commun entre l'attaque des passagers du Thalys et l'incendie de la mosquee d'Auch ? En principe, aucun, si ce n'est qu'ils ont eu lieu le meme week-end et se retrouvent du coup meles dans un cocktail d'infos assez explosif pour qu'il soit manie avec d'infinies precautions. Dans ces situations, les mots peuvent blesser aussi surement que n'importe quelle munition. L'adjectif discriminatoire prononce a la radio par le ministre Alain Vidalies pour justifier un controle cible dans la lutte contre les terroristes a fait l'effet d'une balle sifflante. Mais il peut arriver que ce soit le trop-plein de prudence qui suscite par ses silences des reactions indignees. Celle d'Abdellatif Mellouki, porte-parole du Conseil regional du culte musulman, disait hier avec force combien la communaute musulmane d'Auch avait besoin qu'on la soutienne apres l'incendie criminel de sa mosquee. Or il a flotte comme un voile, une sorte de retenue generale, sur un acte aussi odieux. Des actes de vandalisme commis par des ados gothiques au debut du mois dans un cimetiere chretien de l'est de la France avaient suscite tant de tweets qu'on aurait aime que la parole officielle soit plus incarnee aux cotes des musulmans d'Auch.\" \"L'attentat dejoue du Thalys a mis en evidence ce que chacun pressentait, a savoir que le train est d'autant plus expose aux attaques terroristes qu'il est quasiment impossible de le securiser. Cela n'a pas empeche les uns et les autres - des politiques en particulier - de se lancer dans une surenchere verbale a propos des mesures a prendre pour garantir la securite des passagers, quitte a nier la realite... Une protection renforcee des trains a grande vitesse, si tant est qu'elle soit envisageable, aurait vite fait de transferer la menace vers le reste du reseau... En revanche, il est possible de minimiser les risques en accordant beaucoup plus de moyens au renseignement. Cela suppose d'envisager peut-etre une reduction des moyens financiers attribues aux nombreuses operations exterieures menees par la Defense, dont l'effet protecteur est loin d'avoir ete demontre, et une reaffectation de ceux-ci a la securite interieure et aux services de renseignements. Car c'est manifestement le sol national qui est devenu aujourd'hui le theatre des operations qui interesse le plus les Francais, qu'ils prennent regulierement le train ou pas. Un tel choix bouleverserait evidemment la tradition.\" ", "theme": "societe"}