{"id_art": "b483626edc2fb6cee60deb185c34424c", "title": "Terrorisme : \"Les victimes repetent en boucle les scenes vecues\"", "newspaper": "LePoint", "author": ["Propos recueillis par Jérôme Cordelier et Yoann Duval"], "date_publi": "2016-08-01", "content": " Traumatismes. Dans son unite de recherche francaise sur la memoire, le neuropsychologue Francis Eustache explore les traces laissees par les attentats. Le Point : Quelles similitudes et differences distinguez-vous entre les attentats de Paris et ceux de Nice ? Francis Eustache : Dans les deux cas, nous sommes dans des evenements monde, qui vont marquer le siecle. A Paris comme a Nice, les terroristes ont attaque lors de moments festifs. Mais, pour chaque personne presente, cet instant s'est transforme en un evenement traumatisant majeur, inimaginable. Ils sont pris pour cible ; on leur en veut et on les tue. En attaquant le 14 juillet, on a frappe au coeur de notre imagi... Deja abonne ? Pas encore abonne ? Consultez notre dossier : Saint-Etienne-du-Rouvray : un nouveau pas dans l'horreur ", "theme": "societe"}