{"id_art": "17762bb2ed2c9fab42071a099d851cdc", "title": "Quand le terrorisme devient sujet de romans", "newspaper": "LePoint", "author": ["AFP"], "date_publi": "2017-01-20", "content": "Apres les attentats de 2015, \"je sentais que j'avais besoin de reflechir a ce traumatisme\", raconte le jeune ecrivain Arthur Dreyfus qui, a l'instar de plusieurs auteurs de la rentree de janvier, a fait du terrorisme le sujet d'un roman. Fiction (tres bien documentee) revenant sur l'attentat dans la station balneaire tunisienne de Sousse en juin 2015, \"Sans Veronique\" (Gallimard) est un roman sans repit et d'une extreme sensibilite porte par un souffle litteraire -\"l'ecriture constitue un personnage supplementaire\"- qui ne retombe jamais. Arthur Dreyfus, 30 ans, se souvient precisement de l'endroit ou il se trouvait quand il a appris la nouvelle de l'attentat en Tunisie. \"J'avais besoin de comprendre pourquoi ca m'atteignait aussi profondement\", explique-t-il a l'AFP. Selon le jeune romancier, ami du dessinateur Cabu, son histoire personnelle, un grand-pere interne au camp de Flossenburg, lui a fait prendre conscience que la vie tenait parfois a un fil. \"Si le soldat americain qui a defonce la porte de son baraquement etait arrive le lendemain, qui sait si mon grand-pere aurait ete encore vivant. A tres peu de choses pres, j'aurais pu ne pas naitre.\" On retrouve cette volonte de \"tuer pour tuer\" des nazis dans le terrorisme contemporain. \"C'est insupportable\", dit le romancier. Il se dit \"degoute\" par les commentaires qui excusent plus ou moins les terroristes en evoquant une soi-disant \"part de responsabilite\" des victimes ou en expliquant que \"le terrorisme serait le revers sanglant du capitalisme\". En fait, insiste-t-il, \"il y a une ideologie qui est patente derriere le terrorisme. Tous les gens pauvres ou desesperes ou qui sont marginalises ne prennent pas des Kalachnikov pour tirer sur des gens dans la rue\". - \"Une petite Europe du suicide\" - Femme simple, banlieusarde, la Veronique dont il est question dans son roman est une jeune retraitee. Ancienne caissiere dans un supermarche, elle s'est vu offrir par son employeur quelques jours de vacances en Tunisie. Elle trouvera la mort sur une plage, froidement assassinee par un jihadiste. \"En quoi est-elle responsable de ce qui lui arrive ?\", demande l'ecrivain. \"Rien ne justifie sa fin tragique.\" Dans la realite, il n'y a pas eu de victimes francaises a Sousse mais l'essentiel n'est pas la. L'essentiel, ce sont des vies brisees, une douleur qui ne peut s'eteindre et qu'Arthur Dreyfus nous fait ressentir a travers le personnage de Bernard, le mari de Veronique, un homme ordinaire et modeste, aneanti par la mort de sa femme qui partira en Syrie pour tenter de tuer \"au moins un\" terroriste. Karim, Francais d'origine algerienne, tient le role de Bernard dans le roman de Pascal Manoukian \"Ce que tient ta main droite t'appartient\" (Don Quichotte). Charlotte, sa femme, enceinte, est assassinee par un jeune Francais, Aurelien, converti au jihad. Fou de douleur, Karim partira pour la Syrie chez les fous de Dieu afin, espere-t-il, de la venger en tuant un dirigeant de Daech. Ex-reporter de guerre, ancien responsable de l'agence Capa, Pascal Manoukian s'attache a decrire, d'une ecriture seche et precise, le mecanisme d'embrigadement des candidats au jihad. A Mari, site archeologique dans le sud-est de la Syrie ou aboutit Karim, est rassemblee \"une petite Europe du suicide\". C'est terrifiant. Sobrement intitule \"Terreur\" (Grasset), le livre de Yann Moix n'est pas vraiment un roman mais plutot un livre de reflexions de l'ecrivain et cineaste, prix Renaudot en 2013. Le romancier offre a lire ses notes prises au jour le jour \"puisque c'est dorenavant ainsi que nous sommes sommes de vivre\". \"Je ne suis pas sociologue, ni specialiste de l'islam. Je n'ai d'autre specialite que de vouloir rester en vie\", ecrit le romancier dans son livre, souvent fulgurant et toujours implacable. On pense a Veronique ou Charlotte, les personnages de Dreyfus et Manoukian, en lisant ces mots : \"J'etais un passant, un simple passant. J'en suis mort. Je suis mort de ce crime, de cette impardonnable faute : passer par la.\" 20/01/2017 16 :34 :27 - Paris (AFP) - (c) 2017 AFP ", "theme": "culture"}