{"id_art": "4c5d87f9e874b51481622144562f31f2", "title": "Vigier (UDI): \"Il faut une reponse budgetaire\" au terrorisme", "newspaper": "LePoint", "author": ["AFP"], "date_publi": "2016-07-28", "content": "Face au terrorisme Philippe Vigier, president du groupe UDI a l'Assemblee nationale, veut une reponse budgetaire. \"Il faut une reponse budgetaire pour lutter contre le terrorisme\", a-t-il declare jeudi sur LCI. Il estime qu'\"a situation exceptionnelle moyens exceptionnels. (...) On sait s'endetter pour quelques promesses que Francois Hollande n'arrete pas d'egrener pour se faire reelire\". \"Pour la defense, il faut entre sept et dix milliards d'euros de plus chaque annee si on veut ameliorer l'efficacite de la defense en France\", a-t-il poursuivi avant de conclure: \"De 2012 a 2015 -et ce sont des chiffres de la Cour de comptes-, 110 postes de policiers ont ete crees et 382 de gendarmes\". 28/07/2016 11:41:12 - Paris (AFP) - (c) 2016 AFP ", "theme": "societe"}