{"id_art": "20f19b29ce51d7b146395619f574552d", "title": "Qui est Logan N., militant d'ultra-droite soupconne de terrorisme ?", "newspaper": "LePoint", "author": ["Le Point.fr (avec AFP)"], "date_publi": "2017-10-18", "content": " Il n'a que 21 ans. Mais il avait mis en place un projet \"totalement fou\" visant des personnalites politiques, dont Christophe Castaner et Jean-Luc Melenchon. Mardi, les services antiterroristes ont interpelle dix personnes en lien avec un ex-militant d'ultra-droite arrete fin juin et soupconne d'avoir projete un attentat contre des hommes politiques et des mosquees. Logan N., age de 21 ans, a milite au sein de l'Action francaise Provence, organisation royaliste qui avait multiplie les provocations musclees autour de Marseille et d'Aix-en-Provence avant l'ete. Interpelle le 28 juin 2017 a Vitrolles, dans les Bouches-du-Rhone, il a ete mis en examen debut juillet et place en detention provisoire dans le cadre d'une enquete ouverte pour << association de malfaiteurs terroriste criminelle >>. Les investigations ont << mis en lumiere un projet d'action violente aux contours imprecis : evocation d'un lieu de culte, d'un homme politique, d'un migrant, d'un trafiquant de stupefiants >>, a releve une source judiciaire. L'affaire avait d'abord ete traitee localement par le parquet d'Aix-en-Provence et la section de recherche (SR) de la gendarmerie de Marseille, avant d'etre confiee a la Sous-Direction antiterroriste. Le parcours de Logan N. est retrace dans un article paru dans Le Monde . Le quotidien revele notamment que lors de l'intervention du Raid a son domicile, le jeune homme a tente de dissimuler ses ordinateurs. Les enqueteurs, qui y retrouvent des elements troublants, evoquent un projet << totalement fou et parfaitement construit >>. Une ebauche d'affichette saisie proposait meme : << Rebeus, blacks, dealers, migrants, racailles, djihadistes, si toi aussi tu reves de tous les tuer, nous en avons fait le voeu, rejoins-nous ! >> Logan N. avait ete repere, car il etait l'administrateur d'une page Facebook a la gloire de l'extremiste de droite norvegien Anders Behring Breivik, auteur d'une tuerie qui a fait 77 morts en Norvege en 2011. D'apres Le Monde, son projet baptise << OAS >>, le sigle de l'Organisation de l'armee secrete responsable d'une campagne sanglante contre l'independance de l'Algerie au debut des annees 1960, visait a << enclencher la remigration >> de la France. Plusieurs armes avaient ete retrouvees lors des perquisitions, notamment un fusil a pompe Baikal calibre 12 avec lequel il s'etait mis en scene sur sa page Facebook, deux revolvers et un gilet pare-balles. Le jeune homme cherchait egalement a se procurer de faux papiers et a fabriquer un lance-flammes. LIRE AUSSI Melenchon et Castaner vises par un attentat de l'ultra-droite ? Apres son interpellation, l'Action francaise avait indique que Logan N. avait << quitte [le] mouvement depuis un certain temps >> et ne pas avoir eu connaissance << de ses agissements solitaires >>. Organisation royaliste se reclamant de Charles Maurras, inspirateur des mouvements d'extreme droite condamne apres la guerre pour son soutien resolu au regime de Vichy, l'Action francaise a ete particulierement active ces derniers mois a Aix-en-Provence et a Marseille. Ses militants, souvent jeunes, ont ete impliques dans des accrochages avec des militants de gauche dans le centre-ville de Marseille, ou ils ont ouvert un local, et lors d'une empoignade devant un lycee au cours d'une distribution de tracts, dans laquelle un lyceen avait ete blesse. Ils ont aussi perturbe des reunions publiques de personnalites politiques locales et une conference universitaire sur le FN. Les enqueteurs cherchent desormais a etablir la nature des liens entre Logan N. et les personnes interpellees mardi. Ils tentent d'etablir si ces dernieres avaient connaissance de son projet d'attentat, visant notamment le porte-parole du gouvernement Christophe Castaner et Jean-Luc Melenchon, ex-candidat a la presidentielle de La France insoumise, d'apres une des sources proches de l'enquete. << Jean-Luc Melenchon n'a pas ete informe et ses demandes de protection pendant les legislatives ont ete rejetees >>, a indique a l'Agence France-Presse une porte-parole de l'ex-candidat. ", "theme": "societe"}