{"id_art": "65b8e7bc5aa896bef2fa19221d153889", "title": "Jawad Bendaoud : << Vous allez pas me mettre 130 morts sur la conscience quand meme ? >>", "newspaper": "LePoint", "author": [" Violaine de Montclos"], "date_publi": "2018-01-26", "content": " Au troisieme jour du proces des logeurs des terroristes du 13 novembre 2015, le show surrealiste et pathetique se poursuit. L'epuisement guette toutes les parties. Le spectacle continue, et il est pathetique. Surexcite, apostrophant sans facon la presidente, interrompant les avocats des parties civiles, insultant son monde sans jamais prendre la mesure de la gravite des faits et de la solennite supposee du lieu ou il se trouve, le logeur des terroristes du 13 novembre 2015, Jawad Bendaoud, poursuit son show surrealiste, et ce proces, au troisieme jour, prend des allures de farce. << Ca fait quatorze mois que je suis pas sorti de cellule >>, hurle-t-il. L'audience est bien interrompue quelques instants, mais lorsque l'interrogatoire reprend, le cirque recommence aussitot. Pourquoi le flux verbal du prevenu n'est-il pas plus fermement interrompu, pourquoi n'est-il pas contraint a se lever lorsqu'il prend la parole, pourquoi, alors qu'il menace sans cesse d'exercer son droit au silence, la patiente presidente Isabelle Prevost-Desprez ne l'encourage-t-elle pas, plus clairement, a mettre cette menace a execution ? << Il y a des gens qui vous regardent >>, tente une avocate, faisant allusion aux victimes presentes dans la salle de retransmission. << Vous allez pas me mettre 130 morts sur la conscience quand meme ? >> s'emporte Bendaoud. L'interrogatoire de Mohamed Soumah, coaccuse d'avoir loge les terroristes, puisque c'est lui l'intermediaire entre Jawad Bendaoud et Hasna Ait Boulahcen, sur un tout autre registre, n'est guere plus glorieux. Aussi detendu que son pote Bendaoud est survolte, il prend clairement de haut maitre Seban, avocat des parties civiles : << Hasna m'a demande de la coke et un squat, elle m'a pas demande une kalach, elle m'a pas demande un 9 mm. Elle est pas voilee, elle est en jean, elle me demande de la coke, j'suis pas devin, Monsieur l'Avocat. >> Dans la salle, un homme pale, le visage marque, semble dans un etat d'epuisement terrible. C'est maitre Xavier Nogueras, avocat de la defense, qui tente comme il peut, depuis mercredi, de canaliser Jawad, dont il est separe par une vitre. << Madame la Presidente, il y a 90 avocats des parties civiles, on est 4 avocats de la defense, il y a quand meme un desequilibre >>, tente-t-il doucement. << Je suis oblige de monter sur mon siege pour parler a mon client. Vous ne pourriez pas ordonner que l'on baisse la vitre de 20 centimetres pour que je puisse m'adresser a lui ? Ce sera mieux pour tout le monde. >> La mesure, effectivement ordonnee par la magistrate, suffira-t-elle a sortir ce proces du registre de mauvais stand-up dans lequel il s'embourbe ? Pas sur. << J'suis fini maintenant, tout le monde me connait, j'ai plus d'avenir, Madame la Presidente >>, s'est enerve tout a l'heure Bendaoud, << j'avais un projet de faire un nouveau point de vente de cocaine, mais qui va vouloir s'associer avec moi maintenant ? >> Lire le recit des premiers jours du proces 13 novembre : les accuses savaient-ils qu'ils aidaient des terroristes ? # 1 Les verites de Jawad Bendaoud, logeur des terroristes du 13 novembre #2 Consultez notre dossier : 13 novembre : les logeurs des terroristes face aux victimes ", "theme": "justice"}