{"id_art": "360f3739e50c790f5e15a78bc754b02e", "title": "L'attaque de Londres, au coeur du pouvoir politique", "newspaper": "LePoint", "author": ["De notre correspondant à Londres, Marc Roche"], "date_publi": "2017-03-22", "content": " En visant le Parlement et le pont de Westminster, dans un quartier qui concentre les lieux de pouvoir, le terrorisme s'en prend a la democratie britannique. En ce mercredi apres-midi, la Premiere ministre britannique Theresa May vient de terminer la seance du << Question time >> a la Chambre des communes. Bien droite sur la banquette de cuir verte, elle a essuye la bourrasque de critiques de l'opposition. Les deputes sont en train de quitter la Chambre basse pour se diriger vers la haute porte marron clair a deux battants pour aller voter sur une legislation des pensions. C'est alors que des policiers sont entres pour exfiltrer le chef du gouvernement via les couloirs silencieux de la Chambre des lords adjacente. En interrompant brutalement la seance des questions au gouvernement, en s'attaquant au pont de Westminster et au Parlement, le terrorisme a vise le coeur meme du pouvoir britannique installe sur les bords de la Tamise. Le pont de Westminster separe le pouvoir legislatif de l'executif. A l'extremite de l'ouvrage s'eleve la statue de Winston Churchill, revetu de son long manteau, une main dans la poche, l'autre tenant une canne. A ses cotes, deux monuments a la gloire de Palmerston et de Disraeli, deux hommages a l'epopee imperiale. A l'ouest de Parliament Square sont nichees les deux chambres, celle des Communes surmontee par Big Ben, et des Lords. A deux pas, de l'autre cote de la rue, l'aire ou sont installees les cameras de television lors des grands evenements de la vie parlementaire. Les medias britanniques occupent des bureaux a proximite, a commencer par la BBC qui dispose de plusieurs studios dans l'immeuble de Millbank a deux pas du Parlement. Toujours a l'ouest, face au Palais de Westminster, s'eleve l'abbaye de Westminster, construite sous Edward le Confesseur au XIe siecle, qui est dediee a la religion d'Etat, l'eglise d'Angleterre, dont la reine est le gouverneur supreme. A l'est du pont de Westminster, Whitehall concentre tous les pouvoirs regaliens, le 10 Downing Street, le Foreign Office, la Tresorerie et le ministere de la Defense. Quant au pont de Westminster, construit entre 1856 et 1862, il offre une admirable vue sur la facade du Parlement de Westminster, immortalisee par Monet a travers le brouillard. Sur la rive gauche, il y a aussi un bronze celebre de Boadicee sur son char. La reine des Iceniens avait pris la tete d'une revolte contre l'occupant romain en 61. En vain. ", "theme": "monde"}