{"id_art": "919b00e7e91589da5a2129ed15d16e36", "title": "Terrorisme : \"Le sociologue n'a pas a dire ce qui est bien ou mal\"", "newspaper": "LePoint", "author": ["Propos recueillis par Alix Ratouis"], "date_publi": "2016-01-19", "content": " Selon Manuel Valls, comprendre le terrorisme, c'est l'excuser. Une declaration que demonte le sociologue Bernard Lahire dans son dernier livre. Interview. Depuis pres de quarante ans, la sociologie, parce qu'elle cherche a comprendre, est accusee de justifier ou d'excuser aussi bien la delinquance ou les crimes que les incivilites ou l'absenteisme scolaire. Depuis les attentats, la charge se fait plus dure. << J'en ai assez de ceux qui cherchent en permanence des excuses culturelles ou sociologiques a ce qui s'est passe >>, declarait Manuel Valls le 26 novembre dernier. Le 9 janvier, un an apres la tuerie de l'Hyper Cacher, il denoncait : << Expliquer, c'est deja vouloir un peu excuser. >> Bernard Lahire, professeur de sociologie a l'Ecole normale superieure de Lyon, remet les pendules a l'heure dans un petit ouvrage limpide, Pour la sociologie. Et pour en finir avec une pretendue << culture de l'excuse >>. Un plaidoyer pour sa discipline a destination du grand public. Le Point.fr : Pourquoi les detracteurs de la sociologie entendent-ils << excuser >> quand les sociologues parlent de << comprendre >> ? Bernard Lahire : Cela est rendu possible par la pluralite des usages du mot comprehension. Nous disons souvent a des gens << je te comprends >> pour dire << je me mets a ta place et je suis de tout coeur avec toi >>. Quand un sociologue dit qu'il essaie de comprendre une situation ou un acte, un acte terroriste ou criminel par exemple, il n'est pas en train de dire << je me mets a la place de leurs auteurs et je suis de tout coeur avec eux >>. La polysemie du mot << comprendre >> est exploitee par ceux qui n'aiment pas la sociologie. Les sciences du monde social contextualisent l'action humaine et mettent en relation cette action avec des actions passees ou presentes. Ce qui d'ordinaire est regarde de facon isolee est considere dans un tissu de relations. Contextualiser consiste a tisser des liens entre un element central (un fait, un acte...) qu'on cherche a comprendre et une serie d'elements tires de la realite qui l'encadre et lui donne sens. Penser que chercher les contextes, les causes ou les probabilites d'apparition d'un phenomene revient a excuser, au sens de disculper ou d'absoudre les individus, releve de la confusion des perspectives. Ceux qui ramenent la sociologie a une culture de l'excuse confondent deux plans bien distincts : le premier plan, non normatif, est propre a la connaissance scientifique ; le second, normatif, est propre a la justice, a la police, a la prison. De la une confusion entre juger et comprendre, entre droit et sociologie ? Le travail du sociologue consiste a dire ce qui est, il n'a pas a dire ce qui est bien ou mal. Notre metier n'est pas de juger les gens, si on commence a juger les gens, on arrete de faire notre travail de scientifiques. Nous n'avons pas a porter de jugement dans notre activite scientifique sur les gens que nous etudions. Si on deplace le sujet sur des questions de physique, on comprend tout de suite. On ne demande pas a ceux qui travaillent sur les tremblements de terre de dire que le phenomene est funeste, tout le monde le sait. Les geologues essaient de comprendre ce qui peut mener a un tremblement de terre, qui est difficilement previsible car le phenomene est tres complexe, comme pour les actions individuelles. Il est tres difficile de les prevoir, mais on peut en comprendre leurs conditions d'apparition. On a appris a expliquer les phenomenes physiques et a prendre les mesures qui s'imposent quand ils sont problematiques. La science en general amene a penser a des manieres de reagir a une situation. A quoi sert de comprendre ? On pourrait penser qu'une societe a surtout besoin de savoir distinguer le bien du mal, le legal de l'illegal, et de veiller a sanctionner ceux qui sortent du cadre fixe par les lois. La prise de distance que demande l'acte de comprendre permet pourtant de prendre en compte l'ensemble d'un probleme, alors que tout le monde a les yeux fixes sur les actes delinquants ou terroristes et la personnalite des auteurs de ces actes. Seules cette prise de distance et cette desindividualisation du probleme permettent d'envisager des solutions collectives et durables. C'est sans doute la une des lecons politiques majeures des sciences sociales. A chaque nouveau drame, les politiques promettent le durcissement des lois, cela satisfait le desir de punition, l'affect est alors omnipresent. Mais cela n'aide pas a savoir comment empecher l'emergence d'une serie d'individus et de situations similaires. Apres les paroles fortes, les logiques qui ont contribue a rendre possibles les crimes poursuivent leur deploiement. Comprendre sereinement ces logiques, c'est se donner la possibilite d'eviter de nouveaux drames. L'attitude scientifique permet de sortir du rapport emotionnel et partial a la realite. La facon dont la sociologie traite la responsabilite individuelle n'alimente-t-elle pas les confusions et les critiques ? Sans doute, mais toujours par meconnaissance. Les gens pensent que parler de causes collectives revient a nier la responsabilite individuelle, que montrer des processus, des conditions qui menent a des actes donnes deresponsabilise les individus. Or la question de la responsabilite n'existe pas en sciences sociales, celles-ci ont meme progresse en enlevant justement la notion de responsabilite, car ce n'est pas en cherchant des responsables que l'on va comprendre un processus ou un phenomene. Enlever la question de la responsabilite permet de voir des choses beaucoup plus complexes que la simple responsabilite d'individus isoles. La sociologie ne derange-t-elle pas en affirmant que le libre arbitre est une fiction ? Le libre arbitre est une notion philosophique qui, pour les chercheurs en sciences sociales, n'a aucune utilite. Un libre arbitre, cela veut dire quelqu'un qui prendrait une decision qui serait le simple produit de la raison. Le monde social ne marche pas ainsi, les individus sont pris dans une histoire, des influences multiples, une education, des groupes sociaux, leurs decisions seront toujours le produit de tous ces rapports-la, et ce sont ces rapports que les sociologues etudient. Nous sommes le produit de nos relations avec les autres, et ce, depuis l'enfance, ce que montrent par ailleurs la psychanalyse comme les neurosciences. Nous ne sommes pas des etres hors sol. Vous expliquez que la theorie de la liberte individuelle permet de couper tout lien possible entre celui qui juge et ceux qui sont juges. C'est tres rassurant de se dire que les delinquants, les criminels, les terroristes ne sont vraiment pas comme nous, cela fait du bien au moral mais n'apporte pas grand-chose, cela ne change pas la realite des choses. Dire qu'Adolf Hitler etait fou arrange, mais c'est faux, on peut dire en revanche qu'il y a une folie de l'histoire dans la montee du nazisme. Il a fallu beaucoup de travaux pour comprendre ce qui s'est passe, cette banalite du mal dont parlait Hannah Arendt. C'est en comprenant que les auteurs d'actes immondes sont des etres sociaux comme les autres, avec des parcours specifiques, c'est en comprenant ce qui les a amenes a leurs actions qu'on arrivera a mieux cerner les mecanismes qui menent a ces actes-la. Les sociologues essaient de restituer les conditions de possibilites, tres complexes, qui se combinent pour creer des parcours qui sont singuliers, il ne s'agit la que d'une poignee de gens, mais ces personnes-la sont quand meme le produit du monde social avec toutes ses complexites, ses contradictions. Mais aucun sociologue ne dira, s'il evoque par exemple la pauvrete ou une carence affective a propos d'un parcours d'un terroriste, que tous les pauvres ou les personnes ayant souffert de carence affective vont devenir des terroristes. Comment expliquer la resistance a l'idee de determinismes sociaux mis au jour par la sociologie ? Cette idee blesse quelque chose en nous, elle casse l'illusion de notre liberte. Nous avons tous subjectivement l'impression d'etre libres. Plus on fait de recherches en sciences sociales, plus on voit que notre liberte est tres largement conditionnee et que nos choix sont le produit de contraintes interiorisees qui font que nous percevons les choses d'une certaine maniere parce que nous avons ete eduques d'une certaine maniere, que nous avons vecu d'une certaine facon. Nous avons par ailleurs affaire a un monde qui apporte ses propres contraintes. C'est a la rencontre de ces multiples contraintes que nos choix se font. Qu'avez-vous a dire aux politiques qui s'en prennent au sociologisme et a la culture de l'excuse ? En matiere d'action sur le monde social, nous sommes en plein amateurisme. Je reproche aux hommes politiques de lire fort peu de sciences sociales et de pretendre transformer la realite. Ils ne s'appuient pas sur l'etude de l'existant pour prendre des decisions. Comment ferait-on pour construire un pont sans le travail des ingenieurs ? Il importe de connaitre l'etat reel du monde. Si cela ne servait a rien, l'Insee ou l'Ined n'auraient pas lieu d'etre. Ce serait une catastrophe si on n'avait pas d'explications sur le monde, or on en a besoin, on a besoin de l'Insee, de l'Ined, des anthropologues, des sociologues, des historiens pour comprendre ce qui se passe. La sociologie met le doigt sur la complexite du monde, celle-ci n'est-elle pas trop difficile a saisir pour que la politique s'en empare ? Vous expliquez par exemple que lorsque les domines, des individus pauvres en ressources economiques et culturelles, sont evoques dans des discours antisociologiques, ils sont derealises, que ceux qui les evoquent ne font pas l'effort mental de se mettre a leur place et projettent dans la tete des domines leur mentalite de dominants. Mais comment prendre conscience d'un tel phenomene ? Par l'education. Je propose que l'on enseigne les sciences du monde social des le primaire. On fait faire parfois de petites recherches aux enfants en histoire-geographie, il n'y a aucune raison de ne pas faire la meme chose sur le monde social. Les eleves peuvent mener des enquetes aupres d'autres enfants sur leurs matieres scolaires, leurs musiques ou leurs plats preferes. On va constater par exemple que les filles preferent le francais aux maths, contrairement aux garcons. Avec l'enseignant, il est ensuite possible de parler des representations des metiers juges feminins ou masculins. On peut faire ce type de travail pour faire prendre conscience des differences sociales et culturelles qu'il y a dans le monde. Cela est tres utile pour les enfants, c'est une prise de distance avec le monde qui les entoure. Savoir interroger les autres est un veritable exercice democratique. Apprendre a ecouter l'autre, se mettre a sa place, me parait tres formateur. L'entretien sociologique forme au respect de l'autre. Former a la citoyennete ne passe pas que par l'enseignement de la morale ou del'education civique. ", "theme": "chroniques"}