{"id_art": "d48ecb826245a053dd61b7e47dde102e", "title": "L'ex-terroriste Rouillan sera juge pour ses propos sur les djihadistes", "newspaper": "LePoint", "author": ["Source AFP"], "date_publi": "2016-03-24", "content": " \"Moi, je les ai trouves tres courageux, en fait. Ils se sont battus courageusement\", avait-il declare a propos des terroristes du 13 novembre. L'ancien membre d'Action directe Jean-Marc Rouillan sera juge pour apologie du terrorisme apres son interview en mars ou il juge les djihadistes du 13 novembre << tres courageux >>, a indique jeudi a l'AFP une source judiciaire. L'audience aura lieu le 1er juin devant la 10e chambre correctionnelle du tribunal de grande instance de Paris. Les propos litigieux avaient ete laches lors d'une interview a la redaction du mensuel satirique marseillais Le Ravi, enregistree le 23 fevrier. << Moi, je les ai trouves tres courageux, en fait. Ils se sont battus courageusement : ils se battent dans les rues de Paris (alors qu'ils) savent qu'il y a 2 000 ou 3 000 flics autour d'eux >>, y declarait le cofondateur d'Action directe, groupe arme d'extreme gauche a l'origine de plusieurs attentats et assassinats dans les annees 80. << On peut dire (qu')on est absolument contre leurs idees reactionnaires, on peut dire plein de choses contre eux, dire c'etait idiot de faire ci, de faire ca, mais pas dire que c'est des gamins qui sont laches >>, ajoutait-il. Ces passages sont directement vises par le parquet de Paris dans sa poursuite. Lors de l'entretien, diffuse sur le site internet du mensuel, Rouillan, 63 ans, y critique aussi l'ideologie << mortifere >> des partisans de l'organisation Etat islamique (EI). << D'un point de vue de l'islam, ils sont impies >>, argumente-t-il. Mais il se dit egalement << neutre >> entre la France et l'EI. Ces propos avaient suscite une polemique et le parquet de Paris avait ouvert le 7 mars une enquete preliminaire pour << apologie du terrorisme >>, confiee a la Brigade de repression de la delinquance contre les personnes (BRDP). Jean-Marc Rouillan avait assume ses propos, tout en repetant ne pas partager l'ideologie de l'EI. Il a ete entendu mardi par les policiers et il s'est vu notifier une convocation au tribunal, a precise la source judiciaire a l'AFP. Jean-Marc Rouillan est le dernier membre du noyau dur d'Action directe a avoir recouvre la liberte, en mai 2012, apres 24 ans de prison. Il avait ete condamne en 1987 a perpetuite pour les assassinats de l'ingenieur general de l'armement, Rene Audran, et du PDG de Renault, Georges Besse. Il avait pu beneficier en 2007 d'un regime de semi-liberte, revoque fin 2008 car il n'avait pas respecte son interdiction de s'exprimer publiquement au sujet des faits pour lesquels il avait ete condamne. Dans une interview a L'Express, il declarait qu'il ne << crachai(t) >> pas sur tout ce qu'il avait fait. De nouveau place sous un regime de semi-liberte en 2011, il a retrouve la liberte conditionnelle un an plus tard a Marseille, ou il reside. ", "theme": "societe"}