{"id_art": "193ca813014d4cd19ab7095028c8e189", "title": "Bataclan : un terroriste s'est fait passer pour un sauveur", "newspaper": "LePoint", "author": ["6Medias"], "date_publi": "2016-03-17", "content": " \"Ouvrez la porte, c'est le GIGN, je viens vous sauver.\" Cette phrase aurait pu couter la vie aux 40 personnes retranchees dans une loge le soir de l'attaque. Le 13 novembre 2015, alors que l'assaut est donne au Bataclan en plein concert, 40 hommes et femmes se refugient dans une loge d'a peine 9 metres carres. Pour echapper aux terroristes, ils se barricadent a l'aide d'un canape et d'un frigo. Cette scene, Caroline Langlade, une rescapee du Bataclan, l'a racontee devant la commission d'enquete parlementaire sur les attentats du 13 novembre le 15 fevrier dernier. << A chaque coup donne par le terroriste, on a tous tenu la porte, tenu le frigo, tenu le canape >>, temoigne la jeune femme. Un rapport de force qui durera trois heures. Au bout d'un moment, la jeune femme fait eteindre la lumiere de la loge et fermer les fenetres << pour que le terroriste ne voie pas combien (ils etaient) en regardant par l'interstice de la porte, qui s'entrebaillait a chaque coup qu'il donnait >>, explique-t-elle. Apres quelque temps, le terroriste ne cherche plus a ouvrir la porte, puis, apres un long silence, une voix se fait entendre : << Ouvrez la porte, c'est le GIGN, je viens vous sauver. >> Les otages sont mefiants. Ils decident alors de proceder a un vote a main levee pour decider ou non d'ouvrir la porte. C'est le << non >> qui l'emporte, a une courte majorite seulement. << Ce qui nous a aides, c'est que le meilleur ami d'une personne qui etait dans la loge a donne son telephone portable au commissaire de la BRI (brigade de recherche et d'intervention de la police, NDR), ce qui nous a permis d'avoir une communication avec l'exterieur, et de poser la question de savoir si on ouvrait ou non la porte >>, raconte Caroline Langlade. La porte ne s'ouvre pas et leurs vies restent sauves. Ils ne l'ouvriront que quelques heures plus tard, a l'arrivee des fonctionnaires de la brigade antigang qui, pour prouver leur identite, ont du transmettre un mot de passe ainsi qu'un code aux personnes retranchees. Un autre rescape fonce alors vers la fenetre de la loge, l'ouvre au risque d'etre pris pour un terroriste et d'etre abattu et crie dans la rue : << Maintenant, ca suffit, vous en etes ou ? Est-ce que c'est vous qui etes derriere la porte ? On veut sortir ! >> ", "theme": "societe"}