{"id_art": "4a2bd8fa9c92f25c5c98b8c59c177c3b", "title": "Menace terroriste : un ete studieux attend Francois Hollande", "newspaper": "LePoint", "author": ["Source AFP"], "date_publi": "2016-08-02", "content": " Selon l'Elysee, le president aura simplement un agenda allege en aout mais ne prendra pas de vraies vacances apres les dernieres attaques terroristes. Le president francais s'accordera << quelques jours de repos >>, dixit l'Elysee, autour de deux << reunions ministerielles restreintes >> sur la securite, les 11 et 17 aout, mais restera en alerte tout au long de l'ete apres les attaques terroristes qui ont frappe Nice et Saint-Etienne-du-Rouvray. << La menace terroriste est extremement presente, comme a l'ete dernier, mais elle a redouble d'intensite et necessite toute l'attention du president de la Republique et de l'executif >>, explique son entourage. Pas de vraies vacances donc pour Francois Hollande dont l'agenda sera simplement << allege >>. Comme l'an dernier, ses lieux de villegiatures sont tenus secrets. << Il est possible qu'il aille a La Lanterne >>, la residence presidentielle situee en lisiere du Chateau de Versailles, glisse son entourage. Auparavant, Francois Hollande doit encore presider mercredi matin un conseil restreint de defense puis le dernier conseil des ministres avant la pause estivale de l'executif. Il sera notamment question de la garde nationale, qui doit preter main-forte aux forces de l'ordre mises a rude epreuve par la lutte antiterroriste. Puis il ira a la rencontre de scouts europeens reunis aux Arenes de Lutece a Paris, l'occasion d'evoquer une nouvelle fois la jeunesse, dont il a fait une priorite de son mandat mais aussi les valeurs de l'engagement ou de la fraternite, explique-t-on a l'Elysee. Mercredi soir, Francois Hollande s'envolera pour une visite de 48 heures au Bresil, ou il participera a la ceremonie d'ouverture des Jeux olympiques et rencontrera les sportifs francais et le president du Comite international olympique (CIO) Thomas Bach. La ville de Paris est candidate a l'organisation des JO de 2024. Ses << vacances >> commenceront a son retour du Bresil samedi apres-midi. Elles seront interrompues toutefois le 11 aout pour une reunion sur la securite avec le Premier ministre Manuel Valls, plusieurs membres du gouvernement (Affaires etrangeres, Defense, Justice et Interieur) ainsi que les principaux responsables militaires et des services de renseignements. LIRE AUSSI. Les vacances low cost du gouvernement La seconde reunion du genre, convoquee le 17 dans le meme format, marquera la fin des conges presidentiels avant le conseil des ministres de rentree, fixe au 22 aout. Entre-temps, Francois Hollande planchera sur le budget 2017, le dernier de son quinquennat. Il devrait egalement interrompre ses vacances pour des deplacements en France, toujours domines par le theme de la securite et de la lutte antiterroriste, notamment en Correze, son ancien fief electoral ou il se rendra dans la premiere quinzaine d'aout. Mais il a prevu aussi << de s'entretenir quotidiennement au telephone avec Manuel Valls et les ministres de la Defense et de l'Interieur, Jean-Yves Le Drian et Bernard Cazeneuve, pour faire le point sur la lutte antiterroriste en France comme a l'etranger, en Irak et en Syrie >>, explique-t-on a l'Elysee. Au chapitre international, le president pourrait participer a un nouveau sommet post-Brexit envisage le 22 aout sur l'ile de Ventotene, en Italie, en compagnie des dirigeants italien et allemand, Matteo Renzi et Angela Merkel. Il fixera le 30 aout les grandes lignes de sa politique etrangere pour les derniers mois de son mandat a l'occasion de la Conference des ambassadeurs. Debut septembre, il pourrait aussi diner avec la chanceliere allemande et organiser une rencontre avec les dirigeants sociaux-democrates europeens avant de s'envoler pour le G20 en Chine et une visite officielle au Vietnam. Mais en toile de fond de cet ete presidentiel figure aussi l'avenir politique du chef de l'Etat, qui dira en decembre s'il brigue un second mandat et dont, fait sans precedent, la cote de confiance n'a pas decolle apres le drame de Nice. << Il reflechit >>, concede l'un de ses proches, qui note toutefois que << le temps de l'election presidentielle viendra bien plus tard >>. ", "theme": "politique"}