{"id_art": "5884b1ef6277ea50361e99ea1061c461", "title": "Coignard - Terrorisme : le sommet qui ne sert a rien", "newspaper": "LePoint", "author": [" Sophie Coignard", "Sophie Coignard", "Sophie Coignard"], "date_publi": "2015-02-19", "content": " Francais et Americains devaient organiser un sommet sur le terrorisme. C'est devenu un colloque sans interet qui ne debouche sur aucune decision. Dans la foulee des attentats terroristes de Paris, les gouvernements francais et americain s'accordent sur la necessite d'un sommet pour lutter contre le terrorisme. Il doit se tenir a Washington. Cet evenement doit reunir, entre autres, Barack Obama et Francois Hollande, dont la venue est annoncee sans l'etre. Puis, au fil des jours, la baudruche se degonfle. Il ne s'agit plus d'un sommet, mais d'un colloque sur l'\"extremisme violent\". Voila pour la phraseologie officielle, pour le moins etrange : il y aurait donc un extremisme tranquille... Tres vite, en verite, cette initiative prise sous le coup de l'emotion ennuie tout le monde. Les diplomates les plus aguerris le disent presque ouvertement : cette manifestation est inutile, c'est une perte de temps et d'energie. Elle se tient neanmoins sur deux journees : le mercredi 18 a la Maison-Blanche ; le jeudi 19 au Departement d'Etat, l'equivalent americain du ministere des Affaires etrangeres. Quels responsables politiques pour faire ce deplacement ? Plus question de Francois Hollande, vu la minceur du programme et la qualite des intervenants. Manuel Valls, alors ? Non, deux autres personnalites sont retenues : Anne Hidalgo pour la partie Maison-Blanche, qui reunit des maires de grandes villes le mercredi ; Bernard Cazeneuve, le ministre de l'Interieur, pour la seconde partie, plus serieuse, au Departement d'Etat le jeudi. Barack Obama apparait durant ces deux journees pour pratiquer l'art dans lequel il excelle : la communication. Il a ainsi cloture la rencontre des maires, mercredi soir, en \"vendant\" la politique de securite americaine et en accordant un moment a plusieurs participants, parmi lesquels Anne Hidalgo. Le discours que la maire de Paris a prononce dans la matinee - en anglais dans le texte - a du laisser quelques-uns de ses auditeurs particulierement songeurs. Exemple : le \"pacte contre l'exclusion\", dont elle a annonce la signature imminente, est mis en oeuvre \"dans le but de reduire de facon drastique le nombre de personnes sans abri a l'horizon 2020\". Et d'ajouter : \"Je voudrais vous rappeler que les freres Kouachi, qui ont perpetre les attaques contre Charlie Hebdo, ont vecu dans la rue pendant un moment...\" Des phrases qui suscitent, au mieux, la perplexite : ne pas avoir de logement conduit donc a se radicaliser, a s'armer et a commettre des attentats ? On espere ne pas voir poindre, derriere ces propos, la fameuse excuse sociale longtemps chere a une partie de la gauche. D'autant que le discours se poursuit ainsi : \"Depuis plus de dix ans, nous investissons plus dans les quartiers populaires que dans quoi que ce soit d'autre, et nous concentrons nos efforts sur l'ecole, la sante, le logement...\" Quel constat d'echec ! Et c'est avec sa trouvaille du jour, le \"pacte contre l'exclusion\", que la maire de Paris compte venir a bout du terrorisme ? Pardon, de l'\"extremisme violent\" ? ", "theme": "editos-du-point/sophie-coignard"}