{"id_art": "ca81e399b8f5e438d72dcae7cca2c86a", "title": "Terrorisme : \"Charlie Hebdo\" a nouveau menace sur Facebook", "newspaper": "LePoint", "author": [" Le Point.fr"], "date_publi": "2016-06-29", "content": " Plusieurs messages de haine ont ete deposes sur la page Facebook du journal satirique. Une enquete a ete ouverte par le parquet de Paris. L'enquete pour << menaces de mort >> a ete ouverte le 22 juin par le parquet de Paris, relate Le Parisien-Aujourd'hui en France . Des messages tres inquietants avaient ete postes sur la page Facebook du journal satirique, cible des attaques des freres Kouachi le 7 janvier 2015. Les journalistes, qui restent encore aujourd'hui sous haute protection, sont donc une nouvelle fois vises. Les enqueteurs de la Brigade de repression de la delinquance contre la personne (BRDP) cherchent a savoir qui se cachent derriere les pseudos. Un courrier, adresse a la redaction et presentant des menaces de la meme teneur, a egalement ete retrouve. La direction du journal a porte plainte aussitot apres avoir decouvert ces messages, mais n'a pas souhaite commenter les informations du Parisien. Le traumatisme est encore immense dans l'equipe de Charlie Hebdo, qui avait perdu plusieurs de ses figures historiques en janvier 2015. Le journal faisait regulierement l'objet de menaces depuis le debut des annees 2010. Il n'en avait plus recues depuis un certain temps. REGARDEZ notre reportage apres l'attaque de Charlie Hebdo, le 7 janvier 2015... ", "theme": "societe"}