{"id_art": "30fd82acaddead133baef5204a430549", "title": "Rouillan : ouverture d'une enquete pour \"apologie du terrorisme\"", "newspaper": "LePoint", "author": [" Le Point.fr"], "date_publi": "2016-03-07", "content": " L'ancien terroriste, aujourd'hui en liberte conditionnelle, a declare dans un journal marseillais que les terroristes du 13 novembre etaient \"courageux\". En liberte conditionnelle depuis 2012, Jean-Marc Rouillan s'etait jusqu'ici montre discret. Mais cet ancien militant d'Action directe, condamne en 1989 a la prison a perpetuite pour le meurtre de l'ingenieur general de l'armement Rene Audran et du PDG de Renault George Besse, est au coeur d'une nouvelle polemique. La raison ? Une interview corrosive accordee a un journal marseillais mensuel d'enquetes satiriques baptise Le Ravi. Actuellement a l'affiche dans un road movie libertaire, Faut savoir se contenter de beaucoup, Jean-Marc Rouillan revient longuement sur les attentats du 13 novembre dernier. Sans attendre, le parquet de Paris a ouvert une enquete pour << apologie du terrorisme >> pour des propos qualifies << d'abominables >>. << Ces propos sont une offense a la memoire des victimes et une blessure supplementaire pour des familles qui ont deja beaucoup endure >>, a reagi pour sa part le ministre de l'Interieur Bernard Cazeneuve. << C'est l'etat du droit, il appartient au ministere public de requerir la revocation de la liberation conditionnelle de cet individu >>, a-t-il ajoute. << Je suis neutre. (...) Car l'Etat francais reste colonialiste, assassin. Rien que ce qui s'est passe en Algerie m'empechera toujours, toute ma vie, de chanter La Marseillaise et de porter le bleu-blanc-rouge : un million de morts, des disparus, de la torture, l'horreur de venir se presenter comme la patrie des droits de l'homme ! Jamais je ne serai du cote de cet Etat ! >> affirme Jean-Marc Rouillan dans cette interview. Il se laisse ensuite aller a quelques confidences sur les terroristes des attentats de Paris : << Ils se sont battus courageusement dans les rues de Paris en sachant qu'il y avait pres de 3 000 flics autour d'eux. (...) On peut dire plein de choses sur eux - qu'on est absolument contre les idees reactionnaires, que c'etait idiot de faire ca -, mais pas que ce sont des gamins laches >>, s'emporte-t-il. Si Rouillan juge les terroristes courageux, son avis sur Daech, une organisation un peu trop capitaliste a son gout, est plus tranche : << Daech est tres proche du capitalisme car c'est un mouvement base sur le mortifere, le sacrifice, la mort. Jamais dans la lutte armee d'extreme gauche que j'ai pratiquee, de 1968 jusqu'a la fin des annees 1980, je n'ai connu le sacrifice. Jamais. Plutot la joie de les combattre et un immense espoir de lumiere, de lendemains qui chantent. Et je crois qu'ils sont encore devant nous. Malgre tout. >> Jean-Marc Rouillan serait-il nostalgique du temps ou il etait l'ennemi public numero 1 ? Ce qui est sur, c'est qu'il juge utopique un changement de societe sans passer par la violence : << Rien ne se fera sans la violence, mais la violence ne suffira pas. Il y a des milliers d'autres methodes pour etre revolutionnaire >>, conclut-il. Ce n'est pas la premiere fois que Jean-Marc Rouillan se distingue par ses propos tenus dans la presse. En 2007, il avait brievement beneficie d'un regime de semi-liberte. Mais il etait retourne en prison courant 2008 a la suite d'une interview parue dans L'Express. Le juge d'application des peines avait alors estime que Rouillan avait << enfreint une des obligations qui pesaient sur lui, celle de s'abstenir de toute intervention publique relative aux infractions pour lesquelles il a ete condamne >>. Jean-Marc Rouillan semble donc avoir franchi une nouvelle fois la ligne rouge. ", "theme": "societe"}