{"id_art": "8c7b1d827750c284f5d1ee4a2e45e5b8", "title": "CGT \"terroriste\" : le demi-mea culpa de Pierre Gattaz", "newspaper": "LePoint", "author": ["Source AFP"], "date_publi": "2016-06-01", "content": " Le patron des patrons regrette d'avoir employe le mot \"terroriste\" mais continue de denoncer \"les methodes de voyous employees par la CGT\". Le numero un du Medef Pierre Gattaz est revenu mercredi sur l'utilisation du mot << terroriste >> pour qualifier les militants de la CGT a l'origine des blocages lies au conflit autour de la loi travail, qui a suscite l'indignation d'une partie des syndicats et de la classe politique. << Ce mot a ete mal compris et peut choquer, notamment les personnes qui ont ete touchees par les evenements recents qui ont endeuille notre pays >>, a declare Pierre Gattaz, cite dans un communique. << Ce n'etait evidemment pas mon intention. Le mot terrorisme etait donc inadapte dans ce contexte >>, a-t-il reconnu. << Mais les methodes de voyous employees par la CGT doivent cesser >>, a-t-il toutefois ajoute. << Menacer les salaries et les chefs d'entreprise, chanter que les patrons, ca ne merite que la pendaison, revendiquer de bloquer l'activite economique d'une region ou d'un pays, parler de terrorisme patronal dans ses tracts... ce sont des actes qu'il faut denoncer et qui demontrent une conception affligeante du dialogue social >>, a-t-il estime. Lundi, dans un entretien accorde au Monde, le patron des patrons denoncait l'attitude de la CGT et appelait a << ne pas ceder au chantage, aux violences, a l'intimidation, a la terreur >>, a des << minorites qui se comportent un peu comme des voyous, comme des terroristes >>. Ces propos ont ete denonces par Philippe Martinez, qui a annonce mardi vouloir porter plainte contre Pierre Gattaz pour diffamation, et par le secretaire general de la CFDT Laurent Berger. Ils ont aussi suscite des reactions indignees dans le monde politique, en particulier a gauche. Le Premier ministre Manuel Valls a juge que ces propos n'etaient << pas acceptables >>. La ministre du Travail Myriam El Khomri a denonce de son cote l'<< outrance >> de ces propos, les jugeant << choquants, bien evidemment >>, tout en soulignant qu'il y avait << eu aussi parfois de (la part de) Philippe Martinez des mots qui ont ete durs de la meme maniere >>. ", "theme": "societe"}