{"id_art": "ec41a3cd5918355396920bb126b26ccd", "title": "Lutte contre le terrorisme : les mesures de Manuel Valls", "newspaper": "LePoint", "author": ["Source AFP"], "date_publi": "2015-01-21", "content": " VIDEO. Le Premier ministre a annonce des mesures visant a lutter contre le terrorisme. Au programme, creation d'emplois, surveillance et projet de loi. Voici les principales annonces du Premier ministre Manuel Valls mercredi matin en matiere de lutte contre le terrorisme (completees avec un document de Matignon dont l'AFP a eu copie), deux semaines apres le debut des trois jours d'attaques ayant endeuille la France : 2 680 emplois supplementaires \"consacres a la lutte contre le terrorisme\" vont etre crees au cours des trois prochaines annees. Et 1 100 d'entre eux seront alloues aux services de renseignements interieur charges de lutter contre le terrorisme (500 a la direction generale de la securite interieure, 500 au service central du renseignement territorial et 100 a la direction du renseignement de la prefecture de police de Paris). 425 millions d'euros de credits d'investissement, d'equipement et de fonctionnement seront consacres a ce plan de renforcement, au cours des trois prochaines annees. Ils \"seront compenses par des economies [...] sur l'ensemble du champ de la depense publique, annee apres annee\". Matignon a par ailleurs precise a l'AFP qu'en incluant les frais de personnels, l'enveloppe atteindrait quelque 735 millions d'euros sur trois ans. Une partie de ces moyens sera consacree au \"renforcement de la protection des policiers [nationaux et municipaux] et des gendarmes : gilets pare-balles et armements plus performants\". Un dispositif PNR \"sera operationnel en France en septembre 2015\". Ce fichier commun des donnees personnelles des passagers aeriens est en discussion au Parlement europeen. Un projet de loi sur le renseignement sera presente \"le plus vite possible\" en conseil des ministres et transmis au Parlement \"debut mars\". D'apres M. Valls, les services antiterroristes francais doivent surveiller actuellement quelque 3 000 personnes. Renfort de la juridiction antiterroriste parisienne (27 personnes) et de magistrats referents \"antiterrorisme\" dans les parquets (16 personnes), renforcement des parquets et des juridictions interregionales specialisees, renforcement du renseignement penitentiaire (66 personnes) pour \"mieux apprehender les phenomenes de radicalisation en milieu carceral\". Creation d'une unite de veille et d'information au sein de la protection judiciaire de la jeunesse. Creation d'un fichier pour recenser \"les personnes prevenues ou condamnees pour des faits de terrorisme, avec obligation pour ces personnes de declarer a intervalles reguliers leur adresse et leurs deplacements a l'etranger. \"Sur la base de l'experimentation menee a Fresnes\", creation de cinq quartiers au sein d'etablissements penitentiaires, dedies aux personnes detenues radicalisees. Soixante aumoniers musulmans supplementaires dans les prisons, s'ajoutant aux 182 existants. Soixante millions d'euros supplementaires consacres a \"la prevention de la radicalisation dans les trois prochaines annees, au travers du fonds interministeriel de prevention de la delinquance\". Creation d'un site internet visant a informer le grand public sur les moyens de lutter \"contre l'embrigadement djihadiste\". \"Renforcement des moyens dedies a la surveillance du cyber-djihadisme et aux enquetes relatives aux delits commis sur Internet.\" \"Intensification\" du travail avec les operateurs internet, \"y compris dans le cadre europeen\". Valls souhaite une \"reflexion transpartisane\" menee par le Parlement sur la reactivation d'une peine d'indignite nationale et des propositions presentees d'ici six semaines. ", "theme": "societe"}