{"id_art": "bed7fc91e0a92291c8a1736c101c9d47", "title": "Burkina: 17 morts dans une \"attaque terroriste\" contre un restaurant a Ouagadougou", "newspaper": "LePoint", "author": ["AFP"], "date_publi": "2017-08-14", "content": "Une \"attaque terroriste\" a ete menee dimanche soir contre un cafe-restaurant a Ouagadougou, faisant au moins 17 morts et une dizaine de blesses, a annonce le gouvernement burkinabe. Les forces speciales ont lance l'assaut contre les assaillants retranches. \"Aux environs de 21 heures, une attaque terroriste a touche le restaurant Istanbul sur l'avenue Kwame Nkrumah a Ouagadougou\", a declare le gouvernement dans un communique. \"Cette attaque a fait pour l'instant 17 victimes dont les nationalites restent a preciser et huit blesses\", indique le communique. Le restaurant Istanbul est situe a environ 200 metres du cafe Cappuccino, qui avait ete en janvier 2016 la cible d'une attaque jihadiste sanglante, revendiquee par Al-Qaida au Maghreb islamique (AQMI). Cette attaque avait fait 30 morts et 71 blesses, en majorite des etrangers. Les assaillants, dont le nombre n'est pas connu, \"sont confines dans un etage de l'immeuble qu'ils ont attaque\", a declare le ministre burkinabe de la communication Remis Dandjinou a la television nationale, lors d'un flash d'information. \"Les forces de defense et de securite et l'unite d'elite de la gendarmerie sont en operation\", a-t-il dit. Selon un officier de l'armee s'exprimant sous couvert d'anonymat, \"il y a des otages retenus au premier et au deuxieme etages du batiment de deux etages\" qui abrite le cafe-restaurant se trouvant au rez-de-chaussee. Selon un serveur du restaurant Istanbul, l'attaque a debute vers 21h30 heure locale (meme heure GMT). \"Trois hommes sont arrives a bord d'un vehicule 4x4 vers 21h30, sont descendus du vehicule et ont ouvert le feu sur les clients assis sur la terrasse\" de ce cafe frequente par une clientele expatriee, a indique ce serveur s'exprimant sous couvert d'anonymat. La police a evacue des civils avant l'arrivee de l'armee et de la gendarmerie qui ont tout de suite lance l'assaut, et les tirs, nourris au depart, sont ensuite devenus sporadiques, a rapporte un journaliste de l'AFP. \"Actuellement nous sommes debordes\", a confie un chirurgien a l'AFP sous couvert d'anonymat. \"Nous avons recu une dizaine de blesses, dont trois qui sont decedes. La situation des autres blesses est tres critique. Trois sont pris en charge actuellement en bloc operatoire\". \"Nous avons evacue onze personnes mais un (homme) est decede des notre arrivee a l'hopital. Il s'agit d'un Turc. Une dame a egalement succombe a ses blessures a l'hopital\", a declare un ambulancier. Le maire de Ouagadougou, Armand Beouinde, le ministre de la Securite, Simon Compaore, et le ministre de l'Energie, Alpha Omar Dissa, sont arrives sur les lieux de l'attaque. L'avenue s'est videe de ses passants immediatement apres l'attaque, seuls des vehicules des forces de securite et des ambulances etaient visibles, selon le journaliste de l'AFP. Le mode operatoire de cet attentat est similaire a celui du 15 janvier 2016. Un commando avait attaque le cafe Cappuccino et plusieurs autres etablissements, l'hotel Splendid, l'hotel Yibi et le Taxi-Brousse, situes sur l'avenue Kwame N'Krumah, comme le restaurant Istanbul. Frontalier du Mali et du Niger, le Burkina Faso est le theatre d'attaques jihadistes regulieres depuis 2015. En decembre 2016, une douzaine de soldats burkinabe avaient ete tues dans une attaque contre un detachement de l'armee base dans le nord du pays. En octobre 2016, une precedente attaque avait fait six morts, quatre militaires et deux civils. Plusieurs enlevements ont aussi ete perpetres, de Burkinabe comme d'etrangers. Un Australien et un Roumain, enleves en 2015, sont toujours captifs de groupes islamistes lies a Al-Qaida. Le Burkina Faso, petit Etat sahelien d'Afrique de l'Ouest, pauvre et enclave, a reaffirme le 18 juillet la necessite de \"lutter contre le terrorisme\" avec son voisin la Cote d'Ivoire, egalement touchee par un attentat jihadiste en 2016. 14/08/2017 05:29:43 - Ouagadougou (AFP) - (c) 2017 AFP ", "theme": "monde"}