{"id_art": "2d97020f69a5d4508538ddd84c18e883", "title": "Le Roux : les \"elucubrations d'Estrosi font le jeu des terroristes\"", "newspaper": "LePoint", "author": ["Source AFP"], "date_publi": "2015-04-27", "content": " Le chef des deputes socialistes s'est insurge apres que le maire de Nice a estime que la France devait faire face a des \"cinquiemes colonnes\" islamistes. Pour Bruno Le Roux (PS), les declarations de l'UMP Christian Estrosi sur une troisieme guerre mondiale et des cinquiemes colonnes islamistes sont des \"elucubrations\" qui \"font le jeu des terroristes\". Sur i>Tele, le chef de file des deputes socialistes s'est insurge : \"Cela fait dire a Christophe Castaner, le candidat que je soutiens dans cette region, qu'il a deux candidats d'extreme droite dans cette campagne. Je pense que c'est la realite.\" Le depute-maire PS de Forcalquier (Alpes-de-Haute-Provence) affronte celui de Nice et la deputee FN du Vaucluse Marion Marechal-Le Pen pour les regionales en Paca. \"Il y a des elucubrations qui, quelquefois, peuvent etre amusantes. Celles-la, les elucubrations extremistes, elles font pour partie le jeu des terroristes\", a poursuivi Bruno Le Roux. \"Parce que ce discours, ils l'aiment.\" \"Vouloir faire en sorte d'etre dans la suspicion generalisee en parlant de cinquieme colonne\", \"je trouve ca particulierement grave\", a dit l'elu de Seine-Saint-Denis. Christian Estrosi a affirme dimanche que la France devait faire face a des \"cinquiemes colonnes\" islamistes et qu'une \"troisieme guerre mondiale\" etait declaree a \"la civilisation judeo-chretienne\" par \"l'islamo-fascisme\". ", "theme": "politique"}