{"id_art": "eedc862a11821ee1d8ce52d563da8f25", "title": "Laurent Fabius : le climat et le terrorisme, les defis du XXIe siecle", "newspaper": "LePoint", "author": ["Source AFP"], "date_publi": "2015-11-21", "content": " Le ministre des Affaires etrangeres estime que le president syrien doit quitter le pouvoir. Il doit accompagner Francois Hollande a Washington mardi. Le president syrien Bachar el-Assad doit quitter le pouvoir, pour Laurent Fabius. Il << ne peut pas etre l'avenir de la Syrie >>, a affirme le ministre des Affaires etrangeres, lors d'un entretien a l'AFP a Pretoria, en marge d'une reunion preparatoire a la COP21. << La solution au probleme syrien est de nature politique et nous considerons pour notre part que monsieur Bachar el-Assad ne peut pas etre l'avenir de la Syrie >>, a indique le ministre. << Il faut eradiquer les terroristes, et nous concentrons toutes nos forces pour lutter contre Daesh. Ce n'est pas nouveau >>, a-t-il cependant ajoute, precisant qu'il se rendrait a Washington mardi et a Moscou jeudi avec Francois Hollande ou ils << discuteront de ces questions >>, avec Vladimir Poutine notamment. Laurent Fabius est egalement revenu sur l'attaque terroriste qui a eu lieu au Mali vendredi, indiquant qu'il n'y avait eu << heureusement aucune victime francaise >>. << La France est presente dans l'ensemble de la region a travers la force Barkhane, et evidemment nous entendons maintenir notre presence. L'ONU entend maintenir la sienne et nous avons fait adopter a l'unanimite aux Nations unies une resolution contre le terrorisme >>, a-t-il explique. Le Conseil de securite de l'ONU a adopte a l'unanimite vendredi une resolution francaise qui permet de << prendre toutes les mesures necessaires >> pour combattre le groupe Etat islamique (EI), qui a revendique les attaques du 13 novembre a Paris. Evoquant la situation securitaire en France apres ces attentats qui ont fait 130 morts, Laurent Fabius a insiste sur le fait que la conference mondiale sur le climat qui doit se tenir dans la capitale francaise du 30 novembre au 11 decembre demeurait << de toutes les manieres >> une priorite. << Malgre le contexte particulier et la crainte d'attentats, plus de 140 chefs d'Etat seront presents >>, a-t-il assure, rappelant qu'aucun ne s'etait desiste. << Il y a deux grands defis au XXIe siecle : le terrorisme et le changement climatique. L'objectif reste le meme : obtenir un accord universel, durable et juridiquement contraignant. Mais outre cet accord, il y aura aussi des engagements pris par nombreuses villes et de nombreuses entreprises ont pris des engagements, et c'est une nouveaute >>, a-t-il poursuivi. Au sujet de l'annulation des manifestations autour de la COP21, Laurent Fabius a tenu a rassurer, precisant que l'evenement restait << tres ouvert a la societe civile puisqu'il y aura au sein meme de la conference plus de 350 evenements et que << toutes les manifestations dans des endroits fermes ont ete maintenues >>. En raison des attentats de la semaine derniere, aucune manifestation ne pourra se derouler en France a l'occasion de la COP21. Samedi dans la journee, le chef de la diplomatie francaise s'est entretenu avec le president sud-africain Jacob Zuma, notamment au sujet du nucleaire. Cinq pays (France, Russie, Etats-Unis, Chine, Coree du Sud) sont sur les rangs pour empocher le contrat de la construction de six a huit reacteurs nucleaires en Afrique du Sud (9 600 MW), a l'issue d'un appel d'offres qui devrait etre lance dans les semaines a venir. << La France se prepare a faire une offre tres large en ce qui concerne le nucleaire, a la fois sur l'equipement, la securite, la formation et le financement >>, a indique Laurent Fabius. L'Afrique du Sud detient pour le moment la seule centrale nucleaire du continent africain, a trente kilometres au nord du Cap (sud) ou les deux reacteurs de Koeberg produisent 1 830 MW, soit 4,4 % de l'approvisionnement national. ", "theme": "monde"}