{"id_art": "d1cb9aeabe5070447bfec1271b96f7b6", "title": "Turquie : un journaliste inculpe de \"propagande terroriste\"", "newspaper": "LePoint", "author": ["Source AFP"], "date_publi": "2016-12-30", "content": " Ahmet Sik l'un des journalistes turcs les plus reputes, a ete inculpe vendredi a Istanbul de \"propagande terroriste\" pour plusieurs publications. Ahmet Sik, l'un des journalistes turcs les plus reputes, a ete inculpe vendredi a Istanbul de << propagande terroriste >> pour plusieurs publications, selon des medias officiels, apres des arrestations qui soulevent des inquietudes sur la liberte d'expression. Connu pour sa plume irreverencieuse et ses enquetes corrosives, le journaliste avait ete arrete la veille. Il est poursuivi notamment pour des tweets qualifies de propagande en faveur du Parti des travailleurs du Kurdistan (PKK), classe terroriste par la Turquie, selon l'agence officielle Anadolu. Il lui est egalement reproche des articles critiquant les services secrets turcs dans le quotidien Cumhuriyet, un opposant au president Recep Tayyip Erdogan. Ce journal a ete decapite le mois dernier avec l'arrestation de son patron, de son redacteur en chef et d'une douzaine de ses journalistes. Ahmet Sik, laureat du Prix mondial de la presse Unesco/Guillermo Cano en 2014, est surtout connu pour son livre L'Armee de l'Imam, publie en 2011, qui affirme reveler comment les partisans du predicateur Fethullah Gulen ont infiltre la bureaucratie turque et scelle une alliance avec le pouvoir en place. Ancien allie du president Recep Tayyip Erdogan, dont il est devenu la bete noire, Fethullah Gulen est designe par Ankara comme l'instigateur du putsch manque de juillet et vie actuellement aux Etats-Unis. Selon l'agence Anadolu, Ahmet Sik avait egalement ete accuse par le passe de faire de la propagande pour le parti d'extreme gauche DHKP-C et pour Fethullah Gulen. Ahmet Sik avait deja ete emprisonne en 2011 et 2012 ainsi que 375 jours durant l'enquete sur le reseau << Ergenekon >> accuse d'avoir fomente un coup d'Etat en 2013. Son inculpation intervient au lendemain de la remise en liberte de la celebre romanciere turque Asli Erdogan qui risque toutefois, comme ses huit co-accuses, la prison a vie pour appartenance a une << organisation terroriste >>, apres avoir collabore a un journal prokurde Ozgur Gundem. Les purges et les vagues d'arrestations qui ont suivi la tentative de putsch du 15 juillet ont souleve de vives inquietudes en Europe sur la liberte de la presse et d'expression en Turquie. La Turquie est 151e au classement mondial de la liberte de la presse etabli par l'ONG Reporters sans Frontieres (RSF) en 2016, derriere le Tadjikistan et juste devant la Republique democratique du Congo. ", "theme": "monde"}