{"id_art": "45e9eb37a63ad8b785c2b32475006059", "title": "Turquie : le representant de RSF inculpe pour \"propagande terroriste\"", "newspaper": "LePoint", "author": ["Source AFP"], "date_publi": "2016-06-20", "content": " Deux intellectuels turcs de renom ont egalement ete places en detention provisoire. Ils sont tous les trois accuses de soutenir la cause kurde. L'etau sur la presse en Turquie s'est encore resserre lundi avec l'inculpation pour << propagande terroriste >> du representant de Reporters sans frontieres (RSF) dans le pays ainsi que de deux intellectuels turcs de renom accuses de soutenir la cause kurde, places en detention provisoire. La justice reproche a Erol Onderoglu, qui represente RSF depuis 1996 en Turquie, ainsi qu'a Ahmet Nesin et Sebnem Korur Fincanci, d'avoir participe a une campagne de solidarite avec la presse pro-kurde en mai dernier. Ils sont poursuivis pour trois articles qui traitaient de luttes d'influence entre diverses forces de securite turques et des operations en cours contre les rebelles du Parti des travailleurs du Kurdistan (PKK) dans le Sud-Est anatolien. Une centaine de personnes venues les soutenir au palais de justice d'Istanbul ont scande << Nous ne cederons pas aux pressions >> a l'enonce du jugement, selon les images diffusees sur les reseaux sociaux. Les trois suspects ont par la suite ete menottes et conduits a une maison d'arret de la megapole turque par la police. << Le procureur qui nous a entendus a reclame que nous soyons inculpes et ecroues pour propagande terroriste >>, en faveur du PKK, mouvement arme considere comme terroriste par bon nombre de pays, a explique Erol Onderoglu au telephone a l'Agence France-Presse juste avant son inculpation. Ces trois personnes ont ete inculpees au nom de la legislation antiterroriste turque, pomme de discorde avec l'Union europeenne qui souhaiterait voir son champ d'application fortement restreint. Ces trois militants de la cause kurde et des libertes en general avaient pris en mai dernier symboliquement a tour de role la direction du journal pro-kurde Ozgur Gundem, dans le collimateur de la justice et des autorites turques depuis des annees. Une procedure judiciaire avait ensuite ete lancee a leur encontre. Ahmet Nesin est un ecrivain et intellectuel connu tandis que Sebnem Korur Fincanci, professeur de medecine legale, preside la Fondation des droits de l'homme (TIHV). RSF a vivement denonce sur Twitter le jugement des magistrats turcs : << la liberte de la presse est tombee a un niveau incroyablement bas >>, a dit l'organisation de defense des droits de la presse basee a Paris. Notre correspondant @ErolOnderoglu a ete arrete en #Turquie. C'est honteux et aberrant ! #LibertedelaPresse pic.twitter.com/NBksm77fnS Avant leur inculpation, RSF avait deja condamne dans un communique une demarche judiciaire << aberrante et profondement honteuse >> vis-a-vis de son representant. << L'organisation reaffirme son soutien inconditionnel a son representant et appelle a abandonner toutes les poursuites dans cette affaire >>, souligne le texte. La Turquie occupe la 151e place sur 180 dans le classement 2016 de la liberte de la presse, publie par RSF. Le regime islamo-conservateur du president Recep Tayyip Erdogan, au pouvoir depuis 2002, est accuse de museler la presse independante en Turquie et d'avoir ces derniers mois multiplie les coups de boutoir contre les medias. Can Dundar, redacteur en chef du journal d'opposition Cumhuriyet, condamne en mai a cinq ans et dix mois de prison pour << divulgation de secrets d'Etat >> pour avoir revele que le regime turc livrait des armes aux groupes djihadistes en Syrie, a aussi reagi sur Twitter. << Il n'est pas question de ceder. Nous devons a present reprendre le flambeau et soutenir Ozgur Gundem >>, a ecrit le journaliste, qui reste en liberte jusqu'a ce que la cour d'appel tranche sur son cas. Le sud-est de la Turquie vit au rythme des combats quotidiens entre forces de securite turques et rebelles depuis la reprise l'ete dernier des hostilites qui a sonne le glas de deux ans de pourparlers de paix entre Ankara et le PKK en vue de mettre un terme a une rebellion qui a fait 40 000 morts depuis 1984. Dimanche soir, M. Erdogan a affirme devant la presse que plus de 7 000 rebelles du PKK avaient ete << neutralises >> lors des combats qui ont fait plus de 600 morts parmi les forces de securite turques. ", "theme": "monde"}