{"id_art": "c480d4c27f11fd54c99e63b2e7489db5", "title": "Fausse alerte terroriste a Paris : les deux mineurs mis en examen", "newspaper": "LePoint", "author": ["Source AFP"], "date_publi": "2016-09-22", "content": " Les deux adolescents de 14 et 16 ans interpelles en debut de semaine apres la fausse alerte de samedi ont ete mis en examen et places en foyer educatif. Deux adolescents de 16 et 14 ans ont ete mis en examen pour leur implication presumee dans une fausse alerte qui avait provoque une vaste operation antiterroriste samedi a Paris, a indique jeudi le parquet de Paris. Les deux mineurs ont ete mis en examen pour appels telephoniques malveillants, divulgation de fausses informations afin de faire croire a une destruction dangereuse, denonciation de crime imaginaire, usurpation d'identite, piratage informatique et violences volontaires en reunion, a precise le parquet, ajoutant qu'ils avaient ete places au sein d'un foyer educatif. Lyceen en seconde, D. , 16 ans, a ete arrete lundi a Vitry-le-Francois (Marne). Il est soupconne d'etre l'un des deux hackers qui ont pirate la ligne telephonique de l'eglise Saint-Leu, dans le quartier parisien des Halles, pour appeler les forces de l'ordre et leur faire croire qu'une prise d'otages etait en cours dans l'edifice. Scolarise en troisieme, M., 14 ans, arrete en Lozere mardi, est suspecte d'avoir participe a l'operation. Les deux garcons semblent se connaitre uniquement sur les reseaux sociaux. Le second hacker, que l'on entend dans l'appel telephonique aux forces de l'ordre, est toujours recherche. Devant les enqueteurs de la brigade criminelle, D. a reconnu etre la personne cachee sous le pseudo \"Tylers Swatting\" et etre implique dans les faits, a indique a l'Agence France-Presse, une source proche de l'enquete. Il est egalement soupconne \"d'etre derriere d'autres fausses alertes envoyees en septembre et visant des colleges, des lycees et autres lieux publics\", notamment des grands magasins, a souligne cette source. L'appel telephonique, passe samedi en milieu d'apres-midi, avait declenche une vaste operation de police, avec l'intervention des hommes de la Brigade de recherche et d'intervention (BRI). Le secteur avait ete boucle et des riverains evacues ou confines. Via l'application pour smartphone SAIP (Systeme d'alerte et d'information aux populations), les autorites avaient meme delivre un message \"eglise - alerte attentat\". Sur fond de menace inedite en France et deux mois apres l'assassinat d'un pretre en pleine messe par deux djihadistes dans une eglise de Saint-Etienne-du-Rouvray (Seine-Maritime), cette operation des forces de l'ordre avait cree un important emoi, notamment sur les reseaux sociaux, avant que l'alerte ne soit rapidement levee. Deux protagonistes du canular, utilisant les pseudonymes de \"Tylers Swatting\" et \"Zakhaev Yamaha\", s'etaient mis en scene sur les reseaux sociaux, le premier se vantant d'avoir \"fait le pire swat\", en faisant deplacer \"des helicos, le gouvernement, 50 voiture (sic) de flics\". Le lendemain, ils avaient revendique leur action, disant \"rechercher le buzz\". Le \"swatting\", qui tire son nom du service de police Swat (equivalent americain du GIGN), est un canular telephonique qui consiste a faire deplacer les unites d'intervention pour une fausse urgence. Une technique deja utilisee par le hacker franco-israelien Gregory Chelli, alias Ulcan, dont les deux adolescents se sont dits des admirateurs. Le ministre de l'Interieur Bernard Cazeneuve avait annonce lundi que l'Etat allait se constituer partie civile afin \"d'obtenir reparation\", precisant qu'une \"evaluation du prejudice financier\" avait ete demandee. ", "theme": "societe"}