{"id_art": "9c19459e9c509af238f8f5adae8e035d", "title": "Marine Le Pen: \"Tout a ete fait pour que nous perdions la guerre\" contre le terrorisme", "newspaper": "LePoint", "author": ["AFP"], "date_publi": "2017-04-21", "content": "Marine Le Pen, candidate FN a la presidentielle, a estime vendredi, au lendemain de l'attaque sur les Champs-Elysees, que \"depuis dix ans, sous les gouvernements de droite et de gauche, tout a ete fait pour que nous perdions\" la \"guerre\" contre le terrorisme. \"La guerre qui nous est menee est asymetrique, revolutionnaire, elle a pour objectif notre soumission a une ideologie meurtriere (...). Cette guerre nous est menee sans pitie et sans repit. Chacun comprendra que nous ne pouvons pas la perdre. Or depuis dix ans, sous les gouvernements de droite et de gauche, tout a ete fait pour que nous la perdions\", a denonce Mme Le Pen depuis son QG de campagne parisien. Au lendemain d'un attentat sur les Champs-Elysees au cours duquel un policier a ete tue, et a deux jours du premier tour de la presidentielle, la presidente du FN a estime qu'il fallait une \"presidence qui agisse et qui protege (...). La reponse doit etre globale, totale.\" \"A ce president notoirement defaillant, a ce gouvernement ephemere, use par l'inaction (...), je ne demande que l'ultime sursaut, avant de quitter le pouvoir\", a-t-elle commence, plaidant ensuite \"solennellement\" pour \"la restauration effective de nos frontieres\" et \"le traitement administratif ou penal immediat des fiches S\". Mme Le Pen, qui a evoque encore \"dix ans d'aveuglement\", visant les quinquennats Sarkozy et Hollande, a liste diverses mesures a ses yeux necessaires concernant ces fiches S: \"expulsion immediate\" de ceux etrangers, \"decheance de nationalite\" pour ceux binationaux, \"poursuites pour intelligence avec l'ennemi\" pour ceux Francais. Elle a aussi evoque le \"recrutement de 15.000 policiers et gendarmes\", et l'\"abrogation des lois penales ultra laxistes Dati et Taubira\". \"Nous ne pourrons gagner cette guerre, si nous ne mettons pas fin immediatement au laxisme penal inoui qui a permis\" selon elle a l'assaillant, vise par une enquete antiterroriste pour avoir manifeste son intention de tuer des policiers, \"de reussir sa quatrieme tentative d'assassinat contre les policiers\", a dit Mme Le Pen. Le suspect de l'attaque avait ete condamne en fevrier 2005 a quinze ans de reclusion pour trois tentatives d'homicide volontaire, dont deux visant des policiers. Il avait reconnu les faits lors de son proces en appel. En premiere instance en 2003 devant une cour d'assises, il avait ete condamne a 20 ans de reclusion criminelle. \"Elue presidente de la Republique, je mettrai en oeuvre immediatement et sans faiblesse ce plan de bataille contre le terrorisme islamiste et le laxisme penal pour mettre en protection les Francais\", a-t-elle promis. \"Marine Le Pen est prete a tout et a utiliser tous les evenements pour pouvoir grappiller quelques pourcentages\", a critique le patron du PS, Jean-Christophe Cambadelis, sur LCI. 21/04/2017 12:32:08 - Paris (AFP) - (c) 2017 AFP ", "theme": "societe"}