{"id_art": "5fb3c1c8aa381692801c7d2551a4eea1", "title": "Centres de retention contre le terrorisme: proposition \"sotte et absurde\", pour Place", "newspaper": "LePoint", "author": ["AFP"], "date_publi": "2016-06-15", "content": "Le secretaire d'Etat a la Reforme de l'Etat et la Simplification, Jean-Vincent Place, a juge mercredi \"sotte et absurde\" la proposition de creer des centres de retention pour les personnes radicalisees, mise en avant a droite dans la foulee du double meurtre de Magnanville. \"C'est vraiment les propositions les plus sottes et absurdes que j'ai entendues\", a reagi l'ecologiste devant l'Association des journalistes parlementaires (AJP), estimant que placer dans des centres de retention les quelque 10.000 fiches \"S\", dont \"a peine 1.000 seraient concernes par la question du terrorisme\", reviendrait notamment a creer des \"foyers de radicalisation\". \"J'espere que pour le coup, il y a des gens qui se diront quand meme que si ces gens la reviennent au pouvoir, on arrivera dans des logiques securitaires, qui d'ailleurs en fait ne font que renforcer qu'une seule personne, qui n'a pas besoin de parler, c'est Mme Le Pen\", a ajoute le president de l'Union des democrates et des ecologistes (UDE), martelant que ce sont \"des solutions idiotes et contreproductives\". Apres le meurtre a leur domicile d'un policier et de sa compagne par un homme se reclamant de l'organisation Etat islamique, certains responsables de droite, notamment Eric Ciotti (LR), ont plaide des mardi matin pour la mise en place de \"centres de retention\" pour les personnes fichees radicalisees les plus dangereuses. 15/06/2016 15:14:30 - Paris (AFP) - (c) 2016 AFP ", "theme": "politique"}