{"id_art": "f14e22bac2523f0e994a4b3adfd70090", "title": "Le decevant sommet d'Obama contre le \"terrorisme\"", "newspaper": "LePoint", "author": ["Source AFP"], "date_publi": "2015-02-20", "content": " Plus de 60 gouvernements et organisations etaient presents lors de cette reunion de 3 jours qui n'a cependant debouche sur aucune mesure concrete. Les Etats-Unis ont cherche jeudi a mobiliser la communaute internationale contre le \"terrorisme\" djihadiste, lors d'un sommet mondial a Washington qui n'a toutefois accouche d'aucune mesure concrete. Le president Barack Obama et son secretaire d'Etat John Kerry ont boucle a Washington une gigantesque reunion de trois jours \"contre l'extremisme violent\", en presence de representants de plus de 60 gouvernements et organisations, dont le secretaire general de l'ONU Ban Ki-moon, celui de la Ligue arabe Nabil al-Arabi, la chef de la diplomatie europeenne Federica Mogherini, le ministre de l'Interieur francais Bernard Cazeneuve ou encore le chef du renseignement russe Alexandre Bortnikov. Un rendez-vous prepare de longue date par la Maison-Blanche et qui etait cense prendre toute sa resonance apres les attentats islamistes de Paris et Copenhague et en pleine offensive militaire contre le groupe Etat islamique en Irak et en Syrie. \"Nous sommes ici aujourd'hui parce que nous sommes unis contre le fleau de l'extremisme violent et du terrorisme\", a lance Barack Obama, exhortant les gouvernements allies a rester \"inebranlables dans le combat contre des organisations terroristes\". Mais, a prevenu le president americain, cette lutte \"n'a rien a voir avec le fait d'etre juif, chretien ou musulman : nous sommes tous dans le meme bateau et nous devons nous epauler pour sortir de cette crise\". Barack Obama, comme le fait toute son administration depuis des mois, a bien pris soin de ne jamais parler de \"lutte contre l'islamisme radical\" : une precaution de langage destinee a ne pas stigmatiser l'islam mais que l'opposition americaine republicaine lui reproche. Aux yeux du president democrate, \"l'idee selon laquelle l'Occident est en guerre avec l'islam est un horrible mensonge\", tout comme l'est l'hypothese que \"nous serions engages dans un choc des civilisations\". Barack Obama avait marque les debuts de sa presidence en 2009 par un discours reste fameux au Caire ou il avait tendu la main au monde musulman. Mais son adversaire politique, le senateur republicain John McCain, a retorque dans un tweet que \"l'idee selon laquelle l'islam radical n'est pas en guerre avec l'Occident est un horrible mensonge\". Le chef de la diplomatie John Kerry a prefere inscrire la lutte contre le \"terrorisme\", notamment islamiste, dans le cours de l'histoire contemporaine : \"Le XXe siecle s'est defini par la lutte contre la grande depression economique, l'esclavage, le fascisme et le totalitarisme. C'est maintenant a notre tour. (...) On nous demande aujourd'hui de mener une nouvelle guerre contre un nouvel ennemi\", s'est-il exclame, parlant du \"combat fondamental de notre generation\". Pour son homologue jordanien, Nasser Judeh, il s'agit meme de la \"troisieme guerre mondiale (...) notre guerre en tant que musulmans (...) notre guerre collective en tant que communaute internationale\". De fait, a rencheri Ban Ki-moon, \"l'emergence d'une nouvelle generation de groupes terroristes comme Daesh (acronyme arabe de l'EI, NDLR) et (le groupe islamiste nigerian) Boko Haram represente une grave menace pour la paix et la securite mondiale\". Outre le fait que Washington s'alarme que ces organisations controlent de vastes pans de territoires, il estime que plus de 20 000 combattants etrangers de plus de 100 pays ont rejoint l'EI en quelques mois, dont 4 000 venus d'Europe. C'est \"sans precedent\", a releve John Kerry et c'est autant que le nombre de djihadistes partis \"se battre en Afghanistan dans les annees 1980 (...) au cours d'une decennie\". Bernard Cazeneuve a reaffirme que \"plus de 400 jeunes Francais sont aujourd'hui presents dans la zone irako-syrienne\" et que \"pres de 1 400 Francais sont impliques, d'une facon ou d'une autre, dans les filieres combattantes\". La conseillere a la securite nationale de la Maison-Blanche, Susan Rice, a confirme l'engagement de son pays a accelerer le partage de renseignements avec ses allies sur les djihadistes etrangers. Mais, au-dela des appels au \"rassemblement\" de la communaute internationale, la reunion n'a produit aucune mesure concrete. Un \"sommet sans contenu\", a tonne le representant republicain Michael McCaul. D'autres, anonymes, ont moque un \"colloque sans interet\". Le communique final de la Maison-Blanche a toutefois vante \"un plan d'action contre l'extremisme violent\" adopte par les participants et cense produire \"des avancees concretes (...) au cours d'un sommet qui se tiendra en marge de l'Assemblee generale de l'ONU\" en septembre prochain. \"Il nous faudra peut-etre des annees, voire des decennies, pour reussir, mais nous l'emporterons\", a assure Mme Rice. ", "theme": "monde"}