{"id_art": "960c449d5b2ef43a9e072aff6cfbc809", "title": "\"Attaque terroriste\" en Jordanie: l'auteur presume arrete (gouvernement)", "newspaper": "LePoint", "author": ["AFP"], "date_publi": "2016-06-06", "content": "Les autorites jordaniennes ont annonce lundi soir l'arrestation de l'auteur presume de l'\"attaque terroriste\" qui a tue cinq agents du renseignement plus tot dans la journee au nord d'Amman, evoquant un \"acte isole et individuel\". Le porte-parole du gouvernement, Mohamed Momani, a annonce l'arrestation du suspect sans l'identifier. \"Les investigations sont en cours mais les premiers indices font penser a un acte individuel et isole\", a ajoute M. Momani. Cinq membres des services des renseignements avaient peri tot lundi matin dans une attaque contre leur bureau dans le camp de refugies palestiniens de Baqa'a, a 20 km au nord d'Amman. L'attaque, qui coincidait avec le premier jour de ramadan, mois sacre de jeune pour les musulmans, n'a pas ete revendique jusqu'ici. Une sources des services de securite a precise a l'AFP que le suspect, un Jordanien de 20 ans, avait ete arrete dans une mosquee dans la region de Salt au nord d'Amman. Le suspect, qui etait arme, a resiste aux policiers avant d'etre arrete, selon la meme source qui a fait etat d'un policier blesse. Ouvert en 1968 pour accueillir les refugies palestiniens apres la guerre israelo-arabe de 1967, le camp de refugies de Baqa'a est devenu une ville rongee par la pauvrete et le chomage. Il compte plus de 100.000 refugies enregistres aupres de l'agence des Nations unies pour l'aide aux refugies palestiniens (UNRWA). Dans la matinee une source des services de securite avait indique a l'AFP que \"selon les informations preliminaires, l'attaque (avait) ete menee par une seule personne qui a tire sur les martyrs (...) d'une arme automatique avant de prendre la fuite\". Cette source n'etait pas en mesure de preciser si l'assaillant venait du camp de Baqa'a. Les cinq victimes ont ete enterrees dans l'apres-midi, chacune dans sa ville d'origine, en presence de centaines de personnes dont des membres des services de securite. - 'Sedition' - \"Le choix de ce camp pour perpetrer cette attaque est une tentative de semer la sedition (entre Palestiniens et Jordaniens) dans ce pays\", a declare a l'AFP un ancien depute, Mahmoud al-Kharabcha, qui se trouvait sur les lieux. La Jordanie accueille au total deux millions de refugies palestiniens enregistres par l'UNRWA. \"Ce qui s'est passe etait prevu. La Jordanie se trouve au coeur du cyclone et partage de longues frontieres avec la Syrie et l'Irak\", a ajoute M. al-Kharabcha. Dans un communique, les Freres musulmans, principale force d'opposition dans le pays, ont condamne \"un crime odieux et un acte terroriste lache\", soulignant la \"necessite de preserver la stabilite du pays\". Jusqu'ici, la Jordanie a ete relativement epargnee par les violences qui secouent ses voisins irakien et syrien. Mais le royaume participe depuis 2014 a la coalition internationale contre le groupe Etat islamique (EI) en Irak et en Syrie, conduite par les Etats-Unis. En mars, Amman avait annonce avoir dejoue des attaques de l'EI apres un vaste coup de filet qui s'etait solde par la mort de sept jihadistes presumes. En novembre, un policier jordanien avait tue cinq personnes par balles, dont deux instructeurs americains et un sud-africain avant d'etre abattu, dans un centre de police pres d'Amman. Cette attaque, dont les motivations restent inconnues, avait eu lieu dix ans jour pour jour apres une serie d'attentats meurtriers revendiques par Al-Qaida contre des hotels a Amman, dans lesquels une soixantaine de personnes avaient ete tuees. 06/06/2016 23:54:53 - Amman (AFP) - (c) 2016 AFP ", "theme": "monde"}