{"id_art": "e9cb6edfa2c13b3b6a98b64a95c6d5ad", "title": "Apologie du terrorisme : plainte de victimes contre Rouillan", "newspaper": "LePoint", "author": ["Source AFP"], "date_publi": "2016-03-08", "content": " Il avait qualifie de \"courageux\" les auteurs des attentats djihadistes de novembre. Une association qualifie ses propos de \"bouillie intellectuelle\". Apres avoir qualifie de << courageux >> les auteurs des attentats djihadistes de novembre, le cofondateur d'Action directe Jean-Marc Rouillan doit faire face a la colere des associations. L'Association francaise des victimes du terrorisme (AFVT) va porter plainte pour << apologie du terrorisme >>, a-t-elle indique dans un communique. Lundi, le parquet de Paris avait ouvert une enquete preliminaire visant le cofondateur d'Action directe apres ses propos tenus dans une interview au mensuel marseillais Le Ravi de mars. << Moi, je les ai trouves tres courageux, en fait. Ils se sont battus courageusement : ils se battent dans les rues de Paris (alors qu'ils) savent qu'il y a 2 000 ou 3 000 flics autour d'eux >>, y declare Jean-Marc Rouillan. Des declarations qualifiees de << bouillie intellectuelle >> par l'AFVT. Ces propos sont << dans une indecence absolue a l'egard des victimes de ce massacre >>, ajoute-t-elle, estimant que Rouillan << se vautre (...) une fois de plus dans la violence >>. Condamne pour assassinats, le cofondateur d'Action directe, organisation armee d'extreme gauche qui commettait dans les annees 1980 assassinats et attentats, est actuellement en liberte conditionnelle. Contacte lundi, il a dit assumer ses propos, tout en affirmant qu'il ne s'agissait << pas d'une valorisation du tout >> des djihadistes, dont il dit ne pas partager l'ideologie. << Ces propos sont une offense a la memoire des victimes et une blessure supplementaire pour des familles qui ont deja beaucoup endure >>, avait reagi le ministre de l'Interieur Bernard Cazeneuve, lors de son audition, lundi, par la commission d'enquete parlementaire mise en place apres les attentats. ", "theme": "societe"}