{"id_art": "fe53eacca4727415d1d0011550975826", "title": "Terrorisme: deux ans de prison pour consultation repetee de sites", "newspaper": "LePoint", "author": ["AFP"], "date_publi": "2016-08-08", "content": "Un homme de 31 ans a ete condamne lundi par le tribunal correctionnel de Chartres a deux ans de prison ferme pour avoir consulte de maniere repetee des sites lies a la commission d'actes terroristes, a-t-on appris de source judiciaire. Le tribunal, qui le jugeait en comparution immediate, l'a place sous mandat de depot a l'issue de l'audience, a-t-on precise de meme source, confirmant une information de L'Echo Republicain. Le parquet avait requis une peine d'un an de prison ferme. L'homme a ete interpelle a la fin de la semaine derniere a Chartres apres avoir ete repere par les services de renseignement. Les investigations ont montre qu'il avait pris l'habitude de consulter des sites internet faisant l'apologie du terrorisme, selon cette source. Sur son mur Facebook, l'homme aurait laisse entendre qu'il voulait voir detruite la Tour Montparnasse a Paris. \"Les enqueteurs n'ont pas trouve d'elements qui permettent de penser a un projet clairement etabli\", indique cette source judiciaire. \"Cet homme ne faisait pas l'objet d'une fiche S (qui signale notamment les islamistes radicaux, NDLR). C'est un solitaire qui avait coupe les ponts avec sa famille et vivait de maniere isolee\", selon la meme source. 08/08/2016 23:03:16 - Chartres (AFP) - (c) 2016 AFP ", "theme": "societe"}