{"id_art": "bd1e3168b888b195fd2009473ab0578c", "title": "Hollande: la France connait un \"haut niveau de menace\" terroriste", "newspaper": "LePoint", "author": ["AFP"], "date_publi": "2016-12-20", "content": "La France connait \"un haut niveau de menace\" terroriste mais a un plan de vigilance \"particulierement eleve aussi\", a declare mardi Francois Hollande au lendemain de l'attentat sur un marche de Noel a Berlin, faisant part de sa \"solidarite\" et sa \"compassion\" avec l'Allemagne. \"Nous avons un haut niveau de menace et nous avons un niveau et un plan de mobilisation et de vigilance particulierement eleves aussi\", a declare le chef de l'Etat a l'Elysee a l'issue d'un entretien avec le president du Senegal Macky Sall. \"Je voudrais exprimer ici au nom de la France notre solidarite et notre compassion a l'egard de l'Allemagne qui vient d'etre frappee par un attentat terroriste a Berlin\", a dit Francois Hollande, en preambule de sa declaration a la presse au cote de son homologue senegalais. Il a precise qu'il \"aurait a exprimer directement\" a la chanceliere Angela Merkel \"cet apres-midi\" sa \"compassion\" et son \"soutien\". \"La France sait ce que represente une attaque terroriste, ce qu'elle peut provoquer de desolation et egalement de malheur et combien il nous faut etre soudes, unis. Ca vaut pour un pays quand il est frappe, ca vaut pour toute l'Europe, et ca vaut meme pour le monde entier, face a la menace terroriste\", a-t-il souligne. \"Ici en France, toutes les consignes avaient deja ete donnees pour que nous puissions securiser autant qu'il est possible tous les lieux et notamment les marches de Noel et autres rassemblements\", a precise le chef de l'Etat. Le ministre de l'Interieur Bruno Le Roux a demande mardi aux Francais \"de s'amuser\", mais egalement \"d'etre prudents\" pour les fetes de fin d'annee. \"Je demande la vigilance de chacun, je demande a ce qu'il n'y ait pas de climat de peur. Nous assurons la protection de notre territoire et de nos concitoyens\", a assure Bruno Le Roux sur Europe 1. Le ministre de l'Interieur s'est rendu en fin de matinee au marche de Noel de Strasbourg, quelques heures seulement apres l'attaque de Berlin qui a fait au moins douze morts, une attaque qualifiee mardi par Angela Merkel d'\"attentat terroriste\". Il a juge satisfaisant l'imposant dispositif de securite mis en place pour ce marche. 20/12/2016 12:08:41 - Paris (AFP) - (c) 2016 AFP ", "theme": "politique"}