{"id_art": "a1c8543f5781c03e08b951dcc47e66ff", "title": "\"Khalil\", le visage d'un nouveau terrorisme au Bangladesh", "newspaper": "LePoint", "author": ["De notre correspondante au Bangladesh, Vanessa Dougnac"], "date_publi": "2017-01-25", "content": " Khalil, actuellement en detention illegale, appartient au mouvement Jamayetul Mujahideen Bangladesh, qui a revendique l'attentat de Dacca en juillet dernier. Autour de ses poignets, les menottes s'entrechoquent dans un leger cliquetis. Khalil (le prenom a ete modifie) est assis, les mains croisees sur ses genoux. La rencontre est secretement organisee alors que l'homme est illegalement detenu par une agence des forces de l'ordre du Bangladesh. Avec sa barbe clairsemee, Khalil a l'air a peine sorti de l'adolescence. Il a pourtant 22 ans. << Un gros poisson, commente un officier. Ce terroriste est actif et dangereux. >> Au nom de son organisation radicale, le Jamayetul Mujahideen Bangladesh (JMB, rebaptisee << neo-JMB >> par la police), Khalil a participe cet ete a trois meurtres. << Dans le Nord, j'etais charge de conduire a moto deux camarades, raconte-t-il. Pour ma premiere mission, le 20 mai, nous avons embusque et tue a la machette un docteur homeopathe, Mir Sanaur Rahman. >> Selon la meme methode, Khalil recommence le 5 juin, avec l'assassinat d'un chretien, Sunil Gomes. Et a nouveau le 10 juin, un moine hindou, Nityaranjan Pandey. Cache dans une planque aux abords de Dacca, Khalil a fini par etre pris recemment dans les filets des milliers d'arrestations de la police. En trois ans, une quarantaine de personnalites ont ete assassinees par des groupes islamistes dans ce pays de 160 millions d'habitants a la tradition musulmane pourtant tres moderee. Intellectuels, blogueurs et membres de minorites etrangeres et religieuses sont vises. Les atrocites ont atteint leur apogee le soir du 1er juillet, quand cinq assaillants ont penetre dans un cafe-restaurant de Gulshan, un quartier de Dacca prise par les expatries. Le commando a assassine 22 personnes, dont 18 etrangers, italiens et japonais pour la plupart. En depit des revendications emises par l'organisation Etat islamique (EI), le gouvernement impute ces attaques au JMB, le groupe de Khalil. Lui connaissait deux des assaillants de Gulshan. << Il y avait Bikash, un homme entraine avec lequel j'avais tue le docteur, dit-il. Et puis le leader, Rohan Imtiaz. >> Le profil de ce dernier a destabilise l'opinion : fils d'un politicien aise, il avait fait des etudes et rien ne laissait prevoir sa radicalisation. Khalil, lui, appartient a la categorie des djihadistes pauvres. Eleve par sa mere, il a grandi dans le Nord rural. Il a ete recrute par un certain << Naim >> dans une usine ou il travaillait : << J'ai alors ecoute des enregistrements de Jashim Uddin Rahmani, un religieux du groupe Ansarullah Bangla Team (ABT), affilie a Al-Qaida. J'ai ete bouleverse par les violences perpetrees contre les musulmans. Je me suis senti solidaire de cette fraternite. Je pensais qu'il fallait tuer les impurs. >> Le gouvernement dirige par la Premiere ministre Sheikh Hasina et son parti de la Ligue Awami repondent a la terreur par la terreur. Sous couvert de lutte contre le terrorisme, les autorites en profitent pour regler leurs comptes avec l'opposition et accusent le grand Parti nationaliste du Bangladesh (BNP) et le parti islamiste du Jamaat-e-Islami de comploter avec les radicaux. Mais Zafar Sobhan, le redacteur-en-chef du Dhaka Tribune, le rappelle : << C'est de la propagande. Il n'existe aucun lien entre le terrorisme et l'opposition. >> La chasse aux terroristes ouvre aussi la porte a de nombreuses derives. Le centre de defense des droits de l'homme Aain-o-Salish-Kendra (ASK) repertorie des cas croissants d'exactions. Entre janvier et octobre 2016, ses informations font etat de 82 enlevements, 151 morts et, de juillet a octobre, 33 militants tues. << Les chiffres explosent, s'inquiete le directeur M. Nur Khan. La Detective Branch (DB) et les unites d'elite du Rapid Action Battalion (RAB) abritent des centres de detention illegaux. Certains suspects sont innocents. D'autres sont retrouves morts. >> La police, de son cote, admet avoir tue dans des operations une cinquantaine de militants suspects, depuis l'attaque de Gulshan. Certes, les autorites s'efforcent d'eradiquer le terrorisme. Non seulement la securite des Bangladais est en jeu, mais aussi l'economie d'un pays qui pourrait etre vite desertee par les Occidentaux qui font tourner le secteur du textile. << Notre lutte antiterroriste porte ses fruits >>, assure Monirul Islam, qui dirige les 600 policiers de la jeune unite antiterroriste de la Detective Branch. Il est vrai que le Bangladesh est plus << calme >> depuis le 7 juillet. Mais, a long terme, les extremistes se regrouperont-ils ? Les autorites ont annonce fin decembre avoir dejoue une nouvelle attaque prevue par le JMB pour le nouvel an. Ces reseaux terroristes beneficient-ils du soutien de l'EI ? << L'EI n'exerce ici qu'une inspiration ideologique, minimise Monirul Islam. Il existe des contacts entre individus, mais pas de transferts d'argent ni d'echanges. >> Quant a Khalil, quel sera son sort ? Nous ne le saurons pas. En presence des officiers qui l'entourent, il dit regretter ses actes. Si un jour il est juge par un tribunal, il risque la peine de mort. Soudain, il s'agite. Le cliquetis de ses menottes tinte dans le petit bureau, alors que la nuit tombe sur la ville grouillante. << Si seulement je pouvais revoir ma mere... >>, souffle-t-il. Et Khalil, le terroriste, pleure. ", "theme": "monde"}