{"id_art": "8df8a3a3667002b96c1c0ee19f4e0ded", "title": "Ce que voient les terroristes quand ils nous regardent", "newspaper": "LePoint", "author": [" Julien Suaudeau", "Julien Suaudeau"], "date_publi": "2015-11-19", "content": " Julien Suaudeau est romancier. Dans \"Dawa\", paru en 2014 chez Robert Laffont, il racontait la preparation de six attaques kamikazes simultanees a Paris, un vendredi 13. \"Ils vivaient dans un etat de panique perpetuelle, assignes a residence dans un vide propice a toutes les barbaries, a toutes les illuminations, et il n'y avait qu'a leur peindre les paysages d'une contre-societe rebelle, d'une guerre civile au carburant ethnique et religieux, pour entretenir le feu de leur colere.\" Les terroristes sont sortis du livre, mais ils restent des marionnettes, idiots utiles de la grande cause qui a remplace le neant de leurs vies. Depuis vendredi soir, nous voila obliges de vivre l'histoire dont ils croient, dans leur stupidite infinie, etre les auteurs. Il n'est pas superflu, par reflexe d'autodefense ou pour mettre un peu d'ordre dans ce chaos, de regarder au fond de leur oeil vide. La terreur, invention contemporaine et proche-orientale ? \"La terreur, disait Robespierre, sans laquelle la vertu est impuissante.\" Ce sont nos cheres Lumieres qui ont accouche de ce vocable honni : non pas leur versant sage, universaliste et tolerant (Voltaire, Diderot, D'Alembert), mais le courant de pensee qui prend sa source chez Rousseau et s'accomplit dans le discours jacobin a partir de 1792. La terreur, c'est la forme \"pure\" de la radicalite revolutionnaire. Elle fonde notre Republique au moment ou la patrie est en danger, menacee a l'interieur par les forces contre-revolutionnaires, et a ses frontieres par les monarchies europeennes. Elle est a la fois notre creation et notre heritage. La lecture girondine de la Revolution francaise peut bien en faire une perversion des ideaux de 1789, Declaration des droits de l'homme en tete, c'est dans notre pays que des individus se presentent pour la premiere fois comme \"terroristes\", dans le but d'imposer leur ideologie au reel. Avec Robespierre et les hommes du Comite de salut public, la Revolution devient une transcendance qui justifie l'utilisation de tous les moyens, y compris l'extermination de l'opposition. Ou s'arretent le juste et le necessaire, ou commence l'infame ? Le XXe siecle ne manque pas d'absolus qui ont mal tourne. La terreur que nous inflige Daesh n'est que l'expression islamisee, entre religiosite de bazar et nihilisme 3.0, de ces apocalypses dont l'homme a le secret. Il n'y a pas de ver dans le fruit, de virus importe du Levant. L'ennemi, en un sens, c'est nous : de jeunes Francais, pour la plupart, eleves dans le giron de la Republique, resolus aujourd'hui a la detruire. Arabes, musulmans, delinquants de droit commun - et alors ? Ces hommes qui ont jure notre perte, qu'on le veuille ou non, sont aussi francais que leurs victimes. Francois Hollande l'a reconnu devant le congres, contredisant le paradigme civilisationnel de son Premier ministre. Le djihadisme est un cancer, un pourrissement interieur, et ses petits soldats sont les cellules suicidaires d'un organisme qui s'appelle la France. Qu'ils soient teleguides et que leur travail de sape serve les interets de puissances ou de groupes etrangers ne change rien a la nature du probleme : nous nous battons contre nous-memes. Philippe Muray l'avait vu il y a longtemps : les djihadistes pensent que nous adorons la vie autant qu'ils adorent la mort. Cette passion de vivre et ce culte du plaisir, a leurs yeux, font de nous des proies ideales. Et nous, caricatures gauloises que nous sommes, nous nous persuadons que nous n'avons rien de mieux a faire que nous gaver - avec raffinement. Nous appelons ca etre libres, comme si notre hedonisme et les stereotypes (croissants, verre de vin et cigarette en terrasse) que le monde nous envie etaient l'alpha et l'omega de la civilisation. Oublie le maitre mot politiquement correct du vivre-ensemble ; face aux \"barbares\" qui veulent la fin du monde, la France se raconte qu'elle est le pays du jouir-ensemble, oubliant par la meme les nevroses declinistes qui l'habitent en temps de paix. Pourquoi pas, a la limite, si tout le monde participait a la fete. Mais que fait-on quand le nombre des recales grandit, quand les frustres s'agglutinent comme des zombies devant les merveilles de la vitrine - pauvres losers imbibes d'Amerique et d'Occident, pris a la gorge par le degout de soi, les lumieres de la grande ville et l'amour comme un reve enfui dans leurs yeux, sommes par je ne sais quel instinct sinistre d'annihiler ce qui se refuse a eux, identiques a ces dix-neuf bande-mou foncant sur les tours jumelles dont la demesure insultait leur impuissance d'hommes ? La frustration ne peut pas etre une excuse, mais elle est le ressort intime de nos agresseurs. A defaut de soigner leur pulsion de mort en leur ouvrant les portes de notre paradis consumeriste, il ne nous reste qu'a nous endurcir pour etre prets a preserver cette pulsion de vie dont nous avons fait notre ADN. En s'armant, individuellement et jusqu'aux dents, a l'americaine ? Dans la high school ou j'enseigne le francais, non loin de Philadelphie, un eleve m'a fait cette remarque : si jusqu'a present l'Etat islamique se focalise sur l'Europe, c'est parce que ses strateges font confiance aux Americains pour s'entretuer. Un retablissement du service national obligatoire parait a priori plus indique dans la mesure ou il s'agit d'une reponse patriotique, et non securitaire, a un probleme de securite. Tout comme la Republique ne saurait etre viable sans le consentement a l'impot, nous avons besoin d'un consentement a la defense dont chaque citoyen serait le garant. A l'autre bout de la chaine, les demineurs qui arpentent les territoires d'amertume et de ressentiment de l'Hexagone - elus, profs, educateurs - doivent recevoir des moyens en accord avec leur mission. Qui, si ce n'est eux, saura donner des horizons valables a une jeunesse en perdition, un but dans la vie qui ne soit pas de ces mirages qui vous deglinguent le cortex ? Si la prevention a moins la cote que la vengeance en periode de deuil, parce qu'elle n'en a pas la puissance cathartique, ses effets sont a la fois plus durables, et moins toxiques. Consultez notre dossier : Special attentats de Paris ", "theme": "dossiers/societe/attentats-paris"}