{"id_art": "ca221a67a6a4a9c463179fc1f4ce1c5d", "title": "En Israel, on risque la prison pour actes \"terroristes\" des l'age de 12 ans", "newspaper": "LePoint", "author": ["Source AFP"], "date_publi": "2016-08-03", "content": " Ce mercredi, le Parlement israelien a annonce avoir abaisse de 14 a 12 ans l'age minimum pour emprisonner l'auteur d'un acte \"terroriste\" grave. C'est un changement qui fait parler. Le Parlement israelien a annonce ce mercredi avoir abaisse de 14 a 12 ans l'age minimum pour emprisonner l'auteur d'un acte << terroriste >> grave. Une loi qui s'inscrit dans un contexte d'attaques anti-israeliennes repetees de la part de jeunes Palestiniens. Elle << permettra aux autorites d'emprisonner un mineur reconnu coupable d'un crime grave comme un meurtre, une tentative de meurtre ou un homicide, meme si il ou elle a moins de 14 ans >>, explique le Parlement sur son site internet. Pratiquement, cela revient a abaisser a 12 ans l'age minimal. Un enfant de moins de 12 ans ne peut en effet etre juge pour un acte criminel, a explique une porte-parole du ministere de la Justice. La loi a ete definitivement adoptee mardi soir en troisieme lecture par le Parlement domine par la majorite de droite qui soutient le gouvernement de Benjamin Netanyahu. Le texte avait ete presente face a un regain d'attaques anti-israeliennes dont les auteurs sont souvent des adolescents palestiniens. Cette realite << exige une approche plus agressive >>, affirme le Parlement. << Peu importe a ceux qui sont assassines d'un coup de couteau dans le coeur que l'enfant [auteur des faits, NDLR] ait 12 ou 15 ans >>, dit Anat Berko, deputee du parti de droite Likoud, citee par le Parlement. Anat Berko parrainait la loi adoptee et soutenue par la ministre de la Justice Ayelet Shaked. Israel, les Territoires palestiniens et Jerusalem sont en proie depuis le 1er octobre 2015 a des violences qui ont coute la vie a 219 Palestiniens, 34 Israeliens, deux Americains, un Erythreen et un Soudanais, selon un decompte de l'Agence France-Presse.La plupart des Palestiniens tues sont des auteurs ou auteurs presumes d'attaques. B'Tselem, une ONG israelienne qui documente les violations des droits de l'homme dans les Territoires occupes, s'est emue de l'adoption de la loi. << Plutot que de les envoyer en prison, Israel ferait mieux de les envoyer a l'ecole, ou ils grandiraient dans la dignite et la liberte, et non pas sous le regime de l'occupation >>, a-t-elle declare. Dans les faits, la nouvelle loi s'applique la ou est appliquee la loi civile israelienne. En Cisjordanie occupee, la loi militaire permet deja a Israel d'emprisonner des mineurs ages de 12 ans. ", "theme": "monde"}