{"id_art": "5fc43e0780e44e6440dfc257b8ee1eba", "title": "Attaque a Orly : \"Mon fils n'a jamais ete un terroriste\", dit le pere", "newspaper": "LePoint", "author": ["Source AFP"], "date_publi": "2017-03-19", "content": " A la fin de sa garde a vue, l'homme a parle sur Europe 1 de son fils abattu la veille. Selon lui, il etait \"sous l'effet de l'alcool et du cannabis\". \"Mon fils n'a jamais ete un terroriste. Jamais il a fait la priere et il boit. Et sous l'effet de l'alcool et du cannabis, voila ou on arrive\", a temoigne le pere de l'homme qui s'est attaque samedi a une patrouille de militaires a l'aeroport d'Orly avant d'etre abattu, au micro de la radio Europe 1 a l'issue de sa garde a vue. Ziyed Ben Belgacem, un Francais d'origine tunisienne de 39 ans, braqueur multirecidiviste signale comme radicalise en prison, s'est attaque samedi a une militaire de l'operation Sentinelle en se disant pret a \"mourir\" au nom d'Allah, au terme d'un \"parcours violent et destructeur\" a travers la banlieue parisienne, selon le procureur de Paris. Le pere de Ziyed Ben Belgacem ainsi que son frere s'etaient presentes d'eux-memes au commissariat samedi en fin de matinee, apres avoir ete contactes par l'agresseur qui venait de tirer sur des policiers lors d'un controle routier au nord de Paris, une heure et demie avant l'attaque d'Orly. \"Il me telephone a sept ou huit heures du matin. Il etait enerve a l'extreme, meme sa mere n'arrivait pas a le comprendre. Il me dit : 'Voila papa, je te demande pardon, j'ai fait une connerie avec un gendarme'... Je lui ai dit non, moi je ne donne pas mon pardon parce que tu as touche a un gendarme\", a relate le pere de l'assaillant. Il tente de savoir ou est son fils, pour venir le voir, mais Ziyed Ben Belgacem repond seulement qu'il \"est sur l'autoroute\" avant de mettre fin a la conversation et foncer vers la banlieue sud, ou il volera une voiture avant d'aller a Orly. Inquiet, le pere explique alors s'etre rendu au commissariat, ou il a ete place quelques heures en garde a vue. Egalement venus d'eux-memes a la police samedi, un frere et un cousin de l'assaillant etaient toujours entendus par la police dimanche matin. \"Lorsque j'arrive au commissariat c'est la ou j'ai trouve que la police avait fait son travail. Ils ne m'ont pas dit directement qu'il etait decede. C'est un choc, mais qu'est-ce que vous voulez ? C'est la frequentation et la drogue... En fin de compte, c'est moi qui paye\", a ajoute le pere de Ziyed Ben Belgacem. ", "theme": "societe"}