{"id_art": "69bdc393863b27bb378e7d377627765f", "title": "Irak: execution de 38 jihadistes condamnes a mort \"pour terrorisme\"", "newspaper": "LePoint", "author": ["AFP"], "date_publi": "2017-12-14", "content": "Trente-huit jihadistes condamnees a mort pour \"terrorisme\" ont ete executees par pendaison jeudi dans la prison de Nassiriya, sud de l'Irak, a affirme a l'AFP un haut responsable du Conseil provincial. Il s'agit du plus grand nombre d'executions en Irak depuis celles de 42 condamnes menees le 25 septembre dans la meme prison. \"L'administration penitentiaire a execute jeudi en presence du ministre de la Justice Haidar al-Zameli, dans la prison de Nassiriya, 38 condamnes a mort appartenant a Al-Qaida et Daech (EI) accuses d'avoir mene des activites terroristes\", a declare Dakhel Kazem, directeur adjoint de la Commission de securite au Conseil provincial. Ces executions ont eu lieu apres confirmation du verdict et sur decision du Conseil presidentiel, qui doit donner son aval, a indique pour sa part un communique du ministere de la Justice. Amnesty International a denonce les executions en Irak, et classe le pays parmi ceux ou les executions sont les plus nombreuses apres la Chine, l'Iran et l'Arabie saoudite. 14/12/2017 12:59:00 - Nassirya (Irak) (AFP) - (c) 2017 AFP ", "theme": "monde"}