{"id_art": "6e7469cf623f29785c9f5c10f3ffc05a", "title": "Terrorisme : la France a renforce la surete des \"vols entrants\"", "newspaper": "LePoint", "author": ["Source AFP"], "date_publi": "2016-05-22", "content": " Depuis les tragiques attentats de 2015, la France a accentue son controle sur les avions arrivant d'un aeroport etranger, avant de repartir. Le MS804 d'EgyptAir etait passe par les aeroports du Caire, de Tunis et d'Asmara, avant de se poser a Paris, puis de repartir et de disparaitre. Depuis les attentats de 2015, la France a renforce son controle sur ces << vols entrants >>, arrivant d'un aeroport etranger, avant de repartir. << Des audits sont effectues par l'Etat francais a l'etranger pour verifier que la surete est garantie >> dans les aeroports desservant la France, explique Sebastien Caron, directeur general de ASCT International, specialisee dans l'audit, le conseil et la formation. << Les compagnies aeriennes, notamment Air France ou d'autres, ont elles aussi un service surete charge de verifier dans les escales de ces pays que la surete est garantie >> dans les aeroports, ajoute-t-il. << Il s'agit de verifier que le niveau de surete est au niveau de ce que l'on peut attendre pour une compagnie aerienne francaise >>, explique-t-il. Depuis 2011, des missions dites << vols entrants >> sont ainsi operees dans des aeroports de pays sensibles a destination de l'Hexagone. Elles sont realisees par des experts de la Direction generale de l'aviation civile (DGAC), chargee de la securite et de la surete du transport aerien en France, de la gendarmerie des transports aeriens et de la police aux frontieres. Ce dispositif a ete complete l'an dernier par la possibilite de prendre un arrete, d'une duree maximale de trois mois et eventuellement reconductible, imposant aux compagnies aeriennes des mesures supplementaires pour des vols a destination de l'Hexagone au depart d'aeroports de pays sensibles. Car << il nous manquait la possibilite d'imposer des mesures complementaires lorsque les missions vols entrants avaient identifie des vulnerabilites importantes dans un contexte de menace terroriste elevee >>, explique Eric Heraud, porte-parole de la DGAC. Confrontee a la menace terroriste depuis le Printemps arabe, la Tunisie en a fait l'objet. Et alors que la securite a l'aeroport de Tunis-Carthage etait jugee defaillante, le pays a sensiblement renforce les mesures de surete dans ses aeroports, avec par exemple, la necessite de passer de premiers portiques pour penetrer dans l'aerogare. Contacte par l'Agence France-Presse, le directeur de l'aviation civile au ministere du Transport, Habib Mekki assure qu'<< il y a une surveillance totale des avions en escale. Suivant les normes internationales, les passagers entrant ou sortant de la Tunisie sont controles ainsi que le bagage. Des detecteurs d'explosifs et de traces d'explosifs sont utilises dans tous les aeroports. >> << Nous n'avons aucun probleme au niveau securitaire dans nos aeroports, ces mesures repondent au degre de menace et sont evaluees quotidiennement >>, assure-t-il en relevant qu'<< aucune autorite n'a fait de reclamation >>. << Depuis l'attentat de Sousse (26 juin 2015), nous avons renforce nos aeroports par des mesures additives, comme l'utilisation des equipements pour l'inspection des traces d'explosifs, outre l'utilisation des scanners et du rayon X >>, souligne-t-il. Cible d'un attentat a la bombe contre un avion transportant des touristes russes peu apres son decollage de la station balneaire de Charm el-Cheikh le 31 octobre dernier, l'Egypte a elle aussi depuis renforce la surete de ses aeroports. Les procedures de fouille des passagers et des employes a leur entree dans l'aeroport ont ete durcies et les avions sont soumis a des << fouilles de securite >>. Des progres juges << encourageants >> par Londres a l'epoque pour une reprise des vols vers Charm el-Cheikh, suspendus apres l'attentat contre l'avion russe. Mesure ultime pour se proteger d'une menace trop pregnante, une telle suspension a aussi ete decidee par la France dans le passe, rappelle Sebastien Caron, avec l'interruption pendant plusieurs annees des vols Air France vers l'Algerie apres le detournement en 1994 du vol Air France 8969 a la veille de Noel a Alger. Quant a l'Erythree, elle n'est pas desservie directement depuis la France, mais seulement via des escales, notamment en Egypte. L'aeroport d'Asmara est lourdement protege, mais le departement d'Etat americain releve des lacunes en matiere de surete. ", "theme": "societe"}