{"id_art": "b7c0e52736d90830caaeb76ba1059268", "title": "Fusillade a Fort Lauderdale : acte terroriste ou coup de folie ?", "newspaper": "LePoint", "author": ["Source AFP"], "date_publi": "2017-01-08", "content": " Esteban Santiago est accuse d'avoir abattu 5 personnes vendredi dans un aeroport de Floride. Les enqueteurs n'excluent aucune possibilite. L'homme accuse d'avoir abattu cinq personnes vendredi a l'aeroport international de Fort Lauderdale, en Floride, a ete inculpe samedi par la justice federale. Alors que les enqueteurs n'excluent pas la piste d'un acte terroriste, plusieurs temoignages de proches et de policiers tendent a indiquer qu'Esteban Santiago, un ancien soldat de la garde nationale americaine deploye dix mois en Irak, souffre de troubles mentaux. Il a ete inculpe par la justice federale pour infraction a la legislation sur les armes et acte de violence commis dans un aeroport, a indique dans un communique le procureur federal Wifredo Ferrer. Ces chefs d'inculpation sont passibles de la peine de mort ou de la reclusion perpetuelle. Des inculpations separees de meurtre pourraient etre prononcees par la justice de l'Etat de Floride, mais aucune decision n'a encore ete prise, a declare un porte-parole au quotidien local Sun Sentinel. Le suspect devrait comparaitre pour la premiere fois lundi devant un tribunal. Esteban Santiago, 26 ans, est accuse d'avoir tire avec un pistolet semi-automatique de calibre 9 mm dans la zone des bagages a l'arrivee. Il avait voyage depuis Anchorage (Alaska), via une escale a Minneapolis (Minnesota), et aucune altercation ne semble avoir declenche son geste, selon le FBI. L'arme se trouvait dans son bagage en soute, comme le permet la reglementation americaine. Santiago a tue cinq personnes et en a blesse six autres. La fusillade a eu lieu dans le hall des bagages du terminal 2. Selon les autorites, Santiago est alle charger son arme dans les toilettes, puis il a ouvert le feu sur des passagers venus recuperer leurs bagages. << Santiago a commence a tirer, visant ses victimes a la tete jusqu'a ce qu'il n'ait plus de munitions >>, a precise le procureur federal. Selon le sherif local, il s'est ecoule entre 70 et 80 secondes entre le premier tir et l'arrivee des policiers. Le tireur se serait rendu sans chercher a fuir, et les policiers n'ont pas eu a faire usage de leurs armes. << Nous continuons a enqueter sur toutes les pistes possibles. Nous n'excluons rien >>, a declare samedi George Piro, agent de la police federale (FBI), lors d'une conference de presse. << Pour le moment, nous continuons a examiner la piste terroriste comme motivation potentielle pour cette attaque >>, a-t-il dit. Le suspect a quitte l'armee en aout et etait porteur d'une carte d'identite militaire. Il a ete deploye en Irak d'avril 2010 a fevrier 2011. Il y a deux mois, il s'etait rendu dans un bureau du FBI a Anchorage, en Alaska. Il s'etait presente avec un chargeur, mais avait laisse son pistolet et son nouveau-ne dans sa voiture. L'arme lui avait alors ete retiree, mais il avait pu la recuperer le 8 decembre, sans qu'on sache si c'est celle dont il s'est servi a l'aeroport, a fait savoir le chef de la police d'Anchorage Christopher Tolley. Son comportement << incoherent >> avait alarme les agents qui le recevaient, au point qu'ils ont a l'epoque contacte la police afin qu'il soit << examine >> dans un etablissement psychiatrique, selon George Piro. Pour autant, le nom de Santiago n'a pas ete ajoute a la liste des personnes interdites de vol, selon les enqueteurs. Lors de sa visite au FBI d'Anchorage en novembre, Esteban Santiago avait, selon CBS, declare qu'il avait ete force a travailler pour le groupe Etat islamique et que la CIA controlait son esprit pour l'obliger a regarder des videos de l'EI. Une de ses tantes, Maria Luisa Ruiz, a declare au site NorthJersey.com qu'il souffrait de problemes mentaux. << Il y a un mois environ, il a semble perdre la tete >>, a-t-elle affirme. << Il disait avoir des visions. >> Pour son frere Bryan Santiago, les autorites n'ont pas pris en charge correctement l'ancien soldat. << Comment pouvez-vous laisser quelqu'un quitter un etablissement psychiatrique apres quatre jours quand il assure entendre des voix lui disant que la CIA lui demande de rejoindre certains groupes ? >> a-t-il critique lors d'une interview avec CNN. << Tout le monde ne reagit pas de la meme maniere en rentrant de la guerre. Certains se portent mieux que d'autres >>, a-t-il ajoute. La parlementaire democrate de Floride Debbie Wasserman Schultz a pose la question d'un eventuel renforcement de la legislation sur les armes, eternel sujet de debat partisan aux Etats-Unis. << Nous devons nous poser la question du droit des gens de voyager avec des armes, meme dans les bagages enregistres, mais nous devons aussi reexaminer les questions de securite dans les zones de recuperation de bagages >>, a dit l'elue democrate. La breve et sanglante fusillade a cree une gigantesque panique dans l'aeroport, qui a ete ferme entierement. L'aeroport a rouvert samedi. ", "theme": "monde"}