{"id_art": "cb44fc90583148a50b964fb77a930184", "title": "Tarnac : Coupat se considere \"plutot bibliothecaire\" que terroriste", "newspaper": "LePoint", "author": ["Source AFP"], "date_publi": "2015-05-12", "content": " Le \"groupe de Tarnac\", presente comme proche de l'ultra-gauche, est soupconne d'etre a l'origine de sabotages de lignes SNCF en 2008 sur des catenaires. Le leader presume du \"groupe de Tarnac\", Julien Coupat, a refute mardi la qualification de terroriste retenue par le parquet qui a demande son renvoi en correctionnelle en lien avec des sabotages de lignes TGV en 2008, s'estimant \"plutot bibliothecaire\". L'affaire est partie d'une \"construction policiere assez hilarante\", mise en oeuvre par \"des gens qui n'ont aucun scrupule a produire des faux\", a-t-il affirme sur France Inter. Le \"groupe de Tarnac\", presente comme proche de l'ultra-gauche, est soupconne d'etre a l'origine de sabotages de lignes SNCF dans la nuit du 7 au 8 novembre 2008 sur des catenaires, dans l'Oise, l'Yonne et la Seine-et-Marne. Au total, le parquet demande que huit personnes soient jugees. Il a retenu les chefs de degradations en reunion et association de malfaiteurs terroriste pour Julien Coupat, son epouse Yildune Levy et son ex-compagne. \"Je me considere plutot comme bibliothecaire\" que comme terroriste, \"mais c'est son parti\", a dit Julien Coupat en reagissant aux requisitions du ministere public. Pour caracteriser le \"basculement dans le terrorisme\" du \"groupe de Tarnac\", le parquet a notamment releve des extraits du livre L'insurrection qui vient\" (2007), attribue a Julien Coupat, qui fait l'apologie de modes de sabotage propres a \"finaliser la chute de l'Etat\" et designe le reseau TGV comme cible \"aisee\". \"On est dans une procedure ou on ose se baser sur un livre en vente a la Fnac pour justifier une incrimination de terrorisme, ce qui est tout simplement risible\", a commente Julien Coupat, refusant de dire s'il etait l'auteur de l'ouvrage. Il s'est inquiete, plus generalement, d'une \"sequence\" apres les attentats parisiens de janvier marquee par l'inscription dans le Code penal du delit d'apologie du terrorisme et le vote, la semaine derniere, du projet de loi sur le renseignement. \"Le lendemain du vote d'une loi (...) qu'a peu pres tous les gens senses sont fondes a considerer comme scelerate, le parquet a l'impudence de maintenir l'incrimination de terrorisme dans l'un des plus grands fiascos de l'antiterrorisme des dix dernieres annees\", a-t-il dit. Dans ce contexte, une revolution en France \"serait la moindre des choses\", estime-t-il. ", "theme": "societe"}