{"id_art": "3df4707914b812f26c62c7413874c8ef", "title": "Tuerie en Californie : un \"acte de terrorisme\"", "newspaper": "LePoint", "author": ["Source AFP"], "date_publi": "2015-12-04", "content": " Les auteurs de la tuerie perpetree en Californie etaient un couple de musulmans, dont la femme a fait allegeance au groupe Etat islamique. L'enquete sur la fusillade ayant coute la vie a 14 personnes en Californie a ete requalifiee en << acte de terrorisme >>, a declare vendredi la police federale americaine. << Nous enquetons desormais sur ces faits horribles dans l'hypothese d'un acte terroriste. Nous avons des preuves montrant qu'[ils] avaient fait l'objet d'une minutieuse preparation >>, a affirme David Bowdich, un responsable de l'antenne du FBI a Los Angeles. Toutefois, rien n'indique que le couple de tueurs ait fait partie d'une cellule avec d'autres membres, a explique vendredi le directeur de la police federale americaine, James Comey. Les auteurs de la tuerie etaient un couple de musulmans qui se serait radicalise, et dont la femme a fait allegeance au groupe Etat islamique, selon un important rebondissement de l'enquete annonce vendredi par les medias. Apres 48 heures d'oscillations entre l'hypothese terroriste et celle d'un acces de rage incontrole, les policiers du FBI croient desormais savoir pourquoi Syed Farook et Tashfeen Malik, des jeunes parents pas encore trentenaires, ont bascule mercredi dans une violence imprevue. Malik, 27 ans et mere d'une fillette de six mois, a publie sur Facebook un texte pour preter allegeance au << calife >> de l'EI, Abou Bakr al-Baghdadi, selon des sources citees par CNN et d'autres medias americains. Elle a utilise un compte qui n'etait pas a son nom, selon ces sources policieres s'exprimant sous le couvert de l'anonymat, qui precisent ne disposer d'aucune preuve montrant que la femme aurait recu l'instruction du groupe djihadiste de passer a l'action, accompagnee de son mari. Jusqu'a ce jour, l'image de cette Pakistanaise entree aux Etats-Unis avec un visa etait celle d'une femme apparemment sans histoire, mariee a un homme reserve, lui-meme musulman pratiquant et de nationalite americaine. Les deux epoux ont trouve la mort a bord d'une voiture utilisee dans leur fuite, dans un echange de coups de feu avec les policiers. Quelques heures auparavant, fusil d'assaut en main, ils avaient arrose de balles un dejeuner de fin d'annee rassemblant des collegues de Syed Farook. Les details emergeaient vendredi en parallele sur leurs victimes, 14 personnes tuees et 21 blessees, dont les familles exprimaient l'incomprehension. << Leurs defunts sont nos defunts >>, a affirme jeudi soir le president Barack Obama, qui a repete a maintes reprises ces dernieres semaines que les autorites s'efforcaient de prevenir sur le sol americain des attentats djihadistes sur le modele de ceux qui ont endeuille Paris il y a exactement trois semaines. La question d'une eventuelle radicalisation de Syed Farook, un expert sanitaire sorti de l'universite et jouissant d'une stabilite professionnelle, etait au centre des investigations du FBI depuis deux jours. Les premieres photos publiees du tireur, ne dans l'Etat septentrional de l'Illinois, montrent un homme de relativement haute taille, aux cheveux et a la barbe courts. Toujours selon le New York Times, citant des parlementaires informes de l'enquete, Farook a ete en contact << avec des extremistes, aux Etats-Unis et a l'etranger il y a plusieurs annees, mais pas recemment >>. Mais le lien entre le tueur, de nationalite americaine, et d'eventuels islamistes est tres << tenu >>, a au contraire assure vendredi un avocat de sa famille. << Nous avons rencontre le FBI et quelqu'un a fait allusion au fait qu'ils avaient trouve quelque chose dans son ordinateur >>, a rapporte sur CNN David Steven Chesley. Syed Farook << aurait parle a quelqu'un, qui a parle a quelqu'un, qui a regarde quelque chose concernant le groupe Etat islamique, c'est tellement tenu, il n'y a vraiment rien la-dedans >>, a ajoute l'avocat. Farook etait alle chercher son epouse en Arabie saoudite, ou la femme a vecu apres le Pakistan. Mais a son retour, ce n'etait plus le meme homme, a assure un de ses anciens collegues, Christian Nwadike. << Je pense qu'il a epouse une terroriste >>, a-t-il declare a CBS. Dans les jours precedant son bain de sang, le couple aurait pris soin d'effacer ses traces numeriques, ce qui renforce la piste d'un acte premedite, a indique le New York Times. Selon Mohammad Abuershaid, un autre avocat de la famille, Tashfeen Malik << a ete elevee au Pakistan. A l'age de 18-20 ans, elle a demenage a Riyad >>. Elle etait << conservatrice, une femme au foyer >>, a ajoute M. Abuershaid. A son domicile, le couple a accumule un arsenal impressionnant, dont des milliers de munitions et des engins explosifs, a relativiser toutefois au regard du surequipement en armes de milliers de foyers americains, notamment en fusils semi-automatiques. << A ce stade, nous pensons qu'ils sont plus auto-radicalises et inspires par le groupe que vraiment missionnes pour commettre la fusillade >>, a explique un responsable des forces de l'ordre au New York Times. ", "theme": "monde"}