{"id_art": "43dcd8977399bd7afddbb86b24d673a2", "title": "Juppe vante son \"sang-froid\" face au terrorisme", "newspaper": "LePoint", "author": ["AFP"], "date_publi": "2016-07-29", "content": "Alain Juppe, un des favoris pour la primaire a droite, a vante vendredi son \"sang-froid\" dans la reponse aux actes terroristes, rejetant l'\"angelisme\" comme la \"surenchere\", alors que Manuel Valls a reproche vendredi a Nicolas Sarkozy de \"perdre ses nerfs\". \"Intransigeance et sang-froid\" face au terrorisme, a prone le maire de Bordeaux lors d'une conference de presse a Paris, insistant : la reponse aux jihadistes \"va demander beaucoup de sang-froid dans les mois qui viennent.\" L'ancien Premier ministre a rejete tout \"angelisme\": \"l'Etat a la responsabilite de proteger les concitoyens\". \"Pas de surenchere non plus\", a-t-il poursuivi . \"La Constitution doit etre respectee\", a dit le maire de Bordeaux en direction de la droite. \"Entre ces deux principes, un equilibre doit etre trouve.\" Pour lui, l'Etat de droit, que le gouvernement pretend vouloir preserver pour rejeter certaines mesures proposees par l'opposition, \"prevoit des mesures exceptionnelles dans des circonstances exceptionnelles.\" Mais \"nous ne sommes pas alles au bout de ce que l'Etat de droit permet\", a-t-il ainsi rappele. M. Juppe a rappele les six \"leviers\" sur lesquels il faut, selon lui, agir en \"changeant de braquet\": le renforcement du renseignement, des capacites de defense de l'Europe, l'optimisation de la securite, l'organisation de l'islam de France, tout en insistant sur deux d'entre eux. Tout d'abord, \"rendre plus efficace la reponse judiciaire et penale a la menace terroriste\", notamment en \"accelerant les delais d'instruction et de jugement\", mais aussi en \"durcissant certaines sanctions\", avec un \"delit de sejour sur les operations terroristes exterieures ou tentative de sejour a l'exterieur\" de ce type. Celui que les sondages donnent face a Nicolas Sarkozy au second tour de la primaire est lui aussi favorable au recours, dans les cas les plus critiques, a des \"centres de deradicalisation\". Deuxieme element, \"l'intensification de la lutte contre la radicalisation islamique\". M. Juppe a appele les musulmans francais a \"prendre l'initiative pour se structurer\" et a souhaite que soient fixees \"les regles entre l'islam de France\" et la Republique. M. Juppe a dit croire \"plus que jamais\" a son concept d'\"identite heureuse\", critique par ses adversaires a la primaire. \"Je ne suis pas de ceux qui considerent qu'on va mettre tout le monde dans un meme moule et assimiler tout le monde selon le meme profil, ce n'est pas vrai.\" Faisant reference a son voyage en Polynesie francaise, dont il vient de rentrer, il a souligne les \"origines, les couleurs de peaux, les religions differentes\", comme elements qui font \"notre France, a deux conditions: qu'on ne tombe pas dans le communautarisme et qu'on partage quelque chose en commun.\" 29/07/2016 18:33:49 - Paris (AFP) - (c) 2016 AFP ", "theme": "politique"}