{"id_art": "5bfd78a34ec43a2894062e466bf2ef4b", "title": "Un homme, sans \"motivation terroriste\", derriere un incendie a Berre-l'Etang", "newspaper": "LePoint", "author": ["AFP"], "date_publi": "2016-06-24", "content": "L'homme aurait agi \"sans motivation terroriste\": un Franco-tunisien de 34 ans, sans antecedent judiciaire et aux \"explications assez floues\", a reconnu etre a l'origine des explosions et incendies qui avaient touche sans faire de victime un site petrochimique de Berre-l'Etang le 14 juillet 2015. A ce stade de l'enquete, \"rien ne nous amene a dire qu'il s'agit d'un acte terroriste, c'est meme plutot l'inverse\", a declare vendredi la procureure d'Aix Dominique Moyal. Arrete le 17 juin, le suspect, qui aurait agi seul, a ete mis en examen et ecroue dans le cadre de l'enquete ouverte pour destruction volontaire de biens par explosifs et transport de substances explosives, des chefs d'accusation pour lesquels il risque 10 ans d'emprisonnement. Il est egalement poursuivi pour des attaques a l'explosif de distributeurs automatiques de billets (DAB). Le trentenaire, qui avait suivi une formation sur l'usage d'explosifs dans des carrieres, a justement ete retrouve apres une attaque a l'explosif ayant vise un DAB a Aix-Les Milles la semaine derniere, a explique Mme Moyal: \"Nous avons pu relier deux affaires, et identifier un individu.\" L'enquete a permis de faire le lien, notamment grace a l'identification d'une voiture, entre les incendies de LyondellBasell et six attaques de DAB commises entre 2012 et juin 2016, dans les Bouches-du-Rhone, le Rhone et la Drome, et que le suspect a aussi reconnues. A son domicile marseillais, les enqueteurs ont decouvert 10 kg d'explosifs, 7 detonateurs et 36.700 euros. Le jeune homme disposait egalement d'une cache dans une foret dans laquelle se trouvaient 80 kg d'explosif et une arme d'alarme. Il se serait procure ces explosifs, ainsi que ceux utilises dans les attaques des distributeurs et du site petrochimique, lors d'un vol a main armee de 150 kg d'explosif commis en mars 2012 dans une entreprise privee de Saint-Quentin-en-Isere . - 'Travail de fourmi' - \"Tres solitaire\", selon Mme Moyal, il n'a pas d'antecedents judiciaires, sauf un delit routier, et aucune activite politique. Sans emploi depuis 2012, il aurait depuis survecu grace aux attaques de distributeurs. Il \"insiste pour dire qu'il n'a jamais voulu porter atteinte aux personnes, qu'il n'etait pas du tout dans l'optique d'une action spectaculaire pour tuer en masse (...) Il donne des explications qui, pour l'instant, sont assez floues et un peu incomprehensibles\", a poursuivi Mme Moyal, en precisant que l'enquete se poursuivait pour identifier d'eventuels complices et clarifier le mobile. \"Au stade actuel, rien ne permet de le relier de facon formelle a un groupe\" terroriste, et l'incendie \"n'a pas ete revendique\", a-t-elle encore declare, soulignant en revanche que le choix du 14 juillet semblait ne pas etre anodin. \"Cette enquete de la gendarmerie demontre une fois de plus la volonte du ministre de l'Interieur (Bernard Cazeneuve) de ne laisser aucun repit aux auteurs d'actes criminels\", s'est de son cote felicite dans un communique le ministere. Dominique Moyal a elle aussi salue \"la dimension de cette enquete, hors normes\" et \"un veritable travail de fourmi\". \"La cellule d'enquete mise en place a mobilise plus de 20 officiers de police judiciaire a temps plein et une soixantaine d'enqueteurs d'autres unites\", a confirme le general David Galtier, commandant de la region gendarmerie Paca. Le 14 juillet 2015 a 03H00, deux explosions avaient eu lieu sur le site petrochimique du groupe LyondellBasell et avaient entraine l'incendie de deux grosses cuves contenant des produits inflammables, degageant un impressionnant panache de fumee noire visible a des kilometres. Du materiel pouvant s'apparenter a un dispositif de mise a feu avait ete rapidement decouvert a proximite de la plus petite cuve et un autre dispositif du meme type sur le couvercle d'une troisieme cuve, mais ce dernier n'avait pas provoque l'explosion et l'incendie sans doute attendus. Quatre jours apres cette double explosion, le gouvernement avait annonce un audit de la securite et de la surete des sites industriels sensibles. 24/06/2016 15:34:39 - Aix-en-Provence (AFP) - (c) 2016 AFP ", "theme": "societe"}