{"id_art": "742ef90de7eff6911111df9e77543276", "title": "Elie Wiesel : \"Les terroristes suicidaires, c'est ca, mon angoisse\"", "newspaper": "LePoint", "author": ["Le Point.fr (avec AFP)"], "date_publi": "2016-07-03", "content": " VIDEO. Franz-Olivier Giesbert avait interroge Elie Wiesel en 2010. Sa crainte d'alors, qui s'est, helas, revelee juste : l'essor d'un fanatisme suicidaire. C'est une memoire de l'histoire qui s'en est allee ce samedi 2 juillet. Elie Wiesel s'est eteint chez lui a Manhattan a l'age de 87 ans. Lui qui avait survecu aux camps de la mort, une tragedie personnelle et familiale racontee dans La Nuit, avait ete honore du prix Nobel de la paix en 1986. Il laisse derriere lui une oeuvre comprenant plus de 50 livres ecrits en francais et plusieurs autres publies en anglais. Elie Wiesel etait << un grand temoin du siecle ecoule >>, a salue le president de la Republique Francois Hollande dans un communique. Lui qui est << ne dans une famille juive roumaine en 1928 [...] fut deporte avec ses soeurs et ses parents a l'age de 15 ans >> et << a connu l'enfer des camps d'extermination, la mort omnipresente, la tyrannie de la faim, l'humanite depouillee de tout >>. << Elie Wiesel etait une figure emblematique de la memoire de la Shoah et de la souffrance des juifs. Toute sa vie, il fut un intellectuel engage. >> << Pour le Crif, il fut un resistant a l'oubli et un militant de la memoire. C'est un phare pour l'humanite qui disparait >>, a declare le Crif (Conseil representatif des institutions juives de France). C'est dans l'intimite du salon d'un hotel parisien que Franz-Olivier Giesbert l'avait rencontre en 2010, dans le cadre d'une serie d'interviews intitulee << Legendes du siecle >>. Pour lui, un drame tel qu'Auschwitz ne pourrait pas se reproduire, du moins << pas ca >>. << C'est un element unique par son immensite, sa profondeur dramatique tragique, inegalee, inegalable. >> << Mais d'autres catastrophes nous guettent, les catastrophes nucleaires, des catastrophes de fanatiques >>, estimait le Prix Nobel de la paix 1986, predisant d'une certaine facon l'apparition de Daech quelques annees plus tard. << Ces fanatiques qui se promenent dans le monde, les terroristes suicidaires, c'est ca, mon angoisse, confiait-il alors a FOG. C'est quoi, un terroriste suicidaire ? Ce n'est pas quelqu'un qui veut mourir, il veut tuer n'importe qui se trouvant sur son chemin. Que les femmes, les enfants meurent sur sa route, c'est ce qui m'inquiete, en fait. Imaginons, pourquoi ne pas imaginer le pire, ce groupe de suicidaires terroristes qui s'empare d'une petite arme nucleaire ou biologique, c'est possible. Comment combattre ce terrorisme-la ? L'education, bien sur, mais l'education est lente, tres lente. >> Le temoignage, l'education, des taches que d'autres devront desormais poursuivre apres lui. Inlassablement. ", "theme": "monde"}