{"id_art": "94d980209788e0e6a1d2b7a9a3dba48e", "title": "New York: arrestation de 2 hommes accuses de fabriquer des bombes", "newspaper": "LePoint", "author": ["AFP"], "date_publi": "2018-02-16", "content": "Deux freres jumeaux ont ete arretes jeudi a New York apres que la police eut trouve quelque 15 kilos de substances explosives dans leur appartement, le maire de New York affirmant que leur arrestation avait \"probablement sauve beaucoup de vies\". Selon le bureau du procureur federal de Manhattan, les enqueteurs se sont interesses a l'un des freres, Christian Toro, un enseignant de 27 ans, apres que son lycee eut ete vise par une alerte a la bombe en decembre. Fin janvier, l'enseignant a demissionne, et son frere jumeau Tyler Toro a rapporte a l'etablissement l'ordinateur portable qui appartenait a l'ecole, dans lequel ont ete retrouvees des instructions sur la fabrication d'explosifs. Apres enquete de la police new-yorkaise et du FBI, au moins deux eleves ont indique avoir ete payes par Christian Toro pour stocker de la poudre explosive prelevee sur des feux d'artifice, selon le procureur. Jeudi, la police a perquisitionne l'appartement que partageaient les deux freres dans le Bronx, inconnus jusqu'ici des services de police. Elle y a trouve quelque 15 kilos de substances potentiellement explosives, a indique John Miller, responsable anti-terroriste au sein de la police new-yorkaise. Elle a aussi trouve un carnet au nom de Tyler Toro ou figuraient des phrases potentiellement menacantes, comme \"A la pleine lune, les petits connaitront la terreur\", et des references a une \"Operation Flash\", selon John Miller. La police n'a pas donne plus de details ni de motifs possibles pour ces agissements. Si le maire de New York, Bill de Blasio, a indique qu'il n'y avait pas de \"menace imminente\", il a neanmoins affirme que l'enquete avait \"probablement sauve beaucoup, beaucoup de vies\". Les deux freres ont ete inculpes de fabrication illegale d'engin destructeur, un delit qui pourrait leur valoir 10 ans de prison en cas de condamnation. Christian Toro a aussi ete inculpe de distribution de substances explosives a des mineurs, un delit egalement passible de 10 ans. L'annonce de ces arrestations intervient alors que New York a connu trois attentats depuis 18 mois. Celui de septembre 2016, a Chelsea, comme celui de Times Square le 11 decembre dernier, n'ont par chance fait que des blesses legers. Mais le 31 octobre, un Ouzbek, Sayfullo Saipov, qui avait prete allegeance au groupe Etat islamique, a fait huit morts et 12 blesses en fauchant avec sa camionnette pietons et cyclistes sur une promenade du sud de Manhattan. 16/02/2018 07:36:35 - New York (AFP) - (c) 2018 AFP ", "theme": "monde"}