{"id_art": "e74b295ff619fa1c2e5fd76ed26ae3c4", "title": "Comment la justice s'organise face a la \"deferlante\" terroriste", "newspaper": "LePoint", "author": ["Marc Leplongeon (avec AFP)"], "date_publi": "2016-10-04", "content": " Jean-Michel Hayat, le president du tribunal de grande instance (TGI) de Paris, est revenu lundi soir sur les efforts colossaux reclames aux magistrats. Lundi soir, dans la premiere chambre civile du palais de justice de Paris ou il organisait sa conference de presse, Jean-Michel Hayat, le president du tribunal de grande instance (TGI), etait un brin colere. Le magistrat avait ete pique au vif le matin par un article du Figaro qui expliquait que la justice peinait a anticiper le rythme effrene des dossiers terroristes. << On ne peine pas, on s'adapte jour apres jour >>, a-t-il assure. << Il n'y a pas d'embouteillage : il n'y a pas un dossier en attente d'audiencement >>, a-t-il encore martele. Le president du TGI de Paris a detaille les mesures prises depuis dix-huit mois au tribunal pour << faire face a la deferlante des dossiers terroristes >>. Sur les neuf premiers mois de 2016, le nombre d'informations judiciaires (c'est-a-dire les enquetes confiees a un juge d'instruction independant) ouvertes en matiere de terrorisme est en hausse de 80,4 %, par rapport aux neuf premiers mois de l'annee precedente. Des chiffres impressionnants qui s'expliquent par l'ouverture systematique d'une enquete des lors qu'un candidat au djihad a tente de partir, s'est rendu en zone de guerre ou en est revenu. Ce chiffre comprend egalement toutes les informations judiciaires ouvertes, par exemple, pour apologie du terrorisme ou pour delit de consultation habituelle de sites djihadistes. Sur la meme periode - les neuf premiers mois de 2016 -, << le nombre de dossiers traites a augmente de 89,7 % >>, se felicite Jean-Michel Hayat. Alors que les avocats se plaignent sans cesse des delais trop longs de l'instruction, des detentions provisoires de leurs clients sans cesse rallongees, et des dossiers qui dorment dans les placards, le president du TGI de Paris a assure que les juges d'instruction travaillaient plus vite. Le nombre de magistrats a ete augmente. Le palais compte desormais dix cabinets d'instruction, contre huit il y a deux ans. Un onzieme devrait arriver d'ici peu. Ces hausses budgetaires demeurent fondamentales. Car non seulement les juges d'instruction dirigent l'enquete, mais ils doivent egalement prendre un certain nombre d'actes quant a la liberte des mis en cause en matiere terroriste. La pression est enorme : entre 2015 et aujourd'hui, plusieurs mis en examen pour association de malfaiteurs en relation avec une entreprise terroriste avaient ete sortis de prison et places sous bracelet electronique en attendant leur proces. L'un d'entre eux a tente de rejoindre la Syrie et a ete interpelle au dernier moment gare de Lyon. Adel Kermiche est quant a lui passe a l'acte a Saint-Etienne-du-Rouvray alors qu'il etait assigne a residence sous surveillance electronique. Le nombre de juges des libertes et de la detention (JLD, c'est eux qui decident notamment des prolongations de detention provisoire) a aussi augmente, passant de 8 a 10 (pour 12 % de saisines supplementaires sur les huit premiers mois de 2016). A noter, egalement : il y a desormais deux juges de l'application des peines (JAP, les juges qui controlent la semi-liberte ou le bracelet electronique d'un condamne), qui gerent plus de 250 dossiers. Un volume de travail inferieur a celui des JAP traitant de delinquance classique, mais qui s'explique par l'extreme sensibilite de la matiere. Le procureur de Paris Francois Molins a recemment annonce son intention de renvoyer aux assises des djihadistes presumes qui, jusqu'ici, passaient devant le tribunal correctionnel. Un moyen de durcir les sanctions sans passer par une reforme legislative de l'echelle des peines. Jean-Michel Hayat a << pris acte de ce changement de la politique penale >> et evalue a << 90 le nombre de dossiers impactes >>, soit << 120 detenus pour des dossiers demandant 3 a 4 jours d'audience >>. Sauf qu'en matiere terroriste, seule la cour d'assises speciale est competente. Il s'agit d'une cour entierement composee de magistrats professionnels, creee en 1986 apres les menaces proferees contre les jures populaires par le membre d'Action directe Regis Schleicher. Probleme : la cour d'assises speciale compte pas moins de sept magistrats et l'audiencement des proces peut rapidement devenir un calvaire. Jean-Michel Hayat propose donc que cette cour << passe a cinq magistrats >>. Une proposition egalement faite par la procureure generale a la cour d'appel de Paris, Catherine Champrenault. Le president du TGI dit avoir sonde ses collegues et ne pas avoir rencontre de resistance sur la question. << Il faut trouver la possibilite de faire voter une loi au Parlement, dont le calendrier est, parait-il, tres charge >>, releve-t-il, cependant. Jean-Michel Hayat a aussi evoque la possibilite, << a terme, de co-saisine des juges du pole antiterroriste et du pole crimes contre l'humanite >> dans certains dossiers concernant notamment la Syrie. Pour soulager les juges d'instruction, il plaide pour << un circuit court, pour eviter de passer par la phase de l'instruction >> dans des dossiers assez simples, comme la consultation de sites djihadistes. Le parquet, mieux dote, menerait alors directement les investigations lors de l'enquete preliminaire. Il s'agit d'une revendication des juges d'instruction specialises qui souhaiteraient se concentrer sur les dossiers particulierement compliques. << On n'est pas a la peine, on s'adapte, mais les defis sont immenses. Il y a quelques mois, on ne parlait pas de femmes djihadistes ou de mineurs >>, a-t-il rappele, soulignant que le TGI avait << augmente de 33 % sa capacite de jugement >>. A ce jour, 1 036 personnes sont impliquees judiciairement, mises en examen ou recherchees, dans des dossiers de filieres djihadistes pour la Syrie et l'Irak, selon une source judiciaire a l'AFP. Selon les derniers chiffres officiels, plus de 200 Francais sont morts en Syrie et en Irak. Interroge sur la cour de surete antiterroriste voulue par Nicolas Sarkozy, et sur les propositions drastiques et securitaires de la droite qui aspirent a voir eclore un systeme derogatoire au droit commun pour juger les djihadistes, Jean-Michel Hayat a botte en touche : << Le systeme judiciaire fonctionne tel qu'il est >>, a assure le president du TGI, ajoutant qu'il n'y avait pas << de dysfonctionnement majeur >>. << En revanche, je releve beaucoup de stress. (...) C'est difficile pour tous les collegues qui ont le chronometre dans le ventre. >> ", "theme": "societe"}