{"id_art": "11ec1daee9ac2ae641d5fdb56426c242", "title": "Marseille : le caractere terroriste de l'attaque confirme par le procureur", "newspaper": "LePoint", "author": [" Aziz Zemouri (avec AFP)"], "date_publi": "2017-10-02", "content": " VIDEOS. L'homme qui a poignarde deux jeunes filles gare Saint-Charles etait connu pour des faits de droit commun. Selon l'EI, il s'agit de l'un de ses \"soldats\". On en sait un peu plus sur l'attaque au couteau qui a eu lieu dimanche a Marseille. Deux jeunes femmes ont ete tuees sur le parvis de la gare Saint-Charles, en debut d'apres-midi, par un homme age d'une trentaine d'annees avant d'etre abattu par des militaires. Selon une source proche du dossier, les deux victimes sont deux cousines de 20 et 21 ans originaires de la region lyonnaise. L'une d'entre elles faisait ses etudes de medecine a Marseille et l'autre etait venue lui rendre visite pour le week-end. Le groupe Etat islamique a revendique l'attaque des dimanche soir dans un communique diffuse par son agence de propagande Amaq et relaye par le centre americain de surveillance des sites djihadistes, SITE. << L'auteur [...] provient des soldats de l'Etat islamique >>, assure une << source de securite >> citee par l'organe de propagande. Pour les services de renseignements, cette revendication est << opportuniste >>. Daech veut profiter de << l'attentat >>, mais n'apparait pas a ce stade comme le commanditaire de l'action de Marseille. Pour preuve, dans le communique de revendication, l'EI ne donne aucun element identifiant celui qu'il definit comme un de ses << soldats >>. Reste que differents temoignages attestent que l'agresseur a crie << Allah akbar >>, une information soulignee par le procureur de Paris Francois Molins qui a explique que l'homme a invoque trois fois la formule, en poignardant ses deux premieres victimes, puis en se ruant sur les soldats de Sentinelle, qui ont alors fait feu. Son comportement avait ete qualifie d'<< etrange >> par le ministre de l'Interieur, au vu des bandes de videosurveillance : il << commence par commettre [son] crime sur une premiere personne, s'enfuit, puis revient sur ses pas pour tuer la seconde personne >>. Une description corroboree par le procureur qui a egalement souligne qu'une femme avait << courageusement >> tente de stopper le meurtrier en le frappant avec une hampe de drapeau. Lire aussi Marseille : des temoins racontent l'attaque Connu pour des faits de droit commun, sous plusieurs identites, l'assaillant n'avait << pas de papiers sur lui >>, mais il a ete identifie grace a ses empreintes digitales. L'homme etait en situation irreguliere. Il avait fait l'objet d'une garde a vue quelques jours avant son acte pour un vol a l'etalage. Il avait alors presente un passeport tunisien, sous le nom d'Ahmed H., ne a Bizerte en 1987. Mais le meme homme est connu sous sept identites pour plusieurs faits de droit commun : infractions sur la legislation au droit des etrangers, port d'arme prohibe... Le fait le plus ancien recense le concernant remonte a 2005, selon une source proche de l'enquete. Selon Francois Molins aucune de ces identites n'est par contre connue des services specialises dans la lutte antiterroriste. Lire aussi Marseille : deux morts gare Saint-Charles Si, jusqu'a dimanche soir, les enqueteurs se voulaient prudents concernant la nature terroriste de l'attaque de Marseille, elle ne fait donc plus aucun doute pour le parquet antiterroriste qui a ouvert une enquete pour << assassinat en lien avec une entreprise terroriste >>. Francois Molins a egalement revele qu'un telephone portable avait ete retrouve sur l'assaillant. Nul doute qu'il est, en ce moment meme, l'objet des investigations des services specialises. ", "theme": "societe"}