{"id_art": "eaacee6815b1e598009cfe5f71693502", "title": "Crise en Grece : Varoufakis accuse les creanciers de \"terrorisme\"", "newspaper": "LePoint", "author": ["Source AFP"], "date_publi": "2015-07-04", "content": " \"Aujourd'hui, ce que veulent Bruxelles et la troika, c'est que le oui gagne pour pouvoir ainsi humilier les Grecs\", a declare le ministre grec des Finances. Yanis Varoukakis monte au creneau, lui qui repete qu'en cas de victoire du oui, il demissionnera. Le ministre grec des Finances accuse samedi les creanciers du pays de \"terrorisme\" et de vouloir \"humilier les Grecs\", qui se prononceront lors du referendum de dimanche sur leurs dernieres propositions de reformes. \"Ce qu'ils font avec la Grece a un nom : terrorisme\", accuse Yanis Varoufakis, connu pour sa liberte de ton, dans un entretien au quotidien espagnol El Mundo. \"Pourquoi est-ce qu'ils nous ont forces a fermer les banques ? Pour insuffler la peur aux gens. Et quand il s'agit de repandre la peur, on appelle ce phenomene le terrorisme\", developpe le ministre en parlant de la politique menee par les creanciers d'Athenes, le Fonds monetaire international (FMI), la Banque centrale europeenne (BCE) et l'Union europeenne. Faute d'etre parvenu a un accord avec les creanciers sur une prolongation d'un programme d'aide financiere au-dela du 30 juin, le gouvernement de la gauche radicale grec a annonce la fermeture des banques et le controle des capitaux jusqu'au 6 juillet. Quel que soit le resultat du referendum de dimanche - le Premier ministre Alexis Tsipras appelle a voter non, le president de la Commission europeenne Jean-Claude Juncker, oui -, les banques du pays rouvriront et il y aura un accord avec les creanciers, assure Yanis Varoufakis. \"Quel que soit le resultat du referendum, le lundi, il y aura un accord, j'en suis completement et absolument convaincu. L'Europe a besoin d'un accord, la Grece a besoin d'un accord, de sorte que nous arriverons a un accord.\" Pour le ministre des Finances, \"aujourd'hui, ce que veulent Bruxelles et la troika, c'est que le oui gagne pour pouvoir ainsi humilier les Grecs\". Il accuse aussi ses opposants de vouloir faire de \"la Grece un exemple pour les autres\" a l'heure ou en Espagne le parti de gauche radicale Podemos, allie du grec Syriza, gagne en force a l'approche d'elections legislatives. \"Je crois que dans toute l'Europe il y a besoin de partis comme Syriza et Podemos, des partis a la fois critiques a l'egard du systeme mais en meme temps pro-europeens et democrates. Ceux qui nous detestent veulent nous faire passer pour anti-europeens, mais non, ce n'est pas vrai, nous ne le sommes pas.\" ", "theme": "monde"}