{"id_art": "2795289ece9b887196a2250523c2d3ee", "title": "Terrorisme : des \"individus deshumanises\" revenus a \"l'etat d'animaux\"", "newspaper": "LePoint", "author": ["Le Point.fr"], "date_publi": "2016-03-02", "content": " Auditionnes au Senat par la commission des Affaires etrangeres, les patrons des services de renseignements ont tire la sonnette d'alarme. Inquietant. C'est une audition qui etait passee un peu inapercue. Le 17 fevrier dernier, Patrick Calvar, le patron de la DGSI, et Bernard Bajolet, a la tete de la DGSE, ont ete entendus par la commission des Affaires etrangeres, de la Defense et des Forces armees du Senat. Les deux hommes ont tenu devant les elus des propos extremement precis qui soulignent le danger constant auquel la France est confrontee. La video de revendication des crimes du 13 novembre montre des \"individus deshumanises\", revenus \"a l'etat d'animaux\", ont-ils dit. Notre pays doit aujourd'hui faire face a des combattants aguerris, des \"professionnels de la guerre\". Patrick Calvar est revenu sommairement sur les attentats de Paris, precisant qu'aucun des suspects n'etait drogue, et qu'ils avaient donc agi sciemment et en toute connaissance de cause. Les erreurs \"grossieres\" d'Hasna Ait Boulhacen, la cousine d'Abdelhamid Abaaoud qui a trouve un hebergement pour le terroriste, et qui a converse par telephone sans prendre de soins particuliers, \"ont rendu possible notre intervention\", a affirme le patron de la DGSI. Avant d'ajouter : \"Cela a ete notre chance.\" Patrick Calvar a explique que la DGSI ne pouvait pas tout : \"Abdelhamid Abaaoud faisait l'objet de tres nombreuses procedures judiciaires. Il etait soupconne d'etre a l'origine d'attentats comme celui tente dans le Thalys, mais cela ne nous disait pas ou il etait ni ce qu'il faisait.\" Depuis le 13 novembre, la cooperation a ete renforcee avec les pays voisins. Les services specialises militent pour une generalisation de la biometrie, qui permettrait de contrecarrer la falsification de faux papiers d'identite. On sait en effet aujourd'hui que plusieurs kamikazes du Stade de France ont eu recours a de faux passeports pour s'infiltrer en Grece, parmi les migrants et les refugies. \"Nous devons desormais raisonner a l'echelle de la francophonie\", a lance le patron des espions de la DGSI. A l'etranger, et notamment au sein de de l'EI, les djihadistes sont organises en katibas, des groupes de combattants qui souvent parlent la meme langue, qu'ils soient Belges, Francais, Tunisiens, Marocains... Les services doivent raisonner de la meme facon s'ils veulent pouvoir lutter efficacement contre la menace. Bernard Bajolet, l'homme cle de la DGSE, s'est voulu rassurant et a affirme que la \"parenthese de la brouille avec le Maroc [etait] definitivement fermee\". Les deux hommes ont egalement affirme concentrer leurs efforts sur le cyber. \"Le chiffrement est un enjeu vital qui depasse largement les debats a l'interieur de nos frontieres\", ont-ils dit. Ajoutant : \"Un autre aspect de la menace : les appels a la violence sur les reseaux sociaux, dont l'impact sur notre jeunesse peut etre particulierement efficace, surtout aupres de ceux qui sont depourvus de connaissances religieuses, et qui n'ont pas d'alternative a l'islam radical pour exprimer leur colere, leur opposition a notre societe.\" Face a toutes ces menaces, \"la France reste en premiere ligne, ont-ils concede (...). Les terroristes ciblent leur action. Ils savent tres bien ce qui nous effraie. Ils lisent notre presse et connaissent nos peurs.\" Et Patrick Calvar de lacher cette information glacante : \"Nous disposons d'informations faisant etat de la presence de commandos sur le sol europeen, dont nous ignorons la localisation et l'objectif.\" L'Etat islamique n'est de surcroit pas notre seul ennemi : \"Au-dela de Daech, n'oublions pas Al-Qaida qui projette de son cote une attaque majeure pour redorer son blason au sein de la communaute islamiste\", a poursuivi le directeur general de la securite interieure. Les deux hommes forts du renseignement ne versent pas pour autant dans la surenchere securitaire et se posent les bonnes questions : \"Nous sommes comme le Samu : nous traitons l'urgence, pas le mal de fond.\" Avant que Patrick Calvar ne conclue : \"Je suis convaincu, a titre personnel, que la reponse securitaire n'est que partielle et ne resoudra pas le phenomene. Pourquoi une fille de 15 ans quitte-t-elle notre territoire pour la Syrie alors que rien ne la destine a ce destin macabre ? Pourquoi un garcon du meme age issu d'un milieu kurde, non islamise, tente-t-il d'assassiner un enseignant juif a Marseille ? C'est une question pour notre societe.\" ", "theme": "societe"}