{"id_art": "eafabc59c3fcc780ff7aaefa1d7da332", "title": "Landes: prison ferme pour apologie d'actes terroristes en etat d'ivresse", "newspaper": "LePoint", "author": ["AFP"], "date_publi": "2016-08-01", "content": "Un homme de 32 ans a ete condamne lundi a Dax (Landes) a six mois de prison ferme pour apologie d'actes de terrorisme, apres avoir, alcoolise, menace des agents SNCF, lancant qu'ils \"meritaient de mourir sous les bombes de Daech\" ou qu'il \"allait tout faire peter\", a-t-on appris de source judiciaire. L'homme demeurant a Dax, et aux antecedents judiciaires pour faits de violences, stupefiants, conduite en etat alcoolique entre autres, avait ete interpelle a la suite d'un incident survenu vendredi soir en gare de Dax, d'ou il comptait prendre un train pour les Fetes de Bayonne, a 50 km, a-t-on precise aupres du parquet. Faute de titre de transport, il s'est vu refuser l'acces au train. L'homme s'est en alors pris verbalement au chef de gare et a deux autres agents SNCF, leur lancant une serie d'insultes et de menaces, clamant notamment qu'il est \"pour Daech\", acronyme arabe de l'organisation terroriste Etat Islamique. Apres son interpellation dans les heures suivantes et son placement en garde a vue, l'enquete sur son entourage a conduit les policiers a decouvrir chez son frere, de deux ans son cadet, pres de 3 kg de resine de cannabis. Les deux freres ont ete places samedi sous mandat de depot en vue d'une comparution immediate au tribunal correctionnel. Lors de l'audience, qui s'est deroulee sans incident, le prevenu pour apologie a exprime ses remords pour ses propos. Il a ete condamne, outre la prison ferme, a verser 1.000 euros de dommages et interets a chacun des agents insultes. Son frere cadet a ete condamne a un an de prison ferme. 01/08/2016 18:11:08 - Dax (France) (AFP) - (c) 2016 AFP ", "theme": "societe"}