{"id_art": "d9c6345daddc1c2e0f5ec66635d642ba", "title": "Menace terroriste : un nouveau mineur arrete a Paris", "newspaper": "LePoint", "author": ["Source AFP"], "date_publi": "2016-09-14", "content": " Un adolescent \"qui s'etait propose pour une action terroriste\" a ete interpelle mercredi et place en garde a vue par les policiers de la DGSI. Un adolescent << qui s'etait propose pour une action terroriste >> a ete arrete mercredi a Paris et place en garde a vue par les policiers de la DGSI, a appris l'Agence France-Presse de sources proches de l'enquete. Ne en septembre 2001, le suspect, arrete dans le 20e arrondissement, dans le nord-est de la capitale, etait << en lien avec le djihadiste francais Rachid Kassim >>, deja au coeur de l'enquete sur un commando de femmes demantele la semaine derniere. Samedi, un autre adolescent, age de 15 ans, egalement en lien avec ce djihadiste et soupconne de pouvoir << passer a l'acte >>, avait ete arrete a Paris. Une perquisition etait en cours mercredi matin au domicile du mineur arrete, les enqueteurs de la Direction generale de la securite interieure (DGSI) cherchant a etablir ses intentions. Au centre des investigations : Rachid Kassim, un propagandiste virulent du groupe Etat islamique qui, depuis la zone syro-irakienne et via la messagerie cryptee Telegram, appelle a commettre des attentats. Interroge a l'issue du conseil des ministres, Bernard Cazeneuve a confirme cette arrestation, soulignant le travail << extremement dense >> des services de renseignements destine a << identifier ceux qui sont susceptibles de passer a l'acte >>. << Un travail continu qui nous mobilise nuit et jour >>, a ajoute le ministre de l'Interieur. << L'action des services de renseignements est plus intense qu'elle ne l'a jamais ete pour des raisons qui tiennent au niveau de la menace et pour des raisons qui tiennent aux appels au meurtre lances par un certain nombre d'acteurs en Syrie qui utilisent des moyens cryptes pour appeler des Francais de plus en plus jeunes a passer a l'acte >>, a-t-il declare. Selon les enqueteurs, Rachid Kassim a inspire, de maniere plus ou moins directe, les attaques de Magnanville (Yvelines), ou Larossi Abballa a tue un policier et sa compagne le 13 juin, et de Saint-Etienne-du-Rouvray (Seine-Maritime), ou Adel Kermiche et Abdel Malik Petitjean ont tue un pretre dans une eglise le 26 juillet. Il aurait egalement pilote les projets d'attentat du commando de femmes arrete la semaine derniere apres la decouverte d'une voiture chargee de bonbonnes de gaz en plein coeur de Paris, et celui de l'adolescent de 15 ans qui voulait passer a l'acte avec une arme blanche. Lundi, les trois femmes du commando et l'adolescent avaient ete mis en examen pour association de malfaiteurs terroriste criminelle et ecroues. ", "theme": "societe"}