{"id_art": "8d43816f227c495ff71cabef926d9fa6", "title": "Australie: un homme preparait un attentat terroriste pour le Nouvel An (police)", "newspaper": "LePoint", "author": ["AFP"], "date_publi": "2017-11-28", "content": "La police australienne a annonce mardi avoir arrete un sympathisant du groupe Etat islamique qui projetait d'acheter une arme et de tirer dans la foule le soir du Nouvel An a Melbourne. Le suspect, age de 20 ans et ne en Australie de parents somaliens, a ete arrete lundi lors d'une operation de la police dans une maison de Werribee, une banlieue de Melbourne, dans le sud de l'Australie, a indique la police. Il devait etre inculpe dans la journee de mardi. L'homme est \"un sympathisant de l'Etat islamique\" et l'attaque qu'il projetait etait \"potentiellement catastrophique\", a declare Shane Patton, chef adjoint de la police de l'Etat de Victoria, dont Melbourne est la capitale. Selon la police, le suspect avait consulte un manuel en ligne produit par Al-Qaida sur la maniere d'utiliser des armes a feu et de commettre des attentats, mais il a ete arrete avant d'avoir pu acheter un fusil automatique. \"Il avait l'intention d'utiliser une arme a feu pour abattre autant de personnes que possible dans le secteur de Federation Square le soir du Nouvel An\", a declare M. Patton. Federation Square est une place situee au coeur de la ville de Melbourne, pres de la gare ferroviaire de Flinders Street et de la cathedrale St Paul. C'est l'un des principaux endroits de Melbourne ou les gens se rassemblent le 31 decembre pour feter l'arrivee du Nouvel An. \"C'est une terrible preoccupation pour nous que, pendant la periode des fetes, alors que les gens se divertissent, il y ait un potentiel complot pour commettre un acte terroriste\", a declare Shane Patton. Il a precise que le suspect, qui vivait chez ses parents, etait sous la surveillance de la police depuis le debut de cette annee parce qu'il faisait partie d'une petite communaute d'extremistes, et que son comportement etait progressivement devenu plus alarmant. Les autorites australiennes, qui craignent depuis plusieurs annees des attaques de la part d'extremistes, ont renforce en septembre 2014 le niveau national d'alerte terroriste. Depuis, 74 personnes ont ete arretees sur le territoire australien dans le cadre de 374 enquetes antiterroristes. Les autorites declarent que 13 attentats ont ete dejoues ces dernieres annees, dont une attaque inspiree par le groupe Etat islamique et qui aurait du avoir lieu a Noel 2016 au meme endroit dans le centre de Melbourne. La police avait alors arrete plusieurs hommes qui prevoyaient d'utiliser des explosifs, des armes a feu et des couteaux pour commettre un attentat a cet endroit tres frequente. A la question de savoir si le suspect arrete lundi pouvait avoir ete inspire par ce complot de Noel 2016, Shane Patton a declare que le processus par lequel il s'etait radicalise devait encore etre determine par les enqueteurs. Un autre projet d'attentat recemment dejoue par la police australienne, lui aussi inspire par l'EI, consistait a faire s'ecraser un avion en utilisant du gaz toxique ou une bombe rudimentaire. En 2014, une prise d'otages dans un cafe de Sydney s'etait soldee par la mort de deux d'entre eux. 28/11/2017 02:42:18 - Melbourne (AFP) - (c) 2017 AFP ", "theme": "monde"}