{"id_art": "5ff2814133ea88ded82f4a7399ea064a", "title": "Attentat d'Istanbul : le suspect arrete est un \"terroriste bien entraine\"", "newspaper": "LePoint", "author": ["Source AFP"], "date_publi": "2017-01-16", "content": " Le principal suspect de l'attaque qui a fait 39 morts dans une discotheque la nuit du nouvel an a ete interpelle a Istanbul ce lundi. L'auteur presume de l'attaque terroriste qui a fait 39 morts au Reina, un night-club branche d'Istanbul, lors du reveillon du nouvel an a avoue etre l'auteur du carnage. << Le terroriste a admis son crime >>, a declare le gouverneur Vasip Sahin a la presse. Il a egalement identifie l'homme comme s'appelant Abdulgadir Masharipov, ne en Ouzbekistan en 1983. << Il a ete entraine en Afghanistan et parle quatre langues. C'est un terroriste bien entraine >>, a poursuivi le gouverneur. Il avait ete arrete par la police turque lundi 16 janvier. Le principal suspect dans cet attentat revendique par le groupe Etat islamique a ete retrouve dans un appartement du quartier d'Esenyurt sur la rive europeenne d'Istanbul, au cours d'une operation policiere, selon TRT. Il etait en cavale depuis plus de quinze jours et des informations laissaient entendre qu'il n'avait jamais quitte Istanbul. Les autorites avaient entre-temps renforce les controles aux frontieres pour eviter que l'assaillant ne leur echappe. L'agence de presse Dogan indique qu'il utilisait comme nom de code Ebu Muhammed Horasani au sein de l'EI. Les services de renseignements et la police antiterroriste d'Istanbul avaient identifie l'assaillant de la nuit du nouvel an comme un Ouzbek de 34 ans faisant partie d'une cellule de l'EI en Asie centrale dans un rapport publie le 8 janvier. Le suspect a ete ensuite conduit au siege de la police stambouliote pour y etre interroge, ajoute Anadolu. Les medias avaient precedemment rapporte que l'homme avait ete arrete en compagnie de son fils de quatre ans, mais le gouverneur a clairement affirme que le fils n'etait pas present lors du raid. Selon les medias turcs, l'assaillant etait un tireur tres bien entraine qui avait combattu pour l'EI en Syrie et etait devenu un expert en armes. Plusieurs medias avaient aussi affirme que le tueur presume s'etait installe en novembre dans la ville de Konya avec son epouse et leurs deux enfants a son retour de Syrie afin de ne pas eveiller les soupcons. L'identite de l'assaillant presume a donne lieu a quelques confusions au lendemain du massacre, certaines informations suggerant qu'il pourrait s'agir d'un Kirghize, d'autres evoquant un Ouigour de Chine. Selon TRT, l'arrestation s'est produite lors d'une operation menee conjointement par la police et les services secrets turcs MIT. L'agence de presse Dogan a publie une photo du suspect, le visage ensanglante et vetu d'un tee-shirt, fermement maintenu au cou par un policier. Selon la chaine TRT, le suspect residait dans un appartement loue par un ressortissant kirghize a Istanbul, qui a ete egalement arrete. Un Irakien et trois femmes, originaires << d'Afrique et d'Egypte >>, ont egalement ete interpelles dans le meme appartement que l'assaillant, a declare le gouverneur. << Il est clair que l'attaque a ete commise au nom de Daech >>, a-t-il ajoute, utilisant l'acronyme arabe de l'EI. Quelque 2 000 policiers ont ete mobilises au cours de cette operation, avec le soutien des services de renseignement, selon Vasip Sahin. La police s'est rendue a 152 adresses et y a arrete 50 personnes, a ajoute le gouverneur. Au moins 35 personnes avaient deja ete arretees en lien avec l'attentat avant cette operation policiere, selon le decompte d'Anadolu. L'attentat au Reina avait marque un debut d'annee sanglant pour la Turquie, deja secouee en 2016 par une tentative de coup d'Etat et une vague d'attaques meurtrieres commises par des djihadistes ou la rebellion kurde. Le but de l'attentat etait de << nous dresser les uns contre les autres >>, avait averti le president Recep Tayyip Erdogan, mettant en garde contre un risque de << polarisation >> apres la publication de messages sur les reseaux sociaux critiquant le style de vie des personnes tuees dans la discotheque. La Turquie a ete accusee par ses allies occidentaux de ne pas avoir fait suffisamment contre la montee en puissance de l'EI, accusation que les autorites turques rejettent, faisant valoir qu'elles ont place le groupe sur leur liste des organisations terroristes depuis 2013. En revendiquant le carnage du Reina, l'EI a reproche a la Turquie, pays a majorite musulmane, son intervention en Syrie et sa participation a la coalition menee par les Etats-Unis qui combat le groupe djihadiste en Syrie et en Irak. ", "theme": "monde"}