{"id_art": "b656d78a64ebad5b0ca71d856df432fc", "title": "Attentats : pour sa famille, Hasna Ait Boulahcen est une \"victime des terroristes\"", "newspaper": "LePoint", "author": [" Le Point.fr"], "date_publi": "2016-01-20", "content": " La famille de la jeune femme tuee lors de l'assaut de la police a Saint-Denis a decide de porter plainte contre X avec constitution de partie civile. Peut-on considerer Hasna Ait Boulahcen comme une victime des terroristes ? Pire, peut-on la mettre au meme niveau que les victimes du Bataclan ? C'est en tout cas la these defendue par Fabien Ndoumou, l'avocat de la famille de la jeune femme qui a ete tuee lors de l'assaut lance par la police le 18 novembre dernier a Saint-Denis. \"Hasna Ait Boulahcen est morte a la suite d'un attentat terroriste comme les autres victimes du Bataclan. Elle n'est ni une terroriste, ni une complice, ni une kamikaze. Elle a donc le statut de victime. Elle n'a jamais joue un role actif dans cette affaire, elle n'a jamais eu de contact avec la Syrie\", explique-t-il a Francetv info tout en annoncant son intention de porter plainte contre X avec constitution de partie civile aupres du juge antiterroriste Christophe Teissier. Pourtant, des elements concrets semblent accabler la cousine d'Abdelhamid Abaaoud, le cerveau des attentats de Paris. En effet, elle aurait eu un role actif dans l'orchestration des attentats : ce serait notamment elle qui aurait trouve la planque par l'intermediaire du logeur Jawad Bendaoud et qui y aurait conduit son cousin en toute discretion apres les evenements du 13 novembre. Mais pour Me Fabien Ndoumou, Hasna Ait Boulahcen a agi sous la menace et la pression d'Abdelhamid Abaaoud qui l'aurait menacee de \"tuer les membres de (sa) famille et les enfants de (ses) amis\". Pour appuyer sa ligne de defense, l'avocat de la famille s'appuie sur l'enregistrement realise lors de l'assaut lors duquel Hasna Ait Boulahcen repond \"c'est pas mon copain !\" a la question des policiers qui demandaient ou se trouvait ce dernier. \"Elle n'etait pas radicale et sa famille souhaite desormais rehabiliter son honneur\", rappelle Fabien Ndoumou. Consultez notre dossier : Special attentats de Paris ", "theme": "societe"}