{"id_art": "4568069bc3bfcafd5d1ab7d3a01cb6fb", "title": "Menace terroriste : deux jeunes Nicoises ecrouees", "newspaper": "LePoint", "author": ["Source AFP"], "date_publi": "2016-09-25", "content": " Agees de 17 et 19 ans, les deux filles sont soupconnees d'avoir voulu commettre une action djihadiste. Une enquete antiterroriste a ete ouverte. Le pire a-t-il ete evite ? La direction generale de la Securite interieure (DGSI) a interpelle deux jeunes Nicoises radicalisees de 17 et 19 ans. Elles ont ete placees en detention provisoire, soupconnees d'avoir voulu commettre une action djihadiste, a-t-on appris dimanche de source judiciaire, confirmant une information du Parisien. Une enquete ouverte par la section antiterroriste du parquet de Paris le 9 septembre a permis d'etablir qu'elles etaient en contact avec Rachid Kassim, propagandiste actif du groupe Etat islamique, qui lance des appels aux meurtres via la messagerie cryptee Telegram depuis la zone irako-syrienne. Interrogees par la direction generale de la Securite interieure (DGSI), << elles ont reconnu qu'elles avaient envisage une action violente, sous l'influence de Rachid Kassim avant d'y renoncer >>, selon une source proche de l'enquete. Les investigations n'ont pas permis de retrouver d'armes a leur domicile, dans le secteur de Nice, ou Mohamed Lahouaiej Bouhlel, un Tunisien de 31 ans radicalise, a fonce dans la foule avec un camion, faisant 86 morts et 434 blesses le 14 juillet. La mineure de 17 ans, inconnue des services de renseignements, a admis en garde a vue << en vouloir beaucoup aux militaires >>, une cible recurrente du groupe Etat islamique, selon la source proche de l'enquete. Elle a ete mise en examen le 17 septembre a Paris pour association de malfaiteurs terroriste criminelle et ecrouee. La jeune majeure de 19 ans etait en revanche connue dans le cadre de l'enquete sur la filiere djihadiste nicoise organisee par Omar Diaby, considere comme l'un des premiers recruteurs de combattants francais. Agee a l'epoque de 17 ans, elle projetait de rejoindre les terres du djihad. Mise en examen le 21 novembre 2014, elle etait depuis sous controle judiciaire avec obligation de pointer. Cette mesure a ete revoquee dans le cadre de la nouvelle enquete, entrainant son placement en detention provisoire. Elle devait etre convoquee par un magistrat antiterroriste en vue d'une nouvelle mise en examen dans le cadre du dossier sur le projet d'attentat, selon la source judiciaire. Ces dernieres semaines, plusieurs personnes - dont au moins trois adolescents - ont ete ecrouees pour des menaces d'attaques similaires, sous l'influence de la propagande de Rachid Kassim, soupconne d'avoir inspire de maniere plus ou moins directe les attaques de Magnanville (Yvelines), le 13 juin, et de l'eglise de Saint-Etienne-du-Rouvray (Seine-Maritime), le 26 juillet. Il aurait aussi pilote les projets d'attentats du commando de femmes arrete debut septembre apres la decouverte d'une voiture chargee de bonbonnes de gaz a Paris. Ces arrestations interviennent alors que, selon le Premier ministre Manuel Valls, la menace terroriste est << maximale >> en France, touchee depuis 2015 par une serie d'attentats qui ont fait 238 morts. ", "theme": "societe"}