{"id_art": "6599bdada7f3e0eb034a16d110d8c8b6", "title": "Le groupe terroriste Boko Haram en 1 minute", "newspaper": "LePoint", "author": [" Pauline Tissot", "Pauline Tissot"], "date_publi": "2016-04-14", "content": " VIDEO. Deux ans apres l'enlevement de 276 lyceennes au Nigeria, Boko Haram envoie une \"preuve\" de leur \"vie\". Quelles sont les revendications de ce groupe ? En arabe, cela signifie << rejet de l'education occidentale >>. Selon l'ONU, le groupe est une organisation terroriste, qui compte 6 000 a 30 000 combattants suivant les experts. Abubakar Shekau est leur leader. Depuis 2002, les terroristes souhaitent instaurer un califat islamique dans le nord-est du Nigeria. Ils auraient deja fait 20 000 morts, utilisent le kidnapping comme arme, et transforment leurs victimes en esclaves sexuelles ou en bombes humaines. Le 7 mars 2015, Boko Haram prete allegeance a l'organisation Etat islamique. Le groupe islamiste intervient principalement autour du lac Tchad, soit au Nigeria, au Tchad, et au Niger. Le 14 avril 2014, Boko Haram frappe fort en enlevant 276 lyceennes au Nigeria, a Chibok, dont 57 echappent aux mains du groupe. C'est le debut de la campagne de soutien #BringBackOurGirls. Deux ans plus tard, une << preuve de vie >> des fillettes est envoyee a la chaine americaine CNN. Elle date du 25 decembre 2015. La video montre une quinzaine de jeunes filles recouvertes d'un hijab noir. Des negociations entre Boko Haram et le pouvoir nigerian sont en cours, selon l'Agence France-Presse. Chasse en grande partie du Nigeria debut 2016, le groupe multiplie les attentats-suicides au Tchad et au Cameroun. Consultez notre dossier : Une minute pour comprendre ", "theme": "monde"}