{"id_art": "cc04839fa886345a93fe749928978bad", "title": "Decret anti-immigration : le texte pourrait aggraver la menace terroriste", "newspaper": "LePoint", "author": ["Source AFP"], "date_publi": "2017-01-31", "content": " La presse americaine rapporte que, au lendemain du decret, les djihadistes celebraient une victoire sur les reseaux sociaux, saluant meme Donald Trump. Et si le decret anti-immigration voulu par Donald Trump se retournait contre les Etats-Unis ? Selon plusieurs experts, l'interdiction de l'acces au territoire americain des ressortissants de sept pays musulmans et des refugies de tous pays pourrait accroitre la menace d'attaques terroristes. Ces experts soulignent que le decret risque d'augmenter le sentiment de victimisation chez certains musulmans radicalises et compliquer les efforts des autorites americaines pour obtenir la cooperation de la communaute musulmane. Des le lendemain du decret, des djihadistes celebraient sur les reseaux sociaux << une victoire >>, saluant Donald Trump comme le << meilleur recruteur pour l'islam >>, selon le Washington Post. De nombreux djihadistes faisaient le parallele entre ce decret et l'invasion << benie >> de l'Irak en 2003 par les Etats-Unis qui a ouvert les vannes du ressentiment contre l'Occident dans le monde musulman. << Nous savons que des groupes vont utiliser cela dans leurs tactiques de recrutement >>, a declare David Ibsen, directeur de l'ONG Counter Extremism Project. << La propagande d'ISIS [groupe Etat islamique] et d'Al-Qaida cible un bassin tres large de personnes. Et de l'exposition a cette propagande au fait de mener une attaque, nous savons que la meche est tres courte >>, ajoute-t-il. << Cela ne rendra pas l'Amerique plus sure >>, rencherit Farah Pandith, une ancienne responsable de la securite nationale dans les administrations de George W. Bush et de Barack Obama, specialisee dans la lutte contre la radicalisation. << Cela a cree un avantage pour Isis. >> Dans une lettre ouverte, plusieurs dizaines d'anciens collegues de Farah Pandith ont estime que ce decret envoyait << le mauvais message a la communaute musulmane dans le pays et de par le monde >> : l'idee que le gouvernement americain est << en guerre contre eux sur la base de leur religion >>. Les signataires se disent convaincus que cette decision aura << un impact negatif a long terme >> sur la securite nationale des Etats-Unis. Le secretaire general de l'ONU, Antonio Guterres, a estime mardi que le decret << declenche une vague d'anxiete et de colere qui peut faciliter la propagande et les organisations terroristes que nous voulons tous combattre >>. Donald Trump, lui, a clairement fait un lien entre les recentes attaques en Europe a l'accueil de refugies musulmans, accusant la chanceliere allemande Angela Merkel d'avoir commis << une erreur catastrophique >> en ouvrant son pays aux refugies syriens, dans une interview datee du 15 janvier, Or ces affirmations sont largement contestables, soulignent les experts. Aux Etats-Unis et en Europe, la plupart des auteurs des recentes attaques etaient citoyens du pays vise. En outre, aucun n'est originaire des pays mentionnes sur cette << liste noire >> : Syrie, Iran, Irak, Soudan, Yemen, Somalie et Libye. << Tous les pays qui presentent un risque de radicalisation ne sont pas sur la liste >>, fait valoir David Ibsen. En Europe, la plupart des assaillants etaient originaires d'Algerie, du Maroc ou de Tunisie. Les auteurs des attaques au camion du 19 decembre a Berlin et du 14 juillet a Nice etaient tous deux tunisiens. Aux Etats-Unis, les auteurs de l'attaque du marathon de Boston en avril 2013 etaient deux freres d'origine tchetchene, l'un naturalise americain, l'autre en passe de l'etre. L'attaque de San Bernardino de decembre 2015 a ete menee par un homme ne a Chicago d'une famille pakistanaise et par sa femme, nee au Pakistan, et de nationalite saoudienne. Omar Mateen, l'auteur du massacre a la boite de nuit d'Orlando, est ne aux Etats-Unis dans une famille d'immigres afghans. Le decret Trump << demontre une incomprehension de ce qu'est vraiment le probleme >>, juge Farah Pandith. Nihad Awad, directeur du Conseil sur les relations americano-islamiques, a qualifie le decret Trump de << decret d'exclusion des musulmans >> et a deja depose lundi une plainte contre le president, avec d'autres representants musulmans. << Le decret d'exclusion des musulmans est le resultat des promesses de la campagne haineuse de defendeur Donald Trump, qui a ete alimentee, en grande partie, par un desir de stigmatiser l'islam et les musulmans >>, peut-on lire dans la plainte. Pour David Ibsen, la priorite doit etre de reduire la capacite des groupes extremistes a diffuser leur message aux recrues potentielles aux Etats-Unis a travers les medias sociaux - un message qui fera usage du decret sur l'immigration. << La disponibilite de la propagande de l'Etat islamique et d'Al-Qaida est un enorme probleme >>, dit-il. << Faire pression sur les entreprises de reseaux sociaux pour supprimer la propagande en ligne est tres important. >> ", "theme": "monde"}