{"id_art": "e1601aa1df361101d2af6fbe372e2d3d", "title": "Egypte: 11 \"terroristes\" tues dans un raid des forces de securite", "newspaper": "LePoint", "author": ["AFP"], "date_publi": "2017-11-28", "content": "Onze \"elements terroristes\" ont ete tues dans un raid des forces de securite dans la region d'Ismailia, dans le nord-est de l'Egypte, a annonce mardi le ministere de l'Interieur. Des affrontements ont eclate apres que les forces de securite ont lance ce raid contre un lieu soupconne d'abriter du materiel de contrebande destine a des jihadistes dans la peninsule du Sinai, ou une attaque contre une mosquee a fait vendredi plus de 300 morts. Le president egyptien Abdel Fattah al-Sissi avait promis le jour meme une \"reponse brutale\" des forces de securite contre les auteurs de cette attaque. Le raid de mardi a eu lieu dans le village de Gelbana, a l'est du canal de Suez, pres de la frontiere avec la province Nord-Sinai. Il est survenu apres la \"surveillance des deplacements de certains chefs de groupes terroristes dans le nord du Sinai\", precise le ministere dans un communique. Ces groupes preparaient une serie d'attaques contre des infrastructures essentielles et des lieux de culte chretiens, selon la meme source. Cette operation a egalement permis \"d'identifier un reseau de contrebandiers impliques dans la fourniture de moyens de communication sans fil et de soutien logistique aux groupes terroristes dans le nord du Sinai\", a ajoute le ministere. Trois membres presumes de ce reseau ont ete apprehendes. Six autres personnes ont egalement ete arretees dans le cadre d'une \"campagne de securite elargie\" dans le pays. L'attaque de vendredi a vise la mosquee al-Rawda, dans le village de Bir al-Abd, a 40 km a l'ouest d'Al-Arich, capitale du Nord-Sinai. Elle a ete menee par une trentaine d'hommes armes portant la banniere du groupe jihadiste Etat islamique (EI) qui n'a cependant pas revendique l'attaque. Elle a fait au moins 305 morts, dont une trentaine d'enfants, et plus de 100 blesses. Peu apres le carnage, l'armee a annonce avoir detruit plusieurs vehicules utilises dans l'attaque, et tue leurs occupants. 28/11/2017 15:51:04 - Le Caire (AFP) - (c) 2017 AFP ", "theme": "monde"}