{"id_art": "481ca9b916816dc8212b2d8b3718da13", "title": "Terrorisme: la \"perpetuite effective\" s'immisce dans le debat", "newspaper": "LePoint", "author": ["AFP"], "date_publi": "2016-03-22", "content": "Manuel Valls s'est montre ouvert, apres les attentats de Bruxelles, a l'aggravation des peines pour les auteurs d'attentats terroristes, voire a etudier l'idee d'une \"perpetuite effective\" lancee par Nathalie Kosciusko-Morizet, alors que la reforme de la decheance de nationalite s'est enlisee. C'est lors d'une interview matinale lundi, trois jours apres l'arrestation a Bruxelles de Salah Abdeslam, seul survivant du commando des attentats du 13 novembre, que NKM a introduit cette idee dans le debat: travailler a une \"perpetuite effective\" pour les auteurs d'attentats terroristes. Rebelote mardi a l'Assemblee nationale. Interpelle par la deputee de l'Essonne, Manuel Valls a repondu qu'il n'avait \"aucun probleme a examiner\" cette piste. Un signe d'ouverture confirme mercredi matin sur Europe 1, le Premier ministre estimant qu'il fallait \"sans doute que les condamnations\" pour terrorisme \"soient encore plus lourdes\". La perpetuite existe en France. En l'etat du droit, devant une Cour d'assises speciale, un homme reconnu coupable d'un crime terroriste encourt la reclusion criminelle a perpetuite assortie d'une periode de surete de vingt-deux ans, a l'issue de laquelle il pourra demander reductions de peine ou liberation anticipee, sans garantie d'obtenir satisfaction. Cette mesure n'est cependant pas la sanction la plus severe prevue par le code penal. Celui-ci prevoit que la peine de surete puisse etre portee a trente ans dans les cas d'assassinat d'un mineur de moins de quinze ans precede ou accompagne de tortures et actes de barbarie. Une loi de 2011, a l'initiative du gouvernement de Nicolas Sarkozy et Francois Fillon, a elargi cette possibilite aux cas d'assassinats d'un policiers, gendarmes ou magistrat dans l'exercice ou en raison de ses fonctions. Plus severe encore, cette loi prevoit que la Cour peut decider, par decision speciale, de priver le condamne des mesures attachees a une periode de surete. Dans ce cas, il ne pourra formuler aucune demande de liberte conditionnelle ou de reduction de peine et la perpetuite semble bien \"effective\". Sauf que selon le code de procedure penale, le tribunal de l'application des peines pourra tout de meme accorder des mesures (suspension, reduction de peine, liberation conditionnelle)... au bout de trente ans d'ans d?incarceration. - \"Peine de mort lente\" - La peine encourue par un criminel terroriste est donc, sur le papier, moins lourde. Mais un amendement au projet de loi penal vote en premiere lecture par l'Assemblee prevoit desormais le meme dispositif pour les crimes terroristes les plus graves. Le texte doit etre examine en seance publique au Senat a compter du 29 mars. La Convention europeenne des droits de l'Homme interdit de son cote toute perpetuite \"sans reexamen\" ni \"chance d'elargissement\". Le Royaume-Uni a d'ailleurs deja ete condamne sur ce theme. Mais \"il est impensable d'imaginer que ces personnes puissent demain sortir de prison, parce qu'elles presenteront toujours un risque\", a plaide mercredi le depute (Les Republicains) Eric Ciotti. \"La perpetuite reelle merite debat et merite examen\", a de son cote estime Bruno Le Maire, candidat comme NKM a la primaire de la droite en vue de 2017. Desaccord, en revanche, du chef de file des deputes socialistes Bruno Le Roux qui voit dans cette hypothese une \"peine de mort lente\". \"Il faut egalement des peines tres claires en terme de citoyennete, a-t-il ajoute, et la decheance (de nationalite) en est une\". Cette proposition intervient en effet au moment ou le Senat, a majorite de droite, vient de modifier la revision constitutionnelle voulue par Francois Hollande apres les attentats de novembre et adoptee par l'Assemblee, hypothequant ainsi les chances de reunir le Congres. Les senateurs ont limite la decheance de nationalite aux seuls binationaux, arguant ne pas vouloir creer d'apatrides, la ou l'Assemblee l'avait elargie a tous les Francais, au motif de ne pas vouloir creer de discrimination. Mais ce rentrage senatorial sur les binationaux est intervenu quelques jours apres l'arrestation du Francais Salah Abdeslam, qui n'est donc theoriquement plus concerne par la mesure. Francois Hollande recoit mercredi soir le president du Senat Gerard Larcher (LR), puis jeudi matin celui de l'Assemblee Claude Bartolone (PS) afin de rechercher un compromis. Mercredi, Manuel Valls a dit esperer que le Senat se range a l'avis de l'Assemblee. 23/03/2016 14:15:41 - Paris (AFP) - (c) 2016 AFP ", "theme": "societe"}