{"id_art": "fb02176756a351e217c4967534d87742", "title": "\"Je crois en un seul Dieu\": catharsis du terrorisme avec Rachida Brakni", "newspaper": "LePoint", "author": ["AFP"], "date_publi": "2017-02-03", "content": "Mais que peut le theatre face au terrorisme ? Essayer de nous faire sortir de \"nos sentiments contraires\" : c'est le but de \"Je crois en un seul Dieu\", incroyablement interprete par Rachida Brakni seule en scene. La piece, une creation de la Comedie de Saint-Etienne, est jouee jusqu'au 17 fevrier au theatre des Celestins a Lyon avant de tourner dans huit autres villes en France, dont Paris au theatre du Rond-Point du 14 mars au 9 avril. C'est la premiere fois que ce texte de l'Italien Stefano Massini est monte ainsi, en plateau, en France et pour une telle tournee. Avec lui, on plonge dans le conflit israelo-palestinien et dans la tete de trois femmes : une professeure d'histoire juive israelienne, une jeune Gazaouie candidate au martyre et une militaire americaine. Trois personnages incarnes par Rachida Brakni, sans costume, ni accessoire. Seul du beton l'entoure. Leurs destins ne cessent de se chevaucher avant de se croiser lors d'un attentat dans un cafe a Tel Aviv en 2003. La seconde Intifada bat alors son plein, les attentats se multiplient dans \"cette partie du monde devenue folle\". La comedienne, sobrement vetue d'un pantalon noir et d'un chemisier gris, passe d'une femme a l'autre par de petits gestes : une main pour se proteger le ventre pour l'Israelienne, les mains sur les hanches pour l'Americaine. Il n'y a pas de dialogue, seulement des monologues en forme de contes modernes. Rachida Brakni fait de la \"dentelle\", \"ne tombe pas dans le cote performatif, elle reste dans la rigueur du texte, ce qui nous aide a developper des images mentales\", explique a l'AFP Arnaud Meunier, le metteur en scene, par ailleurs directeur de la Comedie de Saint-Etienne. Pour reussir cela, il ne fallait pas de \"l'eau tiede\" mais \"une comedienne engagee\". Grace a elle et a l'ecriture depouillee mais terriblement precise de Stefano Massini, le spectateur se represente parfaitement le decor : ces vieux juifs russes qui jouent aux echecs dans la rue, les blocs de beton deposes de facon improbable dans le desert, la lumiere crue du Proche-Orient. - Theatre du monde - L'auteur montre, surtout, comment le terrorisme met a l'epreuve certitudes et convictions. Avec l'Israelienne, tiraillee entre son besoin de securite et son desir de ne pas \"hair\" les Palestiniens. Avec la jeune Palestinienne, quand il la montre \"preparant son ame\" au check-point d'Erez a la sortie de la bande de Gaza, son doigt tremblant sur le detonateur. Seul le personnage de la militaire americaine est plus bancal, presque caricatural, Rachida Brakni semblant moins a l'aise avec lui. Pour Arnaud Meunier, \"avec ces deux ans tragiques qu'on vient de traverser en France, les sentiments contraires par lesquels passent les personnages sont ceux par lesquels nous passons aujourd'hui\". Dans ce contexte, il apprecie le theatre de Stefano Massini qui n'est pas un theatre a these, qui laisse a voir, sans pret-a-penser. \"Ici on humanise tout le temps mais on ne pardonne rien, ce n'est pas un spectacle partisan\". Arnaud Meunier, qui ne met en scene que des dramaturges contemporains, ou presque, est le premier en France a avoir monte les textes de cet auteur brillant d'une quarantaine d'annees, d'abord avec \"Chapitres de la chute, Saga des Lehman Brothers\", puis \"Femme non reeducable - Memorandum theatral sur Anna Politkovskaia\". Depuis, Stefano Massini a pris la direction de l'exigeant Piccolo Teatro de Milan. \"Je crois en un seul Dieu\" a ete publie en francais aux editions de L'Arche. Apres Lyon, la piece sera jouee a Angouleme, Paris, Dole (Jura), Castelnaudary (Aude), Nice, La Ricamarie (Loire), Amiens et Oyonnax (Ain). 03/02/2017 15 :10 :34 - Lyon (AFP) - (c) 2017 AFP ", "theme": "culture"}