{"id_art": "849ea777a91710db806b8bbdafd9f801", "title": "La \"contagion\" terroriste frappe une Europe en crise", "newspaper": "LePoint", "author": ["AFP"], "date_publi": "2016-07-28", "content": "En moins de 15 jours, la France et l'Allemagne ont connu chacune deux attaques revendiquees ou inspirees par l'ideologie jihadiste. Tuerie de masse ou operations ciblees, ces attentats restent extremement difficiles a decrypter mais se produisent dans une Europe affaiblie et en pleine crise existentielle. Armes d'un camion, d'une hache, d'une bombe ou de couteaux, les tueurs de Nice, Wurtzbourg, Ansbach et Saint-Etienne-du-Rouvray ont suivi a la lettre les appels de l'organisation Etat islamique, exhortant ses troupes a \"tuer les mecreants de n'importe quelle maniere\". Ce \"terrorisme de proximite\" comme l'a qualifie le procureur de Paris Francois Molins, dont la frequence augmente dangereusement et dont les auteurs presentent des profils tres divers, peut faire \"contagion\", s'inquietent des experts, et frappe des pays en proie au doute. Refugies, Brexit, montee du populisme et crispations identitaires... L'Europe est en crise, et les attaques ont frappe les deux pays moteurs du continent europeen: l'Allemagne, qui a accueilli plus d'un million de refugies, majoritairement syriens, depuis 2015, et la France, pays qui compte la plus importante communaute musulmane d'Europe. \"L'environnement actuel n'aide pas. Il est possible que le climat negatif que nous connaissons en Europe renforce la tendance violente de certaines personnes\", estime Emily Winterbotham, chercheuse a Londres au Royal United Services Institute for Defence and Security Studies. \"Il faut rester tres prudent car les motivations et implications de chacune de ces attaques sont tres differentes\", souligne-t-elle. \"Mais il semble qu'il y a une propension grandissante a l'utilisation de la violence, pour quelque raison que ce soit\", dit-elle. \"Contagion est un mot fort\", estime de son cote Tahir Abbas, specialiste de la radicalisation au sein du meme centre de recherches Rusi. \"Mais nous sommes clairement a un point de bascule\", poursuit-il, en evoquant la crise des migrants, le seisme provoque par la decision des Britanniques de quitter l'Europe, et la crise economique qui frappe les pays du continent. - Le risque d'imitation - \"Nous devons prendre du temps, reflechir, decomposer, essayer de comprendre comment nous en sommes arrives la\", insiste de son cote le psychanalyste francais Roland Gori, qui a pris l'initiative il y a quelques annees d'un appel pourfendant l'ideologie neoliberale. \"Les democraties ciblees par Daech (acronyme arabe de l'EI) incarnent les Lumieres, la morale, la liberte, mais ont aussi leur face sombre: la religion du marche, l'egoisme, l'individualisme forcene...\", estime-t-il. Meme si certains des attentats peuvent etre ideologiquement motives, voire commandites par l'EI, les experts s'inquietent aussi de l'effet d'emulation qu'ils peuvent susciter. \"Psychologues et politologues reflechissent depuis longtemps aux liens\" entre terrorisme et couverture mediatique, rappelle le Dr Michael Jetter, chercheur a l'universite de Western Australia. Il a effectue des recherches sur ce theme en etudiant les attaques terroristes perpetrees dans le monde depuis 1970, environ 60.000. \"D'apres les resultats preliminaires de mes recherches, il y a un rapport de cause a effet entre une importante couverture mediatique et davantage de terrorisme\", indique-t-il. \"Si vous vous placez du point de vue d'une organisation terroriste, une importante resonnance mediatique est exactement ce que vous voulez\". \"Toute la couverture accordee a ces attaques peut encourager des copycats\" (infraction inspiree par une autre), des individus qui reproduisent les actes violents dont tout le monde ne cesse de parler, avertit-il. Ce debat a d'ailleurs commence en France, plusieurs medias renoncant a publier les photos des auteurs d'attentats, voire a citer leurs noms, afin d'eviter toute glorification posthume et de ne pas tomber dans le piege de la propagande de l'EI. 28/07/2016 15:12:49 - Paris (AFP) - (c) 2016 AFP ", "theme": "monde"}