{"id_art": "13f1e0c4802b604df7b851af2c62873b", "title": "Terrorisme : 3 individus avec \"des projets constitues\" arretes en aout", "newspaper": "LePoint", "author": ["Source AFP"], "date_publi": "2016-08-23", "content": " \"Le nombre de personnes interpellees dans les 6 premiers mois de l'annee est equivalent a celui de la totalite de 2015\", a precise Bernard Cazeneuve. Apres les attentats de Nice et de Saint-Etienne-du-Rouvray, les services de renseignements francais ont redouble d'efforts. Sept personnes << en lien avec des reseaux terroristes >> ont ete arretees par la Direction generale de la securite interieure (DGSI) au mois d'aout, dont << trois au moins avaient des projets constitues >>, a declare mardi le ministre de l'Interieur Bernard Cazeneuve. << Le nombre d'individus en lien avec des reseaux terroristes interpelles dans les six premiers mois de l'annee en France est equivalent a celui de la totalite de l'annee 2015 >>, a indique le ministre a l'issue d'un entretien avec son homologue allemand Thomas de Maiziere. Selon des chiffres rendus publics debut aout par le ministere de l'Interieur, depuis debut 2016, les services francais avaient interpelle 165 personnes, dont 91 ont ete mises en examen et 63 incarcerees, dans le cadre de la lutte antiterroriste. En proie a une menace terroriste sans precedent depuis un an et demi, la France a subi cet ete deux attentats revendiques par le groupe djihadiste Daech. 86 personnes ont ete tuees et plus de 300 blessees a Nice apres qu'un Tunisien de 31 ans a fonce a bord d'un camion sur la foule rassemblee sur la promenade des Anglais pour assister au feu d'artifice le soir du 14 juillet. Le 26 juillet, un pretre de 85 ans a ete egorge dans l'eglise de Saint-Etienne-du-Rouvray, pres de Rouen, par deux jeunes djihadistes. Selon le gouvernement, la menace terroriste demeure << extremement elevee >> en France. L'Allemagne est a son tour visee. Elle a ete ebranlee en juillet par deux attaques egalement revendiquees par Daech : un attentat-suicide commis par un Syrien de 27 ans, deboute de sa demande d'asile, qui a fait 15 blesses, et une attaque a la hache perpetree par un demandeur d'asile afghan de 17 ans, qui a fait 5 blesses. ", "theme": "societe"}