{"id_art": "0f73d53d6d96a0995ef885ce7807b778", "title": "Face au terrorisme, Juppe ne prone ni l'angelisme ni la surenchere", "newspaper": "LePoint", "author": ["Source AFP"], "date_publi": "2016-07-29", "content": " Lors d'un point presse, le maire de Bordeaux, et favori a la primaire, a annonce qu'il fallait \"changer de braquet\" dans la reponse au terrorisme. Alors que la primaire se rapproche et que beaucoup de candidats ont mis sur la table des propositions, Alain Juppe a vante son << sang-froid >> dans la reponse aux actes terroristes. Un peu plus tot, dans Le Monde, Manuel Valls a reproche vendredi a Nicolas Sarkozy de << perdre ses nerfs >>. Les Republicains sont montes au creneau. Le maire de Bordeaux, lors d'une conference de presse a Paris, a prone l'<< intransigeance et sang-froid dans les mois qui viennent. >> L'ancien Premier ministre a rejete tout << angelisme >>: << l'Etat a la responsabilite de proteger les concitoyens >>. << Pas de surenchere non plus >>, a-t-il poursuivi . << La Constitution doit etre respectee >>, a dit le maire de Bordeaux en direction de la droite. << Entre ces deux principes, un equilibre doit etre trouve. >>Pour lui, l'Etat de droit, que le gouvernement pretend vouloir preserver pour rejeter certaines mesures proposees par l'opposition, << prevoit des mesures exceptionnelles dans des circonstances exceptionnelles. >> Mais << nous ne sommes pas alles au bout de ce que l'Etat de droit permet >>, a-t-il ainsi rappele. Alain Juppe a rappele les six << leviers >> sur lesquels il faut, selon lui, agir en << changeant de braquet >> : le renforcement du renseignement, des capacites de defense de l'Europe, l'optimisation de la securite, l'organisation de l'islam de France, tout en insistant sur deux d'entre eux. Tout d'abord, << rendre plus efficace la reponse judiciaire et penale a la menace terroriste >>, notamment en << accelerant les delais d'instruction et de jugement >>, mais aussi en << durcissant certaines sanctions >>, avec un << delit de sejour sur les operations terroristes exterieures ou tentative de sejour a l'exterieur\" de ce type. Celui que les sondages donnent face a Nicolas Sarkozy au second tour de la primaire est lui aussi favorable au recours, dans les cas les plus critiques, a des << centres de deradicalisation >>. Deuxieme element, << l'intensification de la lutte contre la radicalisation islamique >>. Juppe a appele les musulmans francais a << prendre l'initiative pour se structurer >> et a souhaite que soient fixees << les regles entre l'islam de France >> et la Republique. Juppe a dit croire << plus que jamais >> a son concept d'<< identite heureuse >>, critique par ses adversaires a la primaire. << Je ne suis pas de ceux qui considerent qu'on va mettre tout le monde dans un meme moule et assimiler tout le monde selon le meme profil, ce n'est pas vrai. >> Faisant reference a son voyage en Polynesie francaise, dont il vient de rentrer, il a souligne les << origines, les couleurs de peau, les religions differentes >>, comme elements qui font << notre France, a deux conditions : qu'on ne tombe pas dans le communautarisme et qu'on partage quelque chose en commun >>. ", "theme": "politique"}