{"id_art": "ff3008861f67e6d814ceb6dd846cc407", "title": "Ohio - Fusillade dans une boite de nuit : la piste terroriste n'est pas privilegiee", "newspaper": "LePoint", "author": ["Source AFP"], "date_publi": "2017-03-26", "content": " Une fusillade dans une boite de nuit a Cincinnati a fait un mort et quatorze blesses. Selon la police, un seul tireur, toujours en fuite, serait concerne. Il etait une heure du matin, heure locale (7 heures a Paris), quand des coups de feu ont ete tires au Cameo, une boite de nuit bondee de Cincinnati dans l'Ohio. Au moins une personne a ete tuee et quatorze autres ont ete blessees par balle, selon la police, qui a ecarte la piste terroriste. << Les motivations n'ont pas encore ete eclaircies, mais il n'y a pas d'indication que ces faits soient lies au terrorisme >>, a ecrit le chef adjoint de la police de Cincinnati, Paul Neudigate, sur Twitter. La police de cette ville de l'Ohio avait plus tot avance qu'au moins deux tireurs etaient responsables de la fusillade, mais Paul Neudigate est plus tard revenu sur cette information, toujours sur le reseau social : << Seulement un tireur signale pour l'instant, nous enquetons toujours pour determiner si d'autres sont impliques >>, a-t-il ecrit a l'aube. Update: Motive is still unclear but there are no indications this incident is terrorism related. Des circonstances qui ont immediatement rappele l'attaque sanglante revendiquee par l'Etat islamique contre une boite de nuit gay d'Orlando, en Floride, qui avait fait 49 morts et une soixantaine de blesses le 12 juin 2016. Soit le pire attentat commis sur le sol americain depuis le 11 Septembre. Un Americain d'origine afghane, Omar Mateen, s'etait introduit dans ce club tres frequente, le Pulse, ou il avait fait feu et pris des otages pendant plusieurs heures, avant d'etre abattu par les forces speciales. Dans la boite de Cincinnati, ville de quelque 300 000 habitants, la foule s'est dispersee pendant la fusillade dans la nuit de samedi a dimanche. Il n'y a pas encore eu d'arrestation, a precise le sergent Eric Franz sur la chaine ABC, decrivant une << scene de crime etendue et complexe >>. La police interrogeait les nombreux temoins, a-t-il ajoute. << Nous sommes au coeur d'une terrible situation qui a frappe la boite de nuit avec de nombreuses victimes >>, a encore declare Paul Neudigate. << La foule etait jeune, et nous avons connu des incidents par le passe, mais celui-ci est le pire, et de loin >>, a declare une autre responsable de la police, la capitaine Kimberly Williams. Le maire de Cincinnati, John Cranley, devait se rendre sur les lieux dans la journee, a indique le gouverneur de l'Ohio, John Kasich, sur CNN. << Nous ne devons pas speculer, mais il semble qu'il y ait eu un tireur, sans lien avec le terrorisme >>, a precise le gouverneur, deplorant << une nouvelle terrible tragedie dans notre pays >>. Les fusillades sont frequentes aux Etats-Unis, ou les armes individuelles, souvent achetees legalement, circulent largement. Le port d'arme est d'ailleurs protege par la Constitution. Le 6 janvier, les Etats-Unis avaient de nouveau ete endeuilles par une fusillade survenue dans une foule paniquee quand un ancien soldat americain avait ouvert le feu a l'aeroport international de Fort Lauderdale en Floride, faisant cinq morts. En juin 2015, neuf paroissiens noirs avaient ete massacres dans une eglise de Caroline du Sud par Dylann Roof, un jeune Americain convaincu de la superiorite des Blancs. En 2012, vingt enfants et six adultes etaient morts lors d'une fusillade dans l'ecole de Sandy Hook a Newtown, dans le Connecticut. Une tuerie qui avait bouleverse l'Amerique et provoque un nouveau debat sur un controle plus strict des armes. Sans resultat. ", "theme": "monde"}