{"id_art": "0b10bdbf52db7402463ad54a05861546", "title": "L'instabilite en Libye, \"terreau du terrorisme\" en Tunisie", "newspaper": "LePoint", "author": ["Source AFP"], "date_publi": "2015-03-18", "content": " Le ministre tunisien des Affaires etrangeres a appele la communaute internationale a agir pour parvenir a un gouvernement unitaire dans ce pays. L'instabilite en Libye est \"le terreau du terrorisme\" en Tunisie, a affirme mercredi a Paris le ministre tunisien des Affaires etrangeres, Taieb Baccouche, qui a appele la communaute internationale a agir pour parvenir a un gouvernement unitaire dans ce pays. \"Le terreau qui favorise le terrorisme, c'est l'instabilite, l'absence d'Etat en Libye. (...) Tant que la situation est ce qu'elle est, nous sommes tous menaces\", a declare a la presse M. Baccouche apres une rencontre, prevue de longue date, avec le president de l'Assemblee nationale, Claude Bartolone. \"Nous soutenons toute action qui vise a trouver une solution en Libye pour avoir un seul gouvernement capable de controler le territoire\", a-t-il affirme. \"C'est le seul moyen de lutter contre le terrorisme\", a-t-il insiste apres l'attaque perpetree au musee du Bardo a Tunis qui a provoque la mort de 19 personnes, dont 17 touristes. La Libye est aujourd'hui dirigee par deux parlements et deux gouvernements rivaux, l'un proche des milices islamistes qui controlent la capitale, Tripoli, et l'autre reconnu par la communaute internationale, qui siege a Tobrouk (Est). A ses cotes, Claude Bartolone a souligne que la Tunisie etait un \"symbole au lendemain du Printemps arabe et au lendemain d'un processus democratique qui a permis d'avoir un president, un gouvernement, un Parlement installes qui travaillent\". Mais, \"au-dela de la Tunisie, ce sont tous les pays democratiques qui sont menaces par le terrorisme\", a-t-il insiste. ", "theme": "monde"}