{"id_art": "f20daee9cdb07fbbb40835976d6741d6", "title": "Festival de Cannes : dispositif de securite \"renforce\"", "newspaper": "LePoint", "author": [], "date_publi": "2017-05-15", "content": "Le dispositif de securite sera renforce autour du Festival de Cannes, qui debute ce mercredi 17 mai, 10 mois apres l'attentat de Nice. Le signe le plus evident de cet effort sans precedent pour parer la menace terroriste sera la presence sur tous les sites les plus sensibles, comme la Croisette, d'inoffensives mais imposantes jardinieres fleuries. Elles ne seront pas la pour decorer, mais pour eviter l'intrusion d'un vehicule-belier. Il y en aura plus de 300 dans la ville pour empecher un attentat djihadiste comme celui qui a fait 86 morts sur la promenade des Anglais a Nice le soir du 14 juillet 2016 ou, plus recemment, a Berlin sur un marche de Noel en decembre (12 morts), a Londres en mars (5 morts) et en Suede en avril dans la rue pietonne la plus frequentee de Stockholm (5 morts). Comme les annees precedentes, les autorites ont eu le souci de preserver la touche glamour des lieux servant d'ecrin a la fete du cinema - palaces, plages et promenades -, malgre le regime d'etat d'urgence en vigueur depuis un an et demi. Suivi dans le monde entier, le festival peut constituer une cible. << Le tapis rouge sera preserve. Mais le dispositif est sensiblement renforce a l'instar de tous les grands evenements depuis le 14 Juillet. On prend en compte les nouvelles menaces et toutes les composantes, terre, air, mer >>, indique un dirigeant de la police nationale. Il n'y aura pas de portiques de securite au pied de la mythique montee des marches, mais en amont et en aval : a partir du moment ou on s'approchera d'un perimetre determine, on sera fouille. En resume, ajoute ce commissaire, << il y aura plus de moyens humains, plus de moyens materiels, une attention a la cybersecurite et plus d'hommes equipes d'armes longues prets a intervenir >>. Combien de patrouilles ? L'ensemble du dispositif est tenu secret, mais << sera probablement plus visible cette annee >>, dit-il. La municipalite de Cannes a aussi battu le rappel de ses << citoyens vigilants >>, au nombre de 80 et qui se fondront dans le paysage avec pour mission d'etre les yeux et les oreilles de la police dans un perimetre defini, en complement des 550 cameras de surveillance. << Ce sont des benevoles a qui on demande d'etre disponibles lors des grandes manifestations depuis environ un an. Ils ont un numero dedie pour nous prevenir de tous les faits anormaux ou qu'ils estiment tels >>, explique un responsable de la police municipale. Ce policier cannois, qui n'a pas 70 ans comme le Festival mais l'experience de 37 editions, l'assure : << Ce sera le festival le plus securise de tous ceux que j'ai eu l'occasion de voir. >> Capitale mondiale du cinema pendant douze jours, Cannes voit sa population tripler durant l'evenement pour atteindre 200 000 personnes, du simple cinephile dormant a l'auberge de jeunesse a la star americaine logee sur son yacht. La baie de Cannes, theatre de fetes memorables, a terre comme sur mer, fera d'ailleurs l'objet de controles renforces. L'an dernier pendant le festival, les organisateurs d'un tournage publicitaire avaient seme la panique devant l'Eden Roc, un hotel de luxe prise des stars au Cap d'Antibes, en accostant deguises en commando. Le seul incident notable de l'edition 2016. ", "theme": "pop-culture/cinema"}