{"id_art": "07e9a3c0fb7987296e19802295e23124", "title": "Bangladesh : le fils d'un homme politique parmi les terroristes", "newspaper": "LePoint", "author": ["Source AFP"], "date_publi": "2016-07-05", "content": " Imtiaz Khan Babul se dit \"abasourdi\" que son fils ait participe a l'attaque de vendredi dernier. L'homme politique est un membre du parti au pouvoir. Plusieurs terroristes, tues ou interpelles lors de l'attaque du restaurant du quartier diplomatique de Dacca dans la nuit de vendredi 1er a samedi 2 juillet, etaient issus de riches familles bangladaises. Un homme politique a notamment retrouve son fils dans la liste des assaillants. Il assure qu'il n'etait pas au courant de sa radicalisation. Sur les vingt otages tues dans l'attaque lancee vendredi soir contre un restaurant du quartier diplomatique de Dacca, neuf etaient italiens, sept japonais, deux bangladais, un americain et un indien. Imtiaz Khan Babul, membre de l'Awami League, le parti au pouvoir, a explique que son fils Rohan Imtiaz, age de 22 ans, tue samedi matin dans l'assaut des forces de securite, etait un etudiant brillant. Son comportement ne laissait en rien penser qu'il avait pu etre radicalise avant sa disparition fin decembre. << Je suis reste abasourdi et sans voix en apprenant que mon fils avait fait une chose si odieuse >>, a declare Khan Babul, en larmes. << Je ne sais pas ce qui l'a change. Il n'y a eu aucun indice suggerant qu'il etait en train d'etre radicalise. Il ne lisait quasiment jamais de livres religieux. >> D'apres le ministre de l'Interieur Asaduzzaman Khan, les djihadistes etaient des jeunes gens instruits, issus de familles aisees, loin du stereotype du volontaire venu d'un milieu pauvre et radicalise dans une madrasa (ecole coranique). Dans les mois qui ont suivi la disparition de son fils, Imtiaz Khan Babul a multiplie les demarches aupres des responsables du parti pour qu'ils l'aident a le retrouver, se rendant meme dans les morgues. Pendant ses recherches, il a rencontre des parents dans des situations similaires. << J'ai rencontre tant de parents dont les fils avaient disparu, a-t-il dit. Hier encore, l'un d'eux disait que j'avais eu de la chance de recuperer le corps de mon fils. Certains d'entre eux n'ont pas tant de chance. >> Il a ajoute qu'il pensait que son fils avait pu subir un << lavage de cerveau >> et etre radicalise via Internet. Six jeunes hommes ont ete tues dans l'assaut des forces de l'ordre a l'issue du siege d'une nuit revendique par l'organisation Etat islamique (EI). La police a confirme mardi avoir peut-etre accidentellement abattu, parmi eux, un employe de cuisine. Parmi les autres figurent un diplome d'une universite privee cotee du pays, un etudiant de 18 ans d'une ecole reputee, un enseignant de maternelle de 26 ans, le fils d'Imtiaz Khan Babul et un fils d'ouvrier ayant etudie dans une madrasa. Un septieme suspect a ete arrete et est en train d'etre interroge. La volonte des groupes djihadistes tels que l'EI de recruter des jeunes issus de la classe moyenne va compliquer les efforts du gouvernement pour eradiquer l'extremisme. Le Bangladesh nie la presence de l'EI dans le pays, en depit de la revendication et de la diffusion de photos de cinq hommes armes par Amaq, l'agence proche de l'organisation. Le gouvernement a declare que tous les assaillants appartenaient au Jamaeytul Mujahdeen Bangladesh (JMB), un groupe islamiste local interdit. Le ministre des Affaires etrangeres A. H. Mahmood Ali a rencontre des diplomates etrangers mardi apres cette attaque, la pire jamais commise contre des etrangers a Dacca, pour discuter des mesures de securite a prendre. Des centaines d'entreprises etrangeres sont installees au Bangladesh. Son industrie textile represente le poumon de l'economie bangladaise et approvisionne en vetements bon marche les grandes marques mondiales d'habillement. << Nous avons discute des moyens de faire face a la situation et d'assurer la securite de la communaute diplomatique et etrangere >>, a declare un diplomate, ajoutant que l'aide etrangere pour faire face a l'extremisme islamiste avait egalement ete debattue. Parallelement, les depouilles des sept victimes japonaises, qui travaillaient toutes pour l'Agence de cooperation internationale du Japon, sont arrivees a Tokyo a bord d'un avion gouvernemental nippon, selon des journalistes de l'Agence France-Presse. D'apres les autorites, les corps des victimes italiennes ont quitte Dacca dans la matinee tandis que celui de la victime indienne a ete rapatrie lundi. ", "theme": "monde"}