{"id_art": "8c49b91ce1479cb0f7d7d68490d2847a", "title": "Tunisie : la victoire des terroristes", "newspaper": "LePoint", "author": ["Le Point.fr"], "date_publi": "2015-03-19", "content": " VIDEO. Au lendemain de la fusillade, force est de constater que les terroristes ont atteint le coeur de la Tunisie : le tourisme, pilier de son economie. Appels a l'union nationale, manifestation silencieuse jeudi apres-midi sur les lieux de l'attentat ; la mobilisation, au lendemain de l'attentat contre le musee du Bardo, a Tunis, est a la hauteur du traumatisme provoque dans un pays qui se sait vulnerable. Parce qu'il a fait le choix de la democratie, scenario inacceptable aux yeux des islamistes les plus radicaux. Et parce qu'il est toujours a la merci d'une destabilisation provoquee par le chaos libyen, ce voisin livre aux milices rivales. Quand bien meme le bain de sang du Bardo resterait sans lendemain, force est de constater que les terroristes ont atteint leur but. En assassinant une vingtaine de Francais, Japonais, Colombiens ou Polonais, ils ont durablement detourne les touristes de la Tunisie alors que ce secteur est vital pour l'economie nationale. ", "theme": "monde"}