{"id_art": "ca7a93c3f7dd85b7c9f5660c41db26a1", "title": "Gerald Bronner - Le terrorisme mimetique, nouveau visage du djihadisme", "newspaper": "LePoint", "author": [" Gérald Bronner"], "date_publi": "2016-07-22", "content": " Pour le sociologue, specialiste de la pensee extreme, on assiste a une manifestation de \"l'effet Werther\". Le danger peut desormais venir de partout. On pourrait dire beaucoup de choses concernant l'attentat de Nice : faire remarquer, comme le fit vendredi le president de la Republique, que c'est une ville mondialement connue, ou se rappeler que la region fut le theatre d'un recrutement djihadiste intense (un dixieme des candidats au depart pour la Syrie de France) par l'entremise d'Omar Omsen, auteur des celebres videos \"HH19\" et grand proselyte de l'ideologie meurtriere. On pourra s'accorder sur le fait que la date du 14 juillet n'a pas ete choisie par hasard, sans savoir si elle le fut parce qu'elle represente la liberte ou seulement... Deja abonne ? Pas encore abonne ? Consultez notre dossier : Carnage a Nice ", "theme": "societe"}