{"id_art": "1cc2c233bd12ae04887ba0fa9e3db256", "title": "Attaque a Marseille: pas de liens etablis du tueur avec des groupes \"terroristes\", selon Tunis", "newspaper": "LePoint", "author": ["AFP"], "date_publi": "2017-10-05", "content": "Le Premier ministre Youssef Chahed a indique jeudi que l'enquete sur Ahmed Hanachi, le ressortissant tunisien ayant tue deux jeunes cousines a Marseille (sud de la France) dimanche, n'avait jusque-la pas mis en evidence de liens avec des groupes \"terroristes\" en Tunisie. \"L'enquete est en cours, nous n'avons pas vraiment de liens aujourd'hui ou de preuve qui prouve l'attachement, quand cette personne etait en Tunisie, avec des groupes terroristes ou Daech\" (acronyme arabe de l'organisation Etat islamique), a-t-il declare a la presse. Il etait interroge, a l'issue d'une rencontre avec son homologue francais Edouard Philippe, sur l'attaque au couteau devant la gare Saint-Charles a Marseille, revendiquee par l'EI peu apres les faits. Cette revendication a aussitot pose question. \"Nous avons ete aussi choques en Tunisie puisque nous-memes avons ete victimes de trois attentats terroristes en 2015\", a encore reagi M. Chahed, qui se referait aux trois attaques jihadistes ayant fait 72 morts cette annee-la dans le pays. En Tunisie, des proches de Ahmed Hanachi, 29 ans, avaient indique mercredi a l'AFP qu'ils peinaient a comprendre ce qui avait pu pousser a l'acte celui qu'il decrivent comme un consommateur de drogue perdu mais pas radicalise. Selon son pere Noureddine, le jeune homme avait quitte la Tunisie a l'age de 17 ans mais revenait ponctuellement d'Europe retrouver sa famille dans la region de Bizerte (nord). 05/10/2017 15:28:35 - Tunis (Tunisie) (AFP) - (c) 2017 AFP ", "theme": "societe"}