{"id_art": "2eb0fd25e262c2889e15a016d9a1c684", "title": "Chartres : deux ans de prison pour consultation de sites terroristes", "newspaper": "LePoint", "author": ["Source AFP"], "date_publi": "2016-08-08", "content": " Un homme a ete condamne ce lundi 8 aout. Il avait visite a plusieurs reprises des sites faisant l'apologie du terrorisme, mais n'etait pas fiche S. Apres un mois de juillet marque par de nouvelles attaques terroristes en France, le tribunal correctionnel de Chartres a condamne a deux ans de prison ferme un homme de 31 ans qui avait consulte de maniere repetee des sites lies a la commission d'actes terroristes ce lundi. Le tribunal, qui le jugeait en comparution immediate, l'a place sous mandat de depot a l'issue de l'audience, a-t-on precise de meme source, confirmant une information de L'Echo republicain. Le parquet avait requis une peine d'un an de prison ferme. L'homme a ete interpelle a la fin de la semaine derniere a Chartres apres avoir ete repere par les services de renseignements. Les investigations ont montre qu'il avait pris l'habitude de consulter des sites internet faisant l'apologie du terrorisme, selon cette source. Sur son mur Facebook, l'homme aurait laisse entendre qu'il voulait voir detruite la tour Montparnasse a Paris. << Les enqueteurs n'ont pas trouve d'elements qui permettent de penser a un projet clairement etabli >>, indique cette source judiciaire. << Cet homme ne faisait pas l'objet d'une fiche S (qui signale notamment les islamistes radicaux, NDLR). C'est un solitaire qui avait coupe les ponts avec sa famille et vivait de maniere isolee >>, selon la meme source. ", "theme": "justice"}