{"id_art": "13af3f40f31d885568c79c22aafb2f7c", "title": "Djihad : des terroristes sous captagon", "newspaper": "LePoint", "author": [" Anne Jeanblanc"], "date_publi": "2015-07-03", "content": " Ce medicament, qui n'est plus delivre en France depuis les annees 80, serait tres utilise pour donner de l'energie et du courage aux soldats islamistes. L'homme qui a ouvert le feu sur la plage d'un hotel touristique de Sousse, en Tunisie, le 28 juin dernier, faisant 38 morts et une trentaine de blesses, aurait consomme des amphetamines. Son autopsie indique en effet la presence de captagon dans son organisme, selon une source citee par le Daily Mail. Apres le Liban, la Syrie serait desormais un important producteur de cette molecule. Son emploi au sein de l'Etat islamique ne surprend pas outre mesure le Pr Jean-Francois Bergmann, qui est le chef du service de medecine a l'hopital Lariboisiere a Paris, professeur de therapeutique a l'universite Paris-Diderot et coauteur d'un recent livre* sur les medicaments. Le Point.fr : Qu'est-ce exactement que le captagon ? Pr Jean-Francois Bergmann : c'est une amphetamine, donc un produit excitant. Il a ete utilise en France pendant longtemps. C'etait la drogue que prenaient certains etudiants avant les examens, pour pouvoir reviser jour et nuit. Le captagon a aussi ete autrefois donne aux militaires lors de missions, car cet excitant leve les inhibitions et la peur.Cette molecule est relativement simple sur le plan chimique. Elle peut etre fabriquee dans tous les laboratoires qui produisent du LSD, des acides ainsi que tous les nouveaux psychostimulants, toutes les nouvelles drogues de synthese. On les trouve dans les rave-parties, comme celles d'Ibiza, ou les gens veulent pouvoir danser pendant trois jours sans s'interrompre. En prescrit-on en France encore aujourd'hui ? Non, la vente du captagon n'est plus permise dans notre pays depuis les annees 1980, en dehors de quelques autorisations temporaires d'utilisation (ATU) pour certaines narcolepsies, des maladies qui sont responsables d'un endormissement debout en pleine journee. Mais c'est exceptionnel.En revanche, d'autres derives amphetaminiques peuvent toujours etre prescrits par un medecin. C'est le cas de la Ritaline et de ses cousins, qui calment paradoxalement les enfants souffrant d'hyperactivite avec eventuellement des troubles de l'attention. C'est egalement le cas de medicaments coupe-faim. Pourquoi sa vente est-elle interdite dans notre pays ? D'abord en raison du mesusage qui en est fait. Ensuite parce que le captagon peut provoquer de la tachycardie (une acceleration du rythme cardiaque) et des accidents cardiaques. Il a egalement une toxicite sur le plan psychique. Certains deviennent un peu fous avec ce produit, mais ce n'est pas la molecule qui fait l'acte, qui pousse un homme a effectuer un attentat. Enfin, il n'entraine pas de phenomene de dependance, de syndrome de sevrage ou de manque. La seule dependance est psychologique, car ceux qui en prennent se sentent plus forts. * La verite sur vos medicaments, editions Odile Jacob, 590 pages, 23,90 EUR ", "theme": "editos-du-point/anne-jeanblanc"}