{"id_art": "09441af10fae87642798ab817660c4c2", "title": "Australie : la police dejoue un \"complot terroriste\" pour Noel", "newspaper": "LePoint", "author": ["Source AFP"], "date_publi": "2016-12-22", "content": " Les sept personnes interpellees envisageaient de s'attaquer a des lieux emblematiques du centre de Melbourne, deuxieme plus grande ville du pays. La police australienne a annonce vendredi avoir dejoue un \"complot terroriste\" inspire par le groupe terroriste Daech, en arretant sept personnes qui projetaient plusieurs attentats le jour de Noel dans le centre de Melbourne. Le chef de la police de l'Etat de Victoria (sud-est de l'Australie), Graham Ashton, a precise que les personnes interpellees projetaient d'attaquer, a l'aide d'explosifs, d'armes a feu et de couteaux, des lieux emblematiques de Melbourne comme la gare, la place de la Federation et la cathedrale Saint-Paul. \"Ces deux dernieres semaines, (...) nous avons du mener une enquete criminelle relative a la formation de ce que nous pensons etre un complot terroriste\", a declare Graham Ashton devant la presse. \"Nous pensons qu'il y avait l'intention de mener ce que nous appelons une attaque a modes multiples, probablement le jour de Noel. L'attaque (...) devait comprendre une explosion, l'utilisation d'explosifs, et nous avons des preuves\", a-t-il poursuivi. Les enqueteurs estiment que les suspects prevoyaient egalement d'employer d'autres armes, notamment des couteaux et des armes a feu, dans la deuxieme ville d'Australie. Les cibles de ce \"complot terroriste\" etaient toutes situees dans le centre de Melbourne, non loin du terrain de cricket, ou environ 100 000 personnes sont attendues pour le match test Australie-Pakistan le 26 decembre. Sur les sept personnes interpellees vendredi matin, cinq restent incarcerees. Toutes etaient surveillees depuis plusieurs semaines. Parmi les cinq suspects en detention, quatre sont nes en Australie et sont d'origine libanaise, et le cinquieme est ne en Egypte mais a acquis ensuite la nationalite australienne. Tous sont ages d'une vingtaine d'annees. \"Nous considerons qu'ils se sont certainement autoradicalises, mais ont ete inspires par Daech et la propagande de Daech\", a explique Graham Ashton. \"Si nous n'avions pas dejoue cette attaque, elle aurait ete tres grave, cela ne fait aucun doute\", a affirme le chef de la police. Selon lui, cette attaque aurait pu faire \"un grand nombre de morts et de blesses\". Ce complot a ete dejoue alors que l'Australie a releve son niveau d'alerte apres l'attentat qui a fait lundi soir 12 morts sur un marche de Noel a Berlin. L'attaque a ete revendiquee par le groupe Etat islamique. Et mercredi, une camionnette remplie de bonbonnes de gaz avait explose devant le siege d'une organisation chretienne a Canberra, la capitale australienne. Mais la police estime que l'incident n'avait aucun mobile politique ou religieux. Le Premier ministre Malcolm Turnbull a remercie vendredi les services de securite et de police, affirmant qu'ils avaient permis d'eviter une probable catastrophe. \"Il s'agit d'un des plus importants complots terroristes que nous ayons dejoue ces dernieres annees\", a estime le Premier ministre. \"Nous approchons de Noel, une periode au cours de laquelle nous nous rassemblons dans la paix et l'amour avec nos familles. Ces terroristes cherchaient a bouleverser tout ca.\" Mais \"ils sont en detention. Ils ne constituent plus une menace pour les Australiens\", a-t-il affirme. Au cours des deux dernieres annees, 12 tentatives d'attentats ont ete dejouees sur le sol australien, selon les autorites. Quatre attentats ont cependant reussi, notamment le meurtre d'un policier a Sydney l'an dernier. La police antiterroriste a procede a un grand nombre d'arrestations depuis fin 2014. Le jeune age et le niveau de radicalisation des personnes interpellees inquietent particulierement les autorites. ", "theme": "monde"}