{"id_art": "ca94cfb5a4ec6ae18408ad5e2bb1d5d2", "title": "Terrorisme islamiste: un agent de renseignement allemand arrete", "newspaper": "LePoint", "author": ["AFP"], "date_publi": "2016-11-29", "content": "Un agent du renseignement interieur allemand, \"islamiste presume\" qui a propose des \"informations internes\" sur internet, a ete arrete, a annonce mardi son employeur, alors que selon des medias allemands il projetait un attentat contre le siege de la centrale a Cologne (ouest). \"L'Office de protection de la Constitution (renseignement interieur) est parvenu a demasquer un islamiste presume parmi ses collaborateurs\", a indique dans un communique la centrale, confirmant des informations du quotidien Die Welt et de l'hebdomadaire Der Spiegel. Ni l'Office ni les deux publications n'ont fait etat d'un lien avec le groupe jihadiste Etat islamique (EI). Selon les deux medias, il s'agit d'un Allemand de 51 ans, converti depuis 2014 a l'islam. Ex-employe de banque et pere de famille, il travaillait depuis avril avec l'Office de protection de la Constitution. Joint par l'AFP, une porte-parole de l'Office a confirme qu'il lui etait \"reproche d'avoir, sous un faux nom, tenu sur internet des propos islamistes et d'avoir propose lors de tchats des informations internes\". Il etait notamment charge de surveiller la scene islamiste allemande: environ 9.200 radicaux selon l'Office, avec un noyau dur de 1.200 personnes susceptibles de commettre des attentats. Alors que rien de particulier n'avait ete decele lors de sa candidature ou pendant sa formation, il a attire l'attention de l'Office il y a environ un mois, selon Der Spiegel. Il est soupconne d'avoir propose sur internet des \"informations sensibles sur l'Office\", qu'il aurait infiltre afin de rassembler des informations en vue de preparer un \"attentat a l'explosif\" contre le siege a Cologne, selon les deux medias. Mais durant ses tchats sur internet, son interlocuteur etait... un autre collaborateur des renseignements interieurs dont le signalement a l'Office a declenche l'enquete, rapporte Die Welt. Selon Der Spiegel, aucun element n'indique qu'il ait pu s'epancher en ligne avec d'autres personnes, ni qu'il ait livre des informations a des islamistes. Durant son interrogatoire, il aurait evoque un projet d'attentat dirige \"au nom d'Allah\" contre la centrale, ecrit Die Welt, selon lequel l'homme n'avait manifestement pas entame les preparatifs concrets en vue d'une attaque. - Converti - Selon l'agence de presse allemande DPA, il aurait indique avoir aussi infiltre les renseignements afin de chercher \"a prevenir des coreligionnaires d'eventuelles enquetes\" dirigees contre eux. La porte-parole de l'Office n'a pas evoque les soupcons d'attaque, se bornant a indiquer qu'il n'y avait pour l'instant \"aucun element attestant un danger concret pour la securite de l'Office ou pour ses collaborateurs\". Un mandat d'arret a ete delivre a l'encontre du suspect et il a ete place en detention, a-t-elle ajoute. Le parquet de Dusseldorf (ouest) est charge de l'enquete pour \"preparation d'un acte grave menacant la securite de l'Etat\". Toutefois, le parquet federal de Karlsruhe (ouest), competent pour les affaires de terrorisme, n'etait pas saisi mardi soir, signe que le suspect n'etait pas considere comme reellement dangereux. L'enquete se poursuit, meme si pour l'heure rien n'etaye l'hypothese d'un attentat, a declare son porte-parole, Ralf Herrenbruck, cite par DPA. Selon Der Spiegel, il s'etait converti a l'islam en 2014, demarche dont sa famille ignorait tout. Il aurait ainsi prete allegeance au predicateur salafiste berlinois Mohamed Mahmoud, qui a rejoint depuis les rangs de l'EI en Syrie, poursuit le magazine. L'Allemagne a ete jusqu'ici epargnee par des attaques jihadistes d'ampleur du groupe EI, du type de celles qui ont ensanglante Paris ou Bruxelles. En revanche, plusieurs attentats islamistes ont ete recemment commis par des personnes isolees. D'autres projets ont ete dejoues, le dernier datant d'octobre: un refugie syrien, Jaber al-Bakr, voulait s'en prendre a un aeroport de Berlin. Arrete avant son passage a l'acte, il s'est suicide en prison. Par ailleurs, une adolescente germano-marocaine est actuellement jugee pour avoir blesse au couteau un policier en fevrier a Hanovre (nord). Selon le parquet, l'attaque porte la signature de l'EI bien qu'elle n'ait jamais ete revendiquee. En juillet, le groupe jihadiste avait en revanche annonce avoir organise un attentat commis par un Syrien de 27 ans, deboute de sa demande d'asile, qui avait fait 15 blesses, puis une attaque a la hache perpetree aussi par un demandeur d'asile, qui avait fait cinq blesses. 30/11/2016 07:30:44 - Berlin (AFP) - (c) 2016 AFP ", "theme": "monde"}