{"id_art": "e5dcebb548fadaa7dc02439ea162728c", "title": "Terrorisme, immigration, islam et securite: le bilan de Cazeneuve", "newspaper": "LePoint", "author": ["AFP"], "date_publi": "2016-12-06", "content": "Ministre de l'Interieur depuis avril 2014, le nouveau chef du gouvernement Bernard Cazeneuve a ete confronte a la vague d'attentats la plus meurtriere jamais commise en France, mais aussi a une crise migratoire inedite et a un mouvement de grogne policiere. Bilan de ses 32 mois place Beauvau. - Terrorisme - Depuis janvier 2015, une vague d'attentats jihadistes a fait 238 morts en France, mettant en lumiere des failles en matiere de renseignement et d'intervention des forces de l'ordre. Quatre reformes antiterroristes et du renseignement ont depuis vu le jour. Interdictions de sortie du territoire, nouveaux moyens, reorganisation du renseignement interieur relevant du seul ministre: l'arsenal a ete considerablement renforce pour lutter contre le terrorisme (les autorites disent avoir dejoue 17 attentats depuis debut 2016) mais aussi detecter les profils jihadistes. Bernard Cazeneuve a egalement du gerer l'etat d'urgence en vigueur depuis un an: plus de 4.000 perquisitions administratives, 400 assignations a residence et une vingtaine de mosquees et salles de priere fermees. Un nouveau schema d'intervention des forces de l'ordre a ete defini, et les exercices se sont multiplies a travers le pays. Face a une \"guerre\" police-gendarmerie latente, le \"premier flic\" de France tonne, debut 2016: \"Il y a deux forces de l'ordre et UN ministre de l'Interieur\". Sur le plan europeen, il a notamment fait pression pour accelerer le registre de controle des passagers aeriens aux frontieres (PNR). - Immigration - Face a la crise migratoire, la France a mis du temps a parler de \"quotas\" dans le cadre de la reponse europeenne qui s'esquissait laborieusement pour repartir les refugies, avant de s'engager a en accueillir 30.000. Si ce programme europeen pietine, elle accueille aujourd'hui plus de 2.000 personnes - loin toutefois du million de migrants arrives initialement en Allemagne. La crise s'est surtout traduite par la constitution, au printemps 2015, d'un immense bidonville a Calais. Aux accusations de frilosite des associations, Bernard Cazeneuve a oppose un message \"d'humanite\" et de \"responsabilite\", qui n'a pas empeche la condamnation de l'Etat a amenager le campement de la \"Jungle\", avant son demantelement fin octobre, avec plus de 7.000 migrants evacues. Cette crise a entraine un changement de braquet sur l'asile: hausse de 15% de credits prevus en 2017, doublement des places en centres d'accueil pour demandeurs d'asile a 40.000 (a quoi s'ajoutent 21.000 places d'hebergement d'urgence). Quelque 90.000 demandeurs d'asile sont attendus cette annee. Deux lois ont ete votees: l'une sur l'asile, pour desengorger un systeme enkyste, et l'autre sur le droit au sejour des etrangers, avec notamment une \"carte de sejour pluriannuelle\". - \"Islam de France\" - Les attentats ont mis en lumiere la necessite de faire entendre des voix musulmanes fortes face a la radicalisation violente. Bernard Cazeneuve a lance, en juin 2015, une \"instance de dialogue avec l'islam\" plus large que le Conseil francais du culte musulman (CFCM) en mal de credibilite. Pour \"une relation forte et apaisee entre la Republique et les Francais de confession musulmane\" - estimes a quatre a cinq millions -, Beauvau avait annonce l'ete dernier la creation de deux institutions allant chercher les financements francais qui font defaut: une fondation culturelle, dont les statuts ont ete approuves in extremis dans un decret paru mardi, et une association cultuelle. Mais le parachutage a la tete de la fondation de l'ex-ministre Jean-Pierre Chevenement, un profil tres laique, a trouble dans les milieux musulmans. Les contours du nouveau meccano institutionnel de \"l'islam de France\" restent tres flous, sur fond de querelles persistantes entre federations musulmanes. - Securite - Le ministre dit avoir tenu les engagements du candidat Hollande, avec un effort budgetaire: recrutement de 9.000 policiers et gendarmes contre, selon le gouvernement, 13.000 supprimes sous la presidence Sarkozy. Plusieurs plans (contre les cambriolages, contre les armes a feu ou les vols dans les exploitations agricoles...) aboutissent a un bilan mitige en matiere de delinquance: les cambriolages sont repartis a la hausse ces derniers mois apres une baisse, tout comme les vols avec armes et les violences a la personne. Les vols de vehicules sont en tres legere baisse. Le bilan est meme sombre pour la securite routiere, alors que se profile une troisieme annee consecutive d'augmentation des morts apres douze annees de baisse. Face a la fronde inedite de policiers cet automne, apres l'attaque de quatre d'entre eux, un plan de 250 millions a ete debloque prevoyant de nouveaux gilets pare-balles et vehicules. Le gouvernement va aussi assouplir les conditions de la legitime defense pour les policiers. 06/12/2016 11:40:51 - Paris (AFP) - (c) 2016 AFP ", "theme": "politique"}