{"id_art": "48aa5d0a87aaa23c7f60adf768a7f599", "title": "La France s'apprete a promouvoir les sites web terroristes", "newspaper": "LePoint", "author": [" Guerric Poncet"], "date_publi": "2014-09-16", "content": " Le projet de loi contre le terrorisme prevoit la creation d'une liste noire des sites a censurer. Une liste qui fuitera, ce n'est qu'une question de temps. Nous vous alertions deja cet ete : le projet de loi contre le terrorisme, en discussion a l'Assemblee nationale depuis lundi soir, est un veritable desastre pour la liberte sur Internet. Et donc (au XXIe siecle) pour la liberte tout court. Comme cela avait ete vote par la commission des Lois en juillet, les deputes s'appretent a autoriser le blocage administratif de sites faisant l'apologie du terrorisme, et ce, sans intervention de la justice. Vous avez bien lu : si l'article 9 reste en l'etat lors de son examen mercredi 17 septembre, l'executif pourra censurer Internet sans autorisation judiciaire, et presque sans controle. Si le but theorique est evidemment louable, cet article 9, soutenu par les groupes PS, UMP, UDI ou encore SRC, va a l'encontre des principes elementaires de la democratie. Pire : il va presque a coup sur promouvoir les sites internet terroristes que le gouvernement voudra bloquer. En effet, ce controle des sites impliquera la publication de la liste noire, ou du moins sa circulation dans des cercles qui, s'ils sont restreints, ne resteront pas muets. Fonctionnaires, operateurs internet, hebergeurs : de nombreux acteurs devront avoir acces au terrible inventaire. A l'ere des WikiLeaks et autres Edward Snowden, la publication de cette liste d'adresses ne sera qu'une question de temps, et l'Etat offrira alors une publicite inesperee aux sites qu'il souhaite bloquer. C'est ce qu'on appelle l'effet Streisand : quand on veut a tout prix etouffer quelque chose, on finit par le promouvoir. Dans ce cas, l'Etat aura gentiment constitue les marque-pages du parfait petit terroriste, aux frais du contribuable. Aujourd'hui, comme pour tous les projets de loi concernant les libertes sur Internet (Hadopi, Loppsi 2, loi de programmation militaire, etc.), quelques deputes de tous bords qui ont compris le fonctionnement d'Internet s'opposent, en vain, a l'eternel fantasme de controle d'Internet, que l'on retrouve autant a droite qu'a gauche. La deputee d'Eure-et-Loir Laure de la Raudiere (UMP) a beau interroger dans l'hemicycle Bernard Cazeneuve, elle n'obtient aucune reponse du ministre de l'Interieur, qui semble ne rien comprendre a ses arguments techniques. Sur son compte Twitter, l'elue regrette une \"incomprehension totale d'Internet\" et reconnait que la probabilite d'envoyer le texte devant le Conseil constitutionnel est de \"zero\" (il faudrait reunir 60 elus du Parlement). Maigre consolation : elle espere soulever une question prioritaire de constitutionnalite (QPC) lorsque le texte paraitra au Journal officiel. Fin juillet, une commission specialisee avait durement conteste le projet de loi antiterroriste, porte par le ministre de l'Interieur, Bernard Cazeneuve. Dans sa recommandation, cette commission de reflexion sur le droit et les libertes a l'age du numerique rappelait que \"le prealable d'une decision judiciaire apparait comme un principe essentiel, de nature a respecter l'ensemble des interets en presence, lorsqu'est envisage le blocage de l'acces a des contenus illicites sur des reseaux numeriques\". La commission expliquait notamment que le blocage des sites est tres difficile a mettre en oeuvre techniquement. La commission craignait par ailleurs les blocages de contenus par erreur, c'est-a-dire l'inscription sur la liste noire de sites n'ayant rien a voir avec le terrorisme ou la pedopornographie, comme cela a ete prouve, par exemple en Australie. Le \"retrait du contenu aupres des hebergeurs doit etre privilegie sur le blocage lorsque ces derniers sont cooperatifs\", estime la commission. Comme c'est le cas dans les pays pratiquant deja la censure d'Internet, la commission craignait un contournement facile du blocage. Et c'est une crainte plus que fondee ! L'utilisation par les internautes de reseaux prives virtuels (VPN), par exemple, leur permet - en quelque sorte - de se connecter de facon chiffree via le reseau d'un autre pays, et donc d'echapper aux blocages decides par un Etat ou par un autre. Ces services, qui coutent quelques euros par mois et rapportent gros a leurs createurs, sont souvent etrangers, et parfois fournis par des reseaux mafieux. Leur utilisation a explose en France depuis la mise en place du gendarme du piratage, l'Hadopi. Les outils destines aux cyberdissidents, comme l'excellent Tor, permettent aussi d'echapper a la censure, gratuitement et en un clic. L'utilisation de Tor explose dans les grandes democraties, de plus en plus adeptes de la cybercensure. Resultat : il est encore plus difficile de reperer les activites illegales. Lors d'un precedent projet de censure des sites terroristes en 2013 (celui de Manuel Valls), le juge antiterroriste Marc Trevidic avait explique que c'est justement grace aux imprudences des terroristes sur Internet que la police peut les reperer et les arreter... Plusieurs autres voix se sont elevees contre le projet de loi socialiste, dont celle de Reporters sans frontieres (RSF). L'ONG, qui n'a pas pour habitude de critiquer la France, n'y allait pas de main morte. Selon son communique, cette loi \"pourrait engendrer un recul de la liberte d'information puisqu'il [...] prevoit le blocage administratif de sites internet et augmente les mesures de surveillance\". ", "theme": "chroniqueurs-du-point/guerric-poncet"}