{"id_art": "9f3d126724f990b82b28fe1724bc0b21", "title": "30 000 \"terroristes etrangers\" en Irak et en Syrie, selon l'ONU", "newspaper": "LePoint", "author": ["Source AFP"], "date_publi": "2016-07-05", "content": " Ces combattants reviennent vers leurs pays d'origine a mesure que l'espace controle par l'EI reduit. Les experts craignent des attentats dans ces pays. La pression sur l'Etat islamique se fait de plus en plus forte en Irak et en Syrie. Coincee entre plusieurs fronts, l'organisation terroriste voit son territoire diminuer face aux avancees des differents groupes. Plusieurs de ses combattants etrangers tentent donc de repartir vers leurs pays d'origine pour preparer des attaques terroristes. C'est ce qu'a indique l'ONU par la voix de Jean-Paul Laborde, responsable du Comite contre le terrorisme au sein de l'instance internationale. << Les combattants terroristes etrangers sont tres nombreux >> en Irak et en Syrie, << et sont a peu pres 30 000, et maintenant que l'espace vital de Daech (acronyme arabe du groupe Etat islamique) se reduit en Irak, on les voit revenir vers nous, pas seulement en Europe, mais dans leurs pays d'origine comme la Tunisie, le Maroc >>, a explique Jean-Paul Laborde, sous-secretaire general de l'ONU, lors d'une conference de presse a Geneve. << Les attaques terroristes dans les pays d'origine risquent d'etre de plus en plus fortes pour contrebalancer la pression qui se fait sur eux >>, a-t-il insiste. Il a appele les Etats a mettre en place un << filtrage pour faire la distinction entre une grande partie des combattants etrangers qui ne sont pas des personnes dangereuses (...) et ceux qui le sont >>. Jean-Paul Laborde, ancien juge en France, a par ailleurs explique que la communaute internationale disposait d'outils juridiques pour lutter contre le terrorisme, mais il a souligne que << l'adaptabilite et la flexibilite des organisations terroristes sont beaucoup plus rapides que les notres >>. Pour pallier ce manque de flexibilite, il a estime que la communaute internationale devait travailler davantage avec des entreprises privees comme Google, Twitter et Microsoft pour mieux surveiller les terroristes sur Internet, sans toutefois << violer la liberte d'expression >>. Il a appele egalement les Etats a partager davantage et plus vite les informations, estimant que << si l'on ne fait pas cela, on va continuer a voir les actes terroristes croitre >>. Le Comite contre le terrorisme, ou sont representes les pays membres du Conseil de securite, a ete cree a New York par le Conseil juste apres les attentats du 11 septembre 2001 aux Etats-Unis. ", "theme": "monde"}