{"id_art": "105f5ea86aeb4918c670a9a4ac6466b6", "title": "Qatar : sport, business et terrorisme ?", "newspaper": "LePoint", "author": [" Alexandre Borde"], "date_publi": "2015-01-18", "content": " L'emirat du Moyen-Orient, qui organise le Mondial de handball, veut etendre son emprise sur le sport et ses medias. Mais les polemiques demeurent tenaces. Le Mondial 2015 de handball a debute ce jeudi au Qatar et cet evenement est une etape importante pour l'emirat dans son projet de devenir un acteur incontournable du sport et des medias. L'objectif ultime est la tenue de la Coupe du monde de football qui aura lieu - normalement - dans cet Etat du Moyen-Orient en 2022. Donc, quoi de mieux que l'organisation d'une competition internationale d'un sport emergent tel que le hand pour se faire les dents apres la natation - championnats du monde petit bassin - et le tournoi mondial hommes de squash qui ont deja eu lieu au Qatar en decembre dernier. Probleme, le Mondial 2015 de handball n'est pas exempt de polemiques. On a beaucoup fustige les approximations de la Federation internationale de football (Fifa) a propos de l'attribution de la Coupe du monde 2022 au profit du Qatar qui aurait ete avantage grace a un gros travail de lobbying au detriment d'autre pays comme les Etats-Unis ou l'Angleterre. Mais la Federation internationale de handball (IHF) a semble egalement tres a l'aise pour pietiner les valeurs du sport des que le Qatar est arrive dans le dossier. Le 16 juillet 2014, l'IHF a decide d'inviter l'Allemagne a ce Mondial et d'ecarter l'Australie. Or, l'Allemagne a ete eliminee sportivement en juin par la Pologne qui s'impose sur les deux matches aller-retour (25-24 et 29-28). Quant a l'Australie, l'equipe avait obtenu a la reguliere son ticket pour le tournoi en avril, mais n'a pas ete retenue au motif que l'Oceanie n'est pas un continent reconnu par l'IHF ! En revanche, la presence de l'Allemagne est primordiale, car ce pays est le premier marche mondial du handball. L'autre grosse anomalie du Mondial 2015 est la presence d'une equipe nationale du Qatar completement artificielle composee pour moitie de joueurs etrangers qui ont ete naturalises pour cet evenement. Parmi ces handballeurs neo-qataris figure d'ailleurs un Francais, Bertrand Roine, champion du monde en 2011... avec les Bleus. Cette selection, tres competitive, pourrait permettre au pays organisateur d'atteindre les quarts de finale du Mondial, mais pose probleme sur le plan de l'equite. A cela s'ajoute une polemique, soulevee par le journal L'Equipe, liee a l'exclusivite du diffuseur qatari BeIN Media Group sur les droits de diffusion et qui les negocie ensuite au prix fort avec les radios et teles. Consequence en Allemagne, patrie du handball, aucun match ne sera retransmis sur une chaine publique. Seule Sky diffuse les rencontres du Mondial outre-Rhin. En France, les radios (RMC, RTL et Radio France) vont davantage se focaliser sur des reportages plutot que sur la couverture des rencontres, beaucoup trop chere. TF1 pourra diffuser seulement la demi-finale et la finale en cas de presence des Bleus. Donc, le telespectateur francais qui desire suivre l'equipe nationale des l'entame devra s'abonner a BeIN Sports et ne pas compter sur les chaines de la TNT. Ces episodes facheux ne vont pas ameliorer l'image en Europe du Qatar qui tente, par le business, d'endiguer les reproches qui lui sont faits sur la question des droits de l'homme ou de ses pretendues relations avec des organisations terroristes. Sur le premier point, l'emirat fait un tout petit geste qui ressemble surtout, pour le moment, a un effet d'annonce. Selon l'Agence de presse qatarienne (QNA), le pays va desormais sanctionner les entreprises qui payent en retard leurs salaries immigres employes sur les chantiers, mais reste a savoir si ce projet va connaitre une application concrete. La question du terrorisme est aussi un point essentiel, surtout au regard des attentats a Paris la semaine derniere. La banderole deployee au stade Furiani a l'occasion du match Bastia-PSG a relance la polemique. Le FC Barcelone reflechit, lui, a rompre son contrat de sponsoring avec le Qatar qu'il juge trop lie a l'islamisme integriste alors que cet accord est cense rapporter 170 millions d'euros au club catalan. Par ailleurs, cite par Le Monde.fr, l'ancien sous-directeur de la lutte contre le terrorisme a la DST Louis Caprioli declarait des 2012 que beaucoup de camps djihadistes en Tunisie et en Libye etaient finances par le Qatar, pays salafiste. Et les Etats-Unis, par la voix de David Cohen, sous-secretaire de Barack Obama charge des questions liees au terrorisme, declaraient en mars 2014 que les collecteurs de fonds djihadistes operaient tranquillement au Qatar sans etre inquietes par les pouvoirs publics. En revanche, la France est quant a elle une alliee historique de cet emirat et ne se joint pas officiellement au \"Qatar bashing\". Sur RTL, l'ancien president de la Republique Nicolas Sarkozy n'a pas manque de souligner il y a quelques jours que notre pays, sous les mandats de Francois Mitterrand et Jacques Chirac, avait deja des liens tres importants avec ce pays. Et l'actuel ministre socialiste des Affaires etrangeres Laurent Fabius, sur la meme antenne, a certifie que ces accusations liant le Qatar au terrorisme sont infondees et que \"toutes les verifications necessaires\" ont ete operees. ", "theme": "sport"}