{"id_art": "a93be93431049a9101146c3d00d377ab", "title": "Terrorisme : le nombre de procedures a plus que double", "newspaper": "LePoint", "author": ["Source AFP"], "date_publi": "2016-01-19", "content": " 220 enquetes sont en cours et 725 personnes sont dans le viseur de la justice, selon le procureur de la Republique de Paris, Francois Molins. Le nombre de procedures concernant des dossiers terroristes est passe de 109 a 220 en un an, a annonce lundi le procureur de la Republique de Paris, Francois Molins. A ce jour, 220 enquetes sont en cours, 107 instruites par des juges d'instruction specialises et 113 diligentees par le parquet de Paris, a detaille Francois Molins lors de l'audience solennelle de rentree du tribunal de grande instance de Paris. 725 personnes sont actuellement dans le viseur de la justice : 243 ont ete mises en examen, les autres sont recherchees et font l'objet de mandat d'arret ou de mandat de recherche. Quelque 1 833 Francais sont actuellement impliques dans les filieres djihadistes en Syrie et en Irak : 597 se trouvent actuellement dans ces deux pays, 734 ont manifeste des velleites de depart, les autres sont en transit pour partir ou revenir de cette zone, a precise le procureur. << Certaines imperfections restent a corriger >> dans la lutte contre le terrorisme, a souligne Francois Molins, se felicitant de la future loi destinee a renforcer les pouvoirs du parquet. Le projet de loi, actuellement soumis a l'examen du Conseil d'Etat, permettra notamment aux procureurs de recourir aux perquisitions de nuit chez les particuliers, de mettre des suspects sur ecoutes ou de filmer des lieux prives, des mesures prises avec l'accord du juge des libertes et de la detention. Le parquet pourra aussi s'appuyer sur des IMSI Catcher, des relais capables d'intercepter echanges telephoniques et informatiques en direct. Francois Molins a aussi annonce qu'un magistrat de la section antiterroriste du parquet de Paris venait d'etre designe pour travailler specifiquement sur la question du financement du terrorisme. ", "theme": "justice"}