{"id_art": "8d548f3bbe5630665e10d419e39fa6ad", "title": "Grande-Bretagne : cinq arrestations pour \"infractions terroristes\"", "newspaper": "LePoint", "author": ["Source AFP"], "date_publi": "2016-04-15", "content": " Trois hommes ages de 26, 40 et 59 ans et une femme de 29 ans ont ete interpelles a Birmingham, et un homme de 26 ans a l'aeroport de Gatwick. Cinq personnes << soupconnees d'etre impliquees dans la preparation et l'instigation d'actes de terrorisme >> ont ete arretees a Birmingham, dans le centre de l'Angleterre, et a l'aeroport londonien de Gatwick, a annonce vendredi la police des West Midlands. << Quatre personnes - trois hommes ages de 26, 40 et 59 ans et une femme de 29 ans - ont ete arretees a Birmingham la nuit derniere, et un homme de 26 ans a ete arrete a l'aeroport de Gatwick tot vendredi >>, a declare la police dans un communique. << Cette action fait partie d'une vaste enquete menee par l'unite de contre-terrorisme de la police des West Midlands, en collaboration avec l'ensemble du reseau contre-terroriste, le MI5, les partenaires internationaux, dont les autorites belges et francaises, pour faire face a toute menace liee au Royaume-Uni a la suite des attentats en Europe >>, a declare dans ce communique Marcus Beale, chef adjoint de la police des West Midlands. Interroge par l'AFP pour savoir si ces arrestations etaient liees aux attentats de Paris et de Bruxelles, un porte-parole des West Midlands a refuse de commenter. << Ces arrestations etaient planifiees et liees a des informations collectees par les renseignements. Il n'y avait aucun risque pour le public et il n'y a aucune information suggerant qu'une attaque au Royaume-Uni etait en cours de planification >>, a encore declare M. Beale alors que le terme d'<< infraction terroriste >> recouvre aussi la volonte de partir rejoindre les rangs du groupe djihadiste Etat islamique (EI). Les cinq personnes arretees etaient vendredi en cours d'interrogatoire tandis que la police effectuait << des perquisitions dans un certain nombre de maisons >> a Birmingham. Mohamed Abrini, un Belgo-Marocain de 31 ans inculpe dans les enquetes sur les attentats de Paris et Bruxelles, avait ete repere mi-juillet en Grande-Bretagne, notamment a Birmingham. Les attentats de Paris le 13 novembre ont fait 130 victimes, ceux de Bruxelles le 22 mars, 32 morts. ", "theme": "monde"}