{"id_art": "9ffee6573ee96ff7c3e6b0ebfbbd24ed", "title": "Incident a Westminster: la police evoque une attaque \"terroriste\"", "newspaper": "LePoint", "author": ["AFP"], "date_publi": "2017-03-22", "content": "La police britannique a qualifie l'attaque mercredi devant le parlement britannique \"d'incident terroriste\". \"Incident a Westminster: nous traitons ceci comme un incident terroriste jusqu'a preuve du contraire\", a ecrit la police metropolitaine sur son site internet alors qu'un responsable parlementaire a evoque une personne poignardee et son agresseur presume touche par balle par les autorites. 22/03/2017 16:51:10 - Londres (AFP) - (c) 2017 AFP ", "theme": "monde"}