{"id_art": "53b1dd7f7317d8d31e23a2360bdc760f", "title": "Farhad Khosrokhavar : \"Le terrorisme favorise le populisme carceral\"", "newspaper": "LePoint", "author": ["Propos recueillis par Catherine Golliau, Marc Leplongeon, Pauline Tissot", "Pauline Tissot"], "date_publi": "2016-10-20", "content": " VIDEOS. Le sociologue, specialiste de l'islam, a enquete 3 ans en prison. Il en a tire une certitude : \"La prison est une tres mauvaise solution.\" Il est aujourd'hui l'un des sociologues les plus sollicites de France, voire d'Europe. Et pour cause : ce modeste, aussi affable qu'obstine, est l'un des observateurs les plus affutes de l'evolution de l'islam radical. Son terrain d'observation : les prisons francaises. Comment sont-elles devenues des matrices du radicalisme ? C'est ce qu'il a voulu comprendre en menant, de 2011 a 2013, dans trois maisons d'arret - Fresnes, Fleury-Merogis, Lille-Sequedin - ainsi que dans la centrale de Saint-Maur (Indre) une enquete unique par son ampleur : plus de 165 entret... Deja abonne ? Pas encore abonne ? ", "theme": "societe"}