{"id_art": "0f73aaa6974221f1eb6bce5adac582b3", "title": "Etats-Unis: probable inscription de la Coree du Nord sur la liste des \"soutiens du terrorisme\"", "newspaper": "LePoint", "author": ["AFP"], "date_publi": "2017-11-09", "content": "Determines a isoler la Coree du Nord pour qu'elle renonce a ses ambitions nucleaires, les Etats-Unis pourraient prochainement l'inscrire sur leur liste noire des \"Etats soutenant le terrorisme\", une mise au ban symbolique reservee a leurs pires ennemis. Donald Trump prendra sa decision \"a la fin de sa tournee\" en Asie, a fait savoir mercredi la porte-parole du president americain, actuellement en Chine apres le Japon et la Coree du Sud avec un message-cle: isoler Pyongyang, sous la pression des sanctions et de la menace militaire. L'administration envisage depuis le printemps de remettre le regime de Kim Jong-Un sur la liste noire. Mais le calendrier s'est accelere sous l'impulsion du Congres: dans une loi du 2 aout, les parlementaires americains avaient donne au secretaire d'Etat Rex Tillerson 90 jours pour trancher. La date-butoir est passee, la semaine derniere, sans aucune annonce. Le chef de la diplomatie et le president \"veulent avoir des discussions fructueuses avec leurs allies et partenaires dans la region\" avant de se prononcer, justifie une responsable du departement d'Etat. La liste americaine des Etats \"soutenant le terrorisme\" ne contient a ce jour que trois pays: l'Iran et la Syrie, deux des principales betes noires des Etats-Unis, ainsi que le Soudan, qui rentre toutefois progressivement dans les bonnes graces de Washington. La Coree du Nord y avait d'abord ete inscrite en 1988, pour son implication presumee dans l'attentat a la bombe contre un avion sud-coreen qui avait fait 115 morts l'annee precedente. Mais en 2008, l'administration republicaine de George W. Bush l'avait retiree pour favoriser les negociations sur le nucleaire -- qui ont finalement capote. La designer a nouveau \"permettrait a l'administration Trump de dire plus clairement aux autres pays que maintenir des echanges commerciaux avec Pyongyang signifie aider un Etat qui soutient le terrorisme\", plaide Anthony Ruggiero, specialiste des sanctions au sein du groupe de pression conservateur Foundation for Defense of Democracies. Cela ouvrirait la voie a de nouvelles mesures punitives unilaterales, y compris contre des personnes ou pays en affaires avec la Coree du Nord. Une arme supplementaire dans la campagne de sanctions americaine et une nouvelle mise en garde adressee a Pekin, principal partenaire des Nord-Coreens, appele par Donald Trump a redoubler de vigueur pour leur tordre le bras. Les indices vont dans le sens d'un retour sur la liste noire. \"Un regime qui tue quelqu'un dans un aeroport en utilisant un agent neurotoxique et un despote qui tue son frere de cette maniere, c'est clairement un acte de terrorisme\", a affirme la semaine derniere le conseiller a la securite nationale du president americain, le general H.R. McMaster. Il faisait reference a la mort de Kim Jong-Nam, demi-frere en disgrace de Kim Jong-Un, en fevrier en Malaisie -- l'un des principaux arguments des partisans d'un retour de Pyongyang sur cette liste noire. Seoul a immediatement accuse Pyongyang qui a toujours dementi. \"C'est l'un des incidents-cles que nous prenons en consideration pour une eventuelle inscription sur la liste\", qui doit repondre a plusieurs criteres juridiques, confirme un responsable du departement d'Etat. Ces dernieres semaines, des parlementaires republicains et democrates ont accentue la pression sur le chef de la diplomatie. Malgre les engagements qui avaient justifie la fin de cette appellation, \"le regime nord-coreen a montre, ces neuf dernieres annees, son mepris pour les normes et accords internationaux, relancant le developpement d'armes nucleaires\", relevent douze senateurs dans une recente lettre bipartisane a Rex Tillerson. Senateurs et deputes invoquent, outre le meurtre de Kim Jong-Nam, \"la detention illegitime, le mauvais traitement meurtrier et la mort tragique d'Otto Warmbier\", l'etudiant americain decede en juin apres son rapatriement dans le coma. Donald Trump a accuse Pyongyang de l'avoir \"torture\". \"Le regime a aussi poursuivi les ventes d'armes et le transfert de technologies sensibles a d'autres Etats soutenant le terrorisme, dont l'Iran, la Syrie et le Soudan\", et a multiplie les cyberattaques, insistent les parlementaires. 09/11/2017 07:45:49 - Washington (AFP) - (c) 2017 AFP ", "theme": "monde"}