{"id_art": "c4f5fc05eafac08fbf7e07ac174cff63", "title": "Terrorisme : les trois \"angles morts\" qui inquietent le renseignement", "newspaper": "LePoint", "author": ["Source AFP"], "date_publi": "2016-07-12", "content": " Le patron de la DGSI a ete auditionne en mai par la commission d'enquete parlementaire sur les attentats. Il y a pointe les defaillances existantes. Les services du renseignement interieur sont face a trois defis majeurs dans la lutte antiterroriste, a indique le 24 mai leur patron Patrick Calvar devant la commission d'enquete parlementaire sur les attentats de 2015. Son audition, a huis clos, a ete rendue publique ce mardi. Pour la commission, le cas de Samy Amimour, l'un des assaillants du Bataclan qui a pu aller en Syrie en 2013 malgre une mise en examen et une interdiction de sortie du territoire, est << emblematique des defaillances du controle judiciaire >>. Pour ne pas porter << atteinte aux droits de la defense >>, les services ne peuvent << plus suivre ni intercepter les gens les plus dangereux des lors qu'ils sont mis en examen ; a moins, s'ils sont impliques dans un autre projet, qu'une autre enquete soit ouverte >>, a explique Patrick Calvar, directeur general du renseignement interieur (DGSI), interroge sur le suivi d'Amimour. << Il s'agit d'un angle mort >>, a-t-il estime, ajoutant qu'<< il appartient a un controle judiciaire de permettre le suivi de l'interesse >>. Au 4 juillet, 256 personnes ont ete mises en examen dans des enquetes sur des filieres jihadistes irako-syriennes : 162 sont en detention provisoire, 94 sous controle judiciaire. Pour le DGSI, << il est necessaire de prevoir des mesures de controle judiciaire qui soient tres fortes et appliquees a la lettre >>. La commission parlementaire demande l'adaptation des << obligations dans le cadre du controle judiciaire des personnes mises en examen pour des infractions a caractere terroriste >> et de << renforcer les modalites du controle >>. Pour le patron de la DGSI, << le renseignement technique est aujourd'hui un enjeu majeur >>. Cet aspect est pourtant absent des propositions du rapport parlementaire. Selon lui, les 3 000 agents du renseignement interieur se heurtent << au quotidien au probleme du chiffrement, a la multiplication des moyens de communication, aux masses de donnees >> recueillies. WhatsApp, Viber, iMessage, Telegram... Ces messageries, tres prisees des groupes djihadistes et notamment de l'organisation Etat islamique (EI), sont devenues le cauchemar des services antiterroristes, incapables de casser leur chiffrement dont seul l'utilisateur a la cle. << Le chiffrement est assurement une question majeure que seules des conventions internationales pourront regler, les frontieres des Etats etant desormais le plus souvent inoperantes pour fixer les termes de la loi >>, a affirme Patrick Calvar. << Nous aurons un jour ou l'autre un bras de fer avec les operateurs et pas seulement les operateurs americains - le principal reseau utilise par les terroristes, Telegram, est russe >>, a-t-il predit. Aux Etats-Unis, les autorites avaient demande en vain au geant Apple de debloquer le telephone d'un des auteurs de la fusillade de San Bernardino, en Californie, qui avait fait 14 morts en decembre. Elles avaient finalement reussi a trouver par elles-memes un moyen d'acceder aux donnees du telephone. Autre enjeu, qui implique la Direction generale de la securite exterieure (DGSE) : trouver des outils de << big data >> pour << faciliter le travail des enqueteurs >> parfois noyes par la masse des renseignements recueillis. Certains des djihadistes des attentats du 13 novembre a Paris etaient rentres de Syrie en empruntant la route des migrants et en utilisant de faux papiers d'identite. Il est toujours impossible a ce jour de retracer le trajet emprunte par Abdelhamid Abaaoud - un des organisateurs du 13 novembre - alors qu'il est etabli qu'il a fait des allers-retours entre la Syrie et l'Europe. << Les identites n'ont de nos jours plus grande signification du fait des controles aleatoires et des possibilites de falsification grandissantes >>, a estime Patrick Calvar. << Faire des controles d'identite n'a plus aucun sens. >> << Aussi convient-il desormais d'introduire systematiquement des elements de biometrie, incluant la possibilite de croisement des fichiers >>, a-t-il recommande. ", "theme": "societe"}