{"id_art": "061db11a3f111c3a0491772f91606cbf", "title": "Terrorisme : l'inquietant parcours de Reda Kriket", "newspaper": "LePoint", "author": [" Marc Leplongeon et Aziz Zemouri"], "date_publi": "2016-11-16", "content": " Le 24 mars 2016, la DGSI a decouvert un veritable arsenal de guerre dans l'appartement que le djihadiste louait a Argenteuil. Revelations. Didier, un reserviste d'une petite trentaine d'annees, a la mine soucieuse. Le militaire scrute la rue a gauche puis a droite, et balaie d'un regard le trottoir. Decidement, rien d'anormal. Son coequipier, pourtant, est formel. Il a bien entendu quelques minutes plus tot trois cris, trois << Allahu Akbar >> lances dans leur direction. Les deux hommes sont inquiets : ce 15 janvier 2016, ils sont en poste, dans le cadre de l'operation Sentinelle, devant la synagogue d'une grande ville sensible de la region parisienne. En fin d'apres-midi, leurs craintes s'intensifient. Les militaires apprennent... Deja abonne ? Pas encore abonne ? ", "theme": "societe"}