{"id_art": "9094f57fd367d4a4e5cdc06491f79f68", "title": "Terrorisme : \"De plus en plus de profils psychiatriques vont passer a l'acte\"", "newspaper": "LePoint", "author": ["Propos recueillis par Marc Leplongeon"], "date_publi": "2017-08-23", "content": " Le psychiatre Serge Hefez commente les propos polemiques de Gerard Collomb sur le lien entre maladie mentale et radicalisation. Entretien. << Les djihadistes sont-ils fous ? >> C'est le titre - volontairement provocateur - d'un dossier que Le Point.fr, voici quelques mois, consacrait a la radicalisation. La serie d'articles interrogeait des specialistes du renseignement, des magistrats et des avocats, et bien sur de nombreux professionnels de la sante, pour tenter de trouver des reponses au phenomene djihadiste. Enquetes, analyses, interviews... Ce dossier, disponible ici dans son integralite, est plus que jamais d'actualite. Depuis plusieurs mois, les expressions de << course folle >> et de << camion fou >> nourrissent les gros titres des medias et agacent les commentateurs. Plutot que de parler de << camion fou >>, ne devrait-on pas evoquer le terroriste qui se cache derriere le volant ? N'est-ce pas une maniere de le deresponsabiliser ? Sauf que, les exemples recents le montrent (Marseille, Paris, Dijon, Sept-Sorts), de plus en plus d'attaques repondant aux codes terroristes de l'EI sont menees par des desequilibres. Associer les hopitaux psychiatriques a la detection de la radicalisation Le phenomene inquiete dans les plus hautes spheres de l'Etat au point que Gerard Collomb, ministre de l'Interieur, a propose, au lendemain de l'attentat de Barcelone, d'associer les hopitaux psychiatriques a la detection de la radicalisation. Des propos qui font polemique au sein de la communaute scientifique. Dans Le Monde, le psychiatre David Gourion met ainsi en garde contre l'idee selon laquelle les terroristes seraient << essentiellement des malades mentaux >>. Aucune donnee ne permet de l'affirmer, ecrit-il. Le psychiatre s'inquiete egalement des << protocoles >> evoques par Gerard Collomb et qui doivent etre mis en place entre les ministeres de l'Interieur et de la Sante. << Serons-nous invites bientot a remplir une fiche decrivant les symptomes de nos patients susceptibles d'etre des fous de Dieu ? D'un point de vue clinique, la plupart des patients schizophrenes en periode de bouffee delirante aigue ont des idees mystiques en relation avec Dieu et la religion. Ceux qui sont d'origine musulmane seront-ils des lors automatiquement anathematises ? >> s'inquiete-t-il. Pour nourrir ce debat houleux, Serge Hefez, psychiatre et chef de l'unite de therapie familiale a l'hopital de la Pitie-Salpetriere, ou il mene egalement une consultation en deradicalisation, a accepte de repondre a nos questions. Entretien. Le Point : Gerard Collomb veut << mobiliser les hopitaux psychiatriques pour identifier les individus radicalises >>. Qu'en pensez-vous ? Serge Hefez : Dit comme cela, c'est tres maladroit. Cela ne peut que provoquer une levee de boucliers des psychiatres, lesquels repondent au ministre que leur role n'est pas de signaler a la police des gens potentiellement dangereux. Mais la question posee par Gerard Collomb ne doit pas etre balayee d'un revers de main. La radicalisation a de plus en plus a voir avec la psychiatrie et je suis convaincu que de plus en plus de profils psychiatriques vont passer a l'acte. Au depart, les recruteurs du groupe Etat islamique (EI) cherchaient des jeunes plutot bien structures n'ayant pas de profil psychiatrique avere, afin d'en faire des guerriers sur le terrain. Maintenant, la logique s'est inversee : ils veulent faire le plus de mal sur place et le plus rapidement possible. Voulez-vous dire que le profil des gens qui passent a l'attaque a evolue ? Oui, ce sont aujourd'hui, de plus en plus, des profils psychiatriques qui ont peu ou pas de relations avec l'EI et qui passent pourtant a l'acte au nom de cette ideologie. Ce sont des gens qui sont deja dans une structure psychique particuliere, et qui vont etre convaincus en deux coups de cuillers a pot qu'ils vont obtenir la redemption en foncant dans la foule. Attention, cela ne veut pas dire que tous les malades mentaux sont potentiellement dangereux et qu'ils se radicalisent. Mais certains, surtout s'ils ont une pathologie paranoiaque, peuvent etre sensibles aux messages vehicules par l'EI. N'est-ce pas ce que le ministre de l'Interieur a voulu dire, lorsqu'il a explique qu'un << certain nombre d'esprits faibles qui voient ce qui se passe vont passer a l'acte par mimetisme >> ? Si on enleve cette denomination << d'esprit faible >> qui est la encore maladroite, il est clair qu'il y a un certain nombre de malades psychiatriques qui peuvent passer a l'acte. Le passage a l'acte est quelque chose de contagieux. C'est vrai pour le suicide, c'est vrai pour le terrorisme. La prevention sert a agir a ce niveau-la. Certains malades mentaux peuvent etre fascines par le passage a l'acte, par ce qu'ils voient a la television, par les attentats de proximite avec une voiture, une fourgonnette ou un couteau. Tout cela exerce un effet de fascination et peut susciter l'imitation. Une fois que ce constat est pose, que fait-on ? Surveille-t-on plus les malades mentaux ? Les enferme-t-on davantage ? Doit-on les signaler systematiquement aux services de police ? Bien sur que non. Mais il faut une vigilance particuliere des psychiatres sur ces sujets-la et bien avoir en tete que sur la masse des malades mentaux, certains sont plus fragiles vis-a-vis des discours d'embrigadement de type sectaire. Mais qu'entend-on exactement par maladie psychiatrique ? Aujourd'hui, on a tendance a englober dans les maladies psychiatriques tous les malaises, vagues a l'ame, depressions, alcoolisme, jusqu'aux formes les plus poussees de schizophrenie. C'est tres confusionnant. Quand on parle de psychiatrie, on parle des personnes qui peuvent relever de l'absence de discernement, c'est-a-dire des personnes qui pourraient relever d'une alternative a la justice du fait de leur pathologie. Ce sont des delires qui troublent tellement leur perception que ces personnes ne sont plus responsables de leurs actes. C'est la fonction premiere de la psychiatrie : elle sert a determiner la responsabilite penale des citoyens afin de les proteger et de proteger la societe de ceux qui peuvent s'averer dangereux. Le ministre de l'Interieur affirme que << sur les fichiers des signalements pour la prevention de la radicalisation a caractere terroriste [...], un tiers presente des troubles d'ordre psychologique >>. Ne melange-t-on pas tout ? La frontiere entre ce qui releve de la difficulte psychologique lourde et la psychiatrie n'est pas facile a determiner. Ce n'est pas comme avoir le virus de la grippe ou ne pas l'avoir. A ma consultation en deradicalisation a la Salpetriere, ou je suis des adolescents de 14 a 20 ans, certains ont subi des abus sexuels, d'autres sont deprimes, d'autres encore sont issus de familles pas toujours parfaitement equilibrees. C'est finalement le lot de pas mal d'adolescents. Mais ceux-ci en particulier ont tente de resoudre leur malaise psychologique par l'adhesion a l'Etat islamique (EI). On collabore avec l'Aide sociale a l'enfance (ASE), la Protection judiciaire de la jeunesse (PJJ) et de nombreuses autres associations. Il y a des parcours qui sont plutot positifs dans la facon dont les jeunes sortent de cette histoire. C'est long, il y a des rechutes, il arrive que des jeunes replongent et qu'on les retrouve a la frontiere. Mais seule une collaboration au cas par cas, avec differents professionnels, permettra de tricoter au plus pres la meilleure prise en charge possible. Gerard Collomb, lui, a parle de << protocoles >> entre les ministeres de l'Interieur et de la Sante... Si on met en place des protocoles, cela veut dire qu'il y a des trajectoires-type, des profils-type, et qu'il convient de reperer a partir de signes predetermines des individus dangereux. Or, cela ne se pose pas comme ca dans la realite. Les profils sont extremement heterogenes. Romain Caillet, consultant repute sur les questions islamistes, explique a RTL que << chercher a expliquer la radicalisation par la psychiatrie, c'est etre a cote de la plaque >>. Qu'en pensez-vous ? Bien sur il serait absurde de pretendre que la radicalisation islamiste est une maladie mentale ! Mais des problematiques psychiatriques sont neanmoins presentes chez un certain nombre d'embrigades. Il faut que les specialistes de la question avancent ensemble pour trouver des solutions et ne s'opposent pas les uns aux autres, ce qui a tendance a etre le cas, compte tenu de l'importance politique du sujet. Entre ce qui releve de la societe, du fait religieux, des trajectoires psychiques et des parcours personnels, les raisons sont multiples et il n'y a pas d'explication univoque. Consultez notre dossier : Les djihadistes sont-ils fous ? ", "theme": "justice"}