{"id_art": "604e1ff3ceba085c8b46f201d18788be", "title": "Arabie: la police dejoue \"une action terroriste\" a La Mecque", "newspaper": "LePoint", "author": ["AFP"], "date_publi": "2017-06-23", "content": "Les forces de securite saoudiennes ont dejoue vendredi matin une action \"terroriste\" contre la Grande Mosquee de La Mecque, premier lieu saint de l'islam, ou des dizaines de milliers de fideles etaient rassembles, a annonce dans la soiree le ministere de l'Interieur. Onze personnes, dont six pelerins et cinq policiers, ont ete blessees dans l'effondrement partiel d'un batiment de trois etages ou se barricadait un kamikaze qui s'est fait exploser, a indique un porte-parole du ministere dans un communique publie par l'agence de presse officielle SPA. Le kamikaze faisait partie d'un groupe \"terroriste\" base dans deux quartiers de La Mecque et a Jeddah, la capitale economique du royaume, sur la mer Rouge, et dont cinq membres, y compris une femme, ont ete arretes, a ajoute le ministere. L'attentat, dejoue vendredi matin mais sur lequel rien n'avait filtre, etait \"imminent\", a ajoute le porte-parole. La police \"a dejoue le plan terroriste qui visait la securite de la Grande Mosquee, les pelerins et les fideles\", a dit le porte-parole du ministere, le general Mansour al-Turki, dans une declaration a la television saoudienne. Les policiers ont assiege l'endroit ou se trouvait le kamikaze, un batiment de trois etages situe dans l'enceinte de la Grande mosquee et ou il s'etait barricade. \"Malheureusement, il a commence a tirer sur les forces de securite une fois qu'il a remarque leur presence, ce qui a entraine un echange de coups de feu, avant qu'il ne se fasse exploser\", a declare le porte-parole a la television. Six residents etrangers qui effectuaient la Omra, ou petit pelerinage de La Mecque, et cinq policiers ont ete blesses, a precise le porte-parole. Deux des fideles blesses sont toujours hospitalises alors que les quatre autres ont pu quitter l'hopital apres avoir subi les soins necessaires, a precise le porte-parole dans son intervention televisee. Il a explique que le groupe \"terroriste\" avait vise \"le lieu le plus sacre\" des musulmans et executait \"des plans diriges depuis l'etranger dans le but de nuire a la securite et a la stabilite\" du royaume saoudien. Il n'a pas cite nommement les commanditaires de l'attentat dejoue ou les pays qui l'auraient inspire. Le porte-parole a rappele que \"plusieurs cellules terroristes avaient ete demantelees ces deux dernieres annees a La Mecque et sa banlieue\", ajoutant que leur objectif etait \"de remettre en cause la capacite (des autorites) du royaume a assurer la securite des fideles\". L'attentat, dejoue au moment ou les fideles etaient massivement rassembles a la Grande Mosquee pour le dernier vendredi du ramadan, le mois de jeune musulman, est la deuxieme du genre a viser un lieu sacre des musulmans en Arabie saoudite en moins d'un an. En juillet 2016, un attentat perpetre a Medine, deuxieme lieu saint de l'islam, avait fait quatre morts parmi les gardiens de securite, pres de la Mosquee du prophete Mahomet. 24/06/2017 04:20:22 - Ryad (AFP) - (c) 2017 AFP ", "theme": "monde"}