{"id_art": "b383352832e5aadae18dcf2aa5609519", "title": "Royaume-Uni: un homme inculpe pour \"preparation d'actes de terrorisme\"", "newspaper": "LePoint", "author": ["AFP"], "date_publi": "2017-04-05", "content": "Un homme de 21 ans a ete inculpe mercredi pour \"preparation d'actes de terrorisme\" au Royaume-Uni, a indique la police des West Midlands (centre de l'Angleterre). Ummariyat Mirza, resident a Birmingham (centre), avait ete arrete dans cette ville le 29 mars par une unite du contre-terrorisme, a precise la police. Il a ete inculpe pour avoir eu \"l'intention de commettre des actes de terrorisme\" et avoir commence a preparer son action \"en faisant des recherches et en achetant un couteau et d'autres objets qui auraient pu l'aider a mener une attaque au Royaume-Uni\", ecrit la police dans un communique. Il a egalement ete inculpe pour avoir ete en possession du \"guide des poisons du Moudjahidine\". Son inculpation n'a pas de lien avec l'attentat de Londres du 22 mars, a precise la police. Une femme de 23 ans, Zainub Mirza, avait ete arretee en meme temps que lui et a ete inculpee mercredi pour avoir transmis sur internet \"des videos de propagande\" du groupe djihadiste Etat islamique ainsi que des videos d'executions. Depuis leur arrestation, cinq residences et une entreprise ont ete perquisitionnees. Ils comparaitront jeudi devant un tribunal de Londres. Par ailleurs, un homme de 18 ans arrete mardi apres-midi car il etait soupconne \"de preparer des actions terroristes\" et \"tentait de quitter le Royaume-Uni\" a bord d'un Eurostar, a ete libere sous controle judiciaire mercredi. 05/04/2017 21:07:45 - Londres (AFP) - (c) 2017 AFP ", "theme": "monde"}