{"id_art": "996bde3ecb9d714391436cac688a51cc", "title": "La pedagogie noire  du terrorisme \"low cost\"", "newspaper": "LePoint", "author": [" Clément Pétreault"], "date_publi": "2016-07-23", "content": " Des attentats d'envergure aux actions isolees, comment le djihad est devenu une affaire d'autoentrepreneurs du terrorisme. Que Mohamed Lahouaiej Bouhlel ait ete psychotique ou non ne fera finalement aucune difference : son action repond en tous points aux canons du terrorisme low cost, edictes par le Syrien Abou Mohammed Al-Adnani. << Si vous ne pouvez pas faire sauter une bombe ou tirer une balle, debrouillez-vous pour vous retrouver seul avec un infidele francais ou americain et fracassez-lui le crane avec une pierre, tuez-le a coups de couteau, renversez-le avec votre voiture, jetez-le d'une falaise, etranglez-le, empoisonnez-le >>, conseillait le porte-parole officiel de Daech a tous les soldats du califat en... Deja abonne ? Pas encore abonne ? Consultez notre dossier : Carnage a Nice ", "theme": "societe"}