{"id_art": "6fddb90d6141522652264c6d9d8fd0bf", "title": "Terrorisme : la Suisse vote la surveillance electronique !", "newspaper": "LePoint", "author": ["Source AFP"], "date_publi": "2016-09-25", "content": " Les services secrets pourront, sous certaines conditions, surveiller de facon preventive le courrier et les communications telephoniques de particuliers. Par referendum, les Suisses ont massivement dit << oui >> dimanche a une loi autorisant les services secrets a surveiller les communications telephoniques et les activites sur Internet. Selon les resultats definitifs, deux tiers (65,5 %) des electeurs ont accepte cette nouvelle loi sur le renseignement, un chiffre depassant largement les previsions des sondages realises pendant la campagne (53-58 %), avec un taux de participation d'environ 43 % (habituel en Suisse). En revanche, ils sont 59,4 % a avoir dit << non >> a une hausse des retraites dont le gouvernement avait souligne la charge financiere tres elevee qu'elle representait. Ils ont aussi rejete a 63,6 % une initiative populaire defendue par les Verts qui demandaient une reduction de la consommation des ressources naturelles. Seuls les habitants du canton de Geneve l'ont soutenue. Le << oui >> a la nouvelle loi sur le renseignement est de nature a satisfaire le gouvernement qui considerait qu'il n'etait plus possible de repondre aux nouvelles menaces, en particulier terroristes, car les services secrets n'avaient le droit de collecter des informations que dans le domaine public ou si elles etaient disponibles aupres d'autres autorites. La Suisse n'est << pas une cible, mais elle peut etre une base arriere ou logistique ou financiere pour ces terroristes >>, a fait valoir sur le plateau de la television suisse publique RTS le vice-president du Parti democrate-chretien (PDC), Yannick Buttet. Le Parlement avait vote la loi en 2015, mais une alliance formee du Parti socialiste, des Verts et d'organisations comme le Parti pirate qui craignent des derives, comme celles aux Etats-Unis denoncees par Edward Snowden, avait pris l'initiative de ce referendum. Cet ex-agent de l'Agence de securite nationale (NSA) avait, en effet, devoile en 2013 l'ampleur du reseau de surveillance electronique americain mis en place apres les attentats du 11 Septembre 2001. Au cours de la campagne, les opposants a la loi avaient aussi rappele le << scandale des fiches >> qui avait defraye la chronique en 1989 lorsque les Suisses avaient appris avec stupeur que 900 000 d'entre eux etaient fiches par la police en fonction de leurs opinions politiques, syndicales et autres. Dimanche, la deputee des Verts Lisa Mazzone a denonce sur la RTS le << message simpliste >> envoye par ses adversaires a un moment ou la menace terroriste est tres forte en Europe. Les autorites suisses sont toutefois aussi parvenues a convaincre les electeurs que seule une dizaine de cas par an seraient concernes par la nouvelle loi << au vu de la situation actuelle en matiere de menace >>. Elles ont aussi souligne que les mesures devraient a chaque fois donner lieu a un feu vert du Tribunal administratif federal et du ministre suisse de la Defense. Les services secrets suisses pourront desormais, si la gravite d'une menace concrete le justifie, surveiller de facon preventive les envois postaux et les communications telephoniques de particuliers ainsi que leurs activites sur Internet, s'infiltrer dans des reseaux informatiques et proceder a des fouilles de locaux, de vehicules ou de bagages notamment. Ils pourront aussi intercepter toutes les communications internationales qui transitent par la Suisse, via le reseau cable, et perturber l'acces aux informations sur les reseaux informatiques, a condition que ces systemes soient utilises dans des attaques visant des infrastructures sensibles. << En autorisant des mesures de surveillance disproportionnees, elle [la loi, NDLR] represente une menace importante pour la sphere privee et la liberte d'expression >>, a reagi dimanche l'organisation de defense des droits de l'homme Amnesty International dans un communique. Les opposants a la loi ont appele les autorites a tenir leurs promesses en matiere de garde-fous. << Nos adversaires nous ont assure que le nombre des personnes surveillees sera limite, que la sphere privee ne sera pas violee et qu'il n'y aura pas de nouvelle affaire des fiches. Il s'agit desormais de respecter ces engagements >>, a commente la vice-presidente de la Jeunesse socialiste, Muriel Wager, dans un communique de l'Alliance contre l'Etat fouineur. Repondant a cet appel, la deputee du Parti liberal radical (PLR), Isabelle Moret, a affirme dimanche sur le plateau de la RTS que la commission parlementaire chargee de surveiller le travail des services secrets depuis l'affaire des fiches << saurait >> quel est le nombre de personnes surveillees. ", "theme": "europe"}