{"id_art": "0c712386aaa3d2c8da61f890a02e1fdb", "title": "Terrorisme : la France bloque pour la premiere fois des sites web", "newspaper": "LePoint", "author": ["Le Point.fr (avec AFP)"], "date_publi": "2015-03-16", "content": " Cinq sites ont ete bloques pour apologie du terrorisme, une premiere depuis la mise en place de cette mesure administrative le 6 mars. L'acces a cinq sites internet accuses de faire l'apologie du terrorisme est bloque depuis la fin de la semaine derniere, une premiere depuis la mise en place de cette mesure administrative le 6 fevrier, a-t-on appris lundi aupres du ministere de l'Interieur. Parmi ces sites internet figure celui d'al Hayat Media Center, une branche du groupe Etat islamique chargee de sa communication, ou encore le site islamic-news.info, selon cette source. Tous sont catalogues par la place Beauvau comme \"se livrant a l'apologie du terrorisme\" et diffusant des images de decapitation et relayant la propagande et les discours d'EI. L'ordre de blocage a ete emis par l'Office central de lutte contre la criminalite liee aux technologies de l'information et de la communication (OCLCTIC), charge de la lutte contre la cybercriminalite a la direction centrale de la police judiciaire (DCPJ). Les fournisseurs d'acces, auparavant identifies par les services de renseignements, ont ensuite eu 24 heures pour appliquer la decision.\"Nous sommes en phase d'evaluation et de rodage\", a insiste un representant du ministere de l'Interieur devant la presse, \"nous allons voir comment cela va repondre en face\". Il a reconnu que l'ordre de blocage a ete donne au fournisseur, mais pas a l'hebergeur ou l'editeur des sites - ce qui serait plus efficace - \"qui n'ont pas ete identifies\". En depit de cette faiblesse dans le dispositif, Beauvau a precise que d'autres operations de meme type allaient viser d'autres sites, \"plusieurs dizaines\" etant potentiellement concernes. \"Ce ne sont pas des sites d'opinion\", dit-on a l'Interieur afin d'anticiper d'eventuelles critiques sur la liberte d'expression sur internet. \"L'apologie est un delit, il n'y a aucune ambiguite possible sur ces sites la.\" \"C'est la declinaison concrete de la loi antiterroriste de novembre 2014\", a declare le depute socialiste Sebastien Pietransanta, un specialiste de ces questions recemment charge par le Premier ministre Manuel Valls de travailler, aupres du \"patron\" de la place Beauvau Bernard Cazeneuve, sur les phenomenes de radicalisation islamiste. \"Il faut continuer dans cette voie\", a-t-l dit. Cette possibilite de blocage administratif des sites internet soupconnes d'apologie du terrorisme est l'une des mesures phares de la loi antiterroriste adoptee en novembre. Elle avait ete critiquee par la commission consultative des droits de l'homme, autorite administrative consultative du gouvernement, qui estimait l'intervention d'un juge necessaire pour ordonner et controler le retrait d'un contenu illicite et le blocage d'un site internet. Parmi les autres mesures de cette loi antiterroriste figure l'interdiction administrative de sortie du territoire des candidats au djihad. Six Francais ages de 23 a 28 ans qui s'appretaient a partir en Syrie ont ainsi vu leurs passeports confisques a la mi-fevrier pour six mois renouvelables pendant deux ans. Mercredi en conseil des ministre sera presentee une loi sur le renseignement, consequence directe des attentats survenus en janvier en France et qui ont fait 17 morts. ", "theme": "societe"}