{"id_art": "9637168abe800a8bce2bf1428c2f1e29", "title": "Birmanie: les rebelles rohingyas ne veulent pas d'aide des groupes terroristes internationaux", "newspaper": "LePoint", "author": ["AFP"], "date_publi": "2017-09-14", "content": "Les rebelles musulmans rohingyas, dont des attaques fin aout en Birmanie ont declenche une repression de l'armee et pousse des centaines de milliers de civils a se refugier au Bangladesh, ont rejete jeudi toute aide qui viendrait d'organisations terroristes internationales. \"Nous n'avons aucun lien avec Al-Qaida, l'Etat islamique ou tout groupe terroriste international. Et nous ne souhaitons pas que ces groupes s'impliquent dans le conflit en Arakan (ancien nom de l'Etat Rakhine)\", ecrit l'ARSA jeudi dans un communique publie sur Twitter. D'apres le SITE Intelligence Group, specialise dans la surveillance des sites internet islamistes, Al-Qaida a appele cette semaine les musulmans a \"soutenir les Rohingyas financierement et militairement\". Une aide tres clairement rejetee par la rebellion rohingya naissante qui \"demande aux Etats de la region d'intercepter et d'empecher l'entree en Etat Rakhine de terroristes qui ne pourraient qu'aggraver la situation\". Dimanche, l'Armee du salut des Rohingyas de l'Arakan (ARSA), plus connu localement sous le nom Harakah al-Yaqin (\"Mouvement de la foi\" en arabe), avait annonce l'arret temporaire de ses operations militaires offensives pour favoriser l'arrivee de l'aide humanitaire. Quelque 380.000 Rohingyas se sont refugies au Bangladesh depuis fin aout, selon les estimations de l'ONU. Et des milliers d'autres seraient toujours sur les routes. Ils fuient une campagne de repression de l'armee lancee apres les attaques de postes de police, lancee par l'ARSA fin aout. La Birmanie est soupconnee par l'ONU de mener un \"nettoyage ethnique\" dans cette region de l'ouest du pays. Pendant ce temps la crise sanitaire se poursuit au Bangladesh: jeudi, l'ONU estimait a pres de 380.000 le nombre de Rohingyas ayant trouve refuge au Bangladesh depuis le 25 aout. Les conditions sanitaires y sont redoutables pour ces Rohingyas, abrites pour les plus chanceux sous des baches de plastique tendues sur des bambous. Deux nouveaux corps de naufrages ont ete repeches jeudi sur la riviere Naf, frontiere naturelle entre la Birmanie et le Bangladesh que les Rohingyas traversent sur des petits bateaux surcharges. Cela porte a 103 le nombre de corps rejetes depuis le 30 aout sur les rives, a annonce la police bangladaise a l'AFP. Mercredi, le Conseil de securite de l'ONU a reclame a la Birmanie des mesures \"immediates\" pour faire cesser une \"violence excessive\" dans l'ouest de la Birmanie. Plus de 400 personnes auraient ete tuees dans les combats, principalement des \"terroristes\" de l'ARSA d'apres l'armee birmane. 14/09/2017 14:08:47 - Rangoun (AFP) - (c) 2017 AFP ", "theme": "monde"}