{"id_art": "ce0243bdc8d1282a9faa9fca9b90f3b1", "title": "Terrorisme : l'Europe \"n'utilise pas toutes les donnees\" des Etats-Unis", "newspaper": "LePoint", "author": ["Source AFP"], "date_publi": "2016-04-07", "content": " L'un des kamikazes de l'aeroport de Bruxelles, Ibrahim El Bakraoui, figurait sur une des listes antiterroristes des Etats-Unis avant les attentats de Paris. Les pays allies des Etats-Unis, notamment en Europe, << n'utilisent pas toutes (les) donnees >> fournies par Washington en matiere d'antiterrorisme et c'est << inquietant >>, a estime jeudi le directeur du Centre de surveillance des terroristes, qui depend de la police federale (FBI). << C'est inquietant que nos partenaires n'utilisent pas toutes nos donnees >>, a declare sur la chaine CNN Christopher Piehota, directeur du Terrorist Screening Center, qui dispose d'une base de donnees des suspects de terrorisme, la Terrorist Screening Database (TSDB). << Nous leur fournissons des outils. Nous leur apportons de l'aide et je trouverais cela inquietant qu'ils n'utilisent pas ces outils de depistage pour leur propre securite aerienne, maritime, aux frontieres, ou pour les visas >>, a-t-il ajoute. Interroge au sujet des auteurs des attaques de Paris et Bruxelles, le responsable americain a indique que les Etats-Unis << connaissaient certaines de ces personnes >>. Les attentats djihadistes de Bruxelles du 22 mars ont ravive des critiques sur la faiblesse supposee de la police et des services de renseignements belges, refutees par les autorites du pays qui reclament une cooperation europeenne. L'un des kamikazes de l'aeroport de Bruxelles, Ibrahim El Bakraoui, figurait sur une des listes antiterroristes des Etats-Unis << avant les attentats de Paris >> du 13 novembre, avait rapporte le 25 mars CNN, citant des responsables americains. Son frere Khalid, qui s'est lui fait exploser dans le metro de Bruxelles, a ete ajoute a cette liste << peu apres les attaques de Paris >>, selon la meme chaine. Ibrahim El Bakraoui avait ete expulse vers les Pays-Bas par la Turquie en juillet, apres avoir ete arrete en juin par les autorites turques pres de la frontiere syrienne. Le directeur du Terrorist Screening Center a assure que si les attaquants de Bruxelles << etaient sur notre liste et correctement identifies, ils auraient pu etre arretes a nos frontieres >>. Quant aux suspects toujours recherches, << nous comptons sur nos partenaires pour qu'ils (les) recherchent, menent des enquetes et des operations qui nous aident a les identifier >>, a-t-il ajoute. ", "theme": "monde"}