{"id_art": "e780eb2079611e7978e5d693c9a77e51", "title": "Saint-Etienne-du-Rouvray : la mere du second terroriste presume temoigne", "newspaper": "LePoint", "author": ["6Medias"], "date_publi": "2016-07-28", "content": " Elle ne veut pas y croire. Pour elle, son fils, Abdel Malik Petitjean, n'a pas pu participer a l'attaque contre le pere Jacques Hamel. C'est un temoignage en forme de deni. Alors que la police a procede a l'authentification du deuxieme preneur d'otages de l'eglise de Saint-Etienne-du-Rouvray qui a coute la vie au pere Jacques Hamel, la mere du terroriste presume, Yamina, ne veut pas y croire. << Il est bien eleve, il est doux, c'est mon petit bebe >>, jure-t-elle, parlant de son fils encore au present alors qu'il a ete tue par la police. Sur RTL, la maman d'Abdel Malik Petitjean, 19 ans, tente de se contenir et de defendre l'honneur de son fils. << Il a une personnalite nickel [...]. Je veux mon fils, repete la mere, ne pouvant retenir ses larmes. Je connais mon gamin, il est gentil, je n'ai pas fait un diable. >> Une perquisition a ete menee a son domicile d'Aix-les-Bains. Les informations qui commencent a sortir permettent de dessiner un portrait de Petitjean. Ce dernier a passe son CAP, c'est un garcon << bien eduque >>, << intelligent >> selon sa mere. << C'est un gamin de 19 ans qui reve de belles choses, detaille sa mere >>, expliquant avoir une grande complicite avec son enfant << depuis qu'il est petit >>. << Je le capte trop >>, ajoute-t-elle. Selon elle, son fils n'a pas pu rejoindre l'organisation Etat islamique et participer a un attentat qui a emu toute la France. << Quand on me dit que mon fils fait ces trucs-la, pas du tout... Jamais de Daech, jure-t-elle au micro de RTL. Nous sommes positifs, on parle de trucs bien. C'est mon gamin, je le connais tres bien, ce n'est pas nous les coupables. >> Elle croyait que son fils etait chez un cousin, a-t-elle revele sur BFM TV. Pourtant, comme nous l'indiquions, une note de l'Unite de coordination de la lutte antiterroriste avait ete diffusee a tous les services de police le week-end dernier. Elle prevenait d'un attentat imminent de Petitjean. Ce dernier etait fiche << S >> depuis le 29 juin pour avoir tente de rejoindre la Syrie via la Turquie. Cependant, il n'avait jamais ete condamne et la justice ne disposait pas de ses empreintes ni de son ADN, ce qui a retarde son identification. Trois proches d'Abdel Malik Petitjean sont actuellement en garde a vue. Consultez notre dossier : Saint-Etienne-du-Rouvray : un nouveau pas dans l'horreur Consultez notre dossier : Saint-Etienne-du-Rouvray : un nouveau pas dans l'horreur ", "theme": "societe"}