{"id_art": "3aa9fe9d34340fe1e0413d0dc4fa1149", "title": "Turquie : plus de 100 000 personnes dans la rue pour denoncer le \"terrorisme\" du PKK", "newspaper": "LePoint", "author": ["Source AFP"], "date_publi": "2015-09-20", "content": " Les affrontements meurtiers ont repris depuis 2 mois entre l'armee et les rebelles kurdes du Parti des travailleurs du Kurdistan (PKK). Plus de 100 000 personnes, selon un journaliste de l'Agence France-Presse, manifestaient dimanche a Istanbul pour conspuer le \"terrorisme\" alors que des affrontements meurtriers ont repris depuis deux mois entre l'armee et les rebelles kurdes du Parti des travailleurs du Kurdistan (PKK) dans le sud-est de la Turquie. \"Turcs et Kurdes sont freres, ceux qui veulent les diviser sont des traitres\", a martele le Premier ministre islamo-conservateur Ahmet Davutoglu lors d'une intervention devant la foule qui a precede celle du president Recep Tayyip Erdogan, qui participe egalement au rassemblement. La manifestation qui se deroule a l'appel d'un collectif d'ONG dans le district de Yenikapi a des allures de meeting politique pour le president Erdogan a six semaines des legislatives anticipees du 1er novembre. La place de Yenikapi reputee pour accueillir les manifestations geantes du parti de la justice et du developpement (AKP), au pouvoir de MM. Erdogan et Davutoglu, peut accueillir jusqu'a 1,5 million de personnes. Les participants etaient uniquement autorises a porter le drapeau turc. Beaucoup portaient un bandeau rouge ceint autour de la tete avec l'inscription : \"Les martyrs ne sont pas morts, la patrie ne pourra pas etre divisee.\" Lors de son intervention, Ahmet Davutoglu a reaffirme la determination d'Ankara d'aller de l'avant avec les operations militaires contre les repaires du PKK dans le nord de l'Irak. \"Nous avons aneanti tous les camps autour du mont Qandil et nous continuerons de le faire\", a-t-il assure, insistant que \"la lutte contre les terroristes se poursuivra jusqu'a ce qu'ils deposent les armes\". De violents affrontements ont repris depuis la fin du mois de juillet entre les forces de securite turques et les rebelles. Les attentats des rebelles et les operations militaires de represailles se succedent a un rythme quotidien. ", "theme": "monde"}