{"id_art": "05dfb7a88dbc634b1a1e87a968a9c51f", "title": "Le president d'Amnesty en Turquie a nouveau arrete", "newspaper": "LePoint", "author": ["AFP"], "date_publi": "2018-02-01", "content": "Le president d'Amnesty international en Turquie, juge pour appartenance a une \"organisation terroriste\", a ete place en garde a vue dans la nuit de mercredi a jeudi, apres qu'un tribunal d'Istanbul a ordonne sa remise en liberte conditionnelle quelques heures plus tot, selon l'ONG. Taner Kilic a ete arrete en juin 2017 et etait incarcere depuis, accuse d'appartenir au mouvement du predicateur Fethullah Gulen, designe par Ankara comme le cerveau du putsch manque de l'ete 2016, ce qu'il nie fermement. Lors d'une audience de son proces mercredi, un tribunal d'Istanbul a ordonne sa remise en liberte conditionnelle, au grand soulagement de ses proches et d'Amnesty international. Mais un nouveau mandat d'arret a ete emis dans la foulee et M. Kilic a ete place en garde a vue dans une gendarmerie a Izmir (ouest), ou il etait incarcere, ont annonce dans la nuit plusieurs responsables d'Amnesty sur Twitter. \"Nous avons pris un vol pour Izmir et sommes alles jusqu'a la prison dans l'espoir d'assister a la liberation de Taner avec sa famille\", a tweete Gauri van Gulik, directrice du programme Europe a Amnesty International. \"Au lieu de cela, vers minuit, Amnesty international a vu Taner etre emmene de prison a une garde a vue dans une station de gendarmerie\". Mme van Gulik, qui denonce des \"manoeuvres legales etranges visant a le maintenir derriere les barreaux\", ajoute que M. Kilic devait etre emmene devant un tribunal dans la matinee jeudi pour qu'une decision soit prise sur sa detention. M. Kilic est juge avec dix autres militants des droits de l'Homme, tous places en liberte conditionnelle, dont la directrice d'Amnesty en Turquie, Idil Eser, un ressortissant allemand, Peter Steudtner, et un activiste suedois, Ali Gharavi, accuses d'avoir aide trois \"organisations terroristes\": le mouvement du predicateur Gulen, le Parti des travailleurs du Kurdistan (PKK) et un groupuscule d'extreme gauche appele DHKP-C. Ce proces, dont la prochaine audience doit avoir lieu le 21 juin, a renforce l'inquietude quant a l'erosion des libertes en Turquie depuis la tentative de putsch, a la suite de laquelle 55.000 personnes ont ete arretees, dont des journalistes critiques et des acteurs de la societe civile. 01/02/2018 07:54:29 - Istanbul (AFP) - (c) 2018 AFP ", "theme": "monde"}