{"id_art": "8bebe3e6a6851f4de3aa26a81dc04e2d", "title": "JO: 8 Bresiliens condamnes pour \"promotion du terrorisme\"", "newspaper": "LePoint", "author": ["AFP"], "date_publi": "2017-05-04", "content": "La justice bresilienne a condamne jeudi a des peines allant jusqu'a 15 ans de prison huit personnes reconnues coupables de \"promotion d'actes terroristes\" du groupe jihadiste Etat islamique et d'avoir envisage des attaques pendant les jeux Olympiques de 2016. Il s'agit des premieres condamnations dans le cadre de la nouvelle loi antiterroriste promulguee en mars 2016 par la presidente de l'epoque, Dilma Rousseff, en vue des JO de Rio de Janeiro (sud-est). Les peines vont de cinq a 15 ans de prison ferme, a indique le tribunal de Curitiba (sud), ou l'affaire a ete jugee. Les condamnes, ages de 19 a 33 ans, peuvent faire appel. Ils etaient ecroues depuis juillet, apres un coup de filet de la police qui s'inscrivait dans le cadre de l'\"Operation Hashtag\", dont l'objectif etait de garantir la securite des JO de Rio. Selon la decision du juge Marcos Josegrei da Silva, la promotion \"d'actes terroristes\" se faisait a travers des reseaux sociaux, sur lesquels ces personnes partageaient des contenus jihadistes et communiquaient entre elles a travers des groupes fermes, du 17 mars au 21 juillet 2016. Le groupe aurait \"discute de cibles potentielles au Bresil - des etrangers pendant les jeux Olympiques, des homosexuels, des musulmans chiites ou des juifs - et d'indications pour la fabrication de bombes artisanales, l'usage d'armes blanches et l'acquisition d'armes a feu\", a-t-il souligne. Ces personnes \"exaltaient et celebraient des actes terroristes deja perpetres dans le monde entier, publiant des videos de photos d'executions publiques de l'Etat islamique et des instructions pour preter serment au leader du groupe\", a explique le juge. Dans des conversations a travers l'application Telegram interceptees par la police, les membres du groupe \"manifestaient l'idee qu'ils devaient sortir du plan virtuel pour commencer a agir dans la pratique\", et de \"profiter des jeux Olympiques\", avait explique en septembre le procureur Rafael Brum. \"S'il s'agit seulement de parler du sujet et de continuer a publier des photos de decapitations, comme dans le groupe Whatsapp, sans l'intention de realiser cela de nos propres mains, dans ce cas, dites-le moi, parce que je pars\", aurait dit un des participants, selon le procureur. Aucune preuve de l'existence d'un projet concret ou de liens effectifs avec l'EI n'a ete trouvee et par consequent les membres du groupe n'ont pas ete poursuivis pour des \"actes preparatoires de terrorisme\", a-t-il poursuivi. En revanche, \"les theses selon lesquelles les messages et les conversations n'etaient rien d'autre que l'expression d'une curiosite religieuses, de simples fanfaronnades ou des blagues\" n'ont pas ete retenues. Les jeux Olympiques de Rio se sont deroules du 5 au 21 aout sans incidents majeurs. 85.000 policiers et militaires avaient ete mobilises pour assurer leur securite. 05/05/2017 03:18:35 - Rio de Janeiro (AFP) - (c) 2017 AFP ", "theme": "monde"}