{"id_art": "fcd7959d310c1806a8021e8ef8945028", "title": "Attentats a Paris : un terroriste francais fiche depuis 2010", "newspaper": "LePoint", "author": [" Christophe Labbé, Olivia Recasens, Marc Leplongeon et Mélanie Delattre"], "date_publi": "2015-11-14", "content": " INFO LE POINT.FR. Ismael M., 30 ans, habitant de Chartres et connu des services de police, est un des auteurs presumes de la tuerie du Bataclan. Une nouvelle faille dans les services de renseignements francais ? Samedi matin, la police a identifie le corps d'un des terroristes presumes du Bataclan. Son doigt a ete sectionne, arrache a sa main, et son empreinte genetique comparee au Fnaeg (le Fichier national automatise des empreintes genetiques). L'identite de l'homme, deja connu par la police pour des delits de droit commun, est alors apparue : Ismael M., ne en novembre 1985 et originaire de Courcouronnes, dans l'Essonne. Selon nos informations, le terroriste presume etait fiche par la DCRI depuis 2010. Il faisait l'objet d'une fiche << S >>. Samedi soir, le procureur de la Republique de Paris, Francois Molins, a precise que le terroriste francais etait effectivement connu pour des delits de droit commun entre 2004 et 2010. Bien que fiche << S >>, il n'avait jamais ete implique dans une filiere terroriste ou dans un dossier d'association de malfaiteurs en lien avec une entreprise terroriste, a-t-il dit. Consultez notre dossier : Special attentats de Paris ", "theme": "societe"}