{"id_art": "0269a5c638e608681a11d9c7545ba3c9", "title": "Terrorisme : un detenu radicalise, fiche S, incarcere en detention classique", "newspaper": "LePoint", "author": ["Source AFP"], "date_publi": "2016-08-10", "content": " Ce prisonnier est soupconne d'avoir projete un attentat a Lyon. Les surveillants reclament son isolement pour eviter \"l'embrigadement\" d'autres detenus. Des surveillants de la prison de Bourg-en-Bresse (Ain) denoncent mercredi le regime de detention classique d'un prevenu radicalise, fiche S, soupconne d'avoir projete un attentat a Lyon, et reclament sa mise a l'isolement pour eviter << l'embrigadement >> d'autres detenus. Karim Bekhaled, 25 ans, incarcere jusqu'a present a la maison d'arret de Fleury-Merogis (Essonne) dans l'attente de son proces, a obtenu la semaine derniere son transferement en Rhone-Alpes pour rapprochement familial, comme le rapporte le quotidien regional Le Progres. Selon l'administration penitentiaire, le suspect etait place en detention ordinaire a Fleury-Merogis depuis septembre 2014. Il n'a ete place en quartier disciplinaire que deux semaines, apres un refus de reintegrer sa cellule en juillet dernier, et mis seulement quatre jours a l'isolement dans l'attente de son transferement. Dans l'Ain, << il a ete place mardi en cellule individuelle, mais en regime de detention classique. Il est donc parmi les autres detenus pour toutes les activites, le sport, la promenade..., avec tous les risques d'embrigadement que cela comporte >>, deplore Romain Bernier, secretaire adjoint du syndicat Ufap-Unsa a Bourg-en-Bresse. << On estime que, de par son profil dangereux, il ne devrait pas etre au contact des autres detenus >>, poursuit-il en plaidant pour << de nouvelles structures adaptees a ces individus radicalises >>. La prison de Bourg-en-Bresse comporte a ce jour un quartier d'isolement de 12 places. << C'est une situation qu'on ne peut pas gerer du point de vue de la securite, d'autant qu'il nous manque une soixantaine d'agents >> (20, selon l'administration), ajoute le representant du syndicat majoritaire dans ce centre penitentiaire qui compte quelque 700 detenus, dont plusieurs signales comme radicalises ou en voie de radicalisation. Les detenus avec ce profil << ont un suivi individualise et sont particulierement surveilles. Ils sont accompagnes par un conseiller penitentiaire d'insertion et de probation >> (CPIP), souligne un porte-parole de l'administration penitentiaire. Karim Bekhaled << a rencontre son CPIP avant-hier. Il est et restera affecte en cellule individuelle. Si son comportement s'averait proselyte, l'etablissement prendrait les mesures ad hoc et il pourrait etre place en quartier d'isolement >>, a ajoute cette source. Bourg-en-Bresse fait partie des 50 etablissements penitentiaires disposant d'une structure adaptee pour accueillir des personnes detenues radicalisees. La formation du personnel est en cours. Karim Bekhaled avait ete interpelle a Vaux-en-Velin, pres de Lyon, le 16 septembre 2014, suspecte d'avoir prepare un attentat dans la metropole lyonnaise avec son frere Reda, ancien membre du groupe Forsane Alizza (<< Les Cavaliers de la fierte >>, dissous en 2012), arrete deux jours plus tard. Trois autres freres Bekhaled - Mohamed, Farid et Rafik - avaient rejoint la Syrie en 2013. Interpol a diffuse trois mandats d'arret internationaux a leur encontre a la demande de la France. Un autre membre de la fratrie est mort en juin 2014 dans un attentat-suicide en Syrie. Le depute (LR) des Alpes-Maritimes Eric Ciotti a reclame sur son site internet << l'isolement immediat >> du suspect et la fin des procedures de transferement administratif pour les personnes suspectees de terrorisme. ", "theme": "justice"}