{"id_art": "02be52bb31f5068eb4eadf38fb29b337", "title": "En 2015, la douane a lutte contre les trafics et le terrorisme", "newspaper": "LePoint", "author": ["AFP"], "date_publi": "2016-03-17", "content": "Des saisies record de drogue ou de tabac de contrebande mais aussi des controles aux frontieres renforces et davantage d'armes a feu saisies : la douane, qui devoile ses resultats annuels jeudi, ne s'attaque plus seulement aux trafics ou a la fraude fiscale mais aussi au terrorisme. Trois jours apres les attentats du 13 novembre, Francois Hollande annoncait le recrutement d'un millier d'agents en plus en 2016 et 2017 et 45 millions d'euros de credits supplementaires pour soutenir la lutte contre le terrorisme. \"Pour la premiere fois depuis dix ans, les effectifs douaniers progressent\", s'est felicite le ministre des Finances Michel Sapin, lors de la presentation de ce bilan annuel gare du Nord, a Paris, premiere gare d'Europe. Mais pour les syndicats, les 1.000 postes annonces ne suffisent pas pour assurer leurs missions. Deplorant \"6.000 emplois\" perdus en 20 ans, une intersyndicale (CGT, Solidaires, Unsa, USD-FO) appelle a une mobilisation le 24 mars. Les nouveaux moyens doivent servir en particulier a renforcer les controles aux frontieres, qui permettent de recueillir renseignements et indices (faux-papiers, armes, documents de propagande...) voire d'interpeller des personnes en fuite. Ainsi le 16 janvier 2015, en Savoie, des douaniers arretaient deux personnes recherchees en Belgique et liees a la cellule terroriste islamiste dite de Verviers, qui tentaient de passer en Italie. Michel Sapin a souligne que \"le terrorisme international se finance de divers trafics de marchandises. On pense bien sur au petrole mais aussi aux oeuvres d'art et j'ai demande a la douane une mobilisation sans faille\". Quant au \"terrorisme +local+\", \"celui de petits groupes sur notre territoire\", il \"vit souvent de petits trafics, de commercialisation de contrefacons par exemple\", a-t-il declare. Par son controle des frontieres et sa lutte contre ces trafics, \"la douane maintient, plus que jamais, une pression forte a l'egard des organisations criminelles, et a l'egard des organisations terroristes\", a fait valoir le ministre. - Saisie record de cocaine - Autre enjeu: les armes et explosifs, acquis illegalement et dissemines sur le territoire. En 2015, 1.158 armes a feu ont ete saisies, contre 828 en 2014. Mais c'est en matiere de drogue, et en particulier de cocaine, que la douane a atteint des records en 2015: pres de 17 tonnes saisies, un volume deux fois superieur au meilleur resultat annuel jamais atteint. Ce resultat s'explique notamment par plusieurs saisies exceptionnelles: 2,4 t a bord d'un cargo intercepte en decembre au large de Boulogne-sur-mer (Pas-de-Calais), 2,25 t a bord d'un voilier aux Antilles... A chaque fois, plusieurs dizaines de millions d'euros echappent aux trafiquants. Ajoute aux autres prises de drogue, et surtout le cannabis (63 t), le volume total de stupefiants saisis atteint 88 tonnes. Second record: le tabac de contrebande, achemine par les airs, la route, la mer ou... la poste apres des achats en ligne. Au total 630 t ont ete saisies en 2015 (+50% par rapport a 2014). Pour la confederation des buralistes, \"ces resultats sont le signe d'un developpement continu du marche parallele\". Les buralistes \"appellent a la mise en place d'un grand plan national de lutte contre celui-ci\". La contrefacon aussi continue de prosperer, mettant en danger le consommateur et menacant la competitivite des entreprises et l'emploi. Sacs a main, medicaments ou jouets imitant les grandes marques... En 2015, la douane a intercepte 7,7 millions d'articles contrefaits. Autre priorite pour la douane, la fraude fiscale: 55,4 millions d'avoirs criminels ont ete saisis ou identifies. Par ailleurs, 377,4 millions d'euros de droits et taxes ont ete redresses. Le secretaire d'Etat au Budget Christian Eckert a insiste sur le travail des quelque 16.000 douaniers en matiere de fiscalite: \"nos services encaissent un peu plus de 70 milliards d'euros de droits et taxes, 70,3 milliards exactement, c'est-a-dire a peu pres autant que l'ensemble de l'impot sur le revenu que paient l'ensemble de nos concitoyens\". 17/03/2016 12:05:58 - Paris (AFP) - (c) 2016 AFP ", "theme": "societe"}