{"id_art": "64e304f88ab2d2a9237441e050e948b5", "title": "Gerard Collomb : \"Le modele francais a echoue\"", "newspaper": "LePoint", "author": ["Propos recueillis par Jérôme Cordelier, Marc Leplongeon, Stéphane Sellami, Aziz Zemouri"], "date_publi": "2017-07-02", "content": " Terrorisme, Calais, laicite, islamisme, reforme territoriale..., le ministre de l'Interieur fixe les priorites du quinquennat qui s'ouvre. Juillet sera un mois charge pour le ministre de l'Interieur Gerard Collomb, qui defend les projets de loi sur la prorogation de l'etat d'urgence, sur le renforcement de la securite interieure et la lutte contre le terrorisme, ainsi que son plan d'action sur les demandes d'asile. Sans compter la protection de nombreux evenements estivaux - dont le Tour de France, le 14 Juillet, la commemoration des attentats de Nice... Le premier policier de France, pilier du gouvernement, devoile au Point sa strategie. Le Point : Pendant la campagne, Emmanuel Macron paraissai... Deja abonne ? Pas encore abonne ? ", "theme": "politique"}