{"id_art": "00c1f70b7376c2e3131bb5977d45c67c", "title": "Terrorisme : le torchon brule entre l'Iran et les Etats-Unis", "newspaper": "LePoint", "author": ["Source AFP"], "date_publi": "2016-06-05", "content": " Teheran a rejete les accusations americaines de soutien au \"terrorisme\", pointant du doigt la politique menee par les Etats-Unis dans la region. L'Iran a rejete les accusations americaines de soutien au << terrorisme >> en affirmant que c'etait au contraire Washington qui menait une telle politique, a rapporte dimanche l'agence de presse officielle Irna. << Designe comme un sponsor du terrorisme des 1984, l'Iran a continue ses activites liees au terrorisme, y compris son soutien au Hezbollah [libanais], a des groupes terroristes palestiniens a Gaza, et a differents groupes en Irak et au Proche-Orient >>, a affirme le departement d'Etat americain dans son rapport sur le terrorisme pour l'annee 2015. Dans ce rapport, Washington reproche egalement a Teheran d'appuyer des << groupes terroristes chiites irakiens >>, notamment Kata'ib Hezbollah, ainsi que le regime du president syrien Bachar el-Assad. Le porte-parole du ministere iranien des Affaires etrangeres, Hossein Jaber Ansari, a rejete ces accusations en affirmant que c'etaient les Etats-Unis qui << soutenaient dans la pratique le renforcement de l'extremisme et le terrorisme >> dans la region, selon Irna. Les Etats-Unis << ferment egalement les yeux sur le soutien politique et financier tres large de l'Arabie saoudite et de ses autres allies a ce phenomene nefaste dans le monde >>, a ajoute Hossein Jaber Ansari. << Alors que les allies des Etats-Unis dans la region soutiennent de diverses manieres Daech [acronyme arabe pour le groupe djihadiste Etat islamique] et d'autres groupes terroristes, la Republique islamique d'Iran est au premier rang pour lutter contre le terrorisme en Irak et en Syrie >>, a-t-il ajoute. Il a egalement affirme que les Etats-Unis etaient << le principal soutien au terrorisme d'Etat >> en apportant leur appui << inconditionnel au regime sioniste >>. Puissance chiite, l'Iran soutient politiquement, financierement et militairement les gouvernements irakien et syrien aux prises avec l'EI. Teheran envoie dans ces deux pays des << conseillers militaires >> ainsi que des << volontaires >> pour lutter contre les groupes armes. Les medias iraniens ont rapporte ces derniers mois plus d'une centaine de morts iraniens en Syrie. ", "theme": "monde"}