{"id_art": "3e49bc5b326089b3539f226a52bf36ac", "title": "Apologie du terrorisme: des victimes portent plainte contre Rouillan", "newspaper": "LePoint", "author": ["AFP"], "date_publi": "2016-03-08", "content": "L'Association francaise des victimes du terrorisme (AFVT) a annonce mardi le depot d'une plainte contre le cofondateur d'Action directe, Jean-Marc Rouillan, qui a qualifie de \"courageux\" les auteurs des attentats jihadistes de novembre. L'AFVT va porter plainte pour \"apologie du terrorisme\", a-t-elle indique dans un communique. Lundi, le parquet de Paris avait ouvert une enquete preliminaire visant le cofondateur d'Action directe apres ses propos tenus dans une interview au mensuel marseillais Le Ravi de mars. \"Moi, je les ai trouves tres courageux, en fait. Ils se sont battus courageusement: ils se battent dans les rues de Paris (alors qu'ils) savent qu'il y a 2.000 ou 3.000 flics autour d'eux\", y declare Jean-Marc Rouillan. Des declarations qualifiees de \"bouillie intellectuelle\" par l'AFVT. Ces propos sont \"dans une indecence absolue a l?egard des victimes de ce massacre\", ajoute-t-elle, estimant que M. Rouillan \"se vautre(...) une fois de plus dans la violence\". Condamne pour assassinats, le cofondateur d'Action directe, organisation armee d'extreme gauche qui commettait dans les annees 1980 assassinats et attentats, est actuellement en liberte conditionnelle. Contacte lundi par l'AFP, il a dit assumer ces propos, tout en affirmant qu'il ne s'agissait \"pas d'une valorisation du tout\" des jihadistes, dont il dit ne pas partager l'ideologie. \"Ces propos sont une offense a la memoire des victimes et une blessure supplementaire pour des familles qui ont deja beaucoup endure\", avait reagi le ministre de l'Interieur Bernard Cazeneuve, lors de son audition, lundi, par la commission d'enquete parlementaire mise en place apres les attentats. 08/03/2016 12:21:25 - Paris (AFP) - (c) 2016 AFP ", "theme": "societe"}