{"id_art": "9d13a57414a0807cf3520552b62af06e", "title": "Terrorisme, islamisme et raison d'Etat", "newspaper": "LePoint", "author": [" Marc Leplongeon"], "date_publi": "2013-11-27", "content": " Djamel Beghal et Ait Ali Belkacem, deux islamistes radicaux, sont juges a Paris pour tentative d'evasion et preparation d'un acte de terrorisme. \"Djamel n'a jamais fait mystere d'etre un islamiste, un salafiste, c'est meme revendique. [...] Quand il s'enerve, il lui arrive de me traiter de mecreant. Je sais qu'il le pense et qu'il pense que vous l'etes aussi.\" La tirade est signee Berenger Tourne, avocat de l'islamiste radical Djamel Beghal, age de 45 ans. \"Je conchie personnellement son ideologie talibane, a poursuivi maitre Tourne. Il n'en reste pas moins qu'il n'a aucun projet d'attentat. Je le dis, nous sommes dans l'aberration.\" Djamel Beghal etait juge la semaine derniere devant le tribunal correctionnel de Paris, aux cotes de six autres prevenus, pour avoir prepare l'evasion d'Ait Ali Belkacem, auteur de l'attentat du RER C en 1995. Il aurait egalement, selon l'avocat general, fomente un acte de terrorisme, ce qu'il conteste vigoureusement. Deja condamne en 2005 a 10 ans de prison pour un projet d'attentat contre l'ambassade des Etats-Unis en France, l'homme etait assigne a residence dans le Cantal lorsque la police l'a interpelle. Debut 2010, apres un renseignement de la sous-direction antiterroriste de la police, Beghal, Belkacem et les autres sont mis sur ecoutes. Au telephone, leur langage est code. Les prevenus parlent de \"trucs\" et de \"vetements\" a se procurer. Evoquent des hadiths sans que l'on sache exactement a quoi cela fait allusion. S'agit-il d'armes, d'un vehicule vole ? L'enquete le laisse penser. Mais certaines interpretations se font plus audacieuses. Entre eux, Belkacem et Beghal parlent effectivement de \"mariage\" et d'actes \"pour l'honneur\". Le procureur en est convaincu : depuis les attentats de Saint-Michel, le terme \"mariage\" est utilise par les islamistes pour designer un \"attentat\". Me Holleaux, qui represente la Fenvac (Federation nationale des victimes d'attentats et d'accidents collectifs), n'a lui aussi aucun doute. Il voit dans ces conversations telephoniques de veritables \"empreintes digitales\" d'un crime a venir. Sous cet eclairage, certaines discussions font froid dans le dos. \"J'ai deux choses en tete, je pense a une des deux choses depuis tres longtemps. Je la construis pierre par pierre, tu vois ? Elle demande du temps, ce n'est pas de la rigolade, ce n'est pas pour s'amuser\", lache Beghal. \"Je sais, je sais, la chose est pour l'honneur, je te comprends\", lui repond Belkacem. La tension est totale. En mai 2010, lorsque les policiers sentent que l'evasion est imminente, ils arretent tout le monde. Grand coup de filet dans la mouvance islamiste. Quelques armes et munitions sont trouvees lors des perquisitions. Des videos religieuses, parfois des scenes d'execution, sont decouvertes sur les disques durs. Le numero de l'un se retrouve dans le portable de l'autre. Autant d'elements qui permettront peut-etre de prouver l'\"association de malfaiteurs\" et la tentative d'evasion. Mais pour le projet terroriste, les preuves restent rares. Comme souvent. Marc Trevidic, celebre juge d'instruction, a une explication qu'il relatait au Point.fr dans une interview : \"Le role du juge, c'est quoi ? Trouver les auteurs de crimes. Dans l'antiterrorisme, il faut empecher que le crime soit commis. Donc, il faut pouvoir demontrer qu'un crime allait avoir lieu. Il faut prouver que les gens qu'on arrete entendaient participer a une action terroriste, alors qu'elle n'a jamais ete commise. Nous sommes dans un moment qui se situe avant meme la tentative. Il faut comprendre qu'il n'y a pas de repentir possible pour les terroristes.\" Difficile donc de juger ces faits-la. Encore plus lorsqu'on a affaire a des hommes comme Djamel Beghal. Pour les uns, il est le visage d'al-Qaida en France. Un terroriste, un fanatique religieux, un islamiste pret a tout pour faire couronner son ideologie. Pour les autres, il est une victime des abus qui ont ete commis sur les islamistes radicaux soupconnes d'etre des terroristes. Car la condamnation de Beghal a ete tres contestee, et elle le reste. Arrete aux Emirats arabes unis le 29 juillet 2001, Beghal aurait ete, selon plusieurs journaux et associations, et notamment l'ONG britannique Cage Prisoners, torture par la police en vue de lui soutirer des informations sur al-Qaida. La DST francaise ainsi que des agences de renseignements americaines et britanniques auraient participe a ces interrogatoires plus que muscles. Lors de l'audience, la semaine derniere, maitre Tourne a cite un cable WikiLeaks qui relate une conversation entre Jean-Francois Ricard, ancien juge d'instruction, et un diplomate americain en 2005 : \"Ricard a dit que les preuves contre Djamel Beghal et ses complices, recemment condamnes pour avoir prepare un attentat a la bombe contre l'ambassade des Etats-Unis, n'auraient normalement pas suffi a le condamner, mais il pense que son bureau a reussi grace a sa reputation\", peut-on lire. Dans ce type de dossier, l'islamisme radical est-il plus important que les faits ? La raison d'Etat l'emporte-t-elle sur le pouvoir judiciaire ? Le 14 decembre 2005, la cour d'appel de Paris notait elle-meme que, s'agissant de Beghal, \"la preuve effective d'un projet d'attentat a Paris contre les interets americains, ambassade ou centre culturel, n'est pas rapportee en procedure\". Elle ajoutait que la declaration de Beghal \"faite devant les enqueteurs emiratis\" avait ete \"recue dans des conditions non conformes au respect des droits de la defense\" et ne pouvait ainsi pas \"etre retenue\". En clair : l'islamiste avait avoue sous la torture. C'est donc pour son implication \"dans la mouvance islamiste la plus radicale, celle soutenue par al-Qaida, dont les objectifs de destabilisation des regimes occidentaux soutenant les Etats-Unis et Israel sont averes\", qu'il avait ete condamne. Huit ans plus tard, alors que Beghal est a nouveau poursuivi pour \"association de malfaiteurs en vue de preparer des actes de terrorisme\", les preuves materielles ne paraissent pas plus epaisses. Il n'y a guere dans le dossier que des recettes de poison artisanal (ricine, toxine botulique...) trouvees dans la cellule de Belkacem. L'expert note ainsi que pour fabriquer une dose de cyanure mortelle a base de pommes, il faudrait 200 grammes de pepins, soit 63 kilos de pommes. \"Il vaut mieux attendre le printemps et la saison des abricots pour fabriquer du poison\", se moque Patrick Van der Meulen, l'avocat de Belkacem. \"Vous l'avez entendu, mon client voulait s'evader. Il est inevitable que toute personne qui purge une peine particulierement longue [il a ete condamne a la prison a perpetuite, NDLR] en ait envie. Pour Belkacem, ce besoin d'imaginaire s'est transforme en projet\", tonne l'avocat. Mais pour les faits de terrorisme, ce n'est \"ni justifiable ni soutenable\", ajoute-t-il. A la fin du proces, vendredi, Djamel Beghal a pris la parole : \"Je crains d'etre condamne plus pour ma religion que pour ce que je suis. Je demande donc au tribunal de ne pas me juger pour ce que je suis, mais pour ce que j'ai fait.\" Le peut-on vraiment ? Le tribunal rendra son jugement le 20 decembre, a 13 h 30. ", "theme": "societe"}