{"id_art": "7e062ea082b59fdb09211892e6f43f41", "title": "Terrorisme: Le Maire veut \"une justice d'exception\"", "newspaper": "LePoint", "author": ["AFP"], "date_publi": "2016-08-16", "content": "Bruno Le Maire, candidat a la primaire de la droite pour 2017, plaide pour une \"justice d'exception\" en matiere de terrorisme, souhaitant notamment que la \"prison preventive\" devienne \"la regle\", dans une brochure de campagne transmise mardi a l'AFP. \"Dans le cadre legal actuel, notre justice ne peut pas prevenir les actes terroristes : elle ne pourra que les condamner. Pour prevenir des actes exceptionnels, il faut une justice d'exception\", affirme M. Le Maire dans ce texte d'une vingtaine de pages, proposant \"5 reponses pour vaincre le terrorisme\". La brochure, publiee a 5.000 exemplaires, sera distribuee dans les reunions publiques de sa tournee d'ete, qui devait debuter dans la soiree a Mimizan (Landes). Cette \"justice d'exception (...) demande une modification de la Constitution : et alors ?\", demande le depute Les Republicains (LR). \"En matiere de terrorisme, la prison preventive doit devenir la regle\", assure-t-il, ajoutant: \"le maintien en detention provisoire ne doit pouvoir etre leve que par decision motivee de la chambre de l'Instruction de la Cour d'Appel\". \"Le recours aux ecoutes judiciaires doit etre facilite, et le contenu des ecoutes administratives, comme element de preuve doit etre autorise sous le controle du juge\", poursuit l'elu de l'Eure. M. Le Maire souhaite redonner a la justice \"les moyens humains, materiels et proceduraux\" necessaires et propose un \"plan de recrutement de magistrats\", une campagne de \"construction massive de prisons\", avec la creation de 10.000 places, ou encore la \"construction de centres penitentiaires reserves aux seuls prevenus et condamnes pour terrorisme\". \"Nous retablirons les peines plancher en cas de recidive (...) nous appliquerons un plancher de 7 ans fermes dans les cas de terrorisme\" et \"la double peine deviendra automatique pour les faits de terrorisme et les delits connexes : incitation a la violence ou a la haine raciale par exemple\", detaille le candidat a la primaire. Pour renforcer la securite, il faut porter \"en 10 ans le budget des armees a 2% de notre richesse nationale\", recruter des policiers et gendarmes, et faire de la direction generale de la Securite interieure (DGSI) \"le service unique en charge de la lutte contre le terrorisme\", affirme egalement M. Le Maire. Dans son programme figure aussi une reforme de \"l'ecole republicaine\", du primaire au lycee, avec notamment un enseignement primaire \"redirige vers les savoirs fondamentaux, en particulier la maitrise du francais\". 16/08/2016 17:27:30 - Paris (AFP) - (c) 2016 AFP ", "theme": "politique"}