{"id_art": "ba8c921d888db5419390ad2cc063b69b", "title": "Le pape Francois denonce la \"folie homicide\" du terrorisme jihadiste", "newspaper": "LePoint", "author": ["AFP"], "date_publi": "2017-01-09", "content": "Le pape Francois a denonce lundi dans ses voeux au corps diplomatique la \"folie homicide\" du terrorisme jihadiste, exhortant une nouvelle fois tous les responsables religieux a \"rappeler avec force qu'on ne peut jamais tuer au nom de Dieu\". Lors d'un long discours de voeux devant les ambassadeurs etrangers aupres du Saint-Siege, le pape a egalement evoque l'accueil des migrants, le desarmement, la lutte contre les changements climatiques ou encore la necessite de \"gestes courageux\" pour la paix au Venezuela, au Proche et Moyen-Orient, en Libye, au Soudan et au Soudan du Sud, en Republique centrafricaine, en Republique democratique du Congo, en Birmanie, en Ukraine et a Chypre. Evoquant les nombreux pays touches en 2016 par \"le terrorisme de matrice fondamentaliste\", le pontife argentin a denonce cette \"folie homicide qui abuse du nom de Dieu pour semer la mort\". \"Ce sont des gestes vils, qui utilisent des enfants pour tuer, comme au Nigeria. Ils visent celui qui prie, comme dans la cathedrale copte du Caire, ou simplement celui qui se promene dans les rues de la ville, comme a Nice et a Berlin, ou celui qui fete l'arrivee du Nouvel An, comme a Istanbul\", a-t-il rappele. \"Je fais donc appel a toutes les autorites religieuses afin qu'elles soient unies pour rappeler avec force qu'on ne peut jamais tuer au nom de Dieu\", a-t-il insiste. Pour le pape, le \"terrorisme fondamentaliste est un fruit d'une grave misere spirituelle, a laquelle est souvent liee aussi une grande pauvrete sociale\", et ne \"peut etre pleinement vaincu qu'avec la contribution commune des leaders religieux et politiques\". Il a ainsi appele les dirigeants a lutter par \"des politiques sociales adaptees\" pour \"eviter que se forment ces conditions qui deviennent un terrain fertile pour le deferlement des fondamentalismes\". Parallelement, le pape a de nouveau insiste sur la necessite d'offrir un \"accueil digne\" aux migrants, estimant qu'\"une veritable paix ne pourra jamais advenir tant qu'il y aura un seul etre humain viole dans son identite personnelle et reduit a etre un simple numero statistique ou un objet d'interet economique\". Le pontife argentin, qui ne cesse d'appeler le monde a batir des ponts plutot que des murs, a cependant evoque le devoir des migrants \"de respecter les lois, la culture et les traditions\" des pays qui les accueillent, et la necessite pour les autorites publiques \"d'evaluer avec sagesse et prevoyance jusqu'a quel point leur pays est en mesure d'offrir une vie decente aux migrants\". Le pape est aussi revenu sur l'Union europeenne, \"une occasion unique de stabilite, de paix et de solidarite entre les peuples\", qui fetera cette annee ses 60 ans: \"Face aux poussees qui desagregent, il est toujours plus urgent de mettre a jour l'+idee d'Europe+ pour faire naitre un nouvel humanisme base sur la capacite d'integrer, de dialoguer, de generer\". 09/01/2017 14:31:23 - Cite du Vatican (AFP) - (c) 2017 AFP ", "theme": "monde"}