{"id_art": "3147d74dcd506de44dfa802b0d2f5e69", "title": "Tuerie d'Orlando : la menace terroriste, arme de Donald Trump", "newspaper": "LePoint", "author": ["Source AFP"], "date_publi": "2016-06-13", "content": " Le candidat republicain, qui sera lundi dans le New Hampshire, prevoit de consacrer son discours au \"terrorisme, a l'immigration et a la securite nationale\". Le terrorisme, toujours le fonds de commerce de Donald Trump. Apres la tuerie d'Orlando, le candidat republicain a la Maison-Blanche semble pret a exploiter cet evenement pour se forger une image d'homme a poigne. Une strategie qui lui a profite depuis les attentats de Paris. Donald Trump a annonce qu'il consacrerait son discours prevu ce lundi a Manchester dans le New Hampshire au << terrorisme, a l'immigration et la securite nationale >>, alors qu'il avait initialement prevu d'attaquer Hillary Clinton sur ses finances. Apres les attentats de novembre a Paris (130 morts) et celui de San Bernardino en Californie (14 mors), Donald Trump avait propose d'interdire aux musulmans d'entrer aux Etats-Unis. La declaration avait coincide avec une nouvelle envolee dans les sondages, la grande majorite des sympathisants republicains soutenant l'idee. Et apres les attaques de Bruxelles (32 morts), en mars, il avait releve que le sujet du terrorisme lui tenait a coeur : << Car j'en parle plus que n'importe qui. Et c'est probablement la raison pour laquelle je suis premier dans les sondages. >> Son message anxiogene est taille sur mesure pour un electorat qui se dit << extremement >> preoccupe par le terrorisme, juste derriere l'economie, selon une enquete CNN en mai. << La question du terrorisme va dominer la campagne presidentielle dans les prochains mois >>, a declate Tim Malloy, de l'institut de sondages Quinnipiac. Le president Obama a d'ailleurs reporte son premier deplacement avec Hillary Clinton, prevu mercredi. << Mais le debat va aussi repartir sur les armes a feu : comment ce type s'est-il procure un fusil d'assaut ? >> note-t-il. Or, ce terrain est plus favorable aux democrates, la majorite des Americains etant favorables a un renforcement de la legislation. Selon Quinnipiac, l'ancienne chef de la diplomatie est percue par les Americains comme bien plus capable de gerer une crise internationale que Donald Trump (53 % contre 40 %), mais les electeurs sont moins surs quand on leur parle de terrorisme et de l'organisation Etat islamique. Sur ce sujet, il fait jeu egal dans certains sondages. Sa recette est calquee sur la strategie republicaine consistant a denoncer le laxisme suppose de Barack Obama, et a l'etriller pour son refus de parler de menace << islamiste >>, un terme que le president evite afin de ne pas stigmatiser l'islam. << Le president Obama refuse de facon ehontee de prononcer les mots islam radical. Pour cette seule raison, il devrait demissionner >>, a-t-il declare dans un communique, appelant Hillary Clinton a se retirer de la course pour les memes raisons. << Si nous ne devenons pas tres rapidement durs et intelligents, nous n'aurons bientot plus de pays >>, a-t-il dit. La fermete, selon Donald Trump, consiste a bloquer l'arrivee de refugies du Moyen-Orient, reautoriser des methodes de torture comme la simulation de noyade voire cibler les familles de suspects terroristes, comme il l'a suggere dans une interview. Il a aussi denonce le regime strict de detention d'armes en France, affirmant que les tueurs auraient fait moins de victimes si des gens avaient ete armes. Hillary Clinton reste favorite de la presidentielle, mais la crainte des democrates est qu'un evenement extraordinaire rebatte les cartes. << Tout peut arriver dans les dernieres semaines et derniers mois avant l'election >>, soulignait recemment le politologue Norman Ornstein. << S'il y avait un attentat en octobre comme a Paris ? Peut-etre que les gens ne voudront pas elire quelqu'un sans experience politique... mais peut-etre qu'ils auront envie d'un homme fort. On ne sait pas >>. Apres huit ans passes avec Bill a la Maison-Blanche, huit au Senat et quatre au departement d'Etat, Hillary Clinton a prouve ses galons de femme d'Etat. C'est l'argument qu'elle assene aux electeurs, rappelant qu'elle etait dans le secret de l'operation contre Oussama ben Laden. << Ce n'est pas de la telerealite, c'est la vraie realite >>, a-t-elle dit debut juin. << Imaginez Donald Trump dans la Situation Room >>, a-t-elle ironise, en parlant de la salle de commandement souterraine de la Maison-Blanche. Son communique reagissant au massacre d'Orlando a ete cisele pour la montrer aux faits des complexites du probleme. Mais elle a aussi insiste sur le fleau de la violence par armes a feu. << Les armes de guerre n'ont pas leur place dans nos rues >>, a-t-elle declare. Ce theme, les democrates ont clairement dit dimanche qu'ils entendaient en faire un sujet central de la campagne. ", "theme": "monde"}