{"id_art": "8a169e22ba61b45bc709516373e6a354", "title": "Terrorisme : pour leur securite, les Francais preferent la droite", "newspaper": "LePoint", "author": ["Source AFP"], "date_publi": "2016-08-09", "content": " 40 % des Francais jugent qu'une \"personnalite des Republicains\" est la plus a meme d'assurer un equilibre entre lutte contre le terrorisme et respect de la democratie Selon les Francais, la droite est plus credible que le chef de l'Etat et les autres responsables de gauche pour assurer l'equilibre entre efficacite contre le terrorisme et protection de l'Etat de droit. Un sondage Ifop decidement preoccupant pour Francois Hollande dans la perspective de l'election presidentielle. Samedi, un autre sondage montrait que les Francais n'avaient guere confiance dans la politique suivie par le gouvernement en matiere de lutte antiterroriste. Ils l'a jugeaient a la fois insuffisante et inefficace. Cette fois, a la question << parmi les personnalites suivantes, laquelle vous semble la plus capable d'assurer l'equilibre entre efficacite dans la lutte contre le terrorisme d'une part et protection de l'Etat de droit et de la democratie >> de l'autre ? 21 % des personnes interrogees citent d'abord Marine Le Pen. Elle devance Nicolas Sarkozy (17 %), Alain Juppe (15 %) et Francois Hollande, credite de 10 %, selon cette enquete pour le site Atlantico. Ce bon resultat de Marine Le Pen tient un peu du trompe-l'oeil, puisque la presidente du Front national est la seule de son parti a etre testee, alors que plusieurs candidats sont proposes pour le Parti socialiste et Les Republicains. A y regarder de plus pres, 40 % des personnes interrogees citent en premier une personnalite des Republicains, devant une personnalite du Parti socialiste (22 %) et une du FN (21 %). Alain Juppe obtient un total de citations de 32 % (1er et 2e choix), devant Marine Le Pen (30 %), Nicolas Sarkozy (29 %) et Francois Hollande (16 %). L'ecart se creuse entre le quatuor de tete et le reste de la classe politique. Jean-Luc Melenchon n'est cite en premier que par 7 % des personnes interrogees, Manuel Valls, Emmanuel Macron et Francois Bayrou le sont par 5 %, Bruno Le Maire et Francois Fillon par 4 %. Seul un gros tiers (36 %) des sympathisants socialistes fait confiance a Francois Hollande sur cette question. Et au sein de l'electorat des Republicains, un electeur sur deux (49 %) opte pour Nicolas Sarkozy, nettement devant Alain Juppe (24 %). Mais ce dernier peut trouver des renforts venus d'autres partis, 18 % des proches du PS lui faisant confiance sur ce point. Enquete realisee en ligne du 3 au 5 aout, aupres de 1 002 personnes de 18 ans et plus, selon la methode des quotas. ", "theme": "politique"}