{"id_art": "e0390436a6a6d36cb834bf4b2bf63317", "title": "Terrorisme : la loi sur la securite dans les transports toujours pas appliquee", "newspaper": "LePoint", "author": [" Le Point.fr"], "date_publi": "2016-06-28", "content": " Alors que le risque d'attentat est au plus haut, la loi amplifiant le champ d'action de la SNCF et de la RATP ne devrait etre operationnelle que fin septembre. Elle a ete adoptee le 9 mars 2016 par le Parlement puis a ete promulguee par le president de la Republique le 22 mars. Depuis, plus rien. Trois mois plus tard, la loi relative a la prevention et a la lutte contre les incivilites, contre les atteintes a la securite publique et contre les actes terroristes dans les transports collectifs de voyageurs n'a toujours pas ete appliquee, rapporte RTL. Et ce, malgre les coups de semonce du gouvernement sur une menace terroriste qui n'a jamais ete aussi importante. Ou, concernant les incivilites, alors qu'une etude de l'Observatoire national de la delinquance et des reponses penales, publiee mardi, montre que 30 % des atteintes personnelles dans les lieux publics se passent dans les transports. Dans l'arsenal legislatif dont s'est dotee la France pour lutter contre les attentats, le texte Savary - du nom de son rapporteur, le depute PS de Gironde Gilles Savary - doit amplifier le champ d'action des services de transports. La SNCF et la RATP pourront en effet solliciter des enquetes administratives concernant des recrutements sur des postes relatifs a la securite des personnes (conducteurs, aiguilleurs, securite des systemes d'information). Objectif : s'assurer qu'elles ne sont pas fichees << S >>. Les controleurs, eux, seront habilites a proceder a des fouilles de bagages, des palpations et des controles de voyageurs. Les agents de la surete ferroviaire (Suge) et ceux du Groupe de protection et de securisation des reseaux (GPSR) pourront patrouiller en civil dans les trains, les metros et les bus. Pourquoi cette loi n'a-t-elle toujours pas ete appliquee ? Difficile de se justifier alors que Manuel Valls ne cesse de repeter qu'il y aura d'autres attentats. Selon le gouvernement, cite par RTL, la lenteur de la mise en application s'expliquerait par le caractere sensible du texte Savary. Les autorites assurent neanmoins que ces mesures seront operantes a la fin du mois de septembre au plus tard. Soit, six mois apres sa promulgation. ", "theme": "societe"}