{"id_art": "a63baf53272c701a062b4be58022eeec", "title": "Mali: un soldat francais tue dans un \"accrochage avec des terroristes\"", "newspaper": "LePoint", "author": ["AFP"], "date_publi": "2017-04-06", "content": "Un soldat francais a ete tue mercredi au Mali dans \"un accrochage avec des terroristes lors d'une operation dans le sud-est de ce pays\", ont annonce jeudi la presidence et le ministere de la Defense francais. Le president de la Republique \"a appris avec une grande tristesse la mort (...) au Mali d'un caporal-chef du 6e regiment du genie d'Angers\", a declare la presidence dans un communique, le ministere precisant dans un communique separe qu'il se denommait Julien Barbe. Julien Barbe, 28 ans, etait marie et pere de deux enfants, selon le maire d'Angers, Christophe Bechu. \"Les soldats de la force Barkhane participaient depuis le 27 mars aux cotes de leurs partenaires maliens et burkinabes a une operation militaire conjointe tripartite dans la zone frontaliere situee au sud de Hombori, a 200 kilometres au sud-ouest de Gao\", a specifie le ministere. L'accrochage, a-t-il ajoute, s'est produit vers 16H30 quand \"un vehicule blinde leger engage dans cette operation a subi une attaque par un engin explosif\". L'explosion a blesse legerement deux soldats qui ont ete immediatement secourus par les equipes medicales de la Force\" puis \"le detachement de genie a ete deploye pour prendre les mesures de sauvegarde suite a l'explosion et permettre la reprise de l'operation\". Toujours selon le ministere, c'est \"pendant ce travail\" que \"le detachement a ete pris a partie par des tirs directs, touchant mortellement le caporal-chef Julien Barbe\". Francois Hollande a \"salue le sacrifice de ce soldat francais tue dans l'accomplissement de sa mission pour la defense de notre pays et la protection de nos concitoyens\", selon l'Elysee. Le President de la Republique \"exprime sa confiance et sa fierte aux militaires francais qui combattent avec courage les groupes armes terroristes au Sahel\" tout en reiterant \"le soutien de la France au Mali et a la force des Nations Unies pour la mise en oeuvre de l'accord de paix\". En des termes similaires, Francois Hollande et le ministre de la Defense Jean-Yves Le Drian ont adresse leurs condoleances a \"sa famille, ses amis et ses freres d'armes\". A la veille d'un voyage au Mali, ou il se rendra vendredi, le ministre des Affaires etrangeres Jean-Marc Ayrault a exprime jeudi son \"immense tristesse\". \"A Gao, demain, avec mon homologue allemand Sigmar Gabriel, je rendrai hommage a ce soldat qui a fait le sacrifice de sa vie dans un combat essentiel pour la paix et la securite du Mali et de toute la region et, au-dela, pour notre propre securite\", a declare le chef de la diplomatie francaise dans un communique. Claude Bartolone, president de l'Assemblee nationale, a rendu hommage a \"ce soldat francais, qui a sacrifie sa vie pour la liberte du Mali et la defense de toute la region sahelo-saharienne\". Bernard Accoyer, secretaire general des Republicains (LR) a salue \"solennellement le devouement et l'exceptionnel courage de nos militaires engages a travers le monde au service de la paix\". Cette disparition, a souligne la presidente du Parti radical de gauche, Sylvia Pinel, intervient \"alors que l'effort de cooperation de nos forces avec les armees du Burkina et du Mali est a son maximum et emporte des consequences notables pour la defense de nos pays et la protection de nos concitoyens\". La mort de ce soldat porte a 17 le nombre de militaires francais tues au Mali depuis l'intervention Serval en janvier 2013, a laquelle a succede en aout 2014 l'operation Barkhane (4.000 hommes), etendue sur cinq pays, selon un decompte de l'AFP. 06/04/2017 13:43:27 - Paris (AFP) - (c) 2017 AFP ", "theme": "societe"}