{"id_art": "d02ad84413889643cb5635ffc9bc7c69", "title": "Apologie du terrorisme : 377 000 comptes suspendus par Twitter depuis aout", "newspaper": "LePoint", "author": ["Source AFP"], "date_publi": "2017-03-22", "content": " Depuis aout, cela represente une augmentation de 60 %. La France est le deuxieme pays, apres la Turquie, a demander le plus de blocages. Il avait ete la cible de nombreuses critiques pour ses difficultes a controler les publications de son reseau. Le reseau social americain Twitter a annonce mardi qu'il avait suspendu 376 890 comptes sur les six derniers mois dans le cadre de sa lutte contre les publications faisant l'apologie du terrorisme, une augmentation de 60 % par rapport a la periode precedente. Twitter avait commence a donner ces chiffres il y a un an. En cumule, le reseau social a supprime 636 248 comptes avec de tels contenus, sur la periode allant du 1er aout 2015 au 31 decembre 2016. Les autorites francaises (police, gouvernement) ont adresse a Twitter 1 334 demandes de blocages de comptes ou de tweets au deuxieme semestre 2016, pour divers motifs, dont l'apologie du terrorisme, trois fois plus qu'au premier semestre et presque dix fois plus qu'il y a un an. La France s'est ainsi hissee au 2e rang des pays qui ont demande a Twitter le plus de blocages, apres la Turquie (2 232 demandes) et devant la Russie (519) et l'Allemagne (236). Mais Twitter n'a repondu favorablement qu'a 23 % des demandes francaises, bloquant au final 312 comptes et 335 tweets, dont l'un qui contenait une video de l'attaque du 14 juillet a Nice. Twitter a par ailleurs indique qu'il avait engage depuis 2010 un partenariat avec l'organisme de recherche americain Lumen. Selon Twitter, Lumen agit comme << tierce partie independante >> et le reseau social lui fournira, lorsqu'il n'en sera pas expressement empeche, une copie des demandes de suppression des comptes de maniere a ce que << chacun puisse voir quel type de contenu a ete retire et qui en a fait la demande >>. Twitter a toutefois indique qu'il se reservait le droit de ne pas transmettre certaines informations a Lumen telles que les adresses personnelles, les numeros de telephone pour des raisons de confidentialite et de respect de la vie privee. Le reseau social precise que les demandes d'information de la part d'autorites gouvernementales ont augmente de 7 % par rapport a la periode precedente, mais qu'elles ont porte sur moins de comptes (- 13 %). Les demandes de suppressions de compte ont augmente de 13 %, mais la encore elles ont porte sur un nombre de comptes en baisse (- 37 %). Twitter a egalement indique qu'aux Etats-Unis le FBI l'avait autorise a faire etat aux proprietaires de deux comptes de demandes de surveillance specifiques, levant le secret qui pesait sur ces requetes adressees a Twitter, sans toutefois reveler l'identite de ces comptes. Le reseau social consacre aussi dans son rapport une section devolue aux comptes de journalistes et de medias << reconnus >>, soulignant avoir recu 88 demandes de suppressions de tweets emanant de tels comptes, de la part d'autorites gouvernementales. Twitter assure ne pas avoir pris de mesures << dans la majorite des cas >>, avec toutefois des exceptions pour l'Allemagne et la Turquie, ce dernier pays representant 88 % de ce type de demandes. ", "theme": "societe"}