{"id_art": "b02b4bfc15be62743ca2a07037b29d50", "title": "Le Maire prone \"la reconquete educative\" contre le terrorisme", "newspaper": "LePoint", "author": ["AFP"], "date_publi": "2016-08-13", "content": "Bruno Le Maire, candidat a la primaire de la droite pour l'election presidentielle, prone \"la reconquete educative\" et \"le retablissement du merite\" pour lutter contre le terrorisme, dans une tribune publiee dans le Figaro de samedi. \"Comment reprendre la main ? Par la reconquete educative, qui tient en trois mots : autorite, transmission et fierte\", ecrit le depute de l'Eure (Les Republicains). \"Autorite, pour que le respect du aux enseignants ne puisse plus etre bafoue ni par les eleves ni par les parents\", souligne-t-il. La violence dans les etablissements scolaires ou les atteintes au principe de laicite doivent, selon lui, etre \"sanctionnees avec fermete\". \"Il est temps de changer de modele educatif et de reconnaitre le talent de chacun en valorisant les filieres professionnelles, les apprentis, la diversite des parcours\", poursuit Bruno Le Maire. La \"reconquete\" sera, selon lui, \"longue et difficile\" et passe par \"le retablissement du merite\", contre \"un egalitarisme qui, a force de traiter tout le monde de la meme facon, ne distingue plus personne\". Comme \"premiere reponse\" au terrorisme, l'ancien ministre reclame par ailleurs l'equipement de la police et la gendarmerie en materiels et technologies necessaires. Reponse judiciaire egalement : \"Nous ne devons plus reculer devant les modifications necessaires du droit pour prevenir les actes terroristes\". 13/08/2016 10:53:04 - Paris (AFP) - (c) 2016 AFP ", "theme": "politique"}