{"id_art": "615993c64bab05dde8d73a8bf376b56e", "title": "Attentat d'Istanbul : la traque du terroriste continue", "newspaper": "LePoint", "author": [" Baudouin Eschapasse"], "date_publi": "2017-01-09", "content": " Le tueur du Reina court toujours, mais les services de renseignements turcs pretendent en savoir long sur cet Ouzbek de 34 ans, entre dans le pays le 15 decembre. Son nom de guerre est Abou Mohammed Khorassani, mais sur son passeport figure le nom d'Abdulkadir Masharipov. Le principal suspect de la tuerie du 1er janvier a Istanbul, actuellement en cavale, est toujours activement recherche par les autorites turques. Pendant le week-end, les services de renseignements d'Ankara ont laisse filtrer quelques informations nouvelles sur cet homme de 34 ans qu'elles accusent d'avoir realise l'attaque de la boite de nuit des rives du Bosphore, au cours de laquelle 39 personnes (dont 27 etrangers) ont perdu la vie et 65 autres ont ete blessees. Cet Ouzbek serait entre sur le territoire turc le 15 decembre dernier, en passant par le poste-frontiere anatolien de Konya, mais il aurait effectue de frequents voyages sur place depuis 2011. De nouvelles videos ont ete diffusees, ces deux derniers jours. On y voit l'attaquant tenter de se cacher aupres des blesses, en attendant l'arrivee des forces de l'ordre, peu apres avoir vide six chargeurs de kalachnikov sur la foule entre 1 h 16 et 1 h 26 du matin. On y distingue nettement un blesse le repousser de sa cachette. A 1 h 27, apres s'etre debarrasse de son bonnet de lutin de pere Noel et de sa veste, le terroriste actionne, par maladresse, une grenade incapacitante. L'engin detonne dans sa main et le blesse. Sonne par l'explosion, Abdulkadir Masharipov reste quelques secondes au sol avant de se ressaisir et de fuir. Ce sont les dernieres images connues de lui. Apres avoir nie l'implication d'un de ses citoyens dans l'attaque, l'Ouzbekistan affirme aujourd'hui conduire de nombreuses actions pour demanteler les reseaux islamistes presents sur son territoire. Selon l'Agence France-Presse citant des services de securite russes, plus de 500 Ouzbeks seraient partis combattre dans les rangs de Daech. Selon les medias turcs, c'est la meme cellule, composee de djihadistes originaires d'Asie centrale, dont le Kirghizstan et l'Ouzbekistan, ainsi que la Tchetchenie et le Daghestan, qui aurait joue un role central dans l'attaque de la discotheque Reina et dans le triple attentat-suicide a l'aeroport Ataturk qui a fait 47 morts en juin. Mais aucun lien a ce stade n'est fait avec les attentats a la voiture piegee d'Izmir, le 5 janvier dernier. Cette derniere attaque etant imputee par la police turque a des Kurdes. ", "theme": "monde"}