{"id_art": "20b9d30fdd89209126dfe01d2fd22937", "title": "Peillon: Face a la menace terroriste, il faut \"plus d'Europe\"", "newspaper": "LePoint", "author": ["AFP"], "date_publi": "2016-12-21", "content": "Vincent Peillon, candidat a la primaire organisee par le PS, s'est dit mercredi en faveur de \"plus d'Europe\", pour faire face a la menace terroriste, deux jours apres l'attentat sur un marche de Noel a Berlin. \"C'est chacun de nos pays, nos modes de vie, notre democratie, qui est attaquee, mais c'est bien le mode de vie europeen. (...) Toute cette crise devrait nous amener a penser qu'il faut plus d'Europe\", a-t-il declare sur RTL, a propos de l'attentat revendique par le groupe Etat islamique, qui a fait 12 morts a Berlin lundi soir. M. Peillon, depute europeen, a critique l'argument \"fallacieux\" de l'extreme droite qui lie immigration et terrorisme et reclame la restauration des frontieres nationales. \"Quel que soit le sujet, c'est toujours l'Europe qui est responsable. L'Europe n'est evidemment pas responsable dans cette affaire\", a-t-il affirme, rappelant que la France, frappee a plusieurs reprises par des attaques terroristes, n'a pas la meme politique d'immigration que l'Allemagne. \"Par contre, cela doit nous amener evidemment a engager un certain nombre de reflexions sur l'Europe\", a-t-il ajoute, soulignant que le debat sur l'Europe avait ete \"absent\" lors de la primaire de la droite, et l'etait egalement a gauche. Reclamant des politiques europeennes de controle des frontieres, des Affaires etrangeres et de la Defense, M. Peillon a insiste sur l'importance des relations avec l'Allemagne. \"Il n'y aura pas d'Europe si on ne relance pas tres etroitement le couple franco-allemand\", a-t-il declare. \"C'est vrai pour les questions economiques et sociales, c'est vrai aussi pour cette Europe de la defense et de la securite dont nous avons besoin\", a-t-il ajoute. 21/12/2016 09:03:27 - Paris (AFP) - (c) 2016 AFP ", "theme": "politique"}