{"id_art": "ceb7e5d91e6693f91e0c493b99a23f0c", "title": "Deux Suedois condamnes a la perpetuite pour \"terrorisme\" en Syrie", "newspaper": "LePoint", "author": [""], "date_publi": "2015-12-14", "content": "Deux Suedois juges pour leur participation a l'assassinat \"bestial\" de deux civils en Syrie au printemps 2013 ont ete condamnes lundi dans leur pays a la prison a perpetuite pour \"acte de terrorisme\". Hassan Al-Mandlawi, 32 ans, et Al Amin Sultan, 30 ans, repondaient devant le tribunal de Goteborg (sud-ouest de la Suede) de complicite d'execution par egorgement et decapitation de deux personnes a Alep, la capitale economique de la Syrie, devastee par la guerre. Des videos de ces crimes etaient stockees sur une cle USB saisie au domicile du plus jeune des accuses dans une autre enquete. Les condamnes, qui s'expriment en suedois sur ces images, laissent eclater leur joie apres la decapitation d'un homme dont la tete est brandie par ses bourreaux. Sur les films, on entend un des deux hommes lancer \"a tous les infideles qui nous font la guerre (...) qu'ils subiront le meme tort\". D'apres un responsable des services de securite du royaume scandinave appele a temoigner, ces meurtres ont ete commis dans une zone industrielle du nord d'Alep entre le 27 avril et le 2 mai 2013. Malgre leurs denegations, le tribunal a souligne le role manifeste de \"commandement\" des accuses dans ces executions. Hassan Al-Mandlawi disait s'etre rendu en Syrie pour \"soutenir la population contre le regime Assad\". Il est cloue dans un fauteuil roulant, blesse par balles a la tete en Syrie d'apres l'accusation, en Turquie d'apres la defense. Il comparaissait libre mais a ete place en detention des le prononce du jugement. Selon son avocat, Lars Salkola, son invalidite etait la preuve meme de son innocence. Il met en outre en doute les conclusions des experts qui ont identifie sa voix sur les videos. L'accusation soutient qu'il se trouvait bien en Syrie a l'epoque des faits et conteste la gravite de son etat de sante. Elle invoque une video de vacances tournee en Malaisie en juin 2015 le montrant debout, dans une piscine, et capable de s'alimenter sans aide. Al Amin Sultan, arrete fin juillet, est detenu depuis. Son avocate a annonce qu'il faisait appel. Il a reconnu avoir ete en Syrie. L'enquete n'a pas permis d'etablir l'identite des victimes, tuees \"d'une maniere tres cruelle et bestiale\" selon le tribunal. Les deux condamnes sont originaires de Goteborg, la deuxieme ville de Suede, dont l'agglomeration a vu selon la police suedoise partir 120 hommes pour combattre avec l'organisation Etat islamique, ce qui en ferait l'un des principaux foyers de recrutement jihadiste en Europe. C'est la deuxieme fois que la justice suedoise condamne des personnes pour des crimes commis en Syrie. En fevrier, un opposant syrien avait ete condamne a cinq ans de prison pour avoir battu un soldat du regime qui etait pieds et poings lies. Dans la Finlande voisine, des jumeaux irakiens soupconnes d'avoir participe au massacre par le groupe Etat islamique de centaines de soldats, a Tikrit en 2014, ont ete places en detention provisoire vendredi. 14/12/2015 15:47:36 - Stockholm (AFP) - (c) 2015 AFP ", "theme": "monde"}