{"id_art": "bff4ee24c78e844263a3016323549792", "title": "Bruxelles : securite maximale au proces de Salah Abdeslam", "newspaper": "LePoint", "author": ["De notre envoyé spécial à Bruxelles, Marc Leplongeon"], "date_publi": "2018-02-05", "content": " VIDEO. Barbeles, blocs de beton, fouilles... De gros moyens sont deployes a Bruxelles pour assurer la tenue du proces du terroriste du 13 Novembre. Aucune personne - journaliste, avocat ou justiciable - n'echappe ce lundi matin aux imposants barrages de securite mis en place pour le proces de Salah Abdeslam a Bruxelles. Le terroriste du 13 Novembre, juge en Belgique pour un affrontement avec les policiers apres une rocambolesque cavale de quatre mois, comparait sous haute surveillance. Les visiteurs du jour doivent contourner l'imposant et austere palais de justice, plante au coeur de Bruxelles, pour y penetrer par la seule entree autorisee. Tous les autres axes sont fermes aux pietons et barres par des voitures de police. Des blocs de beton ont ete installes pour se premunir d'eventuelles attaques a la voiture belier et des barbeles dresses sur la place publique, rappelant le concertina des prisons (fil barbele, NDLR). Des blocs de beton ont ete installes pour se premunir d'eventuelles attaques a la voiture belier et des barbeles dresses sur la place publique, rappelant le concertina des prisons Les camions des forces de l'ordre, certains equipes d'engins deblayeurs, stationnent devant les voitures des journalistes et une foret de micros et de cameras. De longues files d'attente se forment dans le froid et au milieu des courants d'air depuis 6 heures du matin. << J'espere qu'ils vont m'attendre avant de me juger >>, s'inquiete un homme tres en retard a son audience. << Ne vous inquietez pas, ils vont attendre avant de vous condamner >>, repond une avocate dans un sourire. Les camions des forces de l'ordre stationnent devant les voitures des journalistes et une foret de micros et de cameras. Le palais de justice est survole regulierement par un helicoptere, assurent les autorites. 300 policiers ont ete mobilises, tandis que Salah Abdeslam sera transfere chaque jour depuis la France, soit par la route, soit par voie aerienne, dans le secret le plus absolu et sous haute escorte. Detenu jusqu'ici a Fleury-Merogis, le terroriste presume, qui avait renonce a mourir en kamikaze a Paris ou qui avait du renoncer en raison d'un gilet d'explosifs defaillant - cette question n'a pas ete resolue - est desormais emprisonne a Vendin-le-Viel. Aucune personne - journaliste, avocat ou justiciable - n'echappe ce lundi matin aux imposants barrages de securite mis en place pour le proces de Salah Abdeslam. Son avocat, Sven Mary, qui avait compare l'intelligence de son client a celle d'un << cendrier >>, compte aborder devant les juges les conditions de detention de Salah Abdeslam, a l'isolement total depuis son interpellation. Les audiences sont prevues les 5, 6, 8 et 9 fevrier. Seule une poignee de personnes, dont des dessinateurs de presse, ont acces a la chambre. Visiteurs comme membres du personnel de justice sont contraints de traverser un portique a rayons. Comme pour le proces de Jawad Bendaoud, logeur d'Abdelhamid Abaaoud a Saint-Denis, les journalistes suivront les debats depuis une salle de retransmission. Cela semble desormais la norme en matiere terroriste. La volonte de juger << normalement >>, c'est-a-dire comme un autre justiciable, Salah Abdeslam, se heurte aux faits dont on le soupconne : avoir ensanglante la France, avant de prendre la fuite lors d'une cavale de plusieurs mois qui se soldera par un affrontement avec la police, charges pour lesquelles on le juge cette semaine. Abdeslam avait ete arrete le 18 mars 2016. Quatre jours plus tard, les attentats de Bruxelles avaient fait 32 morts. ", "theme": "justice"}