{"id_art": "bd1e81439bc661543786ec9b1390b49f", "title": "Terrorisme : Bruno Le Maire prone la \"prison preventive\"", "newspaper": "LePoint", "author": ["Source AFP"], "date_publi": "2016-08-16", "content": " Le candidat a la primaire de la droite pour 2017 milite pour l'instauration d'une \"justice d'exception\" pour faire face au terrorisme. Bruno Le Maire continue sa campagne pour la primaire de la droite pour 2017, en proposant des mesures de lutte antiterroriste. Le candidat plaide pour une << justice d'exception >>, souhaitant notamment que la << prison preventive >> devienne << la regle >>. << Dans le cadre legal actuel, notre justice ne peut pas prevenir les actes terroristes : elle ne pourra que les condamner >>, explique-t-il dans une brochure de campagne. << Pour prevenir des actes exceptionnels, il faut une justice d'exception. >> Dans ce texte d'une vingtaine de pages, Bruno Le Maire propose donc << 5 reponses pour vaincre le terrorisme >>. Cette << justice d'exception (...) demande une modification de la Constitution : et alors >> ? demande le depute Les Republicains. << En matiere de terrorisme, la prison preventive doit devenir la regle >>, assure-t-il, ajoutant : << Le maintien en detention provisoire ne doit pouvoir etre leve que par decision motivee de la chambre de l'Instruction de la cour d'appel >>. Bruno Le Maire prone aussi << le recours aux ecoutes judiciaires [qui] doit etre facilite, et le contenu des ecoutes administratives comme element de preuve doit etre autorise sous le controle du juge >>. Bruno Le Maire promet aussi que << nous retablirons les peines plancher en cas de recidive (...) nous appliquerons un plancher de 7 ans ferme dans les cas de terrorisme >> et << la double peine deviendra automatique pour les faits de terrorisme et les delits connexes : incitation a la violence ou a la haine raciale par exemple >>. Pour mettre ces mesures en application, l'elu de l'Eure souhaite redonner a la justice << les moyens humains, materiels et proceduraux >> necessaires et propose un << plan de recrutement de magistrats >>, une campagne de << construction massive de prisons >>, avec la creation de 10 000 places, ou encore la << construction de centres penitentiaires reserves aux seuls prevenus et condamnes pour terrorisme >>. Pour renforcer la securite, il faudra aussi porter << en 10 ans le budget des armees a 2 % de notre richesse nationale >>, recruter des policiers et gendarmes, et faire de la Direction generale de la securite interieure << le service unique en charge de la lutte contre le terrorisme >>, affirme egalement Bruno Le Maire. La brochure presentant son programme sera publiee a 5 000 exemplaires et distribuee dans les reunions publiques de sa tournee d'ete, qui devait commencer dans la soiree a Mimizan. Dans son programme figure aussi une reforme de << l'ecole republicaine >>, du primaire au lycee, avec notamment un enseignement primaire << redirige vers les savoirs fondamentaux, en particulier la maitrise du francais >>. ", "theme": "politique"}