{"id_art": "1f70868ed4a9df4acea0ae6949338c85", "title": "L'Euro 2016 etait la cible des terroristes de Bruxelles", "newspaper": "LePoint", "author": [" 6Medias"], "date_publi": "2016-04-11", "content": " Mohamed Abrini, arrete vendredi, aurait confie aux enqueteurs que le but des terroristes etait l'Euro de football, prevu du 10 juin au 10 juillet en France. C'est une confidence qui fait froid dans le dos, a deux mois du debut de la competition. Selon Liberation, Mohamed Abrini, arrete vendredi en Belgique, a confie aux enqueteurs que le but initial de la cellule terroriste qui a vise Bruxelles etait de toucher l'Euro de football. \"Des confessions etonnamment claires, dont policiers et magistrats cherchent a verifier la veracite\", precise le quotidien. La competition est prevue de 10 juin au 10 juillet, en France. Mohamed Abrini est l'un des hommes suspectes d'avoir participe aux attentats de Paris et de Bruxelles. Le Belgo-Marocain de 31 ans a egalement reconnu devant les enqueteurs etre l'\"homme au chapeau\", qui apparait sur la videosurveillance de l'aeroport de Bruxelles, au cote des deux kamikazes. Il a ete inculpe pour \"assassinats terroristes\" et \"tentatives d'assassinats terroristes\", et incarcere a la prison de Forest, en banlieue de Bruxelles. Mohamed Abrini est egalement suspecte d'avoir eu un role dans les attentats du 13 novembre a Paris. Il serait le onzieme homme a avoir participe aux attaques. Il avait notamment ete identifie au cote de Salah Abdeslam, dans une station-service de l'Oise, deux jours avant les attaques menees dans la capitale francaise. Lors des attentats du 13 novembre a Paris, le Stade de France, ou se deroulait le match entre la France et l'Allemagne, avait ete cible par les terroristes. Trois kamikazes avaient declenche leurs ceintures d'explosifs autour du stade, tuant une personne et faisant plusieurs blesses graves. Pour faire face a la menace terroriste, les autorites ont realise plusieurs operations d'entrainement en conditions reelles pour se preparer a agir en cas d'attaque. ", "theme": "europe"}