{"id_art": "d69d2bb104a84b65d455f84384a9f787", "title": "Homme arrete devant le Parlement a Londres : la piste terroriste n'est pas exclue", "newspaper": "LePoint", "author": ["Source AFP"], "date_publi": "2017-06-17", "content": " Arme d'un couteau, cet homme avait ete interpelle devant le Parlement de Londres vendredi. La police s'interroge sur \"le motif terroriste\". Une arrestation qui intervient alors que le pays est endeuille par plusieurs attentats. Un homme d'une trentaine d'annees arme d'un couteau a ete arrete devant le Parlement a Londres, a indique vendredi la police de la capitale britannique, qui n'exclut pas la piste terroriste. << L'homme etait en possession d'un couteau >>, a declare Scotland Yard, en precisant que personne n'avait ete blesse. Bien que l'incident ne soit pas considere, a ce stade, comme une attaque terroriste, la police s'interrogeait toutefois sur la possibilite qu'un << motif terroriste >> ait pu amener cet homme devant le Parlement. << Etant donne le lieu, les circonstances et les recents evenements tragiques, l'unite antiterroriste de la police de Londres va enqueter sur cet incident >>, a ajoute Scotland Yard, qui avait dans un premier temps indique ne pas faire de lien avec le terrorisme. La securite autour du Parlement a ete serieusement renforcee depuis que, le 22 mars, un homme avait fonce en voiture sur la foule sur le pont de Westminster, avant de tuer a coups de couteau un policier stationne devant le Parlement. Au total cinq personnes avaient trouve la mort dans l'attaque et l'assaillant avait ete abattu. Depuis, Londres a ete frappe par un nouvel attentat. Le 3 juin, trois jeunes hommes ont percute des pietons a bord d'une camionnette sur le London Bridge, avant d'agresser des passants avec des couteaux autour du marche de Borough Market, ou ils ont ete abattus par la police. Huit personnes ont ete tuees. Et deux semaines plus tot, le 22 mai, Salman Abedi, un Britannique d'origine libyenne de 22 ans, s'etait fait exploser a la sortie d'un concert de la chanteuse americaine Ariana Grande a Manchester, dans le nord de l'Angleterre. L'attentat, revendique par le groupe Etat islamique, a fait 22 morts et des dizaines de blesses. ", "theme": "monde"}