{"id_art": "6b4a7ebc28c59b778bfc21818310dfe2", "title": "Attentat a Nice : l'application \"alerte attentat\" sur la sellette", "newspaper": "LePoint", "author": [" Emmanuel Ammar"], "date_publi": "2016-07-15", "content": " Le dispositif mis en oeuvre par le ministre de l'Interieur, cense prevenir les populations locales d'un attentat en cours, a failli. Les critiques pleuvent. Chou blanc. L'application SAIP (Systeme d'alerte et d'information aux populations) << alerte attentat >> avait ete lancee par le ministre de l'Interieur, Bernard Cazeneuve, avant l'Euro 2016 de football afin d'informer en temps reel les populations concernees de l'imminence d'une attaque. Hier, elle a tarde a fonctionner a Nice, au moment ou le camion meurtrier faisait un carnage sur la promenade des Anglais. Ce dispositif aurait du s'activer dans les quinze minutes qui ont suivi cet attentat, mais il n'en a rien ete. Sur le reseau social Twitter, les internautes ont epingle l'inefficacite et l'inutilite de ce systeme. Selon certains, l'alerte attentat, supposee prodiguer des conseils de survie en cas d'attaque, se serait declenchee deux heures apres le massacre de Nice, soit a un moment ou la France entiere etait deja informee du drame qu'elle venait de connaitre. Alerte #attentat sur #SAIP qui se declenche 2 heures apres le drame... Quel est l'utilite de l'application ?? #Nice pic.twitter.com/NU7E7oMjuo Premiere notification a 1h34, l'app #SAIP n'etait pas prete ... pic.twitter.com/W5mKutNQci Il appartiendrait en fait au prefet du departement concerne par un attentat de choisir de declencher ou non l'alerte sur les smartphones des personnes ayant telecharge l'application SAIP. On ignore encore si c'est le prefet des Alpes-Maritimes qui a decide de ne pas faire fonctionner l'alerte, ou s'il s'agit d'un dysfonctionnement. ", "theme": "societe"}