{"id_art": "fbccceea9f93e048af5f40098fa23795", "title": "Euro 2016 : future cible des terroristes de Daech ?", "newspaper": "LePoint", "author": ["Source AFP"], "date_publi": "2016-03-24", "content": " \"Pour l'Euro, on flippe vraiment tres, tres fort\", confie a l'AFP un membre des services antiterroristes qui demande a rester anonyme. Les autorites promettent une securite maximale pour l'Euro 2016 en France, mais en prive, policiers, hauts responsables et experts craignent le pire, dans la perspective d'un evenement qui representera une cible ideale pour le groupe Etat islamique. Apres les attentats du 13 novembre a Paris et du 22 mars a Bruxelles, des voix s'elevent pour affirmer qu'une manifestation d'une telle ampleur, qui va attirer des millions de personnes et la presse du monde entier du 10 juin au 10 juillet, sera quasiment impossible a proteger et offrira a tout agresseur une caisse de resonance sans pareille. << Pour l'Euro, on flippe vraiment tres, tres fort >>, confie a l'AFP un membre des services antiterroristes qui demande a rester anonyme. << J'ai participe recemment a une reunion avec des gars du comite d'organisation. Ils envisageaient un attentat, savoir si les matches pourraient reprendre le lendemain ou le jour d'apres. Je fulminais dans mon coin. J'ai pris la parole et demande : A partir de combien de morts on arrete tout ? Le pire, ce sont ces fameuses fans-zones, dit-il. Une belle anerie. Comment vous protegez ca ? D'ailleurs, nous savons que plusieurs municipalites se tatent serieusement, envisagent de les annuler. Ils ne trouvent meme pas sur le marche assez de vigiles prives. Et, de toute facon, ce ne sont pas eux qui pourront empecher quoi que ce soit. >> Les attaques de Paris contre les terrasses de restaurant ont prouve qu'en ouvrant le feu sur ce que les specialistes appellent des << cibles molles >>, rassemblements de civils pris au hasard, l'impact terrorisant etait le meme, voire superieur. Si les fans-zones, lieux clotures ou il est prevu que quelque sept millions d'amateurs de foot se rassemblent devant des ecrans geants, sont gardees, il suffira de s'en prendre a un bar bonde a cent metres de la pour symboliquement attaquer l'Euro 2016 et parvenir au meme resultat. Une source policiere contactee par l'AFP assure que << trouver la parade contre des terroristes qui peuvent attaquer a tout moment avec des kalachnikovs, c'est impossible (...). Mais on ne peut pas remettre en cause un tel evenement, meme si la menace terroriste est elevee et qu'un attentat est possible. Fermer des matches au public ou renoncer aux fans-zones ne serait pas la solution et donnerait une image deplorable de la manifestation. Nous sommes prepares a reagir en cas d'attentat, et c'est malheureusement une possibilite. >> Pour Yves Trotignon, ancien analyste antiterroriste a la DGSE, << le probleme, c'est que, symboliquement et economiquement, personne ne peut se permettre d'annuler l'Euro. Il va falloir tenir le choc. Mais tout le monde flippe, a juste raison >>. << Le premier cauchemar, ajoute-t-il, ce serait d'etre confrontes a de grosses equipes terroristes, genre Bruxelles. Ils ont tout le temps de se preparer : on connait les dates, les lieux, ils ont tout le temps de faire leurs reperages. C'est comme attaquer une banque : les gars peuvent passer des mois a etudier comment faire le coup. Le second cauchemar, ce serait l'action independante d'un type qui va agir seul. Il agit de facon autonome, au nom de la cause, sans que rien ne puisse permettre de le detecter a l'avance : pas de coup de telephone, pas de message qui passe. Imparable. >> En plus des enjeux politiques et economiques, le deroulement de l'Euro 2016 va egalement influer sur le choix de la ville-hote des Jeux olympiques de 2024, qui va etre fait en 2017. Paris est candidate, comme notamment Los Angeles. << Pour la France, comme pour tous les pays, le dossier securite est donc tres important >>, assure Pascal Boniface, amateur de football et directeur de l'Institut de relations internationales et strategiques (Iris). << Mais il faut dire la verite : le risque zero n'existe pas. Rien n'est plus facile que d'organiser un attentat. Vous protegez mille cibles, c'est la mille unieme qui va etre visee. (...) Passer en voiture et tirer sur une foule de pietons, c'est a la portee de beaucoup de monde. >> ", "theme": "societe"}