{"id_art": "faaf52c8c0df2dc9ed5216d36b4db34f", "title": "Azoulay: la Fete de la musique \"rassemble\" face au terrorisme", "newspaper": "LePoint", "author": ["AFP"], "date_publi": "2016-06-21", "content": "La Fete de la musique \"nous rassemble, alors que le terrorisme cherche a nous diviser\", a dit mardi la ministre de la Culture Audrey Azoulay, alors que l'evenement a ete revu a la baisse pour cause d'Euro et de menace terroriste. Le \"terrorisme s'est attaque a la musique, a la culture en general, au Bataclan, d'une certaine facon aussi au Pulse a Orlando\", a dit la ministre sur Europe 1. Si \"la Fete de la musique reste si forte, longtemps apres sa creation, c'est que la musique nous rassemble, alors que le terrorisme cherche a nous diviser\", a-t-elle ajoute. \"Chacun peut contribuer, participer, c'est un evenement non commercial qui nous fait du bien\". Devant la menace terroriste et les tensions sur les effectifs policiers mobilises par l'Euro, l'evenement a ete quelque peu mis en sourdine cette annee, avec notamment l'annulation d'un grand concert prevu place Denfert-Rochereau a Paris. \"Il faut faire les choses de facon responsable et ca a ete organise de la sorte avec le ministere de l'Interieur\", a explique Mme Azoulay. \"Ca pousse aussi a revenir a des formes qui sont moins des formes de grands concerts, qui d'ailleurs ne sont pas l'esprit de la Fete de la musique, et plus a des petites formes\", a-t-elle dit. \"Et c'est chacun, partout, qui peut jouer, qui peut descendre dans la rue, si la meteo le permet\". La semaine derniere, la ministre avait annonce une dotation supplementaire de 7 millions d'euros en faveur du fonds d'urgence pour le spectacle vivant mis en place apres les attentats du 13 novembre, pour soutenir le secteur en particulier a l'ouverture des festivals de l'ete. Ce fond vise notamment a renforcer la securite. 21/06/2016 10:20:00 - Paris (AFP) - (c) 2016 AFP ", "theme": "politique"}