{"id_art": "704839b22ba90057b06aa8513dd1e513", "title": "Apologie du terrorisme : 385 condamnations en 2015", "newspaper": "LePoint", "author": ["6Medias "], "date_publi": "2016-09-04", "content": " En un an, les tribunaux francais ont prononce plus d'une condamnation par jour pour des faits d'apologie du terrorisme. Un delit de plus en plus courant. C'est un triste record pour la justice francaise : 385 personnes ont ete condamnees pour apologie du terrorisme en 2015. C'est plus d'une personne par jour et cela ne devrait pas s'arranger a en croire le Journal du dimanche, qui a consacre une enquete a cette situation inedite dans les tribunaux francais. Car jusqu'a present, les condamnations de ce genre etaient rares. Comme le rappelle notre confrere Stephane Joahny, l'apologie du terrorisme etait cantonnee aux delits de presse jusqu'a son inscription au Code penal en novembre 2014 quelques semaines avant les attentats de Charlie Hebdo. L'annee precedant cet attentat, la justice n'avait meme pas sanctionne une dizaine de personnes, mais en 2015, l'actualite marquee par le terrorisme et l'etat d'urgence ont fait se multiplier les dossiers sur le bureau des juges. \"Il y a d'abord eu un focus sur l'apologie juste apres les attentats de Charlie et de l'Hyper Cacher\", rappelle un policier specialise. \"Puis la lutte contre la radicalisation, notamment en prison, et la prolongation de l'etat d'urgence (...) ont encore renforce ce phenomene. D'ou la multiplication des procedures. Et comme les procureurs suivent, 95 % des mis en cause sont deferes et sont juges avec des peines importantes jusqu'a quatre ans.\"Car l'article 421-2-5 du Code penal prevoir des sanctions exemplaires : 5 ans d'emprisonnement et 75 000 euros. Et si les faits reproches ont ete commis sur un service de communication publique en ligne la peine est d'autant plus lourde. La loi prevoit en effet une amende de 100 000 euros et jusqu'a 7 ans d'emprisonnement dans ces cas-la. Et ils sont nombreux. D'apres le JDD, les cas d'apologie du terrorisme ont represente 30 000 des 188 000 signalements recenses par la sous-direction de lutte contre la cybercriminalite en 2015. D'apres les chiffres du ministere de l'Interieur, 4 800 comptes Twitter ont egalement ete bloques ou dereferences pour des faits similaires. Derriere ses chiffres se cachent une pluralite de profils. \"On rencontre de tout\", assure le policier, des hommes, des femmes, des convertis, des binationaux, des etrangers, des jeunes en recherche d'ideal, des proches de gens partis en Syrie, des fiches S, beaucoup de personnes fragiles psychologiquement aussi et des profils franchement inquietants...\" Ainsi, les tribunaux peuvent aussi bien juger un SDF qui, sous l'effet de l'alcool, a approuve l'attentat de Nice et parle de \"retourner en Syrie ou il a des contacts\", ou un jeune garcon de Lunel qui partage les photos de son frere djihadiste, armes a la main, decede en Syrie, ou encore d'une Franco-tunisienne, fichee S et amatrice de videos d'executions, qu'elle conserve dans un ordinateur bloque par le mot de passe : \"djihad 11/09/2001\". ", "theme": "justice"}