{"id_art": "ae52d622b7b6a89e6abbbc61a0a1728a", "title": "Nouveau coup contre l'arsenal securitaire antiterroriste", "newspaper": "LePoint", "author": [" Marc Leplongeon"], "date_publi": "2017-04-07", "content": " Apres la consultation habituelle de sites djihadistes, le delit d'entreprise terroriste individuelle a ete partiellement censure par le Conseil constitutionnel. Particulierement flou, le delit d'entreprise terroriste individuelle etait critique par les defenseurs des droits de l'homme, depuis son introduction dans notre droit par une loi de novembre 2014. Vendredi matin, le Conseil constitutionnel l'a censure partiellement et quasiment vide de sa substance. Deux mois apres la censure du delit de consultation \"habituelle\" des sites terroristes, il s'agit d'un nouveau camouflet pour nos parlementaires, mais egalement pour Jean-Jacques Urvoas, inspirateur du texte. Explications. Pour pouvoir condamner une personne sur la base de ce fondement, passible de dix ans d'emprisonnement, un juge devait verifier que deux conditions etaient reunies : En 2016, Me Michael Bendavid, soutenu par Francois Sureau et la Ligue des droits de l'homme (LDH), depose au nom de son client, Amadou S., une question prioritaire de constitutionnalite (QPC). Amadou S. est poursuivi pour avoir abandonne, dans le logement social duquel il a ete expulse, des bouts de papier portant d'inquietantes inscriptions : \"TNT\", \"poudre d'aluminium\", \"peroxyde d'acetone\". La police est avertie par le bailleur de cette etrange decouverte et les enqueteurs mettent la main sur plusieurs bouteilles d'eau vides scotchees trois par trois, precise France Inter. Amadou affirme qu'il ne s'agit que d'alteres artisanaux mais les policiers restent dubitatifs. Il est place en garde a vue puis envoye en detention provisoire. En fouillant dans son historique de navigation, les enqueteurs s'apercoivent que le jeune homme a fait des recherches sur la fabrication d'explosifs, Ben Laden ou encore Mohamed Merah. Amadou S. semble egalement s'etre interesse a plusieurs institutions, comme l'Assemblee nationale ou le Senat. Rien n'atteste cependant d'un projet d'attentat. Amadou beneficie d'un non-lieu, aussitot frappe d'appel par le parquet. Me Bendavid decide alors de deposer une question prioritaire de constitutionnalite (QPC). Jugee serieuse, elle a ete transmise au Conseil constitutionnel par la Cour de cassation le 30 janvier dernier. Vendredi matin, victoire pour l'avocat : les sages de la rue de Montpensier ont juge le texte trop imprecis. Le fait de << rechercher (...) des objets ou des substances de nature a creer un danger pour autrui >> ne peut suffire a caracteriser la << volonte de preparer >> l'infraction, ecrivent-ils. Pour Me Bendavid, << le Conseil constitutionnel emet une autre reserve. Il indique que l'intention (de commettre une action terroriste, NDLR) ne peut resulter de la simple caracterisation des faits materiels. La question qui se pose est donc de savoir : comment les juges vont faire pour sonder l'esprit d'un homme qui n'a pas exteriorise sa volonte ? >> Et l'avocat d'ajouter : << Si on veut etre optimiste, le Conseil constitutionnel a quasiment vide le texte de sa substance. Selon moi, la seule hypothese qui pourrait emporter condamnation, c'est si un suspect confesse son projet terroriste ou en a laisse une trace. Il faudra faire attention aux interpretations qui vont etre faites, notamment par les policiers. >> .@Conseil_constit A noter : Le @Conseil_constit insiste sur la preuve de l'intention #terroriste avec une importante reserve d'interpretation #LT pic.twitter.com/pRH9obyqz3 Depuis la creation du delit, selon des informations communiquees par le parquet antiterroriste, six procedures pour entreprise terroriste individuelle ont ete recensees. Et seule une condamnation aurait ete prononcee en mars 2017 a l'encontre d'un adolescent qui avait attaque a la machette un enseignant juif a Marseille, lequel s'etait protege des coups grace a son exemplaire de la Torah qu'il tenait a la main. Le delit a donc essentiellement une portee symbolique, les juges preferant poursuivre les djihadistes sous l'infraction beaucoup plus large d'association de malfaiteurs en relation avec une entreprise terroriste (AMT). La censure partielle du Conseil constitutionnel est cependant un avertissement au legislateur, dont le travail a consiste ces dernieres annees a mettre au point des infractions visant a prevenir des actes plutot qu'a les reprimer. Une forme de justice predictive tres critiquee, mais que l'executif estime indispensable dans un contexte de menace terroriste extremement eleve. ", "theme": "societe"}