{"id_art": "6b9a34877b1881918ef7d308d100eb5f", "title": "Le groupe de Tarnac sera bien juge, mais pas pour terrorisme", "newspaper": "LePoint", "author": ["Source AFP"], "date_publi": "2016-06-28", "content": " La cour d'appel confirme la decision des juges d'instruction, qui avaient ecarte toute dimension terroriste aux faits reproches, a savoir le sabotage de ligne TGV. La cour d'appel de Paris a confirme mardi le renvoi en proces de Julien Coupat et de Yildune Levy pour un sabotage de ligne TGV en 2008, mais en estimant que les faits reproches aux membres du groupe de Tarnac ne sont pas terroristes, ont annonce leurs avocats. La cour d'appel a confirme la decision des juges d'instruction qui avaient renvoye les huit membres du groupe en correctionnelle en ecartant toute dimension terroriste aux delits, ont precise les avocats. Le parquet de Paris avait fait appel pour demander un proces terroriste. \"C'est un desaveu total pour le parquet, qui s'acharnait a nous dire que la France a ete terrorisee par un livre (L'insurrection qui vient, NDLR) et des retards de train\", s'est felicitee Me Marie Dose, l'avocate d'Yildune Levy. << Une page se tourne. La prochaine, c'est d'obtenir la relaxe au tribunal >>, a-t-elle ajoute, rappelant que tous les futurs prevenus nient les faits. Apres sept ans d'enquete et de polemiques, les juges d'instruction avaient ordonne a l'ete 2015 un proces pour huit membres du groupe, dont deux, Julien Coupat et son ex-epouse Yildune Levy, pour des degradations commises sur des lignes TGV dans la nuit du 7 au 8 novembre 2008 a Dhuisy et (Seine-et-Marne) et association de malfaiteurs. Les six autres sont renvoyes pour faux, refus de prelevement d'ADN ou association de malfaiteurs pour deux d'entre eux. Les juges avaient aussi ordonne un non-lieu pur et simple pour des degradations commises contre la voie TGV a Vigny (Meurthe-et-Moselle) entre le 25 et le 26 octobre 2008, reprochees a Julien Coupat et a une autre femme. Sur plusieurs degradations suspectes a la meme periode, seule celle de Dhuisy a fait l'objet d'un renvoi en proces. Ce renvoi en correctionnelle a minima etait apparu tres eloigne de l'ampleur donnee aux faits a l'epoque par les autorites et la justice, lors des premieres interpellations, le 10 novembre 2008, au sortir d'un week-end marque par plusieurs incidents sur les lignes TGV qui avaient cause de nombreux retards pour des milliers de passagers. Pour affirmer le caractere terroriste des faits, le parquet de Paris s'appuie sur le fameux pamphlet signe par le Comite invisible, << L'Insurrection qui vient >>, qu'il attribue a Julien Coupat, lequel nie en etre l'auteur. Un texte qui ne laisserait << aucun doute quant a la finalite de renverser par la violence l'Etat et detruire la societe occidentale actuelle >>, estimait le parquet dans ses requisitions, qui n'ont pas ete suivies. Le parquet general de Paris et les parties ont maintenant cinq jours pour eventuellement contester cette decision devant la Cour de cassation. ", "theme": "justice"}