{"id_art": "8a5b6dc0c662d608de58352b87fb74a9", "title": "Terrorisme: les Francais font plus confiance aux forces de securite qu'au gouvernement", "newspaper": "LePoint", "author": ["AFP"], "date_publi": "2016-08-01", "content": "La confiance des Francais dans Francois Hollande et son gouvernement en matiere de lutte contre le terrorisme est a nouveau en baisse apres les attentats de Nice et Saint-Etienne-du-Rouvray, selon un sondage Ifop diffuse lundi. 41% (+5) des personnes interrogees n'ont \"pas du tout confiance\" dans le chef de l'Etat et son gouvernement, et 30% (-1) n'ont \"plutot pas confiance\". Au total, ce sont donc 71% (+4) des Francais interroges qui sont sceptiques quant a l'action de l'executif contre le terrorisme, un pourcentage en hausse apres l'assassinat d'un pretre par deux jihadistes le 26 juillet a Saint-Etienne-du-Rouvray. Ils etaient deja 67% apres l'attentat de Nice, selon cette enquete realisee pour le site d'information Atlantico. Alors que la securite et la lutte contre le terrorisme constituent desormais l'enjeu numero un pour les Francais -cite en premier par 58% d'entre eux, loin devant le chomage, 17%-, une plus grande confiance est accordee aux forces de securite (police et gendarmerie) et aux services de renseignement qu'a l'executif. Les forces de securite recoltent 80% de confiance aupres des sondes apres les attentats de Nice et de Saint-Etienne-du-Rouvray, un pourcentage en retrait toutefois (-4) par rapport a la mi-juillet. 52% (-10) des Francais interroges se disent \"plutot confiants\" envers les acteurs de securite et 28% (-6) \"tout a fait\" confiants. La confiance dans la police, gendarmerie et services de renseignement est partagee a gauche comme a droite. 84% des partisans de droite et 81% de ceux de gauche s'accordent sur ce point. Enquete realisee en ligne du 27 au 29 juillet aupres de 1.012 personnes de 18 ans et plus, selon la methode des quotas. 01/08/2016 12:06:26 - Paris (AFP) - (c) 2016 AFP ", "theme": "politique"}