{"id_art": "3aae874726e146cd3cafa7b004c100f0", "title": "Prison : comment Urvoas a cree son propre service de renseignements", "newspaper": "LePoint", "author": [" Marc Leplongeon"], "date_publi": "2017-04-25", "content": " Criminalite organisee, terrorisme islamiste, prises d'otages, evasions, etc. Le tout jeune renseignement penitentiaire se developpe a marche forcee. C'est un dedale de couloirs et de bureaux desincarnes, de murs vierges et de moquette grise, foulee par les seules personnes habilitees << secret de la defense nationale >>. C'est ici, un etage parmi d'autres du batiment Olympe de Gouges, une annexe du ministere de la Justice installee au fin fond du 19e arrondissement de Paris, que s'ecrit une nouvelle page du renseignement francais. Vendredi 21 avril, quinze mois apres son arrivee a la chancellerie et quelques semaines avant la fin de son exercice du pouvoir, Jean-Jacques Urvoas a reussi le tour de force d'inaugurer le Bureau central du ren... Deja abonne ? Pas encore abonne ? ", "theme": "societe"}