{"id_art": "c0dd48c84ff63e6a1caa0cbdb191a55f", "title": "Pere Hamel : les terroristes \"ont echoue a exacerber la peur des Francais\"", "newspaper": "LePoint", "author": ["Source AFP"], "date_publi": "2017-07-26", "content": " Emmanuel Macron a pris la parole lors de la ceremonie d'hommage, un an apres l'assassinat du pere Jacques Hamel dans son eglise de Saint-Etienne-du-Rouvray. Un an apres son assassinat dans son eglise de Saint-Etienne-du-Rouvray, la France rend hommage ce mercredi 26 juillet au pere Jacques Hamel, egorge par deux djihadistes. La messe a commence en presence du president Emmanuel Macron. L'office preside par l'archeveque de Rouen Dominique Lebrun a debute par un long silence a 9 heures precises, heure a laquelle le pretre avait commence a celebrer sa messe il y a un an, devant cinq personnes. << Aujourd'hui, nous faisons memoire d'un pere qui continue de veiller sur nous >>, a declare le prelat au debut de la ceremonie. << Non, la haine n'a pas triomphe et elle ne triomphera pas >>, a-t-il poursuivi, en allusion aux actes des deux djihadistes qui ont assassine le pretre. Dans des conditions tres strictes de securite, le president Macron est arrive juste avant la messe et est immediatement entre dans l'eglise. Il avait ete precede par le Premier ministre Edouard Philippe et le ministre de l'Interieur Gerard Collomb. A l'issue de la ceremonie, il est prevu a 10 h 15, a l'exterieur de l'eglise, le devoilement d'une << stele republicaine pour la paix et la fraternite >> en memoire du pere Jacques Hamel. Les assassins du pere Hamel ont << echoue >> a << exacerber la peur des Francais >> et << la soif de represailles >>, a ainsi affirme le president. << La Republique n'a pas a combattre une religion ni a vouloir se substituer a elle >>, a-t-il ajoute. Mais << chaque religion, dont les responsables sont ici presents, a a mener sa part de combat pour que jamais la haine, le repli, la reduction de ce que nous sommes ne puissent triompher >>, a-t-il souligne. La solidarite exprimee apres cet attentat jihadiste a rappele << a tous les Francais que la Republique n'est pas le regne du relativisme >>, a encore declare le chef de l'Etat. << Au coeur de nos lois et de nos codes forges par l'histoire, il est une part qui ne se negocie pas, une part sur laquelle on ne porte pas la main, une part, j'ose le mot, sacree. Cette part, c'est la vie d'autrui >>, a insiste Emmanuel Macron. << Elle est la, la force de notre nation, dans cette capacite a entendre et faire siennes les paroles de fraternite et de charite que l'Eglise de France prononca voici un an, dans cette capacite a reunir autour du corps supplicie d'un pretre, l'imam, le pasteur et le rabbin >>, a termine le chef de l'Etat. Si le bilan humain n'est en rien comparable a celui de la promenade des Anglais, l'attentat de Saint-Etienne-du-Rouvray, hautement symbolique d'un point de vue religieux, a eu un retentissement enorme. << On sent que la blessure etait tres profonde et elle est encore vive >>, a temoigne Auguste Moanda-Phuati. L'attentat a eu lieu alors que le pretre Jacques Hamel, 85 ans, unanimement decrit comme simple, devoue et discret, venait d'achever sa messe matinale devant cinq personnes, trois religieuses et un couple de paroissiens. Le pretre a ete tue de deux coups de couteau a la gorge. Le paroissien, Guy Coponet, 87 ans, a ete egalement frappe a l'arme blanche, mais a survecu. Son epouse et les trois religieuses ont ete epargnees. Les assassins, qui se reclamaient de l'organisation Etat islamique, Adel Kermiche et Abdel Malik Petitjean, 19 ans, tous deux fiches S, ont ete abattus par les forces de l'ordre a leur sortie de l'eglise. Deux hommes ont ete ecroues dans cette affaire : un cousin de Petitjean, age de 31 ans, dont les enqueteurs ont la conviction qu'il connaissait son projet, et un homme de 22 ans, originaire de la banlieue toulousaine, qui a rejoint Petitjean et Kermiche a Saint-Etienne-du-Rouvray, mais les a quittes sans participer a l'attaque. Anouar Kbibech, president du Conseil francais du culte musulman (CFCM) jusqu'a la fin juin, est attendu mercredi a la ceremonie, signe que les relations sont restees tres fortes entre catholiques et musulmans. << L'attentat, c'etait probablement pour monter les religions les unes contre les autres. C'est un echec total >>, a declare le pere Moanda. Ainsi le dimanche suivant l'attaque, des centaines de musulmans etaient alles prier dans les eglises de France aux cotes des catholiques en signe de << solidarite >>. De la meme facon, le recteur de la Grande Mosquee de Paris, Dalil Boubakeur, a appele mardi dans un communique << tous les musulmans de France a s'associer >> a l'hommage au pere Hamel. La journee d'hommage a Saint-Etienne-du-Rouvray doit se terminer par des vepres et une priere sur la tombe du pretre a 18 heures a Bonsecours, sur les hauteurs de Rouen. Il y aura aussi une messe a 18 h 15 a Paris, en l'eglise Notre-Dame. Jacques Hamel devrait etre beatifie par le Vatican, en tant que martyr, par une procedure acceleree. Le pape Francois a en effet demande que le delai de cinq ans impose entre la mort et le debut du proces en beatification ne soit pas applique dans son cas. ", "theme": "societe"}