{"id_art": "3232080c531b1a6c3b135aa99a51cced", "title": "Saint-Etienne-du-Rouvray : les terroristes \"se sont enregistres\"", "newspaper": "LePoint", "author": [" Le Point.fr"], "date_publi": "2016-07-26", "content": " VIDEO. Soeur Daniele assistait a la messe celebree par le pere Jacques Hamel lorsque les deux assaillants ont penetre dans l'eglise. Elle raconte \"l'horreur\". TEMOIGNAGE FRANCE 2. Saint-Etienne-Du-Rouvray : \"Quand je les ai vus entrer, je me suis dit 'c'est fini'\" raconte soeur Daniele << C'est une horreur. >> Soeur Daniele etait presente ce mardi 26 juillet dans l'eglise de Saint-Etienne-du-Rouvray, dans l'agglomeration de Rouen, quand deux individus armes de couteaux ont fait irruption pendant la messe matinale celebree par le pere Jacques Hamel. La religieuse a livre son temoignage devant la camera de France 2 et au micro de RMC. Toutes nos informations sur l'attaque dans notre direct. La soeur affirme que les deux djihadistes, qui ont ete abattus par la police devant l'eglise, se sont enregistres. << En plus, c'etait enregistre, ils se sont enregistres ! Il a fait comme un sermon autour de l'autel, en arabe >>, raconte-t-elle. << Tout le monde criait mais arretez, vous ne vous rendez pas compte de ce que vous faites >>, explique soeur Daniele. La religieuse raconte comment les deux djihadistes, qui se sont revendiques de l'Etat islamique, ont force le pretre, octogenaire, a << se mettre a genoux >>. << Lui, il a voulu se defendre et c'est la que le drame a commence >>, a-t-elle dit. La soeur n'a pas assiste a l'assassinat du pere Jacques Hamel. << J'ai pris la fuite, je suis sortie vite. Et il etait occupe a lui envoyer le couteau, donc il ne m'a pas vue sortir. >> C'est elle qui a donne l'alerte en arretant un automobiliste. La religieuse a tenu a rendre hommage au cure. << Faut reconnaitre que c'etait un pretre extraordinaire. C'est un grand, il est le grand le pere Jacques >>, a-t-elle dit. LIRE aussi notre portrait du pere Jacques Hamel. ", "theme": "societe"}