{"id_art": "0d4547c34d11e3487aa9bdb304244aae", "title": "Menace terroriste : le Senat approuve le projet de reforme penale", "newspaper": "LePoint", "author": ["Source AFP"], "date_publi": "2016-04-05", "content": " Le Senat a adopte, a une ecrasante majorite, le projet de reforme penale post-attentats prevu pour prendre le relais de l'Etat d'urgence. Moins d'une semaine apres le retrait par Francois Hollande de la reforme constitutionnelle qu'il avait annoncee apres les attentats de novembre, le Senat a massivement adopte mardi, apres l'avoir renforce, le projet de reforme penale prevu pour prendre le relais de l'etat d'urgence. Les senateurs ont vote par 299 voix contre 29 le texte qui doit faire a present l'objet d'une commission mixte paritaire (7 deputes et 7 senateurs) chargee de trouver une version commune aux deux chambres. A l'Assemblee, il avait ete adopte par 474 voix contre 32, et 32 abstentions. Les senateurs communistes, les ecologistes et un RDSE (a majorite PRG), Pierre-Yves Collombat, ont vote contre. Quatre socialistes, un centriste, un Les Republicains (LR) et 10 RDSE se sont abstenus. << Le Senat a contribue a rendre le texte plus severe et plus efficace dans le respect de l'Etat de droit >>, s'est felicite le president du groupe LR Bruno Retailleau. << Le Senat a marque de son empreinte ce texte >>, a estime de son cote le chef de file centriste Francois Zocchetto. << Nous nous sommes efforces de renforcer la sauvegarde des libertes individuelles et l'efficacite de la lutte contre le terrorisme. Il en ressort un texte plus equilibre, plus precis, en un mot : meilleur. >> << La periode n'est pas a la surenchere securitaire et demagogique, mais a la reflexion et a l'apaisement >>, a plaide Cecile Cukierman (Communiste, republicain et citoyen, CRC). << Ne tombons pas dans le piege des obscurantistes, c'est la liberte et le combat social qui permettront a la Republique de triompher. >> << Le groupe ecologiste ne votera pas ce texte, pas plus qu'il n'a vote les precedents, meme s'il reconnait que certaines dispositions sont pertinentes >>, a lance en son nom Esther Benbassa. << Ce n'est ni par laxisme ni par naivete, mais avec la conviction profonde que nombre des dispositions qu'il contient constituent une atteinte grave a nos libertes et a nos droits fondamentaux. >> << Meme si tous les articles ne repondent pas a nos souhaits, j'invite a voter ce texte >>, a dit Jacques Bigot (PS). << Les valeurs de la Republique sont notre socle intangible et nous devons nous donner les moyens pour faire face au terrorisme. >> Le projet de loi entend << renforcer >> les outils a disposition des autorites administratives et judiciaires, pour accroitre l'efficacite de la lutte contre la criminalite organisee et le terrorisme et augmenter les garanties au cours de la procedure penale. Il integre plusieurs dispositions de la proposition de loi destinee a renforcer l'efficacite de la lutte antiterroriste adoptee au Senat en fevrier, notamment la possibilite de recourir aux perquisitions de nuit lors des enquetes preliminaires et la possibilite de condamner les terroristes a la perpetuite reelle. La commission des Lois du Senat a repris d'autres dispositions de ce texte, comme l'organisation d'un regime plus rigoureux d'execution des peines pour les detenus terroristes, la creation d'une circonstance aggravante permettant de criminaliser certains delits d'association de malfaiteurs en relation avec une entreprise terroriste, la possibilite de saisie des correspondances electroniques et la creation d'une juridiction parisienne specialisee en matiere de cybercriminalite. En seance, le Senat a cree de nouveaux delits, comme la consultation habituelle de sites terroristes ainsi que le sejour intentionnel sur un theatre etranger d'operations terroristes. Il a aussi encadre les conditions d'execution et d'amenagement des peines des condamnes pour actes de terrorisme, dont celle de perpetuite reelle. Les senateurs ont par ailleurs prevu une irresponsabilite penale des forces de l'ordre faisant usage de leur arme pour empecher un ou plusieurs meurtres. Ils ont renforce la lutte contre le blanchiment d'argent et le financement du terrorisme, notamment en interdisant le paiement par cartes monetaires rechargeables quand elles ne peuvent etre rattachees a un utilisateur identifiable. Le Senat a aussi adopte une serie d'amendements de Leila Aichi (ecologiste) visant a doubler les peines prevues en cas de prise illegale d'interet, de trafic d'influence et de corruption lorsqu'ils concernent la sante publique. Cette initiative fait suite au faux temoignage d'un pneumologue, Michel Aubier, devant la commission d'enquete sur le cout economique et financier de la pollution de l'air. ", "theme": "politique"}