{"id_art": "e45fe90ab47153f825f53dd436760b80", "title": "Marseille : pas de liens entre le tireur et des groupes terroristes, affirme Tunis", "newspaper": "LePoint", "author": ["Source AFP"], "date_publi": "2017-10-05", "content": " Selon le Premier ministre tunisien Youssef Chahed, l'enquete n'a pour l'instant pas mis en evidence de liens avec des groupes terroristes ou Daech en Tunisie. Jeudi, le Premier ministre Youssef Chahed a indique que l'enquete sur Ahmed Hanachi, le ressortissant tunisien ayant tue deux jeunes cousines a Marseille ce dimanche, n'avait jusque-la pas mis en evidence de liens avec des groupes << terroristes >> en Tunisie. << L'enquete est en cours, nous n'avons pas vraiment de liens aujourd'hui ou de preuves qui prouvent l'attachement, quand cette personne etait en Tunisie, avec des groupes terroristes ou Daech >> (acronyme arabe de l'organisation Etat islamique), a-t-il indique a la presse a l'issue d'une rencontre avec son homologue francais Edouard Philippe. Il etait interroge, a l'issue d'une rencontre avec son homologue francais Edouard Philippe, sur l'attaque au couteau devant la gare Saint-Charles a Marseille, revendiquee par l'EI peu apres les faits. Cette revendication a aussitot pose question. << Nous avons ete aussi choques en Tunisie puisque nous-memes avons ete victimes de trois attentats terroristes en 2015 >>, a encore reagi Youssef Chahed, qui se referait aux trois attaques djihadistes ayant fait 72 morts cette annee-la dans le pays. LIRE aussi Marseille, le terroriste qui n'aurait pas du etre la En Tunisie, des proches d'Ahmed Hanachi, 29 ans, avaient indique mercredi qu'ils peinaient a comprendre ce qui avait pu pousser a l'acte celui qu'il decrivent comme un consommateur de drogue perdu, mais pas radicalise. Selon son pere Noureddine, le jeune homme avait quitte la Tunisie a l'age de 17 ans, mais revenait ponctuellement d'Europe retrouver sa famille dans la region de Bizerte (Nord). ", "theme": "justice"}