{"id_art": "c388d13ff1e03f4eed2759e0369ea34c", "title": "Un Nicois de 19 ans condamne a 3 ans de prison pour apologie du terrorisme", "newspaper": "LePoint", "author": ["Source AFP"], "date_publi": "2016-08-23", "content": " Issu d'une famille de temoins de Jehovah, le jeune homme etait sous surveillance depuis 2015 et son passeport avait ete confisque. La sanction est lourde. Un jeune Nicois de 19 ans converti a l'islam et surveille pour sa frequentation assidue de sites djihadistes a ete condamne a trois ans de prison pour apologie du terrorisme et immediatement ecroue a Nice, selon le jugement consulte mardi. La condamnation revelee par Nice Matin est assortie d'une obligation de suivi socio-judiciaire pendant cinq ans. Le jeune garcon, Sebastien J., est issu d'une famille de temoins de Jehovah. Titulaire d'un bac technique, il cherchait du travail apres une formation de cariste et habitait chez ses parents ou il a ete interpelle la semaine derniere, avant un jugement en comparution immediate vendredi pour << provocation directe a un acte de terrorisme >> par Internet. Il a aussi ete condamne pour << consultation habituelle d'un service de communication au public en ligne mettant a disposition des images et messages provoquant a de tels actes ou en faisant l'apologie >>, une nouvelle infraction integree au Code penal francais en juillet. Sous surveillance depuis 2015, son passeport avait ete confisque. Il s'etait converti a l'islam il y a environ quatre ans, selon une source proche du dossier. Sur son telephone portable, on a retrouve ses fichiers telecharges, ses discussions sur des forums ou il tenait des propos tres inquietants et des photos << a vomir >>, selon cette source. << Il se felicitait notamment de l'assassinat des policiers de Magnanville (en juin, NDLR) [...] s'interessait aux gens qui avaient commis des attentats en France et telechargeait des videos de Daech ou l'on voyait des gens se faire decapiter ou egorger >>, selon une autre source. << Il continuera d'etre surveille en prison, car le probleme, c'est de savoir s'il va parvenir a se sortir de cette radicalisation. S'il se durcit, il peut radicaliser d'autres personnes en prison et c'est l'effet boule de neige. Le probleme, c'est qu'il assume les faits et il n'y a pas une once de regret. Il se prononce pour la lutte armee (...) s'en prendre aux policiers ne lui pose aucun probleme >>, selon cette source. Le jeune homme a aussi ete en contact par Internet avec des personnes gravitant dans l'entourage des auteurs de l'assassinat d'un couple de policiers a Magnanville (Yvelines) en juin et du pretre catholique Jacques Hamel a Saint-Etienne-du-Rouvray (Seine-Maritime) en juillet. Depuis janvier, cinq personnes, deja en detention ou non, ont ete jugees pour des faits similaires dans les Alpes-Maritimes. ", "theme": "justice"}