{"id_art": "5b36ae4f8e8f034d07704e70e76d1769", "title": "Euro 2016 : une simulation d'attaque terroriste dans une fans zone", "newspaper": "LePoint", "author": ["Source AFP"], "date_publi": "2016-03-07", "content": " Apres les attentats du 13 novembre et alors que ce scenario est redoute par les autorites, une simulation aura lieu a Nimes le 16 mars. Bernard Cazeneuve a annonce qu'une simulation d'attaque terroriste dans une fans zone, scenario redoute par les autorites a l'approche de l'Euro 2016, sera organisee a Nimes le 16 mars. La veille, le ministre de l'Interieur reunira les responsables de la securite et des secours qui seront mobilises du 10 juin au 10 juillet a Paris pour le championnat europeen de football. << Je reunirai les responsables de la securite et des secours de 16 grandes agglomerations et de villes accueillant l'Euro 2016, pour evoquer les enjeux post-attentats et l'adaptation des modes operatoires >>, a declare Bernard Cazeneuve, auditionne lundi par la commission d'enquete parlementaire mise en place a la suite des attentats du 13 novembre. Les fans zones sont des perimetres destines a accueillir les supporteurs de foot, dans lesquels leur sont proposes des animations, des concerts ou encore des retransmissions de matches. Le << travail d'anticipation et d'entrainement >> doit se poursuivre << a l'echelle nationale, afin notamment de nous preparer aux enjeux de securite lies a l'Euro 2016 >>, a ajoute Bernard Cazeneuve, rappelant que l'efficacite des secours apres les attentats etait le fruit << d'un long travail de preparation inter-services >>. La question de la securite dans les fans zones est brulante depuis les attentats du 13 novembre, qui ont fait 130 morts et plusieurs centaines de blesses a Paris et aux abords du Stade de France a Saint-Denis. Dix jours apres les attentats, le ministre de l'Interieur avait convoque une reunion a ce sujet, abordant notamment la question des surcouts entraines par des mesures de securite renforcees. ", "theme": "sport/football"}