{"id_art": "47ea666e316436ceac8ad360768792e0", "title": "Sonia Mabrouk : \"Les musulmans de France sont pieges\"", "newspaper": "LePoint", "author": [" Violaine de Montclos"], "date_publi": "2017-03-07", "content": " Dans son premier livre, la journaliste d'Europe 1 s'entretient avec sa grand-mere tunisienne. Et parle de l'islam et du terrorisme. La premiere fois qu'ils se sont rencontres a Europe 1, Jean d'Ormesson l'a prise pour une hotesse d'accueil. Parce qu'elle etait jolie et assez sculpturale, parce que prevenante elle lui avait elle-meme apporte moult cafes et verres d'eau avant le passage a l'antenne, il eut un bref sursaut lorsqu'il la decouvrit, en studio, derriere le micro. << Comment, mais c'est vous qui m'interviewez ? >> Encore navre cinq ans plus tard de la meprise, l'ecrivain devenu son ami n'a plus pour elle que des mots tendres. << Je l'estime et je l'aime beaucoup. Si elle etait tres laide, on souhaiterait tout de m... Deja abonne ? Pas encore abonne ? ", "theme": "societe"}