{"id_art": "e0bd5685e065a54fd46685751c52d019", "title": "Belgique - Terrorisme : 3 hommes arretes puis relaches", "newspaper": "LePoint", "author": ["Source AFP"], "date_publi": "2016-08-12", "content": " Ces arrestations faisaient suite a l'execution de huit mandats de perquisition, \"a la demande d'un juge d'instruction specialise en matiere de terrorisme\". Trois personnes ont ete arretees dans la nuit de jeudi a vendredi aux alentours de Bruxelles pour etre entendues \"dans le cadre d'un dossier de terrorisme\" avant d'etre liberees dans l'apres-midi, a-t-on appris aupres du parquet federal belge. Ces trois suspects, Wassime A., Asma A. et Malika B. avaient ete \"emmenes pour audition\" dans le cadre d'un dossier \"important\", a affirme un porte-parole du parquet, qui n'a souhaite donner \"aucun autre renseignement ou precision supplementaire\". \"Ils ont ete liberes tous les trois\", a-t-il ajoute en fin d'apres-midi. Ces arrestations faisaient suite, selon un communique, a l'execution par la police federale de huit mandats de perquisition, \"a la demande d'un juge d'instruction specialise en matiere de terrorisme a Bruxelles\" : six a Laeken, un a Evere et un a Anderlecht, trois communes limitrophes a la capitale belge. \"Aucune arme ni explosif n'a ete trouve\", est-il precise. Les affaires liees aux djihadistes se multiplient ces derniers mois en Belgique, pays d'ou sont originaires certains auteurs des attentats du 13 novembre 2015 a Paris (130 morts) et qui a egalement ete la cible le 22 mars dernier d'un triple attentat suicide a Bruxelles (32 morts). Plus recemment, le 6 aout, deux policieres ont ete attaquees a la machette a Charleroi, au sud de Bruxelles, par un Algerien de 33 ans, une attaque revendiquee par le groupe Etat islamique (EI). Mercredi, deux vols internationaux ont atterri a l'aeroport de Bruxelles apres avoir fait l'objet d'alertes a la bombe, des alertes qui se sont revelees fausses. Selon le porte-parole du parquet, les arrestations de vendredi ne sont \"pas liees\" a ce dernier dossier. ", "theme": "societe"}