{"id_art": "aef40832a4b0a3f8c154eaeba9bf3c25", "title": "Les Francais approuvent massivement les mesures contre le terrorisme", "newspaper": "LePoint", "author": [""], "date_publi": "2015-11-19", "content": "Les Francais approuvent massivement les annonces faites par Francois Hollande devant le Congres apres les attentats de Paris, mais une majorite d'entre eux (54%) ne lui fait pas confiance \"pour mener la lutte contre le terrorisme\", selon un sondage Elabe diffuse jeudi. Plus des trois quarts des personnes interrogees (77%) se prononcent par ailleurs pour \"un gouvernement d'union nationale\", contre 22% qui y sont opposees. La possibilite de dechoir de la nationalite francaise un individu condamne pour terrorisme des lors qu'il beneficie d'une autre nationalite est plebiscite par 94% d'entre elles, contre 6% qui y sont opposees. Elles sont 94% egalement a soutenir \"la possibilite d'imposer des conditions de surveillance draconiennes, comme l'assignation a residence, pour les Francais revenant de Syrie ou d'Irak\", et aussi nombreuses a approuver le renforcement des moyens de la police et de la justice. La prolongation de l'etat d'urgence pour une duree de trois mois et la suspension des reductions d'effectifs dans les armees jusqu'en 2019 recueillent 88% d'avis favorables. Et la revision de la Constitution pour creer \"un regime civil d'etat de crise\" 87%, contre 13% d'avis contraires. Les mesures en question recueillent quasiment la meme approbation chez les sympathisants de gauche, de droite et du centre que du FN. Les personnes \"sans preference partisane\" sont legerement en retrait sur les differents sujets : 83% en faveur de la prolongation de l'etat d'urgence, 92% pour la decheance de nationalite... En revanche, lorsqu'on leur demande si elles font \"confiance a Francois Hollande pour mener la lutte contre la menace terroriste en France\", une majorite de personnes interrogees (54%) repond qu'elle ne lui fait \"pas confiance\", contre 45% d'un avis contraire. Le chef de l'Etat peut compter sur la confiance des sympathisants de gauche (78%) et du centre (63% des sympathisants MoDem, 51% de ceux l'UDI), mais ne convainc pas ceux des Republicains (19%) ou du FN (21%). Enquete realisee sur internet les 17 et 18 novembre aupres de 1.000 personnes de 18 ans et plus, selon la methode des quotas. 19/11/2015 18:19:01 - Paris (AFP) - (c) 2015 AFP ", "theme": "politique"}