{"id_art": "404715f48b50051729eac96c626d42fc", "title": "La menace terroriste \"reste tres elevee\" en France", "newspaper": "LePoint", "author": ["Source AFP"], "date_publi": "2016-12-24", "content": " \"L'attentat de Berlin a rappele a l'ensemble des prefets qu'il fallait proceder a de nouvelles reevaluations\", explique le directeur general de la police nationale. Le drame de Berlin a rappele une realite : le terrorisme est encore present en Europe. S'il n'existe pas d'elements formels sur une menace pour Noel, la menace << reste tres elevee >>. Jean-Marc Falcone, directeur general de la police nationale (DGPN), l'annonce au Journal du dimanche. << Nos services de renseignements analysent quotidiennement l'etat de la menace. Depuis plusieurs mois, celle-ci reste tres elevee, en France comme dans les pays europeens qui participent a la coalition (contre l'organisation Etat islamique, NDLR). Apres l'experience, helas, de l'attentat de Nice (le 14 juillet 2016 dans le sud de la France, NDLR), l'attaque de Berlin nous confirme qu'il faut mettre en place un dispositif de securite de haute intensite, a la fois actif et passif, sur les grands rassemblements >>, explique Jean-Marc Falcone dans le journal francais. << L'attentat de Berlin a rappele a l'ensemble des prefets qu'il fallait proceder a de nouvelles reevaluations, verifier que tous les marches de Noel et toutes les messes de minuit etaient bien proteges >>, ajoute-t-il. << Pour les messes de Noel les plus frequentees, identifiees dans certaines grandes villes, nous aurons non seulement une presence policiere, mais une capacite de riposte quasi immediate >>, assure le DGPN. LIRE aussi 2 400 eglises placees sous surveillance Interroge sur la cooperation avec les services allemands apres l'attentat de Berlin, Jean-Marc Falcone a declare que les enqueteurs francais travaillent << quotidiennement avec les services allemands et desormais italiens >>, alors que l'auteur presume de l'attaque, Aris Amri a ete tue a Milan dans la nuit de jeudi a vendredi par la police italienne lors d'un controle d'identite. La section antiterroriste de la police judiciaire << est saisie et procede a des verifications poussees. Il s'agit notamment de determiner tres precisement si dans son periple, ce terroriste a pu transiter par notre territoire >>, explique-t-il. Dans le sac d'Amri, les enqueteurs ont trouve un billet de train montrant qu'il etait monte a Chambery (sud-est) et passe par Turin avant d'arriver ce soir-la a Milan, selon des medias allemands. La police italienne a simplement confirme qu'il etait arrive de France en train. Selon une source francaise proche de l'enquete, un billet de train Chambery-Milan, via Turin, a bien ete retrouve, dans une poche d'Amri. ", "theme": "societe"}