{"id_art": "511fec49cbc3685d088ce0e364c3fb6c", "title": "Beschizza (LR) reclame des \"outils concrets\" contre le terrorisme", "newspaper": "LePoint", "author": ["AFP"], "date_publi": "2016-08-18", "content": "Le maire LR d'Aulnay-sous-Bois, Bruno Beschizza, a reclame jeudi des \"outils concrets\" contre le terrorisme, alors que \"rien n'arrive sur le terrain\" selon lui, se disant las \"d'etre une machine a organiser des minutes de silence\". \"J'en ai marre, depuis janvier 2015, d'etre une machine a organiser des minutes de silence, des minutes de recueillement, des reunions oecumeniques\", a lance Bruno Beschizza sur France Inter, reclamant au gouvernement des \"outils concrets\". \"De maniere concrete, rien n'arrive sur le terrain\" malgre les lois votees a l'Assemblee, a-t-il insiste, deplorant par exemple d'avoir du attendre \"un an et demi\" apres l'attentat de Charlie Hebdo pour que soit mis en place \"un fichier ou nonobstant la presomption d'innocence, on mette dedans toutes les personnes qui sont dans des procedures de terrorisme\". Apres l'attentat du 14 juillet et l'assassinat d'un pretre a Saint-Etienne-du-Rouvray, \"les maires n'ont toujours pas recu la circulaire d'application sur ce fichier qui existe, qui est donc a leur disposition, pour peut-etre savoir si certains de leurs agents sont dans ce fameux fichier\", a regrette le secretaire national a la securite de LR. M. Beschizza a rappele que Mohammed Belhoucine, l'un des complices presumes d'Amedy Coulibaly (auteur de la prise d'otages de l'Hyper-Cacher en janvier 2015), avait ete employe en 2010 par la mairie d'Aulnay-sous-Bois, alors qu'il etait deja connu des services antiterroristes. Un fichier des auteurs d'infractions terroristes, cree par la loi sur le renseignement et entre en vigueur en juillet, prevoit une possible inscription des donnees des la mise en examen, et leur conservation pendant 20 ans. Il est accessible aux services de police, de gendarmerie et de renseignement mais egalement a certaines administrations. Concernant les forces de securite, \"vous me dites que les effectifs ont augmente. Je suis maire d'une ville de 85.000 habitants en Seine-Saint-Denis, et parce que j'ai augmente ma police municipale, parce que je l'ai armee, parce qu'elle bosse 24 heures sur 24, on m'enleve 25 policiers nationaux en septembre\", a-t-il aussi critique. 18/08/2016 13:59:17 - Paris (AFP) - (c) 2016 AFP ", "theme": "politique"}